connector,exchange_symbol,trading_pair,base_asset,quote_asset,is_active,status_detail,last_price,quote_volume_24h,volume_base_24h,bid_price,ask_price,spread_bps,top_of_book_quote,price_tick_estimate,amount_step_estimate,min_order_size_base_estimate,min_notional_quote_estimate,rule_estimate_source,last_trade_at_ms,book_crossed,coarse_volume_rank,coarse_spread_rank,coarse_top_rank,coarse_score,best_bid,best_ask,mid_price,spread_abs,bid_top_quote,ask_top_quote,orderbook_levels_bid,orderbook_levels_ask,bid_depth_quote_5bps,ask_depth_quote_5bps,sym_depth_quote_5bps,bid_depth_quote_10bps,ask_depth_quote_10bps,sym_depth_quote_10bps,bid_depth_quote_25bps,ask_depth_quote_25bps,sym_depth_quote_25bps,bid_depth_quote_50bps,ask_depth_quote_50bps,sym_depth_quote_50bps,bid_depth_quote_100bps,ask_depth_quote_100bps,sym_depth_quote_100bps,bid_depth_quote_1xspread,ask_depth_quote_1xspread,sym_depth_quote_1xspread,bid_depth_quote_2xspread,ask_depth_quote_2xspread,sym_depth_quote_2xspread,n_candles,candle_first_ts,candle_last_ts,candle_expected,candle_missing,coverage_ratio,zero_volume_fraction,natr_bps_mean,realized_vol_bps,efficiency_ratio,lag1_return_autocorr,median_quote_volume_per_bar,recent_trade_count,trades_per_minute,trade_quote_volume,trade_quote_volume_per_minute,last_trade_age_sec,median_trade_quote,buy_trade_fraction,vol_to_spread_ratio,volume_rank,depth_rank,spread_rank,top_rank,activity_rank,quality_rank,alpha_natr_score,alpha_efficiency_score,alpha_edge_score,alpha_rank,screen_score,rejection_reasons,rejection_reason,passed_filters
nonkyc,LTC/USDT,LTC-USDT,LTC,USDT,True,active,53.41,326515.6814,6171.714,53.4,53.41,1.8724838498264227,10.68,0.01,0.0001,,,market.getlist.priceDecimals/quantityDecimals,1775255937810.0,False,0.967930029154519,0.9911764705882353,0.0,78.01556336820443,53.4,53.41,53.405,0.00999999999999801,10.68,24.082569,81,168,10.68,24.082569,10.68,10.68,24.082569,10.68,10.68,24.082569,10.68,596.606954,24.120047,24.120047,607.263991,72494.616195,607.263991,10.68,24.082569,10.68,10.68,24.082569,10.68,288,1775169600.0,1775255700.0,288,0.0,1.0,0.0,19.18499314437357,9.917789405456425,0.1301715438950561,-0.16271293623007896,783.7274500000001,200,3.7798418513442686,11946.922606,225.78739030464865,293.72295808792114,35.721792,0.5,10.245745588754744,0.967930029154519,0.8396501457725948,0.9882352941176471,0.9058823529411765,0.7292647058823529,1.0,0.9320827620311309,1.0,1.0,0.9773609206770436,91.60693282193078,[],,True
nonkyc,SOL/USDT,SOL-USDT,SOL,USDT,True,active,80.21,793626.0012,9952.23,79.92,80.56,79.76071784646068,117.4824,0.01,0.01,,,market.getlist.priceDecimals/quantityDecimals,1775256220930.0,False,0.9883381924198251,0.6529411764705882,0.0,70.68212999485509,79.92,80.56,80.24000000000001,0.6400000000000006,117.4824,128.09040000000002,68,56,0.0,0.0,0.0,0.0,0.0,0.0,0.0,0.0,0.0,117.4824,23971.5775,117.4824,100715.7552,101396.118,100715.7552,100715.7552,101396.118,100715.7552,100718.9168,101396.118,100718.9168,288,1775169900.0,1775256000.0,288,0.0,1.0,0.0,31.866698490856372,14.82506846600444,0.04679802955665033,-0.12913365205989744,1959.5171500000001,200,3.661697031898036,29502.6763,540.1493112037926,2.967193603515625,89.5403,0.515,0.39952873232911146,0.9883381924198251,0.9883381924198251,0.6352941176470588,0.9411764705882353,0.9227941176470588,1.0,1.0,0.9359605911330066,0.0,0.6453201970443355,88.70772949573919,[],,True
nonkyc,BTC/USDT,BTC-USDT,BTC,USDT,True,active,66951.92,3512105.6609,52.6112,66778.66,67113.8,50.061071400137,177.4488872,0.01,1e-06,,,market.getlist.priceDecimals/quantityDecimals,1775256206747.0,False,1.0,0.8088235294117647,0.0,75.22058823529412,66778.66,67113.8,66946.23000000001,335.1399999999994,184.04198696000003,177.4488872,116,131,0.0,0.0,0.0,0.0,0.0,0.0,0.0,0.0,0.0,426206.8189511,451179.23265245,426206.8189511,454324.772904,451179.23265245,451179.23265245,426206.8189511,451179.23265245,426206.8189511,454324.772904,451179.23265245,451179.23265245,288,1775169900.0,1775256000.0,288,0.0,1.0,0.0,15.401257178881243,10.05771789156872,0.001047715193302113,-0.12437252254038796,6765.5824649999995,200,3.7584777162224867,43063.17536185,809.2599249364722,3.5930521488189697,129.375901445,0.475,0.30764937201961473,1.0,0.9970845481049563,0.7941176470588236,0.9529411764705882,0.9520588235294117,1.0,0.616771431573437,0.02095430386604226,0.0,0.21257524514649306,87.82156106062288,[],,True
nonkyc,USDC/USDT,USDC-USDT,USDC,USDT,True,active,0.9975,1474665.0862,1474278.8,0.9975,1.0024,49.00245012250517,6.16476,0.0001,0.01,,,market.getlist.priceDecimals/quantityDecimals,1775255955719.0,False,0.9912536443148688,0.8176470588235294,0.0,74.96012690790603,0.9975,1.0024,0.99995,0.004899999999999904,69.90480000000001,6.16476,57,49,0.0,0.0,0.0,0.0,0.0,0.0,69.90480000000001,6.16476,6.16476,771826.25371,725618.601146,725618.601146,924684.973406,881226.500275,881226.500275,741990.35286,704877.002892,704877.002892,924684.973406,881226.500275,881226.500275,288,1775169900.0,1775256000.0,288,0.0,1.0,0.0,16.867599241059732,6.718799614768209,0.0,-0.45138094987880056,2984.105,200,4.065893220776778,28591.289743,581.2456556966417,4.711801290512085,83.34,0.4,0.34421950736934714,0.9912536443148688,1.0,0.8029411764705883,0.9,0.9589705882352941,1.0,0.7389666034216443,0.0,0.0,0.24632220114054812,87.8080153573153,[],,True
nonkyc,NKYC/USDT,NKYC-USDT,NKYC,USDT,True,active,7.397814,149870.543,20102.1446,7.394577,7.405212,14.371826517256059,43.7559166656,1e-06,0.0001,,,market.getlist.priceDecimals/quantityDecimals,1775256221261.0,False,0.9446064139941691,0.9588235294117647,0.0,75.92394100497343,7.394577,7.405212,7.3998945,0.010634999999999728,49.5673285464,43.7559166656,128,200,0.0,0.0,0.0,49.5673285464,43.7559166656,43.7559166656,163.27202824900002,100.6447333716,100.6447333716,241.2693400682,331.86864872579997,241.2693400682,578.3567624447,550.0384071537,550.0384071537,86.6686246668,43.7559166656,43.7559166656,163.27202824900002,190.6501724124,163.27202824900002,288,1775169900.0,1775256000.0,288,0.0,1.0,0.0,17.642542774231245,16.79570761828161,0.03757460810092359,-0.40136641807878354,509.36508068399996,200,2.1270448433797644,8459.0322621549,89.96370476599822,6.655446290969849,41.372698102200005,0.54,1.2275783285477375,0.9446064139941691,0.8629737609329446,0.9558823529411765,0.9352941176470588,0.7773529411764706,1.0,0.8035452311859371,0.7514921620184718,0.11378916427386876,0.556275519159426,87.59749022846616,[],,True
nonkyc,ETH/USDT,ETH-USDT,ETH,USDT,True,active,2055.12,1617583.1376,787.0857,2047.88,2062.77,73.6667964188394,5880.338438999999,0.01,1e-05,,,market.getlist.priceDecimals/quantityDecimals,1775256221470.0,False,0.9970845481049563,0.6911764705882353,0.0,72.11906191047848,2047.63,2062.77,2055.2,15.139999999999873,9076.4271195,5880.338438999999,93,124,0.0,0.0,0.0,0.0,0.0,0.0,0.0,0.0,0.0,73843.00396,190176.0543203,73843.00396,95508.589293,190176.1370283,95508.589293,90300.2359504,190176.1370283,90300.2359504,185503.5256617,190176.1370283,185503.5256617,288,1775169900.0,1775256000.0,288,0.0,1.0,0.0,21.518057552164578,13.261113305338734,0.010569300984867056,-0.3086361633107856,3565.74212,200,3.7905003112765687,16167.603594100001,306.4165322801611,11.260806560516357,76.77140655,0.555,0.29209981427482834,0.9970845481049563,0.9854227405247813,0.6647058823529413,1.0,0.909264705882353,1.0,1.0,0.2113860196973411,0.0,0.4037953398991137,87.222907952241,[],,True
nonkyc,BNB/USDT,BNB-USDT,BNB,USDT,True,active,587.91,580455.5381,990.6946,586.47,589.42,50.17476124467309,12.849355999999998,0.01,0.0001,,,market.getlist.priceDecimals/quantityDecimals,1775256196111.0,False,0.9795918367346939,0.8029411764705883,0.0,73.95108043217287,586.47,589.42,587.9449999999999,2.949999999999932,210.308142,12.849355999999998,84,63,0.0,0.0,0.0,0.0,0.0,0.0,0.0,0.0,0.0,210.893762,13.439975999999998,13.439975999999998,21391.944672,21310.811821,21310.811821,210.893762,13.439975999999998,13.439975999999998,21391.944672,21310.811821,21310.811821,288,1775169900.0,1775256000.0,288,0.0,1.0,0.0,18.39020212314446,10.016907689202451,0.04260733929890884,-0.11317855511940857,1562.5332050000002,200,3.6930758519483526,7029.457050999999,129.80159043678088,23.848498106002808,27.475548,0.475,0.3665229622810989,0.9795918367346939,0.8221574344023324,0.7911764705882353,0.9088235294117647,0.8363235294117647,1.0,0.8658501769287049,0.8521467859781768,0.0,0.5726656543022939,85.64530343034929,[],,True
nonkyc,XMR/USDT,XMR-USDT,XMR,USDT,True,active,318.82,1501421.705,4630.8,318.81,319.76,29.753981552531084,0.63762,0.01,0.001,,,market.getlist.priceDecimals/quantityDecimals,1775256219633.0,False,0.9941690962099126,0.9147058823529411,0.0,77.54694735036873,318.81,319.76,319.28499999999997,0.9499999999999886,0.63762,47.644239999999996,152,200,0.0,0.0,0.0,0.0,0.0,0.0,0.63762,47.644239999999996,0.63762,1826.7552300000002,6482.51558,1826.7552300000002,3841.10098,24751.84305,3841.10098,0.63762,47.644239999999996,0.63762,1826.7552300000002,15617.29467,1826.7552300000002,288,1775169900.0,1775256000.0,288,0.0,1.0,0.0,26.48162262117316,19.93670833475262,0.08265181834000393,-0.2058091366266601,1851.10419,200,6.301829263123351,30252.83166,953.2408992366629,2.7424230575561523,32.04141,0.515,0.8900194609054076,0.9941690962099126,0.9183673469387755,0.9058823529411765,0.7352941176470589,0.9783823529411765,1.0,1.0,1.0,0.0,0.6666666666666666,91.01113073800948,['top_of_book_quote<5'],top_of_book_quote<5,False
nonkyc,ALGO/USDC,ALGO-USDC,ALGO,USDC,True,active,0.1234,476703.365,4027270.2,0.1229,0.1239,56.65722379603337,0.190806,0.0001,0.01,,,market.getlist.priceDecimals/quantityDecimals,1775256223930.0,False,0.9737609329446064,0.65,0.0,69.80685131195335,0.1232,0.1239,0.12355,0.0006999999999999923,1652.874608,0.190806,49,51,0.0,0.0,0.0,0.0,0.0,0.0,0.0,0.0,0.0,5387.84186,0.190806,0.190806,19400.881667,10321.551752,10321.551752,8561.098967,1554.325278,1554.325278,24888.709801,13997.204312,13997.204312,288,1775169900.0,1775256000.0,288,0.0,1.0,0.0,60.48622923221243,48.329773907090896,0.13264495631453527,0.05172637865755653,1267.970698,200,3.5969961484053226,20842.336141,374.84901411473027,2.4515509605407715,74.073507,0.49,1.0675819459485612,0.9737609329446064,0.9067055393586005,0.7588235294117647,0.5088235294117647,0.9107352941176471,1.0,1.0,1.0,0.033790972974280575,0.6779303243247602,85.42426465638428,['top_of_book_quote<5'],top_of_book_quote<5,False
nonkyc,BTC/USDC,BTC-USDC,BTC,USDC,True,active,66957.93,529121.3843,7.9218,66736.58,67200.44,69.26539055445619,0.6006292200000001,0.01,1e-06,,,market.getlist.priceDecimals/quantityDecimals,1775256206528.0,False,0.9766763848396501,0.7264705882352941,0.0,71.87896587206312,66736.58,67200.44,66968.51000000001,463.8600000000006,0.6006292200000001,1189.0445853600002,87,62,0.0,0.0,0.0,0.0,0.0,0.0,0.0,0.0,0.0,20466.68382908,27949.46190379,20466.68382908,28513.14200575,27950.06766013,27950.06766013,28513.14200575,27950.06766013,27950.06766013,28513.14200575,27950.06766013,27950.06766013,288,1775169900.0,1775256000.0,288,0.0,1.0,0.0,20.416727441661823,10.170677805050612,0.00023130112972371734,-0.14515274085807614,1539.12711,200,3.8001777850092897,13038.40662098,247.7413159648312,6.534120559692383,48.986810065,0.49,0.2947608795421469,0.9766763848396501,0.9795918367346939,0.6970588235294117,0.7176470588235294,0.9448529411764706,1.0,1.0,0.004626022594474346,0.0,0.3348753408648248,84.6131763206702,['top_of_book_quote<5'],top_of_book_quote<5,False
nonkyc,POL/USDC,POL-USDC,POL,USDC,True,active,0.0923,19340.66,208939.63,0.092,0.0927,75.79859231185773,319.08176000000003,0.0001,0.01,,,market.getlist.priceDecimals/quantityDecimals,1775256182471.0,False,0.8046647230320699,0.6764705882352942,0.0,61.1683244726462,0.092,0.0927,0.09235,0.0007000000000000062,319.08176000000003,363.076236,66,49,0.0,0.0,0.0,0.0,0.0,0.0,0.0,0.0,0.0,709.699034,732.6401719999999,709.699034,2150.0895,1732.1450949999999,1732.1450949999999,1370.0500120000002,1076.3999,1076.3999,3840.933495,3859.29185,3840.933495,288,1775169900.0,1775256000.0,288,0.0,1.0,0.0,24.944753676713294,14.784187597004708,0.04615384615384556,-0.1381975471448867,44.924914,200,3.7949968028960357,363.01695,6.88824082323535,1.8865940570831299,0.831604,0.48,0.32909257172063605,0.8046647230320699,0.892128279883382,0.6558823529411765,0.9676470588235294,0.9750000000000001,1.0,1.0,0.9230769230769111,0.0,0.6410256410256371,83.50006947834075,['quote_volume_24h<50000'],quote_volume_24h<50000,False
nonkyc,MEWC/USDT,MEWC-USDT,MEWC,USDT,True,active,3.207e-05,5692.7767,211539655.3601,3.199e-05,3.2e-05,3.126465530715905,0.6164298024300001,1e-08,0.0001,,,market.getlist.priceDecimals/quantityDecimals,1775255856444.0,False,0.7259475218658892,0.9882352941176471,0.0,64.63299605556509,3.198e-05,3.199e-05,3.1985e-05,9.999999999994822e-09,0.6164298024300001,6.288578435327999,168,200,1.62642987883,6.288578435327999,1.62642987883,1.62642987883,6.288578435327999,1.62642987883,4.65643026803,6.288578435327999,4.65643026803,8.69643111763,6.288578435327999,6.288578435327999,16.77643243043,18.532596617282998,16.77643243043,0.6164298024300001,6.288578435327999,0.6164298024300001,1.62642987883,6.288578435327999,1.62642987883,288,1775155800.0,1775256000.0,335,47.0,0.8597014925373134,0.0,65.99690547063986,150.60738461328617,0.16075256013336525,-0.1343936391364046,18.758924474315002,200,2.1724875453181953,662.6846395937,7.198370629954952,18.790321111679077,1.22631456445,0.57,21.109110214795088,0.7259475218658892,0.8134110787172012,0.9852941176470589,0.7294117647058823,0.7230882352941177,0.9228358208955224,1.0,1.0,1.0,1.0,83.19637913161,"['quote_volume_24h<50000', 'top_of_book_quote<5', 'coverage_ratio<0.90']",quote_volume_24h<50000; top_of_book_quote<5; coverage_ratio<0.90,False
nonkyc,ARRR/USDT,ARRR-USDT,ARRR,USDT,True,active,0.183025,255468.7542,1389448.4126,0.183,0.18319,10.377126628252858,0.475781068,1e-06,0.0001,,,market.getlist.priceDecimals/quantityDecimals,1775256093906.0,False,0.9650145772594753,0.9676470588235294,0.0,77.26697821985938,0.183,0.18319,0.183095,0.00018999999999999573,12.551054999999998,0.475781068,83,200,0.0,0.0,0.0,12.551054999999998,0.475781068,0.475781068,12.551054999999998,0.475781068,0.475781068,12.551054999999998,0.475781068,0.475781068,39.063584047199996,1.704482015,1.704482015,12.551054999999998,0.475781068,0.475781068,12.551054999999998,0.475781068,0.475781068,288,1775167500.0,1775256000.0,296,8.0,0.972972972972973,0.0,59.212596661992556,45.25573078254447,0.002681515329785366,-0.2638028970910876,931.3353921710001,200,2.3769026858909,18999.830757215,225.80374379148432,9.176750898361206,100.18473184985,0.455,5.70606862411988,0.9650145772594753,0.597667638483965,0.9647058823529412,0.6794117647058824,0.7751470588235294,0.9851351351351352,1.0,0.05363030659570731,1.0,0.6845434355319023,81.98284127175356,['top_of_book_quote<5'],top_of_book_quote<5,False
nonkyc,FF/USDT,FF-USDT,FF,USDT,True,active,0.06918,73864.2917,1061291.22,0.06904,0.06954,70.72237858122111,0.1726,1e-05,0.01,,,market.getlist.priceDecimals/quantityDecimals,1775256200233.0,False,0.9183673469387755,0.6941176470588235,0.0,67.86314525810324,0.06904,0.06953,0.069285,0.0004899999999999904,0.1726,100.0001319,57,50,0.0,0.0,0.0,0.0,0.0,0.0,0.0,0.0,0.0,0.1726,1100.1654535,0.1726,2300.1731197,2500.1655135,2300.1731197,300.1731862,2500.1655135,300.1731862,2500.6139693,2500.1655135,2500.1655135,288,1775169900.0,1775256000.0,288,0.0,1.0,0.0,18.074163420506107,12.8389707326736,0.07942238267148016,-0.3150029593904676,133.559032595,200,3.7630212296251737,1473.3559319,27.721348252669408,3.8146414756774902,4.8249461,0.52,0.2555649821611816,0.9183673469387755,0.8658892128279884,0.6794117647058824,0.4588235294117647,0.9508823529411765,1.0,0.8395136183755089,1.0,0.0,0.6131712061251696,81.44207735022442,['top_of_book_quote<5'],top_of_book_quote<5,False
nonkyc,ETC/USDT,ETC-USDT,ETC,USDT,True,active,8.09,12800.9426,1597.378,8.08,8.12,49.38271604938166,0.21816,0.01,0.001,,,market.getlist.priceDecimals/quantityDecimals,1775256171871.0,False,0.7725947521865889,0.8147058823529412,0.0,62.86035842908593,8.08,8.12,8.1,0.03999999999999915,0.21816,854.3945199999999,52,79,0.0,0.0,0.0,0.0,0.0,0.0,0.21816,854.3945199999999,0.21816,1711.57378,2711.47854,1711.57378,5366.32118,6434.34694,5366.32118,1711.57378,854.3945199999999,854.3945199999999,3582.04762,4562.46846,3582.04762,288,1775169000.0,1775256000.0,291,3.0,0.9896907216494846,0.0,27.744238415080005,17.446266615737173,0.07849829351535904,-0.2669120934704855,21.100189999999998,200,3.6506165280931384,821.46058,14.99418785262488,15.312177419662476,1.26841,0.565,0.5618208279053821,0.7725947521865889,0.9125364431486881,0.8,0.5676470588235294,0.845735294117647,0.9943298969072165,1.0,1.0,0.0,0.6666666666666666,80.89296855119073,"['quote_volume_24h<50000', 'top_of_book_quote<5']",quote_volume_24h<50000; top_of_book_quote<5,False
nonkyc,AVAX/USDT,AVAX-USDT,AVAX,USDT,True,active,8.94,158594.3404,17775.33,8.93,8.98,55.834729201564166,0.7144,0.01,0.01,,,market.getlist.priceDecimals/quantityDecimals,1775256180597.0,False,0.9533527696793003,0.7794117647058824,0.0,71.91969645000857,8.93,8.98,8.955,0.05000000000000071,0.7144,21184.8976,51,52,0.0,0.0,0.0,0.0,0.0,0.0,0.0,0.0,0.0,0.7144,42000.9729,0.7144,20699.6577,114584.7029,20699.6577,0.7144,63800.052899999995,0.7144,28970.024699999998,123154.9624,28970.024699999998,288,1775168100.0,1775256000.0,294,6.0,0.9795918367346939,0.0,20.996129345022858,15.178129135685026,0.08571428571428555,-0.23127421220671424,396.4516,200,3.390505736238806,3653.2973,61.932627259178716,6.204563617706299,8.6112,0.475,0.376040676569354,0.9533527696793003,0.6618075801749271,0.7617647058823529,0.7558823529411764,0.8311764705882353,0.9887755102040816,1.0,1.0,0.0,0.6666666666666666,80.88045160921511,['top_of_book_quote<5'],top_of_book_quote<5,False
nonkyc,MANA/USDT,MANA-USDT,MANA,USDT,True,active,0.08706,76530.6976,881347.44,0.08705,0.08712,8.038123672274287,0.172359,1e-05,0.01,,,market.getlist.priceDecimals/quantityDecimals,1775256225103.0,False,0.924198250728863,0.9794117647058823,0.0,75.31619790773453,0.08705,0.08712,0.087085,7.000000000000062e-05,0.172359,499.9999752,58,52,0.172359,499.9999752,0.172359,0.172359,1500.0004344,0.172359,0.172359,6000.0001658,0.172359,0.172359,12499.9990287,0.172359,0.172359,12500.1658297,0.172359,0.172359,499.9999752,0.172359,0.172359,2999.9997432,0.172359,288,1775169900.0,1775256000.0,288,0.0,1.0,0.0,34.89921959540561,18.731612970855753,0.06666666666666622,-0.3010094398812208,168.72537805000002,200,3.4728100677147253,1919.7687592999998,33.33496137490623,15.043527841567993,7.6077381,0.585,4.341712197808387,0.924198250728863,0.40816326530612246,0.9764705882352941,0.45588235294117646,0.8,1.0,1.0,1.0,1.0,1.0,79.21461155890927,['top_of_book_quote<5'],top_of_book_quote<5,False
nonkyc,XTM/USDT,XTM-USDT,XTM,USDT,True,active,0.000699,56387.6639,73291478.87,0.000699,0.0007,14.295925661186908,0.25280514,1e-06,0.0001,,,market.getlist.priceDecimals/quantityDecimals,1775256172102.0,False,0.9037900874635568,0.961764705882353,0.0,73.75257245755445,0.000699,0.0007,0.0006995,1.0000000000000243e-06,119.74051893779999,0.25280514,58,200,0.0,0.0,0.0,119.74051893779999,0.25280514,0.25280514,119.74051893779999,0.25280514,0.25280514,119.74051893779999,0.25280514,0.25280514,119.74051893779999,0.25280514,0.25280514,119.74051893779999,0.25280514,0.25280514,119.74051893779999,0.25280514,0.25280514,288,1775153700.0,1775256000.0,342,54.0,0.8421052631578947,0.0,84.01302248639799,111.80844202790892,0.1102040816326532,-0.34571624170380844,237.63726253800002,200,1.8394085933587465,5092.703776906799,46.837815453364556,75.19529843330383,27.001197239950002,0.515,5.8767109229233965,0.9037900874635568,0.5160349854227405,0.9588235294117647,0.5882352941176471,0.6308823529411764,0.9131578947368422,1.0,1.0,1.0,1.0,78.76088781377213,"['top_of_book_quote<5', 'coverage_ratio<0.90']",top_of_book_quote<5; coverage_ratio<0.90,False
nonkyc,XRP/USDT,XRP-USDT,XRP,USDT,True,active,1.3206,793554.3865,602973.52,1.3138,1.3258,90.922867101076,1.2064780000000002,0.0001,0.01,,,market.getlist.priceDecimals/quantityDecimals,1775256172276.0,False,0.9854227405247813,0.2617647058823529,0.0,60.7423683759218,1.3138,1.3258,1.3198,0.01200000000000001,6027.491054,1.2064780000000002,80,101,0.0,0.0,0.0,0.0,0.0,0.0,0.0,0.0,0.0,43114.4487,1.3656100000000002,1.3656100000000002,167222.785954,170391.269062,167222.785954,167222.785954,170391.269062,167222.785954,167223.20205,170394.094564,167223.20205,288,1775169900.0,1775256000.0,288,0.0,1.0,0.0,30.946786500590193,15.755836798835523,0.012097812097811926,-0.2889585677493057,2004.7179730000003,200,3.4910918972435083,15654.132093,273.2500685412593,9.57367753982544,61.994011,0.53,0.34036307352899087,0.9854227405247813,0.9941690962099126,0.2617647058823529,0.8205882352941176,0.833235294117647,1.0,1.0,0.24195624195623852,0.0,0.41398541398541283,78.42514654252948,['top_of_book_quote<5'],top_of_book_quote<5,False
nonkyc,XPL/USDT,XPL-USDT,XPL,USDT,True,active,0.1118,1722.3537,14564.01,0.1117,0.112,17.937219730942218,1.429262,0.0001,0.01,,,market.getlist.priceDecimals/quantityDecimals,1775256157459.0,False,0.6034985422740525,0.9235294117647059,0.0,56.280655119190534,0.1114,0.1116,0.1115,0.00020000000000000573,1.429262,1595.207052,62,58,0.0,0.0,0.0,1.429262,1595.207052,1.429262,1.620698,3212.419758,1.620698,1.620698,7756.566376,1.620698,1.620698,20386.099925,1.620698,1.620698,3212.419758,1.620698,1.620698,4715.784296,1.620698,288,1775170200.0,1775256300.0,288,0.0,1.0,0.0,48.33582780563307,52.3734325170582,0.04107292539815599,0.14105559427400638,4.289806500000001,200,1.117637180879379,96.373369,0.5385523022050407,7.231579303741455,0.18922450000000002,0.435,2.6947224001639665,0.6034985422740525,0.7463556851311953,0.9470588235294117,0.8294117647058824,0.684264705882353,1.0,1.0,0.8214585079631198,0.8473612000819832,0.8896065693483677,78.30655617539072,"['quote_volume_24h<50000', 'top_of_book_quote<5']",quote_volume_24h<50000; top_of_book_quote<5,False
nonkyc,BDX/USDT,BDX-USDT,BDX,USDT,True,active,0.0803,26360.8049,328930.5833,0.08018,0.08035,21.17984177412365,3.767233246,1e-06,0.0001,,,market.getlist.priceDecimals/quantityDecimals,1775256212507.0,False,0.8338192419825073,0.9411764705882353,0.0,69.38947007374378,0.08018,0.08035,0.080265,0.00017000000000000348,3.767233246,12.977079415,59,80,0.0,0.0,0.0,0.0,0.0,0.0,14.573407992,31.941677157999997,14.573407992,19.511383992,54.366288378600004,19.511383992,54.7942103409,108.1742544564,54.7942103409,11.311150076,31.941677157999997,11.311150076,19.511383992,54.366288378600004,19.511383992,288,1775169600.0,1775256000.0,289,1.0,0.9965397923875432,0.0,13.551557237614434,9.564673227379103,0.008463739877001813,-0.2879099972543845,87.16991587500002,200,1.1054253354080776,1957.5267963226001,10.819498576976049,38.15616250038147,9.928744695,0.505,0.6398327892218237,0.8338192419825073,0.8367346938775511,0.9352941176470588,0.888235294117647,0.5980882352941177,0.9980968858131487,0.4626297698012028,0.16927479754003624,0.0,0.210634855780413,78.08132015989034,"['quote_volume_24h<50000', 'top_of_book_quote<5']",quote_volume_24h<50000; top_of_book_quote<5,False
nonkyc,DOGE/USDT,DOGE-USDT,DOGE,USDT,True,active,0.09174,76702.4343,841235.4,0.09129,0.09215,93.76362843436542,0.193515,1e-05,0.01,,,market.getlist.priceDecimals/quantityDecimals,1775256173654.0,False,0.9271137026239067,0.24705882352941178,0.0,57.167724232550164,0.09129,0.09215,0.09172,0.0008599999999999997,2206.2382944,0.193515,69,153,0.0,0.0,0.0,0.0,0.0,0.0,0.0,0.0,0.0,8555.4827612,0.193515,0.193515,102166.4613582,110808.2943584,102166.4613582,102166.4613582,110808.2943584,102166.4613582,102166.9715506,110814.0034684,102166.9715506,288,1775170200.0,1775256300.0,288,0.0,1.0,0.0,32.55876503767189,17.598539227824446,0.055391674860701345,-0.33353378779635445,138.62580459999998,200,3.744007248422541,1138.369668,21.310321441881808,5.389357566833496,2.9314314,0.45,0.34724301502968224,0.9271137026239067,0.9912536443148688,0.24117647058823533,0.5176470588235295,0.9319117647058824,1.0,1.0,1.0,0.0,0.6666666666666666,77.92540959240839,['top_of_book_quote<5'],top_of_book_quote<5,False
nonkyc,ETH/USDC,ETH-USDC,ETH,USDC,True,active,2055.38,17850.5535,8.6822,2048.16,2063.35,73.89012795785516,0.2252976,0.01,1e-05,,,market.getlist.priceDecimals/quantityDecimals,1775256205011.0,False,0.7959183673469388,0.6852941176470588,0.0,60.90786314525811,2048.16,2063.35,2055.755,15.190000000000055,0.2252976,733.72726,59,47,0.0,0.0,0.0,0.0,0.0,0.0,0.0,0.0,0.0,6552.6832307,14903.3195619,6552.6832307,15663.3168704,14903.3195619,14903.3195619,15663.3168704,14903.3195619,14903.3195619,15663.9447847,14903.3195619,14903.3195619,288,1775169900.0,1775256000.0,288,0.0,1.0,0.1597222222222222,24.541800244082125,11.085195527628358,0.01306504576259372,-0.23790595184140675,12.31542,200,3.644851723076449,168.35186240000002,3.068087878758847,7.6130592823028564,0.2876972,0.475,0.33213909519929474,0.7959183673469388,0.9737609329446064,0.6617647058823529,0.5794117647058824,0.8798529411764706,0.9281250000000001,1.0,0.2613009152518744,0.0,0.4204336384172915,77.84461056527392,"['quote_volume_24h<50000', 'top_of_book_quote<5']",quote_volume_24h<50000; top_of_book_quote<5,False
nonkyc,SOL/USDC,SOL-USDC,SOL,USDC,True,active,80.22,23865.2886,298.3,79.82,80.61,92.33840778637499,2635.6007999999997,0.01,0.01,,,market.getlist.priceDecimals/quantityDecimals,1775256184564.0,False,0.8221574344023324,0.23529411764705888,0.0,51.10101183330475,79.77,80.51,80.14,0.7400000000000091,2635.6007999999997,4853.9479,35,9,0.0,0.0,0.0,0.0,0.0,0.0,0.0,0.0,0.0,9811.5016,11735.1871,9811.5016,62496.5479,60775.6127,60775.6127,62496.5479,60775.6127,60775.6127,62496.5479,60775.6127,60775.6127,288,1775170200.0,1775256300.0,288,0.0,1.0,0.0,25.516938195497247,15.644015270793426,0.04330862270776411,-0.14961996423136217,28.5012,200,3.031772980897634,726.2465000000001,11.009072580857369,3.6216273307800293,1.6034,0.475,0.2763415441874492,0.8221574344023324,0.9825072886297376,0.25,0.9970588235294118,0.8363235294117646,1.0,1.0,0.8661724541552821,0.0,0.6220574847184274,77.61485198661147,['quote_volume_24h<50000'],quote_volume_24h<50000,False
nonkyc,ALGO/USDT,ALGO-USDT,ALGO,USDT,True,active,0.1235,745291.1929,6292759.44,0.1229,0.1238,48.582995951416144,0.190652,0.0001,0.01,,,market.getlist.priceDecimals/quantityDecimals,1775256208253.0,False,0.9825072886297376,0.6882352941176471,0.0,71.24378322757674,0.1232,0.1238,0.1235,0.0005999999999999894,2804.972016,0.190652,53,79,0.0,0.0,0.0,0.0,0.0,0.0,2804.972016,0.190652,0.190652,10355.819617000001,0.190652,0.190652,25322.887202,15286.937714,15286.937714,5288.0368880000005,0.190652,0.190652,25322.887202,12591.017238999999,12591.017238999999,288,1775169900.0,1775256000.0,288,0.0,1.0,0.0,61.77418947417886,49.65618165965063,0.12699619771863105,0.05146645288820804,2045.3952410000002,200,3.743192069501683,31039.532147,580.9346528684648,9.064953565597534,129.492096,0.505,1.2715187333435374,0.9825072886297376,0.446064139941691,0.8088235294117647,0.5029411764705882,0.904264705882353,1.0,1.0,1.0,0.1357593666717687,0.7119197888905896,77.43653796779458,['top_of_book_quote<5'],top_of_book_quote<5,False
nonkyc,RDD/USDT,RDD-USDT,RDD,USDT,True,active,3.2e-05,2184.6952,67079261.7759,3.189e-05,3.2e-05,34.43418375332517,1.9627706788950001,1e-08,0.0001,,,market.getlist.priceDecimals/quantityDecimals,1775255523802.0,False,0.6151603498542274,0.888235294117647,0.0,56.039701594923685,3.189e-05,3.2e-05,3.1945e-05,1.0999999999999725e-07,1.9627706788950001,49.0161766528,166,200,0.0,0.0,0.0,0.0,0.0,0.0,1.9627706788950001,49.0161766528,1.9627706788950001,1.9627706788950001,49.0161766528,1.9627706788950001,6.991114974418,50.835014367856,6.991114974418,1.9627706788950001,49.0161766528,1.9627706788950001,1.9627706788950001,50.835014367856,1.9627706788950001,288,1775151900.0,1775256300.0,349,61.0,0.8252148997134671,0.0,47.65231687565866,88.92487479512674,0.05291656411518564,-0.34713952052655905,7.358606942864999,200,2.060784203943591,194.44545727570002,2.003550634411755,3.566927194595337,0.89862575255,0.48,1.3838666023572308,0.6151603498542274,0.7580174927113703,0.8794117647058823,0.8529411764705882,0.7944117647058824,0.903868194842407,1.0,1.0,0.1919333011786154,0.7306444337262051,76.6963833599444,"['quote_volume_24h<50000', 'top_of_book_quote<5', 'coverage_ratio<0.90']",quote_volume_24h<50000; top_of_book_quote<5; coverage_ratio<0.90,False
nonkyc,FUSD/USDC,FUSD-USDC,FUSD,USDC,True,active,1.0001,26797.2449,26797.1799,0.999,1.001,19.999999999998906,2460.5682100999998,1e-06,0.0001,,,market.getlist.priceDecimals/quantityDecimals,1775256139740.0,False,0.8367346938775511,0.9441176470588235,0.0,69.62334933973591,0.999,1.001,1.0,0.0019999999999998908,3522.9127608,2460.5682100999998,65,32,0.0,0.0,0.0,3522.9127608,2460.5682100999998,2460.5682100999998,7718.00009381,3488.9670390399997,3488.9670390399997,7958.08175237,3488.9670390399997,3488.9670390399997,7959.7818653969,3490.6729529728,3490.6729529728,7443.0604658,3488.9670390399997,3488.9670390399997,7958.08175237,3488.9670390399997,3488.9670390399997,288,1775148600.0,1775256000.0,359,71.0,0.8022284122562674,0.0,4.727699270504767,9.075354056967818,0.0,-0.5193127499340535,141.37712301850001,200,0.2801063106148322,16014.444068939301,22.428734223490846,123.88414978981018,104.9895,0.465,0.2363849635252513,0.8367346938775511,0.9387755102040817,0.9382352941176471,0.9941176470588236,0.45705882352941174,0.8912256267409471,0.0,0.0,0.0,0.0,76.2188108892582,"['quote_volume_24h<50000', 'coverage_ratio<0.90', 'natr_bps_mean<12']",quote_volume_24h<50000; coverage_ratio<0.90; natr_bps_mean<12,False
nonkyc,INJ/USDT,INJ-USDT,INJ,USDT,True,active,2.8,38864.0218,13901.26,2.79,2.82,71.4285714285715,0.1116,0.01,0.01,,,market.getlist.priceDecimals/quantityDecimals,1775256203543.0,False,0.8658892128279884,0.17941176470588238,0.0,52.10920082318642,2.79,2.81,2.8,0.020000000000000018,0.1116,3317.205,51,48,0.0,0.0,0.0,0.0,0.0,0.0,0.0,0.0,0.0,0.1116,3317.205,0.1116,6370.9542,6222.7919999999995,6222.7919999999995,6370.9542,6222.7919999999995,6222.7919999999995,18193.9348,12402.5515,12402.5515,288,1775156100.0,1775256000.0,334,46.0,0.8622754491017964,0.0,15.657569839830671,19.161237584095854,0.04878048780487823,-0.2078461387805952,77.8743,200,3.4359302094362514,1004.512,17.257165632706137,73.27023768424988,3.09945,0.505,0.21920597775762918,0.8658892128279884,0.9504373177842566,0.6705882352941177,0.31470588235294117,0.7113235294117647,0.9242514970059881,0.6381308199858893,0.9756097560975646,0.0,0.5379135253611512,76.19467886369884,"['quote_volume_24h<50000', 'top_of_book_quote<5', 'coverage_ratio<0.90']",quote_volume_24h<50000; top_of_book_quote<5; coverage_ratio<0.90,False
nonkyc,GRT/USDT,GRT-USDT,GRT,USDT,True,active,0.02396,39706.9591,1650702.14,0.0238,0.02408,116.95906432748494,269.1045952,1e-05,0.01,,,market.getlist.priceDecimals/quantityDecimals,1775255919933.0,False,0.8717201166180758,0.14411764705882357,0.0,51.54754759046476,0.0238,0.02408,0.023940000000000003,0.000279999999999999,291.46194,269.1045952,51,42,0.0,0.0,0.0,0.0,0.0,0.0,0.0,0.0,0.0,0.0,0.0,0.0,1829.3435809,1397.7189808,1397.7189808,2623.4698750000002,2324.3693701,2324.3693701,4707.1234048,4721.7331619999995,4707.1234048,288,1775170200.0,1775256300.0,288,0.0,1.0,0.0,29.365096173465417,16.59570745513066,0.03713892709766169,-0.31410887724408015,93.4290188,200,3.7549118942492368,547.6669922000001,10.282206515497421,11.895832777023315,1.8391212,0.535,0.25107157228313026,0.8717201166180758,0.924198250728863,0.15588235294117647,0.961764705882353,0.8936764705882353,1.0,1.0,0.7427785419532338,0.0,0.5809261806510779,76.12686256109833,['quote_volume_24h<50000'],quote_volume_24h<50000,False
nonkyc,ENA/USDT,ENA-USDT,ENA,USDT,True,active,0.0796,35316.6152,434160.09,0.0791,0.0801,125.6281407035177,1668.617664,0.0001,0.01,,,market.getlist.priceDecimals/quantityDecimals,1775256132669.0,False,0.8600583090379009,0.0911764705882353,0.0,49.58261876179044,0.0791,0.0801,0.0796,0.0010000000000000009,1668.617664,3624.429681,36,32,0.0,0.0,0.0,0.0,0.0,0.0,0.0,0.0,0.0,0.0,0.0,0.0,4637.970381,7222.576758,4637.970381,9868.62783,12494.208928,9868.62783,27228.128465,28711.14201,27228.128465,288,1775170200.0,1775256300.0,288,0.0,1.0,0.0,23.611908971648923,20.272982979288624,0.04871060171919755,-0.13991298085600368,74.660414,200,3.2269081110858955,2312.857995,37.31690111927681,4.213629961013794,5.411208,0.47,0.18795079541432524,0.8600583090379009,0.9620991253644315,0.09705882352941175,0.9911764705882353,0.8377941176470588,1.0,1.0,0.9742120343839509,0.0,0.6580706781279836,75.99997105841926,"['quote_volume_24h<50000', 'spread_bps>120']",quote_volume_24h<50000; spread_bps>120,False
nonkyc,IMX/USDT,IMX-USDT,IMX,USDT,True,active,0.1335,24719.8612,186035.78,0.133,0.1338,59.97001499250337,0.137814,0.0001,0.01,,,market.getlist.priceDecimals/quantityDecimals,1775256187569.0,False,0.8279883381924198,0.7676470588235293,0.0,64.73053507117132,0.133,0.1338,0.13340000000000002,0.0007999999999999952,813.97064,0.137814,57,73,0.0,0.0,0.0,0.0,0.0,0.0,0.0,0.0,0.0,1637.6108479999998,0.137814,0.137814,4227.13947,3635.085077,3635.085077,2547.3038500000002,884.0823480000003,884.0823480000003,5095.69419,5405.311987,5095.69419,288,1775169000.0,1775256000.0,291,3.0,0.9896907216494846,0.0,27.782908992772068,18.21996975524067,0.004237288135592747,-0.038528320626805286,49.510379,200,3.4808144756771204,315.88058,5.497608477246423,8.09131669998169,1.1728049999999999,0.5,0.4632800074544771,0.8279883381924198,0.880466472303207,0.75,0.3558823529411765,0.8338235294117646,0.9943298969072165,1.0,0.08474576271185492,0.0,0.36158192090395164,75.89310891726448,"['quote_volume_24h<50000', 'top_of_book_quote<5']",quote_volume_24h<50000; top_of_book_quote<5,False
nonkyc,SCASH/USDT,SCASH-USDT,SCASH,USDT,True,active,0.060481,5640.1285,91999.8024,0.060477,0.060487,1.6533844780258793,0.28880186580000006,1e-06,0.0001,,,market.getlist.priceDecimals/quantityDecimals,1775256032291.0,False,0.7230320699708455,0.9941176470588236,0.0,64.61970502486709,0.060477,0.060487,0.060482,9.999999999996123e-06,0.28880186580000006,1.6373407490999998,91,200,0.28880186580000006,1.6373407490999998,0.28880186580000006,0.28880186580000006,1.6373407490999998,0.28880186580000006,0.28880186580000006,1.6373407490999998,0.28880186580000006,0.7880223834000001,1.6373407490999998,0.7880223834000001,0.7880223834000001,2.1358970891999998,0.7880223834000001,0.28880186580000006,1.6373407490999998,0.28880186580000006,0.28880186580000006,1.6373407490999998,0.28880186580000006,288,1775165400.0,1775256000.0,303,15.0,0.9504950495049505,0.0,64.02775033867668,174.75302286344075,0.0024821323887093886,-0.002046697172411679,20.457433476,200,2.5718924307042266,393.2132873496,5.056511386933812,18.465773105621338,2.01329148185,0.495,38.72526395985344,0.7230320699708455,0.685131195335277,0.9911764705882353,0.611764705882353,0.7347058823529412,0.9727722772277227,1.0,0.04964264777418777,0.6078496011470444,0.5524974163070774,75.87750228605972,"['quote_volume_24h<50000', 'top_of_book_quote<5']",quote_volume_24h<50000; top_of_book_quote<5,False
nonkyc,LUNA/USDT,LUNA-USDT,LUNA,USDT,True,active,0.0559,72271.1418,1292946.97,0.0547,0.057,411.81736794986637,342.94930800000003,0.0001,0.01,,,market.getlist.priceDecimals/quantityDecimals,1775256189058.0,False,0.9125364431486881,0.01764705882352946,0.0,50.630680843766086,0.0547,0.057,0.05585,0.0023000000000000034,342.94930800000003,389.19543,39,32,0.0,0.0,0.0,0.0,0.0,0.0,0.0,0.0,0.0,0.0,0.0,0.0,0.0,0.0,0.0,3837.751933,3312.795557,3312.795557,9166.779005,8899.887143,8899.887143,288,1775170200.0,1775256300.0,288,0.0,1.0,0.0,20.368084599794884,27.40999512879243,0.10900473933649261,-0.01109248063491874,40.9665022,200,3.604811702592552,2948.9799700000003,53.15258753283517,15.627689361572266,10.5089085,0.51,0.04945902282167576,0.9125364431486881,0.9358600583090378,0.01764705882352946,0.9735294117647059,0.8313235294117647,1.0,1.0,1.0,0.0,0.6666666666666666,75.33121305665122,['spread_bps>120'],spread_bps>120,False
nonkyc,ZEC/USDT,ZEC-USDT,ZEC,USDT,True,active,235.03,20752.9224,87.2602,235.02,236.22,50.929462694168095,0.79577772,0.01,1e-06,,,market.getlist.priceDecimals/quantityDecimals,1775256185351.0,False,0.8075801749271136,0.7911764705882353,0.0,64.19632138569713,235.02,236.22,235.62,1.1999999999999886,0.79577772,239.18574210000003,79,95,0.0,0.0,0.0,0.0,0.0,0.0,0.0,0.0,0.0,0.79577772,5807.21286373,0.79577772,0.79577772,5808.00122551,0.79577772,0.79577772,5807.21286373,0.79577772,0.79577772,5808.00122551,0.79577772,287,1775158200.0,1775256000.0,327,40.0,0.8776758409785933,0.03484320557491289,30.721379018268102,27.949490186104388,0.018820313321417204,-0.2176399739917968,46.60656,200,3.634948209466317,534.27188414,9.710253143114441,29.542491912841797,1.415222245,0.47,0.6032142770236999,0.8075801749271136,0.6909620991253644,0.7794117647058824,0.7794117647058824,0.8041176470588235,0.9170422700295155,1.0,0.37640626642834407,0.0,0.458802088809448,75.31490388679471,"['quote_volume_24h<50000', 'top_of_book_quote<5', 'coverage_ratio<0.90']",quote_volume_24h<50000; top_of_book_quote<5; coverage_ratio<0.90,False
nonkyc,AAVE/USDT,AAVE-USDT,AAVE,USDT,True,active,94.47,12660.4918,133.443,94.2,94.86,57.16100349317159,0.0942,0.01,0.001,,,market.getlist.priceDecimals/quantityDecimals,1775256176127.0,False,0.7696793002915452,0.7176470588235294,0.0,60.273537986623225,94.2,94.74,94.47,0.539999999999992,0.0942,507.99588,54,43,0.0,0.0,0.0,0.0,0.0,0.0,0.0,0.0,0.0,7501.8994,7602.51407,7501.8994,9462.24441,10415.92881,9462.24441,9461.87025,9234.09942,9234.09942,9462.24441,10415.92881,9462.24441,288,1775169900.0,1775256000.0,288,0.0,1.0,0.0,23.052086914197687,13.546648796535436,0.006275378368401169,-0.15401315536274124,29.060395,200,3.4409134936164527,192.5346,3.3124745156402313,15.195330619812012,0.37829999999999997,0.535,0.40328345384894215,0.7696793002915452,0.956268221574344,0.7558823529411764,0.27941176470588236,0.7913235294117648,1.0,1.0,0.12550756736802338,0.0,0.3751691891226745,75.17465364735777,"['quote_volume_24h<50000', 'top_of_book_quote<5']",quote_volume_24h<50000; top_of_book_quote<5,False
nonkyc,TRX/USDT,TRX-USDT,TRX,USDT,True,active,0.3142,214150.1577,681669.74,0.3141,0.3146,15.905837442341353,0.169884,0.0001,0.01,,,market.getlist.priceDecimals/quantityDecimals,1775255337185.0,False,0.9620991253644315,0.9558823529411765,0.0,76.81251071857315,0.3141,0.3146,0.31435,0.0005000000000000004,14.294690999999998,0.169884,51,57,0.0,0.0,0.0,14.294690999999998,0.169884,0.169884,37174.53677100001,0.169884,0.169884,146835.014041,0.169884,0.169884,208344.99166,126913.157855,126913.157855,37174.53677100001,0.169884,0.169884,89477.886111,0.169884,0.169884,288,1775169900.0,1775256000.0,288,0.0,1.0,0.0,19.955988454661576,8.604900060379462,0.02117647058823514,-0.32498722726693796,396.53855799999997,200,3.665184201335462,7436.480815000001,136.28035998336134,15.88744568824768,21.610675999999998,0.465,1.2546329941445722,0.9620991253644315,0.3935860058309038,0.9529411764705882,0.4441176470588235,0.8483823529411765,1.0,0.996332371221798,0.42352941176470277,0.1273164970722861,0.515726093352929,75.09994829418783,['top_of_book_quote<5'],top_of_book_quote<5,False
nonkyc,NENG/DOGE,NENG-DOGE,NENG,DOGE,True,active,3.5801e-06,2693.7847,732307603.7124,3.58e-06,3.5911e-06,30.957593674609967,3.22568305388,1e-10,0.0001,,,market.getlist.priceDecimals/quantityDecimals,1775255142986.0,False,0.6530612244897959,0.9088235294117647,0.0,58.63895558223289,3.58e-06,3.5911e-06,3.58555e-06,1.1099999999999775e-08,3.22568305388,4.94105188619219,71,106,0.0,0.0,0.0,0.0,0.0,0.0,3.22568305388,4.94105188619219,3.22568305388,146.16568305388,4.94105188619219,4.94105188619219,1076.4772395308066,4.94105188619219,4.94105188619219,74.74568305388,4.94105188619219,4.94105188619219,324.51568305387997,4.94105188619219,4.94105188619219,288,1775081100.0,1775256300.0,585,297.0,0.49230769230769234,0.0,80.66559096317745,382.1079046830781,0.025561326735102818,-0.28981348051891814,2.18522192342845,200,0.15406381243516706,1292.6640245348,0.9957637390880882,1.3627512454986572,1.7248262750499999,0.465,2.60568026736961,0.6530612244897959,0.8046647230320699,0.9029411764705882,0.8794117647058823,0.5623529411764706,0.7207692307692308,1.0,0.5112265347020564,0.802840133684805,0.7713555561289538,74.91859995267247,"['quote_volume_24h<50000', 'top_of_book_quote<5', 'coverage_ratio<0.90']",quote_volume_24h<50000; top_of_book_quote<5; coverage_ratio<0.90,False
nonkyc,W/USDT,W-USDT,W,USDT,True,active,0.01326,351648.3448,25807151.03,0.01325,0.0133,37.66478342749507,0.16907,1e-05,0.01,,,market.getlist.priceDecimals/quantityDecimals,1775256193071.0,False,0.9708454810495627,0.8705882352941177,0.0,75.16120734007889,0.01325,0.0133,0.013274999999999999,4.99999999999997e-05,0.16907,1659.2852569999998,54,48,0.0,0.0,0.0,0.0,0.0,0.0,0.16907,1659.2852569999998,0.16907,0.16907,1659.2852569999998,0.16907,1855.7419000000002,8622.8541257,1855.7419000000002,0.16907,1659.2852569999998,0.16907,0.16907,5248.0646688,0.16907,288,1775169600.0,1775256000.0,289,1.0,0.9965397923875432,0.0,35.75656772415417,22.326452785834608,0.11696869851729806,-0.21753860721233945,262.565064,200,2.968323535487295,7098.508641099999,105.35335133118532,7.3680455684661865,18.062512400000003,0.485,0.949336873076299,0.9708454810495627,0.3877551020408163,0.8588235294117648,0.43529411764705883,0.8045588235294117,0.9980968858131487,1.0,1.0,0.0,0.6666666666666666,74.58126440492163,['top_of_book_quote<5'],top_of_book_quote<5,False
nonkyc,EPIC/USDT,EPIC-USDT,EPIC,USDT,True,active,0.45189,31743.7054,70149.677,0.45001,0.45352,77.69526191714625,5.8118587999999995,1e-05,0.001,,,market.getlist.priceDecimals/quantityDecimals,1775255866914.0,False,0.8513119533527697,0.6676470588235295,0.0,63.51333390499057,0.45001,0.45352,0.45176499999999997,0.0035099999999999576,10698.82889647,5.8118587999999995,42,200,0.0,0.0,0.0,0.0,0.0,0.0,0.0,0.0,0.0,10698.82889647,5.8118587999999995,5.8118587999999995,10715.50924015,5.8118587999999995,5.8118587999999995,10709.693019670001,5.8118587999999995,5.8118587999999995,10730.56594159,26.292105239999998,26.292105239999998,288,1775169900.0,1775256000.0,288,0.0,1.0,0.0,51.76309017297126,29.759172409512452,0.0029951055592080753,-0.4526453561302846,105.13726501,200,1.3456810031808648,2352.7418718900003,15.830200211952807,138.65165996551514,11.45256856,0.44,0.6662322630197334,0.8513119533527697,0.8104956268221575,0.65,0.8970588235294118,0.5644117647058824,1.0,1.0,0.059902111184161506,0.0,0.35330070372805383,74.52381821889604,['quote_volume_24h<50000'],quote_volume_24h<50000,False
nonkyc,ARB/USDT,ARB-USDT,ARB,USDT,True,active,0.0926,55821.3604,600053.16,0.0925,0.0929,43.14994606256716,0.200725,0.0001,0.01,,,market.getlist.priceDecimals/quantityDecimals,1775256178309.0,False,0.9008746355685131,0.85,0.0,70.79810495626823,0.0925,0.0929,0.0927,0.0003999999999999976,0.200725,2298.3004789999995,61,76,0.0,0.0,0.0,0.0,0.0,0.0,0.200725,2298.3004789999995,0.200725,0.200725,3509.4106489999995,0.200725,4424.038059,13630.393893,4424.038059,0.200725,3509.4106489999995,0.200725,0.200725,13630.268468999999,0.200725,288,1775169300.0,1775256000.0,290,2.0,0.993103448275862,0.0,22.14712668552216,16.313922084495815,0.06024096385542193,-0.2745461102126746,111.023568,200,2.949305131512133,1064.942265,15.704198434643267,14.392512798309326,3.346101,0.49,0.5132596609369792,0.9008746355685131,0.46355685131195334,0.8441176470588235,0.5294117647058824,0.7686764705882353,0.9962068965517241,1.0,1.0,0.0,0.6666666666666666,74.48615802971436,['top_of_book_quote<5'],top_of_book_quote<5,False
nonkyc,AAVE/USDC,AAVE-USDC,AAVE,USDC,True,active,94.54,13504.9455,142.419,94.2587,94.9352,64.08514229333807,0.0942587,0.0001,0.001,,,market.getlist.priceDecimals/quantityDecimals,1775256176348.0,False,0.7784256559766763,0.6970588235294117,0.0,60.239881666952485,94.2587,94.8647,94.5617,0.6059999999999945,0.0942587,72.1920367,49,42,0.0,0.0,0.0,0.0,0.0,0.0,0.0,0.0,0.0,0.0942587,929.1075086,0.0942587,1076.5213207,929.2029599,929.2029599,1076.5213207,929.1075086,929.1075086,1076.8957119,929.2029599,929.2029599,288,1775169900.0,1775256000.0,288,0.0,1.0,0.0,25.951302910482557,14.334520486047156,0.010477645436478493,-0.321101758197729,44.33519105,200,3.6085309281510107,461.6645611,8.32965423580306,14.093833923339844,2.08208,0.505,0.404950382909274,0.7784256559766763,0.8862973760932945,0.7264705882352941,0.2823529411764706,0.8414705882352942,1.0,1.0,0.20955290872956986,0.0,0.4031843029098566,74.4200062944047,"['quote_volume_24h<50000', 'top_of_book_quote<5']",quote_volume_24h<50000; top_of_book_quote<5,False
nonkyc,POL/USDT,POL-USDT,POL,USDT,True,active,0.0925,68197.4691,737045.84,0.0924,0.0927,32.414910858996066,0.179256,0.0001,0.01,,,market.getlist.priceDecimals/quantityDecimals,1775256187616.0,False,0.9067055393586005,0.9,0.0,72.36880466472303,0.0924,0.0927,0.09255,0.0003000000000000086,0.179256,580.835952,63,71,0.0,0.0,0.0,0.0,0.0,0.0,0.179256,580.835952,0.179256,0.179256,2175.580962,0.179256,2317.464649,4194.528978,2317.464649,0.179256,1084.169232,0.179256,524.280256,2175.580962,524.280256,288,1775169300.0,1775256000.0,290,2.0,0.993103448275862,0.0,18.409597724251984,13.899179340791447,0.06422018348623838,-0.18441452032906508,171.43206650000002,200,2.8328143773624412,1129.54019,15.998888450203516,6.8766865730285645,3.3841124999999996,0.52,0.5679360897931575,0.9067055393586005,0.4314868804664723,0.8941176470588236,0.4823529411764706,0.8048529411764707,0.9962068965517241,0.8674664770209987,1.0,0.0,0.6224888256736661,74.40056895266036,['top_of_book_quote<5'],top_of_book_quote<5,False
nonkyc,SEI/USDT,SEI-USDT,SEI,USDT,True,active,0.0546,157724.8897,2934190.95,0.0545,0.0547,36.630036630036415,0.171675,0.0001,0.01,,,market.getlist.priceDecimals/quantityDecimals,1775256201992.0,False,0.9504373177842566,0.8735294117647059,0.0,74.11228777225176,0.0545,0.0547,0.054599999999999996,0.0001999999999999988,0.171675,10304.543536,57,50,0.0,0.0,0.0,0.0,0.0,0.0,0.171675,10304.543536,0.171675,0.171675,10304.543536,0.171675,3203.455397,22869.191606,3203.455397,0.171675,10304.543536,0.171675,0.171675,16942.879698999997,0.171675,288,1775168100.0,1775256000.0,294,6.0,0.9795918367346939,0.0,23.40203884739317,21.447784887093725,0.1917098445595858,-0.047969186667299685,327.0814835,200,2.63936391318617,3617.566066,47.74036664083629,7.240171432495117,11.59705,0.495,0.6388756605338374,0.9504373177842566,0.40233236151603496,0.861764705882353,0.45,0.796029411764706,0.9887755102040816,1.0,1.0,0.0,0.6666666666666666,74.35215286114446,['top_of_book_quote<5'],top_of_book_quote<5,False
nonkyc,0G/USDT,0G-USDT,0G,USDT,True,active,0.5248,72568.5345,138222.85,0.5247,0.528,62.69592476488969,0.28858500000000004,0.0001,0.01,,,market.getlist.priceDecimals/quantityDecimals,1775255873642.0,False,0.9154518950437318,0.7529411764705882,0.0,69.17338363916996,0.5247,0.528,0.5263500000000001,0.0032999999999999696,0.28858500000000004,234.08352,48,40,0.0,0.0,0.0,0.0,0.0,0.0,0.0,0.0,0.0,0.28858500000000004,975.014103,0.28858500000000004,799.8249059999999,4548.705297,799.8249059999999,0.28858500000000004,2657.318393,0.28858500000000004,2295.842654,4672.63244,2295.842654,288,1775157900.0,1775256000.0,328,40.0,0.8780487804878049,0.0,43.414793129692924,42.68522505936217,0.039395574743659095,-0.3155806529967252,119.896247,200,3.641745694917033,801.694324,14.597834265332105,24.076274633407593,2.7754149999999997,0.5,0.6924659504186087,0.9154518950437318,0.5335276967930029,0.7294117647058824,0.6088235294117647,0.8161764705882353,0.9329268292682927,1.0,0.7879114948731819,0.0,0.5959704982910606,74.26566681015021,"['top_of_book_quote<5', 'coverage_ratio<0.90']",top_of_book_quote<5; coverage_ratio<0.90,False
nonkyc,SHIB/USDT,SHIB-USDT,SHIB,USDT,True,active,5.995e-06,170937.2345,28590838522.0,5.994e-06,6.024e-06,49.925112331503676,0.17794987199999998,1e-09,1.0,,,market.getlist.priceDecimals/quantityDecimals,1775256181373.0,False,0.956268221574344,0.8117647058823529,0.0,72.88886983364775,5.994e-06,6.024e-06,6.0089999999999996e-06,3.000000000000056e-08,0.17794987199999998,2232.880158888,57,124,0.0,0.0,0.0,0.0,0.0,0.0,0.17794987199999998,2232.880158888,0.17794987199999998,0.17794987199999998,24804.194233522,0.17794987199999998,36394.898059674,49546.827793274,36394.898059674,0.17794987199999998,24804.194233522,0.17794987199999998,36394.898059674,49546.827793274,36394.898059674,288,1775169900.0,1775256000.0,288,0.0,1.0,0.0,30.143873093677485,17.43446795455313,0.06312625250500985,-0.23144387339909306,418.51229183649997,200,3.4869894610724153,3983.2026512370003,69.44692833089562,18.963403701782227,8.4779980065,0.55,0.6037817780663488,0.956268221574344,0.42857142857142855,0.7970588235294118,0.47941176470588237,0.7870588235294118,1.0,1.0,1.0,0.0,0.6666666666666666,74.22147373235009,['top_of_book_quote<5'],top_of_book_quote<5,False
nonkyc,TON/USDT,TON-USDT,TON,USDT,True,active,1.241,29562.4917,23726.86,1.229,1.254,201.36931131695457,1069.0579400000001,0.001,0.01,,,market.getlist.priceDecimals/quantityDecimals,1775256144104.0,False,0.8483965014577259,0.032352941176470584,0.0,47.47063110958669,1.229,1.254,1.2415,0.02499999999999991,1069.0579400000001,1266.27666,43,51,0.0,0.0,0.0,0.0,0.0,0.0,0.0,0.0,0.0,0.0,0.0,0.0,0.0,0.0,0.0,18690.60507,19550.92576,18690.60507,43669.57879,44565.06299,43669.57879,288,1775170200.0,1775256300.0,288,0.0,1.0,0.0,18.142243619732376,14.059752638449954,0.02400000000000036,-0.19774486234968122,59.077875000000006,200,3.7152864533108296,541.6831500000001,10.062540345908692,2.6885814666748047,0.862845,0.455,0.0900943818155913,0.8483965014577259,0.9766763848396501,0.02941176470588236,0.9882352941176471,0.9450000000000001,1.0,0.8451869683110314,0.4800000000000072,0.0,0.44172898943701283,74.02880421438385,"['quote_volume_24h<50000', 'spread_bps>120']",quote_volume_24h<50000; spread_bps>120,False
nonkyc,CAKE/USDT,CAKE-USDT,CAKE,USDT,True,active,1.343,6075.7983,4548.12,1.339,1.35,81.81480104128018,0.14850000000000002,0.001,0.01,,,market.getlist.priceDecimals/quantityDecimals,1775256125998.0,False,0.7317784256559767,0.6294117647058823,0.0,55.98310752872578,1.339,1.35,1.3445,0.01100000000000012,0.16068,0.14850000000000002,46,59,0.0,0.0,0.0,0.0,0.0,0.0,0.0,0.0,0.0,0.16068,2578.92379,0.16068,5162.69818,5919.98582,5162.69818,2535.7550800000004,5919.98582,2535.7550800000004,11889.3166,13463.14218,11889.3166,288,1775170200.0,1775256300.0,288,0.0,1.0,0.0,27.15315164920758,14.001229893623062,0.020833333333333405,-0.40672229182480335,11.156640000000001,200,3.4608662546712794,57.06949,0.9875493605615001,6.702848434448242,0.16152,0.52,0.3318855672032654,0.7317784256559767,0.9271137026239067,0.6176470588235294,0.3735294117647059,0.8394117647058823,1.0,1.0,0.4166666666666681,0.0,0.4722222222222227,73.77070790220851,"['quote_volume_24h<50000', 'top_of_book_quote<5']",quote_volume_24h<50000; top_of_book_quote<5,False
nonkyc,IOTA/USDT,IOTA-USDT,IOTA,USDT,True,active,0.064,142760.4128,2305678.49,0.0637,0.0643,93.74999999999835,0.104166,0.0001,0.01,,,market.getlist.priceDecimals/quantityDecimals,1775256203379.0,False,0.9416909620991254,0.25,0.0,58.0430029154519,0.0637,0.0643,0.064,0.0005999999999999894,0.143325,0.104166,53,44,0.0,0.0,0.0,0.0,0.0,0.0,0.0,0.0,0.0,0.143325,0.104166,0.104166,2551.8604029999997,3441.082875,2551.8604029999997,1698.5135209999999,1741.1726350000001,1698.5135209999999,8566.353248,8441.203455,8441.203455,288,1775169900.0,1775256300.0,289,1.0,0.9965397923875432,0.0,41.362254007217366,35.795956703106164,0.11724137931034494,-0.1809593038946763,311.96235435,200,3.3149271999799237,5408.176829,89.63856236376635,6.20025634765625,20.1064985,0.505,0.441197376076993,0.9416909620991254,0.9096209912536443,0.24411764705882355,0.29411764705882354,0.8302941176470588,0.9980968858131487,1.0,1.0,0.0,0.6666666666666666,73.66299138142651,['top_of_book_quote<5'],top_of_book_quote<5,False
nonkyc,PEP/DOGE,PEP-DOGE,PEP,DOGE,True,active,0.001714017,42031.0108,24572161.2518,0.001661027,0.001675206,85.00005844915516,1.1873795034582,1e-09,0.0001,,,market.getlist.priceDecimals/quantityDecimals,1775255970020.0,False,0.880466472303207,0.4441176470588235,0.0,59.528597153146976,0.001661027,0.001675206,0.0016681165,1.4179000000000015e-05,1.1873795034582,1.1897651403612,36,41,0.0,0.0,0.0,0.0,0.0,0.0,0.0,0.0,0.0,1.1873795034582,1.1897651403612,1.1873795034582,1.1873795034582,1.1897651403612,1.1873795034582,1.1873795034582,1.1897651403612,1.1873795034582,3.7220203283574,4.2678724821711995,3.7220203283574,288,1775162400.0,1775256000.0,313,25.0,0.9201277955271565,0.0,215.3201624503739,3050.2930808232522,0.005765351387649453,-0.05245613216427871,161.01332313931448,200,2.6219742417272345,2854.4211612323,37.42109379896117,9.822831630706787,14.142464633900001,0.485,2.533176639862817,0.880466472303207,0.717201166180758,0.43823529411764706,0.8176470588235294,0.7786764705882353,0.9560702875399361,0.7922343385272123,0.11530702775298905,0.7665883199314085,0.5580432287372034,73.51341264519293,"['quote_volume_24h<50000', 'top_of_book_quote<5']",quote_volume_24h<50000; top_of_book_quote<5,False
nonkyc,DYDX/USDT,DYDX-USDT,DYDX,USDT,True,active,0.1021,27955.6442,276536.88,0.1014,0.1025,108.10810810810847,0.215556,0.0001,0.01,,,market.getlist.priceDecimals/quantityDecimals,1775255999096.0,False,0.8396501457725948,0.17647058823529416,0.0,50.59252272337507,0.1012,0.1023,0.10175000000000001,0.0011000000000000038,0.215556,408.014343,49,38,0.0,0.0,0.0,0.0,0.0,0.0,0.0,0.0,0.0,0.0,0.0,0.0,2099.318939,1139.290797,1139.290797,2812.009091,1139.290797,1139.290797,7926.880468,9527.333541,7926.880468,288,1775169900.0,1775256300.0,289,1.0,0.9965397923875432,0.0,32.652302660663466,26.756926823294222,0.1506172839506162,-0.1243724195638099,46.047982999999995,200,3.6618579350632903,816.362886,14.947024559951341,1.2984161376953125,3.256926,0.53,0.3020337996111361,0.8396501457725948,0.8950437317784257,0.1823529411764706,0.5647058823529412,0.9380882352941176,0.9980968858131487,1.0,1.0,0.0,0.6666666666666666,73.39246660008541,"['quote_volume_24h<50000', 'top_of_book_quote<5']",quote_volume_24h<50000; top_of_book_quote<5,False
nonkyc,TON/USDC,TON-USDC,TON,USDC,True,active,1.239,45093.8751,36187.56,1.224,1.257,258.0645161290325,511.98328,0.001,0.01,,,market.getlist.priceDecimals/quantityDecimals,1775256136443.0,False,0.8833819241982507,0.026470588235294135,0.0,49.24777053678614,1.224,1.256,1.24,0.03200000000000003,530.1755999999999,511.98328,36,30,0.0,0.0,0.0,0.0,0.0,0.0,0.0,0.0,0.0,0.0,0.0,0.0,0.0,0.0,0.0,12408.5356,11776.02321,11776.02321,23162.40982,21085.51496,21085.51496,288,1775170200.0,1775256300.0,288,0.0,1.0,0.0,27.4604636652711,17.343658822394353,0.012658227848101312,-0.3486644690369471,91.04861500000001,200,3.5862678220079265,800.01775,14.345389569300908,8.951483249664307,1.82427,0.525,0.10640929670292541,0.8833819241982507,0.9708454810495627,0.02352941176470591,0.9852941176470589,0.8536764705882354,1.0,1.0,0.2531645569620262,0.0,0.41772151898734206,73.29823216809328,"['quote_volume_24h<50000', 'spread_bps>120']",quote_volume_24h<50000; spread_bps>120,False
nonkyc,GALA/USDT,GALA-USDT,GALA,USDT,True,active,0.00292,8458.188,2910015.13,0.00291,0.00293,68.49315068493169,0.0890169,1e-05,0.01,,,market.getlist.priceDecimals/quantityDecimals,1775255877790.0,False,0.7521865889212828,0.7294117647058824,0.0,59.60555650831761,0.00291,0.00293,0.00292,2.0000000000000052e-05,0.0890169,253.69780039999998,53,38,0.0,0.0,0.0,0.0,0.0,0.0,0.0,0.0,0.0,0.0890169,253.69780039999998,0.0890169,313.09373089999997,910.5673591999999,313.09373089999997,313.09373089999997,910.5673591999999,313.09373089999997,1251.4503899000001,1807.3629562999997,1251.4503899000001,288,1775165400.0,1775256000.0,303,15.0,0.9504950495049505,0.0,17.97872085432796,18.17399263341143,0.10810810810810759,-0.26512791637643873,14.1092648,200,3.2137359359882485,463.6417681,7.450111057840499,67.47557735443115,0.5994614,0.515,0.2624893244731875,0.7521865889212828,0.8688046647230321,0.7029411764705882,0.27058823529411763,0.7020588235294118,0.9727722772277227,0.8315600711939967,1.0,0.0,0.6105200237313322,73.09796502639728,"['quote_volume_24h<50000', 'top_of_book_quote<5']",quote_volume_24h<50000; top_of_book_quote<5,False
nonkyc,APE/USDT,APE-USDT,APE,USDT,True,active,0.0898,21168.7917,238766.34,0.0894,0.0903,55.83472920156342,0.208069,0.0001,0.01,,,market.getlist.priceDecimals/quantityDecimals,1775256216325.0,False,0.8192419825072886,0.21764705882352942,0.0,50.499485508489116,0.0893,0.0898,0.08955,0.0005000000000000004,0.208069,156.381312,61,60,0.0,0.0,0.0,0.0,0.0,0.0,0.0,0.0,0.0,0.208069,337.454296,0.208069,539.013379,1201.490579,539.013379,0.208069,499.22299599999997,0.208069,699.111807,1367.3933690000001,699.111807,288,1775170200.0,1775256300.0,288,0.0,1.0,0.0,38.15488987278929,32.58989688363069,0.14512922465208705,0.013749390393097057,43.129209,200,3.5175689377282047,1330.2932419999997,23.396990930644744,6.7562925815582275,4.38144,0.565,0.6833540776216556,0.8192419825072886,0.4839650145772595,0.7676470588235293,0.5529411764705883,0.8555882352941176,1.0,1.0,1.0,0.0,0.6666666666666666,72.98071571485735,"['quote_volume_24h<50000', 'top_of_book_quote<5']",quote_volume_24h<50000; top_of_book_quote<5,False
nonkyc,AVAX/USDC,AVAX-USDC,AVAX,USDC,True,active,8.927,10764.1455,1204.19,8.867,8.986,132.3908897116575,308.20774,0.001,0.01,,,market.getlist.priceDecimals/quantityDecimals,1775256214504.0,False,0.760932944606414,0.07352941176470584,0.0,43.68954724747042,8.854,8.972,8.913,0.11800000000000033,308.20774,398.35679999999996,35,13,0.0,0.0,0.0,0.0,0.0,0.0,0.0,0.0,0.0,0.0,0.0,0.0,10610.84079,9601.3678,9601.3678,10610.84079,10583.32501,10583.32501,10610.84079,10583.32501,10583.32501,288,1775170200.0,1775256300.0,288,0.0,1.0,0.0,18.875738376754377,15.778523767394933,0.0567164179104481,-0.06017120467917287,26.011785000000003,200,3.539510821880971,245.65767999999997,4.347540084190863,12.403754234313965,0.8038350000000001,0.5,0.14257581029831465,0.760932944606414,0.967930029154519,0.07647058823529407,0.9647058823529412,0.8255882352941177,1.0,0.9063115313961981,1.0,0.0,0.635437177132066,72.82359831908263,"['quote_volume_24h<50000', 'spread_bps>120']",quote_volume_24h<50000; spread_bps>120,False
nonkyc,RENDER/USDT,RENDER-USDT,RENDER,USDT,True,active,1.927,68899.943,36063.73,1.926,1.938,62.11180124223608,0.17334,0.001,0.01,,,market.getlist.priceDecimals/quantityDecimals,1775256198013.0,False,0.9096209912536443,0.7588235294117647,0.0,68.99974275424455,1.926,1.938,1.932,0.01200000000000001,0.17334,806.28552,57,46,0.0,0.0,0.0,0.0,0.0,0.0,0.0,0.0,0.0,0.17334,2510.02665,0.17334,5951.72064,11055.28947,5951.72064,0.17334,5023.88739,0.17334,11965.30009,16169.39063,11965.30009,288,1775169900.0,1775256000.0,288,0.0,1.0,0.0,38.96289156567062,27.62855583450567,0.05045045045045027,-0.1506699723603687,94.99776,200,3.5968581442771947,868.2961399999999,15.615690214017254,13.603169202804565,1.934,0.53,0.6273025542072963,0.9096209912536443,0.4139941690962099,0.7352941176470589,0.4647058823529412,0.8377941176470589,1.0,1.0,1.0,0.0,0.6666666666666666,72.3133361916195,['top_of_book_quote<5'],top_of_book_quote<5,False
nonkyc,ALPH/USDT,ALPH-USDT,ALPH,USDT,True,active,0.0476,21088.9752,440519.62,0.0464,0.0488,504.2016806722702,3.887408,0.0001,0.01,,,market.getlist.priceDecimals/quantityDecimals,1775256142333.0,False,0.8163265306122449,0.014705882352941124,0.0,45.265606242497,0.0464,0.0488,0.0476,0.0024000000000000063,46.370304,3.887408,65,116,0.0,0.0,0.0,0.0,0.0,0.0,0.0,0.0,0.0,0.0,0.0,0.0,0.0,0.0,0.0,68.346768,29.579888,29.579888,620.993692,269.91012,269.91012,288,1775166600.0,1775256300.0,300,12.0,0.96,0.0,36.364285269162245,56.91337924581563,0.07397260273972606,-0.049686652600241576,57.578255,200,3.681053861326551,535.488435,9.855808856762309,0.6878221035003662,2.188886,0.55,0.0721224991171716,0.8163265306122449,0.8454810495626822,0.014705882352941124,0.8911764705882353,0.9497058823529412,0.978,1.0,1.0,0.0,0.6666666666666666,71.70930086320242,"['quote_volume_24h<50000', 'spread_bps>120', 'top_of_book_quote<5']",quote_volume_24h<50000; spread_bps>120; top_of_book_quote<5,False
nonkyc,BNB/USDC,BNB-USDC,BNB,USDC,True,active,587.81,25784.5533,44.0033,584.06,591.6,128.26837691169348,185.205426,0.01,0.0001,,,market.getlist.priceDecimals/quantityDecimals,1775255124917.0,False,0.8309037900874635,0.08235294117647063,0.0,47.758531984222266,584.06,591.6,587.8299999999999,7.540000000000077,185.205426,198.89592000000002,35,21,0.0,0.0,0.0,0.0,0.0,0.0,0.0,0.0,0.0,0.0,0.0,0.0,5201.3909,5301.490809,5201.3909,5201.3909,5301.490809,5201.3909,5201.3909,5301.490809,5201.3909,288,1775170200.0,1775256300.0,288,0.0,1.0,0.0,13.193318217372179,10.896130064649954,0.035439371999085284,-0.21046494311210504,66.963165,200,3.5629855679877283,279.135521,4.972779164178677,16.04713273048401,1.0880714999999999,0.59,0.10285713856389665,0.8309037900874635,0.9475218658892128,0.08529411764705885,0.9588235294117647,0.8148529411764707,1.0,0.4327765181143482,0.7087874399817057,0.0,0.38052131936535133,71.51087088530159,"['quote_volume_24h<50000', 'spread_bps>120']",quote_volume_24h<50000; spread_bps>120,False
nonkyc,BC2/USDT,BC2-USDT,BC2,USDT,True,active,0.759462,74166.2355,95740.5813,0.757974,0.766227,108.292803901847,2.0835947286,1e-06,0.0001,,,market.getlist.priceDecimals/quantityDecimals,1775256038459.0,False,0.9212827988338192,0.17352941176470593,0.0,55.008789229977715,0.757974,0.766227,0.7621005000000001,0.008252999999999955,2.0835947286,140.8795689378,113,200,0.0,0.0,0.0,0.0,0.0,0.0,0.0,0.0,0.0,0.0,0.0,0.0,2.0835947286,142.9705857774,2.0835947286,2.0835947286,142.9705857774,2.0835947286,7.478390968600001,148.3850182341,7.478390968600001,288,1775165100.0,1775256300.0,305,17.0,0.9442622950819672,0.0,94.60791195742378,86.44742188610277,0.038122300781150996,-0.27088205980302804,265.9001909735,200,2.253232966828635,4900.0353602105,55.20460606126162,16.4190194606781,24.6577946255,0.495,0.8736306434836912,0.9212827988338192,0.7638483965014577,0.17941176470588238,0.8558823529411764,0.7363235294117647,0.9693442622950821,1.0,0.7624460156230198,0.0,0.5874820052076734,71.5095471888331,['top_of_book_quote<5'],top_of_book_quote<5,False
nonkyc,CAKE/USDC,CAKE-USDC,CAKE,USDC,True,active,1.343,4024.7144,3014.55,1.339,1.349,96.83426443202904,446.27618,0.001,0.01,,,market.getlist.priceDecimals/quantityDecimals,1775256133771.0,False,0.6909620991253644,0.6794117647058824,0.0,54.988209569542114,1.336,1.349,1.3425,0.0129999999999999,1586.5534400000001,446.27618,46,47,0.0,0.0,0.0,0.0,0.0,0.0,0.0,0.0,0.0,1586.5534400000001,446.27618,446.27618,4717.85207,2234.22732,2234.22732,4717.85207,2234.22732,2234.22732,11093.48827,8751.57872,8751.57872,288,1775170200.0,1775256300.0,288,0.0,1.0,0.0,28.56594083304871,16.31704455465581,0.02040816326530635,-0.44924994521483996,7.185945,200,3.4558280380158117,37.03986,0.6400169335609017,5.452495336532593,0.12096,0.49,0.29499827360283226,0.6909620991253644,0.9212827988338192,0.2264705882352941,0.9823529411764705,0.8467647058823531,1.0,1.0,0.40816326530612695,0.0,0.4693877551020423,71.34615331847026,['quote_volume_24h<50000'],quote_volume_24h<50000,False
nonkyc,BCH/USDT,BCH-USDT,BCH,USDT,True,active,441.0,39538.0066,89.3346,440.9,442.7,40.74241738343168,0.163799,0.1,1e-05,,,market.getlist.priceDecimals/quantityDecimals,1775256182420.0,False,0.8688046647230321,0.8588235294117648,0.0,69.25484479506089,440.9,442.7,441.79999999999995,1.8000000000000114,1599.8321039999998,0.163799,54,61,0.0,0.0,0.0,0.0,0.0,0.0,1599.8321039999998,0.163799,0.163799,12972.726641,0.163799,0.163799,33759.799604,2987.3180869999997,2987.3180869999997,4328.880798,0.163799,0.163799,33759.628979,4.515899,4.515899,288,1775169600.0,1775256000.0,289,1.0,0.9965397923875432,0.0,23.335331429372324,13.40504776566141,0.030114226375908396,-0.29066452271157517,91.6017,200,3.7291609823212304,1166.049425,21.741930095840527,8.776561498641968,3.5157875,0.5,0.5727527458609237,0.8688046647230321,0.3673469387755102,0.8529411764705882,0.4117647058823529,0.9035294117647059,0.9980968858131487,1.0,0.6022845275181679,0.0,0.534094842506056,71.30369742381973,"['quote_volume_24h<50000', 'top_of_book_quote<5']",quote_volume_24h<50000; top_of_book_quote<5,False
nonkyc,LINK/USDT,LINK-USDT,LINK,USDT,True,active,8.66,154495.3789,17817.19,8.65,8.73,92.059838895282,0.6111000000000001,0.01,0.01,,,market.getlist.priceDecimals/quantityDecimals,1775256181683.0,False,0.9475218658892128,0.25588235294117645,0.0,58.510761447436124,8.65,8.73,8.690000000000001,0.08000000000000007,0.7785,0.6111000000000001,62,95,0.0,0.0,0.0,0.0,0.0,0.0,0.0,0.0,0.0,0.7785,0.6111000000000001,0.6111000000000001,0.7785,32708.228099999997,0.7785,0.7785,32708.228099999997,0.7785,52464.7407,90477.2548,52464.7407,288,1775163600.0,1775256300.0,310,22.0,0.9290322580645162,0.0,24.167647776748847,13.961830186817433,0.01345291479820602,-0.25062762785895665,345.6825,200,3.6972312668235943,5634.2535,104.15569102705135,3.318805456161499,13.9909,0.525,0.2625210739749342,0.9475218658892128,0.6763848396501457,0.2529411764705882,0.7235294117647059,0.9379411764705883,0.9609677419354838,1.0,0.2690582959641204,0.0,0.4230194319880401,71.19868154887338,['top_of_book_quote<5'],top_of_book_quote<5,False
nonkyc,DASH/USDT,DASH-USDT,DASH,USDT,True,active,29.78,76864.6632,2559.662,29.55,29.8,84.24599831508003,0.304705,0.01,1e-06,,,market.getlist.priceDecimals/quantityDecimals,1775256157108.0,False,0.9300291545189504,0.5764705882352941,0.0,65.56336820442463,29.55,29.8,29.675,0.25,0.34874910000000003,0.304705,62,200,0.0,0.0,0.0,0.0,0.0,0.0,0.0,0.0,0.0,0.34874910000000003,0.304705,0.304705,0.34874910000000003,0.304705,0.304705,0.34874910000000003,0.304705,0.304705,3667.94721771,1.14186028,1.14186028,288,1775153700.0,1775256000.0,342,54.0,0.8421052631578947,0.024305555555555556,41.831463837138955,40.988656378160975,0.0339275445658424,-0.4003896836456526,161.178625,200,2.0982887406686754,3927.84016676,41.2087139852934,7.14149284362793,11.211728489999999,0.515,0.49653947574683943,0.9300291545189504,0.5451895043731778,0.5705882352941176,0.6235294117647059,0.7694117647058824,0.9022203947368421,1.0,0.6785508913168479,0.0,0.5595169637722827,71.19245161630374,"['top_of_book_quote<5', 'coverage_ratio<0.90']",top_of_book_quote<5; coverage_ratio<0.90,False
nonkyc,CAT/USDT,CAT-USDT,CAT,USDT,True,active,0.061355,3564.8386,58495.5779,0.061235,0.061533,27.56056393153931,0.20570673550000002,1e-06,0.0001,,,market.getlist.priceDecimals/quantityDecimals,1775256035570.0,False,0.6822157434402333,0.8235294117647058,0.0,58.110101183330485,0.061235,0.061404,0.0613195,0.00016900000000000248,0.20570673550000002,1.3618608948,64,145,0.0,0.0,0.0,0.0,0.0,0.0,0.20570673550000002,1.3618608948,0.20570673550000002,0.20570673550000002,1.3618608948,0.20570673550000002,0.7572819198,1.5674162219999999,0.7572819198,0.20570673550000002,1.3618608948,0.20570673550000002,0.20570673550000002,1.3618608948,0.20570673550000002,288,1775167200.0,1775256000.0,297,9.0,0.9696969696969697,0.0,79.91522472828758,367.07775704380947,0.020427699618796875,-0.5711629304161717,10.690595534,200,2.6843571769261243,281.8878661474,3.78343858290582,35.88892412185669,1.45986262775,0.465,2.8996222619681413,0.6822157434402333,0.4752186588921283,0.9147058823529411,0.5441176470588235,0.7186764705882352,0.9833333333333334,1.0,0.4085539923759375,0.9498111309840707,0.7861217077866693,71.18445437278467,"['quote_volume_24h<50000', 'top_of_book_quote<5']",quote_volume_24h<50000; top_of_book_quote<5,False
nonkyc,LTC/USDC,LTC-USDC,LTC,USDC,True,active,53.34,12929.4847,244.3,52.826,53.802,184.67428635775045,353.6997,0.001,0.01,,,market.getlist.priceDecimals/quantityDecimals,1775255951738.0,False,0.7755102040816326,0.03529411764705881,0.0,43.53541416566627,52.791,53.775,53.283,0.9840000000000018,353.6997,385.56675,39,32,0.0,0.0,0.0,0.0,0.0,0.0,0.0,0.0,0.0,0.0,0.0,0.0,998.37852,4974.4839999999995,998.37852,10358.65994,10502.25978,10358.65994,10358.65994,10502.25978,10358.65994,288,1775170200.0,1775256300.0,288,0.0,1.0,0.0,14.456401163093396,10.195437678547895,0.09551986475063326,-0.1517098868435388,30.44755,200,3.4163136951802,545.2257999999999,9.313311837527902,7.747735500335693,1.6024500000000002,0.475,0.0782805308102748,0.7755102040816326,0.9650145772594753,0.032352941176470584,0.9764705882352941,0.8176470588235294,1.0,0.538033430257783,1.0,0.0,0.5126778100859277,71.18049101459619,"['quote_volume_24h<50000', 'spread_bps>120']",quote_volume_24h<50000; spread_bps>120,False
nonkyc,ZSD/USDT,ZSD-USDT,ZSD,USDT,True,active,0.99367,6905.555,6890.1095,0.99,0.996564,66.08395198946536,0.8456842104000001,1e-06,0.0001,,,market.getlist.priceDecimals/quantityDecimals,1775254751722.0,False,0.7376093294460642,0.7411764705882353,0.0,59.09792488423942,0.99,0.996564,0.993282,0.006564000000000014,1061.05131,0.8456842104000001,55,44,0.0,0.0,0.0,0.0,0.0,0.0,0.0,0.0,0.0,1061.05131,0.8456842104000001,0.8456842104000001,1061.8955674176,0.8456842104000001,0.8456842104000001,1061.8955674176,0.8456842104000001,0.8456842104000001,1061.8955674176,0.8456842104000001,0.8456842104000001,288,1775165700.0,1775256000.0,302,14.0,0.9536423841059603,0.0,73.41746961291003,64.11377973825856,0.0010692374963700753,-0.3959509004836095,22.168348993000002,200,1.3723048076358495,725.9422723515,4.981070352070284,9.37356948852539,3.76744870375,0.485,1.1109727460702368,0.7376093294460642,0.6938775510204082,0.7176470588235294,0.7823529411764706,0.7061764705882353,0.9745033112582782,1.0,0.021384749927401504,0.055486373035118386,0.35895704098750664,71.1300725672186,"['quote_volume_24h<50000', 'top_of_book_quote<5']",quote_volume_24h<50000; top_of_book_quote<5,False
nonkyc,OPN/USDT,OPN-USDT,OPN,USDT,True,active,0.1807,15915.9908,85809.09,0.18,0.182,121.61415146489816,0.456692,0.0001,0.01,,,market.getlist.priceDecimals/quantityDecimals,1775256195658.0,False,0.7871720116618076,0.16176470588235292,0.0,47.338578288458244,0.1798,0.182,0.1809,0.0022000000000000075,0.456692,98.2345,43,47,0.0,0.0,0.0,0.0,0.0,0.0,0.0,0.0,0.0,0.0,0.0,0.0,0.456692,360.45653300000004,0.456692,472.889598,360.45653300000004,360.45653300000004,1641.862022,1514.0783330000002,1514.0783330000002,288,1775170200.0,1775256300.0,288,0.0,1.0,0.0,45.04868867659409,31.462241848086947,0.06079295154185,-0.15348549036542386,40.787324,200,3.5863449913428562,383.886924,6.883754735647079,3.700958013534546,1.552537,0.515,0.3704230809816292,0.7871720116618076,0.8717201166180758,0.11176470588235299,0.6735294117647059,0.8926470588235293,1.0,1.0,1.0,0.0,0.6666666666666666,70.88143257302922,"['quote_volume_24h<50000', 'spread_bps>120', 'top_of_book_quote<5']",quote_volume_24h<50000; spread_bps>120; top_of_book_quote<5,False
nonkyc,XLM/USDT,XLM-USDT,XLM,USDT,True,active,0.1632,53590.3498,326504.92,0.1625,0.1642,104.07101316192269,0.18362499999999998,0.0001,0.01,,,market.getlist.priceDecimals/quantityDecimals,1775256073182.0,False,0.892128279883382,0.1941176470588235,0.0,53.9199965700566,0.1625,0.1642,0.16335,0.001700000000000007,0.18362499999999998,1755.155146,56,72,0.0,0.0,0.0,0.0,0.0,0.0,0.0,0.0,0.0,0.0,0.0,0.0,0.18362499999999998,5045.672004,0.18362499999999998,814.056916,8519.753604,814.056916,17783.351672,23161.872228,17783.351672,288,1775170200.0,1775256300.0,288,0.0,1.0,0.0,23.881224231380436,14.45795848554884,0.017994858611825267,-0.3522522943649648,116.679213,200,3.754934218436654,933.027927,17.517292449246582,18.58159613609314,3.5150325000000002,0.53,0.22947046930564574,0.892128279883382,0.8746355685131195,0.1941176470588235,0.49117647058823527,0.8636764705882354,1.0,1.0,0.3598971722365053,0.0,0.4532990574121684,70.83619242629112,['top_of_book_quote<5'],top_of_book_quote<5,False
nonkyc,TDC/USDT,TDC-USDT,TDC,USDT,True,active,0.087345,939.7317,9438.2713,0.087345,0.087597,28.809548307437705,0.49605305129999994,1e-06,0.0001,,,market.getlist.priceDecimals/quantityDecimals,1775255970791.0,False,0.5597667638483965,0.9176470588235294,0.0,53.72834848225004,0.087345,0.087597,0.087471,0.00025199999999998834,3.9784249980000004,0.49605305129999994,73,200,0.0,0.0,0.0,0.0,0.0,0.0,3.9784249980000004,12.436796387700001,3.9784249980000004,3.9784249980000004,12.436796387700001,3.9784249980000004,4.474367048,12.436796387700001,4.474367048,3.9784249980000004,12.436796387700001,3.9784249980000004,3.9784249980000004,12.436796387700001,3.9784249980000004,287,1775092200.0,1775256300.0,548,261.0,0.5237226277372263,0.0,53.93061643760732,244.32273770474185,0.05555064540430885,-0.14275613642290594,0.23134804000000003,200,0.2026539151424116,175.6366705696,0.1779672946675371,50.61008596420288,0.2146029257,0.455,1.8719702184183207,0.5597667638483965,0.8017492711370262,0.9088235294117647,0.6882352941176471,0.4777941176470588,0.7380474452554745,1.0,1.0,0.43598510920916034,0.8119950364030535,70.75040080698145,"['quote_volume_24h<50000', 'top_of_book_quote<5', 'coverage_ratio<0.90']",quote_volume_24h<50000; top_of_book_quote<5; coverage_ratio<0.90,False
nonkyc,XRP/USDC,XRP-USDC,XRP,USDC,True,active,1.3207,2736.9174,2080.96,1.3141,1.3253,84.86777297870634,0.157692,0.0001,0.01,,,market.getlist.priceDecimals/quantityDecimals,1775256193105.0,False,0.6559766763848397,0.5147058823529411,0.0,48.946364259989714,1.3141,1.3253,1.3197,0.011199999999999877,0.157692,0.15903599999999998,55,60,0.0,0.0,0.0,0.0,0.0,0.0,0.0,0.0,0.0,0.157692,0.15903599999999998,0.157692,14594.714595000001,12281.284262,12281.284262,14594.714595000001,2734.7014950000003,2734.7014950000003,14595.130435000001,14831.610193,14595.130435000001,288,1775170200.0,1775256300.0,288,0.0,1.0,0.0,30.347923259829184,15.616438038393255,0.012823868097357003,-0.3135284563117528,6.249459,200,3.795498538607127,88.089787,1.6717232891235656,12.544365882873535,0.21084,0.535,0.3575906636249734,0.6559766763848397,0.9300291545189504,0.5088235294117647,0.3941176470588235,0.9048529411764706,1.0,1.0,0.25647736194714005,0.0,0.41882578731571335,70.68463413794875,"['quote_volume_24h<50000', 'top_of_book_quote<5']",quote_volume_24h<50000; top_of_book_quote<5,False
nonkyc,DIVI/USDT,DIVI-USDT,DIVI,USDT,True,active,0.00133,34027.5212,25389401.0,0.0013695,0.0013812,85.06925509870146,0.8522004,1e-07,1.0,,,market.getlist.priceDecimals/quantityDecimals,1775255509451.0,False,0.8571428571428571,0.37941176470588234,0.0,56.6281512605042,0.0013695,0.0013812,0.00137535,1.1699999999999905e-05,0.8600460000000001,0.8522004,56,170,0.0,0.0,0.0,0.0,0.0,0.0,0.0,0.0,0.0,0.8600460000000001,0.8522004,0.8522004,0.8600460000000001,0.8522004,0.8522004,0.8600460000000001,0.8522004,0.8522004,3.0824523,3.0625433,3.0625433,288,1775168400.0,1775256300.0,294,6.0,0.9795918367346939,0.0,65.13462756674097,65.3809269797827,0.03824051081943954,-0.2580815799086624,117.48488745,200,1.3142291148086196,3753.7740873000002,24.666595979719066,14.19909143447876,19.3091097,0.5,0.7656658976403241,0.8571428571428571,0.6967930029154519,0.3735294117647059,0.7852941176470588,0.6683823529411765,0.9887755102040816,1.0,0.7648102163887908,0.0,0.5882700721295969,70.55715621778027,"['quote_volume_24h<50000', 'top_of_book_quote<5']",quote_volume_24h<50000; top_of_book_quote<5,False
nonkyc,UNI/USDT,UNI-USDT,UNI,USDT,True,active,3.166,190013.4763,59433.09,3.164,3.181,53.58550039401073,0.1582,0.001,0.01,,,market.getlist.priceDecimals/quantityDecimals,1775256188157.0,False,0.9591836734693877,0.788235294117647,0.0,72.4609843937575,3.164,3.181,3.1725000000000003,0.016999999999999904,0.1582,2987.75425,65,54,0.0,0.0,0.0,0.0,0.0,0.0,0.0,0.0,0.0,0.1582,29883.400149999998,0.1582,37853.01581,87171.12333,37853.01581,0.1582,29883.400149999998,0.1582,43527.746269999996,89251.55293,43527.746269999996,288,1775169900.0,1775256000.0,288,0.0,1.0,0.0,26.290256962392988,16.69690922287716,0.0008904719501338659,-0.14310395852978855,484.11559,200,3.6951102912463902,994.2237000000001,18.36883112835532,2.905569553375244,3.1180149999999998,0.495,0.49062258948936605,0.9591836734693877,0.35276967930029157,0.7735294117647059,0.4,0.9391176470588236,1.0,1.0,0.017809439002677317,0.0,0.33926981300089243,70.31438223222123,['top_of_book_quote<5'],top_of_book_quote<5,False
nonkyc,RAY/USDT,RAY-USDT,RAY,USDT,True,active,0.642,20775.4092,31506.46,0.639,0.647,124.41679626749621,336.90584,0.001,0.01,,,market.getlist.priceDecimals/quantityDecimals,1775256217070.0,False,0.8104956268221575,0.09411764705882353,0.0,46.930200651689255,0.639,0.647,0.643,0.008000000000000007,397.08738,336.90584,38,19,0.0,0.0,0.0,0.0,0.0,0.0,0.0,0.0,0.0,0.0,0.0,0.0,1090.54415,1052.46632,1052.46632,1795.72877,1729.89692,1729.89692,4710.5495599999995,7484.34143,4710.5495599999995,288,1775170200.0,1775256300.0,288,0.0,1.0,0.0,35.35534627333562,48.563604208924374,0.047080979284369114,0.004219703282877958,22.263755,200,0.9949875842016173,478.34657,2.3797444904771488,63.787092208862305,1.4056899999999999,0.51,0.2841685956719348,0.8104956268221575,0.9154518950437318,0.09999999999999998,0.9705882352941176,0.5544117647058824,1.0,1.0,0.9416195856873822,0.0,0.6472065285624607,70.25064528905455,"['quote_volume_24h<50000', 'spread_bps>120']",quote_volume_24h<50000; spread_bps>120,False
nonkyc,ONDO/USDT,ONDO-USDT,ONDO,USDT,True,active,0.26048,53975.5496,207453.37,0.2601,0.26193,70.11091316590995,0.174267,1e-05,0.01,,,market.getlist.priceDecimals/quantityDecimals,1775256180731.0,False,0.8979591836734694,0.7147058823529412,0.0,67.25540216086435,0.2601,0.26193,0.261015,0.0018299999999999983,0.174267,375.56047259999997,61,54,0.0,0.0,0.0,0.0,0.0,0.0,0.0,0.0,0.0,0.174267,8497.1272529,0.174267,8486.0707863,9045.7169644,8486.0707863,0.174267,9045.5432392,0.174267,8486.5224613,9045.7169644,8486.5224613,288,1775169900.0,1775256000.0,288,0.0,1.0,0.0,35.69848486526857,17.97245278814656,0.0241343126967468,-0.3466922531504625,121.1911388,200,3.8453502663141843,799.5377738,15.3725139570504,24.601428508758545,1.87162445,0.545,0.5091715861807695,0.8979591836734694,0.4198250728862974,0.6911764705882353,0.47058823529411764,0.8705882352941177,1.0,1.0,0.48268625393493597,0.0,0.4942287513116453,70.16039761429978,['top_of_book_quote<5'],top_of_book_quote<5,False
nonkyc,XNV/USDT,XNV-USDT,XNV,USDT,True,active,0.06087,15903.3483,263439.0801,0.060743,0.061275,87.20024914356975,3.1734996525000003,1e-06,0.0001,,,market.getlist.priceDecimals/quantityDecimals,1775254681588.0,False,0.7842565597667639,0.2941176470588235,0.0,50.48705196364261,0.060743,0.061275,0.061009,0.0005320000000000047,3.1752006161,3.1734996525000003,84,131,0.0,0.0,0.0,0.0,0.0,0.0,0.0,0.0,0.0,3.1752006161,3.1734996525000003,3.1734996525000003,3.1752006161,3.1734996525000003,3.1734996525000003,3.1752006161,3.1734996525000003,3.1734996525000003,9.3864698849,11.3627715019,9.3864698849,288,1775166300.0,1775256300.0,301,13.0,0.9568106312292359,0.0,78.0688248536749,75.25081234134284,0.01570329910984586,-0.4705369821017956,56.47972591,200,1.8619419682158445,1093.5313467911,10.18045954074972,2.2981762886047363,5.236398626,0.48,0.895282130732671,0.7842565597667639,0.7871720116618076,0.29117647058823526,0.8764705882352941,0.793235294117647,0.9762458471760798,1.0,0.31406598219691717,0.0,0.4380219940656391,69.89768784476156,"['quote_volume_24h<50000', 'top_of_book_quote<5']",quote_volume_24h<50000; top_of_book_quote<5,False
nonkyc,SAND/USDT,SAND-USDT,SAND,USDT,True,active,0.0767,18636.8423,244848.82,0.0764,0.0773,117.111255692908,0.11001599999999999,0.0001,0.01,,,market.getlist.priceDecimals/quantityDecimals,1775256212229.0,False,0.8017492711370262,0.138235294117647,0.0,47.55209226547762,0.0764,0.0773,0.07685,0.000899999999999998,0.11001599999999999,670.1508039999999,54,48,0.0,0.0,0.0,0.0,0.0,0.0,0.0,0.0,0.0,0.0,0.0,0.0,953.5503350000001,1596.391878,953.5503350000001,1261.246975,2261.318952,1261.246975,4171.328128,5221.861308,4171.328128,288,1775169600.0,1775256300.0,290,2.0,0.993103448275862,0.0,30.827914648215863,17.48765678250589,0.14285714285714207,-0.2715072483890056,36.7600525,200,3.7223453006864675,854.1179929999998,15.896610487376533,4.180400848388672,3.414528,0.465,0.263236137857266,0.8017492711370262,0.8979591836734694,0.15000000000000002,0.3088235294117647,0.9324999999999999,0.9962068965517241,1.0,1.0,0.0,0.6666666666666666,69.89049004823605,"['quote_volume_24h<50000', 'top_of_book_quote<5']",quote_volume_24h<50000; top_of_book_quote<5,False
nonkyc,DMD/USDT,DMD-USDT,DMD,USDT,True,active,1.396612,4519.5996,3211.7711,1.388145,1.399995,85.00290516258248,29.689090001999997,1e-06,0.0001,,,market.getlist.priceDecimals/quantityDecimals,1775254638169.0,False,0.6997084548104956,0.42352941176470593,0.0,49.07220030869491,1.388145,1.399995,1.3940700000000001,0.011850000000000138,29.689090001999997,29.746253763000002,38,34,0.0,0.0,0.0,0.0,0.0,0.0,0.0,0.0,0.0,29.689090001999997,29.746253763000002,29.689090001999997,29.689090001999997,29.746253763000002,29.689090001999997,29.689090001999997,29.746253763000002,29.689090001999997,106.55409471200001,106.7025036116,106.55409471200001,288,1775166600.0,1775256300.0,300,12.0,0.96,0.0,333.66266591591256,1977.1143569821315,0.0006433132961436382,-0.13593935601558502,14.722775799,200,1.824281552273225,278.3317700003,2.5387775671155075,14.440653562545776,1.1334205578,0.435,3.92530896770794,0.6997084548104956,0.8483965014577259,0.41764705882352937,0.9323529411764706,0.7083823529411765,0.978,0.09610196520051438,0.012866265922872764,1.0,0.369656077041129,69.87925842090006,['quote_volume_24h<50000'],quote_volume_24h<50000,False
nonkyc,BELLS/USDT,BELLS-USDT,BELLS,USDT,True,active,0.050452,53852.6816,1081605.83,0.050244,0.050673,85.02036326882602,0.56348376,1e-06,0.01,,,market.getlist.priceDecimals/quantityDecimals,1775256033330.0,False,0.8950437317784257,0.3970588235294118,0.0,59.153875836048705,0.050244,0.050673,0.0504585,0.00042900000000000577,0.56574744,0.56348376,69,200,0.0,0.0,0.0,0.0,0.0,0.0,0.0,0.0,0.0,0.56574744,0.56348376,0.56348376,0.56574744,132.0359712,0.56574744,0.56574744,0.56348376,0.56348376,2.06149912,148.64806444,2.06149912,288,1775169000.0,1775256000.0,291,3.0,0.9896907216494846,0.0,49.92313424161958,37.39836115297722,0.03319006685768865,-0.32678127978729044,178.16905253,200,2.1529066032718003,4674.27973426,50.316438527139546,49.91154432296753,23.953885810000003,0.555,0.5871903191446918,0.8950437317784257,0.6180758017492711,0.39117647058823535,0.7,0.6852941176470588,0.9943298969072165,1.0,0.663801337153773,0.0,0.5546004457179243,69.41422196509552,['top_of_book_quote<5'],top_of_book_quote<5,False
nonkyc,ADA/USDT,ADA-USDT,ADA,USDT,True,active,0.248,2126.8303,8668.56,0.2479,0.2487,32.219089810712646,0.15668100000000001,0.0001,0.01,,,market.getlist.priceDecimals/quantityDecimals,1775254625346.0,False,0.60932944606414,0.9058823529411765,0.0,56.16017835705711,0.2479,0.2487,0.24830000000000002,0.0007999999999999952,3.311944,0.15668100000000001,44,58,0.0,0.0,0.0,0.0,0.0,0.0,3.311944,0.15668100000000001,0.15668100000000001,3.311944,0.15668100000000001,0.15668100000000001,5.159444,0.577689,0.577689,3.311944,0.15668100000000001,0.15668100000000001,3.311944,0.15668100000000001,0.15668100000000001,288,1775161800.0,1775256300.0,316,28.0,0.9113924050632911,0.0,99.67554870679847,22.62401508904386,0.10526315789473713,-0.4423202225768923,5.072994,200,3.493066408628089,60.218749,1.0517404465075315,1.8838789463043213,0.22196,0.55,3.0936798429872767,0.60932944606414,0.3498542274052478,0.9,0.3911764705882353,0.8938235294117647,0.9512658227848101,1.0,1.0,1.0,1.0,69.38894359913948,"['quote_volume_24h<50000', 'top_of_book_quote<5']",quote_volume_24h<50000; top_of_book_quote<5,False
nonkyc,LAX/USDT,LAX-USDT,LAX,USDT,True,active,0.0208,690.1278,35717.7989,0.0208,0.0209,47.961630695443354,1.5134100799999999,0.0001,0.0001,,,market.getlist.priceDecimals/quantityDecimals,1775254582986.0,False,0.5451895043731778,0.8294117647058823,0.0,50.72071685817183,0.0208,0.0209,0.02085,9.99999999999994e-05,1.5134100799999999,1.6148468599999999,61,154,0.0,0.0,0.0,0.0,0.0,0.0,1.5134100799999999,1.6148468599999999,1.5134100799999999,1.5134100799999999,1.6148468599999999,1.5134100799999999,1.5134100799999999,1.6148468599999999,1.5134100799999999,1.5134100799999999,1.6148468599999999,1.5134100799999999,1.5134100799999999,1.6148468599999999,1.5134100799999999,288,1775096400.0,1775256000.0,533,245.0,0.5403377110694184,0.0,96.4787175095584,427.82629285836157,0.08571428571428572,-0.1586877655313058,0.14849420000000002,200,0.38432805012539434,249.3774143,0.4792136769161582,97.7733416557312,0.43264575,0.475,2.011581260074305,0.5451895043731778,0.7346938775510204,0.8147058823529412,0.8382352941176471,0.4836764705882353,0.7471857410881801,1.0,1.0,0.5057906300371524,0.8352635433457175,69.14821261796271,"['quote_volume_24h<50000', 'top_of_book_quote<5', 'coverage_ratio<0.90']",quote_volume_24h<50000; top_of_book_quote<5; coverage_ratio<0.90,False
nonkyc,S/USDT,S-USDT,S,USDT,True,active,0.042,20844.7117,494128.61,0.0418,0.0424,142.51781472684164,134.05259999999998,0.0001,0.01,,,market.getlist.priceDecimals/quantityDecimals,1775256207631.0,False,0.8134110787172012,0.050000000000000044,0.0,45.98760932944607,0.0418,0.0424,0.0421,0.0006000000000000033,134.05259999999998,357.036408,47,53,0.0,0.0,0.0,0.0,0.0,0.0,0.0,0.0,0.0,0.0,0.0,0.0,400.553547,601.2473580000001,400.553547,899.748563,971.3492040000001,899.748563,2158.671048,2104.598394,2104.598394,288,1775165700.0,1775256300.0,303,15.0,0.9504950495049505,0.0,22.424405627307166,19.30988131958419,0.01639344262295112,-0.20172122850475976,42.0381165,200,3.158670273391875,1698.1923570000001,26.820148582785915,11.909051418304443,2.2793400000000004,0.53,0.15734457948493777,0.8134110787172012,0.8833819241982507,0.044117647058823484,0.9470588235294117,0.7855882352941177,0.9727722772277227,1.0,0.32786885245902236,0.0,0.4426229508196741,69.05286841835769,"['quote_volume_24h<50000', 'spread_bps>120']",quote_volume_24h<50000; spread_bps>120,False
nonkyc,ENA/USDC,ENA-USDC,ENA,USDC,True,active,0.0794,10993.8179,135133.22,0.079,0.0802,138.451856513531,158.306538,0.0001,0.01,,,market.getlist.priceDecimals/quantityDecimals,1775256114742.0,False,0.7638483965014577,0.044117647058823484,0.0,43.11460298405076,0.0789,0.08,0.07944999999999999,0.0011000000000000038,158.306538,170.044,34,30,0.0,0.0,0.0,0.0,0.0,0.0,0.0,0.0,0.0,0.0,0.0,0.0,526.045327,480.02842,480.02842,1037.337079,973.859256,973.859256,2957.459177,2788.952678,2788.952678,288,1775170200.0,1775256300.0,288,0.0,1.0,0.0,26.268708902657878,22.955660328829378,0.04218362282878402,-0.23682720726235226,25.561417,200,1.3781128122861384,1309.609571,9.023948644438265,13.281328439712524,4.051565,0.505,0.18973172021056012,0.7638483965014577,0.8892128279883382,0.05294117647058827,0.95,0.6916176470588236,1.0,1.0,0.8436724565756804,0.0,0.6145574855252268,69.0086635192893,"['quote_volume_24h<50000', 'spread_bps>120']",quote_volume_24h<50000; spread_bps>120,False
nonkyc,BCH2/USDT,BCH2-USDT,BCH2,USDT,True,active,0.06037214,13721.7892,217610.1002,0.060166,0.06093805,127.5019291262354,2.6004876320799997,1e-08,1e-05,,,market.getlist.priceDecimals/quantityDecimals,1775256002802.0,False,0.7813411078717201,0.08529411764705885,0.0,45.10611387412108,0.060166,0.06093805,0.060552024999999995,0.0007720500000000033,2.6004876320799997,2.6114349290364998,68,200,0.0,0.0,0.0,0.0,0.0,0.0,0.0,0.0,0.0,0.0,0.0,0.0,14.375688161491,2.6114349290364998,2.6114349290364998,14.375688161491,2.6114349290364998,2.6114349290364998,33.893984553574,9.3674016801547,9.3674016801547,288,1775169300.0,1775256300.0,291,3.0,0.9896907216494846,0.0,100.81666907297874,128.10815955246133,0.1375355053622206,0.28927974490443115,40.55587604907,200,2.1315114121691496,741.9649089188,7.90753335394733,3.132943630218506,3.38465966595,0.445,0.7907070094066069,0.7813411078717201,0.7755102040816326,0.08823529411764708,0.8705882352941177,0.8070588235294118,0.9943298969072165,1.0,1.0,0.0,0.6666666666666666,68.933532776881,"['quote_volume_24h<50000', 'spread_bps>120', 'top_of_book_quote<5']",quote_volume_24h<50000; spread_bps>120; top_of_book_quote<5,False
nonkyc,SHIB/USDC,SHIB-USDC,SHIB,USDC,True,active,5.991e-06,17688.8508,2955796552.0,5.9908e-06,6.029e-06,72.51438645511074,0.1761954188,1e-10,1.0,,,market.getlist.priceDecimals/quantityDecimals,1775256219267.0,False,0.793002915451895,0.75,0.0,62.36516034985423,5.9908e-06,6.0344e-06,6.012600000000001e-06,4.359999999999989e-08,0.1761954188,538.867575232,66,69,0.0,0.0,0.0,0.0,0.0,0.0,0.0,0.0,0.0,0.1761954188,14460.4981678622,0.1761954188,2867.8574018233,14460.6749775286,2867.8574018233,0.1761954188,14460.4981678622,0.1761954188,14917.7946179027,14460.6749775286,14460.6749775286,288,1775169900.0,1775256000.0,288,0.0,1.0,0.0,36.80429506106444,20.464421405819692,0.05400388152898497,-0.22112618131877848,42.7067717993,200,3.6754256140477994,390.4992522793,7.176254770469264,20.231208324432373,0.7741977074999999,0.495,0.5075447350554051,0.793002915451895,0.42565597667638483,0.6676470588235295,0.4764705882352941,0.835735294117647,1.0,1.0,1.0,0.0,0.6666666666666666,68.73479734751044,"['quote_volume_24h<50000', 'top_of_book_quote<5']",quote_volume_24h<50000; top_of_book_quote<5,False
nonkyc,ARB/USDC,ARB-USDC,ARB,USDC,True,active,0.0926,16669.9107,179031.84,0.0925,0.093,53.908355795148296,0.165575,0.0001,0.01,,,market.getlist.priceDecimals/quantityDecimals,1775256213355.0,False,0.7900874635568513,0.7852941176470588,0.0,63.087163436803294,0.0925,0.093,0.09275,0.0005000000000000004,0.165575,1748.90685,53,47,0.0,0.0,0.0,0.0,0.0,0.0,0.0,0.0,0.0,0.165575,7103.851198,0.165575,3934.8888879999995,15265.567582,3934.8888879999995,0.165575,7103.851198,0.165575,5810.19673,19075.13223,5810.19673,288,1775169000.0,1775256000.0,291,3.0,0.9896907216494846,0.0,24.24523216947454,15.10938132915957,0.05976095617529897,-0.2119818512627708,29.978761,200,2.70408215007964,320.68314300000003,4.335767814088683,7.386844635009766,1.2616749999999999,0.545,0.4497490567437523,0.7900874635568513,0.37900874635568516,0.7705882352941177,0.4235294117647059,0.7977941176470589,0.9943298969072165,1.0,1.0,0.0,0.6666666666666666,68.4434161588052,"['quote_volume_24h<50000', 'top_of_book_quote<5']",quote_volume_24h<50000; top_of_book_quote<5,False
nonkyc,OP/USDT,OP-USDT,OP,USDT,True,active,0.1102,28292.0083,259674.35,0.1101,0.1106,45.31037607612147,0.053088,0.0001,0.01,,,market.getlist.priceDecimals/quantityDecimals,1775256181645.0,False,0.8425655976676385,0.8382352941176471,0.0,67.2969902246613,0.1101,0.1106,0.11035,0.0005000000000000004,886.897338,0.053088,56,51,0.0,0.0,0.0,0.0,0.0,0.0,886.897338,0.053088,0.053088,2582.8906230000002,0.053088,0.053088,7646.248384,0.053088,0.053088,2582.8906230000002,0.053088,0.053088,5946.976586000001,0.053088,0.053088,288,1775169300.0,1775256000.0,290,2.0,0.993103448275862,0.0,36.887291225805484,20.123257920308944,0.08583690987124465,-0.3945948964534743,69.5549775,200,3.7360528478748383,459.407129,8.581846563172265,1.8097484111785889,1.4457719999999998,0.49,0.8141025173535263,0.8425655976676385,0.239067055393586,0.8294117647058823,0.2411764705882353,0.9579411764705883,0.9962068965517241,1.0,1.0,0.0,0.6666666666666666,68.32694520172602,"['quote_volume_24h<50000', 'top_of_book_quote<5']",quote_volume_24h<50000; top_of_book_quote<5,False
nonkyc,BSB/USDT,BSB-USDT,BSB,USDT,True,active,0.24534,2453.8759,10017.35,0.24393,0.24601,84.90835612523976,0.9569789000000001,1e-05,0.01,,,market.getlist.priceDecimals/quantityDecimals,1775256098451.0,False,0.6443148688046647,0.5058823529411764,0.0,48.08437660778597,0.24393,0.24601,0.24497000000000002,0.0020799999999999985,0.9586449,0.9569789000000001,37,28,0.0,0.0,0.0,0.0,0.0,0.0,0.0,0.0,0.0,0.9586449,0.9569789000000001,0.9569789000000001,0.9586449,0.9569789000000001,0.9569789000000001,0.9586449,0.9569789000000001,0.9569789000000001,3.4457262,3.4365179000000006,3.4365179000000006,288,1775163300.0,1775256300.0,311,23.0,0.9260450160771704,0.0,77.12845197519084,37.43604212730347,0.00346279831539537,-0.5327187845357424,5.783760325,200,3.7702497759487072,54.9187292,1.0352866323084386,5.339298486709595,0.19740115,0.51,0.9083729269405055,0.6443148688046647,0.7026239067055393,0.5,0.7911764705882353,0.9425,0.9593247588424438,1.0,0.0692559663079074,0.0,0.3564186554359691,68.31288089291276,"['quote_volume_24h<50000', 'top_of_book_quote<5']",quote_volume_24h<50000; top_of_book_quote<5,False
nonkyc,SHIC/USDT,SHIC-USDT,SHIC,USDT,True,active,3.08e-06,1795.2459,588123720.829,3.09e-06,3.1e-06,32.310177705977075,0.34873573318,1e-08,0.0001,,,market.getlist.priceDecimals/quantityDecimals,1775256188162.0,False,0.6064139941690962,0.9029411764705882,0.0,55.926299091065005,3.09e-06,3.1e-06,3.095e-06,9.999999999999904e-09,5.567601704646,0.34873573318,89,200,0.0,0.0,0.0,0.0,0.0,0.0,5.567601704646,0.34873573318,0.34873573318,5.567601704646,0.34873573318,0.34873573318,6.063182933881,0.34873573318,0.34873573318,5.567601704646,0.34873573318,0.34873573318,5.567601704646,0.34873573318,0.34873573318,288,1775143200.0,1775256300.0,378,90.0,0.7619047619047619,0.0,38.70459876821394,65.04597084428386,0.05791505791505825,-0.08358318790528407,5.653615145185,200,1.1007142534706094,185.20762358540003,1.019303355659346,35.8587691783905,1.0671895711500001,0.505,1.1979073318762328,0.6064139941690962,0.5597667638483965,0.8970588235294118,0.6411764705882353,0.5992647058823529,0.8690476190476191,1.0,1.0,0.09895366593811639,0.6996512219793721,68.10978895906086,"['quote_volume_24h<50000', 'top_of_book_quote<5', 'coverage_ratio<0.90']",quote_volume_24h<50000; top_of_book_quote<5; coverage_ratio<0.90,False
nonkyc,PIRATE/USDT,PIRATE-USDT,PIRATE,USDT,True,active,0.019198,1467.0345,76470.1248,0.019154,0.019261,32.76216230271227,0.9257337386000001,1e-06,0.0001,,,market.getlist.priceDecimals/quantityDecimals,1775256224555.0,False,0.5830903790087464,0.7823529411764706,0.0,51.62879437489282,0.019198,0.019261,0.0192295,6.300000000000056e-05,3.110076,0.9257337386000001,54,53,0.0,0.0,0.0,0.0,0.0,0.0,3.110076,0.9257337386000001,0.9257337386000001,3.2789798028,53.030411409799996,3.2789798028,4.3591874528,53.030411409799996,4.3591874528,3.110076,2.8530114098,2.8530114098,3.2789798028,53.030411409799996,3.2789798028,288,1775153700.0,1775256000.0,342,54.0,0.8421052631578947,0.0,12.796245915621903,21.71464611615188,0.01743622860833044,-0.5957955939065153,6.4628175,200,0.33942670264194263,445.586158443,0.7562192025159884,66.19619274139404,2.5054035,0.535,0.39058001719753843,0.5830903790087464,0.793002915451895,0.8911764705882352,0.788235294117647,0.4995588235294117,0.9131578947368422,0.39968715963515855,0.3487245721666088,0.0,0.24947057726725577,68.03992388999467,"['quote_volume_24h<50000', 'top_of_book_quote<5', 'coverage_ratio<0.90']",quote_volume_24h<50000; top_of_book_quote<5; coverage_ratio<0.90,False
nonkyc,ZANO/USDT,ZANO-USDT,ZANO,USDT,True,active,9.418,112832.0374,11739.9,9.312,9.419,114.24910576050513,2.4489400000000003,0.001,0.01,,,market.getlist.priceDecimals/quantityDecimals,1775255941634.0,False,0.9329446064139941,0.15000000000000002,0.0,55.06195335276968,9.312,9.419,9.3655,0.1070000000000011,90.79199999999999,2.4489400000000003,122,162,0.0,0.0,0.0,0.0,0.0,0.0,0.0,0.0,0.0,0.0,0.0,0.0,229.53036,7.45797,7.45797,229.53036,7.45797,7.45797,370.05066,13.737210000000001,13.737210000000001,288,1775139600.0,1775255700.0,388,100.0,0.7422680412371134,0.0,31.552186345694523,32.102576458149784,0.10638297872340464,-0.20870929305926,589.252725,200,0.24773653962186654,3044.83609,3.7715857832618704,399.613712310791,1.170425,0.49,0.27617009459869074,0.9329446064139941,0.8163265306122449,0.16176470588235292,0.8647058823529412,0.37235294117647055,0.8582474226804124,1.0,1.0,0.0,0.6666666666666666,67.94045970671037,"['top_of_book_quote<5', 'coverage_ratio<0.90']",top_of_book_quote<5; coverage_ratio<0.90,False
nonkyc,ZRS/ZSD,ZRS-ZSD,ZRS,ZSD,True,active,0.440242,3443.9744,8163.3095,0.44,0.440386,8.768880922686128,0.4770261152,1e-06,0.0001,,,market.getlist.priceDecimals/quantityDecimals,1775254643132.0,False,0.6763848396501457,0.9735294117647059,0.0,61.53940147487567,0.44,0.440386,0.440193,0.00038599999999999746,1.0171919999999999,0.4770261152,31,44,1.0171919999999999,0.4770261152,0.4770261152,1.0171919999999999,0.4770261152,0.4770261152,1.0171919999999999,0.4770261152,0.4770261152,1.0171919999999999,0.4770261152,0.4770261152,1.0171919999999999,1.7092392707,1.0171919999999999,1.0171919999999999,0.4770261152,0.4770261152,1.0171919999999999,0.4770261152,0.4770261152,288,1775162400.0,1775256000.0,313,25.0,0.9201277955271565,0.0,645.6212257754755,2349.317573797217,0.05686677405493908,-0.10968632781383497,10.3159073175,200,0.9512721163983162,420.3419894597,1.999298069622038,165.82535552978516,2.2572063714,0.555,73.62641042429684,0.6763848396501457,0.6005830903790087,0.9705882352941176,0.6823529411764706,0.4844117647058823,0.9560702875399361,0.0,1.0,0.0,0.3333333333333333,67.94011063850462,"['quote_volume_24h<50000', 'top_of_book_quote<5', 'natr_bps_mean>400']",quote_volume_24h<50000; top_of_book_quote<5; natr_bps_mean>400,False
nonkyc,SAL/USDT,SAL-USDT,SAL,USDT,True,active,0.014907,40424.8379,2533500.3275,0.014906,0.015033,84.83917298506873,0.5968416693,1e-06,0.0001,,,market.getlist.priceDecimals/quantityDecimals,1775256220657.0,False,0.8746355685131195,0.5235294117647059,0.0,61.19319156233922,0.014906,0.015033,0.0149695,0.00012699999999999864,0.6111713402000001,0.5968416693,77,154,0.0,0.0,0.0,0.0,0.0,0.0,0.0,0.0,0.0,0.6111713402000001,0.5968416693,0.5968416693,0.6111713402000001,0.5968416693,0.5968416693,0.6111713402000001,0.5968416693,0.5968416693,25.0073681717,2.1578121622,2.1578121622,288,1775164200.0,1775256000.0,307,19.0,0.9381107491856677,0.0,68.86623409333944,88.77478047046021,0.006528315906799,-0.02710699974862266,141.504271728,200,1.1436458227934156,3878.4270497372,22.177734472204698,75.64892482757568,21.6037945096,0.5,0.8117268435120125,0.8746355685131195,0.6297376093294461,0.5176470588235293,0.711764705882353,0.5686764705882352,0.9659609120521173,1.0,0.13056631813598,0.0,0.37685543937866,67.81475758050568,"['quote_volume_24h<50000', 'top_of_book_quote<5']",quote_volume_24h<50000; top_of_book_quote<5,False
nonkyc,CHTA/DOGE,CHTA-DOGE,CHTA,DOGE,True,active,1.44998e-05,4643.7449,319481045.9401,1.44111e-05,1.44999e-05,61.42990557227345,5.14159129389741,1e-10,0.0001,,,market.getlist.priceDecimals/quantityDecimals,1775254666320.0,False,0.7084548104956269,0.7617647058823529,0.0,58.00913222431831,1.44111e-05,1.44999e-05,1.44555e-05,8.87999999999999e-08,5.14159129389741,7.22695986915372,47,144,0.0,0.0,0.0,0.0,0.0,0.0,0.0,0.0,0.0,5.14159129389741,63.86026264261972,5.14159129389741,18.48115912653985,109.0494480248187,18.48115912653985,5.14159129389741,109.0494480248187,5.14159129389741,18.48115912653985,109.0494480248187,18.48115912653985,288,1775078700.0,1775256000.0,592,304.0,0.4864864864864865,0.0,61.51620593912402,649.707729816499,0.01326929896047828,-0.6408197913600463,1.9005476081772001,200,0.14676049325895252,377.5745174568,0.27706511211985474,78.69196677207947,1.5479723324,0.54,1.0014048591813158,0.7084548104956269,0.8075801749271136,0.7411764705882353,0.8941176470588236,0.35250000000000004,0.7175675675675677,1.0,0.2653859792095656,0.0007024295906579159,0.42202946960007454,67.7922540279961,"['quote_volume_24h<50000', 'coverage_ratio<0.90']",quote_volume_24h<50000; coverage_ratio<0.90,False
nonkyc,PENGU/USDT,PENGU-USDT,PENGU,USDT,True,active,0.00629,7710.2378,1213957.18,0.006289,0.006314,36.50503928259595,0.16684717000000002,1e-06,0.01,,,market.getlist.priceDecimals/quantityDecimals,1775256216668.0,False,0.7463556851311953,0.8676470588235294,0.0,62.74073915280398,0.006289,0.006312,0.0063005000000000005,2.2999999999999583e-05,0.16684717000000002,375.14317896,58,39,0.0,0.0,0.0,0.0,0.0,0.0,0.16684717000000002,375.14317896,0.16684717000000002,0.16684717000000002,6029.78062893,0.16684717000000002,1564.24844586,9024.59735196,1564.24844586,0.16684717000000002,3504.21149772,0.16684717000000002,0.16684717000000002,9024.59735196,0.16684717000000002,288,1775169900.0,1775256000.0,288,0.0,1.0,0.0,40.03995872123797,24.11063696612944,0.017577500798977137,-0.3829880880786771,20.06037836,200,3.6297168548812913,226.69784126,4.114244876933127,11.55445647239685,0.744229165,0.455,1.0968337387963671,0.7463556851311953,0.3819241982507289,0.8647058823529412,0.4264705882352941,0.8536764705882354,1.0,1.0,0.3515500159795427,0.04841686939818357,0.4666556284592421,67.70875316334393,"['quote_volume_24h<50000', 'top_of_book_quote<5']",quote_volume_24h<50000; top_of_book_quote<5,False
nonkyc,UNI/USDC,UNI-USDC,UNI,USDC,True,active,3.168,38512.2039,12050.58,3.167,3.183,50.39370078740163,0.15835,0.001,0.01,,,market.getlist.priceDecimals/quantityDecimals,1775256195355.0,False,0.8629737609329446,0.7970588235294118,0.0,67.39002743954725,3.167,3.183,3.175,0.016000000000000014,0.15835,508.61157,50,47,0.0,0.0,0.0,0.0,0.0,0.0,0.0,0.0,0.0,0.15835,3387.33442,0.15835,1905.16823,12402.08876,1905.16823,0.15835,3813.01382,0.15835,1905.16823,12402.08876,1905.16823,288,1775169900.0,1775256000.0,288,0.0,1.0,0.0,20.768894176348013,15.579842402855066,0.00114547537227937,-0.21770311868210937,96.95447000000001,200,3.4827804080812568,279.53565,4.867806425901296,4.973855257034302,0.9504,0.475,0.41213274381190546,0.8629737609329446,0.3556851311953353,0.7852941176470588,0.40294117647058825,0.8594117647058823,1.0,1.0,0.0229095074455874,0.0,0.3409698358151958,67.33594771503758,"['quote_volume_24h<50000', 'top_of_book_quote<5']",quote_volume_24h<50000; top_of_book_quote<5,False
nonkyc,PYTH/USDT,PYTH-USDT,PYTH,USDT,True,active,0.041,23906.1184,582085.66,0.0409,0.041,24.42002442002512,0.12229100000000001,0.0001,0.01,,,market.getlist.priceDecimals/quantityDecimals,1775256166182.0,False,0.8250728862973761,0.9294117647058824,0.0,68.61430286400274,0.0409,0.041,0.04095,0.00010000000000000286,0.12229100000000001,898.04268,49,43,0.0,0.0,0.0,0.0,0.0,0.0,0.12229100000000001,898.04268,0.12229100000000001,0.12229100000000001,2595.566799,0.12229100000000001,0.12229100000000001,5179.593118,0.12229100000000001,0.12229100000000001,898.04268,0.12229100000000001,0.12229100000000001,2595.566799,0.12229100000000001,288,1775166600.0,1775256000.0,299,11.0,0.9632107023411371,0.0,22.747478833546026,23.004764179109944,0.07407407407407413,-0.2421130537924397,45.583474499999994,200,1.4329150375817463,317.39259,2.273983075140089,104.85519337654114,1.159685,0.475,0.9315092582336831,0.8250728862973761,0.30612244897959184,0.9235294117647059,0.3323529411764706,0.5952941176470589,0.9797658862876255,1.0,1.0,0.0,0.6666666666666666,66.96734730968356,"['quote_volume_24h<50000', 'top_of_book_quote<5']",quote_volume_24h<50000; top_of_book_quote<5,False
nonkyc,DRGX/USDT,DRGX-USDT,DRGX,USDT,True,active,0.016661,8247.508,565218.4316,0.01666,0.0168,83.68200836819949,1.017962652,1e-06,0.0001,,,market.getlist.priceDecimals/quantityDecimals,1775254551556.0,False,0.749271137026239,0.5852941176470587,0.0,55.84226547761961,0.01666,0.0168,0.016730000000000002,0.00013999999999999777,1.017962652,3.3991339199999997,75,172,0.0,0.0,0.0,0.0,0.0,0.0,0.0,0.0,0.0,1.017962652,5.4748050645,1.017962652,3.1320100926,5.4748050645,3.1320100926,3.1320100926,5.4748050645,3.1320100926,8.5762750114,10.721470520999999,8.5762750114,288,1775096100.0,1775255700.0,533,245.0,0.5403377110694184,0.0,78.43641331587223,332.54576936918255,0.046673060978980066,-0.14308732276265307,0.909474007,200,0.1673753968627574,190.7623600929,0.15964462863512685,502.55305314064026,0.7170682352,0.595,0.9373151391246882,0.749271137026239,0.7842565597667639,0.5794117647058823,0.8058823529411765,0.29911764705882354,0.7471857410881801,1.0,0.9334612195796013,0.0,0.6444870731932004,66.89142545030823,"['quote_volume_24h<50000', 'top_of_book_quote<5', 'coverage_ratio<0.90']",quote_volume_24h<50000; top_of_book_quote<5; coverage_ratio<0.90,False
nonkyc,ERG/USDT,ERG-USDT,ERG,USDT,True,active,0.283999,1531.663,5401.0149,0.2828,0.284,42.342978122793895,24.219331359999998,1e-06,0.0001,,,market.getlist.priceDecimals/quantityDecimals,1775255943064.0,False,0.5889212827988338,0.8558823529411765,0.0,53.787729377465276,0.2828,0.284,0.2834,0.0011999999999999789,24.219331359999998,24.297790399999997,44,200,0.0,0.0,0.0,0.0,0.0,0.0,24.219331359999998,24.297790399999997,24.219331359999998,48.3562288,67.50800971999999,48.3562288,67.2246133079,67.5872781873,67.2246133079,48.3562288,67.50800971999999,48.3562288,67.2246133079,67.5872781873,67.2246133079,288,1775131500.0,1775255700.0,415,127.0,0.6939759036144578,0.0,12.114128610469859,27.40923142227647,0.006994183194337403,-0.4292255019925299,7.0857337865000005,200,0.37714872234666996,640.1037524389,1.2070715620082013,406.4459764957428,1.2870161900000001,0.35,0.2860953373506015,0.5889212827988338,0.8542274052478134,0.85,0.9264705882352942,0.3922058823529412,0.8316867469879519,0.3428440508724882,0.13988366388674806,0.0,0.16090923825307876,66.86285403865622,"['quote_volume_24h<50000', 'coverage_ratio<0.90']",quote_volume_24h<50000; coverage_ratio<0.90,False
nonkyc,LKY/USDT,LKY-USDT,LKY,USDT,True,active,0.095685,18439.7546,190839.8283,0.094844,0.09612,133.6377537127416,3.2650521219999997,1e-06,0.0001,,,market.getlist.priceDecimals/quantityDecimals,1775254679954.0,False,0.7988338192419825,0.07058823529411762,0.0,45.70056594066198,0.094844,0.09612,0.095482,0.0012759999999999994,3.2650521219999997,3.271088556,56,200,0.0,0.0,0.0,0.0,0.0,0.0,0.0,0.0,0.0,0.0,0.0,0.0,3.2650521219999997,3.271088556,3.2650521219999997,3.2650521219999997,3.271088556,3.2650521219999997,11.710359545600001,10.2929366362,10.2929366362,288,1775165100.0,1775256300.0,305,17.0,0.9442622950819672,0.0,95.8456104947531,206.15165437745645,0.02545840423701267,-0.6316928419656889,63.762943729,200,1.6670924698652534,1522.2031162755998,12.688266763742376,6.541027545928955,8.1944036666,0.48,0.7172045910078385,0.7988338192419825,0.7900874635568513,0.07058823529411762,0.8823529411764706,0.7469117647058824,0.9693442622950821,1.0,0.5091680847402533,0.0,0.5030560282467511,66.84894030895117,"['quote_volume_24h<50000', 'spread_bps>120', 'top_of_book_quote<5']",quote_volume_24h<50000; spread_bps>120; top_of_book_quote<5,False
nonkyc,FET/USDT,FET-USDT,FET,USDT,True,active,0.2348,140291.5982,599574.89,0.2347,0.2367,84.85362749257537,0.11835,0.0001,0.01,,,market.getlist.priceDecimals/quantityDecimals,1775256202131.0,False,0.9387755102040817,0.5176470588235293,0.0,64.57382953181273,0.2347,0.2367,0.2357,0.0020000000000000018,0.119697,0.11835,59,51,0.0,0.0,0.0,0.0,0.0,0.0,0.0,0.0,0.0,0.119697,0.11835,0.11835,8136.17029,0.11835,0.11835,5661.009824,0.11835,0.11835,23851.809537,5620.919162,5620.919162,288,1775169900.0,1775256000.0,288,0.0,1.0,0.0,44.131252528463534,30.539592511196666,0.04824202780049083,-0.2588565320097246,135.82932399999999,200,3.5915691505841396,3335.786244,59.90353483446668,0.40619492530822754,6.279726,0.445,0.5200868110479424,0.9387755102040817,0.29737609329446063,0.5117647058823529,0.3235294117647059,0.918235294117647,1.0,1.0,0.9648405560098167,0.0,0.6549468520032722,66.82289674846696,['top_of_book_quote<5'],top_of_book_quote<5,False
nonkyc,MORPHO/USDT,MORPHO-USDT,MORPHO,USDT,True,active,1.4956,3587.6286,2393.61,1.4885,1.5,85.02661266026132,0.14873,0.0001,0.01,,,market.getlist.priceDecimals/quantityDecimals,1775256179147.0,False,0.685131195335277,0.6705882352941177,0.0,54.44692162579319,1.4873,1.5,1.4936500000000001,0.012699999999999934,0.14873,0.15000000000000002,59,47,0.0,0.0,0.0,0.0,0.0,0.0,0.0,0.0,0.0,680.509955,0.15000000000000002,0.15000000000000002,8908.770609,5461.666801,5461.666801,8908.770609,3168.616881,3168.616881,8908.770609,8628.082845,8628.082845,288,1775170200.0,1775256300.0,288,0.0,1.0,0.0,28.445282700798153,22.960379717242336,0.00533943554538492,-0.38096224116828115,9.649141,200,1.1004086184041486,372.788298,2.05109727979707,0.0,1.741541,0.555,0.3345456417799007,0.685131195335277,0.9329446064139941,0.3852941176470588,0.3764705882352941,0.7327205882352941,1.0,1.0,0.1067887109076984,0.0,0.3689295703025661,66.76045416641101,"['quote_volume_24h<50000', 'top_of_book_quote<5']",quote_volume_24h<50000; top_of_book_quote<5,False
nonkyc,FARTCOIN/USDT,FARTCOIN-USDT,FARTCOIN,USDT,True,active,0.16429,2843.4315,17350.53,0.16307,0.16573,163.44770591656243,178.04539820000002,1e-05,0.01,,,market.getlist.priceDecimals/quantityDecimals,1775256135598.0,False,0.6588921282798834,0.04117647058823526,0.0,37.268478820099475,0.16202,0.16469,0.163355,0.0026700000000000057,178.04539820000002,182.33159279999998,29,35,0.0,0.0,0.0,0.0,0.0,0.0,0.0,0.0,0.0,0.0,0.0,0.0,3223.0370174,1045.409037,1045.409037,5360.2072784,4949.4483192,4949.4483192,5360.2072784,4949.4483192,4949.4483192,288,1775170200.0,1775256300.0,288,0.0,1.0,0.0,22.87390061740502,27.645765943039788,0.030441085110788982,-0.04018489406468698,3.27219385,200,0.9256770787876172,205.2207398,0.9498406746234884,2.5055012702941895,0.56783045,0.44,0.1399462934590333,0.6588921282798834,0.9446064139941691,0.038235294117647034,0.9558823529411765,0.6822058823529411,1.0,1.0,0.6088217022157796,0.0,0.5362739007385932,66.51357248363357,"['quote_volume_24h<50000', 'spread_bps>120']",quote_volume_24h<50000; spread_bps>120,False
nonkyc,PEP/USDT,PEP-USDT,PEP,USDT,True,active,0.00015303,41374.7492,267379903.0014,0.00015105,0.00015317,139.37282229965066,1.5826378935429999,1e-08,0.0001,,,market.getlist.priceDecimals/quantityDecimals,1775256088780.0,False,0.8775510204081632,0.055882352941176494,0.0,49.662364945978396,0.00015105,0.00015317,0.00015211,2.1199999999999865e-06,1.6012100565000003,1.5826378935429999,54,109,0.0,0.0,0.0,0.0,0.0,0.0,0.0,0.0,0.0,0.0,0.0,0.0,32.1151183857,1.5826378935429999,1.5826378935429999,32.1151183857,1.5826378935429999,1.5826378935429999,40.31475308836001,5.672786504807,5.672786504807,288,1775162400.0,1775256300.0,314,26.0,0.9171974522292994,0.0,115.62350531059555,112.27339816312889,0.023737373737373658,-0.3030431666619482,142.61140889881,200,2.0121743254088504,2406.3430801718,24.209908820234734,31.715291261672974,13.48759491715,0.515,0.8295986506035284,0.8775510204081632,0.7405247813411079,0.050000000000000044,0.8441176470588235,0.6854411764705882,0.9544585987261147,1.0,0.47474747474747314,0.0,0.49158249158249107,66.11036631382177,"['quote_volume_24h<50000', 'spread_bps>120', 'top_of_book_quote<5']",quote_volume_24h<50000; spread_bps>120; top_of_book_quote<5,False
nonkyc,ZEPH/USDT,ZEPH-USDT,ZEPH,USDT,True,active,0.411963,9290.5038,22546.0868,0.4102,0.413134,71.27119735125702,0.08971074000000001,1e-06,0.0001,,,market.getlist.priceDecimals/quantityDecimals,1775256165766.0,False,0.7580174927113703,0.7,0.0,59.19096209912538,0.4102,0.413134,0.411667,0.002933999999999992,0.08971074000000001,0.6537019282000001,70,200,0.0,0.0,0.0,0.0,0.0,0.0,0.0,0.0,0.0,0.7423853721,0.6537019282000001,0.6537019282000001,0.7423853721,0.6537019282000001,0.6537019282000001,0.7423853721,0.6537019282000001,0.6537019282000001,0.7423853721,0.6537019282000001,0.6537019282000001,288,1775165700.0,1775256000.0,302,14.0,0.9536423841059603,0.0,64.77900692836278,64.05373375758619,0.0140970553024045,-0.34697352879174426,32.289710412,200,1.1458730807968496,1028.2205587833998,5.891051297158963,16.65059208869934,5.28052910025,0.515,0.9089086382133057,0.7580174927113703,0.6472303206997084,0.6735294117647059,0.2735294117647059,0.6416176470588235,0.9745033112582782,1.0,0.28194110604809,0.0,0.42731370201603003,65.81931401886897,"['quote_volume_24h<50000', 'top_of_book_quote<5']",quote_volume_24h<50000; top_of_book_quote<5,False
nonkyc,PEPE/USDT,PEPE-USDT,PEPE,USDT,True,active,3.43e-06,118820.6077,34525474986.0,3.41e-06,3.44e-06,87.5912408759128,0.27220666,1e-08,1.0,,,market.getlist.priceDecimals/quantityDecimals,1775255963161.0,False,0.9358600583090378,0.29117647058823526,0.0,58.75171497170296,3.41e-06,3.44e-06,3.4250000000000002e-06,3.0000000000000136e-08,0.27220666,10642.67989824,53,69,0.0,0.0,0.0,0.0,0.0,0.0,0.0,0.0,0.0,0.27220666,10642.67989824,0.27220666,0.27220666,35913.39640404,0.27220666,0.27220666,35913.39640404,0.27220666,53523.296268850005,73269.51022789,53523.296268850005,288,1775165700.0,1775256000.0,302,14.0,0.9536423841059603,0.0,15.761380874524342,20.678475132093816,0.08163265306122362,-0.1451385230518391,237.56902563,200,2.5766958899250936,2491.5531586199995,32.09987391673019,73.98130345344543,2.6063119400000003,0.53,0.17994243165081875,0.9358600583090378,0.521865889212828,0.28823529411764703,0.5970588235294118,0.6758823529411766,0.9745033112582782,0.6467817395436951,1.0,0.0,0.548927246514565,65.63108829081365,['top_of_book_quote<5'],top_of_book_quote<5,False
nonkyc,CRO/USDT,CRO-USDT,CRO,USDT,True,active,0.071244,4455.7194,62367.436,0.071202,0.071688,68.02435439848838,0.2891655624,1e-06,0.0001,,,market.getlist.priceDecimals/quantityDecimals,1775254725236.0,False,0.6967930029154519,0.7323529411764707,0.0,56.63243868976162,0.071202,0.071688,0.07144500000000001,0.0004860000000000003,0.2891655624,1.0404581256,35,53,0.0,0.0,0.0,0.0,0.0,0.0,0.0,0.0,0.0,0.2891655624,1.0404581256,0.2891655624,0.2891655624,1.3292811045000001,0.2891655624,0.2891655624,1.3292811045000001,0.2891655624,0.2891655624,1.3292811045000001,0.2891655624,288,1775163600.0,1775256000.0,309,21.0,0.9320388349514563,0.0,139.16017453596203,1842.0745625648754,5.499098147909245e-06,-0.43986771422865323,16.19689382,200,1.294108892798108,556.7330173221001,3.6023657431542637,55.642834186553955,2.8444223825,0.535,2.0457404670209467,0.6967930029154519,0.5364431486880467,0.7058823529411764,0.6147058823529412,0.6016176470588235,0.962621359223301,1.0,0.00010998196295818489,0.5228702335104733,0.5076600718244771,65.5858858247978,"['quote_volume_24h<50000', 'top_of_book_quote<5']",quote_volume_24h<50000; top_of_book_quote<5,False
nonkyc,EQPAY/USDT,EQPAY-USDT,EQPAY,USDT,True,active,0.003888,283.6822,71435.0914,0.00387,0.003889,48.97538342569898,0.666367947,1e-06,0.0001,,,market.getlist.priceDecimals/quantityDecimals,1775256216645.0,False,0.5043731778425656,0.8205882352941176,0.0,48.25523066369406,0.00387,0.003889,0.0038795,1.899999999999992e-05,0.666367947,2.1150614286,41,200,0.0,0.0,0.0,0.0,0.0,0.0,0.666367947,2.1150614286,0.666367947,3.9085431397,4.1812706977000005,3.9085431397,8.2899334179,10.2695708231,8.2899334179,3.9085431397,4.1812706977000005,3.9085431397,8.2899334179,8.1367863659,8.1367863659,285,1775126700.0,1775256000.0,432,147.0,0.6597222222222222,0.0,15.191155446748496,34.848883686037695,0.0674157303370786,-0.503342395961116,1.598862447,200,0.2601174300138335,100.3959590555,0.13057369426645357,176.44275307655334,0.3160870485,0.48,0.3101794081876897,0.5043731778425656,0.7988338192419825,0.8058823529411765,0.7441176470588236,0.4295588235294117,0.8128472222222223,0.599262953895708,1.0,0.0,0.5330876512985694,65.54274609415151,"['quote_volume_24h<50000', 'top_of_book_quote<5', 'coverage_ratio<0.90']",quote_volume_24h<50000; top_of_book_quote<5; coverage_ratio<0.90,False
nonkyc,PEP/USDC,PEP-USDC,PEP,USDC,True,active,0.00015415,28793.1918,185842150.2105,0.00015362,0.00015521,119.70623443010066,1.526494601506,1e-08,0.0001,,,market.getlist.priceDecimals/quantityDecimals,1775255955277.0,False,0.8454810495626822,0.20588235294117652,0.0,51.648516549476945,0.00015362,0.00015547,0.00015454500000000002,1.8499999999999908e-06,1.54173001276,1.526494601506,40,35,0.0,0.0,0.0,0.0,0.0,0.0,0.0,0.0,0.0,0.0,0.0,0.0,1.54173001276,1.526494601506,1.526494601506,1.54173001276,1.526494601506,1.526494601506,5.510600138976,5.477068216896999,5.477068216896999,288,1775162700.0,1775256000.0,312,24.0,0.9230769230769231,0.0,202.3389209588614,920.0198473089334,0.012429144677083682,-0.26699561276714096,102.23195368213,200,1.9661507487089762,2152.6613463712,21.16228358942304,205.70671010017395,10.723783615599999,0.425,1.6902955967344535,0.8454810495626822,0.7376093294460642,0.12058823529411766,0.8411764705882353,0.580735294117647,0.9576923076923078,0.8685945825949329,0.24858289354167362,0.34514779836722675,0.48744175816794444,65.12271949585173,"['quote_volume_24h<50000', 'top_of_book_quote<5']",quote_volume_24h<50000; top_of_book_quote<5,False
nonkyc,EVR/USDT,EVR-USDT,EVR,USDT,True,active,3.794e-05,2512.5344,66376942.1755,3.77e-05,3.801e-05,81.89142781666764,0.561911317296,1e-08,0.0001,,,market.getlist.priceDecimals/quantityDecimals,1775254666512.0,False,0.6472303206997084,0.6205882352941177,0.0,51.112373520836904,3.77e-05,3.801e-05,3.7854999999999996e-05,3.0999999999999534e-07,4.56314511263,0.561911317296,41,120,0.0,0.0,0.0,0.0,0.0,0.0,0.0,0.0,0.0,5.145925467477,0.561911317296,0.561911317296,5.145925467477,0.561911317296,0.561911317296,5.145925467477,0.561911317296,0.561911317296,6.647426713129,2.0295058938080004,2.0295058938080004,288,1775166000.0,1775256300.0,302,14.0,0.9536423841059603,0.0,67.57675048581105,62.95456986110257,0.0007888509071784928,-0.48353331262795446,8.52158535652,200,2.551527025144647,190.97990193089998,2.436451905180828,21.12536358833313,0.9999999996,0.515,0.8251993192388437,0.6472303206997084,0.6151603498542274,0.6088235294117648,0.6970588235294117,0.7266176470588235,0.9745033112582782,1.0,0.015777018143569854,0.0,0.33859233938119,65.00475002380163,"['quote_volume_24h<50000', 'top_of_book_quote<5']",quote_volume_24h<50000; top_of_book_quote<5,False
nonkyc,TRUMP/USDT,TRUMP-USDT,TRUMP,USDT,True,active,2.824,7462.9622,2634.59,2.823,2.846,81.14305874051907,0.1423,0.001,0.01,,,market.getlist.priceDecimals/quantityDecimals,1775254593506.0,False,0.7434402332361516,0.6470588235294117,0.0,57.065683416223635,2.823,2.846,2.8345000000000002,0.02300000000000013,1.24212,0.1423,59,70,0.0,0.0,0.0,0.0,0.0,0.0,0.0,0.0,0.0,1.38322,0.1423,0.1423,1.38322,2201.63122,1.38322,1.38322,2201.63122,1.38322,1.77382,9773.01595,1.77382,288,1775156400.0,1775255700.0,332,44.0,0.8674698795180723,0.0,30.007309759531772,29.321424215038306,0.017070979335130333,-0.5116579193546105,15.126179999999998,200,1.4014061709406953,250.40554999999995,1.7545994150389939,499.37950825691223,0.66364,0.525,0.36980747614518406,0.7434402332361516,0.7259475218658892,0.6323529411764706,0.36470588235294116,0.48661764705882354,0.9271084337349398,1.0,0.34141958670260664,0.0,0.4471398622342022,64.9787048770298,"['quote_volume_24h<50000', 'top_of_book_quote<5', 'coverage_ratio<0.90']",quote_volume_24h<50000; top_of_book_quote<5; coverage_ratio<0.90,False
nonkyc,FUSD/USDT,FUSD-USDT,FUSD,USDT,True,active,0.999999,235.3187,235.4649,0.9989,0.999999,10.99605332735632,117.7360822638,1e-06,0.0001,,,market.getlist.priceDecimals/quantityDecimals,1775255528246.0,False,0.4956268221574344,0.9647058823529412,0.0,51.37712227748242,0.9989,0.999999,0.9994495,0.0010989999999999611,1528.40230606,117.7360822638,67,55,0.0,0.0,0.0,3175.4733979800003,1238.7061822638,1238.7061822638,4245.08734754,8843.1798767238,4245.08734754,4416.2241637018,9069.0645652038,4416.2241637018,4416.2241637018,9070.7722538898,4416.2241637018,3310.30502166,1238.7061822638,1238.7061822638,4142.15658836,8683.0144158138,4142.15658836,288,1775088000.0,1775256000.0,561,273.0,0.5133689839572193,0.0,1.761578268312337,7.372554497248698,6.724813890222484e-06,-0.4648684929612849,0.713998929,200,0.15477025728853802,187.60809521630003,0.14518076583019648,341.8160915374756,0.61007878575,0.555,0.16020095718614136,0.4956268221574344,0.9416909620991254,0.961764705882353,0.9441176470588235,0.31676470588235295,0.7323529411764707,0.0,0.00013449627780444967,0.0,4.4832092601483224e-05,64.79519364762812,"['quote_volume_24h<50000', 'coverage_ratio<0.90', 'natr_bps_mean<12']",quote_volume_24h<50000; coverage_ratio<0.90; natr_bps_mean<12,False
nonkyc,ADM/USDT,ADM-USDT,ADM,USDT,True,active,0.01174075,11745.4782,997724.0455,0.01145764,0.01191576,392.00116371601854,1.1293304529119998,1e-08,0.0001,,,market.getlist.priceDecimals/quantityDecimals,1775256226424.0,False,0.7667638483965015,0.020588235294117685,0.0,42.68671754416052,0.01145764,0.01191576,0.0116867,0.00045811999999999936,10.767263339092,1.1293304529119998,35,35,0.0,0.0,0.0,0.0,0.0,0.0,0.0,0.0,0.0,0.0,0.0,0.0,0.0,0.0,0.0,31.089577136202,66.635722399295,31.089577136202,67.666282035833,70.68926975379699,67.666282035833,288,1775170200.0,1775256300.0,288,0.0,1.0,0.0,10.30925445048505,8.143762991480601,0.03588146841442514,-0.1241660574565644,40.07677655311001,200,1.3156486761841224,1324.2433277695,8.711194905627996,0.3063342571258545,6.3580754868,0.635,0.02629904042313887,0.7667638483965015,0.8513119533527697,0.020588235294117685,0.8147058823529412,0.7567647058823529,1.0,0.1924378708737541,0.7176293682885028,0.0,0.30335574638741897,64.39036418656326,"['quote_volume_24h<50000', 'spread_bps>120', 'top_of_book_quote<5', 'natr_bps_mean<12']",quote_volume_24h<50000; spread_bps>120; top_of_book_quote<5; natr_bps_mean<12,False
nonkyc,QORT/USDT,QORT-USDT,QORT,USDT,True,active,0.13,229.8719,1783.504,0.13,0.130001,0.0769227810663036,13.094952000000001,1e-06,0.0001,,,market.getlist.priceDecimals/quantityDecimals,1775254518735.0,False,0.4897959183673469,0.9970588235294118,0.0,51.86524609843938,0.13,0.130001,0.13000050000000002,1.000000000001e-06,13.094952000000001,494.0038,47,124,13.094952000000001,494.7501804826,13.094952000000001,13.094952000000001,494.7501804826,13.094952000000001,13.094952000000001,494.7501804826,13.094952000000001,13.094952000000001,494.7501804826,13.094952000000001,38.894952,494.7501804826,38.894952,13.094952000000001,494.0038,13.094952000000001,13.094952000000001,494.7501804826,13.094952000000001,288,1775089800.0,1775255700.0,554,266.0,0.51985559566787,0.0,14.04722296494262,63.71281205313036,0.0,-0.44038802807952737,0.300744821,200,0.1867744251336118,217.99463129969996,0.2035791097160756,464.0145571231842,0.283548453,0.45,182.61460090521967,0.4897959183673469,0.8192419825072886,0.9970588235294118,0.9117647058823529,0.3264705882352941,0.7359205776173285,0.5039352470785516,0.0,0.0,0.16797841569285055,64.34363750641684,"['quote_volume_24h<50000', 'coverage_ratio<0.90']",quote_volume_24h<50000; coverage_ratio<0.90,False
nonkyc,LINK/USDC,LINK-USDC,LINK,USDC,True,active,8.68,2220.2588,256.04,8.67,8.71,46.02991944764202,0.1734,0.01,0.01,,,market.getlist.priceDecimals/quantityDecimals,1775256203506.0,False,0.6180758017492711,0.8352941176470589,0.0,54.87652203738639,8.67,8.71,8.690000000000001,0.040000000000000924,0.1734,366.08130000000006,57,50,0.0,0.0,0.0,0.0,0.0,0.0,0.1734,366.08130000000006,0.1734,0.1734,619.7142000000001,0.1734,525.9961999999999,1198.6154000000001,525.9961999999999,0.1734,619.7142000000001,0.1734,525.9961999999999,1198.6154000000001,525.9961999999999,288,1775169600.0,1775256300.0,290,2.0,0.993103448275862,0.0,16.706962580385643,11.708877105038114,0.021276595744680007,-0.2942314058813515,6.068999999999999,200,3.1126765567951336,56.9607,0.8865011777432028,0.9693806171417236,0.2604,0.52,0.36295876205886973,0.6180758017492711,0.41690962099125367,0.8264705882352941,0.4676470588235294,0.8588235294117648,0.9962068965517241,0.7255802150321369,0.42553191489360015,0.0,0.383704043308579,64.24170929570474,"['quote_volume_24h<50000', 'top_of_book_quote<5']",quote_volume_24h<50000; top_of_book_quote<5,False
nonkyc,WLFI/USDT,WLFI-USDT,WLFI,USDT,True,active,0.098,863.1799,8716.01,0.0976,0.0984,91.88361408882061,0.168264,0.0001,0.01,,,market.getlist.priceDecimals/quantityDecimals,1775256122151.0,False,0.5510204081632653,0.638235294117647,0.0,46.26200480192077,0.0975,0.0984,0.09795000000000001,0.000899999999999998,514.875075,0.168264,55,51,0.0,0.0,0.0,0.0,0.0,0.0,0.0,0.0,0.0,514.875075,0.168264,0.168264,4751.213473,2199.436651,2199.436651,3209.638063,1386.593375,1386.593375,9464.331109,7583.362149,7583.362149,288,1775169000.0,1775256300.0,292,4.0,0.9863013698630136,0.0,21.3359939939315,21.069465711446,0.05501618122977364,-0.35635948328341227,1.365602,200,1.8927623920560281,18.373331,0.1738817496679859,13.838070154190063,0.02156,0.46,0.23220673463395503,0.5510204081632653,0.9037900874635568,0.25588235294117645,0.4323529411764706,0.7220588235294119,0.9924657534246575,1.0,1.0,0.0,0.6666666666666666,64.10926280492627,"['quote_volume_24h<50000', 'top_of_book_quote<5']",quote_volume_24h<50000; top_of_book_quote<5,False
nonkyc,NEXA/USDT,NEXA-USDT,NEXA,USDT,True,active,6.005e-07,6795.7766,10958688249.1379,5.998e-07,6.049e-07,84.6683821698359,0.20406637159010002,1e-10,0.0001,,,market.getlist.priceDecimals/quantityDecimals,1775256107081.0,False,0.7346938775510204,0.55,0.0,54.158163265306136,5.998e-07,6.049e-07,6.0235e-07,5.1000000000000655e-09,0.2165585928323,0.20406637159010002,110,200,0.0,0.0,0.0,0.0,0.0,0.0,0.0,0.0,0.0,0.2165585928323,0.20406637159010002,0.20406637159010002,0.2165585928323,29.186300733644146,0.2165585928323,0.2165585928323,0.20406637159010002,0.20406637159010002,0.7678769079279801,29.731036146291597,0.7678769079279801,288,1775163900.0,1775256300.0,309,21.0,0.9320388349514563,0.0,57.19975057479451,101.31328125018425,0.09697970740915526,-0.14130132510423857,21.5862086984707,200,1.1817726925236751,872.6916235857,5.156615648738651,21.78232431411743,4.82681213505,0.495,0.6755739168377849,0.7346938775510204,0.46938775510204084,0.5441176470588236,0.538235294117647,0.6280882352941177,0.962621359223301,1.0,1.0,0.0,0.6666666666666666,63.86211195157675,"['quote_volume_24h<50000', 'top_of_book_quote<5']",quote_volume_24h<50000; top_of_book_quote<5,False
nonkyc,CRV/USDT,CRV-USDT,CRV,USDT,True,active,0.2108,3742.3768,17774.304,0.2107,0.2126,61.509344688904456,0.16497810000000002,0.0001,0.001,,,market.getlist.priceDecimals/quantityDecimals,1775255997361.0,False,0.6880466472303207,0.2705882352941177,0.0,44.607271480020586,0.2107,0.212,0.21134999999999998,0.0012999999999999956,0.16497810000000002,471.72777199999996,60,57,0.0,0.0,0.0,0.0,0.0,0.0,0.0,0.0,0.0,0.16497810000000002,1344.0072626,0.16497810000000002,0.16497810000000002,7262.8165684000005,0.16497810000000002,0.16497810000000002,2197.214433,0.16497810000000002,0.16497810000000002,9362.2350727,0.16497810000000002,288,1775162400.0,1775256300.0,314,26.0,0.9171974522292994,0.0,36.985795596288526,24.978269531411392,0.03347280334728011,-0.4844245524761573,7.398667099999999,200,3.5798508096869512,80.16291100000001,1.434856309251065,26.27611756324768,0.20026,0.475,0.601303684559662,0.6880466472303207,0.3760932944606414,0.7382352941176471,0.42058823529411765,0.79,0.9544585987261147,1.0,0.6694560669456021,0.0,0.5564853556485341,63.8008955547223,"['quote_volume_24h<50000', 'top_of_book_quote<5']",quote_volume_24h<50000; top_of_book_quote<5,False
nonkyc,TRX/USDC,TRX-USDC,TRX,USDC,True,active,0.313823,1645.6912,5237.01,0.313599,0.315114,48.193690920976294,0.17331270000000001,1e-06,0.01,,,market.getlist.priceDecimals/quantityDecimals,1775255706744.0,False,0.597667638483965,0.8264705882352941,0.0,53.53348482250042,0.313599,0.315114,0.31435650000000004,0.0015149999999999886,686.4243071400001,0.17331270000000001,60,56,0.0,0.0,0.0,0.0,0.0,0.0,686.4243071400001,0.17331270000000001,0.17331270000000001,15102.69756104,0.17331270000000001,0.17331270000000001,15102.86940689,13704.27531265,13704.27531265,15102.69756104,0.17331270000000001,0.17331270000000001,15102.86940689,13704.27531265,13704.27531265,288,1775170200.0,1775256300.0,288,0.0,1.0,0.0,32.13943390450521,17.74125017035407,0.013661107048759556,-0.5386716905185794,2.9620227299999997,200,3.464828382719168,64.60414511,1.1192113780921789,9.236891031265259,0.16778884,0.54,0.6668805250298131,0.597667638483965,0.4110787172011662,0.8117647058823529,0.46176470588235297,0.8238235294117648,1.0,1.0,0.2732221409751911,0.0,0.4244073803250637,63.37790676500678,"['quote_volume_24h<50000', 'top_of_book_quote<5']",quote_volume_24h<50000; top_of_book_quote<5,False
nonkyc,SUN/USDT,SUN-USDT,SUN,USDT,True,active,0.017115,45183.5863,2639888.83,0.01709,0.017236,85.06671327856452,0.16960224000000002,1e-06,0.01,,,market.getlist.priceDecimals/quantityDecimals,1775254607955.0,False,0.8862973760932945,0.38235294117647056,0.0,58.30517921454297,0.01709,0.017236,0.017163,0.0001460000000000003,0.17038730000000002,0.16960224000000002,49,44,0.0,0.0,0.0,0.0,0.0,0.0,0.0,0.0,0.0,0.17038730000000002,617.7323663999999,0.17038730000000002,0.17038730000000002,3190.70699618,0.17038730000000002,0.17038730000000002,3190.70699618,0.17038730000000002,2925.7643075,3191.1450355399998,2925.7643075,288,1775169900.0,1775256000.0,288,0.0,1.0,0.0,28.992723719581843,11.494550833402599,0.021943573667709937,-0.28841309686642574,71.938039605,200,3.5499440143845447,670.84737009,11.907353030083046,18.111346006393433,2.3778496650000003,0.52,0.34082336794464535,0.8862973760932945,0.3965014577259475,0.3764705882352941,0.4411764705882353,0.8057352941176471,1.0,1.0,0.43887147335419874,0.0,0.47962382445139956,63.21916913115436,"['quote_volume_24h<50000', 'top_of_book_quote<5']",quote_volume_24h<50000; top_of_book_quote<5,False
nonkyc,GLINK/USDT,GLINK-USDT,GLINK,USDT,True,active,0.00099785,96.0883,97176.6089,0.000995,0.00099786,28.702467810081277,0.723948028716,1e-08,0.0001,,,market.getlist.priceDecimals/quantityDecimals,1775254505479.0,False,0.44314868804664725,0.9205882352941177,0.0,47.387883724918545,0.000995,0.00099786,0.00099643,2.8599999999999286e-06,47.6219004675,0.723948028716,43,200,0.0,0.0,0.0,0.0,0.0,0.0,47.6219004675,0.723948028716,0.723948028716,47.6219004675,0.723948028716,0.723948028716,47.6219004675,0.723948028716,0.723948028716,47.6219004675,0.723948028716,0.723948028716,47.6219004675,0.723948028716,0.723948028716,288,1775088300.0,1775256000.0,560,272.0,0.5142857142857142,0.0,102.90427399404125,1314.4758068726708,6.181211299254995e-05,-0.48197993128147126,0.29201198044,200,0.17873884462963543,87.7414138977,0.07841399473122768,166.63157320022583,0.25376321459999995,0.5,3.585206494261716,0.44314868804664725,0.6647230320699709,0.9117647058823529,0.7588235294117647,0.38588235294117645,0.7328571428571429,1.0,0.001236242259850999,1.0,0.6670787474199503,63.218799821995766,"['quote_volume_24h<50000', 'top_of_book_quote<5', 'coverage_ratio<0.90']",quote_volume_24h<50000; top_of_book_quote<5; coverage_ratio<0.90,False
nonkyc,CRV/USDC,CRV-USDC,CRV,USDC,True,active,0.2112,5173.6255,24528.45,0.2111,0.2126,47.25897920604919,0.16465800000000003,0.0001,0.001,,,market.getlist.priceDecimals/quantityDecimals,1775255947514.0,False,0.717201166180758,0.7058823529411764,0.0,57.09312296347111,0.2111,0.2121,0.2116,0.0010000000000000009,0.16465800000000003,477.56966250000005,58,37,0.0,0.0,0.0,0.0,0.0,0.0,0.16465800000000003,477.56966250000005,0.16465800000000003,0.16465800000000003,1458.9155301,0.16465800000000003,0.16465800000000003,9253.8948354,0.16465800000000003,0.16465800000000003,477.56966250000005,0.16465800000000003,0.16465800000000003,6666.6101298,0.16465800000000003,288,1775163600.0,1775256000.0,309,21.0,0.9320388349514563,0.0,37.34859545781197,31.35081822672875,0.027027027027027077,-0.4642969137427324,12.432168,200,1.07769866072019,509.41176670000004,2.744961893638479,24.96155285835266,2.0052384,0.54,0.7902962798873006,0.717201166180758,0.37317784256559766,0.8176470588235294,0.4176470588235294,0.6038235294117648,0.962621359223301,1.0,0.5405405405405415,0.0,0.5135135135135138,63.107145331724176,"['quote_volume_24h<50000', 'top_of_book_quote<5']",quote_volume_24h<50000; top_of_book_quote<5,False
nonkyc,ENS/USDT,ENS-USDT,ENS,USDT,True,active,5.54,4763.9502,855.39,5.53,5.55,36.1010830324902,0.1106,0.01,0.01,,,market.getlist.priceDecimals/quantityDecimals,1775256201377.0,False,0.7142857142857143,0.8764705882352941,0.0,61.19747899159664,5.53,5.55,5.54,0.019999999999999574,0.1106,300.1995,52,41,0.0,0.0,0.0,0.0,0.0,0.0,0.1106,300.1995,0.1106,0.1106,976.5735,0.1106,0.1106,2929.6021,0.1106,0.1106,300.1995,0.1106,0.1106,1625.4228,0.1106,288,1775168100.0,1775256000.0,294,6.0,0.9795918367346939,0.0,15.865901199777491,14.672278405253655,0.03333333333333316,-0.3713478621069232,9.8307,200,2.001103608645257,132.6278,1.3270098459334072,5.475351810455322,0.4432,0.53,0.4394854632338459,0.7142857142857143,0.2886297376093295,0.8676470588235294,0.31176470588235294,0.7730882352941176,0.9887755102040816,0.6554917666481243,0.6666666666666632,0.0,0.44071947777159587,62.86393118656521,"['quote_volume_24h<50000', 'top_of_book_quote<5']",quote_volume_24h<50000; top_of_book_quote<5,False
nonkyc,RIC/USDT,RIC-USDT,RIC,USDT,True,active,0.00873407,7121.7462,814931.7319,0.00870309,0.00877738,84.99771459234155,0.39285313105499997,1e-08,0.0001,,,market.getlist.priceDecimals/quantityDecimals,1775254490410.0,False,0.7405247813411079,0.4794117647058823,0.0,52.714157091408,0.00870309,0.00877738,0.008740234999999999,7.428999999999943e-05,0.39285313105499997,0.3935101333739999,31,52,0.0,0.0,0.0,0.0,0.0,0.0,0.0,0.0,0.0,0.39285313105499997,0.3935101333739999,0.39285313105499997,0.39285313105499997,0.3935101333739999,0.39285313105499997,0.39285313105499997,0.3935101333739999,0.39285313105499997,1.409946419877,1.4117705118779997,1.409946419877,288,1775162700.0,1775256300.0,313,25.0,0.9201277955271565,0.0,60.77919958324588,40.14102149156931,0.0024014209939847955,-0.4908982855171548,27.673125757065,200,1.141716948191579,884.8965431909,5.051506903785961,16.404243230819702,4.69424531375,0.48,0.7150686330185423,0.7405247813411079,0.5743440233236151,0.47352941176470587,0.6558823529411765,0.6398529411764705,0.9560702875399361,1.0,0.04802841987969591,0.0,0.3493428066265653,62.815370866206266,"['quote_volume_24h<50000', 'top_of_book_quote<5']",quote_volume_24h<50000; top_of_book_quote<5,False
nonkyc,ZEPH/ZSD,ZEPH-ZSD,ZEPH,ZSD,True,active,0.414067,4527.7691,11006.803,0.413014,0.41654,85.00953524424037,0.684570705,1e-06,0.0001,,,market.getlist.priceDecimals/quantityDecimals,1775254612825.0,False,0.7026239067055393,0.4088235294117647,0.0,48.86490310409878,0.413014,0.41654,0.414777,0.003526000000000029,0.684570705,0.685499878,49,65,0.0,0.0,0.0,0.0,0.0,0.0,0.0,0.0,0.0,0.684570705,0.685499878,0.684570705,4.0565023049999995,0.685499878,0.685499878,4.0565023049999995,0.685499878,0.685499878,5.832709177,2.4592236122,2.4592236122,288,1775163900.0,1775256000.0,308,20.0,0.935064935064935,0.0,168.15252211976343,1318.97307418611,0.0017624312853299258,-0.056165848406281874,16.080559117999996,200,0.8535182698744677,498.8136114465,2.128732653158258,179.06845903396606,2.41494907835,0.52,1.9780430705407983,0.7026239067055393,0.6559766763848397,0.40294117647058825,0.75,0.47044117647058825,0.9642857142857144,1.0,0.035248625706598515,0.48902153527039915,0.5080900536589992,62.79861790925334,"['quote_volume_24h<50000', 'top_of_book_quote<5']",quote_volume_24h<50000; top_of_book_quote<5,False
nonkyc,VEIL/USDT,VEIL-USDT,VEIL,USDT,True,active,0.001451,86.1929,59602.9378,0.001451,0.001452,6.889424733034212,0.2720739629,1e-06,0.0001,,,market.getlist.priceDecimals/quantityDecimals,1775254678200.0,False,0.43440233236151604,0.9823529411764705,0.0,48.45095180929515,0.001451,0.001452,0.0014515,9.999999999999159e-07,0.2720739629,0.9289191779999999,78,200,0.2720739629,0.9289191779999999,0.2720739629,0.2720739629,0.9289191779999999,0.2720739629,0.2720739629,0.9289191779999999,0.2720739629,2.4001241928,1.6114081032,1.6114081032,4.581696958199999,1.6114081032,1.6114081032,0.2720739629,0.9289191779999999,0.2720739629,0.2720739629,0.9289191779999999,0.2720739629,288,1775083500.0,1775255700.0,575,287.0,0.5008695652173913,0.0,19.459635162971,213.32513360181275,0.0017953321364452515,-0.4872041222972095,0.3251740195,200,0.15447624661198123,59.3273439288,0.04582332705789568,470.32427310943604,0.2725908412,0.515,2.8245660439054783,0.43440233236151604,0.7434402332361516,0.9794117647058823,0.5941176470588235,0.28911764705882353,0.7254782608695654,0.9549695969142501,0.03590664272890503,0.9122830219527391,0.6343864205319648,62.78604863188531,"['quote_volume_24h<50000', 'top_of_book_quote<5', 'coverage_ratio<0.90']",quote_volume_24h<50000; top_of_book_quote<5; coverage_ratio<0.90,False
nonkyc,FIX/USDT,FIX-USDT,FIX,USDT,True,active,4.79,588.7307,136.898,4.79,4.83,83.16008316008322,1.0114020000000001,0.01,0.0001,,,market.getlist.priceDecimals/quantityDecimals,1775256028730.0,False,0.5364431486880467,0.5970588235294118,0.0,44.430843766077864,4.79,4.83,4.8100000000000005,0.040000000000000036,2.182803,1.0114020000000001,39,200,0.0,0.0,0.0,0.0,0.0,0.0,0.0,0.0,0.0,2.182803,1.0114020000000001,1.0114020000000001,2.182803,3.2015020000000005,2.182803,2.182803,3.2015020000000005,2.182803,8.647294,10.613878,8.647294,288,1775077500.0,1775256000.0,596,308.0,0.48322147651006714,0.0,41.67982414868581,302.2923398254121,0.08789386401326707,-0.12735954064493135,0.8114,200,0.33263495700175927,291.50201100000004,0.4848187944745569,394.1291127204895,1.011633,0.445,0.5011998853879466,0.5364431486880467,0.7667638483965015,0.5911764705882353,0.8029411764705883,0.3936764705882353,0.715771812080537,1.0,1.0,0.0,0.6666666666666666,62.64076791215047,"['quote_volume_24h<50000', 'top_of_book_quote<5', 'coverage_ratio<0.90']",quote_volume_24h<50000; top_of_book_quote<5; coverage_ratio<0.90,False
nonkyc,RSR/USDT,RSR-USDT,RSR,USDT,True,active,0.001454,1720.924,1169069.53,0.001442,0.001459,124.39530062197655,84.64443318000001,1e-06,0.01,,,market.getlist.priceDecimals/quantityDecimals,1775255939599.0,False,0.6005830903790087,0.1352941176470588,0.0,36.41442291202195,0.001438,0.001456,0.001447,1.8000000000000004e-05,84.64443318000001,187.88178864,36,24,0.0,0.0,0.0,0.0,0.0,0.0,0.0,0.0,0.0,0.0,0.0,0.0,522.68054029,618.0383339,522.68054029,862.99222228,975.1668405199999,862.99222228,2440.94631015,2679.57987324,2440.94631015,288,1775170200.0,1775256300.0,288,0.0,1.0,0.0,17.753293173487307,20.86394084068443,0.020761245674740608,0.0039438623960232014,3.05266827,200,1.0276656147325283,92.85299961,0.4771091746198493,18.428447484970093,0.36217624,0.515,0.14271675123353403,0.6005830903790087,0.8775510204081632,0.1029411764705882,0.9382352941176471,0.6133823529411765,1.0,0.8127744311239423,0.41522491349481216,0.0,0.4093331148729182,62.571875137753366,"['quote_volume_24h<50000', 'spread_bps>120']",quote_volume_24h<50000; spread_bps>120,False
nonkyc,BONK/USDT,BONK-USDT,BONK,USDT,True,active,5.72e-06,4600.1133,799997751.0,5.71e-06,5.75e-06,52.40174672489032,0.17222502,1e-08,1.0,,,market.getlist.priceDecimals/quantityDecimals,1775255911772.0,False,0.7055393586005831,0.7205882352941176,0.0,56.819370605385025,5.71e-06,5.74e-06,5.725e-06,2.999999999999971e-08,0.17222502,3255.29461852,44,49,0.0,0.0,0.0,0.0,0.0,0.0,0.0,0.0,0.0,0.17222502,8808.73672777,0.17222502,10462.013273409999,28725.740123749998,10462.013273409999,0.17222502,8808.73672777,0.17222502,10462.013273409999,28725.740123749998,10462.013273409999,288,1775166900.0,1775256000.0,298,10.0,0.9664429530201343,0.0,18.94501849678852,18.586775037775332,0.027624309392265314,-0.16998314056724728,12.01747005,200,0.9627662971377192,536.32323713,2.5817696854028256,46.00201416015625,1.22119436,0.485,0.3615341029803844,0.7055393586005831,0.40524781341107874,0.7764705882352941,0.45294117647058824,0.5652941176470588,0.981543624161074,0.9120848747323768,0.5524861878453062,0.0,0.48819035419256096,62.56582889346603,"['quote_volume_24h<50000', 'top_of_book_quote<5']",quote_volume_24h<50000; top_of_book_quote<5,False
nonkyc,COMP/USDT,COMP-USDT,COMP,USDT,True,active,16.84,5304.4466,317.263,16.75,16.85,59.52380952381037,0.1348,0.01,0.001,,,market.getlist.priceDecimals/quantityDecimals,1775254668051.0,False,0.7201166180758017,0.7735294117647059,0.0,58.94464928828674,16.75,16.85,16.8,0.10000000000000142,731.4222500000001,0.1348,53,52,0.0,0.0,0.0,0.0,0.0,0.0,0.0,0.0,0.0,937.12841,0.1348,0.1348,3196.32232,0.1348,0.1348,1707.1586300000001,0.1348,0.1348,5212.74989,0.1348,0.1348,288,1775161500.0,1775256000.0,316,28.0,0.9113924050632911,0.0,33.345122860092104,19.049843035346697,0.05040650406504109,-0.327253824403802,8.376660000000001,200,1.786055815755438,98.02091000000001,0.875354081855702,92.21081948280334,0.353115,0.535,0.5601980640495394,0.7201166180758017,0.3236151603498542,0.7529411764705882,0.35,0.6148529411764706,0.9512658227848101,1.0,1.0,0.0,0.6666666666666666,62.15972105297814,"['quote_volume_24h<50000', 'top_of_book_quote<5']",quote_volume_24h<50000; top_of_book_quote<5,False
nonkyc,ETI/EGAZ,ETI-EGAZ,ETI,EGAZ,True,active,10.75902891,2368.506,229.9217,10.7590289,10.85087097,84.99999588383119,16.40859497539,1e-08,0.0001,,,market.getlist.priceDecimals/quantityDecimals,1775254335020.0,False,0.6355685131195336,0.44999999999999996,0.0,46.20626822157435,10.7590289,10.85087097,10.804949935,0.09184207000000022,16.40859497539,16.443409867938,35,46,0.0,0.0,0.0,0.0,0.0,0.0,0.0,0.0,0.0,16.40859497539,16.443409867938,16.40859497539,16.40859497539,16.443409867938,16.40859497539,16.40859497539,16.443409867938,16.40859497539,58.895875571684996,58.98400500791801,58.895875571684996,288,1775070900.0,1775256000.0,618,330.0,0.46601941747572817,0.0,76.63147649085987,1046.6644794754013,0.016712463919081794,-0.6811259381916422,6.43934355422,200,0.17433858881392417,2162.3039695235,1.8848651131673675,299.74893140792847,5.859791778,0.56,0.90154682590328,0.6355685131195336,0.8250728862973761,0.4441176470588235,0.9147058823529411,0.34191176470588236,0.7063106796116505,1.0,0.3342492783816359,0.0,0.44474975946054524,61.792177019773575,"['quote_volume_24h<50000', 'coverage_ratio<0.90']",quote_volume_24h<50000; coverage_ratio<0.90,False
nonkyc,NOOK/USDT,NOOK-USDT,NOOK,USDT,True,active,4.6925e-12,2377.5988,508796275323064.94,4.653e-12,4.6926e-12,84.74576271186432,0.21491827859103083,1e-16,0.0001,,,market.getlist.priceDecimals/quantityDecimals,1775254610074.0,False,0.6384839650145773,0.5441176470588236,0.0,48.71955925227234,4.653e-12,4.6926e-12,4.672799999999999e-12,3.959999999999995e-14,0.21491827859103083,23.462999999999997,40,200,0.0,0.0,0.0,0.0,0.0,0.0,0.0,0.0,0.0,0.21491827859103083,23.67712756673398,0.21491827859103083,0.21491827859103083,23.67712756673398,0.21491827859103083,0.21491827859103083,23.67712756673398,0.21491827859103083,0.7711311927230411,24.232959286175603,0.7711311927230411,288,1775160600.0,1775256300.0,320,32.0,0.9,0.0,48.713628566091586,96.34682829834775,0.03618447752471554,-0.3665219066219508,8.619191793602653,200,0.6471778408064406,538.1094701452,1.7412626250303416,0.08206295967102051,2.8029451742,0.45,0.5748208170798813,0.6384839650145773,0.49271137026239065,0.538235294117647,0.5617647058823529,0.6861764705882354,0.9450000000000001,1.0,0.7236895504943108,0.0,0.5745631834981036,61.713474400578704,"['quote_volume_24h<50000', 'top_of_book_quote<5']",quote_volume_24h<50000; top_of_book_quote<5,False
nonkyc,EIGEN/USDT,EIGEN-USDT,EIGEN,USDT,True,active,0.1515,52410.0749,346086.16,0.151,0.1523,85.72370590174715,0.149254,0.0001,0.01,,,market.getlist.priceDecimals/quantityDecimals,1775255873412.0,False,0.8892128279883382,0.32647058823529407,0.0,57.06847024524095,0.151,0.1523,0.15165,0.0012999999999999956,0.15855,0.149254,55,46,0.0,0.0,0.0,0.0,0.0,0.0,0.0,0.0,0.0,0.15855,0.149254,0.149254,0.15855,7202.732987,0.15855,0.15855,2891.631089,0.15855,8464.316912999999,16464.61047,8464.316912999999,288,1775165400.0,1775256300.0,304,16.0,0.9473684210526315,0.0,37.231247998025964,22.141698139551558,0.02721088435374153,-0.3442217234070382,86.01825600000001,200,3.6351629311263878,1579.892684,28.715836600172878,20.682608127593994,3.8735925,0.465,0.4343168276077428,0.8892128279883382,0.358600583090379,0.32352941176470584,0.37941176470588234,0.8194117647058824,0.9710526315789474,1.0,0.5442176870748305,0.0,0.5147392290249435,61.41574402191954,['top_of_book_quote<5'],top_of_book_quote<5,False
nonkyc,FREED/USDT,FREED-USDT,FREED,USDT,True,active,0.002367,2389.9337,1021534.7452,0.002356,0.002376,84.5308537616232,0.3155762808,1e-06,0.0001,,,market.getlist.priceDecimals/quantityDecimals,1775254646185.0,False,0.641399416909621,0.5588235294117647,0.0,49.247556165323275,0.002356,0.002376,0.002366,2.0000000000000052e-05,0.3207479604,0.3155762808,62,200,0.0,0.0,0.0,0.0,0.0,0.0,0.0,0.0,0.0,0.3207479604,0.3155762808,0.3155762808,0.3207479604,0.3155762808,0.3155762808,0.3207479604,0.3155762808,0.3155762808,0.3207479604,1.1433352656,0.3207479604,288,1775164800.0,1775256300.0,306,18.0,0.9411764705882353,0.0,87.56645617098327,563.9950548431096,0.002958904109589056,-0.5965881091515747,9.522720084000001,200,1.3614940218679095,270.7397149616,1.8430525170122007,29.168537616729736,1.4507977036000002,0.53,1.0359111765027296,0.641399416909621,0.5510204081632653,0.5529411764705883,0.6294117647058823,0.6445588235294117,0.9676470588235295,1.0,0.05917808219178112,0.017955588251364785,0.3590445568143819,61.297969149004736,"['quote_volume_24h<50000', 'top_of_book_quote<5']",quote_volume_24h<50000; top_of_book_quote<5,False
nonkyc,FLR/USDT,FLR-USDT,FLR,USDT,True,active,0.00757,1411.6034,185275.27,0.00316,0.0494,17595.129375951292,1.2475048,1e-05,0.01,,,market.getlist.priceDecimals/quantityDecimals,1775256085137.0,False,0.5801749271137027,0.0,0.0,31.90962099125365,0.00316,0.0494,0.02628,0.046239999999999996,1.2475048,30.226872,15,18,0.0,0.0,0.0,0.0,0.0,0.0,0.0,0.0,0.0,0.0,0.0,0.0,0.0,0.0,0.0,111.358502079,57.467879778000004,57.467879778000004,111.358502079,64.789210524,64.789210524,288,1775170200.0,1775256300.0,288,0.0,1.0,0.0,12.813317630614357,11.686227247638472,0.05882352941176482,-0.26970473018564434,3.0850179000000004,200,1.3372185475227558,93.8344222,0.6273856488096052,4.657384395599365,0.30647145,0.55,0.0007282309414631171,0.5801749271137027,0.8600583090379009,0.0,0.8264705882352941,0.7344117647058823,1.0,0.4011098025511964,1.0,0.0,0.4670366008503988,61.220436322343815,"['quote_volume_24h<50000', 'spread_bps>120', 'top_of_book_quote<5']",quote_volume_24h<50000; spread_bps>120; top_of_book_quote<5,False
nonkyc,BCH/USDC,BCH-USDC,BCH,USDC,True,active,440.6,3534.2239,7.98,440.98,446.22,126.97195566130407,378.9074,0.01,0.01,,,market.getlist.priceDecimals/quantityDecimals,1775255044031.0,False,0.6793002915451894,0.12352941176470589,0.0,40.449751329103066,440.59,446.22,443.405,5.630000000000052,378.9074,548.8506,30,27,0.0,0.0,0.0,0.0,0.0,0.0,0.0,0.0,0.0,0.0,0.0,0.0,8615.8084,8825.4259,8615.8084,8615.8084,8825.4259,8615.8084,8615.8084,8825.4259,8615.8084,288,1775131800.0,1775254800.0,411,123.0,0.7007299270072993,0.0,23.710865742449844,50.83424174387001,0.006048929115512114,-0.37705682198139717,17.682000000000002,200,0.5496879925150996,1012.8883999999999,2.783862956189156,1399.9166090488434,4.422,0.515,0.18674096668793738,0.6793002915451894,0.9533527696793003,0.09411764705882353,0.9794117647058823,0.3458823529411764,0.8354014598540147,1.0,0.12097858231024228,0.0,0.3736595274367474,60.95263696946053,"['quote_volume_24h<50000', 'spread_bps>120', 'coverage_ratio<0.90']",quote_volume_24h<50000; spread_bps>120; coverage_ratio<0.90,False
nonkyc,NENG/USDT,NENG-USDT,NENG,USDT,True,active,3.29e-07,264.8509,789662341.2648,3.28e-07,3.3e-07,60.79027355623074,0.6076359257448001,1e-09,0.0001,,,market.getlist.priceDecimals/quantityDecimals,1775255880383.0,False,0.5014577259475219,0.7647058823529411,0.0,46.69782198593724,3.28e-07,3.3e-07,3.2900000000000005e-07,1.9999999999999914e-09,0.6076359257448001,23.013702852260998,46,152,0.0,0.0,0.0,0.0,0.0,0.0,0.0,0.0,0.0,0.6076359257448001,23.013702852260998,0.6076359257448001,85.4926077953995,23.154518079991398,23.154518079991398,0.6076359257448001,23.013702852260998,0.6076359257448001,85.4926077953995,23.154518079991398,23.154518079991398,288,1775092800.0,1775256000.0,545,257.0,0.5284403669724771,0.0,35.41962704777503,111.47968705323552,0.043749999999999775,0.2106212741916807,0.1542836934015,200,0.16977437480745,136.5138854744,0.11588279779476046,124.93220162391663,0.1370387206,0.505,0.5826528649359018,0.5014577259475219,0.6355685131195336,0.7470588235294118,0.7205882352941176,0.39764705882352946,0.7406422018348624,1.0,0.8749999999999954,0.0,0.6249999999999986,60.8921894681857,"['quote_volume_24h<50000', 'top_of_book_quote<5', 'coverage_ratio<0.90']",quote_volume_24h<50000; top_of_book_quote<5; coverage_ratio<0.90,False
nonkyc,DOGE/USDC,DOGE-USDC,DOGE,USDC,True,active,0.09179,38.3206,420.1,0.0911579,0.0921154,118.70453709052718,0.18387736799999999,1e-07,0.01,,,market.getlist.priceDecimals/quantityDecimals,1775256194481.0,False,0.37317784256559766,0.19117647058823528,0.0,25.304193105813756,0.0910284,0.0921154,0.0915719,0.0010870000000000046,0.18387736799999999,0.1842308,113,58,0.0,0.0,0.0,0.0,0.0,0.0,0.0,0.0,0.0,0.0,0.0,0.0,9647.680206769,9746.926237332,9647.680206769,9647.680206769,9746.926237332,9647.680206769,9648.632648805,9747.399354416,9648.632648805,288,1775170200.0,1775256300.0,288,0.0,1.0,0.0,32.43542849964159,15.203156313278743,0.053671946589867486,-0.28588547160570754,0.10532020749999998,200,3.544967918120239,1.463664514,0.025943218725105258,15.707204103469849,0.004591,0.425,0.27324506117997394,0.37317784256559766,0.9591836734693877,0.138235294117647,0.4970588235294118,0.8130882352941177,1.0,1.0,1.0,0.0,0.6666666666666666,60.75190247527582,"['quote_volume_24h<50000', 'top_of_book_quote<5']",quote_volume_24h<50000; top_of_book_quote<5,False
nonkyc,FLUX/USDT,FLUX-USDT,FLUX,USDT,True,active,0.0567,2580.9827,46588.1485,0.0566,0.057,70.4225352112684,0.13813950000000003,0.0001,0.0001,,,market.getlist.priceDecimals/quantityDecimals,1775254685074.0,False,0.6501457725947521,0.711764705882353,0.0,53.55213513977019,0.0566,0.057,0.0568,0.0004000000000000045,0.23881804,0.13813950000000003,34,48,0.0,0.0,0.0,0.0,0.0,0.0,0.0,0.0,0.0,0.23881804,0.13813950000000003,0.13813950000000003,0.23881804,0.13813950000000003,0.13813950000000003,0.23881804,0.13813950000000003,0.13813950000000003,0.23881804,0.13813950000000003,0.13813950000000003,288,1775146800.0,1775256300.0,366,78.0,0.7868852459016393,0.0,129.9606450712787,63.49734935890889,0.054726368159203946,-0.4195693752329006,11.9575402,200,1.2214017682091483,500.94800211,3.0592938777899708,29.891570568084717,2.5971179849999997,0.55,1.8454411600121368,0.6501457725947521,0.3294460641399417,0.6852941176470588,0.3588235294117647,0.6195588235294118,0.8827868852459017,1.0,1.0,0.4227205800060684,0.8075735266686895,60.366023944218796,"['quote_volume_24h<50000', 'top_of_book_quote<5', 'coverage_ratio<0.90']",quote_volume_24h<50000; top_of_book_quote<5; coverage_ratio<0.90,False
nonkyc,ASTER/USDT,ASTER-USDT,ASTER,USDT,True,active,0.6563,247.7277,374.5,0.6562,0.6595,47.130368681109715,0.170612,0.0001,0.01,,,market.getlist.priceDecimals/quantityDecimals,1775256210730.0,False,0.49854227405247814,0.8058823529411765,0.0,47.56688389641571,0.6562,0.6593,0.6577500000000001,0.0030999999999999917,0.170612,195.41652,64,65,0.0,0.0,0.0,0.0,0.0,0.0,0.170612,195.41652,0.170612,0.170612,3108.488948,0.170612,0.170612,4905.922292,0.170612,0.170612,2759.3814,0.170612,0.170612,4905.922292,0.170612,288,1775166000.0,1775256300.0,302,14.0,0.9536423841059603,0.0,27.38559656049317,20.51076535550601,0.03545301069217786,-0.35418731086109295,0.424736,200,2.065619569686585,4.83168,0.049902063812316405,56.01706862449646,0.013166,0.49,0.5810605205698204,0.49854227405247814,0.39941690962099125,0.8205882352941176,0.4470588235294118,0.6655882352941176,0.9745033112582782,1.0,0.7090602138435571,0.0,0.5696867379478524,60.08819443821118,"['quote_volume_24h<50000', 'top_of_book_quote<5']",quote_volume_24h<50000; top_of_book_quote<5,False
nonkyc,ETI/USDT,ETI-USDT,ETI,USDT,True,active,0.040956,119.0593,3081.1372,0.04061,0.040957,0.4925016621936025,0.1922910624,1e-06,0.0001,,,market.getlist.priceDecimals/quantityDecimals,1775254256886.0,False,0.4606413994169096,0.3764705882352941,0.0,34.74704167381238,0.040608,0.04061,0.040609,2.000000000002e-06,0.1922910624,5.855543717,51,193,0.1922910624,5.855543717,0.1922910624,0.1922910624,5.855543717,0.1922910624,0.1922910624,5.855543717,0.1922910624,0.1922910624,5.855543717,0.1922910624,0.1922910624,5.855543717,0.1922910624,0.1922910624,5.855543717,0.1922910624,0.1922910624,5.855543717,0.1922910624,288,1775087100.0,1775256300.0,565,277.0,0.5097345132743363,0.0,75.82068588034006,460.5124296453872,0.037190382320558574,-0.3302054516016292,0.075003425,200,0.18803105846894536,88.01215687300001,0.08274509507482528,5.523922443389893,0.06517235745,0.495,153.95011164558252,0.4606413994169096,0.4518950437317784,0.9941176470588236,0.5117647058823529,0.5713235294117647,0.730353982300885,1.0,0.7438076464111715,0.0,0.5812692154703906,60.06540879129534,"['quote_volume_24h<50000', 'top_of_book_quote<5', 'coverage_ratio<0.90']",quote_volume_24h<50000; top_of_book_quote<5; coverage_ratio<0.90,False
nonkyc,FLOKI/USDT,FLOKI-USDT,FLOKI,USDT,True,active,2.68e-05,2222.8974,82601661.0,2.679e-05,2.695e-05,55.83472920156347,0.10603482,1e-08,1.0,,,market.getlist.priceDecimals/quantityDecimals,1775256190861.0,False,0.6209912536443148,0.7705882352941177,0.0,53.419224832790256,2.679e-05,2.694e-05,2.6865e-05,1.5000000000000026e-07,0.10603482,307.58303184,55,47,0.0,0.0,0.0,0.0,0.0,0.0,0.0,0.0,0.0,0.10603482,2319.9550624000003,0.10603482,1277.3543954000002,5867.48934763,1277.3543954000002,0.10603482,2319.9550624000003,0.10603482,1624.44228846,7643.567471740001,1624.44228846,288,1775170200.0,1775256300.0,288,0.0,1.0,0.0,29.673743951491083,18.03228655640233,0.02315325248070545,-0.23388017483530818,4.27569677,200,3.4859542190462967,58.129593539999995,1.0131855092610467,10.243606567382812,0.28016719999999995,0.48,0.5314567541712044,0.6209912536443148,0.282798833819242,0.7647058823529411,0.3029411764705882,0.8263235294117647,1.0,1.0,0.463065049614109,0.0,0.4876883498713697,60.01135614491504,"['quote_volume_24h<50000', 'top_of_book_quote<5']",quote_volume_24h<50000; top_of_book_quote<5,False
nonkyc,COSA/USDT,COSA-USDT,COSA,USDT,True,active,3.024155,114.4595,38.1269,3.024154,3.049969,84.99992509206724,1.4688315978,1e-06,0.0001,,,market.getlist.priceDecimals/quantityDecimals,1775256074125.0,False,0.45481049562682213,0.4558823529411765,0.0,36.41163608300463,3.024154,3.049969,3.0370615,0.025815000000000143,1.4688315978,1.4719150393999998,66,49,0.0,0.0,0.0,0.0,0.0,0.0,0.0,0.0,0.0,1.4688315978,1.4719150393999998,1.4688315978,1.4688315978,29.4702692947,1.4688315978,1.4688315978,1.4719150393999998,1.4688315978,1.4688315978,45.2765903251,1.4688315978,288,1775146500.0,1775256000.0,366,78.0,0.7868852459016393,0.0,39.43224774597982,32.368888948126845,0.06901199198235759,-0.375304724871216,0.360465618,200,0.8555476884822278,16.2015681059,0.06930607071395066,404.60651683807373,0.02672505,0.91,0.46390920584069906,0.45481049562682213,0.7288629737609329,0.44999999999999996,0.8323529411764706,0.4219117647058824,0.8827868852459017,1.0,1.0,0.0,0.6666666666666666,59.90901159527042,"['quote_volume_24h<50000', 'top_of_book_quote<5', 'coverage_ratio<0.90']",quote_volume_24h<50000; top_of_book_quote<5; coverage_ratio<0.90,False
nonkyc,LRS/USDT,LRS-USDT,LRS,USDT,True,active,0.00551,688.9648,126896.9217,0.0055,0.005548,86.89355539464212,2.3742616067999998,1e-06,0.0001,,,market.getlist.priceDecimals/quantityDecimals,1775256100655.0,False,0.5422740524781341,0.3058823529411765,0.0,37.47213170982679,0.0055,0.005548,0.005523999999999999,4.80000000000003e-05,2.7465256499999997,2.3742616067999998,110,200,0.0,0.0,0.0,0.0,0.0,0.0,0.0,0.0,0.0,2.7465256499999997,2.3742616067999998,2.3742616067999998,3.1311619635,2.7499687096999996,2.7499687096999996,3.1311619635,2.7499687096999996,2.7499687096999996,7.1997192003,5.7222615281,5.7222615281,288,1775120700.0,1775256000.0,452,164.0,0.6371681415929203,0.0,50.583071423223636,98.26545188681474,0.10056001947893818,-0.1965574410565914,0.23332924100000002,200,0.2551378978881486,206.954170546,0.2640092601614592,232.13146328926086,0.17180076635,0.505,0.5821268469622616,0.5422740524781341,0.7784256559766763,0.30294117647058827,0.8588235294117647,0.40911764705882353,0.8004424778761062,1.0,1.0,0.0,0.6666666666666666,59.881240647965896,"['quote_volume_24h<50000', 'top_of_book_quote<5', 'coverage_ratio<0.90']",quote_volume_24h<50000; top_of_book_quote<5; coverage_ratio<0.90,False
nonkyc,TDC/DOGE,TDC-DOGE,TDC,DOGE,True,active,0.94411,4654.2542,4231.5279,0.943145,0.952994,103.8847890370906,2.8358242458,1e-06,0.0001,,,market.getlist.priceDecimals/quantityDecimals,1775255970513.0,False,0.7113702623906706,0.19999999999999996,0.0,44.12536443148689,0.943145,0.952994,0.9480695,0.009848999999999997,4.0035562105,2.8358242458,33,40,0.0,0.0,0.0,0.0,0.0,0.0,0.0,0.0,0.0,0.0,0.0,0.0,4.0035562105,2.8358242458,2.8358242458,4.0035562105,2.8358242458,2.8358242458,14.3679142499,13.230486788999999,13.230486788999999,288,1775096700.0,1775256000.0,532,244.0,0.5413533834586466,0.0,58.48235395322776,2095.2378183784685,0.02639241082584768,-0.012431486403357993,1.610456321,200,0.1898627499581083,498.0829487028,0.47283699173978505,278.57482957839966,1.5857638454999998,0.435,0.5629539655930519,0.7113702623906706,0.7813411078717201,0.19999999999999996,0.8735294117647059,0.36720588235294116,0.7477443609022556,1.0,0.5278482165169536,0.0,0.5092827388389846,59.86468533457583,"['quote_volume_24h<50000', 'top_of_book_quote<5', 'coverage_ratio<0.90']",quote_volume_24h<50000; top_of_book_quote<5; coverage_ratio<0.90,False
nonkyc,JTO/USDT,JTO-USDT,JTO,USDT,True,active,0.256,2172.2624,8384.32,0.255,0.258,116.95906432748548,0.18359999999999999,0.001,0.01,,,market.getlist.priceDecimals/quantityDecimals,1775256140396.0,False,0.6122448979591837,0.14117647058823535,0.0,37.20288115246099,0.255,0.258,0.2565,0.0030000000000000027,0.18359999999999999,1293.50106,42,40,0.0,0.0,0.0,0.0,0.0,0.0,0.0,0.0,0.0,0.0,0.0,0.0,1318.2023000000002,3293.5482700000002,1318.2023000000002,1318.2023000000002,3293.5482700000002,1318.2023000000002,4555.34696,7227.9741300000005,4555.34696,288,1775156100.0,1775256300.0,335,47.0,0.8597014925373134,0.0,12.283415340580468,23.025158402535137,0.06493506493506493,-0.30336287570458526,5.58001,200,0.9880665439767137,628.13327,3.1031873462284603,82.03839349746704,1.74208,0.535,0.10502320116196291,0.6122448979591837,0.9008746355685131,0.15294117647058825,0.48823529411764705,0.5310294117647059,0.9228358208955224,0.3569512783817057,1.0,0.0,0.4523170927939019,59.188193516931975,"['quote_volume_24h<50000', 'top_of_book_quote<5', 'coverage_ratio<0.90']",quote_volume_24h<50000; top_of_book_quote<5; coverage_ratio<0.90,False
nonkyc,XLM/USDC,XLM-USDC,XLM,USDC,True,active,0.1631,6062.9944,36957.88,0.1629,0.1643,85.57457212714013,0.157728,0.0001,0.01,,,market.getlist.priceDecimals/quantityDecimals,1775256211469.0,False,0.7288629737609329,0.33529411764705885,0.0,48.46981649802778,0.1629,0.1643,0.1636,0.0014000000000000123,0.18407699999999996,0.157728,54,56,0.0,0.0,0.0,0.0,0.0,0.0,0.0,0.0,0.0,0.18407699999999996,0.157728,0.157728,0.18407699999999996,1979.3378880000002,0.18407699999999996,0.18407699999999996,668.440237,0.18407699999999996,2764.958216,5100.594296,2764.958216,288,1775170200.0,1775256300.0,288,0.0,1.0,0.0,36.328348087859226,20.576397935005343,0.0049751243781093885,-0.5031649495496557,16.93477615,200,3.6755145490906704,173.09463399999999,3.181059228182623,8.825024843215942,0.733808,0.47,0.42452269622669403,0.7288629737609329,0.4402332361516035,0.33235294117647063,0.39705882352941174,0.8891176470588236,1.0,1.0,0.09950248756218777,0.0,0.3665008291873959,59.125913796933126,"['quote_volume_24h<50000', 'top_of_book_quote<5']",quote_volume_24h<50000; top_of_book_quote<5,False
nonkyc,HTN/USDT,HTN-USDT,HTN,USDT,True,active,1.769e-05,139.6556,7725364.7255,1.756e-05,1.77e-05,79.41009642654491,1.487107005476,1e-08,0.0001,,,market.getlist.priceDecimals/quantityDecimals,1775254042875.0,False,0.47230320699708456,0.6588235294117647,0.0,42.44726462013377,1.756e-05,1.77e-05,1.763e-05,1.3999999999999866e-07,1.487107005476,1.7791020267600002,46,193,0.0,0.0,0.0,0.0,0.0,0.0,0.0,0.0,0.0,1.487107005476,3.188977916182,1.487107005476,1.487107005476,3.188977916182,1.487107005476,1.487107005476,3.188977916182,1.487107005476,4.875445733668,6.860921323462001,4.875445733668,288,1775064300.0,1775256000.0,640,352.0,0.45,0.0,15.603932058001217,67.59430438121743,0.04676753782668478,-0.15556304958764533,0.5485149982899999,200,0.1471069289374266,135.6232699565,0.09975561367876135,204.08448910713196,0.4887990199,0.49,0.19649808727326004,0.47230320699708456,0.7317784256559767,0.6411764705882352,0.8352941176470589,0.2988235294117647,0.6975,0.6336610048334347,0.9353507565336956,0.0,0.5230039204557101,58.702943509136084,"['quote_volume_24h<50000', 'top_of_book_quote<5', 'coverage_ratio<0.90']",quote_volume_24h<50000; top_of_book_quote<5; coverage_ratio<0.90,False
nonkyc,RVN/USDT,RVN-USDT,RVN,USDT,True,active,0.005556,2343.8867,413389.58,0.005555,0.005602,84.25203907860565,0.21859004,1e-06,0.01,,,market.getlist.priceDecimals/quantityDecimals,1775255997068.0,False,0.6297376093294461,0.5735294117647058,0.0,48.97380380723719,0.005555,0.005602,0.0055785,4.700000000000017e-05,0.2239776,0.21859004,59,162,0.0,0.0,0.0,0.0,0.0,0.0,0.0,0.0,0.0,0.2239776,0.21859004,0.21859004,0.2239776,0.21859004,0.21859004,0.2239776,0.21859004,0.21859004,0.80749899,0.7836896400000001,0.7836896400000001,288,1775148900.0,1775255700.0,357,69.0,0.8067226890756303,0.0,32.84683388009563,31.54466929642077,0.02550799827064415,-0.32161762180229414,8.878165525,200,1.217758078959211,250.93036738,1.5278624106659895,386.6974425315857,0.3926142,0.46,0.3898639634044954,0.6297376093294461,0.4956268221574344,0.5676470588235294,0.5705882352941176,0.4827941176470588,0.8936974789915967,1.0,0.510159965412883,0.0,0.5033866551376277,58.43766864364175,"['quote_volume_24h<50000', 'top_of_book_quote<5', 'coverage_ratio<0.90']",quote_volume_24h<50000; top_of_book_quote<5; coverage_ratio<0.90,False
nonkyc,BTCE/USDT,BTCE-USDT,BTCE,USDT,True,active,0.034487,3238.8838,94215.2446,0.034231,0.034523,84.94051255199714,0.19865569889999998,1e-06,0.0001,,,market.getlist.priceDecimals/quantityDecimals,1775254757181.0,False,0.6705539358600583,0.4970588235294118,0.0,49.3069370605385,0.034231,0.034523,0.034377,0.0002920000000000006,0.19959411479999997,0.19865569889999998,60,88,0.0,0.0,0.0,0.0,0.0,0.0,0.0,0.0,0.0,0.19959411479999997,0.19865569889999998,0.19865569889999998,0.19959411479999997,0.19865569889999998,0.19865569889999998,0.19959411479999997,0.19865569889999998,0.19865569889999998,0.7161688644,0.7145169096,0.7145169096,288,1775162700.0,1775256000.0,312,24.0,0.9230769230769231,0.0,137.2361049286112,592.776521400456,0.0012581377871974202,-0.12420820548072152,12.068138862000001,200,1.32615471054419,451.1943859505,2.9917678014967444,85.24750852584839,2.2907634708,0.5,1.6156731435379652,0.6705539358600583,0.4577259475218659,0.4911764705882353,0.5235294117647059,0.5844117647058824,0.9576923076923078,1.0,0.0251627557439484,0.3078365717689826,0.444333109170977,58.32806757971157,"['quote_volume_24h<50000', 'top_of_book_quote<5']",quote_volume_24h<50000; top_of_book_quote<5,False
nonkyc,HACD/USDT,HACD-USDT,HACD,USDT,True,active,5.0069,2354.129,471.9074,4.9671,5.0095,84.99889741996225,0.20473495873,0.0001,1e-08,,,market.getlist.priceDecimals/quantityDecimals,1775254709074.0,False,0.6326530612244898,0.47058823529411764,0.0,46.56062424969989,4.9671,5.0095,4.988300000000001,0.04239999999999977,0.205869853899,0.20473495873,70,113,0.0,0.0,0.0,0.0,0.0,0.0,0.0,0.0,0.0,0.205869853899,0.20473495873,0.20473495873,0.205869853899,0.20473495873,0.20473495873,0.205869853899,0.20473495873,0.20473495873,0.7371884372310001,0.735748438291,0.735748438291,288,1775166300.0,1775256300.0,301,13.0,0.9568106312292359,0.0,72.6948497615453,111.19402778072735,0.0032780076832940267,-0.6250424717496604,8.1525219,200,2.118306350480059,188.4830897668,1.9963246300555775,47.57511019706726,0.92918414795,0.55,0.8552446204375433,0.6326530612244898,0.47230320699708456,0.4647058823529412,0.5411764705882353,0.6817647058823529,0.9762458471760798,1.0,0.06556015366588053,0.0,0.3551867178886268,57.88994561291769,"['quote_volume_24h<50000', 'top_of_book_quote<5']",quote_volume_24h<50000; top_of_book_quote<5,False
nonkyc,DCR/USDT,DCR-USDT,DCR,USDT,True,active,20.7948,40.2887,1.9344,20.7947,20.8654,33.94134915662814,0.6134436499999999,0.0001,0.0001,,,market.getlist.priceDecimals/quantityDecimals,1775256015493.0,False,0.3760932944606414,0.8911764705882352,0.0,42.96454296004116,20.7947,20.8654,20.83005,0.0707000000000022,0.6134436499999999,15.183751580000001,43,84,0.0,0.0,0.0,0.0,0.0,0.0,0.6134436499999999,15.183751580000001,0.6134436499999999,0.6134436499999999,15.183751580000001,0.6134436499999999,2.2043944399999997,15.183751580000001,2.2043944399999997,0.6134436499999999,15.183751580000001,0.6134436499999999,0.6134436499999999,15.183751580000001,0.6134436499999999,288,1775082300.0,1775256000.0,580,292.0,0.496551724137931,0.006944444444444444,18.572440589767268,187.91844036182923,0.03230939367178221,-0.1405726406482635,0.22013100000000002,200,0.1483968411014038,38.19266651,0.028338355316616888,297.6814501285553,0.19267620000000002,0.44,0.5471921727112724,0.3760932944606414,0.6384839650145773,0.8823529411764706,0.7264705882352941,0.27985294117647064,0.7199784482758621,0.881036715813939,0.6461878734356442,0.0,0.5090748630831944,57.37409853976103,"['quote_volume_24h<50000', 'top_of_book_quote<5', 'coverage_ratio<0.90']",quote_volume_24h<50000; top_of_book_quote<5; coverage_ratio<0.90,False
nonkyc,ASTER/USDC,ASTER-USDC,ASTER,USDC,True,active,0.6576,125.159,189.31,0.6575,0.6595,27.339003645200847,0.164375,0.0001,0.01,,,market.getlist.priceDecimals/quantityDecimals,1775256215496.0,False,0.46938775510204084,0.9117647058823529,0.0,48.61044417767108,0.6575,0.6593,0.6584,0.0018000000000000238,0.164375,193.39246899999998,58,55,0.0,0.0,0.0,0.0,0.0,0.0,0.164375,1226.524386,0.164375,0.164375,3731.624321,0.164375,0.594959,4935.983461,0.594959,0.164375,1533.376029,0.164375,0.164375,4298.367218,0.164375,288,1775158200.0,1775256000.0,327,39.0,0.8807339449541285,0.0,28.42503322299828,26.081534937447238,0.0103448275862069,-0.4314761813546254,0.24492150000000001,200,1.4204838025824893,3.322409,0.02359714085027143,105.59929728507996,0.013152,0.475,1.0397245485567679,0.46938775510204084,0.37026239067055394,0.9176470588235294,0.4147058823529412,0.5923529411764705,0.9344036697247707,1.0,0.20689655172413798,0.01986227427838394,0.40891960866750726,57.21202201390049,"['quote_volume_24h<50000', 'top_of_book_quote<5', 'coverage_ratio<0.90']",quote_volume_24h<50000; top_of_book_quote<5; coverage_ratio<0.90,False
nonkyc,WIF/USDT,WIF-USDT,WIF,USDT,True,active,0.182,3267.7356,18019.35,0.18,0.185,165.28925619834726,0.1926,0.001,0.01,,,market.getlist.priceDecimals/quantityDecimals,1775256199528.0,False,0.673469387755102,0.02352941176470591,0.0,37.629051620648255,0.18,0.183,0.1815,0.0030000000000000027,0.1926,5386.59951,51,49,0.0,0.0,0.0,0.0,0.0,0.0,0.0,0.0,0.0,0.0,0.0,0.0,0.1926,5386.59951,0.1926,0.1926,10125.11287,0.1926,5187.65338,14776.45761,5187.65338,288,1775168100.0,1775256300.0,295,7.0,0.976271186440678,0.0,20.845393250287415,23.491952371367493,0.043478260869565216,-0.15562390850135743,2.40739,200,3.6674805418047907,27.15809,0.49800883313791633,6.652076959609985,0.12649,0.52,0.12611462916423874,0.673469387755102,0.45481049562682213,0.03529411764705881,0.5147058823529411,0.9007352941176472,0.986949152542373,1.0,0.8695652173913043,0.0,0.6231884057971014,56.85202727264187,"['quote_volume_24h<50000', 'spread_bps>120', 'top_of_book_quote<5']",quote_volume_24h<50000; spread_bps>120; top_of_book_quote<5,False
nonkyc,MMX/USDT,MMX-USDT,MMX,USDT,True,active,0.041059,545.8497,13678.5466,0.040843,0.041192,85.08563418053322,0.6547015288,1e-06,0.0001,,,market.getlist.priceDecimals/quantityDecimals,1775255530022.0,False,0.5335276967930029,0.3735294117647059,0.0,38.68225861773281,0.040843,0.041192,0.0410175,0.0003490000000000021,0.6550563711999999,0.6547015288,48,200,0.0,0.0,0.0,0.0,0.0,0.0,0.0,0.0,0.0,0.6550563711999999,0.6547015288,0.6547015288,0.6550563711999999,0.6547015288,0.6547015288,0.6550563711999999,0.6547015288,0.6547015288,2.3656624996,0.6547015288,0.6547015288,288,1775085000.0,1775256000.0,571,283.0,0.5043782837127846,0.0,86.39916006370734,266.5285236212637,0.056740596822964506,0.013480613822966428,0.31234847800000004,200,0.5779172613212537,216.24529624000002,0.62485944688312,430.6615800857544,0.67333438105,0.59,1.0154376928117748,0.5335276967930029,0.6501457725947521,0.37058823529411766,0.7411764705882353,0.40132352941176475,0.7274080560420315,1.0,1.0,0.007718846405887381,0.6692396154686291,56.448762772386665,"['quote_volume_24h<50000', 'top_of_book_quote<5', 'coverage_ratio<0.90']",quote_volume_24h<50000; top_of_book_quote<5; coverage_ratio<0.90,False
nonkyc,ADA/USDC,ADA-USDC,ADA,USDC,True,active,0.246263,366.4159,1495.31,0.244894,0.246984,84.980421974555,0.16163004,1e-06,0.01,,,market.getlist.priceDecimals/quantityDecimals,1775254717957.0,False,0.521865889212828,0.4882352941176471,0.0,40.908506259646714,0.244894,0.246984,0.24593900000000002,0.0020900000000000085,0.16163004,0.16300944,31,31,0.0,0.0,0.0,0.0,0.0,0.0,0.0,0.0,0.0,0.16163004,0.16300944,0.16163004,0.16163004,0.16300944,0.16163004,0.16163004,0.16300944,0.16163004,0.5854590399999999,0.57532299,0.57532299,288,1775160900.0,1775256300.0,319,31.0,0.9028213166144201,0.0,1072.1847186555055,20.749283588570766,0.07796064843459907,-0.2783862796492839,0.81118171,200,3.313119622404926,12.739276910000001,0.21103374152885498,10.38670039176941,0.0441594,0.475,12.616843900546188,0.521865889212828,0.36151603498542273,0.48235294117647054,0.40588235294117647,0.7985294117647059,0.9465517241379311,0.0,1.0,1.0,0.6666666666666666,56.43434477239172,"['quote_volume_24h<50000', 'top_of_book_quote<5', 'natr_bps_mean>400']",quote_volume_24h<50000; top_of_book_quote<5; natr_bps_mean>400,False
nonkyc,LPEPE/USDT,LPEPE-USDT,LPEPE,USDT,True,active,2.32e-07,2329.5162,10542233470.7365,2.32e-07,2.34e-07,85.83690987124427,0.5696970865794001,1e-09,0.0001,,,market.getlist.priceDecimals/quantityDecimals,1775255319820.0,False,0.6268221574344023,0.32352941176470584,0.0,42.56345395300977,2.32e-07,2.34e-07,2.33e-07,1.9999999999999914e-09,0.9491217333512001,0.5696970865794001,81,200,0.0,0.0,0.0,0.0,0.0,0.0,0.0,0.0,0.0,0.9491217333512001,0.5696970865794001,0.5696970865794001,0.9491217333512001,0.5696970865794001,0.5696970865794001,0.9491217333512001,0.5696970865794001,0.5696970865794001,0.9491217333512001,2.0901306325738,0.9491217333512001,288,1775108400.0,1775256000.0,493,205.0,0.5841784989858012,0.0,61.79681458389993,152.91893464105587,0.037914691943128,-0.004728262691620503,0.41495384638349997,200,0.24534099996765088,231.826491385,0.2843827160769395,404.07010293006897,0.26109881525,0.42,0.7199328899024372,0.6268221574344023,0.6209912536443148,0.3205882352941176,0.7029411764705882,0.36941176470588233,0.7712981744421907,1.0,0.75829383886256,0.0,0.58609794628752,56.22340041155024,"['quote_volume_24h<50000', 'top_of_book_quote<5', 'coverage_ratio<0.90']",quote_volume_24h<50000; top_of_book_quote<5; coverage_ratio<0.90,False
nonkyc,XVG/USDT,XVG-USDT,XVG,USDT,True,active,0.004187,33699.1789,8011322.7,0.004156,0.004205,117.21085994498368,0.1526415,1e-06,0.01,,,market.getlist.priceDecimals/quantityDecimals,1775256202842.0,False,0.8542274052478134,0.13235294117647056,0.0,50.2913308180415,0.004156,0.004205,0.0041805,4.900000000000043e-05,0.15672276,0.1526415,61,76,0.0,0.0,0.0,0.0,0.0,0.0,0.0,0.0,0.0,0.0,0.0,0.0,0.15672276,0.1526415,0.1526415,2.36073156,0.1526415,0.1526415,1974.8172577,0.55419125,0.55419125,288,1775157000.0,1775256300.0,332,44.0,0.8674698795180723,0.0,46.91474039588368,33.165189040259506,0.012380952380952303,-0.30593559873566245,47.196960675,200,3.4377009802496277,1577.5856662200001,27.116338955961282,11.73055911064148,2.36628591,0.51,0.4002593310714082,0.8542274052478134,0.34402332361516036,0.1470588235294118,0.38529411764705884,0.8048529411764705,0.9271084337349398,1.0,0.24761904761904605,0.0,0.41587301587301534,55.90526810609499,"['quote_volume_24h<50000', 'top_of_book_quote<5', 'coverage_ratio<0.90']",quote_volume_24h<50000; top_of_book_quote<5; coverage_ratio<0.90,False
nonkyc,TRUMP/USDC,TRUMP-USDC,TRUMP,USDC,True,active,2.822,985.663,348.14,2.821,2.841,70.64641469445431,0.14105,0.001,0.01,,,market.getlist.priceDecimals/quantityDecimals,1775254016471.0,False,0.5685131195335277,0.7088235294117646,0.0,48.98880980963814,2.821,2.841,2.8310000000000004,0.020000000000000018,0.14105,207.53505,51,44,0.0,0.0,0.0,0.0,0.0,0.0,0.0,0.0,0.0,0.14105,1208.51602,0.14105,0.14105,1208.51602,0.14105,0.14105,1208.51602,0.14105,0.14105,1440.26314,0.14105,288,1775148900.0,1775256300.0,359,71.0,0.8022284122562674,0.0,30.39982607328505,32.901217414063545,0.0162810625535563,-0.25175779742773086,2.62374,200,1.7150619022967193,53.95766,0.46270363501539796,48.21985840797424,0.1411,0.47,0.43030953806734956,0.5685131195335277,0.3323615160349854,0.6823529411764706,0.36176470588235293,0.6520588235294118,0.8912256267409471,1.0,0.325621251071126,0.0,0.441873750357042,55.25900954871956,"['quote_volume_24h<50000', 'top_of_book_quote<5', 'coverage_ratio<0.90']",quote_volume_24h<50000; top_of_book_quote<5; coverage_ratio<0.90,False
nonkyc,FREN/USDT,FREN-USDT,FREN,USDT,True,active,2.24829e-07,48.6977,216582039.4893,2.23436e-07,2.2483e-07,62.19521444856486,0.794281969907471,1e-12,0.0001,,,market.getlist.priceDecimals/quantityDecimals,1775254028337.0,False,0.39067055393586003,0.7558823529411764,0.0,40.38393929000171,2.23436e-07,2.2483e-07,2.24133e-07,1.394000000000019e-09,10.81802273043528,0.794281969907471,65,200,0.0,0.0,0.0,0.0,0.0,0.0,0.0,0.0,0.0,10.81802273043528,0.794281969907471,0.794281969907471,11.611436749853777,0.794281969907471,0.794281969907471,11.611436749853777,0.794281969907471,0.794281969907471,11.611436749853777,0.794281969907471,0.794281969907471,288,1775073000.0,1775256300.0,612,324.0,0.47058823529411764,0.0,28.81881179394758,140.00088303091462,0.004715351313997721,-0.48843041026802625,0.28759783388392496,200,0.1353949806687639,49.9915640953,0.03384303427142207,118.32207584381104,0.2334880076,0.485,0.46336059855184836,0.39067055393586003,0.6880466472303207,0.7323529411764707,0.7764705882352941,0.2613235294117647,0.7088235294117647,1.0,0.09430702627995441,0.0,0.3647690087599848,54.938245738431625,"['quote_volume_24h<50000', 'top_of_book_quote<5', 'coverage_ratio<0.90']",quote_volume_24h<50000; top_of_book_quote<5; coverage_ratio<0.90,False
nonkyc,SYS/USDT,SYS-USDT,SYS,USDT,True,active,0.01037,8697.2104,841417.77,0.01036,0.01045,86.49687650168171,0.137731,1e-05,0.01,,,market.getlist.priceDecimals/quantityDecimals,1775256220580.0,False,0.7551020408163265,0.3176470588235294,0.0,49.47178871548619,0.01036,0.01045,0.010405,8.99999999999998e-05,0.19155639999999996,0.137731,67,61,0.0,0.0,0.0,0.0,0.0,0.0,0.0,0.0,0.0,0.19155639999999996,0.137731,0.137731,0.19155639999999996,0.137731,0.137731,0.19155639999999996,0.137731,0.137731,0.6306476000000001,334.8221832,0.6306476000000001,288,1775153100.0,1775256000.0,344,56.0,0.8372093023255814,0.0,36.11394564088476,34.67207458577061,0.02334630350194568,-0.47550891665073325,29.8049786,200,3.4241874900638587,594.0402848,10.170526559030659,115.71166944503784,1.8554004000000002,0.56,0.4175173382148963,0.7551020408163265,0.32653061224489793,0.31470588235294117,0.35294117647058826,0.6867647058823529,0.9104651162790698,1.0,0.46692607003891357,0.0,0.4889753566796378,54.747465954076866,"['quote_volume_24h<50000', 'top_of_book_quote<5', 'coverage_ratio<0.90']",quote_volume_24h<50000; top_of_book_quote<5; coverage_ratio<0.90,False
nonkyc,ZCL/USDT,ZCL-USDT,ZCL,USDT,True,active,0.2313,109.5805,476.8918,0.2294,0.2314,86.80555555555563,0.78743106,0.0001,0.0001,,,market.getlist.priceDecimals/quantityDecimals,1775254448190.0,False,0.4518950437317784,0.3088235294117647,0.0,32.574815640541935,0.2294,0.2314,0.2304,0.0020000000000000018,0.9212245199999999,0.78743106,84,200,0.0,0.0,0.0,0.0,0.0,0.0,0.0,0.0,0.0,0.9212245199999999,0.78743106,0.78743106,0.9212245199999999,0.78743106,0.78743106,0.9212245199999999,0.78743106,0.78743106,3.15353479,0.78743106,0.78743106,288,1775086500.0,1775256300.0,567,279.0,0.5079365079365079,0.0,21.46680883436936,65.94405174152716,0.03201506591337106,-0.17769408888985702,0.3456964,200,0.17551809541088526,88.83576925,0.07796142511560443,10.79832649230957,0.26673766499999996,0.44,0.2472976377719348,0.4518950437317784,0.6822157434402333,0.3058823529411765,0.7735294117647059,0.5260294117647059,0.7293650793650794,1.0,0.6403013182674212,0.0,0.5467671060891405,54.64582365526249,"['quote_volume_24h<50000', 'top_of_book_quote<5', 'coverage_ratio<0.90']",quote_volume_24h<50000; top_of_book_quote<5; coverage_ratio<0.90,False
nonkyc,XEL/USDT,XEL-USDT,XEL,USDT,True,active,0.307,3186.9453,9974.0116,0.306,0.308,65.14657980456032,0.0429968,0.001,0.0001,,,market.getlist.priceDecimals/quantityDecimals,1775255944444.0,False,0.6676384839650146,0.7470588235294118,0.0,55.3965872063111,0.306,0.308,0.307,0.0020000000000000018,0.11520899999999999,0.0429968,172,159,0.0,0.0,0.0,0.0,0.0,0.0,0.0,0.0,0.0,0.11520899999999999,0.0429968,0.0429968,0.11520899999999999,14.605866799999998,0.11520899999999999,0.11520899999999999,0.0429968,0.0429968,0.11520899999999999,14.8437507,0.11520899999999999,288,1775152800.0,1775255700.0,344,56.0,0.8372093023255814,0.0,38.91682306684615,93.65062980911681,0.046153846153846156,-0.38622401904689746,12.391935,200,0.5439504729463812,443.037904,1.2049533870698674,395.5662808418274,1.73115585,0.505,0.5973732340760879,0.6676384839650146,0.23323615160349853,0.7235294117647059,0.23529411764705882,0.4098529411764706,0.9104651162790698,1.0,0.9230769230769231,0.0,0.6410256410256411,54.580013043806844,"['quote_volume_24h<50000', 'top_of_book_quote<5', 'coverage_ratio<0.90']",quote_volume_24h<50000; top_of_book_quote<5; coverage_ratio<0.90,False
nonkyc,NIGHT/USDT,NIGHT-USDT,NIGHT,USDT,True,active,0.04702,37.8746,800.51,0.04701,0.04733,67.83972864108414,0.5991978,1e-05,0.01,,,market.getlist.priceDecimals/quantityDecimals,1775255594533.0,False,0.37026239067055394,0.7352941176470589,0.0,38.74678442805694,0.04701,0.04733,0.047170000000000004,0.0003199999999999939,1.4967984,0.5991978,35,26,0.0,0.0,0.0,0.0,0.0,0.0,0.0,0.0,0.0,1.4967984,0.5991978,0.5991978,2.1270683,0.5991978,0.5991978,2.1270683,0.5991978,0.5991978,2.1270683,0.5991978,0.5991978,288,1775087700.0,1775256300.0,563,275.0,0.5115452930728241,0.0,33.0246219263212,272.41739225186546,0.0028053113895642615,-0.05778400290012406,0.2529817,200,0.13930584709015517,37.8242013,0.02634566201302524,17.149662017822266,0.1968462,0.525,0.4868035675826878,0.37026239067055394,0.6326530612244898,0.7088235294117646,0.7147058823529412,0.3767647058823529,0.7313499111900533,1.0,0.056106227791285226,0.0,0.3520354092637617,53.95321180512123,"['quote_volume_24h<50000', 'top_of_book_quote<5', 'coverage_ratio<0.90']",quote_volume_24h<50000; top_of_book_quote<5; coverage_ratio<0.90,False
nonkyc,PIVX/USDT,PIVX-USDT,PIVX,USDT,True,active,0.0855,1084.274,13136.04,0.0853,0.086,81.72796263864475,0.14792,0.0001,0.01,,,market.getlist.priceDecimals/quantityDecimals,1775255890771.0,False,0.5743440233236151,0.6352941176470588,0.0,47.4712742239753,0.0853,0.086,0.08565,0.0006999999999999923,0.171453,0.14792,68,106,0.0,0.0,0.0,0.0,0.0,0.0,0.0,0.0,0.0,0.171453,0.14792,0.14792,0.171453,0.14792,0.14792,0.171453,0.14792,0.14792,0.628359,96.94769000000001,0.628359,288,1775122800.0,1775256300.0,446,158.0,0.6457399103139013,0.0,33.888546531497155,48.8815721808485,0.04878048780487787,-0.35068488461453023,0.6052115,200,0.29479873328975736,505.92477699999995,0.7457299169975148,79.60473775863647,0.647332,0.58,0.4146505729175376,0.5743440233236151,0.33819241982507287,0.6235294117647059,0.37058823529411766,0.48044117647058826,0.8051569506726457,1.0,0.9756097560975574,0.0,0.6585365853658525,53.8915109048885,"['quote_volume_24h<50000', 'top_of_book_quote<5', 'coverage_ratio<0.90']",quote_volume_24h<50000; top_of_book_quote<5; coverage_ratio<0.90,False
nonkyc,PRCY/USDT,PRCY-USDT,PRCY,USDT,True,active,0.001158,1498.0712,1320359.6352,0.001149,0.001159,86.65511265164668,0.1634667508,1e-06,0.0001,,,market.getlist.priceDecimals/quantityDecimals,1775254558786.0,False,0.5860058309037901,0.31176470588235294,0.0,40.02443834676728,0.001149,0.001159,0.001154,1.0000000000000026e-05,0.1909139334,0.1634667508,51,76,0.0,0.0,0.0,0.0,0.0,0.0,0.0,0.0,0.0,0.1909139334,0.1634667508,0.1634667508,0.1909139334,0.1634667508,0.1634667508,0.1909139334,0.1634667508,0.1634667508,0.6514545814000001,0.5890438662999999,0.5890438662999999,288,1775169600.0,1775256300.0,290,2.0,0.993103448275862,0.0,49.16060671769757,140.6114864225605,0.04910179640718596,-0.01822932532807343,4.500749001,200,1.2242222159247473,109.3237091866,0.6691825675676606,18.296643495559692,0.54548095695,0.435,0.5673134015222284,0.5860058309037901,0.36443148688046645,0.3088235294117647,0.4088235294117647,0.6430882352941176,0.9962068965517241,1.0,0.9820359281437192,0.0,0.6606786427145731,53.850448601375035,"['quote_volume_24h<50000', 'top_of_book_quote<5']",quote_volume_24h<50000; top_of_book_quote<5,False
nonkyc,KAS/USDT,KAS-USDT,KAS,USDT,True,active,0.031555,366.8981,11616.97,0.031554,0.031816,68.85007737738147,0.20794085999999998,1e-06,0.01,,,market.getlist.priceDecimals/quantityDecimals,1775254969487.0,False,0.5247813411078717,0.6088235294117648,0.0,44.08356199622706,0.031554,0.031772,0.031663,0.00021800000000000291,0.20794085999999998,215.53108096000003,87,157,0.0,0.0,0.0,0.0,0.0,0.0,0.0,0.0,0.0,0.20794085999999998,1235.8119012099999,0.20794085999999998,0.20794085999999998,5158.73539857,0.20794085999999998,0.20794085999999998,2599.92892588,0.20794085999999998,0.20794085999999998,5158.73539857,0.20794085999999998,288,1775118900.0,1775254800.0,454,166.0,0.6343612334801763,0.0,33.42886624612012,67.797959248291,0.0008389261744966513,-0.23579912625112878,0.137272275,200,0.6185296005102346,13.00350359,0.04021525940378051,1456.671843290329,0.05632897,0.525,0.48553128071141616,0.5247813411078717,0.48104956268221577,0.7,0.55,0.34867647058823537,0.798898678414097,1.0,0.016778523489933025,0.0,0.3389261744966443,53.37810961639947,"['quote_volume_24h<50000', 'top_of_book_quote<5', 'coverage_ratio<0.90']",quote_volume_24h<50000; top_of_book_quote<5; coverage_ratio<0.90,False
nonkyc,GHOST/POL,GHOST-POL,GHOST,POL,True,active,0.21328731,311.9192,1409.5942,0.20973968,0.21153007,84.99969437634557,0.412208647409,1e-08,0.0001,,,market.getlist.priceDecimals/quantityDecimals,1775175883259.0,False,0.5131195335276968,0.46176470588235297,0.0,39.76569199108215,0.20973968,0.21153007,0.210634875,0.001790389999999975,0.509730344304,0.412208647409,51,134,0.0,0.0,0.0,0.0,0.0,0.0,0.0,0.0,0.0,0.509730344304,0.412208647409,0.412208647409,0.509730344304,0.412208647409,0.412208647409,0.509730344304,0.412208647409,0.412208647409,1.8296231475809999,1.7337406469990002,1.7337406469990002,288,1763171400.0,1775175600.0,40015,39727.0,0.0071973010121204545,0.0,508.8787257937126,488.49719506000827,0.059088792793072505,-0.09888140853218838,9.98829954812,200,1.894827893558813,91.7295987551,0.8690590119306062,80567.1531085968,0.5132972402,0.0,5.986830064830534,0.5131195335276968,0.5830903790087464,0.4558823529411765,0.6617647058823529,0.4645588235294118,0.4539585155566663,0.0,1.0,1.0,0.6666666666666666,53.345869383543565,"['quote_volume_24h<50000', 'top_of_book_quote<5', 'last_trade_age_sec>3600', 'coverage_ratio<0.90', 'natr_bps_mean>400']",quote_volume_24h<50000; top_of_book_quote<5; last_trade_age_sec>3600; coverage_ratio<0.90; natr_bps_mean>400,False
nonkyc,TRMP/USDT,TRMP-USDT,TRMP,USDT,True,active,7.71e-07,1638.0368,2068303407.8436,7.7e-07,7.77e-07,90.49773755656102,0.3447419822196,1e-09,0.0001,,,market.getlist.priceDecimals/quantityDecimals,1775254698665.0,False,0.5918367346938775,0.2647058823529411,0.0,39.1686674669868,7.7e-07,7.77e-07,7.735000000000001e-07,6.9999999999999965e-09,0.397472787019,0.3447419822196,46,200,0.0,0.0,0.0,0.0,0.0,0.0,0.0,0.0,0.0,0.397472787019,0.3447419822196,0.3447419822196,0.397472787019,0.3447419822196,0.3447419822196,0.397472787019,0.3447419822196,0.3447419822196,1.3514179061884999,1.1935214192621,1.1935214192621,288,1775130900.0,1775256300.0,419,131.0,0.6873508353221957,0.0,70.13461925914993,272.4901422067882,0.02408963585434173,-0.6286272297523298,8.498950421473499,200,0.2893686535425232,162.5071339678,0.2351223527365836,142.9232988357544,0.8577016226,0.52,0.7749875428136073,0.5918367346938775,0.5568513119533528,0.2647058823529411,0.638235294117647,0.4476470588235294,0.8280429594272076,1.0,0.4817927170868346,0.0,0.49393090569561154,53.2737876994189,"['quote_volume_24h<50000', 'top_of_book_quote<5', 'coverage_ratio<0.90']",quote_volume_24h<50000; top_of_book_quote<5; coverage_ratio<0.90,False
nonkyc,EGAZ/USDT,EGAZ-USDT,EGAZ,USDT,True,active,0.003716,37.6947,10206.2233,0.003704,0.003717,35.0357094731168,0.2060057384,1e-06,0.0001,,,market.getlist.priceDecimals/quantityDecimals,1775254620338.0,False,0.3673469387755102,0.8852941176470588,0.0,42.336434573829536,0.003704,0.003717,0.0037105,1.299999999999999e-05,0.2060057384,0.8609196456,46,137,0.0,0.0,0.0,0.0,0.0,0.0,0.2060057384,0.8609196456,0.2060057384,0.2060057384,0.8609196456,0.2060057384,0.2060057384,1.06047024,0.2060057384,0.2060057384,0.8609196456,0.2060057384,0.2060057384,1.06047024,0.2060057384,287,1775086800.0,1775255700.0,564,277.0,0.5088652482269503,0.0,58.298553707446615,616.5285222681769,0.010493758974925436,-0.3335220458978919,0.07786506400000001,200,0.21405245444548304,27.4046704987,0.029330184917582276,568.3390028476715,0.08466118954999999,0.58,1.663975257934468,0.3673469387755102,0.478134110787172,0.8764705882352941,0.5470588235294118,0.3272058823529412,0.7298758865248227,1.0,0.2098751794985087,0.331987628967234,0.5139542694885809,53.14378089472501,"['quote_volume_24h<50000', 'top_of_book_quote<5', 'coverage_ratio<0.90']",quote_volume_24h<50000; top_of_book_quote<5; coverage_ratio<0.90,False
nonkyc,FLOP/USDT,FLOP-USDT,FLOP,USDT,True,active,6.983e-07,8.6736,12407557.5546,6.982e-07,7e-07,25.74738950078563,0.78495459537324,1e-10,0.0001,,,market.getlist.priceDecimals/quantityDecimals,1775253994979.0,False,0.24198250728862974,0.9264705882352942,0.0,36.47080260675699,6.982e-07,7e-07,6.991e-07,1.7999999999999235e-09,0.78495459537324,1.3004301349899998,55,96,0.0,0.0,0.0,0.0,0.0,0.0,0.78495459537324,1.3004301349899998,0.78495459537324,0.94590021333627,1.3004301349899998,0.94590021333627,0.94590021333627,1.4558941357029997,0.94590021333627,0.78495459537324,1.3004301349899998,0.78495459537324,0.94590021333627,1.3004301349899998,0.94590021333627,288,1775070000.0,1775256000.0,621,333.0,0.463768115942029,0.0,10.1000151585511,112.33209435398798,0.4172307692307847,-0.011365947804765698,0.06128402485580001,200,0.12836737304457047,11.1567718326,0.0071608274590426015,407.9448630809784,0.0459688887,0.475,0.39227336651907635,0.24198250728862974,0.6997084548104956,0.9205882352941177,0.7676470588235295,0.12441176470588233,0.705072463768116,0.17500126321259168,1.0,0.0,0.39166708773753056,53.132674197958195,"['quote_volume_24h<50000', 'top_of_book_quote<5', 'coverage_ratio<0.90', 'natr_bps_mean<12']",quote_volume_24h<50000; top_of_book_quote<5; coverage_ratio<0.90; natr_bps_mean<12,False
nonkyc,HMS/USDT,HMS-USDT,HMS,USDT,True,active,0.005124,94.988,19235.081,0.005123,0.005167,85.51992225461568,1.6825968643,1e-06,0.0001,,,market.getlist.priceDecimals/quantityDecimals,1775254260012.0,False,0.4402332361516035,0.3382352941176471,0.0,32.66871034127937,0.005123,0.005167,0.005145,4.399999999999977e-05,1.7091634365,1.6825968643,35,90,0.0,0.0,0.0,0.0,0.0,0.0,0.0,0.0,0.0,1.7091634365,1.6825968643,1.6825968643,1.7091634365,1.6825968643,1.6825968643,1.7091634365,1.6825968643,1.6825968643,6.1003200567,6.0019666789,6.0019666789,288,1775077200.0,1775256000.0,597,309.0,0.4824120603015075,0.0,213.19636831563483,2395.197995639706,0.0013120899718837736,-0.06934809834639777,0.6010964400000001,200,0.1408761061562191,94.20170703720001,0.0663538484033482,337.19103264808655,0.4594723665,0.435,2.4929438976907887,0.4402332361516035,0.7521865889212828,0.33529411764705885,0.85,0.23558823529411765,0.7153266331658292,0.8047272452021481,0.02624179943767547,0.7464719488453944,0.5258136644950726,53.012497128555516,"['quote_volume_24h<50000', 'top_of_book_quote<5', 'coverage_ratio<0.90']",quote_volume_24h<50000; top_of_book_quote<5; coverage_ratio<0.90,False
nonkyc,UNI/ETH,UNI-ETH,UNI,ETH,True,active,0.001546,19.7533,12706.9,0.001534,0.001547,84.38818565400838,6.188e-05,1e-06,0.01,,,market.getlist.priceDecimals/quantityDecimals,1775256196591.0,False,0.30903790087463556,0.5676470588235294,0.0,31.188261018693193,0.001534,0.001547,0.0015405,1.299999999999999e-05,7.670000000000001e-05,6.188e-05,40,41,0.0,0.0,0.0,0.0,0.0,0.0,0.0,0.0,0.0,7.670000000000001e-05,6.188e-05,6.188e-05,11.73044367,3.3903639599999997,3.3903639599999997,8.42401369,1.6905623600000002,1.6905623600000002,22.23238691,15.1204742,15.1204742,288,1775169900.0,1775256300.0,289,1.0,0.9965397923875432,0.0,25.57556741119051,18.080691233645023,0.00875656742556919,-0.37792806701344883,0.041430287499999996,200,1.0275181344170516,0.6613692800000001,0.0033978446437317434,71.2387866973877,0.00172872,0.445,0.3030704738226077,0.30903790087463556,0.7551020408163265,0.5617647058823529,0.11176470588235295,0.5517647058823529,0.9980968858131487,1.0,0.17513134851138382,0.0,0.39171044950379463,52.92055320225193,"['quote_volume_24h<50000', 'top_of_book_quote<5']",quote_volume_24h<50000; top_of_book_quote<5,False
nonkyc,YEC/USDT,YEC-USDT,YEC,USDT,True,active,0.14,980.6886,7123.6573,0.14,0.167844,1808.9681786879055,9.2200401768,1e-06,0.0001,,,market.getlist.priceDecimals/quantityDecimals,1775255599417.0,False,0.5626822157434402,0.00588235294117645,0.0,31.094580689418628,0.14,0.167844,0.153922,0.02784399999999998,250.09208000000004,9.2200401768,37,200,0.0,0.0,0.0,0.0,0.0,0.0,0.0,0.0,0.0,0.0,0.0,0.0,0.0,0.0,0.0,329.7122851652,24.420547245399998,24.420547245399998,554.3276833751,47.1932040573,47.1932040573,288,1775025000.0,1775255400.0,769,481.0,0.37451235370611186,0.0,51.18968017739513,347.7117747917773,0.10092098572108903,-0.23511343858126377,0.7474416165,200,0.1398483293589541,1167.0633167659,0.8160592755291549,933.3324239253998,3.6614178722,0.615,0.028297722856863307,0.5626822157434402,0.8425655976676385,0.00588235294117645,0.9029411764705882,0.16029411764705884,0.6559817945383616,1.0,1.0,0.0,0.6666666666666666,52.82334621383386,"['quote_volume_24h<50000', 'spread_bps>120', 'coverage_ratio<0.90']",quote_volume_24h<50000; spread_bps>120; coverage_ratio<0.90,False
nonkyc,CHESS/USDT,CHESS-USDT,CHESS,USDT,True,active,0.093879,894.2412,9812.199,0.092976,0.09388,96.75900158410775,16.935304228,1e-06,0.0001,,,market.getlist.priceDecimals/quantityDecimals,1775253031532.0,False,0.5568513119533528,0.2382352941176471,0.0,36.582704510375585,0.092976,0.09388,0.09342800000000001,0.000904000000000002,16.9438811568,16.935304228,43,35,0.0,0.0,0.0,0.0,0.0,0.0,0.0,0.0,0.0,16.9438811568,16.935304228,16.935304228,16.9438811568,16.935304228,16.935304228,16.9438811568,16.935304228,16.935304228,60.8161613572,60.8197837147,60.8161613572,288,1775069400.0,1775256300.0,624,336.0,0.46153846153846156,0.0,5515.581525978331,3657.3840574305873,0.0017911846037969063,-0.0034248600573141027,6.320716142,200,0.13458617963012529,930.7072259439999,0.6263016494697738,36.07231640815735,4.45642678125,0.505,57.00329101870602,0.5568513119533528,0.8279883381924198,0.22941176470588232,0.9176470588235294,0.3123529411764706,0.7038461538461539,0.0,0.03582369207593812,0.08562025660839936,0.0404813162281125,52.12747295147152,"['quote_volume_24h<50000', 'coverage_ratio<0.90', 'natr_bps_mean>400']",quote_volume_24h<50000; coverage_ratio<0.90; natr_bps_mean>400,False
nonkyc,FNNC/DOGE,FNNC-DOGE,FNNC,DOGE,True,active,0.03067508,316.6399,9889.2511,0.03031217,0.03067509,119.01502051412024,3.439991768535,1e-08,0.0001,,,market.getlist.priceDecimals/quantityDecimals,1775254682444.0,False,0.5160349854227405,0.11764705882352944,0.0,31.323100668838965,0.03031217,0.03067509,0.03049363,0.0003629199999999992,3.439991768535,3.452815737981,56,32,0.0,0.0,0.0,0.0,0.0,0.0,0.0,0.0,0.0,0.0,0.0,0.0,3.439991768535,3.452815737981,3.439991768535,3.439991768535,3.452815737981,3.439991768535,12.459988578374999,12.385451894309,12.385451894309,288,1775073900.0,1775256000.0,608,320.0,0.47368421052631576,0.0,73.8248431855379,2476.0218624180916,0.0004418676182029382,-0.24399391417150842,1.42187186755,200,0.15024626113400003,252.27211193890003,0.1895147080359883,262.73503160476685,1.11190745365,0.43,0.6202985376688579,0.5160349854227405,0.7959183673469388,0.13235294117647056,0.8852941176470588,0.31588235294117645,0.7105263157894737,1.0,0.008837352364058764,0.0,0.33627911745468625,51.76184956482026,"['quote_volume_24h<50000', 'top_of_book_quote<5', 'coverage_ratio<0.90']",quote_volume_24h<50000; top_of_book_quote<5; coverage_ratio<0.90,False
nonkyc,GMA/USDT,GMA-USDT,GMA,USDT,True,active,6.74e-08,4324.0287,64297487213.1451,6.69e-08,6.75e-08,89.2857142857151,0.11746579500675002,1e-10,0.0001,,,market.getlist.priceDecimals/quantityDecimals,1775254598748.0,False,0.6938775510204082,0.27647058823529413,0.0,45.0750300120048,6.69e-08,6.75e-08,6.719999999999999e-08,6.000000000000054e-10,0.14386249110326998,0.11746579500675002,64,141,0.0,0.0,0.0,0.0,0.0,0.0,0.0,0.0,0.0,0.14386249110326998,0.11746579500675002,0.11746579500675002,0.14386249110326998,0.11746579500675002,0.11746579500675002,0.14386249110326998,0.11746579500675002,0.11746579500675002,0.49218989782719996,0.42259495021191007,0.42259495021191007,288,1775163300.0,1775256300.0,311,23.0,0.9260450160771704,0.0,37.32785376661908,23.225809608404514,0.005681818181817972,-0.40313191829194306,16.5707798353776,200,1.8436850101044744,409.0900581652,3.7711660401097338,7.47797155380249,2.0598180901000003,0.525,0.41807196218612985,0.6938775510204082,0.2915451895043732,0.2735294117647059,0.3176470588235294,0.7470588235294118,0.9593247588424438,1.0,0.11363636363635944,0.0,0.3712121212121198,51.67168675629937,"['quote_volume_24h<50000', 'top_of_book_quote<5']",quote_volume_24h<50000; top_of_book_quote<5,False
nonkyc,KAS/USDC,KAS-USDC,KAS,USDC,True,active,0.031747,1639.3518,52338.91,0.031479,0.031748,85.09023043952692,0.20223475999999999,1e-06,0.01,,,market.getlist.priceDecimals/quantityDecimals,1775256019784.0,False,0.5947521865889213,0.37058823529411766,0.0,41.976076144743615,0.031479,0.031748,0.0316135,0.0002689999999999984,0.20398392,0.20223475999999999,54,54,0.0,0.0,0.0,0.0,0.0,0.0,0.0,0.0,0.0,0.20398392,0.20223475999999999,0.20223475999999999,0.20398392,2239.48158203,0.20398392,0.20398392,1350.87428825,0.20398392,0.72916389,2468.52759201,0.72916389,288,1775109000.0,1775256300.0,492,204.0,0.5853658536585366,0.0,38.777359504587885,47.86839948616181,0.01685133887349971,-0.4573666630774926,0.18497376649999997,200,0.22912395772195102,360.95564773999996,0.413517932861396,69.23346161842346,0.10952715,0.445,0.4557204664305934,0.5947521865889213,0.46647230320699706,0.36764705882352944,0.5323529411764706,0.46867647058823525,0.7719512195121951,1.0,0.3370267774699942,0.0,0.44567559248999805,51.54506077994305,"['quote_volume_24h<50000', 'top_of_book_quote<5', 'coverage_ratio<0.90']",quote_volume_24h<50000; top_of_book_quote<5; coverage_ratio<0.90,False
nonkyc,DOGI/DOGE,DOGI-DOGE,DOGI,DOGE,True,active,0.5808,50.691,84.7,0.5807,0.5856,84.02640829975161,0.7612800000000001,0.0001,0.1,,,market.getlist.priceDecimals/quantityDecimals,1775254570810.0,False,0.39941690962099125,0.5794117647058823,0.0,36.453224146801574,0.5807,0.5856,0.5831500000000001,0.0049000000000000155,0.8129799999999999,0.7612800000000001,27,25,0.0,0.0,0.0,0.0,0.0,0.0,0.0,0.0,0.0,0.8129799999999999,0.7612800000000001,0.7612800000000001,0.8129799999999999,0.7612800000000001,0.7612800000000001,0.8129799999999999,0.7612800000000001,0.7612800000000001,0.8129799999999999,2.8332800000000002,0.8129799999999999,288,1775057400.0,1775256300.0,664,376.0,0.43373493975903615,0.0,16.90658029474895,6181.188874242756,0.018586022231222642,-0.003504304304245329,0.19497,200,0.1104372892390866,58.52896000000001,0.03231889842191466,49.6017689704895,0.19338,0.445,0.20120555712005753,0.39941690962099125,0.673469387755102,0.5735294117647058,0.7647058823529411,0.21411764705882352,0.6885542168674699,0.7422150245624124,0.3717204446244528,0.0,0.37131182306228844,51.51758339706811,"['quote_volume_24h<50000', 'top_of_book_quote<5', 'coverage_ratio<0.90']",quote_volume_24h<50000; top_of_book_quote<5; coverage_ratio<0.90,False
nonkyc,VRSC/USDT,VRSC-USDT,VRSC,USDT,True,active,0.717083,49.6813,66.8428,0.717082,0.72,40.610069571534204,0.1959785106,1e-06,0.0001,,,market.getlist.priceDecimals/quantityDecimals,1775255577864.0,False,0.3965014577259475,0.861764705882353,0.0,43.351697821985944,0.717082,0.72,0.718541,0.002917999999999976,0.1959785106,0.23025599999999996,60,149,0.0,0.0,0.0,0.0,0.0,0.0,0.1959785106,0.23025599999999996,0.1959785106,1.2038941206,0.23025599999999996,0.23025599999999996,1.724208165,0.4266056145,0.4266056145,1.2038941206,0.23025599999999996,0.23025599999999996,1.724208165,0.4266056145,0.4266056145,288,1775071200.0,1775256300.0,618,330.0,0.46601941747572817,0.0,23.95908794813098,98.88068777907421,0.010486826033851033,-0.4331386383685395,0.067209836,200,0.13146278154991978,50.7448804794,0.03335531568620075,101.16392493247986,0.0575720446,0.49,0.5899789929176876,0.3965014577259475,0.5131195335276968,0.8558823529411765,0.5205882352941177,0.23117647058823526,0.7063106796116505,1.0,0.20973652067702064,0.0,0.4032455068923402,51.506928697487176,"['quote_volume_24h<50000', 'top_of_book_quote<5', 'coverage_ratio<0.90']",quote_volume_24h<50000; top_of_book_quote<5; coverage_ratio<0.90,False
nonkyc,LANA/USDT,LANA-USDT,LANA,USDT,True,active,0.00085415,668.858,753789.9304,0.00084693,0.00085416,85.0043207590427,0.213042107859,1e-08,0.0001,,,market.getlist.priceDecimals/quantityDecimals,1775254532745.0,False,0.5393586005830904,0.4205882352941176,0.0,40.17942891442291,0.00084693,0.00085416,0.000850545,7.229999999999997e-06,0.213042107859,0.213056630856,66,109,0.0,0.0,0.0,0.0,0.0,0.0,0.0,0.0,0.0,0.213042107859,0.213056630856,0.213042107859,0.213042107859,0.213056630856,0.213042107859,0.213042107859,0.213056630856,0.213042107859,0.213042107859,0.7644302171159999,0.213042107859,288,1775098800.0,1775255400.0,523,235.0,0.5506692160611855,0.0,94.56852241373839,228.13549960999825,0.04140559395387893,0.014964448626608883,0.095050231215,200,0.23889092499108958,441.5147948504,0.527369388695316,979.2373394966125,0.10983899235,0.49,1.1125143000884254,0.5393586005830904,0.4897959183673469,0.41470588235294115,0.5588235294117647,0.315,0.752868068833652,1.0,0.8281118790775785,0.05625715004421272,0.6281230097072638,51.43631791969144,"['quote_volume_24h<50000', 'top_of_book_quote<5', 'coverage_ratio<0.90']",quote_volume_24h<50000; top_of_book_quote<5; coverage_ratio<0.90,False
nonkyc,CHESS/USDC,CHESS-USDC,CHESS,USDC,True,active,0.09415,1015.5835,11138.1101,0.092932,0.094151,130.31649054163103,16.9961662024,1e-06,0.0001,,,market.getlist.priceDecimals/quantityDecimals,1775254197362.0,False,0.5714285714285714,0.0794117647058824,0.0,33.41386554621849,0.092932,0.094151,0.0935415,0.0012189999999999979,16.9961662024,17.0013544854,32,27,0.0,0.0,0.0,0.0,0.0,0.0,0.0,0.0,0.0,0.0,0.0,0.0,16.9961662024,17.0013544854,16.9961662024,16.9961662024,17.0013544854,16.9961662024,105.28060784019999,61.0553437744,61.0553437744,288,1775075400.0,1775255700.0,602,314.0,0.47840531561461797,0.0,72.6086563907291,9987.714300062491,0.000511838921427115,-0.011171713641286768,5.956397793999999,200,0.13814994657072052,1026.3038899493,0.708919137809092,600.9751470088959,5.0356638267000005,0.455,0.5571716679059391,0.5714285714285714,0.8309037900874635,0.08235294117647063,0.9205882352941176,0.1566176470588235,0.7131229235880399,1.0,0.010236778428542299,0.0,0.33674559280951405,51.39281138589287,"['quote_volume_24h<50000', 'spread_bps>120', 'coverage_ratio<0.90']",quote_volume_24h<50000; spread_bps>120; coverage_ratio<0.90,False
nonkyc,XMR/ZSD,XMR-ZSD,XMR,ZSD,True,active,320.526,101.0836,0.2961,317.814,320.527,85.00159005923058,1.2076932,0.001,0.0001,,,market.getlist.priceDecimals/quantityDecimals,1775252462732.0,False,0.446064139941691,0.4323529411764706,0.0,35.34235122620477,317.814,320.527,319.1705,2.7129999999999654,1.2076932,1.2180026,40,28,0.0,0.0,0.0,0.0,0.0,0.0,0.0,0.0,0.0,1.2076932,1.2180026,1.2076932,1.2076932,1.2180026,1.2076932,1.2076932,1.2180026,1.2076932,4.3967177,4.393565199999999,4.393565199999999,288,1775077500.0,1775256000.0,596,308.0,0.48322147651006714,0.3194444444444444,85.5586353623298,1638.4892580034575,0.00339408451772149,-0.4083003102817245,0.3251775,200,0.15016854917970313,76.0066339,0.05706902970397921,425.21890783309937,0.3562702,0.455,1.0065533515633185,0.446064139941691,0.7201166180758017,0.42647058823529416,0.8235294117647058,0.28102941176470586,0.5720218120805369,1.0,0.0678816903544298,0.003276675781659244,0.35705278871202967,51.18273537510111,"['quote_volume_24h<50000', 'top_of_book_quote<5', 'coverage_ratio<0.90', 'zero_volume_fraction>0.30']",quote_volume_24h<50000; top_of_book_quote<5; coverage_ratio<0.90; zero_volume_fraction>0.30,False
nonkyc,BZE/USDT,BZE-USDT,BZE,USDT,True,active,0.0006345,55.2335,85167.4774,0.0006344,0.0006398,84.75906451106613,0.7003190019000001,1e-07,0.0001,,,market.getlist.priceDecimals/quantityDecimals,1775254611424.0,False,0.40524781341107874,0.5411764705882354,0.0,35.81804150231522,0.0006344,0.0006398,0.0006371,5.400000000000023e-06,0.7314640881600001,0.7003190019000001,34,52,0.0,0.0,0.0,0.0,0.0,0.0,0.0,0.0,0.0,0.7314640881600001,0.7003190019000001,0.7003190019000001,0.7314640881600001,0.7003190019000001,0.7003190019000001,0.7314640881600001,0.7003190019000001,0.7003190019000001,2.61287353956,2.55763586022,2.55763586022,288,1775081400.0,1775255100.0,580,292.0,0.496551724137931,0.0,457.6702714924874,3235.5827277097465,0.004223668481870102,-0.2083024079541542,0.25035434475,200,0.1533651064938608,49.980359586199995,0.03832621585269509,1310.661857366562,0.2060785873,0.53,5.399661666071528,0.40524781341107874,0.6588921282798834,0.5352941176470588,0.7529411764705882,0.2322058823529412,0.723103448275862,0.0,0.08447336963740203,1.0,0.36149112321246735,51.124441684699796,"['quote_volume_24h<50000', 'top_of_book_quote<5', 'coverage_ratio<0.90', 'natr_bps_mean>400']",quote_volume_24h<50000; top_of_book_quote<5; coverage_ratio<0.90; natr_bps_mean>400,False
nonkyc,FLC/USDT,FLC-USDT,FLC,USDT,True,active,0.00022246,163.5388,840847.5595,0.00022292,0.00022483,85.31546621998945,0.358531612121,1e-08,0.0001,,,market.getlist.priceDecimals/quantityDecimals,1775255141731.0,False,0.478134110787172,0.35882352941176465,0.0,35.267964328588576,0.00022292,0.00022483,0.000223875,1.910000000000014e-06,0.362117578928,0.358531612121,52,101,0.0,0.0,0.0,0.0,0.0,0.0,0.0,0.0,0.0,0.362117578928,0.358531612121,0.358531612121,0.362117578928,29.023032728081,0.362117578928,0.362117578928,29.023032728081,0.362117578928,1.293475356188,29.933292256293,1.293475356188,288,1775080200.0,1775255100.0,584,296.0,0.4931506849315068,0.0,97.8417670830094,687.1884759186238,0.0844805461771338,-0.3774486952165212,0.12504170023,200,0.17928170694482473,102.36119757389999,0.09175745112982621,1135.8725361824036,0.1396836393,0.6,1.14682333014181,0.478134110787172,0.565597667638484,0.3558823529411764,0.6470588235294118,0.27352941176470585,0.7212328767123288,1.0,1.0,0.07341166507090502,0.6911372216903017,51.06381417215871,"['quote_volume_24h<50000', 'top_of_book_quote<5', 'coverage_ratio<0.90']",quote_volume_24h<50000; top_of_book_quote<5; coverage_ratio<0.90,False
nonkyc,MMX/USDC,MMX-USDC,MMX,USDC,True,active,0.040427,356.1476,8734.9768,0.040084,0.04055,115.58399682516088,1.102518005,1e-06,0.0001,,,market.getlist.priceDecimals/quantityDecimals,1775255529609.0,False,0.5189504373177842,0.1470588235294118,0.0,32.218744640713425,0.040084,0.04055,0.040317000000000006,0.00046600000000000114,1.1096814476,1.102518005,31,42,0.0,0.0,0.0,0.0,0.0,0.0,0.0,0.0,0.0,0.0,0.0,0.0,1.1096814476,1.102518005,1.102518005,1.1096814476,1.102518005,1.102518005,6.836887791200001,3.9325747139000002,3.9325747139000002,288,1775091000.0,1775256300.0,552,264.0,0.5217391304347826,0.0,16659.522695561183,7272.904216057763,0.028007648675140207,-0.009160437914145992,0.45650224250000004,200,0.44911420083242976,264.8289736829,0.5946922643643411,92.7424533367157,1.10043733635,0.48,144.13347135556623,0.5189504373177842,0.7142857142857143,0.1588235294117647,0.8117647058823529,0.48764705882352943,0.7369565217391305,0.0,0.5601529735028041,0.0,0.18671765783426805,50.86432540060451,"['quote_volume_24h<50000', 'top_of_book_quote<5', 'coverage_ratio<0.90', 'natr_bps_mean>400']",quote_volume_24h<50000; top_of_book_quote<5; coverage_ratio<0.90; natr_bps_mean>400,False
nonkyc,ZANO/FUSD,ZANO-FUSD,ZANO,FUSD,True,active,9.226,690.4475,21.16,9.225,9.35,134.58950201884252,2.431,0.001,0.01,,,market.getlist.priceDecimals/quantityDecimals,1775254643770.0,False,0.5481049562682215,0.0676470588235294,0.0,31.83694906534042,9.225,9.35,9.2875,0.125,2.4907500000000002,2.431,43,29,0.0,0.0,0.0,0.0,0.0,0.0,0.0,0.0,0.0,0.0,0.0,0.0,2.4907500000000002,2.431,2.431,2.4907500000000002,2.431,2.431,15.49776,8.884879999999999,8.884879999999999,288,1775073600.0,1775256000.0,609,321.0,0.4729064039408867,0.0,3519.768229828875,7713.834354159317,9.55020325379245e-05,-0.028832727479900667,0.90891,200,0.14973561369837374,188.26261,0.14094808722403795,302.095095872879,0.68285,0.485,26.15187794762854,0.5481049562682215,0.7696793002915452,0.0676470588235294,0.861764705882353,0.2892647058823529,0.7100985221674877,0.0,0.0019100406507584898,0.9670892014963274,0.322999747382362,50.32673471059024,"['quote_volume_24h<50000', 'spread_bps>120', 'top_of_book_quote<5', 'coverage_ratio<0.90', 'natr_bps_mean>400']",quote_volume_24h<50000; spread_bps>120; top_of_book_quote<5; coverage_ratio<0.90; natr_bps_mean>400,False
nonkyc,DERO/USDT,DERO-USDT,DERO,USDT,True,active,0.18443,186.239,971.7376,0.175647,0.193651,975.0391282920564,1.0079678742,1e-06,0.0001,,,market.getlist.priceDecimals/quantityDecimals,1775223865456.0,False,0.48104956268221577,0.0117647058823529,0.0,26.75184359458069,0.175647,0.193651,0.184649,0.018003999999999992,1.0079678742,2.024040252,61,200,0.0,0.0,0.0,0.0,0.0,0.0,0.0,0.0,0.0,0.0,0.0,0.0,0.0,0.0,0.0,2.0159483189999996,278.2204966878,2.0159483189999996,535.5266169587001,731.9693594362,535.5266169587001,288,1774999800.0,1775223600.0,747,459.0,0.3855421686746988,0.0,44.991369567741344,170.35695690446585,0.05904963767078175,-0.3183810605938048,0.0479196355,200,0.2122728859218069,397.9696828474,0.4223908654370191,32697.272500276566,0.28108338,0.965,0.04614314263115905,0.48104956268221577,0.760932944606414,0.0117647058823529,0.8,0.2851470588235294,0.6620481927710844,1.0,1.0,0.0,0.6666666666666666,50.06099699087897,"['quote_volume_24h<50000', 'spread_bps>120', 'top_of_book_quote<5', 'last_trade_age_sec>3600', 'coverage_ratio<0.90']",quote_volume_24h<50000; spread_bps>120; top_of_book_quote<5; last_trade_age_sec>3600; coverage_ratio<0.90,False
nonkyc,CRC/USDT,CRC-USDT,CRC,USDT,True,active,0.006172,2971.8699,479530.5348,0.006171,0.006224,85.51835417507074,0.06072943520000001,1e-06,0.0001,,,market.getlist.priceDecimals/quantityDecimals,1775254599956.0,False,0.6618075801749271,0.3411764705882353,0.0,44.92882867432688,0.006171,0.006224,0.0061975,5.3000000000000096e-05,0.0617680074,0.06072943520000001,50,200,0.0,0.0,0.0,0.0,0.0,0.0,0.0,0.0,0.0,0.0617680074,0.06072943520000001,0.06072943520000001,0.0617680074,0.06072943520000001,0.06072943520000001,0.0617680074,0.06072943520000001,0.06072943520000001,0.2211455352,0.2179942,0.2179942,288,1775166300.0,1775256300.0,301,13.0,0.9568106312292359,0.0,78.4073378398818,113.61854642732978,0.0028300725975144107,-0.46079173147141544,10.2254916495,200,1.5956441043525345,283.2754315032,2.2600338609300064,14.522329092025757,1.50664267675,0.46,0.9168480684201258,0.6618075801749271,0.2478134110787172,0.3382352941176471,0.25,0.6977941176470588,0.9762458471760798,1.0,0.05660145195028821,0.0,0.3522004839834294,49.90940757501475,"['quote_volume_24h<50000', 'top_of_book_quote<5']",quote_volume_24h<50000; top_of_book_quote<5,False
nonkyc,DOSU/DOGE,DOSU-DOGE,DOSU,DOGE,True,active,8.053e-09,86.1329,10293296525.0,8.052e-09,8.121e-09,85.3273975143764,0.785878298004,1e-12,1.0,,,market.getlist.priceDecimals/quantityDecimals,1775254354688.0,False,0.4314868804664723,0.3558823529411764,0.0,32.628837249185395,8.052e-09,8.121e-09,8.086500000000001e-09,6.900000000000049e-11,0.793514808768,0.785878298004,30,97,0.0,0.0,0.0,0.0,0.0,0.0,0.0,0.0,0.0,0.793514808768,0.785878298004,0.785878298004,0.793514808768,0.785878298004,0.785878298004,0.793514808768,0.785878298004,0.785878298004,3.032343336714,2.8013648004619998,2.8013648004619998,288,1775079300.0,1775256000.0,590,302.0,0.488135593220339,0.0,40.56095581705094,2632.577616935681,0.011663351654171625,-0.1311280478833306,0.286854056112,200,0.14220387518372044,86.3867649993,0.06142266373742924,407.7608046531677,0.22785513545000002,0.51,0.4753567669776524,0.4314868804664723,0.6793002915451894,0.3529411764705882,0.7705882352941177,0.22676470588235292,0.7184745762711865,1.0,0.2332670330834325,0.0,0.41108901102781087,49.770268011559686,"['quote_volume_24h<50000', 'top_of_book_quote<5', 'coverage_ratio<0.90']",quote_volume_24h<50000; top_of_book_quote<5; coverage_ratio<0.90,False
nonkyc,NAT/USDT,NAT-USDT,NAT,USDT,True,active,6.65e-08,82.0629,1267053478.0,6.64e-08,6.7e-08,89.95502248875641,1.0727938830000001,1e-10,1.0,,,market.getlist.priceDecimals/quantityDecimals,1775254317591.0,False,0.42565597667638483,0.26764705882352946,0.0,30.102255187789407,6.64e-08,6.7e-08,6.670000000000001e-08,6.000000000000054e-10,1.4919370184,1.0727938830000001,32,50,0.0,0.0,0.0,0.0,0.0,0.0,0.0,0.0,0.0,1.4919370184,1.0727938830000001,1.0727938830000001,1.4919370184,1.0727938830000001,1.0727938830000001,1.4919370184,1.0727938830000001,1.0727938830000001,4.9114462424,4.0682538375,4.0682538375,288,1775073000.0,1775255700.0,610,322.0,0.4721311475409836,0.0,24.376823914402834,203.038977527406,0.018615040953090127,-0.29662076522463615,0.43386099019999996,200,0.14959134263041154,79.0629748323,0.05913568278759097,607.4471302032471,0.356166818,0.45,0.2709890258484425,0.42565597667638483,0.7113702623906706,0.26764705882352946,0.8088235294117647,0.2301470588235294,0.709672131147541,1.0,0.3723008190618025,0.0,0.45743360635393415,49.628911945414345,"['quote_volume_24h<50000', 'top_of_book_quote<5', 'coverage_ratio<0.90']",quote_volume_24h<50000; top_of_book_quote<5; coverage_ratio<0.90,False
nonkyc,ERGONE/ERG,ERGONE-ERG,ERGONE,ERG,True,active,0.07564682,32.9046,386.851,0.07500655,0.07564683,85.00041618714337,0.41036083505000004,1e-08,0.0001,,,market.getlist.priceDecimals/quantityDecimals,1775254491278.0,False,0.3469387755102041,0.4411764705882353,0.0,30.111044417767108,0.07500655,0.07564683,0.07532669,0.0006402799999999931,0.41036083505000004,0.41121616788,27,46,0.0,0.0,0.0,0.0,0.0,0.0,0.0,0.0,0.0,0.41036083505000004,0.41121616788,0.41036083505000004,0.41036083505000004,0.41121616788,0.41036083505000004,0.41036083505000004,0.41121616788,0.41036083505000004,1.4729006264400002,1.475073383042,1.4729006264400002,288,1775082300.0,1775256300.0,581,293.0,0.49569707401032703,0.0,209.69401072524084,10408.409157814589,0.0002432975377723754,-0.008733550417346381,0.17249555906,200,0.16178049137605285,26.017726425300005,0.02104580282786375,78.94522333145142,0.1349767065,0.52,2.4669762823697545,0.3469387755102041,0.5801749271137027,0.43529411764705883,0.6588235294117647,0.4107352941176471,0.7226333907056799,0.8253293486750538,0.0048659507554475075,0.7334881411848773,0.5212278135384595,49.53275884401916,"['quote_volume_24h<50000', 'top_of_book_quote<5', 'coverage_ratio<0.90']",quote_volume_24h<50000; top_of_book_quote<5; coverage_ratio<0.90,False
nonkyc,EPIX/USDT,EPIX-USDT,EPIX,USDT,True,active,5.62e-05,13.4607,240092.9341,5.61e-05,5.63e-05,35.587188612099304,0.21158176149000002,1e-07,0.0001,,,market.getlist.priceDecimals/quantityDecimals,1775254557392.0,False,0.27988338192419826,0.8823529411764706,0.0,37.45240953524267,5.61e-05,5.63e-05,5.62e-05,1.9999999999999809e-07,0.21158176149000002,27.74829028369,50,132,0.0,0.0,0.0,0.0,0.0,0.0,0.21158176149000002,27.74829028369,0.21158176149000002,0.21158176149000002,27.74829028369,0.21158176149000002,0.21158176149000002,27.86734639219,0.21158176149000002,0.21158176149000002,27.74829028369,0.21158176149000002,0.21158176149000002,27.74829028369,0.21158176149000002,288,1775069700.0,1775256000.0,622,334.0,0.4630225080385852,0.0,18.56766125611591,197.7252934224944,0.015974440894568592,-0.6626214177010772,0.0804934616,200,0.14598522563827254,13.4612282436,0.009825702212551166,168.20297741889954,0.061257926899999995,0.55,0.521751281296862,0.27988338192419826,0.4868804664723032,0.8735294117647059,0.5558823529411765,0.2988235294117647,0.7046623794212219,0.880638438009659,0.31948881789137185,0.0,0.4000424186336769,49.5112702408817,"['quote_volume_24h<50000', 'top_of_book_quote<5', 'coverage_ratio<0.90']",quote_volume_24h<50000; top_of_book_quote<5; coverage_ratio<0.90,False
nonkyc,XCCX/USDT,XCCX-USDT,XCCX,USDT,True,active,0.020948,41.8061,1977.791,0.020772,0.020949,84.84935643920333,0.6780018156000001,1e-06,0.0001,,,market.getlist.priceDecimals/quantityDecimals,1775254459916.0,False,0.3848396501457726,0.5205882352941176,0.0,34.18088664037043,0.020772,0.020949,0.020860499999999997,0.00017700000000000007,0.6835857479999999,0.6780018156000001,39,62,0.0,0.0,0.0,0.0,0.0,0.0,0.0,0.0,0.0,0.6835857479999999,0.6780018156000001,0.6780018156000001,0.6835857479999999,0.6780018156000001,0.6780018156000001,0.6835857479999999,0.6780018156000001,0.6780018156000001,2.4517548316,2.4242606556000004,2.4242606556000004,288,1775080800.0,1775256000.0,585,297.0,0.49230769230769234,0.0,32.99911098082973,474.4846107760993,0.005655141378534487,-0.25895319316368715,0.2559340965,200,0.13428169031088932,43.380239603999996,0.029125859500582517,450.33194518089294,0.20601304185,0.49,0.3889140986528803,0.3848396501457726,0.6530612244897959,0.5147058823529411,0.7470588235294118,0.15926470588235295,0.7207692307692308,1.0,0.11310282757068975,0.0,0.3710342758568966,49.33835233602631,"['quote_volume_24h<50000', 'top_of_book_quote<5', 'coverage_ratio<0.90']",quote_volume_24h<50000; top_of_book_quote<5; coverage_ratio<0.90,False
nonkyc,BTCE/DOGE,BTCE-DOGE,BTCE,DOGE,True,active,0.376029,45.7821,118.6356,0.372847,0.37603,85.00728424026887,0.7344713052999999,1e-06,0.0001,,,market.getlist.priceDecimals/quantityDecimals,1775254599559.0,False,0.3877551020408163,0.4117647058823529,0.0,31.620648259303717,0.372847,0.37603,0.3744385,0.0031829999999999914,0.7344713052999999,0.735777901,30,34,0.0,0.0,0.0,0.0,0.0,0.0,0.0,0.0,0.0,0.7344713052999999,0.735777901,0.7344713052999999,0.7344713052999999,0.735777901,0.7344713052999999,0.7344713052999999,0.735777901,0.7344713052999999,2.6358909829,2.6391029074,2.6358909829,288,1775079000.0,1775256300.0,592,304.0,0.4864864864864865,0.0,63.32749678490128,4288.9196446025635,0.003984043126278832,-0.10047913354105593,0.292823497,200,0.13845008544452508,45.8455780222,0.031736620972136156,124.63600397109985,0.2262190464,0.535,0.7449655326702268,0.3877551020408163,0.6676384839650146,0.40588235294117647,0.7617647058823529,0.2705882352941177,0.7175675675675677,1.0,0.07968086252557663,0.0,0.3598936208418589,49.26879813002121,"['quote_volume_24h<50000', 'top_of_book_quote<5', 'coverage_ratio<0.90']",quote_volume_24h<50000; top_of_book_quote<5; coverage_ratio<0.90,False
nonkyc,ARQ/USDT,ARQ-USDT,ARQ,USDT,True,active,0.00273246,37.1431,13166.03,0.00273245,0.00275577,84.98201602705376,0.5090576209600001,1e-08,0.0001,,,market.getlist.priceDecimals/quantityDecimals,1775254363167.0,False,0.36151603498542273,0.4852941176470589,0.0,32.015734865374725,0.00273245,0.00275577,0.00274411,2.331999999999985e-05,0.5090576209600001,0.509678559192,53,98,0.0,0.0,0.0,0.0,0.0,0.0,0.0,0.0,0.0,0.5090576209600001,0.509678559192,0.5090576209600001,0.5090576209600001,0.509678559192,0.5090576209600001,0.5090576209600001,0.509678559192,0.5090576209600001,1.8891750033610002,1.8288905182319999,1.8288905182319999,288,1775078400.0,1775256000.0,593,305.0,0.4856661045531197,0.0,54.376528467567375,497.67659617339666,0.02334161092762947,-0.3393602921344204,0.21493504253999998,200,0.12870448234569154,39.3824946932,0.02534351796485125,66.25836396217346,0.18843045565,0.405,0.6398592432810346,0.36151603498542273,0.6064139941690962,0.4794117647058823,0.6911764705882353,0.2404411764705882,0.7171163575042159,1.0,0.46683221855258933,0.0,0.4889440728508631,48.95056314422992,"['quote_volume_24h<50000', 'top_of_book_quote<5', 'coverage_ratio<0.90']",quote_volume_24h<50000; top_of_book_quote<5; coverage_ratio<0.90,False
nonkyc,DNX/USDT,DNX-USDT,DNX,USDT,True,active,0.01971,983.0248,49552.49,0.0197,0.01987,85.92367955521861,0.1456471,1e-05,0.01,,,market.getlist.priceDecimals/quantityDecimals,1775255960483.0,False,0.565597667638484,0.3205882352941176,0.0,39.12257760246956,0.0197,0.01987,0.019784999999999997,0.00017,0.15464499999999998,0.1456471,58,91,0.0,0.0,0.0,0.0,0.0,0.0,0.0,0.0,0.0,0.15464499999999998,0.1456471,0.1456471,0.15464499999999998,0.1456471,0.1456471,0.15464499999999998,0.1456471,0.1456471,0.5430762,0.5169263,0.5169263,288,1775116200.0,1775256300.0,468,180.0,0.6153846153846154,0.0,43.61198980363991,76.92250373752621,0.016802688430148933,-0.48109041384316825,0.19177814999999998,200,0.6513001443464171,137.8137689,0.4487906378874689,0.05181264877319336,0.6173172,0.485,0.5075665989794208,0.565597667638484,0.33527696793002915,0.3176470588235294,0.36764705882352944,0.6891176470588236,0.7884615384615385,1.0,0.33605376860297864,0.0,0.4453512562009929,48.910952505020106,"['quote_volume_24h<50000', 'top_of_book_quote<5', 'coverage_ratio<0.90']",quote_volume_24h<50000; top_of_book_quote<5; coverage_ratio<0.90,False
nonkyc,PEPERG/ERG,PEPERG-ERG,PEPERG,ERG,True,active,0.000532386068,159.0949,268929.0,0.000525341204,0.000532386069,133.20758913625951,2.5027254958559997,1e-12,1.0,,,market.getlist.priceDecimals/quantityDecimals,1775254452747.0,False,0.4752186588921283,0.07647058823529407,0.0,28.04879094494941,0.000525341204,0.000532386069,0.0005288636364999999,7.044865000000009e-06,2.5027254958559997,2.514459403887,28,27,0.0,0.0,0.0,0.0,0.0,0.0,0.0,0.0,0.0,0.0,0.0,0.0,2.5027254958559997,2.514459403887,2.5027254958559997,2.5027254958559997,7.929133773607,2.5027254958559997,8.983959376206,14.383009149766998,8.983959376206,288,1775073300.0,1775256300.0,611,323.0,0.4713584288052373,0.0,180.01536118701088,3043.1832979789324,0.0005379626158713836,-0.23882017813277623,0.956682616545,200,0.1245988255271865,173.5030351387,0.10809137201842095,56.03471398353577,0.8373938807,0.455,1.351389679478931,0.4752186588921283,0.7725947521865889,0.07352941176470584,0.8676470588235294,0.2363235294117647,0.7092471358428806,0.9999096400764066,0.010759252317427671,0.17569483973946554,0.3954545773777666,48.857689401114044,"['quote_volume_24h<50000', 'spread_bps>120', 'top_of_book_quote<5', 'coverage_ratio<0.90']",quote_volume_24h<50000; spread_bps>120; top_of_book_quote<5; coverage_ratio<0.90,False
nonkyc,BABYPEPE/USDT,BABYPEPE-USDT,BABYPEPE,USDT,True,active,1.0549e-06,28.4021,27453991.3218,1.0461e-06,1.055e-06,84.71752891342662,0.474097054381,1e-10,0.0001,,,market.getlist.priceDecimals/quantityDecimals,1775254564521.0,False,0.33819241982507287,0.5470588235294118,0.0,32.2770536786143,1.0461e-06,1.055e-06,1.05055e-06,8.900000000000033e-09,0.48446091002232006,0.474097054381,29,63,0.0,0.0,0.0,0.0,0.0,0.0,0.0,0.0,0.0,0.48446091002232006,0.474097054381,0.474097054381,0.48446091002232006,0.474097054381,0.474097054381,0.48446091002232006,0.474097054381,0.474097054381,1.7330472299992201,1.7134832761540002,1.7134832761540002,288,1775078700.0,1775256300.0,593,305.0,0.4856661045531197,0.0,40.232878981996556,2179.8395566907625,0.0001112250824919445,-0.20580633530305312,0.183869521856,200,0.14506519399023537,27.307488498599998,0.019806830582177647,66.0495274066925,0.1353413241,0.48,0.47490619117456545,0.33819241982507287,0.5947521865889213,0.5411764705882354,0.6764705882352942,0.35147058823529415,0.7171163575042159,1.0,0.00222450164983889,0.0,0.3340748338832796,48.811809015572784,"['quote_volume_24h<50000', 'top_of_book_quote<5', 'coverage_ratio<0.90']",quote_volume_24h<50000; top_of_book_quote<5; coverage_ratio<0.90,False
nonkyc,IXI/USDT,IXI-USDT,IXI,USDT,True,active,6.76e-06,35.0268,5330982.5361,6.75e-06,6.78e-06,44.34589800443541,0.090470810094,1e-08,0.0001,,,market.getlist.priceDecimals/quantityDecimals,1775254333773.0,False,0.3556851311953353,0.8441176470588235,0.0,40.66562339221404,6.75e-06,6.78e-06,6.7650000000000005e-06,3.000000000000056e-08,1.017964071675,0.090470810094,40,200,0.0,0.0,0.0,0.0,0.0,0.0,1.017964071675,0.090470810094,0.090470810094,1.017964071675,0.090470810094,0.090470810094,1.1454641195370001,0.090470810094,0.090470810094,1.017964071675,0.090470810094,0.090470810094,1.1454641195370001,0.090470810094,0.090470810094,288,1775067600.0,1775255400.0,627,339.0,0.45933014354066987,0.0,99.85572518181938,575.2873006990134,0.06814580031695705,-0.4628805049145704,0.051128234030000004,200,0.16679688174923185,33.4134357149,0.027866284428868675,778.7477502822876,0.047679173,0.445,2.2517466028499853,0.3556851311953353,0.2653061224489796,0.8352941176470589,0.27647058823529413,0.2745588235294118,0.7026315789473685,1.0,1.0,0.6258733014249926,0.8752911004749976,48.49296886247953,"['quote_volume_24h<50000', 'top_of_book_quote<5', 'coverage_ratio<0.90']",quote_volume_24h<50000; top_of_book_quote<5; coverage_ratio<0.90,False
nonkyc,XNA/USDT,XNA-USDT,XNA,USDT,True,active,3.53e-05,1259.4732,35933598.0036,3.51e-05,3.55e-05,113.3144475920688,0.064679651,1e-07,0.0001,,,market.getlist.priceDecimals/quantityDecimals,1775256205463.0,False,0.577259475218659,0.15588235294117647,0.0,35.646329960555654,3.51e-05,3.55e-05,3.5300000000000004e-05,4.0000000000000295e-07,0.09009353223,0.064679651,40,125,0.0,0.0,0.0,0.0,0.0,0.0,0.0,0.0,0.0,0.0,0.0,0.0,5.47413329473,0.064679651,0.064679651,5.47413329473,0.21965110904000001,0.21965110904000001,10.987218814599998,0.42554846623000003,0.42554846623000003,288,1775160300.0,1775256000.0,320,32.0,0.9,0.0,23.242489456706043,70.6358704549322,0.017301038062283707,-0.3969427925912242,4.5864997798000005,200,0.5088340157575693,323.5686950241,0.8232137923127452,227.0971748828888,1.77855554765,0.485,0.20511496945542934,0.577259475218659,0.49854227405247814,0.16764705882352937,0.2529411764705882,0.4379411764705882,0.9450000000000001,1.0,0.3460207612456741,0.0,0.44867358708189137,47.72298522770453,"['quote_volume_24h<50000', 'top_of_book_quote<5']",quote_volume_24h<50000; top_of_book_quote<5,False
nonkyc,WEN/USDT,WEN-USDT,WEN,USDT,True,active,1.762e-11,284.3896,2807282418814.0,1.748e-11,1.763e-11,85.44574195385974,0.5747449874389401,1e-14,1.0,,,market.getlist.priceDecimals/quantityDecimals,1775253490128.0,False,0.5072886297376094,0.34411764705882353,0.0,36.50381581203911,1.748e-11,1.763e-11,1.7555e-11,1.5000000000000077e-13,0.698599744666,0.5747449874389401,31,55,0.0,0.0,0.0,0.0,0.0,0.0,0.0,0.0,0.0,0.698599744666,0.5747449874389401,0.5747449874389401,0.698599744666,0.5747449874389401,0.5747449874389401,0.698599744666,0.5747449874389401,0.5747449874389401,2.39585289454888,2.18920872128366,2.18920872128366,288,1775078700.0,1775256000.0,592,304.0,0.4864864864864865,0.0,11.863504447579901,7452.197301269158,0.0,-0.004475745607126911,0.23802973347326,200,0.14971352317310488,43.9115511975,0.032870765188869486,226.07773160934448,0.1990215044,0.5,0.1388425470515094,0.5072886297376094,0.6239067055393586,0.3411764705882353,0.7058823529411765,0.3089705882352941,0.7175675675675677,0.32195870396499177,0.0,0.0,0.10731956798833059,47.715461991813484,"['quote_volume_24h<50000', 'top_of_book_quote<5', 'coverage_ratio<0.90', 'natr_bps_mean<12']",quote_volume_24h<50000; top_of_book_quote<5; coverage_ratio<0.90; natr_bps_mean<12,False
nonkyc,XDAG/USDT,XDAG-USDT,XDAG,USDT,True,active,0.0013774,41.5535,31682.1603,0.00136575,0.00137741,85.01144665276489,0.3447349668,1e-08,0.0001,,,market.getlist.priceDecimals/quantityDecimals,1775254283023.0,False,0.37900874635568516,0.4,0.0,30.845481049562686,0.00136575,0.00137741,0.0013715799999999998,1.1659999999999926e-05,0.3447349668,0.34476172851099995,39,50,0.0,0.0,0.0,0.0,0.0,0.0,0.0,0.0,0.0,0.3447349668,0.34476172851099995,0.3447349668,0.3447349668,0.34476172851099995,0.3447349668,0.3447349668,0.34476172851099995,0.3447349668,1.236484190052,1.218649378223,1.218649378223,288,1775089500.0,1775256300.0,557,269.0,0.5170556552962298,0.0,145.4837297205601,2198.747775968707,0.006654653179441035,-0.28168237527380435,0.1410568873,200,0.15006418808083885,30.3991096284,0.022809088523831286,219.83092832565308,0.1175451644,0.52,1.7113428302755322,0.37900874635568516,0.5539358600583091,0.3941176470588236,0.6352941176470588,0.3195588235294118,0.7343806104129265,1.0,0.1330930635888207,0.3556714151377661,0.4962548262421957,47.70422265672444,"['quote_volume_24h<50000', 'top_of_book_quote<5', 'coverage_ratio<0.90']",quote_volume_24h<50000; top_of_book_quote<5; coverage_ratio<0.90,False
nonkyc,SHA/USDT,SHA-USDT,SHA,USDT,True,active,0.020113,123.3438,5480.0395,0.020112,0.020303,94.5193616231598,0.27085014120000006,1e-06,0.0001,,,market.getlist.priceDecimals/quantityDecimals,1775254561368.0,False,0.46647230320699706,0.24411764705882355,0.0,31.75891785285543,0.020112,0.020303,0.020207500000000003,0.0001910000000000002,0.27405013440000003,0.27085014120000006,92,200,0.0,0.0,0.0,0.0,0.0,0.0,0.0,0.0,0.0,0.27405013440000003,0.27085014120000006,0.27085014120000006,0.27405013440000003,0.27085014120000006,0.27085014120000006,0.27405013440000003,0.27085014120000006,0.27085014120000006,1.0055020498,0.9771236012000002,0.9771236012000002,288,1775068800.0,1775256300.0,626,338.0,0.46006389776357826,0.0,20.126742039326828,111.3564415996545,0.039491121123773974,-0.2416261581918889,0.10514405800000001,200,0.146579630288171,123.5695452606,0.0905638912958808,69.08469128608704,0.0873574758,0.455,0.21293776950769452,0.46647230320699706,0.5189504373177842,0.2382352941176471,0.5911764705882353,0.355,0.703035143769968,1.0,0.7898224224754794,0.0,0.5966074741584931,47.371946673196454,"['quote_volume_24h<50000', 'top_of_book_quote<5', 'coverage_ratio<0.90']",quote_volume_24h<50000; top_of_book_quote<5; coverage_ratio<0.90,False
nonkyc,EPPE/USDT,EPPE-USDT,EPPE,USDT,True,active,0.0046598,33.7274,7220.4534,0.00462037,0.00465981,84.99835132508196,0.588582465782,1e-08,0.0001,,,market.getlist.priceDecimals/quantityDecimals,1775254679638.0,False,0.3498542274052478,0.4764705882352941,0.0,31.15374721317098,0.00462037,0.00465981,0.00464009,3.943999999999996e-05,0.588582465782,0.5895903819270001,33,71,0.0,0.0,0.0,0.0,0.0,0.0,0.0,0.0,0.0,0.588582465782,0.5895903819270001,0.588582465782,0.588582465782,0.5895903819270001,0.588582465782,0.588582465782,0.5895903819270001,0.588582465782,2.1125863945859997,2.115203394192,2.1125863945859997,288,1775074500.0,1775256300.0,607,319.0,0.4744645799011532,0.0,24.215264042093573,783.2626075069074,0.0017510365407833405,-0.43068911449982217,0.21177049692000002,200,0.13265651390352998,35.2503760444,0.02338095999919304,143.2614803314209,0.17447599339999997,0.45,0.2848909851142954,0.3498542274052478,0.6268221574344023,0.47058823529411764,0.7088235294117647,0.22294117647058825,0.7109555189456342,1.0,0.035020730815666805,0.0,0.3450069102718889,47.36786301623628,"['quote_volume_24h<50000', 'top_of_book_quote<5', 'coverage_ratio<0.90']",quote_volume_24h<50000; top_of_book_quote<5; coverage_ratio<0.90,False
nonkyc,CCX/USDT,CCX-USDT,CCX,USDT,True,active,0.00875,41.7076,4593.7656,0.008749,0.008824,85.35821999658616,0.30834232640000003,1e-06,0.0001,,,market.getlist.priceDecimals/quantityDecimals,1775254180729.0,False,0.3819241982507289,0.3529411764705882,0.0,29.829360315554798,0.008749,0.008824,0.0087865,7.500000000000041e-05,0.3200725411,0.30834232640000003,42,193,0.0,0.0,0.0,0.0,0.0,0.0,0.0,0.0,0.0,0.3200725411,0.30834232640000003,0.30834232640000003,47.4816541497,0.30834232640000003,0.30834232640000003,0.3200725411,0.30834232640000003,0.30834232640000003,48.316861517099994,1.1132438784,1.1132438784,288,1775074500.0,1775256000.0,606,318.0,0.4752475247524752,0.0,38.42677843421564,267.0442781357535,0.04338475536622682,-0.3496433691962829,0.12262534400000001,200,0.14955929922138317,37.370858010999996,0.027945796677134864,392.3826928138733,0.112977304,0.475,0.4501825182829784,0.3819241982507289,0.5481049562682215,0.35,0.6264705882352941,0.27044117647058824,0.7113861386138614,1.0,0.8676951073245363,0.0,0.6225650357748455,47.32485045079841,"['quote_volume_24h<50000', 'top_of_book_quote<5', 'coverage_ratio<0.90']",quote_volume_24h<50000; top_of_book_quote<5; coverage_ratio<0.90,False
nonkyc,JKC/USDT,JKC-USDT,JKC,USDT,True,active,0.007344,115.8916,15510.5033,0.007343,0.007406,85.42952064546824,0.479212636,1e-06,0.0001,,,market.getlist.priceDecimals/quantityDecimals,1775253638478.0,False,0.4577259475218659,0.34705882352941175,0.0,33.85139770193793,0.007343,0.007406,0.0073745,6.300000000000056e-05,0.48766405029999993,0.479212636,42,200,0.0,0.0,0.0,0.0,0.0,0.0,0.0,0.0,0.0,0.48766405029999993,0.479212636,0.479212636,0.48766405029999993,0.479212636,0.479212636,0.48766405029999993,0.479212636,0.479212636,1.7440749991,24.1511462822,1.7440749991,288,1775064300.0,1775256300.0,641,353.0,0.44929797191887677,0.0,19.620344024250333,75.11675250104747,0.014420410427065943,-0.3164548511042776,0.178762578,200,0.1241749261703718,119.01650681580001,0.07389432973453759,174.0727653503418,0.13995684130000002,0.505,0.22966702699497268,0.4577259475218659,0.6034985422740525,0.34411764705882353,0.6852941176470588,0.16867647058823532,0.6971138845553823,0.9683620020208611,0.2884082085413188,0.0,0.4189234035207266,47.2281194079434,"['quote_volume_24h<50000', 'top_of_book_quote<5', 'coverage_ratio<0.90']",quote_volume_24h<50000; top_of_book_quote<5; coverage_ratio<0.90,False
nonkyc,LUMOS/USDC,LUMOS-USDC,LUMOS,USDC,True,active,0.00027,504.0306,1792983.013,0.000269,0.000271,74.07407407407388,0.10221098329999999,1e-06,0.0001,,,market.getlist.priceDecimals/quantityDecimals,1775254201915.0,False,0.5306122448979592,0.6823529411764706,0.0,46.242496998799524,0.000269,0.000271,0.00026999999999999995,1.9999999999999944e-06,0.1849984016,0.10221098329999999,28,35,0.0,0.0,0.0,0.0,0.0,0.0,0.0,0.0,0.0,0.1849984016,0.10221098329999999,0.10221098329999999,0.1849984016,0.3188485385,0.1849984016,0.1849984016,0.10221098329999999,0.10221098329999999,0.6158640844000001,0.3188485385,0.3188485385,288,1775086800.0,1775256300.0,566,278.0,0.508833922261484,0.0,496.72774590966606,1485.4708500981587,0.007272727272727274,-0.1684175447795955,0.06504171450000001,200,0.15004684462457699,10.2937798917,0.007722745960047525,48.44283437728882,0.0515932533,0.48,6.70582456978051,0.5306122448979592,0.27405247813411077,0.6588235294117647,0.2911764705882353,0.40823529411764703,0.7298586572438163,0.0,0.14545454545454548,1.0,0.38181818181818183,47.10192359555911,"['quote_volume_24h<50000', 'top_of_book_quote<5', 'coverage_ratio<0.90', 'natr_bps_mean>400']",quote_volume_24h<50000; top_of_book_quote<5; coverage_ratio<0.90; natr_bps_mean>400,False
nonkyc,LTC/XMR,LTC-XMR,LTC,XMR,True,active,0.16760935,0.3529,2.1832,0.16656808,0.16753647,60.95773310546599,0.20395151539299997,1e-08,0.0001,,,market.getlist.priceDecimals/quantityDecimals,1775255947661.0,False,0.1457725947521866,0.7764705882352941,0.0,27.429257417252618,0.16660808,0.16762679,0.16711743499999998,0.001018710000000006,0.54839049532,0.20395151539299997,144,51,0.0,0.0,0.0,0.0,0.0,0.0,0.0,0.0,0.0,0.54905676764,0.8842515288849999,0.54905676764,0.54905676764,1.5823530570689999,0.54905676764,0.54905676764,0.8849234886849999,0.54905676764,0.54905676764,1.5823530570689999,0.54905676764,287,1775102400.0,1775256300.0,514,227.0,0.5583657587548638,0.28222996515679444,7.716146376965726,36.306626948739755,0.07440165512072748,-0.3865328678537739,0.00016344913,200,0.16788653724202887,0.11321580010000001,9.503704319937374e-05,46.03971195220947,0.00020146325,0.55,0.12658191149621065,0.1457725947521866,0.60932944606414,0.7441176470588236,0.5352941176470588,0.45338235294117646,0.6300976829946177,0.0,1.0,0.0,0.3333333333333333,46.94826488802655,"['quote_volume_24h<50000', 'top_of_book_quote<5', 'coverage_ratio<0.90', 'natr_bps_mean<12']",quote_volume_24h<50000; top_of_book_quote<5; coverage_ratio<0.90; natr_bps_mean<12,False
nonkyc,LINK/ETH,LINK-ETH,LINK,ETH,True,active,0.004233,3.476,826.02,0.004198,0.004234,85.38899430739936,4.198e-05,1e-06,0.01,,,market.getlist.priceDecimals/quantityDecimals,1775256181852.0,False,0.2099125364431487,0.35,0.0,20.29518950437318,0.004198,0.004234,0.004216,3.5999999999999574e-05,4.198e-05,4.234e-05,56,40,0.0,0.0,0.0,0.0,0.0,0.0,0.0,0.0,0.0,0.10923783,4.234e-05,4.234e-05,2.34398209,2.10903345,2.10903345,1.45978861,1.3691566300000002,1.3691566300000002,3.71729166,3.7996480600000004,3.71729166,288,1775170200.0,1775256300.0,288,0.0,1.0,0.0,15.492779586642106,12.26661274982991,0.029252437703142294,-0.38593468079398063,0.00769507,200,1.0071264265895854,0.31449282,0.0015836701499734086,51.423606395721436,0.0006964250000000001,0.5,0.18143766315912194,0.2099125364431487,0.7230320699708455,0.34705882352941175,0.10588235294117647,0.5685294117647058,1.0,0.6243982988868422,0.5850487540628458,0.0,0.403149017649896,46.752385391727906,"['quote_volume_24h<50000', 'top_of_book_quote<5']",quote_volume_24h<50000; top_of_book_quote<5,False
nonkyc,BC2/BTC,BC2-BTC,BC2,BTC,True,active,1.13288e-05,0.5996,51510.3157,1.12954e-05,1.13334e-05,33.585519338188774,5.10909672e-06,1e-10,0.0001,,,market.getlist.priceDecimals/quantityDecimals,1775254631422.0,False,0.17201166180758018,0.8941176470588236,0.0,31.8135825758875,1.12954e-05,1.13334e-05,1.1314400000000001e-05,3.8000000000000314e-08,2.044354446e-05,5.10909672e-06,54,73,0.0,0.0,0.0,0.0,0.0,0.0,2.044354446e-05,5.10909672e-06,5.10909672e-06,2.044354446e-05,5.10909672e-06,5.10909672e-06,2.5549819020000002e-05,0.00025409708156,2.5549819020000002e-05,2.044354446e-05,5.10909672e-06,5.10909672e-06,2.044354446e-05,5.10909672e-06,5.10909672e-06,288,1775163000.0,1775256300.0,312,24.0,0.9230769230769231,0.0,71.9927647375999,119.10822166139248,0.03818181818181819,-0.19275248894800281,0.0021010573855999998,200,1.336011293743129,0.0822067602,0.0005491458002461659,0.2679107189178467,0.0004374152,0.405,2.143565624597615,0.17201166180758018,0.06705539358600583,0.8852941176470588,0.07058823529411765,0.7654411764705883,0.9576923076923078,1.0,0.7636363636363638,0.5717828122988076,0.7784730586450571,46.74574730082863,"['quote_volume_24h<50000', 'top_of_book_quote<5']",quote_volume_24h<50000; top_of_book_quote<5,False
nonkyc,XLA/USDT,XLA-USDT,XLA,USDT,True,active,6.2764e-06,49.4682,7915448.212,6.2234e-06,6.2765e-06,84.96067968543676,0.98533850666205,1e-10,0.0001,,,market.getlist.priceDecimals/quantityDecimals,1775254160091.0,False,0.3935860058309038,0.49411764705882355,0.0,34.0001714971703,6.2234e-06,6.2765e-06,6.24995e-06,5.309999999999954e-08,0.98688407339318,0.98533850666205,60,200,0.0,0.0,0.0,0.0,0.0,0.0,0.0,0.0,0.0,0.98688407339318,0.98533850666205,0.98533850666205,0.98688407339318,0.98533850666205,0.98533850666205,0.98688407339318,0.98533850666205,0.98533850666205,3.54058476741142,3.53852400907181,3.53852400907181,288,1775065200.0,1775254800.0,633,345.0,0.4549763033175355,0.0,11.303067162687961,56.66548389125243,0.008415320834106827,-0.47494110318649113,0.3777466783504,200,0.11687290530264927,58.2331766201,0.03402940268296698,1484.4204635620117,0.30092035959999996,0.5,0.13303880341514543,0.3935860058309038,0.7055393586005831,0.4882352941176471,0.7941176470588235,0.030294117647058832,0.7002369668246446,0.2752555968906634,0.16830641668213653,0.0,0.14785400452426664,46.565996319560114,"['quote_volume_24h<50000', 'top_of_book_quote<5', 'coverage_ratio<0.90', 'natr_bps_mean<12']",quote_volume_24h<50000; top_of_book_quote<5; coverage_ratio<0.90; natr_bps_mean<12,False
nonkyc,LUMOS/USDT,LUMOS-USDT,LUMOS,USDT,True,active,0.000263,867.4696,3151989.1379,0.000262,0.000264,76.04562737642564,0.030460610400000004,1e-06,0.0001,,,market.getlist.priceDecimals/quantityDecimals,1775254456959.0,False,0.5539358600583091,0.6735294117647059,0.0,47.30470759732465,0.000262,0.000264,0.000263,1.9999999999999944e-06,0.2591175284,0.030460610400000004,34,54,0.0,0.0,0.0,0.0,0.0,0.0,0.0,0.0,0.0,0.2591175284,0.030460610400000004,0.030460610400000004,0.2591175284,0.030460610400000004,0.030460610400000004,0.2591175284,0.030460610400000004,0.030460610400000004,0.5484538099,0.32090609020000005,0.32090609020000005,288,1775071200.0,1775256300.0,618,330.0,0.46601941747572817,0.0,77.53936017216814,334.35559139287705,0.028571428571428515,-0.3158651207668947,0.06483593399999998,200,0.14451438392005428,22.596808723299993,0.016327819456035033,51.94619107246399,0.0597230453,0.4,1.019642586264014,0.5539358600583091,0.21865889212827988,0.6529411764705882,0.22058823529411764,0.36088235294117643,0.7063106796116505,1.0,0.5714285714285703,0.00982129313200697,0.5270832881868591,46.54393110312659,"['quote_volume_24h<50000', 'top_of_book_quote<5', 'coverage_ratio<0.90']",quote_volume_24h<50000; top_of_book_quote<5; coverage_ratio<0.90,False
nonkyc,ERGONE/USDT,ERGONE-USDT,ERGONE,USDT,True,active,0.02084825,86.3951,3449.0202,0.02084824,0.02102621,85.00171345534068,0.285618803176,1e-08,0.0001,,,market.getlist.priceDecimals/quantityDecimals,1775254663217.0,False,0.43731778425655976,0.4294117647058824,0.0,34.78777225175785,0.02084824,0.02102621,0.020937225,0.00017796999999999952,0.285618803176,0.28620036003599997,32,76,0.0,0.0,0.0,0.0,0.0,0.0,0.0,0.0,0.0,0.285618803176,0.28620036003599997,0.285618803176,0.285618803176,0.28620036003599997,0.285618803176,0.285618803176,0.28620036003599997,0.285618803176,1.041560960188,0.8372753817859999,0.8372753817859999,288,1775077800.0,1775256000.0,595,307.0,0.48403361344537815,0.0,3022.057875114412,4010.4693325829494,0.00019558187373614586,-0.04025314621474568,0.115827769285,200,0.1548824144969824,18.386429013300003,0.01423867259778637,238.384215593338,0.094805332,0.48,35.552905374103794,0.43731778425655976,0.5306122448979592,0.42352941176470593,0.6058823529411764,0.3382352941176471,0.716218487394958,0.0,0.003911637474722917,0.6984884178827487,0.23413335178582387,46.293743053100904,"['quote_volume_24h<50000', 'top_of_book_quote<5', 'coverage_ratio<0.90', 'natr_bps_mean>400']",quote_volume_24h<50000; top_of_book_quote<5; coverage_ratio<0.90; natr_bps_mean>400,False
nonkyc,BSOV/USDT,BSOV-USDT,BSOV,USDT,True,active,0.00338059,213.1734,52975.4906,0.00335199,0.0033806,84.98958053290069,0.167520728235,1e-08,0.0001,,,market.getlist.priceDecimals/quantityDecimals,1775254512950.0,False,0.4839650145772595,0.48235294117647054,0.0,38.67689933116104,0.00335199,0.0033806,0.003366295,2.8610000000000094e-05,0.167520728235,0.16771866526,35,123,0.0,0.0,0.0,0.0,0.0,0.0,0.0,0.0,0.0,0.167520728235,0.16771866526,0.167520728235,0.167520728235,0.16771866526,0.167520728235,0.167520728235,0.16771866526,0.167520728235,0.601141363947,0.601764607548,0.601141363947,288,1775080500.0,1775255700.0,585,297.0,0.49230769230769234,0.0,74.86632072840827,384.047337804505,0.015017298529524284,-0.23498459705465247,0.06577506175,200,0.5039204380178846,53.2017425989,0.13404722716876216,681.2226603031158,0.26532068934999997,0.515,0.8808882248739472,0.4839650145772595,0.3848396501457726,0.4764705882352941,0.4294117647058823,0.36088235294117643,0.7207692307692308,1.0,0.3003459705904857,0.0,0.4334486568634952,46.243543993802824,"['quote_volume_24h<50000', 'top_of_book_quote<5', 'coverage_ratio<0.90']",quote_volume_24h<50000; top_of_book_quote<5; coverage_ratio<0.90,False
nonkyc,FNNC/USDT,FNNC-USDT,FNNC,USDT,True,active,0.002786,120.5278,42939.6749,0.002753,0.002787,122.74368231046995,0.5582386083,1e-06,0.0001,,,market.getlist.priceDecimals/quantityDecimals,1775254671047.0,False,0.46355685131195334,0.09705882352941175,0.0,27.92209741039273,0.002753,0.002787,0.00277,3.4000000000000176e-05,0.6078323923,0.5582386083,54,87,0.0,0.0,0.0,0.0,0.0,0.0,0.0,0.0,0.0,0.0,0.0,0.0,0.6078323923,0.5582386083,0.5582386083,0.6078323923,0.5582386083,0.5582386083,2.1142778349,3.4668789337,2.1142778349,288,1775074800.0,1775256300.0,606,318.0,0.4752475247524752,0.0,88.14019619311281,785.5453716249781,0.00988467874794069,-0.44329399104495176,0.22977750999999996,200,0.1495987201332431,44.029489831999996,0.0329337766349342,75.82185530662537,0.18836441339999999,0.425,0.7180833631027095,0.46355685131195334,0.6122448979591837,0.10588235294117643,0.6941176470588235,0.3669117647058824,0.7113861386138614,1.0,0.1976935749588138,0.0,0.3992311916529379,46.12643569333855,"['quote_volume_24h<50000', 'spread_bps>120', 'top_of_book_quote<5', 'coverage_ratio<0.90']",quote_volume_24h<50000; spread_bps>120; top_of_book_quote<5; coverage_ratio<0.90,False
nonkyc,HAC/USDT,HAC-USDT,HAC,USDT,True,active,0.2393,3156.7444,13269.6374,0.2368,0.2396,117.54827875734662,0.03550872,0.0001,0.0001,,,market.getlist.priceDecimals/quantityDecimals,1775254309767.0,False,0.6647230320699709,0.12941176470588234,0.0,39.79506088149546,0.2368,0.2396,0.23820000000000002,0.002799999999999997,0.03848,0.03550872,42,94,0.0,0.0,0.0,0.0,0.0,0.0,0.0,0.0,0.0,0.0,0.0,0.0,0.03848,22.957308719999997,0.03848,0.03848,22.957308719999997,0.03848,0.13556127,122.27886731,0.13556127,288,1775167200.0,1775256300.0,298,10.0,0.9664429530201343,0.0,77.14997102076583,168.63523621150088,0.00028694404591101546,-0.24981091313435214,10.5124656,200,1.451459212414006,235.93812685,1.7122728388806843,41.884527921676636,1.25266359,0.555,0.6563258248980873,0.6647230320699709,0.2303206997084548,0.14411764705882357,0.2323529411764706,0.6495588235294117,0.981543624161074,1.0,0.005738880918220309,0.0,0.3352462936394068,45.687077706559094,"['quote_volume_24h<50000', 'top_of_book_quote<5']",quote_volume_24h<50000; top_of_book_quote<5,False
nonkyc,DOGI/USDT,DOGI-USDT,DOGI,USDT,True,active,0.053994,62.8229,1072.0,0.053262,0.053995,136.68105578190784,0.64794,1e-06,0.1,,,market.getlist.priceDecimals/quantityDecimals,1775254440952.0,False,0.41690962099125367,0.061764705882352944,0.0,24.474146801577778,0.053262,0.053995,0.053628499999999996,0.0007330000000000045,0.6497963999999999,0.64794,47,54,0.0,0.0,0.0,0.0,0.0,0.0,0.0,0.0,0.0,0.0,0.0,0.0,0.6497963999999999,0.64794,0.64794,0.6497963999999999,1.983843,0.6497963999999999,4.2158479,1.983843,1.983843,288,1775076600.0,1775256300.0,600,312.0,0.48,0.0,99.41174603893757,2033.7756873041274,0.005246160504925113,-0.2347972395054534,0.2711726,200,0.15446617115575603,56.8436666,0.043902117670781664,51.43965816497803,0.204649,0.475,0.7273264423532239,0.41690962099125367,0.6443148688046647,0.05882352941176472,0.7382352941176471,0.4241176470588235,0.714,1.0,0.10492321009850225,0.0,0.36830773669950073,45.65167623511368,"['quote_volume_24h<50000', 'spread_bps>120', 'top_of_book_quote<5', 'coverage_ratio<0.90']",quote_volume_24h<50000; spread_bps>120; top_of_book_quote<5; coverage_ratio<0.90,False
nonkyc,FBX/USDT,FBX-USDT,FBX,USDT,True,active,0.002867,83.3034,28867.6244,0.002866,0.002905,135.15855137757745,0.9960033615,1e-06,0.0001,,,market.getlist.priceDecimals/quantityDecimals,1775254658759.0,False,0.42857142857142855,0.06470588235294117,0.0,25.1890756302521,0.002866,0.002905,0.0028855,3.899999999999997e-05,1.0846293886,0.9960033615,47,200,0.0,0.0,0.0,0.0,0.0,0.0,0.0,0.0,0.0,0.0,0.0,0.0,1.0846293886,0.9960033615,0.9960033615,1.0846293886,0.9960033615,0.9960033615,6.6435147258,6.4453913316,6.4453913316,288,1775075700.0,1775254800.0,598,310.0,0.4816053511705686,0.0,50.57306054265209,1351.0312190061602,0.01349019607843138,-0.28403529773327996,0.4392366675,200,0.1478075393594592,79.1414351931,0.05848850398634108,1679.0071489810944,0.360884436,0.5,0.37417581075851974,0.42857142857142855,0.7084548104956269,0.06470588235294117,0.7970588235294118,0.19455882352941178,0.7148829431438127,1.0,0.2698039215686276,0.0,0.42326797385620923,45.582790253862335,"['quote_volume_24h<50000', 'spread_bps>120', 'top_of_book_quote<5', 'coverage_ratio<0.90']",quote_volume_24h<50000; spread_bps>120; top_of_book_quote<5; coverage_ratio<0.90,False
nonkyc,XEQ/USDT,XEQ-USDT,XEQ,USDT,True,active,0.01214708,446.8761,32818.9792,0.01204427,0.01214709,85.00555570253181,0.11939003080199999,1e-08,0.0001,,,market.getlist.priceDecimals/quantityDecimals,1775255652848.0,False,0.5276967930029155,0.41470588235294115,0.0,39.39097067398388,0.01204427,0.01214709,0.01209568,0.00010282,0.11939003080199999,0.11962454232,106,200,0.0,0.0,0.0,0.0,0.0,0.0,0.0,0.0,0.0,0.11939003080199999,0.11962454232,0.11939003080199999,0.11939003080199999,0.11962454232,0.11939003080199999,0.11939003080199999,0.11962454232,0.11939003080199999,0.428500223754,0.429097578474,0.428500223754,288,1775077200.0,1775256300.0,598,310.0,0.4816053511705686,0.0,65.19283985256295,204.62878794665667,0.023239208207937352,-0.27775845895707635,0.050834524049999996,200,0.23650648699854088,358.76265479949996,0.4242484757644997,95.68292880058289,0.06420389995,0.47,0.766924459392967,0.5276967930029155,0.30029154518950435,0.4088235294117647,0.3264705882352941,0.45411764705882357,0.7148829431438127,1.0,0.464784164158747,0.0,0.48826138805291563,45.30435018900381,"['quote_volume_24h<50000', 'top_of_book_quote<5', 'coverage_ratio<0.90']",quote_volume_24h<50000; top_of_book_quote<5; coverage_ratio<0.90,False
nonkyc,TRC/USDT,TRC-USDT,TRC,USDT,True,active,0.015201,284.758,19651.7409,0.015073,0.015252,118.05441055234978,0.2266843752,1e-06,0.0001,,,market.getlist.priceDecimals/quantityDecimals,1775255298070.0,False,0.5102040816326531,0.1264705882352941,0.0,31.222989195678274,0.015073,0.015252,0.015162499999999999,0.00017900000000000034,0.22858053769999997,0.2266843752,46,200,0.0,0.0,0.0,0.0,0.0,0.0,0.0,0.0,0.0,0.0,0.0,0.0,0.22858053769999997,0.2266843752,0.2266843752,0.22858053769999997,0.2266843752,0.2266843752,0.8214443287,0.7989672552,0.7989672552,288,1775081100.0,1775256000.0,584,296.0,0.4931506849315068,0.0,33.23873451007191,559.0117322351242,0.004592054677488246,-0.4595350316532358,0.093231515,200,0.24783010799900876,159.10955660430002,0.19716069298459035,285.332022190094,0.111363525,0.645,0.28155436425081803,0.5102040816326531,0.5072886297376094,0.14117647058823535,0.5823529411764706,0.39485294117647063,0.7212328767123288,1.0,0.09184109354976491,0.0,0.36394703118325494,44.89835198583288,"['quote_volume_24h<50000', 'top_of_book_quote<5', 'coverage_ratio<0.90']",quote_volume_24h<50000; top_of_book_quote<5; coverage_ratio<0.90,False
nonkyc,NKYC/BTC,NKYC-BTC,NKYC,BTC,True,active,0.00011051,0.4605,4125.7662,0.00011045,0.0001107,22.60908885371852,0.00015607592999999998,1e-08,0.0001,,,market.getlist.priceDecimals/quantityDecimals,1775256201270.0,False,0.16034985422740525,0.9352941176470588,0.0,32.201594923683764,0.00011045,0.0001107,0.00011057499999999999,2.499999999999925e-07,0.00043961309,0.00015607592999999998,63,82,0.0,0.0,0.0,0.0,0.0,0.0,0.00075016502,0.000656965878,0.000656965878,0.002217881693,0.001659261289,0.001659261289,0.004280661989,0.003236755339,0.003236755339,0.00075016502,0.000656965878,0.000656965878,0.001813213085,0.001291020157,0.001291020157,288,1775170200.0,1775256300.0,288,0.0,1.0,0.0,19.39789183133994,19.647005826988043,0.01981505944517809,-0.36616905413636036,0.001563058075,200,1.2836769986388235,0.0426746973,0.0002739026367394215,42.48361659049988,0.00020302,0.525,0.8579687557001912,0.16034985422740525,0.16034985422740525,0.9294117647058824,0.1323529411764706,0.6141176470588235,1.0,0.9498243192783283,0.39630118890356175,0.0,0.44870850272729673,44.84130214269057,"['quote_volume_24h<50000', 'top_of_book_quote<5']",quote_volume_24h<50000; top_of_book_quote<5,False
nonkyc,RXD/USDT,RXD-USDT,RXD,USDT,True,active,8.5547e-05,2269.9857,25923785.26,8.5089e-05,8.6106e-05,118.81188118811966,0.029208501029999997,1e-09,0.01,,,market.getlist.priceDecimals/quantityDecimals,1775256062981.0,False,0.6239067055393586,0.12058823529411766,0.0,37.32957468701766,8.5089e-05,8.6106e-05,8.559750000000001e-05,1.0170000000000074e-06,0.029208501029999997,0.029301871800000004,51,200,0.0,0.0,0.0,0.0,0.0,0.0,0.0,0.0,0.0,0.0,0.0,0.0,12.408918643409999,0.029301871800000004,0.029301871800000004,12.408918643409999,0.029301871800000004,0.029301871800000004,26.57855057325,0.10492012836,0.10492012836,288,1775163300.0,1775256300.0,311,23.0,0.9260450160771704,0.0,50.428350413537764,88.76713362519062,0.04014316961622596,-0.4616735621028806,8.130775512695,200,0.6797279411581194,490.15281999089996,1.6658528359263038,144.8124668598175,2.5421606689500003,0.51,0.4244386159806065,0.6239067055393586,0.21574344023323616,0.1352941176470588,0.21764705882352942,0.4789705882352941,0.9593247588424438,1.0,0.8028633923245191,0.0,0.600954464108173,44.54495137888021,"['quote_volume_24h<50000', 'top_of_book_quote<5']",quote_volume_24h<50000; top_of_book_quote<5,False
nonkyc,FEVO/USDT,FEVO-USDT,FEVO,USDT,True,active,2.142e-09,20.974,9711756350.2799,2.129e-09,2.143e-09,65.54307116104943,0.3780720624090952,1e-12,0.0001,,,market.getlist.priceDecimals/quantityDecimals,1775254382660.0,False,0.3177842565597668,0.7441176470588236,0.0,36.08107528725776,2.129e-09,2.143e-09,2.136e-09,1.4000000000000158e-11,2.817625850217011,0.3780720624090952,39,114,0.0,0.0,0.0,0.0,0.0,0.0,0.0,0.0,0.0,2.817625850217011,0.3780720624090952,0.3780720624090952,3.2147245740877985,0.3780720624090952,0.3780720624090952,3.2147245740877985,0.3780720624090952,0.3780720624090952,3.2147245740877985,0.3780720624090952,0.3780720624090952,288,1775072100.0,1775255700.0,613,325.0,0.4698205546492659,0.0,9.218953245457632,1164.1589132648696,0.0004370356496222814,-0.49653449685001905,0.14616344345211,200,0.12479896836176585,23.435129393799997,0.014623399858853673,567.2594258785248,0.1224768775,0.49,0.1406548866592663,0.3177842565597668,0.5714285714285714,0.7205882352941176,0.6529411764705882,0.09411764705882353,0.7084013050570963,0.10157943712146933,0.008740712992445627,0.0,0.036773383371304987,44.38949341146632,"['quote_volume_24h<50000', 'top_of_book_quote<5', 'coverage_ratio<0.90', 'natr_bps_mean<12']",quote_volume_24h<50000; top_of_book_quote<5; coverage_ratio<0.90; natr_bps_mean<12,False
nonkyc,ARRR/XMR,ARRR-XMR,ARRR,XMR,True,active,0.00058115,34.3498,60424.1034,0.0005765,0.00058142,84.97996407351208,0.00091611615,1e-08,0.0001,,,market.getlist.priceDecimals/quantityDecimals,1775256122511.0,False,0.35276967930029157,0.4911764705882353,0.0,31.681744126221922,0.0005765,0.00058142,0.00057896,4.9200000000000545e-06,0.00091611615,0.0009174226180000001,74,200,0.0,0.0,0.0,0.0,0.0,0.0,0.0,0.0,0.0,0.00091611615,0.0009174226180000001,0.00091611615,0.00091611615,0.0009174226180000001,0.00091611615,0.00091611615,0.0009174226180000001,0.00091611615,0.003288541106,0.003213138684,0.003213138684,288,1775166300.0,1775256300.0,301,13.0,0.9568106312292359,0.0,70.7483609558783,103.04740330946497,0.022737654912247048,-0.3455700987270867,0.119932116875,200,2.2971712633130745,2.836538315,0.032580071522522444,18.243089199066162,0.0149500061,0.465,0.8325298995734723,0.35276967930029157,0.15451895043731778,0.4852941176470589,0.16470588235294117,0.7320588235294118,0.9762458471760798,1.0,0.4547530982449409,0.0,0.48491769941498025,44.03554560139336,"['quote_volume_24h<50000', 'top_of_book_quote<5']",quote_volume_24h<50000; top_of_book_quote<5,False
nonkyc,DOGS/USDT,DOGS-USDT,DOGS,USDT,True,active,1.0001e-08,64.8078,6066986633.1206,9.662e-09,9.744e-09,84.50994537771686,0.09920496029791198,1e-12,0.0001,,,market.getlist.priceDecimals/quantityDecimals,1775254823591.0,False,0.4198250728862974,0.5617647058823529,0.0,37.13449665580518,9.662e-09,9.744e-09,9.703000000000001e-09,8.199999999999868e-11,0.10212541475760961,0.09920496029791198,39,129,0.0,0.0,0.0,0.0,0.0,0.0,0.0,0.0,0.0,0.10212541475760961,0.09920496029791198,0.09920496029791198,0.10212541475760961,0.09920496029791198,0.09920496029791198,0.10212541475760961,0.09920496029791198,0.09920496029791198,0.10212541475760961,0.35963337679684704,0.10212541475760961,288,1775070600.0,1775255700.0,618,330.0,0.46601941747572817,0.0,49.77638289308519,814.070875131531,0.0320322180916977,-0.285025925291879,0.039248293120599506,200,0.8277819059552766,47.0411135099,0.19469891299741765,557.2439489364624,0.241081702,0.54,0.5890002965995286,0.4198250728862974,0.26822157434402333,0.5558823529411765,0.2852941176470588,0.39441176470588235,0.7063106796116505,1.0,0.6406443618339539,0.0,0.5468814539446513,43.881566336420505,"['quote_volume_24h<50000', 'top_of_book_quote<5', 'coverage_ratio<0.90']",quote_volume_24h<50000; top_of_book_quote<5; coverage_ratio<0.90,False
nonkyc,POT/USDT,POT-USDT,POT,USDT,True,active,0.000958,14.7039,15368.6016,0.000957,0.000965,83.24661810614033,0.279024153,1e-06,0.0001,,,market.getlist.priceDecimals/quantityDecimals,1775253877702.0,False,0.2857142857142857,0.5941176470588235,0.0,30.567226890756306,0.000957,0.000965,0.000961,8.000000000000086e-06,0.3019059384,0.279024153,41,43,0.0,0.0,0.0,0.0,0.0,0.0,0.0,0.0,0.0,0.3019059384,0.279024153,0.279024153,0.3019059384,0.279024153,0.279024153,0.3019059384,0.279024153,0.279024153,1.1001749836,1.0056717629999998,1.0056717629999998,288,1775086800.0,1775256000.0,565,277.0,0.5097345132743363,0.0,24.375856735451002,634.536451760977,0.001817080557238046,-0.23099564323934285,0.1049127915,200,0.12113445811806489,16.606761854400002,0.010058255491642474,354.88825964927673,0.07928073599999999,0.535,0.292814979034602,0.2857142857142857,0.5247813411078717,0.5882352941176471,0.6,0.11588235294117648,0.730353982300885,1.0,0.03634161114476092,0.0,0.3454472037149203,43.71313448063481,"['quote_volume_24h<50000', 'top_of_book_quote<5', 'coverage_ratio<0.90']",quote_volume_24h<50000; top_of_book_quote<5; coverage_ratio<0.90,False
nonkyc,XRP/BTC,XRP-BTC,XRP,BTC,True,active,1.9725e-05,0.045,2287.17,1.9613e-05,1.978e-05,84.78663721981077,2.35356e-06,1e-09,0.01,,,market.getlist.priceDecimals/quantityDecimals,1775256135072.0,False,0.11078717201166181,0.5323529411764706,0.0,19.402117990053164,1.9613e-05,1.978e-05,1.96965e-05,1.6700000000000026e-07,2.35356e-06,2.3736e-06,67,60,0.0,0.0,0.0,0.0,0.0,0.0,0.0,0.0,0.0,2.35356e-06,2.3736e-06,2.35356e-06,0.45137637845,0.44322485486,0.44322485486,0.45137637845,0.40409205269,0.40409205269,0.45138258517,0.44322485486,0.44322485486,288,1775169600.0,1775256300.0,290,2.0,0.993103448275862,0.0,22.619011851712116,16.171899212779763,0.01637225333907801,-0.38411115063039886,0.000100811145,200,1.0636412926624528,0.0023348325,1.2417121292251531e-05,90.25008392333984,6.8906e-06,0.495,0.2667756688246988,0.11078717201166181,0.577259475218659,0.5264705882352941,0.01764705882352941,0.5432352941176471,0.9962068965517241,1.0,0.32744506678156016,0.0,0.44248168892718676,43.674496899206886,"['quote_volume_24h<50000', 'top_of_book_quote<5']",quote_volume_24h<50000; top_of_book_quote<5,False
nonkyc,EFIT/USDT,EFIT-USDT,EFIT,USDT,True,active,1.066e-06,52.2889,22164366.8611,1.0659e-06,1.0765e-06,98.95444361463731,0.29298371935565004,1e-10,0.0001,,,market.getlist.priceDecimals/quantityDecimals,1775254667950.0,False,0.40233236151603496,0.23235294117647054,0.0,27.937103412793686,1.0659e-06,1.0765e-06,1.0712e-06,1.059999999999995e-08,0.29914762211532,0.29298371935565004,37,35,0.0,0.0,0.0,0.0,0.0,0.0,0.0,0.0,0.0,0.29914762211532,0.29298371935565004,0.29298371935565004,0.29914762211532,0.29298371935565004,0.29298371935565004,0.29914762211532,0.29298371935565004,0.29298371935565004,1.07055129463255,1.0582616701899301,1.0582616701899301,288,1775072400.0,1775256300.0,614,326.0,0.46905537459283386,0.0,85.69126059186637,7493.712283235243,3.299812735627232e-05,-0.01041013198666684,0.124023639415,200,0.1476025144970116,24.6518429184,0.018193370008705943,107.79330062866211,0.10406736855000001,0.55,0.8659667768491291,0.40233236151603496,0.5393586005830904,0.22352941176470587,0.6176470588235294,0.3408823529411764,0.7079804560260586,1.0,0.0006599625471254465,0.0,0.3335533208490418,43.466721750915305,"['quote_volume_24h<50000', 'top_of_book_quote<5', 'coverage_ratio<0.90']",quote_volume_24h<50000; top_of_book_quote<5; coverage_ratio<0.90,False
nonkyc,DGB/USDT,DGB-USDT,DGB,USDT,True,active,0.00423,55.4184,13021.2,0.0042,0.00424,94.78672985782015,0.1908,1e-05,0.1,,,market.getlist.priceDecimals/quantityDecimals,1775255877523.0,False,0.40816326530612246,0.24117647058823533,0.0,28.47839135654262,0.0042,0.00424,0.00422,4.0000000000000105e-05,0.3297,0.1908,49,155,0.0,0.0,0.0,0.0,0.0,0.0,0.0,0.0,0.0,0.3297,0.1908,0.1908,0.3297,0.1908,0.1908,0.3297,0.1908,0.1908,0.9793860000000001,0.712104,0.712104,288,1775084400.0,1775256300.0,574,286.0,0.5017421602787456,0.0,19.44322903784614,132.76762441732615,0.027972027972027854,-0.5265278219708448,0.0867975,200,0.15886520676432628,53.385872,0.042405787967869285,150.87878704071045,0.080195,0.58,0.20512606634927627,0.40816326530612246,0.4489795918367347,0.23529411764705888,0.5058823529411764,0.37279411764705883,0.7259581881533101,0.9536024198205117,0.559440559440557,0.0,0.5043476597536896,43.363862800798685,"['quote_volume_24h<50000', 'top_of_book_quote<5', 'coverage_ratio<0.90']",quote_volume_24h<50000; top_of_book_quote<5; coverage_ratio<0.90,False
nonkyc,FIRO/USDT,FIRO-USDT,FIRO,USDT,True,active,0.6314,37.1715,59.2,0.6221,0.629,110.3029334185919,17.29438,0.0001,0.1,,,market.getlist.priceDecimals/quantityDecimals,1775223580250.0,False,0.36443148688046645,0.16470588235294115,0.0,24.161378837249185,0.6221,0.629,0.62555,0.006900000000000017,17.29438,49.942600000000006,45,79,0.0,0.0,0.0,0.0,0.0,0.0,0.0,0.0,0.0,0.0,0.0,0.0,17.29438,224.85172,17.29438,17.29438,226.81061,17.29438,367.12831,503.71432000000004,367.12831,288,1774030500.0,1775223300.0,3977,3689.0,0.07241639426703546,0.0,5.944548639665819,105.80251262743995,0.040394767041542365,-0.16908390372813187,8.00748,200,0.019901442847471376,2030.5399000000002,0.20205336884680125,33013.75205659866,1.95104,0.295,0.053892933355694846,0.36443148688046645,0.8338192419825073,0.17352941176470593,0.9235294117647059,0.010735294117647048,0.4898290168468695,0.0,0.8078953408308472,0.0,0.26929844694361577,43.30754457445091,"['quote_volume_24h<50000', 'last_trade_age_sec>3600', 'coverage_ratio<0.90', 'natr_bps_mean<12']",quote_volume_24h<50000; last_trade_age_sec>3600; coverage_ratio<0.90; natr_bps_mean<12,False
nonkyc,BDX/BTC,BDX-BTC,BDX,BTC,True,active,1.2006e-06,0.4411,367500.9147,1.1998e-06,1.2018e-06,16.655562958029233,9.755285847999998e-05,1e-10,0.0001,,,market.getlist.priceDecimals/quantityDecimals,1775255330020.0,False,0.15743440233236153,0.9529411764705882,0.0,32.48242154004459,1.1998e-06,1.2018e-06,1.2008e-06,2.0000000000001503e-09,9.755285847999998e-05,0.00028402548012000005,55,62,0.0,0.0,0.0,9.755285847999998e-05,0.00028402548012000005,9.755285847999998e-05,0.00020960997248,0.00040029001662000006,0.00020960997248,0.00061106406263,0.00093452789784,0.00061106406263,0.00100816630312,0.00163512556957,0.00100816630312,9.755285847999998e-05,0.00028402548012000005,9.755285847999998e-05,0.00027373893752,0.0006407149288800001,0.00027373893752,288,1775167500.0,1775256000.0,296,8.0,0.972972972972973,0.0,20.599913123064702,18.993133257382897,0.007359705611775547,-0.3497184478409661,0.00136313440255,200,1.3181563737934183,0.035930143,0.00023680773503379485,239.79671502113342,0.00018078635,0.505,1.236818783908712,0.15743440233236153,0.14868804664723032,0.95,0.12352941176470589,0.5207352941176471,0.9851351351351352,1.0,0.14719411223551093,0.11840939195435596,0.4218678347299556,43.2592751111016,"['quote_volume_24h<50000', 'top_of_book_quote<5']",quote_volume_24h<50000; top_of_book_quote<5,False
nonkyc,TAJ/USDT,TAJ-USDT,TAJ,USDT,True,active,0.00160096,25.2555,15642.1329,0.00160095,0.00161462,85.023806043718,0.43253458501500003,1e-08,0.0001,,,market.getlist.priceDecimals/quantityDecimals,1775254075420.0,False,0.32653061224489793,0.3941176470588236,0.0,27.812124849939977,0.00160095,0.00161462,0.001607785,1.3669999999999915e-05,0.43253458501500003,0.43278888035599994,46,41,0.0,0.0,0.0,0.0,0.0,0.0,0.0,0.0,0.0,0.43253458501500003,0.43278888035599994,0.43253458501500003,0.43253458501500003,0.43278888035599994,0.43253458501500003,0.43253458501500003,0.43278888035599994,0.43253458501500003,1.5516049186549998,1.552624704296,1.5516049186549998,288,1775073600.0,1775255700.0,608,320.0,0.47368421052631576,0.0,25.854565811782315,669.5514397108842,0.0,-0.5653626788611238,0.1472402912,200,0.13788105656171828,25.2482951531,0.017406308060457693,820.5553865432739,0.12556380039999998,0.485,0.30408619673516235,0.32653061224489793,0.5860058309037901,0.388235294117647,0.6647058823529411,0.14250000000000002,0.7105263157894737,1.0,0.0,0.0,0.3333333333333333,43.2348595678873,"['quote_volume_24h<50000', 'top_of_book_quote<5', 'coverage_ratio<0.90']",quote_volume_24h<50000; top_of_book_quote<5; coverage_ratio<0.90,False
nonkyc,YDA/USDT,YDA-USDT,YDA,USDT,True,active,0.005935,16.1744,2730.7,0.005853,0.005903,85.06294658047052,0.2798022,1e-06,0.1,,,market.getlist.priceDecimals/quantityDecimals,1775255090429.0,False,0.2944606413994169,0.3852941176470588,0.0,25.827688218144402,0.005853,0.005903,0.0058779999999999995,5.0000000000000565e-05,0.2990883,0.2798022,49,151,0.0,0.0,0.0,0.0,0.0,0.0,0.0,0.0,0.0,0.2990883,0.2798022,0.2798022,0.2990883,0.2798022,0.2798022,0.2990883,0.2798022,0.2798022,0.8196203,1.0215003,0.8196203,288,1775057100.0,1775256300.0,665,377.0,0.4330827067669173,0.0,18.357852919663873,90.04999998541352,0.05558229066410009,-0.43190289873390875,0.11148340000000001,200,0.1079755433233731,19.648259599999996,0.010607657528343405,177.4756932258606,0.0790548,0.5,0.21581491892356602,0.2944606413994169,0.5276967930029155,0.37941176470588234,0.6029411764705882,0.1341176470588235,0.6881954887218045,0.8631544099719894,1.0,0.0,0.6210514699906632,43.2169902525337,"['quote_volume_24h<50000', 'top_of_book_quote<5', 'coverage_ratio<0.90']",quote_volume_24h<50000; top_of_book_quote<5; coverage_ratio<0.90,False
nonkyc,CHTA/USDT,CHTA-USDT,CHTA,USDT,True,active,1.3302e-06,216.6661,166457832.3274,1.3301e-06,1.3425e-06,92.7935343859918,0.20036231253891998,1e-10,0.0001,,,market.getlist.priceDecimals/quantityDecimals,1775254387296.0,False,0.4868804664723032,0.2529411764705882,0.0,33.101955067741386,1.3301e-06,1.3425e-06,1.3363e-06,1.2400000000000085e-08,0.20036231253891998,0.347518472241,36,200,0.0,0.0,0.0,0.0,0.0,0.0,0.0,0.0,0.0,0.20036231253891998,0.347518472241,0.20036231253891998,0.20036231253891998,0.347518472241,0.20036231253891998,0.20036231253891998,0.347518472241,0.20036231253891998,1.11499070392036,1.250681954826,1.11499070392036,288,1775081400.0,1775255700.0,582,294.0,0.4948453608247423,0.0,16.447968878442953,268.0997457238225,0.021110354467581777,-0.47980971285670276,0.13132643413235,200,0.15358662985406488,27.107056520099995,0.020816407280929067,587.6443371772766,0.1263420853,0.54,0.17725339364728362,0.4868804664723032,0.4606413994169096,0.24705882352941178,0.5264705882352941,0.26294117647058823,0.7221649484536083,0.7039974065369128,0.42220708935163553,0.0,0.37540149862951616,43.19362365450472,"['quote_volume_24h<50000', 'top_of_book_quote<5', 'coverage_ratio<0.90']",quote_volume_24h<50000; top_of_book_quote<5; coverage_ratio<0.90,False
nonkyc,PDOGE/USDT,PDOGE-USDT,PDOGE,USDT,True,active,2.063e-07,27.5046,113362948.1041,2.062e-07,2.08e-07,86.91453404152597,0.4380180772864001,1e-10,0.0001,,,market.getlist.priceDecimals/quantityDecimals,1775254200391.0,False,0.3323615160349854,0.30000000000000004,0.0,25.7798833819242,2.062e-07,2.08e-07,2.071e-07,1.8000000000000029e-09,0.5158176221288999,0.4380180772864001,33,99,0.0,0.0,0.0,0.0,0.0,0.0,0.0,0.0,0.0,0.5158176221288999,0.4380180772864001,0.4380180772864001,0.5158176221288999,0.4380180772864001,0.4380180772864001,0.5158176221288999,0.4380180772864001,0.4380180772864001,1.73427977611436,1.6047738553585602,1.6047738553585602,288,1775068500.0,1775256000.0,626,338.0,0.46006389776357826,0.0,208.2643385553058,2436.2174579101556,2.2116554240850927e-05,-0.09153370877682161,0.17226295559415,200,0.12349068399654695,30.635159405100005,0.01891578394639524,506.2923605442047,0.13557948365,0.52,2.3961969174890982,0.3323615160349854,0.5889212827988338,0.2970588235294118,0.6676470588235294,0.09161764705882355,0.703035143769968,0.8337391849687893,0.0004423310848170185,0.6980984587445491,0.5107599915993851,43.08658280627456,"['quote_volume_24h<50000', 'top_of_book_quote<5', 'coverage_ratio<0.90']",quote_volume_24h<50000; top_of_book_quote<5; coverage_ratio<0.90,False
nonkyc,BCA/USDT,BCA-USDT,BCA,USDT,True,active,0.031499,36.4732,1165.4899,0.031127,0.0315,119.11795232088454,0.36854055,1e-06,0.0001,,,market.getlist.priceDecimals/quantityDecimals,1775254047118.0,False,0.358600583090379,0.11176470588235299,0.0,22.51714971702967,0.031127,0.0315,0.0313135,0.0003730000000000018,0.3685872578,0.36854055,46,185,0.0,0.0,0.0,0.0,0.0,0.0,0.0,0.0,0.0,0.0,0.0,0.0,0.3685872578,1.4113405500000002,0.3685872578,0.3685872578,1.4113405500000002,0.3685872578,8.5372413715,3.3903305692,3.3903305692,288,1775087700.0,1775256300.0,563,275.0,0.5115452930728241,0.0,69.05399739310629,484.0721538496288,0.026388430495964472,-0.39751090065136563,0.150210272,200,0.14299328608361694,35.782967045899994,0.025583620218575076,181.44545030593872,0.12027713179999999,0.45,0.579711085085529,0.358600583090379,0.5685131195335277,0.1264705882352941,0.65,0.2791176470588235,0.7313499111900533,1.0,0.5277686099192894,0.0,0.5092562033064297,42.955678706275066,"['quote_volume_24h<50000', 'top_of_book_quote<5', 'coverage_ratio<0.90']",quote_volume_24h<50000; top_of_book_quote<5; coverage_ratio<0.90,False
nonkyc,DOGGGO/USDT,DOGGGO-USDT,DOGGGO,USDT,True,active,0.00014309,10.5336,72842.0824,0.00014308,0.0001443,84.9050038276859,0.17618631732000004,1e-08,0.0001,,,market.getlist.priceDecimals/quantityDecimals,1775254708525.0,False,0.26239067055393583,0.5088235294117647,0.0,27.15207511576059,0.00014308,0.0001443,0.00014369,1.2200000000000188e-06,0.179221635992,0.17618631732000004,32,114,0.0,0.0,0.0,0.0,0.0,0.0,0.0,0.0,0.0,0.179221635992,0.17618631732000004,0.17618631732000004,0.179221635992,0.17618631732000004,0.17618631732000004,0.179221635992,0.17618631732000004,0.17618631732000004,0.642126701191,0.636765101216,0.636765101216,288,1775086500.0,1775256000.0,566,278.0,0.508833922261484,0.0,118.17672061615528,1703.6495225146248,0.027476308962888434,-0.2555065801886038,0.061348406599999995,200,0.14662317660325427,10.0931860295,0.007399474988464386,363.713077545166,0.0505433441,0.465,1.3918699168307451,0.26239067055393583,0.4227405247813411,0.5029411764705882,0.47352941176470587,0.26014705882352945,0.7298586572438163,1.0,0.5495261792577686,0.19593495841537256,0.5818203792243803,42.82603577713267,"['quote_volume_24h<50000', 'top_of_book_quote<5', 'coverage_ratio<0.90']",quote_volume_24h<50000; top_of_book_quote<5; coverage_ratio<0.90,False
nonkyc,DOGPU/USDT,DOGPU-USDT,DOGPU,USDT,True,active,4.6011e-08,102.606,2248218274.9787,4.601e-08,4.6402e-08,84.83746699562852,0.1326999023901254,1e-12,0.0001,,,market.getlist.priceDecimals/quantityDecimals,1775253884708.0,False,0.4489795918367347,0.5264705882352941,0.0,37.85564225690277,4.601e-08,4.6402e-08,4.6206e-08,3.9200000000000113e-10,0.133231643242882,0.1326999023901254,41,145,0.0,0.0,0.0,0.0,0.0,0.0,0.0,0.0,0.0,0.133231643242882,0.1326999023901254,0.1326999023901254,0.133231643242882,0.1326999023901254,0.1326999023901254,0.133231643242882,0.1326999023901254,0.1326999023901254,0.4782721928963908,0.47753822856903944,0.47753822856903944,288,1775071500.0,1775256000.0,616,328.0,0.4675324675324675,0.0,171.81923794932658,1537.422220299344,0.0019468761487250103,-0.10225726329699916,0.049726850003175,200,0.13324336445271945,103.00975984699998,0.06862683486740462,262.37684512138367,0.041472465,0.51,2.0252754358894287,0.4489795918367347,0.3206997084548105,0.5205882352941176,0.34705882352941175,0.18882352941176467,0.7071428571428572,1.0,0.038937522974500205,0.5126377179447144,0.5171917469730715,42.80461512021948,"['quote_volume_24h<50000', 'top_of_book_quote<5', 'coverage_ratio<0.90']",quote_volume_24h<50000; top_of_book_quote<5; coverage_ratio<0.90,False
nonkyc,OSAK/USDT,OSAK-USDT,OSAK,USDT,True,active,3.68e-08,234.7273,6286896602.8933,3.67e-08,3.7e-08,81.41112618724631,0.07967350175980001,1e-10,0.0001,,,market.getlist.priceDecimals/quantityDecimals,1775254158442.0,False,0.49271137026239065,0.6411764705882352,0.0,43.12853712913737,3.67e-08,3.7e-08,3.685e-08,3.000000000000027e-10,0.15953349120076998,0.07967350175980001,26,61,0.0,0.0,0.0,0.0,0.0,0.0,0.0,0.0,0.0,0.15953349120076998,0.07967350175980001,0.07967350175980001,0.15953349120076998,0.07967350175980001,0.07967350175980001,0.15953349120076998,0.07967350175980001,0.07967350175980001,0.15953349120076998,0.3992603381844799,0.15953349120076998,288,1775065500.0,1775256000.0,636,348.0,0.4528301886792453,0.0,21.989185759994328,368.2993018660987,0.001290322580645166,-0.44560197524410533,0.04707405800245,200,0.13834087488995753,10.4247509699,0.007210845848429497,136.57500839233398,0.0398518799,0.575,0.2701004984185946,0.49271137026239065,0.26239067055393583,0.6264705882352941,0.2676470588235294,0.2614705882352941,0.6990566037735849,1.0,0.02580645161290332,0.0,0.3419354838709678,42.78516011499809,"['quote_volume_24h<50000', 'top_of_book_quote<5', 'coverage_ratio<0.90']",quote_volume_24h<50000; top_of_book_quote<5; coverage_ratio<0.90,False
nonkyc,GBYTE/USDT,GBYTE-USDT,GBYTE,USDT,True,active,5.138835,10.375,2.053,5.139036,5.15623,33.401759604851264,0.12168702799999999,1e-06,0.0001,,,market.getlist.priceDecimals/quantityDecimals,1775255441022.0,False,0.2594752186588921,0.8970588235294118,0.0,36.69760761447436,5.139036,5.15623,5.147633,0.01719399999999993,8.63358048,0.12168702799999999,126,190,0.0,0.0,0.0,0.0,0.0,0.0,8.63358048,0.12168702799999999,0.12168702799999999,17.3222449839,0.12168702799999999,0.12168702799999999,43.8455322703,0.12168702799999999,0.12168702799999999,8.63358048,0.12168702799999999,0.12168702799999999,26.0667621367,0.12168702799999999,0.12168702799999999,288,1775076900.0,1775255400.0,596,308.0,0.48322147651006714,0.013888888888888888,26.031659549623466,139.51463917897917,0.007422436385155111,-0.39617777803143667,0.045629208,200,0.15002357432915003,9.641988384400001,0.007232627805339174,1028.9311754703522,0.0375806854,0.475,0.7793499461580052,0.2594752186588921,0.3032069970845481,0.888235294117647,0.32941176470588235,0.22308823529411764,0.709521812080537,1.0,0.14844872770310222,0.0,0.3828162425677007,42.73904338304557,"['quote_volume_24h<50000', 'top_of_book_quote<5', 'coverage_ratio<0.90']",quote_volume_24h<50000; top_of_book_quote<5; coverage_ratio<0.90,False
nonkyc,BEAM/USDT,BEAM-USDT,BEAM,USDT,True,active,0.022069,60.1504,2959.84,0.022068,0.022256,84.8298889991881,0.055417440000000005,1e-06,0.01,,,market.getlist.priceDecimals/quantityDecimals,1775254635226.0,False,0.4110787172011662,0.5294117647058824,0.0,35.844623563711195,0.022068,0.022256,0.022162,0.00018800000000000067,0.05605272,0.055417440000000005,62,200,0.0,0.0,0.0,0.0,0.0,0.0,0.0,0.0,0.0,0.05605272,0.055417440000000005,0.055417440000000005,0.05605272,0.055417440000000005,0.055417440000000005,0.05605272,0.055417440000000005,0.055417440000000005,0.20074584,0.19963603000000002,0.19963603000000002,288,1775079600.0,1775255700.0,588,300.0,0.4897959183673469,0.0,51.822078833059116,132.33502635260407,0.04600086885166767,-0.3906899959880725,0.02089149,200,0.19004821095459823,37.62041735,0.03574846506366413,499.16682291030884,0.020594744999999998,0.515,0.6108941016480064,0.4110787172011662,0.24198250728862974,0.5235294117647059,0.24411764705882352,0.3289705882352941,0.7193877551020409,1.0,0.9200173770333533,0.0,0.6400057923444511,42.576533656594926,"['quote_volume_24h<50000', 'top_of_book_quote<5', 'coverage_ratio<0.90']",quote_volume_24h<50000; top_of_book_quote<5; coverage_ratio<0.90,False
nonkyc,OSCAR/USDT,OSCAR-USDT,OSCAR,USDT,True,active,0.00083606,21.0617,22348.6951,0.00083605,0.00084319,85.03846978394976,0.35356771873,1e-08,0.0001,,,market.getlist.priceDecimals/quantityDecimals,1775254537264.0,False,0.3206997084548105,0.39117647058823535,0.0,27.417895729720463,0.00083605,0.00084319,0.0008396199999999999,7.139999999999989e-06,0.35356771873,0.353581186625,39,52,0.0,0.0,0.0,0.0,0.0,0.0,0.0,0.0,0.0,0.35356771873,0.353581186625,0.35356771873,0.35356771873,0.353581186625,0.35356771873,0.35356771873,0.353581186625,0.35356771873,1.268111602683,1.268276434565,1.268111602683,288,1775071500.0,1775256000.0,616,328.0,0.4675324675324675,0.0,376.769299682675,2139.644454898524,0.0,-0.14383406502238663,0.11926897536,200,0.13237774983756215,22.6976825551,0.01502334071585713,431.511105298996,0.09894203004999999,0.455,4.4305747815065555,0.3206997084548105,0.5626822157434402,0.38235294117647056,0.6441176470588236,0.14794117647058824,0.7071428571428572,0.0,0.0,1.0,0.3333333333333333,42.40108157548734,"['quote_volume_24h<50000', 'top_of_book_quote<5', 'coverage_ratio<0.90']",quote_volume_24h<50000; top_of_book_quote<5; coverage_ratio<0.90,False
nonkyc,PEPERG/USDT,PEPERG-USDT,PEPERG,USDT,True,active,0.000150744903,13.1476,85771.0,0.000149468995,0.000150744904,84.99999528669505,0.230032783305,1e-12,1.0,,,market.getlist.priceDecimals/quantityDecimals,1775254624637.0,False,0.27405247813411077,0.4529411764705882,0.0,26.396415709140797,0.000149468995,0.000150744904,0.0001501069495,1.2759090000000173e-06,0.230032783305,0.23063970312,35,39,0.0,0.0,0.0,0.0,0.0,0.0,0.0,0.0,0.0,0.230032783305,0.23063970312,0.230032783305,0.230032783305,0.23063970312,0.230032783305,0.230032783305,0.23063970312,0.230032783305,0.654071648241,0.82727035632,0.654071648241,288,1775075400.0,1775256300.0,604,316.0,0.4768211920529801,0.0,103.57447238380664,1341.8608016938508,0.0012871247924594355,-0.28096122105053983,0.083546921094,200,0.1337166171592309,13.5558589352,0.009063217997513388,128.4244966506958,0.06181086985,0.54,1.2185232720832753,0.27405247813411077,0.5102040816326531,0.44705882352941173,0.5852941176470589,0.23588235294117646,0.7122516556291392,1.0,0.02574249584918871,0.10926163604163763,0.37833471063027546,42.35308712340704,"['quote_volume_24h<50000', 'top_of_book_quote<5', 'coverage_ratio<0.90']",quote_volume_24h<50000; top_of_book_quote<5; coverage_ratio<0.90,False
nonkyc,ZNN/USDT,ZNN-USDT,ZNN,USDT,True,active,0.2606,9.5726,37.2161,0.260599,0.260811,8.131796474942558,0.1694675297,1e-06,0.0001,,,market.getlist.priceDecimals/quantityDecimals,1775254228560.0,False,0.25072886297376096,0.9764705882352941,0.0,38.201852169439206,0.260599,0.260811,0.260705,0.00021199999999998997,0.1694675297,0.5270207877,41,44,0.1694675297,0.5270207877,0.1694675297,0.1694675297,0.5270207877,0.1694675297,0.1694675297,0.5270207877,0.1694675297,0.1694675297,0.5270207877,0.1694675297,0.1694675297,0.6966730342,0.1694675297,0.1694675297,0.5270207877,0.1694675297,0.1694675297,0.5270207877,0.1694675297,288,1775080500.0,1775255700.0,585,297.0,0.49230769230769234,0.0,1.2885720876779725,720.9138027227343,0.0006142074968411865,-0.00117723819890652,0.06230839,200,0.13511329942601805,9.8900965809,0.006681417903436895,709.1233451366425,0.0480281615,0.5,0.1584609368481612,0.25072886297376096,0.39067055393586003,0.9735294117647059,0.43823529411764706,0.13999999999999999,0.7207692307692308,0.0,0.01228414993682373,0.0,0.00409471664560791,41.84189620541232,"['quote_volume_24h<50000', 'top_of_book_quote<5', 'coverage_ratio<0.90', 'natr_bps_mean<12']",quote_volume_24h<50000; top_of_book_quote<5; coverage_ratio<0.90; natr_bps_mean<12,False
nonkyc,MANICDOGE/USDT,MANICDOGE-USDT,MANICDOGE,USDT,True,active,0.664262,23.3285,36.8386,0.664261,0.669932,85.01018968020342,0.443062087,1e-06,0.0001,,,market.getlist.priceDecimals/quantityDecimals,1775254589324.0,False,0.3236151603498542,0.40588235294117647,0.0,27.945892642771398,0.664261,0.669932,0.6670965,0.005670999999999982,0.443062087,0.44382995,34,25,0.0,0.0,0.0,0.0,0.0,0.0,0.0,0.0,0.0,0.443062087,0.44382995,0.443062087,0.443062087,0.44382995,0.443062087,0.443062087,0.44382995,0.443062087,1.5901135912,1.5922089620000002,1.5901135912,288,1775079000.0,1775256300.0,592,304.0,0.4864864864864865,0.0,13.583503115703444,1568.8846283447688,0.0,-0.00472804535161737,0.17083240500000002,200,0.12331654419670754,26.6004114738,0.01640135408579732,235.0808699131012,0.1274054516,0.45,0.15978676399620684,0.3236151603498542,0.5918367346938775,0.4,0.6705882352941176,0.14426470588235296,0.7175675675675677,0.4652919263086203,0.0,0.0,0.15509730876954012,41.8260296585863,"['quote_volume_24h<50000', 'top_of_book_quote<5', 'coverage_ratio<0.90']",quote_volume_24h<50000; top_of_book_quote<5; coverage_ratio<0.90,False
nonkyc,GCX/USDT,GCX-USDT,GCX,USDT,True,active,9e-05,10.6422,115236.0,8.9e-05,9.1e-05,222.22222222222314,0.318976,1e-06,1.0,,,market.getlist.priceDecimals/quantityDecimals,1775254608605.0,False,0.26822157434402333,0.02941176470588236,0.0,15.487480706568343,8.9e-05,9.1e-05,8.999999999999999e-05,2.000000000000008e-06,0.318976,0.433251,36,99,0.0,0.0,0.0,0.0,0.0,0.0,0.0,0.0,0.0,0.0,0.0,0.0,0.0,0.0,0.0,0.752288,0.864087,0.752288,1.626154,1.7188269999999999,1.626154,288,1775077200.0,1775256600.0,599,311.0,0.48080133555926546,0.0,36.24460592737339,1873.6262075349616,0.0,-0.48682775885322577,0.06606000000000001,200,0.1388135054434491,10.365057,0.0071940494814558015,1.471407413482666,0.05139,0.475,0.1631007266731796,0.26822157434402333,0.6705539358600583,0.026470588235294135,0.6323529411764706,0.4676470588235294,0.714440734557596,1.0,0.0,0.0,0.3333333333333333,41.42025482742584,"['quote_volume_24h<50000', 'spread_bps>120', 'top_of_book_quote<5', 'coverage_ratio<0.90']",quote_volume_24h<50000; spread_bps>120; top_of_book_quote<5; coverage_ratio<0.90,False
nonkyc,PEPEW/USDT,PEPEW-USDT,PEPEW,USDT,True,active,2.81e-07,31.5372,107716607.02,2.8e-07,2.82e-07,71.17437722419898,0.0151401852,1e-09,0.01,,,market.getlist.priceDecimals/quantityDecimals,1775254733948.0,False,0.34402332361516036,0.7029411764705882,0.0,36.494812210598525,2.8e-07,2.82e-07,2.8100000000000004e-07,1.9999999999999914e-09,0.07480226320000001,0.0151401852,42,200,0.0,0.0,0.0,0.0,0.0,0.0,0.0,0.0,0.0,0.07480226320000001,0.0151401852,0.0151401852,0.07480226320000001,0.0151401852,0.0151401852,0.07480226320000001,0.0151401852,0.0151401852,0.18520839806,0.15049012515000001,0.15049012515000001,288,1775068500.0,1775256000.0,626,338.0,0.46006389776357826,0.0,15.007856635360428,61.972307979384276,0.17741935483870924,0.18279251234433977,0.021816587675,200,0.19527567921954417,30.6215053168,0.029898176247315014,444.87977480888367,0.0215981604,0.465,0.21086038572681493,0.34402332361516036,0.19825072886297376,0.6764705882352942,0.20294117647058824,0.3380882352941177,0.703035143769968,0.5839880529467023,1.0,0.0,0.5279960176489008,41.036003605270835,"['quote_volume_24h<50000', 'top_of_book_quote<5', 'coverage_ratio<0.90']",quote_volume_24h<50000; top_of_book_quote<5; coverage_ratio<0.90,False
nonkyc,EPIC/XMR,EPIC-XMR,EPIC,XMR,True,active,0.001403,74.9761,53961.544,0.0014,0.001415,106.57193605683865,0.00888337,1e-06,0.001,,,market.getlist.priceDecimals/quantityDecimals,1775254690278.0,False,0.4227405247813411,0.1823529411764706,0.0,27.809552392385527,0.0014,0.001415,0.0014075,1.500000000000004e-05,0.0102004,0.00888337,27,31,0.0,0.0,0.0,0.0,0.0,0.0,0.0,0.0,0.0,0.0,0.0,0.0,0.0102004,0.00888337,0.00888337,0.0102004,0.00888337,0.00888337,0.033948456,0.031095078999999998,0.031095078999999998,288,1775166000.0,1775256300.0,302,14.0,0.9536423841059603,0.0,115.03611138790747,7619.038512072782,0.002258222876779558,-0.007817471463194314,0.246391552,200,1.6147554197591205,7.628475149,0.06159060795672757,4.484957933425903,0.029766426999999998,0.56,1.0794221785231954,0.4227405247813411,0.18075801749271136,0.18529411764705883,0.18823529411764706,0.7583823529411764,0.9745033112582782,1.0,0.04516445753559116,0.03971108926159772,0.36162518226572965,40.69339435043472,"['quote_volume_24h<50000', 'top_of_book_quote<5']",quote_volume_24h<50000; top_of_book_quote<5,False
nonkyc,ERG/XMR,ERG-XMR,ERG,XMR,True,active,0.00088463,0.8427,962.8697,0.00088462,0.00088838,42.413987591652614,0.031944689744,1e-08,0.0001,,,market.getlist.priceDecimals/quantityDecimals,1775255107153.0,False,0.1836734693877551,0.8529411764705882,0.0,31.42557022809124,0.00088462,0.00088838,0.0008865,3.7600000000000047e-06,0.031944689744,0.032048397338,36,64,0.0,0.0,0.0,0.0,0.0,0.0,0.031944689744,0.032048397338,0.031944689744,0.032844907996,0.032947748092000004,0.032844907996,0.032844907996,0.032947748092000004,0.032844907996,0.032844907996,0.032048397338,0.032048397338,0.032844907996,0.032947748092000004,0.032844907996,288,1775092800.0,1775256300.0,546,258.0,0.5274725274725275,0.0,10.223387876425043,37.063656304829266,0.03431952662721878,-0.5288778850175561,0.00037837730500000003,200,0.21909242205727106,0.8109037876,0.0008883143744034945,25.75561785697937,0.0004049628,0.63,0.2410381210758189,0.1836734693877551,0.22448979591836735,0.8470588235294118,0.22647058823529412,0.5072058823529412,0.7401098901098901,0.18528232303542028,0.6863905325443755,0.0,0.2905576185265986,40.65581074062659,"['quote_volume_24h<50000', 'top_of_book_quote<5', 'coverage_ratio<0.90', 'natr_bps_mean<12']",quote_volume_24h<50000; top_of_book_quote<5; coverage_ratio<0.90; natr_bps_mean<12,False
nonkyc,ETC/BTC,ETC-BTC,ETC,BTC,True,active,0.0001207,0.1458,1218.02,0.0001206,0.0001216,66.11570247933821,2.412e-06,1e-07,0.01,,,market.getlist.priceDecimals/quantityDecimals,1775256176869.0,False,0.13411078717201166,0.611764705882353,0.0,22.670210941519468,0.0001206,0.0001214,0.000121,7.999999999999923e-07,2.412e-06,0.007747748,54,46,0.0,0.0,0.0,0.0,0.0,0.0,0.0,0.0,0.0,2.412e-06,0.015121572,2.412e-06,0.036279563,0.059814986,0.036279563,2.412e-06,0.028724196,2.412e-06,0.049328439,0.070161458,0.049328439,288,1775170500.0,1775256600.0,288,0.0,1.0,0.0,25.33799025608004,18.967252883626024,0.07594936708860753,-0.44645500781523234,0.00020895750000000002,200,0.999575763371971,0.028581385000000004,0.00014284629864801603,0.0,5.0295999999999994e-05,0.57,0.38323710262321425,0.13411078717201166,0.026239067055393587,0.7147058823529412,0.023529411764705882,0.7174264705882353,1.0,1.0,1.0,0.0,0.6666666666666666,40.642753958726345,"['quote_volume_24h<50000', 'top_of_book_quote<5']",quote_volume_24h<50000; top_of_book_quote<5,False
nonkyc,HSAI/USDT,HSAI-USDT,HSAI,USDT,True,active,0.001032,20.2195,19892.6682,0.001031,0.00104,86.9145340415248,0.302714776,1e-06,0.0001,,,market.getlist.priceDecimals/quantityDecimals,1775254462713.0,False,0.31486880466472306,0.30294117647058827,0.0,24.89131366832448,0.001031,0.00104,0.0010355,8.999999999999894e-06,0.3699879592,0.302714776,62,124,0.0,0.0,0.0,0.0,0.0,0.0,0.0,0.0,0.0,0.3699879592,0.302714776,0.302714776,0.3699879592,0.302714776,0.302714776,0.3699879592,0.302714776,0.302714776,1.2666452906999999,1.1005419682,1.1005419682,288,1775064900.0,1775256000.0,638,350.0,0.45141065830721006,0.0,45.7826513145139,640.2124260784116,0.004252906152537578,-0.6125070112563205,0.1321803345,200,0.1361219302209268,21.098256524299998,0.01435967701191989,578.4437012672424,0.0966919006,0.565,0.5267548381797745,0.31486880466472306,0.5422740524781341,0.30000000000000004,0.6205882352941177,0.15411764705882353,0.6982758620689655,1.0,0.08505812305075156,0.0,0.36168604101691715,40.61606903943369,"['quote_volume_24h<50000', 'top_of_book_quote<5', 'coverage_ratio<0.90']",quote_volume_24h<50000; top_of_book_quote<5; coverage_ratio<0.90,False
nonkyc,LBW/USDT,LBW-USDT,LBW,USDT,True,active,0.000756,19.302,25531.7892,0.000756,0.00088,1515.8924205378971,24.31958012,1e-06,0.0001,,,market.getlist.priceDecimals/quantityDecimals,1775203034448.0,False,0.3032069970845481,0.008823529411764675,0.0,16.896973074944267,0.000756,0.00088,0.000818,0.00012399999999999998,27.9714548484,24.31958012,25,200,0.0,0.0,0.0,0.0,0.0,0.0,0.0,0.0,0.0,0.0,0.0,0.0,0.0,0.0,0.0,51.5595825133,74.9995358353,51.5595825133,63.5046223883,89.71402961929999,63.5046223883,287,1773992400.0,1775202900.0,4036,3749.0,0.07111000991080277,0.0,77.96043960224101,491.7570244087338,0.00445930880713487,-0.20441140074827763,2.7066625199999996,200,0.010509215986022367,327.6566694614,0.017217073543152956,53603.90365552902,0.3817973884,0.515,0.05142874160857512,0.3032069970845481,0.8571428571428571,0.008823529411764675,0.9294117647058824,0.004852941176470584,0.48911050545094154,1.0,0.08918617614269739,0.0,0.3630620587142324,40.57625659689098,"['quote_volume_24h<50000', 'spread_bps>120', 'last_trade_age_sec>3600', 'coverage_ratio<0.90']",quote_volume_24h<50000; spread_bps>120; last_trade_age_sec>3600; coverage_ratio<0.90,False
nonkyc,SOL/BTC,SOL-BTC,SOL,BTC,True,active,0.00119821,0.0532,44.64,0.00119475,0.00120076,50.19438841770824,0.00016720760000000002,1e-08,0.01,,,market.getlist.priceDecimals/quantityDecimals,1775256063447.0,False,0.11370262390670553,0.8,0.0,26.253644314868808,0.00119434,0.00120035,0.0011973449999999998,6.0100000000000865e-06,0.00016720760000000002,0.0004681365,22,26,0.0,0.0,0.0,0.0,0.0,0.0,0.0,0.0,0.0,0.00016720760000000002,0.0004681365,0.00016720760000000002,0.4088611197,0.4449167978,0.4088611197,0.00016720760000000002,0.0004681365,0.00016720760000000002,0.4088611197,0.4449167978,0.4088611197,288,1775170200.0,1775256300.0,288,0.0,1.0,0.0,12.249594509836413,10.857226431894148,0.08365317515701333,-0.29972411029097584,0.00014418,200,0.9939446407726795,0.0063329588999999995,3.147305279444322e-05,27.850362300872803,2.40271e-05,0.435,0.24404310712778482,0.11370262390670553,0.1282798833819242,0.788235294117647,0.1411764705882353,0.5844117647058824,1.0,0.3541328758197011,1.0,0.0,0.4513776252732337,40.56235454119057,"['quote_volume_24h<50000', 'top_of_book_quote<5']",quote_volume_24h<50000; top_of_book_quote<5,False
nonkyc,LTC/BTC,LTC-BTC,LTC,BTC,True,active,0.0007918,0.7328,929.109,0.0007886,0.0007952,83.34385654754453,2.3856e-06,1e-07,0.001,,,market.getlist.priceDecimals/quantityDecimals,1775256160257.0,False,0.18075801749271136,0.5911764705882353,0.0,24.721102726805007,0.0007886,0.0007952,0.0007919,6.600000000000052e-06,7.01854e-05,2.3856e-06,66,65,0.0,0.0,0.0,0.0,0.0,0.0,0.0,0.0,0.0,7.25509e-05,2.3856e-06,2.3856e-06,0.0029090629,0.0024335869,0.0024335869,7.25509e-05,0.0024335869,7.25509e-05,0.0486918632,0.0024335869,0.0024335869,288,1775166900.0,1775256300.0,299,11.0,0.9632107023411371,0.0,23.248972923322228,18.628106721291186,0.05445744251714436,-0.5294267891197286,0.001901213,200,0.9543822768614048,0.12522731420000002,0.0005975736462571727,4.951282024383545,0.0003910006,0.48,0.2789524493633141,0.18075801749271136,0.10495626822157435,0.5852941176470587,0.020588235294117647,0.6654411764705883,0.9797658862876255,1.0,1.0,0.0,0.6666666666666666,40.416349196152424,"['quote_volume_24h<50000', 'top_of_book_quote<5']",quote_volume_24h<50000; top_of_book_quote<5,False
nonkyc,XNV/XMR,XNV-XMR,XNV,XMR,True,active,0.00018972,28.3063,152200.434,0.00018842,0.00019039,104.00992582033261,0.006935089023,1e-08,0.0001,,,market.getlist.priceDecimals/quantityDecimals,1775254758759.0,False,0.33527696793002915,0.19705882352941173,0.0,23.366703824386896,0.00018842,0.00019039,0.000189405,1.97000000000001e-06,0.007037166686,0.006935089023,35,29,0.0,0.0,0.0,0.0,0.0,0.0,0.0,0.0,0.0,0.0,0.0,0.0,0.007037166686,0.006935089023,0.006935089023,0.007037166686,0.006935089023,0.006935089023,0.025228750916000003,0.025045149486,0.025045149486,288,1775166300.0,1775256300.0,301,13.0,0.9568106312292359,0.0,176.551784519751,2390.098953463928,0.004927904472714218,0.23272204653987139,0.09904154399000001,200,2.1477547908281984,2.0162959634,0.021652546575599542,3.855553388595581,0.010319954999999999,0.515,1.6974513069524504,0.33527696793002915,0.1749271137026239,0.19705882352941173,0.18235294117647058,0.8007352941176471,0.9762458471760798,1.0,0.09855808945428435,0.3487256534762252,0.4824279143101699,40.35251535452979,"['quote_volume_24h<50000', 'top_of_book_quote<5']",quote_volume_24h<50000; top_of_book_quote<5,False
nonkyc,ETH/BTC,ETH-BTC,ETH,BTC,True,active,0.030706,0.2445,7.951,0.030623,0.030778,50.519042419699936,0.000492144,1e-06,0.001,,,market.getlist.priceDecimals/quantityDecimals,1775255715444.0,False,0.14285714285714285,0.7941176470588236,0.0,27.710084033613448,0.030604,0.030759,0.0306815,0.00015500000000000236,0.0010711400000000002,0.000492144,38,27,0.0,0.0,0.0,0.0,0.0,0.0,0.0,0.0,0.0,0.0010711400000000002,0.000492144,0.000492144,0.025813317,0.024378358,0.024378358,0.0010711400000000002,0.000492144,0.000492144,0.025813317,0.024378358,0.024378358,288,1775167200.0,1775256300.0,298,10.0,0.9664429530201343,0.0,11.124193108928191,10.446192774001052,0.025631636763090597,-0.4908604714312824,0.0008294265,200,1.407331281217955,0.029579971,0.00020814409242909978,26.197163581848145,0.00015356000000000001,0.525,0.22019801991714522,0.14285714285714285,0.14285714285714285,0.7823529411764706,0.15588235294117647,0.6552941176470588,0.981543624161074,0.2603494257440159,0.5126327352618119,0.0,0.25766072033527593,40.305993024795434,"['quote_volume_24h<50000', 'top_of_book_quote<5', 'natr_bps_mean<12']",quote_volume_24h<50000; top_of_book_quote<5; natr_bps_mean<12,False
nonkyc,SKOL/USDT,SKOL-USDT,SKOL,USDT,True,active,0.025361,14.5301,558.6381,0.02536,0.025577,85.20329033904567,0.22297005519999996,1e-06,0.0001,,,market.getlist.priceDecimals/quantityDecimals,1775254596562.0,False,0.282798833819242,0.3647058823529412,0.0,24.67158291888184,0.02536,0.025577,0.025468499999999998,0.00021699999999999844,0.223703096,0.22297005519999996,31,68,0.0,0.0,0.0,0.0,0.0,0.0,0.0,0.0,0.0,0.223703096,0.22297005519999996,0.22297005519999996,0.223703096,0.22297005519999996,0.22297005519999996,0.223703096,0.22297005519999996,0.22297005519999996,0.8017439512,0.7996742403999999,0.7996742403999999,287,1775075700.0,1775256000.0,602,315.0,0.47674418604651164,0.0,50.74466325800547,5291.387364261349,0.0008596294673531935,-0.10439990299609676,0.09051966,200,0.13992823826949943,14.117348954899999,0.00987707884147458,496.7036716938019,0.0692746546,0.395,0.595571638795632,0.282798833819242,0.5014577259475219,0.361764705882353,0.5735294117647058,0.19617647058823529,0.7122093023255814,1.0,0.01719258934706387,0.0,0.3390641964490213,40.0596497536524,"['quote_volume_24h<50000', 'top_of_book_quote<5', 'coverage_ratio<0.90']",quote_volume_24h<50000; top_of_book_quote<5; coverage_ratio<0.90,False
nonkyc,TRX/BTC,TRX-BTC,TRX,BTC,True,active,4.713e-06,0.132,28051.361,4.683e-06,4.723e-06,70.11579730160493,2.6401570000000004e-06,1e-09,0.001,,,market.getlist.priceDecimals/quantityDecimals,1775256172734.0,False,0.13119533527696792,0.388235294117647,0.0,16.92162579317441,4.69e-06,4.723e-06,4.7065e-06,3.300000000000036e-08,0.00992558301,2.6401570000000004e-06,37,58,0.0,0.0,0.0,0.0,0.0,0.0,0.0,0.0,0.0,0.047938380759000004,2.6401570000000004e-06,2.6401570000000004e-06,0.208903184997,0.117923275013,0.117923275013,0.138669407527,0.01340476944,0.01340476944,0.208903184997,0.218070762462,0.208903184997,288,1775170200.0,1775256300.0,288,0.0,1.0,0.0,24.687649648971785,16.856561837362705,0.007591442374051406,-0.4077467247975427,0.00024436273000000004,200,1.0793551824365804,0.0152821051,8.247409669112747e-05,39.05895924568176,4.34756e-05,0.49,0.35209825173601345,0.13119533527696792,0.19533527696793002,0.6882352941176471,0.03529411764705882,0.5913235294117647,1.0,1.0,0.1518288474810281,0.0,0.3839429491603427,39.28482307760927,"['quote_volume_24h<50000', 'top_of_book_quote<5']",quote_volume_24h<50000; top_of_book_quote<5,False
nonkyc,WMC/USDT,WMC-USDT,WMC,USDT,True,active,1.188725,9.9264,7.62,1.178664,1.188726,85.00500551239988,0.18858624,1e-06,0.01,,,market.getlist.priceDecimals/quantityDecimals,1775254471700.0,False,0.2565597667638484,0.41764705882352937,0.0,24.551963642599897,1.178664,1.188726,1.183695,0.010062000000000015,0.18858624,0.19019616,36,101,0.0,0.0,0.0,0.0,0.0,0.0,0.0,0.0,0.0,0.18858624,0.19019616,0.18858624,0.18858624,0.19019616,0.18858624,0.18858624,0.19019616,0.18858624,0.68981273,0.6949294799999999,0.68981273,288,1775069400.0,1775256300.0,624,336.0,0.46153846153846156,0.0,405.1076249235123,3459.1288976882674,0.00028269923931423463,-0.1564226408871443,0.058933250000000006,200,0.12978141079212407,10.480420770000002,0.006800818966128399,63.08420944213867,0.047549,0.515,4.76569141407112,0.2565597667638484,0.44314868804664725,0.4117647058823529,0.5,0.25338235294117645,0.7038461538461539,0.0,0.005653984786284693,1.0,0.33521799492876153,39.03987318042623,"['quote_volume_24h<50000', 'top_of_book_quote<5', 'coverage_ratio<0.90', 'natr_bps_mean>400']",quote_volume_24h<50000; top_of_book_quote<5; coverage_ratio<0.90; natr_bps_mean>400,False
nonkyc,PAXG/USDT,PAXG-USDT,PAXG,USDT,True,active,4806.57,28.9594,0.006,4806.56,4847.59,84.99971514840713,0.6248528,0.01,1e-05,,,market.getlist.priceDecimals/quantityDecimals,1775254736681.0,False,0.34110787172011664,0.45882352941176474,0.0,30.231521179900533,4806.56,4847.59,4827.075000000001,41.029999999999745,0.6248528,0.6301867,25,29,0.0,0.0,0.0,0.0,0.0,0.0,0.0,0.0,0.0,0.6248528,0.6301867,0.6248528,0.6248528,0.6301867,0.6248528,0.6248528,0.6301867,0.6248528,2.2885638,2.2976861,2.2885638,288,1775059200.0,1775256300.0,658,370.0,0.4376899696048632,1.0,10.648935089636911,138.33361151353895,0.004224577886731133,-0.4069732145938294,0.0,200,0.10876101025086975,38.1992472,0.020772943581473538,230.47923636436462,0.191372,0.44,0.12528200913431495,0.34110787172011664,0.641399416909621,0.4529411764705882,0.7323529411764705,0.11955882352941177,0.2407294832826748,0.22074459080307593,0.08449155773462266,0.0,0.10174538284589953,38.97991415605509,"['quote_volume_24h<50000', 'top_of_book_quote<5', 'coverage_ratio<0.90', 'zero_volume_fraction>0.30', 'natr_bps_mean<12']",quote_volume_24h<50000; top_of_book_quote<5; coverage_ratio<0.90; zero_volume_fraction>0.30; natr_bps_mean<12,False
nonkyc,ARRR/BTC,ARRR-BTC,ARRR,BTC,True,active,2.78e-06,0.4706,170399.9874,2.775e-06,2.785e-06,35.97122302158239,2.2366500000000004e-06,1e-09,0.0001,,,market.getlist.priceDecimals/quantityDecimals,1775256035616.0,False,0.1661807580174927,0.8794117647058823,0.0,31.12523580860916,2.775e-06,2.785e-06,2.78e-06,9.999999999999904e-09,2.2366500000000004e-06,5.1016744e-05,46,63,0.0,0.0,0.0,0.0,0.0,0.0,2.2366500000000004e-06,5.1016744e-05,2.2366500000000004e-06,2.2366500000000004e-06,5.1016744e-05,2.2366500000000004e-06,2.2366500000000004e-06,5.30726095e-05,2.2366500000000004e-06,2.2366500000000004e-06,5.1016744e-05,2.2366500000000004e-06,2.2366500000000004e-06,5.30726095e-05,2.2366500000000004e-06,288,1775164200.0,1775256300.0,308,20.0,0.935064935064935,0.0,48.54524642314613,78.0803236713621,0.018697614442295243,-0.4478188658453425,0.001627491972,200,0.9826755126012171,0.0700392606,0.00034412933156157614,201.42730808258057,0.00039354895,0.49,1.3495578505634753,0.1661807580174927,0.02040816326530612,0.8705882352941177,0.011764705882352941,0.4776470588235294,0.9642857142857144,1.0,0.37395228884590487,0.17477892528173766,0.5162437380425474,38.95709009865562,"['quote_volume_24h<50000', 'top_of_book_quote<5']",quote_volume_24h<50000; top_of_book_quote<5,False
nonkyc,RYO/USDT,RYO-USDT,RYO,USDT,True,active,0.0047383,62.658,14678.6816,0.0046982,0.00473831,85.01024213400997,0.07871411262,1e-08,0.0001,,,market.getlist.priceDecimals/quantityDecimals,1775254547375.0,False,0.4139941690962099,0.40294117647058825,0.0,32.843208712056246,0.0046982,0.00473831,0.004718254999999999,4.011000000000032e-05,0.07871411262,0.078829841977,53,200,0.0,0.0,0.0,0.0,0.0,0.0,0.0,0.0,0.0,0.07871411262,0.078829841977,0.07871411262,0.07871411262,0.078829841977,0.07871411262,0.07871411262,0.078829841977,0.07871411262,0.282473908167,0.282805606155,0.282473908167,288,1775070300.0,1775255400.0,618,330.0,0.46601941747572817,0.0,40.535171790478586,157.58241381872148,0.021405264577923258,-0.397058539370199,0.03163923561,200,0.18978625117802564,61.514685488999994,0.05837320775676301,1015.5616512298584,0.035437004999999994,0.54,0.4768269184150661,0.4139941690962099,0.2565597667638484,0.3970588235294118,0.26176470588235295,0.2891176470588236,0.7063106796116505,1.0,0.42810529155846516,0.0,0.47603509718615505,38.80698374979935,"['quote_volume_24h<50000', 'top_of_book_quote<5', 'coverage_ratio<0.90']",quote_volume_24h<50000; top_of_book_quote<5; coverage_ratio<0.90,False
nonkyc,RTM/USDT,RTM-USDT,RTM,USDT,True,active,6.498e-05,0.5016,7723.7162,6.493e-05,6.499e-05,9.236453201969834,0.010714923910999999,1e-08,0.0001,,,market.getlist.priceDecimals/quantityDecimals,1775254819957.0,False,0.16909620991253643,0.9705882352941176,0.0,33.564997427542444,6.493e-05,6.499e-05,6.496e-05,5.999999999999604e-08,0.010714923910999999,0.037804527024,49,105,0.010714923910999999,0.037804527024,0.010714923910999999,0.010714923910999999,0.037804527024,0.010714923910999999,0.010714923910999999,0.037804527024,0.010714923910999999,0.010714923910999999,0.037804527024,0.010714923910999999,0.010714923910999999,0.048318722652000004,0.010714923910999999,0.010714923910999999,0.037804527024,0.010714923910999999,0.010714923910999999,0.037804527024,0.010714923910999999,288,1775066400.0,1775256000.0,633,345.0,0.4549763033175355,0.0,11.37078793868703,71.35018298101997,0.058845437616387476,-0.403007439080294,0.003875371085,200,0.13395407502866025,1.3243579150000002,0.0008870156975535503,346.3135781288147,0.0036912701,0.555,1.2310773074952637,0.16909620991253643,0.18950437317784258,0.9676470588235294,0.19705882352941176,0.17808823529411766,0.7002369668246446,0.28089899489058584,1.0,0.11553865374763184,0.4654792162127392,38.70144068477274,"['quote_volume_24h<50000', 'top_of_book_quote<5', 'coverage_ratio<0.90', 'natr_bps_mean<12']",quote_volume_24h<50000; top_of_book_quote<5; coverage_ratio<0.90; natr_bps_mean<12,False
nonkyc,ZEC/XMR,ZEC-XMR,ZEC,XMR,True,active,0.73349927,16.1295,21.9057,0.73322892,0.73948797,85.00004369475309,0.00043993735199999995,1e-08,0.0001,,,market.getlist.priceDecimals/quantityDecimals,1775256140993.0,False,0.2915451895043732,0.44705882352941173,0.0,27.21145601097582,0.73322892,0.73948797,0.736358445,0.006259050000000044,0.00043993735199999995,0.00044369278199999994,86,39,0.0,0.0,0.0,0.0,0.0,0.0,0.0,0.0,0.0,0.00043993735199999995,0.00044369278199999994,0.00043993735199999995,0.00043993735199999995,0.00044369278199999994,0.00043993735199999995,0.00043993735199999995,0.00044369278199999994,0.00043993735199999995,0.0016726566009999998,0.001714592229,0.0016726566009999998,288,1775164800.0,1775256300.0,306,18.0,0.9411764705882353,0.052083333333333336,64.77068513632851,149.01327224605942,0.0022581969391416855,-0.841538799156712,0.057116011865,200,1.3180379423709483,2.0609704567,0.013582186300180907,33.792527198791504,0.01035262905,0.54,0.7620076687128421,0.2915451895043732,0.13994169096209913,0.4411764705882353,0.15294117647058825,0.6289705882352941,0.9442095588235295,1.0,0.04516393878283371,0.0,0.3483879795942779,38.551893751525014,"['quote_volume_24h<50000', 'top_of_book_quote<5']",quote_volume_24h<50000; top_of_book_quote<5,False
nonkyc,NAV/USDT,NAV-USDT,NAV,USDT,True,active,0.03167345,9.0215,272.3004,0.03167344,0.03194381,84.9989586157861,0.15413879576,1e-08,0.0001,,,market.getlist.priceDecimals/quantityDecimals,1775254114107.0,False,0.2478134110787172,0.4676470588235294,0.0,25.320914079917685,0.03167344,0.03194381,0.031808625,0.0002703700000000059,0.15413879576,0.15445471011200002,45,54,0.0,0.0,0.0,0.0,0.0,0.0,0.0,0.0,0.0,0.15413879576,0.15445471011200002,0.15413879576,0.15413879576,0.15445471011200002,0.15413879576,0.15413879576,0.15445471011200002,0.15413879576,0.5532508130239999,0.554056953912,0.5532508130239999,288,1775075700.0,1775256300.0,603,315.0,0.47761194029850745,0.0,140.98451764451588,1329.1186687550792,0.0021737069330455255,-0.24781769537053533,0.05077600301,200,0.14208718256421832,8.6178312093,0.0061224167817171375,188.43589735031128,0.041962434199999996,0.51,1.658661705278023,0.2478134110787172,0.3469387755102041,0.46176470588235297,0.38823529411764707,0.273235294117647,0.7126865671641791,1.0,0.04347413866091051,0.3293308526390115,0.4576016637666407,38.362120861872086,"['quote_volume_24h<50000', 'top_of_book_quote<5', 'coverage_ratio<0.90']",quote_volume_24h<50000; top_of_book_quote<5; coverage_ratio<0.90,False
nonkyc,DOSU/USDT,DOSU-USDT,DOSU,USDT,True,active,7.32e-10,11.3793,14848590391.0,7.27e-10,7.33e-10,82.19178082191752,0.100254295276,1e-12,1.0,,,market.getlist.priceDecimals/quantityDecimals,1775254587660.0,False,0.27113702623906705,0.6147058823529412,0.0,30.280183501972218,7.27e-10,7.33e-10,7.3e-10,5.999999999999979e-12,0.144566410895,0.100254295276,39,128,0.0,0.0,0.0,0.0,0.0,0.0,0.0,0.0,0.0,0.144566410895,0.100254295276,0.100254295276,0.144566410895,0.100254295276,0.100254295276,0.144566410895,0.100254295276,0.100254295276,0.511182812735,0.427142279374,0.427142279374,288,1775073600.0,1775255700.0,608,320.0,0.47368421052631576,0.0,114.17938480942153,1383.5436795997532,0.015873015873015883,-0.24928482673695648,0.0514119084565,200,0.14028314750497087,11.2518459899,0.007892221853521782,678.1216955184937,0.0412764806,0.485,1.3891825151813002,0.27113702623906705,0.27113702623906705,0.6029411764705883,0.28823529411764703,0.17838235294117644,0.7105263157894737,1.0,0.3174603174603176,0.1945912575906501,0.5040171916836559,38.16899364101496,"['quote_volume_24h<50000', 'top_of_book_quote<5', 'coverage_ratio<0.90']",quote_volume_24h<50000; top_of_book_quote<5; coverage_ratio<0.90,False
nonkyc,NPH/USDT,NPH-USDT,NPH,USDT,True,active,0.985411,9.835,9.9895,0.98541,0.993822,85.0026677014112,0.183680424,1e-06,0.0001,,,market.getlist.priceDecimals/quantityDecimals,1775254185011.0,False,0.2536443148688047,0.42647058823529416,0.0,24.61220202366661,0.98541,0.993822,0.989616,0.008411999999999975,0.183680424,0.1840558344,37,27,0.0,0.0,0.0,0.0,0.0,0.0,0.0,0.0,0.0,0.183680424,0.1840558344,0.183680424,0.183680424,0.1840558344,0.183680424,0.183680424,0.1840558344,0.183680424,0.6594430408,0.6602869524,0.6594430408,288,1775074800.0,1775255700.0,604,316.0,0.4768211920529801,0.0,66.06523649210203,1019.8542838699635,0.0,-0.40257370663511033,0.0628385135,200,0.1321053655222512,10.5508375354,0.006969111245899523,600.8057625293732,0.05139672535,0.505,0.7772136837418954,0.2536443148688047,0.43731778425655976,0.4205882352941176,0.49411764705882355,0.11941176470588238,0.7122516556291392,1.0,0.0,0.0,0.3333333333333333,37.404963249254294,"['quote_volume_24h<50000', 'top_of_book_quote<5', 'coverage_ratio<0.90']",quote_volume_24h<50000; top_of_book_quote<5; coverage_ratio<0.90,False
nonkyc,BQC/USDT,BQC-USDT,BQC,USDT,True,active,0.000452,0.3727,830.2394,0.000452,0.000453,22.099447513812695,0.009578331999999998,1e-06,0.0001,,,market.getlist.priceDecimals/quantityDecimals,1775254581455.0,False,0.14868804664723032,0.9382352941176471,0.0,31.633724918538842,0.000452,0.000453,0.0004525,1.0000000000000243e-06,0.009578331999999998,17.353580262599998,54,200,0.0,0.0,0.0,0.0,0.0,0.0,0.009578331999999998,17.353580262599998,0.009578331999999998,0.009578331999999998,179.4369728746,0.009578331999999998,0.009578331999999998,179.4423646186,0.009578331999999998,0.009578331999999998,17.353580262599998,0.009578331999999998,0.009578331999999998,179.4369728746,0.009578331999999998,288,1775058900.0,1775256300.0,659,371.0,0.4370257966616085,0.0,35.307910306725795,267.1510611991361,0.001904761904761939,-0.244437479668692,0.0026844445,200,0.1289130813860823,0.4186939334,0.0002698756255612656,160.68622756004333,0.0020609688,0.555,1.5976829413793032,0.14868804664723032,0.1836734693877551,0.9323529411764706,0.19117647058823528,0.19294117647058823,0.6903641881638847,1.0,0.03809523809523878,0.2988414706896516,0.4456455695949635,37.364433026053575,"['quote_volume_24h<50000', 'top_of_book_quote<5', 'coverage_ratio<0.90']",quote_volume_24h<50000; top_of_book_quote<5; coverage_ratio<0.90,False
nonkyc,SATOX/USDT,SATOX-USDT,SATOX,USDT,True,active,5.81e-06,2.905,500000.0,5.93e-06,8e-06,2972.002871500358,1.6416372231999998,1e-08,0.0001,,,market.getlist.priceDecimals/quantityDecimals,1775210013230.0,False,0.20116618075801748,0.002941176470588225,0.0,11.137669353455667,5.93e-06,8e-06,6.965e-06,2.0699999999999997e-06,11.603554255567,1.6416372231999998,28,200,0.0,0.0,0.0,0.0,0.0,0.0,0.0,0.0,0.0,0.0,0.0,0.0,0.0,0.0,0.0,44.171584534067,1.6416372231999998,1.6416372231999998,71.892750354971,53.515310170345,53.515310170345,288,1773887700.0,1775209800.0,4408,4120.0,0.06533575317604355,0.0,121.59301519444574,1554.4312857420684,0.03521962801741195,-0.39577629928203817,0.00117279844,200,0.009769545021990128,115.1205678871,0.005623377854650472,46643.43311023712,0.0010826753,0.48,0.04091281888064323,0.20116618075801748,0.749271137026239,0.002941176470588225,0.8470588235294118,0.00397058823529411,0.48593466424682397,1.0,0.7043925603482389,0.0,0.5681308534494129,37.22524272626781,"['quote_volume_24h<50000', 'spread_bps>120', 'top_of_book_quote<5', 'last_trade_age_sec>3600', 'coverage_ratio<0.90']",quote_volume_24h<50000; spread_bps>120; top_of_book_quote<5; last_trade_age_sec>3600; coverage_ratio<0.90,False
nonkyc,NAV/LTC,NAV-LTC,NAV,LTC,True,active,0.00060026,0.1514,251.3768,0.0006,0.00060027,4.498987727761635,0.0026666994749999996,1e-08,0.0001,,,market.getlist.priceDecimals/quantityDecimals,1775254422260.0,False,0.13994169096209913,0.9852941176470589,0.0,32.32914594409193,0.0006,0.00060027,0.0006001349999999999,2.700000000000228e-07,52.16775852,0.0026666994749999996,36,56,52.16775852,0.0026666994749999996,0.0026666994749999996,52.16775852,0.0026666994749999996,0.0026666994749999996,52.16775852,0.0026666994749999996,0.0026666994749999996,52.16775852,0.0026666994749999996,0.0026666994749999996,52.170431637328,0.0026666994749999996,0.0026666994749999996,52.16775852,0.0026666994749999996,0.0026666994749999996,52.16775852,0.0026666994749999996,0.0026666994749999996,288,1775079600.0,1775256300.0,590,302.0,0.488135593220339,0.0,8.92546874898393,135.25010755159292,0.0005171379517200681,-0.029112362620677304,0.00101881698,200,0.13422293911183392,0.1567044184,0.00010516663804729272,17.893299102783203,0.0007545172,0.485,1.9838837732114878,0.13994169096209913,0.1661807580174927,0.9823529411764705,0.17352941176470588,0.33647058823529413,0.7184745762711865,0.0771223957486608,0.01034275903440136,0.4919418866057439,0.19313568046293536,36.94184772254616,"['quote_volume_24h<50000', 'top_of_book_quote<5', 'coverage_ratio<0.90', 'natr_bps_mean<12']",quote_volume_24h<50000; top_of_book_quote<5; coverage_ratio<0.90; natr_bps_mean<12,False
nonkyc,THA/USDT,THA-USDT,THA,USDT,True,active,0.002738,15.9181,5922.8819,0.002737,0.002767,109.01162790697703,0.2248248374,1e-06,0.0001,,,market.getlist.priceDecimals/quantityDecimals,1775254508492.0,False,0.2886297376093295,0.16764705882352937,0.0,20.065812039101356,0.002737,0.002767,0.002752,3.000000000000008e-05,0.25065473369999997,0.2248248374,40,126,0.0,0.0,0.0,0.0,0.0,0.0,0.0,0.0,0.0,0.0,0.0,0.0,0.25065473369999997,0.2248248374,0.2248248374,0.25065473369999997,0.2248248374,0.2248248374,0.8735621330999999,0.8212495655000001,0.8212495655000001,288,1775076600.0,1775255700.0,598,310.0,0.4816053511705686,0.0,40.21880247529891,518.1792822369933,0.005063848524878886,-0.49121032277091864,0.08832198899999999,200,0.13479918308533273,16.1057460872,0.01085520707767177,754.119019985199,0.07039864065,0.515,0.3689404813734077,0.2886297376093295,0.5043731778425656,0.17647058823529416,0.5764705882352941,0.13411764705882354,0.7148829431438127,1.0,0.10127697049757772,0.0,0.3670923234991926,36.879035808258216,"['quote_volume_24h<50000', 'top_of_book_quote<5', 'coverage_ratio<0.90']",quote_volume_24h<50000; top_of_book_quote<5; coverage_ratio<0.90,False
nonkyc,XTM/XMR,XTM-XMR,XTM,XMR,True,active,2.26e-06,18.4331,7694804.2015,2.23e-06,2.27e-06,131.86813186813245,0.0006181861620000001,1e-08,0.0001,,,market.getlist.priceDecimals/quantityDecimals,1775254654010.0,False,0.30029154518950435,0.038235294117647034,0.0,17.471917338363916,2.26e-06,2.29e-06,2.2750000000000002e-06,3.0000000000000136e-08,0.0006181861620000001,0.001405128657,43,125,0.0,0.0,0.0,0.0,0.0,0.0,0.0,0.0,0.0,0.0,0.0,0.0,0.0006181861620000001,0.001405128657,0.0006181861620000001,0.0006181861620000001,0.001405128657,0.0006181861620000001,0.002718873368,0.002801023705,0.002718873368,288,1775121000.0,1775256600.0,453,165.0,0.6357615894039735,0.0,45.27817596917245,224.22364843748085,0.060483870967742076,-0.42185788164154403,0.0006717506949999999,200,1.8393189369716458,3.6250741310000003,0.03333833748537167,3.3828773498535156,0.0193224965,0.425,0.34335950109955626,0.30029154518950435,0.15160349854227406,0.0794117647058824,0.16176470588235295,0.778235294117647,0.7996688741721855,1.0,1.0,0.0,0.6666666666666666,36.80595187554681,"['quote_volume_24h<50000', 'spread_bps>120', 'top_of_book_quote<5', 'coverage_ratio<0.90']",quote_volume_24h<50000; spread_bps>120; top_of_book_quote<5; coverage_ratio<0.90,False
nonkyc,RDD/BTC,RDD-BTC,RDD,BTC,True,active,4.8e-10,0.0091,18619695.5539,4.79e-10,4.83e-10,83.16008316008286,1.62991588515e-05,1e-12,0.0001,,,market.getlist.priceDecimals/quantityDecimals,1775255524459.0,False,0.0728862973760933,0.6,0.0,19.00874635568513,4.79e-10,4.83e-10,4.81e-10,3.999999999999986e-12,2.87994786754e-05,1.62991588515e-05,52,96,0.0,0.0,0.0,0.0,0.0,0.0,0.0,0.0,0.0,2.87994786754e-05,1.62991588515e-05,1.62991588515e-05,2.87994786754e-05,1.62991588515e-05,1.62991588515e-05,2.87994786754e-05,1.62991588515e-05,1.62991588515e-05,2.87994786754e-05,7.27658311723e-05,2.87994786754e-05,288,1775130300.0,1775256600.0,422,134.0,0.6824644549763034,0.0,38.280067667471975,152.41852282440283,0.07580174927113655,-0.1433528513998885,1.8584612195e-05,200,0.30380396745218197,0.0022114086,3.3591735316893766e-06,2.2729198932647705,1.1334400000000001e-05,0.45,0.46031781370135216,0.0728862973760933,0.09037900874635568,0.5941176470588235,0.09411764705882353,0.6470588235294117,0.8253554502369669,1.0,1.0,0.0,0.6666666666666666,36.50060189275439,"['quote_volume_24h<50000', 'top_of_book_quote<5', 'coverage_ratio<0.90']",quote_volume_24h<50000; top_of_book_quote<5; coverage_ratio<0.90,False
nonkyc,ERG/BTC,ERG-BTC,ERG,BTC,True,active,4.21e-06,0.0046,1102.9998,4.21e-06,4.22e-06,23.7247924080662,4.1440400000000004e-05,1e-08,0.0001,,,market.getlist.priceDecimals/quantityDecimals,1775256133077.0,False,0.0641399416909621,0.9323529411764706,0.0,26.83652032241468,4.21e-06,4.22e-06,4.215e-06,9.999999999999904e-09,0.00011486185100000001,4.1440400000000004e-05,33,38,0.0,0.0,0.0,0.0,0.0,0.0,0.00011486185100000001,4.1440400000000004e-05,4.1440400000000004e-05,0.000280407791,0.00037287951199999997,0.000280407791,0.000285959667,0.00037619985599999996,0.000285959667,0.00011486185100000001,4.1440400000000004e-05,4.1440400000000004e-05,0.000280407791,0.00037287951199999997,0.000280407791,288,1775135700.0,1775256300.0,403,115.0,0.7146401985111662,0.0,8.150327351211386,31.292185703866124,0.04166666666666623,-0.5845389113927099,1.830486e-05,200,0.2697790051323773,0.0025518611,3.44219274397007e-06,126.41395926475525,2.0435e-06,0.365,0.34353629785356327,0.0641399416909621,0.13119533527696792,0.9264705882352942,0.1,0.4510294117647059,0.8430521091811415,0.012527279267615507,0.8333333333333245,0.0,0.28195353753364666,36.44920412621151,"['quote_volume_24h<50000', 'top_of_book_quote<5', 'coverage_ratio<0.90', 'natr_bps_mean<12']",quote_volume_24h<50000; top_of_book_quote<5; coverage_ratio<0.90; natr_bps_mean<12,False
nonkyc,WAAC/USDT,WAAC-USDT,WAAC,USDT,True,active,0.299976,6.9228,23.29,0.297438,0.299977,84.99953968347006,0.12899011,1e-06,0.01,,,market.getlist.priceDecimals/quantityDecimals,1775254661792.0,False,0.23323615160349853,0.4647058823529412,0.0,24.44563539701595,0.297438,0.299977,0.2987075,0.0025390000000000135,0.13087272,0.12899011,39,42,0.0,0.0,0.0,0.0,0.0,0.0,0.0,0.0,0.0,0.13087272,0.12899011,0.12899011,0.13087272,0.12899011,0.12899011,0.13087272,0.12899011,0.12899011,0.46914752,0.46561093,0.46561093,288,1775083800.0,1775256300.0,576,288.0,0.5,0.0,1247.1610194755006,5103.0350885804755,0.0007740974838017768,-0.040297657436078,0.041641460000000005,200,0.14345198358507658,6.64211145,0.004764120313478245,121.1358015537262,0.03271829,0.45,14.672562041156995,0.23323615160349853,0.31486880466472306,0.45882352941176474,0.3411764705882353,0.3108823529411765,0.7250000000000001,0.0,0.015481949676035535,1.0,0.33849398322534513,36.33116003462011,"['quote_volume_24h<50000', 'top_of_book_quote<5', 'coverage_ratio<0.90', 'natr_bps_mean>400']",quote_volume_24h<50000; top_of_book_quote<5; coverage_ratio<0.90; natr_bps_mean>400,False
nonkyc,XKR/USDT,XKR-USDT,XKR,USDT,True,active,0.00032078,4.7995,15000.823,0.00031937,0.00032079,44.363909022745055,0.104369732756,1e-08,0.0001,,,market.getlist.priceDecimals/quantityDecimals,1775254165754.0,False,0.21865889212827988,0.8411764705882353,0.0,33.05565083176128,0.00031937,0.00032079,0.00032008,1.4200000000000237e-06,0.104369732756,2.8284690105780004,57,98,0.0,0.0,0.0,0.0,0.0,0.0,0.104369732756,2.8284690105780004,0.104369732756,0.104369732756,2.8284690105780004,0.104369732756,0.104369732756,2.9324671690640005,0.104369732756,0.104369732756,2.8284690105780004,0.104369732756,0.104369732756,2.9324671690640005,0.104369732756,288,1775067300.0,1775256300.0,631,343.0,0.45641838351822506,0.0,6.42366088652361,43.16916442696448,0.015599413944669753,-0.6338163482938576,0.040232135520000004,200,0.11562266020704982,6.2594163938000005,0.003618651873973873,181.66684889793396,0.0309327352,0.445,0.14479474482805935,0.21865889212827988,0.27696793002915454,0.8323529411764706,0.29705882352941176,0.13852941176470587,0.7010301109350239,0.0,0.31198827889339503,0.0,0.103996092964465,36.193904638892,"['quote_volume_24h<50000', 'top_of_book_quote<5', 'coverage_ratio<0.90', 'natr_bps_mean<12']",quote_volume_24h<50000; top_of_book_quote<5; coverage_ratio<0.90; natr_bps_mean<12,False
nonkyc,VEIL/XMR,VEIL-XMR,VEIL,XMR,True,active,4.49e-06,0.1196,28146.656,4.48e-06,4.51e-06,66.74082313681805,0.000344228005,1e-08,0.0001,,,market.getlist.priceDecimals/quantityDecimals,1775254495322.0,False,0.12536443148688048,0.7382352941176471,0.0,25.350926084719603,4.48e-06,4.51e-06,4.495e-06,2.999999999999971e-08,0.000628759488,0.000344228005,31,200,0.0,0.0,0.0,0.0,0.0,0.0,0.0,0.0,0.0,0.000628759488,0.000344228005,0.000344228005,0.000628759488,0.000344228005,0.000344228005,0.000628759488,0.000344228005,0.000344228005,0.000628759488,0.0016435169049999999,0.000628759488,288,1775076900.0,1775256300.0,599,311.0,0.48080133555926546,0.0,169.46776249957296,2084.7167401697575,0.003143555710792872,-0.27204775118692837,0.000397660825,200,0.1544093023882329,0.058447230499999996,4.512398044014624e-05,82.96601939201355,0.00020236825,0.59,2.5391919747852922,0.12536443148688048,0.13411078717201166,0.711764705882353,0.14411764705882352,0.39235294117647057,0.714440734557596,1.0,0.06287111421585743,0.7695959873926461,0.6108223672028344,36.193004881435556,"['quote_volume_24h<50000', 'top_of_book_quote<5', 'coverage_ratio<0.90']",quote_volume_24h<50000; top_of_book_quote<5; coverage_ratio<0.90,False
nonkyc,RIC/BTC,RIC-BTC,RIC,BTC,True,active,1.325e-07,0.032,241101.6897,1.323e-07,1.334e-07,82.80015054572853,3.7708311399999994e-06,1e-10,0.0001,,,market.getlist.priceDecimals/quantityDecimals,1775254583397.0,False,0.09912536443148688,0.6058823529411765,0.0,20.598953867261194,1.323e-07,1.334e-07,1.3284999999999998e-07,1.1000000000000032e-09,4.748524829999999e-06,3.7708311399999994e-06,37,40,0.0,0.0,0.0,0.0,0.0,0.0,0.0,0.0,0.0,4.748524829999999e-06,3.7708311399999994e-06,3.7708311399999994e-06,4.748524829999999e-06,3.7708311399999994e-06,3.7708311399999994e-06,4.748524829999999e-06,3.7708311399999994e-06,3.7708311399999994e-06,1.636237455e-05,1.4624751899999996e-05,1.4624751899999996e-05,288,1775166900.0,1775256600.0,300,12.0,0.96,0.0,86.31892466819126,914.806743898982,0.00048316959252697,-0.5980888948817089,0.00010422012495,200,2.1534007312447083,0.0028404813,3.05834725425346e-05,9.856918096542358,1.43687e-05,0.53,1.042497194742652,0.09912536443148688,0.05539358600583091,0.6,0.058823529411764705,0.7623529411764707,0.978,1.0,0.0096633918505394,0.021248597371326006,0.34363732974062183,35.922077293290286,"['quote_volume_24h<50000', 'top_of_book_quote<5']",quote_volume_24h<50000; top_of_book_quote<5,False
nonkyc,XLM/BTC,XLM-BTC,XLM,BTC,True,active,2.441e-06,0.0408,16620.198,2.44e-06,2.457e-06,69.43026342658773,2.70352e-06,1e-09,0.001,,,market.getlist.priceDecimals/quantityDecimals,1775256146880.0,False,0.10495626822157435,0.7235294117647059,0.0,23.860830046304237,2.44e-06,2.457e-06,2.4485e-06,1.7000000000000007e-08,2.70352e-06,0.0037715637959999998,53,48,0.0,0.0,0.0,0.0,0.0,0.0,0.0,0.0,0.0,2.70352e-06,0.00625451987,2.70352e-06,2.70352e-06,0.037688461204000004,2.70352e-06,2.70352e-06,0.020436952942,2.70352e-06,0.00439175833,0.070788096528,0.00439175833,288,1775164800.0,1775256300.0,306,18.0,0.9411764705882353,0.0,25.301089154205243,18.14608406956964,0.0025974025974028116,-0.4394947879021878,9.3175754e-05,200,1.0252601896803955,0.0035935868,1.8421807421004827e-05,11.461551666259766,9.5114e-06,0.5,0.364410098788656,0.10495626822157435,0.037900874635568516,0.6941176470588235,0.03823529411764706,0.6425000000000001,0.9676470588235295,1.0,0.05194805194805623,0.0,0.35064935064935204,35.581696730640324,"['quote_volume_24h<50000', 'top_of_book_quote<5']",quote_volume_24h<50000; top_of_book_quote<5,False
nonkyc,PLS/USDT,PLS-USDT,PLS,USDT,True,active,7.36e-06,2.9231,372254.7455,7.31e-06,7.37e-06,81.74386920980848,0.03064877145,1e-08,0.0001,,,market.getlist.priceDecimals/quantityDecimals,1775254227265.0,False,0.20408163265306123,0.6323529411764706,0.0,27.033313325330134,7.31e-06,7.37e-06,7.34e-06,5.999999999999943e-08,0.041282526895,0.03064877145,41,122,0.0,0.0,0.0,0.0,0.0,0.0,0.0,0.0,0.0,0.041282526895,0.03064877145,0.03064877145,0.041282526895,0.03064877145,0.03064877145,0.041282526895,0.03064877145,0.03064877145,0.041282526895,0.12667869631,0.041282526895,288,1775068200.0,1775256000.0,627,339.0,0.45933014354066987,0.0,41.00303847011077,327.9958187267914,0.04037267080745354,-0.36553849924631865,0.014541998255,200,0.12257701628850552,3.1253016179,0.0019154507366191049,430.51814794540405,0.011769775100000001,0.46,0.50160383728436,0.20408163265306123,0.22157434402332363,0.6205882352941177,0.2235294117647059,0.10220588235294117,0.7026315789473685,1.0,0.8074534161490707,0.0,0.6024844720496902,35.324724221169355,"['quote_volume_24h<50000', 'top_of_book_quote<5', 'coverage_ratio<0.90']",quote_volume_24h<50000; top_of_book_quote<5; coverage_ratio<0.90,False
nonkyc,GHOST/XMR,GHOST-XMR,GHOST,XMR,True,active,5.923e-05,1.6187,27382.1013,5.874e-05,5.924e-05,84.76012883539674,0.003996140832000001,1e-08,0.0001,,,market.getlist.priceDecimals/quantityDecimals,1775254294391.0,False,0.1924198250728863,0.538235294117647,0.0,24.038972731949922,5.874e-05,5.924e-05,5.899e-05,5.000000000000054e-07,0.004244270448,0.003996140832000001,48,110,0.0,0.0,0.0,0.0,0.0,0.0,0.0,0.0,0.0,0.004244270448,0.003996140832000001,0.003996140832000001,0.004244270448,0.021020225769,0.004244270448,0.004244270448,0.021020225769,0.004244270448,0.004244270448,0.031578053049,0.004244270448,288,1775078400.0,1775256300.0,594,306.0,0.48484848484848486,0.0,17.328849009762035,66.23661260822247,0.02624291177634179,-0.474135497917207,0.001526495015,200,0.16202067432363013,0.41368128430000006,0.0003351246031867568,17.51022505760193,0.00142256825,0.52,0.2044457606171703,0.1924198250728863,0.16909620991253643,0.5323529411764706,0.17647058823529413,0.48470588235294115,0.7166666666666668,0.7774040841468363,0.5248582355268357,0.0,0.434087439891224,35.25342341852009,"['quote_volume_24h<50000', 'top_of_book_quote<5', 'coverage_ratio<0.90']",quote_volume_24h<50000; top_of_book_quote<5; coverage_ratio<0.90,False
nonkyc,BEAM/BTC,BEAM-BTC,BEAM,BTC,True,active,3.276e-07,0.0003,1214.357,3.275e-07,3.281e-07,18.303843807199275,2.88908455e-06,1e-10,0.0001,,,market.getlist.priceDecimals/quantityDecimals,1775253274370.0,False,0.03644314868804665,0.95,0.0,25.754373177842567,3.275e-07,3.281e-07,3.2779999999999996e-07,5.999999999999921e-10,0.00025237628149999997,2.88908455e-06,53,77,0.0,0.0,0.0,0.00025237628149999997,2.88908455e-06,2.88908455e-06,0.00025237628149999997,2.88908455e-06,2.88908455e-06,0.00025237628149999997,2.88908455e-06,2.88908455e-06,0.00031803939364999996,2.88908455e-06,2.88908455e-06,0.00025237628149999997,2.88908455e-06,2.88908455e-06,0.00025237628149999997,2.88908455e-06,2.88908455e-06,288,1775076300.0,1775255100.0,597,309.0,0.4824120603015075,0.0,34.965408952948025,129.77353033490473,0.07595731324544884,-0.2760244500348738,1.05897815e-06,200,0.14989962908182983,0.0003290264,2.4660467659064885e-07,1225.224633216858,9.3495e-07,0.565,1.9102768424627519,0.03644314868804665,0.043731778425655975,0.9441176470588235,0.04411764705882353,0.2160294117647059,0.7153266331658292,1.0,1.0,0.45513842123137593,0.8183794737437919,35.137508676710695,"['quote_volume_24h<50000', 'top_of_book_quote<5', 'coverage_ratio<0.90']",quote_volume_24h<50000; top_of_book_quote<5; coverage_ratio<0.90,False
nonkyc,BTCP/USDT,BTCP-USDT,BTCP,USDT,True,active,0.035945,2.7863,72.0493,0.035642,0.035946,84.9304352684804,0.0116788554,1e-06,0.0001,,,market.getlist.priceDecimals/quantityDecimals,1775254575620.0,False,0.19825072886297376,0.5,0.0,23.40379008746356,0.035642,0.035946,0.035794,0.0003039999999999987,0.011722653800000002,0.0116788554,31,71,0.0,0.0,0.0,0.0,0.0,0.0,0.0,0.0,0.0,0.011722653800000002,0.0116788554,0.0116788554,0.011722653800000002,0.0116788554,0.0116788554,0.011722653800000002,0.0116788554,0.0116788554,0.0420359338,0.0416605027,0.0416605027,288,1775079000.0,1775256300.0,592,304.0,0.4864864864864865,0.0,244.02751092069053,2316.0564975649304,0.0019321791000633927,-0.08032311852417397,0.004544121,200,0.14393425083405428,2.6806187061999998,0.0019291642262432441,59.55462622642517,0.0035685863,0.465,2.8732633966760637,0.19825072886297376,0.1924198250728863,0.49411764705882355,0.2,0.3538235294117647,0.7175675675675677,0.6233675828194675,0.03864358200126785,0.9366316983380318,0.5328809543862557,34.862663919589686,"['quote_volume_24h<50000', 'top_of_book_quote<5', 'coverage_ratio<0.90']",quote_volume_24h<50000; top_of_book_quote<5; coverage_ratio<0.90,False
nonkyc,MYT/USDT,MYT-USDT,MYT,USDT,True,active,0.002076,26.8788,13024.4237,0.002052,0.002077,121.09469605231219,0.18295586819999998,1e-06,0.0001,,,market.getlist.priceDecimals/quantityDecimals,1775253770040.0,False,0.3294460641399417,0.1029411764705882,0.0,20.6930629394615,0.002052,0.002077,0.0020645,2.499999999999985e-05,0.2095223328,0.18295586819999998,35,194,0.0,0.0,0.0,0.0,0.0,0.0,0.0,0.0,0.0,0.0,0.0,0.0,0.2095223328,0.18295586819999998,0.18295586819999998,0.2095223328,0.18295586819999998,0.18295586819999998,0.7327716153,0.6841223438,0.6841223438,288,1775080500.0,1775255700.0,585,297.0,0.49230769230769234,0.0,20.000531711503015,126.02417701716658,0.007906146391226632,-0.5043077845591378,0.068752899,200,0.13175635614614545,27.441887479500004,0.01807821550035726,816.3469803333282,0.05396392395,0.435,0.1651643908735929,0.3294460641399417,0.43440233236151604,0.11470588235294121,0.4852941176470588,0.10529411764705884,0.7207692307692308,1.0,0.15812292782453263,0.0,0.3860409759415109,34.64403072428458,"['quote_volume_24h<50000', 'spread_bps>120', 'top_of_book_quote<5', 'coverage_ratio<0.90']",quote_volume_24h<50000; spread_bps>120; top_of_book_quote<5; coverage_ratio<0.90,False
nonkyc,MOVEFIT/USDT,MOVEFIT-USDT,MOVEFIT,USDT,True,active,5.32e-06,0.9221,173498.2668,5.31e-06,5.32e-06,18.814675446848362,0.019471768938,1e-08,0.0001,,,market.getlist.priceDecimals/quantityDecimals,1775254439291.0,False,0.18658892128279883,0.9470588235294117,0.0,33.93886125878923,5.31e-06,5.32e-06,5.315e-06,9.999999999999904e-09,0.019471768938,0.521440227196,29,92,0.0,0.0,0.0,0.019471768938,0.521440227196,0.019471768938,0.019471768938,0.521440227196,0.019471768938,0.019471768938,0.521440227196,0.019471768938,0.019471768938,0.5328696836460001,0.019471768938,0.019471768938,0.521440227196,0.019471768938,0.019471768938,0.521440227196,0.019471768938,288,1775060400.0,1775256300.0,654,366.0,0.44036697247706424,0.0,2.7436863502132347,13.51097743275948,0.0,-0.5084816146562187,0.00618018282,200,0.1251034279557252,1.0523263221999999,0.0006582481511763048,125.92291140556335,0.0052997223,0.5,0.14582692951383483,0.18658892128279883,0.20408163265306123,0.9411764705882353,0.20588235294117646,0.19588235294117645,0.6922018348623854,0.0,0.0,0.0,0.0,34.538255700707545,"['quote_volume_24h<50000', 'top_of_book_quote<5', 'coverage_ratio<0.90', 'natr_bps_mean<12']",quote_volume_24h<50000; top_of_book_quote<5; coverage_ratio<0.90; natr_bps_mean<12,False
nonkyc,MRX/USDT,MRX-USDT,MRX,USDT,True,active,1.336e-05,16.9653,1267907.3249,1.335e-05,1.346e-05,82.05893323386844,0.034179961925999994,1e-08,0.0001,,,market.getlist.priceDecimals/quantityDecimals,1775254234570.0,False,0.29737609329446063,0.6176470588235294,0.0,31.796861601783572,1.335e-05,1.346e-05,1.3405e-05,1.1000000000000064e-07,0.044901588915,0.034179961925999994,43,68,0.0,0.0,0.0,0.0,0.0,0.0,0.0,0.0,0.0,0.044901588915,0.034179961925999994,0.034179961925999994,0.044901588915,0.034179961925999994,0.034179961925999994,0.044901588915,0.034179961925999994,0.034179961925999994,0.152717343555,0.134939851366,0.134939851366,288,1775073900.0,1775255400.0,606,318.0,0.4752475247524752,0.0,12.09256635109856,303.5247812432244,0.003239241092086973,-0.6495098497431249,0.01540283752,200,0.15009962487316464,16.774845165,0.012589489832859598,902.8294920921326,0.01111637055,0.485,0.1473644108513411,0.29737609329446063,0.22740524781341107,0.6058823529411765,0.22941176470588234,0.2358823529411765,0.7113861386138614,0.34104719592488,0.06478482184173945,0.0,0.1352773392555398,34.511765974029295,"['quote_volume_24h<50000', 'top_of_book_quote<5', 'coverage_ratio<0.90']",quote_volume_24h<50000; top_of_book_quote<5; coverage_ratio<0.90,False
nonkyc,ADA/BTC,ADA-BTC,ADA,BTC,True,active,3.678e-06,0.0224,6167.935,3.649e-06,3.679e-06,81.87772925764114,2.251548e-06,1e-09,0.001,,,market.getlist.priceDecimals/quantityDecimals,1775254412076.0,False,0.08746355685131195,0.6235294117647059,0.0,20.398730920939805,3.649e-06,3.679e-06,3.664e-06,2.999999999999971e-08,4.8750639999999996e-05,2.251548e-06,37,50,0.0,0.0,0.0,0.0,0.0,0.0,0.0,0.0,0.0,5.1256816e-05,2.251548e-06,2.251548e-06,5.1256816e-05,2.251548e-06,2.251548e-06,5.1256816e-05,2.251548e-06,2.251548e-06,5.7547423999999996e-05,4.4694651000000004e-05,4.4694651000000004e-05,288,1775142000.0,1775256300.0,382,94.0,0.7539267015706806,0.0,136.44764310466584,45.55158567380586,0.028706252457727018,-0.45510796730952036,0.000100177294,200,0.37412832776242144,0.010147857699999999,1.8983005158360058e-05,23.283968448638916,2.226425e-05,0.48,1.6664805477850015,0.08746355685131195,0.023323615160349854,0.611764705882353,0.014705882352941176,0.5467647058823529,0.8646596858638744,1.0,0.5741250491545403,0.33324027389250077,0.6357884410156803,34.03713775996345,"['quote_volume_24h<50000', 'top_of_book_quote<5', 'coverage_ratio<0.90']",quote_volume_24h<50000; top_of_book_quote<5; coverage_ratio<0.90,False
nonkyc,SLDX/USDT,SLDX-USDT,SLDX,USDT,True,active,0.00070151,19.6719,8560.5747,0.0007015,0.00070748,84.88410055501211,0.124273602116,1e-08,0.0001,,,market.getlist.priceDecimals/quantityDecimals,1775254289956.0,False,0.30612244897959184,0.5117647058823529,0.0,29.630852340936375,0.0007015,0.00070748,0.00070449,5.980000000000048e-06,0.1244134101,0.124273602116,37,92,0.0,0.0,0.0,0.0,0.0,0.0,0.0,0.0,0.0,0.1244134101,0.124273602116,0.124273602116,0.1244134101,0.124273602116,0.124273602116,0.1244134101,0.124273602116,0.124273602116,0.446500514475,0.44634854011400005,0.44634854011400005,288,1775065800.0,1775256300.0,636,348.0,0.4528301886792453,0.0,7498.37092034142,7601.2382903999605,4.588646564648862e-05,-0.01658656662050766,0.04640558801,200,0.12213331358044294,20.4837416556,0.01250873621462088,133.94422149658203,0.031740478700000005,0.47,88.33657741925225,0.30612244897959184,0.30903790087463556,0.5058823529411764,0.3352941176470588,0.1775,0.6990566037735849,0.0,0.0009177293129297723,0.0,0.00030590977097659077,33.42779251668382,"['quote_volume_24h<50000', 'top_of_book_quote<5', 'coverage_ratio<0.90', 'natr_bps_mean>400']",quote_volume_24h<50000; top_of_book_quote<5; coverage_ratio<0.90; natr_bps_mean>400,False
nonkyc,PIRATE/BTC,PIRATE-BTC,PIRATE,BTC,True,active,2.885e-07,0.0073,25748.8946,2.862e-07,2.886e-07,83.50730688935174,1.195955514e-05,1e-10,0.0001,,,market.getlist.priceDecimals/quantityDecimals,1775254356265.0,False,0.06997084548104957,0.5882352941176471,0.0,18.554278854398902,2.862e-07,2.886e-07,2.874e-07,2.3999999999999686e-09,1.3419574560000002e-05,1.195955514e-05,53,48,0.0,0.0,0.0,0.0,0.0,0.0,0.0,0.0,0.0,1.3419574560000002e-05,1.195955514e-05,1.195955514e-05,1.3419574560000002e-05,0.0007486426852,1.3419574560000002e-05,1.3419574560000002e-05,2.3892685199999998e-05,1.3419574560000002e-05,8.365045309000001e-05,0.00078149710574,8.365045309000001e-05,288,1775126100.0,1775256300.0,435,147.0,0.6620689655172414,0.0,20.5988556920978,41.65138762647535,0.11890660592255084,-0.2722253384466124,2.7376039650000002e-05,200,0.18108603451798147,0.002181145,1.974874493793613e-06,109.2933521270752,5.3502e-06,0.53,0.24667129691287434,0.06997084548104957,0.08454810495626822,0.5823529411764705,0.08529411764705883,0.41441176470588237,0.8141379310344827,1.0,1.0,0.0,0.6666666666666666,33.151249544152634,"['quote_volume_24h<50000', 'top_of_book_quote<5', 'coverage_ratio<0.90']",quote_volume_24h<50000; top_of_book_quote<5; coverage_ratio<0.90,False
nonkyc,TROLL/USDT,TROLL-USDT,TROLL,USDT,True,active,0.00024206,6.5498,26695.5014,0.00024205,0.00024412,85.15539831746037,0.117723110552,1e-08,0.0001,,,market.getlist.priceDecimals/quantityDecimals,1775254594912.0,False,0.22740524781341107,0.36764705882352944,0.0,21.698465100325844,0.00024205,0.00024412,0.00024308499999999998,2.0699999999999853e-06,0.119294996035,0.117723110552,49,184,0.0,0.0,0.0,0.0,0.0,0.0,0.0,0.0,0.0,0.119294996035,0.117723110552,0.117723110552,0.119294996035,0.117723110552,0.117723110552,0.119294996035,0.117723110552,0.117723110552,0.425969185549,0.42363372808799993,0.42363372808799993,288,1775077200.0,1775256300.0,598,310.0,0.4816053511705686,0.0,80.59795595432962,849.0256432185449,0.0006106617009566939,-0.5865732998049605,0.046306058415000004,200,0.1298710378428415,7.0918706211,0.00460514298904707,119.31077694892883,0.03350030515,0.485,0.9464808755148963,0.22740524781341107,0.2944606413994169,0.3647058823529412,0.3205882352941177,0.21823529411764703,0.7148829431438127,1.0,0.012213234019133878,0.0,0.3374044113397113,32.88863584975721,"['quote_volume_24h<50000', 'top_of_book_quote<5', 'coverage_ratio<0.90']",quote_volume_24h<50000; top_of_book_quote<5; coverage_ratio<0.90,False
nonkyc,TTC/USDT,TTC-USDT,TTC,USDT,True,active,3.59e-06,10.5431,2742700.4119,3.56e-06,3.6e-06,111.73184357541912,0.07953091704,1e-08,0.0001,,,market.getlist.priceDecimals/quantityDecimals,1775254275695.0,False,0.2653061224489796,0.1588235294117647,0.0,18.562424969987998,3.56e-06,3.6e-06,3.5799999999999996e-06,4.000000000000004e-08,0.130489460724,0.07953091704,32,42,0.0,0.0,0.0,0.0,0.0,0.0,0.0,0.0,0.0,0.0,0.0,0.0,0.130489460724,0.07953091704,0.07953091704,0.130489460724,0.07953091704,0.07953091704,0.34049807785700004,0.23714914232099998,0.23714914232099998,288,1775074800.0,1775256000.0,605,317.0,0.47603305785123967,0.0,2004.7687857873507,1561.7998580188917,0.039134054954204904,-0.182558309514858,0.03227617736,200,0.15150599228904973,7.68415456,0.005820977307576131,546.6102578639984,0.0275656455,0.385,17.94268063279677,0.2653061224489796,0.2594752186588921,0.1705882352941176,0.2647058823529412,0.26735294117647057,0.7118181818181819,0.0,0.782681099084098,1.0,0.5942270330280327,32.67259757806256,"['quote_volume_24h<50000', 'top_of_book_quote<5', 'coverage_ratio<0.90', 'natr_bps_mean>400']",quote_volume_24h<50000; top_of_book_quote<5; coverage_ratio<0.90; natr_bps_mean>400,False
nonkyc,SHIRO/USDT,SHIRO-USDT,SHIRO,USDT,True,active,2.99e-06,13.3289,2625277.8764,2.98e-06,3.01e-06,100.16694490818075,0.109653052355,1e-08,0.0001,,,market.getlist.priceDecimals/quantityDecimals,1775254358861.0,False,0.27696793002915454,0.22205882352941175,0.0,20.784706739838796,2.98e-06,3.01e-06,2.995e-06,3.0000000000000136e-08,0.19919257716599997,0.109653052355,33,58,0.0,0.0,0.0,0.0,0.0,0.0,0.0,0.0,0.0,0.0,0.0,0.0,0.19919257716599997,0.109653052355,0.109653052355,0.19919257716599997,0.109653052355,0.109653052355,0.61122841482,0.418943343955,0.418943343955,288,1775074500.0,1775256300.0,607,319.0,0.4744645799011532,0.0,1705.939190436446,4697.131718821286,3.4154171932101164e-05,-0.041368446576017466,0.048420858330000004,200,0.13930276967129424,12.566316754499997,0.008752613642343194,51.59766364097595,0.0386468777,0.53,17.030959584523778,0.27696793002915454,0.2857142857142857,0.21323529411764708,0.3058823529411765,0.3275,0.7109555189456342,0.0,0.0006830834386420232,1.0,0.33356102781288066,32.59550503198234,"['quote_volume_24h<50000', 'top_of_book_quote<5', 'coverage_ratio<0.90', 'natr_bps_mean>400']",quote_volume_24h<50000; top_of_book_quote<5; coverage_ratio<0.90; natr_bps_mean>400,False
nonkyc,PHIL/USDT,PHIL-USDT,PHIL,USDT,True,active,5.984e-11,8.7499,146697821928.6121,5.934e-11,5.985e-11,85.57764913163965,0.15192952873408772,1e-14,0.0001,,,market.getlist.priceDecimals/quantityDecimals,1775253283132.0,False,0.24489795918367346,0.33235294117647063,0.0,21.77821128451381,5.934e-11,5.985e-11,5.9595e-11,5.100000000000065e-13,0.15879153663609386,0.15192952873408772,35,39,0.0,0.0,0.0,0.0,0.0,0.0,0.0,0.0,0.0,0.15879153663609386,0.15192952873408772,0.15192952873408772,0.15879153663609386,0.15192952873408772,0.15192952873408772,0.15879153663609386,0.15192952873408772,0.15192952873408772,0.5606781678131507,0.548209344726508,0.548209344726508,288,1775064300.0,1775255400.0,638,350.0,0.45141065830721006,0.0,34.54441345358024,1936.2800345482754,0.0,-0.08216602946117818,0.05866623175643933,200,0.12866371675810576,9.4647994571,0.006088881382602938,1072.5252227783203,0.049570402050000004,0.49,0.403661631326684,0.24489795918367346,0.34110787172011664,0.3294117647058824,0.38235294117647056,0.07382352941176473,0.6982758620689655,1.0,0.0,0.0,0.3333333333333333,32.23109452648054,"['quote_volume_24h<50000', 'top_of_book_quote<5', 'coverage_ratio<0.90']",quote_volume_24h<50000; top_of_book_quote<5; coverage_ratio<0.90,False
nonkyc,FSN/USDT,FSN-USDT,FSN,USDT,True,active,0.000367,0.6077,1714.1352,0.000365,0.000368,81.85538881309738,0.0088641264,1e-06,0.0001,,,market.getlist.priceDecimals/quantityDecimals,1775253849864.0,False,0.17784256559766765,0.6264705882352941,0.0,25.443105813754073,0.000365,0.000368,0.00036649999999999996,3.0000000000000187e-06,0.012134534499999999,0.0088641264,31,53,0.0,0.0,0.0,0.0,0.0,0.0,0.0,0.0,0.0,0.012134534499999999,0.0088641264,0.0088641264,0.012134534499999999,0.0088641264,0.0088641264,0.012134534499999999,0.0088641264,0.0088641264,0.012134534499999999,0.0368987904,0.012134534499999999,288,1775070600.0,1775256300.0,620,332.0,0.4645161290322581,0.0,86.79688893165863,2279.4125985403707,0.0,-0.3120629375271402,0.004023054,200,0.13502522490618396,0.6218784513,0.00041984638875545933,242.5048930644989,0.0031134522,0.52,1.0603686597817563,0.17784256559766765,0.17784256559766765,0.6147058823529412,0.18529411764705883,0.20808823529411763,0.705483870967742,1.0,0.0,0.03018432989087816,0.3433947766302927,32.128565244630664,"['quote_volume_24h<50000', 'top_of_book_quote<5', 'coverage_ratio<0.90']",quote_volume_24h<50000; top_of_book_quote<5; coverage_ratio<0.90,False
nonkyc,ESH/USDT,ESH-USDT,ESH,USDT,True,active,5.449e-05,5.043,77961.6486,5.404e-05,5.45e-05,84.76137829371766,0.07867900130000001,1e-08,0.0001,,,market.getlist.priceDecimals/quantityDecimals,1775254153874.0,False,0.22157434402332363,0.5352941176470588,0.0,25.568941862459273,5.404e-05,5.45e-05,5.427e-05,4.6000000000000576e-07,0.07897032183599999,0.07867900130000001,30,39,0.0,0.0,0.0,0.0,0.0,0.0,0.0,0.0,0.0,0.07897032183599999,0.07867900130000001,0.07867900130000001,0.07897032183599999,0.07867900130000001,0.07867900130000001,0.07897032183599999,0.07867900130000001,0.07867900130000001,0.28446481582,0.281000381281,0.281000381281,288,1775066700.0,1775255400.0,630,342.0,0.45714285714285713,0.0,1663.7440197538554,4490.066281933565,0.00030344479872273193,-0.01748706904687011,0.030416915600000004,200,0.12107981033200232,5.6224832496,0.0034038460272821404,1054.0103220939636,0.0236653655,0.515,19.6285625982697,0.22157434402332363,0.2536443148688047,0.5294117647058824,0.25882352941176473,0.04808823529411767,0.7014285714285715,0.0,0.006068895974454638,1.0,0.33535629865815153,31.876754548920736,"['quote_volume_24h<50000', 'top_of_book_quote<5', 'coverage_ratio<0.90', 'natr_bps_mean>400']",quote_volume_24h<50000; top_of_book_quote<5; coverage_ratio<0.90; natr_bps_mean>400,False
nonkyc,NIR/USDT,NIR-USDT,NIR,USDT,True,active,0.002721,0.6013,221.2772,0.0027,0.002722,81.15086683880445,0.010033019800000001,1e-06,0.0001,,,market.getlist.priceDecimals/quantityDecimals,1775254169094.0,False,0.1749271137026239,0.6441176470588235,0.0,25.723932430114903,0.0027,0.002722,0.002711,2.1999999999999884e-05,3.1014846000000005,0.010033019800000001,42,116,0.0,0.0,0.0,0.0,0.0,0.0,0.0,0.0,0.0,3.1119154253000003,0.010033019800000001,0.010033019800000001,3.1119154253000003,0.010033019800000001,0.010033019800000001,3.1119154253000003,0.010033019800000001,0.010033019800000001,3.1385918134000006,0.0358511548,0.0358511548,288,1775078700.0,1775255700.0,591,303.0,0.4873096446700508,0.0,18.282707554723387,116.01606215500594,0.005055611729019212,-0.36891422814560854,0.0041046,200,0.13456709680847947,0.6276214297,0.00042228596844758097,731.307276725769,0.0032206724,0.45,0.225292819003888,0.1749271137026239,0.18658892128279883,0.6294117647058823,0.19411764705882353,0.13132352941176473,0.718020304568528,0.856892296226949,0.10111223458038424,0.0,0.3193348436024444,31.50299240093456,"['quote_volume_24h<50000', 'top_of_book_quote<5', 'coverage_ratio<0.90']",quote_volume_24h<50000; top_of_book_quote<5; coverage_ratio<0.90,False
nonkyc,SHERMIE/USDT,SHERMIE-USDT,SHERMIE,USDT,True,active,1.727e-05,8.413,476507.3437,1.726e-05,1.741e-05,86.53014133256431,0.13248114255500001,1e-08,0.0001,,,market.getlist.priceDecimals/quantityDecimals,1775253671652.0,False,0.23615160349854228,0.31470588235294117,0.0,20.855985251243357,1.726e-05,1.741e-05,1.7335000000000003e-05,1.5000000000000026e-07,0.162370237914,0.13248114255500001,28,57,0.0,0.0,0.0,0.0,0.0,0.0,0.0,0.0,0.0,0.162370237914,0.13248114255500001,0.13248114255500001,0.162370237914,0.13248114255500001,0.13248114255500001,0.162370237914,0.13248114255500001,0.13248114255500001,0.5553856905,0.506332017755,0.506332017755,288,1775071800.0,1775256300.0,616,328.0,0.4675324675324675,0.0,16.186181765685692,1495.9616057908893,0.0,-0.35776943901219016,0.054442862635,200,0.12953187644005637,8.7437477099,0.005662970239908962,178.56892800331116,0.0452515758,0.505,0.18705830727210734,0.23615160349854228,0.3177842565597668,0.31176470588235294,0.34411764705882353,0.1866176470588235,0.7071428571428572,0.682181813807141,0.0,0.0,0.2273939379357137,31.349279801240176,"['quote_volume_24h<50000', 'top_of_book_quote<5', 'coverage_ratio<0.90']",quote_volume_24h<50000; top_of_book_quote<5; coverage_ratio<0.90,False
nonkyc,COMET/USDT,COMET-USDT,COMET,USDT,True,active,1.543265e-06,2.2955,1459541.0,1.530204e-06,1.543266e-06,84.99838944255148,0.043967351532,1e-12,1.0,,,market.getlist.priceDecimals/quantityDecimals,1775254171872.0,False,0.19533527696793002,0.47352941176470587,0.0,22.5816755273538,1.530204e-06,1.543266e-06,1.536735e-06,1.3061999999999935e-08,0.043967351532,0.044054071236,33,200,0.0,0.0,0.0,0.0,0.0,0.0,0.0,0.0,0.0,0.043967351532,0.044054071236,0.043967351532,0.043967351532,0.044054071236,0.043967351532,0.043967351532,0.044054071236,0.043967351532,0.157811322003,0.158033850756,0.157811322003,288,1775086800.0,1775256300.0,566,278.0,0.508833922261484,0.0,71.33437377763148,1529.954747699539,0.0010135927258803962,-0.2580578462760245,0.015509816663000001,200,0.1279795997105194,2.5442028628999998,0.001628030319881497,297.1714608669281,0.012211097850000002,0.51,0.8392438285650671,0.19533527696793002,0.23615160349854228,0.4676470588235294,0.23823529411764705,0.14323529411764704,0.7298586572438163,1.0,0.02027185451760792,0.0,0.340090618172536,31.2176302948941,"['quote_volume_24h<50000', 'top_of_book_quote<5', 'coverage_ratio<0.90']",quote_volume_24h<50000; top_of_book_quote<5; coverage_ratio<0.90,False
nonkyc,AI/USDT,AI-USDT,AI,USDT,True,active,0.000795,8.6143,10542.3498,0.000794,0.000801,87.7742946708458,0.12458810069999998,1e-06,0.0001,,,market.getlist.priceDecimals/quantityDecimals,1775253629399.0,False,0.239067055393586,0.2852941176470588,0.0,20.2810409878237,0.000794,0.000801,0.0007975,6.999999999999953e-06,0.1874103608,0.12458810069999998,30,34,0.0,0.0,0.0,0.0,0.0,0.0,0.0,0.0,0.0,0.1874103608,0.12458810069999998,0.12458810069999998,0.1874103608,0.12458810069999998,0.12458810069999998,0.1874103608,0.12458810069999998,0.12458810069999998,0.5886458407999999,0.4815796566,0.4815796566,288,1775070600.0,1775256000.0,619,331.0,0.46526655896607433,0.0,594.6091399433418,2858.6590567707244,0.00046654847438649,-0.07268343543058924,0.055161099000000005,200,0.13154653528302002,9.0865621226,0.0059765288243097715,595.2041819095612,0.045208261,0.44,6.77429698721169,0.239067055393586,0.3119533527696793,0.2823529411764706,0.3382352941176471,0.11470588235294119,0.7058966074313409,0.0,0.009330969487729799,1.0,0.3364436564959099,31.00007902411216,"['quote_volume_24h<50000', 'top_of_book_quote<5', 'coverage_ratio<0.90', 'natr_bps_mean>400']",quote_volume_24h<50000; top_of_book_quote<5; coverage_ratio<0.90; natr_bps_mean>400,False
nonkyc,XDAG/BNB,XDAG-BNB,XDAG,BNB,True,active,2.27e-06,0.4661,45413.1319,2.27e-06,2.28e-06,43.9560439560454,1.5588816000000003e-05,1e-08,0.0001,,,market.getlist.priceDecimals/quantityDecimals,1775254213015.0,False,0.16326530612244897,0.8470588235294118,0.0,30.15606242496999,2.27e-06,2.28e-06,2.2750000000000002e-06,1.0000000000000328e-08,0.0007605725799999999,1.5588816000000003e-05,22,33,0.0,0.0,0.0,0.0,0.0,0.0,0.0007605725799999999,1.5588816000000003e-05,1.5588816000000003e-05,0.0007605725799999999,1.5588816000000003e-05,1.5588816000000003e-05,0.0007605725799999999,1.5588816000000003e-05,1.5588816000000003e-05,0.0007605725799999999,1.5588816000000003e-05,1.5588816000000003e-05,0.0007605725799999999,1.5588816000000003e-05,1.5588816000000003e-05,288,1775084700.0,1775256300.0,573,285.0,0.5026178010471204,0.0,40005.095275118736,10876.774922190129,4.038885143427026e-05,-0.012756841725487177,0.00029641923999999993,200,0.14971157503668267,0.0570669198,4.271789222875026e-05,216.4179847240448,0.0002644415,0.465,910.1159175089214,0.16326530612244897,0.08746355685131195,0.8411764705882353,0.09117647058823529,0.3091176470588235,0.7264397905759162,0.0,0.0008077770286854053,0.0,0.00026925900956180175,30.83237603864332,"['quote_volume_24h<50000', 'top_of_book_quote<5', 'coverage_ratio<0.90', 'natr_bps_mean>400']",quote_volume_24h<50000; top_of_book_quote<5; coverage_ratio<0.90; natr_bps_mean>400,False
nonkyc,KLS/USDT,KLS-USDT,KLS,USDT,True,active,1.959e-05,1.3289,68116.7389,1.943e-05,1.96e-05,87.11247758134772,0.02482102448,1e-08,0.0001,,,market.getlist.priceDecimals/quantityDecimals,1775254367347.0,False,0.18950437317784258,0.2970588235294118,0.0,17.84921111301664,1.943e-05,1.96e-05,1.9515e-05,1.7000000000000007e-07,0.027801308634999997,0.02482102448,38,200,0.0,0.0,0.0,0.0,0.0,0.0,0.0,0.0,0.0,0.027801308634999997,0.02482102448,0.02482102448,0.027801308634999997,0.02482102448,0.02482102448,0.027801308634999997,0.02482102448,0.02482102448,0.095872575644,0.08987330058,0.08987330058,288,1775059800.0,1775256300.0,656,368.0,0.43902439024390244,0.0,95.15223985888673,506.1486854781389,0.22453222453222416,0.37026727120231534,0.010590795359999999,200,0.12039960508548476,2.7196326042,0.0016372134576164423,134.40997672080994,0.0081341085,0.51,1.09229174167422,0.18950437317784258,0.20699708454810495,0.2941176470588235,0.2088235294117647,0.16691176470588237,0.6914634146341464,1.0,1.0,0.04614587083710997,0.6820486236123701,30.80257879440137,"['quote_volume_24h<50000', 'top_of_book_quote<5', 'coverage_ratio<0.90']",quote_volume_24h<50000; top_of_book_quote<5; coverage_ratio<0.90,False
nonkyc,XEQ/BTC,XEQ-BTC,XEQ,BTC,True,active,1.805e-07,0.0045,24355.5759,1.792e-07,1.806e-07,77.82101167315172,3.67899392e-06,1e-10,0.0001,,,market.getlist.priceDecimals/quantityDecimals,1775254366090.0,False,0.061224489795918366,0.6647058823529413,0.0,19.984993997599044,1.792e-07,1.806e-07,1.799e-07,1.3999999999999993e-09,3.67899392e-06,1.1934824579999999e-05,88,200,0.0,0.0,0.0,0.0,0.0,0.0,0.0,0.0,0.0,3.67899392e-06,1.5379291839999998e-05,3.67899392e-06,3.67899392e-06,1.5379291839999998e-05,3.67899392e-06,3.67899392e-06,1.5379291839999998e-05,3.67899392e-06,1.317147388e-05,2.440844186e-05,1.317147388e-05,288,1775081400.0,1775256000.0,583,295.0,0.4939965694682676,0.0,52.55714643201764,201.7451259838992,0.03263041065482797,-0.4435311014117796,1.4914496500000001e-06,200,0.1833730463324242,0.0032122914999999997,2.945238390313762e-06,423.7611036300659,1.51795e-06,0.525,0.6753593316514269,0.061224489795918366,0.052478134110787174,0.6470588235294117,0.05588235294117647,0.32985294117647057,0.7216981132075473,1.0,0.6526082130965594,0.0,0.5508694043655198,30.002860907166102,"['quote_volume_24h<50000', 'top_of_book_quote<5', 'coverage_ratio<0.90']",quote_volume_24h<50000; top_of_book_quote<5; coverage_ratio<0.90,False
nonkyc,GHOST/USDT,GHOST-USDT,GHOST,USDT,True,active,0.019292,19.9296,1016.3495,0.019291,0.019526,121.08096967823508,0.028226785600000002,1e-06,0.0001,,,market.getlist.priceDecimals/quantityDecimals,1775254535847.0,False,0.3119533527696793,0.10588235294117643,0.0,19.804493225861773,0.019291,0.019526,0.019408500000000002,0.00023500000000000257,0.028436863099999998,0.028226785600000002,53,186,0.0,0.0,0.0,0.0,0.0,0.0,0.0,0.0,0.0,0.0,0.0,0.0,0.028436863099999998,0.028226785600000002,0.028226785600000002,0.028436863099999998,0.028226785600000002,0.028226785600000002,0.1032653323,0.1011130431,0.1011130431,288,1775061900.0,1775256000.0,648,360.0,0.4444444444444444,0.0,22.535648061886793,109.53006866832102,0.03516861043305293,-0.37253050029972,0.011049528,200,0.13862424013262895,10.301260319999999,0.0071400219213420095,533.0897169113159,0.0093334245,0.445,0.18612047889750002,0.3119533527696793,0.2099125364431487,0.11764705882352944,0.21176470588235294,0.17470588235294118,0.6944444444444444,1.0,0.7033722086610585,0.0,0.5677907362203528,29.98042417845384,"['quote_volume_24h<50000', 'spread_bps>120', 'top_of_book_quote<5', 'coverage_ratio<0.90']",quote_volume_24h<50000; spread_bps>120; top_of_book_quote<5; coverage_ratio<0.90,False
nonkyc,DFAT/USDT,DFAT-USDT,DFAT,USDT,True,active,4.76e-08,4.2442,71646459.0,4.75e-08,4.79e-08,83.85744234800775,0.0651079313,1e-10,1.0,,,market.getlist.priceDecimals/quantityDecimals,1775254614340.0,False,0.21282798833819241,0.5823529411764705,0.0,26.26436288801235,4.75e-08,4.79e-08,4.77e-08,3.9999999999999696e-10,0.0682556,0.0651079313,32,41,0.0,0.0,0.0,0.0,0.0,0.0,0.0,0.0,0.0,0.0682556,0.0651079313,0.0651079313,0.0682556,0.0651079313,0.0651079313,0.0682556,0.0651079313,0.0651079313,0.26810564550000004,0.23191344930000002,0.23191344930000002,288,1775078700.0,1775255700.0,591,303.0,0.4873096446700508,0.0,7.8747495732070245,4995.117395050869,0.0,-0.04184726406581794,0.0265496018,200,0.12993396063133955,4.6749086446,0.003037146978912827,582.5995948314667,0.019820548299999997,0.435,0.09390638866049447,0.21282798833819241,0.25072886297376096,0.5764705882352941,0.25588235294117645,0.11102941176470589,0.718020304568528,0.0,0.0,0.0,0.0,29.905593201747706,"['quote_volume_24h<50000', 'top_of_book_quote<5', 'coverage_ratio<0.90', 'natr_bps_mean<12']",quote_volume_24h<50000; top_of_book_quote<5; coverage_ratio<0.90; natr_bps_mean<12,False
nonkyc,BELLS/BTC,BELLS-BTC,BELLS,BTC,True,active,7.55e-07,0.146,194313.2047,7.48e-07,7.56e-07,106.3829787234052,2.1638892e-06,1e-09,0.0001,,,market.getlist.priceDecimals/quantityDecimals,1775254664935.0,False,0.13702623906705538,0.18529411764705883,0.0,12.168796089864516,7.48e-07,7.56e-07,7.52e-07,8.000000000000072e-09,2.1638892e-06,1.139481e-05,40,56,0.0,0.0,0.0,0.0,0.0,0.0,0.0,0.0,0.0,0.0,0.0,0.0,2.1638892e-06,1.139481e-05,2.1638892e-06,2.1638892e-06,2.9175238000000002e-05,2.1638892e-06,7.2974266e-06,3.37460188e-05,7.2974266e-06,288,1775078100.0,1775256600.0,596,308.0,0.48322147651006714,0.0,50.63859756846253,45.98748936149242,0.058614564831261436,-0.5201925749559546,0.0007019337990000001,200,1.4469494085881047,0.019999985900000003,0.0001446948388488772,4.064215898513794,9.99999e-05,0.48,0.47600281714354353,0.13702623906705538,0.01749271137026239,0.18823529411764706,0.008823529411764706,0.7557352941176472,0.715771812080537,1.0,1.0,0.0,0.6666666666666666,29.614045223074854,"['quote_volume_24h<50000', 'top_of_book_quote<5', 'coverage_ratio<0.90']",quote_volume_24h<50000; top_of_book_quote<5; coverage_ratio<0.90,False
nonkyc,CRV/ETH,CRV-ETH,CRV,ETH,True,active,0.00010236,0.3989,3911.919,0.00010177,0.00010299,119.16389919906283,7.487373e-05,1e-08,0.001,,,market.getlist.priceDecimals/quantityDecimals,1775256198361.0,False,0.15451895043731778,0.10882352941176465,0.0,11.219130509346595,0.00010177,0.00010299,0.00010238,1.2200000000000053e-06,7.714166e-05,7.487373e-05,48,51,0.0,0.0,0.0,0.0,0.0,0.0,0.0,0.0,0.0,0.0,0.0,0.0,7.714166e-05,1.4283726644199999,7.714166e-05,7.714166e-05,1.4283726644199999,7.714166e-05,6.2662424037,5.93185065383,5.93185065383,288,1775145000.0,1775256600.0,373,85.0,0.7721179624664879,0.0,31.357289254299456,31.055753117544814,0.024659550975340526,-0.46795556770215574,0.00080986444,200,1.1094483767087016,0.0462044092,0.00025630703391862295,53.8899405002594,0.00013510705,0.57,0.2631442027750135,0.15451895043731778,0.10787172011661808,0.12352941176470589,0.11470588235294117,0.5835294117647059,0.8746648793565683,1.0,0.4931910195068105,0.0,0.4977303398356035,29.486311992984998,"['quote_volume_24h<50000', 'top_of_book_quote<5', 'coverage_ratio<0.90']",quote_volume_24h<50000; top_of_book_quote<5; coverage_ratio<0.90,False
nonkyc,RSN/USDT,RSN-USDT,RSN,USDT,True,active,0.009969,4.7982,347.932,0.009885,0.00997,85.62075044069506,0.057716329999999996,1e-06,0.001,,,market.getlist.priceDecimals/quantityDecimals,1775254579950.0,False,0.21574344023323616,0.3294117647058824,0.0,20.10118333047505,0.009885,0.00997,0.009927499999999999,8.5e-05,0.05909253,0.057716329999999996,30,29,0.0,0.0,0.0,0.0,0.0,0.0,0.0,0.0,0.0,0.05909253,0.057716329999999996,0.057716329999999996,0.05909253,0.057716329999999996,0.057716329999999996,0.05909253,0.057716329999999996,0.057716329999999996,0.05909253,0.207601139,0.05909253,288,1775068800.0,1775256300.0,626,338.0,0.46006389776357826,0.0,3915.731571816815,9321.279606309858,0.00029196841840911723,-0.009450357191278654,0.0227909025,200,0.1410026557850691,4.598735550000001,0.003242169629016053,143.31046986579895,0.0175471705,0.535,45.73344138730756,0.21574344023323616,0.24489795918367346,0.32647058823529407,0.24705882352941178,0.2869117647058823,0.703035143769968,0.0,0.005839368368182344,0.4076159603626412,0.1378184429102745,29.127278792544153,"['quote_volume_24h<50000', 'top_of_book_quote<5', 'coverage_ratio<0.90', 'natr_bps_mean>400']",quote_volume_24h<50000; top_of_book_quote<5; coverage_ratio<0.90; natr_bps_mean>400,False
nonkyc,PEPEW/BNB,PEPEW-BNB,PEPEW,BNB,True,active,5.01e-10,0.0158,32239056.98,5e-10,5.04e-10,79.68127490039812,0.00016510768848,1e-12,0.01,,,market.getlist.priceDecimals/quantityDecimals,1775254669429.0,False,0.08017492711370262,0.6558823529411765,0.0,20.80667981478306,5e-10,5.04e-10,5.02e-10,3.999999999999986e-12,0.00020819212500000002,0.00016510768848,35,127,0.0,0.0,0.0,0.0,0.0,0.0,0.0,0.0,0.0,0.00020819212500000002,0.00016510768848,0.00016510768848,0.00020819212500000002,0.00016510768848,0.00016510768848,0.00020819212500000002,0.00016510768848,0.00016510768848,0.00020819212500000002,0.00054298119029,0.00020819212500000002,288,1775068500.0,1775256000.0,626,338.0,0.46006389776357826,0.0,14.08164522747042,97.49131560218797,0.02925989672977638,-0.542416758745385,7.3689714595e-05,200,0.13934375108235852,0.015931272399999998,1.1099616278654241e-05,494.9068205356598,6.360755e-05,0.5,0.1767246476047544,0.08017492711370262,0.12536443148688048,0.638235294117647,0.13823529411764707,0.19338235294117645,0.703035143769968,0.5068037689558683,0.5851979345955275,0.0,0.36400056785046525,28.740079290788458,"['quote_volume_24h<50000', 'top_of_book_quote<5', 'coverage_ratio<0.90']",quote_volume_24h<50000; top_of_book_quote<5; coverage_ratio<0.90,False
nonkyc,XMR/BTC,XMR-BTC,XMR,BTC,True,active,0.004769,0.024,4.9837,0.004751,0.00477,44.122281752285296,2.862e-06,1e-06,0.0001,,,market.getlist.priceDecimals/quantityDecimals,1775254454088.0,False,0.09329446064139942,0.8647058823529412,0.0,26.748842394100496,0.004749,0.00477,0.0047595,2.1000000000000185e-05,0.0033219255,2.862e-06,63,69,0.0,0.0,0.0,0.0,0.0,0.0,0.0033219255,2.862e-06,2.862e-06,0.0080140944,2.862e-06,2.862e-06,0.0108989146,1.0535600000000001e-05,1.0535600000000001e-05,0.0080140944,2.862e-06,2.862e-06,0.0108989146,1.0535600000000001e-05,1.0535600000000001e-05,287,1775091600.0,1775254200.0,543,256.0,0.5285451197053407,0.7003484320557491,9.88097971475592,30.92282891270903,0.06196917269581629,-0.2705400033388868,0.0,200,0.22049122726035636,0.0225429959,2.485266416058091e-05,2109.80775475502,2.4407500000000003e-06,0.505,0.22394534739228755,0.09329446064139942,0.04081632653061224,0.8382352941176471,0.041176470588235294,0.29485294117647065,0.4255430214128503,0.15674830956299335,1.0,0.0,0.3855827698543311,28.446063263383532,"['quote_volume_24h<50000', 'top_of_book_quote<5', 'coverage_ratio<0.90', 'zero_volume_fraction>0.30', 'natr_bps_mean<12']",quote_volume_24h<50000; top_of_book_quote<5; coverage_ratio<0.90; zero_volume_fraction>0.30; natr_bps_mean<12,False
nonkyc,OSAK/ETH,OSAK-ETH,OSAK,ETH,True,active,1.77e-11,0.092,4758724099.5698,1.769e-11,1.784e-11,84.43568815085887,4.1832849154968e-05,1e-14,0.0001,,,market.getlist.priceDecimals/quantityDecimals,1775254384123.0,False,0.119533527696793,0.5647058823529412,0.0,20.691991082147144,1.769e-11,1.784e-11,1.7765e-11,1.5000000000000077e-13,4.9005537476752e-05,4.1832849154968e-05,26,40,0.0,0.0,0.0,0.0,0.0,0.0,0.0,0.0,0.0,4.9005537476752e-05,4.1832849154968e-05,4.1832849154968e-05,4.9005537476752e-05,4.1832849154968e-05,4.1832849154968e-05,4.9005537476752e-05,4.1832849154968e-05,4.1832849154968e-05,0.00017007600827726198,0.00015699593259418802,0.00015699593259418802,288,1775070600.0,1775256300.0,620,332.0,0.4645161290322581,0.0,342.29321022977877,5669.391289243924,0.00182390979936993,-0.004633527275013274,1.6787327952275e-05,200,0.13809004596429839,0.0046855687,3.2351519857593893e-06,157.53929352760315,1.4770800000000001e-05,0.525,4.053892586487993,0.119533527696793,0.09912536443148688,0.5588235294117647,0.10294117647058823,0.24941176470588233,0.705483870967742,0.045334057471889615,0.0364781959873986,1.0,0.3606040844864294,28.269838566718015,"['quote_volume_24h<50000', 'top_of_book_quote<5', 'coverage_ratio<0.90']",quote_volume_24h<50000; top_of_book_quote<5; coverage_ratio<0.90,False
nonkyc,ALIAS/XMR,ALIAS-XMR,ALIAS,XMR,True,active,0.00013531,0.0782,568.1027,0.0001353,0.00013645,84.63661453541864,0.0015190023350000002,1e-08,0.0001,,,market.getlist.priceDecimals/quantityDecimals,1775254430795.0,False,0.11661807580174927,0.5529411764705883,0.0,20.237523580860916,0.0001353,0.00013645,0.000135875,1.1500000000000008e-06,0.0015553005600000003,0.0015190023350000002,42,36,0.0,0.0,0.0,0.0,0.0,0.0,0.0,0.0,0.0,0.0015553005600000003,0.0015190023350000002,0.0015190023350000002,0.0015553005600000003,0.0015190023350000002,0.0015190023350000002,0.0015553005600000003,0.0015190023350000002,0.0015190023350000002,0.006959914219,0.005478904475000001,0.005478904475000001,288,1775062800.0,1775256300.0,646,358.0,0.4458204334365325,0.0,30.7664986653213,644.4436810814396,0.0030888517666340823,-0.3808915101103367,0.00054874012,200,0.12102458933254118,0.0921762113,5.577794059406021e-05,268.9380280971527,0.00046394095000000003,0.49,0.36351287010004596,0.11661807580174927,0.15743440233236153,0.5470588235294118,0.1676470588235294,0.1264705882352941,0.695201238390093,1.0,0.06177703533268164,0.0,0.35392567844422723,28.050555740114767,"['quote_volume_24h<50000', 'top_of_book_quote<5', 'coverage_ratio<0.90']",quote_volume_24h<50000; top_of_book_quote<5; coverage_ratio<0.90,False
nonkyc,YEC/BTC,YEC-BTC,YEC,BTC,True,active,2.072e-06,0.0025,1241.5194,2.07e-06,2.091e-06,96.10764055742338,6.5216199e-06,1e-09,0.0001,,,market.getlist.priceDecimals/quantityDecimals,1775255599152.0,False,0.04956268221574344,0.2147058823529412,0.0,8.09359458068942,2.071e-06,2.091e-06,2.081e-06,1.999999999999981e-08,7.000000710000001e-05,6.5216199e-06,62,103,0.0,0.0,0.0,0.0,0.0,0.0,0.0,0.0,0.0,7.000000710000001e-05,6.5216199e-06,6.5216199e-06,0.0002828206595,6.5216199e-06,6.5216199e-06,0.0002828206595,6.5216199e-06,6.5216199e-06,0.0007073414317,2.51548308e-05,2.51548308e-05,288,1775081400.0,1775256600.0,585,297.0,0.49230769230769234,0.0,47.264777751166825,364.2404827071738,0.110728628800918,0.008244799513897904,2.779349e-06,200,0.1981091897617625,0.0014457207,1.4320527824940405e-06,12.10358452796936,3.19325e-06,0.575,0.4917900125008956,0.04956268221574344,0.07580174927113703,0.23235294117647054,0.07941176470588235,0.5417647058823529,0.7207692307692308,1.0,1.0,0.0,0.6666666666666666,27.43401598001838,"['quote_volume_24h<50000', 'top_of_book_quote<5', 'coverage_ratio<0.90']",quote_volume_24h<50000; top_of_book_quote<5; coverage_ratio<0.90,False
nonkyc,BABYPEPE/ETH,BABYPEPE-ETH,BABYPEPE,ETH,True,active,5.09e-10,0.0158,17786928.3083,5.06e-10,5.1e-10,78.74015748031468,0.00011061846087899999,1e-12,0.0001,,,market.getlist.priceDecimals/quantityDecimals,1775254041415.0,False,0.08017492711370262,0.6617647058823529,0.0,20.95373863831247,5.06e-10,5.1e-10,5.08e-10,3.999999999999986e-12,0.0002052477512008,0.00011061846087899999,26,56,0.0,0.0,0.0,0.0,0.0,0.0,0.0,0.0,0.0,0.0002052477512008,0.00011061846087899999,0.00011061846087899999,0.0002052477512008,0.00011061846087899999,0.00011061846087899999,0.0002052477512008,0.00011061846087899999,0.00011061846087899999,0.0006791278080008,0.0005061056196895,0.0005061056196895,288,1775079300.0,1775255100.0,587,299.0,0.4906303236797274,0.0,457.00525576830165,7980.196439533251,0.00014664906877841276,-0.003916516807864148,5.7430307374499995e-05,200,0.13225314402376548,0.0164696978,1.0890846575856467e-05,1219.367900133133,5.2972799999999995e-05,0.58,5.8039667482574515,0.08017492711370262,0.119533527696793,0.6441176470588235,0.12941176470588237,0.0966176470588235,0.7198466780238502,0.0,0.002932981375568255,1.0,0.3343109937918561,27.3570337581159,"['quote_volume_24h<50000', 'top_of_book_quote<5', 'coverage_ratio<0.90', 'natr_bps_mean>400']",quote_volume_24h<50000; top_of_book_quote<5; coverage_ratio<0.90; natr_bps_mean>400,False
nonkyc,FRY/USDT,FRY-USDT,FRY,USDT,True,active,2e-06,6.6386,3319124.6716,1.99e-06,2.01e-06,99.99999999999905,0.0026536470239999998,1e-08,0.0001,,,market.getlist.priceDecimals/quantityDecimals,1775254709909.0,False,0.2303206997084548,0.2264705882352941,0.0,18.32940318984737,1.99e-06,2.01e-06,2e-06,1.999999999999981e-08,0.009309913316,0.0026536470239999998,29,200,0.0,0.0,0.0,0.0,0.0,0.0,0.0,0.0,0.0,0.009309913316,0.0026536470239999998,0.0026536470239999998,0.009309913316,0.0026536470239999998,0.0026536470239999998,0.009309913316,0.0026536470239999998,0.0026536470239999998,0.009309913316,0.01465034249,0.009309913316,288,1772738700.0,1775256300.0,8393,8105.0,0.03431430954366734,0.0,415.238447405736,1850.5517229869781,0.08172605426610005,-0.3417122000733394,1.0070316840000002,200,0.017704617237145268,78.37699821150001,0.006938173767655134,180.17811250686646,0.0016246296,0.485,4.152384474057399,0.2303206997084548,0.16326530612244897,0.21764705882352942,0.17058823529411765,0.12720588235294117,0.468872870249017,0.0,1.0,1.0,0.6666666666666666,26.52192769637343,"['quote_volume_24h<50000', 'top_of_book_quote<5', 'coverage_ratio<0.90', 'natr_bps_mean>400']",quote_volume_24h<50000; top_of_book_quote<5; coverage_ratio<0.90; natr_bps_mean>400,False
nonkyc,BCH/BTC,BCH-BTC,BCH,BTC,True,active,0.006624,0.1254,18.9227,0.006589,0.006661,135.66475731082272,0.000426222643,1e-06,1e-06,,,market.getlist.priceDecimals/quantityDecimals,1775256189153.0,False,0.1282798833819242,0.1705882352941176,0.0,11.320099468358771,0.006589,0.006679,0.006634,8.99999999999998e-05,0.000426222643,0.001412354698,23,26,0.0,0.0,0.0,0.0,0.0,0.0,0.0,0.0,0.0,0.0,0.0,0.0,0.009055397346,0.013387719239,0.009055397346,0.018370958361,0.018981725929,0.018370958361,0.018625628361,0.018981725929,0.018625628361,288,1775170200.0,1775256300.0,288,0.0,1.0,0.0,4.4968554916178665,5.033792153814564,0.006349206349205908,0.07889731955534872,0.00028214099999999997,200,0.9569694690823894,0.0141684009,6.779363543509725e-05,65.30898690223694,4.33543e-05,0.47,0.03314682147932555,0.1282798833819242,0.20116618075801748,0.061764705882352944,0.15,0.5427941176470589,1.0,0.0,0.12698412698411815,0.0,0.042328042328039384,26.227085945489275,"['quote_volume_24h<50000', 'spread_bps>120', 'top_of_book_quote<5', 'natr_bps_mean<12']",quote_volume_24h<50000; spread_bps>120; top_of_book_quote<5; natr_bps_mean<12,False
nonkyc,ALIAS/BTC,ALIAS-BTC,ALIAS,BTC,True,active,6.44e-07,0.0002,396.2928,6.42e-07,6.45e-07,46.620046620046836,4.456434e-06,1e-09,0.0001,,,market.getlist.priceDecimals/quantityDecimals,1775253728284.0,False,0.02478134110787172,0.8323529411764706,0.0,22.17179729034471,6.42e-07,6.45e-07,6.435e-07,3.0000000000000136e-09,0.0003722972124,4.456434e-06,50,63,0.0,0.0,0.0,0.0,0.0,0.0,0.0003722972124,4.456434e-06,4.456434e-06,0.0003722972124,4.456434e-06,4.456434e-06,0.0003778745961,4.456434e-06,4.456434e-06,0.0003722972124,4.456434e-06,4.456434e-06,0.0003778745961,4.456434e-06,4.456434e-06,288,1775068800.0,1775256000.0,625,337.0,0.4608,0.0,7.6526602022942605,60.27042070535638,0.021505376344085884,-0.431940610625102,1.6821405e-06,200,0.13179655619980823,0.0002738197,1.8044246739832317e-07,326.9650459289551,1.3536e-06,0.48,0.16414956133921113,0.02478134110787172,0.0641399416909621,0.8235294117647058,0.06764705882352941,0.16588235294117648,0.7034400000000001,0.0,0.43010752688171766,0.0,0.14336917562723922,26.05387807079821,"['quote_volume_24h<50000', 'top_of_book_quote<5', 'coverage_ratio<0.90', 'natr_bps_mean<12']",quote_volume_24h<50000; top_of_book_quote<5; coverage_ratio<0.90; natr_bps_mean<12,False
nonkyc,COSA/BTC,COSA-BTC,COSA,BTC,True,active,4.499e-05,0.0031,69.5296,4.498e-05,4.538e-05,88.53474988933222,3.445468e-06,1e-08,0.0001,,,market.getlist.priceDecimals/quantityDecimals,1775253591599.0,False,0.052478134110787174,0.2823529411764706,0.0,9.945120905505059,4.498e-05,4.538e-05,4.518e-05,4.0000000000000295e-07,3.445468e-06,1.3278188000000002e-05,51,47,0.0,0.0,0.0,0.0,0.0,0.0,0.0,0.0,0.0,3.445468e-06,1.3278188000000002e-05,3.445468e-06,8.173473000000001e-05,4.5016022e-05,4.5016022e-05,8.173473000000001e-05,1.3278188000000002e-05,1.3278188000000002e-05,0.000116690523,0.000175089771,0.000116690523,287,1775125500.0,1775255700.0,435,148.0,0.6597701149425287,0.0,20.0938640511065,44.51270881540992,0.20797381731627507,-0.2670748915854177,1.04617e-05,200,0.18511863389358194,0.0016960799,1.5698799703118152e-06,859.042388677597,5.0478e-06,0.425,0.22696019445724624,0.052478134110787174,0.08163265306122448,0.27941176470588236,0.052941176470588235,0.2885294117647059,0.8128735632183908,1.0,1.0,0.0,0.6666666666666666,26.044001166969256,"['quote_volume_24h<50000', 'top_of_book_quote<5', 'coverage_ratio<0.90']",quote_volume_24h<50000; top_of_book_quote<5; coverage_ratio<0.90,False
nonkyc,MIRAI/USDT,MIRAI-USDT,MIRAI,USDT,True,active,7.1e-05,3.1045,38116.1915,7.1e-05,7.2e-05,139.86013986013947,0.10489719630000001,1e-06,0.0001,,,market.getlist.priceDecimals/quantityDecimals,1775254605528.0,False,0.20699708454810495,0.05294117647058827,0.0,12.70836906191048,7.1e-05,7.2e-05,7.15e-05,9.999999999999972e-07,0.10489719630000001,0.18091941120000002,19,34,0.0,0.0,0.0,0.0,0.0,0.0,0.0,0.0,0.0,0.0,0.0,0.0,0.10489719630000001,0.18091941120000002,0.10489719630000001,0.10489719630000001,0.18091941120000002,0.10489719630000001,0.28454689029999997,0.36056941090000005,0.28454689029999997,288,1775067000.0,1775256300.0,632,344.0,0.45569620253164556,0.0,50.21765695181182,2698.911593985761,0.0,-0.056620634521816045,0.020419776,200,0.11459438791166011,3.6187556030000003,0.0020734454166383776,141.3253321647644,0.01684520085,0.545,0.3590562472054555,0.20699708454810495,0.27988338192419826,0.04705882352941182,0.3,0.15426470588235294,0.700632911392405,1.0,0.0,0.0,0.3333333333333333,25.909377761954694,"['quote_volume_24h<50000', 'spread_bps>120', 'top_of_book_quote<5', 'coverage_ratio<0.90']",quote_volume_24h<50000; spread_bps>120; top_of_book_quote<5; coverage_ratio<0.90,False
nonkyc,GBYTE/BTC,GBYTE-BTC,GBYTE,BTC,True,active,7.555e-05,0.0002,3.8654,7.554e-05,7.618e-05,84.36593725283515,4.1518100000000005e-06,1e-08,0.0001,,,market.getlist.priceDecimals/quantityDecimals,1775255377534.0,False,0.02478134110787172,0.5705882352941176,0.0,15.627679643285886,7.554e-05,7.618e-05,7.586e-05,6.400000000000074e-07,7.0002918e-05,4.1518100000000005e-06,34,36,0.0,0.0,0.0,0.0,0.0,0.0,0.0,0.0,0.0,7.4270363e-05,4.1518100000000005e-06,4.1518100000000005e-06,7.4270363e-05,4.1518100000000005e-06,4.1518100000000005e-06,7.4270363e-05,4.1518100000000005e-06,4.1518100000000005e-06,8.5152696e-05,1.2170446e-05,1.2170446e-05,288,1775075700.0,1775256300.0,603,315.0,0.47761194029850745,0.0,1892.7597428923445,4396.489059686478,0.0021445775182288985,-0.06722348685068343,1.5586200000000001e-06,200,0.1462073324512435,0.0002818977,2.0607755370570454e-07,99.22805261611938,1.3183e-06,0.49,22.43511782747056,0.02478134110787172,0.05830903790087463,0.5647058823529412,0.061764705882352944,0.3316176470588236,0.7126865671641791,0.0,0.042891550364577966,1.0,0.3476305167881926,25.8729273135419,"['quote_volume_24h<50000', 'top_of_book_quote<5', 'coverage_ratio<0.90', 'natr_bps_mean>400']",quote_volume_24h<50000; top_of_book_quote<5; coverage_ratio<0.90; natr_bps_mean>400,False
nonkyc,MTBC/USDT,MTBC-USDT,MTBC,USDT,True,active,7.08e-05,6.0692,85819.3209,7.01e-05,7.09e-05,113.47517730496536,0.02912516698,1e-07,0.0001,,,market.getlist.priceDecimals/quantityDecimals,1775254598185.0,False,0.22448979591836735,0.15294117647058825,0.0,16.17046818727491,7.01e-05,7.09e-05,7.05e-05,8.000000000000059e-07,0.046794553999999995,0.02912516698,39,186,0.0,0.0,0.0,0.0,0.0,0.0,0.0,0.0,0.0,0.0,0.0,0.0,0.046794553999999995,0.02912516698,0.02912516698,0.046794553999999995,0.02912516698,0.02912516698,0.14292800603,0.11333217783999999,0.11333217783999999,288,1775071500.0,1775256000.0,616,328.0,0.4675324675324675,0.0,21.112463004634883,262.93090634268304,0.0,-0.4947754392787143,0.012716281599999999,200,0.12458513927276073,6.2704630172,0.003906032541512787,482.1487138271332,0.0091267937,0.545,0.18605358022834356,0.22448979591836735,0.21282798833819241,0.16470588235294115,0.21470588235294116,0.1026470588235294,0.7071428571428572,1.0,0.0,0.0,0.3333333333333333,25.633782655919507,"['quote_volume_24h<50000', 'top_of_book_quote<5', 'coverage_ratio<0.90']",quote_volume_24h<50000; top_of_book_quote<5; coverage_ratio<0.90,False
nonkyc,AI/ETH,AI-ETH,AI,ETH,True,active,3.866e-07,0.0048,12889.3895,3.835e-07,3.867e-07,83.09529992209751,8.59885455e-05,1e-10,0.0001,,,market.getlist.priceDecimals/quantityDecimals,1775254364779.0,False,0.06705539358600583,0.6029411764705883,0.0,18.76157605899503,3.835e-07,3.867e-07,3.8510000000000003e-07,3.1999999999999757e-09,9.06405318e-05,8.59885455e-05,27,25,0.0,0.0,0.0,0.0,0.0,0.0,0.0,0.0,0.0,9.06405318e-05,8.59885455e-05,8.59885455e-05,9.06405318e-05,8.59885455e-05,8.59885455e-05,9.06405318e-05,8.59885455e-05,8.59885455e-05,0.00032783748828,0.00031798578009,0.00031798578009,288,1775069100.0,1775255100.0,621,333.0,0.463768115942029,0.0,16.59210159483413,1924.20515782849,0.001282873636946777,-0.0032880497999358844,3.16161156e-05,200,0.13143937662158126,0.0051435569,3.3803295627681652e-06,1487.7329602241516,2.50275e-05,0.47,0.19967557263033353,0.06705539358600583,0.11078717201166181,0.5970588235294118,0.11764705882352941,0.07897058823529413,0.705072463768116,0.7160084662361775,0.02565747273893554,0.0,0.247221979658371,24.7897820264446,"['quote_volume_24h<50000', 'top_of_book_quote<5', 'coverage_ratio<0.90']",quote_volume_24h<50000; top_of_book_quote<5; coverage_ratio<0.90,False
nonkyc,SHA/BTC,SHA-BTC,SHA,BTC,True,active,3.06824e-07,0.0002,909.729,3.04228e-07,3.06825e-07,85.00081007703118,3.4097570012000003e-06,1e-12,0.0001,,,market.getlist.priceDecimals/quantityDecimals,1775254584450.0,False,0.02478134110787172,0.43823529411764706,0.0,12.318856113874121,3.04228e-07,3.06825e-07,3.055265e-07,2.5970000000000066e-09,3.4097570012000003e-06,3.4166191050000006e-06,36,77,0.0,0.0,0.0,0.0,0.0,0.0,0.0,0.0,0.0,3.4097570012000003e-06,3.4166191050000006e-06,3.4097570012000003e-06,3.4097570012000003e-06,3.4166191050000006e-06,3.4097570012000003e-06,3.4097570012000003e-06,3.4166191050000006e-06,3.4097570012000003e-06,3.4097570012000003e-06,1.2253913829000002e-05,3.4097570012000003e-06,288,1775070600.0,1775256300.0,620,332.0,0.4645161290322581,0.0,133.04582478306318,1473.8585136822016,0.004429058152958337,-0.18330681493611556,1.3042383199999998e-06,200,0.13345480537988835,0.0003118777,2.08107888779136e-07,64.85133457183838,1.1224999999999998e-06,0.55,1.565230080307372,0.02478134110787172,0.04956268221574344,0.4323529411764706,0.05,0.2761764705882353,0.705483870967742,1.0,0.08858116305916673,0.282615040153686,0.4570654010709509,23.84326325717307,"['quote_volume_24h<50000', 'top_of_book_quote<5', 'coverage_ratio<0.90']",quote_volume_24h<50000; top_of_book_quote<5; coverage_ratio<0.90,False
nonkyc,GHOST/ETH,GHOST-ETH,GHOST,ETH,True,active,9.09e-06,0.0185,1886.0937,9.08e-06,9.16e-06,87.71929824561505,6.1494744e-05,1e-08,0.0001,,,market.getlist.priceDecimals/quantityDecimals,1775254517224.0,False,0.08454810495626822,0.28823529411764703,0.0,11.856028125535929,9.08e-06,9.16e-06,9.12e-06,8.000000000000093e-08,6.712934799999999e-05,6.1494744e-05,39,78,0.0,0.0,0.0,0.0,0.0,0.0,0.0,0.0,0.0,6.712934799999999e-05,6.1494744e-05,6.1494744e-05,6.712934799999999e-05,6.1494744e-05,6.1494744e-05,6.712934799999999e-05,6.1494744e-05,6.1494744e-05,6.712934799999999e-05,0.00022239279999999997,6.712934799999999e-05,288,1775069100.0,1775256000.0,624,336.0,0.46153846153846156,0.0,105.11176875270188,2851.117282372319,0.0025115267833714385,-0.27013778857041076,2.389282e-05,200,0.15008447504699848,0.0046189453999999994,3.4661599781487414e-06,399.0122768878937,2.004205e-05,0.36,1.1982741637807874,0.08454810495626822,0.10204081632653061,0.2852941176470588,0.10882352941176471,0.28544117647058825,0.7038461538461539,1.0,0.050230535667428765,0.09913708189039372,0.3831225391859408,23.800246011096114,"['quote_volume_24h<50000', 'top_of_book_quote<5', 'coverage_ratio<0.90']",quote_volume_24h<50000; top_of_book_quote<5; coverage_ratio<0.90,False
nonkyc,BSOV/ETH,BSOV-ETH,BSOV,ETH,True,active,1.63e-06,0.1125,65892.724,1.62e-06,1.64e-06,122.69938650306761,8.67191e-05,1e-08,0.0001,,,market.getlist.priceDecimals/quantityDecimals,1775254672502.0,False,0.12244897959183673,0.09999999999999998,0.0,9.23469387755102,1.62e-06,1.64e-06,1.63e-06,2.000000000000002e-08,0.000111730266,8.67191e-05,26,27,0.0,0.0,0.0,0.0,0.0,0.0,0.0,0.0,0.0,0.0,0.0,0.0,0.000111730266,8.67191e-05,8.67191e-05,0.000111730266,8.67191e-05,8.67191e-05,0.000284897946,0.00025988697999999996,0.00025988697999999996,288,1775083800.0,1775256300.0,576,288.0,0.5,0.0,51.64449432739118,5247.9904573493695,5.6575116522980385e-05,-0.005364746264450232,2.421101e-05,200,0.21935107106009819,0.0176990864,1.941156779312609e-05,209.08168172836304,2.79145e-05,0.64,0.42090262876823764,0.12244897959183673,0.11370262390670553,0.10882352941176465,0.12058823529411765,0.39999999999999997,0.7250000000000001,1.0,0.0011315023304596075,0.0,0.3337105007768199,23.305815349047567,"['quote_volume_24h<50000', 'spread_bps>120', 'top_of_book_quote<5', 'coverage_ratio<0.90']",quote_volume_24h<50000; spread_bps>120; top_of_book_quote<5; coverage_ratio<0.90,False
nonkyc,FUSD/XMR,FUSD-XMR,FUSD,XMR,True,active,0.003113,0.382,124.1016,0.003112,0.003155,137.22674325833617,0.005684048,1e-06,0.0001,,,market.getlist.priceDecimals/quantityDecimals,1775254409090.0,False,0.15160349854227406,0.05882352941176472,0.0,9.808780655119193,0.003112,0.003155,0.0031335,4.2999999999999636e-05,0.006067466400000001,0.005684048,31,27,0.0,0.0,0.0,0.0,0.0,0.0,0.0,0.0,0.0,0.0,0.0,0.0,0.006067466400000001,0.005684048,0.005684048,0.006067466400000001,0.005684048,0.005684048,0.0360251632,0.033822122,0.033822122,288,1775080200.0,1775256300.0,588,300.0,0.4897959183673469,0.0,17.993791572575535,8685.118253408582,7.859737389352985e-07,-0.0035394146125672693,0.0023163005,200,0.14650825949473079,0.38928258569999996,0.00028516557041257686,254.57659888267517,0.0017917575,0.445,0.1311245253317812,0.15160349854227406,0.17201166180758018,0.055882352941176494,0.17941176470588235,0.27588235294117647,0.7193877551020409,0.8328159643812946,1.571947477870597e-05,0.0,0.27761056128535777,22.68870036504017,"['quote_volume_24h<50000', 'spread_bps>120', 'top_of_book_quote<5', 'coverage_ratio<0.90']",quote_volume_24h<50000; spread_bps>120; top_of_book_quote<5; coverage_ratio<0.90,False
nonkyc,HSAI/ETH,HSAI-ETH,HSAI,ETH,True,active,4.98928e-07,0.0241,50085.4228,4.94706e-07,4.98929e-07,85.00103156591702,0.0004024344262919999,1e-12,0.0001,,,market.getlist.priceDecimals/quantityDecimals,1775254526949.0,False,0.09620991253644315,0.43529411764705883,0.0,16.173898130680843,4.94706e-07,4.98929e-07,4.968175e-07,4.2229999999999975e-09,0.0004024344262919999,0.0004030766065572999,26,62,0.0,0.0,0.0,0.0,0.0,0.0,0.0,0.0,0.0,0.0004024344262919999,0.0004030766065572999,0.0004024344262919999,0.0004024344262919999,0.0004030766065572999,0.0004024344262919999,0.0004024344262919999,0.0004030766065572999,0.0004024344262919999,0.0014441740155653998,0.0004030766065572999,0.0004030766065572999,288,1775077800.0,1775255700.0,594,306.0,0.48484848484848486,0.0,174996.46039302187,10059.293800449545,0.0009811524620304403,-0.007138746298485672,0.00015147937834900002,200,0.1362444255878559,0.0247869212,1.6885399204927238e-05,847.5129277706146,0.0001276773,0.495,2058.756901759654,0.09620991253644315,0.13702623906705538,0.4294117647058824,0.14705882352941177,0.13955882352941174,0.7166666666666668,0.0,0.019623049240608804,0.0,0.006541016413536268,22.003404218900123,"['quote_volume_24h<50000', 'top_of_book_quote<5', 'coverage_ratio<0.90', 'natr_bps_mean>400']",quote_volume_24h<50000; top_of_book_quote<5; coverage_ratio<0.90; natr_bps_mean>400,False
nonkyc,QORT/BTC,QORT-BTC,QORT,BTC,True,active,1.93e-06,0.0422,454.5569,1.92e-06,1.94e-06,103.62694300518255,6.124774e-06,1e-08,0.0001,,,market.getlist.priceDecimals/quantityDecimals,1775254465622.0,False,0.10787172011661808,0.20294117647058818,0.0,11.0064740181787,1.92e-06,1.94e-06,1.93e-06,2.0000000000000232e-08,1.7663999999999996e-05,6.124774e-06,27,31,0.0,0.0,0.0,0.0,0.0,0.0,0.0,0.0,0.0,0.0,0.0,0.0,1.7663999999999996e-05,6.124774e-06,6.124774e-06,1.7663999999999996e-05,6.124774e-06,6.124774e-06,5.3389346999999996e-05,2.9911539e-05,2.9911539e-05,288,1775078400.0,1775256300.0,594,306.0,0.48484848484848486,0.0,13.341121625539142,9043.926240953351,1.2504454711991294e-06,-0.007252108164442611,3.853059999999999e-06,200,0.15656794913945787,0.0008122729,6.358795104727997e-07,65.48766088485718,3.26195e-06,0.52,0.1287418236864512,0.10787172011661808,0.0728862973760933,0.20294117647058818,0.07647058823529412,0.4213235294117647,0.7166666666666668,0.44509346879492845,2.5008909423982587e-05,0.0,0.14837282590145082,21.61174803835482,"['quote_volume_24h<50000', 'top_of_book_quote<5', 'coverage_ratio<0.90']",quote_volume_24h<50000; top_of_book_quote<5; coverage_ratio<0.90,False
nonkyc,DOGS/ETH,DOGS-ETH,DOGS,ETH,True,active,4.7e-12,0.0398,8431095086.2475,4.69e-12,4.75e-12,127.11864406779695,8.587389567525e-06,1e-14,0.0001,,,market.getlist.priceDecimals/quantityDecimals,1775254785183.0,False,0.10204081632653061,0.08823529411764708,0.0,7.818127250900361,4.69e-12,4.75e-12,4.719999999999999e-12,6.000000000000015e-14,1.9916076672904998e-05,8.587389567525e-06,28,91,0.0,0.0,0.0,0.0,0.0,0.0,0.0,0.0,0.0,0.0,0.0,0.0,1.9916076672904998e-05,8.587389567525e-06,8.587389567525e-06,1.9916076672904998e-05,8.587389567525e-06,8.587389567525e-06,0.000108102959835195,3.6379679398245e-05,3.6379679398245e-05,288,1775050800.0,1775256000.0,685,397.0,0.42043795620437957,0.0,94.39190232365682,2353.2133760688994,0.008477917981072567,-0.08276882544859496,5.46160591035e-06,200,0.5355408565470618,0.0180944726,4.8451646774856715e-05,499.9022443294525,3.68876e-05,0.635,0.742549631612765,0.10204081632653061,0.07871720116618076,0.0911764705882353,0.08235294117647059,0.38426470588235295,0.6812408759124088,1.0,0.16955835962145133,0.0,0.3898527865404838,21.46308376910104,"['quote_volume_24h<50000', 'spread_bps>120', 'top_of_book_quote<5', 'coverage_ratio<0.90']",quote_volume_24h<50000; spread_bps>120; top_of_book_quote<5; coverage_ratio<0.90,False
nonkyc,DOGGGO/ETH,DOGGGO-ETH,DOGGGO,ETH,True,active,7.212e-08,0.0039,20142.4071,7.2119e-08,7.2734e-08,84.9136711010467,2.31314049116e-05,1e-12,0.0001,,,market.getlist.priceDecimals/quantityDecimals,1775253855424.0,False,0.05539358600583091,0.5029411764705882,0.0,15.620176642085406,7.2119e-08,7.2734e-08,7.24265e-08,6.149999999999959e-10,2.3153696771499998e-05,2.31314049116e-05,42,79,0.0,0.0,0.0,0.0,0.0,0.0,0.0,0.0,0.0,2.3153696771499998e-05,2.31314049116e-05,2.31314049116e-05,2.3153696771499998e-05,2.31314049116e-05,2.31314049116e-05,2.3153696771499998e-05,2.31314049116e-05,2.31314049116e-05,8.309745561669999e-05,8.30750535746e-05,8.30750535746e-05,288,1775078100.0,1775253600.0,586,298.0,0.49146757679180886,0.0,17613.878226156816,10389.036360687613,0.0006164929449715613,-0.02246426642968724,7.4383480215e-06,200,0.14347068842405206,0.003979395300000001,2.8546329160121864e-06,2787.885969877243,7.74875e-06,0.47,207.43277257670815,0.05539358600583091,0.09329446064139942,0.4970588235294118,0.09705882352941177,0.1676470588235294,0.7203071672354949,0.0,0.012329858899431227,0.0,0.0041099529664770755,21.180682949575885,"['quote_volume_24h<50000', 'top_of_book_quote<5', 'coverage_ratio<0.90', 'natr_bps_mean>400']",quote_volume_24h<50000; top_of_book_quote<5; coverage_ratio<0.90; natr_bps_mean>400,False
nonkyc,VEIL/BTC,VEIL-BTC,VEIL,BTC,True,active,2.1876e-08,0.0017,80030.1938,2.1618e-08,2.1877e-08,119.09414875273136,1.31673659886e-05,1e-12,0.0001,,,market.getlist.priceDecimals/quantityDecimals,1775254291385.0,False,0.04664723032069971,0.11470588235294121,0.0,5.433244726462014,2.1618e-08,2.1877e-08,2.17475e-08,2.590000000000025e-10,1.31673659886e-05,1.3205342235200001e-05,142,200,0.0,0.0,0.0,0.0,0.0,0.0,0.0,0.0,0.0,0.0,0.0,0.0,2.0703976463999998e-05,3.08816797652e-05,2.0703976463999998e-05,3.5753976464e-05,5.0681679765200005e-05,3.5753976464e-05,0.0001584021332585,0.0001195058839301,0.0001195058839301,288,1775082000.0,1775256300.0,582,294.0,0.4948453608247423,0.0,27.67582044940698,173.29530362574434,0.0067643275096484975,-0.36275275655392,5.3035111590000005e-06,200,0.15563782859379371,0.0008770511,6.825116438489911e-07,263.5358352661133,4.2178000000000005e-06,0.585,0.23238606379284651,0.04664723032069971,0.09620991253644315,0.12941176470588234,0.08823529411764706,0.33397058823529413,0.7221649484536083,1.0,0.13528655019296995,0.0,0.3784288500643233,20.833787410663803,"['quote_volume_24h<50000', 'top_of_book_quote<5', 'coverage_ratio<0.90']",quote_volume_24h<50000; top_of_book_quote<5; coverage_ratio<0.90,False
nonkyc,XKR/XMR,XKR-XMR,XKR,XMR,True,active,9.8e-07,0.0229,23555.3855,9.7e-07,9.8e-07,102.56410256410159,0.00059554314,1e-08,0.0001,,,market.getlist.priceDecimals/quantityDecimals,1775254404930.0,False,0.09037900874635568,0.20882352941176474,0.0,10.191433716343681,9.7e-07,9.8e-07,9.75e-07,9.999999999999904e-09,0.00059554314,0.0010860051299999998,37,54,0.0,0.0,0.0,0.0,0.0,0.0,0.0,0.0,0.0,0.0,0.0,0.0,0.00059554314,0.0010860051299999998,0.00059554314,0.00059554314,0.0010860051299999998,0.00059554314,0.00059554314,0.0021664271759999996,0.00059554314,288,1775065500.0,1775256000.0,636,348.0,0.4528301886792453,0.0,47.70050290091429,327.58442433127493,0.0,-0.30244401863412435,0.00017832569999999998,200,0.12034282662735467,0.026733018400000003,1.6085634992685413e-05,562.690536737442,0.000136562,0.49,0.46507990328391874,0.09037900874635568,0.1457725947521866,0.20588235294117652,0.1588235294117647,0.07029411764705881,0.6990566037735849,1.0,0.0,0.0,0.3333333333333333,20.8166827701431,"['quote_volume_24h<50000', 'top_of_book_quote<5', 'coverage_ratio<0.90']",quote_volume_24h<50000; top_of_book_quote<5; coverage_ratio<0.90,False
nonkyc,PDOGE/BNB,PDOGE-BNB,PDOGE,BNB,True,active,3.5266e-10,0.0095,27486985.9113,3.5265e-10,3.5567e-10,85.27219335893398,0.0001636025946408,1e-14,0.0001,,,market.getlist.priceDecimals/quantityDecimals,1775254306965.0,False,0.07580174927113703,0.361764705882353,0.0,13.213213856971361,3.5265e-10,3.5567e-10,3.5416000000000005e-10,3.020000000000006e-12,0.00016432974785403,0.0001636025946408,28,79,0.0,0.0,0.0,0.0,0.0,0.0,0.0,0.0,0.0,0.00016432974785403,0.0001636025946408,0.0001636025946408,0.00016432974785403,0.0001636025946408,0.0001636025946408,0.00016432974785403,0.0001636025946408,0.0001636025946408,0.00058755122223678,0.000586261030472836,0.000586261030472836,288,1775082300.0,1775255400.0,578,290.0,0.4982698961937716,0.0,7697.557334869287,5957.520758949088,0.0028560350617249756,-0.021716337802998194,5.620103922205999e-05,200,0.14071551800533205,0.0094291019,6.634104790917804e-06,953.0718133449554,4.49861e-05,0.53,90.2704273416325,0.07580174927113703,0.12244897959183673,0.35882352941176465,0.13529411764705881,0.1688235294117647,0.7240484429065743,0.0,0.05712070123449951,0.0,0.01904023374483317,20.54852010556398,"['quote_volume_24h<50000', 'top_of_book_quote<5', 'coverage_ratio<0.90', 'natr_bps_mean>400']",quote_volume_24h<50000; top_of_book_quote<5; coverage_ratio<0.90; natr_bps_mean>400,False
nonkyc,HYPE/USDT,HYPE-USDT,HYPE,USDT,True,active,0.0,0.0,0.0,0.0,0.0,,,1e-06,0.0001,,,market.getlist.priceDecimals/quantityDecimals,0.0,False,0.007288629737609329,1.0,0.0,25.400874635568517,,,,,,,0,0,,,,,,,,,,,,,,,,,,,,,,0,,,0,,,,,,,,,0,,,,,,,,0.007288629737609329,0.0058309037900874635,1.0,0.0,0.35,0.0,0.0,0.0,0.0,0.0,20.49154518950437,"['quote_volume_24h<50000', 'missing_spread_bps', 'missing_top_of_book_quote', 'missing_last_trade_age_sec', 'recent_trade_count<40', 'n_candles<220', 'missing_coverage_ratio', 'missing_zero_volume_fraction', 'missing_natr_bps_mean']",quote_volume_24h<50000; missing_spread_bps; missing_top_of_book_quote; missing_last_trade_age_sec; recent_trade_count<40; n_candles<220; missing_coverage_ratio; missing_zero_volume_fraction; missing_natr_bps_mean,False
nonkyc,QNT/USDT,QNT-USDT,QNT,USDT,True,active,0.0,0.0,0.0,0.0,0.0,,,0.01,0.01,,,market.getlist.priceDecimals/quantityDecimals,0.0,False,0.007288629737609329,1.0,0.0,25.400874635568517,,,,,,,0,0,,,,,,,,,,,,,,,,,,,,,,0,,,0,,,,,,,,,0,,,,,,,,0.007288629737609329,0.0058309037900874635,1.0,0.0,0.35,0.0,0.0,0.0,0.0,0.0,20.49154518950437,"['quote_volume_24h<50000', 'missing_spread_bps', 'missing_top_of_book_quote', 'missing_last_trade_age_sec', 'recent_trade_count<40', 'n_candles<220', 'missing_coverage_ratio', 'missing_zero_volume_fraction', 'missing_natr_bps_mean']",quote_volume_24h<50000; missing_spread_bps; missing_top_of_book_quote; missing_last_trade_age_sec; recent_trade_count<40; n_candles<220; missing_coverage_ratio; missing_zero_volume_fraction; missing_natr_bps_mean,False
nonkyc,KMDCL/USDT,KMDCL-USDT,KMDCL,USDT,True,active,0.0,0.0,0.0,0.0,0.0,,,1e-06,0.0001,,,market.getlist.priceDecimals/quantityDecimals,0.0,False,0.007288629737609329,1.0,0.0,25.400874635568517,,,,,,,0,0,,,,,,,,,,,,,,,,,,,,,,0,,,0,,,,,,,,,0,,,,,,,,0.007288629737609329,0.0058309037900874635,1.0,0.0,0.35,0.0,0.0,0.0,0.0,0.0,20.49154518950437,"['quote_volume_24h<50000', 'missing_spread_bps', 'missing_top_of_book_quote', 'missing_last_trade_age_sec', 'recent_trade_count<40', 'n_candles<220', 'missing_coverage_ratio', 'missing_zero_volume_fraction', 'missing_natr_bps_mean']",quote_volume_24h<50000; missing_spread_bps; missing_top_of_book_quote; missing_last_trade_age_sec; recent_trade_count<40; n_candles<220; missing_coverage_ratio; missing_zero_volume_fraction; missing_natr_bps_mean,False
nonkyc,XDAG/BTC,XDAG-BTC,XDAG,BTC,True,active,2.01e-08,0.0002,13506.3668,2e-08,2.02e-08,99.50248756218829,2.49792594e-06,1e-10,0.0001,,,market.getlist.priceDecimals/quantityDecimals,1775254477874.0,False,0.02478134110787172,0.22941176470588232,0.0,7.098267878580003,2e-08,2.02e-08,2.01e-08,1.9999999999999848e-10,7.293788e-06,2.49792594e-06,30,45,0.0,0.0,0.0,0.0,0.0,0.0,0.0,0.0,0.0,7.293788e-06,2.49792594e-06,2.49792594e-06,7.293788e-06,2.49792594e-06,2.49792594e-06,7.293788e-06,2.49792594e-06,2.49792594e-06,7.293788e-06,2.49792594e-06,2.49792594e-06,288,1775086500.0,1775256300.0,567,279.0,0.5079365079365079,0.0,42.31228870223707,321.16370763542244,0.023255813953488365,-0.21155143760046508,1.5737696e-06,200,0.14019962393564184,0.0002646819,1.855415142128558e-07,170.8736617565155,1.27435e-06,0.48,0.4252385014574858,0.02478134110787172,0.029154518950437316,0.22058823529411764,0.026470588235294117,0.2691176470588236,0.7293650793650794,1.0,0.46511627906976727,0.0,0.4883720930232558,20.32580252477514,"['quote_volume_24h<50000', 'top_of_book_quote<5', 'coverage_ratio<0.90']",quote_volume_24h<50000; top_of_book_quote<5; coverage_ratio<0.90,False
nonkyc,YDA/BTC,YDA-BTC,YDA,BTC,True,active,8.91e-08,0.0002,2108.6,8.9e-08,8.98e-08,89.48545861297471,3.1699399999999998e-06,1e-10,0.1,,,market.getlist.priceDecimals/quantityDecimals,1775254402012.0,False,0.02478134110787172,0.2735294117647059,0.0,8.201209055050592,8.9e-08,8.98e-08,8.939999999999999e-08,7.999999999999939e-10,3.6401e-06,3.1699399999999998e-06,39,77,0.0,0.0,0.0,0.0,0.0,0.0,0.0,0.0,0.0,3.6401e-06,3.1699399999999998e-06,3.1699399999999998e-06,3.6401e-06,3.1699399999999998e-06,3.1699399999999998e-06,3.6401e-06,3.1699399999999998e-06,3.1699399999999998e-06,9.3861e-06,1.083409e-05,9.3861e-06,288,1775057100.0,1775256300.0,665,377.0,0.4330827067669173,0.0,227.25784308933567,3013.8029824282394,0.0012804780451368518,-0.1729130195647036,1.280625e-06,200,0.1281996920449713,0.00024014839999999998,1.5393475462546293e-07,200.14777517318726,1.03505e-06,0.455,2.5396063965233453,0.02478134110787172,0.04664723032069971,0.2705882352941177,0.047058823529411764,0.17088235294117649,0.6881954887218045,0.7220126877097902,0.025609560902737034,0.7698031982616726,0.5058084822914,20.224207091370257,"['quote_volume_24h<50000', 'top_of_book_quote<5', 'coverage_ratio<0.90']",quote_volume_24h<50000; top_of_book_quote<5; coverage_ratio<0.90,False
nonkyc,TRC/BTC,TRC-BTC,TRC,BTC,True,active,2.19e-07,0.0002,1193.9772,2.18e-07,2.2e-07,91.32420091324283,2.569754e-06,1e-09,0.0001,,,market.getlist.priceDecimals/quantityDecimals,1775254155475.0,False,0.02478134110787172,0.2588235294117647,0.0,7.833561996227062,2.18e-07,2.2e-07,2.19e-07,2.000000000000018e-09,3.673191e-06,2.569754e-06,32,34,0.0,0.0,0.0,0.0,0.0,0.0,0.0,0.0,0.0,3.673191e-06,2.569754e-06,2.569754e-06,3.673191e-06,2.569754e-06,2.569754e-06,3.673191e-06,2.569754e-06,2.569754e-06,1.30342265e-05,8.8176998e-06,8.8176998e-06,288,1775076600.0,1775256300.0,600,312.0,0.48,0.0,137.3587583176323,1925.845330532156,0.0,-0.36884875021152674,1.196342e-06,200,0.14143485376259224,0.0002552491,1.8050559565766643e-07,289.97407579421997,8.926999999999999e-07,0.465,1.50407840357806,0.02478134110787172,0.03206997084548105,0.2588235294117647,0.029411764705882353,0.24661764705882355,0.714,1.0,0.0,0.25203920178903005,0.41734640059634337,19.885497962403154,"['quote_volume_24h<50000', 'top_of_book_quote<5', 'coverage_ratio<0.90']",quote_volume_24h<50000; top_of_book_quote<5; coverage_ratio<0.90,False
nonkyc,NAV/BTC,NAV-BTC,NAV,BTC,True,active,4.709e-07,0.0001,282.3051,4.708e-07,4.748e-07,84.6023688663279,2.63599464e-06,1e-10,0.0001,,,market.getlist.priceDecimals/quantityDecimals,1775254284545.0,False,0.014577259475218658,0.5558823529411765,0.0,14.698808094666438,4.708e-07,4.748e-07,4.728e-07,3.999999999999983e-09,2.6975898400000002e-06,2.63599464e-06,36,75,0.0,0.0,0.0,0.0,0.0,0.0,0.0,0.0,0.0,2.6975898400000002e-06,2.63599464e-06,2.63599464e-06,2.6975898400000002e-06,2.63599464e-06,2.63599464e-06,2.6975898400000002e-06,2.63599464e-06,2.63599464e-06,9.75996964e-06,9.57429864e-06,9.57429864e-06,288,1775067900.0,1775256300.0,629,341.0,0.4578696343402226,0.0,12.005824762972575,64.17709869235546,0.0,-0.5323479917946696,9.3919395e-07,200,0.1205125374114775,0.0001524571,9.186495983697683e-08,271.85638999938965,7.628e-07,0.445,0.14190884869833645,0.014577259475218658,0.03498542274052478,0.55,0.03235294117647059,0.12352941176470589,0.7018282988871225,0.3338187302477145,0.0,0.0,0.11127291008257151,19.721751242500922,"['quote_volume_24h<50000', 'top_of_book_quote<5', 'coverage_ratio<0.90']",quote_volume_24h<50000; top_of_book_quote<5; coverage_ratio<0.90,False
nonkyc,RYO/BTC,RYO-BTC,RYO,BTC,True,active,6.9e-08,0.0004,6706.7203,6.84e-08,6.91e-08,101.81818181818176,4.22798715e-06,1e-10,0.0001,,,market.getlist.priceDecimals/quantityDecimals,1775254174829.0,False,0.04081632653061224,0.21176470588235297,0.0,7.539015606242497,6.84e-08,6.91e-08,6.875e-08,6.999999999999997e-10,6.746948640000001e-06,4.22798715e-06,36,48,0.0,0.0,0.0,0.0,0.0,0.0,0.0,0.0,0.0,0.0,0.0,0.0,6.746948640000001e-06,4.22798715e-06,4.22798715e-06,6.746948640000001e-06,4.22798715e-06,4.22798715e-06,0.00615106501336,1.825497421e-05,1.825497421e-05,288,1775074500.0,1775255700.0,605,317.0,0.47603305785123967,0.0,56.776188284177536,651.1935691039945,0.014447481452557578,-0.019210350224711407,2.0868397000000005e-06,200,0.140521490004187,0.0004919036,3.45615134052118e-07,858.2647552490234,1.9556e-06,0.49,0.5576232777910297,0.04081632653061224,0.061224489795918366,0.20882352941176474,0.06470588235294118,0.17102941176470587,0.7118181818181819,1.0,0.28894962905115157,0.0,0.4296498763503838,19.529938684926954,"['quote_volume_24h<50000', 'top_of_book_quote<5', 'coverage_ratio<0.90']",quote_volume_24h<50000; top_of_book_quote<5; coverage_ratio<0.90,False
nonkyc,SKOL/ETH,SKOL-ETH,SKOL,ETH,True,active,1.244e-05,0.0042,341.6627,1.234e-05,1.245e-05,88.7454618797894,9.864633e-05,1e-08,0.0001,,,market.getlist.priceDecimals/quantityDecimals,1775254343259.0,False,0.05830903790087463,0.27941176470588236,0.0,10.192291202195165,1.234e-05,1.245e-05,1.2394999999999999e-05,1.0999999999999895e-07,0.00010980008600000001,9.864633e-05,46,62,0.0,0.0,0.0,0.0,0.0,0.0,0.0,0.0,0.0,0.00010980008600000001,9.864633e-05,9.864633e-05,0.00010980008600000001,9.864633e-05,9.864633e-05,0.00010980008600000001,9.864633e-05,9.864633e-05,0.00037499270600000004,0.000345146398,0.000345146398,287,1775070300.0,1775256000.0,620,333.0,0.4629032258064516,0.0,11.411775139878143,63.96743878397465,0.007028753993610298,-0.4907767635872399,3.54692e-05,200,0.11491106247642845,0.005647173199999999,3.244613362002061e-06,646.2361934185028,2.98236e-05,0.47,0.12858995714435537,0.05830903790087463,0.11661807580174927,0.27647058823529413,0.1264705882352941,0.05323529411764705,0.7045967741935484,0.2843145949898453,0.14057507987220594,0.0,0.14162989162068373,18.268162730857124,"['quote_volume_24h<50000', 'top_of_book_quote<5', 'coverage_ratio<0.90', 'natr_bps_mean<12']",quote_volume_24h<50000; top_of_book_quote<5; coverage_ratio<0.90; natr_bps_mean<12,False
nonkyc,GHOST/BTC,GHOST-BTC,GHOST,BTC,True,active,2.84e-07,0.0011,4075.3013,2.82e-07,2.85e-07,105.8201058201063,9.914010000000002e-07,1e-09,0.0001,,,market.getlist.priceDecimals/quantityDecimals,1775254720313.0,False,0.043731778425655975,0.18823529411764706,0.0,7.111130166352256,2.82e-07,2.85e-07,2.835e-07,3.0000000000000136e-09,1.9028796e-06,9.914010000000002e-07,41,106,0.0,0.0,0.0,0.0,0.0,0.0,0.0,0.0,0.0,0.0,0.0,0.0,1.9028796e-06,9.914010000000002e-07,9.914010000000002e-07,1.9028796e-06,9.914010000000002e-07,9.914010000000002e-07,3.62971803e-05,9.9939157e-06,9.9939157e-06,288,1775061900.0,1775256000.0,648,360.0,0.4444444444444444,0.0,9.53393684680811,67.82704762871361,0.11229946524064283,-0.34682769799094015,6.68073e-07,200,0.13877901092851275,0.0002403359,1.6676789246306974e-07,567.3299477100372,6.779e-07,0.355,0.09009570320233623,0.043731778425655975,0.014577259475218658,0.19117647058823528,0.0058823529411764705,0.17338235294117646,0.6944444444444444,0.12782807056734255,1.0,0.0,0.37594269018911414,17.231449806290996,"['quote_volume_24h<50000', 'top_of_book_quote<5', 'coverage_ratio<0.90', 'natr_bps_mean<12']",quote_volume_24h<50000; top_of_book_quote<5; coverage_ratio<0.90; natr_bps_mean<12,False
nonkyc,PART/BTC,PART-BTC,PART,BTC,True,active,3e-06,0.0003,121.1721,2.98e-06,3.01e-06,100.16694490818075,5.608834e-06,1e-08,0.0001,,,market.getlist.priceDecimals/quantityDecimals,1775253868836.0,False,0.03644314868804665,0.22205882352941175,0.0,7.55584376607786,2.98e-06,3.01e-06,2.995e-06,3.0000000000000136e-08,8.948344e-06,5.608834e-06,49,82,0.0,0.0,0.0,0.0,0.0,0.0,0.0,0.0,0.0,0.0,0.0,0.0,8.948344e-06,5.608834e-06,5.608834e-06,8.948344e-06,5.608834e-06,5.608834e-06,2.8363515999999997e-05,3.040277e-05,2.8363515999999997e-05,288,1775086500.0,1775256000.0,566,278.0,0.508833922261484,0.0,8.712732267076284,136.18419714033266,0.0,-0.44655298278565103,2.334e-06,200,0.13873634314122205,0.00036369449999999997,2.5228822475287587e-07,387.6713502407074,1.8243e-06,0.55,0.08698211046631117,0.03644314868804665,0.06997084548104957,0.21323529411764708,0.07352941176470588,0.20647058823529413,0.7298586572438163,0.059394355589690306,0.0,0.0,0.01979811852989677,16.248267294694774,"['quote_volume_24h<50000', 'top_of_book_quote<5', 'coverage_ratio<0.90', 'natr_bps_mean<12']",quote_volume_24h<50000; top_of_book_quote<5; coverage_ratio<0.90; natr_bps_mean<12,False
nonkyc,CCX/BTC,CCX-BTC,CCX,BTC,True,active,1.33e-07,0.0,304.2877,1.32e-07,1.34e-07,150.3759398496254,3.0243800000000005e-07,1e-09,0.0001,,,market.getlist.priceDecimals/quantityDecimals,1775254786645.0,False,0.007288629737609329,0.04705882352941182,0.0,1.5773452238038086,1.32e-07,1.34e-07,1.3299999999999999e-07,2.000000000000018e-09,3.047352e-07,3.0243800000000005e-07,35,113,0.0,0.0,0.0,0.0,0.0,0.0,0.0,0.0,0.0,0.0,0.0,0.0,3.047352e-07,3.0243800000000005e-07,3.0243800000000005e-07,3.047352e-07,6.037445000000001e-07,3.047352e-07,1.88119028e-05,1.2052156e-06,1.2052156e-06,288,1775076300.0,1775256000.0,600,312.0,0.48,0.0,8.229062570724551,142.2617059345083,0.1206896551724137,-0.4671429167015291,6.3687e-08,200,0.1466721285737828,4.102170000000001e-05,3.008370028357574e-08,397.82364201545715,4.835e-08,0.51,0.054723266095317774,0.007288629737609329,0.011661807580174927,0.04117647058823526,0.0029411764705882353,0.25588235294117645,0.714,0.019088547560379254,1.0,0.0,0.3396961825201264,14.698066266977975,"['quote_volume_24h<50000', 'spread_bps>120', 'top_of_book_quote<5', 'coverage_ratio<0.90', 'natr_bps_mean<12']",quote_volume_24h<50000; spread_bps>120; top_of_book_quote<5; coverage_ratio<0.90; natr_bps_mean<12,False
