connector,exchange_symbol,trading_pair,base_asset,quote_asset,is_active,status_detail,permissions_spot,last_price,quote_volume_24h,volume_base_24h,bid_price,bid_quantity,ask_price,ask_quantity,spread_bps,top_of_book_quote,price_tick_estimate,amount_step_estimate,min_order_size_base_estimate,min_notional_quote_estimate,maker_fee_estimate,taker_fee_estimate,rule_estimate_source,raw_trade_side_type,book_crossed,coarse_volume_rank,coarse_spread_rank,coarse_top_rank,coarse_score
mexc,USDCUSDT,USDC-USDT,USDC,USDT,True,1,True,1.0004,35990203.4665,35975181.69,1.0004,4686765.76,1.0005,3664904.94,0.999550202408806,3666737.39247,0.0001,1.0,1.0,1.0,0.0,0.0,exchangeInfo.quotePrecision/baseSizePrecision/quoteAmountPrecision,1,False,0.9983072365636902,0.9917442845046571,1.0,99.7005051236194
mexc,XRPUSDT,XRP-USDT,XRP,USDT,True,1,True,1.3288,65090159.4457,48721583.0,1.3286,3142.5,1.3287,1948.23,0.7526436608586834,2588.613201,0.0001,0.1,0.1,1.0,0.0,0.0,exchangeInfo.quotePrecision/baseSizePrecision/quoteAmountPrecision,1,False,0.9987304274227676,0.9940728196443692,0.9894157493649449,99.57030898666035
mexc,USD1USDT,USD1-USDT,USD1,USDT,True,1,True,1.0002,13949208.013,13949103.94,1.0001,879574.22,1.0002,864904.41,0.9998500224965152,865077.390882,0.0001,0.0,0.0,1.0,0.0,0.0,exchangeInfo.quotePrecision/baseSizePrecision/quoteAmountPrecision,1,False,0.9949217096910706,0.9911092294665538,0.9995766299745978,99.48995736916469
mexc,GOLD(PAXG)USDT,GOLD(PAXG)-USDT,GOLD(PAXG),USDT,True,1,True,4490.79,8931994.64,1995.39245,4490.79,3.68208,4490.8,5.44408,0.022267772187815917,16535.4480432,0.01,1e-06,1e-06,1.0,0.0,0.0005,exchangeInfo.quotePrecision/baseSizePrecision/quoteAmountPrecision,1,False,0.9915361828184511,0.9983065198983911,0.9966130397967824,99.42441384841024
mexc,GOLD(XAUT)USDT,GOLD(XAUT)-USDT,GOLD(XAUT),USDT,True,1,True,4485.5,35292747.4,7866.44703,4485.4,3.10917,4485.5,0.1626,0.22294307148750694,729.3423,0.1,0.001,0.001,1.0,0.0,0.0005,exchangeInfo.quotePrecision/baseSizePrecision/quoteAmountPrecision,1,False,0.9978840457046128,0.9970364098221846,0.9762912785774767,99.33535833085786
mexc,SUIUSDT,SUI-USDT,SUI,USDT,True,1,True,0.8772,12007829.4099,13472797.38,0.8771,3564.94,0.8772,2849.97,1.1400558627371487,2499.9936839999996,0.0001,0.0,0.0,1.0,0.0,0.0005,exchangeInfo.quotePrecision/baseSizePrecision/quoteAmountPrecision,1,False,0.9940753279729158,0.9847586790855207,0.9889923793395428,99.07295760243923
mexc,LINKUSDT,LINK-USDT,LINK,USDT,True,1,True,8.532,14050404.594,1627886.29,8.533,366.16,8.535,355.53,2.3435669088360305,3034.4485499999996,0.001,0.01,0.01,1.0,0.0,0.0005,exchangeInfo.quotePrecision/baseSizePrecision/quoteAmountPrecision,1,False,0.9953449005501481,0.9729043183742591,0.9911092294665538,98.8887620789457
mexc,USDEUSDT,USDE-USDT,USDE,USDT,True,1,True,0.9998,3553399.7295,3554188.27,0.9998,896454.05,0.9999,246360.65,1.0001500225032653,246336.013935,0.0001,0.0,0.0,1.0,0.0,0.0,exchangeInfo.quotePrecision/baseSizePrecision/quoteAmountPrecision,1,False,0.9818027930596699,0.9904741744284504,0.9983065198983911,98.72713837696092
mexc,LTCUSDT,LTC-USDT,LTC,USDT,True,1,True,53.61,7337987.49,135857.0714,53.62,78.916,53.63,175.724,1.8648018648028188,4231.47592,0.01,0.001,0.001,1.0,0.0,0.0005,exchangeInfo.quotePrecision/baseSizePrecision/quoteAmountPrecision,1,False,0.9898434193821414,0.9754445385266723,0.9932260795935648,98.69202312105588
mexc,TRXUSDT,TRX-USDT,TRX,USDT,True,1,True,0.3103,11587058.0902,37146651.95,0.3103,111923.13,0.3104,38662.3,3.2221685194132106,12000.77792,0.0001,1.0,1.0,1.0,0.0,0.0005,exchangeInfo.quotePrecision/baseSizePrecision/quoteAmountPrecision,1,False,0.9936521371138384,0.9623200677392041,0.9961896697713802,98.63266263016882
mexc,EURUSDT,EUR-USDT,EUR,USDT,True,1,True,1.1512,2477828.5465,2150371.8,1.1512,20179.67,1.1513,35608.79,0.8686210640607077,23230.836103999998,0.0001,0.0,0.0,1.0,0.0,0.0,exchangeInfo.quotePrecision/baseSizePrecision/quoteAmountPrecision,1,False,0.9775708844688955,0.9928027095681625,0.9970364098221846,98.52719458143702
mexc,ADAUSDT,ADA-USDT,ADA,USDT,True,1,True,0.2452,15374770.1609,62005622.79,0.2451,60628.18,0.2452,16545.7,4.079135223332204,4057.0056400000003,0.0001,0.1,0.1,1.0,0.0,0.0005,exchangeInfo.quotePrecision/baseSizePrecision/quoteAmountPrecision,1,False,0.996191282268303,0.9436917866215072,0.9928027095681625,98.2388693816576
mexc,WLDUSDT,WLD-USDT,WLD,USDT,True,1,True,0.2488,10162299.992,38406255.83,0.2488,11882.32,0.2489,5077.28,4.018485031143931,1263.734992,0.0001,0.0,0.0,1.0,0.0,0.0005,exchangeInfo.quotePrecision/baseSizePrecision/quoteAmountPrecision,1,False,0.9932289462547609,0.945385266723116,0.9826418289585097,97.91506029125995
mexc,DAIUSDT,DAI-USDT,DAI,USDT,True,1,True,1.0005,1946159.4742,1945900.86,1.0005,600.0,1.0006,1107.78,0.9994503023336063,600.3,0.0001,0.5,0.5,1.0,0.0,0.0005,exchangeInfo.quotePrecision/baseSizePrecision/quoteAmountPrecision,1,False,0.9737621667371985,0.9923793395427604,0.9724809483488569,97.81602162609207
mexc,UNIUSDT,UNI-USDT,UNI,USDT,True,1,True,3.365,4612687.895,1350445.76,3.364,560.08,3.365,184.84,2.9722098380155564,621.9866000000001,0.001,0.001,0.001,1.0,0.0,0.0005,exchangeInfo.quotePrecision/baseSizePrecision/quoteAmountPrecision,1,False,0.9860347016504444,0.9648602878916173,0.9729043183742591,97.81150215555006
mexc,HBARUSDT,HBAR-USDT,HBAR,USDT,True,1,True,0.08879,2586124.273,28903004.7,0.08878,4537.6,0.08879,3784.8,1.1263163822713436,336.052392,1e-05,0.01,0.01,1.0,0.0,0.0005,exchangeInfo.quotePrecision/baseSizePrecision/quoteAmountPrecision,1,False,0.9788404570461278,0.985182049110923,0.9470787468247248,97.4073513018046
mexc,WBTCUSDT,WBTC-USDT,WBTC,USDT,True,1,True,66193.61,1333694.13,20.01632661,66199.36,0.0072,66199.37,0.0072,0.001510588507119564,476.63539199999997,0.01,1e-05,1e-05,1.0,0.0,0.0005,exchangeInfo.quotePrecision/baseSizePrecision/quoteAmountPrecision,1,False,0.9648751586965721,0.9987298899237934,0.9618966977138018,97.27431493068235
mexc,HYPEUSDT,HYPE-USDT,HYPE,USDT,True,1,True,38.58,10129856.96,263100.55,38.6,43.56,38.62,12.01,5.180005180004149,463.8262,0.01,0.0,0.0,1.0,0.0,0.0005,exchangeInfo.quotePrecision/baseSizePrecision/quoteAmountPrecision,1,False,0.9928057553956835,0.9225232853513972,0.9610499576629975,96.88839783380749
mexc,WXTUSDT,WXT-USDT,WXT,USDT,True,1,True,0.019718,8440791.656592,423754584.3,0.019713,63409.0,0.01972,10722.0,3.550325869195882,211.43784000000002,1e-06,0.0,0.0,1.0,0.0,0.0005,exchangeInfo.quotePrecision/baseSizePrecision/quoteAmountPrecision,1,False,0.9911129919593736,0.9534292972057579,0.9115156646909399,96.5772602817283
mexc,XLMUSDT,XLM-USDT,XLM,USDT,True,1,True,0.1648,3040532.4663,17943495.26,0.1649,23748.0,0.165,76086.72,6.062443164596348,3916.0451999999996,0.0001,0.1,0.1,1.0,0.0,0.0005,exchangeInfo.quotePrecision/baseSizePrecision/quoteAmountPrecision,1,False,0.9801100296233601,0.9064352243861135,0.9923793395427604,96.41451902979286
mexc,INJUSDT,INJ-USDT,INJ,USDT,True,1,True,2.846,993032.5,343846.28,2.846,985.45,2.847,492.03,3.513086246266959,1400.8094099999998,0.001,0.0,0.0,1.0,0.0,0.0005,exchangeInfo.quotePrecision/baseSizePrecision/quoteAmountPrecision,1,False,0.954295387219636,0.9542760372565622,0.9843353090601186,96.02985340969641
mexc,DOTUSDT,DOT-USDT,DOT,USDT,True,1,True,1.283,3902616.756,3025639.09,1.282,2409.89,1.283,9020.04,7.797270955164833,3089.47898,0.001,0.001,0.001,1.0,0.0,0.0005,exchangeInfo.quotePrecision/baseSizePrecision/quoteAmountPrecision,1,False,0.9839187473550571,0.8772226926333615,0.9915325994919559,95.87675041020131
mexc,TONUSDT,TON-USDT,TON,USDT,True,1,True,1.225,3857904.797,3142795.19,1.225,13919.88,1.226,9204.51,8.159934720521337,11284.72926,0.001,0.001,0.001,1.0,0.0,0.0005,exchangeInfo.quotePrecision/baseSizePrecision/quoteAmountPrecision,1,False,0.9834955564959796,0.8721422523285352,0.9953429297205758,95.80267050990378
mexc,BTCUSDC,BTC-USDC,BTC,USDC,True,1,True,66247.59,15081372.89,226.360736,66241.99,0.001274,66259.41,0.016666,2.6294061798589676,84.39229526,0.01,1e-06,1e-06,1.0,0.0,0.0,exchangeInfo.quotePrecision/baseSizePrecision/quoteAmountPrecision,1,False,0.9957680914092255,0.9690939881456393,0.8378492802709568,95.75158033656751
mexc,TRUMPUSDT,TRUMP-USDT,TRUMP,USDT,True,1,True,2.963,2764458.287,917560.8,2.963,276.46,2.964,50.27,3.3743883921035596,149.00028,0.001,0.0,0.0,1.0,0.0,0.0005,exchangeInfo.quotePrecision/baseSizePrecision/quoteAmountPrecision,1,False,0.9792636479052053,0.9563928873835732,0.8971210838272651,95.71174449592094
mexc,PENGUUSDT,PENGU-USDT,PENGU,USDT,True,1,True,0.006411,1996656.414327,302537267.74,0.006412,159494.4,0.006413,17272.8,1.5594541910333455,110.7704664,1e-06,0.0,0.0,1.0,0.0,0.0005,exchangeInfo.quotePrecision/baseSizePrecision/quoteAmountPrecision,1,False,0.9746085484553534,0.9796782387806944,0.8759525825571549,95.61447778570489
mexc,PUMPUSDT,PUMP-USDT,PUMP,USDT,True,1,True,0.001696,1701695.636793,986340874.09,0.001695,832922.79,0.001696,333568.8,5.897965202006091,565.7326848,1e-06,0.0,0.0,1.0,0.0,0.0005,exchangeInfo.quotePrecision/baseSizePrecision/quoteAmountPrecision,1,False,0.9707998307236564,0.9102455546147332,0.970787468247248,95.56587892011441
mexc,VETUSDT,VET-USDT,VET,USDT,True,1,True,0.006624,710627.464435,105970629.44,0.006624,52955.68,0.006625,144252.96,1.5095478904070234,350.77842432,1e-06,10.0,10.0,1.0,0.0,0.0005,exchangeInfo.quotePrecision/baseSizePrecision/quoteAmountPrecision,1,False,0.9403300888700804,0.980948348856901,0.9487722269263336,95.21730814780362
mexc,ROBOUSDT,ROBO-USDT,ROBO,USDT,True,1,True,0.02335,1350703.54178,55488090.17,0.02337,55452.91,0.02338,10150.4,4.278074866311471,237.316352,1e-05,0.0,0.0,1.0,0.0,0.0005,exchangeInfo.quotePrecision/baseSizePrecision/quoteAmountPrecision,1,False,0.9661447312738045,0.9407281964436918,0.9220999153259949,95.09816343767145
mexc,ICPUSDT,ICP-USDT,ICP,USDT,True,1,True,2.228,1633469.095,728934.04,2.227,603.99,2.228,95.56,4.489337822672655,212.90768000000003,0.001,0.0001,0.0001,1.0,0.0,0.0005,exchangeInfo.quotePrecision/baseSizePrecision/quoteAmountPrecision,1,False,0.9703766398645789,0.9360711261642676,0.9123624047417442,95.01974144149342
mexc,SIGNUSDT,SIGN-USDT,SIGN,USDT,True,1,True,0.03206,1537226.655,47714827.3,0.03205,12996.0,0.03207,13283.2,6.238303181534368,416.52180000000004,1e-05,0.0,0.0,1.0,0.0,0.0005,exchangeInfo.quotePrecision/baseSizePrecision/quoteAmountPrecision,1,False,0.9686838764282691,0.9017781541066893,0.9572396274343776,94.96685960490959
mexc,AAVEUSDT,AAVE-USDT,AAVE,USDT,True,1,True,96.85,5335277.14,53015.602,96.84,0.614,96.85,1.118,1.0325778305530389,59.45976,0.01,0.0001,0.0001,1.0,0.0,0.0005,exchangeInfo.quotePrecision/baseSizePrecision/quoteAmountPrecision,1,False,0.9873042742276766,0.9881456392887383,0.7976291278577476,94.95795862189563
mexc,WLFIUSDT,WLFI-USDT,WLFI,USDT,True,1,True,0.09689,5387652.65321,55226655.63,0.09689,164830.56,0.097,96778.39,11.346639847336013,9387.50383,1e-05,0.0,0.0,1.0,0.0,0.0005,exchangeInfo.quotePrecision/baseSizePrecision/quoteAmountPrecision,1,False,0.9877274650867541,0.8230313293818797,0.9949195596951735,94.79918500822195
mexc,DASHUSDT,DASH-USDT,DASH,USDT,True,1,True,31.24,1186430.4,37220.345272,31.24,16.816,31.26,104.9688,6.4000000000010004,525.3318399999999,0.01,0.001,0.001,1.0,0.0,0.0005,exchangeInfo.quotePrecision/baseSizePrecision/quoteAmountPrecision,1,False,0.9606432501057978,0.8979678238780694,0.9678238780694327,94.64105191415926
mexc,FETUSDT,FET-USDT,FET,USDT,True,1,True,0.2256,997625.2892,4305761.3,0.2257,5472.32,0.2258,1166.96,4.429678848283011,263.499568,0.0001,0.001,0.001,1.0,0.0,0.0005,exchangeInfo.quotePrecision/baseSizePrecision/quoteAmountPrecision,1,False,0.9551417689377909,0.9377646062658764,0.9292972057578324,94.56285656338207
mexc,ATOMUSDT,ATOM-USDT,ATOM,USDT,True,1,True,1.664,796528.6,474230.39,1.663,1777.9,1.664,1900.52,6.01142170123168,2956.6477,0.001,0.001,0.001,1.0,0.0,0.0005,exchangeInfo.quotePrecision/baseSizePrecision/quoteAmountPrecision,1,False,0.9449851883199323,0.90770533446232,0.9902624894157493,94.47206850746927
mexc,SHIBUSDT,SHIB-USDT,SHIB,USDT,True,1,True,5.727e-06,1982380.160349939,342914109220.0,5.725e-06,74868995.0,5.73e-06,199346373.0,8.729812309035271,428.624996375,1e-09,10000.0,10000.0,1.0,0.0,0.0005,exchangeInfo.quotePrecision/baseSizePrecision/quoteAmountPrecision,1,False,0.9741853575962759,0.8640982218458932,0.9593564775613886,94.36977976517028
mexc,FDUSDUSDT,FDUSD-USDT,FDUSD,USDT,True,1,True,0.9995,372392.1458,372602.82,0.9994,488077.41,0.9995,404596.91,1.0005503026674674,404394.611545,0.0001,0.0,0.0,1.0,0.0,0.0005,exchangeInfo.quotePrecision/baseSizePrecision/quoteAmountPrecision,1,False,0.898011002962336,0.9898391193903472,0.9991532599491956,94.11964834667108
mexc,CAKEUSDT,CAKE-USDT,CAKE,USDT,True,1,True,1.365,856860.644,627122.38,1.365,2074.3,1.366,2237.35,7.323324789455232,2831.4195000000004,0.001,0.001,0.001,1.0,0.0,0.0005,exchangeInfo.quotePrecision/baseSizePrecision/quoteAmountPrecision,1,False,0.9479475243334744,0.8831498729889924,0.9898391193903472,94.01264305087285
mexc,TAOUSDC,TAO-USDC,TAO,USDC,True,1,True,316.94,4557724.84,14061.27,316.62,0.25,316.78,0.25,5.05209977896963,79.155,0.01,0.0,0.0,1.0,0.0,0.0,exchangeInfo.quotePrecision/baseSizePrecision/quoteAmountPrecision,1,False,0.9856115107913669,0.9242167654530059,0.8314987298899238,93.94402682764881
mexc,OPUSDT,OP-USDT,OP,USDT,True,1,True,0.1033,1263344.0385,12011761.31,0.1033,28273.56,0.1034,23060.9,9.675858732462784,2384.49706,0.0001,0.01,0.01,1.0,0.0,0.0005,exchangeInfo.quotePrecision/baseSizePrecision/quoteAmountPrecision,1,False,0.9636055861193398,0.8467400508044031,0.9881456392887383,93.92972129244853
mexc,CHZUSDT,CHZ-USDT,CHZ,USDT,True,1,True,0.0359,3773768.66311,106796246.9,0.0359,7823.52,0.03591,1393.6,2.785127419578366,50.04417599999999,1e-05,0.001,0.001,1.0,0.0,0.0005,exchangeInfo.quotePrecision/baseSizePrecision/quoteAmountPrecision,1,False,0.9826491747778248,0.9674005080440304,0.7806943268416596,93.84460385071432
mexc,USDFUSDT,USDF-USDT,USDF,USDT,True,1,True,0.9986,343692.6015,344118.12,0.9986,3974.79,0.9987,2971.81,1.0013518249635907,2967.946647,0.0001,0.0,0.0,1.0,0.0,0.0005,exchangeInfo.quotePrecision/baseSizePrecision/quoteAmountPrecision,1,False,0.8933559035124842,0.9894157493649449,0.9906858594411516,93.68368561613329
mexc,ZROUSDT,ZRO-USDT,ZRO,USDT,True,1,True,2.022,1259602.23,614332.55,2.022,49.42,2.023,1269.15,4.944375772560366,99.92724,0.001,0.0,0.0,1.0,0.0,0.0005,exchangeInfo.quotePrecision/baseSizePrecision/quoteAmountPrecision,1,False,0.9631823952602624,0.9276037256562235,0.8649449618966977,93.46402411865398
mexc,JSTUSDT,JST-USDT,JST,USDT,True,1,True,0.0603,931722.30965,15709460.16,0.06026,3366.64,0.06028,1512.0,3.3184005309439497,91.14336,1e-05,1.0,1.0,1.0,0.0,0.0005,exchangeInfo.quotePrecision/baseSizePrecision/quoteAmountPrecision,1,False,0.9496402877697842,0.9597798475867909,0.8556308213378493,93.3373284437649
mexc,CRVUSDT,CRV-USDT,CRV,USDT,True,1,True,0.2088,1093908.2609,5060582.59,0.2086,4810.88,0.2087,486.0,4.792715073088377,101.4282,0.0001,0.01,0.01,1.0,0.0,0.0005,exchangeInfo.quotePrecision/baseSizePrecision/quoteAmountPrecision,1,False,0.9572577232331781,0.9301439458086368,0.8683319220999153,93.26941186503903
mexc,METUSDT,MET-USDT,MET,USDT,True,1,True,0.1455,1103689.7473,7584459.82,0.1454,13811.28,0.1455,1481.2,6.87521485046332,215.5146,0.0001,0.0,0.0,1.0,0.0,0.0005,exchangeInfo.quotePrecision/baseSizePrecision/quoteAmountPrecision,1,False,0.958104104951333,0.890770533446232,0.9140558848433531,93.24610680534619
mexc,ETCUSDT,ETC-USDT,ETC,USDT,True,1,True,8.07,1572534.71,194479.237,8.07,1469.86,8.08,170.584,12.383900928792306,1378.31872,0.01,0.1,0.1,1.0,0.0,0.0005,exchangeInfo.quotePrecision/baseSizePrecision/quoteAmountPrecision,1,False,0.9691070672873466,0.8077900084674006,0.9839119390347163,93.17387769318341
mexc,AVAXUSDT,AVAX-USDT,AVAX,USDT,True,1,True,8.736,9134232.013,1035810.94,8.736,4.76,8.737,3.05,1.1446231328328802,26.64785,0.001,0.0001,0.0001,1.0,0.0,0.0005,exchangeInfo.quotePrecision/baseSizePrecision/quoteAmountPrecision,1,False,0.9919593736775285,0.9843353090601186,0.6977138018628282,93.1204243160236
mexc,BTCUSDT,BTC-USDT,BTC,USDT,True,1,True,66289.22,1112112258.87,16660.31151877,66294.08,0.00029757,66294.09,0.05479844,0.0015084302007880963,19.727129385599998,0.01,1e-06,1e-06,1.0,0.0,0.0005,exchangeInfo.quotePrecision/baseSizePrecision/quoteAmountPrecision,1,False,1.0,0.9991532599491956,0.6562235393734124,93.10330228619814
mexc,KATUSDT,KAT-USDT,KAT,USDT,True,1,True,0.01136,790027.35912,65563651.77,0.01137,57652.8,0.01138,64484.0,8.791208791208433,655.512336,1e-05,0.0,0.0,1.0,0.0,0.0005,exchangeInfo.quotePrecision/baseSizePrecision/quoteAmountPrecision,1,False,0.9441388066017774,0.8628281117696868,0.9737510584250635,92.9733583258412
mexc,BNTUSDT,BNT-USDT,BNT,USDT,True,1,True,0.2743,1041797.9718,3758254.88,0.2742,751.28,0.2744,797.12,7.29128691213919,206.00097599999998,0.0001,0.1,0.1,1.0,0.0,0.0005,exchangeInfo.quotePrecision/baseSizePrecision/quoteAmountPrecision,1,False,0.9564113415150233,0.8835732430143945,0.9106689246401355,92.90533335148886
mexc,BCHUSDT,BCH-USDT,BCH,USDT,True,1,True,472.1,13396621.6,28665.56737,472.0,0.12541,472.1,0.05272,2.1184196589349167,24.889112000000004,0.1,0.001,0.001,1.0,0.0,0.0005,exchangeInfo.quotePrecision/baseSizePrecision/quoteAmountPrecision,1,False,0.9944985188319933,0.9741744284504658,0.6888230313293818,92.82823987360892
mexc,BRLUSDT,BRL-USDT,BRL,USDT,True,1,True,0.1902,397241.6333,2085766.57,0.1902,2043510.99,0.1903,2034857.47,5.2562417871216285,387233.376541,0.0001,0.0,0.0,1.0,0.0,0.0005,exchangeInfo.quotePrecision/baseSizePrecision/quoteAmountPrecision,1,False,0.9030892932712653,0.9216765453005927,0.9987298899237934,92.68642256091029
mexc,CUSDT,C-USDT,C,USDT,True,1,True,0.0872,5556189.25245,61989299.59,0.08729,1980.0,0.08735,719.75,6.87127805771766,62.8701625,1e-05,0.0,0.0,1.0,0.0,0.0005,exchangeInfo.quotePrecision/baseSizePrecision/quoteAmountPrecision,1,False,0.9881506559458316,0.8911939034716342,0.8027095681625741,92.68232502706309
mexc,ETHUSDT,ETH-USDT,ETH,USDT,True,1,True,1991.23,581336350.35,289865.0957,1991.31,0.15065,1991.32,0.00868,0.05021807197751689,17.2846576,0.01,0.0001,0.0001,1.0,0.0,0.0005,exchangeInfo.quotePrecision/baseSizePrecision/quoteAmountPrecision,1,False,0.9995768091409225,0.997883149872989,0.6363251481795089,92.65030621316565
mexc,STEEMUSDT,STEEM-USDT,STEEM,USDT,True,1,True,0.0554,614742.17149,10855358.32,0.05538,6516.8,0.0554,1931.76,3.6107600649935345,107.019504,1e-05,5.0,5.0,1.0,0.0,0.0005,exchangeInfo.quotePrecision/baseSizePrecision/quoteAmountPrecision,1,False,0.9331358442657639,0.9525825571549534,0.8729889923793396,92.59681521107765
mexc,TIAUSDT,TIA-USDT,TIA,USDT,True,1,True,0.2962,660187.5029,2166955.25,0.2961,302.19,0.2962,1624.77,3.3766672294460407,89.47845899999999,0.0001,0.0,0.0,1.0,0.0,0.0005,exchangeInfo.quotePrecision/baseSizePrecision/quoteAmountPrecision,1,False,0.9373677528565383,0.955969517358171,0.8513971210838273,92.48240676274044
mexc,BDXUSDT,BDX-USDT,BDX,USDT,True,1,True,0.08294,976746.25223,11741316.63,0.08291,11571.79,0.08299,2990.95,9.644364074743429,248.21894049999997,1e-05,0.0001,0.0001,1.0,0.0,0.0005,exchangeInfo.quotePrecision/baseSizePrecision/quoteAmountPrecision,1,False,0.9530258146424038,0.8475867908552075,0.9250635055038103,92.1073596867886
mexc,ETHUSDC,ETH-USDC,ETH,USDC,True,1,True,1990.13,2437261.48,1218.86261,1990.24,0.01341,1990.74,0.04457,2.5119442951233113,26.6891184,0.01,1e-06,1e-06,1.0,0.0,0.0,exchangeInfo.quotePrecision/baseSizePrecision/quoteAmountPrecision,1,False,0.977147693609818,0.970787468247248,0.6985605419136325,91.98402069299385
mexc,RENDERUSDT,RENDER-USDT,RENDER,USDT,True,1,True,1.639,489977.163,289497.68,1.639,1123.97,1.64,206.57,6.099420555046599,338.77479999999997,0.001,0.0,0.0,1.0,0.0,0.0005,exchangeInfo.quotePrecision/baseSizePrecision/quoteAmountPrecision,1,False,0.9157850190435887,0.905588484335309,0.9479254868755292,91.96639789329069
mexc,SUNUSDT,SUN-USDT,SUN,USDT,True,1,True,0.016971,477330.093453,27851401.12,0.016968,5893.44,0.016971,7560.0,1.7678776628654533,99.99988992,1e-06,0.001,0.001,1.0,0.0,0.0005,exchangeInfo.quotePrecision/baseSizePrecision/quoteAmountPrecision,1,False,0.913245873889124,0.9767146486028789,0.8657917019475021,91.96222331792384
mexc,CRTRUSDT,CRTR-USDT,CRTR,USDT,True,1,True,0.03543,783401.44622,22052422.44,0.03544,8077.13,0.03547,6013.43,8.461429981667536,213.2963621,1e-05,0.0,0.0,1.0,0.0,0.0005,exchangeInfo.quotePrecision/baseSizePrecision/quoteAmountPrecision,1,False,0.9437156157426999,0.8683319220999153,0.9132091447925487,91.87683981419735
mexc,SHIBUSDC,SHIB-USDC,SHIB,USDC,True,1,True,5.724e-06,589231.63039159,101974217668.0,5.723e-06,15138176.0,5.725e-06,14773992.0,3.4940600978339456,84.5811042,1e-09,1e-06,1e-06,1.0,0.0,0.0,exchangeInfo.quotePrecision/baseSizePrecision/quoteAmountPrecision,1,False,0.9310198899703767,0.9546994072819645,0.8391193903471634,91.85596693736309
mexc,PEPEUSDT,PEPE-USDT,PEPE,USDT,True,1,True,3.264e-06,8407334.278010089,2550082446200.0,3.265e-06,18470022.0,3.268e-06,43479173.0,9.18414204806307,60.30462183,1e-09,0.0,0.0,1.0,0.0,0.0005,exchangeInfo.quotePrecision/baseSizePrecision/quoteAmountPrecision,1,False,0.9906898011002963,0.8526672311600338,0.7984758679085521,91.77413719768819
mexc,SOLUSDT,SOL-USDT,SOL,USDT,True,1,True,82.67,89674633.48,1070393.505,82.67,16.338,82.68,0.176,1.209555488358647,14.551680000000001,0.01,0.01,0.01,1.0,0.0,0.0005,exchangeInfo.quotePrecision/baseSizePrecision/quoteAmountPrecision,1,False,0.9991536182818451,0.9834885690093141,0.6083827265029635,91.7083177607936
mexc,QNTUSDT,QNT-USDT,QNT,USDT,True,1,True,71.07,602349.54,8425.49,71.03,0.81,71.04,4.29,1.4077567396361113,57.5343,0.01,0.01,0.01,1.0,0.0,0.0005,exchangeInfo.quotePrecision/baseSizePrecision/quoteAmountPrecision,1,False,0.9318662716885315,0.9822184589331076,0.7938187976291279,91.68448236877948
mexc,SAHARAUSDT,SAHARA-USDT,SAHARA,USDT,True,1,True,0.0246,604569.51619,23375227.77,0.02461,3420.0,0.02462,16290.4,4.062563477554171,84.1662,1e-05,0.0,0.0,1.0,0.0,0.0005,exchangeInfo.quotePrecision/baseSizePrecision/quoteAmountPrecision,1,False,0.932289462547609,0.9441151566469094,0.8374259102455546,91.62731756120233
mexc,BNBUSDT,BNB-USDT,BNB,USDT,True,1,True,611.13,24066094.83,39217.943,611.16,2.9091,611.17,0.0208,0.1636219351564783,12.712335999999999,0.01,0.001,0.001,1.0,0.0,0.0005,exchangeInfo.quotePrecision/baseSizePrecision/quoteAmountPrecision,1,False,0.9974608548455354,0.9974597798475868,0.5889077053344624,91.57499561938339
mexc,ASTERUSDT,ASTER-USDT,ASTER,USDT,True,1,True,0.6613,1447426.0234,2189074.67,0.6612,1104.4,0.6613,35.7,1.5122873345934063,23.608410000000003,0.0001,0.0,0.0,1.0,0.0,0.0005,exchangeInfo.quotePrecision/baseSizePrecision/quoteAmountPrecision,1,False,0.9669911129919594,0.9805249788314987,0.6820491109229466,91.33861790380418
mexc,CETUSUSDT,CETUS-USDT,CETUS,USDT,True,1,True,0.02537,697853.18361,27620006.42,0.02536,2291.84,0.02537,2412.02,3.9424403705892344,58.12106240000001,1e-05,0.0,0.0,1.0,0.0,0.0005,exchangeInfo.quotePrecision/baseSizePrecision/quoteAmountPrecision,1,False,0.9399068980110029,0.9470787468247248,0.7959356477561389,91.29056101634606
mexc,PENDLEUSDT,PENDLE-USDT,PENDLE,USDT,True,1,True,1.153,442002.904,379442.36,1.153,850.16,1.154,2753.68,8.669267446899783,980.23448,0.001,0.0001,0.0001,1.0,0.0,0.0005,exchangeInfo.quotePrecision/baseSizePrecision/quoteAmountPrecision,1,False,0.909437156157427,0.8649449618966977,0.980948348856901,91.26163461321396
mexc,RSRUSDT,RSR-USDT,RSR,USDT,True,1,True,0.001617,339431.821384,201148704.28,0.001616,462839.81,0.001617,597457.12,6.186204763377148,747.94913296,1e-06,5.0,5.0,1.0,0.0,0.0005,exchangeInfo.quotePrecision/baseSizePrecision/quoteAmountPrecision,1,False,0.8925095217943293,0.9038950042337003,0.9771380186282811,91.22815917709625
mexc,LINKUSDC,LINK-USDC,LINK,USDC,True,1,True,8.536,520509.255,60368.98,8.53,7.63,8.532,10.23,2.3443910444269935,65.0839,0.001,0.0,0.0,1.0,0.0,0.0,exchangeInfo.quotePrecision/baseSizePrecision/quoteAmountPrecision,1,False,0.9217096910706729,0.9724809483488569,0.8056731583403896,91.11951988441623
mexc,VIRTUALUSDT,VIRTUAL-USDT,VIRTUAL,USDT,True,1,True,0.6488,293880.7391,445222.9,0.6489,702.8,0.649,247.52,1.5409507666228366,160.64048000000003,0.0001,0.0,0.0,1.0,0.0,0.0005,exchangeInfo.quotePrecision/baseSizePrecision/quoteAmountPrecision,1,False,0.8810833685992383,0.9801016088060965,0.9009314140558848,90.98075377422822
mexc,UNIUSDC,UNI-USDC,UNI,USDC,True,1,True,3.364,1153546.25,337701.35,3.36,33.42,3.364,35.16,11.89767995240929,112.2912,0.001,0.001,0.001,1.0,0.0,0.0,exchangeInfo.quotePrecision/baseSizePrecision/quoteAmountPrecision,1,False,0.9589504866694879,0.8175275190516511,0.8776460626587638,90.73338599628839
mexc,BNBUSDC,BNB-USDC,BNB,USDC,True,1,True,610.99,1236654.54,2016.25,610.95,0.04,611.14,0.05,3.1094272925879576,24.438000000000002,0.01,0.0001,0.0001,1.0,0.0,0.0,exchangeInfo.quotePrecision/baseSizePrecision/quoteAmountPrecision,1,False,0.96191282268303,0.9631668077900085,0.6858594411515665,90.7015642653482
mexc,LDOUSDT,LDO-USDT,LDO,USDT,True,1,True,0.2978,308007.6347,1059443.23,0.2976,581.53,0.2977,872.57,3.359650596339476,173.06332799999998,0.0001,0.0001,0.0001,1.0,0.0,0.0005,exchangeInfo.quotePrecision/baseSizePrecision/quoteAmountPrecision,1,False,0.8848920863309353,0.9576629974597799,0.903471634208298,90.68007236886191
mexc,FFUSDT,FF-USDT,FF,USDT,True,1,True,0.07056,275175.9945,3881756.71,0.07055,2335.88,0.07056,179340.85,1.4173339947553147,164.796334,1e-05,0.0,0.0,1.0,0.0,0.0005,exchangeInfo.quotePrecision/baseSizePrecision/quoteAmountPrecision,1,False,0.8743123148539992,0.9817950889077053,0.9022015241320914,90.67608502230442
mexc,KNCUSDT,KNC-USDT,KNC,USDT,True,1,True,0.149,1884457.5692,10918065.95,0.149,1045.28,0.1491,222.0,6.709158000672038,33.1002,0.0001,0.001,0.001,1.0,0.0,0.0005,exchangeInfo.quotePrecision/baseSizePrecision/quoteAmountPrecision,1,False,0.9729157850190436,0.8933107535986452,0.7303132938187976,90.4494028923895
mexc,HUMAUSDT,HUMA-USDT,HUMA,USDT,True,1,True,0.01474,1219396.3858,79977285.42,0.01472,8270.53,0.01473,2800.0,6.791171477079519,41.244,1e-05,0.0,0.0,1.0,0.0,0.0005,exchangeInfo.quotePrecision/baseSizePrecision/quoteAmountPrecision,1,False,0.9614896318239526,0.892887383573243,0.7595258255715496,90.39463085107947
mexc,XMNUSDT,XMN-USDT,XMN,USDT,True,1,True,0.00825,597586.82255,72487832.14,0.00824,33678.7,0.00825,34565.19,12.128562765311816,277.512488,1e-05,0.0,0.0,1.0,0.0,0.0005,exchangeInfo.quotePrecision/baseSizePrecision/quoteAmountPrecision,1,False,0.931443080829454,0.8128704487722269,0.9335309060118544,90.22174878516273
mexc,XDCUSDT,XDC-USDT,XDC,USDT,True,1,True,0.03038,873932.86096,28262369.94,0.03038,1943.85,0.0304,1656.21,6.581112207962878,50.348784,1e-05,0.0,0.0,1.0,0.0,0.0005,exchangeInfo.quotePrecision/baseSizePrecision/quoteAmountPrecision,1,False,0.9483707151925519,0.8950042337002541,0.7819644369178662,90.17478391645403
mexc,MNTUSDT,MNT-USDT,MNT,USDT,True,1,True,0.6711,1865857.488,2746499.66,0.6711,29.91,0.6714,34.86,4.4692737430162675,20.072601000000002,0.0001,0.0,0.0,1.0,0.0,0.0005,exchangeInfo.quotePrecision/baseSizePrecision/quoteAmountPrecision,1,False,0.9724925941599661,0.9373412362404742,0.6600338696020321,90.12130097685065
mexc,DOGEUSDT,DOGE-USDT,DOGE,USDT,True,1,True,0.08998,18917283.68323,209490832.04,0.08997,1060.25,0.08998,100.0,1.111419838845235,8.998000000000001,1e-05,1.0,1.0,1.0,0.0,0.0005,exchangeInfo.quotePrecision/baseSizePrecision/quoteAmountPrecision,1,False,0.9966144731273805,0.9860287891617273,0.5270956816257409,90.00642938356394
mexc,SENTUSDT,SENT-USDT,SENT,USDT,True,1,True,0.01582,428508.89621,25624838.54,0.01582,7171.2,0.01583,30456.8,6.319115323854403,113.448384,1e-05,0.0,0.0,1.0,0.0,0.0005,exchangeInfo.quotePrecision/baseSizePrecision/quoteAmountPrecision,1,False,0.9077443927211172,0.8996613039796783,0.8789161727349704,89.99579765385282
mexc,ATLAUSDT,ATLA-USDT,ATLA,USDT,True,1,True,286.1105,7963569.5317,27886.94,285.4252,1.14,286.1125,1.65,24.050906878058726,325.384728,0.0001,0.0,0.0,1.0,0.0,0.0005,exchangeInfo.quotePrecision/baseSizePrecision/quoteAmountPrecision,1,False,0.9902666102412188,0.6629974597798476,0.9449618966977138,89.93883799171749
mexc,SLVONUSDT,SLVON-USDT,SLVON,USDT,True,1,True,62.9,449922.79,7112.29,62.88,2.5,62.93,22.54,7.948493760431947,157.20000000000002,0.01,0.0,0.0,1.0,0.0,0.0005,exchangeInfo.quotePrecision/baseSizePrecision/quoteAmountPrecision,1,False,0.9098603470165044,0.8746824724809483,0.9000846740050804,89.91107437803308
mexc,XRPBRL,XRP-BRL,XRP,BRL,True,1,True,6.984,2891993.102,412322.09,6.976,58.58,6.992,134.72,22.909507445589938,408.65407999999996,0.001,0.0,0.0,5.0,0.0,0.0005,exchangeInfo.quotePrecision/baseSizePrecision/quoteAmountPrecision,1,False,0.9796868387642826,0.676545300592718,0.9555461473327689,89.90733159350887
mexc,NIGHTUSDT,NIGHT-USDT,NIGHT,USDT,True,1,True,0.04709,1777921.09512,39164746.6,0.04718,292.39,0.04719,3088.0,2.1193175797399726,13.794960199999998,1e-05,0.0,0.0,1.0,0.0,0.0005,exchangeInfo.quotePrecision/baseSizePrecision/quoteAmountPrecision,1,False,0.9712230215827338,0.9737510584250635,0.6028789161727349,89.81862097113165
mexc,ZKUSDT,ZK-USDT,ZK,USDT,True,1,True,0.01716,307633.11038,17587691.06,0.01716,13154.0,0.01717,108734.08,5.8258083309056765,225.72264,1e-05,0.0,0.0,1.0,0.0,0.0005,exchangeInfo.quotePrecision/baseSizePrecision/quoteAmountPrecision,1,False,0.8844688954718578,0.9119390347163421,0.9178662150719729,89.80158942030019
mexc,APEUSDT,APE-USDT,APE,USDT,True,1,True,0.0856,409155.427,4668535.31,0.0857,6429.14,0.0858,36190.79,11.661807580175264,550.977298,0.0001,0.01,0.01,1.0,0.0,0.0005,exchangeInfo.quotePrecision/baseSizePrecision/quoteAmountPrecision,1,False,0.9047820567075752,0.8200677392040643,0.9699407281964437,89.66352116294712
mexc,ARBUSDT,ARB-USDT,ARB,USDT,True,1,True,0.08921,1185060.93981,13026337.6,0.0892,29934.08,0.08924,236.45,4.483299708585337,21.100797999999998,1e-05,0.0,0.0,1.0,0.0,0.0005,exchangeInfo.quotePrecision/baseSizePrecision/quoteAmountPrecision,1,False,0.9602200592467203,0.9364944961896697,0.6697713801862828,89.61989326703701
mexc,POLUSDT,POL-USDT,POL,USDT,True,1,True,0.09022,1053115.16929,11468884.71,0.09027,208.53,0.0903,7977.4,3.3228110981893164,18.824003100000002,1e-05,0.0,0.0,1.0,0.0,0.0005,exchangeInfo.quotePrecision/baseSizePrecision/quoteAmountPrecision,1,False,0.9568345323741008,0.9593564775613886,0.6477561388653683,89.56493399691765
mexc,CCUSDT,CC-USDT,CC,USDT,True,1,True,0.14087,577115.88691,4047673.61,0.14083,4012.77,0.14101,1432.51,12.773204655122463,201.9982351,1e-05,0.0,0.0,1.0,0.0,0.0005,exchangeInfo.quotePrecision/baseSizePrecision/quoteAmountPrecision,1,False,0.9297503173931443,0.8018628281117697,0.9089754445385266,89.36234705018772
mexc,PIUSDT,PI-USDT,PI,USDT,True,1,True,0.17637,559709.58191,3177137.94,0.17637,425.2,0.17651,960.4,7.934708682838429,74.992524,1e-05,0.0,0.0,1.0,0.0,0.0005,exchangeInfo.quotePrecision/baseSizePrecision/quoteAmountPrecision,1,False,0.9272111722386797,0.8755292125317528,0.823454699407282,89.35393877456686
mexc,FLOWUSDT,FLOW-USDT,FLOW,USDT,True,1,True,0.03061,489254.27928,15774421.97,0.03061,38205.92,0.03064,4651.61,9.795918367347673,142.5253304,1e-05,0.0001,0.0001,1.0,0.0,0.0005,exchangeInfo.quotePrecision/baseSizePrecision/quoteAmountPrecision,1,False,0.9153618281845112,0.8441998306519898,0.8937341236240475,89.32457878892882
mexc,KITEUSDT,KITE-USDT,KITE,USDT,True,1,True,0.1752,287850.75518,1503672.77,0.17547,1976.88,0.1756,1576.72,7.40593044122363,276.872032,1e-05,0.0,0.0,1.0,0.0,0.0005,exchangeInfo.quotePrecision/baseSizePrecision/quoteAmountPrecision,1,False,0.8793906051629284,0.8827265029635902,0.93268416596105,89.08832917727183
mexc,XUSDUSDT,XUSD-USDT,XUSD,USDT,True,1,True,1.0004,1343595.9793,1343020.74,1.0004,18280.68,1.0005,10.09,0.999550202408806,10.095044999999999,0.0001,0.0,0.0,1.0,0.0,0.0005,exchangeInfo.quotePrecision/baseSizePrecision/quoteAmountPrecision,1,False,0.965721540414727,0.9917442845046571,0.5486875529212532,88.88204289385149
mexc,KAVAUSDT,KAVA-USDT,KAVA,USDT,True,1,True,0.05146,1267371.31557,22795901.21,0.05143,626.0,0.05148,1295.28,9.717228646390327,32.19518,1e-05,0.0001,0.0001,1.0,0.0,0.0005,exchangeInfo.quotePrecision/baseSizePrecision/quoteAmountPrecision,1,False,0.9640287769784173,0.8458933107535986,0.7252328535139713,88.67357257293234
mexc,TAOUSDT,TAO-USDT,TAO,USDT,True,1,True,317.43,21480672.11,66230.65,316.9,0.03,316.99,0.022,2.8396093959529836,6.97378,0.01,0.01,0.01,1.0,0.0,0.0005,exchangeInfo.quotePrecision/baseSizePrecision/quoteAmountPrecision,1,False,0.9970376639864579,0.9665537679932261,0.4796782387806943,88.59448049469972
mexc,4USDT,4-USDT,4,USDT,True,1,True,0.011592,518798.893908,41873776.92,0.011573,81237.31,0.011593,43196.54,17.2666839333499,500.77748821999995,1e-06,0.0,0.0,1.0,0.0,0.0005,exchangeInfo.quotePrecision/baseSizePrecision/quoteAmountPrecision,1,False,0.920863309352518,0.7438611346316681,0.9635901778154107,88.51581393648841
mexc,FILUSDT,FIL-USDT,FIL,USDT,True,1,True,0.8246,3343044.7622,3962171.418,0.8243,32.909,0.8247,13.278,4.85142510612439,10.9503666,0.0001,0.0001,0.0001,1.0,0.0,0.0005,exchangeInfo.quotePrecision/baseSizePrecision/quoteAmountPrecision,1,False,0.980956411341515,0.9280270956816258,0.5656223539373413,88.4657270945708
mexc,STOUSDT,STO-USDT,STO,USDT,True,1,True,0.11259,1169329.51908,11202510.48,0.11249,1921.44,0.11273,11770.0,21.312494449870368,216.14278560000002,1e-05,0.0,0.0,1.0,0.0,0.0005,exchangeInfo.quotePrecision/baseSizePrecision/quoteAmountPrecision,1,False,0.9597968683876428,0.6922099915325994,0.9149026248941575,88.3921300475185
mexc,LTCUSDC,LTC-USDC,LTC,USDC,True,1,True,53.61,1157190.24,21426.57,53.61,0.48,53.62,0.2,1.8651496782613095,10.724,0.01,0.0001,0.0001,1.0,0.0,0.0,exchangeInfo.quotePrecision/baseSizePrecision/quoteAmountPrecision,1,False,0.9593736775285654,0.9750211685012701,0.5622353937341237,88.38578935128534
mexc,ZENUSDT,ZEN-USDT,ZEN,USDT,True,1,True,5.109,527869.101,101028.85,5.108,32.78,5.11,4.3,3.914660403211329,21.973,0.001,0.001,0.001,1.0,0.0,0.0005,exchangeInfo.quotePrecision/baseSizePrecision/quoteAmountPrecision,1,False,0.9229792636479052,0.9479254868755292,0.676545300592718,87.99290268437738
mexc,LYNUSDT,LYN-USDT,LYN,USDT,True,1,True,0.05307,793194.74473,15964536.09,0.05303,4886.0,0.05314,4582.84,20.72148441179222,243.53211760000002,1e-05,0.0,0.0,1.0,0.0,0.0005,exchangeInfo.quotePrecision/baseSizePrecision/quoteAmountPrecision,1,False,0.9445619974608549,0.6998306519898392,0.9242167654530059,87.93101146915313
mexc,GIGGLEUSDT,GIGGLE-USDT,GIGGLE,USDT,True,1,True,23.86,246159.3,10155.52,23.86,9.85,23.87,3.78,4.190236748376938,90.2286,0.01,0.0,0.0,1.0,0.0,0.0005,exchangeInfo.quotePrecision/baseSizePrecision/quoteAmountPrecision,1,False,0.8599238256453661,0.9419983065198984,0.8530906011854361,87.90758009720132
mexc,APTUSDT,APT-USDT,APT,USDT,True,1,True,0.95,2559588.9955,2589308.47,0.9496,12.62,0.9502,2937.05,6.316454363617696,11.983951999999999,0.0001,0.0001,0.0001,1.0,0.0,0.0005,exchangeInfo.quotePrecision/baseSizePrecision/quoteAmountPrecision,1,False,0.9784172661870504,0.9000846740050804,0.5787468247248095,87.89000298491098
mexc,CFXUSDT,CFX-USDT,CFX,USDT,True,1,True,0.05671,253274.14668,4353107.73,0.05672,984.0,0.05673,1756.0,1.7628911414725539,55.81248,1e-05,0.0001,0.0001,1.0,0.0,0.0005,exchangeInfo.quotePrecision/baseSizePrecision/quoteAmountPrecision,1,False,0.8662716885315277,0.9771380186282811,0.7904318374259103,87.88203008345926
mexc,STORJUSDT,STORJ-USDT,STORJ,USDT,True,1,True,0.09089,451979.52167,4623714.65,0.0908,11070.4,0.09091,1188.0,12.10720378625271,108.00108,1e-05,0.5,0.5,1.0,0.0,0.0005,exchangeInfo.quotePrecision/baseSizePrecision/quoteAmountPrecision,1,False,0.9102835378755819,0.8132938187976291,0.8738357324301439,87.87465470170062
mexc,TFUELUSDT,TFUEL-USDT,TFUEL,USDT,True,1,True,0.01147,544046.64672,46792815.24,0.01147,41432.8,0.01148,3933.6,8.714596949892226,45.157728,1e-05,0.0,0.0,1.0,0.0,0.0005,exchangeInfo.quotePrecision/baseSizePrecision/quoteAmountPrecision,1,False,0.9242488362251375,0.8645215918712955,0.770956816257409,87.86586211431313
mexc,YGGUSDT,YGG-USDT,YGG,USDT,True,1,True,0.03473,224473.55692,6221493.4,0.03473,2520.0,0.03474,2520.0,2.8789405498785263,87.5196,1e-05,0.0001,0.0001,1.0,0.0,0.0005,exchangeInfo.quotePrecision/baseSizePrecision/quoteAmountPrecision,1,False,0.8510368176047397,0.9661303979678239,0.8450465707027942,87.86121633151217
mexc,TRIAUSDT,TRIA-USDT,TRIA,USDT,True,1,True,0.02696,369111.26905,12972337.02,0.02688,12626.3,0.02692,14845.05,14.869888475835825,339.394944,1e-05,0.0,0.0,1.0,0.0,0.0005,exchangeInfo.quotePrecision/baseSizePrecision/quoteAmountPrecision,1,False,0.8971646212441812,0.7726502963590178,0.9483488569009314,87.62728871542404
mexc,FARTCOINUSDT,FARTCOIN-USDT,FARTCOIN,USDT,True,1,True,0.16643,343225.156,2016634.37,0.16635,660.46,0.16652,1944.48,10.214197734851652,109.86752100000001,1e-05,0.0,0.0,1.0,0.0,0.0005,exchangeInfo.quotePrecision/baseSizePrecision/quoteAmountPrecision,1,False,0.8929327126534067,0.84038950042337,0.8746824724809483,87.61468615614059
mexc,BTCEUR,BTC-EUR,BTC,EUR,True,1,True,57500.89,1930206.61,33.31978,57495.56,0.00773,57673.33,0.0274,30.871184049790543,444.4406788,0.01,0.0,0.0,1.0,0.0,0.0,exchangeInfo.quotePrecision/baseSizePrecision/quoteAmountPrecision,1,False,0.973338975878121,0.5939881456392888,0.9606265876375952,87.5958790670308
mexc,XMRUSDT,XMR-USDT,XMR,USDT,True,1,True,325.62,2406258.27,7371.813,325.49,0.062,325.85,0.958,11.054134553382678,20.18038,0.01,0.001,0.001,1.0,0.0,0.0005,exchangeInfo.quotePrecision/baseSizePrecision/quoteAmountPrecision,1,False,0.9767245027507406,0.825571549534293,0.6608806096528366,87.5767485827048
mexc,ALEOUSDT,ALEO-USDT,ALEO,USDT,True,1,True,0.05296,888020.27915,16506309.35,0.05293,1106.0,0.05301,2826.94,15.102888427412436,58.54058,1e-05,0.0,0.0,1.0,0.0,0.0005,exchangeInfo.quotePrecision/baseSizePrecision/quoteAmountPrecision,1,False,0.9487939060516293,0.7692633361558001,0.7972057578323455,87.35936339338153
mexc,NEARUSDT,NEAR-USDT,NEAR,USDT,True,1,True,1.1656,5112872.2353,4301104.38,1.1655,4.51,1.1656,643.51,0.8579640513061557,5.256405,0.0001,0.0001,0.0001,1.0,0.0,0.0005,exchangeInfo.quotePrecision/baseSizePrecision/quoteAmountPrecision,1,False,0.9864578925095218,0.9932260795935648,0.4127857747671465,87.34155157320575
mexc,MORPHOUSDT,MORPHO-USDT,MORPHO,USDT,True,1,True,1.5062,260787.5137,171334.18,1.5049,94.71,1.5062,108.44,8.63471820929281,142.52907899999997,0.0001,0.0,0.0,1.0,0.0,0.0005,exchangeInfo.quotePrecision/baseSizePrecision/quoteAmountPrecision,1,False,0.8692340245450698,0.8653683319220999,0.8941574936494496,87.32522952102033
mexc,ADAUSDC,ADA-USDC,ADA,USDC,True,1,True,0.245,470788.2354,1899197.18,0.2449,365.82,0.2451,179.05,8.163265306122684,43.885155000000005,0.0001,0.001,0.001,1.0,0.0,0.0,exchangeInfo.quotePrecision/baseSizePrecision/quoteAmountPrecision,1,False,0.9123994921709692,0.871718882303133,0.7650296359017782,87.27553684501721
mexc,DCRUSDT,DCR-USDT,DCR,USDT,True,1,True,20.731,1250857.667,58736.72,20.72,1.27,20.742,1.04,10.612126766678895,21.57168,0.001,0.001,0.001,1.0,0.0,0.0005,exchangeInfo.quotePrecision/baseSizePrecision/quoteAmountPrecision,1,False,0.9623360135421075,0.8344623200677392,0.6740050804403048,87.27014035531549
mexc,TLMUSDT,TLM-USDT,TLM,USDT,True,1,True,0.001606,262235.139221,156751758.48,0.001605,54000.0,0.001606,54000.0,6.2285892245401175,86.67,1e-06,0.0001,0.0001,1.0,0.0,0.0005,exchangeInfo.quotePrecision/baseSizePrecision/quoteAmountPrecision,1,False,0.8696572154041473,0.9022015241320914,0.842506350550381,87.23631196153802
mexc,ORDIUSDT,ORDI-USDT,ORDI,USDT,True,1,True,2.165,236634.886,106890.57,2.164,39.6,2.165,45.15,4.62000462000411,85.69440000000002,0.001,0.0,0.0,1.0,0.0,0.0005,exchangeInfo.quotePrecision/baseSizePrecision/quoteAmountPrecision,1,False,0.8565382987727465,0.9322607959356477,0.84038950042337,87.22391633935965
mexc,RESOLVUSDT,RESOLV-USDT,RESOLV,USDT,True,1,True,0.0406,732750.61714,17021759.55,0.04058,23470.56,0.04069,20929.11,27.070259628398915,851.6054859,1e-05,0.0,0.0,1.0,0.0,0.0005,exchangeInfo.quotePrecision/baseSizePrecision/quoteAmountPrecision,1,False,0.9415996614473128,0.6329381879762912,0.9792548687552921,87.19653345411533
mexc,ALGOUSDT,ALGO-USDT,ALGO,USDT,True,1,True,0.08149,806788.35258,9868676.48,0.08147,194.73,0.08152,245.67,6.1353457267310265,15.8646531,1e-05,0.001,0.001,1.0,0.0,0.0005,exchangeInfo.quotePrecision/baseSizePrecision/quoteAmountPrecision,1,False,0.9471011426153195,0.9047417442845047,0.6240474174428451,87.1900547998121
mexc,ALICEUSDT,ALICE-USDT,ALICE,USDT,True,1,True,0.10978,652801.74856,5791570.68,0.10968,2687.6,0.10992,2128.34,21.857923497268132,233.94713280000002,1e-05,0.0001,0.0001,1.0,0.0,0.0005,exchangeInfo.quotePrecision/baseSizePrecision/quoteAmountPrecision,1,False,0.9369445619974609,0.6867061812023709,0.9212531752751905,87.12466894542345
mexc,TRXUSDC,TRX-USDC,TRX,USDC,True,1,True,0.3101,255120.9225,818008.89,0.3101,143.32,0.3102,174.25,3.224246332419442,44.443532,0.0001,0.001,0.001,1.0,0.0,0.0,exchangeInfo.quotePrecision/baseSizePrecision/quoteAmountPrecision,1,False,0.8671180702496826,0.9618966977138018,0.7679932260795935,87.09877582816947
mexc,SEIUSDT,SEI-USDT,SEI,USDT,True,1,True,0.05426,1342663.65028,24006170.42,0.05425,153.23,0.05427,149.34,3.6859565057130825,8.1046818,1e-05,0.0,0.0,1.0,0.0,0.0005,exchangeInfo.quotePrecision/baseSizePrecision/quoteAmountPrecision,1,False,0.9652983495556496,0.9513124470787468,0.5097375105842507,87.06897061421441
mexc,FLOKIUSDT,FLOKI-USDT,FLOKI,USDT,True,1,True,2.749e-05,149728.80730623,5341868792.0,2.749e-05,36076033.0,2.75e-05,29992431.0,3.63702491362124,824.7918525,1e-08,1.0,1.0,1.0,0.0,0.0005,exchangeInfo.quotePrecision/baseSizePrecision/quoteAmountPrecision,1,False,0.7934828607702074,0.9521591871295513,0.97883149872989,87.02216699519799
mexc,THEUSDT,THE-USDT,THE,USDT,True,1,True,0.1083,333178.3344,2994295.73,0.1082,24207.44,0.1084,12045.92,18.467220683286413,1305.777728,0.0001,0.0,0.0,1.0,0.0,0.0005,exchangeInfo.quotePrecision/baseSizePrecision/quoteAmountPrecision,1,False,0.8912399492170969,0.7281964436917866,0.983065198983912,86.88441227891323
mexc,BONKUSDT,BONK-USDT,BONK,USDT,True,1,True,5.668e-06,761903.149006665,132096954548.0,5.661e-06,26934313.0,5.67e-06,10640448.0,15.885623510723242,60.331340159999996,1e-09,0.0,0.0,1.0,0.0,0.0005,exchangeInfo.quotePrecision/baseSizePrecision/quoteAmountPrecision,1,False,0.9432924248836225,0.7603725656223539,0.7988992379339542,86.86838226783718
mexc,LITUSDT,LIT-USDT,LIT,USDT,True,1,True,0.8546,1019901.8712,1173003.89,0.8543,11.79,0.8547,183.7,4.681100058514534,10.072197,0.0001,0.0,0.0,1.0,0.0,0.0005,exchangeInfo.quotePrecision/baseSizePrecision/quoteAmountPrecision,1,False,0.9559881506559458,0.9309906858594411,0.5465707027942421,86.78552948844789
mexc,ATHUSDT,ATH-USDT,ATH,USDT,True,1,True,0.007277,435372.203944,60024153.58,0.007278,7097.0,0.007285,6613.21,9.613403831628185,48.17723485,1e-06,0.0,0.0,1.0,0.0,0.0005,exchangeInfo.quotePrecision/baseSizePrecision/quoteAmountPrecision,1,False,0.9081675835801947,0.8488569009314141,0.7768839966130398,86.70831955245686
mexc,BEAMXUSDT,BEAMX-USDT,BEAMX,USDT,True,1,True,0.001655,229141.155385,135824133.95,0.001655,54000.0,0.001656,108987.2,6.040471156749719,89.37,1e-06,0.0,0.0,1.0,0.0,0.0005,exchangeInfo.quotePrecision/baseSizePrecision/quoteAmountPrecision,1,False,0.8544223444773593,0.9072819644369179,0.8505503810330228,86.68628567783817
mexc,XAIUSDT,XAI-USDT,XAI,USDT,True,1,True,0.009123,247708.68287,25979689.51,0.00912,109337.44,0.00913,28938.08,10.958904109588596,264.2046704,1e-06,0.0,0.0,1.0,0.0,0.0005,exchangeInfo.quotePrecision/baseSizePrecision/quoteAmountPrecision,1,False,0.8620397799407533,0.8268416596104996,0.9297205757832345,86.67764090266861
mexc,GRTUSDT,GRT-USDT,GRT,USDT,True,1,True,0.02354,253137.2185,10624356.3,0.02353,1895.2,0.02354,2177.6,4.248990864669468,44.594056,1e-05,0.001,0.001,1.0,0.0,0.0005,exchangeInfo.quotePrecision/baseSizePrecision/quoteAmountPrecision,1,False,0.8658484976724503,0.941151566469094,0.7684165961049958,86.51878845581204
mexc,MWXTUSDT,MWXT-USDT,MWXT,USDT,True,1,True,0.07939,487301.70673,6111101.2,0.07937,584.89,0.07946,1493.21,11.332871623749512,46.4227193,1e-05,0.0,0.0,1.0,0.0,0.0005,exchangeInfo.quotePrecision/baseSizePrecision/quoteAmountPrecision,1,False,0.9149386373254338,0.823454699407282,0.7722269263336156,86.35253106475322
mexc,ONTUSDT,ONT-USDT,ONT,USDT,True,1,True,0.05256,547252.87458,10734767.76,0.05258,1440.8,0.05265,910.4,13.304190820108452,47.93256,1e-05,0.1,0.1,1.0,0.0,0.0005,exchangeInfo.quotePrecision/baseSizePrecision/quoteAmountPrecision,1,False,0.924672027084215,0.7963590177815411,0.7764606265876376,86.29514946592312
mexc,REDUSDT,RED-USDT,RED,USDT,True,1,True,0.1075,246748.3075,2231143.82,0.1074,5446.29,0.1075,1061.6,9.30665425779459,114.12199999999999,0.0001,0.0,0.0,1.0,0.0,0.0005,exchangeInfo.quotePrecision/baseSizePrecision/quoteAmountPrecision,1,False,0.8611933982225984,0.8522438611346317,0.8797629127857748,86.2669916863242
mexc,FARMUSDT,FARM-USDT,FARM,USDT,True,1,True,11.23,481796.87,42542.024,11.22,21.384,11.24,9.631,17.809439002671034,108.25244,0.01,0.001,0.001,1.0,0.0,0.0005,exchangeInfo.quotePrecision/baseSizePrecision/quoteAmountPrecision,1,False,0.9140922556072789,0.7366638441998307,0.8742591024555462,86.17685221250704
mexc,AVAXUSDC,AVAX-USDC,AVAX,USDC,True,1,True,8.73,716067.945,81233.27,8.731,1.03,8.734,5.2,3.4354423131979543,8.99293,0.001,0.0001,0.0001,1.0,0.0,0.0,exchangeInfo.quotePrecision/baseSizePrecision/quoteAmountPrecision,1,False,0.9407532797291579,0.9555461473327689,0.5266723116003387,86.16353030042968
mexc,ENSOUSDT,ENSO-USDT,ENSO,USDT,True,1,True,1.0635,212706.7997,206872.42,1.0618,6168.72,1.0633,4057.1,14.116982730222906,4313.91443,0.0001,0.0,0.0,1.0,0.0,0.0005,exchangeInfo.quotePrecision/baseSizePrecision/quoteAmountPrecision,1,False,0.8468049090139653,0.7840812870448772,0.993649449618967,86.04929116426938
mexc,GCOINUSDT,GCOIN-USDT,GCOIN,USDT,True,1,True,0.0008992,518500.7706861,554442465.49,0.0008991,12359066.05,0.0008994,12425.53,3.3361134278560254,11.175521682,1e-07,0.0,0.0,1.0,0.0,0.0005,exchangeInfo.quotePrecision/baseSizePrecision/quoteAmountPrecision,1,False,0.9204401184934405,0.9585097375105842,0.5681625740897545,85.95020143669893
mexc,SOLUSDC,SOL-USDC,SOL,USDC,True,1,True,82.62,930371.28,11113.85,82.62,1.58,82.64,0.08,2.4204284158291203,6.6112,0.01,1e-06,1e-06,1.0,0.0,0.0,exchangeInfo.quotePrecision/baseSizePrecision/quoteAmountPrecision,1,False,0.9492170969107068,0.9716342082980525,0.4703640982218459,85.90507750197712
mexc,PIXELUSDT,PIXEL-USDT,PIXEL,USDT,True,1,True,0.009039,639360.859031,69431271.85,0.009018,5545.52,0.009033,6500.0,16.619577862721613,50.00949936000001,1e-06,0.001,0.001,1.0,0.0,0.0005,exchangeInfo.quotePrecision/baseSizePrecision/quoteAmountPrecision,1,False,0.9360981802793059,0.7523285351397121,0.7802709568162574,85.89903243017977
mexc,BLUAIUSDT,BLUAI-USDT,BLUAI,USDT,True,1,True,0.006423,985273.969131,133728418.66,0.006417,12939.7,0.00643,8374.4,20.238187903790752,53.847392,1e-06,0.0,0.0,1.0,0.0,0.0005,exchangeInfo.quotePrecision/baseSizePrecision/quoteAmountPrecision,1,False,0.9538721963605586,0.7053344623200677,0.7874682472480948,85.84569730279432
mexc,ENJUSDT,ENJ-USDT,ENJ,USDT,True,1,True,0.01977,277128.43558,13281960.74,0.01976,4836.48,0.01977,1683.12,5.059448520111102,33.275282399999995,1e-05,5.0,5.0,1.0,0.0,0.0005,exchangeInfo.quotePrecision/baseSizePrecision/quoteAmountPrecision,1,False,0.8747355057130766,0.9237933954276037,0.7320067739204065,85.84542317831743
mexc,MUSDT,M-USDT,M,USDT,True,1,True,2.2128,692463.46924,319312.43,2.21132,145.0,2.21371,9.43,10.802186651840419,20.875285299999998,1e-05,0.0,0.0,1.0,0.0,0.0005,exchangeInfo.quotePrecision/baseSizePrecision/quoteAmountPrecision,1,False,0.939060516292848,0.8293818797629128,0.6672311600338696,85.72749859085687
mexc,BTCUSDE,BTC-USDE,BTC,USDE,True,1,True,66386.58,960245.79,14.40794,66201.26,0.00413,66406.81,0.0039,31.001129870904975,258.986559,0.01,0.0,0.0,1.0,0.0,0.0,exchangeInfo.quotePrecision/baseSizePrecision/quoteAmountPrecision,1,False,0.9517562420651714,0.59229466553768,0.9267569856054191,85.68909966413482
mexc,SUIUSDC,SUI-USDC,SUI,USDC,True,1,True,0.8769,633335.7542,710769.56,0.8768,8.76,0.877,14.2,2.2807617744324094,7.680768,0.0001,0.0,0.0,1.0,0.0,0.0,exchangeInfo.quotePrecision/baseSizePrecision/quoteAmountPrecision,1,False,0.9344054168429962,0.9733276883996613,0.4961896697713802,85.64928353178392
mexc,JTOUSDT,JTO-USDT,JTO,USDT,True,1,True,0.2967,155224.4422,502143.94,0.2967,1027.6,0.2968,419.28,3.36983993260283,124.442304,0.0001,0.0,0.0,1.0,0.0,0.0005,exchangeInfo.quotePrecision/baseSizePrecision/quoteAmountPrecision,1,False,0.799830723656369,0.9568162574089755,0.8848433530906011,85.60796329813671
mexc,BTCUSDF,BTC-USDF,BTC,USDF,True,1,True,66370.55,158567.07,2.37404,66370.4,0.0036,66407.51,0.00441,5.589785228582163,238.93343999999996,0.01,0.0,0.0,1.0,0.0,0.0005,exchangeInfo.quotePrecision/baseSizePrecision/quoteAmountPrecision,1,False,0.8040626322471435,0.9170194750211685,0.9229466553767993,85.6078647566581
mexc,WIFUSDT,WIF-USDT,WIF,USDT,True,1,True,0.1708,963703.6667,5479036.27,0.1707,78.7,0.1708,51.13,5.856515373353835,8.733004000000001,0.0001,0.0,0.0,1.0,0.0,0.0005,exchangeInfo.quotePrecision/baseSizePrecision/quoteAmountPrecision,1,False,0.9521794329242488,0.9115156646909399,0.5220152413209145,85.59806525452547
mexc,MUBARAKUSDT,MUBARAK-USDT,MUBARAK,USDT,True,1,True,0.011327,226681.247458,19857665.5,0.011321,42445.95,0.011331,7920.0,8.829242450998876,89.74152000000001,1e-06,0.0,0.0,1.0,0.0,0.0005,exchangeInfo.quotePrecision/baseSizePrecision/quoteAmountPrecision,1,False,0.8523063901819721,0.8619813717188823,0.8518204911092294,85.46279557516512
mexc,BPUSDT,BP-USDT,BP,USDT,True,1,True,0.1599,381756.3098,2648042.68,0.1597,132.26,0.1598,584.85,6.259780907667541,21.121922,0.0001,0.0,0.0,1.0,0.0,0.0005,exchangeInfo.quotePrecision/baseSizePrecision/quoteAmountPrecision,1,False,0.9001269572577232,0.901354784081287,0.6706181202370872,85.4532146559487
mexc,KASUSDT,KAS-USDT,KAS,USDT,True,1,True,0.034615,1630476.903182,46428113.47,0.034617,1736.3,0.034618,112.16,0.28887123564699935,3.8827548800000002,1e-06,0.001,0.001,1.0,0.0,0.0005,exchangeInfo.quotePrecision/baseSizePrecision/quoteAmountPrecision,1,False,0.9699534490055015,0.9966130397967824,0.3585944115156647,85.43465392053544
mexc,BERAUSDT,BERA-USDT,BERA,USDT,True,1,True,0.4539,287537.6162,631820.06,0.4533,1102.17,0.4542,3939.79,19.834710743801917,499.61366100000004,0.0001,0.0,0.0,1.0,0.0,0.0005,exchangeInfo.quotePrecision/baseSizePrecision/quoteAmountPrecision,1,False,0.8789674143038511,0.7099915325994919,0.9631668077900085,85.35633225749928
mexc,MXUSDT,MX-USDT,MX,USDT,True,1,True,1.7807,3949702.653,2208054.49,1.7806,1.71,1.7807,1252.95,0.5615926768314322,3.044826,0.0001,0.01,0.01,1.0,0.0,0.0005,exchangeInfo.quotePrecision/baseSizePrecision/quoteAmountPrecision,1,False,0.9843419382141346,0.9953429297205758,0.31329381879762913,85.2882562207444
mexc,IPUSDT,IP-USDT,IP,USDT,True,1,True,0.5523,1202096.973,2073699.57,0.5515,62.26,0.5526,62.16,19.925731364912416,34.33639,0.0001,0.0,0.0,1.0,0.0,0.0005,exchangeInfo.quotePrecision/baseSizePrecision/quoteAmountPrecision,1,False,0.9610664409648751,0.7074513124470787,0.7353937341236241,85.2528117467176
mexc,RTXUSDT,RTX-USDT,RTX,USDT,True,1,True,1.614,2084745.637,1290796.57,1.615,96.45,1.618,13.17,18.558614290133708,21.309060000000002,0.001,0.0,0.0,1.0,0.0,0.0005,exchangeInfo.quotePrecision/baseSizePrecision/quoteAmountPrecision,1,False,0.9750317393144308,0.7258679085520745,0.672311600338696,85.21967538286947
mexc,NEWTUSDT,NEWT-USDT,NEWT,USDT,True,1,True,0.07018,313003.77403,4355037.36,0.07009,17498.77,0.07022,2817.92,18.530396978120606,197.87434240000002,1e-05,0.0,0.0,1.0,0.0,0.0005,exchangeInfo.quotePrecision/baseSizePrecision/quoteAmountPrecision,1,False,0.8870080406263224,0.7265029635901779,0.9081287044877223,85.11059041395663
mexc,FLUXUSDT,FLUX-USDT,FLUX,USDT,True,1,True,0.04927,634396.4808,12979378.4,0.0492,1545.9,0.04926,400.0,12.187690432662514,19.704,1e-05,0.1,0.1,1.0,0.0,0.0005,exchangeInfo.quotePrecision/baseSizePrecision/quoteAmountPrecision,1,False,0.9348286077020737,0.8111769686706181,0.655376799322608,84.80253362683166
mexc,XTZUSDT,XTZ-USDT,XTZ,USDT,True,1,True,0.3506,228458.4249,638210.68,0.3505,180.32,0.3508,271.92,8.555539711964137,63.20215999999999,0.0001,0.1,0.1,1.0,0.0,0.0005,exchangeInfo.quotePrecision/baseSizePrecision/quoteAmountPrecision,1,False,0.8539991536182818,0.8670618120237087,0.8031329381879763,84.70915751335775
mexc,AUSDT,A-USDT,A,USDT,True,1,True,0.07368,207416.09562,2775789.15,0.0736,4494.4,0.07371,28356.88,14.934491887855406,330.78783999999996,1e-05,0.0,0.0,1.0,0.0,0.0005,exchangeInfo.quotePrecision/baseSizePrecision/quoteAmountPrecision,1,False,0.8446889547185781,0.7718035563082134,0.9462320067739204,84.67762155270555
mexc,PROPSUSDT,PROPS-USDT,PROPS,USDT,True,1,True,0.00524,181061.934237,34382326.54,0.005238,21774.28,0.005241,14540.6,5.725737188663801,76.20728460000001,1e-06,0.001,0.001,1.0,0.0,0.0005,exchangeInfo.quotePrecision/baseSizePrecision/quoteAmountPrecision,1,False,0.8214134574693187,0.9153259949195597,0.8259949195596952,84.58078842499543
mexc,AIXBTUSDT,AIXBT-USDT,AIXBT,USDT,True,1,True,0.02312,697071.49088,28613241.31,0.02312,796.99,0.02315,882.2,12.967365463582784,18.4264088,1e-05,0.0,0.0,1.0,0.0,0.0005,exchangeInfo.quotePrecision/baseSizePrecision/quoteAmountPrecision,1,False,0.9394837071519255,0.7993226079593565,0.6430990685859441,84.5166504640587
mexc,STXUSDT,STX-USDT,STX,USDT,True,1,True,0.2227,157019.8743,694402.84,0.2226,396.0,0.2227,715.92,4.491354143274949,88.14959999999999,0.0001,0.0,0.0,1.0,0.0,0.0005,exchangeInfo.quotePrecision/baseSizePrecision/quoteAmountPrecision,1,False,0.8027930596699111,0.9352243861134631,0.8471634208298052,84.4774963512778
mexc,DEXEUSDT,DEXE-USDT,DEXE,USDT,True,1,True,7.28,519743.588,71668.77,7.278,19.93,7.281,1.1,4.121162167731457,8.0091,0.001,0.001,0.001,1.0,0.0,0.0005,exchangeInfo.quotePrecision/baseSizePrecision/quoteAmountPrecision,1,False,0.9212865002115954,0.9432684165961049,0.5067739204064352,84.38794633466908
mexc,API3USDT,API3-USDT,API3,USDT,True,1,True,0.2661,148424.2455,548617.67,0.266,1424.56,0.2661,324.0,3.7586919751922188,86.21640000000001,0.0001,0.001,0.001,1.0,0.0,0.0005,exchangeInfo.quotePrecision/baseSizePrecision/quoteAmountPrecision,1,False,0.7917900973338976,0.9508890770533446,0.8420829805249789,84.16234189019757
mexc,EVAUSDT,EVA-USDT,EVA,USDT,True,1,True,29.02,201678.36,6899.53,29.01,35.16,29.05,6.66,13.778849466069289,193.473,0.01,0.0,0.0,1.0,0.0,0.0005,exchangeInfo.quotePrecision/baseSizePrecision/quoteAmountPrecision,1,False,0.8413034278459586,0.7891617273497036,0.9072819644369179,84.14637100400869
mexc,OGUSDT,OG-USDT,OG,USDT,True,1,True,2.48,147272.31,57801.74,2.48,36.0,2.481,36.0,4.031445273129973,89.28,0.001,0.0001,0.0001,1.0,0.0,0.0005,exchangeInfo.quotePrecision/baseSizePrecision/quoteAmountPrecision,1,False,0.7909437156157427,0.9449618966977138,0.8501270110076207,84.12849199646112
mexc,1INCHUSDT,1INCH-USDT,1INCH,USDT,True,1,True,0.08714,185241.11277,2083031.45,0.08707,18419.44,0.0872,6008.4,14.919377976703407,523.9324799999999,1e-05,0.0002,0.0002,1.0,0.0,0.0005,exchangeInfo.quotePrecision/baseSizePrecision/quoteAmountPrecision,1,False,0.826491747778248,0.7722269263336156,0.9674005080440304,84.11072944702465
mexc,DYDXUSDT,DYDX-USDT,DYDX,USDT,True,1,True,0.0901,281400.4206,3036184.45,0.09001,476.0,0.09011,7652.58,11.103708638684099,42.84476,1e-05,0.0001,0.0001,1.0,0.0,0.0005,exchangeInfo.quotePrecision/baseSizePrecision/quoteAmountPrecision,1,False,0.8772746508675413,0.8247248094834886,0.7620660457239627,84.10954694928125
mexc,CKUSDTUSDT,CKUSDT-USDT,CKUSDT,USDT,True,1,True,0.9992,129870.853,129956.15,0.9992,468.91,0.9995,104.85,3.001951268325191,104.797575,0.0001,0.0,0.0,1.0,0.0,0.0005,exchangeInfo.quotePrecision/baseSizePrecision/quoteAmountPrecision,1,False,0.774016081252645,0.9644369178662151,0.8704487722269263,84.09078286008938
mexc,XRPUSD1,XRP-USD1,XRP,USD1,True,1,True,1.3267,421508.8067,315548.54,1.3263,1628.27,1.3306,1744.2,32.368549813692425,2159.574501,0.0001,0.0,0.0,1.0,0.0001,0.0001,exchangeInfo.quotePrecision/baseSizePrecision/quoteAmountPrecision,1,False,0.9073212018620398,0.5757832345469941,0.9872988992379339,84.04322495084571
mexc,IDOLUSDT,IDOL-USDT,IDOL,USDT,True,1,True,0.0246,495607.64462,20531422.9,0.02459,2530.78,0.02464,103906.03,20.312817387770856,62.231880200000006,1e-05,0.0,0.0,1.0,0.0,0.0005,exchangeInfo.quotePrecision/baseSizePrecision/quoteAmountPrecision,1,False,0.9166314007617435,0.7040643522438612,0.8005927180355631,84.02819020870369
mexc,EIGENUSDT,EIGEN-USDT,EIGEN,USDT,True,1,True,0.1722,228310.4292,1283994.19,0.1722,1741.14,0.1725,1418.48,17.406440382941383,244.68779999999998,0.0001,0.0,0.0,1.0,0.0,0.0005,exchangeInfo.quotePrecision/baseSizePrecision/quoteAmountPrecision,1,False,0.8535759627592044,0.7421676545300593,0.9246401354784082,83.9936720245759
mexc,MYXUSDT,MYX-USDT,MYX,USDT,True,1,True,0.25063,416372.78536,1573636.35,0.24951,314.22,0.25003,3336.67,20.81915362133022,78.4010322,1e-05,0.0,0.0,1.0,0.0,0.0005,exchangeInfo.quotePrecision/baseSizePrecision/quoteAmountPrecision,1,False,0.9064748201438849,0.6985605419136325,0.8293818797629128,83.90776625101275
mexc,VANAUSDT,VANA-USDT,VANA,USDT,True,1,True,1.215,171038.796,135896.0,1.215,736.37,1.216,83.42,8.227067050595556,101.43872,0.001,0.0,0.0,1.0,0.0,0.0005,exchangeInfo.quotePrecision/baseSizePrecision/quoteAmountPrecision,1,False,0.8137960220059247,0.8704487722269263,0.8687552921253175,83.89510635850537
mexc,XRPUSDC,XRP-USDC,XRP,USDC,True,1,True,1.3276,971005.4602,727448.76,1.3276,75.0,1.3281,3.59,3.7654855593641376,4.767879,0.0001,0.0001,0.0001,1.0,0.0,0.0,exchangeInfo.quotePrecision/baseSizePrecision/quoteAmountPrecision,1,False,0.9526026237833263,0.9504657070279424,0.3861134631668078,83.87705624711766
mexc,GUNUSDT,GUN-USDT,GUN,USDT,True,1,True,0.01695,553339.01872,31508365.89,0.01696,13255.2,0.01697,472.8,5.894488653109102,8.023416,1e-05,0.0,0.0,1.0,0.0,0.0005,exchangeInfo.quotePrecision/baseSizePrecision/quoteAmountPrecision,1,False,0.9259415996614473,0.9106689246401355,0.5080440304826418,83.85439170703583
mexc,SUIUSDE,SUI-USDE,SUI,USDE,True,1,True,0.8766,470184.2508,527424.25,0.8758,1069.48,0.8787,854.99,33.057851239669574,751.279713,0.0001,0.0,0.0,1.0,0.0,0.0,exchangeInfo.quotePrecision/baseSizePrecision/quoteAmountPrecision,1,False,0.9119763013118917,0.565198983911939,0.9775613886536834,83.83989894302618
mexc,TTNUSDT,TTN-USDT,TTN,USDT,True,1,True,0.08976,953844.21078,10633945.73,0.08976,307.57,0.08977,39.09,1.114019940956511,3.5091093000000004,1e-05,0.0,0.0,1.0,0.0,0.0005,exchangeInfo.quotePrecision/baseSizePrecision/quoteAmountPrecision,1,False,0.9513330512060939,0.9856054191363252,0.34081287044877223,83.77971070371875
mexc,CVXUSDT,CVX-USDT,CVX,USDT,True,1,True,1.668,217914.558,129286.46,1.667,46.96,1.669,53.15,11.990407673860922,78.28232,0.001,0.1,0.1,1.0,0.0,0.0005,exchangeInfo.quotePrecision/baseSizePrecision/quoteAmountPrecision,1,False,0.8484976724502751,0.8154106689246401,0.8289585097375106,83.63180890263135
mexc,PLUMEUSDT,PLUME-USDT,PLUME,USDT,True,1,True,0.0101,296064.543722,27709088.41,0.0101,3277.39,0.010112,14489.6,11.874134177716067,33.101639,1e-06,0.0,0.0,1.0,0.0,0.0005,exchangeInfo.quotePrecision/baseSizePrecision/quoteAmountPrecision,1,False,0.8815065594583157,0.8183742591024555,0.7307366638441999,83.55695052465275
mexc,BARDUSDT,BARD-USDT,BARD,USDT,True,1,True,0.3517,377645.2533,986786.29,0.3514,29.73,0.3516,573.92,5.689900426743485,10.447122,0.0001,0.0,0.0,1.0,0.0,0.0005,exchangeInfo.quotePrecision/baseSizePrecision/quoteAmountPrecision,1,False,0.8997037663986458,0.915749364944962,0.5580016934801016,83.5374751451516
mexc,LINKEUR,LINK-EUR,LINK,EUR,True,1,True,7.421,621807.524,82998.06,7.4,36.62,7.426,35.1,35.07351949278268,260.6526,0.001,0.0,0.0,1.0,0.0,0.0,exchangeInfo.quotePrecision/baseSizePrecision/quoteAmountPrecision,1,False,0.9339822259839188,0.5444538526672311,0.9276037256562235,83.53244325892078
mexc,ZAMAUSDT,ZAMA-USDT,ZAMA,USDT,True,1,True,0.02397,131624.50715,5514141.59,0.02397,3894.4,0.02398,34150.4,4.171011470281373,93.348768,1e-05,0.0,0.0,1.0,0.0,0.0005,exchangeInfo.quotePrecision/baseSizePrecision/quoteAmountPrecision,1,False,0.7765552264071096,0.9428450465707028,0.8581710414902625,83.44508444646385
mexc,OSHIUSDT,OSHI-USDT,OSHI,USDT,True,1,True,0.030096,300654.968182,9969561.12,0.030095,248.49,0.030096,235.38,0.33227558937415896,7.083996480000001,1e-06,0.0,0.0,1.0,0.0,0.0005,exchangeInfo.quotePrecision/baseSizePrecision/quoteAmountPrecision,1,False,0.8827761320355481,0.9961896697713802,0.4830651989839119,83.11873298591789
mexc,XRPUSDE,XRP-USDE,XRP,USDE,True,1,True,1.329,549547.3788,411267.06,1.3267,91.77,1.331,218.03,32.35880648681168,121.75125899999999,0.0001,0.0,0.0,1.0,0.0,0.0,exchangeInfo.quotePrecision/baseSizePrecision/quoteAmountPrecision,1,False,0.9255184088023699,0.5762066045723963,0.884419983065199,82.99707725974423
mexc,BTCUSD1,BTC-USD1,BTC,USD1,True,1,True,66216.72,1100074.83,16.48381,66216.4,0.00147,66353.74,0.00025,20.71959794264546,16.588435,0.01,0.0,0.0,1.0,0.0001,0.0001,exchangeInfo.quotePrecision/baseSizePrecision/quoteAmountPrecision,1,False,0.9576809140922556,0.7002540220152413,0.6299745977984759,82.77829278142462
mexc,BCHUSDC,BCH-USDC,BCH,USDC,True,1,True,472.2,1016142.9,2177.28,471.9,0.01,472.2,0.05,6.355258976803546,4.719,0.1,0.0001,0.0001,1.0,0.0,0.0,exchangeInfo.quotePrecision/baseSizePrecision/quoteAmountPrecision,1,False,0.9555649597968684,0.899237933954276,0.3835732430143946,82.70848599797256
mexc,DEGOUSDT,DEGO-USDT,DEGO,USDT,True,1,True,0.3395,1123855.1827,3286688.98,0.3396,68.97,0.3404,59.6,23.529411764704925,20.28784,0.0001,0.01,0.01,1.0,0.0,0.0005,exchangeInfo.quotePrecision/baseSizePrecision/quoteAmountPrecision,1,False,0.9585272958104105,0.6697713801862828,0.6621507197290432,82.70630016881051
mexc,MANTRAUSDT,MANTRA-USDT,MANTRA,USDT,True,1,True,0.01196,156322.5843,12713998.22,0.01195,169062.4,0.01197,231676.0,16.722408026755172,2020.29568,1e-05,0.0,0.0,1.0,0.0,0.0005,exchangeInfo.quotePrecision/baseSizePrecision/quoteAmountPrecision,1,False,0.8011002962336013,0.7510584250635055,0.9860287891617273,82.55755270267026
mexc,LUNCUSDT,LUNC-USDT,LUNC,USDT,True,1,True,3.642e-05,302074.68073539,8188614098.12,3.64e-05,279033.89,3.642e-05,944035.17,5.492996429553199,10.156833596,1e-08,0.001,0.001,1.0,0.0,0.0005,exchangeInfo.quotePrecision/baseSizePrecision/quoteAmountPrecision,1,False,0.8831993228946254,0.9182895850973751,0.5508044030482642,82.54929044760406
mexc,PROMPTUSDT,PROMPT-USDT,PROMPT,USDT,True,1,True,0.02884,638981.13392,21353231.75,0.02883,520.36,0.02885,200.0,6.934812760055196,5.7700000000000005,1e-05,0.0,0.0,1.0,0.0,0.0005,exchangeInfo.quotePrecision/baseSizePrecision/quoteAmountPrecision,1,False,0.9356749894202285,0.8890770533446232,0.4428450465707028,82.54595168314222
mexc,SUSHIUSDT,SUSHI-USDT,SUSHI,USDT,True,1,True,0.1881,129735.8214,677095.56,0.1882,628.0,0.1883,468.0,5.312084993359309,88.1244,0.0001,0.1,0.1,1.0,0.0,0.0005,exchangeInfo.quotePrecision/baseSizePrecision/quoteAmountPrecision,1,False,0.7735928903935675,0.9204064352243861,0.8467400508044031,82.49257086834393
mexc,BABYUSDT,BABY-USDT,BABY,USDT,True,1,True,0.0126,144634.03853,11254298.01,0.01259,7465.61,0.0126,51958.41,7.939658594680106,93.9920299,1e-05,0.0,0.0,1.0,0.0,0.0005,exchangeInfo.quotePrecision/baseSizePrecision/quoteAmountPrecision,1,False,0.789250952179433,0.8751058425063506,0.859441151566469,82.47527146385696
mexc,FILUSDC,FIL-USDC,FIL,USDC,True,1,True,0.8244,611046.0166,724459.632,0.8237,12.645,0.8245,9.549,9.707559762165063,7.8731504999999995,0.0001,0.0001,0.0001,1.0,0.0,0.0,exchangeInfo.quotePrecision/baseSizePrecision/quoteAmountPrecision,1,False,0.9327126534066864,0.8463166807790008,0.5008467400508044,82.47404775785887
mexc,SCRUSDT,SCR-USDT,SCR,USDT,True,1,True,0.04133,145019.46432,3462940.93,0.04133,1346.96,0.04135,1346.96,4.837929366231055,55.6698568,1e-05,0.0,0.0,1.0,0.0,0.0005,exchangeInfo.quotePrecision/baseSizePrecision/quoteAmountPrecision,1,False,0.7896741430385104,0.9284504657070279,0.790008467400508,82.44350885780393
mexc,KAIAUSDT,KAIA-USDT,KAIA,USDT,True,1,True,0.04635,322955.65083,6905647.44,0.04627,110745.44,0.04643,45039.04,34.51995685005402,2091.1626272,1e-05,0.001,0.001,1.0,0.0,0.0005,exchangeInfo.quotePrecision/baseSizePrecision/quoteAmountPrecision,1,False,0.8887008040626323,0.5516511430990686,0.9868755292125317,82.40733338517214
mexc,KAITOUSDT,KAITO-USDT,KAITO,USDT,True,1,True,0.3841,268601.9977,690209.45,0.3841,20.88,0.3842,1158.74,2.603149811271352,8.020007999999999,0.0001,0.0,0.0,1.0,0.0,0.0005,exchangeInfo.quotePrecision/baseSizePrecision/quoteAmountPrecision,1,False,0.8709267879813796,0.9699407281964437,0.5076206604572396,82.30190475303176
mexc,BATUSDT,BAT-USDT,BAT,USDT,True,1,True,0.09312,177524.24505,1846694.36,0.09308,4300.64,0.0932,1004.0,12.883830792356559,93.5728,1e-05,0.001,0.001,1.0,0.0,0.0005,exchangeInfo.quotePrecision/baseSizePrecision/quoteAmountPrecision,1,False,0.8197206940330088,0.7997459779847587,0.8585944115156647,82.25017585174776
mexc,STRKUSDT,STRK-USDT,STRK,USDT,True,1,True,0.03356,228060.73275,6662291.06,0.03355,491.47,0.03357,687.75,5.959475566149934,16.488818500000004,1e-05,0.0,0.0,1.0,0.0,0.0005,exchangeInfo.quotePrecision/baseSizePrecision/quoteAmountPrecision,1,False,0.853152771900127,0.9085520745131245,0.6295512277730737,82.22822887279658
mexc,COCAUSDT,COCA-USDT,COCA,USDT,True,1,True,1.24634,260756.54857,207855.92,1.24656,39.04,1.24713,8.13,4.57153856333531,10.139166900000001,1e-05,0.0,0.0,1.0,0.0,0.0005,exchangeInfo.quotePrecision/baseSizePrecision/quoteAmountPrecision,1,False,0.8688108336859924,0.9331075359864521,0.5499576629974597,82.11143751234009
mexc,HUSDT,H-USDT,H,USDT,True,1,True,0.08247,492528.37574,5890118.04,0.08236,601.12,0.08246,138.05,12.134449702706329,11.383603000000003,1e-05,0.0,0.0,1.0,0.0,0.0005,exchangeInfo.quotePrecision/baseSizePrecision/quoteAmountPrecision,1,False,0.916208209902666,0.8120237087214225,0.5702794242167655,82.09763274701751
mexc,WAXPUSDT,WAXP-USDT,WAXP,USDT,True,1,True,0.006335,157319.417675,24115313.95,0.00632,288683.2,0.006331,82477.6,17.38992964982962,522.1656856000001,1e-06,0.001,0.001,1.0,0.0,0.0005,exchangeInfo.quotePrecision/baseSizePrecision/quoteAmountPrecision,1,False,0.8032162505289886,0.7425910245554614,0.9669771380186283,82.08121215335348
mexc,USDCBRL,USDC-BRL,USDC,BRL,True,1,True,5.259,994949.103,189391.0,5.255,1.34,5.262,1.32,13.311780926118994,6.94584,0.001,0.0,0.0,5.0,0.0,0.0005,exchangeInfo.quotePrecision/baseSizePrecision/quoteAmountPrecision,1,False,0.9547185780787135,0.7959356477561389,0.47840812870448773,81.97607556232248
mexc,LAYERUSDT,LAYER-USDT,LAYER,USDT,True,1,True,0.07566,158782.70931,2030165.01,0.0756,2817.22,0.07571,13515.27,14.539686735840194,212.981832,1e-05,0.0,0.0,1.0,0.0,0.0005,exchangeInfo.quotePrecision/baseSizePrecision/quoteAmountPrecision,1,False,0.8049090139652983,0.7777307366638442,0.9127857747671465,81.96897968003046
mexc,OIL(USOON)USDT,OIL(USOON)-USDT,OIL(USOON),USDT,True,1,True,126.31,98347.25,803.13,126.3,2.02,126.32,15.8,1.5834059061037147,255.126,0.01,0.0,0.0,1.0,0.0,0.0005,exchangeInfo.quotePrecision/baseSizePrecision/quoteAmountPrecision,1,False,0.7084214980956411,0.97883149872989,0.9259102455546148,81.95217477459981
mexc,BSVUSDT,BSV-USDT,BSV,USDT,True,1,True,13.51,195665.51,14420.0159,13.49,43.40215,13.51,6.00369,14.8148148148145,81.1098519,0.01,0.001,0.001,1.0,0.0,0.0005,exchangeInfo.quotePrecision/baseSizePrecision/quoteAmountPrecision,1,False,0.834109183241642,0.7739204064352244,0.8344623200677392,81.9132616405257
mexc,TURBOUSDT,TURBO-USDT,TURBO,USDT,True,1,True,0.0010035,165257.6911589,163088447.25,0.0010027,215528.0,0.0010043,254086.94,15.944195316393014,216.1099256,1e-07,0.0,0.0,1.0,0.0,0.0005,exchangeInfo.quotePrecision/baseSizePrecision/quoteAmountPrecision,1,False,0.8082945408379179,0.7582557154953429,0.9144792548687553,81.70217773084416
mexc,QKCUSDT,QKC-USDT,QKC,USDT,True,1,True,0.002933,271846.986033,92106869.34,0.002931,55113.09,0.002935,8994.4,13.637913399250246,26.398564,1e-06,0.001,0.001,1.0,0.0,0.0005,exchangeInfo.quotePrecision/baseSizePrecision/quoteAmountPrecision,1,False,0.8717731696995344,0.7912785774767146,0.6964436917866215,81.65836260612468
mexc,ONDOUSDT,ONDO-USDT,ONDO,USDT,True,1,True,0.26542,9239151.67856,33817773.63,0.26539,5.01,0.26547,5.01,3.0139773198195,1.3296039,1e-05,0.0,0.0,1.0,0.0,0.0005,exchangeInfo.quotePrecision/baseSizePrecision/quoteAmountPrecision,1,False,0.992382564536606,0.9640135478408128,0.14817950889077053,81.64496992334907
mexc,BZRUSDT,BZR-USDT,BZR,USDT,True,1,True,51.772,278577.951,5343.95,51.754,0.44,51.823,0.46,13.323421222858862,22.77176,0.001,0.0,0.0,1.0,0.0,0.0005,exchangeInfo.quotePrecision/baseSizePrecision/quoteAmountPrecision,1,False,0.8755818874312314,0.7950889077053345,0.6795088907705334,81.62440431676177
mexc,WALUSDT,WAL-USDT,WAL,USDT,True,1,True,0.07035,371056.37033,5203917.43,0.0703,149.62,0.07037,2040.23,9.952370796900633,10.518286,1e-05,0.0,0.0,1.0,0.0,0.0005,exchangeInfo.quotePrecision/baseSizePrecision/quoteAmountPrecision,1,False,0.8975878121032586,0.842506350550381,0.5592718035563082,81.61542450056491
mexc,FIDAUSDT,FIDA-USDT,FIDA,USDT,True,1,True,0.0131,116335.20754,8556897.34,0.0131,12397.64,0.01311,42050.0,7.630675314765046,162.409084,1e-05,0.01,0.01,1.0,0.0,0.0005,exchangeInfo.quotePrecision/baseSizePrecision/quoteAmountPrecision,1,False,0.7541261108760051,0.8789161727349704,0.901354784081287,81.47693609818029
mexc,MEUSDT,ME-USDT,ME,USDT,True,1,True,0.0974,130228.38686,1305484.97,0.0973,23832.46,0.0974,1404.0,10.272213662044466,136.7496,1e-05,0.0,0.0,1.0,0.0,0.0005,exchangeInfo.quotePrecision/baseSizePrecision/quoteAmountPrecision,1,False,0.7748624629707999,0.838272650296359,0.8911939034716342,81.39812979023566
mexc,AVNTUSDT,AVNT-USDT,AVNT,USDT,True,1,True,0.1331,123910.452,892838.84,0.133,684.0,0.1331,1718.24,7.515971439307703,90.97200000000001,0.0001,0.0,0.0,1.0,0.0,0.0005,exchangeInfo.quotePrecision/baseSizePrecision/quoteAmountPrecision,1,False,0.7676682183664832,0.8810330228619814,0.8547840812870449,81.34325920744702
mexc,SANTOSUSDT,SANTOS-USDT,SANTOS,USDT,True,1,True,1.0023,236458.4987,231339.12,1.0028,418.42,1.005,88.2,21.914533320051603,88.64099999999999,0.0001,0.01,0.01,1.0,0.0,0.0005,exchangeInfo.quotePrecision/baseSizePrecision/quoteAmountPrecision,1,False,0.8561151079136691,0.6862828111769687,0.8484335309060118,81.21207183279625
mexc,COWUSDT,COW-USDT,COW,USDT,True,1,True,0.1927,154628.9882,772686.87,0.1925,903.42,0.1928,2210.01,15.572281339215923,173.90834999999998,0.0001,0.0001,0.0001,1.0,0.0,0.0005,exchangeInfo.quotePrecision/baseSizePrecision/quoteAmountPrecision,1,False,0.7994075327972916,0.7624894157493649,0.9038950042337003,81.10754978225917
mexc,PLNUSDT,PLN-USDT,PLN,USDT,True,1,True,0.00635,161692.34112,25530039.74,0.00635,27554.95,0.00636,19803.56,15.73564122738074,125.95064160000001,1e-05,0.0,0.0,1.0,0.0,0.0005,exchangeInfo.quotePrecision/baseSizePrecision/quoteAmountPrecision,1,False,0.8057553956834532,0.7612193056731583,0.8861134631668078,81.06929866775504
mexc,COMPUSDT,COMP-USDT,COMP,USDT,True,1,True,18.32,111010.3,6034.628,18.31,28.011,18.33,37.007,10.917030567685357,512.88141,0.01,0.001,0.001,1.0,0.0,0.0005,exchangeInfo.quotePrecision/baseSizePrecision/quoteAmountPrecision,1,False,0.7439695302581464,0.8281117696867062,0.9661303979678239,80.94372636572218
mexc,NMRUSDT,NMR-USDT,NMR,USDT,True,1,True,6.464,185169.369,28041.247,6.46,15.492,6.472,15.492,18.558614290133708,100.07832,0.001,0.001,0.001,1.0,0.0,0.0005,exchangeInfo.quotePrecision/baseSizePrecision/quoteAmountPrecision,1,False,0.8260685569191706,0.7258679085520745,0.8666384419983065,80.91323718432237
mexc,ENAUSDC,ENA-USDC,ENA,USDC,True,1,True,0.08887,358698.79423,3872953.61,0.08887,1124.67,0.08916,127488.48,32.57877885749577,99.94942290000002,1e-05,0.0,0.0,1.0,0.0,0.0,exchangeInfo.quotePrecision/baseSizePrecision/quoteAmountPrecision,1,False,0.8958950486669488,0.5728196443691786,0.8653683319220999,80.90208542435366
mexc,ENAUSDT,ENA-USDT,ENA,USDT,True,1,True,0.089,4309792.09123,46513714.03,0.08904,4682.68,0.08907,14.75,3.3687047330304023,1.3137824999999999,1e-05,0.0,0.0,1.0,0.0,0.0005,exchangeInfo.quotePrecision/baseSizePrecision/quoteAmountPrecision,1,False,0.9851883199322895,0.9572396274343776,0.13420829805249787,80.80051424318533
mexc,SUSDT,S-USDT,S,USDT,True,1,True,0.04003,308525.44259,7580361.03,0.04003,121.42,0.04004,200.0,2.497814412388191,4.860442600000001,1e-05,0.0,0.0,1.0,0.0,0.0005,exchangeInfo.quotePrecision/baseSizePrecision/quoteAmountPrecision,1,False,0.8857384680490902,0.9712108382726503,0.3895004233700254,80.78589516691673
mexc,WALLETUSDT,WALLET-USDT,WALLET,USDT,True,1,True,0.0097,156768.61515,15949095.13,0.0097,42265.34,0.00972,71314.66,20.59732234809391,409.973798,1e-05,0.0,0.0,1.0,0.0,0.0005,exchangeInfo.quotePrecision/baseSizePrecision/quoteAmountPrecision,1,False,0.8019466779517562,0.7013124470787468,0.9563928873835732,80.76773621198673
mexc,AMPUSDT,AMP-USDT,AMP,USDT,True,1,True,0.001099,138478.869439,124321196.49,0.001098,79200.0,0.001099,65437.6,9.103322712789401,71.9159224,1e-06,0.0,0.0,1.0,0.0,0.0005,exchangeInfo.quotePrecision/baseSizePrecision/quoteAmountPrecision,1,False,0.7820567075751164,0.8535139712108383,0.8204911092294666,80.76079038149169
mexc,CKBUSDT,CKB-USDT,CKB,USDT,True,1,True,0.00136,123573.60194,89219222.78,0.001359,309290.4,0.001361,670340.8,14.705882352941531,420.3256536,1e-06,0.001,0.001,1.0,0.0,0.0005,exchangeInfo.quotePrecision/baseSizePrecision/quoteAmountPrecision,1,False,0.766398645789251,0.7756138865368332,0.9589331075359865,80.72093483254936
mexc,SEDAUSDT,SEDA-USDT,SEDA,USDT,True,1,True,0.01986,347304.87326,17660714.2,0.01981,757.51,0.01984,1448.81,15.132408575030908,15.006273100000001,1e-05,0.0,0.0,1.0,0.0,0.0005,exchangeInfo.quotePrecision/baseSizePrecision/quoteAmountPrecision,1,False,0.894202285230639,0.768839966130398,0.6151566469093989,80.70525777913308
mexc,FOGOUSDT,FOGO-USDT,FOGO,USDT,True,1,True,0.01692,110568.80171,6164802.88,0.01691,10565.6,0.01692,5333.6,5.911912503694706,90.24451200000001,1e-05,0.0,0.0,1.0,0.0,0.0005,exchangeInfo.quotePrecision/baseSizePrecision/quoteAmountPrecision,1,False,0.7426999576809141,0.9098221845893311,0.8535139712108383,80.66433171140032
mexc,SPXUSDT,SPX-USDT,SPX,USDT,True,1,True,0.2701,123058.9224,446513.95,0.2701,530.45,0.2704,1404.44,11.10083256244096,143.27454500000002,0.0001,0.0,0.0,1.0,0.0,0.0005,exchangeInfo.quotePrecision/baseSizePrecision/quoteAmountPrecision,1,False,0.7659754549301735,0.8251481795088907,0.8945808636748518,80.64897178237885
mexc,ARUSDT,AR-USDT,AR,USDT,True,1,True,1.671,464324.205,269583.63,1.67,318.72,1.672,4.77,11.968880909634962,7.975439999999999,0.001,0.01,0.01,1.0,0.0,0.0005,exchangeInfo.quotePrecision/baseSizePrecision/quoteAmountPrecision,1,False,0.9115531104528142,0.8158340389500424,0.5050804403048265,80.63288085475237
mexc,NEOUSDT,NEO-USDT,NEO,USDT,True,1,True,2.558,183156.696,70074.46,2.558,96.776,2.559,4.704,3.908540160251452,12.037536,0.001,0.1,0.1,1.0,0.0,0.0005,exchangeInfo.quotePrecision/baseSizePrecision/quoteAmountPrecision,1,False,0.8235294117647058,0.9483488569009314,0.5812870448772227,80.62857996712657
mexc,ZECUSDT,ZEC-USDT,ZEC,USDT,True,1,True,212.34,5325870.04,24609.636303,212.39,0.00565,212.4,0.0208,0.4708208761985606,1.2000034999999998,0.01,0.001,0.001,1.0,0.0,0.0005,exchangeInfo.quotePrecision/baseSizePrecision/quoteAmountPrecision,1,False,0.9868810833685993,0.995766299745978,0.07197290431837426,80.6120751652899
mexc,SIRENUSDT,SIREN-USDT,SIREN,USDT,True,1,True,1.56,3851344.733,3955006.5,1.539,48.13,1.546,133.75,45.38087520259395,74.07207,0.001,0.0,0.0,1.0,0.0,0.0005,exchangeInfo.quotePrecision/baseSizePrecision/quoteAmountPrecision,1,False,0.9830723656369023,0.40304826418289585,0.8230313293818797,80.60581330223962
mexc,ZETRIXUSDT,ZETRIX-USDT,ZETRIX,USDT,True,1,True,10.093,173861.526,17090.97,10.089,1.6,10.094,1.94,4.95466481692415,16.142400000000002,0.001,0.0,0.0,1.0,0.0,0.0005,exchangeInfo.quotePrecision/baseSizePrecision/quoteAmountPrecision,1,False,0.8159119763013118,0.9271803556308214,0.6257408975444538,80.56948553823176
mexc,AIAUSDT,AIA-USDT,AIA,USDT,True,1,True,0.09233,292573.81784,3206243.26,0.09235,890.33,0.09258,581.37,24.8742767533655,53.8232346,1e-05,0.0,0.0,1.0,0.0,0.0005,exchangeInfo.quotePrecision/baseSizePrecision/quoteAmountPrecision,1,False,0.8806601777401608,0.655376799322608,0.7870448772226927,80.5616273032279
mexc,STGUSDT,STG-USDT,STG,USDT,True,1,True,0.2393,2523043.0091,9536939.8,0.2392,5.66,0.2393,433.18,4.179728317660052,1.353872,0.0001,0.1,0.1,1.0,0.0,0.0005,exchangeInfo.quotePrecision/baseSizePrecision/quoteAmountPrecision,1,False,0.9779940753279729,0.9424216765453006,0.15918712955122777,80.53395864769558
mexc,CTKUSDT,CTK-USDT,CTK,USDT,True,1,True,0.1572,112063.8021,716867.14,0.1571,566.32,0.1572,587.68,6.363347120586493,88.968872,0.0001,0.0001,0.0001,1.0,0.0,0.0005,exchangeInfo.quotePrecision/baseSizePrecision/quoteAmountPrecision,1,False,0.7452391028353788,0.8988145639288738,0.8492802709568162,80.44412017330401
mexc,XVGUSDT,XVG-USDT,XVG,USDT,True,1,True,0.004502,203427.277861,44183400.47,0.004497,8516.8,0.004504,112110.4,15.553827352516524,38.3000496,1e-06,0.001,0.001,1.0,0.0,0.0005,exchangeInfo.quotePrecision/baseSizePrecision/quoteAmountPrecision,1,False,0.8429961912822683,0.7629127857747672,0.7497883149872989,80.43337646463993
mexc,WBTUSDT,WBT-USDT,WBT,USDT,True,1,True,51.454,2103364.031,40771.43,51.447,0.03,51.48,3.14,6.4123116383444865,1.54341,0.001,0.01,0.01,1.0,0.0,0.0005,exchangeInfo.quotePrecision/baseSizePrecision/quoteAmountPrecision,1,False,0.9754549301735083,0.8975444538526672,0.20575783234546993,80.20378915276905
mexc,BSBUSDT,BSB-USDT,BSB,USDT,True,1,True,0.23148,316275.00286,1544387.42,0.23149,216.72,0.23207,172.8,25.023729398567486,40.101696000000004,1e-05,0.0,0.0,1.0,0.0,0.0005,exchangeInfo.quotePrecision/baseSizePrecision/quoteAmountPrecision,1,False,0.8874312314853999,0.6507197290431838,0.756138865368332,80.19948826514323
mexc,BUSDT,B-USDT,B,USDT,True,1,True,0.19925,189509.18053,923679.09,0.19903,695.34,0.1995,726.03,23.586681052869203,138.3935202,1e-05,0.0,0.0,1.0,0.0,0.0005,exchangeInfo.quotePrecision/baseSizePrecision/quoteAmountPrecision,1,False,0.8294540837917901,0.6689246401354785,0.8924640135478408,80.19237088289223
mexc,LEEUSDT,LEE-USDT,LEE,USDT,True,1,True,0.987,204345.279,207012.64,0.987,61.99,0.989,327.71,20.242914979757103,61.18413,0.001,0.0,0.0,1.0,0.0,0.0005,exchangeInfo.quotePrecision/baseSizePrecision/quoteAmountPrecision,1,False,0.8438425730004232,0.7049110922946655,0.8001693480101609,80.03750578259314
mexc,SKYUSDT,SKY-USDT,SKY,USDT,True,1,True,0.07036,92581.69532,1320933.86,0.07044,1473.6,0.07045,4405.74,1.4195471644539885,103.800384,1e-05,0.0,0.0,1.0,0.0,0.0005,exchangeInfo.quotePrecision/baseSizePrecision/quoteAmountPrecision,1,False,0.6923402454506983,0.9813717188823031,0.869602032176122,80.00504711536843
mexc,NEARUSDC,NEAR-USDC,NEAR,USDC,True,1,True,1.1653,505855.8285,425605.62,1.165,4.0,1.1658,3.29,6.864595846918757,3.835482,0.0001,1e-06,1e-06,1.0,0.0,0.0,exchangeInfo.quotePrecision/baseSizePrecision/quoteAmountPrecision,1,False,0.9183241641980533,0.8916172734970365,0.3573243014394581,79.944746897108
mexc,ZBCNUSDT,ZBCN-USDT,ZBCN,USDT,True,1,True,0.0022261,382897.8728582,169761775.0,0.0022249,8910.7,0.0022297,46116.71,21.550756521347296,19.825416430000004,1e-07,0.0,0.0,1.0,0.0,0.0005,exchangeInfo.quotePrecision/baseSizePrecision/quoteAmountPrecision,1,False,0.9005501481168007,0.6896697713801863,0.657493649449619,79.92187541992108
mexc,WINUSDT,WIN-USDT,WIN,USDT,True,1,True,1.936e-05,277236.43733131,13791214172.17,1.933e-05,4719269.02,1.936e-05,850408.8,15.507883173947485,16.463914368,1e-08,0.001,0.001,1.0,0.0,0.0005,exchangeInfo.quotePrecision/baseSizePrecision/quoteAmountPrecision,1,False,0.8751586965721541,0.7637595258255716,0.6287044877222693,79.80180621155316
mexc,SOLBRL,SOL-BRL,SOL,BRL,True,1,True,434.32,1397523.92,3177.222,434.07,0.79,435.05,0.016,22.551546391752996,6.960800000000001,0.01,0.0,0.0,5.0,0.0,0.0005,exchangeInfo.quotePrecision/baseSizePrecision/quoteAmountPrecision,1,False,0.9665679221328819,0.6803556308213379,0.4792548687552921,79.7552238629478
mexc,BLINKYUSDT,BLINKY-USDT,BLINKY,USDT,True,1,True,0.0915,557348.8319,4162414.91,0.0915,2292.11,0.0918,352.8,32.733224222586855,32.387040000000006,0.0001,0.0,0.0,1.0,0.0,0.0005,exchangeInfo.quotePrecision/baseSizePrecision/quoteAmountPrecision,1,False,0.9263647905205248,0.5698560541913633,0.7260795935647756,79.71805670470846
mexc,AIXUSDT,AIX-USDT,AIX,USDT,True,1,True,2.091019,1257025.672443,622527.02,2.084732,8.43,2.089413,3.43,22.428545246991458,7.16668659,1e-06,0.0,0.0,1.0,0.0,0.0005,exchangeInfo.quotePrecision/baseSizePrecision/quoteAmountPrecision,1,False,0.9627592044011849,0.6820491109229467,0.48518204911092294,79.7066249973573
mexc,XRPEUR,XRP-EUR,XRP,EUR,True,1,True,1.1545,260248.9807,224461.74,1.1526,72.23,1.156,227.43,29.45508100147143,83.25229800000001,0.0001,0.0,0.0,1.0,0.0,0.0,exchangeInfo.quotePrecision/baseSizePrecision/quoteAmountPrecision,1,False,0.8683876428269149,0.6058425063505504,0.8365791701947503,79.63896641813908
mexc,MAVUSDT,MAV-USDT,MAV,USDT,True,1,True,0.01288,109950.65664,8163345.22,0.01287,6660.0,0.01288,6660.0,7.766990291263166,85.71419999999999,1e-05,0.01,0.01,1.0,0.0,0.0005,exchangeInfo.quotePrecision/baseSizePrecision/quoteAmountPrecision,1,False,0.7418535759627592,0.8776460626587638,0.8408128704487722,79.5593556533963
mexc,GOLD(PAXG)USDC,GOLD(PAXG)-USDC,GOLD(PAXG),USDC,True,1,True,4485.13,197213.27,43.9147,4485.08,0.01114,4493.65,6.19502,19.089559436578913,49.9637912,0.01,1e-06,1e-06,1.0,0.0,0.0,exchangeInfo.quotePrecision/baseSizePrecision/quoteAmountPrecision,1,False,0.8358019466779517,0.7197290431837426,0.7785774767146486,79.53388268117388
mexc,FLTUSDT,FLT-USDT,FLT,USDT,True,1,True,0.006594,679386.918002,100193311.41,0.006595,1364.67,0.006609,7051.24,21.20569524386568,8.99999865,1e-06,0.0,0.0,1.0,0.0,0.0005,exchangeInfo.quotePrecision/baseSizePrecision/quoteAmountPrecision,1,False,0.9386373254337707,0.6926333615580017,0.5275190516511431,79.4912679708303
mexc,KSMUSDT,KSM-USDT,KSM,USDT,True,1,True,4.084,227058.508,54521.0283,4.08,614.616,4.09,15.5286,24.479804161566186,63.511974,0.001,0.001,0.001,1.0,0.0,0.0005,exchangeInfo.quotePrecision/baseSizePrecision/quoteAmountPrecision,1,False,0.8527295810410496,0.6600338696020323,0.8035563082133785,79.47209986157611
mexc,ULTIMAUSDT,ULTIMA-USDT,ULTIMA,USDT,True,1,True,3754.64,637819.24,169.8113,3751.8,0.0776,3756.28,0.0012,11.933809975386565,4.507536,0.01,0.0,0.0,1.0,0.0,0.0005,exchangeInfo.quotePrecision/baseSizePrecision/quoteAmountPrecision,1,False,0.935251798561151,0.817104149026249,0.37891617273497036,79.44477610121895
mexc,OKBUSDT,OKB-USDT,OKB,USDT,True,1,True,82.058,579372.301,7014.117,82.025,7.35,82.067,0.027,5.119079540743899,2.2158089999999997,0.001,0.0001,0.0001,1.0,0.0,0.0005,exchangeInfo.quotePrecision/baseSizePrecision/quoteAmountPrecision,1,False,0.9301735082522218,0.9229466553767993,0.25910245554614736,79.41525844921513
mexc,SKLUSDT,SKL-USDT,SKL,USDT,True,1,True,0.005724,192041.291377,32116936.55,0.00572,266625.6,0.00573,6981.25,17.46724890829623,40.002562499999996,1e-06,0.01,0.01,1.0,0.0,0.0005,exchangeInfo.quotePrecision/baseSizePrecision/quoteAmountPrecision,1,False,0.8319932289462547,0.7413209144792549,0.7552921253175275,79.39849296037593
mexc,BREVUSDT,BREV-USDT,BREV,USDT,True,1,True,0.112,101272.3197,876324.41,0.1119,9715.1,0.112,1796.24,8.932559178204812,201.17888,0.0001,0.0,0.0,1.0,0.0,0.0005,exchangeInfo.quotePrecision/baseSizePrecision/quoteAmountPrecision,1,False,0.7228099873042743,0.8581710414902625,0.9085520745131245,79.37986682925413
mexc,MSFTONUSDT,MSFTON-USDT,MSFTON,USDT,True,1,True,357.97,105266.29,290.468,357.82,0.839,358.26,0.839,12.289129706178018,300.21098,0.01,0.0,0.0,1.0,0.0,0.0005,exchangeInfo.quotePrecision/baseSizePrecision/quoteAmountPrecision,1,False,0.7338129496402878,0.8090601185436072,0.939034716342083,79.36690952064767
mexc,HFTUSDT,HFT-USDT,HFT,USDT,True,1,True,0.01253,176044.81654,13573783.51,0.01252,17179.66,0.01255,9967.73,23.932987634623462,125.0950115,1e-05,0.01,0.01,1.0,0.0,0.0005,exchangeInfo.quotePrecision/baseSizePrecision/quoteAmountPrecision,1,False,0.8184511214557766,0.6651143099068586,0.8852667231160034,79.34800389005925
mexc,KDXUSDT,KDX-USDT,KDX,USDT,True,1,True,0.01042,248810.74802,23830100.56,0.01041,21798.89,0.01043,2450.57,19.193857965450274,25.5594451,1e-05,0.0,0.0,1.0,0.0,0.0005,exchangeInfo.quotePrecision/baseSizePrecision/quoteAmountPrecision,1,False,0.8633093525179856,0.7163420829805249,0.6934801016088061,79.26016849517845
mexc,FUSDUSDT,FUSD-USDT,FUSD,USDT,True,1,True,1.0,74622.6398,74619.0,0.9999,110361.23,1.0001,29365.0,1.9999999999997797,29367.9365,0.0001,0.0,0.0,1.0,0.0,0.0005,exchangeInfo.quotePrecision/baseSizePrecision/quoteAmountPrecision,1,False,0.6343630977570884,0.9745977984758679,0.9974597798475868,79.2041109354883
mexc,MONUSDT,MON-USDT,MON,USDT,True,1,True,0.02226,167152.82598,7393142.13,0.02225,1136.73,0.02227,903.89,8.984725965859234,20.129630300000002,1e-05,0.0,0.0,1.0,0.0,0.0005,exchangeInfo.quotePrecision/baseSizePrecision/quoteAmountPrecision,1,False,0.8099873042742277,0.8569009314140559,0.6604572396274344,79.18096981298261
mexc,DEEPUSDT,DEEP-USDT,DEEP,USDT,True,1,True,0.025293,165093.537348,6405628.11,0.025289,416.19,0.0253,416.19,4.3487714720593775,10.52502891,1e-06,0.0,0.0,1.0,0.0,0.0005,exchangeInfo.quotePrecision/baseSizePrecision/quoteAmountPrecision,1,False,0.8078713499788405,0.9398814563928873,0.5596951735817104,79.12386413029262
mexc,QTUMUSDT,QTUM-USDT,QTUM,USDT,True,1,True,0.8157,129699.4587,157347.04,0.8147,138.56,0.816,1076.56,15.944073097442422,112.884832,0.0001,0.1,0.1,1.0,0.0,0.0005,exchangeInfo.quotePrecision/baseSizePrecision/quoteAmountPrecision,1,False,0.7731696995344901,0.7586790855207451,0.8784928027095682,79.06116666660695
mexc,NXPCUSDT,NXPC-USDT,NXPC,USDT,True,1,True,0.2762,113851.9503,411834.2,0.2759,1259.52,0.2763,836.32,14.487504527345578,231.075216,0.0001,0.0,0.0,1.0,0.0,0.0005,exchangeInfo.quotePrecision/baseSizePrecision/quoteAmountPrecision,1,False,0.7486246297079983,0.7781541066892463,0.9195596951735817,79.0194012046427
mexc,HTXUSDT,HTX-USDT,HTX,USDT,True,1,True,1.7e-06,499404.606221759,292991336449.0,1.7e-06,23688744.0,1.701e-06,1576360.0,5.880623346075126,2.68138836,1e-09,0.0,0.0,1.0,0.0,0.0005,exchangeInfo.quotePrecision/baseSizePrecision/quoteAmountPrecision,1,False,0.9174777824798984,0.9110922946655376,0.28408128704487723,78.9202111439304
mexc,LIF3USDT,LIF3-USDT,LIF3,USDT,True,1,True,0.001719,198624.20369,114188197.38,0.001718,4416.0,0.001719,10102.22,5.81902822228765,7.586688,1e-06,0.0,0.0,1.0,0.0,0.0005,exchangeInfo.quotePrecision/baseSizePrecision/quoteAmountPrecision,1,False,0.8374947101142616,0.9123624047417442,0.4953429297205758,78.77812776923952
mexc,CYSUSDT,CYS-USDT,CYS,USDT,True,1,True,0.3811,477221.5017,1337863.74,0.3802,354.3,0.3813,53.05,28.89034799737334,20.227964999999998,0.0001,0.0,0.0,1.0,0.0,0.0005,exchangeInfo.quotePrecision/baseSizePrecision/quoteAmountPrecision,1,False,0.9128226830300465,0.6130397967823877,0.661727349703641,78.76578948028508
mexc,MANTAUSDT,MANTA-USDT,MANTA,USDT,True,1,True,0.06142,105088.97847,1665931.69,0.0614,946.8,0.06144,1722.08,6.512536633018295,58.13352,1e-05,0.0,0.0,1.0,0.0,0.0005,exchangeInfo.quotePrecision/baseSizePrecision/quoteAmountPrecision,1,False,0.7333897587812104,0.8954276037256562,0.7963590177815411,78.6493071817388
mexc,PRLUSDT,PRL-USDT,PRL,USDT,True,1,True,0.1552,563823.7336,3293317.68,0.1546,2128.81,0.1552,262.78,38.73466752743817,40.783455999999994,0.0001,0.0,0.0,1.0,0.0,0.0005,exchangeInfo.quotePrecision/baseSizePrecision/quoteAmountPrecision,1,False,0.9289039356749894,0.49576629974597797,0.7578323454699407,78.64052086517269
mexc,PNUTUSDT,PNUT-USDT,PNUT,USDT,True,1,True,0.03826,272820.79088,6919629.36,0.03819,2955.69,0.03833,35336.0,36.59174072138035,112.87780110000001,1e-05,0.0,0.0,1.0,0.0,0.0005,exchangeInfo.quotePrecision/baseSizePrecision/quoteAmountPrecision,1,False,0.8726195514176894,0.5215918712955123,0.8780694326841659,78.59526076404406
mexc,REZUSDT,REZ-USDT,REZ,USDT,True,1,True,0.003324,200423.853278,59647386.01,0.003321,30134.31,0.003331,253503.04,30.066145520144396,100.07604351,1e-06,0.0,0.0,1.0,0.0,0.0005,exchangeInfo.quotePrecision/baseSizePrecision/quoteAmountPrecision,1,False,0.8404570461278036,0.600762066045724,0.8662150719729044,78.56849062763038
mexc,CRCLONUSDT,CRCLON-USDT,CRCLON,USDT,True,1,True,92.9,98374.29,1039.516,92.86,3.211,92.96,3.211,10.763104079215834,298.17346,0.01,0.0,0.0,1.0,0.0,0.0005,exchangeInfo.quotePrecision/baseSizePrecision/quoteAmountPrecision,1,False,0.7088446889547185,0.8302286198137172,0.9381879762912786,78.50593291367804
mexc,MAGMAUSDT,MAGMA-USDT,MAGMA,USDT,True,1,True,0.12763,231550.17,1755379.62,0.1276,3290.28,0.12808,2305.07,37.546933667084495,295.2333656,1e-05,0.0,0.0,1.0,0.0,0.0005,exchangeInfo.quotePrecision/baseSizePrecision/quoteAmountPrecision,1,False,0.8548455353364367,0.5088907705334462,0.9377646062658763,78.4940658321577
mexc,DOGEEUR,DOGE-EUR,DOGE,EUR,True,1,True,0.07817,329997.95896,4210754.98,0.07804,956.82,0.07827,387.68,29.428699379439315,30.343713600000005,1e-05,0.0,0.0,1.0,0.0,0.0,exchangeInfo.quotePrecision/baseSizePrecision/quoteAmountPrecision,1,False,0.890393567498942,0.6066892464013548,0.7167654530059272,78.47418643259422
mexc,MBLUSDT,MBL-USDT,MBL,USDT,True,1,True,0.0009229,478576.8747119,515119720.4,0.0009227,319466.4,0.000923,1737.57,3.250799154791711,1.60377711,1e-07,0.001,0.001,1.0,0.0,0.0005,exchangeInfo.quotePrecision/baseSizePrecision/quoteAmountPrecision,1,False,0.9136690647482014,0.9606265876375952,0.20914479254868756,78.45035910306473
mexc,PHAUSDT,PHA-USDT,PHA,USDT,True,1,True,0.03467,241965.15106,7102384.72,0.03458,110638.4,0.03472,15748.21,40.40404040404076,546.7778512,1e-05,0.01,0.01,1.0,0.0,0.0005,exchangeInfo.quotePrecision/baseSizePrecision/quoteAmountPrecision,1,False,0.8582310622090563,0.47417442845046576,0.9695173581710415,78.44741629618058
mexc,ZRXUSDT,ZRX-USDT,ZRX,USDT,True,1,True,0.09987,121288.16496,1219308.01,0.09978,953.6,0.09993,3837.6,15.021781583296903,95.15020799999999,1e-05,0.001,0.001,1.0,0.0,0.0005,exchangeInfo.quotePrecision/baseSizePrecision/quoteAmountPrecision,1,False,0.7630131189166314,0.7701100762066045,0.8607112616426758,78.43269867843337
mexc,MOODENGUSDT,MOODENG-USDT,MOODENG,USDT,True,1,True,0.04454,129287.58334,2843268.98,0.04452,1426.74,0.04458,11224.6,13.468013468014478,63.5184648,1e-05,0.0,0.0,1.0,0.0,0.0005,exchangeInfo.quotePrecision/baseSizePrecision/quoteAmountPrecision,1,False,0.7723233178163351,0.7938187976291279,0.8039796782387807,78.40284598540225
mexc,BTTUSDT,BTT-USDT,BTT,USDT,True,1,True,3.131e-07,187190.8988374434,588432537663.23,3.125e-07,355200000.0,3.134e-07,764663789.82,28.758587633806094,111.00000000000001,1e-10,0.001,0.001,1.0,0.0,0.0005,exchangeInfo.quotePrecision/baseSizePrecision/quoteAmountPrecision,1,False,0.8273381294964028,0.6138865368331923,0.8772226926333616,78.3952143957992
mexc,ZANOUSDT,ZANO-USDT,ZANO,USDT,True,1,True,10.052,676204.389,68056.85,10.051,0.15,10.057,2.7,5.9677740202906575,1.50765,0.001,0.0,0.0,1.0,0.0,0.0005,exchangeInfo.quotePrecision/baseSizePrecision/quoteAmountPrecision,1,False,0.9382141345746932,0.9081287044877223,0.20152413209144793,78.33547765563014
mexc,POPCATUSDT,POPCAT-USDT,POPCAT,USDT,True,1,True,0.04689,347279.85973,7165660.57,0.04682,595.6,0.04696,16975.9,29.857112390701907,27.885992,1e-05,0.0,0.0,1.0,0.0,0.0005,exchangeInfo.quotePrecision/baseSizePrecision/quoteAmountPrecision,1,False,0.8937790943715616,0.6024555461473328,0.7044877222692634,78.30899328950449
mexc,STEPNUSDT,STEPN-USDT,STEPN,USDT,True,1,True,0.00974,114104.508116,11527008.99,0.00974,64055.28,0.00975,6535.44,10.26167265264196,63.72053999999999,1e-06,0.001,0.001,1.0,0.0,0.0005,exchangeInfo.quotePrecision/baseSizePrecision/quoteAmountPrecision,1,False,0.7490478205670758,0.8391193903471634,0.8044030482641829,78.2636758551519
mexc,BTYUSDT,BTY-USDT,BTY,USDT,True,1,True,0.03117,116004.10644,3825090.24,0.03116,1043.03,0.03118,1010.27,6.416426050689505,31.5002186,1e-05,0.0,0.0,1.0,0.0,0.0005,exchangeInfo.quotePrecision/baseSizePrecision/quoteAmountPrecision,1,False,0.7528565382987727,0.8971210838272651,0.7214225232853514,78.26358716782117
mexc,PIUSD1,PI-USD1,PI,USD1,True,1,True,0.17669,332503.03124,1895992.41,0.17607,504.84,0.17676,768.32,39.11232038091977,88.8871788,1e-05,0.0,0.0,1.0,0.0001,0.0001,exchangeInfo.quotePrecision/baseSizePrecision/quoteAmountPrecision,1,False,0.8908167583580194,0.4894157493649449,0.8488569009314141,78.20745346244297
mexc,ASTUSDT,AST-USDT,AST,USDT,True,1,True,0.003057,197822.05573,63067586.82,0.003053,6827.0,0.003058,6818.0,16.363933889706416,20.842831,1e-06,0.0,0.0,1.0,0.0,0.0005,exchangeInfo.quotePrecision/baseSizePrecision/quoteAmountPrecision,1,False,0.8366483283961066,0.7535986452159187,0.6663844199830652,78.18331259184514
mexc,CROUSDT,CRO-USDT,CRO,USDT,True,1,True,0.07137,394649.09303,5514178.21,0.0713,429.47,0.07142,102.84,16.81614349775716,7.3448328,1e-05,1.0,1.0,1.0,0.0,0.0005,exchangeInfo.quotePrecision/baseSizePrecision/quoteAmountPrecision,1,False,0.9026661024121879,0.7502116850127011,0.48899237933954276,78.18177534477873
mexc,AXSUSDT,AXS-USDT,AXS,USDT,True,1,True,1.1279,938630.2486,838000.96,1.1283,1.21,1.129,1.7,6.202099853806963,1.365243,0.0001,0.0001,0.0001,1.0,0.0,0.0005,exchangeInfo.quotePrecision/baseSizePrecision/quoteAmountPrecision,1,False,0.950486669487939,0.9030482641828959,0.1646909398814564,78.14679222403818
mexc,ARKMUSDT,ARKM-USDT,ARKM,USDT,True,1,True,0.09364,116958.64101,1196782.77,0.09353,347.38,0.0936,5732.19,7.481430021909968,32.4904514,1e-05,0.0,0.0,1.0,0.0,0.0005,exchangeInfo.quotePrecision/baseSizePrecision/quoteAmountPrecision,1,False,0.75497249259416,0.8814563928873835,0.72692633361558,78.09842358717499
mexc,TONEUR,TON-EUR,TON,EUR,True,1,True,1.067,311175.742,292080.75,1.062,1391.99,1.067,1059.1,46.97040864255418,1130.0596999999998,0.001,0.0,0.0,1.0,0.0,0.0,exchangeInfo.quotePrecision/baseSizePrecision/quoteAmountPrecision,1,False,0.8861616589081676,0.38907705334462317,0.9813717188823031,78.09325195121086
mexc,ETHUSD1,ETH-USD1,ETH,USD1,True,1,True,1988.48,585617.38,291.98409,1987.92,0.12052,1994.11,0.00694,31.089670344019645,13.8391234,0.01,0.0,0.0,1.0,0.0001,0.0001,exchangeInfo.quotePrecision/baseSizePrecision/quoteAmountPrecision,1,False,0.9305966991112992,0.5906011854360711,0.6033022861981372,78.01389381098598
mexc,XLMUSDC,XLM-USDC,XLM,USDC,True,1,True,0.1648,141247.1477,834242.84,0.1648,194.56,0.165,3279.58,12.128562765312658,32.063488,0.0001,0.0,0.0,1.0,0.0,0.0,exchangeInfo.quotePrecision/baseSizePrecision/quoteAmountPrecision,1,False,0.785442234447736,0.8124470787468248,0.7243861134631668,77.99822213255943
mexc,GALAUSDT,GALA-USDT,GALA,USDT,True,1,True,0.002923,362958.92352,122343850.02,0.002921,2026.64,0.002925,44592.77,13.684570646596294,5.919815440000001,1e-06,0.001,0.001,1.0,0.0,0.0005,exchangeInfo.quotePrecision/baseSizePrecision/quoteAmountPrecision,1,False,0.8963182395260262,0.7908552074513124,0.4462320067739204,77.99352349569267
mexc,MANAUSDT,MANA-USDT,MANA,USDT,True,1,True,0.08101,146591.60066,1786672.72,0.08097,163.89,0.08102,17554.4,6.173220569170256,13.2701733,1e-05,0.001,0.001,1.0,0.0,0.0005,exchangeInfo.quotePrecision/baseSizePrecision/quoteAmountPrecision,1,False,0.7900973338975879,0.9043183742591024,0.5948348856900931,77.96001043464675
mexc,EPICUSDT,EPIC-USDT,EPIC,USDT,True,1,True,0.2476,155396.2757,603151.99,0.2474,404.78,0.248,3320.48,24.222850222042368,100.142572,0.0001,0.0,0.0,1.0,0.0,0.0005,exchangeInfo.quotePrecision/baseSizePrecision/quoteAmountPrecision,1,False,0.8002539145154465,0.661727349703641,0.8670618120237087,77.89838528141476
mexc,ICPUSDC,ICP-USDC,ICP,USDC,True,1,True,2.224,507301.491,226414.02,2.223,36.56,2.227,2.66,17.97752808988766,5.92382,0.001,0.0,0.0,1.0,0.0,0.0,exchangeInfo.quotePrecision/baseSizePrecision/quoteAmountPrecision,1,False,0.9191705459162082,0.7337002540220152,0.4466553767993226,77.82999391192828
mexc,TLOSUSDT,TLOS-USDT,TLOS,USDT,True,1,True,0.011,128100.35064,11577372.53,0.01099,19791.34,0.011,2445.46,9.095043201454837,26.90006,1e-05,0.0001,0.0001,1.0,0.0,0.0005,exchangeInfo.quotePrecision/baseSizePrecision/quoteAmountPrecision,1,False,0.7710537452391029,0.8539373412362405,0.6994072819644369,77.7445351583454
mexc,FOLKSUSDT,FOLKS-USDT,FOLKS,USDT,True,1,True,1.2312,189544.6475,152680.61,1.2312,117.36,1.2352,102.82,32.43593902043467,127.003264,0.0001,0.0,0.0,1.0,0.0,0.0005,exchangeInfo.quotePrecision/baseSizePrecision/quoteAmountPrecision,1,False,0.8298772746508676,0.5740897544453853,0.8869602032176122,77.7346980312846
mexc,STETHUSDT,STETH-USDT,STETH,USDT,True,1,True,1987.93,137577.22,68.6397,1987.91,1.1993,1993.9,0.9376,30.086819813100117,1869.48064,0.01,1e-05,1e-05,1.0,0.0,0.0005,exchangeInfo.quotePrecision/baseSizePrecision/quoteAmountPrecision,1,False,0.7812103258569615,0.5999153259949195,0.9856054191363252,77.67655945473237
mexc,PYRUSDT,PYR-USDT,PYR,USDT,True,1,True,0.2686,318905.296,1154193.26,0.2681,395.69,0.269,129.78,33.513312232359404,34.91082,0.0001,0.0,0.0,1.0,0.0,0.0005,exchangeInfo.quotePrecision/baseSizePrecision/quoteAmountPrecision,1,False,0.8878544223444773,0.5618120237087214,0.7375105842506351,77.627505506677
mexc,0GUSDT,0G-USDT,0G,USDT,True,1,True,0.4653,279195.6611,595008.16,0.4652,7.78,0.4655,8.45,6.446760502847802,3.619256,0.0001,0.0,0.0,1.0,0.0,0.0005,exchangeInfo.quotePrecision/baseSizePrecision/quoteAmountPrecision,1,False,0.8764282691493863,0.8966977138018628,0.34758679085520744,77.57273346536697
mexc,LAZIOUSDT,LAZIO-USDT,LAZIO,USDT,True,1,True,0.6607,122045.4731,182966.89,0.66,123.94,0.6611,222.39,16.652789342214668,81.8004,0.0001,0.01,0.01,1.0,0.0,0.0005,exchangeInfo.quotePrecision/baseSizePrecision/quoteAmountPrecision,1,False,0.7642826914938637,0.7519051651143099,0.8357324301439458,77.54782576289918
mexc,DGMAUSDT,DGMA-USDT,DGMA,USDT,True,1,True,0.04589,143424.71384,3120349.5,0.04585,19317.33,0.04596,2412.34,23.962531314671384,110.87114640000001,1e-05,0.0,0.0,1.0,0.0,0.0005,exchangeInfo.quotePrecision/baseSizePrecision/quoteAmountPrecision,1,False,0.7871349978840457,0.6642675698560542,0.8763759525825572,77.42663318167502
mexc,HEIUSDT,HEI-USDT,HEI,USDT,True,1,True,0.07384,104725.921,1365200.69,0.07378,7236.4,0.07392,5135.36,18.95734597156415,379.60581119999995,1e-05,0.0,0.0,1.0,0.0,0.0005,exchangeInfo.quotePrecision/baseSizePrecision/quoteAmountPrecision,1,False,0.7329665679221329,0.7218458933107537,0.9513124470787468,77.38555751006109
mexc,LIGHTUSDT,LIGHT-USDT,LIGHT,USDT,True,1,True,0.1555,377164.2971,2434332.78,0.1551,137.37,0.1556,2327.73,32.18538783392343,21.306086999999998,0.0001,0.0,0.0,1.0,0.0,0.0005,exchangeInfo.quotePrecision/baseSizePrecision/quoteAmountPrecision,1,False,0.8992805755395683,0.5791701947502117,0.6718882303132938,77.37745112969743
mexc,ETHFIUSDT,ETHFI-USDT,ETHFI,USDT,True,1,True,0.4539,4289524.1314,9085948.94,0.4534,3.31,0.4541,268.1,15.426997245178587,1.5007540000000001,0.0001,0.0,0.0,1.0,0.0,0.0005,exchangeInfo.quotePrecision/baseSizePrecision/quoteAmountPrecision,1,False,0.984765129073212,0.7650296359017782,0.1994072819644369,77.27596863585985
mexc,CELRUSDT,CELR-USDT,CELR,USDT,True,1,True,0.002438,102458.587778,41205610.15,0.002437,21250.08,0.002439,19640.4,8.203445447088866,47.902935600000006,1e-06,0.001,0.001,1.0,0.0,0.0005,exchangeInfo.quotePrecision/baseSizePrecision/quoteAmountPrecision,1,False,0.7266187050359713,0.8708721422523286,0.7760372565622354,77.25657746453135
mexc,HMSTRUSDT,HMSTR-USDT,HMSTR,USDT,True,1,True,0.0001343,86367.3108017,634438082.43,0.0001342,10496946.4,0.0001343,1013350.29,7.44878957169478,136.092943947,1e-07,0.0,0.0,1.0,0.0,0.0005,exchangeInfo.quotePrecision/baseSizePrecision/quoteAmountPrecision,1,False,0.6779517562420652,0.882303132938188,0.8903471634208298,77.15186818518488
mexc,HIVEUSDT,HIVE-USDT,HIVE,USDT,True,1,True,0.05752,176135.29644,3021070.59,0.05748,492.42,0.05759,1676.7,19.118797253845308,28.304301600000002,1e-05,0.001,0.001,1.0,0.0,0.0005,exchangeInfo.quotePrecision/baseSizePrecision/quoteAmountPrecision,1,False,0.818874312314854,0.7180355630821338,0.7061812023708721,77.11260030178777
mexc,SHELLUSDT,SHELL-USDT,SHELL,USDT,True,1,True,0.02733,108797.58572,3902291.36,0.0273,7027.36,0.02735,6587.38,18.298261665141066,180.164843,1e-05,0.0,0.0,1.0,0.0,0.0005,exchangeInfo.quotePrecision/baseSizePrecision/quoteAmountPrecision,1,False,0.7401608125264494,0.7298899237933953,0.9060118543607113,77.07632987100384
mexc,PLBUSDT,PLB-USDT,PLB,USDT,True,1,True,0.8312,244279.9452,291907.26,0.8318,2.64,0.8319,7.85,1.202139808859638,2.195952,0.0001,0.0,0.0,1.0,0.0,0.0005,exchangeInfo.quotePrecision/baseSizePrecision/quoteAmountPrecision,1,False,0.8595006347862886,0.9839119390347163,0.2561388653683319,76.99311069648043
mexc,COINDEPOUSDT,COINDEPO-USDT,COINDEPO,USDT,True,1,True,0.07041,376510.20592,5392987.68,0.07025,260.0,0.07047,1387.08,31.267765776008808,18.265,1e-05,0.0,0.0,1.0,0.0,0.0005,exchangeInfo.quotePrecision/baseSizePrecision/quoteAmountPrecision,1,False,0.8984341938214134,0.5893310753598645,0.6414055884843353,76.97526931386108
mexc,PARTIUSDT,PARTI-USDT,PARTI,USDT,True,1,True,0.09959,831207.32192,8280578.27,0.09964,13.18,0.09971,1246.88,7.0228241785790555,1.3132552,1e-05,0.0,0.0,1.0,0.0,0.0005,exchangeInfo.quotePrecision/baseSizePrecision/quoteAmountPrecision,1,False,0.9475243334743969,0.8869602032176122,0.13251481795088907,76.93813978054992
mexc,CESUSDT,CES-USDT,CES,USDT,True,1,True,1.147,438812.365,353436.54,1.1432,16.73,1.1471,21.84,34.0566737981925,19.125736,0.0001,0.0,0.0,1.0,0.0,0.0005,exchangeInfo.quotePrecision/baseSizePrecision/quoteAmountPrecision,1,False,0.9090139652983495,0.554614733276884,0.6498729889923793,76.85859620317892
mexc,FORMUSDT,FORM-USDT,FORM,USDT,True,1,True,0.2476,80734.5882,321019.8,0.2476,360.0,0.2477,360.0,4.037956793862982,89.136,0.0001,0.0,0.0,1.0,0.0,0.0005,exchangeInfo.quotePrecision/baseSizePrecision/quoteAmountPrecision,1,False,0.6589081675835802,0.9445385266723116,0.8497036409822185,76.84748520354907
mexc,BLESSUSDT,BLESS-USDT,BLESS,USDT,True,1,True,0.004969,283969.57974,53974252.42,0.004959,150920.61,0.004975,5492.47,32.212603180995345,27.325038250000002,1e-06,0.0,0.0,1.0,0.0,0.0005,exchangeInfo.quotePrecision/baseSizePrecision/quoteAmountPrecision,1,False,0.8781210325856962,0.577900084674005,0.7015241320914479,76.77464155089237
mexc,BROCCOLIUSDT,BROCCOLI-USDT,BROCCOLI,USDT,True,1,True,0.01184,85966.39685,7105600.63,0.01184,10203.06,0.01185,27860.8,8.442380751371543,120.8042304,1e-05,0.0,0.0,1.0,0.0,0.0005,exchangeInfo.quotePrecision/baseSizePrecision/quoteAmountPrecision,1,False,0.6775285653829878,0.8687552921253175,0.8835732430143945,76.65441825948515
mexc,STABLEUSDT,STABLE-USDT,STABLE,USDT,True,1,True,0.025911,385702.511166,14657080.97,0.025908,55.49,0.02592,1851.85,4.630701551284296,1.43763492,1e-06,0.0,0.0,1.0,0.0,0.0005,exchangeInfo.quotePrecision/baseSizePrecision/quoteAmountPrecision,1,False,0.9009733389758782,0.9318374259102455,0.19009314140558847,76.65133211954121
mexc,QUBICUSDT,QUBIC-USDT,QUBIC,USDT,True,1,True,9.414e-07,498910.7855631786,534214030211.0,9.43e-07,11531727.0,9.459e-07,51229688.0,30.70570173116635,10.874418561,1e-10,0.0,0.0,1.0,0.0,0.0005,exchangeInfo.quotePrecision/baseSizePrecision/quoteAmountPrecision,1,False,0.917054591620821,0.5956816257408976,0.5647756138865369,76.62555546039835
mexc,LPTUSDT,LPT-USDT,LPT,USDT,True,1,True,2.071,80967.001,38738.45,2.07,43.2,2.071,48.9,4.829751267811321,89.42399999999999,0.001,0.001,0.001,1.0,0.0,0.0005,exchangeInfo.quotePrecision/baseSizePrecision/quoteAmountPrecision,1,False,0.6606009310198899,0.9288738357324301,0.8509737510584251,76.5743721205732
mexc,VENOMUSDT,VENOM-USDT,VENOM,USDT,True,1,True,0.02781,152368.90971,6329696.8,0.02779,1283.0,0.02784,1077.58,17.975912277548602,29.9998272,1e-05,0.0,0.0,1.0,0.0,0.0005,exchangeInfo.quotePrecision/baseSizePrecision/quoteAmountPrecision,1,False,0.7985611510791367,0.7341236240474174,0.7138018628281118,76.54999116710019
mexc,GOMININGUSDT,GOMINING-USDT,GOMINING,USDT,True,1,True,0.3092,200361.4414,648437.23,0.3088,306.57,0.3095,67.78,22.64273006631015,20.97791,0.0001,0.01,0.01,1.0,0.0,0.0005,exchangeInfo.quotePrecision/baseSizePrecision/quoteAmountPrecision,1,False,0.8400338552687262,0.6790855207451312,0.6685012701100762,76.54902546060974
mexc,DUSKUSDT,DUSK-USDT,DUSK,USDT,True,1,True,0.11284,660739.14529,6045302.91,0.11258,2831.2,0.11268,12.3,8.87862913966109,1.3859640000000002,1e-05,0.0,0.0,1.0,0.0,0.0005,exchangeInfo.quotePrecision/baseSizePrecision/quoteAmountPrecision,1,False,0.9377909437156158,0.8598645215918713,0.1735817104149026,76.54674915245371
mexc,CYBERUSDT,CYBER-USDT,CYBER,USDT,True,1,True,0.4791,199627.2167,401703.32,0.4787,61.52,0.4799,124.8,25.036511579386165,29.449624000000004,0.0001,0.0,0.0,1.0,0.0,0.0005,exchangeInfo.quotePrecision/baseSizePrecision/quoteAmountPrecision,1,False,0.837917900973339,0.6494496189669772,0.7108382726502963,76.538490480714
mexc,TAUSDT,TA-USDT,TA,USDT,True,1,True,0.06613,178605.90277,2738840.41,0.06651,400.0,0.06665,1366.0,21.027335536197242,26.604,1e-05,0.0,0.0,1.0,0.0,0.0005,exchangeInfo.quotePrecision/baseSizePrecision/quoteAmountPrecision,1,False,0.8201438848920863,0.6960203217612193,0.6972904318374259,76.45423034984375
mexc,IOSTUSDT,IOST-USDT,IOST,USDT,True,1,True,0.001043,94620.658927,89164758.46,0.001042,82570.4,0.001043,168443.2,9.592326139090002,86.03835679999999,1e-06,1.0,1.0,1.0,0.0,0.0005,exchangeInfo.quotePrecision/baseSizePrecision/quoteAmountPrecision,1,False,0.697841726618705,0.8492802709568162,0.8416596104995766,76.44649394794072
mexc,USDCEUR,USDC-EUR,USDC,EUR,True,1,True,0.8691,558918.8928,643382.9,0.869,131.88,0.8694,1.46,4.601932811780442,1.269324,0.0001,0.0,0.0,1.0,0.0,0.0,exchangeInfo.quotePrecision/baseSizePrecision/quoteAmountPrecision,1,False,0.9267879813796022,0.93268416596105,0.10626587637595258,76.41576065242343
mexc,GOLD(XAUT)USDC,GOLD(XAUT)-USDC,GOLD(XAUT),USDC,True,1,True,4483.5,66418.0,14.8883,4483.1,3.10917,4483.8,0.16223,1.5612976613987397,727.4068740000001,0.1,0.0,0.0,1.0,0.0,0.0,exchangeInfo.quotePrecision/baseSizePrecision/quoteAmountPrecision,1,False,0.589081675835802,0.9792548687552921,0.9758679085520745,76.39822206089289
mexc,LRCUSDT,LRC-USDT,LRC,USDT,True,1,True,0.02254,247541.2603,10779398.45,0.02251,269.91,0.02254,456.96,13.318534961155272,6.0756741000000005,1e-05,1.0,1.0,1.0,0.0,0.0005,exchangeInfo.quotePrecision/baseSizePrecision/quoteAmountPrecision,1,False,0.8616165890816758,0.7955122777307366,0.45385266723116,76.35377268738378
mexc,MAGICUSDT,MAGIC-USDT,MAGIC,USDT,True,1,True,0.05694,404402.17479,6978327.13,0.05694,24.18,0.05697,34.14,5.2673163023443506,1.3768091999999998,1e-05,0.1,0.1,1.0,0.0,0.0005,exchangeInfo.quotePrecision/baseSizePrecision/quoteAmountPrecision,1,False,0.9039356749894202,0.9212531752751905,0.17061812023708722,76.16015391103961
mexc,DMCUSDT,DMC-USDT,DMC,USDT,True,1,True,0.000709,512096.6234659,711583502.64,0.0007074,10000.0,0.0007093,10000.0,26.82289828474613,7.074,1e-07,0.0,0.0,1.0,0.0,0.0005,exchangeInfo.quotePrecision/baseSizePrecision/quoteAmountPrecision,1,False,0.920016927634363,0.6350550381033022,0.4826418289585097,76.13014355164273
mexc,MINDFAKUSDT,MINDFAK-USDT,MINDFAK,USDT,True,1,True,0.0002872,105742.7680973,362211998.17,0.0002871,425739.73,0.0002872,44422.96,3.482500435312639,12.758274111999999,1e-07,0.0,0.0,1.0,0.0,0.0005,exchangeInfo.quotePrecision/baseSizePrecision/quoteAmountPrecision,1,False,0.7350825222175201,0.9551227773073666,0.5893310753598645,76.09422966184508
mexc,MUONUSDT,MUON-USDT,MUON,USDT,True,1,True,353.18,88749.81,248.538,351.59,0.636,352.03,0.623,12.506750802990188,219.31468999999998,0.01,0.0,0.0,1.0,0.0,0.0005,exchangeInfo.quotePrecision/baseSizePrecision/quoteAmountPrecision,1,False,0.6838764282691494,0.8052497883149873,0.915749364944962,76.05943556157715
mexc,OPUSDC,OP-USDC,OP,USDC,True,1,True,0.1031,248486.5023,2362309.48,0.1031,632.3,0.1035,914.88,38.72216844143248,65.19013,0.0001,0.001,0.001,1.0,0.0,0.0,exchangeInfo.quotePrecision/baseSizePrecision/quoteAmountPrecision,1,False,0.8628861616589082,0.49618966977138024,0.8069432684165961,76.00234600385637
mexc,WBTCUSDC,WBTC-USDC,WBTC,USDC,True,1,True,66231.3,209486.1,3.1512,66067.1,0.0019,66272.1,0.0005,30.980994293451975,33.136050000000004,0.1,1e-05,1e-05,1.0,0.0,0.0,exchangeInfo.quotePrecision/baseSizePrecision/quoteAmountPrecision,1,False,0.8459585272958104,0.5935647756138865,0.731160033869602,75.99003906900879
mexc,ARPAUSDT,ARPA-USDT,ARPA,USDT,True,1,True,0.008795,104291.030108,11462221.04,0.008788,1765.46,0.008792,22310.8,4.550625711033899,15.514862480000001,1e-06,0.001,0.001,1.0,0.0,0.0005,exchangeInfo.quotePrecision/baseSizePrecision/quoteAmountPrecision,1,False,0.7312738044858231,0.9339542760372566,0.6189669771380186,75.94825569041205
mexc,PIPPINUSDT,PIPPIN-USDT,PIPPIN,USDT,True,1,True,0.05838,1854015.137166,34533533.15,0.05824,62.35,0.058405,702.0,28.29096832268824,3.6312640000000003,1e-06,0.0,0.0,1.0,0.0,0.0005,exchangeInfo.quotePrecision/baseSizePrecision/quoteAmountPrecision,1,False,0.9720694033008886,0.619813717188823,0.34801016088060965,75.91936332888164
mexc,BLURUSDT,BLUR-USDT,BLUR,USDT,True,1,True,0.01724,80406.00857,4562325.59,0.01723,6928.16,0.01724,5040.0,5.80214679431366,86.88959999999999,1e-05,0.0,0.0,1.0,0.0,0.0005,exchangeInfo.quotePrecision/baseSizePrecision/quoteAmountPrecision,1,False,0.6572154041472704,0.9127857747671465,0.8437764606265876,75.84202080981028
mexc,ZETAUSDT,ZETA-USDT,ZETA,USDT,True,1,True,0.04958,107894.72861,2140771.97,0.04957,562.47,0.04962,662.27,10.081661457807137,27.881637900000005,1e-05,0.0,0.0,1.0,0.0,0.0005,exchangeInfo.quotePrecision/baseSizePrecision/quoteAmountPrecision,1,False,0.7393144308082945,0.8412362404741744,0.7040643522438611,75.77448675118778
mexc,IOTAUSDT,IOTA-USDT,IOTA,USDT,True,1,True,0.05554,414366.85583,7461161.64,0.05551,33.55,0.05556,33.13,9.003331232556302,1.8407028,1e-05,0.0,0.0,1.0,0.0,0.0005,exchangeInfo.quotePrecision/baseSizePrecision/quoteAmountPrecision,1,False,0.9060516292848074,0.8564775613886537,0.2260795935647756,75.76637051667628
mexc,RVNUSDT,RVN-USDT,RVN,USDT,True,1,True,0.005613,393965.224755,70654768.59,0.00561,354.74,0.005615,331.53,8.908685968819237,1.86154095,1e-06,0.001,0.001,1.0,0.0,0.0005,exchangeInfo.quotePrecision/baseSizePrecision/quoteAmountPrecision,1,False,0.9022429115531104,0.859441151566469,0.22734970364098223,75.65638299740245
mexc,BTCBRL,BTC-BRL,BTC,BRL,True,1,True,347680.5,5774487.3,16.48808,347669.4,3e-05,349246.5,0.00274,45.259406479317704,10.430082,0.1,0.0,0.0,5.0,0.0,0.0005,exchangeInfo.quotePrecision/baseSizePrecision/quoteAmountPrecision,1,False,0.988573846804909,0.40516511430990687,0.5575783234546994,75.65225590111166
mexc,DAGUSDT,DAG-USDT,DAG,USDT,True,1,True,0.009597,93613.370656,9603483.25,0.009597,212344.44,0.009598,1796.13,1.041938004689763,17.23925574,1e-06,0.0,0.0,1.0,0.0,0.0005,exchangeInfo.quotePrecision/baseSizePrecision/quoteAmountPrecision,1,False,0.6953025814642404,0.9877222692633362,0.6350550381033023,75.63579947418269
mexc,PROVEUSDT,PROVE-USDT,PROVE,USDT,True,1,True,0.251,308293.4937,1141925.41,0.251,10.79,0.2512,8.59,7.964954201512464,2.1578079999999997,0.0001,0.0,0.0,1.0,0.0,0.0005,exchangeInfo.quotePrecision/baseSizePrecision/quoteAmountPrecision,1,False,0.8853152771900127,0.873835732430144,0.2527519051651143,75.59327165950658
mexc,OPENUSDT,OPEN-USDT,OPEN,USDT,True,1,True,0.16804,79651.94719,473403.03,0.16778,1128.8,0.16793,1159.36,8.93628429298999,189.390064,1e-05,0.0,0.0,1.0,0.0,0.0005,exchangeInfo.quotePrecision/baseSizePrecision/quoteAmountPrecision,1,False,0.6542530681337283,0.8577476714648603,0.9068585944115156,75.56478242220687
mexc,CAPTCHAUSDT,CAPTCHA-USDT,CAPTCHA,USDT,True,1,True,0.001439,130398.1160063,136808240.46,0.001438,3556.13,0.0014381,5515.67,0.6953861131397144,5.11371494,1e-07,0.0,0.0,1.0,0.0,0.0005,exchangeInfo.quotePrecision/baseSizePrecision/quoteAmountPrecision,1,False,0.7752856538298772,0.9944961896697714,0.40304826418289585,75.56408098604545
mexc,CHEEMSUSDT,CHEEMS-USDT,CHEEMS,USDT,True,1,True,4.142e-07,200039.2452714055,466849867878.0,4.132e-07,1242329313.0,4.146e-07,113285002.0,33.82459531287749,46.9679618292,1e-10,0.0,0.0,1.0,0.0,0.0005,exchangeInfo.quotePrecision/baseSizePrecision/quoteAmountPrecision,1,False,0.8387642826914938,0.5584250635055038,0.7734970364098221,75.5626028638662
mexc,EURIUSDT,EURI-USDT,EURI,USDT,True,1,True,1.1514,195818.7547,169943.92,1.1512,1.95,1.1514,64.38,1.7371666811428645,2.24484,0.0001,0.0,0.0,1.0,0.0,0.0005,exchangeInfo.quotePrecision/baseSizePrecision/quoteAmountPrecision,1,False,0.8345323741007195,0.9775613886536834,0.2595258255715495,75.52883180331264
mexc,XPINUSDT,XPIN-USDT,XPIN,USDT,True,1,True,0.0010924,148829.09973,135600150.28,0.0010892,95833.0,0.0010927,164722.03,32.082130253449115,104.3813036,1e-07,0.0,0.0,1.0,0.0,0.0005,exchangeInfo.quotePrecision/baseSizePrecision/quoteAmountPrecision,1,False,0.79305966991113,0.580016934801016,0.8700254022015241,75.51921325916804
mexc,PROUSDT,PRO-USDT,PRO,USDT,True,1,True,0.3545,725759.646,2020654.03,0.3542,5.98,0.3548,25.0,16.92524682651592,2.118116,0.0001,0.0,0.0,1.0,0.0,0.0005,exchangeInfo.quotePrecision/baseSizePrecision/quoteAmountPrecision,1,False,0.9411764705882353,0.7472480948348856,0.2502116850127011,75.4501419534791
mexc,MOGUSDT,MOG-USDT,MOG,USDT,True,1,True,1.392e-07,117466.0997514445,835101132783.0,1.391e-07,216450033.0,1.393e-07,602758646.0,14.367816091955103,30.1081995903,1e-10,0.0,0.0,1.0,0.0,0.0005,exchangeInfo.quotePrecision/baseSizePrecision/quoteAmountPrecision,1,False,0.7570884468895472,0.7802709568162574,0.7150719729043183,75.44807795741791
mexc,CGPTUSDT,CGPT-USDT,CGPT,USDT,True,1,True,0.019094,106722.722689,5472431.98,0.019089,5337.36,0.019102,848.0,6.8078866748724005,16.198496000000002,1e-06,0.0,0.0,1.0,0.0,0.0005,exchangeInfo.quotePrecision/baseSizePrecision/quoteAmountPrecision,1,False,0.7380448582310623,0.8920406435224386,0.6265876375952583,75.42523604267456
mexc,OGNUSDT,OGN-USDT,OGN,USDT,True,1,True,0.0208,130779.54276,6136317.04,0.0208,320.8,0.02081,7228.0,4.806536890170436,6.67264,1e-05,0.01,0.01,1.0,0.0,0.0005,exchangeInfo.quotePrecision/baseSizePrecision/quoteAmountPrecision,1,False,0.7761320355480321,0.9297205757832345,0.47332768839966133,75.39683011771587
mexc,ASTRUSDT,ASTR-USDT,ASTR,USDT,True,1,True,0.007319,203913.972544,26790009.93,0.007318,241.0,0.007319,4536.56,1.3664002186242161,1.763638,1e-06,0.01,0.01,1.0,0.0,0.0005,exchangeInfo.quotePrecision/baseSizePrecision/quoteAmountPrecision,1,False,0.8434193821413457,0.9826418289585097,0.2218458933107536,75.39102960795184
mexc,HTMUSDT,HTM-USDT,HTM,USDT,True,1,True,0.01452,99866.05998,6747104.66,0.01452,1713.49,0.01453,4608.86,6.884681583476484,24.8798748,1e-05,0.0,0.0,1.0,0.0,0.0005,exchangeInfo.quotePrecision/baseSizePrecision/quoteAmountPrecision,1,False,0.7147693609818028,0.8903471634208298,0.6883996613039797,75.3389871655995
mexc,LINEAUSDT,LINEA-USDT,LINEA,USDT,True,1,True,0.002941,334105.943667,112200300.21,0.00294,8064.52,0.002942,509.66,6.800408024482371,1.4994197200000001,1e-06,0.0,0.0,1.0,0.0,0.0005,exchangeInfo.quotePrecision/baseSizePrecision/quoteAmountPrecision,1,False,0.8916631400761743,0.8924640135478408,0.19813717188823032,75.31581648065021
mexc,BTRUSDT,BTR-USDT,BTR,USDT,True,1,True,0.02934,246723.55169,7866107.8,0.02928,887.0,0.02936,503.16,27.285129604365693,14.772777600000001,1e-05,0.0,0.0,1.0,0.0,0.0005,exchangeInfo.quotePrecision/baseSizePrecision/quoteAmountPrecision,1,False,0.860770207363521,0.630397967823878,0.6104995766299746,75.3123021331901
mexc,CGNUSDT,CGN-USDT,CGN,USDT,True,1,True,0.002618,118826.434224,45389130.41,0.002615,19042.03,0.00262,48986.98,19.102196752625773,49.79490845,1e-06,0.0,0.0,1.0,0.0,0.0005,exchangeInfo.quotePrecision/baseSizePrecision/quoteAmountPrecision,1,False,0.7596275920440119,0.7186706181202371,0.7781541066892464,75.30936514921152
mexc,GRASSUSDT,GRASS-USDT,GRASS,USDT,True,1,True,0.2988,219690.8275,727640.26,0.2985,3654.59,0.2992,41.25,23.42312196754338,12.342,0.0001,0.0,0.0,1.0,0.0,0.0005,exchangeInfo.quotePrecision/baseSizePrecision/quoteAmountPrecision,1,False,0.84934405416843,0.6706181202370872,0.5863674851820491,75.20672568883182
mexc,ARIAUSDT,ARIA-USDT,ARIA,USDT,True,1,True,0.33829,386518.71396,1193843.23,0.33729,112.85,0.33876,439.87,43.48790769913547,38.0631765,1e-05,0.0,0.0,1.0,0.0,0.0005,exchangeInfo.quotePrecision/baseSizePrecision/quoteAmountPrecision,1,False,0.9013965298349556,0.42591024555461476,0.7489415749364945,75.20339677851783
mexc,XYOUSDT,XYO-USDT,XYO,USDT,True,1,True,0.00374,400854.75629,106780018.07,0.00373,116393.53,0.00375,28417.52,53.47593582887715,106.56569999999999,1e-05,0.001,0.001,1.0,0.0,0.0005,exchangeInfo.quotePrecision/baseSizePrecision/quoteAmountPrecision,1,False,0.9035124841303428,0.3221845893310754,0.8725656223539373,75.19911380752448
mexc,QUAIUSDT,QUAI-USDT,QUAI,USDT,True,1,True,0.03524,117098.73594,3284467.38,0.03523,1496.95,0.03527,547.49,11.347517730497959,19.309972300000002,1e-05,0.0,0.0,1.0,0.0,0.0005,exchangeInfo.quotePrecision/baseSizePrecision/quoteAmountPrecision,1,False,0.7558188743123149,0.8226079593564776,0.6519898391193903,75.17503385347706
mexc,ADAEUR,ADA-EUR,ADA,EUR,True,1,True,0.2129,405060.7902,1881919.47,0.2126,50.03,0.2133,305.86,32.87156609532653,10.636378,0.0001,0.0,0.0,1.0,0.0,0.0,exchangeInfo.quotePrecision/baseSizePrecision/quoteAmountPrecision,1,False,0.9043588658484977,0.56731583403895,0.5605419136325148,75.13347174529142
mexc,AFRDUSDT,AFRD-USDT,AFRD,USDT,True,1,True,0.000365,1455233.667816,3135883924.24,0.000364,8241.75,0.000365,564383.56,27.434842249656242,2.999997,1e-06,0.0,0.0,1.0,0.0,0.0005,exchangeInfo.quotePrecision/baseSizePrecision/quoteAmountPrecision,1,False,0.9678374947101143,0.6291278577476714,0.3082133784928027,75.12352622260413
mexc,RUNEUSDT,RUNE-USDT,RUNE,USDT,True,1,True,0.3945,249408.1533,629239.96,0.3943,4.68,0.3945,4.64,5.070993914808151,1.8304799999999999,0.0001,1.0,1.0,1.0,0.0,0.0005,exchangeInfo.quotePrecision/baseSizePrecision/quoteAmountPrecision,1,False,0.8637325433770631,0.9233700254022015,0.2252328535139712,75.09419759107294
mexc,ALEUSDT,ALE-USDT,ALE,USDT,True,1,True,0.2678,89012.9286,332237.53,0.2676,434.27,0.2678,163.92,7.471049682479566,43.89777599999999,0.0001,0.0,0.0,1.0,0.0,0.0005,exchangeInfo.quotePrecision/baseSizePrecision/quoteAmountPrecision,1,False,0.6855691917054592,0.8818797629127858,0.7654530059271804,75.06235973516351
mexc,XMRUSDC,XMR-USDC,XMR,USDC,True,1,True,325.98,322075.13,991.205,325.78,0.005,326.03,0.005,7.670947055123427,1.6288999999999998,0.01,0.0,0.0,1.0,0.0,0.0,exchangeInfo.quotePrecision/baseSizePrecision/quoteAmountPrecision,1,False,0.8882776132035548,0.8784928027095682,0.21168501270110077,75.05128904795673
mexc,LAUSDT,LA-USDT,LA,USDT,True,1,True,0.17266,312184.52503,1758693.39,0.17261,9.53,0.17274,9.76,7.528594179817068,1.6449733,1e-05,0.0,0.0,1.0,0.0,0.0005,exchangeInfo.quotePrecision/baseSizePrecision/quoteAmountPrecision,1,False,0.886584849767245,0.8806096528365792,0.21337849280270957,75.04497791416715
mexc,MMTUSDT,MMT-USDT,MMT,USDT,True,1,True,0.1059,77851.3321,711913.99,0.1062,18243.84,0.1063,1605.04,9.411764705882621,170.61575200000001,0.0001,0.0,0.0,1.0,0.0,0.0005,exchangeInfo.quotePrecision/baseSizePrecision/quoteAmountPrecision,1,False,0.6495979686838764,0.8505503810330228,0.9026248941574937,75.04414568658865
mexc,BIGTIMEUSDT,BIGTIME-USDT,BIGTIME,USDT,True,1,True,0.01198,80883.71547,6634220.77,0.01197,7380.0,0.01198,11023.2,8.350730688934942,88.3386,1e-05,0.0,0.0,1.0,0.0,0.0005,exchangeInfo.quotePrecision/baseSizePrecision/quoteAmountPrecision,1,False,0.659754549301735,0.8691786621507197,0.8475867908552075,74.96770258246758
mexc,TRUMPUSDC,TRUMP-USDC,TRUMP,USDC,True,1,True,2.961,250121.444,82995.98,2.958,197.62,2.966,4.03,27.008777852802183,11.952980000000002,0.001,0.0,0.0,1.0,0.0,0.0,exchangeInfo.quotePrecision/baseSizePrecision/quoteAmountPrecision,1,False,0.8645789250952179,0.6337849280270957,0.5774767146486028,74.94599837388645
mexc,币安人生USDT,币安人生-USDT,币安人生,USDT,True,1,True,0.04065,108559.81573,2540462.41,0.04049,152924.8,0.04062,50909.36,32.0552336333387,2067.9382032000003,1e-05,0.0,0.0,1.0,0.0,0.0005,exchangeInfo.quotePrecision/baseSizePrecision/quoteAmountPrecision,1,False,0.739737621667372,0.5804403048264183,0.9864521591871296,74.92561999610851
mexc,PORTALUSDT,PORTAL-USDT,PORTAL,USDT,True,1,True,0.00938,86623.623891,8952138.09,0.00937,16759.2,0.00938,9000.0,10.666666666666233,84.42,1e-06,0.0,0.0,1.0,0.0,0.0005,exchangeInfo.quotePrecision/baseSizePrecision/quoteAmountPrecision,1,False,0.6783749471011427,0.8327688399661304,0.838272650296359,74.89529609564329
mexc,NVDAONUSDT,NVDAON-USDT,NVDAON,USDT,True,1,True,166.12,69794.76,413.216,166.06,2.375,166.17,4.97,6.62191855040094,394.3925,0.01,0.0,0.0,1.0,0.0,0.0005,exchangeInfo.quotePrecision/baseSizePrecision/quoteAmountPrecision,1,False,0.6085484553533643,0.8941574936494496,0.9530059271803556,74.8842209292784
mexc,XPLUSDT,XPL-USDT,XPL,USDT,True,1,True,0.08813,358381.44705,3978567.21,0.08814,55.53,0.08819,14.91,5.671184710486971,1.3149129000000002,1e-05,0.0,0.0,1.0,0.0,0.0005,exchangeInfo.quotePrecision/baseSizePrecision/quoteAmountPrecision,1,False,0.8954718578078713,0.9161727349703641,0.1363251481795089,74.88177351728221
mexc,GEODUSDT,GEOD-USDT,GEOD,USDT,True,1,True,0.1406,150516.9115,1071228.28,0.1405,84.13,0.1407,262.88,14.224751066854763,11.820265000000001,0.0001,0.0,0.0,1.0,0.0,0.0005,exchangeInfo.quotePrecision/baseSizePrecision/quoteAmountPrecision,1,False,0.796022005924672,0.7828111769686706,0.5762066045723963,74.87562184152165
mexc,WCTUSDT,WCT-USDT,WCT,USDT,True,1,True,0.05618,98267.59231,1720246.69,0.05608,29513.52,0.05622,16254.24,24.933214603740204,913.8133728,1e-05,0.0,0.0,1.0,0.0,0.0005,exchangeInfo.quotePrecision/baseSizePrecision/quoteAmountPrecision,1,False,0.7079983072365637,0.6528365791701948,0.9801016088060965,74.86285355338781
mexc,ASTERUSDC,ASTER-USDC,ASTER,USDC,True,1,True,0.6609,119120.7684,179130.23,0.6598,773.08,0.6621,4879.76,34.79839624782463,510.0781840000001,0.0001,0.0,0.0,1.0,0.0,0.0,exchangeInfo.quotePrecision/baseSizePrecision/quoteAmountPrecision,1,False,0.7608971646212441,0.5474174428450466,0.9652836579170194,74.84045328363497
mexc,MOVRUSDT,MOVR-USDT,MOVR,USDT,True,1,True,1.018,120643.227,114542.4452,1.017,866.6544,1.018,12.584,9.828009828010927,12.810512,0.001,0.0001,0.0001,1.0,0.0,0.0005,exchangeInfo.quotePrecision/baseSizePrecision/quoteAmountPrecision,1,False,0.7617435463393991,0.8437764606265876,0.5897544453852667,74.78539547203698
mexc,FHEUSDT,FHE-USDT,FHE,USDT,True,1,True,0.01759,154580.97346,8715873.13,0.01754,2259.17,0.01757,828.73,17.089148390771165,14.5607861,1e-05,0.0,0.0,1.0,0.0,0.0005,exchangeInfo.quotePrecision/baseSizePrecision/quoteAmountPrecision,1,False,0.7989843419382141,0.7447078746824725,0.609229466553768,74.74642500473895
mexc,TUSDT,T-USDT,T,USDT,True,1,True,0.006045,94267.428785,15429424.73,0.00604,177941.44,0.006051,33420.32,18.195351914646803,202.22635632,1e-06,0.0001,0.0001,1.0,0.0,0.0005,exchangeInfo.quotePrecision/baseSizePrecision/quoteAmountPrecision,1,False,0.6961489631823953,0.7307366638441999,0.9093988145639289,74.74458586241532
mexc,TRADOORUSDT,TRADOOR-USDT,TRADOOR,USDT,True,1,True,2.8481,268668.0725,100069.48,2.8392,15.16,2.8509,223.83,41.12405757368154,43.042272,0.0001,0.0,0.0,1.0,0.0,0.0005,exchangeInfo.quotePrecision/baseSizePrecision/quoteAmountPrecision,1,False,0.8713499788404571,0.46274343776460625,0.7624894157493649,74.7426230953276
mexc,COREUSDT,CORE-USDT,CORE,USDT,True,1,True,0.06522,115730.73657,1757506.25,0.06519,444.89,0.06529,817.11,15.328019619865554,29.0023791,1e-05,0.01,0.01,1.0,0.0,0.0005,exchangeInfo.quotePrecision/baseSizePrecision/quoteAmountPrecision,1,False,0.7524333474396953,0.7662997459779848,0.7095681625740897,74.73269101011465
mexc,CORNUSDT,CORN-USDT,CORN,USDT,True,1,True,0.04678,540672.60971,11548077.02,0.04669,246.51,0.04687,620.97,38.47798204360829,11.5095519,1e-05,0.0,0.0,1.0,0.0,0.0005,exchangeInfo.quotePrecision/baseSizePrecision/quoteAmountPrecision,1,False,0.92382564536606,0.49915325994919557,0.5715495342929721,74.72023267972264
mexc,SPARKLETUSDT,SPARKLET-USDT,SPARKLET,USDT,True,1,True,0.02184,150175.42661,6880954.34,0.0218,5533.36,0.02184,804.44,18.331805682859017,17.5689696,1e-05,0.0,0.0,1.0,0.0,0.0005,exchangeInfo.quotePrecision/baseSizePrecision/quoteAmountPrecision,1,False,0.7951756242065171,0.729043183742591,0.6371718882303133,74.70417668952949
mexc,WUSDT,W-USDT,W,USDT,True,1,True,0.01485,253465.11939,16663420.67,0.01484,43077.41,0.01486,260.2,13.468013468012918,3.8665719999999997,1e-05,0.0,0.0,1.0,0.0,0.0005,exchangeInfo.quotePrecision/baseSizePrecision/quoteAmountPrecision,1,False,0.8666948793906052,0.79424216765453,0.35817104149026247,74.68769338765179
mexc,MBGUSDT,MBG-USDT,MBG,USDT,True,1,True,0.3637,1588192.029,4376314.2,0.3633,92.88,0.3637,1.65,11.00412654745561,0.600105,0.0001,0.0,0.0,1.0,0.0,0.0005,exchangeInfo.quotePrecision/baseSizePrecision/quoteAmountPrecision,1,False,0.969530258146424,0.8264182895850973,0.03513971210838273,74.68741567984843
mexc,ETHUSDF,ETH-USDF,ETH,USDF,True,1,True,1990.86,116967.44,58.22936,1989.87,0.15723,1996.14,0.11375,31.460031460032507,227.06092500000003,0.01,0.0,0.0,1.0,0.0,0.0005,exchangeInfo.quotePrecision/baseSizePrecision/quoteAmountPrecision,1,False,0.7553956834532374,0.5867908552074513,0.9187129551227773,74.5907930725699
mexc,IRYSUSDT,IRYS-USDT,IRYS,USDT,True,1,True,0.02019,115533.30092,5633794.86,0.02021,2211.68,0.02025,2318.77,19.772614928325183,44.69805279999999,1e-05,0.0,0.0,1.0,0.0,0.0005,exchangeInfo.quotePrecision/baseSizePrecision/quoteAmountPrecision,1,False,0.7520101565806179,0.7112616426756986,0.7692633361558001,74.52736640194244
mexc,CRVUSDC,CRV-USDC,CRV,USDC,True,1,True,0.2087,234584.376,1085467.48,0.2081,3848.7,0.209,388.8,43.1551186765756,81.25919999999999,0.0001,0.0,0.0,1.0,0.0,0.0,exchangeInfo.quotePrecision/baseSizePrecision/quoteAmountPrecision,1,False,0.8556919170545916,0.43056731583403896,0.8348856900931414,74.52495213571635
mexc,SPYONUSDT,SPYON-USDT,SPYON,USDT,True,1,True,635.45,66307.85,102.908,635.21,2.267,635.61,2.267,6.295148014667337,1440.02107,0.01,0.0,0.0,1.0,0.0,0.0005,exchangeInfo.quotePrecision/baseSizePrecision/quoteAmountPrecision,1,False,0.5869657215404147,0.9009314140558848,0.9847586790855207,74.50157361783035
mexc,SENTISUSDT,SENTIS-USDT,SENTIS,USDT,True,1,True,0.04405,263197.43674,5909064.71,0.04404,1732.03,0.04424,2555.76,45.31037607612116,76.2786012,1e-05,0.0,0.0,1.0,0.0,0.0005,exchangeInfo.quotePrecision/baseSizePrecision/quoteAmountPrecision,1,False,0.8700804062632247,0.4047417442845047,0.8264182895850973,74.50133174329193
mexc,VINEUSDT,VINE-USDT,VINE,USDT,True,1,True,0.01523,165289.92984,10518316.06,0.01519,14030.33,0.01525,9332.2,39.42181340341609,142.31605000000002,1e-05,0.0,0.0,1.0,0.0,0.0005,exchangeInfo.quotePrecision/baseSizePrecision/quoteAmountPrecision,1,False,0.8087177316969953,0.4839119390347163,0.8933107535986452,74.44348879117555
mexc,YBUSDT,YB-USDT,YB,USDT,True,1,True,0.1105,94339.0987,796523.58,0.1104,5073.12,0.1106,1141.6,18.099547511312736,126.26096,0.0001,0.0,0.0,1.0,0.0,0.0005,exchangeInfo.quotePrecision/baseSizePrecision/quoteAmountPrecision,1,False,0.6974185357596276,0.7320067739204064,0.88653683319221,74.38892547863388
mexc,BANANAS31USDT,BANANAS31-USDT,BANANAS31,USDT,True,1,True,0.013017,100390.4921081,7491475.6,0.0130008,3005.6,0.0130022,615.2,1.076798830904403,7.998953440000001,1e-07,0.0,0.0,1.0,0.0,0.0005,exchangeInfo.quotePrecision/baseSizePrecision/quoteAmountPrecision,1,False,0.7202708421498095,0.9864521591871296,0.5055038103302286,74.38627650452234
mexc,NEXFIUSDT,NEXFI-USDT,NEXFI,USDT,True,1,True,4.5e-07,6273654.00561494,11586382344888.22,4.4e-07,1519773829.35,4.6e-07,2897117508.67,444.4444444444437,668.700484914,1e-08,0.0,0.0,1.0,0.0,0.0005,exchangeInfo.quotePrecision/baseSizePrecision/quoteAmountPrecision,1,False,0.9889970376639865,0.019475021168501305,0.9745977984758679,74.37366857024917
mexc,LUNAUSDT,LUNA-USDT,LUNA,USDT,True,1,True,0.05569,273932.30212,4774576.35,0.05569,24.66,0.05572,554.38,5.38551297010956,1.3733154,1e-05,0.01,0.01,1.0,0.0,0.0005,exchangeInfo.quotePrecision/baseSizePrecision/quoteAmountPrecision,1,False,0.8730427422767668,0.9195596951735817,0.168077900084674,74.3679012062552
mexc,TAOEUR,TAO-EUR,TAO,EUR,True,1,True,275.94,3607588.37,12816.29,274.89,0.46,275.77,0.01,31.96164602477011,2.7577,0.01,0.0,0.0,1.0,0.0,0.0,exchangeInfo.quotePrecision/baseSizePrecision/quoteAmountPrecision,1,False,0.9822259839187474,0.5825571549534293,0.2887383573243014,74.36112513585287
mexc,MASKUSDT,MASK-USDT,MASK,USDT,True,1,True,0.4064,102577.8561,247490.15,0.4064,93.57,0.407,95.12,14.752889107449949,38.026847999999994,0.0001,0.001,0.001,1.0,0.0,0.0005,exchangeInfo.quotePrecision/baseSizePrecision/quoteAmountPrecision,1,False,0.7270418958950486,0.7743437764606266,0.7485182049110923,74.31626278396519
mexc,DODOUSDT,DODO-USDT,DODO,USDT,True,1,True,0.01399,77610.08176,5417521.68,0.01398,5400.0,0.01399,5880.4,7.1505184125858605,75.49199999999999,1e-05,0.001,0.001,1.0,0.0,0.0005,exchangeInfo.quotePrecision/baseSizePrecision/quoteAmountPrecision,1,False,0.6483283961066441,0.8856900931414056,0.8251481795088907,74.30327770457839
mexc,ETHBRL,ETH-BRL,ETH,BRL,True,1,True,10477.51,284195.26,26.9874,10453.59,0.0075,10480.09,0.0007,25.318052057736622,7.336063,0.01,0.0,0.0,5.0,0.0,0.0005,exchangeInfo.quotePrecision/baseSizePrecision/quoteAmountPrecision,1,False,0.8785442234447736,0.646909398814564,0.48856900931414055,74.26404744610946
mexc,TOSHIUSDT,TOSHI-USDT,TOSHI,USDT,True,1,True,0.0001864,77195.6752132,405938391.92,0.0001865,2680965.14,0.0001867,804247.2,10.718113612004547,150.15295224,1e-07,0.0,0.0,1.0,0.0,0.0005,exchangeInfo.quotePrecision/baseSizePrecision/quoteAmountPrecision,1,False,0.6449428692340246,0.8319220999153261,0.8983911939034717,74.23773418382393
mexc,VVVUSDT,VVV-USDT,VVV,USDT,True,1,True,5.8598,173188.4307,29160.76,5.8509,14.11,5.8675,4.33,28.331512834515816,25.406275,0.0001,0.0,0.0,1.0,0.0,0.0005,exchangeInfo.quotePrecision/baseSizePrecision/quoteAmountPrecision,1,False,0.815065594583157,0.6193903471634208,0.6922099915325995,74.15756621181116
mexc,HYPEUSDC,HYPE-USDC,HYPE,USDC,True,1,True,38.58,137169.25,3558.8,38.52,27.85,38.67,8.41,38.865137971239434,325.2147,0.01,0.0,0.0,1.0,0.0,0.0,exchangeInfo.quotePrecision/baseSizePrecision/quoteAmountPrecision,1,False,0.7803639441388066,0.4928027095681625,0.9445385266723116,74.13085520028466
mexc,HAEDALUSDT,HAEDAL-USDT,HAEDAL,USDT,True,1,True,0.02886,150850.83851,5095868.67,0.02882,1181.51,0.0289,19523.63,27.720027720027794,34.0511182,1e-05,0.0,0.0,1.0,0.0,0.0005,exchangeInfo.quotePrecision/baseSizePrecision/quoteAmountPrecision,1,False,0.7964451967837495,0.6253175275190517,0.7341236240474175,74.11989649203086
mexc,AGTUSDT,AGT-USDT,AGT,USDT,True,1,True,0.006426,278900.785801,47375552.2,0.006403,1100.8,0.006419,40000.0,24.957104975823412,7.0484224,1e-06,0.0,0.0,1.0,0.0,0.0005,exchangeInfo.quotePrecision/baseSizePrecision/quoteAmountPrecision,1,False,0.8760050782903089,0.6519898391193903,0.4813717188823031,74.10745966159782
mexc,IQUSDT,IQ-USDT,IQ,USDT,True,1,True,0.001035,102394.878115,97068208.31,0.001035,18295.2,0.001036,435000.8,9.657170449059707,18.935532,1e-06,0.001,0.001,1.0,0.0,0.0005,exchangeInfo.quotePrecision/baseSizePrecision/quoteAmountPrecision,1,False,0.7261955141768938,0.8471634208298052,0.6486028789161727,74.09189637879776
mexc,SUIEUR,SUI-EUR,SUI,EUR,True,1,True,0.7619,505251.7214,654334.7,0.758,816.18,0.7632,285.0,68.36707862214018,217.512,0.0001,0.0,0.0,1.0,0.0,0.0,exchangeInfo.quotePrecision/baseSizePrecision/quoteAmountPrecision,1,False,0.9179009733389759,0.21168501270110074,0.9153259949195597,74.0831987495624
mexc,CFGUSDT,CFG-USDT,CFG,USDT,True,1,True,0.1668,981656.4414,6308678.05,0.166,6.7,0.1662,1194.0,12.040939193255749,1.1122,0.0001,0.0,0.0,1.0,0.0,0.0005,exchangeInfo.quotePrecision/baseSizePrecision/quoteAmountPrecision,1,False,0.9534490055014812,0.8149872988992379,0.06308213378492802,74.07602045076096
mexc,EVDCUSDT,EVDC-USDT,EVDC,USDT,True,1,True,2.57e-05,125854.32444982,4874990717.25,2.569e-05,1395408.3,2.575e-05,2258046.6,23.328149300155296,35.848039227,1e-08,0.0,0.0,1.0,0.0,0.0005,exchangeInfo.quotePrecision/baseSizePrecision/quoteAmountPrecision,1,False,0.7693609818027931,0.6727349703640982,0.7434377646062659,74.0019835503814
mexc,INJUSDC,INJ-USDC,INJ,USDC,True,1,True,2.847,124721.13,43160.02,2.84,179.22,2.851,528.87,38.657529432437606,508.98479999999995,0.001,0.0,0.0,1.0,0.0,0.0,exchangeInfo.quotePrecision/baseSizePrecision/quoteAmountPrecision,1,False,0.7680914092255607,0.49703640982218456,0.9648602878916173,73.9681435107928
mexc,JELLYJELLYUSDT,JELLYJELLY-USDT,JELLYJELLY,USDT,True,1,True,0.055012,168422.603294,3044975.61,0.055037,270.57,0.055161,917.91,22.504945643296452,14.89136109,1e-06,0.0,0.0,1.0,0.0,0.0005,exchangeInfo.quotePrecision/baseSizePrecision/quoteAmountPrecision,1,False,0.8104104951333051,0.6812023708721422,0.6126164267569856,73.85496503927504
mexc,XPASSUSDT,XPASS-USDT,XPASS,USDT,True,1,True,0.00931,82194.86769,8567902.26,0.00931,8219.57,0.00932,10928.26,10.735373054213197,76.5241967,1e-05,0.0,0.0,1.0,0.0,0.0005,exchangeInfo.quotePrecision/baseSizePrecision/quoteAmountPrecision,1,False,0.6639864578925095,0.8314987298899238,0.8268416596104996,73.8435566235461
mexc,WILDUSDT,WILD-USDT,WILD,USDT,True,1,True,0.02002,70083.89886,3423887.31,0.02001,25934.12,0.02002,4574.93,4.9962528103920025,91.5900986,1e-05,1e-05,1e-05,1.0,0.0,0.0005,exchangeInfo.quotePrecision/baseSizePrecision/quoteAmountPrecision,1,False,0.6093948370715192,0.9254868755292125,0.8560541913632514,73.7749717544289
mexc,ZILUSDT,ZIL-USDT,ZIL,USDT,True,1,True,0.003774,377006.490537,98358880.81,0.003771,347.73,0.003774,5810.57,7.952286282306069,1.31128983,1e-06,1.0,1.0,1.0,0.0,0.0005,exchangeInfo.quotePrecision/baseSizePrecision/quoteAmountPrecision,1,False,0.8988573846804909,0.8742591024555462,0.12362404741744284,73.7661146671645
mexc,BELUSDT,BEL-USDT,BEL,USDT,True,1,True,0.09083,93513.83078,1006874.59,0.09067,12794.72,0.09091,17555.68,26.4346293644679,1160.0972623999999,1e-05,0.0001,0.0001,1.0,0.0,0.0005,exchangeInfo.quotePrecision/baseSizePrecision/quoteAmountPrecision,1,False,0.6944561997460855,0.6367485182049111,0.9817950889077053,73.74970571931159
mexc,BMTUSDT,BMT-USDT,BMT,USDT,True,1,True,0.01397,74534.76305,5164747.55,0.01397,5836.44,0.01398,11951.68,7.155635062611515,81.5350668,1e-05,0.0,0.0,1.0,0.0,0.0005,exchangeInfo.quotePrecision/baseSizePrecision/quoteAmountPrecision,1,False,0.6335167160389336,0.8852667231160034,0.8353090601185436,73.68126866241231
mexc,BIOUSDT,BIO-USDT,BIO,USDT,True,1,True,0.01615,243426.52097,14698149.71,0.01613,186.62,0.01615,3651.0,12.391573729865337,3.0101806,1e-05,0.0,0.0,1.0,0.0,0.0005,exchangeInfo.quotePrecision/baseSizePrecision/quoteAmountPrecision,1,False,0.8590774439272112,0.8073666384419983,0.3111769686706181,73.65696475045893
mexc,IOUSDT,IO-USDT,IO,USDT,True,1,True,0.1056,174013.1149,1565486.41,0.1053,1182.44,0.1056,197.13,28.44950213371216,20.816928,0.0001,0.0,0.0,1.0,0.0,0.0005,exchangeInfo.quotePrecision/baseSizePrecision/quoteAmountPrecision,1,False,0.8163351671603893,0.617696867061812,0.6651143099068586,73.64314206850389
mexc,PEPEUSDC,PEPE-USDC,PEPE,USDC,True,1,True,3.266e-06,191424.302579386,58040082253.0,3.26e-06,22001716.0,3.27e-06,5860389.0,30.62787136293998,19.16347203,1e-09,0.0,0.0,1.0,0.0,0.0,exchangeInfo.quotePrecision/baseSizePrecision/quoteAmountPrecision,1,False,0.8311468472280998,0.596528365791702,0.6507197290431838,73.6406803232017
mexc,IMXUSDT,IMX-USDT,IMX,USDT,True,1,True,0.143,417086.5904,2803673.42,0.1429,8.4,0.143,29.37,6.995452955578103,1.20036,0.0001,0.0001,0.0001,1.0,0.0,0.0005,exchangeInfo.quotePrecision/baseSizePrecision/quoteAmountPrecision,1,False,0.9068980110029623,0.8873835732430144,0.07874682472480948,73.6389164307345
mexc,LKIUSDT,LKI-USDT,LKI,USDT,True,1,True,0.0003632,202070.7992277,625877714.68,0.0003631,3707.37,0.0003632,24665.33,2.7536830510808876,1.346146047,1e-07,0.0,0.0,1.0,0.0,0.0005,exchangeInfo.quotePrecision/baseSizePrecision/quoteAmountPrecision,1,False,0.8421498095641134,0.9678238780694327,0.15453005927180355,73.60443766319813
mexc,GHSTUSDT,GHST-USDT,GHST,USDT,True,1,True,0.14858,368423.57924,3099747.53,0.14894,23.45,0.14925,26.04,20.79211241155,3.4926429999999997,1e-05,0.001,0.001,1.0,0.0,0.0005,exchangeInfo.quotePrecision/baseSizePrecision/quoteAmountPrecision,1,False,0.8967414303851037,0.6994072819644369,0.338272650296359,73.57141372621881
mexc,PAALUSDT,PAAL-USDT,PAAL,USDT,True,1,True,0.01447,113180.35509,7738643.63,0.01447,3895.14,0.01448,553.6,6.908462867011809,8.016128,1e-05,0.0,0.0,1.0,0.0,0.0005,exchangeInfo.quotePrecision/baseSizePrecision/quoteAmountPrecision,1,False,0.7477782479898434,0.8899237933954276,0.5071972904318375,73.51984428296383
mexc,DDMTUSDT,DDMT-USDT,DDMT,USDT,True,1,True,0.09057,187070.38332,2011728.44,0.09054,61.66,0.09058,20.74,4.4169611307418695,1.8786291999999998,1e-05,0.0,0.0,1.0,0.0,0.0005,exchangeInfo.quotePrecision/baseSizePrecision/quoteAmountPrecision,1,False,0.8269149386373255,0.9386113463166808,0.22819644369178663,73.50953415680566
mexc,ACMUSDT,ACM-USDT,ACM,USDT,True,1,True,0.4006,133128.0006,327822.06,0.4001,75.85,0.4011,1212.64,24.962556165751398,30.347585,0.0001,0.1,0.1,1.0,0.0,0.0005,exchangeInfo.quotePrecision/baseSizePrecision/quoteAmountPrecision,1,False,0.7782479898434194,0.6515664690939882,0.7171888230313294,73.43657762936436
mexc,TBKUSDT,TBK-USDT,TBK,USDT,True,1,True,0.4808,115410.8221,241234.47,0.48,83.42,0.4811,91.52,22.890438039747067,40.0416,0.0001,0.0,0.0,1.0,0.0,0.0005,exchangeInfo.quotePrecision/baseSizePrecision/quoteAmountPrecision,1,False,0.7515869657215404,0.6769686706181202,0.7557154953429297,73.37580978699633
mexc,TBCUSDT,TBC-USDT,TBC,USDT,True,1,True,4.425,208685.851,47396.56,4.419,1.13,4.426,14.41,15.828151498022752,4.993469999999999,0.001,0.0,0.0,1.0,0.0,0.0005,exchangeInfo.quotePrecision/baseSizePrecision/quoteAmountPrecision,1,False,0.8451121455776556,0.7607959356477562,0.3933107535986452,73.36728146993788
mexc,COOKUSDT,COOK-USDT,COOK,USDT,True,1,True,0.003114,202838.714321,64680845.63,0.003145,420.76,0.003146,29954.38,3.17914481004652,1.3232902,1e-06,0.0,0.0,1.0,0.0,0.0005,exchangeInfo.quotePrecision/baseSizePrecision/quoteAmountPrecision,1,False,0.8425730004231908,0.9627434377646062,0.1460626587637595,73.33135414266584
mexc,SCUSDT,SC-USDT,SC,USDT,True,1,True,0.0009267,140892.4480864,146443518.26,0.0009263,3238.69,0.0009266,10000.0,3.2381671973657844,2.999998547,1e-07,0.0001,0.0001,1.0,0.0,0.0005,exchangeInfo.quotePrecision/baseSizePrecision/quoteAmountPrecision,1,False,0.7837494710114261,0.9610499576629975,0.3086367485182049,73.30520481756749
mexc,CCDUSDT,CCD-USDT,CCD,USDT,True,1,True,0.004692,152131.507162,31975865.62,0.004689,770.47,0.004692,2029.33,6.3959066197642,3.61273383,1e-06,0.0001,0.0001,1.0,0.0,0.0005,exchangeInfo.quotePrecision/baseSizePrecision/quoteAmountPrecision,1,False,0.7977147693609818,0.8983911939034717,0.3471634208298052,73.2773605790369
mexc,QQQONUSDT,QQQON-USDT,QQQON,USDT,True,1,True,560.43,67672.78,118.872,560.39,0.164,560.65,0.534,4.638549917933186,91.90396,0.01,0.0,0.0,1.0,0.0,0.0005,exchangeInfo.quotePrecision/baseSizePrecision/quoteAmountPrecision,1,False,0.5958527295810411,0.9314140558848434,0.8564775613886537,73.18680275185142
mexc,USTCUSDT,USTC-USDT,USTC,USDT,True,1,True,0.004434,180337.601811,39811427.75,0.004431,760.72,0.004435,760.72,9.023234829685684,3.37075032,1e-06,0.001,0.001,1.0,0.0,0.0005,exchangeInfo.quotePrecision/baseSizePrecision/quoteAmountPrecision,1,False,0.8209902666102412,0.8560541913632514,0.3310753598645216,73.177326644935
mexc,ERAUSDT,ERA-USDT,ERA,USDT,True,1,True,0.1238,71874.4486,576049.76,0.1237,2624.64,0.1238,758.8,8.080808080807191,93.93943999999999,0.0001,0.0,0.0,1.0,0.0,0.0005,exchangeInfo.quotePrecision/baseSizePrecision/quoteAmountPrecision,1,False,0.6203977994075328,0.8729889923793396,0.8590177815410669,73.12695940771914
mexc,BGBUSDT,BGB-USDT,BGB,USDT,True,1,True,1.94011,219671.74685,112037.37,1.93963,0.73,1.94082,21.2,6.133309281140201,1.4159298999999999,1e-05,0.0,0.0,1.0,0.0,0.0005,exchangeInfo.quotePrecision/baseSizePrecision/quoteAmountPrecision,1,False,0.8489208633093526,0.9051651143099069,0.18585944115156647,73.0369641627934
mexc,GNSUSDT,GNS-USDT,GNS,USDT,True,1,True,0.7244,79601.2753,108173.57,0.724,280.42,0.7251,194.11,15.181837002277135,140.74916100000002,0.0001,0.0,0.0,1.0,0.0,0.0005,exchangeInfo.quotePrecision/baseSizePrecision/quoteAmountPrecision,1,False,0.6538298772746509,0.7675698560541914,0.892887383573243,73.00763732292546
mexc,KCSUSDT,KCS-USDT,KCS,USDT,True,1,True,7.8499,932222.0406,118869.28,7.8482,0.31,7.8711,4.02,29.136157462482327,2.432942,0.0001,0.0001,0.0001,1.0,0.0,0.0005,exchangeInfo.quotePrecision/baseSizePrecision/quoteAmountPrecision,1,False,0.9500634786288616,0.6104995766299746,0.27222692633361556,72.96051926700908
mexc,ETHEUR,ETH-EUR,ETH,EUR,True,1,True,1732.24,509129.08,292.4835,1727.02,0.0452,1732.38,0.0026,30.988032606811167,4.504188,0.01,0.0,0.0,1.0,0.0,0.0,exchangeInfo.quotePrecision/baseSizePrecision/quoteAmountPrecision,1,False,0.9195937367752857,0.5927180355630821,0.378069432684166,72.9569950654011
mexc,REALUSDT,REAL-USDT,REAL,USDT,True,1,True,0.05569,77366.05257,1360878.52,0.05569,332.53,0.0557,1954.15,1.7954933117867173,18.5185957,1e-05,0.0,0.0,1.0,0.0,0.0005,exchangeInfo.quotePrecision/baseSizePrecision/quoteAmountPrecision,1,False,0.6474820143884892,0.9762912785774767,0.6439458086367486,72.89770892853879
mexc,SPKUSDT,SPK-USDT,SPK,USDT,True,1,True,0.0205,85525.89653,4148155.68,0.02048,3114.0,0.02051,29688.08,14.637716516222874,63.77472,1e-05,0.0,0.0,1.0,0.0,0.0005,exchangeInfo.quotePrecision/baseSizePrecision/quoteAmountPrecision,1,False,0.6758358019466779,0.7760372565622354,0.8048264182895851,72.66842888691488
mexc,ANIMEUSDT,ANIME-USDT,ANIME,USDT,True,1,True,0.004599,171016.833434,36552585.52,0.004597,1056.8,0.004599,377.33,4.349717268376247,1.7353406699999998,1e-06,0.0,0.0,1.0,0.0,0.0005,exchangeInfo.quotePrecision/baseSizePrecision/quoteAmountPrecision,1,False,0.8133728311468472,0.9394580863674852,0.2180355630821338,72.5826691339064
mexc,TOWNSUSDT,TOWNS-USDT,TOWNS,USDT,True,1,True,0.003674,325084.299078,85354133.19,0.003671,397.16,0.003676,401.16,13.610997686131022,1.45797436,1e-06,0.0,0.0,1.0,0.0,0.0005,exchangeInfo.quotePrecision/baseSizePrecision/quoteAmountPrecision,1,False,0.8891239949217097,0.792125317527519,0.1934801016088061,72.57455469105814
mexc,XECUSDT,XEC-USDT,XEC,USDT,True,1,True,6.618e-06,103873.532000996,15565759743.92,6.608e-06,16959712.8,6.622e-06,5800603.2,21.164021164021474,38.411594390400005,1e-09,0.001,0.001,1.0,0.0,0.0005,exchangeInfo.quotePrecision/baseSizePrecision/quoteAmountPrecision,1,False,0.7304274227676683,0.6939034716342083,0.7502116850127011,72.52532874333099
mexc,SHIBEUR,SHIB-EUR,SHIB,EUR,True,1,True,4.976e-06,190466.878291564,37938555952.0,4.965e-06,7484460.0,4.985e-06,19934637.0,40.20100502512524,37.1603439,1e-09,0.0,0.0,1.0,0.0,0.0,exchangeInfo.quotePrecision/baseSizePrecision/quoteAmountPrecision,1,False,0.830300465509945,0.47629127857747666,0.7455546147332769,72.48489986214943
mexc,TAIKOUSDT,TAIKO-USDT,TAIKO,USDT,True,1,True,0.1164,99743.9404,847587.52,0.1164,100.0,0.1165,100.0,8.587376556462248,11.64,0.0001,0.0,0.0,1.0,0.0,0.0005,exchangeInfo.quotePrecision/baseSizePrecision/quoteAmountPrecision,1,False,0.7139229792636479,0.8662150719729043,0.5732430143945809,72.38600094671486
mexc,JASMYUSDT,JASMY-USDT,JASMY,USDT,True,1,True,0.005288,198188.087196,36337005.71,0.005287,4014.0,0.005289,248.19,3.782148260212302,1.31267691,1e-06,0.0001,0.0001,1.0,0.0,0.0005,exchangeInfo.quotePrecision/baseSizePrecision/quoteAmountPrecision,1,False,0.8370715192551841,0.949618966977138,0.12828111769686706,72.34503008740091
mexc,FTTUSDT,FTT-USDT,FTT,USDT,True,1,True,0.2844,129155.1471,440674.23,0.2842,218.78,0.2846,28.76,14.06469760900181,8.185096000000001,0.0001,0.0001,0.0001,1.0,0.0,0.0005,exchangeInfo.quotePrecision/baseSizePrecision/quoteAmountPrecision,1,False,0.7719001269572577,0.7857747671464861,0.5122777307366638,72.3444307760446
mexc,MXUSDC,MX-USDC,MX,USDC,True,1,True,1.781,329729.732,184340.28,1.78,12.63,1.782,0.74,11.229646266142627,1.31868,0.001,1e-05,1e-05,1.0,0.0,0.0,exchangeInfo.quotePrecision/baseSizePrecision/quoteAmountPrecision,1,False,0.8899703766398646,0.8238780694326842,0.1397121083827265,72.33956461866418
mexc,CATIUSDT,CATI-USDT,CATI,USDT,True,1,True,0.0487,459405.89974,9573347.5,0.04863,31.06,0.04872,46.13,18.48998459167947,1.5104478,1e-05,0.0,0.0,1.0,0.0,0.0005,exchangeInfo.quotePrecision/baseSizePrecision/quoteAmountPrecision,1,False,0.9107067287346593,0.7273497036409822,0.20237087214225233,72.32003011427587
mexc,ENSUSDT,ENS-USDT,ENS,USDT,True,1,True,5.596,257803.075,45420.44,5.592,0.32,5.599,6.27,12.510052720937471,1.78944,0.001,0.0001,0.0001,1.0,0.0,0.0005,exchangeInfo.quotePrecision/baseSizePrecision/quoteAmountPrecision,1,False,0.8679644519678374,0.8044030482641829,0.2231160033869602,72.31044113257484
mexc,TOPUSDT,TOP-USDT,TOP,USDT,True,1,True,6.97e-05,146905.2816079,2107679314.42,6.97e-05,2721588.51,7e-05,2096742.26,42.949176807443635,146.7719582,1e-07,0.0,0.0,1.0,0.0,0.0005,exchangeInfo.quotePrecision/baseSizePrecision/quoteAmountPrecision,1,False,0.7905205247566652,0.4343776460626587,0.8966977138018628,72.27202428922031
mexc,ICNTUSDT,ICNT-USDT,ICNT,USDT,True,1,True,0.43924,102391.6958,237743.81,0.43863,147.0,0.43946,68.26,18.904668086414773,29.997539600000003,1e-05,0.0,0.0,1.0,0.0,0.0005,exchangeInfo.quotePrecision/baseSizePrecision/quoteAmountPrecision,1,False,0.7257723233178164,0.722692633361558,0.7129551227773073,72.243896072065
mexc,NILUSDT,NIL-USDT,NIL,USDT,True,1,True,0.0307,247934.12762,7596056.84,0.03066,94.0,0.03071,252.24,16.294606485253848,2.88204,1e-05,0.0,0.0,1.0,0.0,0.0005,exchangeInfo.quotePrecision/baseSizePrecision/quoteAmountPrecision,1,False,0.8624629707998307,0.7544453852667231,0.29635901778154106,72.22377838128959
mexc,BULLAUSDT,BULLA-USDT,BULLA,USDT,True,1,True,0.005182,237972.230961,44948984.26,0.005177,10161.56,0.005198,3844.38,40.48192771084373,19.983087240000003,1e-06,0.0,0.0,1.0,0.0,0.0005,exchangeInfo.quotePrecision/baseSizePrecision/quoteAmountPrecision,1,False,0.8573846804909014,0.47290431837425906,0.6587637595258256,72.15404057687257
mexc,BEATUSDT,BEAT-USDT,BEAT,USDT,True,1,True,0.51115,181924.11207,348716.46,0.51108,166.92,0.51288,40.62,35.15762334466237,20.8331856,1e-05,0.0,0.0,1.0,0.0,0.0005,exchangeInfo.quotePrecision/baseSizePrecision/quoteAmountPrecision,1,False,0.8222598391874736,0.5436071126164268,0.6655376799322608,72.12522256936694
mexc,SFPUSDT,SFP-USDT,SFP,USDT,True,1,True,0.2828,82867.9286,288716.78,0.2828,41.6,0.2829,101.6,3.535442814212091,11.76448,0.0001,0.001,0.001,1.0,0.0,0.0005,exchangeInfo.quotePrecision/baseSizePrecision/quoteAmountPrecision,1,False,0.6665256030469742,0.95385266723116,0.5753598645215918,72.01242213879442
mexc,SAGAUSDT,SAGA-USDT,SAGA,USDT,True,1,True,0.02811,196353.74257,6673116.39,0.02809,27042.57,0.02813,115.17,14.229811454997641,3.2397321,1e-05,0.0,0.0,1.0,0.0,0.0005,exchangeInfo.quotePrecision/baseSizePrecision/quoteAmountPrecision,1,False,0.8353787558188743,0.7823878069432684,0.32387806943268416,71.9830881322735
mexc,PYTHUSDT,PYTH-USDT,PYTH,USDT,True,1,True,0.03708,224704.30269,5968784.52,0.03705,62.71,0.0371,9435.79,13.486176668914752,2.3234055,1e-05,0.0,0.0,1.0,0.0,0.0005,exchangeInfo.quotePrecision/baseSizePrecision/quoteAmountPrecision,1,False,0.8514600084638172,0.7933954276037256,0.26502963590177814,71.96577887363864
mexc,HOMEUSDT,HOME-USDT,HOME,USDT,True,1,True,0.01943,71296.7802,3689117.83,0.01942,5750.45,0.01944,4680.0,10.293360782295,90.97919999999999,1e-05,0.0,0.0,1.0,0.0,0.0005,exchangeInfo.quotePrecision/baseSizePrecision/quoteAmountPrecision,1,False,0.6165890816758358,0.8378492802709568,0.8552074513124471,71.96278052519385
mexc,HEMIUSDT,HEMI-USDT,HEMI,USDT,True,1,True,0.005414,85315.575392,15140904.34,0.00541,65755.27,0.005422,21600.0,22.15657311669102,117.11519999999999,1e-06,0.0,0.0,1.0,0.0,0.0005,exchangeInfo.quotePrecision/baseSizePrecision/quoteAmountPrecision,1,False,0.6754126110876005,0.6850127011007621,0.8818797629127858,71.91060639559281
mexc,RIVERUSDT,RIVER-USDT,RIVER,USDT,True,1,True,13.2459,3520020.5758,238581.83,13.2221,0.08,13.2522,2.48,22.73903370438569,1.057768,0.0001,0.0,0.0,1.0,0.0,0.0005,exchangeInfo.quotePrecision/baseSizePrecision/quoteAmountPrecision,1,False,0.9813796022005925,0.6778154106689247,0.04826418289585097,71.88654704567273
mexc,NOTUSDT,NOT-USDT,NOT,USDT,True,1,True,0.0003447,126398.4224303,358874537.29,0.000344,442584.8,0.0003447,37512.2,20.328154493973074,12.930455339999998,1e-07,0.0,0.0,1.0,0.0,0.0005,exchangeInfo.quotePrecision/baseSizePrecision/quoteAmountPrecision,1,False,0.770207363520948,0.7036409822184589,0.5918712955122777,71.78985545935917
mexc,MYSTUSDT,MYST-USDT,MYST,USDT,True,1,True,0.1403,74456.8,520870.85,0.1402,750.08,0.1404,944.11,14.255167498218515,105.161216,0.0001,0.01,0.01,1.0,0.0,0.0005,exchangeInfo.quotePrecision/baseSizePrecision/quoteAmountPrecision,1,False,0.6318239526026238,0.7819644369178662,0.8712955122777307,71.72533856164559
mexc,PHYCHAINUSDT,PHYCHAIN-USDT,PHYCHAIN,USDT,True,1,True,4.739,74512.395,15627.31,4.736,175.45,4.746,145.38,21.092596498630407,689.97348,0.001,0.0,0.0,1.0,0.0,0.0005,exchangeInfo.quotePrecision/baseSizePrecision/quoteAmountPrecision,1,False,0.6330935251798561,0.6951735817104149,0.9754445385266723,71.70837419818591
mexc,NEXOUSDT,NEXO-USDT,NEXO,USDT,True,1,True,0.8758,242206.5114,277553.61,0.8753,1.5,0.876,1.5,7.994061554274355,1.3129499999999998,0.0001,0.01,0.01,1.0,0.0,0.0005,exchangeInfo.quotePrecision/baseSizePrecision/quoteAmountPrecision,1,False,0.8586542530681337,0.8734123624047417,0.13039796782387808,71.66925233534346
mexc,OPNUSDT,OPN-USDT,OPN,USDT,True,1,True,0.1929,220342.4333,1145795.41,0.1927,1189.04,0.1928,6.46,5.188067444876212,1.245488,0.0001,0.0,0.0,1.0,0.0,0.0005,exchangeInfo.quotePrecision/baseSizePrecision/quoteAmountPrecision,1,False,0.8497672450275074,0.9220999153259949,0.09229466553767993,71.6355896704164
mexc,ZEREBROUSDT,ZEREBRO-USDT,ZEREBRO,USDT,True,1,True,0.00649,87567.098812,13151848.02,0.006486,9226.24,0.006498,48151.0,18.484288354899455,59.841392639999995,1e-06,0.0,0.0,1.0,0.0,0.0005,exchangeInfo.quotePrecision/baseSizePrecision/quoteAmountPrecision,1,False,0.6809140922556073,0.7277730736663844,0.7980524978831499,71.60565187338102
mexc,SYNAUSDT,SYNA-USDT,SYNA,USDT,True,1,True,0.00051,1832686.729432,3355921773.68,0.000504,198699.69,0.000513,165692.0,176.9911504424779,84.999996,1e-06,0.0,0.0,1.0,0.0,0.0005,exchangeInfo.quotePrecision/baseSizePrecision/quoteAmountPrecision,1,False,0.9716462124418113,0.05419136325148177,0.8395427603725656,71.58618097303798
mexc,TSLAONUSDT,TSLAON-USDT,TSLAON,USDT,True,1,True,360.87,69134.01,189.01,360.47,0.813,360.98,0.813,14.138193915031975,293.06211,0.01,0.0,0.0,1.0,0.0,0.0005,exchangeInfo.quotePrecision/baseSizePrecision/quoteAmountPrecision,1,False,0.6038933559035125,0.7836579170194751,0.9364944961896697,71.53547242397346
mexc,SSVUSDT,SSV-USDT,SSV,USDT,True,1,True,2.217,151289.935,67552.66,2.217,39.6,2.218,0.77,4.509582863584622,1.70786,0.001,0.0001,0.0001,1.0,0.0,0.0005,exchangeInfo.quotePrecision/baseSizePrecision/quoteAmountPrecision,1,False,0.796868387642827,0.934801016088061,0.21676545300592717,71.53309578267555
mexc,AVAXEUR,AVAX-EUR,AVAX,EUR,True,1,True,7.594,801705.388,104742.21,7.576,0.51,7.601,0.31,32.9445872043228,2.35631,0.001,0.0,0.0,1.0,0.0,0.0,exchangeInfo.quotePrecision/baseSizePrecision/quoteAmountPrecision,1,False,0.9458315700380872,0.5668924640135478,0.26672311600338694,71.52751027250123
mexc,HBARUSDC,HBAR-USDC,HBAR,USDC,True,1,True,0.08878,288393.92969,3224199.91,0.08867,146.53,0.08883,22.49,18.02816901408534,1.9977867,1e-05,0.0,0.0,1.0,0.0,0.0,exchangeInfo.quotePrecision/baseSizePrecision/quoteAmountPrecision,1,False,0.8802369868810833,0.7328535139712109,0.23751058425063507,71.48458381275256
mexc,APEXUSDT,APEX-USDT,APEX,USDT,True,1,True,0.265,86790.9755,328590.23,0.2647,667.58,0.2654,1319.01,26.410111299756046,176.708426,0.0001,0.0,0.0,1.0,0.0,0.0005,exchangeInfo.quotePrecision/baseSizePrecision/quoteAmountPrecision,1,False,0.67879813796022,0.6375952582557155,0.9043183742591024,71.36014652938705
mexc,WODUSDT,WOD-USDT,WOD,USDT,True,1,True,0.01326,109224.96401,7925428.07,0.01323,1767.43,0.01326,2505.33,22.65005662514064,23.3830989,1e-05,0.0,0.0,1.0,0.0,0.0005,exchangeInfo.quotePrecision/baseSizePrecision/quoteAmountPrecision,1,False,0.7410071942446043,0.678662150719729,0.6812023708721423,71.34599686888932
mexc,LKTUSDT,LKT-USDT,LKT,USDT,True,1,True,3.2783,739223.795,140675.63,3.2783,0.11,3.2836,0.63,16.153857876528562,0.360613,0.0001,0.0,0.0,1.0,0.0,0.0005,exchangeInfo.quotePrecision/baseSizePrecision/quoteAmountPrecision,1,False,0.9420228523063902,0.7565622353937341,0.03090601185436071,71.34343299878203
mexc,LABUSDT,LAB-USDT,LAB,USDT,True,1,True,0.20733,137870.75948,701398.75,0.20645,201.34,0.2072,724.6,36.26254079535843,41.566643,1e-05,0.0,0.0,1.0,0.0,0.0005,exchangeInfo.quotePrecision/baseSizePrecision/quoteAmountPrecision,1,False,0.781633516716039,0.5258255715495344,0.7603725656223539,71.34293402056757
mexc,RIFUSDT,RIF-USDT,RIF,USDT,True,1,True,0.03621,387941.86398,10769526.8,0.03623,40.15,0.0363,39.92,19.302357645112536,1.449096,1e-05,0.001,0.001,1.0,0.0,0.0005,exchangeInfo.quotePrecision/baseSizePrecision/quoteAmountPrecision,1,False,0.901819720694033,0.7154953429297206,0.1922099915325995,71.33166804206684
mexc,LQRUSDT,LQR-USDT,LQR,USDT,True,1,True,0.02381,98897.97941,4073759.56,0.02379,2434.99,0.02384,1498.91,20.995171110645153,35.7340144,1e-05,0.0,0.0,1.0,0.0,0.0005,exchangeInfo.quotePrecision/baseSizePrecision/quoteAmountPrecision,1,False,0.7101142615319509,0.6968670618120237,0.7421676545300593,71.32131402015908
mexc,FARTCOINUSDC,FARTCOIN-USDC,FARTCOIN,USDC,True,1,True,0.1664,109291.4441,643277.17,0.1661,586.87,0.1667,3018.6,36.057692307691674,97.479107,0.0001,0.0,0.0,1.0,0.0,0.0,exchangeInfo.quotePrecision/baseSizePrecision/quoteAmountPrecision,1,False,0.7414303851036818,0.5296359017781541,0.8632514817950889,71.28459836105814
mexc,RLSUSDT,RLS-USDT,RLS,USDT,True,1,True,0.003607,80276.853742,22940732.64,0.003606,23131.0,0.003608,4148.78,5.54477405045818,14.96879824,1e-06,0.0,0.0,1.0,0.0,0.0005,exchangeInfo.quotePrecision/baseSizePrecision/quoteAmountPrecision,1,False,0.655945831570038,0.9174428450465707,0.61346316680779,71.28235519867216
mexc,JUVUSDT,JUV-USDT,JUV,USDT,True,1,True,0.5037,112837.4991,223675.89,0.5032,20.79,0.504,178.2,15.885623510723251,10.461528,0.0001,0.0,0.0,1.0,0.0,0.0005,exchangeInfo.quotePrecision/baseSizePrecision/quoteAmountPrecision,1,False,0.747355057130766,0.7599491955969517,0.5584250635055038,71.271759302226
mexc,DRIFTUSDT,DRIFT-USDT,DRIFT,USDT,True,1,True,0.0656,83905.5489,1198945.74,0.0655,13057.73,0.0657,8671.37,30.48780487804754,569.709009,0.0001,0.0,0.0,1.0,0.0,0.0005,exchangeInfo.quotePrecision/baseSizePrecision/quoteAmountPrecision,1,False,0.6707575116377487,0.5973751058425063,0.9712108382726503,71.25025755159184
mexc,OVRUSDT,OVR-USDT,OVR,USDT,True,1,True,0.038,100022.8908,2595101.86,0.038,1477.85,0.0381,1663.46,26.28120893561179,56.1583,0.0001,0.01,0.01,1.0,0.0,0.0005,exchangeInfo.quotePrecision/baseSizePrecision/quoteAmountPrecision,1,False,0.7160389335590351,0.6397121083827265,0.7912785774767146,71.20051560484939
mexc,AEROUSDT,AERO-USDT,AERO,USDT,True,1,True,0.3202,76318.2459,236891.27,0.3198,165.09,0.3202,1020.0,12.50000000000036,52.795781999999996,0.0001,0.0,0.0,1.0,0.0,0.0005,exchangeInfo.quotePrecision/baseSizePrecision/quoteAmountPrecision,1,False,0.641557342361405,0.8056731583403896,0.7866215071972904,71.15991293233283
mexc,KERNELUSDT,KERNEL-USDT,KERNEL,USDT,True,1,True,0.07709,239022.99396,2827243.84,0.07712,17.01,0.07719,17.81,9.072645972393314,1.3118112,1e-05,0.0,0.0,1.0,0.0,0.0005,exchangeInfo.quotePrecision/baseSizePrecision/quoteAmountPrecision,1,False,0.8578078713499788,0.8547840812870449,0.12574089754445386,71.06385290731404
mexc,CHECKUSDT,CHECK-USDT,CHECK,USDT,True,1,True,0.041823,120942.497056,2717734.76,0.041793,387.03,0.041835,122.27,10.044482709140569,5.115165449999999,1e-06,0.0,0.0,1.0,0.0,0.0005,exchangeInfo.quotePrecision/baseSizePrecision/quoteAmountPrecision,1,False,0.7621667371984765,0.8416596104995766,0.40347163420829807,71.0300934925716
mexc,WKCUSDT,WKC-USDT,WKC,USDT,True,1,True,1.0055e-07,96590.88595534061,976520847012.0,1.0041e-07,167149851.0,1.0055e-07,914947920.0,13.933121019108272,16.78351653891,1e-11,0.0,0.0,1.0,0.0,0.0005,exchangeInfo.quotePrecision/baseSizePrecision/quoteAmountPrecision,1,False,0.7041895895048667,0.7870448772226927,0.6308213378492803,71.0229761103206
mexc,NIBIUSDT,NIBI-USDT,NIBI,USDT,True,1,True,0.00317,250242.173645,78185563.49,0.003162,30194.21,0.003181,25973.77,59.908560618003854,82.62256237,1e-06,0.0,0.0,1.0,0.0,0.0005,exchangeInfo.quotePrecision/baseSizePrecision/quoteAmountPrecision,1,False,0.8650021159542954,0.26883996613039796,0.836155800169348,71.01923153413317
mexc,ATLBRYUSDT,ATLBRY-USDT,ATLBRY,USDT,True,1,True,0.0016,642246.6243,214577562.39,0.0014,77555046.27,0.0016,335479.5,1333.333333333334,536.7672,0.0001,0.0,0.0,1.0,0.0,0.0005,exchangeInfo.quotePrecision/baseSizePrecision/quoteAmountPrecision,1,False,0.9365213711383834,0.005080440304826461,0.9682472480948349,71.00063138212846
mexc,VELODROMEUSDT,VELODROME-USDT,VELODROME,USDT,True,1,True,0.01384,66469.30256,4701034.08,0.01384,5220.0,0.01385,5220.0,7.222824124232281,72.2448,1e-05,0.0,0.0,1.0,0.0,0.0005,exchangeInfo.quotePrecision/baseSizePrecision/quoteAmountPrecision,1,False,0.5899280575539568,0.884419983065199,0.821337849280271,70.98329972770301
mexc,FAIUSDT,FAI-USDT,FAI,USDT,True,1,True,0.00488,193057.277676,39150586.45,0.004864,1950.0,0.004878,1500.0,28.741531513036588,7.317,1e-06,0.0,0.0,1.0,0.0,0.0005,exchangeInfo.quotePrecision/baseSizePrecision/quoteAmountPrecision,1,False,0.8328396106644097,0.6143099068585944,0.48814563928873833,70.92683904378217
mexc,FETUSDC,FET-USDC,FET,USDC,True,1,True,0.2256,224430.0321,969642.29,0.2256,5.82,0.2258,5.83,8.861320336730426,1.312992,0.0001,0.0,0.0,1.0,0.0,0.0,exchangeInfo.quotePrecision/baseSizePrecision/quoteAmountPrecision,1,False,0.8506136267456623,0.8607112616426758,0.13082133784928027,70.91795776906392
mexc,CHISAIUSDT,CHISAI-USDT,CHISAI,USDT,True,1,True,0.20913,102243.9485,485409.77,0.20874,551.28,0.20949,547.03,35.865432895775086,114.5973147,1e-05,0.0,0.0,1.0,0.0,0.0005,exchangeInfo.quotePrecision/baseSizePrecision/quoteAmountPrecision,1,False,0.7249259415996614,0.5338696020321761,0.880186282811177,70.82139249500932
mexc,ONUSDT,ON-USDT,ON,USDT,True,1,True,0.1637,570432.52365,3045546.04,0.16318,177.41,0.16427,173.52,66.57504962589755,28.5041304,1e-05,0.0,0.0,1.0,0.0,0.0005,exchangeInfo.quotePrecision/baseSizePrecision/quoteAmountPrecision,1,False,0.9293271265340669,0.22226926333615582,0.7074513124470787,70.81874979171916
mexc,ANKRUSDT,ANKR-USDT,ANKR,USDT,True,1,True,0.005074,2210793.099069,430009367.4383,0.005066,113705.04,0.00508,236.2205,27.597082594126004,1.20000014,1e-06,0.001,0.001,1.0,0.0,0.0005,exchangeInfo.quotePrecision/baseSizePrecision/quoteAmountPrecision,1,False,0.9758781210325856,0.6274343776460627,0.07112616426756986,70.78167938329518
mexc,MXBRL,MX-BRL,MX,BRL,True,1,True,9.36,525494.71,55961.13,9.34,0.73,9.38,0.64,42.73504273504373,6.0032000000000005,0.01,0.0,0.0,5.0,0.0,0.0005,exchangeInfo.quotePrecision/baseSizePrecision/quoteAmountPrecision,1,False,0.9225560727888278,0.4394580863674852,0.4504657070279424,70.73635030313153
mexc,OCTAUSDT,OCTA-USDT,OCTA,USDT,True,1,True,0.09905,121562.98427,1225689.97,0.099,91726.32,0.09911,51.82,11.104941699055978,5.1358802,1e-05,0.0,0.0,1.0,0.0,0.0005,exchangeInfo.quotePrecision/baseSizePrecision/quoteAmountPrecision,1,False,0.7638595006347862,0.8243014394580863,0.40431837425910244,70.70617600654745
mexc,INITUSDT,INIT-USDT,INIT,USDT,True,1,True,0.07868,307037.31355,3868584.67,0.07844,28.04,0.07862,15444.48,22.921176620399798,2.1994575999999997,1e-05,0.0,0.0,1.0,0.0,0.0005,exchangeInfo.quotePrecision/baseSizePrecision/quoteAmountPrecision,1,False,0.8836225137537029,0.6761219305673158,0.25698560541913634,70.6419986290193
mexc,ZKWASMUSDT,ZKWASM-USDT,ZKWASM,USDT,True,1,True,0.003611,307428.948623,90549972.43,0.0036,1983.87,0.003614,30399.36,38.81341835320245,7.141932,1e-06,0.0,0.0,1.0,0.0,0.0005,exchangeInfo.quotePrecision/baseSizePrecision/quoteAmountPrecision,1,False,0.8840457046127803,0.49364944961896695,0.48391193903471635,70.64198877487142
mexc,TNSRUSDT,TNSR-USDT,TNSR,USDT,True,1,True,0.03813,81511.20922,2085979.92,0.0381,400.0,0.03813,400.0,7.870916961824823,15.24,1e-05,0.0,0.0,1.0,0.0,0.0005,exchangeInfo.quotePrecision/baseSizePrecision/quoteAmountPrecision,1,False,0.6614473127380449,0.8759525825571549,0.617696867061812,70.63235410575759
mexc,ALPINEUSDT,ALPINE-USDT,ALPINE,USDT,True,1,True,0.3904,206130.3144,513983.98,0.3903,3.93,0.3908,3.92,12.802458071949827,1.531936,0.0001,0.01,0.01,1.0,0.0,0.0005,exchangeInfo.quotePrecision/baseSizePrecision/quoteAmountPrecision,1,False,0.8442657638595006,0.8014394580863675,0.20491109229466553,70.56882531032504
mexc,SUPRAUSDT,SUPRA-USDT,SUPRA,USDT,True,1,True,0.0003884,129595.5964131,333180500.59,0.0003884,92092.17,0.0003895,41893.14,28.281270086128615,16.31737803,1e-07,0.0,0.0,1.0,0.0,0.0005,exchangeInfo.quotePrecision/baseSizePrecision/quoteAmountPrecision,1,False,0.7727465086754126,0.6202370872142252,0.6278577476714648,70.56414011093263
mexc,ZKCUSDT,ZKC-USDT,ZKC,USDT,True,1,True,0.06876,73666.26465,1048653.69,0.06867,19401.73,0.0688,2177.2,18.913217429258037,149.79136,1e-05,0.0,0.0,1.0,0.0,0.0005,exchangeInfo.quotePrecision/baseSizePrecision/quoteAmountPrecision,1,False,0.6280152348709268,0.7222692633361558,0.8975444538526672,70.54845857835822
mexc,FUSDT,F-USDT,F,USDT,True,1,True,0.005043,76431.003566,14990782.25,0.00504,29816.0,0.005051,398589.24,21.80160539094188,150.27264,1e-06,0.0,0.0,1.0,0.0,0.0005,exchangeInfo.quotePrecision/baseSizePrecision/quoteAmountPrecision,1,False,0.6424037240795599,0.6875529212531752,0.8992379339542761,70.5057865347907
mexc,ZORAUSDT,ZORA-USDT,ZORA,USDT,True,1,True,0.014548,94973.640948,6373497.7,0.014537,1520.91,0.014563,41084.64,17.869415807560124,22.109468670000002,1e-06,0.0,0.0,1.0,0.0,0.0005,exchangeInfo.quotePrecision/baseSizePrecision/quoteAmountPrecision,1,False,0.6999576809140923,0.7353937341236241,0.6769686706181203,70.42188921572809
mexc,ONGUSDT,ONG-USDT,ONG,USDT,True,1,True,0.05638,93457.69423,1638649.0,0.05636,172.61,0.05641,172.61,8.867606632970015,9.728299600000001,1e-05,0.001,0.001,1.0,0.0,0.0005,exchangeInfo.quotePrecision/baseSizePrecision/quoteAmountPrecision,1,False,0.694033008887008,0.8602878916172735,0.5359864521591872,70.39874182240102
mexc,SOSOUSDT,SOSO-USDT,SOSO,USDT,True,1,True,0.4178,122138.3205,302353.9,0.4168,72.02,0.4182,227.47,33.53293413173682,30.017936,0.0001,0.0,0.0,1.0,0.0,0.0005,exchangeInfo.quotePrecision/baseSizePrecision/quoteAmountPrecision,1,False,0.7647058823529411,0.5613886536833192,0.7146486028789162,70.38651192907307
mexc,YFIUSDT,YFI-USDT,YFI,USDT,True,1,True,2455.5,168425.8,67.4245,2454.8,0.0007,2457.0,0.001,8.958019463332457,1.71836,0.1,0.0001,0.0001,1.0,0.0,0.0005,exchangeInfo.quotePrecision/baseSizePrecision/quoteAmountPrecision,1,False,0.8108336859923826,0.857324301439458,0.21761219305673157,70.38120412670213
mexc,AIXPLAYUSDT,AIXPLAY-USDT,AIXPLAY,USDT,True,1,True,0.0003214,246544.2970845,745100689.06,0.0003205,10806.56,0.0003211,6278.24,18.703241895262302,2.015942864,1e-07,0.0,0.0,1.0,0.0,0.0005,exchangeInfo.quotePrecision/baseSizePrecision/quoteAmountPrecision,1,False,0.8603470165044435,0.724809483488569,0.2455546147332769,70.35041528962417
mexc,BUSD1,B-USD1,B,USD1,True,1,True,0.19923,174030.41599,848078.49,0.19869,580.22,0.19978,591.77,54.70926293071035,115.28391180000001,1e-05,0.0,0.0,1.0,0.0001,0.0001,exchangeInfo.quotePrecision/baseSizePrecision/quoteAmountPrecision,1,False,0.8167583580194668,0.3107535986452159,0.8814563928873835,70.31967751494875
mexc,CREOUSDT,CREO-USDT,CREO,USDT,True,1,True,0.0009103,67486.3225182,73831556.83,0.0009099,24860.8,0.0009102,24381.59,3.2965221691110718,22.192123218,1e-07,0.001,0.001,1.0,0.0,0.0005,exchangeInfo.quotePrecision/baseSizePrecision/quoteAmountPrecision,1,False,0.5950063478628862,0.9602032176121931,0.6782387806943269,70.29520518665011
mexc,ALLOUSDT,ALLO-USDT,ALLO,USDT,True,1,True,0.10636,296847.79795,2679194.35,0.10627,4457.52,0.1064,11.28,12.22551370668089,1.200192,1e-05,0.0,0.0,1.0,0.0,0.0005,exchangeInfo.quotePrecision/baseSizePrecision/quoteAmountPrecision,1,False,0.8819297503173932,0.8099068585944116,0.07662997459779848,70.28640722427288
mexc,LMWRUSDT,LMWR-USDT,LMWR,USDT,True,1,True,0.02331,183988.63325,7777161.55,0.0233,50.0,0.02331,80.0,4.290924694271441,1.165,1e-05,0.0,0.0,1.0,0.0,0.0005,exchangeInfo.quotePrecision/baseSizePrecision/quoteAmountPrecision,1,False,0.8252221752010157,0.9403048264182896,0.06858594411515664,70.26655917881625
mexc,SANDUSDT,SAND-USDT,SAND,USDT,True,1,True,0.07271,411385.66172,5557730.85,0.07268,257.28,0.0728,16.51,16.49711300522532,1.201928,1e-05,0.0001,0.0001,1.0,0.0,0.0005,exchangeInfo.quotePrecision/baseSizePrecision/quoteAmountPrecision,1,False,0.90562843842573,0.7531752751905165,0.08001693480101608,70.23928468919839
mexc,SYSUSDT,SYS-USDT,SYS,USDT,True,1,True,0.01026,71584.87413,6725597.6,0.01025,56120.0,0.01027,21450.94,19.493177387913434,220.30115379999998,1e-05,0.01,0.01,1.0,0.0,0.0005,exchangeInfo.quotePrecision/baseSizePrecision/quoteAmountPrecision,1,False,0.6187050359712231,0.7133784928027096,0.9161727349703641,70.18669399789229
mexc,CSPRUSDT,CSPR-USDT,CSPR,USDT,True,1,True,0.00347,102838.737663,31225631.85,0.003468,848.39,0.003469,4799.17,2.8830906732008046,2.94221652,1e-06,0.0001,0.0001,1.0,0.0,0.0005,exchangeInfo.quotePrecision/baseSizePrecision/quoteAmountPrecision,1,False,0.7278882776132035,0.9657070279424217,0.3001693480101609,70.17991792748995
mexc,9BITUSDT,9BIT-USDT,9BIT,USDT,True,1,True,0.027328,797620.372775,29142226.08,0.027278,8324.23,0.027363,50.35,31.112168518145086,1.37772705,1e-06,0.0,0.0,1.0,0.0,0.0005,exchangeInfo.quotePrecision/baseSizePrecision/quoteAmountPrecision,1,False,0.9454083791790098,0.5901778154106689,0.1710414902624894,70.17273604536206
mexc,ARKUSDT,ARK-USDT,ARK,USDT,True,1,True,0.1601,72071.9539,437351.23,0.16,440.82,0.1602,352.0,12.492192379763006,56.3904,0.0001,0.01,0.01,1.0,0.0,0.0005,exchangeInfo.quotePrecision/baseSizePrecision/quoteAmountPrecision,1,False,0.6208209902666102,0.8060965283657917,0.7917019475021169,70.1316066238507
mexc,B3USDT,B3-USDT,B3,USDT,True,1,True,0.000374,561615.698467,1324848591.41,0.000374,26737.96,0.000376,200000.0,53.33333333333319,9.999997039999998,1e-06,0.0,0.0,1.0,0.0,0.0005,exchangeInfo.quotePrecision/baseSizePrecision/quoteAmountPrecision,1,False,0.9280575539568345,0.323454699407282,0.5436071126164268,70.0016752051365
mexc,DYMUSDT,DYM-USDT,DYM,USDT,True,1,True,0.02636,201936.76931,7419700.24,0.02635,51.3,0.02638,71.8,11.378721790253081,1.3517549999999998,1e-05,0.0,0.0,1.0,0.0,0.0005,exchangeInfo.quotePrecision/baseSizePrecision/quoteAmountPrecision,1,False,0.841726618705036,0.8221845893310753,0.15707027942421675,69.9909843505382
mexc,AVAUSDT,AVA-USDT,AVA,USDT,True,1,True,0.1875,69612.409,362805.46,0.1874,566.0,0.1876,272.56,10.666666666665492,51.132256,0.0001,0.1,0.1,1.0,0.0,0.0005,exchangeInfo.quotePrecision/baseSizePrecision/quoteAmountPrecision,1,False,0.6077020736352094,0.8331922099915325,0.7849280270956817,69.95197984163846
mexc,APRUSDT,APR-USDT,APR,USDT,True,1,True,0.15444,100941.30809,651467.1,0.15414,3793.48,0.15444,100.88,19.443904335990325,15.5799072,1e-05,0.0,0.0,1.0,0.0,0.0005,exchangeInfo.quotePrecision/baseSizePrecision/quoteAmountPrecision,1,False,0.7215404147270419,0.7142252328535139,0.619813717188823,69.9366279751016
mexc,BABYDOGEUSDT,BABYDOGE-USDT,BABYDOGE,USDT,True,1,True,3.798e-10,116524.35209637693,302011220530366.0,3.793e-10,32874732606.0,3.802e-10,426913022637.0,23.69980250164492,12.4693860774558,1e-13,10000.0,10000.0,1.0,0.0,0.0005,exchangeInfo.quotePrecision/baseSizePrecision/quoteAmountPrecision,1,False,0.7545493017350825,0.6676545300592718,0.5867908552074513,69.92739195106036
mexc,HYPERUSDT,HYPER-USDT,HYPER,USDT,True,1,True,0.08183,169550.30649,2001537.65,0.08178,28.01,0.08188,25.16,12.220457045092141,2.0601008,1e-05,0.0,0.0,1.0,0.0,0.0005,exchangeInfo.quotePrecision/baseSizePrecision/quoteAmountPrecision,1,False,0.8121032585696148,0.8103302286198137,0.2480948348856901,69.88583163453796
mexc,MEWUSDT,MEW-USDT,MEW,USDT,True,1,True,0.0005568,115241.8939791,202608556.57,0.0005562,240532.88,0.0005575,22648.15,23.345604740955118,12.626343625000002,1e-07,0.0,0.0,1.0,0.0,0.0005,exchangeInfo.quotePrecision/baseSizePrecision/quoteAmountPrecision,1,False,0.751163774862463,0.672311600338696,0.5876375952582558,69.87454953106797
mexc,NFPUSDT,NFP-USDT,NFP,USDT,True,1,True,0.01396,67268.69168,4680116.32,0.01395,8978.4,0.01397,11956.8,14.32664756446933,125.24868000000001,1e-05,0.0,0.0,1.0,0.0,0.0005,exchangeInfo.quotePrecision/baseSizePrecision/quoteAmountPrecision,1,False,0.592890393567499,0.7806943268416596,0.8856900931414056,69.84013168008205
mexc,AZTECUSDT,AZTEC-USDT,AZTEC,USDT,True,1,True,0.01891,77272.85753,3960514.45,0.0189,6916.45,0.01892,1111.24,10.57641459545171,21.0246608,1e-05,0.0,0.0,1.0,0.0,0.0005,exchangeInfo.quotePrecision/baseSizePrecision/quoteAmountPrecision,1,False,0.6457892509521794,0.8353090601185436,0.6693480101608806,69.78809550855107
mexc,LQTYUSDT,LQTY-USDT,LQTY,USDT,True,1,True,0.2674,88825.0297,330060.51,0.2674,100.0,0.2679,373.28,18.681113394358317,26.740000000000002,0.0001,0.0001,0.0001,1.0,0.0,0.0005,exchangeInfo.quotePrecision/baseSizePrecision/quoteAmountPrecision,1,False,0.6842996191282268,0.7252328535139712,0.6989839119390348,69.74697862868244
mexc,NAORISUSDT,NAORIS-USDT,NAORIS,USDT,True,1,True,0.06466,195491.45131,3079586.69,0.06461,2694.0,0.06472,34.69,17.010747699682824,2.2451368,1e-05,0.0,0.0,1.0,0.0,0.0005,exchangeInfo.quotePrecision/baseSizePrecision/quoteAmountPrecision,1,False,0.8336859923825646,0.7468247248094835,0.25994919559695173,69.72233161321718
mexc,COAIUSDT,COAI-USDT,COAI,USDT,True,1,True,0.2609,85167.672,323324.19,0.2609,128.99,0.2614,1982.25,19.146084625694062,33.653491,0.0001,0.0,0.0,1.0,0.0,0.0005,exchangeInfo.quotePrecision/baseSizePrecision/quoteAmountPrecision,1,False,0.674989420228523,0.7176121930567316,0.7328535139712108,69.72179321841128
mexc,PSGUSDT,PSG-USDT,PSG,USDT,True,1,True,0.7709,252035.1932,326059.14,0.7698,2.12,0.7713,362.44,19.46661475569328,1.631976,0.0001,0.0001,0.0001,1.0,0.0,0.0005,exchangeInfo.quotePrecision/baseSizePrecision/quoteAmountPrecision,1,False,0.8654253068133728,0.7138018628281118,0.21253175275190517,69.69407350047639
mexc,ELIZAOSUSDT,ELIZAOS-USDT,ELIZAOS,USDT,True,1,True,0.0008458,191623.4102157,227777898.08,0.0008422,99535.35,0.0008464,44250.0,49.74535117849098,37.453199999999995,1e-07,0.0,0.0,1.0,0.0,0.0005,exchangeInfo.quotePrecision/baseSizePrecision/quoteAmountPrecision,1,False,0.8315700380871773,0.3598645215918713,0.7468247248094835,69.6694596307812
mexc,HPUSDT,HP-USDT,HP,USDT,True,1,True,0.015651,118798.946609,7518889.0,0.015631,698.35,0.015669,3505.9,24.28115015974431,10.91590885,1e-06,0.0,0.0,1.0,0.0,0.0005,exchangeInfo.quotePrecision/baseSizePrecision/quoteAmountPrecision,1,False,0.7592044011849344,0.6613039796782387,0.565198983911939,69.59282123536616
mexc,MINAUSDT,MINA-USDT,MINA,USDT,True,1,True,0.05285,164342.76208,3045396.65,0.05283,28.14,0.05288,29.99,9.459842966607026,1.4866362000000002,1e-05,0.0001,0.0001,1.0,0.0,0.0005,exchangeInfo.quotePrecision/baseSizePrecision/quoteAmountPrecision,1,False,0.807448159119763,0.8497036409822185,0.1960203217612193,69.57264621136682
mexc,VINEBRL,VINE-BRL,VINE,BRL,True,1,True,0.07977,288332.21225,3503018.54,0.07975,903.27,0.08025,466.61,62.50000000000006,37.4454525,1e-05,0.0,0.0,5.0,0.0,0.0005,exchangeInfo.quotePrecision/baseSizePrecision/quoteAmountPrecision,1,False,0.8798137960220059,0.24978831498729892,0.7464013547840813,69.56249375157442
mexc,CRYPGPTUSDT,CRYPGPT-USDT,CRYPGPT,USDT,True,1,True,0.04174,76700.75619,1849592.98,0.04173,3087.99,0.04181,1612.24,19.15250179554626,67.4077544,1e-05,0.0,0.0,1.0,0.0,0.0005,exchangeInfo.quotePrecision/baseSizePrecision/quoteAmountPrecision,1,False,0.6436732966567922,0.7167654530059272,0.8120237087214225,69.5616418157002
mexc,TRUMPEUR,TRUMP-EUR,TRUMP,EUR,True,1,True,2.577,183164.077,70010.08,2.569,27.65,2.579,5.03,38.850038850039745,12.972370000000002,0.001,0.0,0.0,1.0,0.0,0.0,exchangeInfo.quotePrecision/baseSizePrecision/quoteAmountPrecision,1,False,0.8239526026237833,0.4932260795935648,0.5927180355630821,69.50240584540886
mexc,INIUSDT,INI-USDT,INI,USDT,True,1,True,0.10701,102624.42082,959520.96,0.107,11698.59,0.10734,333.35,31.725296258281887,35.781789,1e-05,0.0,0.0,1.0,0.0,0.0005,exchangeInfo.quotePrecision/baseSizePrecision/quoteAmountPrecision,1,False,0.7274650867541261,0.584250635055038,0.7430143945808637,69.47713353947017
mexc,BLOCKUSDT,BLOCK-USDT,BLOCK,USDT,True,1,True,0.005545,87041.019761,16279758.29,0.005544,5411.25,0.005555,9901.55,19.821605550049053,29.99997,1e-06,0.0,0.0,1.0,0.0,0.0005,exchangeInfo.quotePrecision/baseSizePrecision/quoteAmountPrecision,1,False,0.6792213288192975,0.7104149026248942,0.714225232853514,69.40205030775401
mexc,ORCAUSDT,ORCA-USDT,ORCA,USDT,True,1,True,0.8541,149945.6244,172544.31,0.8538,118.54,0.8545,1.65,8.195281859158625,1.409925,0.0001,0.0001,0.0001,1.0,0.0,0.0005,exchangeInfo.quotePrecision/baseSizePrecision/quoteAmountPrecision,1,False,0.7943292424883622,0.8712955122777307,0.18458933107535985,69.1622827653104
mexc,CTCUSDT,CTC-USDT,CTC,USDT,True,1,True,0.1437,74330.1135,505693.03,0.1437,102.92,0.1438,179.91,6.9565217391316,14.789603999999999,0.0001,0.1,0.1,1.0,0.0,0.0005,exchangeInfo.quotePrecision/baseSizePrecision/quoteAmountPrecision,1,False,0.6305543800253914,0.888653683319221,0.611346316680779,69.12375931799264
mexc,SPELLUSDT,SPELL-USDT,SPELL,USDT,True,1,True,0.0001616,67229.7124556,409087909.54,0.0001615,160000.0,0.0001616,1248824.0,6.190034045187399,25.84,1e-07,0.001,0.001,1.0,0.0,0.0005,exchangeInfo.quotePrecision/baseSizePrecision/quoteAmountPrecision,1,False,0.5924672027084215,0.903471634208298,0.6947502116850127,69.0674912378709
mexc,ACHUSDT,ACH-USDT,ACH,USDT,True,1,True,0.006295,139023.608559,21743113.1,0.006298,20792.29,0.006301,208.45,4.762282720851494,1.31344345,1e-06,0.001,0.001,1.0,0.0,0.0005,exchangeInfo.quotePrecision/baseSizePrecision/quoteAmountPrecision,1,False,0.7829030892932712,0.930567315834039,0.13336155800169347,68.99108396701476
mexc,GUSDT,G-USDT,G,USDT,True,1,True,0.00349,148586.58251,42161326.87,0.003487,574.0,0.003491,170164.8,11.464603038120085,2.001538,1e-06,0.0,0.0,1.0,0.0,0.0005,exchangeInfo.quotePrecision/baseSizePrecision/quoteAmountPrecision,1,False,0.792213288192975,0.821337849280271,0.2438611346316681,68.98239977525377
mexc,SHXUSDT,SHX-USDT,SHX,USDT,True,1,True,0.004422,142771.709788,31931479.76,0.004415,6000.0,0.004423,971.52,18.103643358226286,4.29703296,1e-06,0.0,0.0,1.0,0.0,0.0005,exchangeInfo.quotePrecision/baseSizePrecision/quoteAmountPrecision,1,False,0.7858654253068134,0.7315834038950042,0.37256562235393736,68.9634959363286
mexc,USUALUSDT,USUAL-USDT,USUAL,USDT,True,1,True,0.01202,82696.30427,6681285.0,0.01202,13948.08,0.01203,749.6,8.31600831600942,9.017688000000001,1e-05,0.0,0.0,1.0,0.0,0.0005,exchangeInfo.quotePrecision/baseSizePrecision/quoteAmountPrecision,1,False,0.6661024121878968,0.869602032176122,0.5279424216765453,68.9345319082683
mexc,SOMIUSDT,SOMI-USDT,SOMI,USDT,True,1,True,0.1506,66055.8463,423313.5,0.1505,8597.68,0.1507,576.0,13.280212483400113,86.8032,0.0001,0.0,0.0,1.0,0.0,0.0005,exchangeInfo.quotePrecision/baseSizePrecision/quoteAmountPrecision,1,False,0.5844265763859501,0.7967823878069433,0.8429297205757832,68.92161580791651
mexc,NPCUSDT,NPC-USDT,NPC,USDT,True,1,True,0.007433,151349.138622,20112152.89,0.007434,260.0,0.007443,260.0,12.099213551119618,1.93284,1e-06,0.0,0.0,1.0,0.0,0.0005,exchangeInfo.quotePrecision/baseSizePrecision/quoteAmountPrecision,1,False,0.7972915785019044,0.8141405588484335,0.23200677392040644,68.84468626722371
mexc,UCNUSDT,UCN-USDT,UCN,USDT,True,1,True,405.45,335271.69,813.7813,404.61,0.0128,406.27,0.0192,40.943172849249414,5.1790080000000005,0.01,0.0,0.0,1.0,0.0,0.0005,exchangeInfo.quotePrecision/baseSizePrecision/quoteAmountPrecision,1,False,0.8920863309352518,0.46486028789161726,0.4072819644369179,68.83189468746764
mexc,SNXUSDT,SNX-USDT,SNX,USDT,True,1,True,0.2775,183170.8832,648292.31,0.2773,366.31,0.2777,5.41,14.414414414414829,1.502357,0.0001,0.01,0.01,1.0,0.0,0.0005,exchangeInfo.quotePrecision/baseSizePrecision/quoteAmountPrecision,1,False,0.8243757934828607,0.779424216765453,0.2002540220152413,68.8313545009985
mexc,FRAXUSDT,FRAX-USDT,FRAX,USDT,True,1,True,0.4359,64639.4865,148601.8,0.4356,551.2,0.436,146.4,9.17852225791674,63.830400000000004,0.0001,0.0,0.0,1.0,0.0,0.0005,exchangeInfo.quotePrecision/baseSizePrecision/quoteAmountPrecision,1,False,0.5708844688954718,0.853090601185436,0.8052497883149873,68.8309065851866
mexc,BOMEUSDT,BOME-USDT,BOME,USDT,True,1,True,0.000377,93232.6171628,241339207.99,0.0003761,73432.94,0.000377,331813.84,23.901208338866603,27.618128734,1e-07,0.0,0.0,1.0,0.0,0.0005,exchangeInfo.quotePrecision/baseSizePrecision/quoteAmountPrecision,1,False,0.6936098180279306,0.6655376799322608,0.7019475021168501,68.82593203217972
mexc,GOLD(XAUT)EUR,GOLD(XAUT)-EUR,GOLD(XAUT),EUR,True,1,True,3896.3,57315.5,14.80104,3895.9,3.10917,3896.4,0.16223,1.2833181474019222,632.112972,0.1,0.0,0.0,1.0,0.0,0.0,exchangeInfo.quotePrecision/baseSizePrecision/quoteAmountPrecision,1,False,0.45027507405840034,0.983065198983912,0.9733276883996613,68.80831281580303
mexc,SMCIONUSDT,SMCION-USDT,SMCION,USDT,True,1,True,21.78,78034.18,3559.48,21.75,19.66,21.81,4.27,27.548209366390594,93.12869999999998,0.01,0.0,0.0,1.0,0.0,0.0005,exchangeInfo.quotePrecision/baseSizePrecision/quoteAmountPrecision,1,False,0.6504443504020313,0.628281117696867,0.8577476714648603,68.6364206438306
mexc,METISUSDT,METIS-USDT,METIS,USDT,True,1,True,2.814,175995.553,60792.96,2.81,1.09,2.816,1.343,21.32954141485881,3.0629000000000004,0.001,1e-05,1e-05,1.0,0.0,0.0005,exchangeInfo.quotePrecision/baseSizePrecision/quoteAmountPrecision,1,False,0.8180279305966991,0.6917866215071973,0.31498729889923793,68.58594769848315
mexc,STBLUSDT,STBL-USDT,STBL,USDT,True,1,True,0.03305,73951.78304,2171682.83,0.03302,4710.0,0.0331,3042.76,24.198427102237368,100.715356,1e-05,0.0,0.0,1.0,0.0,0.0005,exchangeInfo.quotePrecision/baseSizePrecision/quoteAmountPrecision,1,False,0.6292848074481591,0.6625740897544454,0.8679085520745131,68.53318769500015
mexc,AEVOUSDT,AEVO-USDT,AEVO,USDT,True,1,True,0.02336,196353.23325,7981783.45,0.02334,535.0,0.02337,56.18,12.845215157353362,1.3129266,1e-05,0.0,0.0,1.0,0.0,0.0005,exchangeInfo.quotePrecision/baseSizePrecision/quoteAmountPrecision,1,False,0.8349555649597968,0.8001693480101608,0.12997459779847587,68.52628172901237
mexc,DOLOUSDT,DOLO-USDT,DOLO,USDT,True,1,True,0.02988,61023.99044,1996183.13,0.02988,1373.12,0.02989,2588.24,3.346160281077327,41.0288256,1e-05,0.0,0.0,1.0,0.0,0.0005,exchangeInfo.quotePrecision/baseSizePrecision/quoteAmountPrecision,1,False,0.5344900550148117,0.958086367485182,0.7582557154953429,68.51422652285106
mexc,ESPUSDT,ESP-USDT,ESP,USDT,True,1,True,0.08237,141208.52414,1723384.83,0.08235,794.4,0.08238,14.57,3.642323802584638,1.2002766,1e-05,0.0,0.0,1.0,0.0,0.0005,exchangeInfo.quotePrecision/baseSizePrecision/quoteAmountPrecision,1,False,0.7850190435886585,0.951735817104149,0.07705334462320068,68.51050971744395
mexc,CLOUSDT,CLO-USDT,CLO,USDT,True,1,True,0.06802,97228.51202,1418043.62,0.06795,708.0,0.06814,406.65,27.922698214418343,27.709131,1e-05,0.0,0.0,1.0,0.0,0.0005,exchangeInfo.quotePrecision/baseSizePrecision/quoteAmountPrecision,1,False,0.7063055438002539,0.6227773073666385,0.7027942421676545,68.47212243653303
mexc,RAINUSDT,RAIN-USDT,RAIN,USDT,True,1,True,0.0081713,3171046.4211211,396068400.68,0.0081307,1229.46,0.0082045,3452.45,90.35702042215657,9.996370422,1e-07,0.0,0.0,1.0,0.0,0.0005,exchangeInfo.quotePrecision/baseSizePrecision/quoteAmountPrecision,1,False,0.9805332204824376,0.14733276883996616,0.5423370025402201,68.45938639833763
mexc,NSUSDT,NS-USDT,NS,USDT,True,1,True,0.01869,123880.93879,6238594.49,0.01864,450.4,0.01869,1235.75,26.788106080898984,8.395456,1e-05,0.0,0.0,1.0,0.0,0.0005,exchangeInfo.quotePrecision/baseSizePrecision/quoteAmountPrecision,1,False,0.7672450275074059,0.6354784081287045,0.5160880609652837,68.40719793543062
mexc,COOKIEUSDT,COOKIE-USDT,COOKIE,USDT,True,1,True,0.01525,105945.39289,6818536.66,0.01524,46361.75,0.01529,1576.37,32.75466754012427,24.1026973,1e-05,0.0,0.0,1.0,0.0,0.0005,exchangeInfo.quotePrecision/baseSizePrecision/quoteAmountPrecision,1,False,0.7355057130765975,0.569432684165961,0.6841659610499576,68.37195054436106
mexc,EGLDUSDT,EGLD-USDT,EGLD,USDT,True,1,True,3.781,170845.867,44155.282,3.779,3.816,3.783,0.348,10.57921184871728,1.316484,0.001,0.0001,0.0001,1.0,0.0,0.0005,exchangeInfo.quotePrecision/baseSizePrecision/quoteAmountPrecision,1,False,0.8125264494286923,0.8348856900931414,0.1384419983065199,68.32993693703702
mexc,BRISEUSDT,BRISE-USDT,BRISE,USDT,True,1,True,1.705e-08,191213.65756631273,10925002362723.0,1.701e-08,1077149883.0,1.709e-08,1796264032.0,46.920821114368366,18.322319509830002,1e-11,10000.0,10000.0,1.0,0.0,0.0005,exchangeInfo.quotePrecision/baseSizePrecision/quoteAmountPrecision,1,False,0.8307236563690225,0.38950042337002544,0.6422523285351397,68.27235825524967
mexc,HANAUSDT,HANA-USDT,HANA,USDT,True,1,True,0.040821,90719.230215,2212583.06,0.040817,1114.47,0.040941,2437.7,30.33342302893885,45.48932199,1e-06,0.0,0.0,1.0,0.0,0.0005,exchangeInfo.quotePrecision/baseSizePrecision/quoteAmountPrecision,1,False,0.6881083368599238,0.5994919559695173,0.7713801862828111,68.26086115218996
mexc,SYNUSDT,SYN-USDT,SYN,USDT,True,1,True,0.04725,155960.52878,3188705.85,0.04721,32.3,0.04727,32.69,12.701100762065526,1.524883,1e-05,0.001,0.001,1.0,0.0,0.0005,exchangeInfo.quotePrecision/baseSizePrecision/quoteAmountPrecision,1,False,0.8006771053745239,0.8027095681625741,0.20406435224386113,68.1862670445404
mexc,DEPUSDT,DEP-USDT,DEP,USDT,True,1,True,0.0011507,76647.7571497,66251777.52,0.0011498,88385.02,0.0011514,17017.98,13.905788284371825,19.594502172,1e-07,0.0001,0.0001,1.0,0.0,0.0005,exchangeInfo.quotePrecision/baseSizePrecision/quoteAmountPrecision,1,False,0.6432501057977148,0.7874682472480948,0.6532599491955969,68.13066098398863
mexc,OVPPUSDT,OVPP-USDT,OVPP,USDT,True,1,True,0.011793,549047.404873,60557604.35,0.011733,7450.75,0.011832,1706.05,84.02291534054753,20.1859836,1e-06,0.0,0.0,1.0,0.0,0.0005,exchangeInfo.quotePrecision/baseSizePrecision/quoteAmountPrecision,1,False,0.9250952179432924,0.1604572396274344,0.6613039796782387,68.11774757113173
mexc,RAYUSDT,RAY-USDT,RAY,USDT,True,1,True,0.5637,165738.6518,290740.94,0.5633,3.33,0.5639,2.33,10.645848119232326,1.313887,0.0001,0.0001,0.0001,1.0,0.0,0.0005,exchangeInfo.quotePrecision/baseSizePrecision/quoteAmountPrecision,1,False,0.8091409225560728,0.8336155800169348,0.13463166807790009,68.03577360256538
mexc,KGENUSDT,KGEN-USDT,KGEN,USDT,True,1,True,0.1889,75649.555,392870.92,0.1886,152.63,0.1889,139.07,15.894039735100527,26.270323,0.0001,0.0,0.0,1.0,0.0,0.0005,exchangeInfo.quotePrecision/baseSizePrecision/quoteAmountPrecision,1,False,0.6381718154887854,0.7595258255715496,0.6960203217612193,68.00800192639633
mexc,PEPEUSDE,PEPE-USDE,PEPE,USDE,True,1,True,3.267e-06,274734.087737698,83277406162.0,3.26e-06,1847002.0,3.274e-06,4358866.0,42.852770125496725,6.02122652,1e-09,0.0,0.0,1.0,0.0,0.0,exchangeInfo.quotePrecision/baseSizePrecision/quoteAmountPrecision,1,False,0.8734659331358443,0.43522438611346315,0.45258255715495344,67.97288711840709
mexc,ACXUSDT,ACX-USDT,ACX,USDT,True,1,True,0.04206,144179.0001,3377343.07,0.04203,62.46,0.04209,51.04,14.265335235379101,2.1482736,1e-05,0.01,0.01,1.0,0.0,0.0005,exchangeInfo.quotePrecision/baseSizePrecision/quoteAmountPrecision,1,False,0.788404570461278,0.781541066892464,0.2514817950889077,67.93041394946005
mexc,KOMUSDT,KOM-USDT,KOM,USDT,True,1,True,0.0001338,118025.7300756,875376074.71,0.0001336,85142.05,0.000134,77786.84,29.895366218236898,10.42343656,1e-07,0.001,0.001,1.0,0.0,0.0005,exchangeInfo.quotePrecision/baseSizePrecision/quoteAmountPrecision,1,False,0.7583580194667795,0.6020321761219305,0.5571549534292972,67.90359454230709
mexc,AITECHUSDT,AITECH-USDT,AITECH,USDT,True,1,True,0.00562,225668.432236,39100930.61,0.005618,3519.03,0.005624,0.28,10.674257249599592,0.0015747200000000002,1e-06,0.0,0.0,1.0,0.0,0.0005,exchangeInfo.quotePrecision/baseSizePrecision/quoteAmountPrecision,1,False,0.8518831993228946,0.8323454699407282,0.010584250635055038,67.87389772397852
mexc,CELOUSDT,CELO-USDT,CELO,USDT,True,1,True,0.07534,71100.67387,896560.22,0.0752,55785.2,0.07542,4023.28,29.212587969724865,303.4357776,1e-05,0.1,0.1,1.0,0.0,0.0005,exchangeInfo.quotePrecision/baseSizePrecision/quoteAmountPrecision,1,False,0.6148963182395261,0.6096528365791702,0.9398814563928873,67.85824754551093
mexc,RAREUSDT,RARE-USDT,RARE,USDT,True,1,True,0.01416,81562.23238,5622676.55,0.01414,2000.0,0.01417,28774.33,21.19392440833664,28.28,1e-05,0.0001,0.0001,1.0,0.0,0.0005,exchangeInfo.quotePrecision/baseSizePrecision/quoteAmountPrecision,1,False,0.6618705035971223,0.693056731583404,0.7053344623200677,67.83598523382818
mexc,MIRAUSDT,MIRA-USDT,MIRA,USDT,True,1,True,0.07499,61934.90384,812488.27,0.0749,8004.8,0.07502,4296.96,16.008537886874198,322.35793920000003,1e-05,0.0,0.0,1.0,0.0,0.0005,exchangeInfo.quotePrecision/baseSizePrecision/quoteAmountPrecision,1,False,0.5454930173508252,0.7574089754445386,0.9436917866215072,67.811176072839
mexc,BBUSDT,BB-USDT,BB,USDT,True,1,True,0.02285,184768.95034,7713704.88,0.02282,28662.84,0.02286,64.11,17.51313485113764,1.4655546,1e-05,0.0,0.0,1.0,0.0,0.0005,exchangeInfo.quotePrecision/baseSizePrecision/quoteAmountPrecision,1,False,0.8256453660600931,0.7400508044030483,0.1939034716342083,67.7898346760655
mexc,VERDRAUSDT,VERDRA-USDT,VERDRA,USDT,True,1,True,0.11444,91731.53972,796366.82,0.11411,1010.04,0.11456,1116.79,39.358026850919856,115.2556644,1e-05,0.0,0.0,1.0,0.0,0.0005,exchangeInfo.quotePrecision/baseSizePrecision/quoteAmountPrecision,1,False,0.6906474820143885,0.48560541913632516,0.8810330228619814,67.74640744643914
mexc,TUTUSDT,TUT-USDT,TUT,USDT,True,1,True,0.008666,65227.066344,7548242.23,0.008659,57517.6,0.008673,10440.0,16.155088852988833,90.54612,1e-06,0.0,0.0,1.0,0.0,0.0005,exchangeInfo.quotePrecision/baseSizePrecision/quoteAmountPrecision,1,False,0.5772323317816335,0.7561388653683319,0.8543607112616427,67.73846410743099
mexc,OLUSDT,OL-USDT,OL,USDT,True,1,True,0.01351,104131.41165,8100477.02,0.01349,9151.83,0.01353,1153.68,29.60769800148046,15.6092904,1e-05,0.0,0.0,1.0,0.0,0.0005,exchangeInfo.quotePrecision/baseSizePrecision/quoteAmountPrecision,1,False,0.7308506136267456,0.6045723962743438,0.6206604572396275,67.72430280112216
mexc,EVAAUSDT,EVAA-USDT,EVAA,USDT,True,1,True,0.4454,78910.3805,179739.71,0.4447,537.68,0.4463,576.08,35.914702581369035,239.10629599999996,0.0001,0.0,0.0,1.0,0.0,0.0005,exchangeInfo.quotePrecision/baseSizePrecision/quoteAmountPrecision,1,False,0.6525603046974185,0.5321761219305673,0.9233700254022015,67.66262031466623
mexc,NOSUSDT,NOS-USDT,NOS,USDT,True,1,True,0.27689,87716.84202,315531.03,0.2768,14.65,0.27696,17.91,5.778676683039348,4.05512,1e-05,0.01,0.01,1.0,0.0,0.0005,exchangeInfo.quotePrecision/baseSizePrecision/quoteAmountPrecision,1,False,0.6813372831146848,0.9140558848433531,0.3662150719729043,67.64924913184957
mexc,FLRUSDT,FLR-USDT,FLR,USDT,True,1,True,0.007713,72382.797655,9356433.41,0.007707,4234.87,0.00772,18751.38,16.85356841900563,32.63814309,1e-06,0.0,0.0,1.0,0.0,0.0005,exchangeInfo.quotePrecision/baseSizePrecision/quoteAmountPrecision,1,False,0.6225137537029201,0.7493649449618967,0.7277730736663844,67.5278415510357
mexc,L3USDT,L3-USDT,L3,USDT,True,1,True,0.00956,463526.11978,48184402.75,0.00955,137.6,0.00958,138.97,31.364349189754847,1.31408,1e-05,0.0,0.0,1.0,0.0,0.0005,exchangeInfo.quotePrecision/baseSizePrecision/quoteAmountPrecision,1,False,0.9111299195937368,0.5876375952582558,0.1359017781541067,67.52112102219407
mexc,LVVAUSDT,LVVA-USDT,LVVA,USDT,True,1,True,0.0004926,94283.4115149,194672633.11,0.0004918,110739.44,0.0004935,91265.6,34.50725667309422,45.039573600000004,1e-07,0.0,0.0,1.0,0.0,0.0005,exchangeInfo.quotePrecision/baseSizePrecision/quoteAmountPrecision,1,False,0.6965721540414727,0.5520745131244709,0.7701100762066045,67.51553282452487
mexc,JGGLUSDT,JGGL-USDT,JGGL,USDT,True,1,True,2.1341,1522896.9126,725331.79,2.1267,3.31,2.1341,0.13,34.735260983853145,0.27743300000000004,0.0001,0.0,0.0,1.0,0.0,0.0005,exchangeInfo.quotePrecision/baseSizePrecision/quoteAmountPrecision,1,False,0.9682606855691918,0.548264182895851,0.026672311600338696,67.4943885107086
mexc,SIXUSDT,SIX-USDT,SIX,USDT,True,1,True,0.0085,82913.06258,9728051.57,0.00849,3187.0,0.00851,3187.0,23.529411764706964,27.057629999999996,1e-05,0.0,0.0,1.0,0.0,0.0005,exchangeInfo.quotePrecision/baseSizePrecision/quoteAmountPrecision,1,False,0.6669487939060517,0.6693480101608806,0.7002540220152413,67.42096435915968
mexc,GPSUSDT,GPS-USDT,GPS,USDT,True,1,True,0.007739,99631.279558,12758172.55,0.007735,1952.81,0.007756,3926.4,27.112516945323332,15.10498535,1e-06,0.0,0.0,1.0,0.0,0.0005,exchangeInfo.quotePrecision/baseSizePrecision/quoteAmountPrecision,1,False,0.7134997884045705,0.632514817950889,0.6164267569856055,67.38389395073571
mexc,KMNOUSDT,KMNO-USDT,KMNO,USDT,True,1,True,0.01735,106526.15313,6002230.75,0.01735,86.43,0.01736,51722.4,5.762028233938111,1.4995605000000003,1e-05,0.0,0.0,1.0,0.0,0.0005,exchangeInfo.quotePrecision/baseSizePrecision/quoteAmountPrecision,1,False,0.7363520947947524,0.9144792548687553,0.19898391193903472,67.34102482421096
mexc,PMTUSDT,PMT-USDT,PMT,USDT,True,1,True,0.10953,97608.9391,894889.75,0.10926,183.04,0.10939,45.77,11.891150240110232,5.0067803,1e-05,0.0,0.0,1.0,0.0,0.0005,exchangeInfo.quotePrecision/baseSizePrecision/quoteAmountPrecision,1,False,0.7067287346593314,0.8179508890770534,0.397121083827265,67.26127430973486
mexc,ALMANAKUSDT,ALMANAK-USDT,ALMANAK,USDT,True,1,True,0.002257,99262.44794,43503222.02,0.002253,40763.81,0.002257,3171.28,17.738359201774266,7.15757896,1e-06,0.0,0.0,1.0,0.0,0.0005,exchangeInfo.quotePrecision/baseSizePrecision/quoteAmountPrecision,1,False,0.7113838341091833,0.7370872142252329,0.48433530906011857,67.23999741283828
mexc,PEPEEUR,PEPE-EUR,PEPE,EUR,True,1,True,2.833e-06,181580.617964765,63431019943.56,2.831e-06,4839304.0,2.844e-06,5871964.75,45.814977973567245,13.700069624000001,1e-09,0.0,0.0,1.0,0.0,0.0,exchangeInfo.quotePrecision/baseSizePrecision/quoteAmountPrecision,1,False,0.8218366483283961,0.39966130397967825,0.6020321761219306,67.23319177999235
mexc,VANRYUSDT,VANRY-USDT,VANRY,USDT,True,1,True,0.004649,132567.062599,27877104.55,0.004637,2472.0,0.004654,2528.95,36.594553869337034,11.462663999999998,1e-06,0.0,0.0,1.0,0.0,0.0005,exchangeInfo.quotePrecision/baseSizePrecision/quoteAmountPrecision,1,False,0.7774016081252645,0.52116850127011,0.5707027942421676,67.20035686348565
mexc,SAROSUSDT,SAROS-USDT,SAROS,USDT,True,1,True,0.0005243,162270.7591945,299991990.85,0.0005238,6013.72,0.0005251,6422.17,24.787873009819375,3.1499865360000006,1e-07,0.0,0.0,1.0,0.0,0.0005,exchangeInfo.quotePrecision/baseSizePrecision/quoteAmountPrecision,1,False,0.8061785865425307,0.6570702794242167,0.32006773920406434,67.1679340295259
mexc,ARGUSDT,ARG-USDT,ARG,USDT,True,1,True,0.5847,85627.6919,145704.58,0.584,120.17,0.5854,35.59,23.943902856166716,20.834386000000002,0.0001,0.1,0.1,1.0,0.0,0.0005,exchangeInfo.quotePrecision/baseSizePrecision/quoteAmountPrecision,1,False,0.6766821836648328,0.6646909398814564,0.665961049957663,67.15401459775548
mexc,BTCMTUSDT,BTCMT-USDT,BTCMT,USDT,True,1,True,0.6524,64824.5557,98963.03,0.6522,18.39,0.6524,18.39,3.066073892380469,11.993958000000001,0.0001,0.0,0.0,1.0,0.0,0.0005,exchangeInfo.quotePrecision/baseSizePrecision/quoteAmountPrecision,1,False,0.5721540414727042,0.9635901778154107,0.5791701947502117,67.14163062138823
mexc,SONICUSDT,SONIC-USDT,SONIC,USDT,True,1,True,0.03825,77267.61917,1979227.51,0.03825,110.86,0.03826,1203.67,2.614037380735345,4.2403949999999995,1e-05,0.0,0.0,1.0,0.0,0.0005,exchangeInfo.quotePrecision/baseSizePrecision/quoteAmountPrecision,1,False,0.6453660600931019,0.9695173581710415,0.37002540220152413,67.13357530342712
mexc,SOLUSDE,SOL-USDE,SOL,USDE,True,1,True,82.65,355796.85,4247.883,82.55,1.579,82.83,0.018,33.861410085863,1.49094,0.01,0.0,0.0,1.0,0.0,0.0,exchangeInfo.quotePrecision/baseSizePrecision/quoteAmountPrecision,1,False,0.8950486669487939,0.5575783234546994,0.19729043183742592,67.11294340529967
mexc,XNYUSDT,XNY-USDT,XNY,USDT,True,1,True,0.006677,144088.890382,22036245.44,0.006677,1262.8,0.006701,1449.82,35.87980266108623,8.431715599999999,1e-06,0.0,0.0,1.0,0.0,0.0005,exchangeInfo.quotePrecision/baseSizePrecision/quoteAmountPrecision,1,False,0.7879813796022006,0.5334462320067739,0.5182049110922947,67.03922990013629
mexc,SOLVUSDT,SOLV-USDT,SOLV,USDT,True,1,True,0.003035,274813.368055,84541048.99,0.003031,440.62,0.003039,462.1,26.359143327842485,1.33551922,1e-06,0.0,0.0,1.0,0.0,0.0005,exchangeInfo.quotePrecision/baseSizePrecision/quoteAmountPrecision,1,False,0.8738891239949217,0.6380186282811178,0.15114309906858595,67.03722950812036
mexc,STREAMUSDT,STREAM-USDT,STREAM,USDT,True,1,True,0.006388,70633.276035,10641561.35,0.00638,11624.11,0.006389,3831.84,14.096640300727481,24.48162576,1e-06,0.0,0.0,1.0,0.0,0.0005,exchangeInfo.quotePrecision/baseSizePrecision/quoteAmountPrecision,1,False,0.6119339822259839,0.7849280270956817,0.6862828111769687,67.00522592336054
mexc,HNTUSDT,HNT-USDT,HNT,USDT,True,1,True,1.151,133955.4756,114468.8,1.1489,24.48,1.1512,2.78,19.999130472587876,3.2003359999999996,0.0001,0.0,0.0,1.0,0.0,0.0005,exchangeInfo.quotePrecision/baseSizePrecision/quoteAmountPrecision,1,False,0.7790943715615742,0.7066045723962744,0.32260795935647757,66.967463932923
mexc,DOGEUSDE,DOGE-USDE,DOGE,USDE,True,1,True,0.08997,559838.42078,6197689.59,0.08984,102.69,0.09014,13.52,33.33703744860481,1.2186928,1e-05,0.0,0.0,1.0,0.0,0.0,exchangeInfo.quotePrecision/baseSizePrecision/quoteAmountPrecision,1,False,0.927634363097757,0.5635055038103303,0.0850973751058425,66.80947506775175
mexc,IOTXUSDT,IOTX-USDT,IOTX,USDT,True,1,True,0.004727,127386.548031,26623365.51,0.004724,356.35,0.00473,376.36,12.693039983075797,1.6833974,1e-06,0.001,0.001,1.0,0.0,0.0005,exchangeInfo.quotePrecision/baseSizePrecision/quoteAmountPrecision,1,False,0.7706305543800254,0.8031329381879763,0.21549534292972058,66.77291080419522
mexc,OZOUSDT,OZO-USDT,OZO,USDT,True,1,True,0.1311,95118.6053,728386.33,0.1309,158.0,0.1313,285.0,30.511060259344884,20.682199999999998,0.0001,0.0,0.0,1.0,0.0,0.0005,exchangeInfo.quotePrecision/baseSizePrecision/quoteAmountPrecision,1,False,0.7003808717731697,0.5969517358171041,0.6646909398814564,66.73856014058107
mexc,QUSDT,Q-USDT,Q,USDT,True,1,True,0.008543,562162.683913,61530679.78,0.008503,4298.63,0.008575,1407.58,84.31900690947317,12.069998499999999,1e-06,0.0,0.0,1.0,0.0,0.0005,exchangeInfo.quotePrecision/baseSizePrecision/quoteAmountPrecision,1,False,0.928480744815912,0.15961049957662998,0.5817104149026249,66.69091175234342
mexc,HSKUSDT,HSK-USDT,HSK,USDT,True,1,True,0.1578,76230.4253,481985.7,0.1575,135.0,0.1578,597.68,19.029495718363126,21.2625,0.0001,0.0,0.0,1.0,0.0,0.0005,exchangeInfo.quotePrecision/baseSizePrecision/quoteAmountPrecision,1,False,0.6407109606432501,0.720575783234547,0.6714648602878917,66.68279462200026
mexc,CATONUSDT,CATON-USDT,CATON,USDT,True,1,True,697.85,59997.92,85.549,697.68,0.579,698.41,0.139,10.45777850998171,97.07899,0.01,0.0,0.0,1.0,0.0,0.0005,exchangeInfo.quotePrecision/baseSizePrecision/quoteAmountPrecision,1,False,0.5188319932289462,0.836155800169348,0.8619813717188823,66.6792820662034
mexc,DSYNCUSDT,DSYNC-USDT,DSYNC,USDT,True,1,True,0.01709,73985.12072,4314306.44,0.01706,4638.36,0.0171,2534.02,23.41920374707368,43.331742,1e-05,0.0,0.0,1.0,0.0,0.0005,exchangeInfo.quotePrecision/baseSizePrecision/quoteAmountPrecision,1,False,0.6297079983072366,0.6710414902624895,0.7629127857747672,66.6682328789556
mexc,UMAUSDT,UMA-USDT,UMA,USDT,True,1,True,0.394,233064.8984,562278.47,0.3932,866.79,0.3942,3.49,25.40005080010162,1.375758,0.0001,0.1,0.1,1.0,0.0,0.0005,exchangeInfo.quotePrecision/baseSizePrecision/quoteAmountPrecision,1,False,0.8552687261955142,0.6460626587637595,0.170194750211685,66.59524141408097
mexc,PSAIUSDT,PSAI-USDT,PSAI,USDT,True,1,True,0.0019,2316272.90463,1256393136.42,0.00169,10204.04,0.00189,20268.41,1117.3184357541893,17.2448276,1e-05,0.0,0.0,1.0,0.0,0.0005,exchangeInfo.quotePrecision/baseSizePrecision/quoteAmountPrecision,1,False,0.9763013118916631,0.00550381033022862,0.6359017781541066,66.55220297537933
mexc,ACTUSDT,ACT-USDT,ACT,USDT,True,1,True,0.01223,187824.52651,15188522.42,0.01221,143.2,0.01224,170.57,24.539877300612496,1.7484719999999998,1e-05,0.0,0.0,1.0,0.0,0.0005,exchangeInfo.quotePrecision/baseSizePrecision/quoteAmountPrecision,1,False,0.8286077020736352,0.6591871295512277,0.220575783234547,66.46461751752157
mexc,FIROUSDT,FIRO-USDT,FIRO,USDT,True,1,True,0.6047,68044.7795,110761.27,0.6041,213.26,0.6057,200.0,26.450653000496708,121.14,0.0001,0.001,0.001,1.0,0.0,0.0005,exchangeInfo.quotePrecision/baseSizePrecision/quoteAmountPrecision,1,False,0.5975454930173508,0.6363251481795089,0.8839966130397968,66.45306308123796
mexc,SOLUSD1,SOL-USD1,SOL,USD1,True,1,True,82.66,179441.92,2143.77,82.52,4.74,82.8,0.05,33.87369949189465,4.14,0.01,0.0,0.0,1.0,0.0001,0.0001,exchangeInfo.quotePrecision/baseSizePrecision/quoteAmountPrecision,1,False,0.8205670757511637,0.5571549534292972,0.36875529212531755,66.43516884455278
mexc,PHBUSDT,PHB-USDT,PHB,USDT,True,1,True,0.1005,187700.3077,1819433.0,0.1004,6360.93,0.1007,27.48,29.83590253605119,2.767236,0.0001,0.01,0.01,1.0,0.0,0.0005,exchangeInfo.quotePrecision/baseSizePrecision/quoteAmountPrecision,1,False,0.8281845112145577,0.602878916172735,0.2904318374259102,66.43075776963727
mexc,MNSRYUSDT,MNSRY-USDT,MNSRY,USDT,True,1,True,0.008844,81710.57005,9088175.24,0.008832,1680.67,0.008845,1036.88,14.708378118459986,9.171203600000002,1e-06,0.0,0.0,1.0,0.0,0.0005,exchangeInfo.quotePrecision/baseSizePrecision/quoteAmountPrecision,1,False,0.6622936944561998,0.775190516511431,0.5300592718035563,66.4071015439479
mexc,PGVERSEUSDT,PGVERSE-USDT,PGVERSE,USDT,True,1,True,0.0015,801706.594,360950419.95,0.0015,18452.66,0.0016,146671.8,645.161290322581,27.67899,0.0001,0.0,0.0,1.0,0.0,0.0005,exchangeInfo.quotePrecision/baseSizePrecision/quoteAmountPrecision,1,False,0.9462547608971646,0.011430990685859399,0.7023708721422524,66.3772040593356
mexc,VICUSDT,VIC-USDT,VIC,USDT,True,1,True,0.04044,137306.40586,3272958.22,0.04041,34.42,0.04046,33.31,12.365524916533062,1.3477226000000002,1e-05,0.0001,0.0001,1.0,0.0,0.0005,exchangeInfo.quotePrecision/baseSizePrecision/quoteAmountPrecision,1,False,0.780787134997884,0.8086367485182049,0.15580016934801016,66.27521452479894
mexc,TONUSDC,TON-USDC,TON,USDC,True,1,True,1.226,484335.63,394900.87,1.224,9.86,1.228,0.98,32.62642740619905,1.20344,0.001,0.0,0.0,1.0,0.0,0.0,exchangeInfo.quotePrecision/baseSizePrecision/quoteAmountPrecision,1,False,0.9145154464663563,0.5719729043183743,0.08128704487722269,66.22341306115342
mexc,CLANKERUSDT,CLANKER-USDT,CLANKER,USDT,True,1,True,24.42,77327.23,3125.25,24.4,19.52,24.46,1.18,24.559967253377927,28.8628,0.01,0.0,0.0,1.0,0.0,0.0005,exchangeInfo.quotePrecision/baseSizePrecision/quoteAmountPrecision,1,False,0.6466356326703343,0.6587637595258256,0.7091447925486876,66.21694963598777
mexc,AWEUSDT,AWE-USDT,AWE,USDT,True,1,True,0.04763,114607.85596,2408171.83,0.04756,159.66,0.04769,134.4,27.29658792651026,6.409536000000001,1e-05,0.0,0.0,1.0,0.0,0.0005,exchangeInfo.quotePrecision/baseSizePrecision/quoteAmountPrecision,1,False,0.7498942022852306,0.6299745977984759,0.46104995766299744,66.21454522390954
mexc,FUNTOKENUSDT,FUNTOKEN-USDT,FUNTOKEN,USDT,True,1,True,0.001299,64852.367275,48727717.74,0.0013,505462.4,0.001302,38123.2,15.37279016141467,49.6364064,1e-06,0.0,0.0,1.0,0.0,0.0005,exchangeInfo.quotePrecision/baseSizePrecision/quoteAmountPrecision,1,False,0.5725772323317816,0.7658763759525826,0.7777307366638442,66.19327191033943
mexc,SOLEUR,SOL-EUR,SOL,EUR,True,1,True,71.84,411259.54,5652.514,71.69,1.579,71.93,0.018,33.42152903495462,1.29474,0.01,0.0,0.0,1.0,0.0,0.0,exchangeInfo.quotePrecision/baseSizePrecision/quoteAmountPrecision,1,False,0.9052052475666525,0.5626587637595258,0.11642675698560542,66.18129284986615
mexc,XRDUSDT,XRD-USDT,XRD,USDT,True,1,True,0.001331,101198.024068,73618488.8,0.001327,1330.98,0.001328,8079.81,7.532956685498424,1.7662104600000001,1e-06,0.0001,0.0001,1.0,0.0,0.0005,exchangeInfo.quotePrecision/baseSizePrecision/quoteAmountPrecision,1,False,0.7223867964451968,0.8797629127857748,0.2222692633361558,66.1707318908533
mexc,KLIPUSDT,KLIP-USDT,KLIP,USDT,True,1,True,0.00512,75777.15585,13192411.21,0.00512,14414.41,0.00513,3857.72,19.512195121950423,19.7901036,1e-05,0.0,0.0,1.0,0.0,0.0005,exchangeInfo.quotePrecision/baseSizePrecision/quoteAmountPrecision,1,False,0.6398645789250952,0.7129551227773074,0.6566469093988145,66.14936809828922
mexc,GMXUSDT,GMX-USDT,GMX,USDT,True,1,True,6.284,171723.446,27035.26,6.28,44.85,6.291,0.21,17.5005966112483,1.32111,0.001,1e-05,1e-05,1.0,0.0,0.0005,exchangeInfo.quotePrecision/baseSizePrecision/quoteAmountPrecision,1,False,0.8142192128650021,0.7404741744284504,0.1426756985605419,66.14742503949722
mexc,DAMUSDT,DAM-USDT,DAM,USDT,True,1,True,0.02729,103535.7967,3785850.57,0.0272,299351.94,0.02733,2695.77,47.6801760498814,73.6753941,1e-05,0.0,0.0,1.0,0.0,0.0005,exchangeInfo.quotePrecision/baseSizePrecision/quoteAmountPrecision,1,False,0.7300042319085908,0.3810330228619814,0.8221845893310754,66.11975011314354
mexc,TLFUSDT,TLF-USDT,TLF,USDT,True,1,True,0.009988,60455.488449,6053064.01,0.009982,11047.7,0.009996,17182.3,14.015416958654646,110.2781414,1e-06,0.0,0.0,1.0,0.0,0.0005,exchangeInfo.quotePrecision/baseSizePrecision/quoteAmountPrecision,1,False,0.5247566652560305,0.7866215071972904,0.8755292125317528,66.037738519649
mexc,ZBTUSDT,ZBT-USDT,ZBT,USDT,True,1,True,0.06647,72632.54641,1077873.32,0.06642,125.0,0.06648,125.0,9.029345372459083,8.3025,1e-05,0.0,0.0,1.0,0.0,0.0005,exchangeInfo.quotePrecision/baseSizePrecision/quoteAmountPrecision,1,False,0.6246297079983072,0.855207451312447,0.5127011007620661,65.9888422379594
mexc,MARAONUSDT,MARAON-USDT,MARAON,USDT,True,1,True,8.01,68821.45,8459.8,8.0,9.64,8.02,28.49,24.9687890137323,77.12,0.01,0.0,0.0,1.0,0.0,0.0005,exchangeInfo.quotePrecision/baseSizePrecision/quoteAmountPrecision,1,False,0.6026237833262802,0.6511430990685859,0.8281117696867062,65.98512095339419
mexc,ACNONUSDT,ACNON-USDT,ACNON,USDT,True,1,True,195.59,61726.44,314.167,195.39,0.388,195.67,1.138,14.320053188769048,75.81132,0.01,0.0,0.0,1.0,0.0,0.0005,exchangeInfo.quotePrecision/baseSizePrecision/quoteAmountPrecision,1,False,0.5438002539145155,0.7811176968670618,0.825571549534293,65.94838737766075
mexc,USELESSUSDT,USELESS-USDT,USELESS,USDT,True,1,True,0.03039,102271.069056,3256483.49,0.030351,1169.72,0.030479,3218.36,42.0844977807002,35.50217172,1e-06,0.0,0.0,1.0,0.0,0.0005,exchangeInfo.quotePrecision/baseSizePrecision/quoteAmountPrecision,1,False,0.7253491324587389,0.44792548687552924,0.7400508044030483,65.89335554517984
mexc,GNOUSDT,GNO-USDT,GNO,USDT,True,1,True,118.25,89811.9,753.67,118.2,0.02,118.27,0.02,5.920412737344542,2.3640000000000003,0.01,0.0,0.0,1.0,0.0,0.0005,exchangeInfo.quotePrecision/baseSizePrecision/quoteAmountPrecision,1,False,0.686415573423614,0.9089754445385266,0.2679932260795936,65.83710717335381
mexc,PUMPUSDC,PUMP-USDC,PUMP,USDC,True,1,True,0.001694,76165.197492,44307994.94,0.001691,582367.14,0.001698,233498.16,41.31012097964038,396.47987568,1e-06,0.0,0.0,1.0,0.0,0.0,exchangeInfo.quotePrecision/baseSizePrecision/quoteAmountPrecision,1,False,0.6402877697841727,0.4589331075359865,0.95385266723116,65.76620837115237
mexc,SXTUSDT,SXT-USDT,SXT,USDT,True,1,True,0.01626,192419.75544,11584995.56,0.01623,600.0,0.01631,620.23,49.17025199754161,9.738000000000001,1e-05,0.0,0.0,1.0,0.0,0.0005,exchangeInfo.quotePrecision/baseSizePrecision/quoteAmountPrecision,1,False,0.8324164198053322,0.3683319220999153,0.5364098221845893,65.71939758548294
mexc,ONDOUSDC,ONDO-USDC,ONDO,USDC,True,1,True,0.2654,66094.5764,244121.56,0.2648,2840.54,0.2657,4538.37,33.93025447690903,752.174992,0.0001,0.0,0.0,1.0,0.0,0.0,exchangeInfo.quotePrecision/baseSizePrecision/quoteAmountPrecision,1,False,0.585272958104105,0.5563082133784928,0.9779847586790855,65.6574132037698
mexc,龙虾USDT,龙虾-USDT,龙虾,USDT,True,1,True,0.007133,121444.94516,16784271.64,0.007123,512.54,0.00714,525.0,23.83790226460023,3.65082242,1e-06,0.0,0.0,1.0,0.0,0.0005,exchangeInfo.quotePrecision/baseSizePrecision/quoteAmountPrecision,1,False,0.7634363097757089,0.6659610499576629,0.34970364098221846,65.63209610624993
mexc,DOP2USDT,DOP2-USDT,DOP2,USDT,True,1,True,0.003559,128270.59826,35895032.89,0.003548,8889.58,0.003566,47929.12,50.60444194546027,31.54022984,1e-06,0.0,0.0,1.0,0.0,0.0005,exchangeInfo.quotePrecision/baseSizePrecision/quoteAmountPrecision,1,False,0.7714769360981802,0.35012701100762067,0.7218458933107536,65.62132462680552
mexc,SPYXUSDT,SPYX-USDT,SPYX,USDT,True,1,True,635.04,64626.44,100.876,635.0,0.031,635.62,2.309,9.759015283877234,19.685,0.01,0.0,0.0,1.0,0.0,0.0005,exchangeInfo.quotePrecision/baseSizePrecision/quoteAmountPrecision,1,False,0.5704612780363945,0.8450465707027942,0.6549534292972058,65.60060314551566
mexc,PALLONUSDT,PALLON-USDT,PALLON,USDT,True,1,True,126.06,63198.03,502.0,125.94,3.103,126.29,3.559,27.75244816239214,390.79182000000003,0.01,0.0,0.0,1.0,0.0,0.0005,exchangeInfo.quotePrecision/baseSizePrecision/quoteAmountPrecision,1,False,0.5607278882776132,0.6244707874682472,0.9525825571549534,65.50345468507398
mexc,SUKUUSDT,SUKU-USDT,SUKU,USDT,True,1,True,0.00723,98758.20584,13619752.74,0.00722,1369.86,0.00724,5096.25,27.662517289073378,9.8903892,1e-05,0.01,0.01,1.0,0.0,0.0005,exchangeInfo.quotePrecision/baseSizePrecision/quoteAmountPrecision,1,False,0.7096910706728735,0.626164267569856,0.5397967823878069,65.4830512240106
mexc,SATSUSDT,SATS-USDT,SATS,USDT,True,1,True,1.034e-08,189307.30661430635,17773623927559.0,1.03e-08,1886953847.0,1.035e-08,867000000.0,48.42615012106581,8.97345,1e-11,0.0,0.0,1.0,0.0,0.0005,exchangeInfo.quotePrecision/baseSizePrecision/quoteAmountPrecision,1,False,0.8290308929327127,0.3738357324301439,0.5262489415749365,65.46757125355154
mexc,KASUSDC,KAS-USDC,KAS,USDC,True,1,True,0.03456,80235.93264,2298604.44,0.03456,15827.01,0.03466,807.84,28.893383415198745,27.999734400000005,1e-05,0.0,0.0,1.0,0.0,0.0,exchangeInfo.quotePrecision/baseSizePrecision/quoteAmountPrecision,1,False,0.6555226407109607,0.6121930567315834,0.7049110922946655,65.45679350328574
mexc,ZCHFUSDT,ZCHF-USDT,ZCHF,USDT,True,1,True,1.2514,64859.2534,51584.33,1.2514,3260.35,1.2537,40.25,18.36254041754795,50.461425,0.0001,0.0,0.0,1.0,0.0,0.0005,exchangeInfo.quotePrecision/baseSizePrecision/quoteAmountPrecision,1,False,0.5734236140499365,0.7286198137171889,0.7823878069432684,65.40155025454159
mexc,BALUSDT,BAL-USDT,BAL,USDT,True,1,True,0.1456,200154.4683,1363081.95,0.1454,68.87,0.1459,16.34,34.32887058015795,2.384006,0.0001,0.0001,0.0001,1.0,0.0,0.0005,exchangeInfo.quotePrecision/baseSizePrecision/quoteAmountPrecision,1,False,0.8396106644096487,0.5529212531752752,0.26883996613039796,65.37841719452052
mexc,ATOMUSDC,ATOM-USDC,ATOM,USDC,True,1,True,1.665,99452.484,59240.56,1.66,356.1,1.665,6.17,30.075187969925505,10.27305,0.001,0.01,0.01,1.0,0.0,0.0,exchangeInfo.quotePrecision/baseSizePrecision/quoteAmountPrecision,1,False,0.713076597545493,0.6003386960203217,0.5541913632514818,65.31150753053979
mexc,ACEUSDT,ACE-USDT,ACE,USDT,True,1,True,0.1184,166675.2111,1352652.29,0.1182,494.41,0.1185,16.15,25.348542458808176,1.9137749999999998,0.0001,0.0,0.0,1.0,0.0,0.0005,exchangeInfo.quotePrecision/baseSizePrecision/quoteAmountPrecision,1,False,0.8095641134151502,0.6464860287891617,0.23073666384419983,65.30291023444632
mexc,JOCUSDT,JOC-USDT,JOC,USDT,True,1,True,0.062,97790.7543,1603125.16,0.0619,405.11,0.0621,216.96,32.258064516129956,13.473216,0.0001,0.0,0.0,1.0,0.0,0.0005,exchangeInfo.quotePrecision/baseSizePrecision/quoteAmountPrecision,1,False,0.7071519255184088,0.5774767146486028,0.5977984758679086,65.28624328708572
mexc,PORTOUSDT,PORTO-USDT,PORTO,USDT,True,1,True,0.9574,81885.7776,83687.14,0.956,14.08,0.9582,310.84,22.98610385539746,13.460479999999999,0.0001,0.01,0.01,1.0,0.0,0.0005,exchangeInfo.quotePrecision/baseSizePrecision/quoteAmountPrecision,1,False,0.6627168853152772,0.6752751905165114,0.5973751058425063,65.27881057210317
mexc,JETTONUSDT,JETTON-USDT,JETTON,USDT,True,1,True,0.03563,66632.4422,1863696.49,0.0356,759.97,0.03566,1500.91,16.839741790625194,27.054932,1e-05,0.0,0.0,1.0,0.0,0.0005,exchangeInfo.quotePrecision/baseSizePrecision/quoteAmountPrecision,1,False,0.5911976301311892,0.7497883149872989,0.6998306519898391,65.25719057169465
mexc,DEODUSDT,DEOD-USDT,DEOD,USDT,True,1,True,0.006707,112728.46997,16603853.22,0.0067,12981.29,0.006739,21179.52,58.04003274053125,86.97464300000001,1e-06,0.0,0.0,1.0,0.0,0.0005,exchangeInfo.quotePrecision/baseSizePrecision/quoteAmountPrecision,1,False,0.7469318662716885,0.287891617273497,0.8441998306519899,65.1625396898201
mexc,ELONUSDT,ELON-USDT,ELON,USDT,True,1,True,3.625e-08,90914.38056061977,2489698585417.0,3.621e-08,402245968.0,3.63e-08,275467162.0,24.82416218452704,9.9994579806,1e-11,0.001,0.001,1.0,0.0,0.0005,exchangeInfo.quotePrecision/baseSizePrecision/quoteAmountPrecision,1,False,0.6885315277190013,0.6566469093988145,0.5427603725656224,65.14061421082789
mexc,BDCAUSDT,BDCA-USDT,BDCA,USDT,True,1,True,0.7024,152309.9029,213175.04,0.7003,55.56,0.7047,74.31,62.633451957294795,38.908668000000006,0.0001,0.0,0.0,1.0,0.0,0.0005,exchangeInfo.quotePrecision/baseSizePrecision/quoteAmountPrecision,1,False,0.7981379602200592,0.24851820491109233,0.7514817950889077,65.14017883665872
mexc,METANIAUSDT,METANIA-USDT,METANIA,USDT,True,1,True,0.01922,84298.12714,4380853.17,0.0192,312.0,0.01923,5181.33,15.61280249804957,5.990399999999999,1e-05,0.0,0.0,1.0,0.0,0.0005,exchangeInfo.quotePrecision/baseSizePrecision/quoteAmountPrecision,1,False,0.6728734659331358,0.7620660457239627,0.4479254868755292,65.01820150693212
mexc,IRENONUSDT,IRENON-USDT,IRENON,USDT,True,1,True,35.08,68219.66,1889.51,34.98,11.93,35.11,13.17,37.095163361393226,417.31139999999994,0.01,0.0,0.0,1.0,0.0,0.0005,exchangeInfo.quotePrecision/baseSizePrecision/quoteAmountPrecision,1,False,0.5992382564536606,0.5160880609652836,0.9576629974597799,65.01356557827901
mexc,SNSYUSDT,SNSY-USDT,SNSY,USDT,True,1,True,0.0001732,148343.5303283,857969592.77,0.0001719,782099.99,0.0001734,687022.39,86.88097306689889,119.12968242600002,1e-07,0.0,0.0,1.0,0.0,0.0005,exchangeInfo.quotePrecision/baseSizePrecision/quoteAmountPrecision,1,False,0.7913669064748201,0.15325994919559693,0.8827265029635902,65.01120864527682
mexc,CORALUSDT,CORAL-USDT,CORAL,USDT,True,1,True,0.0002813,142778.0559757,495661356.34,0.0002808,14275.41,0.0002817,14077.84,32.000000000000774,3.9657275280000004,1e-07,0.0,0.0,1.0,0.0,0.0005,exchangeInfo.quotePrecision/baseSizePrecision/quoteAmountPrecision,1,False,0.7862886161658909,0.5810753598645215,0.3615580016934801,65.00391791960664
mexc,VINUUSDT,VINU-USDT,VINU,USDT,True,1,True,3.675e-09,328722.3823808677,85746253121685.1,3.669e-09,2988318391.74,3.696e-09,2985884907.7,73.31975560081469,10.96414017929406,1e-12,100000.0,100000.0,1.0,0.0,0.0005,exchangeInfo.quotePrecision/baseSizePrecision/quoteAmountPrecision,1,False,0.8895471857807872,0.18966977138018626,0.5660457239627434,64.98775398170282
mexc,B2USDT,B2-USDT,B2,USDT,True,1,True,0.75228,82252.04713,109214.83,0.75208,4.14,0.75266,136.0,7.708972978720908,3.1136112,1e-05,0.0,0.0,1.0,0.0,0.0005,exchangeInfo.quotePrecision/baseSizePrecision/quoteAmountPrecision,1,False,0.6644096487515869,0.8780694326841659,0.3179508890770533,64.85328427998249
mexc,CCUSDC,CC-USDC,CC,USDC,True,1,True,0.14049,78662.64631,553797.94,0.14054,2808.94,0.14119,17594.31,46.14347069889693,394.7684276,1e-05,0.0,0.0,1.0,0.0,0.0,exchangeInfo.quotePrecision/baseSizePrecision/quoteAmountPrecision,1,False,0.6517139229792637,0.3966977138018628,0.9534292972057579,64.83029455302123
mexc,AUCTIONUSDT,AUCTION-USDT,AUCTION,USDT,True,1,True,4.375,112499.328,25293.16,4.373,0.31,4.378,7.23,11.427265455376283,1.3556300000000001,0.001,0.001,0.001,1.0,0.0,0.0005,exchangeInfo.quotePrecision/baseSizePrecision/quoteAmountPrecision,1,False,0.7460854845535336,0.8217612193056731,0.16215071972904319,64.82174652766705
mexc,QNTUSDC,QNT-USDC,QNT,USDC,True,1,True,70.76,65412.65,914.71,70.89,3.64,71.12,8.57,32.39208506443264,258.0396,0.01,0.0,0.0,1.0,0.0,0.0,exchangeInfo.quotePrecision/baseSizePrecision/quoteAmountPrecision,1,False,0.5801946677951756,0.5749364944961897,0.9263336155800169,64.81079140273974
mexc,TRUTHUSDT,TRUTH-USDT,TRUTH,USDT,True,1,True,0.009238,96928.756186,10497351.02,0.009226,12246.32,0.009253,1067.8,29.222360517345074,9.8803534,1e-06,0.0,0.0,1.0,0.0,0.0005,exchangeInfo.quotePrecision/baseSizePrecision/quoteAmountPrecision,1,False,0.705459162082099,0.609229466553768,0.5389500423370025,64.8099914250997
mexc,QIEUSDT,QIE-USDT,QIE,USDT,True,1,True,0.1856,78812.1679,426897.27,0.1853,66.38,0.1857,65.86,21.563342318059917,12.230202,0.0001,0.0,0.0,1.0,0.0,0.0005,exchangeInfo.quotePrecision/baseSizePrecision/quoteAmountPrecision,1,False,0.652137113838341,0.6892464013547841,0.584250635055038,64.78371399607911
mexc,BASUSDT,BAS-USDT,BAS,USDT,True,1,True,0.007291,283409.582477,35154454.12,0.007275,90565.0,0.007315,764.0,54.83207676490761,5.58866,1e-06,0.0,0.0,1.0,0.0,0.0005,exchangeInfo.quotePrecision/baseSizePrecision/quoteAmountPrecision,1,False,0.8776978417266187,0.3086367485182049,0.4394580863674852,64.77846173526885
mexc,BANANAUSDT,BANANA-USDT,BANANA,USDT,True,1,True,3.231,132234.43,40058.59,3.229,0.41,3.234,0.64,15.47269070091256,1.32389,0.001,0.0,0.0,1.0,0.0,0.0005,exchangeInfo.quotePrecision/baseSizePrecision/quoteAmountPrecision,1,False,0.7769784172661871,0.7641828958509738,0.14690939881456394,64.77657332220592
mexc,SMARTUSDT,SMART-USDT,SMART,USDT,True,1,True,0.005078,208793.832518,40369411.36,0.005056,3087.48,0.005089,12452.51,65.0566781665846,15.610298879999998,1e-06,0.0,0.0,1.0,0.0,0.0005,exchangeInfo.quotePrecision/baseSizePrecision/quoteAmountPrecision,1,False,0.845535336436733,0.23370025402201522,0.6210838272650296,64.7686263998713
mexc,SXPUSDT,SXP-USDT,SXP,USDT,True,1,True,0.005774,158269.689005,24731478.29,0.005768,2494.88,0.005781,240.75,22.512771668542715,1.3917757499999999,1e-06,1.0,1.0,1.0,0.0,0.0005,exchangeInfo.quotePrecision/baseSizePrecision/quoteAmountPrecision,1,False,0.803639441388066,0.68077900084674,0.17612193056731584,64.74208290885845
mexc,CHRUSDT,CHR-USDT,CHR,USDT,True,1,True,0.01509,164211.84251,10983718.37,0.01508,86.9,0.01511,87.82,19.874130506790667,1.310452,1e-05,0.0,0.0,1.0,0.0,0.0005,exchangeInfo.quotePrecision/baseSizePrecision/quoteAmountPrecision,1,False,0.8070249682606856,0.7082980524978831,0.12235393734123624,64.54090331360952
mexc,AIXTUSDT,AIXT-USDT,AIXT,USDT,True,1,True,0.08617,109077.16382,1298884.82,0.08632,11.72,0.08637,11.71,5.79072326133631,1.0113927,1e-05,0.0,0.0,1.0,0.0,0.0005,exchangeInfo.quotePrecision/baseSizePrecision/quoteAmountPrecision,1,False,0.7405840033855269,0.9132091447925487,0.04276037256562235,64.41755625733015
mexc,AIXDROPUSDT,AIXDROP-USDT,AIXDROP,USDT,True,1,True,0.00016735,197807.08754981,1181379980.22,0.00016761,14289.61,0.0001682,11890.6,35.13891784044505,1.99999892,1e-08,0.0,0.0,1.0,0.0,0.0005,exchangeInfo.quotePrecision/baseSizePrecision/quoteAmountPrecision,1,False,0.8362251375370292,0.544030482641829,0.24005080440304827,64.3941607186433
mexc,SPCMUSDT,SPCM-USDT,SPCM,USDT,True,1,True,0.0002233,300091.1969107,1312930481.78,0.0002228,31656.81,0.0002242,201712.0,62.63982102908308,7.053137268,1e-07,0.0,0.0,1.0,0.0,0.0005,exchangeInfo.quotePrecision/baseSizePrecision/quoteAmountPrecision,1,False,0.8823529411764706,0.24809483488569006,0.48179508890770534,64.36768441500224
mexc,ZSWAPUSDT,ZSWAP-USDT,ZSWAP,USDT,True,1,True,0.003435,806211.38549,206049252.96,0.003408,1613.84,0.003439,1599.3,90.55060610486404,5.49996672,1e-06,0.0,0.0,1.0,0.0,0.0005,exchangeInfo.quotePrecision/baseSizePrecision/quoteAmountPrecision,1,False,0.946677951756242,0.14606265876375957,0.43226079593564776,64.36406973440026
mexc,COPXONUSDT,COPXON-USDT,COPXON,USDT,True,1,True,68.35,72307.15,1015.15,68.29,0.09,68.36,2.15,10.245151847785316,6.146100000000001,0.01,0.0,0.0,1.0,0.0,0.0005,exchangeInfo.quotePrecision/baseSizePrecision/quoteAmountPrecision,1,False,0.6220905628438426,0.8395427603725656,0.45512277730736667,64.30600551187283
mexc,TICSUSDT,TICS-USDT,TICS,USDT,True,1,True,0.01395,122744.71823,8176326.14,0.01391,817.53,0.01397,7205.25,43.04160688665659,11.3718423,1e-05,0.0,0.0,1.0,0.0,0.0005,exchangeInfo.quotePrecision/baseSizePrecision/quoteAmountPrecision,1,False,0.7655522640710961,0.43183742591024554,0.5698560541913632,64.2984312554937
mexc,ETHWUSDT,ETHW-USDT,ETHW,USDT,True,1,True,0.2552,72179.7279,276358.6406,0.2551,106.1665,0.2554,27.6418,11.753183153771696,7.059715720000001,0.0001,0.0001,0.0001,1.0,0.0,0.0005,exchangeInfo.quotePrecision/baseSizePrecision/quoteAmountPrecision,1,False,0.6212441811256877,0.8187976291278578,0.48221845893310755,64.28273986877142
mexc,SOPHUSDT,SOPH-USDT,SOPH,USDT,True,1,True,0.00798,101751.409911,12281303.7,0.007983,165.53,0.00799,222.38,8.764790584110763,1.32142599,1e-06,0.0,0.0,1.0,0.0,0.0005,exchangeInfo.quotePrecision/baseSizePrecision/quoteAmountPrecision,1,False,0.7240795598815065,0.8636748518204911,0.14309906858594412,64.27822846071402
mexc,SAPIENUSDT,SAPIEN-USDT,SAPIEN,USDT,True,1,True,0.06638,88098.10227,1273475.18,0.06635,30.1,0.0664,2219.04,7.532956685498229,1.9971350000000003,1e-05,0.0,0.0,1.0,0.0,0.0005,exchangeInfo.quotePrecision/baseSizePrecision/quoteAmountPrecision,1,False,0.6821836648328397,0.880186282811177,0.23708721422523285,64.26650292059026
mexc,IXSUSDT,IXS-USDT,IXS,USDT,True,1,True,0.067,100068.2286,1498538.25,0.0667,2439.64,0.0671,4144.43,59.79073243647406,162.723988,0.0001,0.01,0.01,1.0,0.0,0.0005,exchangeInfo.quotePrecision/baseSizePrecision/quoteAmountPrecision,1,False,0.71688531527719,0.27011007620660454,0.9017781541066893,64.21700732754435
mexc,GLMRUSDT,GLMR-USDT,GLMR,USDT,True,1,True,0.01033,80293.21625,7592098.88,0.01031,1763.56,0.01034,4515.66,29.055690072639717,18.182303599999997,1e-05,0.0001,0.0001,1.0,0.0,0.0005,exchangeInfo.quotePrecision/baseSizePrecision/quoteAmountPrecision,1,False,0.6563690224291155,0.611346316680779,0.6401354784081287,64.18666371878341
mexc,HOTUSDT,HOT-USDT,HOT,USDT,True,1,True,0.0004124,106062.4306002,252787580.93,0.0004121,975452.08,0.0004127,3970.23,14.548981571290364,1.638513921,1e-07,0.0001,0.0001,1.0,0.0,0.0005,exchangeInfo.quotePrecision/baseSizePrecision/quoteAmountPrecision,1,False,0.735928903935675,0.7768839966130399,0.21295512277730735,64.15729208733427
mexc,PIVXUSDT,PIVX-USDT,PIVX,USDT,True,1,True,0.08321,107818.32008,1265852.73,0.0832,316.8,0.08332,18.03,14.41268316118292,1.5022596000000001,1e-05,0.0,0.0,1.0,0.0,0.0005,exchangeInfo.quotePrecision/baseSizePrecision/quoteAmountPrecision,1,False,0.7384680490901396,0.7798475867908552,0.19983065198983913,64.10854540952585
mexc,NEIROCTOUSDT,NEIROCTO-USDT,NEIROCTO,USDT,True,1,True,5.469e-05,60477.58532461,1073077564.15,5.478e-05,2964459.2,5.479e-05,176000.0,1.8253171488549054,9.643040000000001,1e-08,0.0,0.0,1.0,0.0,0.0005,exchangeInfo.quotePrecision/baseSizePrecision/quoteAmountPrecision,1,False,0.5264494286923402,0.9758679085520745,0.5355630821337849,64.06267793455628
mexc,MAPUSDT,MAP-USDT,MAP,USDT,True,1,True,0.00224,84140.08886,37778471.68,0.00224,37733.03,0.00225,422934.99,44.54342984409812,84.52198719999998,1e-05,0.0,0.0,1.0,0.0,0.0005,exchangeInfo.quotePrecision/baseSizePrecision/quoteAmountPrecision,1,False,0.6716038933559035,0.41363251481795094,0.8386960203217613,64.0529474114587
mexc,PROPCUSDT,PROPC-USDT,PROPC,USDT,True,1,True,0.10595,173469.98297,1631615.11,0.10571,12.4,0.10596,1699.09,23.621675249208696,1.310804,1e-05,0.0,0.0,1.0,0.0,0.0005,exchangeInfo.quotePrecision/baseSizePrecision/quoteAmountPrecision,1,False,0.8154887854422345,0.6685012701100762,0.12320067739204064,64.02842849991562
mexc,CUDISUSDT,CUDIS-USDT,CUDIS,USDT,True,1,True,0.007903,68093.328508,8455685.52,0.007895,2143.39,0.007909,5000.0,17.717033662364116,16.922064049999996,1e-06,0.0,0.0,1.0,0.0,0.0005,exchangeInfo.quotePrecision/baseSizePrecision/quoteAmountPrecision,1,False,0.5988150655945832,0.7375105842506351,0.6316680779000847,64.00595477196966
mexc,FIOUSDT,FIO-USDT,FIO,USDT,True,1,True,0.005629,99778.32514,17330910.23,0.005627,233.19,0.005631,233.11,7.106057914371404,1.31216013,1e-06,0.001,0.001,1.0,0.0,0.0005,exchangeInfo.quotePrecision/baseSizePrecision/quoteAmountPrecision,1,False,0.7143461701227254,0.88653683319221,0.12743437764606266,64.00114773947641
mexc,IRONUSDT,IRON-USDT,IRON,USDT,True,1,True,0.06012,100054.86879,1657267.5,0.06012,1018.66,0.06014,1.0,3.3261267254281033,0.06014,1e-05,0.0,0.0,1.0,0.0,0.0005,exchangeInfo.quotePrecision/baseSizePrecision/quoteAmountPrecision,1,False,0.7164621244181125,0.9589331075359865,0.020745131244707875,63.793647156290014
mexc,FAVEUSDT,FAVE-USDT,FAVE,USDT,True,1,True,0.03997,105342.74868,2638924.8,0.03997,0.01,0.03999,25.29,5.002501250625109,0.0003997,1e-05,0.0,0.0,1.0,0.0,0.0005,exchangeInfo.quotePrecision/baseSizePrecision/quoteAmountPrecision,1,False,0.7342361404993653,0.9246401354784082,0.007620660457239628,63.65140432357009
mexc,TURTLEUSDT,TURTLE-USDT,TURTLE,USDT,True,1,True,0.03904,72893.0516,1814670.53,0.039,400.0,0.03909,400.0,23.05032654629269,15.6,1e-05,0.0,0.0,1.0,0.0,0.0005,exchangeInfo.quotePrecision/baseSizePrecision/quoteAmountPrecision,1,False,0.6250528988573847,0.674428450465707,0.6202370872142252,63.64336244308334
mexc,TPTUUSDT,TPTU-USDT,TPTU,USDT,True,1,True,0.06817,88424.16345,1285611.07,0.06798,585.45,0.06826,467.51,41.10393423370559,31.9122326,1e-05,0.0,0.0,1.0,0.0,0.0005,exchangeInfo.quotePrecision/baseSizePrecision/quoteAmountPrecision,1,False,0.6830300465509945,0.4631668077900085,0.7235393734123624,63.61661022330216
mexc,VTHOUSDT,VTHO-USDT,VTHO,USDT,True,1,True,0.0005355,107822.7670452,198723655.11,0.0005351,2630.6,0.0005359,3692.0,14.939309056954455,1.4076340600000001,1e-07,5.0,5.0,1.0,0.0,0.0005,exchangeInfo.quotePrecision/baseSizePrecision/quoteAmountPrecision,1,False,0.7388912399492171,0.7713801862828111,0.18289585097375105,63.581439873752245
mexc,DOGUSDT,DOG-USDT,DOG,USDT,True,1,True,0.000745,114900.6721673,154238581.56,0.0007409,60871.95,0.0007453,423199.2,59.211411653882365,45.10002775499999,1e-07,0.0,0.0,1.0,0.0,0.0005,exchangeInfo.quotePrecision/baseSizePrecision/quoteAmountPrecision,1,False,0.7503173931443081,0.27476714648602873,0.7705334462320068,63.547304209727805
mexc,CITYUSDT,CITY-USDT,CITY,USDT,True,1,True,0.5114,118887.4394,231728.26,0.5111,2.65,0.512,241.66,17.59358811455404,1.354415,0.0001,0.01,0.01,1.0,0.0,0.0005,exchangeInfo.quotePrecision/baseSizePrecision/quoteAmountPrecision,1,False,0.7600507829030893,0.7392040643522438,0.16003386960203217,63.48357206051665
mexc,ALGOUSDC,ALGO-USDC,ALGO,USDC,True,1,True,0.08138,96830.46062,1185152.04,0.08131,132.48,0.0816,598.19,35.60247989687711,10.771948799999999,1e-05,0.0001,0.0001,1.0,0.0,0.0,exchangeInfo.quotePrecision/baseSizePrecision/quoteAmountPrecision,1,False,0.7046127803639441,0.5376799322607959,0.5639288738357324,63.47427870325147
mexc,CLONEUSDT,CLONE-USDT,CLONE,USDT,True,1,True,0.00572,96544.514484,16926658.02,0.005719,5504.57,0.005723,229.36,6.991784653032098,1.31262728,1e-06,0.0,0.0,1.0,0.0,0.0005,exchangeInfo.quotePrecision/baseSizePrecision/quoteAmountPrecision,1,False,0.7037663986457893,0.8878069432684166,0.12785774767146485,63.45948046065813
mexc,ROAMUSDT,ROAM-USDT,ROAM,USDT,True,1,True,0.0403,98748.91375,2397681.08,0.04021,133.32,0.0403,103.2,22.35747112159975,4.15896,1e-05,0.0,0.0,1.0,0.0,0.0005,exchangeInfo.quotePrecision/baseSizePrecision/quoteAmountPrecision,1,False,0.709267879813796,0.6824724809483489,0.3691786621507197,63.4551186564819
mexc,BONEUSDT,BONE-USDT,BONE,USDT,True,1,True,0.06026,73085.52982,1226658.66,0.06005,5991.63,0.0603,1909.29,41.545492314083965,115.13018699999999,1e-05,0.01,0.01,1.0,0.0,0.0005,exchangeInfo.quotePrecision/baseSizePrecision/quoteAmountPrecision,1,False,0.6258992805755396,0.4555461473327689,0.8806096528365792,63.42530717170549
mexc,EDUUSDT,EDU-USDT,EDU,USDT,True,1,True,0.06225,117618.64432,1811756.97,0.06219,27.57,0.06232,26.87,20.88185687896525,1.6745384,1e-05,0.0,0.0,1.0,0.0,0.0005,exchangeInfo.quotePrecision/baseSizePrecision/quoteAmountPrecision,1,False,0.7575116377486246,0.6981371718882303,0.21507197290431837,63.41800883146649
mexc,XTERUSDT,XTER-USDT,XTER,USDT,True,1,True,0.02058,212637.41606,9450445.94,0.0205,840.48,0.02067,889.93,82.58440612096187,17.22984,1e-05,0.0,0.0,1.0,0.0,0.0005,exchangeInfo.quotePrecision/baseSizePrecision/quoteAmountPrecision,1,False,0.8463817181548878,0.1651143099068586,0.6346316680779001,63.3714856077483
mexc,BICOUSDT,BICO-USDT,BICO,USDT,True,1,True,0.02034,112158.23702,5330460.61,0.02034,65.41,0.02037,65.38,14.738393515106255,1.3304394,1e-05,0.1,0.1,1.0,0.0,0.0005,exchangeInfo.quotePrecision/baseSizePrecision/quoteAmountPrecision,1,False,0.7456622936944562,0.7747671464860288,0.14860287891617274,63.35266239366927
mexc,ONEUSDT,ONE-USDT,ONE,USDT,True,1,True,0.00211,156820.608477,71694597.5,0.002106,622.78,0.002111,622.19,23.713540431587525,1.3115746799999999,1e-06,0.001,0.001,1.0,0.0,0.0005,exchangeInfo.quotePrecision/baseSizePrecision/quoteAmountPrecision,1,False,0.8023698688108337,0.6672311600338696,0.12489415749364945,63.30900493531559
mexc,ARMONUSDT,ARMON-USDT,ARMON,USDT,True,1,True,142.81,71783.44,485.403,142.73,1.741,143.24,0.38,35.668077071022786,54.431200000000004,0.01,0.0,0.0,1.0,0.0,0.0005,exchangeInfo.quotePrecision/baseSizePrecision/quoteAmountPrecision,1,False,0.6199746085484553,0.5368331922099916,0.7891617273497037,63.30266782240891
mexc,SLPUSDT,SLP-USDT,SLP,USDT,True,1,True,0.0005796,113582.7450551,193013281.0,0.0005788,2667.0,0.0005799,44988.0,18.986795546732935,1.5436596,1e-07,0.0001,0.0001,1.0,0.0,0.0005,exchangeInfo.quotePrecision/baseSizePrecision/quoteAmountPrecision,1,False,0.7482014388489209,0.7209991532599491,0.20618120237087215,63.29968201560682
mexc,ALTLAYERUSDT,ALTLAYER-USDT,ALTLAYER,USDT,True,1,True,0.006289,144052.6569,22337986.02,0.00628,58640.0,0.006291,190.75,17.500596611247676,1.20000825,1e-06,0.0,0.0,1.0,0.0,0.0005,exchangeInfo.quotePrecision/baseSizePrecision/quoteAmountPrecision,1,False,0.7875581887431231,0.7408975444538526,0.07239627434377646,63.28606447909362
mexc,TWTUSDT,TWT-USDT,TWT,USDT,True,1,True,0.4286,101746.0332,222522.33,0.4279,3.11,0.4284,19.2,11.678150181011336,1.3307689999999999,0.0001,1.0,1.0,1.0,0.0,0.0005,exchangeInfo.quotePrecision/baseSizePrecision/quoteAmountPrecision,1,False,0.7236563690224291,0.81922099915326,0.14902624894157493,63.26215025389661
mexc,FORTUSDT,FORT-USDT,FORT,USDT,True,1,True,0.01316,85560.8999,6368953.42,0.01316,10957.1,0.01323,24436.64,53.05039787798455,144.195436,1e-05,0.01,0.01,1.0,0.0,0.0005,exchangeInfo.quotePrecision/baseSizePrecision/quoteAmountPrecision,1,False,0.6762589928057554,0.32641828958509733,0.8950042337002541,63.25478651794907
mexc,COTIUSDT,COTI-USDT,COTI,USDT,True,1,True,0.01212,66625.05416,5365546.29,0.0121,2500.0,0.01213,12226.0,24.76269087907595,30.25,1e-05,0.01,0.01,1.0,0.0,0.0005,exchangeInfo.quotePrecision/baseSizePrecision/quoteAmountPrecision,1,False,0.5907744392721117,0.657493649449619,0.7159187129551228,63.24830965530908
mexc,OBOLUSDT,OBOL-USDT,OBOL,USDT,True,1,True,0.01389,61434.12646,4355384.4,0.01388,829.07,0.01389,828.47,7.202016564637805,11.5074483,1e-05,0.0,0.0,1.0,0.0,0.0005,exchangeInfo.quotePrecision/baseSizePrecision/quoteAmountPrecision,1,False,0.539568345323741,0.8848433530906012,0.5711261642675699,63.219866105422184
mexc,GRIFFAINUSDT,GRIFFAIN-USDT,GRIFFAIN,USDT,True,1,True,0.010595,89629.666453,8269435.07,0.010584,14364.0,0.010607,496.0,21.707328582889385,5.261072,1e-06,0.0,0.0,1.0,0.0,0.0005,exchangeInfo.quotePrecision/baseSizePrecision/quoteAmountPrecision,1,False,0.6859923825645367,0.6883996613039797,0.41320914479254867,63.20375546949999
mexc,LISTAUSDT,LISTA-USDT,LISTA,USDT,True,1,True,0.08342,110509.72799,1339850.08,0.08333,29.13,0.08352,37.64,22.774947557686033,2.4274029,1e-05,0.0,0.0,1.0,0.0,0.0005,exchangeInfo.quotePrecision/baseSizePrecision/quoteAmountPrecision,1,False,0.7422767668218366,0.6773920406435224,0.2713801862828112,63.187626916945305
mexc,ZKJUSDT,ZKJ-USDT,ZKJ,USDT,True,1,True,0.01957,62286.4524,3081165.06,0.01957,1278.29,0.0196,1276.33,15.317845289761951,25.016067999999997,1e-05,0.0,0.0,1.0,0.0,0.0005,exchangeInfo.quotePrecision/baseSizePrecision/quoteAmountPrecision,1,False,0.5493017350825222,0.7667231160033869,0.6892464013547841,63.16460135671909
mexc,APEUSDC,APE-USDC,APE,USDC,True,1,True,0.08554,84332.7242,962455.13,0.08553,1168.59,0.08589,400.6,42.00210010500516,34.407534,1e-05,1e-06,1e-06,1.0,0.0,0.0,exchangeInfo.quotePrecision/baseSizePrecision/quoteAmountPrecision,1,False,0.6732966567922133,0.4483488569009314,0.7366638441998307,62.973314430091634
mexc,NOBODYUSDT,NOBODY-USDT,NOBODY,USDT,True,1,True,0.003133,99239.586636,31825992.99,0.00313,19340.88,0.003147,80424.12,54.16600286761221,60.5369544,1e-06,0.0,0.0,1.0,0.0,0.0005,exchangeInfo.quotePrecision/baseSizePrecision/quoteAmountPrecision,1,False,0.7109606432501058,0.3141405588484335,0.7993226079593565,62.94280150915379
mexc,JOEUSDT,JOE-USDT,JOE,USDT,True,1,True,0.03703,95192.08921,2432454.02,0.03702,36.0,0.03705,35.43,8.100445524504455,1.3126815,1e-05,0.1,0.1,1.0,0.0,0.0005,exchangeInfo.quotePrecision/baseSizePrecision/quoteAmountPrecision,1,False,0.7008040626322471,0.8725656223539373,0.12870448772226925,62.93245375806741
mexc,MPONUSDT,MPON-USDT,MPON,USDT,True,1,True,51.93,62937.47,1211.24,51.89,7.73,51.97,0.37,15.405353360292374,19.2289,0.01,0.0,0.0,1.0,0.0,0.0005,exchangeInfo.quotePrecision/baseSizePrecision/quoteAmountPrecision,1,False,0.5594583157003808,0.7654530059271804,0.6511430990685859,62.92939449307218
mexc,WHITEWHALEUSDT,WHITEWHALE-USDT,WHITEWHALE,USDT,True,1,True,0.01198,173066.79152,13325000.73,0.01197,1363.32,0.01205,5539.0,66.61115736885947,16.3189404,1e-05,0.0,0.0,1.0,0.0,0.0005,exchangeInfo.quotePrecision/baseSizePrecision/quoteAmountPrecision,1,False,0.8146424037240796,0.2214225232853514,0.628281117696867,62.90651764089551
mexc,OBTUSDT,OBT-USDT,OBT,USDT,True,1,True,0.001095,506438.790064,480643463.99,0.001092,1688.85,0.001098,7064.6,54.79452054794456,1.8442242,1e-06,0.0,0.0,1.0,0.0,0.0005,exchangeInfo.quotePrecision/baseSizePrecision/quoteAmountPrecision,1,False,0.9187473550571308,0.30990685859441147,0.22692633361558,62.81730266531409
mexc,INXUSDT,INX-USDT,INX,USDT,True,1,True,0.01135,92559.95752,8032470.58,0.01134,2336.46,0.01136,269.22,17.62114537445015,3.0583392000000003,1e-05,0.0,0.0,1.0,0.0,0.0005,exchangeInfo.quotePrecision/baseSizePrecision/quoteAmountPrecision,1,False,0.6919170545916208,0.7387806943268417,0.3141405588484335,62.80776653767886
mexc,MBOXUSDT,MBOX-USDT,MBOX,USDT,True,1,True,0.01475,201356.38612,13129422.69,0.01472,108.79,0.01477,88.9,33.90979993218019,1.313053,1e-05,0.0001,0.0001,1.0,0.0,0.0005,exchangeInfo.quotePrecision/baseSizePrecision/quoteAmountPrecision,1,False,0.8408802369868811,0.5567315834038951,0.13166807790008467,62.800064177377536
mexc,SWFTCUSDT,SWFTC-USDT,SWFTC,USDT,True,1,True,0.003709,130568.078484,36326381.27,0.003697,3230.12,0.003716,9630.0,51.261297720221016,11.94175364,1e-06,0.0,0.0,1.0,0.0,0.0005,exchangeInfo.quotePrecision/baseSizePrecision/quoteAmountPrecision,1,False,0.7757088446889547,0.34250635055038103,0.5770533446232007,62.76771211411606
mexc,GAIBUSDT,GAIB-USDT,GAIB,USDT,True,1,True,0.02461,170864.65374,7745337.1,0.02456,477.53,0.02471,771.13,60.88897909478419,11.728136799999998,1e-05,0.0,0.0,1.0,0.0,0.0005,exchangeInfo.quotePrecision/baseSizePrecision/quoteAmountPrecision,1,False,0.8129496402877698,0.2612193056731583,0.5745131244707875,62.73297534707205
mexc,ASTRAIUSDT,ASTRAI-USDT,ASTRAI,USDT,True,1,True,4.1537,755242.1989,169151.57,4.1166,1.3,4.1669,18.21,121.44624856642727,5.35158,0.0001,0.0,0.0,1.0,0.0,0.0005,exchangeInfo.quotePrecision/baseSizePrecision/quoteAmountPrecision,1,False,0.9424460431654677,0.10076206604572391,0.4178662150719729,62.71090832668329
mexc,CRMONUSDT,CRMON-USDT,CRMON,USDT,True,1,True,179.14,59564.84,327.444,178.91,1.745,179.37,1.266,25.67824048230479,227.08242,0.01,0.0,0.0,1.0,0.0,0.0005,exchangeInfo.quotePrecision/baseSizePrecision/quoteAmountPrecision,1,False,0.5116377486246297,0.644792548687553,0.9191363251481796,62.64261639450706
mexc,HIGHUSDT,HIGH-USDT,HIGH,USDT,True,1,True,0.1206,93515.473,757232.881,0.1203,42.529,0.1206,47.084,24.906600249065566,5.1162387,0.0001,0.001,0.001,1.0,0.0,0.0005,exchangeInfo.quotePrecision/baseSizePrecision/quoteAmountPrecision,1,False,0.6948793906051629,0.6532599491955969,0.4038950042337002,62.627765297847894
mexc,OORTUSDT,OORT-USDT,OORT,USDT,True,1,True,0.00699,148662.65398,21153599.53,0.00698,200.07,0.007,3464.31,28.612303290414957,1.3964886,1e-05,0.0,0.0,1.0,0.0,0.0005,exchangeInfo.quotePrecision/baseSizePrecision/quoteAmountPrecision,1,False,0.7926364790520525,0.6168501270110076,0.17823878069432683,62.58103513702462
mexc,TRUSTUSDT,TRUST-USDT,TRUST,USDT,True,1,True,0.06244,69249.92098,1063622.97,0.06224,1138.0,0.06247,8464.49,36.885574532916536,70.82912,1e-05,0.0,0.0,1.0,0.0,0.0005,exchangeInfo.quotePrecision/baseSizePrecision/quoteAmountPrecision,1,False,0.6047397376216673,0.5186282811176969,0.8175275190516511,62.576942978167146
mexc,KLACONUSDT,KLACON-USDT,KLACON,USDT,True,1,True,1437.99,65232.57,44.974,1437.69,0.256,1443.53,0.2263,40.53838304607019,326.670839,0.01,0.0,0.0,1.0,0.0,0.0005,exchangeInfo.quotePrecision/baseSizePrecision/quoteAmountPrecision,1,False,0.577655522640711,0.4703640982218459,0.945385266723116,62.43786153524758
mexc,PENGUUSDC,PENGU-USDC,PENGU,USDC,True,1,True,0.006412,60473.079079,9178799.72,0.006399,687941.33,0.00642,78283.2,32.763866136204356,502.578144,1e-06,0.0,0.0,1.0,0.0,0.0,exchangeInfo.quotePrecision/baseSizePrecision/quoteAmountPrecision,1,False,0.5260262378332629,0.5690093141405588,0.9640135478408128,62.436946891159685
mexc,U2UUSDT,U2U-USDT,U2U,USDT,True,1,True,0.0004404,94688.7480939,203519828.54,0.0004385,138651.02,0.0004394,7230.69,20.503474199795466,3.177165186,1e-07,0.0,0.0,1.0,0.0,0.0005,exchangeInfo.quotePrecision/baseSizePrecision/quoteAmountPrecision,1,False,0.6986881083368599,0.7023708721422524,0.32176121930567314,62.42234214819706
mexc,ENAUSDE,ENA-USDE,ENA,USDE,True,1,True,0.08907,183217.31411,1978606.24,0.08891,468.27,0.08923,15.95,35.92679914673861,1.4232185,1e-05,0.0,0.0,1.0,0.0,0.0,exchangeInfo.quotePrecision/baseSizePrecision/quoteAmountPrecision,1,False,0.8247989843419382,0.5317527519051651,0.18797629127857748,62.41728876200728
mexc,LUMIUSDT,LUMI-USDT,LUMI,USDT,True,1,True,0.00191,122178.480857,64541152.81,0.001895,13530.67,0.001904,4954.87,47.380889707818426,9.434072480000001,1e-06,0.0,0.0,1.0,0.0,0.0005,exchangeInfo.quotePrecision/baseSizePrecision/quoteAmountPrecision,1,False,0.7651290732120186,0.384419983065199,0.5330228619813717,62.35305584291844
mexc,RADUSDT,RAD-USDT,RAD,USDT,True,1,True,0.2135,116275.6409,536386.98,0.2132,215.45,0.2137,7.14,23.42468962286252,1.525818,0.0001,0.001,0.001,1.0,0.0,0.0005,exchangeInfo.quotePrecision/baseSizePrecision/quoteAmountPrecision,1,False,0.7532797291578502,0.670194750211685,0.20448772226926334,62.27500830435915
mexc,CAUSDT,CA-USDT,CA,USDT,True,1,True,0.25201,74704.39378,296887.48,0.25179,27.59,0.25229,280.98,19.838120933185223,6.9468861,1e-05,0.0,0.0,1.0,0.0,0.0005,exchangeInfo.quotePrecision/baseSizePrecision/quoteAmountPrecision,1,False,0.6352094794752433,0.7095681625740897,0.47883149872988995,62.25235541008842
mexc,VRUSDT,VR-USDT,VR,USDT,True,1,True,0.001618,271896.28342,166708379.14,0.001604,9400.0,0.001627,14851.9,142.37078303930684,15.0776,1e-06,0.0,0.0,1.0,0.0,0.0005,exchangeInfo.quotePrecision/baseSizePrecision/quoteAmountPrecision,1,False,0.8721963605586119,0.07874682472480954,0.615580016934801,62.251070787539916
mexc,DTECUSDT,DTEC-USDT,DTEC,USDT,True,1,True,0.00711,68792.955952,9674354.09,0.007104,1577.21,0.007116,1187.62,16.87763713080149,8.45110392,1e-06,0.0,0.0,1.0,0.0,0.0005,exchangeInfo.quotePrecision/baseSizePrecision/quoteAmountPrecision,1,False,0.6022005924672027,0.7489415749364945,0.519051651143099,62.225604981970505
mexc,BMNRONUSDT,BMNRON-USDT,BMNRON,USDT,True,1,True,18.55,65478.0,3475.45,18.52,15.26,18.58,3.01,32.345013477088266,55.92579999999999,0.01,0.0,0.0,1.0,0.0,0.0005,exchangeInfo.quotePrecision/baseSizePrecision/quoteAmountPrecision,1,False,0.581464240372408,0.5770533446232007,0.7908552074513124,62.223970985088705
mexc,AURUSDT,AUR-USDT,AUR,USDT,True,1,True,0.2633,59717.41,225879.94,0.2629,133.12,0.2633,2147.68,15.203344735840211,34.997248000000006,0.0001,0.0001,0.0001,1.0,0.0,0.0005,exchangeInfo.quotePrecision/baseSizePrecision/quoteAmountPrecision,1,False,0.5133305120609395,0.7671464860287891,0.7383573243014394,62.17898680010019
mexc,CONUSDT,CON-USDT,CON,USDT,True,1,True,108.07,65187.27,592.7,107.86,3.14,108.25,0.88,36.09273055388465,95.26,0.01,0.0,0.0,1.0,0.0,0.0005,exchangeInfo.quotePrecision/baseSizePrecision/quoteAmountPrecision,1,False,0.5768091409225561,0.5287891617273497,0.8611346316680779,62.166924427285885
mexc,TURBOUSDC,TURBO-USDC,TURBO,USDC,True,1,True,0.0010021,73191.7801491,72177657.56,0.0010007,399520.43,0.0010055,203269.55,47.85165985445236,204.387532525,1e-07,0.0,0.0,1.0,0.0,0.0,exchangeInfo.quotePrecision/baseSizePrecision/quoteAmountPrecision,1,False,0.6263224714346171,0.3797629127857748,0.9102455546147333,62.14671984084297
mexc,MXEUR,MX-EUR,MX,EUR,True,1,True,1.5471,130139.3808,83830.46,1.545,1.54,1.5484,0.84,21.982284864550785,1.300656,0.0001,0.0,0.0,1.0,0.0,0.0,exchangeInfo.quotePrecision/baseSizePrecision/quoteAmountPrecision,1,False,0.7744392721117224,0.6858594411515665,0.11896697713801863,62.11998553769427
mexc,WLDUSDC,WLD-USDC,WLD,USDC,True,1,True,0.2486,60865.2565,228976.55,0.2483,8643.33,0.2492,3768.22,36.180904522613545,939.0404239999999,0.0001,0.0,0.0,1.0,0.0,0.0,exchangeInfo.quotePrecision/baseSizePrecision/quoteAmountPrecision,1,False,0.531950909860347,0.5270956816257408,0.9805249788314987,62.04519165959258
mexc,KTAUSDT,KTA-USDT,KTA,USDT,True,1,True,0.1412,83338.5516,591390.31,0.1409,208.21,0.1415,14174.0,42.49291784702474,29.336789,0.0001,0.0,0.0,1.0,0.0,0.0005,exchangeInfo.quotePrecision/baseSizePrecision/quoteAmountPrecision,1,False,0.6682183664832839,0.4424216765453006,0.709991532599492,62.01238272220297
mexc,FIGONUSDT,FIGON-USDT,FIGON,USDT,True,1,True,20.11,65144.25,3126.52,20.09,2.01,20.15,2.02,29.82107355864748,40.3809,0.01,0.0,0.0,1.0,0.0,0.0005,exchangeInfo.quotePrecision/baseSizePrecision/quoteAmountPrecision,1,False,0.5759627592044012,0.6033022861981372,0.7565622353937341,61.89175361907018
mexc,ENSUSDC,ENS-USDC,ENS,USDC,True,1,True,5.594,75609.053,13333.45,5.593,0.34,5.597,16.22,7.149240393209022,1.90162,0.001,0.0001,0.0001,1.0,0.0,0.0,exchangeInfo.quotePrecision/baseSizePrecision/quoteAmountPrecision,1,False,0.637748624629708,0.8861134631668078,0.22988992379339543,61.826809409672045
mexc,AMATONUSDT,AMATON-USDT,AMATON,USDT,True,1,True,338.48,64974.01,191.455,338.02,0.954,339.43,1.032,41.626688316481655,322.47108,0.01,0.0,0.0,1.0,0.0,0.0005,exchangeInfo.quotePrecision/baseSizePrecision/quoteAmountPrecision,1,False,0.5746931866271688,0.4530059271803556,0.9441151566469094,61.81557657694137
mexc,GGBRUSDT,GGBR-USDT,GGBR,USDT,True,1,True,4.508,99882.394,22341.0,4.492,23.9,4.513,3.77,46.64075513603534,17.01401,0.001,0.0,0.0,1.0,0.0,0.0005,exchangeInfo.quotePrecision/baseSizePrecision/quoteAmountPrecision,1,False,0.7151925518408803,0.3924640135478408,0.6333615580016935,61.81442184997831
mexc,TESTICLEUSDT,TESTICLE-USDT,TESTICLE,USDT,True,1,True,0.009525,80157.514741,8552976.73,0.009521,767.4,0.009546,3308.26,26.223317774165537,7.3064154,1e-06,0.0,0.0,1.0,0.0,0.0005,exchangeInfo.quotePrecision/baseSizePrecision/quoteAmountPrecision,1,False,0.6550994498518832,0.640558848433531,0.4877222692633362,61.79888633795858
mexc,TRXUSDE,TRX-USDE,TRX,USDE,True,1,True,0.3105,237452.1281,761050.44,0.3098,4.14,0.311,4492.38,38.659793814432305,1.282572,0.0001,0.0,0.0,1.0,0.0,0.0,exchangeInfo.quotePrecision/baseSizePrecision/quoteAmountPrecision,1,False,0.856961489631824,0.4966130397967824,0.1109229466553768,61.766666857777416
mexc,PEOPLEUSDT,PEOPLE-USDT,PEOPLE,USDT,True,1,True,0.006448,117276.406223,17969354.07,0.00644,186.34,0.006451,131571.04,17.06617019626053,1.2000296000000001,1e-06,0.0001,0.0001,1.0,0.0,0.0005,exchangeInfo.quotePrecision/baseSizePrecision/quoteAmountPrecision,1,False,0.7566652560304697,0.7459779847586792,0.07451312447078746,61.75630119005857
mexc,AIXBTUSDC,AIXBT-USDC,AIXBT,USDC,True,1,True,0.02309,99173.76565,4088521.09,0.02308,15998.56,0.02316,255.11,34.60207612456756,5.9083476,1e-05,0.0,0.0,1.0,0.0,0.0,exchangeInfo.quotePrecision/baseSizePrecision/quoteAmountPrecision,1,False,0.7105374523910284,0.5491109229466553,0.4458086367485182,61.72350569014331
mexc,CODEXUSDT,CODEX-USDT,CODEX,USDT,True,1,True,25.1066,280279.1542,11249.38,25.0867,0.04,25.1819,2.4,37.87652729536864,1.003468,0.0001,0.0,0.0,1.0,0.0,0.0005,exchangeInfo.quotePrecision/baseSizePrecision/quoteAmountPrecision,1,False,0.8768514600084638,0.5059271803556309,0.04149026248941575,61.7048150591446
mexc,BIDUONUSDT,BIDUON-USDT,BIDUON,USDT,True,1,True,108.55,58414.04,535.079,108.38,2.471,108.65,2.701,24.88135280836845,267.80698,0.01,0.0,0.0,1.0,0.0,0.0005,exchangeInfo.quotePrecision/baseSizePrecision/quoteAmountPrecision,1,False,0.4853999153618282,0.6545300592718035,0.9309906858594411,61.680060543884466
mexc,RTFUSDT,RTF-USDT,RTF,USDT,True,1,True,0.00797,74512.0484,9319516.08,0.00796,1199.57,0.00798,1187.7,25.09410288582081,9.477846,1e-05,0.0,0.0,1.0,0.0,0.0005,exchangeInfo.quotePrecision/baseSizePrecision/quoteAmountPrecision,1,False,0.6326703343207787,0.6481795088907705,0.5338696020321761,61.67874815055563
mexc,OMIUSDT,OMI-USDT,OMI,USDT,True,1,True,0.0001165,68394.2697444,588087335.09,0.0001163,138337.09,0.0001166,777782.16,25.762129669386628,16.088603567,1e-07,0.0,0.0,1.0,0.0,0.0005,exchangeInfo.quotePrecision/baseSizePrecision/quoteAmountPrecision,1,False,0.5996614473127381,0.6443691786621507,0.6248941574936494,61.58849221862736
mexc,XCNUSDT,XCN-USDT,XCN,USDT,True,1,True,0.0050366,84672.8049959,16218740.07,0.0050408,17389.94,0.0050689,99733.18,55.59017577178457,87.659209552,1e-07,0.001,0.001,1.0,0.0,0.0005,exchangeInfo.quotePrecision/baseSizePrecision/quoteAmountPrecision,1,False,0.6737198476512908,0.30355630821337853,0.8463166807790008,61.569832941735484
mexc,PUNCHUSDT,PUNCH-USDT,PUNCH,USDT,True,1,True,0.014195,213208.378013,19940589.34,0.014068,13998.0,0.014221,986.8,108.169253066562,14.033282799999999,1e-06,0.0,0.0,1.0,0.0,0.0005,exchangeInfo.quotePrecision/baseSizePrecision/quoteAmountPrecision,1,False,0.8476512907321202,0.11388653683319216,0.6049957662997459,61.56789973709134
mexc,JDONUSDT,JDON-USDT,JDON,USDT,True,1,True,28.72,56484.36,1948.96,28.72,5.1,28.75,7.89,10.440229685053469,146.47199999999998,0.01,0.0,0.0,1.0,0.0,0.0005,exchangeInfo.quotePrecision/baseSizePrecision/quoteAmountPrecision,1,False,0.41261108760050785,0.8365791701947503,0.8962743437764606,61.53357594842591
mexc,TELUSDT,TEL-USDT,TEL,USDT,True,1,True,0.002124,111180.948517,52532979.09,0.002112,23659.92,0.002127,108553.73,70.77140835102534,49.96975104,1e-06,0.0,0.0,1.0,0.0,0.0005,exchangeInfo.quotePrecision/baseSizePrecision/quoteAmountPrecision,1,False,0.7443927211172239,0.19983065198983907,0.779424216765453,61.52585029650235
mexc,PLAYUSDT,PLAY-USDT,PLAY,USDT,True,1,True,0.03663,103035.87953,2799292.32,0.03653,5069.23,0.03676,1117.0,62.76436075863039,41.06092,1e-05,0.0,0.0,1.0,0.0,0.0005,exchangeInfo.quotePrecision/baseSizePrecision/quoteAmountPrecision,1,False,0.7287346593313584,0.24682472480948348,0.7586790855207451,61.42460609387671
mexc,LAVAUSDT,LAVA-USDT,LAVA,USDT,True,1,True,0.02504,83356.92839,3190549.0,0.02504,42.25,0.02505,49.91,3.9928129367137526,1.0579399999999999,1e-05,0.0,0.0,1.0,0.0,0.0005,exchangeInfo.quotePrecision/baseSizePrecision/quoteAmountPrecision,1,False,0.6686415573423614,0.9466553767993227,0.04868755292125317,61.41542113223801
mexc,SHIDOUSDT,SHIDO-USDT,SHIDO,USDT,True,1,True,0.0001861,94305.1827408,498208232.23,0.0001858,100000.0,0.0001866,77520.0,42.96455424275078,14.465232,1e-07,0.0,0.0,1.0,0.0,0.0005,exchangeInfo.quotePrecision/baseSizePrecision/quoteAmountPrecision,1,False,0.6969953449005502,0.43310753598645213,0.6079593564775614,61.3216194987428
mexc,ULTIMAUSDC,ULTIMA-USDC,ULTIMA,USDC,True,1,True,3753.85,249644.49,66.5181,3725.04,0.034,3767.93,0.0027,114.48063985308863,10.173411,0.01,0.0,0.0,1.0,0.0,0.0,exchangeInfo.quotePrecision/baseSizePrecision/quoteAmountPrecision,1,False,0.8641557342361404,0.10753598645215923,0.5529212531752752,61.27539010779722
mexc,DVOUSDT,DVO-USDT,DVO,USDT,True,1,True,0.0007655,83471.6520937,108298022.03,0.0007654,5444.69,0.0007657,1223.92,3.9187512246105607,0.9371555440000001,1e-07,0.0,0.0,1.0,0.0,0.0005,exchangeInfo.quotePrecision/baseSizePrecision/quoteAmountPrecision,1,False,0.6690647482014388,0.947502116850127,0.03937341236240474,61.2735823195804
mexc,IBMONUSDT,IBMON-USDT,IBMON,USDT,True,1,True,239.14,58894.09,244.042,238.86,0.961,239.43,0.394,23.834911873549235,94.33542000000001,0.01,0.0,0.0,1.0,0.0,0.0005,exchangeInfo.quotePrecision/baseSizePrecision/quoteAmountPrecision,1,False,0.4980956411341515,0.6663844199830652,0.8598645215918713,61.252161193792396
mexc,THLUSDT,THL-USDT,THL,USDT,True,1,True,0.0156,104341.8471,6657993.38,0.0155,17234.15,0.0157,22723.77,128.20512820512744,267.129325,0.0001,0.0,0.0,1.0,0.0,0.0005,exchangeInfo.quotePrecision/baseSizePrecision/quoteAmountPrecision,1,False,0.732120186203978,0.09314140558848438,0.930567315834039,61.206491697611675
mexc,ESEUSDT,ESE-USDT,ESE,USDT,True,1,True,0.005647,96906.059043,17402555.92,0.005626,1242.97,0.005647,5270.38,37.257163133150335,6.99294922,1e-06,0.0,0.0,1.0,0.0,0.0005,exchangeInfo.quotePrecision/baseSizePrecision/quoteAmountPrecision,1,False,0.7050359712230215,0.5127011007620661,0.48010160880609654,61.19653811243978
mexc,MAVIAUSDT,MAVIA-USDT,MAVIA,USDT,True,1,True,0.0283,61413.97965,2142612.93,0.02827,2021.92,0.02834,1370.2,24.7306129659073,38.831468,1e-05,0.0,0.0,1.0,0.0,0.0005,exchangeInfo.quotePrecision/baseSizePrecision/quoteAmountPrecision,1,False,0.5391451544646636,0.6579170194750212,0.7510584250635055,61.12207748370214
mexc,GLDONUSDT,GLDON-USDT,GLDON,USDT,True,1,True,413.99,59898.06,145.94,413.95,0.013,414.06,0.032,2.6569727418754274,5.381349999999999,0.01,0.0,0.0,1.0,0.0,0.0005,exchangeInfo.quotePrecision/baseSizePrecision/quoteAmountPrecision,1,False,0.5175624206517139,0.9686706181202371,0.42167654530059273,61.116229494862054
mexc,RBNTUSDT,RBNT-USDT,RBNT,USDT,True,1,True,0.003848,61443.840642,15874125.56,0.003845,225977.76,0.003848,1739.0,7.799298063174222,6.691672,1e-06,0.0,0.0,1.0,0.0,0.0005,exchangeInfo.quotePrecision/baseSizePrecision/quoteAmountPrecision,1,False,0.5399915361828185,0.8767993226079593,0.4741744284504657,61.10300612426332
mexc,ARTXUSDT,ARTX-USDT,ARTX,USDT,True,1,True,0.12645,349292.56119,2784046.89,0.1263,235.48,0.12707,18.26,60.78067648103509,2.3202982,1e-05,0.0,0.0,1.0,0.0,0.0005,exchangeInfo.quotePrecision/baseSizePrecision/quoteAmountPrecision,1,False,0.8946254760897164,0.26206604572396275,0.264606265876376,61.048177645561
mexc,VSNUSDT,VSN-USDT,VSN,USDT,True,1,True,0.05127,64295.54653,1250629.06,0.05126,57.4,0.05128,70.25,3.900916715427967,2.9423239999999997,1e-05,0.0,0.0,1.0,0.0,0.0005,exchangeInfo.quotePrecision/baseSizePrecision/quoteAmountPrecision,1,False,0.5683453237410072,0.9487722269263337,0.3005927180355631,60.990152839625
mexc,XVSUSDT,XVS-USDT,XVS,USDT,True,1,True,2.616,116317.3104,44466.561,2.6121,0.517,2.618,0.501,22.561710101145355,1.311618,0.0001,0.001,0.001,1.0,0.0,0.0005,exchangeInfo.quotePrecision/baseSizePrecision/quoteAmountPrecision,1,False,0.7537029200169276,0.6799322607959357,0.12531752751905165,60.95831767121045
mexc,MEMEUSDT,MEME-USDT,MEME,USDT,True,1,True,0.0005071,215711.6891957,399118860.18,0.000506,197778.77,0.000508,2515.07,39.44773175542288,1.2776555600000001,1e-07,0.0001,0.0001,1.0,0.0,0.0005,exchangeInfo.quotePrecision/baseSizePrecision/quoteAmountPrecision,1,False,0.8480744815911976,0.48348856900931414,0.1096528365791702,60.92436744433213
mexc,PANWONUSDT,PANWON-USDT,PANWON,USDT,True,1,True,147.84,68541.69,457.684,147.3,2.754,148.05,3.023,50.787201625190455,405.66420000000005,0.01,0.0,0.0,1.0,0.0,0.0005,exchangeInfo.quotePrecision/baseSizePrecision/quoteAmountPrecision,1,False,0.600507829030893,0.3488569009314141,0.9551227773073666,60.8518086661318
mexc,OFTUSDT,OFT-USDT,OFT,USDT,True,1,True,0.3366,90026.8508,265375.09,0.33,38.14,0.3302,0.01,6.058770069675188,0.003302,0.0001,0.0,0.0,1.0,0.0,0.0005,exchangeInfo.quotePrecision/baseSizePrecision/quoteAmountPrecision,1,False,0.6868387642826915,0.9068585944115156,0.013547840812870448,60.71855371209334
mexc,GOATEDUSDT,GOATED-USDT,GOATED,USDT,True,1,True,0.02077,63970.3441,3071478.75,0.02078,1593.58,0.02079,149.0,4.811161895597591,3.0977099999999997,1e-05,0.0,0.0,1.0,0.0,0.0005,exchangeInfo.quotePrecision/baseSizePrecision/quoteAmountPrecision,1,False,0.56622936944562,0.9292972057578324,0.31710414902624895,60.71712844397988
mexc,AMDONUSDT,AMDON-USDT,AMDON,USDT,True,1,True,200.65,60449.58,298.773,200.5,2.098,201.21,1.102,35.34888352293982,221.73342000000002,0.01,0.0,0.0,1.0,0.0,0.0005,exchangeInfo.quotePrecision/baseSizePrecision/quoteAmountPrecision,1,False,0.524333474396953,0.5406435224386114,0.9165961049957663,60.686351252713024
mexc,FRTUSDT,FRT-USDT,FRT,USDT,True,1,True,71.01,62433.42,881.54,71.16,0.49,71.29,0.19,18.25201825201961,13.545100000000001,0.01,0.0,0.0,1.0,0.0,0.0005,exchangeInfo.quotePrecision/baseSizePrecision/quoteAmountPrecision,1,False,0.5531104528142192,0.7303132938187976,0.5990685859441152,60.66027896913431
mexc,DOGSUSDT,DOGS-USDT,DOGS,USDT,True,1,True,2.605e-05,104299.49413688,3936814312.2,2.601e-05,95158.33,2.609e-05,41496941.43,30.710172744721394,2.4750681633,1e-08,0.0,0.0,1.0,0.0,0.0005,exchangeInfo.quotePrecision/baseSizePrecision/quoteAmountPrecision,1,False,0.7316969953449005,0.5952582557154953,0.275190516511431,60.62860146708553
mexc,TONIXAIUSDT,TONIXAI-USDT,TONIXAI,USDT,False,1,True,0.000541,6487091.481715,8834534785.23,0.000541,5545.28,0.000767,30409.71,3455.657492354739,2.99999648,1e-06,0.0,0.0,1.0,0.0,0.0005,exchangeInfo.quotePrecision/baseSizePrecision/quoteAmountPrecision,1,False,0.9894202285230639,0.0016934801016088574,0.3077900084674005,60.61624974065675
mexc,BTXUSDT,BTX-USDT,BTX,USDT,True,1,True,0.011111,158682.357545,14505631.72,0.011098,2252.95,0.011167,704.19,61.98068717718358,7.863689730000001,1e-06,0.0,0.0,1.0,0.0,0.0005,exchangeInfo.quotePrecision/baseSizePrecision/quoteAmountPrecision,1,False,0.8044858231062209,0.2535986452159187,0.5004233700254022,60.59515380174816
mexc,APEPEUSDT,APEPE-USDT,APEPE,USDT,True,1,True,1.1815e-06,91982.5069820703,75754597186.0,1.1811e-06,1108999.0,1.182e-06,271315.0,7.6171131141303166,0.32069433,1e-10,0.0,0.0,1.0,0.0,0.0005,exchangeInfo.quotePrecision/baseSizePrecision/quoteAmountPrecision,1,False,0.6910706728734659,0.8793395427603725,0.029212531752751906,60.576626212104976
mexc,SVSAUSDT,SVSA-USDT,SVSA,USDT,True,1,True,0.001152,117992.04709,98601857.47,0.001151,81560.98,0.001157,7591.64,51.99306759098913,8.78352748,1e-06,0.0,0.0,1.0,0.0,0.0005,exchangeInfo.quotePrecision/baseSizePrecision/quoteAmountPrecision,1,False,0.7579348286077021,0.3370025402201524,0.5224386113463166,60.56025130585376
mexc,WETUSDT,WET-USDT,WET,USDT,True,1,True,0.1063,59910.10543,579829.16,0.10628,3662.8,0.10667,4697.92,36.628316506222255,389.28238400000004,1e-05,0.0,0.0,1.0,0.0,0.0005,exchangeInfo.quotePrecision/baseSizePrecision/quoteAmountPrecision,1,False,0.5179856115107914,0.5207451312447079,0.9521591871295513,60.55102065680226
mexc,MANYUUSDT,MANYU-USDT,MANYU,USDT,True,1,True,5.634e-09,72906.45668902322,12945123453227.0,5.631e-09,520083229.0,5.638e-09,1773678609.0,12.42346259650309,2.928588662499,1e-12,0.0,0.0,1.0,0.0,0.0005,exchangeInfo.quotePrecision/baseSizePrecision/quoteAmountPrecision,1,False,0.6254760897164621,0.8065198983911939,0.2993226079593565,60.55063455337238
mexc,WMTONUSDT,WMTON-USDT,WMTON,USDT,True,1,True,122.7,59561.06,485.33,122.61,0.12,122.76,0.12,12.226433549334123,14.713199999999999,0.01,0.0,0.0,1.0,0.0,0.0005,exchangeInfo.quotePrecision/baseSizePrecision/quoteAmountPrecision,1,False,0.5112145577655522,0.8094834885690093,0.6096528365791702,60.54694462291401
mexc,CHZUSDC,CHZ-USDC,CHZ,USDC,True,1,True,0.03587,57514.84268,1628350.17,0.03584,88644.17,0.03594,88644.17,27.862914460853403,3177.0070527999997,1e-05,0.0,0.0,1.0,0.0,0.0,exchangeInfo.quotePrecision/baseSizePrecision/quoteAmountPrecision,1,False,0.4561997460854846,0.6236240474174428,0.9919559695173582,60.5207066104849
mexc,USFRONUSDT,USFRON-USDT,USFRON,USDT,True,1,True,50.37,57564.53,1142.61,50.34,8.82,50.44,2.2,19.84520738241602,110.968,0.01,0.0,0.0,1.0,0.0,0.0005,exchangeInfo.quotePrecision/baseSizePrecision/quoteAmountPrecision,1,False,0.45916208209902665,0.7091447925486876,0.8767993226079593,60.51852078132285
mexc,PFEONUSDT,PFEON-USDT,PFEON,USDT,True,1,True,28.16,57995.64,2043.85,28.15,11.43,28.16,0.34,3.5517670040850873,9.5744,0.01,0.0,0.0,1.0,0.0,0.0005,exchangeInfo.quotePrecision/baseSizePrecision/quoteAmountPrecision,1,False,0.47228099873042745,0.9530059271803556,0.5347163420829806,60.49492995134202
mexc,DAOUSDT,DAO-USDT,DAO,USDT,True,1,True,0.06918,144499.3191,2099294.99,0.06912,263.86,0.06967,478.61,79.25643057857121,18.2380032,1e-05,0.1,0.1,1.0,0.0,0.0005,exchangeInfo.quotePrecision/baseSizePrecision/quoteAmountPrecision,1,False,0.7888277613203555,0.1718882303132938,0.640558848433531,60.49390959912252
mexc,ILVUSDT,ILV-USDT,ILV,USDT,True,1,True,3.391,100083.161,28965.2456,3.389,0.3879,3.395,0.3867,17.68867924528369,1.3128465,0.001,0.0001,0.0001,1.0,0.0,0.0005,exchangeInfo.quotePrecision/baseSizePrecision/quoteAmountPrecision,1,False,0.7173085061362675,0.7383573243014394,0.12912785774767147,60.49345809998413
mexc,DOGEUSDC,DOGE-USDC,DOGE,USDC,True,1,True,0.09002,57574.04683,636709.43,0.0898,493064.36,0.09007,930970.16,30.021682326123585,44277.179528,1e-05,0.001,0.001,1.0,0.0,0.0,exchangeInfo.quotePrecision/baseSizePrecision/quoteAmountPrecision,1,False,0.4625476089716462,0.6011854360711262,0.997883149872989,60.42741739267847
mexc,UNPUSDT,UNP-USDT,UNP,USDT,True,1,True,0.15302,267796.90645,1729311.29,0.15211,35.97,0.15334,34.58,80.53691275167843,5.3024971999999995,1e-05,0.0,0.0,1.0,0.0,0.0005,exchangeInfo.quotePrecision/baseSizePrecision/quoteAmountPrecision,1,False,0.8705035971223022,0.16934801016088064,0.4153259949195597,60.417917994139835
mexc,EDENUSDT,EDEN-USDT,EDEN,USDT,True,1,True,0.02838,92629.42152,3162782.36,0.02835,46.32,0.02839,56.85,14.099400775466467,1.313172,1e-05,0.0,0.0,1.0,0.0,0.0005,exchangeInfo.quotePrecision/baseSizePrecision/quoteAmountPrecision,1,False,0.6931866271688532,0.7845046570702794,0.13209144792548688,60.379709879553644
mexc,CARROTUSDT,CARROT-USDT,CARROT,USDT,True,1,True,0.012677,1268791.239937,86692763.5,0.012672,173.62,0.012831,157.32,124.69121279849521,2.01857292,1e-06,0.0,0.0,1.0,0.0,0.0005,exchangeInfo.quotePrecision/baseSizePrecision/quoteAmountPrecision,1,False,0.9644519678374948,0.09568162574089756,0.24597798475867907,60.356458569758246
mexc,LLDUSDT,LLD-USDT,LLD,USDT,True,1,True,0.487,57018.68,115918.23,0.486,600.89,0.487,616.97,20.55498458376158,292.03254,0.001,0.0,0.0,1.0,0.0,0.0005,exchangeInfo.quotePrecision/baseSizePrecision/quoteAmountPrecision,1,False,0.4371561574269996,0.7019475021168502,0.9360711261642676,60.31369873469159
mexc,LSMUSDT,LSM-USDT,LSM,USDT,True,1,True,0.1899,946811.0616,3537572.1,0.165,30.3,0.1898,28.97,1397.9706877113858,4.9995,0.0001,0.0,0.0,1.0,0.0,0.0005,exchangeInfo.quotePrecision/baseSizePrecision/quoteAmountPrecision,1,False,0.9509098603470165,0.004657070279424191,0.39458086367485184,60.30808634956855
mexc,BOSUSDT,BOS-USDT,BOS,USDT,True,1,True,0.000957,67825.960529,70071763.65,0.000956,99825.73,0.000958,8224.81,20.898641588296137,7.87936798,1e-06,0.0,0.0,1.0,0.0,0.0005,exchangeInfo.quotePrecision/baseSizePrecision/quoteAmountPrecision,1,False,0.5962759204401185,0.6977138018628282,0.5016934801016089,60.2718902728094
mexc,DEVVEUSDT,DEVVE-USDT,DEVVE,USDT,True,1,True,0.03022,70515.06335,2376751.32,0.03021,56.19,0.03023,104.72,6.618133686300193,1.6974999,1e-05,0.0,0.0,1.0,0.0,0.0005,exchangeInfo.quotePrecision/baseSizePrecision/quoteAmountPrecision,1,False,0.6106644096487516,0.8945808636748518,0.21591871295512277,60.26943838165509
mexc,XPUSDT,XP-USDT,XP,USDT,True,1,True,0.005575,156728.378529,26685133.11,0.005573,183.65,0.005589,173.38,28.668697366064126,0.96902082,1e-06,0.0,0.0,1.0,0.0,0.0005,exchangeInfo.quotePrecision/baseSizePrecision/quoteAmountPrecision,1,False,0.8015234870926788,0.615580016934801,0.03979678238780694,60.269227861223506
mexc,CVNAONUSDT,CVNAON-USDT,CVNAON,USDT,True,1,True,302.56,62927.85,208.645,301.37,1.046,302.68,1.321,43.373892889661526,315.23302,0.01,0.0,0.0,1.0,0.0,0.0005,exchangeInfo.quotePrecision/baseSizePrecision/quoteAmountPrecision,1,False,0.5590351248413035,0.4267569856054191,0.9424216765453006,60.26429003731318
mexc,BIT1USDT,BIT1-USDT,BIT1,USDT,True,1,True,2.586e-06,106628.24380104,41289772397.96,2.584e-06,511044.8,2.59e-06,15396589.86,23.19288751449566,1.3205397632,1e-09,0.0001,0.0001,1.0,0.0,0.0005,exchangeInfo.quotePrecision/baseSizePrecision/quoteAmountPrecision,1,False,0.7376216673719848,0.6740050804403048,0.1418289585097375,60.255897886661536
mexc,AGLDUSDT,AGLD-USDT,AGLD,USDT,True,1,True,0.2275,90544.3571,394355.47,0.2273,5.77,0.2276,6.48,13.189712024620563,1.311521,0.0001,0.0001,0.0001,1.0,0.0,0.0005,exchangeInfo.quotePrecision/baseSizePrecision/quoteAmountPrecision,1,False,0.6872619551417689,0.7976291278577476,0.12447078746824725,60.22955147860593
mexc,BERTUSDT,BERT-USDT,BERT,USDT,True,1,True,0.007869,87278.189888,11195635.56,0.007862,2545.5,0.007884,504.84,27.943604725011035,3.98015856,1e-06,0.0,0.0,1.0,0.0,0.0005,exchangeInfo.quotePrecision/baseSizePrecision/quoteAmountPrecision,1,False,0.6800677105374524,0.6223539373412362,0.3632514817950889,60.22760214899257
mexc,CPOOLUSDT,CPOOL-USDT,CPOOL,USDT,True,1,True,0.0241,88488.63213,3577597.69,0.02401,16813.16,0.02413,979.98,49.85459077690012,23.6469174,1e-05,0.0,0.0,1.0,0.0,0.0005,exchangeInfo.quotePrecision/baseSizePrecision/quoteAmountPrecision,1,False,0.6834532374100719,0.35817104149026247,0.6824724809483489,60.19365371377749
mexc,AGROUSDT,AGRO-USDT,AGRO,USDT,True,1,True,0.0001448,111419.3989203,769193649.74,0.0001445,3572744.55,0.0001449,9637.16,27.64340013821767,1.396424484,1e-07,0.0,0.0,1.0,0.0,0.0005,exchangeInfo.quotePrecision/baseSizePrecision/quoteAmountPrecision,1,False,0.7448159119763013,0.6265876375952583,0.17781541066892464,60.185874311956525
mexc,MASUSDT,MAS-USDT,MAS,USDT,True,1,True,0.00362,60960.12776,16581474.58,0.00362,29565.13,0.00363,11208.08,27.5862068965518,40.6853304,1e-05,0.0,0.0,1.0,0.0,0.0005,exchangeInfo.quotePrecision/baseSizePrecision/quoteAmountPrecision,1,False,0.5327972915785019,0.6278577476714648,0.7574089754445386,60.148474237494995
mexc,MGOUSDT,MGO-USDT,MGO,USDT,True,1,True,0.02017,81360.44398,4027959.95,0.02017,87.06,0.0202,138.9,14.862521674510168,1.7560002000000001,1e-05,0.0,0.0,1.0,0.0,0.0005,exchangeInfo.quotePrecision/baseSizePrecision/quoteAmountPrecision,1,False,0.6610241218789674,0.77307366638442,0.2214225232853514,60.11161882866073
mexc,ATRUSDT,ATR-USDT,ATR,USDT,True,1,True,0.0007227,91151.4946459,123184751.28,0.000722,3904.22,0.0007238,44345.38,24.89970950338973,2.81884684,1e-07,0.0,0.0,1.0,0.0,0.0005,exchangeInfo.quotePrecision/baseSizePrecision/quoteAmountPrecision,1,False,0.6889547185780787,0.6536833192209992,0.29339542760372567,60.102501054393834
mexc,ROSEUSDT,ROSE-USDT,ROSE,USDT,True,1,True,0.01046,123851.98414,11554295.38,0.01044,179.02,0.01047,125.32,28.694404591105226,1.3121004,1e-05,0.001,0.001,1.0,0.0,0.0005,exchangeInfo.quotePrecision/baseSizePrecision/quoteAmountPrecision,1,False,0.7668218366483284,0.6147332768839966,0.12701100762066045,60.083753090171186
mexc,SLXUSDT,SLX-USDT,SLX,USDT,True,1,True,0.0033,80894.021141,24564763.15,0.003292,668.28,0.003294,333.94,6.073489219557441,1.09999836,1e-06,0.0,0.0,1.0,0.0,0.0005,exchangeInfo.quotePrecision/baseSizePrecision/quoteAmountPrecision,1,False,0.6601777401608125,0.9060118543607113,0.0550381033022862,60.0608341339082
mexc,ZIGUSDT,ZIG-USDT,ZIG,USDT,True,1,True,0.030512,114321.007623,3710891.01,0.030455,35.81,0.030515,331.31,19.681810726587184,1.0905935500000001,1e-06,0.001,0.001,1.0,0.0,0.0005,exchangeInfo.quotePrecision/baseSizePrecision/quoteAmountPrecision,1,False,0.7494710114261532,0.7121083827265029,0.05165114309906858,60.056638058582365
mexc,AINUSDT,AIN-USDT,AIN,USDT,True,1,True,0.0592,77275.13177,1318100.1,0.05916,59.65,0.05928,132.0,20.263424518744017,3.5288939999999998,1e-05,0.0,0.0,1.0,0.0,0.0005,exchangeInfo.quotePrecision/baseSizePrecision/quoteAmountPrecision,1,False,0.6462124418112569,0.7044877222692634,0.3420829805249788,59.995536966850295
mexc,2ZUSDT,2Z-USDT,2Z,USDT,True,1,True,0.06913,59786.44512,841239.81,0.06912,80.0,0.06916,534.4,5.785363031529991,5.5296,1e-05,0.0,0.0,1.0,0.0,0.0005,exchangeInfo.quotePrecision/baseSizePrecision/quoteAmountPrecision,1,False,0.5158696572154041,0.9136325148179509,0.4381879762912786,59.977403543121575
mexc,CEGONUSDT,CEGON-USDT,CEGON,USDT,True,1,True,301.92,62012.31,206.824,301.4,1.041,302.68,1.04,42.378492914846696,313.75739999999996,0.01,0.0,0.0,1.0,0.0,0.0005,exchangeInfo.quotePrecision/baseSizePrecision/quoteAmountPrecision,1,False,0.5459162082099027,0.4436917866215072,0.9419983065198984,59.9576522474803
mexc,XANUSDT,XAN-USDT,XAN,USDT,True,1,True,0.008748,69439.954617,7364215.0,0.008726,5410.88,0.008763,59635.64,42.31231059523195,47.21533888,1e-06,0.0,0.0,1.0,0.0,0.0005,exchangeInfo.quotePrecision/baseSizePrecision/quoteAmountPrecision,1,False,0.6060093101988997,0.44453852667231164,0.7747671464860287,59.93931815746786
mexc,NUTXUSDT,NUTX-USDT,NUTX,USDT,True,1,True,2.581e-08,95929.97633755779,3710573022594.0,2.5713e-08,391973903.0,2.5828e-08,448559679.0,44.62466774024616,10.078824967839,1e-12,0.0,0.0,1.0,0.0,0.0005,exchangeInfo.quotePrecision/baseSizePrecision/quoteAmountPrecision,1,False,0.7024968260685569,0.41236240474174424,0.5474174428450466,59.89473440921517
mexc,SWARMSUSDT,SWARMS-USDT,SWARMS,USDT,True,1,True,0.008915,94871.292957,10804026.59,0.00891,9000.0,0.008957,2229.42,52.610958750769754,19.96891494,1e-06,0.0,0.0,1.0,0.0,0.0005,exchangeInfo.quotePrecision/baseSizePrecision/quoteAmountPrecision,1,False,0.6991112991959374,0.3293818797629128,0.6583403895004234,59.85247623985786
mexc,MRVLONUSDT,MRVLON-USDT,MRVLON,USDT,True,1,True,94.11,63665.06,664.07,93.98,3.6,94.39,2.19,43.5313478791736,206.7141,0.01,0.0,0.0,1.0,0.0,0.0005,exchangeInfo.quotePrecision/baseSizePrecision/quoteAmountPrecision,1,False,0.5636902242911553,0.4246401354784082,0.9110922946655376,59.840811616284505
mexc,ERGUSDT,ERG-USDT,ERG,USDT,True,1,True,0.2843,100161.6404,351738.77,0.2839,12.18,0.2849,12.18,35.16174402250355,3.457902,0.0001,0.0,0.0,1.0,0.0,0.0005,exchangeInfo.quotePrecision/baseSizePrecision/quoteAmountPrecision,1,False,0.7185780787134998,0.5431837425910245,0.3357324301439458,59.81603649689702
mexc,RDNTUSDT,RDNT-USDT,RDNT,USDT,True,1,True,0.004204,136481.41522,31581278.91,0.004195,818.15,0.004214,1288.69,45.1896777262455,3.4321392499999996,1e-06,0.0,0.0,1.0,0.0,0.0005,exchangeInfo.quotePrecision/baseSizePrecision/quoteAmountPrecision,1,False,0.7799407532797291,0.40643522438611346,0.3348856900931414,59.75533584190077
mexc,INTERUSDT,INTER-USDT,INTER,USDT,True,1,True,0.4971,149999.0737,300030.12,0.496,2.42,0.4976,620.62,32.206119162640704,1.20032,0.0001,0.01,0.01,1.0,0.0,0.0005,exchangeInfo.quotePrecision/baseSizePrecision/quoteAmountPrecision,1,False,0.7947524333474397,0.5783234546994073,0.07790008467400508,59.72747189507448
mexc,ELSAUSDT,ELSA-USDT,ELSA,USDT,True,1,True,0.06168,60100.12559,948679.93,0.06164,200.0,0.06173,200.0,14.590256950636265,12.328,1e-05,0.0,0.0,1.0,0.0,0.0005,exchangeInfo.quotePrecision/baseSizePrecision/quoteAmountPrecision,1,False,0.5196783749471011,0.7764606265876376,0.5859441151566469,59.71270858991444
mexc,ASMUSDT,ASM-USDT,ASM,USDT,True,1,True,0.08797,57436.38936,651317.48,0.08797,1631.26,0.08801,126.0,4.545971133083119,11.089260000000001,1e-05,0.01,0.01,1.0,0.0,0.0005,exchangeInfo.quotePrecision/baseSizePrecision/quoteAmountPrecision,1,False,0.4545069826491748,0.9343776460626587,0.56731583403895,59.703641878050085
mexc,MERLUSDT,MERL-USDT,MERL,USDT,True,1,True,0.02455,65392.27204,2626826.18,0.02454,183.65,0.02457,196.25,12.21747098350733,4.506771,1e-05,0.0,0.0,1.0,0.0,0.0005,exchangeInfo.quotePrecision/baseSizePrecision/quoteAmountPrecision,1,False,0.5789250952179433,0.8107535986452159,0.37849280270956814,59.67957625730864
mexc,PEUSDT,PE-USDT,PE,USDT,True,1,True,4.9435,436591.4293,60035.27,4.69,2.5,4.9559,1.32,551.3223234742208,6.541788,0.0001,0.0,0.0,1.0,0.0,0.0005,exchangeInfo.quotePrecision/baseSizePrecision/quoteAmountPrecision,1,False,0.9085907744392722,0.014394580863674844,0.4669771380186283,59.671899876124414
mexc,BARUSDT,BAR-USDT,BAR,USDT,True,1,True,0.5226,106574.0488,202047.92,0.5219,2.52,0.5232,3.69,24.878002105061096,1.315188,0.0001,0.01,0.01,1.0,0.0,0.0005,exchangeInfo.quotePrecision/baseSizePrecision/quoteAmountPrecision,1,False,0.7367752856538299,0.6549534292972057,0.1375952582557155,59.6483816085051
mexc,SDEXUSDT,SDEX-USDT,SDEX,USDT,True,1,True,0.002079,87798.655265,41626498.53,0.002078,895.97,0.00208,498.97,9.62000962000881,1.0378576,1e-06,0.0,0.0,1.0,0.0,0.0005,exchangeInfo.quotePrecision/baseSizePrecision/quoteAmountPrecision,1,False,0.6817604739737622,0.8484335309060118,0.04699407281964437,59.64754579760011
mexc,IONUSDT,ION-USDT,ION,USDT,True,1,True,0.001612,91639.317799,58827066.34,0.001602,49431.27,0.001611,17675.11,56.02240896358613,28.47460221,1e-06,0.0,0.0,1.0,0.0,0.0005,exchangeInfo.quotePrecision/baseSizePrecision/quoteAmountPrecision,1,False,0.690224291155311,0.29974597798475866,0.7070279424216765,59.5965443115946
mexc,ORAIUSDT,ORAI-USDT,ORAI,USDT,True,1,True,0.5298,78090.1314,145294.56,0.5295,1.91,0.5298,117.24,5.664117813651997,1.011345,0.0001,0.0,0.0,1.0,0.0,0.0005,exchangeInfo.quotePrecision/baseSizePrecision/quoteAmountPrecision,1,False,0.6508675412611088,0.9165961049957663,0.04233700254022015,59.55935744505956
mexc,WNTUSDT,WNT-USDT,WNT,USDT,True,1,True,0.000822,140893.355097,169725432.64,0.000817,1794236.22,0.000824,19147.04,85.3138330286405,15.77716096,1e-06,0.01,0.01,1.0,0.0,0.0005,exchangeInfo.quotePrecision/baseSizePrecision/quoteAmountPrecision,1,False,0.7841726618705036,0.15749364944961897,0.6227773073666384,59.52238378645094
mexc,WAVESUSDT,WAVES-USDT,WAVES,USDT,True,1,True,0.4246,61911.1064,144735.8,0.4234,103.74,0.4248,122.9,33.01108229191257,43.923516,0.0001,1e-05,1e-05,1.0,0.0,0.0005,exchangeInfo.quotePrecision/baseSizePrecision/quoteAmountPrecision,1,False,0.5450698264917477,0.5656223539373413,0.7658763759525825,59.43692682453131
mexc,NOMUSDT,NOM-USDT,NOM,USDT,True,1,True,0.001804,80023.926045,43319048.32,0.001801,22434.71,0.001809,10509.75,44.32132963988907,19.01213775,1e-06,0.0,0.0,1.0,0.0,0.0005,exchangeInfo.quotePrecision/baseSizePrecision/quoteAmountPrecision,1,False,0.6546762589928058,0.41701947502116854,0.6494496189669772,59.42167349947308
mexc,CATUSDT,CAT-USDT,CAT,USDT,True,1,True,1.524e-06,199647.876207,128109820277.0,1.521e-06,6361159.0,1.531e-06,2913159.0,65.53079947575438,4.460046429,1e-09,0.0,0.0,1.0,0.0,0.0005,exchangeInfo.quotePrecision/baseSizePrecision/quoteAmountPrecision,1,False,0.8383410918324165,0.23031329381879762,0.37679932260795934,59.40257884841205
mexc,ANBUSDT,ANB-USDT,ANB,USDT,True,1,True,0.02116,72493.94299,3434249.52,0.0211,740.93,0.02118,1923.0,37.842951750236615,15.633623,1e-05,0.0,0.0,1.0,0.0,0.0005,exchangeInfo.quotePrecision/baseSizePrecision/quoteAmountPrecision,1,False,0.6237833262801523,0.506350550381033,0.6215071972904318,59.39699065074284
mexc,WARDUSDT,WARD-USDT,WARD,USDT,True,1,True,0.004181,87344.046998,18790499.51,0.004175,808.72,0.004186,681.14,26.312642028464836,2.85125204,1e-06,0.0,0.0,1.0,0.0,0.0005,exchangeInfo.quotePrecision/baseSizePrecision/quoteAmountPrecision,1,False,0.6804909013965298,0.6392887383573242,0.29424216765453004,59.294061388832844
mexc,CAWUSDT,CAW-USDT,CAW,USDT,True,1,True,2.8192e-08,69077.64955777886,2431913310601.0,2.8058e-08,12241104286.0,2.8199e-08,3404411504.0,50.12709529480814,96.001000001296,1e-12,100000.0,100000.0,1.0,0.0,0.0005,exchangeInfo.quotePrecision/baseSizePrecision/quoteAmountPrecision,1,False,0.6034701650444351,0.3543607112616427,0.8615580016934801,59.2810368928546
mexc,FOXSYUSDT,FOXSY-USDT,FOXSY,USDT,True,1,True,0.002067,161595.6106305,77840579.87,0.0020547,9750.9,0.0020857,37301.22,149.74398608829958,20.03517423,1e-07,0.0,0.0,1.0,0.0,0.0005,exchangeInfo.quotePrecision/baseSizePrecision/quoteAmountPrecision,1,False,0.8053322048243758,0.0711261642675699,0.6591871295512278,59.255167963054475
mexc,HELLOUSDT,HELLO-USDT,HELLO,USDT,True,1,True,0.002405,102067.072204,42264858.86,0.002396,3720.47,0.002408,6062.81,49.958368026643875,8.91424612,1e-06,0.0,0.0,1.0,0.0,0.0005,exchangeInfo.quotePrecision/baseSizePrecision/quoteAmountPrecision,1,False,0.724502750740584,0.3564775613886537,0.5241320914479255,59.242232154406985
mexc,ABNBONUSDT,ABNBON-USDT,ABNBON,USDT,True,1,True,123.47,59742.87,471.07,123.47,0.024,123.48,2.761,0.8098805426203779,2.96328,0.01,0.0,0.0,1.0,0.0,0.0005,exchangeInfo.quotePrecision/baseSizePrecision/quoteAmountPrecision,1,False,0.5146000846381719,0.993649449618967,0.3027095681625741,59.198432258825115
mexc,MLNUSDT,MLN-USDT,MLN,USDT,True,1,True,3.088,80607.75,25291.63,3.086,0.49,3.091,104.85,16.189088554315486,1.5121399999999998,0.001,0.01,0.01,1.0,0.0,0.0005,exchangeInfo.quotePrecision/baseSizePrecision/quoteAmountPrecision,1,False,0.6580617858654253,0.7557154953429297,0.20279424216765454,59.14217044952472
mexc,SKRUSDT,SKR-USDT,SKR,USDT,True,1,True,0.01807,66932.110305,3602665.0,0.01807,918.18,0.018131,27730.63,33.700726499269095,16.591512599999998,1e-06,0.0,0.0,1.0,0.0,0.0005,exchangeInfo.quotePrecision/baseSizePrecision/quoteAmountPrecision,1,False,0.5916208209902666,0.5596951735817104,0.630397967823878,59.139483850484986
mexc,COLLECTUSDT,COLLECT-USDT,COLLECT,USDT,True,1,True,0.04592,77183.04455,1594046.78,0.04567,13378.25,0.04593,1486.5,56.768558951964266,68.274945,1e-05,0.0,0.0,1.0,0.0,0.0005,exchangeInfo.quotePrecision/baseSizePrecision/quoteAmountPrecision,1,False,0.6445196783749471,0.29635901778154106,0.8124470787468248,59.10649933009711
mexc,ZRCUSDT,ZRC-USDT,ZRC,USDT,True,1,True,0.001562,110615.973917,68185062.53,0.001546,33501.39,0.001565,266292.94,122.1472195435546,51.79314894,1e-06,0.0,0.0,1.0,0.0,0.0005,exchangeInfo.quotePrecision/baseSizePrecision/quoteAmountPrecision,1,False,0.7431231485399915,0.09906858594411516,0.7861981371718882,59.07245056174018
mexc,MELANIAUSD1,MELANIA-USD1,MELANIA,USD1,True,1,True,0.11373,82510.51502,713478.52,0.11339,5328.92,0.11434,2037.77,83.43213454529422,232.9986218,1e-05,0.0,0.0,1.0,0.0001,0.0001,exchangeInfo.quotePrecision/baseSizePrecision/quoteAmountPrecision,1,False,0.6648328396106644,0.16342082980524975,0.9204064352243861,59.05945562820551
mexc,BBAIONUSDT,BBAION-USDT,BBAION,USDT,True,1,True,3.154,64141.217,19908.51,3.146,64.45,3.161,85.39,47.56619628983708,202.7597,0.001,0.0,0.0,1.0,0.0,0.0005,exchangeInfo.quotePrecision/baseSizePrecision/quoteAmountPrecision,1,False,0.5674989420228523,0.3831498729889924,0.9098221845893311,58.98763232776831
mexc,GHUBUSDT,GHUB-USDT,GHUB,USDT,True,1,True,0.006682,95832.52424,14665280.98,0.006674,299.68,0.006693,428.83,28.428218747662033,2.0000643200000003,1e-06,0.0,0.0,1.0,0.0,0.0005,exchangeInfo.quotePrecision/baseSizePrecision/quoteAmountPrecision,1,False,0.7020736352094795,0.6181202370872143,0.24259102455546147,58.918876354810955
mexc,CFXUSDC,CFX-USDC,CFX,USDC,True,1,True,0.05671,57871.09351,998182.2,0.0566,21376.8,0.0568,34339.92,35.273368606702945,1209.92688,1e-05,0.0,0.0,1.0,0.0,0.0,exchangeInfo.quotePrecision/baseSizePrecision/quoteAmountPrecision,1,False,0.4676258992805755,0.5410668924640136,0.9822184589331076,58.89046595069415
mexc,ARCSOLUSDT,ARCSOL-USDT,ARCSOL,USDT,True,1,True,0.04771,88858.27905,2029130.33,0.04762,81.55,0.04778,1035.0,33.54297693920344,3.883411,1e-05,0.0,0.0,1.0,0.0,0.0005,exchangeInfo.quotePrecision/baseSizePrecision/quoteAmountPrecision,1,False,0.6847228099873043,0.5609652836579171,0.3590177815410669,58.864242271571
mexc,PDDONUSDT,PDDON-USDT,PDDON,USDT,True,1,True,100.8,60377.28,594.3,100.37,3.71,100.8,3.89,42.74991300889721,372.3727,0.01,0.0,0.0,1.0,0.0,0.0005,exchangeInfo.quotePrecision/baseSizePrecision/quoteAmountPrecision,1,False,0.5234870926787981,0.439034716342083,0.9508890770533446,58.785439546952865
mexc,PEPUUSDT,PEPU-USDT,PEPU,USDT,True,1,True,0.0001131,57053.0935017,481574889.68,0.0001131,172597.77,0.0001132,1486060.39,8.837825894830086,19.520807787,1e-07,0.0,0.0,1.0,0.0,0.0005,exchangeInfo.quotePrecision/baseSizePrecision/quoteAmountPrecision,1,False,0.4396953025814642,0.8615580016934801,0.6528365791701948,58.778923267721424
mexc,GTCUSDT,GTC-USDT,GTC,USDT,True,1,True,0.07786,103372.31924,1290053.4,0.07774,7749.44,0.07816,124.73,53.88069275176265,9.748896799999999,1e-05,0.0001,0.0001,1.0,0.0,0.0005,exchangeInfo.quotePrecision/baseSizePrecision/quoteAmountPrecision,1,False,0.7291578501904359,0.31710414902624895,0.5368331922099915,58.767949330330026
mexc,SISUSDT,SIS-USDT,SIS,USDT,True,1,True,0.02874,121156.38331,4214620.75,0.02867,259.81,0.02884,650.34,59.12015301686663,7.4487527,1e-05,0.0,0.0,1.0,0.0,0.0005,exchangeInfo.quotePrecision/baseSizePrecision/quoteAmountPrecision,1,False,0.762589928057554,0.27561388653683316,0.4928027095681626,58.68884739794955
mexc,ROVRUSDT,ROVR-USDT,ROVR,USDT,True,1,True,0.003,77393.111752,25511966.52,0.00299,7208.41,0.003004,6782.37,46.713380046713795,20.37423948,1e-06,0.0,0.0,1.0,0.0,0.0005,exchangeInfo.quotePrecision/baseSizePrecision/quoteAmountPrecision,1,False,0.6479052052475667,0.39161727349703646,0.6629974597798476,58.68516732163903
mexc,SPLDUSDT,SPLD-USDT,SPLD,USDT,True,1,True,0.2697,80437.9631,296346.37,0.2691,37.13,0.2702,314.86,40.79362136102317,9.991683,0.0001,0.0,0.0,1.0,0.0,0.0005,exchangeInfo.quotePrecision/baseSizePrecision/quoteAmountPrecision,1,False,0.6576385950063479,0.4665537679932261,0.5414902624894158,58.66377217496811
mexc,AOUSDT,AO-USDT,AO,USDT,True,1,True,2.655,57036.089,21215.89,2.651,158.47,2.657,41.41,22.607385079126708,110.02636999999999,0.001,0.0,0.0,1.0,0.0,0.0005,exchangeInfo.quotePrecision/baseSizePrecision/quoteAmountPrecision,1,False,0.4384257300042319,0.6795088907705334,0.8751058425063506,58.60325426962311
mexc,AINETWORKUSDT,AINETWORK-USDT,AINETWORK,USDT,True,1,True,0.010367,60757.573419,5904831.26,0.010308,788.43,0.01032,565.24,11.634671320535057,5.833276799999999,1e-06,0.0,0.0,1.0,0.0,0.0005,exchangeInfo.quotePrecision/baseSizePrecision/quoteAmountPrecision,1,False,0.5302581464240372,0.8204911092294666,0.4445385266723116,58.56724631750495
mexc,MELANIAUSDT,MELANIA-USDT,MELANIA,USDT,True,1,True,0.11401,62489.53562,542306.94,0.11359,6920.54,0.11418,7058.08,51.80664705624158,786.1041385999999,1e-05,0.0,0.0,1.0,0.0,0.0005,exchangeInfo.quotePrecision/baseSizePrecision/quoteAmountPrecision,1,False,0.554803216250529,0.33911939034716343,0.9784081287044877,58.560324226547934
mexc,DUSDT,D-USDT,D,USDT,True,1,True,0.005235,57546.932772,10827195.18,0.005227,16920.0,0.00524,238439.2,24.839973249259558,88.44084,1e-06,0.0,0.0,1.0,0.0,0.0005,exchangeInfo.quotePrecision/baseSizePrecision/quoteAmountPrecision,1,False,0.45789250952179433,0.6562235393734124,0.8480101608806097,58.54987972564619
mexc,TUSDUSDT,TUSD-USDT,TUSD,USDT,True,1,True,0.9984,52271.1219,52347.25,0.9983,10699.2,0.9984,4606.4,1.001652726999439,4599.029759999999,0.0001,0.0001,0.0001,1.0,0.0,0.0005,exchangeInfo.quotePrecision/baseSizePrecision/quoteAmountPrecision,1,False,0.252644942869234,0.9885690093141406,0.9944961896697714,58.49962088405681
mexc,TRUMPUSD1,TRUMP-USD1,TRUMP,USD1,True,1,True,2.966,60566.283,20071.33,2.957,221.17,2.969,40.22,40.499493756328086,119.41318,0.001,0.0,0.0,1.0,0.0001,0.0001,exchangeInfo.quotePrecision/baseSizePrecision/quoteAmountPrecision,1,False,0.5277190012695726,0.47205757832345474,0.8831498729889924,58.48898198769271
mexc,SCRTUSDT,SCRT-USDT,SCRT,USDT,True,1,True,0.07261,126274.64914,1696339.43,0.0725,792.13,0.07273,16.5,31.67389657784314,1.200045,1e-05,0.0001,0.0001,1.0,0.0,0.0005,exchangeInfo.quotePrecision/baseSizePrecision/quoteAmountPrecision,1,False,0.7697841726618705,0.5850973751058426,0.07535986452159187,58.47276116448078
mexc,CRATUSDT,CRAT-USDT,CRAT,USDT,True,1,True,0.005219,212971.704995,40428957.04,0.005202,20957.76,0.005231,315.14,55.59283044186787,1.64849734,1e-06,0.0,0.0,1.0,0.0,0.0005,exchangeInfo.quotePrecision/baseSizePrecision/quoteAmountPrecision,1,False,0.8472280998730427,0.30313293818797626,0.21422523285351397,58.46037360478703
mexc,BPUSDC,BP-USDC,BP,USDC,True,1,True,0.1594,70518.6753,492069.63,0.1593,189.88,0.16,663.99,43.8459129345447,30.247884,0.0001,0.0,0.0,1.0,0.0,0.0,exchangeInfo.quotePrecision/baseSizePrecision/quoteAmountPrecision,1,False,0.6110876005078291,0.4208298052497883,0.7154953429297206,58.44047001776972
mexc,TACUSDT,TAC-USDT,TAC,USDT,True,1,True,0.003843,60969.462425,15609481.93,0.003834,29968.8,0.003848,15836.62,36.448841447538896,60.93931376,1e-06,0.0,0.0,1.0,0.0,0.0005,exchangeInfo.quotePrecision/baseSizePrecision/quoteAmountPrecision,1,False,0.5336436732966567,0.5237087214225233,0.7997459779847587,58.43803962657439
mexc,CUSDC,C-USDC,C,USDC,True,1,True,0.08731,63460.03757,716812.45,0.08711,1624.96,0.08745,470.58,38.955087076076204,41.152221,1e-05,0.0,0.0,1.0,0.0,0.0,exchangeInfo.quotePrecision/baseSizePrecision/quoteAmountPrecision,1,False,0.562420651713923,0.4919559695173582,0.7591024555461473,58.41408419312266
mexc,FORTHUSDT,FORTH-USDT,FORTH,USDT,True,1,True,0.3578,79550.8345,217878.48,0.3572,81.49,0.3582,10.03,27.956388034665945,3.592746,0.0001,0.0001,0.0001,1.0,0.0,0.0005,exchangeInfo.quotePrecision/baseSizePrecision/quoteAmountPrecision,1,False,0.6534066864155734,0.621930567315834,0.34631668077900085,58.411965551332415
mexc,LBTCUSDT,LBTC-USDT,LBTC,USDT,True,1,True,66315.97,58086.7,0.86879,66315.97,0.000377,66315.98,6e-05,0.0015079322885264538,3.9789588,0.01,0.0,0.0,1.0,0.0,0.0005,exchangeInfo.quotePrecision/baseSizePrecision/quoteAmountPrecision,1,False,0.4748201438848921,0.9995766299745978,0.3628281117696867,58.36108589842775
mexc,WSDMUSDT,WSDM-USDT,WSDM,USDT,True,1,True,0.000181,84841.951015,446216472.63,0.00018,132908.27,0.000181,123314.92,55.401662049861336,22.32000052,1e-06,0.0,0.0,1.0,0.0,0.0005,exchangeInfo.quotePrecision/baseSizePrecision/quoteAmountPrecision,1,False,0.6741430385103682,0.30567315834038955,0.6790855207451313,58.30140649148261
mexc,SGTUSDT,SGT-USDT,SGT,USDT,True,1,True,0.0971,223604.3592,2253326.21,0.097,13.7,0.0975,167.5,51.41388174807203,1.3289,0.0001,0.1,0.1,1.0,0.0,0.0005,exchangeInfo.quotePrecision/baseSizePrecision/quoteAmountPrecision,1,False,0.8501904358865848,0.34123624047417445,0.14775613886536834,58.24650276292389
mexc,HGPTUSDT,HGPT-USDT,HGPT,USDT,True,1,True,0.002057,125754.706425,61029999.1,0.002049,2440.72,0.00206,2815.35,53.54100754441548,5.00103528,1e-06,0.0,0.0,1.0,0.0,0.0005,exchangeInfo.quotePrecision/baseSizePrecision/quoteAmountPrecision,1,False,0.7689377909437156,0.3209144792548687,0.39627434377646065,58.239927358805296
mexc,JCTUSDT,JCT-USDT,JCT,USDT,True,1,True,0.003048,99287.928152,33410631.11,0.003049,175105.13,0.003077,15184.39,91.41364675155016,46.72236803,1e-06,0.0,0.0,1.0,0.0,0.0005,exchangeInfo.quotePrecision/baseSizePrecision/quoteAmountPrecision,1,False,0.7118070249682606,0.14479254868755287,0.77307366638442,58.23067341813156
mexc,COINONUSDT,COINON-USDT,COINON,USDT,True,1,True,160.24,73549.35,445.8,160.1,0.108,160.57,0.034,29.31362459849683,5.45938,0.01,0.0,0.0,1.0,0.0,0.0005,exchangeInfo.quotePrecision/baseSizePrecision/quoteAmountPrecision,1,False,0.6275920440118493,0.6075359864521592,0.4246401354784081,58.19876479152386
mexc,PTBUSDT,PTB-USDT,PTB,USDT,True,1,True,0.001599,139672.088157,84525894.64,0.001588,21643.29,0.001676,123854.59,539.2156862745096,34.36954452,1e-06,0.0,0.0,1.0,0.0,0.0005,exchangeInfo.quotePrecision/baseSizePrecision/quoteAmountPrecision,1,False,0.7833262801523487,0.015241320914479273,0.7358171041490262,58.1803205142217
mexc,PENGUINUSDT,PENGUIN-USDT,PENGUIN,USDT,True,1,True,0.00325,182839.440155,60010838.98,0.003236,2377.46,0.00325,391.21,43.16990440949642,1.2714325,1e-06,0.0,0.0,1.0,0.0,0.0005,exchangeInfo.quotePrecision/baseSizePrecision/quoteAmountPrecision,1,False,0.8231062209056285,0.4301439458086368,0.10668924640135478,58.15822572305258
mexc,BACONUSDT,BACON-USDT,BACON,USDT,True,1,True,47.43,58997.23,1232.61,47.32,6.32,47.49,2.05,35.86119607636361,97.3545,0.01,0.0,0.0,1.0,0.0,0.0005,exchangeInfo.quotePrecision/baseSizePrecision/quoteAmountPrecision,1,False,0.5006347862886161,0.5342929720575783,0.8628281117696867,58.14879978270709
mexc,FTUSDT,FT-USDT,FT,USDT,True,1,True,0.09616,76302.05657,790153.1,0.09615,746.86,0.09674,1063.63,61.174762818187276,71.81058900000001,1e-05,0.0,0.0,1.0,0.0,0.0005,exchangeInfo.quotePrecision/baseSizePrecision/quoteAmountPrecision,1,False,0.6411341515023276,0.2591024555461473,0.8196443691786621,58.13282710485495
mexc,TKOUSDT,TKO-USDT,TKO,USDT,True,1,True,0.05034,101418.79648,1987063.58,0.05025,27.0,0.0504,17777.76,29.80625931445551,1.3567500000000001,1e-05,0.01,0.01,1.0,0.0,0.0005,exchangeInfo.quotePrecision/baseSizePrecision/quoteAmountPrecision,1,False,0.7232331781633516,0.6037256562235394,0.1629974597798476,58.13091540016979
mexc,TRUFUSDT,TRUF-USDT,TRUF,USDT,True,1,True,0.00382,195105.05322,49930006.35,0.00381,4029.53,0.00383,385.67,52.35602094240851,1.4771161000000002,1e-05,0.0,0.0,1.0,0.0,0.0005,exchangeInfo.quotePrecision/baseSizePrecision/quoteAmountPrecision,1,False,0.8332628015234871,0.3323454699407282,0.1947502116850127,58.033095066010254
mexc,ARXUSDT,ARX-USDT,ARX,USDT,True,1,True,0.01509,62101.66341,4103883.64,0.01509,857.05,0.0151,173.6,6.624710168930988,2.62136,1e-05,0.0,0.0,1.0,0.0,0.0005,exchangeInfo.quotePrecision/baseSizePrecision/quoteAmountPrecision,1,False,0.547185780787135,0.8937341236240475,0.279424216765453,58.02705536920267
mexc,ALUSDT,AL-USDT,AL,USDT,True,1,True,0.0031,65147.62345,22006135.01,0.003101,4172.95,0.003111,19796.25,32.19575016097883,12.940317949999999,1e-06,0.0,0.0,1.0,0.0,0.0005,exchangeInfo.quotePrecision/baseSizePrecision/quoteAmountPrecision,1,False,0.5763859500634786,0.5787468247248095,0.59229466553768,58.01579118236516
mexc,RPLUSDT,RPL-USDT,RPL,USDT,True,1,True,1.566,90606.151,56592.66,1.564,39.86,1.569,1.68,31.918289179699286,2.63592,0.001,0.01,0.01,1.0,0.0,0.0005,exchangeInfo.quotePrecision/baseSizePrecision/quoteAmountPrecision,1,False,0.6876851460008464,0.5829805249788316,0.2802709568162574,58.0026152908425
mexc,LPTUSDC,LPT-USDC,LPT,USDC,True,1,True,2.069,63583.62,30440.97,2.065,34.56,2.074,39.12,43.48876540227059,71.3664,0.001,0.0,0.0,1.0,0.0,0.0,exchangeInfo.quotePrecision/baseSizePrecision/quoteAmountPrecision,1,False,0.5632670334320778,0.4254868755292125,0.81922099915326,58.0012787100598
mexc,TSTUSDT,TST-USDT,TST,USDT,True,1,True,0.008355,55924.126846,6766112.69,0.008347,224036.72,0.008363,48105.68,19.15020945541638,402.30780184,1e-06,0.0,0.0,1.0,0.0,0.0005,exchangeInfo.quotePrecision/baseSizePrecision/quoteAmountPrecision,1,False,0.381294964028777,0.7171888230313294,0.9546994072819645,57.99493174300525
mexc,RLCUSDT,RLC-USDT,RLC,USDT,True,1,True,0.3872,85077.4893,214523.7,0.3868,35.86,0.3876,3.53,20.66115702479398,1.368228,0.0001,0.0,0.0,1.0,0.0,0.0005,exchangeInfo.quotePrecision/baseSizePrecision/quoteAmountPrecision,1,False,0.6745662293694457,0.7006773920406435,0.165961049957663,57.93729841548886
mexc,OASUSDT,OAS-USDT,OAS,USDT,True,1,True,0.0003461,59713.0816872,171681755.35,0.0003461,28918.4,0.0003462,7517.72,2.888920988011048,2.602634664,1e-07,0.0,0.0,1.0,0.0,0.0005,exchangeInfo.quotePrecision/baseSizePrecision/quoteAmountPrecision,1,False,0.512907321201862,0.9652836579170194,0.2790008467400508,57.92201104882891
mexc,DNXUSDT,DNX-USDT,DNX,USDT,True,1,True,0.02016,68550.80001,3369384.29,0.02012,190.29,0.02016,940.88,19.86097318768711,3.8286347999999997,1e-05,0.0,0.0,1.0,0.0,0.0005,exchangeInfo.quotePrecision/baseSizePrecision/quoteAmountPrecision,1,False,0.6009310198899703,0.7087214225232854,0.35647756138865366,57.898792884803576
mexc,NFTUSDT,NFT-USDT,NFT,USDT,True,1,True,3.271e-07,75678.0578723461,229333041328.0,3.259e-07,508606447.0,3.274e-07,55008033.0,45.92071024031697,18.009630004199998,1e-10,100.0,100.0,1.0,0.0,0.0005,exchangeInfo.quotePrecision/baseSizePrecision/quoteAmountPrecision,1,False,0.6385950063478629,0.39839119390347166,0.6397121083827265,57.87674736437379
mexc,MMUIUSDT,MMUI-USDT,MMUI,USDT,True,1,True,0.0405,118988.7931,2932682.83,0.0404,272.09,0.0407,4369.23,73.98273736128277,10.992435999999998,0.0001,0.01,0.01,1.0,0.0,0.0005,exchangeInfo.quotePrecision/baseSizePrecision/quoteAmountPrecision,1,False,0.7604739737621667,0.1879762912785775,0.5664690939881456,57.85485771864652
mexc,SWGTUSDT,SWGT-USDT,SWGT,USDT,True,1,True,0.01087,125123.44345,11488148.95,0.01083,1250.39,0.01093,2028.33,91.91176470588339,13.5417237,1e-05,0.0,0.0,1.0,0.0,0.0005,exchangeInfo.quotePrecision/baseSizePrecision/quoteAmountPrecision,1,False,0.7685146000846381,0.14394580863674855,0.598645215918713,57.83985253894808
mexc,COSUSDT,COS-USDT,COS,USDT,True,1,True,0.0015138,73418.2290383,46823749.62,0.0015079,62488.0,0.0015148,13459.16,45.654547259073055,20.387935568,1e-07,0.0,0.0,1.0,0.0,0.0005,exchangeInfo.quotePrecision/baseSizePrecision/quoteAmountPrecision,1,False,0.6271688531527719,0.401354784081287,0.6634208298052497,57.79657312153963
mexc,QRLUSDT,QRL-USDT,QRL,USDT,True,1,True,1.17338,98113.28059,83611.03,1.17313,21.7,1.18146,49.78,70.75541814073745,25.456920999999998,1e-05,0.0,0.0,1.0,0.0,0.0005,exchangeInfo.quotePrecision/baseSizePrecision/quoteAmountPrecision,1,False,0.7075751163774863,0.2006773920406435,0.6930567315834039,57.79470083344591
mexc,CRETAUSDT,CRETA-USDT,CRETA,USDT,True,1,True,0.002309,56528.477009,24499758.83,0.002309,21745.94,0.002312,16373.33,12.984202553559681,37.85513896,1e-06,0.001,0.001,1.0,0.0,0.0005,exchangeInfo.quotePrecision/baseSizePrecision/quoteAmountPrecision,1,False,0.41472704189589504,0.7988992379339543,0.7480948348856901,57.74436495033689
mexc,SFIUSDT,SFI-USDT,SFI,USDT,True,1,True,0.006145,141196.950696,23409540.77,0.00613,3123.42,0.006152,179.46,35.82478423709545,1.1040379200000001,1e-06,0.0,0.0,1.0,0.0,0.0005,exchangeInfo.quotePrecision/baseSizePrecision/quoteAmountPrecision,1,False,0.784595852729581,0.5351397121083827,0.06054191363251482,57.74210297548682
mexc,FUNUSDT,FUN-USDT,FUN,USDT,True,1,True,0.03332,58947.97826,1749465.56,0.03329,6007.83,0.03335,400.0,18.007202881151727,13.34,1e-05,0.0,0.0,1.0,0.0,0.0005,exchangeInfo.quotePrecision/baseSizePrecision/quoteAmountPrecision,1,False,0.4993652137113838,0.7332768839966131,0.5961049957662997,57.71910876936743
mexc,HDNUSDT,HDN-USDT,HDN,USDT,True,1,True,0.02663,83524.07406,3082245.78,0.0265,29683.49,0.02675,3972.37,93.89671361502356,106.2608975,1e-05,0.0,0.0,1.0,0.0,0.0005,exchangeInfo.quotePrecision/baseSizePrecision/quoteAmountPrecision,1,False,0.6694879390605163,0.13801862828111766,0.8721422523285352,57.71514740192705
mexc,COPONUSDT,COPON-USDT,COPON,USDT,True,1,True,134.49,60293.54,448.267,134.13,1.835,134.61,0.372,35.722259432910484,50.074920000000006,0.01,0.0,0.0,1.0,0.0,0.0005,exchangeInfo.quotePrecision/baseSizePrecision/quoteAmountPrecision,1,False,0.5213711383834109,0.535986452159187,0.7811176968670618,57.697427852408524
mexc,PONDUSDT,POND-USDT,POND,USDT,True,1,True,0.002122,71457.34983,33242892.58,0.002121,16242.32,0.002125,1236.46,18.841262364578885,2.6274775000000004,1e-06,0.001,0.001,1.0,0.0,0.0005,exchangeInfo.quotePrecision/baseSizePrecision/quoteAmountPrecision,1,False,0.6178586542530682,0.7239627434377647,0.2798475867908552,57.67824630567997
mexc,TREEUSDT,TREE-USDT,TREE,USDT,True,1,True,0.05868,60589.45443,1004389.33,0.05858,11949.75,0.05871,200.0,22.167277687782107,11.741999999999999,1e-05,0.0,0.0,1.0,0.0,0.0005,exchangeInfo.quotePrecision/baseSizePrecision/quoteAmountPrecision,1,False,0.52814219212865,0.6845893310753599,0.5749364944961897,57.661283733883536
mexc,C98USDT,C98-USDT,C98,USDT,True,1,True,0.02535,105573.11956,4075308.24,0.0253,73856.36,0.02538,51.73,31.57063930544602,1.3129073999999998,1e-05,0.0001,0.0001,1.0,0.0,0.0005,exchangeInfo.quotePrecision/baseSizePrecision/quoteAmountPrecision,1,False,0.7346593313584426,0.5859441151566469,0.12955122777307368,57.645890659092004
mexc,AAPLONUSDT,AAPLON-USDT,AAPLON,USDT,True,1,True,248.6,57311.47,227.462,248.13,1.658,248.99,1.926,34.5992919214682,411.39953999999994,0.01,0.0,0.0,1.0,0.0,0.0005,exchangeInfo.quotePrecision/baseSizePrecision/quoteAmountPrecision,1,False,0.4498518831993229,0.5499576629974599,0.9568162574089755,57.62712029907877
mexc,WNXUSDT,WNX-USDT,WNX,USDT,True,1,True,0.0021,1450432.22695,464006900.05,0.00206,533.98,0.00208,125480.76,96.61835748792087,1.0999988,1e-05,0.0,0.0,1.0,0.0,0.0005,exchangeInfo.quotePrecision/baseSizePrecision/quoteAmountPrecision,1,False,0.9674143038510368,0.13209144792548688,0.0554614733276884,57.61930237649796
mexc,NEOSUSDT,NEOS-USDT,NEOS,USDT,True,1,True,0.1578,761553.8439,3284179.36,0.1572,10.71,0.1583,2.43,69.73058637083929,0.38466900000000004,0.0001,0.0,0.0,1.0,0.0,0.0005,exchangeInfo.quotePrecision/baseSizePrecision/quoteAmountPrecision,1,False,0.942869234024545,0.2040643522438611,0.03175275190516511,57.59447171554981
mexc,NODEUSDT,NODE-USDT,NODE,USDT,True,1,True,0.01297,59132.00153,4565327.28,0.01295,3045.43,0.01299,6459.07,30.840400925212112,39.438318499999994,1e-05,0.0,0.0,1.0,0.0,0.0005,exchangeInfo.quotePrecision/baseSizePrecision/quoteAmountPrecision,1,False,0.5031739314430809,0.594411515664691,0.7527519051651143,57.58989222428901
mexc,XPRUSDT,XPR-USDT,XPR,USDT,True,1,True,0.0023158,78534.6879323,34006838.27,0.0023139,151870.67,0.0023222,2304.78,35.80595759366773,5.352160116,1e-07,0.001,0.001,1.0,0.0,0.0005,exchangeInfo.quotePrecision/baseSizePrecision/quoteAmountPrecision,1,False,0.6512907321201862,0.5355630821337849,0.4182895850973751,57.57585902190237
mexc,ALEXUSDT,ALEX-USDT,ALEX,USDT,True,1,True,0.00063,101147.51301,160711836.76,0.00062,313358.89,0.00063,106289.13,160.00000000000043,66.96215190000001,1e-05,0.0,0.0,1.0,0.0,0.0005,exchangeInfo.quotePrecision/baseSizePrecision/quoteAmountPrecision,1,False,0.7219636055861194,0.06604572396274344,0.8107535986452159,57.57421337920947
mexc,PTHUSDT,PTH-USDT,PTH,USDT,True,1,True,0.02111,118146.91318,5632857.46,0.02103,256.89,0.02115,7900.59,56.89900426742466,5.4023967,1e-05,0.0,0.0,1.0,0.0,0.0005,exchangeInfo.quotePrecision/baseSizePrecision/quoteAmountPrecision,1,False,0.758781210325857,0.2946655376799323,0.4225232853513971,57.55007071694839
mexc,RONUSDT,RON-USDT,RON,USDT,True,1,True,0.08649,77995.68284,902399.43,0.08643,19.19,0.08661,21.73,20.804438280166387,1.6585917000000003,1e-05,0.0,0.0,1.0,0.0,0.0005,exchangeInfo.quotePrecision/baseSizePrecision/quoteAmountPrecision,1,False,0.6500211595429539,0.6989839119390346,0.21464860287891618,57.518733630916664
mexc,NPCUSDC,NPC-USDC,NPC,USDC,True,1,True,0.007442,65791.520963,8724538.62,0.007437,260.0,0.007445,260.0,10.751243112485144,1.9336200000000001,1e-06,0.0,0.0,1.0,0.0,0.0,exchangeInfo.quotePrecision/baseSizePrecision/quoteAmountPrecision,1,False,0.5831570038087177,0.8306519898391194,0.23243014394580863,57.488537834373645
mexc,NKEONUSDT,NKEON-USDT,NKEON,USDT,True,1,True,52.3,57793.37,1099.28,52.17,6.35,52.36,5.48,36.353200038266095,286.93280000000004,0.01,0.0,0.0,1.0,0.0,0.0005,exchangeInfo.quotePrecision/baseSizePrecision/quoteAmountPrecision,1,False,0.46593313584426577,0.5249788314987298,0.9352243861134631,57.45528098117213
mexc,RYOUSDT,RYO-USDT,RYO,USDT,True,1,True,4.126,257515.273,61694.05,4.105,1.04,4.131,0.34,63.13744536182564,1.4045400000000001,0.001,0.0,0.0,1.0,0.0,0.0005,exchangeInfo.quotePrecision/baseSizePrecision/quoteAmountPrecision,1,False,0.8675412611087601,0.2442845046570703,0.18162574089754446,57.45439679535945
mexc,VANKEDISIUSDT,VANKEDISI-USDT,VANKEDISI,USDT,True,1,True,0.0112,117136.7874,10308104.05,0.01117,2289.98,0.01133,8547.76,142.2222222222226,25.5790766,1e-05,0.0,0.0,1.0,0.0,0.0005,exchangeInfo.quotePrecision/baseSizePrecision/quoteAmountPrecision,1,False,0.7562420651713923,0.0791701947502117,0.6939034716342083,57.450637885866044
mexc,INUSDT,IN-USDT,IN,USDT,True,1,True,0.05436,61134.83869,1098411.94,0.05426,468.22,0.05444,3311.25,33.1186752529898,25.405617200000002,1e-05,0.0,0.0,1.0,0.0,0.0005,exchangeInfo.quotePrecision/baseSizePrecision/quoteAmountPrecision,1,False,0.5361828184511215,0.5647756138865369,0.6917866215071973,57.445177792119054
mexc,AIDOGEUSDT,AIDOGE-USDT,AIDOGE,USDT,True,1,True,9.999e-12,52967.98058907953,5292940967007123.0,9.997e-12,59379578893471.0,1.0001e-11,187732923721827.0,4.000400040004387,593.6176501980295,1e-15,0.0,0.0,1.0,0.0,0.0005,exchangeInfo.quotePrecision/baseSizePrecision/quoteAmountPrecision,1,False,0.26068556919170544,0.9458086367485182,0.9720575783234547,57.42407379072585
mexc,GUIUSDT,GUI-USDT,GUI,USDT,True,1,True,4.78e-07,150245.408933898,313289835289.0,4.76e-07,14705882.0,4.8e-07,108372057.0,83.6820083682005,6.999999831999999,1e-09,0.0,0.0,1.0,0.0,0.0005,exchangeInfo.quotePrecision/baseSizePrecision/quoteAmountPrecision,1,False,0.7955988150655946,0.16215071972904316,0.48052497883149875,57.42220239846376
mexc,ACUUSDT,ACU-USDT,ACU,USDT,True,1,True,0.08701,67161.99611,766141.91,0.08694,23.0,0.08705,114.96,12.644404850853382,1.9996200000000002,1e-05,0.0,0.0,1.0,0.0,0.0005,exchangeInfo.quotePrecision/baseSizePrecision/quoteAmountPrecision,1,False,0.5920440118493441,0.8035563082133785,0.23793395427603725,57.41000744256913
mexc,IKAUSDT,IKA-USDT,IKA,USDT,True,1,True,0.00335,84194.17336,24973041.58,0.003344,2985.49,0.00336,148680.94,47.732696897374566,9.98347856,1e-06,0.0,0.0,1.0,0.0,0.0005,exchangeInfo.quotePrecision/baseSizePrecision/quoteAmountPrecision,1,False,0.6720270842149809,0.3806096528365792,0.5406435224386114,57.28960140151066
mexc,CHILLGUYUSDT,CHILLGUY-USDT,CHILLGUY,USDT,True,1,True,0.007208,62182.217682,8337427.39,0.007207,12784.43,0.00724,38428.13,45.68422509863645,92.13738701,1e-06,0.0,0.0,1.0,0.0,0.0005,exchangeInfo.quotePrecision/baseSizePrecision/quoteAmountPrecision,1,False,0.5476089716462125,0.40093141405588484,0.8569009314140559,57.27979742021992
mexc,RIVNONUSDT,RIVNON-USDT,RIVNON,USDT,True,1,True,14.84,62457.07,4147.83,14.8,22.17,14.88,25.53,53.908355795148296,328.11600000000004,0.01,0.0,0.0,1.0,0.0,0.0005,exchangeInfo.quotePrecision/baseSizePrecision/quoteAmountPrecision,1,False,0.5539568345323741,0.31583403895004236,0.9458086367485182,57.279649608002
mexc,TOKENUSDT,TOKEN-USDT,TOKEN,USDT,True,1,True,0.002657,62471.271567,23587165.24,0.002651,33416.66,0.002662,16601.18,41.40786749482298,44.19234116,1e-06,0.0001,0.0001,1.0,0.0,0.0005,exchangeInfo.quotePrecision/baseSizePrecision/quoteAmountPrecision,1,False,0.5543800253914516,0.4572396274343776,0.7667231160033869,57.25635440245702
mexc,PIPEUSDT,PIPE-USDT,PIPE,USDT,False,1,True,0.02131,62188.72828,2879400.89,0.0213,203.94,0.02133,271.7,14.074595355382957,4.343922,1e-05,0.0,0.0,1.0,0.0,0.0005,exchangeInfo.quotePrecision/baseSizePrecision/quoteAmountPrecision,1,False,0.5480321625052899,0.7853513971210838,0.3729889923793395,57.235333713404835
mexc,BBTUSDT,BBT-USDT,BBT,USDT,True,1,True,0.4412,64142.74292,184040.73,0.4408,12.21,0.4417,12.18,20.396600566571248,5.379906,1e-05,0.0,0.0,1.0,0.0,0.0005,exchangeInfo.quotePrecision/baseSizePrecision/quoteAmountPrecision,1,False,0.5679221328819297,0.7027942421676545,0.4212531752751905,57.230636868201316
mexc,PORUSDT,POR-USDT,POR,USDT,True,1,True,0.5678,59150.758,105331.62,0.5664,113.2,0.568,46.66,28.20874471085922,26.502879999999994,0.0001,0.1,0.1,1.0,0.0,0.0005,exchangeInfo.quotePrecision/baseSizePrecision/quoteAmountPrecision,1,False,0.5035971223021583,0.6210838272650296,0.6968670618120237,57.16227864448492
mexc,RABIUSDT,RABI-USDT,RABI,USDT,True,1,True,0.0006986,91239.0212391,130036535.22,0.0006952,65064.44,0.0006993,21227.66,58.80243814987516,14.844502638,1e-07,0.0,0.0,1.0,0.0,0.0005,exchangeInfo.quotePrecision/baseSizePrecision/quoteAmountPrecision,1,False,0.6893779094371562,0.277307366638442,0.6117696867061811,57.08386291912826
mexc,OHOUSDT,OHO-USDT,OHO,USDT,True,1,True,0.351953,94949.853196,268646.79,0.350136,70.2,0.35268,300.0,72.39448162819261,24.5795472,1e-06,0.0,0.0,1.0,0.0,0.0005,exchangeInfo.quotePrecision/baseSizePrecision/quoteAmountPrecision,1,False,0.6995344900550148,0.1926333615580017,0.6875529212531752,57.041289417039366
mexc,VETUSDC,VET-USDC,VET,USDC,True,1,True,0.006624,56681.092607,8455288.19,0.006611,75415.16,0.006632,193152.21,31.714868232273936,498.56962276,1e-06,0.0,0.0,1.0,0.0,0.0,exchangeInfo.quotePrecision/baseSizePrecision/quoteAmountPrecision,1,False,0.4206517139229793,0.5846740050804403,0.9627434377646062,57.007563148067
mexc,ASMLONUSDT,ASMLON-USDT,ASMLON,USDT,True,1,True,1311.64,63338.14,47.971,1306.2,0.229,1312.11,0.043,45.143623176780864,56.42072999999999,0.01,0.0,0.0,1.0,0.0,0.0005,exchangeInfo.quotePrecision/baseSizePrecision/quoteAmountPrecision,1,False,0.5615742699957681,0.4072819644369179,0.792125317527519,56.91114031124057
mexc,ESUSDT,ES-USDT,ES,USDT,True,1,True,0.12768,76818.14862,601831.94,0.12754,17.81,0.12786,434.55,25.058731401723946,2.2714873999999994,1e-05,0.0,0.0,1.0,0.0,0.0005,exchangeInfo.quotePrecision/baseSizePrecision/quoteAmountPrecision,1,False,0.6440964875158697,0.649026248941575,0.26206604572396275,56.89228395139146
mexc,WOJAKUSDT,WOJAK-USDT,WOJAK,USDT,True,1,True,1.535e-08,169188.7529986294,10379950669848.0,1.53e-08,1.0,1.536e-08,5622011701.0,39.13894324853135,1.53e-08,1e-11,0.0,0.0,1.0,0.0,0.0005,exchangeInfo.quotePrecision/baseSizePrecision/quoteAmountPrecision,1,False,0.8116800677105375,0.48899237933954276,0.0004233700254022015,56.87568060807617
mexc,OXYONUSDT,OXYON-USDT,OXYON,USDT,True,1,True,65.31,63705.84,976.8,65.26,4.23,65.64,5.49,58.05958747135148,276.04980000000006,0.01,0.0,0.0,1.0,0.0,0.0005,exchangeInfo.quotePrecision/baseSizePrecision/quoteAmountPrecision,1,False,0.5641134151502327,0.28746824724809483,0.9322607959356477,56.85815993317813
mexc,GFALUSDT,GFAL-USDT,GFAL,USDT,True,1,True,0.001042,58551.512904,54977672.56,0.001041,162655.85,0.001043,13138.0,19.193857965451524,13.702934,1e-06,0.0,0.0,1.0,0.0,0.0005,exchangeInfo.quotePrecision/baseSizePrecision/quoteAmountPrecision,1,False,0.4892086330935252,0.7159187129551228,0.6024555461473328,56.853553566968614
mexc,AMZNONUSDT,AMZNON-USDT,AMZNON,USDT,True,1,True,198.83,57938.74,285.536,198.33,1.509,199.11,5.045,39.25120772946865,299.27997,0.01,0.0,0.0,1.0,0.0,0.0005,exchangeInfo.quotePrecision/baseSizePrecision/quoteAmountPrecision,1,False,0.46974185357596276,0.48687552921253174,0.9386113463166808,56.77991710332486
mexc,IDEXUSDT,IDEX-USDT,IDEX,USDT,True,1,True,0.00309,76374.643908,23488146.18,0.003083,3844.0,0.003093,1207.87,32.38341968911926,3.7359419099999993,1e-06,1.0,1.0,1.0,0.0,0.0005,exchangeInfo.quotePrecision/baseSizePrecision/quoteAmountPrecision,1,False,0.6419805332204824,0.5753598645215918,0.3535139712108383,56.7632053643831
mexc,SHOPONUSDT,SHOPON-USDT,SHOPON,USDT,True,1,True,111.78,63760.36,563.284,111.49,3.037,112.07,0.849,51.887636428699075,95.14742999999999,0.01,0.0,0.0,1.0,0.0,0.0005,exchangeInfo.quotePrecision/baseSizePrecision/quoteAmountPrecision,1,False,0.5645366060093102,0.33784928027095684,0.8602878916172735,56.70150316963145
mexc,WIFEUR,WIF-EUR,WIF,EUR,True,1,True,0.1482,115230.4618,755168.22,0.148,9.44,0.1486,9.71,40.458530006744255,1.39712,0.0001,0.0,0.0,1.0,0.0,0.0,exchangeInfo.quotePrecision/baseSizePrecision/quoteAmountPrecision,1,False,0.7507405840033855,0.47332768839966133,0.17866215071972905,56.69716734457232
mexc,ACHRONUSDT,ACHRON-USDT,ACHRON,USDT,True,1,True,5.076,62321.813,11950.02,5.069,84.5,5.098,70.84,57.04730992426461,361.14232,0.001,0.0,0.0,1.0,0.0,0.0005,exchangeInfo.quotePrecision/baseSizePrecision/quoteAmountPrecision,1,False,0.5505713076597546,0.2933954276037256,0.949618966977138,56.608686950922404
mexc,TRACUSDT,TRAC-USDT,TRAC,USDT,True,1,True,0.2865,58980.1676,202362.72,0.2864,1775.86,0.2866,12.41,6.980802792322286,3.556706,0.0001,0.0,0.0,1.0,0.0,0.0005,exchangeInfo.quotePrecision/baseSizePrecision/quoteAmountPrecision,1,False,0.49978840457046125,0.8882303132938187,0.34504657070279426,56.59505149777673
mexc,XINUSDT,XIN-USDT,XIN,USDT,True,1,True,64.0,71070.37,1117.02,63.7,0.309,64.0,2.046,46.98512137822978,19.6833,0.01,0.0,0.0,1.0,0.0,0.0005,exchangeInfo.quotePrecision/baseSizePrecision/quoteAmountPrecision,1,False,0.6140499365213712,0.388653683319221,0.6545300592718035,56.579689777092014
mexc,TAPUSDT,TAP-USDT,TAP,USDT,True,1,True,0.0726,74184.3162,893915.82,0.0726,116.21,0.0729,470.2,41.23711340206303,8.436846,0.0001,0.0,0.0,1.0,0.0,0.0005,exchangeInfo.quotePrecision/baseSizePrecision/quoteAmountPrecision,1,False,0.630131189166314,0.4610499576629975,0.5186282811176969,56.556029968076146
mexc,OSMOUSDT,OSMO-USDT,OSMO,USDT,True,1,True,0.02992,65923.05428,2182467.78,0.02988,814.26,0.02999,385.98,36.74628361449774,11.5755402,1e-05,0.1,0.1,1.0,0.0,0.0005,exchangeInfo.quotePrecision/baseSizePrecision/quoteAmountPrecision,1,False,0.5835801946677952,0.5203217612193056,0.5719729043183742,56.54441282357886
mexc,USATUSDT,USAT-USDT,USAT,USDT,True,1,True,1.0002,66109.7262,66095.24,1.0001,596.04,1.0005,0.5,3.998800359891592,0.50025,0.0001,0.0,0.0,1.0,0.0,0.0005,exchangeInfo.quotePrecision/baseSizePrecision/quoteAmountPrecision,1,False,0.5856961489631825,0.9462320067739204,0.03302286198137172,56.52954560195048
mexc,OLASUSDT,OLAS-USDT,OLAS,USDT,True,1,True,0.0451,59720.5478,1319630.6,0.045,3053.49,0.0452,11091.07,44.34589800443432,137.40705,0.0001,0.0,0.0,1.0,0.0,0.0005,exchangeInfo.quotePrecision/baseSizePrecision/quoteAmountPrecision,1,False,0.5137537029200169,0.41659610499576627,0.8916172734970365,56.50370175543582
mexc,XLABUSDT,XLAB-USDT,XLAB,USDT,False,1,True,2.36e-07,71309.6266322342,285909112135.76,2.361e-07,62321468.98,2.37e-07,33058665.0,38.046924540265834,7.834903605,1e-10,0.0,0.0,1.0,0.0,0.0005,exchangeInfo.quotePrecision/baseSizePrecision/quoteAmountPrecision,1,False,0.6170122725349132,0.5033869602032176,0.49915325994919557,56.50341419348458
mexc,DADDYUSDT,DADDY-USDT,DADDY,USDT,True,1,True,0.008753,57812.255331,5855881.21,0.008749,17146.77,0.008753,506.66,4.570906182151218,4.43479498,1e-06,0.0,0.0,1.0,0.0,0.0005,exchangeInfo.quotePrecision/baseSizePrecision/quoteAmountPrecision,1,False,0.4663563267033432,0.9335309060118544,0.37552921253175275,56.49845486961529
mexc,CPNGONUSDT,CPNGON-USDT,CPNGON,USDT,True,1,True,17.98,62038.85,3414.57,17.98,16.81,18.08,22.3,55.46311702717574,302.24379999999996,0.01,0.0,0.0,1.0,0.0,0.0005,exchangeInfo.quotePrecision/baseSizePrecision/quoteAmountPrecision,1,False,0.5463393990689801,0.3052497883149873,0.9394580863674852,56.46907338401829
mexc,ZKPUSDT,ZKP-USDT,ZKP,USDT,True,1,True,0.06969,59528.39715,845074.15,0.06964,150.88,0.06979,150.55,21.51617299003245,10.506884500000002,1e-05,0.0,0.0,1.0,0.0,0.0005,exchangeInfo.quotePrecision/baseSizePrecision/quoteAmountPrecision,1,False,0.5095217943292425,0.6900931414055884,0.558848433530906,56.45299589386617
mexc,BANUSDT,BAN-USDT,BAN,USDT,True,1,True,0.05741,138992.62199,2435241.31,0.05715,5725.0,0.05741,23.9,45.39106145251454,1.372099,1e-05,0.0,0.0,1.0,0.0,0.0005,exchangeInfo.quotePrecision/baseSizePrecision/quoteAmountPrecision,1,False,0.7824798984341939,0.4026248941574937,0.1672311600338696,56.44663996849539
mexc,AUTONOMIUSDT,AUTONOMI-USDT,AUTONOMI,USDT,True,1,True,0.07913,92594.29741,1160480.2,0.07901,13.92,0.07918,63.3,21.493141159365763,1.0998192,1e-05,0.0,0.0,1.0,0.0,0.0005,exchangeInfo.quotePrecision/baseSizePrecision/quoteAmountPrecision,1,False,0.6927634363097757,0.6905165114309907,0.05249788314987299,56.414859445809896
mexc,WEXOUSDC,WEXO-USDC,WEXO,USDC,True,1,True,0.02274,77349.73345,3398656.06,0.02272,7953.68,0.02275,44.68,13.195513525400827,1.01647,1e-05,0.0,0.0,1.0,0.0,0.0,exchangeInfo.quotePrecision/baseSizePrecision/quoteAmountPrecision,1,False,0.6470588235294118,0.7972057578323455,0.04445385266723116,56.40745629327091
mexc,WIFUSDC,WIF-USDC,WIF,USDC,True,1,True,0.1708,70089.5314,399438.4,0.1703,62.96,0.171,77.69,41.01963082332295,10.722088000000001,0.0001,0.0,0.0,1.0,0.0,0.0,exchangeInfo.quotePrecision/baseSizePrecision/quoteAmountPrecision,1,False,0.6098180279305967,0.4635901778154107,0.5618120237087214,56.36598645574252
mexc,ALUUSDT,ALU-USDT,ALU,USDT,True,1,True,0.004271,72464.751777,16911866.52,0.004271,2838.54,0.00429,13978.86,44.387337927814016,12.123404339999999,1e-06,0.0,0.0,1.0,0.0,0.0005,exchangeInfo.quotePrecision/baseSizePrecision/quoteAmountPrecision,1,False,0.6233601354210749,0.41574936494496195,0.5825571549534293,56.329684670851755
mexc,EATUSDT,EAT-USDT,EAT,USDT,True,1,True,0.02982,83334.41705,2784898.79,0.02966,322.16,0.02981,12958.32,50.44560282495404,9.5552656,1e-05,0.0,0.0,1.0,0.0,0.0005,exchangeInfo.quotePrecision/baseSizePrecision/quoteAmountPrecision,1,False,0.6677951756242065,0.35139712108382726,0.5342929720575783,56.19952212757862
mexc,MBXUSDT,MBX-USDT,MBX,USDT,True,1,True,0.03632,60309.70411,1637484.75,0.03628,537.63,0.03634,151.34,16.524373450839317,5.4996956,1e-05,0.1,0.1,1.0,0.0,0.0005,exchangeInfo.quotePrecision/baseSizePrecision/quoteAmountPrecision,1,False,0.5222175201015659,0.7527519051651144,0.42929720575783237,56.12670534987063
mexc,IAUONUSDT,IAUON-USDT,IAUON,USDT,True,1,True,84.98,59670.4,708.93,84.93,0.04,85.01,0.04,9.4150876780038,3.3972,0.01,0.0,0.0,1.0,0.0,0.0005,exchangeInfo.quotePrecision/baseSizePrecision/quoteAmountPrecision,1,False,0.5124841303427846,0.8501270110076207,0.3336155800169348,56.112114044382366
mexc,BLKONUSDT,BLKON-USDT,BLKON,USDT,True,1,True,942.18,61804.87,64.457,941.74,0.409,947.02,0.291,55.90969736758479,275.58281999999997,0.01,0.0,0.0,1.0,0.0,0.0005,exchangeInfo.quotePrecision/baseSizePrecision/quoteAmountPrecision,1,False,0.5442234447735929,0.3005927180355631,0.9318374259102455,56.0838559316416
mexc,RTXONUSDT,RTXON-USDT,RTXON,USDT,True,1,True,190.65,58291.32,303.807,190.54,1.481,191.26,0.454,37.716081718177,86.83203999999999,0.01,0.0,0.0,1.0,0.0,0.0005,exchangeInfo.quotePrecision/baseSizePrecision/quoteAmountPrecision,1,False,0.48201438848920863,0.5071972904318374,0.8433530906011855,56.057785439726125
mexc,NVDAXUSDT,NVDAX-USDT,NVDAX,USDT,True,1,True,166.38,69856.59,411.98,166.35,0.7,166.88,0.03,31.809861056927716,5.006399999999999,0.01,0.0,0.0,1.0,0.0,0.0005,exchangeInfo.quotePrecision/baseSizePrecision/quoteAmountPrecision,1,False,0.6089716462124418,0.5838272650296359,0.3966977138018628,56.02307644346246
mexc,MSTRONUSDT,MSTRON-USDT,MSTRON,USDT,True,1,True,125.54,82051.9,640.412,125.0,0.08,125.64,0.525,51.069262687519995,10.0,0.01,0.0,0.0,1.0,0.0,0.0005,exchangeInfo.quotePrecision/baseSizePrecision/quoteAmountPrecision,1,False,0.663563267033432,0.34462320067739205,0.5444538526672311,56.00063675711818
mexc,MYXUSDC,MYX-USDC,MYX,USDC,True,1,True,0.2505,61592.3244,233043.3,0.2491,562.91,0.2504,532.68,52.05205205205299,133.383072,0.0001,0.0,0.0,1.0,0.0,0.0,exchangeInfo.quotePrecision/baseSizePrecision/quoteAmountPrecision,1,False,0.5416842996191282,0.3357324301439458,0.8890770533446232,55.96748829954316
mexc,MTRGUSDT,MTRG-USDT,MTRG,USDT,True,1,True,0.02266,59847.61652,2635262.46,0.02265,128.69,0.02267,655.21,8.826125330979341,2.9148285,1e-05,0.1,0.1,1.0,0.0,0.0005,exchangeInfo.quotePrecision/baseSizePrecision/quoteAmountPrecision,1,False,0.516716038933559,0.8624047417442845,0.2984758679085521,55.9490180431239
mexc,MELIONUSDT,MELION-USDT,MELION,USDT,True,1,True,1609.56,58450.91,36.1255,1603.4,0.0644,1609.91,0.1584,40.51896642402999,103.25896,0.01,0.0,0.0,1.0,0.0,0.0005,exchangeInfo.quotePrecision/baseSizePrecision/quoteAmountPrecision,1,False,0.4866694879390605,0.4712108382726503,0.8691786621507197,55.93066603647898
mexc,UAIUSDT,UAI-USDT,UAI,USDT,True,1,True,0.209,163904.6505,742350.61,0.2085,7022.48,0.2094,4.47,43.072505384063746,0.9360179999999999,0.0001,0.0,0.0,1.0,0.0,0.0005,exchangeInfo.quotePrecision/baseSizePrecision/quoteAmountPrecision,1,False,0.8066017774016081,0.4314140558848434,0.03895004233700254,55.927450000949584
mexc,RENDERUSDC,RENDER-USDC,RENDER,USDC,True,1,True,1.638,58229.656,34452.7,1.635,786.78,1.642,144.6,42.72200183094229,237.43319999999997,0.001,0.0,0.0,1.0,0.0,0.0,exchangeInfo.quotePrecision/baseSizePrecision/quoteAmountPrecision,1,False,0.4803216250528989,0.43988145639288734,0.9225232853513972,55.86519149475957
mexc,WOOUSDT,WOO-USDT,WOO,USDT,True,1,True,0.01616,96266.26518,5819280.73,0.01614,115.04,0.0162,99.3,37.10575139146417,1.6086599999999998,1e-05,0.001,0.001,1.0,0.0,0.0005,exchangeInfo.quotePrecision/baseSizePrecision/quoteAmountPrecision,1,False,0.7033432077867118,0.5156646909398814,0.21041490262489415,55.783791754264065
mexc,ATUSDT,AT-USDT,AT,USDT,True,1,True,0.14128,59782.74017,421601.6,0.14124,11.54,0.14131,40.71,4.954875243318828,1.6299096,1e-05,0.0,0.0,1.0,0.0,0.0005,exchangeInfo.quotePrecision/baseSizePrecision/quoteAmountPrecision,1,False,0.5154464663563267,0.9267569856054192,0.21210838272650295,55.76064794426351
mexc,NLSUSDT,NLS-USDT,NLS,USDT,True,1,True,0.004198,100408.464898,24026367.96,0.00419,787.59,0.00421,5938.24,47.619047619047734,3.3000021000000004,1e-06,0.0,0.0,1.0,0.0,0.0005,exchangeInfo.quotePrecision/baseSizePrecision/quoteAmountPrecision,1,False,0.720694033008887,0.38230313293818796,0.327688399661304,55.74951813216956
mexc,EULUSDT,EUL-USDT,EUL,USDT,True,1,True,0.7778,62311.9042,79444.39,0.7769,335.34,0.7791,10.0,28.27763496143933,7.791,0.0001,0.0001,0.0001,1.0,0.0,0.0005,exchangeInfo.quotePrecision/baseSizePrecision/quoteAmountPrecision,1,False,0.5501481168006771,0.6206604572396275,0.4987298899237934,55.749255653503795
mexc,TQQQONUSDT,TQQQON-USDT,TQQQON,USDT,True,1,True,38.62,64907.24,1623.69,38.49,7.72,38.69,1.32,51.82689816014401,51.0708,0.01,0.0,0.0,1.0,0.0,0.0005,exchangeInfo.quotePrecision/baseSizePrecision/quoteAmountPrecision,1,False,0.573846804909014,0.33869602032176127,0.7845046570702794,55.719067919445386
mexc,BOBUSDT,BOB-USDT,BOB,USDT,True,1,True,0.005853,95482.448747,16269770.38,0.005832,1028.0,0.005863,64042.35,53.01410859341561,5.995296000000001,1e-06,0.0,0.0,1.0,0.0,0.0005,exchangeInfo.quotePrecision/baseSizePrecision/quoteAmountPrecision,1,False,0.7012272534913246,0.3268416596104996,0.4483488569009314,55.705517570303975
mexc,RNBWUSDT,RNBW-USDT,RNBW,USDT,True,1,True,0.01608,57049.66982,3492795.98,0.01608,372.46,0.01609,1000.0,6.216972334472858,5.9891568,1e-05,0.0,0.0,1.0,0.0,0.0005,exchangeInfo.quotePrecision/baseSizePrecision/quoteAmountPrecision,1,False,0.4392721117223868,0.9026248941574937,0.44750211685012703,55.675630835671164
mexc,WELFUSDT,WELF-USDT,WELF,USDT,True,1,True,0.1133,182051.1814,1575081.59,0.1132,44.3,0.1146,1020.03,122.91483757682164,5.01476,0.0001,0.0,0.0,1.0,0.0,0.0005,exchangeInfo.quotePrecision/baseSizePrecision/quoteAmountPrecision,1,False,0.822683030046551,0.09822184589331073,0.3983911939034716,55.670936677962516
mexc,SOLAXYUSDT,SOLAXY-USDT,SOLAXY,USDT,True,1,True,7.385e-05,176764.97832343,2417973332.74,7.331e-05,161316.57,7.385e-05,38273.15,73.38950801848395,2.8264721275,1e-08,0.0,0.0,1.0,0.0,0.0005,exchangeInfo.quotePrecision/baseSizePrecision/quoteAmountPrecision,1,False,0.8192975031739315,0.1892464013547841,0.2938187976291279,55.668898661018396
mexc,IDUSDT,ID-USDT,ID,USDT,True,1,True,0.03507,84269.30852,2348204.01,0.03503,37.45,0.03512,425.97,25.659301496792533,1.3118735000000001,1e-05,0.0,0.0,1.0,0.0,0.0005,exchangeInfo.quotePrecision/baseSizePrecision/quoteAmountPrecision,1,False,0.6724502750740584,0.6452159187129551,0.12658763759525826,55.64691584880227
mexc,KEKIUSUSDT,KEKIUS-USDT,KEKIUS,USDT,True,1,True,0.009098,110765.755844,12039127.08,0.009056,297.77,0.009101,341.28,49.56765985570293,2.6966051199999996,1e-06,0.0,0.0,1.0,0.0,0.0005,exchangeInfo.quotePrecision/baseSizePrecision/quoteAmountPrecision,1,False,0.743546339399069,0.36198137171888234,0.28450465707027944,55.63467610132644
mexc,FDUSDT,FD-USDT,FD,USDT,True,1,True,0.2452,535218.4938,2124785.7,0.2452,20.0,0.2592,6.9,555.1149881046782,1.78848,0.0001,0.0,0.0,1.0,0.0,0.0005,exchangeInfo.quotePrecision/baseSizePrecision/quoteAmountPrecision,1,False,0.9234024545069827,0.013971210838272685,0.222692633361558,55.59026793607204
mexc,EQIXONUSDT,EQIXON-USDT,EQIXON,USDT,True,1,True,957.86,58708.16,60.806,957.78,0.326,962.28,0.288,46.87353520202494,277.13663999999994,0.01,0.0,0.0,1.0,0.0,0.0005,exchangeInfo.quotePrecision/baseSizePrecision/quoteAmountPrecision,1,False,0.49386373254337707,0.3899237933954276,0.9331075359864521,55.572750844500476
mexc,BOBAUSDT,BOBA-USDT,BOBA,USDT,True,1,True,0.02181,70841.89314,3287775.09,0.02177,1564.55,0.02182,93.9,22.94104152328422,2.048898,1e-05,0.0001,0.0001,1.0,0.0,0.0005,exchangeInfo.quotePrecision/baseSizePrecision/quoteAmountPrecision,1,False,0.6132035548032162,0.6756985605419137,0.2472480948348857,55.563621424422436
mexc,BTSUSDT,BTS-USDT,BTS,USDT,True,1,True,0.0009913,62255.6835445,62823799.61,0.0009909,2129.38,0.0009921,9340.02,12.102874432678053,2.1100026420000004,1e-07,0.001,0.001,1.0,0.0,0.0005,exchangeInfo.quotePrecision/baseSizePrecision/quoteAmountPrecision,1,False,0.5488785442234447,0.8137171888230313,0.2497883149872989,55.52701595261122
mexc,HOOKUSDT,HOOK-USDT,HOOK,USDT,True,1,True,0.00941,95547.687737,9773622.63,0.00939,593.05,0.00944,640.71,53.10674455655836,5.5687395,1e-06,0.01,0.01,1.0,0.0,0.0005,exchangeInfo.quotePrecision/baseSizePrecision/quoteAmountPrecision,1,False,0.701650444350402,0.325571549534293,0.43903471634208296,55.5107575044711
mexc,DORAFACTORYUSDT,DORAFACTORY-USDT,DORAFACTORY,USDT,True,1,True,0.004494,57872.27363,12880647.06,0.00449,1967.36,0.004496,1635.83,13.354106387714062,7.354691679999999,1e-06,0.01,0.01,1.0,0.0,0.0005,exchangeInfo.quotePrecision/baseSizePrecision/quoteAmountPrecision,1,False,0.46847228099873045,0.7946655376799323,0.49026248941574935,55.43786368524347
mexc,RECALLUSDT,RECALL-USDT,RECALL,USDT,True,1,True,0.03586,58069.18928,1544351.2,0.03584,744.18,0.03592,400.0,22.2965440356755,14.368,1e-05,0.0,0.0,1.0,0.0,0.0005,exchangeInfo.quotePrecision/baseSizePrecision/quoteAmountPrecision,1,False,0.47439695302581464,0.6833192209991532,0.607112616426757,55.31706526993377
mexc,OGYUSDT,OGY-USDT,OGY,USDT,True,1,True,0.0007228,119740.8386741,164683917.32,0.0007151,80530.94,0.0007296,20549.75,200.73371634249287,14.993097599999999,1e-07,0.001,0.001,1.0,0.0,0.0005,exchangeInfo.quotePrecision/baseSizePrecision/quoteAmountPrecision,1,False,0.7613203554803216,0.04530059271803555,0.6138865368331922,55.28286510603242
mexc,GROKUSDT,GROK-USDT,GROK,USDT,True,1,True,0.0004314,60705.1783617,140501949.64,0.0004311,6173.0,0.0004316,18262.94,11.591515011010964,2.6611803000000003,1e-07,0.0,0.0,1.0,0.0,0.0005,exchangeInfo.quotePrecision/baseSizePrecision/quoteAmountPrecision,1,False,0.5294117647058824,0.8209144792548688,0.2819644369178662,55.27979777855258
mexc,VELVETUSDT,VELVET-USDT,VELVET,USDT,True,1,True,0.08019,73244.00073,900992.57,0.07995,153.52,0.0802,36.73,31.220730565095252,2.9457459999999993,1e-05,0.0,0.0,1.0,0.0,0.0005,exchangeInfo.quotePrecision/baseSizePrecision/quoteAmountPrecision,1,False,0.6267456622936944,0.5897544453852668,0.3018628281117697,55.25212912302027
mexc,CVXUSDC,CVX-USDC,CVX,USDC,True,1,True,1.668,61511.632,36685.86,1.663,37.57,1.671,41.76,47.99040191961612,62.47891,0.001,0.0,0.0,1.0,0.0,0.0,exchangeInfo.quotePrecision/baseSizePrecision/quoteAmountPrecision,1,False,0.5408379179009734,0.37679932260795934,0.8014394580863675,55.19485771147987
mexc,NKNUSDT,NKN-USDT,NKN,USDT,True,1,True,0.0116,132635.289004,9892448.27,0.011581,319.17,0.011651,235.98,60.26170798898125,2.7494029799999997,1e-06,0.001,0.001,1.0,0.0,0.0005,exchangeInfo.quotePrecision/baseSizePrecision/quoteAmountPrecision,1,False,0.777824798984342,0.2658763759525825,0.28789161727349705,55.185105688423306
mexc,TIBBIRUSDT,TIBBIR-USDT,TIBBIR,USDT,True,1,True,0.10891,99298.56124,885199.79,0.10843,362.67,0.11084,338.97,219.82031285629546,37.5714348,1e-05,0.0,0.0,1.0,0.0,0.0005,exchangeInfo.quotePrecision/baseSizePrecision/quoteAmountPrecision,1,False,0.7122302158273381,0.04064352243861136,0.7472480948348857,55.1337118281666
mexc,ITOTONUSDT,ITOTON-USDT,ITOTON,USDT,True,1,True,139.18,62635.09,443.13,138.78,1.69,139.67,2.1,63.92530077213046,234.5382,0.01,0.0,0.0,1.0,0.0,0.0005,exchangeInfo.quotePrecision/baseSizePrecision/quoteAmountPrecision,1,False,0.5560727888277613,0.23793395427603725,0.9216765453005927,54.965883148439666
mexc,TNKUSDT,TNK-USDT,TNK,USDT,True,1,True,0.15801,66431.78813,420641.09,0.15801,32.18,0.15815,6.83,8.856275303643804,1.0801645000000002,1e-05,0.0,0.0,1.0,0.0,0.0005,exchangeInfo.quotePrecision/baseSizePrecision/quoteAmountPrecision,1,False,0.5895048666948793,0.8611346316680779,0.05038103302286198,54.95875412037755
mexc,XCHUSDT,XCH-USDT,XCH,USDT,True,1,True,2.549,75219.008,28319.8499,2.547,5.0679,2.551,0.396,15.69242840329542,1.010196,0.001,0.0001,0.0001,1.0,0.0,0.0005,exchangeInfo.quotePrecision/baseSizePrecision/quoteAmountPrecision,1,False,0.6364790520524757,0.7616426756985606,0.04191363251481795,54.885687405646536
mexc,SMURFCATUSDT,SMURFCAT-USDT,SMURFCAT,USDT,True,1,True,6.651e-06,56199.305802348,8450559664.63,6.636e-06,661160187.77,6.659e-06,75499480.81,34.59947348627372,502.75104271379,1e-09,0.0,0.0,1.0,0.0,0.0005,exchangeInfo.quotePrecision/baseSizePrecision/quoteAmountPrecision,1,False,0.3969530258146424,0.5495342929720576,0.9644369178662151,54.85951210143107
mexc,NOWONUSDT,NOWON-USDT,NOWON,USDT,True,1,True,497.8,59180.14,117.107,496.75,0.777,498.95,0.16,44.19001707341546,79.832,0.01,0.0,0.0,1.0,0.0,0.0005,exchangeInfo.quotePrecision/baseSizePrecision/quoteAmountPrecision,1,False,0.5040203131612357,0.41913632514817956,0.8323454699407282,54.84643475138703
mexc,RIOTONUSDT,RIOTON-USDT,RIOTON,USDT,True,1,True,12.894,70983.034,5347.79,12.879,1.71,12.928,0.42,37.974193048398696,5.42976,0.001,0.0,0.0,1.0,0.0,0.0005,exchangeInfo.quotePrecision/baseSizePrecision/quoteAmountPrecision,1,False,0.6136267456622937,0.5050804403048264,0.42337002540220153,54.84388252709085
mexc,PXPUSDT,PXP-USDT,PXP,USDT,True,1,True,0.01678,57010.78359,3446896.48,0.01676,3064.43,0.01681,3067.34,29.788501638366373,51.3598468,1e-05,0.0,0.0,1.0,0.0,0.0005,exchangeInfo.quotePrecision/baseSizePrecision/quoteAmountPrecision,1,False,0.43673296656792215,0.6041490262489415,0.785774767146486,54.83953416038898
mexc,HARRYUSDT,HARRY-USDT,HARRY,USDT,True,1,True,0.01604,66360.70008,4056069.43,0.016,1370.0,0.01608,1370.0,49.87531172069839,21.92,1e-05,0.0,0.0,1.0,0.0,0.0005,exchangeInfo.quotePrecision/baseSizePrecision/quoteAmountPrecision,1,False,0.5878121032585696,0.35732430143945804,0.6756985605419137,54.77674442604605
mexc,TOMUSDT,TOM-USDT,TOM,USDT,True,1,True,6.596e-05,134386.73359673,2026842111.1,6.52e-05,306748.46,6.63e-05,127508.27,167.30038022813685,8.453798301,1e-08,0.0,0.0,1.0,0.0,0.0005,exchangeInfo.quotePrecision/baseSizePrecision/quoteAmountPrecision,1,False,0.7795175624206517,0.06054191363251482,0.5194750211685013,54.77651419731875
mexc,VRAUSDT,VRA-USDT,VRA,USDT,True,1,True,1.574e-05,71197.98221349,4669697053.27,1.568e-05,1414814.96,1.577e-05,3073511.83,57.23370429252836,22.1842985728,1e-08,1.0,1.0,1.0,0.0,0.0005,exchangeInfo.quotePrecision/baseSizePrecision/quoteAmountPrecision,1,False,0.6157426999576809,0.29297205757832345,0.6778154106689246,54.74645815050903
mexc,BSUUSDT,BSU-USDT,BSU,USDT,True,1,True,0.05822,64038.88855,1136274.15,0.05812,155.74,0.05827,74.84,25.775410258614023,4.3609268000000005,1e-05,0.0,0.0,1.0,0.0,0.0005,exchangeInfo.quotePrecision/baseSizePrecision/quoteAmountPrecision,1,False,0.5666525603046975,0.6435224386113463,0.37341236240474174,54.722199030136856
mexc,ROLLUSDT,ROLL-USDT,ROLL,USDT,True,1,True,0.07749,82686.09581,1041481.41,0.07704,457.82,0.07762,281.41,75.00323289796938,21.8430442,1e-05,0.0,0.0,1.0,0.0,0.0005,exchangeInfo.quotePrecision/baseSizePrecision/quoteAmountPrecision,1,False,0.6656792213288193,0.18374259102455548,0.6752751905165114,54.71142575902918
mexc,LWOLFUSDT,LWOLF-USDT,LWOLF,USDT,True,1,True,8.798e-06,106624.669289805,12010897284.0,8.772e-06,295787.0,8.817e-06,306959.0,51.168343851271146,2.594643564,1e-09,0.0,0.0,1.0,0.0,0.0005,exchangeInfo.quotePrecision/baseSizePrecision/quoteAmountPrecision,1,False,0.7371984765129074,0.34335309060118546,0.2781541066892464,54.692825607024474
mexc,CAMPUSDT,CAMP-USDT,CAMP,USDT,True,1,True,0.00205,112716.221162,52959246.24,0.002041,4380.69,0.002062,37614.12,102.3641238118459,8.940988289999998,1e-06,0.0,0.0,1.0,0.0,0.0005,exchangeInfo.quotePrecision/baseSizePrecision/quoteAmountPrecision,1,False,0.7465086754126111,0.12066045723962748,0.5249788314987299,54.57406520865891
mexc,我踏马来了USDT,我踏马来了-USDT,我踏马来了,USDT,True,1,True,0.006767,75704.574559,10722680.74,0.006753,32474.0,0.006779,527.62,38.42743127401712,3.57673598,1e-06,0.0,0.0,1.0,0.0,0.0005,exchangeInfo.quotePrecision/baseSizePrecision/quoteAmountPrecision,1,False,0.6390181972069403,0.5004233700254022,0.3454699407281964,54.56598391158071
mexc,ZENTUSDT,ZENT-USDT,ZENT,USDT,True,1,True,0.003247,84040.770038,26462177.82,0.003242,406.5,0.003252,28181.65,30.797659377887364,1.317873,1e-06,0.0,0.0,1.0,0.0,0.0005,exchangeInfo.quotePrecision/baseSizePrecision/quoteAmountPrecision,1,False,0.671180702496826,0.5948348856900931,0.1388653683319221,54.5631181462162
mexc,RHEAUSDT,RHEA-USDT,RHEA,USDT,True,1,True,0.01033,65416.12524,6107803.26,0.01032,193.5,0.01034,2126.9,19.361084220717252,1.9969199999999998,1e-05,0.0,0.0,1.0,0.0,0.0005,exchangeInfo.quotePrecision/baseSizePrecision/quoteAmountPrecision,1,False,0.5806178586542531,0.7150719729043185,0.23666384419983066,54.54405843258849
mexc,NTRNUSDT,NTRN-USDT,NTRN,USDT,True,1,True,0.003505,88410.397745,23517294.58,0.003495,6000.0,0.003525,5572.95,85.47008547008569,19.644648749999998,1e-06,0.0,0.0,1.0,0.0,0.0005,exchangeInfo.quotePrecision/baseSizePrecision/quoteAmountPrecision,1,False,0.682606855691917,0.15664690939881454,0.6536833192209992,54.533216182445784
mexc,ALCHUSDT,ALCH-USDT,ALCH,USDT,True,1,True,0.07049,62512.57737,886077.09,0.07043,8042.31,0.07059,51.56,22.691816763578707,3.6396204,1e-05,0.0,0.0,1.0,0.0,0.0005,exchangeInfo.quotePrecision/baseSizePrecision/quoteAmountPrecision,1,False,0.5556495979686839,0.6782387806943269,0.34843353090601187,54.48536802375603
mexc,AIOTUSDT,AIOT-USDT,AIOT,USDT,True,1,True,0.01145,66073.18116,5730361.83,0.01143,14906.0,0.01147,479.51,34.93449781659398,5.4999797,1e-05,0.0,0.0,1.0,0.0,0.0005,exchangeInfo.quotePrecision/baseSizePrecision/quoteAmountPrecision,1,False,0.5848497672450275,0.5457239627434378,0.43353090601185434,54.480454387299545
mexc,MOVEUSDT,MOVE-USDT,MOVE,USDT,True,1,True,0.01762,80669.33796,4469094.46,0.01761,75.99,0.01766,74.47,28.35270768358263,1.3151401999999999,1e-05,0.0,0.0,1.0,0.0,0.0005,exchangeInfo.quotePrecision/baseSizePrecision/quoteAmountPrecision,1,False,0.6584849767245028,0.6185436071126165,0.1371718882303133,54.42370166226933
mexc,NFLXONUSDT,NFLXON-USDT,NFLXON,USDT,True,1,True,935.25,58851.71,62.8692,931.18,0.4107,935.58,0.1127,47.14050011785222,105.439866,0.01,0.0,0.0,1.0,0.0,0.0005,exchangeInfo.quotePrecision/baseSizePrecision/quoteAmountPrecision,1,False,0.4968260685569192,0.38569009314140557,0.871718882303133,54.40206374522836
mexc,FTUSDC,FT-USDC,FT,USDC,True,1,True,0.09677,74858.63358,774671.49,0.09595,597.49,0.09685,850.9,93.36099585062364,57.329165499999995,1e-05,0.0,0.0,1.0,0.0,0.0,exchangeInfo.quotePrecision/baseSizePrecision/quoteAmountPrecision,1,False,0.6356326703343208,0.1388653683319221,0.7933954276037256,54.299339628760215
mexc,CXTUSDT,CXT-USDT,CXT,USDT,True,1,True,0.004828,80293.698645,16478263.14,0.004807,1297.22,0.004831,41038.42,49.80286366466193,6.2357365399999996,1e-06,0.0,0.0,1.0,0.0,0.0005,exchangeInfo.quotePrecision/baseSizePrecision/quoteAmountPrecision,1,False,0.6567922132881929,0.3590177815410669,0.4572396274343776,54.243808818064835
mexc,QUBICUSDC,QUBIC-USDC,QUBIC,USDC,True,1,True,9.435e-07,80878.1807557056,86838549429.0,9.411e-07,11421443.0,9.468e-07,173065064.0,60.38455426664554,10.7487200073,1e-10,0.0,0.0,1.0,0.0,0.0,exchangeInfo.quotePrecision/baseSizePrecision/quoteAmountPrecision,1,False,0.6593313584426577,0.2650296359017782,0.5635055038103303,54.15907568809723
mexc,NEONUSDT,NEON-USDT,NEON,USDT,True,1,True,0.02974,72623.59071,2470105.71,0.02962,422.03,0.02978,422.21,53.87205387205401,12.500528599999999,1e-05,0.0,0.0,1.0,0.0,0.0005,exchangeInfo.quotePrecision/baseSizePrecision/quoteAmountPrecision,1,False,0.6242065171392298,0.3175275190516511,0.5872142252328535,54.01383092360599
mexc,VEREMUSDT,VEREM-USDT,VEREM,USDT,True,1,True,11.93,77626.05,6013.38,11.8,2.06,11.89,3.37,75.98142676234686,24.308000000000003,0.01,0.0,0.0,1.0,0.0,0.0005,exchangeInfo.quotePrecision/baseSizePrecision/quoteAmountPrecision,1,False,0.6487515869657215,0.18077900084674003,0.6854360711261642,53.90953372680647
mexc,SUNRISEUSDT,SUNRISE-USDT,SUNRISE,USDT,True,1,True,0.001659,76615.0349044,45858451.04,0.0016524,6443.3,0.0016618,6208.2,56.72560497254182,10.31678676,1e-07,0.0,0.0,1.0,0.0,0.0005,exchangeInfo.quotePrecision/baseSizePrecision/quoteAmountPrecision,1,False,0.6428269149386373,0.2967823878069432,0.5554614733276884,53.88426948335241
mexc,COMMONUSDT,COMMON-USDT,COMMON,USDT,False,1,True,0.0004117,104491.2884128,256933126.04,0.0004111,25162.0,0.0004129,3205.87,43.68932038834926,1.323703723,1e-07,0.0,0.0,1.0,0.0,0.0005,exchangeInfo.quotePrecision/baseSizePrecision/quoteAmountPrecision,1,False,0.7325433770630554,0.42252328535139716,0.14648602878916173,53.78268844803621
mexc,VRTONUSDT,VRTON-USDT,VRTON,USDT,True,1,True,249.83,62856.65,248.775,249.65,1.25,251.65,1.347,79.79253939756633,312.0625,0.01,0.0,0.0,1.0,0.0,0.0005,exchangeInfo.quotePrecision/baseSizePrecision/quoteAmountPrecision,1,False,0.5573423614049936,0.17061812023708722,0.9415749364944962,53.75078161309176
mexc,INTUONUSDT,INTUON-USDT,INTUON,USDT,True,1,True,417.23,63356.7,149.669,416.76,0.9,419.21,0.129,58.614543584099636,54.078089999999996,0.01,0.0,0.0,1.0,0.0,0.0005,exchangeInfo.quotePrecision/baseSizePrecision/quoteAmountPrecision,1,False,0.5619974608548456,0.28154106689246405,0.7883149872988993,53.7146867653061
mexc,TRUUSDT,TRU-USDT,TRU,USDT,True,1,True,0.004449,133733.800339,28806025.43,0.004402,1186.23,0.004454,2038.59,117.43450767841006,5.221784459999999,1e-06,0.0001,0.0001,1.0,0.0,0.0005,exchangeInfo.quotePrecision/baseSizePrecision/quoteAmountPrecision,1,False,0.7786711807024969,0.10457239627434378,0.40982218458933106,53.63766853728254
mexc,ORCLONUSDT,ORCLON-USDT,ORCLON,USDT,True,1,True,140.14,58648.04,415.398,140.1,0.014,140.21,0.502,7.848453497913998,1.9614,0.01,0.0,0.0,1.0,0.0,0.0005,exchangeInfo.quotePrecision/baseSizePrecision/quoteAmountPrecision,1,False,0.4913245873889124,0.8763759525825572,0.23370025402201525,53.60625620139442
mexc,STATUSDT,STAT-USDT,STAT,USDT,True,1,True,0.0249,67439.88643,2712574.06,0.02482,241.75,0.02492,1715.6,40.20908725372049,6.000235,1e-05,0.01,0.01,1.0,0.0,0.0005,exchangeInfo.quotePrecision/baseSizePrecision/quoteAmountPrecision,1,False,0.5941599661447313,0.4758679085520745,0.44961896697713805,53.56787519130485
mexc,UBUSDT,UB-USDT,UB,USDT,True,1,True,0.02663,81906.85596,2927270.6,0.02654,133.9,0.02666,26806.68,45.112781954886685,3.5537060000000005,1e-05,0.0,0.0,1.0,0.0,0.0005,exchangeInfo.quotePrecision/baseSizePrecision/quoteAmountPrecision,1,False,0.6631400761743547,0.40770533446232005,0.34419983065198984,53.549334164187314
mexc,TSLAXUSDT,TSLAX-USDT,TSLAX,USDT,True,1,True,360.12,57872.25,158.248,359.54,0.061,360.72,0.835,32.765945630744646,21.93194,0.01,0.0,0.0,1.0,0.0,0.0005,exchangeInfo.quotePrecision/baseSizePrecision/quoteAmountPrecision,1,False,0.46804909013965296,0.5685859441151566,0.6761219305673158,53.479787171906146
mexc,KASUSD1,KAS-USD1,KAS,USD1,True,1,True,0.034523,175584.962474,4993755.01,0.034558,925.42,0.035013,86.14,130.80162711474725,3.0160198200000004,1e-06,0.0,0.0,1.0,0.0001,0.0001,exchangeInfo.quotePrecision/baseSizePrecision/quoteAmountPrecision,1,False,0.8176047397376217,0.08975444538526667,0.31202370872142254,53.45259599462933
mexc,ZEPHUSDT,ZEPH-USDT,ZEPH,USDT,True,1,True,0.4416,200101.7782,450653.95,0.4386,17.45,0.4418,2.95,72.69422989550286,1.3033100000000002,0.0001,0.0,0.0,1.0,0.0,0.0005,exchangeInfo.quotePrecision/baseSizePrecision/quoteAmountPrecision,1,False,0.8391874735505713,0.19220999153259954,0.11981371718882303,53.35683517737287
mexc,SOFIONUSDT,SOFION-USDT,SOFION,USDT,True,1,True,15.26,60340.19,3891.64,15.23,1.99,15.27,0.36,26.22950819672075,5.497199999999999,0.01,0.0,0.0,1.0,0.0,0.0005,exchangeInfo.quotePrecision/baseSizePrecision/quoteAmountPrecision,1,False,0.5230639018197207,0.6401354784081287,0.4280270956816257,53.33244347392038
mexc,XENUSDT,XEN-USDT,XEN,USDT,True,1,True,9.238e-09,63773.75592968544,6592533946592.27,9.211e-09,414790690.16,9.238e-09,397817770.41,29.269879126239015,3.67504056304758,1e-12,0.0001,0.0001,1.0,0.0,0.0005,exchangeInfo.quotePrecision/baseSizePrecision/quoteAmountPrecision,1,False,0.5653829877274651,0.6083827265029635,0.35097375105842504,53.32510750875316
mexc,OPENXUSDT,OPENX-USDT,OPENX,USDT,True,1,True,0.02229,91427.64406,3972355.91,0.02226,386.06,0.02242,6025.46,71.62041181736814,8.5936956,1e-05,0.0,0.0,1.0,0.0,0.0005,exchangeInfo.quotePrecision/baseSizePrecision/quoteAmountPrecision,1,False,0.6898011002962336,0.19686706181202374,0.5215918712955123,53.2925744875037
mexc,RDDTONUSDT,RDDTON-USDT,RDDTON,USDT,True,1,True,121.26,63184.07,511.441,121.07,3.154,121.87,0.686,65.85988309870844,83.60282000000001,0.01,0.0,0.0,1.0,0.0,0.0005,exchangeInfo.quotePrecision/baseSizePrecision/quoteAmountPrecision,1,False,0.5603046974185357,0.22861981371718887,0.8370025402201524,53.27230450535224
mexc,HANDLUSDT,HANDL-USDT,HANDL,USDT,True,1,True,0.000878,168683.20096,127131702.93,0.000882,11337.86,0.000934,5694.76,572.6872246696043,5.31890584,1e-06,0.0,0.0,1.0,0.0,0.0005,exchangeInfo.quotePrecision/baseSizePrecision/quoteAmountPrecision,1,False,0.81125687685146,0.013124470787468256,0.4161727349703641,53.27069469592429
mexc,PNICUSDT,PNIC-USDT,PNIC,USDT,True,1,True,0.005413,100722.451231,17602212.92,0.005383,2535.16,0.005471,50531.55,162.15220195319773,13.646766279999998,1e-06,0.0,0.0,1.0,0.0,0.0005,exchangeInfo.quotePrecision/baseSizePrecision/quoteAmountPrecision,1,False,0.7211172238679645,0.06265876375952584,0.6007620660457239,53.24315772764068
mexc,MONPROUSDT,MONPRO-USDT,MONPRO,USDT,True,1,True,0.003228,56064.892482,17374243.1,0.003224,154669.7,0.003235,44888.64,34.061000154823226,145.21475039999999,1e-06,0.0,0.0,1.0,0.0,0.0005,exchangeInfo.quotePrecision/baseSizePrecision/quoteAmountPrecision,1,False,0.38975878121032587,0.5541913632514818,0.8958509737510584,53.20853652287614
mexc,CULTUSDT,CULT-USDT,CULT,USDT,True,1,True,0.0001587,61196.2120972,388095303.72,0.0001586,6935.68,0.0001587,198394.24,6.303183107469424,1.099998848,1e-07,0.0,0.0,1.0,0.0,0.0005,exchangeInfo.quotePrecision/baseSizePrecision/quoteAmountPrecision,1,False,0.5370292001692764,0.9005080440304827,0.0558848433530906,53.16700397713409
mexc,WEMIXUSDT,WEMIX-USDT,WEMIX,USDT,True,1,True,0.2442,74682.4619,309476.14,0.2435,436.75,0.2447,24.58,49.16018025399454,6.014726,0.0001,0.0001,0.0001,1.0,0.0,0.0005,exchangeInfo.quotePrecision/baseSizePrecision/quoteAmountPrecision,1,False,0.6347862886161659,0.36875529212531755,0.45131244707874685,53.15837711859701
mexc,FLDUSDT,FLD-USDT,FLD,USDT,True,1,True,0.000367,620274.763877,844270378.15,0.000355,3098.6,0.000367,20820.6,332.40997229916803,1.100003,1e-06,0.0,0.0,1.0,0.0,0.0005,exchangeInfo.quotePrecision/baseSizePrecision/quoteAmountPrecision,1,False,0.9335590351248413,0.025402201524132084,0.057578323454699404,53.13236843906357
mexc,NUMIUSDT,NUMI-USDT,NUMI,USDT,True,1,True,0.03854,65351.48783,1673526.82,0.0385,2433.37,0.03861,74.13,28.530670470755798,2.8621592999999996,1e-05,0.0,0.0,1.0,0.0,0.0005,exchangeInfo.quotePrecision/baseSizePrecision/quoteAmountPrecision,1,False,0.5780787134997885,0.6172734970364098,0.29508890770533447,53.1279448225053
mexc,A8USDT,A8-USDT,A8,USDT,True,1,True,0.013024,74507.024146,6040333.51,0.01296,5121.52,0.013101,3600.0,108.20766662829554,47.1636,1e-06,0.0,0.0,1.0,0.0,0.0005,exchangeInfo.quotePrecision/baseSizePrecision/quoteAmountPrecision,1,False,0.6322471434617012,0.11346316680779,0.7743437764606266,53.09704758980085
mexc,ZENUSDC,ZEN-USDC,ZEN,USDC,True,1,True,5.107,54534.622,10409.17,5.103,13.05,5.11,13.05,13.708019191227965,66.59415,0.001,0.0,0.0,1.0,0.0,0.0,exchangeInfo.quotePrecision/baseSizePrecision/quoteAmountPrecision,1,False,0.31189166314007616,0.7904318374259103,0.8086367485182049,53.08757237871604
mexc,BITBOARDUSDT,BITBOARD-USDT,BITBOARD,USDT,True,1,True,0.0006837,64944.1376487,93969573.44,0.0006831,4651.19,0.0006848,3153.6,24.85561810073817,2.15958528,1e-07,0.0,0.0,1.0,0.0,0.0005,exchangeInfo.quotePrecision/baseSizePrecision/quoteAmountPrecision,1,False,0.5742699957680915,0.6558001693480102,0.2531752751905165,53.043359504755614
mexc,SBTCUSDT,SBTC-USDT,SBTC,USDT,True,1,True,66293.33,42901.26,0.641335,66251.63,0.037031,66317.92,0.036814,10.000788265479306,2441.4279068799997,0.01,0.0,0.0,1.0,0.0,0.0005,exchangeInfo.quotePrecision/baseSizePrecision/quoteAmountPrecision,1,False,0.2204824375793483,0.8420829805249788,0.9885690093141406,52.94998876627144
mexc,GAMEVIRTUALUSDT,GAMEVIRTUAL-USDT,GAMEVIRTUAL,USDT,True,1,True,0.008839,56332.534587,6240136.35,0.008828,55698.26,0.00885,3233.57,24.889693404230627,28.617094500000004,1e-06,0.0,0.0,1.0,0.0,0.0005,exchangeInfo.quotePrecision/baseSizePrecision/quoteAmountPrecision,1,False,0.40499365213711386,0.6541066892464014,0.7082980524978831,52.79327914865897
mexc,GINIUSDT,GINI-USDT,GINI,USDT,True,1,True,0.0404,79366.43421,1965426.38,0.04032,7656.75,0.04054,148.39,54.41503833786742,6.0157305999999995,1e-05,0.0,0.0,1.0,0.0,0.0005,exchangeInfo.quotePrecision/baseSizePrecision/quoteAmountPrecision,1,False,0.6529834955564959,0.31244707874682476,0.451735817104149,52.75998556636088
mexc,CETUSUSDC,CETUS-USDC,CETUS,USDC,True,1,True,0.02537,57613.33283,2332700.13,0.0253,1833.47,0.0254,1600.0,39.44773175542383,40.64,1e-05,0.0,0.0,1.0,0.0,0.0,exchangeInfo.quotePrecision/baseSizePrecision/quoteAmountPrecision,1,False,0.4638171815488785,0.483065198983912,0.7569856054191363,52.72628706816885
mexc,SPONUSDT,SPON-USDT,SPON,USDT,True,1,True,0.001906,62800.186781,33256549.56,0.001905,578.57,0.001907,4791.92,10.493179433368564,1.10217585,1e-06,0.0,0.0,1.0,0.0,0.0005,exchangeInfo.quotePrecision/baseSizePrecision/quoteAmountPrecision,1,False,0.5569191705459162,0.8357324301439458,0.060118543607112614,52.72623600576629
mexc,DISONUSDT,DISON-USDT,DISON,USDT,True,1,True,93.39,58128.05,616.64,93.03,4.0,93.55,4.28,55.740165076642306,372.12,0.01,0.0,0.0,1.0,0.0,0.0005,exchangeInfo.quotePrecision/baseSizePrecision/quoteAmountPrecision,1,False,0.4752433347439695,0.30228619813717184,0.9504657070279424,52.704852504906476
mexc,SPXUSDC,SPX-USDC,SPX,USDC,True,1,True,0.2702,57281.1831,207855.49,0.2695,489.03,0.2707,1164.72,44.4279896334683,131.793585,0.0001,0.0,0.0,1.0,0.0,0.0,exchangeInfo.quotePrecision/baseSizePrecision/quoteAmountPrecision,1,False,0.4468895471857808,0.4149026248941575,0.8873835732430144,52.69916218243218
mexc,INTCONUSDT,INTCON-USDT,INTCON,USDT,True,1,True,43.13,77770.33,1779.37,43.01,0.3,43.31,0.42,69.50880444856448,12.902999999999999,0.01,0.0,0.0,1.0,0.0,0.0005,exchangeInfo.quotePrecision/baseSizePrecision/quoteAmountPrecision,1,False,0.6491747778247989,0.2053344623200677,0.5910245554614734,52.658465447595106
mexc,PNGUSDT,PNG-USDT,PNG,USDT,True,1,True,0.02902,59264.88801,2054151.38,0.029,74.39,0.02904,94.89,13.783597518951884,2.1573100000000003,1e-05,0.01,0.01,1.0,0.0,0.0005,exchangeInfo.quotePrecision/baseSizePrecision/quoteAmountPrecision,1,False,0.5065594583157004,0.7887383573243014,0.2523285351397121,52.6257998432653
mexc,GOATUSDT,GOAT-USDT,GOAT,USDT,True,1,True,0.01505,70509.67686,4520852.67,0.01502,247.05,0.01508,428.26,39.86710963455102,3.710691,1e-05,0.0,0.0,1.0,0.0,0.0005,exchangeInfo.quotePrecision/baseSizePrecision/quoteAmountPrecision,1,False,0.6102412187896742,0.48010160880609654,0.35266723116003384,52.619151876785175
mexc,GEMSUSDT,GEMS-USDT,GEMS,USDT,True,1,True,0.00539,99431.39549,18984059.37,0.00537,1387.27,0.00542,3393.83,92.67840593141901,7.449639899999999,1e-05,0.0,0.0,1.0,0.0,0.0005,exchangeInfo.quotePrecision/baseSizePrecision/quoteAmountPrecision,1,False,0.7126534066864155,0.1409822184589331,0.4932260795935648,52.58501442109748
mexc,ZECUSDC,ZEC-USDC,ZEC,USDC,True,1,True,212.06,64412.24,297.347243,212.04,7.853373,212.55,0.008878,24.02317529852419,1.8870189000000002,0.01,0.0,0.0,1.0,0.0,0.0,exchangeInfo.quotePrecision/baseSizePrecision/quoteAmountPrecision,1,False,0.570038087177317,0.6634208298052497,0.2286198137171888,52.510011814227454
mexc,GIGGLEUSDC,GIGGLE-USDC,GIGGLE,USDC,True,1,True,23.88,56793.97,2344.12,23.81,7.88,23.9,3.02,37.72793963529653,72.178,0.01,0.0,0.0,1.0,0.0,0.0,exchangeInfo.quotePrecision/baseSizePrecision/quoteAmountPrecision,1,False,0.42530681337283116,0.5067739204064352,0.8209144792548687,52.47951233076398
mexc,PIEUR,PI-EUR,PI,EUR,True,1,True,0.1535,57298.04412,376092.51,0.15296,315.52,0.15356,480.2,39.14915829309601,48.2619392,1e-05,0.0,0.0,1.0,0.0,0.0,exchangeInfo.quotePrecision/baseSizePrecision/quoteAmountPrecision,1,False,0.44942869234024546,0.4885690093141406,0.777307366638442,52.47895064433587
mexc,PINUSDT,PIN-USDT,PIN,USDT,True,1,True,0.07802,71150.34506,911096.92,0.07784,38.26,0.07814,53.85,38.466470060263454,2.9781584,1e-05,0.0,0.0,1.0,0.0,0.0005,exchangeInfo.quotePrecision/baseSizePrecision/quoteAmountPrecision,1,False,0.6153195090986034,0.49957662997459784,0.3052497883149873,52.43698451608788
mexc,CTPUSDT,CTP-USDT,CTP,USDT,True,1,True,0.000933,52580.271171,56303805.81,0.000933,24490.25,0.0009331,100090.21,1.0717539252981967,22.84940325,1e-07,0.0,0.0,1.0,0.0,0.0005,exchangeInfo.quotePrecision/baseSizePrecision/quoteAmountPrecision,1,False,0.25603046974185356,0.9872988992379339,0.6799322607959356,52.362793532669
mexc,REPAIUSDT,REPAI-USDT,REPAI,USDT,True,1,True,0.0039,520697.03199,105020109.4,0.00367,299.73,0.00385,3513.87,478.7234042553192,1.1000091,1e-05,0.0,0.0,1.0,0.0,0.0005,exchangeInfo.quotePrecision/baseSizePrecision/quoteAmountPrecision,1,False,0.9221328819297503,0.01735817104149029,0.05800169348010161,52.31129665177555
mexc,ELUSDT,EL-USDT,EL,USDT,True,1,True,0.001732,174522.980418,101319058.08,0.001722,3412.32,0.001736,778.96,80.9716599190278,1.35227456,1e-06,0.001,0.001,1.0,0.0,0.0005,exchangeInfo.quotePrecision/baseSizePrecision/quoteAmountPrecision,1,False,0.8171815488785442,0.16807790008467405,0.15749364944961897,52.296805679429156
mexc,APTUSDC,APT-USDC,APT,USDC,True,1,True,0.9495,60962.1491,61841.62,0.9477,8.83,0.9513,2055.94,37.91469194312846,8.368191,0.0001,0.0,0.0,1.0,0.0,0.0,exchangeInfo.quotePrecision/baseSizePrecision/quoteAmountPrecision,1,False,0.5332204824375794,0.5055038103302286,0.5152413209144793,52.26954821061216
mexc,TRWAUSDT,TRWA-USDT,TRWA,USDT,True,1,True,0.0003687,61628.9766943,167448616.75,0.0003685,33081.09,0.0003701,204124.13,43.325209856484825,12.190381664999999,1e-07,0.0,0.0,1.0,0.0,0.0005,exchangeInfo.quotePrecision/baseSizePrecision/quoteAmountPrecision,1,False,0.5425306813372831,0.42845046570702794,0.5838272650296359,52.226994416819
mexc,GRTUSDC,GRT-USDC,GRT,USDC,True,1,True,0.02352,57335.83076,2404795.84,0.02348,1516.16,0.02357,1742.08,38.25717321997866,35.59943680000001,1e-05,0.0,0.0,1.0,0.0,0.0,exchangeInfo.quotePrecision/baseSizePrecision/quoteAmountPrecision,1,False,0.4506982649174778,0.5008467400508044,0.7404741744284504,52.1190565603004
mexc,MITOUSDT,MITO-USDT,MITO,USDT,True,1,True,0.03626,56253.29564,1526695.89,0.03623,243.2,0.03628,3519.44,13.791201213626104,8.811136,1e-05,0.0,0.0,1.0,0.0,0.0005,exchangeInfo.quotePrecision/baseSizePrecision/quoteAmountPrecision,1,False,0.3986457892509522,0.7883149872988993,0.5228619813717189,52.09063271870923
mexc,NETXUSDT,NETX-USDT,NETX,USDT,True,1,True,0.5132,102979.9508,202341.4,0.5102,30.9,0.5145,9.8,83.92700302527511,5.0421,0.0001,0.0,0.0,1.0,0.0,0.0005,exchangeInfo.quotePrecision/baseSizePrecision/quoteAmountPrecision,1,False,0.728311468472281,0.16130397967823873,0.39966130397967825,52.08295633752499
mexc,BANKUSDT,BANK-USDT,BANK,USDT,True,1,True,0.04188,61602.15283,1497673.04,0.04185,38.45,0.04193,38.45,19.09763666746328,1.6091325,1e-05,0.0,0.0,1.0,0.0,0.0005,exchangeInfo.quotePrecision/baseSizePrecision/quoteAmountPrecision,1,False,0.5421074904782057,0.7193056731583404,0.21083827265029637,52.01531925826575
mexc,HIFIUSDT,HIFI-USDT,HIFI,USDT,True,1,True,0.008949,56318.954008,6323439.7,0.008946,344.33,0.00895,2866.3,4.470272686632539,3.08037618,1e-06,0.0,0.0,1.0,0.0,0.0005,exchangeInfo.quotePrecision/baseSizePrecision/quoteAmountPrecision,1,False,0.4041472704189589,0.936917866215072,0.3162574089754445,51.976194707928435
mexc,KAITOUSDC,KAITO-USDC,KAITO,USDC,True,1,True,0.3841,55090.2024,142073.21,0.3834,1417.61,0.3847,2348.99,33.8497591459437,543.511674,0.0001,0.0,0.0,1.0,0.0,0.0,exchangeInfo.quotePrecision/baseSizePrecision/quoteAmountPrecision,1,False,0.3389758781210326,0.5580016934801015,0.9690939881456393,51.97559539657212
mexc,OXTUSDT,OXT-USDT,OXT,USDT,True,1,True,0.01441,65401.48025,4463265.64,0.0144,194.94,0.01444,125.55,27.739251040221987,1.8129419999999998,1e-05,0.0001,0.0001,1.0,0.0,0.0005,exchangeInfo.quotePrecision/baseSizePrecision/quoteAmountPrecision,1,False,0.5793482860770207,0.6248941574936495,0.2239627434377646,51.96576454033267
mexc,AFCUSDT,AFC-USDT,AFC,USDT,True,1,True,0.5122,75051.3519,148570.6,0.5112,2.16,0.5126,52.92,27.349091619456082,1.104192,0.0001,0.01,0.01,1.0,0.0,0.0005,exchangeInfo.quotePrecision/baseSizePrecision/quoteAmountPrecision,1,False,0.6360558611933982,0.6295512277730737,0.06096528365791702,51.941158733122094
mexc,RIONUSDT,RION-USDT,RION,USDT,True,1,True,0.2738,58198.0749,210919.61,0.2735,30.78,0.2743,443.9,29.207740051112353,8.418330000000001,0.0001,0.0,0.0,1.0,0.0,0.0005,exchangeInfo.quotePrecision/baseSizePrecision/quoteAmountPrecision,1,False,0.47820567075751164,0.6100762066045724,0.5173581710414903,51.90038047760726
mexc,YGGUSDC,YGG-USDC,YGG,USDC,True,1,True,0.03474,56164.29575,1574496.94,0.03466,2016.0,0.03478,2016.0,34.56221198156541,69.87456,1e-05,0.0,0.0,1.0,0.0,0.0,exchangeInfo.quotePrecision/baseSizePrecision/quoteAmountPrecision,1,False,0.3939906898011003,0.5508044030482642,0.8154106689246401,51.747811393759925
mexc,PHNIXUSDT,PHNIX-USDT,PHNIX,USDT,True,1,True,1.0882e-05,68754.307156052,6330913246.75,1.0825e-05,1134941.36,1.0889e-05,1230886.0,58.94814405452677,12.285740222000001,1e-09,0.0,0.0,1.0,0.0,0.0005,exchangeInfo.quotePrecision/baseSizePrecision/quoteAmountPrecision,1,False,0.6017774016081253,0.2764606265876376,0.5855207451312447,51.71968765576273
mexc,POWERUSDT,POWER-USDT,POWER,USDT,True,1,True,0.08524,59933.31809,709452.17,0.085,2456.12,0.0855,779.86,58.65102639296193,66.67803,1e-05,0.0,0.0,1.0,0.0,0.0005,exchangeInfo.quotePrecision/baseSizePrecision/quoteAmountPrecision,1,False,0.5184088023698689,0.2806943268416596,0.8094834885690093,51.71951207276447
mexc,NUMUSDT,NUM-USDT,NUM,USDT,True,1,True,0.004714,58296.695688,12206661.19,0.004713,5098.0,0.004715,255.0,4.242681374627489,1.2023249999999999,1e-06,0.01,0.01,1.0,0.0,0.0005,exchangeInfo.quotePrecision/baseSizePrecision/quoteAmountPrecision,1,False,0.4828607702073635,0.9415749364944962,0.08086367485182049,51.71398927080381
mexc,CVXONUSDT,CVXON-USDT,CVXON,USDT,True,1,True,215.8,56898.03,266.983,215.26,0.061,215.81,0.52,25.51789732526093,13.130859999999998,0.01,0.0,0.0,1.0,0.0,0.0005,exchangeInfo.quotePrecision/baseSizePrecision/quoteAmountPrecision,1,False,0.4308082945408379,0.6456392887383573,0.5935647756138865,51.70673393048275
mexc,SKYUSDC,SKY-USDC,SKY,USDC,True,1,True,0.07036,54884.03662,782851.64,0.0703,7304.26,0.07053,8080.35,32.66349499396352,513.4894780000001,1e-05,0.0,0.0,1.0,0.0,0.0,exchangeInfo.quotePrecision/baseSizePrecision/quoteAmountPrecision,1,False,0.32839610664409646,0.5715495342929721,0.9665537679932261,51.68159958261413
mexc,TAKEUSDT,TAKE-USDT,TAKE,USDT,True,1,True,0.01537,60401.86419,3697945.86,0.01535,1510.0,0.01539,227.0,26.024723487311885,3.49353,1e-05,0.0,0.0,1.0,0.0,0.0005,exchangeInfo.quotePrecision/baseSizePrecision/quoteAmountPrecision,1,False,0.5239102835378756,0.6430990685859441,0.3386960203217612,51.666462715666995
mexc,GIZAUSDT,GIZA-USDT,GIZA,USDT,True,1,True,0.01672,57378.92815,3257352.19,0.01671,230.0,0.01673,185.79,11.961722488037791,3.1082666999999997,1e-05,0.0,0.0,1.0,0.0,0.0005,exchangeInfo.quotePrecision/baseSizePrecision/quoteAmountPrecision,1,False,0.4511214557765552,0.8162574089754445,0.31752751905165116,51.56866567312968
mexc,XDCUSDC,XDC-USDC,XDC,USDC,True,1,True,0.03037,58021.21018,1876948.93,0.03031,1083.33,0.03044,2318.69,42.79835390946442,32.8357323,1e-05,0.0,0.0,1.0,0.0,0.0,exchangeInfo.quotePrecision/baseSizePrecision/quoteAmountPrecision,1,False,0.4731273804485823,0.43734123624047416,0.7298899237933955,51.553335306551794
mexc,PEPECOINUSDT,PEPECOIN-USDT,PEPECOIN,USDT,True,1,True,0.07995,57161.62698,717656.93,0.07989,45.69,0.07999,495.16,12.509382036527752,3.6501741,1e-05,0.0,0.0,1.0,0.0,0.0005,exchangeInfo.quotePrecision/baseSizePrecision/quoteAmountPrecision,1,False,0.44435040203131615,0.8048264182895851,0.34928027095681624,51.545537988098346
mexc,HOODONUSDT,HOODON-USDT,HOODON,USDT,True,1,True,65.41,74608.63,1102.65,65.32,4.18,65.66,0.08,51.9163231027643,5.2528,0.01,0.0,0.0,1.0,0.0,0.0005,exchangeInfo.quotePrecision/baseSizePrecision/quoteAmountPrecision,1,False,0.633939906898011,0.33742591024555457,0.4110922946655377,51.524188528840234
mexc,PIUSDC,PI-USDC,PI,USDC,True,1,True,0.1764,57379.6996,326625.15,0.176,441.73,0.1768,27795.94,45.3514739229038,77.74448,0.0001,0.0,0.0,1.0,0.0,0.0,exchangeInfo.quotePrecision/baseSizePrecision/quoteAmountPrecision,1,False,0.45154464663563265,0.40431837425910244,0.8285351397121083,51.51361771567953
mexc,FONUSDT,FON-USDT,FON,USDT,True,1,True,11.47,54630.46,4725.86,11.46,4.36,11.48,38.08,17.436791630339645,49.96560000000001,0.01,0.0,0.0,1.0,0.0,0.0005,exchangeInfo.quotePrecision/baseSizePrecision/quoteAmountPrecision,1,False,0.3161235717308506,0.7417442845046571,0.7790008467400508,51.51042049261423
mexc,ACSUSDT,ACS-USDT,ACS,USDT,True,1,True,0.000173,64854.4486101,367480421.96,0.0001727,17582.47,0.0001733,18650.13,34.68208092485633,3.036492569,1e-07,0.001,0.001,1.0,0.0,0.0005,exchangeInfo.quotePrecision/baseSizePrecision/quoteAmountPrecision,1,False,0.5730004231908591,0.5486875529212532,0.3128704487722269,51.48962107397311
mexc,TREATUSDT,TREAT-USDT,TREAT,USDT,True,1,True,0.0001935,57974.6660994,306800171.5,0.0001932,21946.86,0.0001935,16324.16,15.515903801395405,3.15872496,1e-07,0.0,0.0,1.0,0.0,0.0005,exchangeInfo.quotePrecision/baseSizePrecision/quoteAmountPrecision,1,False,0.4714346170122725,0.7633361558001693,0.32091447925486877,51.4305974157766
mexc,RICEUSDT,RICE-USDT,RICE,USDT,True,1,True,0.003093,58688.128518,19299878.26,0.003093,9526.29,0.003094,0.72,3.2325844512692186,0.0022276799999999997,1e-06,0.0,0.0,1.0,0.0,0.0005,exchangeInfo.quotePrecision/baseSizePrecision/quoteAmountPrecision,1,False,0.49259415996614475,0.9614733276883997,0.012277730736663843,51.37506660508123
mexc,DKAUSDT,DKA-USDT,DKA,USDT,True,1,True,0.005001,72464.461151,14424718.71,0.004983,1741.04,0.005009,1098.02,52.04163330664701,5.49998218,1e-06,0.0,0.0,1.0,0.0,0.0005,exchangeInfo.quotePrecision/baseSizePrecision/quoteAmountPrecision,1,False,0.6229369445619974,0.336155800169348,0.43395427603725656,51.34451247588869
mexc,TROLLUSDT,TROLL-USDT,TROLL,USDT,True,1,True,1.436e-09,60000.743251286825,43665908980760.0,1.433e-09,4286055894.0,1.438e-09,104239054899.0,34.831069313828536,6.141918096102,1e-12,0.0,0.0,1.0,0.0,0.0005,exchangeInfo.quotePrecision/baseSizePrecision/quoteAmountPrecision,1,False,0.5192551840880237,0.5469940728196443,0.45469940728196445,51.32787509097171
mexc,PUFFERUSDT,PUFFER-USDT,PUFFER,USDT,True,1,True,0.0255,58862.0287,2236360.89,0.0254,37115.59,0.0256,35186.58,78.4313725490205,900.7764480000001,0.0001,0.0,0.0,1.0,0.0,0.0005,exchangeInfo.quotePrecision/baseSizePrecision/quoteAmountPrecision,1,False,0.4972492594159966,0.17527519051651141,0.9796782387806944,51.32415380640649
mexc,ORDERUSDT,ORDER-USDT,ORDER,USDT,True,1,True,0.0522,149888.3726,2827206.09,0.052,47.23,0.0527,380.95,133.71537726838574,2.4559599999999997,0.0001,0.0,0.0,1.0,0.0,0.0005,exchangeInfo.quotePrecision/baseSizePrecision/quoteAmountPrecision,1,False,0.7939060516292848,0.08636748518204906,0.2734970364098222,51.293960697358344
mexc,MAONUSDT,MAON-USDT,MAON,USDT,True,1,True,486.2,58525.54,118.969,484.57,0.737,487.05,0.111,51.04876392005142,54.06255,0.01,0.0,0.0,1.0,0.0,0.0005,exchangeInfo.quotePrecision/baseSizePrecision/quoteAmountPrecision,1,False,0.4883622513753703,0.3454699407281965,0.787891617273497,51.25450468932022
mexc,VANRYUSDC,VANRY-USDC,VANRY,USDC,True,1,True,0.004638,92204.414101,19550656.74,0.004627,3185.27,0.00466,1132.54,71.06708301927434,5.2776364,1e-06,0.0,0.0,1.0,0.0,0.0,exchangeInfo.quotePrecision/baseSizePrecision/quoteAmountPrecision,1,False,0.6914938637325434,0.1972904318374259,0.4140558848433531,51.2455409980926
mexc,RSRUSDC,RSR-USDC,RSR,USDC,True,1,True,0.001617,55951.265448,33292678.99,0.001612,348758.87,0.001619,425599.08,43.330238316311124,562.19929844,1e-06,0.0,0.0,1.0,0.0,0.0,exchangeInfo.quotePrecision/baseSizePrecision/quoteAmountPrecision,1,False,0.3838341091832416,0.4280270956816258,0.9703640982218459,51.21883536155585
mexc,CAKEUSDC,CAKE-USDC,CAKE,USDC,True,1,True,1.365,56348.003,41093.19,1.362,973.11,1.368,165.2,43.95604395604399,225.99360000000001,0.001,0.0,0.0,1.0,0.0,0.0,exchangeInfo.quotePrecision/baseSizePrecision/quoteAmountPrecision,1,False,0.40626322471434617,0.4199830651989839,0.9182895850973751,51.20984569121114
mexc,ANETONUSDT,ANETON-USDT,ANETON,USDT,True,1,True,121.37,62193.38,508.772,121.07,2.471,122.0,0.629,76.52116674209131,76.738,0.01,0.0,0.0,1.0,0.0,0.0005,exchangeInfo.quotePrecision/baseSizePrecision/quoteAmountPrecision,1,False,0.5484553533643673,0.1799322607959356,0.8272650296359018,51.208651547656636
mexc,MORPHOUSDC,MORPHO-USDC,MORPHO,USDC,True,1,True,1.506,57442.603,37895.33,1.501,46.08,1.508,86.75,46.527085410436136,69.16608,0.001,0.0,0.0,1.0,0.0,0.0,exchangeInfo.quotePrecision/baseSizePrecision/quoteAmountPrecision,1,False,0.4549301735082522,0.39415749364944963,0.8145639288738358,51.16637546166684
mexc,ETHUSDE,ETH-USDE,ETH,USDE,True,1,True,1989.91,65525.28,32.6484,1988.52,0.01507,1994.71,0.00087,31.080304175255026,1.7353977,0.01,0.0,0.0,1.0,0.0,0.0,exchangeInfo.quotePrecision/baseSizePrecision/quoteAmountPrecision,1,False,0.5818874312314855,0.5910245554614733,0.21845893310753597,51.148601266419256
mexc,SN3USDT,SN3-USDT,SN3,USDT,True,1,True,0.001004,65403.863894,59872908.5,0.001001,9338.66,0.001005,3947.08,39.88035892323128,3.9668154,1e-06,0.0,0.0,1.0,0.0,0.0005,exchangeInfo.quotePrecision/baseSizePrecision/quoteAmountPrecision,1,False,0.5797714769360982,0.4796782387806944,0.3619813717188823,51.11901463538041
mexc,HONEYUSDT,HONEY-USDT,HONEY,USDT,True,1,True,0.00222,142845.75928,61687031.13,0.00221,6245.32,0.00223,694.67,90.09009009009031,1.5491141000000002,1e-05,0.0,0.0,1.0,0.0,0.0005,exchangeInfo.quotePrecision/baseSizePrecision/quoteAmountPrecision,1,False,0.7867118070249682,0.14817950889077058,0.20702794242167655,51.11419595707605
mexc,ACAUSDT,ACA-USDT,ACA,USDT,True,1,True,0.0007964,55802.1471705,68184651.17,0.0007964,4766.21,0.0007967,4404.07,3.766241918273322,3.5087225689999997,1e-07,0.0001,0.0001,1.0,0.0,0.0005,exchangeInfo.quotePrecision/baseSizePrecision/quoteAmountPrecision,1,False,0.373677528565383,0.9500423370025403,0.34038950042337,51.111112504626966
mexc,IWMONUSDT,IWMON-USDT,IWMON,USDT,True,1,True,245.0,56955.84,230.265,244.37,1.086,245.5,0.4,46.13468879498624,98.2,0.01,0.0,0.0,1.0,0.0,0.0005,exchangeInfo.quotePrecision/baseSizePrecision/quoteAmountPrecision,1,False,0.43419382141345747,0.39754445385266723,0.8640982218458934,51.10123596097471
mexc,AALONUSDT,AALON-USDT,AALON,USDT,True,1,True,10.32,57828.22,5508.96,10.28,29.64,10.34,20.78,58.195926285160525,214.86520000000002,0.01,0.0,0.0,1.0,0.0,0.0005,exchangeInfo.quotePrecision/baseSizePrecision/quoteAmountPrecision,1,False,0.46677951756242064,0.28619813717188824,0.9136325148179509,51.10047719158936
mexc,CHIBIUSDT,CHIBI-USDT,CHIBI,USDT,True,1,True,0.0008424,94138.9929933,138178030.27,0.0008358,7547.36,0.0008435,7500.38,91.70487703209572,6.308083488,1e-07,0.0,0.0,1.0,0.0,0.0005,exchangeInfo.quotePrecision/baseSizePrecision/quoteAmountPrecision,1,False,0.6957257723233178,0.1443691786621507,0.45893310753598643,51.05280909505597
mexc,SAHARAUSDC,SAHARA-USDC,SAHARA,USDC,True,1,True,0.02459,56189.63658,2196342.9,0.02456,2736.0,0.02465,13032.32,36.577931314773345,67.19615999999999,1e-05,0.0,0.0,1.0,0.0,0.0,exchangeInfo.quotePrecision/baseSizePrecision/quoteAmountPrecision,1,False,0.39568345323741005,0.5224386113463166,0.8113886536833192,51.05132828538186
mexc,ESPORTSUSDT,ESPORTS-USDT,ESPORTS,USDT,True,1,True,0.36887,83148.33626,228544.23,0.36807,31.96,0.37053,15.0,66.61251015434654,5.55795,1e-05,0.0,0.0,1.0,0.0,0.0005,exchangeInfo.quotePrecision/baseSizePrecision/quoteAmountPrecision,1,False,0.667371984765129,0.22099915325994923,0.4386113463166808,51.002664919914444
mexc,A2ZUSDT,A2Z-USDT,A2Z,USDT,True,1,True,0.0002243,73868.3004036,288742382.25,0.000224,5950.97,0.0002248,9881.81,35.65062388591767,1.33301728,1e-07,0.0,0.0,1.0,0.0,0.0005,exchangeInfo.quotePrecision/baseSizePrecision/quoteAmountPrecision,1,False,0.6284384257300042,0.5372565622353938,0.15029635901778154,51.00145465139071
mexc,DYDXUSDC,DYDX-USDC,DYDX,USDC,True,1,True,0.0902,57533.68933,622937.13,0.08983,380.8,0.09021,6122.06,42.21284159075821,34.207263999999995,1e-05,0.0,0.0,1.0,0.0,0.0,exchangeInfo.quotePrecision/baseSizePrecision/quoteAmountPrecision,1,False,0.456622936944562,0.4458086367485182,0.7349703640982218,50.958884732628306
mexc,BNKRUSDT,BNKR-USDT,BNKR,USDT,True,1,True,0.0003549,67277.3504034,191642464.07,0.0003539,11740.01,0.0003554,10703.63,42.295220640068706,3.804070102,1e-07,0.0,0.0,1.0,0.0,0.0005,exchangeInfo.quotePrecision/baseSizePrecision/quoteAmountPrecision,1,False,0.5933135844265763,0.44538526672311596,0.3556308213378493,50.87949523829659
mexc,IEMGONUSDT,IEMGON-USDT,IEMGON,USDT,True,1,True,69.17,58570.0,846.73,68.93,0.69,69.29,4.31,52.09086962812898,47.5617,0.01,0.0,0.0,1.0,0.0,0.0005,exchangeInfo.quotePrecision/baseSizePrecision/quoteAmountPrecision,1,False,0.4904782056707575,0.3348856900931414,0.7756138865368332,50.86072129495687
mexc,ZEUSUSDT,ZEUS-USDT,ZEUS,USDT,True,1,True,0.008207,64743.762437,7659447.09,0.008206,19920.24,0.008287,7955.43,98.22348875280359,65.92664841,1e-06,0.0,0.0,1.0,0.0,0.0005,exchangeInfo.quotePrecision/baseSizePrecision/quoteAmountPrecision,1,False,0.5717308506136267,0.12912785774767144,0.8073666384419983,50.820725996281226
mexc,SGOVONUSDT,SGOVON-USDT,SGOVON,USDT,True,1,True,101.08,56692.35,562.7,100.63,1.13,101.09,2.45,45.60777315090303,113.71189999999999,0.01,0.0,0.0,1.0,0.0,0.0005,exchangeInfo.quotePrecision/baseSizePrecision/quoteAmountPrecision,1,False,0.4210749047820567,0.40177815410668927,0.8793395427603725,50.79036447088781
mexc,CROSSUSDT,CROSS-USDT,CROSS,USDT,True,1,True,0.06551,58181.07898,872590.9,0.06547,30.0,0.06556,30.0,13.737312065938012,1.9641,1e-05,0.0,0.0,1.0,0.0,0.0005,exchangeInfo.quotePrecision/baseSizePrecision/quoteAmountPrecision,1,False,0.4777824798984342,0.790008467400508,0.23412362404741743,50.71072056037493
mexc,MYRIAUSDT,MYRIA-USDT,MYRIA,USDT,True,1,True,4.165e-05,64731.46787106,1551477604.16,4.159e-05,70730.88,4.174e-05,73058.66,36.00144005760155,2.9416972992000003,1e-08,0.0,0.0,1.0,0.0,0.0005,exchangeInfo.quotePrecision/baseSizePrecision/quoteAmountPrecision,1,False,0.5713076597545493,0.5304826418289585,0.29974597798475866,50.678906891919354
mexc,BABAONUSDT,BABAON-USDT,BABAON,USDT,True,1,True,122.36,58128.28,470.105,122.12,3.945,122.93,2.529,66.10895735564189,310.88997,0.01,0.0,0.0,1.0,0.0,0.0005,exchangeInfo.quotePrecision/baseSizePrecision/quoteAmountPrecision,1,False,0.47566652560304695,0.22692633361558,0.941151566469094,50.65784857793897
mexc,FFUSDC,FF-USDC,FF,USDC,True,1,True,0.07055,54291.76333,765227.4,0.07041,21300.04,0.07064,187797.33,32.61254874158016,1499.7358164,1e-05,0.0,0.0,1.0,0.0,0.0,exchangeInfo.quotePrecision/baseSizePrecision/quoteAmountPrecision,1,False,0.3025814642403724,0.5723962743437765,0.985182049110923,50.65552837403335
mexc,RKLBONUSDT,RKLBON-USDT,RKLBON,USDT,True,1,True,60.87,69719.9,1103.87,60.62,4.45,60.93,0.09,51.00781571369844,5.4837,0.01,0.0,0.0,1.0,0.0,0.0005,exchangeInfo.quotePrecision/baseSizePrecision/quoteAmountPrecision,1,False,0.6081252644942869,0.34589331075359864,0.42675698560541914,50.629362028134125
mexc,AGGONUSDT,AGGON-USDT,AGGON,USDT,True,1,True,100.47,55504.62,552.01,100.42,2.95,100.74,0.66,31.815470272419287,66.4884,0.01,0.0,0.0,1.0,0.0,0.0005,exchangeInfo.quotePrecision/baseSizePrecision/quoteAmountPrecision,1,False,0.36013542107490476,0.5834038950042337,0.8082133784928027,50.55681310408167
mexc,SQDUSDT,SQD-USDT,SQD,USDT,True,1,True,0.03062,58258.55701,1826793.45,0.03056,1939.74,0.0307,881.49,45.706823375775784,27.061743000000003,1e-05,0.0,0.0,1.0,0.0,0.0005,exchangeInfo.quotePrecision/baseSizePrecision/quoteAmountPrecision,1,False,0.48116800677105376,0.4005080440304827,0.7006773920406435,50.4904893139829
mexc,FLOKIUSDC,FLOKI-USDC,FLOKI,USDC,True,1,True,2.749e-05,55231.76569807,1971517953.0,2.743e-05,28860826.0,2.754e-05,23993945.0,40.02183008913977,660.7932453,1e-08,0.0,0.0,1.0,0.0,0.0,exchangeInfo.quotePrecision/baseSizePrecision/quoteAmountPrecision,1,False,0.34617012272534914,0.4779847586790855,0.9741744284504658,50.47246428588066
mexc,CMGONUSDT,CMGON-USDT,CMGON,USDT,True,1,True,30.94,59625.41,1889.0,30.86,9.28,31.05,1.77,61.3794217412377,54.9585,0.01,0.0,0.0,1.0,0.0,0.0005,exchangeInfo.quotePrecision/baseSizePrecision/quoteAmountPrecision,1,False,0.5120609394837071,0.25740897544453856,0.7895850973751058,50.39027800521947
mexc,YALAUSDT,YALA-USDT,YALA,USDT,True,1,True,0.0004654,56100.9350766,113971061.51,0.000465,24877.92,0.0004657,14324.27,15.042441173309612,6.670812539,1e-07,0.0,0.0,1.0,0.0,0.0005,exchangeInfo.quotePrecision/baseSizePrecision/quoteAmountPrecision,1,False,0.3922979263647905,0.7696867061812024,0.4729043183742591,50.27663997207872
mexc,SNTUSDT,SNT-USDT,SNT,USDT,True,1,True,0.00945,55402.95103,5804201.32,0.00943,138564.0,0.00947,138021.6,42.328042328042436,1306.65852,1e-05,1.0,1.0,1.0,0.0,0.0005,exchangeInfo.quotePrecision/baseSizePrecision/quoteAmountPrecision,1,False,0.35378755818874313,0.44411515664690937,0.9834885690093141,50.2309659967399
mexc,FCXONUSDT,FCXON-USDT,FCXON,USDT,True,1,True,55.91,46145.87,823.42,55.85,6.22,55.94,5.24,16.101619107254013,293.1256,0.01,0.0,0.0,1.0,0.0,0.0005,exchangeInfo.quotePrecision/baseSizePrecision/quoteAmountPrecision,1,False,0.2280998730427423,0.7569856054191363,0.936917866215072,50.208490477130674
mexc,TIAUSDC,TIA-USDC,TIA,USDC,True,1,True,0.296,55985.411,183860.57,0.2955,211.53,0.2966,1137.34,37.15588583009593,62.507115,0.0001,0.0,0.0,1.0,0.0,0.0,exchangeInfo.quotePrecision/baseSizePrecision/quoteAmountPrecision,1,False,0.3863732543377063,0.5152413209144793,0.8018628281117697,50.168818573671224
mexc,MENGOUSDT,MENGO-USDT,MENGO,USDT,True,1,True,0.04707,55347.83987,1187448.29,0.04701,591.23,0.04712,591.11,23.371932433867837,27.793722300000002,1e-05,0.0,0.0,1.0,0.0,0.0005,exchangeInfo.quotePrecision/baseSizePrecision/quoteAmountPrecision,1,False,0.3504020313161236,0.6714648602878917,0.7036409822184589,50.13155287395327
mexc,BENQIUSDT,BENQI-USDT,BENQI,USDT,True,1,True,0.001404,71601.536528,50268839.3,0.001401,3925.76,0.001409,19526.05,56.93950177936081,5.49998976,1e-06,0.0001,0.0001,1.0,0.0,0.0005,exchangeInfo.quotePrecision/baseSizePrecision/quoteAmountPrecision,1,False,0.6191282268303004,0.29424216765453004,0.434801016088061,50.104126988790995
mexc,ARTYUSDT,ARTY-USDT,ARTY,USDT,True,1,True,0.0755,58228.3294,766461.98,0.07551,153.63,0.07569,49.08,23.809523809523757,3.7148651999999998,1e-05,0.0,0.0,1.0,0.0,0.0005,exchangeInfo.quotePrecision/baseSizePrecision/quoteAmountPrecision,1,False,0.47947524333474395,0.6668077900084675,0.35309060118543606,50.10314515733133
mexc,AUCUSDT,AUC-USDT,AUC,USDT,True,1,True,0.0001384,47967.9611911,346718110.82,0.0001383,961997.55,0.0001385,1334499.65,14.450867052023472,133.044261165,1e-07,0.0,0.0,1.0,0.0,0.0005,exchangeInfo.quotePrecision/baseSizePrecision/quoteAmountPrecision,1,False,0.2331781633516716,0.7785774767146486,0.888653683319221,50.062309568592575
mexc,SIGNUSDC,SIGN-USDC,SIGN,USDC,True,1,True,0.03206,55355.38811,1721742.75,0.03198,10396.8,0.03211,10626.56,40.567951318457844,332.489664,1e-05,0.0,0.0,1.0,0.0,0.0,exchangeInfo.quotePrecision/baseSizePrecision/quoteAmountPrecision,1,False,0.35124841303427845,0.4699407281964437,0.9466553767993227,50.00028845778286
mexc,CKBUSDC,CKB-USDC,CKB,USDC,True,1,True,0.001358,56399.04398,40861284.93,0.001357,11053.8,0.001361,11021.31,29.43340691685134,15.00000291,1e-06,0.0,0.0,1.0,0.0,0.0,exchangeInfo.quotePrecision/baseSizePrecision/quoteAmountPrecision,1,False,0.40964875158696573,0.6062658763759525,0.6147332768839966,49.98199378436186
mexc,TIPONUSDT,TIPON-USDT,TIPON,USDT,True,1,True,111.93,57153.28,511.18,111.52,2.83,112.19,3.03,59.898976353314715,315.6016,0.01,0.0,0.0,1.0,0.0,0.0005,exchangeInfo.quotePrecision/baseSizePrecision/quoteAmountPrecision,1,False,0.4435040203131612,0.2692633361558001,0.9428450465707028,49.981205452532926
mexc,ARCIELUSDT,ARCIEL-USDT,ARCIEL,USDT,True,1,True,0.007432,187682.080586,24037451.8,0.00718,6267.4,0.007683,208.94,676.8485500908296,1.6052860199999999,1e-06,0.0,0.0,1.0,0.0,0.0005,exchangeInfo.quotePrecision/baseSizePrecision/quoteAmountPrecision,1,False,0.8277613203554803,0.010160880609652811,0.20999153259949196,49.98072528678259
mexc,AIOUSDT,AIO-USDT,AIO,USDT,True,1,True,0.07827,58761.27642,758874.96,0.07791,408.52,0.07832,569.17,52.48671829994337,31.827793199999995,1e-05,0.0,0.0,1.0,0.0,0.0005,exchangeInfo.quotePrecision/baseSizePrecision/quoteAmountPrecision,1,False,0.4951333051206094,0.3314987298899238,0.722692633361558,49.97365269611277
mexc,ECHELONUSDT,ECHELON-USDT,ECHELON,USDT,True,1,True,0.09084,69354.61475,703536.2,0.09038,99.12,0.09095,114.42,62.86880273534452,8.9584656,1e-05,0.0,0.0,1.0,0.0,0.0005,exchangeInfo.quotePrecision/baseSizePrecision/quoteAmountPrecision,1,False,0.6055861193398223,0.24597798475867905,0.5254022015241321,49.96473021313985
mexc,HIVEUSDC,HIVE-USDC,HIVE,USDC,True,1,True,0.05754,60300.09993,1035742.95,0.05736,321.92,0.05766,1341.36,52.16484089723554,18.4653312,1e-05,0.0,0.0,1.0,0.0,0.0,exchangeInfo.quotePrecision/baseSizePrecision/quoteAmountPrecision,1,False,0.5217943292424884,0.33446232006773924,0.6435224386113463,49.930694882257264
mexc,ZKUSDC,ZK-USDC,ZK,USDC,True,1,True,0.01716,55627.52599,3188250.63,0.01712,10523.2,0.01719,116862.59,40.804430195278705,180.157184,1e-05,0.0,0.0,1.0,0.0,0.0,exchangeInfo.quotePrecision/baseSizePrecision/quoteAmountPrecision,1,False,0.36648328396106644,0.46613039796782385,0.905588484335309,49.92161025376043
mexc,MANTAUSDC,MANTA-USDC,MANTA,USDC,True,1,True,0.06145,54955.04692,872390.57,0.06127,47101.05,0.06151,7735.68,39.09431503502265,475.82167680000003,1e-05,0.0,0.0,1.0,0.0,0.0,exchangeInfo.quotePrecision/baseSizePrecision/quoteAmountPrecision,1,False,0.33389758781210327,0.4906858594411516,0.9614733276883997,49.86098036946247
mexc,ARTUSDT,ART-USDT,ART,USDT,True,1,True,0.0003997,55024.7747287,137424302.25,0.0003993,34894.2,0.0003999,171578.1,15.01501501501538,13.93325406,1e-07,0.0,0.0,1.0,0.0,0.0005,exchangeInfo.quotePrecision/baseSizePrecision/quoteAmountPrecision,1,False,0.3364367329665679,0.7705334462320068,0.6041490262489416,49.85033699394024
mexc,COMPUSDC,COMP-USDC,COMP,USDC,True,1,True,18.3,56071.42,3045.81,18.27,22.41,18.36,30.16,49.14004914004907,409.4307,0.01,0.0,0.0,1.0,0.0,0.0,exchangeInfo.quotePrecision/baseSizePrecision/quoteAmountPrecision,1,False,0.3901819720694033,0.369602032176122,0.955969517358171,49.81944961538366
mexc,ARBUSDC,ARB-USDC,ARB,USDC,True,1,True,0.08905,56948.69676,625418.53,0.08902,20953.86,0.08934,184.37,35.88248486207679,16.471615800000002,1e-05,0.0,0.0,1.0,0.0,0.0,exchangeInfo.quotePrecision/baseSizePrecision/quoteAmountPrecision,1,False,0.43377063055438003,0.5330228619813717,0.6291278577476714,49.76551338497863
mexc,ROBOUSDC,ROBO-USDC,ROBO,USDC,True,1,True,0.02337,54935.11849,2312068.03,0.02332,24267.61,0.02341,15293.44,38.51915257864319,358.01943040000003,1e-05,0.0,0.0,1.0,0.0,0.0,exchangeInfo.quotePrecision/baseSizePrecision/quoteAmountPrecision,1,False,0.3326280152348709,0.4987298899237934,0.9491955969517358,49.74670002504745
mexc,FIGHTUSDT,FIGHT-USDT,FIGHT,USDT,True,1,True,0.002824,60258.642922,20153748.53,0.002817,3648.65,0.00283,27136.82,46.04214627235697,10.278247050000001,1e-06,0.0,0.0,1.0,0.0,0.0005,exchangeInfo.quotePrecision/baseSizePrecision/quoteAmountPrecision,1,False,0.5209479475243335,0.3979678238780694,0.554614733276884,49.69362737632777
mexc,GHXUSDT,GHX-USDT,GHX,USDT,True,1,True,0.007616,57287.163499,7552114.25,0.00761,330.36,0.007621,4333.26,14.444225592542304,2.5140396,1e-06,0.0,0.0,1.0,0.0,0.0005,exchangeInfo.quotePrecision/baseSizePrecision/quoteAmountPrecision,1,False,0.4485823106220906,0.7790008467400508,0.2768839966130398,49.684728184977054
mexc,DIAMUSDT,DIAM-USDT,DIAM,USDT,True,1,True,0.007679,56194.568118,7302943.36,0.00767,1585.65,0.00769,3552.2,26.04166666666674,12.1619355,1e-06,0.0,0.0,1.0,0.0,0.0005,exchangeInfo.quotePrecision/baseSizePrecision/quoteAmountPrecision,1,False,0.3961066440964875,0.642675698560542,0.5829805249788315,49.512368388896995
mexc,LDOUSDC,LDO-USDC,LDO,USDC,True,1,True,0.2977,55107.0278,190591.15,0.297,457.34,0.2981,491.75,36.96857670979633,135.82997999999998,0.0001,0.0,0.0,1.0,0.0,0.0,exchangeInfo.quotePrecision/baseSizePrecision/quoteAmountPrecision,1,False,0.33939906898011,0.5169348010160881,0.8899237933954276,49.38879468721681
mexc,FLUXUSDC,FLUX-USDC,FLUX,USDC,True,1,True,0.04928,58298.81351,1214975.09,0.0491,1236.72,0.04932,320.0,44.70636049583518,15.7824,1e-05,0.0,0.0,1.0,0.0,0.0,exchangeInfo.quotePrecision/baseSizePrecision/quoteAmountPrecision,1,False,0.4837071519255184,0.4115156646909399,0.6232006773920407,49.355798521017824
mexc,BILIONUSDT,BILION-USDT,BILION,USDT,True,1,True,22.44,57113.07,2525.67,22.36,13.82,22.5,16.19,62.41640659830609,309.0152,0.01,0.0,0.0,1.0,0.0,0.0005,exchangeInfo.quotePrecision/baseSizePrecision/quoteAmountPrecision,1,False,0.44138806601777403,0.2502116850127011,0.9407281964436918,49.34619968516893
mexc,EDGE1USDT,EDGE1-USDT,EDGE1,USDT,True,1,True,0.12443,56402.11992,467383.68,0.12368,299.83,0.12418,295.59,40.345356249495715,36.7063662,1e-05,0.0,0.0,1.0,0.0,0.0005,exchangeInfo.quotePrecision/baseSizePrecision/quoteAmountPrecision,1,False,0.41007194244604317,0.4750211685012701,0.7447078746824725,49.32364354071358
mexc,IVPAYUSDT,IVPAY-USDT,IVPAY,USDT,True,1,True,0.000592,54131.701291,91701400.55,0.000591,52528.23,0.000592,80662.8,16.906170752323177,31.044183930000006,1e-06,0.0,0.0,1.0,0.0,0.0005,exchangeInfo.quotePrecision/baseSizePrecision/quoteAmountPrecision,1,False,0.294540837917901,0.7485182049110923,0.7201524132091448,49.31574947244476
mexc,FORESTUSDT,FOREST-USDT,FOREST,USDT,True,1,True,0.01893,51784.51314,2735794.93,0.01891,10034.06,0.01895,9431.93,21.130480718437312,178.73507350000003,1e-05,0.0,0.0,1.0,0.0,0.0005,exchangeInfo.quotePrecision/baseSizePrecision/quoteAmountPrecision,1,False,0.2475666525603047,0.6947502116850127,0.9047417442845047,49.07975606863217
mexc,ANLOGUSDT,ANLOG-USDT,ANLOG,USDT,False,1,True,6.054e-05,61708.83127345,1034954032.15,6.039e-05,55267.38,6.062e-05,58428.72,38.01338732336106,3.3375970782,1e-08,0.0,0.0,1.0,0.0,0.0005,exchangeInfo.quotePrecision/baseSizePrecision/quoteAmountPrecision,1,False,0.543377063055438,0.5038103302286199,0.32895850973751056,49.060166918514795
mexc,EYWAUSDT,EYWA-USDT,EYWA,USDT,True,1,True,0.0007814,40188.6326895,51454496.4,0.0007813,228394.34,0.0007816,28314.38,3.8390172115946193,22.130519408,1e-07,0.0,0.0,1.0,0.0,0.0005,exchangeInfo.quotePrecision/baseSizePrecision/quoteAmountPrecision,1,False,0.21328819297503174,0.9491955969517358,0.6773920406435224,49.00858135029059
mexc,NIGHTUSDC,NIGHT-USDC,NIGHT,USDC,True,1,True,0.04706,57155.44747,1254818.91,0.04708,233.91,0.04725,2299.84,36.04367645499915,11.012482799999999,1e-05,0.0,0.0,1.0,0.0,0.0,exchangeInfo.quotePrecision/baseSizePrecision/quoteAmountPrecision,1,False,0.44392721117223866,0.5300592718035564,0.5668924640135479,49.005327689832995
mexc,XGZUSDT,XGZ-USDT,XGZ,USDT,True,1,True,144.48,16690.17,116.52,144.3,31.53,144.45,39.81,10.389610389608816,4549.779,0.01,0.0,0.0,1.0,0.0,0.0005,exchangeInfo.quotePrecision/baseSizePrecision/quoteAmountPrecision,1,False,0.14853999153618283,0.8370025402201524,0.9940728196443692,48.97621943288125
mexc,BADGERUSDT,BADGER-USDT,BADGER,USDT,True,1,True,0.3545,54920.1703,154267.72,0.3544,19.95,0.3545,9.38,2.8212723938493154,3.32521,0.0001,0.0001,0.0001,1.0,0.0,0.0005,exchangeInfo.quotePrecision/baseSizePrecision/quoteAmountPrecision,1,False,0.3313584426576386,0.9669771380186283,0.3285351397121084,48.969845590877995
mexc,SNDKONUSDT,SNDKON-USDT,SNDKON,USDT,True,1,True,616.68,75381.09,123.175,611.54,0.014,617.24,0.014,92.77494750891202,8.56156,0.01,0.0,0.0,1.0,0.0,0.0005,exchangeInfo.quotePrecision/baseSizePrecision/quoteAmountPrecision,1,False,0.6369022429115531,0.14055884843353095,0.52116850127011,48.966964596375895
mexc,PAWSUSDT,PAWS-USDT,PAWS,USDT,True,1,True,4.185e-06,58295.492498116,13981175088.65,4.176e-06,881163.62,4.188e-06,944603.63,28.694404591104867,3.6797392771200004,1e-09,0.0,0.0,1.0,0.0,0.0005,exchangeInfo.quotePrecision/baseSizePrecision/quoteAmountPrecision,1,False,0.48243757934828607,0.6151566469093988,0.35139712108382726,48.94092545856725
mexc,PLAIUSDT,PLAI-USDT,PLAI,USDT,True,1,True,0.001977,57401.293568,29086879.68,0.001977,1011.63,0.00198,22001.57,15.163002274450161,1.99999251,1e-06,0.0,0.0,1.0,0.0,0.0005,exchangeInfo.quotePrecision/baseSizePrecision/quoteAmountPrecision,1,False,0.4536606009310199,0.7684165961049958,0.23835732430143947,48.928894439859775
mexc,1INCHUSDC,1INCH-USDC,1INCH,USDC,True,1,True,0.08719,55613.60621,628522.68,0.08689,15713.92,0.0873,4806.27,47.075033009932554,419.5873710000001,1e-05,0.0,0.0,1.0,0.0,0.0,exchangeInfo.quotePrecision/baseSizePrecision/quoteAmountPrecision,1,False,0.3647905205247567,0.38696020321761215,0.9585097375105842,48.90767845951361
mexc,CRWDONUSDT,CRWDON-USDT,CRWDON,USDT,True,1,True,368.78,69457.2,185.129,368.74,1.012,370.84,0.014,56.78898834473529,5.1917599999999995,0.01,0.0,0.0,1.0,0.0,0.0005,exchangeInfo.quotePrecision/baseSizePrecision/quoteAmountPrecision,1,False,0.6064325010579772,0.2955122777307366,0.40812870448772226,48.90416859121161
mexc,CSCOONUSDT,CSCOON-USDT,CSCOON,USDT,True,1,True,81.02,61175.9,748.78,80.63,0.37,81.19,4.55,69.21270547521966,29.833099999999998,0.01,0.0,0.0,1.0,0.0,0.0005,exchangeInfo.quotePrecision/baseSizePrecision/quoteAmountPrecision,1,False,0.5366060093101989,0.20618120237087212,0.7116850127011007,48.901560825354764
mexc,DOODUSDT,DOOD-USDT,DOOD,USDT,True,1,True,0.002856,58941.714533,19753731.41,0.002847,6573.32,0.002858,2061.0,38.562664329534535,5.890338,1e-06,0.0,0.0,1.0,0.0,0.0005,exchangeInfo.quotePrecision/baseSizePrecision/quoteAmountPrecision,1,False,0.4989420228523064,0.497883149872989,0.445385266723116,48.7965953381639
mexc,IZIUSDT,IZI-USDT,IZI,USDT,False,1,True,0.003858,56854.823827,14663288.54,0.003848,2788.64,0.003861,3575.7,33.72681281618885,10.73068672,1e-06,0.001,0.001,1.0,0.0,0.0005,exchangeInfo.quotePrecision/baseSizePrecision/quoteAmountPrecision,1,False,0.4278459585272958,0.5592718035563082,0.563082133784928,48.77496548360754
mexc,BCEUSDT,BCE-USDT,BCE,USDT,True,1,True,0.169403,85912.175716,507819.35,0.168765,38.42,0.171012,196.82,132.26321969997963,6.4839513,1e-06,0.0,0.0,1.0,0.0,0.0005,exchangeInfo.quotePrecision/baseSizePrecision/quoteAmountPrecision,1,False,0.6771053745239103,0.08806096528365792,0.46316680779000846,48.70565588670669
mexc,LIQUIDIUMUSDT,LIQUIDIUM-USDT,LIQUIDIUM,USDT,True,1,True,0.0323,58147.6907,1771549.53,0.0321,3151.06,0.0323,2016.03,62.11180124223781,65.11776900000001,0.0001,0.0,0.0,1.0,0.0,0.0005,exchangeInfo.quotePrecision/baseSizePrecision/quoteAmountPrecision,1,False,0.4765129073212019,0.25190516511430994,0.8065198983911939,48.636236998347734
mexc,PGONUSDT,PGON-USDT,PGON,USDT,True,1,True,145.5,57406.91,394.81,144.79,1.8,145.81,2.3,70.19958706125328,260.622,0.01,0.0,0.0,1.0,0.0,0.0005,exchangeInfo.quotePrecision/baseSizePrecision/quoteAmountPrecision,1,False,0.45408379179009734,0.20237087214225236,0.9271803556308214,48.57748746462809
mexc,HIMSONUSDT,HIMSON-USDT,HIMSON,USDT,True,1,True,19.21,67993.01,3417.85,19.12,23.82,19.23,0.28,57.36636245110792,5.3844,0.01,0.0,0.0,1.0,0.0,0.0005,exchangeInfo.quotePrecision/baseSizePrecision/quoteAmountPrecision,1,False,0.596699111299196,0.292125317527519,0.42209991532599495,48.56358236616366
mexc,ARRRUSDT,ARRR-USDT,ARRR,USDT,True,1,True,0.19,96145.0949,495505.02,0.1891,11.12,0.1904,9.67,68.51119894598278,1.8411680000000001,0.0001,0.0,0.0,1.0,0.0,0.0005,exchangeInfo.quotePrecision/baseSizePrecision/quoteAmountPrecision,1,False,0.7029200169276344,0.21041490262489415,0.22650296359017782,48.4510327684458
mexc,MNTUSDC,MNT-USDC,MNT,USDC,True,1,True,0.6716,56815.0831,83795.62,0.6697,20.94,0.6722,20.29,37.2606006408832,13.638938,0.0001,0.0,0.0,1.0,0.0,0.0,exchangeInfo.quotePrecision/baseSizePrecision/quoteAmountPrecision,1,False,0.42615319509098604,0.5122777307366638,0.5999153259949196,48.24367551831922
mexc,HOLOUSDT,HOLO-USDT,HOLO,USDT,True,1,True,0.05244,58823.31741,1099380.06,0.0524,5060.32,0.05251,26.39,20.970355542846058,1.3857389,1e-05,0.0,0.0,1.0,0.0,0.0005,exchangeInfo.quotePrecision/baseSizePrecision/quoteAmountPrecision,1,False,0.49597968683876426,0.6972904318374259,0.17315834038950043,48.17431037985769
mexc,ETHFIUSDC,ETHFI-USDC,ETHFI,USDC,True,1,True,0.4529,55926.1584,118532.69,0.4525,801.7,0.4546,214.48,46.30140006614466,97.502608,0.0001,0.0,0.0,1.0,0.0,0.0,exchangeInfo.quotePrecision/baseSizePrecision/quoteAmountPrecision,1,False,0.38171815488785443,0.3954276037256562,0.8636748518204911,48.153685648383224
mexc,MAJORUSDT,MAJOR-USDT,MAJOR,USDT,True,1,True,0.06307,63771.58603,1004231.21,0.06296,1161.51,0.06357,385.4,96.41982138623241,24.499878,1e-05,0.0,0.0,1.0,0.0,0.0005,exchangeInfo.quotePrecision/baseSizePrecision/quoteAmountPrecision,1,False,0.5649597968683876,0.13336155800169347,0.6867061812023709,48.14095140185108
mexc,MXNUSDT,MXN-USDT,MXN,USDT,True,1,True,0.05235,65588.24817,1237807.09,0.05228,2909161.18,0.05276,298.3,91.39375476009164,15.738308000000002,1e-05,0.0,0.0,1.0,0.0,0.0005,exchangeInfo.quotePrecision/baseSizePrecision/quoteAmountPrecision,1,False,0.5827338129496403,0.14521591871295514,0.6223539373412362,48.12783642687882
mexc,RSCUSDT,RSC-USDT,RSC,USDT,True,1,True,0.06765,63775.31982,905265.37,0.06749,54.06,0.0678,123.99,45.82748170596567,3.6485094,1e-05,0.0,0.0,1.0,0.0,0.0005,exchangeInfo.quotePrecision/baseSizePrecision/quoteAmountPrecision,1,False,0.5658061785865426,0.3992379339542761,0.3488569009314141,48.07742618974503
mexc,PARTUSDT,PART-USDT,PART,USDT,True,1,True,0.1619,99993.0259,604422.91,0.1614,48.6,0.1629,13.55,92.50693802035161,2.207295,0.0001,0.0,0.0,1.0,0.0,0.0005,exchangeInfo.quotePrecision/baseSizePrecision/quoteAmountPrecision,1,False,0.7156157426999576,0.14140558848433527,0.2578323454699407,48.05065247000487
mexc,TRADEUSDT,TRADE-USDT,TRADE,USDT,True,1,True,0.03477,54728.44133,1502076.3,0.03476,126.19,0.03478,349.73,5.752085130859703,4.3863644,1e-05,0.01,0.01,1.0,0.0,0.0005,exchangeInfo.quotePrecision/baseSizePrecision/quoteAmountPrecision,1,False,0.3216250528988574,0.9149026248941575,0.37383573243014395,48.03865818039398
mexc,ANDYETHUSDT,ANDYETH-USDT,ANDYETH,USDT,True,1,True,8.685e-06,58427.534659574,6662314651.59,8.677e-06,373887.94,8.704e-06,430325.19,31.068408031758715,3.24422565538,1e-09,0.0,0.0,1.0,0.0,0.0005,exchangeInfo.quotePrecision/baseSizePrecision/quoteAmountPrecision,1,False,0.48624629707998307,0.5914479254868755,0.3247248094834886,48.024240666240736
mexc,PLTRONUSDT,PLTRON-USDT,PLTRON,USDT,True,1,True,141.04,61122.11,423.797,140.79,0.043,141.45,0.039,46.76870748299295,5.51655,0.01,0.0,0.0,1.0,0.0,0.0005,exchangeInfo.quotePrecision/baseSizePrecision/quoteAmountPrecision,1,False,0.535759627592044,0.390770533446232,0.4377646062658764,47.99133497903575
mexc,ENJUSDC,ENJ-USDC,ENJ,USDC,True,1,True,0.01975,56314.36345,2710928.36,0.01972,3869.18,0.0198,1346.5,40.48582995951428,26.660700000000002,1e-05,0.0,0.0,1.0,0.0,0.0,exchangeInfo.quotePrecision/baseSizePrecision/quoteAmountPrecision,1,False,0.4037240795598815,0.4724809483488569,0.6981371718882303,47.97959152227951
mexc,ECHOUSDT,ECHO-USDT,ECHO,USDT,True,1,True,0.013223,62922.255522,4735367.88,0.013201,586.07,0.013277,2764.6,57.406148500643106,7.73671007,1e-06,0.0,0.0,1.0,0.0,0.0005,exchangeInfo.quotePrecision/baseSizePrecision/quoteAmountPrecision,1,False,0.558611933982226,0.29170194750211687,0.4970364098221846,47.95693325301904
mexc,NCTUSDT,NCT-USDT,NCT,USDT,True,1,True,0.006085,62447.065612,10144423.92,0.00606,555.71,0.006086,642.65,42.81244854273008,3.3676026000000006,1e-06,0.001,0.001,1.0,0.0,0.0005,exchangeInfo.quotePrecision/baseSizePrecision/quoteAmountPrecision,1,False,0.5535336436732966,0.4360711261642676,0.3302286198137172,47.95070095241235
mexc,MORIUSDT,MORI-USDT,MORI,USDT,True,1,True,0.004606,75545.016763,15990798.12,0.004591,745.48,0.00462,9462.93,62.96819020736159,3.42249868,1e-06,0.0,0.0,1.0,0.0,0.0005,exchangeInfo.quotePrecision/baseSizePrecision/quoteAmountPrecision,1,False,0.6373254337706306,0.24513124470787473,0.3344623200677392,47.870426376436335
mexc,TLTONUSDT,TLTON-USDT,TLTON,USDT,True,1,True,88.16,56593.78,641.29,87.92,3.52,88.31,0.35,44.26034159904676,30.9085,0.01,0.0,0.0,1.0,0.0,0.0005,exchangeInfo.quotePrecision/baseSizePrecision/quoteAmountPrecision,1,False,0.4181125687685146,0.4182895850973751,0.7197290431837426,47.84801177337754
mexc,ASPUSDT,ASP-USDT,ASP,USDT,True,1,True,0.02546,58140.84858,2252510.16,0.02538,2985.15,0.02551,750.75,51.09058754175737,19.1516325,1e-05,0.0,0.0,1.0,0.0,0.0005,exchangeInfo.quotePrecision/baseSizePrecision/quoteAmountPrecision,1,False,0.4760897164621244,0.3441998306519899,0.6502963590177815,47.79585735207222
mexc,SKIUSDT,SKI-USDT,SKI,USDT,True,1,True,0.009916,56987.560974,5553890.82,0.009907,582.31,0.009933,486.66,26.209677419356566,4.833993780000001,1e-06,0.0,0.0,1.0,0.0,0.0005,exchangeInfo.quotePrecision/baseSizePrecision/quoteAmountPrecision,1,False,0.4358865848497672,0.6414055884843353,0.3890770533446232,47.79044294573805
mexc,MOCAUSDT,MOCA-USDT,MOCA,USDT,True,1,True,0.01247,55452.43947,4337432.25,0.01245,44266.44,0.0125,5333.82,40.080160320642435,66.67275,1e-05,0.0,0.0,1.0,0.0,0.0005,exchangeInfo.quotePrecision/baseSizePrecision/quoteAmountPrecision,1,False,0.35801946677951757,0.47671464860287893,0.8090601185436072,47.79013925881758
mexc,HEMIUSDC,HEMI-USDC,HEMI,USDC,True,1,True,0.00541,56704.170213,10068857.82,0.005404,36890.16,0.005433,13822.34,53.520346959491334,75.09677322,1e-06,0.0,0.0,1.0,0.0,0.0,exchangeInfo.quotePrecision/baseSizePrecision/quoteAmountPrecision,1,False,0.42234447735928904,0.321337849280271,0.8243014394580863,47.7484212759294
mexc,XOUSDT,XO-USDT,XO,USDT,False,1,True,0.0001447,52344.1546622,361629465.48,0.0001446,82820.94,0.0001447,101108.61,6.913238852402518,11.975907924,1e-07,0.0,0.0,1.0,0.0,0.0005,exchangeInfo.quotePrecision/baseSizePrecision/quoteAmountPrecision,1,False,0.25349132458738893,0.8895004233700254,0.5783234546994073,47.74600253054518
mexc,ALPHUSDT,ALPH-USDT,ALPH,USDT,True,1,True,0.05397,59099.89164,1108032.59,0.05394,23.2,0.05404,66.2,18.52194850898239,1.251408,1e-05,0.0,0.0,1.0,0.0,0.0005,exchangeInfo.quotePrecision/baseSizePrecision/quoteAmountPrecision,1,False,0.502327549724926,0.72692633361558,0.09568162574089754,47.71480609007839
mexc,STORMUSDT,STORM-USDT,STORM,USDT,True,1,True,0.006323,57752.32689,9176847.67,0.006321,846.85,0.006343,2752.23,34.744156664560094,5.35293885,1e-06,0.0,0.0,1.0,0.0,0.0005,exchangeInfo.quotePrecision/baseSizePrecision/quoteAmountPrecision,1,False,0.4650867541261109,0.5478408128704488,0.4187129551227773,47.650050901152866
mexc,GAME2USDT,GAME2-USDT,GAME2,USDT,True,1,True,0.001339,100180.231972,74729572.29,0.001332,6313.14,0.001342,1030.28,74.79431563201216,1.38263576,1e-06,0.0,0.0,1.0,0.0,0.0005,exchangeInfo.quotePrecision/baseSizePrecision/quoteAmountPrecision,1,False,0.7190012695725773,0.18501270110076207,0.17231160033869602,47.616619360784725
mexc,SNSUSDT,SNS-USDT,SNS,USDT,True,1,True,0.0008397,70621.5130713,80423652.26,0.000827,127618.39,0.0008404,17978.45,160.72927911718844,15.109089380000002,1e-07,0.0,0.0,1.0,0.0,0.0005,exchangeInfo.quotePrecision/baseSizePrecision/quoteAmountPrecision,1,False,0.6115107913669064,0.06477561388653685,0.6168501270110076,47.58948641256343
mexc,PUSHUSDT,PUSH-USDT,PUSH,USDT,True,1,True,0.011568,52460.246555,4550464.97,0.01159,560.9,0.011593,16215.87,2.588103351593436,6.500831,1e-06,0.0001,0.0001,1.0,0.0,0.0005,exchangeInfo.quotePrecision/baseSizePrecision/quoteAmountPrecision,1,False,0.25476089716462125,0.9703640982218459,0.4657070279424217,47.58509235844875
mexc,AMZNXUSDT,AMZNX-USDT,AMZNX,USDT,True,1,True,198.34,57567.23,284.222,198.34,0.163,199.4,0.144,53.30115150600906,28.7136,0.01,0.0,0.0,1.0,0.0,0.0005,exchangeInfo.quotePrecision/baseSizePrecision/quoteAmountPrecision,1,False,0.4600084638171815,0.3243014394580863,0.7087214225232854,47.58242994686285
mexc,SWEATUSDT,SWEAT-USDT,SWEAT,USDT,True,1,True,0.0003654,56993.6746566,155896737.21,0.0003652,3621.37,0.0003656,4834.4,10.946907498631903,1.322524324,1e-07,0.01,0.01,1.0,0.0,0.0005,exchangeInfo.quotePrecision/baseSizePrecision/quoteAmountPrecision,1,False,0.4363097757088447,0.8272650296359018,0.1443691786621507,47.56604697812702
mexc,SENTUSDC,SENT-USDC,SENT,USDC,True,1,True,0.01579,55607.70317,3302700.02,0.01578,5736.96,0.01585,24365.44,44.261776794183135,90.5292288,1e-05,0.0,0.0,1.0,0.0,0.0,exchangeInfo.quotePrecision/baseSizePrecision/quoteAmountPrecision,1,False,0.3643673296656792,0.41786621507197286,0.8539373412362404,47.56560533313649
mexc,FWOGUSDT,FWOG-USDT,FWOG,USDT,True,1,True,0.004834,62337.853007,12839944.78,0.004826,643.32,0.004846,565.99,41.356492969394516,2.7427875399999997,1e-06,0.0,0.0,1.0,0.0,0.0005,exchangeInfo.quotePrecision/baseSizePrecision/quoteAmountPrecision,1,False,0.5514176893779095,0.45808636748518206,0.28746824724809483,47.529497047876475
mexc,HOPRUSDT,HOPR-USDT,HOPR,USDT,True,1,True,0.02016,56755.44425,2755977.64,0.02016,706.82,0.02017,53.54,4.959087527894665,1.0799018,1e-05,0.0001,0.0001,1.0,0.0,0.0005,exchangeInfo.quotePrecision/baseSizePrecision/quoteAmountPrecision,1,False,0.4240372407955988,0.9263336155800169,0.04995766299745978,47.47954189320755
mexc,ALKIMIUSDT,ALKIMI-USDT,ALKIMI,USDT,True,1,True,0.00777,103516.20505,14139498.41,0.00773,759.0,0.0078,179.68,90.14810045074019,1.401504,1e-05,0.0,0.0,1.0,0.0,0.0005,exchangeInfo.quotePrecision/baseSizePrecision/quoteAmountPrecision,1,False,0.7295810410495134,0.1477561388653683,0.18035563082133785,47.4279733457842
mexc,3ULLUSDT,3ULL-USDT,3ULL,USDT,True,1,True,0.0001071,60746.5509263,534871187.91,0.0001068,207222.04,0.0001074,91869.82,56.022408963585534,9.866818668,1e-07,0.0,0.0,1.0,0.0,0.0005,exchangeInfo.quotePrecision/baseSizePrecision/quoteAmountPrecision,1,False,0.5298349555649597,0.30016934801016093,0.5385266723116003,47.41568970255882
mexc,TNSRUSDC,TNSR-USDC,TNSR,USDC,True,1,True,0.03811,57199.66666,1466116.7,0.03802,320.0,0.03818,320.0,41.994750656168094,12.1664,1e-05,0.0,0.0,1.0,0.0,0.0,exchangeInfo.quotePrecision/baseSizePrecision/quoteAmountPrecision,1,False,0.44561997460854846,0.44877222692633356,0.5834038950042337,47.396482176713185
mexc,MOEWUSDT,MOEW-USDT,MOEW,USDT,True,1,True,0.0002203,37296.8985326,167987065.68,0.0002202,227066.3,0.0002204,154335.0,9.078529278255914,34.015434,1e-07,0.0,0.0,1.0,0.0,0.0005,exchangeInfo.quotePrecision/baseSizePrecision/quoteAmountPrecision,1,False,0.20567075751163774,0.8543607112616427,0.7337002540220152,47.34491452512145
mexc,STRMUSDT,STRM-USDT,STRM,USDT,True,1,True,0.0004487,100207.9739037,219768571.16,0.0004471,4920.6,0.0004524,174470.79,117.84324624791476,2.2000002600000004,1e-07,0.01,0.01,1.0,0.0,0.0005,exchangeInfo.quotePrecision/baseSizePrecision/quoteAmountPrecision,1,False,0.7194244604316546,0.1033022861981372,0.2574089754445385,47.29908198758521
mexc,EDGENUSDT,EDGEN-USDT,EDGEN,USDT,True,1,True,0.002013,54524.583215,26869032.47,0.002012,17814.26,0.002013,1825.37,4.9689440993795415,3.6744698099999997,1e-06,0.0,0.0,1.0,0.0,0.0005,exchangeInfo.quotePrecision/baseSizePrecision/quoteAmountPrecision,1,False,0.31062209056284384,0.9259102455546148,0.3505503810330229,47.24297874048224
mexc,EPICUSDC,EPIC-USDC,EPIC,USDC,True,1,True,0.2478,56661.6482,219801.67,0.2469,323.82,0.2483,2656.38,56.5428109854598,79.951158,0.0001,0.0,0.0,1.0,0.0,0.0,exchangeInfo.quotePrecision/baseSizePrecision/quoteAmountPrecision,1,False,0.41980533220482436,0.29762912785774764,0.8336155800169348,47.20233306804773
mexc,SBETONUSDT,SBETON-USDT,SBETON,USDT,True,1,True,6.146,67293.227,10727.02,6.12,73.6,6.159,0.89,63.52308819936429,5.48151,0.001,0.0,0.0,1.0,0.0,0.0005,exchangeInfo.quotePrecision/baseSizePrecision/quoteAmountPrecision,1,False,0.5937367752856538,0.24005080440304827,0.4263336155800169,47.18346506238751
mexc,SMARSUSDT,SMARS-USDT,SMARS,USDT,True,1,True,3.73e-09,54248.69569109116,13963444960298.0,3.729e-09,874729867.0,3.73e-09,11942579731.0,2.681324574340546,3.2618676740429997,1e-12,1000000000.0,1000000000.0,1.0,0.0,0.0005,exchangeInfo.quotePrecision/baseSizePrecision/quoteAmountPrecision,1,False,0.2987727465086754,0.9682472480948349,0.32557154953429296,47.150113251033886
mexc,PHAUSDC,PHA-USDC,PHA,USDC,True,1,True,0.03466,56655.44955,1659629.16,0.03451,88510.72,0.03476,12598.57,72.18131947452005,437.9262932,1e-05,0.0,0.0,1.0,0.0,0.0,exchangeInfo.quotePrecision/baseSizePrecision/quoteAmountPrecision,1,False,0.4193821413457469,0.19348010160880613,0.9602032176121931,47.107084666480105
mexc,USDMUSDT,USDM-USDT,USDM,USDT,True,1,True,0.995,100225.6738,101046.03,0.9875,1.42,0.996,1.48,85.70708343836603,1.40225,0.0001,0.0,0.0,1.0,0.0,0.0005,exchangeInfo.quotePrecision/baseSizePrecision/quoteAmountPrecision,1,False,0.7198476512907321,0.15537679932260795,0.18120237087214225,47.10008822149832
mexc,BIRBUSDT,BIRB-USDT,BIRB,USDT,True,1,True,0.1447,71767.7015,534976.74,0.1441,8.33,0.1447,1298.16,41.551246537395386,1.200353,0.0001,0.0,0.0,1.0,0.0,0.0005,exchangeInfo.quotePrecision/baseSizePrecision/quoteAmountPrecision,1,False,0.6195514176893779,0.4551227773073666,0.07832345469940728,47.01986649958809
mexc,SGBUSDT,SGB-USDT,SGB,USDT,True,1,True,0.0010056,59741.7251347,59328571.13,0.0010036,5480.27,0.0010082,81235.74,45.7301918679768,5.499998972000001,1e-07,0.0001,0.0001,1.0,0.0,0.0005,exchangeInfo.quotePrecision/baseSizePrecision/quoteAmountPrecision,1,False,0.5141768937790944,0.4000846740050804,0.4364944961896698,47.0117359317706
mexc,LLYONUSDT,LLYON-USDT,LLYON,USDT,True,1,True,884.51,60669.85,67.954,880.23,0.307,884.67,0.007,50.31446540880436,6.19269,0.01,0.0,0.0,1.0,0.0,0.0005,exchangeInfo.quotePrecision/baseSizePrecision/quoteAmountPrecision,1,False,0.5285653829877275,0.35266723116003384,0.45596951735817104,47.00716719048928
mexc,ISPUSDT,ISP-USDT,ISP,USDT,True,1,True,5.026e-05,61404.99010918,1183378294.67,5.015e-05,46861.2,5.035e-05,660881.84,39.800995024875235,2.35008918,1e-08,0.0001,0.0001,1.0,0.0,0.0005,exchangeInfo.quotePrecision/baseSizePrecision/quoteAmountPrecision,1,False,0.5387219636055861,0.48094834885690096,0.26545300592718035,46.96247683827337
mexc,NYMUSDT,NYM-USDT,NYM,USDT,True,1,True,0.03242,55827.82477,1722621.78,0.03234,476.5,0.03245,2590.97,33.955857385398666,15.41001,1e-05,1e-06,1e-06,1.0,0.0,0.0005,exchangeInfo.quotePrecision/baseSizePrecision/quoteAmountPrecision,1,False,0.3762166737198476,0.5558848433530905,0.6185436071126165,46.95991028067121
mexc,CLAWDONBASEUSDT,CLAWDONBASE-USDT,CLAWDONBASE,USDT,True,1,True,3.207e-05,57534.96166872,1784515410.0,3.2e-05,1788176.0,3.216e-05,567177.0,49.87531172069777,18.240412319999997,1e-08,0.0,0.0,1.0,0.0,0.0005,exchangeInfo.quotePrecision/baseSizePrecision/quoteAmountPrecision,1,False,0.45704612780363946,0.3577476714648603,0.6409822184589331,46.90087318500035
mexc,SPOTONUSDT,SPOTON-USDT,SPOTON,USDT,True,1,True,473.64,66390.78,140.106,472.85,0.019,475.79,0.011,61.98347107438011,5.23369,0.01,0.0,0.0,1.0,0.0,0.0005,exchangeInfo.quotePrecision/baseSizePrecision/quoteAmountPrecision,1,False,0.5882352941176471,0.2531752751905165,0.4102455546147333,46.887234148528165
mexc,COHRONUSDT,COHRON-USDT,COHRON,USDT,True,1,True,241.42,70793.13,289.656,241.24,0.022,242.99,0.022,72.27970179460173,5.3072799999999996,0.01,0.0,0.0,1.0,0.0,0.0005,exchangeInfo.quotePrecision/baseSizePrecision/quoteAmountPrecision,1,False,0.6127803639441388,0.19305673158340386,0.4157493649449619,46.84432560541198
mexc,BMTUSDC,BMT-USDC,BMT,USDC,True,1,True,0.01396,55552.56031,3852988.22,0.01394,4669.15,0.014,9561.34,42.949176807445255,65.08795099999999,1e-05,0.0,0.0,1.0,0.0,0.0,exchangeInfo.quotePrecision/baseSizePrecision/quoteAmountPrecision,1,False,0.3609818027930597,0.43395427603725656,0.8060965283657917,46.824786621865535
mexc,NILUSDC,NIL-USDC,NIL,USDC,True,1,True,0.03074,54273.50314,1658210.93,0.03072,2082.97,0.03075,201.79,9.760858955587695,6.205042499999999,1e-05,0.0,0.0,1.0,0.0,0.0,exchangeInfo.quotePrecision/baseSizePrecision/quoteAmountPrecision,1,False,0.3013118916631401,0.844623200677392,0.45681625740897547,46.824059206587016
mexc,SAHARAUSD1,SAHARA-USD1,SAHARA,USD1,True,1,True,0.02459,55154.67286,2153185.58,0.02456,2736.0,0.02466,13032.32,40.63388866314623,67.19615999999999,1e-05,0.0,0.0,1.0,0.0001,0.0001,exchangeInfo.quotePrecision/baseSizePrecision/quoteAmountPrecision,1,False,0.3427845958527296,0.46867061812023714,0.8113886536833192,46.79769129857244
mexc,COSTONUSDT,COSTON-USDT,COSTON,USDT,True,1,True,984.74,58170.07,58.905,984.62,0.005,988.34,0.298,37.70983699618874,4.9231,0.01,0.0,0.0,1.0,0.0,0.0005,exchangeInfo.quotePrecision/baseSizePrecision/quoteAmountPrecision,1,False,0.4769360981802793,0.5076206604572396,0.390770533446232,46.737412580271
mexc,GBCKUSDT,GBCK-USDT,GBCK,USDT,True,1,True,0.001646,71367.774715,42808346.94,0.001638,3469.21,0.001652,336402.75,85.10638297872416,5.68256598,1e-06,0.0,0.0,1.0,0.0,0.0005,exchangeInfo.quotePrecision/baseSizePrecision/quoteAmountPrecision,1,False,0.6174354633939907,0.1583403895004234,0.44072819644369177,46.73202415305391
mexc,ENPHONUSDT,ENPHON-USDT,ENPHON,USDT,True,1,True,37.76,68069.35,1758.46,37.54,0.14,37.79,9.24,66.37461834594451,5.2556,0.01,0.0,0.0,1.0,0.0,0.0005,exchangeInfo.quotePrecision/baseSizePrecision/quoteAmountPrecision,1,False,0.5979686838764283,0.22396274343776457,0.4119390347163421,46.726126893474515
mexc,GAGUSDT,GAG-USDT,GAG,USDT,True,1,True,0.004155,57030.471053,13571713.37,0.004148,1205.4,0.004161,1441.96,31.291370802743987,4.9999992,1e-06,0.0,0.0,1.0,0.0,0.0005,exchangeInfo.quotePrecision/baseSizePrecision/quoteAmountPrecision,1,False,0.43800253914515447,0.5889077053344622,0.395004233700254,46.712916960350135
mexc,GOCHUUSDT,GOCHU-USDT,GOCHU,USDT,True,1,True,1.865e-07,65091.9532947961,352596821629.0,1.86e-07,19870000.0,1.87e-07,162659278.0,53.619302949061435,3.69582,1e-10,0.0,0.0,1.0,0.0,0.0005,exchangeInfo.quotePrecision/baseSizePrecision/quoteAmountPrecision,1,False,0.5755395683453237,0.32049110922946655,0.35182049110922947,46.70336381191406
mexc,SHMUSDT,SHM-USDT,SHM,USDT,True,1,True,5.97e-05,82673.1796517,1374948446.58,5.96e-05,18666.32,5.99e-05,83472.45,50.209205020920585,1.112512672,1e-07,0.0,0.0,1.0,0.0,0.0005,exchangeInfo.quotePrecision/baseSizePrecision/quoteAmountPrecision,1,False,0.6652560304697418,0.3535139712108383,0.06350550381033022,46.697041032313365
mexc,MARS4USDT,MARS4-USDT,MARS4,USDT,True,1,True,0.00010811,75771.64959424,695581773.84,0.00010679,905415.94,0.00010816,58476.51,127.47150500116263,6.3248193216,1e-08,0.001,0.001,1.0,0.0,0.0005,exchangeInfo.quotePrecision/baseSizePrecision/quoteAmountPrecision,1,False,0.6394413880660178,0.09356477561388654,0.45935647756138864,46.695525285205925
mexc,SLCUSDT,SLC-USDT,SLC,USDT,True,1,True,4.062e-05,64408.83303482,1488945147.29,4.052e-05,6304735.11,4.072e-05,73654.12,49.23682914820406,2.9991957664,1e-08,0.0,0.0,1.0,0.0,0.0005,exchangeInfo.quotePrecision/baseSizePrecision/quoteAmountPrecision,1,False,0.5696148963182395,0.36748518204911096,0.3073666384419983,46.66328161757092
mexc,AVNTUSDC,AVNT-USDC,AVNT,USDC,True,1,True,0.133,55596.5546,403646.06,0.1327,547.2,0.1333,1374.59,45.11278195488642,72.61344000000001,0.0001,0.0,0.0,1.0,0.0,0.0,exchangeInfo.quotePrecision/baseSizePrecision/quoteAmountPrecision,1,False,0.36394413880660176,0.4081287044877223,0.8217612193056731,46.65536963266962
mexc,IMTUSDT,IMT-USDT,IMT,USDT,True,1,True,0.003427,59492.684052,18063884.51,0.003399,31004.0,0.003444,21456.0,131.5212626041207,73.894464,1e-06,0.0,0.0,1.0,0.0,0.0005,exchangeInfo.quotePrecision/baseSizePrecision/quoteAmountPrecision,1,False,0.5086754126110876,0.08890770533446235,0.8226079593564776,46.651999514100936
mexc,NXPCUSDC,NXPC-USDC,NXPC,USDC,True,1,True,0.2762,55497.8005,200643.96,0.2753,1007.62,0.2767,669.06,50.72463768115987,185.12890199999998,0.0001,0.0,0.0,1.0,0.0,0.0,exchangeInfo.quotePrecision/baseSizePrecision/quoteAmountPrecision,1,False,0.3592890393567499,0.34928027095681624,0.9064352243861135,46.62160842626392
mexc,VESUSDT,VES-USDT,VES,USDT,True,1,True,0.000699,94677.266292,135555353.6,0.000695,1962.28,0.0007,6816.52,71.68458781362027,1.3637846,1e-06,0.0,0.0,1.0,0.0,0.0005,exchangeInfo.quotePrecision/baseSizePrecision/quoteAmountPrecision,1,False,0.6982649174777825,0.19644369178662147,0.163844199830652,46.592546752556615
mexc,MODEUSDT,MODE-USDT,MODE,USDT,False,1,True,0.0001287,58170.1467245,443690496.55,0.0001283,124651.31,0.000129,2458357.76,54.41119315973493,15.992763073,1e-07,0.0,0.0,1.0,0.0,0.0005,exchangeInfo.quotePrecision/baseSizePrecision/quoteAmountPrecision,1,False,0.47735928903935676,0.3128704487722269,0.6244707874682472,46.565937865835245
mexc,TLMUSDC,TLM-USDC,TLM,USDC,True,1,True,0.001604,55412.299143,33422551.59,0.001601,43200.0,0.001608,43200.0,43.6272982237461,69.1632,1e-06,0.0,0.0,1.0,0.0,0.0,exchangeInfo.quotePrecision/baseSizePrecision/quoteAmountPrecision,1,False,0.3559035124841303,0.42358171041490267,0.8141405588484335,46.44704712396841
mexc,BABYUSDC,BABY-USDC,BABY,USDC,True,1,True,0.01258,55764.35314,4345431.09,0.01256,5972.49,0.01262,41566.73,47.65687053216782,75.0144744,1e-05,0.0,0.0,1.0,0.0,0.0,exchangeInfo.quotePrecision/baseSizePrecision/quoteAmountPrecision,1,False,0.3711383834109183,0.3818797629127858,0.8238780694326842,46.43716654907384
mexc,CHEXUSDT,CHEX-USDT,CHEX,USDT,True,1,True,0.01605,62880.22641,3703147.8,0.016,138.37,0.01607,235.61,43.6545057686315,2.2139200000000003,1e-05,0.0,0.0,1.0,0.0,0.0005,exchangeInfo.quotePrecision/baseSizePrecision/quoteAmountPrecision,1,False,0.5577655522640711,0.4229466553767993,0.25867908552074514,46.4243534693588
mexc,ADBEONUSDT,ADBEON-USDT,ADBEON,USDT,True,1,True,234.69,58060.94,245.192,233.9,0.136,235.41,0.947,64.34979011740602,31.8104,0.01,0.0,0.0,1.0,0.0,0.0005,exchangeInfo.quotePrecision/baseSizePrecision/quoteAmountPrecision,1,False,0.4739737621667372,0.2362404741744285,0.7222692633361558,46.41995404025438
mexc,ASSUSDT,ASS-USDT,ASS,USDT,True,1,True,6.812e-10,100085.71728318231,145259247681058.0,6.808e-10,1785287319.0,6.855e-10,11792452831.0,68.79894605869859,1.2154236067752,1e-13,0.0001,0.0001,1.0,0.0,0.0005,exchangeInfo.quotePrecision/baseSizePrecision/quoteAmountPrecision,1,False,0.7181548878544224,0.20956816257408972,0.0838272650296359,46.414268196938195
mexc,HMSTRUSDC,HMSTR-USDC,HMSTR,USDC,True,1,True,0.0001341,55679.4764311,409514308.45,0.0001339,8397557.12,0.0001345,429177.51,44.70938897168312,57.724375095,1e-07,0.0,0.0,1.0,0.0,0.0,exchangeInfo.quotePrecision/baseSizePrecision/quoteAmountPrecision,1,False,0.3673296656792213,0.41109229466553765,0.7946655376799323,46.37374973259426
mexc,NBISONUSDT,NBISON-USDT,NBISON,USDT,True,1,True,100.49,69264.98,671.99,100.15,0.05,100.85,0.25,69.6517412935312,5.0075,0.01,0.0,0.0,1.0,0.0,0.0005,exchangeInfo.quotePrecision/baseSizePrecision/quoteAmountPrecision,1,False,0.6051629284807448,0.20448772226926337,0.39754445385266723,46.347043200225905
mexc,NIZAUSDT,NIZA-USDT,NIZA,USDT,True,1,True,0.03097,89006.07533,2792467.86,0.03095,111.38,0.03126,78.69,99.66243369233393,2.4598494,1e-05,0.0,0.0,1.0,0.0,0.0005,exchangeInfo.quotePrecision/baseSizePrecision/quoteAmountPrecision,1,False,0.6851460008463817,0.12531752751905167,0.2743437764606266,46.30284376373982
mexc,USDPUSDT,USDP-USDT,USDP,USDT,True,1,True,0.9999,14477.3742,14474.62,0.9998,8108.4,0.9999,24.04,1.0001500225032653,24.037596,0.0001,0.0001,0.0001,1.0,0.0,0.0005,exchangeInfo.quotePrecision/baseSizePrecision/quoteAmountPrecision,1,False,0.1417689377909437,0.9904741744284504,0.6833192209991532,46.225530359196235
mexc,STOOSUSDT,STOOS-USDT,STOOS,USDT,True,1,True,1.6008,40049.4551,25014.47,1.5999,21.97,1.6021,180.87,13.741411617738787,35.149803,0.0001,0.0,0.0,1.0,0.0,0.0005,exchangeInfo.quotePrecision/baseSizePrecision/quoteAmountPrecision,1,False,0.2128650021159543,0.7895850973751058,0.7387806943268417,46.22281643729197
mexc,KMNOUSDC,KMNO-USDC,KMNO,USDC,True,1,True,0.01734,54669.57675,3080692.45,0.0173,30840.96,0.01738,17655.68,46.13610149942341,306.8557184,1e-05,0.0,0.0,1.0,0.0,0.0,exchangeInfo.quotePrecision/baseSizePrecision/quoteAmountPrecision,1,False,0.3178163351671604,0.3971210838272651,0.9403048264182896,46.21402205824124
mexc,AICUSDT,AIC-USDT,AIC,USDT,True,1,True,0.042433,59055.983421,1370911.09,0.042285,77.24,0.042452,78.66,39.41607562221781,3.2660934,1e-06,0.0,0.0,1.0,0.0,0.0005,exchangeInfo.quotePrecision/baseSizePrecision/quoteAmountPrecision,1,False,0.5010579771476936,0.48433530906011857,0.3259949195596952,46.186469860820026
mexc,QCOMONUSDT,QCOMON-USDT,QCOMON,USDT,True,1,True,128.63,56938.0,436.676,128.55,2.226,128.9,0.026,27.189745581665896,3.3514,0.01,0.0,0.0,1.0,0.0,0.0005,exchangeInfo.quotePrecision/baseSizePrecision/quoteAmountPrecision,1,False,0.43292424883622516,0.6312447078746825,0.3293818797629128,46.1795889781177
mexc,ZROUSDC,ZRO-USDC,ZRO,USDC,True,1,True,2.024,55292.183,27104.44,2.017,39.54,2.026,1074.64,44.521395003709614,79.75218,0.001,0.0,0.0,1.0,0.0,0.0,exchangeInfo.quotePrecision/baseSizePrecision/quoteAmountPrecision,1,False,0.3487092678798138,0.4140558848433531,0.831922099915326,46.16884885278011
mexc,ONDSONUSDT,ONDSON-USDT,ONDSON,USDT,True,1,True,8.825,64991.909,7167.14,8.789,0.71,8.849,2.02,68.0349245946258,6.240189999999999,0.001,0.0,0.0,1.0,0.0,0.0005,exchangeInfo.quotePrecision/baseSizePrecision/quoteAmountPrecision,1,False,0.5751163774862463,0.21422523285351402,0.45808636748518206,46.148758932785036
mexc,NSTUSDT,NST-USDT,NST,USDT,True,1,True,1.249,74396.351,59680.22,1.244,12.04,1.255,3.68,88.03521408563346,4.618399999999999,0.001,0.0,0.0,1.0,0.0,0.0005,exchangeInfo.quotePrecision/baseSizePrecision/quoteAmountPrecision,1,False,0.6309775708844689,0.15071972904318376,0.3814563928873836,46.10088748247306
mexc,HUMAUSDC,HUMA-USDC,HUMA,USDC,True,1,True,0.01476,54926.21679,3541850.19,0.01469,17832.42,0.01475,4480.0,40.76086956521691,66.08,1e-05,0.0,0.0,1.0,0.0,0.0,exchangeInfo.quotePrecision/baseSizePrecision/quoteAmountPrecision,1,False,0.331781633516716,0.4669771380186283,0.8077900084674005,46.0782184632331
mexc,PVTUSDT,PVT-USDT,PVT,USDT,True,1,True,0.0004544,45696.6446228,100301873.15,0.0004543,17622.84,0.0004545,18511.72,4.4014084507043325,8.006056211999999,1e-07,0.0,0.0,1.0,0.0,0.0005,exchangeInfo.quotePrecision/baseSizePrecision/quoteAmountPrecision,1,False,0.2264071096064325,0.939034716342083,0.506350550381033,46.05526994452653
mexc,FORMUSDC,FORM-USDC,FORM,USDC,True,1,True,0.2473,54271.1226,216268.38,0.2471,288.0,0.248,288.0,36.356291658251344,71.1648,0.0001,0.0,0.0,1.0,0.0,0.0,exchangeInfo.quotePrecision/baseSizePrecision/quoteAmountPrecision,1,False,0.30088870080406266,0.5245554614733277,0.8179508890770534,46.02178286259771
mexc,VELODROMEUSDC,VELODROME-USDC,VELODROME,USDC,True,1,True,0.01383,55382.89353,3924765.67,0.01381,4176.0,0.01387,4176.0,43.35260115607011,57.670559999999995,1e-05,0.0,0.0,1.0,0.0,0.0,exchangeInfo.quotePrecision/baseSizePrecision/quoteAmountPrecision,1,False,0.35294117647058826,0.42718035563082135,0.79424216765453,45.97611694974349
mexc,OKLOONUSDT,OKLOON-USDT,OKLOON,USDT,True,1,True,50.08,63295.13,1237.27,49.98,0.1,50.27,0.1,57.85536159601122,4.998,0.01,0.0,0.0,1.0,0.0,0.0005,exchangeInfo.quotePrecision/baseSizePrecision/quoteAmountPrecision,1,False,0.5611510791366906,0.2891617273497037,0.3937341236240474,45.967035008741526
mexc,PSQONUSDT,PSQON-USDT,PSQON,USDT,True,1,True,32.91,55415.74,1695.88,32.89,0.45,32.93,0.09,12.154360376784915,2.9637,0.01,0.0,0.0,1.0,0.0,0.0005,exchangeInfo.quotePrecision/baseSizePrecision/quoteAmountPrecision,1,False,0.35632670334320776,0.8116003386960203,0.3035563082133785,45.95910331554451
mexc,HOODXUSDT,HOODX-USDT,HOODX,USDT,True,1,True,65.71,60461.97,897.55,65.57,0.02,65.78,0.42,31.97563760944164,1.3114,0.01,0.0,0.0,1.0,0.0,0.0005,exchangeInfo.quotePrecision/baseSizePrecision/quoteAmountPrecision,1,False,0.5256030469741854,0.582133784928027,0.12404741744284505,45.94246055563778
mexc,POLUSDC,POL-USDC,POL,USDC,True,1,True,0.09029,55862.32334,608961.02,0.09008,134.09,0.0904,6381.92,35.46099290780152,12.0788272,1e-05,0.0,0.0,1.0,0.0,0.0,exchangeInfo.quotePrecision/baseSizePrecision/quoteAmountPrecision,1,False,0.3783326280152349,0.5393734123624048,0.5821337849280271,45.93530554845858
mexc,MOODENGETHUSDT,MOODENGETH-USDT,MOODENGETH,USDT,True,1,True,4.029e-06,59839.577423258,14563488865.28,4.02e-06,879509.49,4.037e-06,772647.38,42.19932977535065,3.1191774730599997,1e-09,0.0,0.0,1.0,0.0,0.0005,exchangeInfo.quotePrecision/baseSizePrecision/quoteAmountPrecision,1,False,0.5162928480744816,0.4462320067739204,0.31837425910245554,45.91939199549361
mexc,IRYSUSDC,IRYS-USDC,IRYS,USDC,True,1,True,0.02022,57087.98476,2799741.11,0.02016,1769.34,0.02028,1855.02,59.347181008901366,35.6698944,1e-05,0.0,0.0,1.0,0.0,0.0,exchangeInfo.quotePrecision/baseSizePrecision/quoteAmountPrecision,1,False,0.44054168429961915,0.2743437764606266,0.7413209144792549,45.914805337579814
mexc,BANANAS31USDC,BANANAS31-USDC,BANANAS31,USDC,True,1,True,0.01299,53686.395246,4006861.73,0.012978,15276.0,0.013013,2768.4,26.93239967681144,36.0251892,1e-06,0.0,0.0,1.0,0.0,0.0,exchangeInfo.quotePrecision/baseSizePrecision/quoteAmountPrecision,1,False,0.275497249259416,0.6342082980524979,0.743861134631668,45.88477885321369
mexc,PRLUSDC,PRL-USDC,PRL,USDC,True,1,True,0.1546,58553.9095,350198.33,0.1542,1372.32,0.1554,208.62,77.51937984496168,32.419548000000006,0.0001,0.0,0.0,1.0,0.0,0.0,exchangeInfo.quotePrecision/baseSizePrecision/quoteAmountPrecision,1,False,0.48963182395260263,0.176545300592718,0.7265029635901779,45.87344210401466
mexc,WDCONUSDT,WDCON-USDT,WDCON,USDT,True,1,True,274.79,66183.85,240.481,274.66,0.02,276.53,0.019,67.85319036992499,5.25407,0.01,0.0,0.0,1.0,0.0,0.0005,exchangeInfo.quotePrecision/baseSizePrecision/quoteAmountPrecision,1,False,0.5861193398222598,0.21591871295512277,0.41151566469093986,45.86484480792116
mexc,COQUSDT,COQ-USDT,COQ,USDT,True,1,True,9.686e-08,67462.8061720741,707498262948.55,9.594e-08,156347717.31,9.842e-08,522607836.62,255.19654249845712,14.9999999987214,1e-11,0.0,0.0,1.0,0.0,0.0005,exchangeInfo.quotePrecision/baseSizePrecision/quoteAmountPrecision,1,False,0.5945831570038087,0.03386960203217615,0.6143099068585944,45.83501182318578
mexc,SOUNONUSDT,SOUNON-USDT,SOUNON,USDT,True,1,True,5.89,55696.46,9316.06,5.88,2.08,5.9,52.76,33.95585738539976,12.2304,0.01,0.0,0.0,1.0,0.0,0.0005,exchangeInfo.quotePrecision/baseSizePrecision/quoteAmountPrecision,1,False,0.3681760473973762,0.5554614733276884,0.5846740050804403,45.8296995416567
mexc,DASHUSDC,DASH-USDC,DASH,USDC,True,1,True,31.26,53755.68,1687.710837,31.17,13.4528,31.3,83.97504,41.619977589242524,419.323776,0.01,0.0,0.0,1.0,0.0,0.0,exchangeInfo.quotePrecision/baseSizePrecision/quoteAmountPrecision,1,False,0.2784595852729581,0.45342929720575786,0.958086367485182,45.81273696986028
mexc,STOUSDC,STO-USDC,STO,USDC,True,1,True,0.11256,55331.20095,532845.13,0.11226,2165.5,0.11286,4429.25,53.304904051173004,243.09903,1e-05,0.0,0.0,1.0,0.0,0.0,exchangeInfo.quotePrecision/baseSizePrecision/quoteAmountPrecision,1,False,0.3495556495979687,0.32387806943268416,0.9237933954276037,45.79838037225746
mexc,OWLUSDT,OWL-USDT,OWL,USDT,True,1,True,0.004414,56876.03816,11992935.15,0.004409,859.64,0.004421,714.62,27.18006795016956,3.15933502,1e-06,0.0,0.0,1.0,0.0,0.0005,exchangeInfo.quotePrecision/baseSizePrecision/quoteAmountPrecision,1,False,0.4286923402454507,0.6316680779000847,0.321337849280271,45.79653764660733
mexc,CLAWNCHUSDT,CLAWNCH-USDT,CLAWNCH,USDT,True,1,True,3.555e-05,61680.45251407,1884512523.0,3.523e-05,2793321.0,3.594e-05,973354.0,199.52227061964263,34.98234276,1e-08,0.0,0.0,1.0,0.0,0.0005,exchangeInfo.quotePrecision/baseSizePrecision/quoteAmountPrecision,1,False,0.5429538721963606,0.046994072819644406,0.7379339542760373,45.79599387681169
mexc,STXUSDC,STX-USDC,STX,USDC,True,1,True,0.2225,54125.80439,239225.92,0.22215,316.8,0.22295,572.74,35.94697820714549,70.37712,1e-05,0.0,0.0,1.0,0.0,0.0,exchangeInfo.quotePrecision/baseSizePrecision/quoteAmountPrecision,1,False,0.29411764705882354,0.5313293818797629,0.8158340389500424,45.77638591423021
mexc,ATTONUSDT,ATTON-USDT,ATTON,USDT,True,1,True,29.41,57595.51,1968.52,29.28,1.04,29.47,3.72,64.68085106382901,30.451200000000004,0.01,0.0,0.0,1.0,0.0,0.0005,exchangeInfo.quotePrecision/baseSizePrecision/quoteAmountPrecision,1,False,0.4633939906898011,0.2349703640982218,0.718458933107536,45.730107252545324
mexc,MOLTUSDT,MOLT-USDT,MOLT,USDT,True,1,True,1.73e-05,73936.56231313,4153588445.36,1.718e-05,481647.67,1.738e-05,314107.34,115.74074074073962,5.459185569200001,1e-08,0.0,0.0,1.0,0.0,0.0005,exchangeInfo.quotePrecision/baseSizePrecision/quoteAmountPrecision,1,False,0.6288616165890817,0.10541913632514821,0.4242167654530059,45.70720262958832
mexc,AAVEUSDC,AAVE-USDC,AAVE,USDC,True,1,True,96.67,31748.2,315.918,96.66,52.644,96.94,23.047,28.925619834710865,2234.17618,0.01,1e-06,1e-06,1.0,0.0,0.0,exchangeInfo.quotePrecision/baseSizePrecision/quoteAmountPrecision,1,False,0.19339822259839187,0.6117696867061813,0.9877222692633362,45.68558979583281
mexc,SNOWONUSDT,SNOWON-USDT,SNOWON,USDT,True,1,True,151.99,62396.03,399.588,151.58,2.863,152.49,0.036,59.85463873450169,5.48964,0.01,0.0,0.0,1.0,0.0,0.0005,exchangeInfo.quotePrecision/baseSizePrecision/quoteAmountPrecision,1,False,0.5522640710960643,0.2696867061812024,0.42718035563082135,45.66029867743002
mexc,RENUSDT,REN-USDT,REN,USDT,False,1,True,0.003116,55435.443111,17494807.72,0.003113,5527.26,0.003117,934.42,12.8410914927772,2.91258714,1e-06,1.0,1.0,1.0,0.0,0.0005,exchangeInfo.quotePrecision/baseSizePrecision/quoteAmountPrecision,1,False,0.3571730850613627,0.8005927180355631,0.29805249788314986,45.62038758692702
mexc,KITEUSDC,KITE-USDC,KITE,USDC,True,1,True,0.1751,53667.5076,282411.32,0.17511,1581.5,0.1758,1261.38,39.326322988801905,221.75060400000004,1e-05,0.0,0.0,1.0,0.0,0.0,exchangeInfo.quotePrecision/baseSizePrecision/quoteAmountPrecision,1,False,0.27507405840033855,0.4860287891617273,0.9170194750211685,45.62018244148518
mexc,DEFIUSDT,DEFI-USDT,DEFI,USDT,True,1,True,0.000317,68741.616084,210912567.84,0.000315,63349.12,0.000318,19455.07,94.78672985781878,6.186712259999999,1e-06,0.0,0.0,1.0,0.0,0.0005,exchangeInfo.quotePrecision/baseSizePrecision/quoteAmountPrecision,1,False,0.6013542107490478,0.13674851820491107,0.4555461473327688,45.60411749297579
mexc,MOMOUSDT,MOMO-USDT,MOMO,USDT,True,1,True,0.00145,66391.768679,44986818.21,0.001442,3537.96,0.001452,237041.53,69.1085003455427,5.10173832,1e-06,0.0,0.0,1.0,0.0,0.0005,exchangeInfo.quotePrecision/baseSizePrecision/quoteAmountPrecision,1,False,0.5886584849767245,0.20702794242167655,0.4022015241320914,45.59594571690359
mexc,DNUSDT,DN-USDT,DN,USDT,True,1,True,0.10233,68009.06471,657264.23,0.10241,37.0,0.10309,313.78,66.18004866180048,3.78917,1e-05,0.0,0.0,1.0,0.0,0.0005,exchangeInfo.quotePrecision/baseSizePrecision/quoteAmountPrecision,1,False,0.5971223021582733,0.22565622353937342,0.35478408128704486,45.57881383293027
mexc,PYPLONUSDT,PYPLON-USDT,PYPLON,USDT,True,1,True,43.91,59088.32,1328.88,43.73,0.33,44.01,0.31,63.82493731479397,13.643099999999999,0.01,0.0,0.0,1.0,0.0,0.0005,exchangeInfo.quotePrecision/baseSizePrecision/quoteAmountPrecision,1,False,0.5019043588658485,0.2383573243014394,0.6003386960203217,45.570446765564085
mexc,MASKUSDC,MASK-USDC,MASK,USDC,True,1,True,0.4066,56277.5226,135628.65,0.4055,74.86,0.4075,76.1,49.20049200491873,30.35573,0.0001,0.0,0.0,1.0,0.0,0.0,exchangeInfo.quotePrecision/baseSizePrecision/quoteAmountPrecision,1,False,0.40033855268726193,0.3679085520745131,0.7176121930567316,45.56857806079687
mexc,WMTXUSDT,WMTX-USDT,WMTX,USDT,True,1,True,0.06926,58894.13103,832930.03,0.06915,644.38,0.06945,61.56,43.290043290042526,4.275342,1e-05,0.0,0.0,1.0,0.0,0.0005,exchangeInfo.quotePrecision/baseSizePrecision/quoteAmountPrecision,1,False,0.49851883199322894,0.4288738357324301,0.3712955122777307,45.56629189849296
mexc,IJHONUSDT,IJHON-USDT,IJHON,USDT,True,1,True,66.73,59555.25,885.12,66.52,0.03,66.77,0.08,37.512191462225225,1.9955999999999998,0.01,0.0,0.0,1.0,0.0,0.0005,exchangeInfo.quotePrecision/baseSizePrecision/quoteAmountPrecision,1,False,0.5107913669064749,0.5093141405588484,0.23624047417442845,45.5511881773159
mexc,LTCEUR,LTC-EUR,LTC,EUR,True,1,True,46.55,45090.67,962.3501,46.5,11.6497,46.66,17.5724,34.34950622584727,541.71105,0.01,0.0,0.0,1.0,0.0,0.0,exchangeInfo.quotePrecision/baseSizePrecision/quoteAmountPrecision,1,False,0.22471434617012273,0.552497883149873,0.9686706181202371,45.545148480508324
mexc,RHUSDT,RH-USDT,RH,USDT,True,1,True,0.006998,62656.305523,8956774.92,0.006976,706.06,0.007017,1569.18,58.60072893589562,4.92547456,1e-06,0.0,0.0,1.0,0.0,0.0005,exchangeInfo.quotePrecision/baseSizePrecision/quoteAmountPrecision,1,False,0.5564959796868387,0.2819644369178662,0.3911939034716342,45.48026787515547
mexc,AKITAUSDT,AKITA-USDT,AKITA,USDT,True,1,True,0.01237,61523.4282,4806277.56,0.01228,1719.34,0.01244,5177.12,129.44983818770262,21.1134952,1e-05,0.0,0.0,1.0,0.0,0.0005,exchangeInfo.quotePrecision/baseSizePrecision/quoteAmountPrecision,1,False,0.5412611087600507,0.09102455546147337,0.6701947502116851,45.448869872573326
mexc,FUNTOKENUSDC,FUNTOKEN-USDC,FUNTOKEN,USDC,True,1,True,0.001299,56363.729069,42450145.43,0.001297,33681.12,0.001304,30498.56,53.82545174932766,39.770122240000006,1e-06,0.0,0.0,1.0,0.0,0.0,exchangeInfo.quotePrecision/baseSizePrecision/quoteAmountPrecision,1,False,0.4066864155734236,0.31837425910245554,0.7544453852667231,45.41601703943415
mexc,PTCUSDT,PTC-USDT,PTC,USDT,False,1,True,0.000381,59555.166905,156337850.3,0.000381,18372.7,0.000382,2924.92,26.21231979030208,1.1173194400000002,1e-06,0.0,0.0,1.0,0.0,0.0005,exchangeInfo.quotePrecision/baseSizePrecision/quoteAmountPrecision,1,False,0.5103681760473974,0.6409822184589331,0.06477561388653684,45.39031742181092
mexc,CRWVONUSDT,CRWVON-USDT,CRWVON,USDT,True,1,True,74.71,68082.92,885.41,74.16,0.07,74.75,1.38,79.2424954670611,5.1912,0.01,0.0,0.0,1.0,0.0,0.0005,exchangeInfo.quotePrecision/baseSizePrecision/quoteAmountPrecision,1,False,0.5983918747355057,0.17231160033869597,0.40770533446232005,45.37344980816662
mexc,STOSUSDT,STOS-USDT,STOS,USDT,True,1,True,0.02746,58008.9482,2058839.13,0.02739,6019.46,0.0275,154.71,40.080160320640914,4.254525,1e-05,0.1,0.1,1.0,0.0,0.0005,exchangeInfo.quotePrecision/baseSizePrecision/quoteAmountPrecision,1,False,0.4727041895895049,0.4771380186282811,0.37044877222692635,45.33615633766833
mexc,MEMEFIUSDT,MEMEFI-USDT,MEMEFI,USDT,True,1,True,0.0001358,59542.0169175,427750105.32,0.0001353,482008.29,0.000136,40441.17,51.603391079984505,5.49999912,1e-07,0.0,0.0,1.0,0.0,0.0005,exchangeInfo.quotePrecision/baseSizePrecision/quoteAmountPrecision,1,False,0.5099449851883199,0.33996613039796786,0.43691786621507195,45.284484769608234
mexc,XCNUSDC,XCN-USDC,XCN,USDC,True,1,True,0.005066,97125.276261,18667096.73,0.00503,16802.07,0.005075,258.93,89.06481939633827,1.31406975,1e-06,0.0,0.0,1.0,0.0,0.0,exchangeInfo.quotePrecision/baseSizePrecision/quoteAmountPrecision,1,False,0.7058823529411765,0.14987298899237933,0.1354784081287045,45.27992229914828
mexc,PIEVERSEUSDT,PIEVERSE-USDT,PIEVERSE,USDT,True,1,True,0.522,57481.7123,106886.43,0.521,18.9,0.5235,18.9,47.86979415988409,9.8469,0.0001,0.0,0.0,1.0,0.0,0.0005,exchangeInfo.quotePrecision/baseSizePrecision/quoteAmountPrecision,1,False,0.45535336436732965,0.37891617273497036,0.5381033022861982,45.27940540430136
mexc,JTOUSDC,JTO-USDC,JTO,USDC,True,1,True,0.2967,54829.8354,178181.04,0.2961,822.08,0.2972,105.02,37.08073487274719,31.211944000000003,0.0001,0.0,0.0,1.0,0.0,0.0,exchangeInfo.quotePrecision/baseSizePrecision/quoteAmountPrecision,1,False,0.3262801523487093,0.5165114309906859,0.720575783234547,45.269709818637104
mexc,CRCLXUSDT,CRCLX-USDT,CRCLX,USDT,True,1,True,92.83,57575.98,609.32,92.57,0.15,93.08,3.12,54.94209534069541,13.885499999999999,0.01,0.0,0.0,1.0,0.0,0.0005,exchangeInfo.quotePrecision/baseSizePrecision/quoteAmountPrecision,1,False,0.46297079983072364,0.3082133784928027,0.6037256562235394,45.24324157748066
mexc,UNHONUSDT,UNHON-USDT,UNHON,USDT,True,1,True,261.02,59210.65,222.305,260.47,0.043,262.12,0.353,63.14701773857047,11.20021,0.01,0.0,0.0,1.0,0.0,0.0005,exchangeInfo.quotePrecision/baseSizePrecision/quoteAmountPrecision,1,False,0.5048666948793906,0.24386113463166803,0.5685859441151566,45.23591546646132
mexc,GORKUSDT,GORK-USDT,GORK,USDT,True,1,True,0.0015183,69549.146017,46592177.02,0.001513,11684.62,0.0015239,2320.31,71.78372682669753,3.5359204089999996,1e-07,0.0,0.0,1.0,0.0,0.0005,exchangeInfo.quotePrecision/baseSizePrecision/quoteAmountPrecision,1,False,0.6072788827761321,0.19559695173581715,0.34292972057578325,45.14885675759836
mexc,TMOONUSDT,TMOON-USDT,TMOON,USDT,True,1,True,473.39,65440.51,136.374,473.3,0.023,477.73,0.015,93.16215051049929,7.16595,0.01,0.0,0.0,1.0,0.0,0.0005,exchangeInfo.quotePrecision/baseSizePrecision/quoteAmountPrecision,1,False,0.5810410495133305,0.13928873835732425,0.4847586790855207,45.1346497638767
mexc,AMEUSDT,AME-USDT,AME,USDT,True,1,True,0.0002354,69238.0450548,278671102.25,0.0002345,80974.99,0.0002422,43687.27,323.05433186490444,10.581056794,1e-07,0.0001,0.0001,1.0,0.0,0.0005,exchangeInfo.quotePrecision/baseSizePrecision/quoteAmountPrecision,1,False,0.60431654676259,0.02709568162574094,0.5601185436071127,45.11717298472823
mexc,VISTAUSDT,VISTA-USDT,VISTA,USDT,True,1,True,1.508,58727.618,37798.47,1.505,2.6,1.511,1.89,39.7877984084881,2.85579,0.001,0.0,0.0,1.0,0.0,0.0005,exchangeInfo.quotePrecision/baseSizePrecision/quoteAmountPrecision,1,False,0.4942869234024545,0.4813717188823031,0.29466553767993225,45.11338451279122
mexc,BLURUSDC,BLUR-USDC,BLUR,USDC,True,1,True,0.01723,54506.98898,3091691.91,0.01719,5542.53,0.01726,4032.0,40.63860667634288,69.59232,1e-05,0.0,0.0,1.0,0.0,0.0,exchangeInfo.quotePrecision/baseSizePrecision/quoteAmountPrecision,1,False,0.3101988997037664,0.46824724809483487,0.8149872988992379,45.066866664062786
mexc,VZONUSDT,VZON-USDT,VZON,USDT,True,1,True,51.24,55679.75,1083.98,51.18,0.09,51.27,0.06,17.56954612005923,3.0762,0.01,0.0,0.0,1.0,0.0,0.0005,exchangeInfo.quotePrecision/baseSizePrecision/quoteAmountPrecision,1,False,0.36775285653829876,0.7396274343776461,0.31583403895004236,45.03377374804843
mexc,MATHUSDT,MATH-USDT,MATH,USDT,True,1,True,0.0251,100083.87431,3865547.52,0.025,986.73,0.0252,43.93,79.68127490039792,1.107036,1e-05,0.0001,0.0001,1.0,0.0,0.0005,exchangeInfo.quotePrecision/baseSizePrecision/quoteAmountPrecision,1,False,0.7177316969953449,0.17146486028789165,0.06223539373412362,45.00657271662373
mexc,MONUSDC,MON-USDC,MON,USDC,True,1,True,0.02227,56427.94058,2488795.67,0.0222,909.38,0.0223,645.48,44.94382022471883,14.394204,1e-05,0.0,0.0,1.0,0.0,0.0,exchangeInfo.quotePrecision/baseSizePrecision/quoteAmountPrecision,1,False,0.41091832416419805,0.40897544453852663,0.6075359864521592,44.975613671537246
mexc,NEWTUSDC,NEWT-USDC,NEWT,USDC,True,1,True,0.07007,54967.27016,768697.42,0.06994,13999.02,0.0703,2254.34,51.340559041642784,158.48010200000002,1e-05,0.0,0.0,1.0,0.0,0.0,exchangeInfo.quotePrecision/baseSizePrecision/quoteAmountPrecision,1,False,0.33474396953025815,0.3416596104995766,0.9005080440304827,44.96256946726327
mexc,GSONUSDT,GSON-USDT,GSON,USDT,True,1,True,808.75,57941.16,70.849,808.75,0.01,812.38,0.007,44.783576887726404,5.68666,0.01,0.0,0.0,1.0,0.0,0.0005,exchangeInfo.quotePrecision/baseSizePrecision/quoteAmountPrecision,1,False,0.47058823529411764,0.41024555461473333,0.441151566469094,44.96152313592668
mexc,ZAMAUSDC,ZAMA-USDC,ZAMA,USDC,True,1,True,0.02398,53928.90725,2259818.08,0.02392,3291.52,0.02401,27320.32,37.554767369079826,78.7331584,1e-05,0.0,0.0,1.0,0.0,0.0005,exchangeInfo.quotePrecision/baseSizePrecision/quoteAmountPrecision,1,False,0.28396106644096486,0.5084674005080441,0.8302286198137172,44.934116063228515
mexc,AASTUSDT,AAST-USDT,AAST,USDT,True,1,True,0.001691,4099.750554,2385673.85,0.00169,138026.99,0.001691,69539.56,5.915409642117218,117.59139596,1e-06,0.0,0.0,1.0,0.0,0.0005,exchangeInfo.quotePrecision/baseSizePrecision/quoteAmountPrecision,1,False,0.08209902666102412,0.9093988145639289,0.882303132938188,44.89647948921831
mexc,VIRTUALUSDC,VIRTUAL-USDC,VIRTUAL,USDC,True,1,True,0.6486,54811.465,82897.05,0.6477,18.91,0.6496,19.21,29.29160564248673,12.248007000000001,0.0001,0.0,0.0,1.0,0.0,0.0,exchangeInfo.quotePrecision/baseSizePrecision/quoteAmountPrecision,1,False,0.32458738891239947,0.6079593564775614,0.5850973751058425,44.753237804237855
mexc,SENSOUSDT,SENSO-USDT,SENSO,USDT,True,1,True,0.003041,45857.619815,15078438.25,0.00304,14731.01,0.003047,17725.94,22.99983571545795,44.7822704,1e-06,0.001,0.001,1.0,0.0,0.0005,exchangeInfo.quotePrecision/baseSizePrecision/quoteAmountPrecision,1,False,0.22683030046550995,0.6748518204911093,0.7696867061812024,44.74069616150483
mexc,BTWUSDT,BTW-USDT,BTW,USDT,True,1,True,0.027182,63465.367197,2265978.27,0.027018,188.66,0.027196,295.13,65.66569520788029,5.09721588,1e-06,0.0,0.0,1.0,0.0,0.0005,exchangeInfo.quotePrecision/baseSizePrecision/quoteAmountPrecision,1,False,0.5628438425730005,0.2294665537679932,0.40177815410668927,44.728638267848645
mexc,PONKEUSDT,PONKE-USDT,PONKE,USDT,True,1,True,0.02781,67625.74781,2406997.9,0.02774,48.78,0.02788,83.33,50.34160373966119,1.3531572,1e-05,0.0,0.0,1.0,0.0,0.0005,exchangeInfo.quotePrecision/baseSizePrecision/quoteAmountPrecision,1,False,0.5954295387219636,0.3522438611346317,0.15834038950042337,44.72152894808226
mexc,MXSOLUSDT,MXSOL-USDT,MXSOL,USDT,True,1,True,87.02,53785.54,611.968,86.95,14.997,87.14,0.167,21.827790223447384,14.552380000000001,0.01,0.0,0.0,1.0,0.0,0.0005,exchangeInfo.quotePrecision/baseSizePrecision/quoteAmountPrecision,1,False,0.279305966991113,0.6871295512277731,0.6088060965283658,44.71618889577286
mexc,TSTUSDC,TST-USDC,TST,USDC,True,1,True,0.008347,54574.196306,6611860.05,0.00833,179229.38,0.008373,38484.54,51.48775669041445,322.23105342,1e-06,0.0,0.0,1.0,0.0,0.0,exchangeInfo.quotePrecision/baseSizePrecision/quoteAmountPrecision,1,False,0.3148539991536183,0.34038950042337,0.9432684165961049,44.69207579595536
mexc,KASEUR,KAS-EUR,KAS,EUR,True,1,True,0.03006,55625.77948,1836262.5,0.03004,8446.2,0.0301,115.41,19.953441968738797,3.4738409999999997,1e-05,0.0,0.0,1.0,0.0,0.0,exchangeInfo.quotePrecision/baseSizePrecision/quoteAmountPrecision,1,False,0.366060093101989,0.7070279424216765,0.3370025402201524,44.54905448555436
mexc,VIVIUSDT,VIVI-USDT,VIVI,USDT,True,1,True,0.001834,55890.226345,30249760.75,0.001834,1090.51,0.001837,21786.48,16.344320348679823,1.99999534,1e-06,0.0,0.0,1.0,0.0,0.0005,exchangeInfo.quotePrecision/baseSizePrecision/quoteAmountPrecision,1,False,0.3796022005924672,0.754022015241321,0.23878069432684165,44.50428530015556
mexc,SQTUSDT,SQT-USDT,SQT,USDT,True,1,True,0.0005274,66519.5547313,117250820.7,0.0005262,5988.3,0.0005297,7674.7,66.29415664362214,3.15104346,1e-07,0.0,0.0,1.0,0.0,0.0005,exchangeInfo.quotePrecision/baseSizePrecision/quoteAmountPrecision,1,False,0.5903512484130343,0.224809483488569,0.32049110922946655,44.499377934520446
mexc,MUBARAKUSDC,MUBARAK-USDC,MUBARAK,USDC,True,1,True,0.011318,54173.628916,4747370.42,0.011298,33956.76,0.011344,6336.0,40.63245296351838,71.875584,1e-06,0.0,0.0,1.0,0.0,0.0,exchangeInfo.quotePrecision/baseSizePrecision/quoteAmountPrecision,1,False,0.29665679221328817,0.4690939881456393,0.8200677392040644,44.44482805945312
mexc,LOBSTARUSDT,LOBSTAR-USDT,LOBSTAR,USDT,True,1,True,0.005472,87052.168617,20859488.57,0.005447,320.93,0.00551,14015.0,114.99498037784167,1.74810571,1e-06,0.0,0.0,1.0,0.0,0.0005,exchangeInfo.quotePrecision/baseSizePrecision/quoteAmountPrecision,1,False,0.6796445196783749,0.10626587637595253,0.2201524132091448,44.44014375589233
mexc,OMIUSDC,OMI-USDC,OMI,USDC,True,1,True,0.0001165,57995.4348646,499965913.13,0.000116,110669.67,0.0001167,622225.73,60.16330038676436,12.837681719999999,1e-07,0.0,0.0,1.0,0.0,0.0,exchangeInfo.quotePrecision/baseSizePrecision/quoteAmountPrecision,1,False,0.47185780787134995,0.26672311600338694,0.5906011854360711,44.43228104173035
mexc,DANGNNUSDT,DANGNN-USDT,DANGNN,USDT,True,1,True,0.00020043,43979.8871169,207339327.37,0.00020035,36854.24,0.00020048,301175.82,6.486540428611331,7.383746983999999,1e-08,0.001,0.001,1.0,0.0,0.0005,exchangeInfo.quotePrecision/baseSizePrecision/quoteAmountPrecision,1,False,0.22132881929750317,0.8958509737510584,0.4911092294665538,44.391543994470204
mexc,LINONUSDT,LINON-USDT,LINON,USDT,True,1,True,495.88,58400.99,117.3,492.7,0.035,496.21,0.048,70.98724858682775,17.244500000000002,0.01,0.0,0.0,1.0,0.0,0.0005,exchangeInfo.quotePrecision/baseSizePrecision/quoteAmountPrecision,1,False,0.48497672450275076,0.19771380186282816,0.6354784081287045,44.32613305679609
mexc,LINGOUSDT,LINGO-USDT,LINGO,USDT,True,1,True,0.007858,62064.790691,7803355.19,0.007822,2861.52,0.007888,1032.33,84.02291534054531,8.143019039999999,1e-06,0.0,0.0,1.0,0.0,0.0005,exchangeInfo.quotePrecision/baseSizePrecision/quoteAmountPrecision,1,False,0.5467625899280576,0.16088060965283657,0.5105842506350551,44.305642700065185
mexc,GTAIUSDT,GTAI-USDT,GTAI,USDT,True,1,True,0.02351,56820.77907,2369398.4,0.02344,383.97,0.02354,312.1,42.57130693912278,7.346834,1e-05,0.0,0.0,1.0,0.0,0.0005,exchangeInfo.quotePrecision/baseSizePrecision/quoteAmountPrecision,1,False,0.4265763859500635,0.44115156646909404,0.4898391193903472,44.28727277678779
mexc,METUSDC,MET-USDC,MET,USDC,True,1,True,0.1453,53367.7392,369022.52,0.1451,11049.02,0.1457,1184.96,41.26547455295663,172.648672,0.0001,0.0,0.0,1.0,0.0,0.0,exchangeInfo.quotePrecision/baseSizePrecision/quoteAmountPrecision,1,False,0.2670334320778671,0.46020321761219307,0.9030482641828959,44.252884488245435
mexc,MXNAUSDT,MXNA-USDT,MXNA,USDT,True,1,True,0.003852,55432.272306,14188132.67,0.003848,1278.65,0.003857,63847.09,23.361453601558278,4.9202452,1e-06,0.0,0.0,1.0,0.0,0.0005,exchangeInfo.quotePrecision/baseSizePrecision/quoteAmountPrecision,1,False,0.35674989420228526,0.6718882303132938,0.3903471634208298,44.22539320737463
mexc,BERAUSDC,BERA-USDC,BERA,USDC,True,1,True,0.4529,54470.8443,120307.63,0.4523,881.74,0.4547,3151.83,52.92171995589886,398.811002,0.0001,0.0,0.0,1.0,0.0,0.0,exchangeInfo.quotePrecision/baseSizePrecision/quoteAmountPrecision,1,False,0.30808294540837916,0.32768839966130403,0.9542760372565622,44.2222927341247
mexc,BEAMXUSDC,BEAMX-USDC,BEAMX,USDC,True,1,True,0.001654,54353.15221,32356279.21,0.001651,43200.0,0.001658,87189.76,42.30885463886408,71.3232,1e-06,0.0,0.0,1.0,0.0,0.0,exchangeInfo.quotePrecision/baseSizePrecision/quoteAmountPrecision,1,False,0.3038510368176047,0.4449618966977138,0.8187976291278577,44.211807024968266
mexc,WCTUSDC,WCT-USDC,WCT,USDC,True,1,True,0.05628,54773.25157,959505.26,0.05596,23610.82,0.05629,13003.39,58.79732739420881,731.9608231,1e-05,0.0,0.0,1.0,0.0,0.0,exchangeInfo.quotePrecision/baseSizePrecision/quoteAmountPrecision,1,False,0.32204824375793484,0.2777307366638442,0.9767146486028789,44.1902147953401
mexc,NOTUSDC,NOT-USDC,NOT,USDC,True,1,True,0.0003441,56962.4283796,161750170.65,0.0003433,354067.84,0.000345,30009.76,49.39706523318283,10.3533672,1e-07,0.0,0.0,1.0,0.0,0.0,exchangeInfo.quotePrecision/baseSizePrecision/quoteAmountPrecision,1,False,0.4346170122725349,0.3649449618966977,0.5558848433530906,44.14525658946867
mexc,TJRMUSDT,TJRM-USDT,TJRM,USDT,True,1,True,0.0004422,66340.586562,150126862.2,0.00044,7246.78,0.000443,37682.84,67.95016987542388,3.1885832,1e-07,0.0,0.0,1.0,0.0,0.0005,exchangeInfo.quotePrecision/baseSizePrecision/quoteAmountPrecision,1,False,0.5873889123994922,0.21507197290431834,0.32218458933107536,44.126881291201535
mexc,LMTONUSDT,LMTON-USDT,LMTON,USDT,True,1,True,625.97,61032.98,96.664,625.81,0.62,629.58,0.008,60.06101689514965,5.03664,0.01,0.0,0.0,1.0,0.0,0.0005,exchangeInfo.quotePrecision/baseSizePrecision/quoteAmountPrecision,1,False,0.5353364367329666,0.26756985605419137,0.39923793395427604,44.11750910075347
mexc,TAIUSDT,TAI-USDT,TAI,USDT,True,1,True,0.01607,74456.20044,4607860.67,0.01604,83.94,0.01614,1851.58,62.15040397762763,1.3463975999999998,1e-05,0.001,0.001,1.0,0.0,0.0005,exchangeInfo.quotePrecision/baseSizePrecision/quoteAmountPrecision,1,False,0.6314007617435463,0.25148179508890767,0.15495342929720576,44.11315535906186
mexc,MRKONUSDT,MRKON-USDT,MRKON,USDT,True,1,True,120.22,55758.16,462.37,120.09,1.85,120.91,2.48,68.04979253111976,222.1665,0.01,0.0,0.0,1.0,0.0,0.0005,exchangeInfo.quotePrecision/baseSizePrecision/quoteAmountPrecision,1,False,0.37029200169276344,0.2133784928027096,0.9174428450465707,44.049379314101145
mexc,VSYSUSDT,VSYS-USDT,VSYS,USDT,True,1,True,0.0002334,54285.2016865,232936760.2,0.0002334,11559.3,0.0002336,12117.89,8.565310492505562,2.69794062,1e-07,0.001,0.001,1.0,0.0,0.0005,exchangeInfo.quotePrecision/baseSizePrecision/quoteAmountPrecision,1,False,0.302158273381295,0.8666384419983065,0.2849280270956816,43.98322662784252
mexc,GPUUSDT,GPU-USDT,GPU,USDT,True,1,True,0.02712,56073.84461,2144286.66,0.02708,248.8,0.02718,1188.86,36.8595650571321,6.737504,1e-05,0.0,0.0,1.0,0.0,0.0005,exchangeInfo.quotePrecision/baseSizePrecision/quoteAmountPrecision,1,False,0.39060516292848074,0.5190516511430991,0.4754445385266723,43.96846601017737
mexc,COINXUSDT,COINX-USDT,COINX,USDT,True,1,True,160.26,55904.13,339.25,160.15,0.11,160.41,0.01,16.22161217868673,1.6041,0.01,0.0,0.0,1.0,0.0,0.0005,exchangeInfo.quotePrecision/baseSizePrecision/quoteAmountPrecision,1,False,0.3800253914515446,0.7548687552921254,0.20956816257408975,43.964478663619886
mexc,PRAIUSDT,PRAI-USDT,PRAI,USDT,True,1,True,0.001563,56734.12924,35823716.7,0.00156,1916.66,0.001565,2489.75,32.000000000000085,2.9899896,1e-06,0.0,0.0,1.0,0.0,0.0005,exchangeInfo.quotePrecision/baseSizePrecision/quoteAmountPrecision,1,False,0.4231908590774439,0.5817104149026249,0.3060965283657917,43.94018818914087
mexc,HYDRAUSDT,HYDRA-USDT,HYDRA,USDT,True,1,True,0.03483,60457.74532,1729152.13,0.03478,1.09,0.03489,208.91,31.577436486292235,0.0379102,1e-05,0.0001,0.0001,1.0,0.0,0.0005,exchangeInfo.quotePrecision/baseSizePrecision/quoteAmountPrecision,1,False,0.5251798561151079,0.5855207451312447,0.01947502116850127,43.91241113798208
mexc,DEFACTORUSDT,DEFACTOR-USDT,DEFACTOR,USDT,True,1,True,0.00578,29476.27182,5088872.24,0.00577,6541.37,0.00578,8394.63,17.316017316018108,37.7437049,1e-05,0.0,0.0,1.0,0.0,0.0005,exchangeInfo.quotePrecision/baseSizePrecision/quoteAmountPrecision,1,False,0.1878967414303851,0.7430143945808636,0.7476714648602879,43.86310994039852
mexc,SUSHIUSDC,SUSHI-USDC,SUSHI,USDC,True,1,True,0.1881,54246.0572,282990.83,0.1878,502.4,0.1886,374.4,42.50797024442058,70.61183999999999,0.0001,0.0,0.0,1.0,0.0,0.0,exchangeInfo.quotePrecision/baseSizePrecision/quoteAmountPrecision,1,False,0.298349555649598,0.44199830651989835,0.817104149026249,43.801266204250325
mexc,MIRRORUSDT,MIRROR-USDT,MIRROR,USDT,True,1,True,0.001195,50989.86505,42670227.16,0.001195,17922.62,0.001197,10054.47,16.722408026754444,12.035200589999999,1e-06,0.0,0.0,1.0,0.0,0.0005,exchangeInfo.quotePrecision/baseSizePrecision/quoteAmountPrecision,1,False,0.24291155311045282,0.7514817950889077,0.5808636748518204,43.764453795334
mexc,FUTUONUSDT,FUTUON-USDT,FUTUON,USDT,True,1,True,134.13,60518.08,448.728,133.3,3.591,134.14,0.041,62.81782829793411,5.49974,0.01,0.0,0.0,1.0,0.0,0.0005,exchangeInfo.quotePrecision/baseSizePrecision/quoteAmountPrecision,1,False,0.5272958104104951,0.24640135478408132,0.4297205757832345,43.755714957843956
mexc,HTRUSDT,HTR-USDT,HTR,USDT,True,1,True,0.00495,49828.2473,10149096.43,0.00495,8136.27,0.00496,3829.44,20.181634712410883,18.9940224,1e-05,0.0,0.0,1.0,0.0,0.0005,exchangeInfo.quotePrecision/baseSizePrecision/quoteAmountPrecision,1,False,0.23867964451967838,0.70575783234547,0.6490262489415749,43.75185123605056
mexc,API3USDC,API3-USDC,API3,USDC,True,1,True,0.2658,53416.8057,197442.66,0.2654,1139.65,0.2664,259.2,37.60812335464463,69.05088,0.0001,0.0,0.0,1.0,0.0,0.0,exchangeInfo.quotePrecision/baseSizePrecision/quoteAmountPrecision,1,False,0.26830300465509943,0.5080440304826419,0.8137171888230313,43.73210979455715
mexc,NAKAUSDC,NAKA-USDC,NAKA,USDC,True,1,True,0.0592,71265.9773,1195615.69,0.059,29.52,0.0594,29.52,67.56756756756833,1.74168,0.0001,0.0,0.0,1.0,0.0,0.0,exchangeInfo.quotePrecision/baseSizePrecision/quoteAmountPrecision,1,False,0.6161658908167583,0.21761219305673163,0.2197290431837426,43.724009685014856
mexc,CAPTAINBNBUSDT,CAPTAINBNB-USDT,CAPTAINBNB,USDT,True,1,True,0.0011164,58296.9255399,48514039.79,0.0011101,135135.13,0.0011164,6424.08,56.59106220525577,7.171842912,1e-07,0.0,0.0,1.0,0.0,0.0005,exchangeInfo.quotePrecision/baseSizePrecision/quoteAmountPrecision,1,False,0.48328396106644095,0.2972057578323455,0.48560541913632516,43.72287018718939
mexc,CESSUSDT,CESS-USDT,CESS,USDT,True,1,True,0.002644,66290.988751,25124897.91,0.002635,1345.66,0.002655,32811.84,75.6143667296772,3.5458141000000003,1e-06,0.0,0.0,1.0,0.0,0.0005,exchangeInfo.quotePrecision/baseSizePrecision/quoteAmountPrecision,1,False,0.5865425306813373,0.18289585097375105,0.3437764606265876,43.70776467434908
mexc,MAVUSDC,MAV-USDC,MAV,USDC,True,1,True,0.01286,54696.01313,4100253.08,0.01284,5328.0,0.0129,5328.0,46.620046620046075,68.41152000000001,1e-05,0.0,0.0,1.0,0.0,0.0,exchangeInfo.quotePrecision/baseSizePrecision/quoteAmountPrecision,1,False,0.3199322894625476,0.39288738357324304,0.8132938187976291,43.68433688572377
mexc,PBRONUSDT,PBRON-USDT,PBRON,USDT,True,1,True,20.77,55083.64,2659.94,20.77,13.33,20.79,0.07,9.624639076034443,1.4553,0.01,0.0,0.0,1.0,0.0,0.0005,exchangeInfo.quotePrecision/baseSizePrecision/quoteAmountPrecision,1,False,0.33855268726195514,0.8480101608806097,0.1930567315834039,43.68178645309085
mexc,BKNUSDT,BKN-USDT,BKN,USDT,True,1,True,0.05535,69477.45068,1236150.92,0.05484,86.42,0.05549,410.59,117.82833318227097,4.7392728,1e-05,0.0,0.0,1.0,0.0,0.0005,exchangeInfo.quotePrecision/baseSizePrecision/quoteAmountPrecision,1,False,0.6068556919170546,0.10372565622353935,0.3852667231160034,43.67553892334656
mexc,ISRGONUSDT,ISRGON-USDT,ISRGON,USDT,True,1,True,456.0,61254.78,132.795,454.98,0.034,458.02,0.012,66.59364731653808,5.49624,0.01,0.0,0.0,1.0,0.0,0.0005,exchangeInfo.quotePrecision/baseSizePrecision/quoteAmountPrecision,1,False,0.5374523910283537,0.22184589331075355,0.42760372565622357,43.65810335245277
mexc,AAPLXUSDT,AAPLX-USDT,AAPLX,USDT,True,1,True,248.55,58701.07,233.486,248.18,0.395,248.96,0.005,31.379490686728133,1.2448000000000001,0.01,0.0,0.0,1.0,0.0,0.0005,exchangeInfo.quotePrecision/baseSizePrecision/quoteAmountPrecision,1,False,0.4934405416842996,0.5872142252328535,0.09187129551227773,43.65701133370337
mexc,WETUSDC,WET-USDC,WET,USDC,True,1,True,0.10613,55451.51772,537353.67,0.10606,2716.8,0.10679,3758.34,68.59290580220761,288.14380800000004,1e-05,0.0,0.0,1.0,0.0,0.0,exchangeInfo.quotePrecision/baseSizePrecision/quoteAmountPrecision,1,False,0.35759627592044013,0.209991532599492,0.9356477561388654,43.630538613388815
mexc,WNCGUSDT,WNCG-USDT,WNCG,USDT,True,1,True,0.005205,58419.416875,11194404.95,0.005205,7802.95,0.005227,521.37,42.17791411042839,2.72520099,1e-06,0.0001,0.0001,1.0,0.0,0.0005,exchangeInfo.quotePrecision/baseSizePrecision/quoteAmountPrecision,1,False,0.48582310622090563,0.44665537679932266,0.28662150719729046,43.61908540607869
mexc,TORNUSDT,TORN-USDT,TORN,USDT,True,1,True,7.951,61024.763,7802.77,7.861,1.818,7.959,1.587,123.89380530973433,12.630932999999999,0.001,0.001,0.001,1.0,0.0,0.0005,exchangeInfo.quotePrecision/baseSizePrecision/quoteAmountPrecision,1,False,0.5349132458738891,0.09695173581710415,0.5880609652836579,43.605241224164665
mexc,ORDIUSDC,ORDI-USDC,ORDI,USDC,True,1,True,2.162,54052.849,24359.73,2.159,31.68,2.168,47.14,41.59926045759344,68.39711999999999,0.001,0.0,0.0,1.0,0.0,0.0,exchangeInfo.quotePrecision/baseSizePrecision/quoteAmountPrecision,1,False,0.29030892932712654,0.4542760372565622,0.8128704487722269,43.58130101985056
mexc,KOONUSDT,KOON-USDT,KOON,USDT,True,1,True,76.51,57282.2,751.69,76.37,3.29,76.68,0.05,40.50963737340768,3.8340000000000005,0.01,0.0,0.0,1.0,0.0,0.0005,exchangeInfo.quotePrecision/baseSizePrecision/quoteAmountPrecision,1,False,0.4481591197630131,0.47163420829805247,0.3569009314140559,43.577625422698155
mexc,HEARTUSDT,HEART-USDT,HEART,USDT,True,1,True,0.0005894,49175.2106239,83267877.65,0.0005895,12128.94,0.0005896,5031.54,1.6962089729464276,2.966595984,1e-07,0.01,0.01,1.0,0.0,0.0005,exchangeInfo.quotePrecision/baseSizePrecision/quoteAmountPrecision,1,False,0.2369868810833686,0.9779847586790855,0.3039796782387807,43.56349099133803
mexc,CPFCUSDT,CPFC-USDT,CPFC,USDT,True,1,True,0.0356,53822.64736,1516871.85,0.03549,3933.98,0.03564,2459.35,42.176296921129584,87.65123399999999,1e-05,0.01,0.01,1.0,0.0,0.0005,exchangeInfo.quotePrecision/baseSizePrecision/quoteAmountPrecision,1,False,0.2805755395683453,0.4470787468247248,0.8458933107535986,43.52648956194909
mexc,UBERONUSDT,UBERON-USDT,UBERON,USDT,True,1,True,69.3,58025.84,832.17,69.07,4.53,69.53,0.19,66.37806637806753,13.210700000000001,0.01,0.0,0.0,1.0,0.0,0.0005,exchangeInfo.quotePrecision/baseSizePrecision/quoteAmountPrecision,1,False,0.47355057130765976,0.2235393734123624,0.594411515664691,43.52199607052417
mexc,GMMTUSDT,GMMT-USDT,GMMT,USDT,True,1,True,0.003297,68464.149402,20536505.84,0.003265,1447.17,0.003301,3119.88,109.65580261955529,4.725010050000001,1e-06,0.0,0.0,1.0,0.0,0.0005,exchangeInfo.quotePrecision/baseSizePrecision/quoteAmountPrecision,1,False,0.6000846381718155,0.11176968670618115,0.38399661303979676,43.47882952790032
mexc,MEMESUSDT,MEMES-USDT,MEMES,USDT,True,1,True,0.0008039,83803.2258746,103181054.5,0.0008027,2491.6,0.0008148,24509.8,149.61360123647498,2.00000732,1e-07,0.0,0.0,1.0,0.0,0.0005,exchangeInfo.quotePrecision/baseSizePrecision/quoteAmountPrecision,1,False,0.6699111299195938,0.07154953429297206,0.24216765453005928,43.477203593503155
mexc,RSS3USDT,RSS3-USDT,RSS3,USDT,True,1,True,0.005323,64315.820317,11514862.17,0.005292,608.01,0.005327,789.5,65.91957811470064,3.21758892,1e-06,0.001,0.001,1.0,0.0,0.0005,exchangeInfo.quotePrecision/baseSizePrecision/quoteAmountPrecision,1,False,0.5691917054591621,0.22777307366638444,0.32345469940728194,43.46896463005916
mexc,EIGENUSDC,EIGEN-USDC,EIGEN,USDC,True,1,True,0.1722,54437.45,304963.46,0.1718,1394.13,0.1727,1134.78,52.249637155296604,195.976506,0.0001,0.0,0.0,1.0,0.0,0.0,exchangeInfo.quotePrecision/baseSizePrecision/quoteAmountPrecision,1,False,0.30681337283114685,0.3336155800169348,0.90770533446232,43.36923169538285
mexc,DHNUSDT,DHN-USDT,DHN,USDT,True,1,True,4.513,47483.345,10552.0,4.506,56.45,4.519,9.61,28.808864265927756,43.42759,0.001,0.0,0.0,1.0,0.0,0.0005,exchangeInfo.quotePrecision/baseSizePrecision/quoteAmountPrecision,1,False,0.23190859077443926,0.61346316680779,0.7633361558001693,43.3582747787923
mexc,RATSUSDT,RATS-USDT,RATS,USDT,True,1,True,5.835e-05,71093.64260015,1183825739.36,5.821e-05,21338.2,5.853e-05,575745.76,54.822682885043164,1.242096622,1e-08,0.0,0.0,1.0,0.0,0.0005,exchangeInfo.quotePrecision/baseSizePrecision/quoteAmountPrecision,1,False,0.6144731273804486,0.30906011854360715,0.09102455546147332,43.34301607874432
mexc,POPCATUSDC,POPCAT-USDC,POPCAT,USDC,True,1,True,0.0469,56939.53097,1182779.3,0.04672,476.48,0.04702,4905.48,64.00682739492248,22.2611456,1e-05,0.0,0.0,1.0,0.0,0.0,exchangeInfo.quotePrecision/baseSizePrecision/quoteAmountPrecision,1,False,0.4333474396953026,0.23708721422523282,0.678662150719729,43.334532553267046
mexc,AVLUSDT,AVL-USDT,AVL,USDT,True,1,True,0.02547,56448.19659,2122108.45,0.0254,400.0,0.02552,400.0,47.13275726630088,10.16,1e-05,0.0,0.0,1.0,0.0,0.0005,exchangeInfo.quotePrecision/baseSizePrecision/quoteAmountPrecision,1,False,0.4113415150232755,0.38611346316680784,0.5516511430990686,43.309642767431725
mexc,BONKUSDC,BONK-USDC,BONK,USDC,True,1,True,5.669e-06,52860.906829853,9170919480.0,5.649e-06,2034550028.0,5.677e-06,2999188736.0,49.44375772558787,11493.173108171999,1e-09,0.0,0.0,1.0,0.0,0.0,exchangeInfo.quotePrecision/baseSizePrecision/quoteAmountPrecision,1,False,0.2594159966144731,0.3645215918712955,0.995766299745978,43.29624560549797
mexc,XU3O8USDT,XU3O8-USDT,XU3O8,USDT,True,1,True,5.238,48017.401,9198.84,5.235,11.97,5.252,21.76,32.421092781538015,62.66295000000001,0.001,0.0,0.0,1.0,0.0,0.0005,exchangeInfo.quotePrecision/baseSizePrecision/quoteAmountPrecision,1,False,0.23402454506982648,0.5745131244707875,0.8022861981371718,43.27990205335358
mexc,GEVONUSDT,GEVON-USDT,GEVON,USDT,True,1,True,857.84,62495.59,72.287,851.79,0.006,858.12,0.006,74.03898450795704,5.11074,0.01,0.0,0.0,1.0,0.0,0.0005,exchangeInfo.quotePrecision/baseSizePrecision/quoteAmountPrecision,1,False,0.5552264071096065,0.18755292125317524,0.40262489415749364,43.27877330550761
mexc,FBUSDT,FB-USDT,FB,USDT,True,1,True,0.4387,60699.895,137720.47,0.4375,58.92,0.4398,6.4,52.4336031004223,2.8147200000000003,0.0001,0.0,0.0,1.0,0.0,0.0005,exchangeInfo.quotePrecision/baseSizePrecision/quoteAmountPrecision,1,False,0.5289885738468049,0.33192209991532595,0.29297205757832345,43.25186521102389
mexc,COLSUSDT,COLS-USDT,COLS,USDT,True,1,True,0.01404,55555.34331,3953921.5,0.014,1109.34,0.01406,5916.47,42.7655024946538,15.530759999999999,1e-05,0.0,0.0,1.0,0.0,0.0005,exchangeInfo.quotePrecision/baseSizePrecision/quoteAmountPrecision,1,False,0.36140499365213713,0.43861134631668075,0.6193903471634208,43.23036525205298
mexc,CYBERUSDC,CYBER-USDC,CYBER,USDC,True,1,True,0.4794,56389.3745,113433.11,0.4777,49.22,0.4805,99.84,58.44291379670151,23.512394,0.0001,0.0,0.0,1.0,0.0,0.0,exchangeInfo.quotePrecision/baseSizePrecision/quoteAmountPrecision,1,False,0.40880236986881086,0.2845046570702794,0.6816257408975445,43.22926158749247
mexc,ARKMUSDC,ARKM-USDC,ARKM,USDC,True,1,True,0.0935,56633.04517,579683.36,0.0933,152.8,0.0938,4398.26,53.447354355959426,14.25624,1e-05,0.0,0.0,1.0,0.0,0.0,exchangeInfo.quotePrecision/baseSizePrecision/quoteAmountPrecision,1,False,0.41853575962759204,0.32260795935647757,0.6066892464013548,43.2184506914566
mexc,M87USDT,M87-USDT,M87,USDT,True,1,True,5.79e-06,41244.32627258,7007244115.58,5.78e-06,3045668.0,5.79e-06,4282500.0,17.286084701814875,17.603961039999998,1e-08,0.0,0.0,1.0,0.0,0.0005,exchangeInfo.quotePrecision/baseSizePrecision/quoteAmountPrecision,1,False,0.2158273381294964,0.7434377646062659,0.6375952582557155,43.20835287739327
mexc,PIXELUSDC,PIXEL-USDC,PIXEL,USDC,True,1,True,0.009024,55140.298569,6110939.87,0.008999,4436.42,0.009043,5200.0,48.77508036803085,39.92334358,1e-06,0.0,0.0,1.0,0.0,0.0,exchangeInfo.quotePrecision/baseSizePrecision/quoteAmountPrecision,1,False,0.3419382141345747,0.371718882303133,0.7548687552921253,43.196948940822445
mexc,UNPONUSDT,UNPON-USDT,UNPON,USDT,True,1,True,236.95,42159.89,177.076,236.27,1.195,237.18,1.197,38.44122927447445,282.34265000000005,0.01,0.0,0.0,1.0,0.0,0.0005,exchangeInfo.quotePrecision/baseSizePrecision/quoteAmountPrecision,1,False,0.21836648328396108,0.5,0.9339542760372566,43.18924210136299
mexc,FNTIOUSDT,FNTIO-USDT,FNTIO,USDT,True,1,True,0.0007444,54055.8805221,71889493.83,0.0007433,220191.93,0.0007469,180451.25,48.315662327204116,134.779038625,1e-07,0.0,0.0,1.0,0.0,0.0005,exchangeInfo.quotePrecision/baseSizePrecision/quoteAmountPrecision,1,False,0.290732120186204,0.37425910245554617,0.8895004233700254,43.136752639030384
mexc,ULTIMAUSDE,ULTIMA-USDE,ULTIMA,USDE,True,1,True,3753.33,57393.86,15.2896,3746.54,0.0194,3762.67,0.0011,42.96057774386416,4.138937,0.01,0.0,0.0,1.0,0.0,0.0,exchangeInfo.quotePrecision/baseSizePrecision/quoteAmountPrecision,1,False,0.45323741007194246,0.4335309060118544,0.36833192209991533,43.1329686462515
mexc,MMTUSDC,MMT-USDC,MMT,USDC,True,1,True,0.106,54809.2485,501353.82,0.1059,12801.01,0.1065,1284.03,56.49717514124326,136.749195,0.0001,0.0,0.0,1.0,0.0,0.0,exchangeInfo.quotePrecision/baseSizePrecision/quoteAmountPrecision,1,False,0.32416419805332203,0.2984758679085521,0.890770533446232,43.10633825957116
mexc,MIRAUSDC,MIRA-USDC,MIRA,USDC,True,1,True,0.07483,53030.5626,695704.44,0.07475,6403.84,0.07511,6423.12,48.044841852395464,478.68703999999997,1e-05,0.0,0.0,1.0,0.0,0.0,exchangeInfo.quotePrecision/baseSizePrecision/quoteAmountPrecision,1,False,0.2628015234870927,0.3759525825571549,0.9623200677392041,43.099299710503054
mexc,ASTSONUSDT,ASTSON-USDT,ASTSON,USDT,True,1,True,79.03,55577.02,677.12,78.55,3.34,79.14,4.63,74.83036337117171,262.35699999999997,0.01,0.0,0.0,1.0,0.0,0.0005,exchangeInfo.quotePrecision/baseSizePrecision/quoteAmountPrecision,1,False,0.362251375370292,0.18416596104995764,0.9280270956816258,43.08851658524752
mexc,XTZUSDC,XTZ-USDC,XTZ,USDC,True,1,True,0.3505,53964.9713,150316.52,0.3497,201.6,0.3512,217.54,42.80211157083753,70.49952,0.0001,0.0,0.0,1.0,0.0,0.0,exchangeInfo.quotePrecision/baseSizePrecision/quoteAmountPrecision,1,False,0.286923402454507,0.436917866215072,0.8166807790008468,43.03734937039162
mexc,LADYSUSDT,LADYS-USDT,LADYS,USDT,True,1,True,9.409e-09,56301.66706460632,5991684834986.0,9.405e-09,241805335.0,9.431e-09,502821098.0,27.60671055425749,2.274179175675,1e-12,0.0,0.0,1.0,0.0,0.0005,exchangeInfo.quotePrecision/baseSizePrecision/quoteAmountPrecision,1,False,0.40203131612357174,0.6270110076206605,0.26248941574936496,43.036785892300266
mexc,GLQUSDT,GLQ-USDT,GLQ,USDT,True,1,True,0.004202,58229.270028,13523690.09,0.004189,639.04,0.004207,13206.85,42.87756074321054,2.67693856,1e-06,0.0001,0.0001,1.0,0.0,0.0005,exchangeInfo.quotePrecision/baseSizePrecision/quoteAmountPrecision,1,False,0.4798984341938214,0.434801016088061,0.283657917019475,42.93759762325121
mexc,ADIONUSDT,ADION-USDT,ADION,USDT,True,1,True,307.09,41668.94,135.01,307.06,1.324,308.29,1.198,39.9772487202411,369.33142000000004,0.01,0.0,0.0,1.0,0.0,0.0005,exchangeInfo.quotePrecision/baseSizePrecision/quoteAmountPrecision,1,False,0.2166737198476513,0.4784081287044877,0.9500423370025403,42.878104549283826
mexc,AURASOLUSDT,AURASOL-USDT,AURASOL,USDT,True,1,True,0.007799,71512.199866,9089444.68,0.00774,645.99,0.007821,354.77,104.10641989589291,2.7746561699999996,1e-06,0.0,0.0,1.0,0.0,0.0005,exchangeInfo.quotePrecision/baseSizePrecision/quoteAmountPrecision,1,False,0.6182818451121456,0.1181202370872142,0.29085520745131244,42.77561155737461
mexc,ETANUSDT,ETAN-USDT,ETAN,USDT,True,1,True,0.001464,58272.743345,39351625.39,0.001463,28338.67,0.001494,30415.67,209.67196482921872,41.45947421,1e-06,0.0,0.0,1.0,0.0,0.0005,exchangeInfo.quotePrecision/baseSizePrecision/quoteAmountPrecision,1,False,0.4815911976301312,0.04318374259102453,0.7599491955969517,42.76609334637187
mexc,YFIIUSDT,YFII-USDT,YFII,USDT,True,1,True,36.21,56312.38,1544.9932,36.12,0.0732,36.23,0.0904,30.407740152038546,2.6439839999999997,0.01,0.0001,0.0001,1.0,0.0,0.0005,exchangeInfo.quotePrecision/baseSizePrecision/quoteAmountPrecision,1,False,0.4028776978417266,0.5982218458933107,0.28111769686706184,42.736173465968974
mexc,BDXNUSDT,BDXN-USDT,BDXN,USDT,True,1,True,0.002487,70684.797447,27889595.89,0.002474,1494.0,0.002509,8990.51,140.47762392133205,3.696156,1e-06,0.0,0.0,1.0,0.0,0.0005,exchangeInfo.quotePrecision/baseSizePrecision/quoteAmountPrecision,1,False,0.6123571730850613,0.08044030482641829,0.3522438611346317,42.73552936303147
mexc,USDDUSDT,USDD-USDT,USDD,USDT,True,1,True,0.9976,2867.536,2871.89,0.9967,2458.87,0.9976,99.18,9.025723311437716,98.94196800000002,0.0001,0.0,0.0,1.0,0.0,0.0005,exchangeInfo.quotePrecision/baseSizePrecision/quoteAmountPrecision,1,False,0.07363520947947524,0.8556308213378493,0.8645215918712955,42.73113889224328
mexc,MEYUSDT,MEY-USDT,MEY,USDT,True,1,True,0.08863,47037.67428,522195.86,0.08863,1752.05,0.08878,125.35,16.90998252635109,11.128573,1e-05,0.0,0.0,1.0,0.0,0.0005,exchangeInfo.quotePrecision/baseSizePrecision/quoteAmountPrecision,1,False,0.2302158273381295,0.7480948348856902,0.5677392040643523,42.71902545702642
mexc,MEEUSDT,MEE-USDT,MEE,USDT,True,1,True,0.0008318,68835.5199136,82218548.88,0.0008293,1379.91,0.0008337,44234.27,52.916416115453984,1.1443593630000002,1e-07,0.0,0.0,1.0,0.0,0.0005,exchangeInfo.quotePrecision/baseSizePrecision/quoteAmountPrecision,1,False,0.6030469741853576,0.3281117696867062,0.06689246401354784,42.70822710263328
mexc,REDUSDC,RED-USDC,RED,USDC,True,1,True,0.1073,54725.9457,492966.89,0.1071,4356.9,0.1077,998.18,55.86592178770981,107.503986,0.0001,0.0,0.0,1.0,0.0,0.0,exchangeInfo.quotePrecision/baseSizePrecision/quoteAmountPrecision,1,False,0.3207786711807025,0.30101608806096525,0.8734123624047417,42.63647636455761
mexc,ZKCUSDC,ZKC-USDC,ZKC,USDC,True,1,True,0.06866,53843.90483,766487.29,0.06853,15538.5,0.06888,3386.62,50.94243504839577,233.27038559999997,1e-05,0.0,0.0,1.0,0.0,0.0,exchangeInfo.quotePrecision/baseSizePrecision/quoteAmountPrecision,1,False,0.28184511214557767,0.34674005080440307,0.9208298052497883,42.586578543112616
mexc,REZUSDC,REZ-USDC,REZ,USDC,True,1,True,0.003326,55539.915948,16548243.01,0.003314,24107.45,0.003335,202802.43,63.16739359302076,79.89208930000001,1e-06,0.0,0.0,1.0,0.0,0.0,exchangeInfo.quotePrecision/baseSizePrecision/quoteAmountPrecision,1,False,0.36055861193398225,0.24343776460626587,0.8331922099915327,42.58051197135633
mexc,LRCXONUSDT,LRCXON-USDT,LRCXON,USDT,True,1,True,210.31,65366.96,308.722,210.1,1.55,211.67,0.014,74.44815894919,2.96338,0.01,0.0,0.0,1.0,0.0,0.0005,exchangeInfo.quotePrecision/baseSizePrecision/quoteAmountPrecision,1,False,0.5785019043588658,0.18670618120237092,0.30313293818797626,42.54791803355643
mexc,MUBIUSDT,MUBI-USDT,MUBI,USDT,True,1,True,0.0003796,62304.8942117,159269426.68,0.0003787,18023.07,0.0003829,29073.0,110.29411764705866,6.825336609,1e-07,0.0,0.0,1.0,0.0,0.0005,exchangeInfo.quotePrecision/baseSizePrecision/quoteAmountPrecision,1,False,0.5497249259415996,0.11092294665537683,0.47671464860287893,42.54223756522998
mexc,XAIUSDC,XAI-USDC,XAI,USDC,True,1,True,0.009124,52091.831464,5487033.67,0.009101,87469.95,0.009141,23150.46,43.85484047801787,211.61835485999998,1e-06,0.0,0.0,1.0,0.0,0.0,exchangeInfo.quotePrecision/baseSizePrecision/quoteAmountPrecision,1,False,0.2505289885738468,0.42040643522438614,0.9119390347163421,42.52803594649807
mexc,PIUSDE,PI-USDE,PI,USDE,True,1,True,0.1763,52780.95751,300407.2,0.17612,378.63,0.17682,576.24,39.666798889329975,66.6843156,1e-05,0.0,0.0,1.0,0.0,0.0,exchangeInfo.quotePrecision/baseSizePrecision/quoteAmountPrecision,1,False,0.25856961489631825,0.4826418289585097,0.8099068585944115,42.48551171514847
mexc,TSMONUSDT,TSMON-USDT,TSMON,USDT,True,1,True,327.83,59460.1,180.97,327.82,0.006,329.35,0.318,46.563294124808785,1.96692,0.01,0.0,0.0,1.0,0.0,0.0005,exchangeInfo.quotePrecision/baseSizePrecision/quoteAmountPrecision,1,False,0.5082522217520101,0.3933107535986452,0.23454699407281965,42.47758091778307
mexc,APTMUSDT,APTM-USDT,APTM,USDT,True,1,True,0.24048,37081.10417,146977.25,0.24044,21.63,0.24057,185.78,5.405293029251741,5.2007172,1e-05,0.0,0.0,1.0,0.0,0.0005,exchangeInfo.quotePrecision/baseSizePrecision/quoteAmountPrecision,1,False,0.2052475666525603,0.9191363251481796,0.4089754445385267,42.446533185365844
mexc,67USDT,67-USDT,67,USDT,True,1,True,0.00121,59337.511486,50439285.15,0.001207,9692.37,0.001217,6984.79,82.50825082508273,8.50048943,1e-06,0.0,0.0,1.0,0.0,0.0005,exchangeInfo.quotePrecision/baseSizePrecision/quoteAmountPrecision,1,False,0.5074058400338552,0.16553767993226076,0.5198983911939035,42.44373102404663
mexc,GXEUSDT,GXE-USDT,GXE,USDT,True,1,True,0.0003349,45041.7868364,135608572.38,0.0003348,215327.19,0.0003359,172417.78,32.801550618755705,57.915132301999996,1e-07,0.001,0.001,1.0,0.0,0.0005,exchangeInfo.quotePrecision/baseSizePrecision/quoteAmountPrecision,1,False,0.22386796445196783,0.5681625740897545,0.7955122777307366,42.42704795171682
mexc,FHEUSDC,FHE-USDC,FHE,USDC,True,1,True,0.01755,56012.30615,3165161.36,0.0175,1807.34,0.01759,922.1,51.29666571672829,16.219739,1e-05,0.0,0.0,1.0,0.0,0.0,exchangeInfo.quotePrecision/baseSizePrecision/quoteAmountPrecision,1,False,0.3876428269149386,0.3420829805249789,0.6270110076206604,42.41265014585931
mexc,LAUSDC,LA-USDC,LA,USDC,True,1,True,0.1726,54192.9196,305195.34,0.1722,3730.62,0.173,386.91,46.349942062572154,66.93543,0.0001,0.0,0.0,1.0,0.0,0.0,exchangeInfo.quotePrecision/baseSizePrecision/quoteAmountPrecision,1,False,0.29707998307236566,0.3945808636748518,0.8103302286198137,42.41052523324769
mexc,BOMEUSDC,BOME-USDC,BOME,USDC,True,1,True,0.0003763,54818.8917789,142093690.48,0.0003753,4024812.16,0.0003775,265451.07,58.448459086078614,100.207778925,1e-07,0.0,0.0,1.0,0.0,0.0,exchangeInfo.quotePrecision/baseSizePrecision/quoteAmountPrecision,1,False,0.3254337706305544,0.28365791701947507,0.867485182049111,42.340008951149585
mexc,ABTONUSDT,ABTON-USDT,ABTON,USDT,True,1,True,105.12,57281.75,542.933,104.93,0.013,105.27,2.037,32.35014272121686,1.36409,0.01,0.0,0.0,1.0,0.0,0.0005,exchangeInfo.quotePrecision/baseSizePrecision/quoteAmountPrecision,1,False,0.44773592890393565,0.5766299745977985,0.1642675698560542,42.32657685178251
mexc,PNDCUSDT,PNDC-USDT,PNDC,USDT,False,1,True,7.813e-08,55377.25818155845,687020227212.0,7.8e-08,98281795.0,7.828e-08,88077830.0,35.83312004095212,6.8947325324,1e-11,0.0,0.0,1.0,0.0,0.0005,exchangeInfo.quotePrecision/baseSizePrecision/quoteAmountPrecision,1,False,0.35251798561151076,0.5347163420829806,0.4771380186282811,42.29915813327324
mexc,PLUMEUSDC,PLUME-USDC,PLUME,USDC,True,1,True,0.010104,54592.265274,5193885.53,0.010079,3211.84,0.010124,14199.81,44.547839429787565,32.37213536,1e-06,0.0,0.0,1.0,0.0,0.0,exchangeInfo.quotePrecision/baseSizePrecision/quoteAmountPrecision,1,False,0.31570038087177316,0.41320914479254867,0.7256562235393734,42.20687403854871
mexc,KLKUSDT,KLK-USDT,KLK,USDT,True,1,True,0.3052,51163.4009,168948.86,0.305,15.41,0.3053,59.08,9.831230542356954,4.70005,0.0001,0.0,0.0,1.0,0.0,0.0005,exchangeInfo.quotePrecision/baseSizePrecision/quoteAmountPrecision,1,False,0.2446043165467626,0.8433530906011855,0.3831498729889924,42.20006213488143
mexc,DUPEUSDT,DUPE-USDT,DUPE,USDT,True,1,True,0.008917,60204.785005,6626059.62,0.008917,2889.27,0.008998,830.5,90.4270164666494,7.4728390000000005,1e-06,0.0,0.0,1.0,0.0,0.0005,exchangeInfo.quotePrecision/baseSizePrecision/quoteAmountPrecision,1,False,0.520524756665256,0.14690939881456389,0.49364944961896695,42.174585579332515
mexc,BIGTIMEUSDC,BIGTIME-USDC,BIGTIME,USDC,True,1,True,0.01197,54471.77572,4471980.95,0.01194,5904.0,0.012,8818.56,50.125313283208875,70.49376,1e-05,0.0,0.0,1.0,0.0,0.0,exchangeInfo.quotePrecision/baseSizePrecision/quoteAmountPrecision,1,False,0.3085061362674566,0.35478408128704486,0.8162574089754445,42.16258770639513
mexc,METAONUSDT,METAON-USDT,METAON,USDT,True,1,True,523.44,58694.64,109.636,523.0,0.682,526.13,0.01,59.66848722274637,5.2613,0.01,0.0,0.0,1.0,0.0,0.0005,exchangeInfo.quotePrecision/baseSizePrecision/quoteAmountPrecision,1,False,0.4930173508252222,0.2705334462320068,0.4136325148179509,42.15194074754641
mexc,RACAUSDT,RACA-USDT,RACA,USDT,True,1,True,1.773e-05,61256.467171,3461074440.25,1.767e-05,186953.9,1.778e-05,170022.22,62.05923836389317,3.0229950716,1e-08,10.0,10.0,1.0,0.0,0.0005,exchangeInfo.quotePrecision/baseSizePrecision/quoteAmountPrecision,1,False,0.5378755818874312,0.2523285351397121,0.3124470787468247,42.14031195723802
mexc,BABYDOGEUSDC,BABYDOGE-USDC,BABYDOGE,USDC,True,1,True,3.79e-10,56484.32622321013,146527510670420.0,3.786e-10,33444790189.0,3.807e-10,451859542762.0,55.31410509679894,12.6621975655554,1e-13,0.0,0.0,1.0,0.0,0.0,exchangeInfo.quotePrecision/baseSizePrecision/quoteAmountPrecision,1,False,0.41218789674143036,0.30651989839119387,0.5884843353090601,42.10301848673972
mexc,OVLUSDT,OVL-USDT,OVL,USDT,True,1,True,0.0232,53589.97953,2258316.57,0.02319,1727.23,0.02321,103.55,8.620689655173559,2.4033955000000002,1e-05,0.0,0.0,1.0,0.0,0.0005,exchangeInfo.quotePrecision/baseSizePrecision/quoteAmountPrecision,1,False,0.27295810410495136,0.8657917019475021,0.27053344623200676,42.06815719910002
mexc,MATUSDT,MAT-USDT,MAT,USDT,True,1,True,0.03688,55374.6115,1471227.81,0.03683,66.75,0.03691,958.63,21.697857336587127,2.4584025,1e-05,0.0,0.0,1.0,0.0,0.0005,exchangeInfo.quotePrecision/baseSizePrecision/quoteAmountPrecision,1,False,0.3520947947524333,0.6888230313293819,0.27392040643522436,42.06419762332287
mexc,QTUMUSDC,QTUM-USDC,QTUM,USDC,True,1,True,0.8156,53850.0929,65220.52,0.813,110.85,0.8169,861.25,47.855696668507456,90.12104999999998,0.0001,0.0,0.0,1.0,0.0,0.0,exchangeInfo.quotePrecision/baseSizePrecision/quoteAmountPrecision,1,False,0.2822683030046551,0.3793395427603725,0.8526672311600338,42.061589857466025
mexc,XAVAUSDT,XAVA-USDT,XAVA,USDT,True,1,True,0.2384,56512.9817,232114.54,0.2382,58.73,0.2386,0.9,16.778523489933367,0.21474000000000001,0.0001,0.0001,0.0001,1.0,0.0,0.0005,exchangeInfo.quotePrecision/baseSizePrecision/quoteAmountPrecision,1,False,0.41345746931866273,0.7506350550381033,0.02540220152413209,42.01408121896168
mexc,TCOMUSDT,TCOM-USDT,TCOM,USDT,True,1,True,0.01269,53477.9594,4206737.46,0.01268,671.73,0.01271,5304.75,23.631350925561648,8.517536400000001,1e-05,0.0,0.0,1.0,0.0,0.0005,exchangeInfo.quotePrecision/baseSizePrecision/quoteAmountPrecision,1,False,0.26999576809140924,0.6680779000846739,0.5207451312447079,41.96661737203851
mexc,PALUSDT,PAL-USDT,PAL,USDT,True,1,True,0.001396,56912.261539,40410965.17,0.001392,6856.35,0.001398,3054.52,43.01075268817153,4.270218959999999,1e-06,0.0,0.0,1.0,0.0,0.0005,exchangeInfo.quotePrecision/baseSizePrecision/quoteAmountPrecision,1,False,0.4316546762589928,0.4322607959356477,0.37087214225232856,41.96496993768237
mexc,CREPE1USDT,CREPE1-USDT,CREPE1,USDT,True,1,True,1.8704e-05,72219.294154169,3924014509.68,1.8486e-05,124650.03,1.8713e-05,2915593.45,122.04629156697747,2.3042804545799997,1e-09,0.0,0.0,1.0,0.0,0.0005,exchangeInfo.quotePrecision/baseSizePrecision/quoteAmountPrecision,1,False,0.6216673719847652,0.09991532599491959,0.26375952582557155,41.9647791255465
mexc,CLASHUSDT,CLASH-USDT,CLASH,USDT,True,1,True,0.022994,62330.921765,2653134.97,0.022986,435.04,0.023406,360.06,181.06570098292818,8.42756436,1e-06,0.0,0.0,1.0,0.0,0.0005,exchangeInfo.quotePrecision/baseSizePrecision/quoteAmountPrecision,1,False,0.550994498518832,0.052074513124470756,0.5177815410668924,41.96219106798538
mexc,ABBVONUSDT,ABBVON-USDT,ABBVON,USDT,True,1,True,211.87,56015.22,263.808,211.39,0.124,212.65,0.118,59.42835581549002,25.0927,0.01,0.0,0.0,1.0,0.0,0.0005,exchangeInfo.quotePrecision/baseSizePrecision/quoteAmountPrecision,1,False,0.38806601777401606,0.27222692633361556,0.6896697713801863,41.94269956351499
mexc,DEFXUSDT,DEFX-USDT,DEFX,USDT,True,1,True,0.01116,46278.21999,3961719.61,0.01115,897.0,0.01117,2685.76,17.921146953404286,10.00155,1e-05,0.0,0.0,1.0,0.0,0.0005,exchangeInfo.quotePrecision/baseSizePrecision/quoteAmountPrecision,1,False,0.22852306390181973,0.7347586790855207,0.5448772226926334,41.83527994559078
mexc,PUBLICUSDT,PUBLIC-USDT,PUBLIC,USDT,True,1,True,0.01529,55859.04705,3639554.92,0.01524,3576.04,0.01534,2846.55,65.40222367560457,43.666077,1e-05,0.0,0.0,1.0,0.0,0.0005,exchangeInfo.quotePrecision/baseSizePrecision/quoteAmountPrecision,1,False,0.37748624629708,0.23116003386960204,0.7637595258255715,41.81593490959088
mexc,LAUSD1,LA-USD1,LA,USD1,True,1,True,0.17279,58651.24827,330563.35,0.17231,7.62,0.17299,9.08,39.38604112366139,1.3130022,1e-05,0.0,0.0,1.0,0.0001,0.0001,exchangeInfo.quotePrecision/baseSizePrecision/quoteAmountPrecision,1,False,0.4917477782479898,0.485182049110923,0.13124470787468248,41.800573188906164
mexc,0GUSDC,0G-USDC,0G,USDC,True,1,True,0.4656,56775.7875,120883.94,0.4642,10.24,0.4661,7.52,40.84703858970252,3.5050719999999997,0.0001,0.0,0.0,1.0,0.0,0.0,exchangeInfo.quotePrecision/baseSizePrecision/quoteAmountPrecision,1,False,0.4248836225137537,0.4652836579170194,0.3399661303979678,41.8000132941413
mexc,IEFAONUSDT,IEFAON-USDT,IEFAON,USDT,True,1,True,90.79,58884.95,656.17,90.35,0.06,90.93,3.24,63.98940864960421,5.420999999999999,0.01,0.0,0.0,1.0,0.0,0.0005,exchangeInfo.quotePrecision/baseSizePrecision/quoteAmountPrecision,1,False,0.49767245027507406,0.2375105842506351,0.4229466553767993,41.76868247893094
mexc,BLUMUSDT,BLUM-USDT,BLUM,USDT,True,1,True,0.003057,55856.864901,17839050.73,0.003051,9445.74,0.003061,1134.21,32.722513089005325,3.47181681,1e-06,0.0,0.0,1.0,0.0,0.0005,exchangeInfo.quotePrecision/baseSizePrecision/quoteAmountPrecision,1,False,0.37706305543800256,0.5702794242167655,0.3365791701947502,41.72703705840428
mexc,CEREUSDT,CERE-USDT,CERE,USDT,True,1,True,0.0002276,51718.5555469,226957151.97,0.0002275,14437.42,0.0002277,332617.04,8.787346221441338,3.28451305,1e-07,0.001,0.001,1.0,0.0,0.0005,exchangeInfo.quotePrecision/baseSizePrecision/quoteAmountPrecision,1,False,0.24714346170122725,0.8632514817950889,0.3264182895850974,41.702543230146674
mexc,TSUKAUSDT,TSUKA-USDT,TSUKA,USDT,True,1,True,0.001127,54395.846491,48198656.61,0.001126,10067.86,0.00113,132625.99,35.46099290780035,11.33641036,1e-06,0.001,0.001,1.0,0.0,0.0005,exchangeInfo.quotePrecision/baseSizePrecision/quoteAmountPrecision,1,False,0.3046974185357596,0.5397967823878069,0.569432684165961,41.64193126248117
mexc,CARVUSDT,CARV-USDT,CARV,USDT,True,1,True,0.05347,56215.55565,1003034.9,0.05338,687.37,0.05363,145.0,46.7246051770863,7.77635,1e-05,0.0,0.0,1.0,0.0,0.0005,exchangeInfo.quotePrecision/baseSizePrecision/quoteAmountPrecision,1,False,0.3977994075327973,0.3911939034716342,0.4983065198983912,41.62494539906253
mexc,DSTUSDT,DST-USDT,DST,USDT,True,1,True,0.83824,9438.48008,11249.96,0.83818,9.76,0.83827,759.59,1.073697396282901,8.1806368,1e-05,0.0,0.0,1.0,0.0,0.0005,exchangeInfo.quotePrecision/baseSizePrecision/quoteAmountPrecision,1,False,0.12060939483707152,0.9868755292125317,0.5118543607112617,41.54249216057746
mexc,NCNUSDT,NCN-USDT,NCN,USDT,True,1,True,6.95e-05,29309.10915253,414278068.97,7.017e-05,209200.46,7.023e-05,96053.94,8.547008547007984,6.7458682062,1e-08,0.0,0.0,1.0,0.0,0.0005,exchangeInfo.quotePrecision/baseSizePrecision/quoteAmountPrecision,1,False,0.18705035971223022,0.867485182049111,0.4758679085520745,41.49225750644192
mexc,POPUSDT,POP-USDT,POP,USDT,True,1,True,0.0021093,58548.1727451,27436408.22,0.0021071,1869.56,0.0021191,1837.81,56.7886044200457,3.894503171,1e-07,0.0,0.0,1.0,0.0,0.0005,exchangeInfo.quotePrecision/baseSizePrecision/quoteAmountPrecision,1,False,0.48878544223444775,0.2959356477561389,0.3594411515664691,41.47041354812748
mexc,MAPOUSDT,MAPO-USDT,MAPO,USDT,True,1,True,0.003231,30410.991194,9403459.72,0.003222,14127.97,0.003231,32523.61,27.89400278939995,45.52031934,1e-06,0.0,0.0,1.0,0.0,0.0005,exchangeInfo.quotePrecision/baseSizePrecision/quoteAmountPrecision,1,False,0.1900126957257723,0.6232006773920407,0.7718035563082134,41.466786325882765
mexc,BAONUSDT,BAON-USDT,BAON,USDT,True,1,True,190.34,58369.44,303.919,190.08,2.021,191.25,0.028,61.36417276374727,5.355,0.01,0.0,0.0,1.0,0.0,0.0005,exchangeInfo.quotePrecision/baseSizePrecision/quoteAmountPrecision,1,False,0.4841303427845959,0.2578323454699407,0.4191363251481795,41.45570399286488
mexc,CGPTUSDC,CGPT-USDC,CGPT,USDC,True,1,True,0.0191,54780.61423,2815538.59,0.01905,5230.61,0.01913,822.42,41.90675746464128,15.7328946,1e-05,0.0,0.0,1.0,0.0,0.0,exchangeInfo.quotePrecision/baseSizePrecision/quoteAmountPrecision,1,False,0.3228946254760897,0.45004233700254026,0.6219305673158341,41.44887417256513
mexc,RNBWUSDC,RNBW-USDC,RNBW,USDC,True,1,True,0.01608,56673.18256,3472889.85,0.01604,297.97,0.01611,800.0,43.545878693624026,4.7794388,1e-05,0.0,0.0,1.0,0.0,0.0,exchangeInfo.quotePrecision/baseSizePrecision/quoteAmountPrecision,1,False,0.4202285230639018,0.4242167654530059,0.38653683319221,41.44872456868395
mexc,THQUSDT,THQ-USDT,THQ,USDT,True,1,True,0.02297,55931.98252,2393545.36,0.02292,8687.96,0.023,149.32,34.843205574912986,3.43436,1e-05,0.0,0.0,1.0,0.0,0.0005,exchangeInfo.quotePrecision/baseSizePrecision/quoteAmountPrecision,1,False,0.38214134574693187,0.5465707027942421,0.3353090601185436,41.388222788308184
mexc,JAGERUSDT,JAGER-USDT,JAGER,USDT,True,1,True,2.162e-10,54885.00813363551,250392818304575.0,2.158e-10,21687665357.0,2.164e-10,66092081566.0,27.764923646460115,4.6801981840405995,1e-13,0.0,0.0,1.0,0.0,0.0005,exchangeInfo.quotePrecision/baseSizePrecision/quoteAmountPrecision,1,False,0.32881929750317396,0.624047417442845,0.38230313293818796,41.33230945750945
mexc,KITEAIUSDT,KITEAI-USDT,KITEAI,USDT,True,1,True,6.414e-08,10757.47829697993,166595798746.0,6.415e-08,794848138.0,6.426e-08,13866252718.0,17.132622069931063,50.9895080527,1e-11,0.0,0.0,1.0,0.0,0.0005,exchangeInfo.quotePrecision/baseSizePrecision/quoteAmountPrecision,1,False,0.12695725772323319,0.7442845046570703,0.7840812870448772,41.27138753210213
mexc,SUSDC,S-USDC,S,USDC,True,1,True,0.04002,55353.41243,1355295.0,0.03994,9058.07,0.04009,160.0,37.48594277146004,6.4144000000000005,1e-05,0.0,0.0,1.0,0.0,0.0,exchangeInfo.quotePrecision/baseSizePrecision/quoteAmountPrecision,1,False,0.350825222175201,0.5097375105842507,0.46147332768839966,41.26829153801032
mexc,PSYOPANIMEUSDT,PSYOPANIME-USDT,PSYOPANIME,USDT,True,1,True,0.003693,58246.117417,15481232.41,0.003673,2155.43,0.0037,4917.33,73.24020073240231,7.9168943899999995,1e-06,0.0,0.0,1.0,0.0,0.0005,exchangeInfo.quotePrecision/baseSizePrecision/quoteAmountPrecision,1,False,0.4807448159119763,0.19093988145639285,0.5025402201524132,41.26526631461679
mexc,LITUSDC,LIT-USDC,LIT,USDC,True,1,True,0.8544,54943.8058,62993.68,0.8525,9.42,0.8557,146.96,37.46633883620162,8.03055,0.0001,0.0,0.0,1.0,0.0,0.0,exchangeInfo.quotePrecision/baseSizePrecision/quoteAmountPrecision,1,False,0.3330512060939484,0.5105842506350551,0.5084674005080441,41.25177061120443
mexc,PEPE2USDT,PEPE2-USDT,PEPE2,USDT,True,1,True,2.442e-09,56337.8180116682,22552527651503.0,2.437e-09,3963471784.0,2.447e-09,1650812937.0,40.95004095003996,4.039539256839,1e-12,0.0,0.0,1.0,0.0,0.0005,exchangeInfo.quotePrecision/baseSizePrecision/quoteAmountPrecision,1,False,0.4054168429961913,0.4644369178662151,0.36536833192209994,41.216215949887896
mexc,PROSUSDT,PROS-USDT,PROS,USDT,True,1,True,0.02137,49788.05928,2321319.21,0.02136,251.55,0.02139,333.96,14.035087719297675,5.373108,1e-05,0.01,0.01,1.0,0.0,0.0005,exchangeInfo.quotePrecision/baseSizePrecision/quoteAmountPrecision,1,False,0.23825645366060094,0.7861981371718882,0.4204064352243861,41.16718708511798
mexc,COCOUSDT,COCO-USDT,COCO,USDT,True,1,True,0.21464,49001.12855,227422.73,0.2142,123.0,0.21474,62.17,25.178346621904463,13.3503858,1e-05,0.0,0.0,1.0,0.0,0.0005,exchangeInfo.quotePrecision/baseSizePrecision/quoteAmountPrecision,1,False,0.23656369022429116,0.6477561388653683,0.5969517358171041,41.14394115031231
mexc,SAFEUSDT,SAFE-USDT,SAFE,USDT,True,1,True,0.0941,9899.6333,99928.39,0.094,307.81,0.0941,228.92,10.632642211589884,21.541372,0.0001,0.0001,0.0001,1.0,0.0,0.0005,exchangeInfo.quotePrecision/baseSizePrecision/quoteAmountPrecision,1,False,0.12314853999153619,0.834038950042337,0.6735817104149027,41.09577765889097
mexc,RIOUSDC,RIO-USDC,RIO,USDC,True,1,True,0.04043,62905.07874,1501424.77,0.04029,756.03,0.04077,121.55,118.43079200592186,4.9555935,1e-05,0.0,0.0,1.0,0.0,0.0,exchangeInfo.quotePrecision/baseSizePrecision/quoteAmountPrecision,1,False,0.5581887431231486,0.1020321761219306,0.3920406435224386,41.09199814527021
mexc,INITUSDC,INIT-USDC,INIT,USDC,True,1,True,0.07844,52626.66147,664364.25,0.07828,43931.35,0.07871,5497.7,54.78055927129114,432.723967,1e-05,0.0,0.0,1.0,0.0,0.0,exchangeInfo.quotePrecision/baseSizePrecision/quoteAmountPrecision,1,False,0.25687685146000844,0.31033022861981374,0.9597798475867908,41.08207949753162
mexc,PNUTUSDC,PNUT-USDC,PNUT,USDC,True,1,True,0.03822,55159.24301,1402384.2,0.03811,2364.55,0.03837,2239.68,67.99163179916404,85.93652159999999,1e-05,0.0,0.0,1.0,0.0,0.0,exchangeInfo.quotePrecision/baseSizePrecision/quoteAmountPrecision,1,False,0.343207786711807,0.21464860287891618,0.8412362404741744,41.06736815060578
mexc,DMTRUSDT,DMTR-USDT,DMTR,USDT,True,1,True,0.007582,62433.20081,8372664.33,0.00756,7590.64,0.007594,10.32,44.87264088689478,0.07837008000000001,1e-06,0.0,0.0,1.0,0.0,0.0005,exchangeInfo.quotePrecision/baseSizePrecision/quoteAmountPrecision,1,False,0.5526872619551417,0.40982218458933106,0.021168501270110076,41.06672404766828
mexc,HOUSEUSDT,HOUSE-USDT,HOUSE,USDT,True,1,True,0.001311,58492.3541916,44153664.11,0.0013082,2113.07,0.001315,23190.48,51.845074717901404,2.7643181740000005,1e-07,0.0,0.0,1.0,0.0,0.0005,exchangeInfo.quotePrecision/baseSizePrecision/quoteAmountPrecision,1,False,0.48709267879813795,0.338272650296359,0.28958509737510585,41.03861553880868
mexc,DOLOUSDC,DOLO-USDC,DOLO,USDC,True,1,True,0.0299,51121.0181,1672356.04,0.02982,1098.5,0.02993,1098.5,36.82008368200803,32.75727,1e-05,0.0,0.0,1.0,0.0,0.0,exchangeInfo.quotePrecision/baseSizePrecision/quoteAmountPrecision,1,False,0.24418112568768516,0.5198983911939035,0.729043183742591,41.00828536752209
mexc,PERPUSDT,PERP-USDT,PERP,USDT,True,1,True,0.02861,63024.61454,2157129.49,0.02852,95.71,0.02874,567.0,76.84247293049299,2.7296492,1e-05,0.01,0.01,1.0,0.0,0.0005,exchangeInfo.quotePrecision/baseSizePrecision/quoteAmountPrecision,1,False,0.5598815065594583,0.17823878069432686,0.2870448772226926,40.99034992258224
mexc,TROLLSOLUSDT,TROLLSOL-USDT,TROLLSOL,USDT,True,1,True,0.011454,65960.556083,5778468.86,0.011463,17677.52,0.011628,305.8,142.9128231778617,3.5558424,1e-06,0.0,0.0,1.0,0.0,0.0005,exchangeInfo.quotePrecision/baseSizePrecision/quoteAmountPrecision,1,False,0.5840033855268726,0.07832345469940727,0.34462320067739205,40.97073658501101
mexc,TEVAUSDT,TEVA-USDT,TEVA,USDT,False,1,True,0.0006488,56086.8423385,84662899.54,0.0006478,5411.64,0.0006501,4421.41,35.44186763232917,2.874358641,1e-07,0.0,0.0,1.0,0.0,0.0005,exchangeInfo.quotePrecision/baseSizePrecision/quoteAmountPrecision,1,False,0.39187473550571306,0.5402201524132091,0.2955122777307367,40.96885981775918
mexc,SENDUSDT,SEND-USDT,SEND,USDT,True,1,True,0.09284,51118.53103,549142.46,0.09271,221.5,0.09288,69.99,18.319952583652512,6.5006712,1e-05,0.0,0.0,1.0,0.0,0.0005,exchangeInfo.quotePrecision/baseSizePrecision/quoteAmountPrecision,1,False,0.2437579348286077,0.7294665537679932,0.4652836579170195,40.94902341811364
mexc,NEOUSDC,NEO-USDC,NEO,USDC,True,1,True,2.557,54844.295,21024.49,2.552,77.42,2.562,3.76,39.108330074304995,9.633119999999998,0.001,0.0,0.0,1.0,0.0,0.0,exchangeInfo.quotePrecision/baseSizePrecision/quoteAmountPrecision,1,False,0.32712653406686415,0.4898391193903472,0.5351397121083827,40.94073160060386
mexc,AVGOONUSDT,AVGOON-USDT,AVGOON,USDT,True,1,True,301.49,59220.78,193.324,301.09,0.057,303.35,0.018,74.77996161736641,5.4603,0.01,0.0,0.0,1.0,0.0,0.0005,exchangeInfo.quotePrecision/baseSizePrecision/quoteAmountPrecision,1,False,0.505289885738468,0.18543607112616423,0.42506350550381033,40.92811560384605
mexc,EMYCUSDT,EMYC-USDT,EMYC,USDT,True,1,True,0.004897,57022.88153,11791625.47,0.004856,16529.89,0.004922,6838.94,134.9969318879118,33.66126268,1e-06,0.0,0.0,1.0,0.0,0.0005,exchangeInfo.quotePrecision/baseSizePrecision/quoteAmountPrecision,1,False,0.43757934828607703,0.08552074513124475,0.7332768839966131,40.870420463947625
mexc,LUMIAUSDT,LUMIA-USDT,LUMIA,USDT,True,1,True,0.07503,56859.43983,776965.66,0.07476,3353.0,0.0751,52.4,45.37568397170786,3.93524,1e-05,0.0,0.0,1.0,0.0,0.0005,exchangeInfo.quotePrecision/baseSizePrecision/quoteAmountPrecision,1,False,0.4282691493863732,0.403471634208298,0.3602878916172735,40.84735190380345
mexc,BLASTUSDT,BLAST-USDT,BLAST,USDT,True,1,True,0.0004495,54963.7242896,120015267.36,0.0004486,20000.0,0.0004504,48360.8,40.044493882090975,8.972,1e-07,0.0,0.0,1.0,0.0,0.0005,exchangeInfo.quotePrecision/baseSizePrecision/quoteAmountPrecision,1,False,0.3343207786711807,0.47756138865368336,0.5258255715495342,40.84318897424771
mexc,HEUUSDT,HEU-USDT,HEU,USDT,True,1,True,0.00485,22523.40537,4653873.84,0.00485,23109.34,0.00486,6163.05,20.59732234809391,29.952423,1e-05,0.0,0.0,1.0,0.0,0.0005,exchangeInfo.quotePrecision/baseSizePrecision/quoteAmountPrecision,1,False,0.1646212441811257,0.7013124470787468,0.712108382726503,40.82914726146064
mexc,SRDSUSDT,SRDS-USDT,SRDS,USDT,False,1,True,0.01813,53602.19188,2925152.3,0.01813,600.0,0.01814,72.79,5.514199062585935,1.3204106000000002,1e-05,0.0,0.0,1.0,0.0,0.0005,exchangeInfo.quotePrecision/baseSizePrecision/quoteAmountPrecision,1,False,0.2733812949640288,0.9178662150719729,0.14140558848433532,40.81073836950762
mexc,EGOUSDT,EGO-USDT,EGO,USDT,True,1,True,0.0003802,50723.1869865,124221736.58,0.00038,11894.74,0.0003805,13061.77,13.149243918473582,4.5200012,1e-07,0.0,0.0,1.0,0.0,0.0005,exchangeInfo.quotePrecision/baseSizePrecision/quoteAmountPrecision,1,False,0.2407955988150656,0.7984758679085521,0.3793395427603726,40.792445487749866
mexc,PROMUSDT,PROM-USDT,PROM,USDT,True,1,True,0.982,54099.2351,54397.08,0.982,94.12,0.983,1.43,10.178117048346067,1.4056899999999999,0.0001,0.0,0.0,1.0,0.0,0.0005,exchangeInfo.quotePrecision/baseSizePrecision/quoteAmountPrecision,1,False,0.2928480744815912,0.8408128704487723,0.18247248094834886,40.776415476673805
mexc,DOTUSDC,DOT-USDC,DOT,USDC,True,1,True,1.287,60936.714,47278.64,1.279,1476.92,1.285,0.95,46.80187207488303,1.2207499999999998,0.001,0.0,0.0,1.0,0.0,0.0,exchangeInfo.quotePrecision/baseSizePrecision/quoteAmountPrecision,1,False,0.5323741007194245,0.39034716342082976,0.0863674851820491,40.766604328730075
mexc,CBKUSDT,CBK-USDT,CBK,USDT,True,1,True,0.2418,55784.2726,229729.04,0.2412,269.14,0.2428,135.22,66.11570247933844,32.831416,0.0001,0.0001,0.0001,1.0,0.0,0.0005,exchangeInfo.quotePrecision/baseSizePrecision/quoteAmountPrecision,1,False,0.3728311468472281,0.22650296359017785,0.7294665537679932,40.75761824171186
mexc,XEPUSDT,XEP-USDT,XEP,USDT,True,1,True,0.0001809,58589.5333222,322420455.66,0.0001805,128504.15,0.0001818,31370.18,71.76373171404938,5.703098724,1e-07,0.0001,0.0001,1.0,0.0,0.0005,exchangeInfo.quotePrecision/baseSizePrecision/quoteAmountPrecision,1,False,0.49090139652983494,0.1960203217612193,0.4415749364944962,40.73158358306133
mexc,SVLUSDT,SVL-USDT,SVL,USDT,True,1,True,0.013348,58214.038621,4346671.83,0.013236,1340.74,0.013451,15713.6,161.12714055532652,17.746034639999998,1e-06,0.0,0.0,1.0,0.0,0.0005,exchangeInfo.quotePrecision/baseSizePrecision/quoteAmountPrecision,1,False,0.4786288616165891,0.06435224386113458,0.6384419983065199,40.70223345157117
mexc,STRKUSDC,STRK-USDC,STRK,USDC,True,1,True,0.03353,54244.96041,1585392.53,0.03348,393.18,0.03361,550.2,38.75391265464247,13.163666400000002,1e-05,0.0,0.0,1.0,0.0,0.0,exchangeInfo.quotePrecision/baseSizePrecision/quoteAmountPrecision,1,False,0.29792636479052054,0.4953429297205758,0.5939881456392887,40.6492862192788
mexc,OPNUSDC,OPN-USDC,OPN,USDC,True,1,True,0.193,58516.8489,305550.61,0.1923,951.23,0.1931,6.75,41.51530877010873,1.303425,0.0001,0.0,0.0,1.0,0.0,0.0,exchangeInfo.quotePrecision/baseSizePrecision/quoteAmountPrecision,1,False,0.4879390605162928,0.45596951735817104,0.12023708721422523,40.64062800663489
mexc,UUSDT,U-USDT,U,USDT,True,1,True,0.0007559,58509.0975068,76327351.9,0.0007533,2041.27,0.0007565,1738.3,42.38972049278009,1.31502395,1e-07,0.0,0.0,1.0,0.0,0.0005,exchangeInfo.quotePrecision/baseSizePrecision/quoteAmountPrecision,1,False,0.4875158696572154,0.44326841659610494,0.1367485182049111,40.63005361014769
mexc,OMGUSDT,OMG-USDT,OMG,USDT,True,1,True,0.05484,57385.81673,1040911.84,0.0546,272.56,0.05511,637.35,92.97238173366085,14.881776,1e-05,0.0001,0.0001,1.0,0.0,0.0005,exchangeInfo.quotePrecision/baseSizePrecision/quoteAmountPrecision,1,False,0.4523910283537876,0.13971210838272652,0.6121930567315834,40.61817040365815
mexc,GODSUSDT,GODS-USDT,GODS,USDT,True,1,True,0.03297,56910.17747,1702640.79,0.0329,38.02,0.033,39.03,30.349013657057014,1.250858,1e-05,0.0001,0.0001,1.0,0.0,0.0005,exchangeInfo.quotePrecision/baseSizePrecision/quoteAmountPrecision,1,False,0.43123148539991535,0.5990685859441152,0.09525825571549534,40.59961145990813
mexc,GOOGLONUSDT,GOOGLON-USDT,GOOGLON,USDT,True,1,True,275.81,58982.3,212.089,274.29,0.654,275.82,0.009,55.62523858864491,2.4823799999999996,0.01,0.0,0.0,1.0,0.0,0.0005,exchangeInfo.quotePrecision/baseSizePrecision/quoteAmountPrecision,1,False,0.5002115954295387,0.3027095681625741,0.2756138865368332,40.59165468342565
mexc,HUSDC,H-USDC,H,USDC,True,1,True,0.08243,53275.95544,637506.05,0.08219,543.66,0.08255,16161.07,43.70523248755605,44.683415399999994,1e-05,0.0,0.0,1.0,0.0,0.0,exchangeInfo.quotePrecision/baseSizePrecision/quoteAmountPrecision,1,False,0.26534066864155736,0.4220999153259949,0.768839966130398,40.52303398104349
mexc,SUPERFORMUSDT,SUPERFORM-USDT,SUPERFORM,USDT,True,1,True,0.06033,58835.16583,1013974.96,0.05993,91.77,0.06038,157.36,74.80674923115384,5.499776099999999,1e-05,0.0,0.0,1.0,0.0,0.0005,exchangeInfo.quotePrecision/baseSizePrecision/quoteAmountPrecision,1,False,0.49640287769784175,0.1845893310753599,0.43014394580863674,40.51977046643803
mexc,FARUSDT,FAR-USDT,FAR,USDT,True,1,True,0.002476,30930.847633,11778705.77,0.002483,2779.0,0.002486,10878.99,12.074864157778082,6.900257,1e-06,0.0,0.0,1.0,0.0,0.0005,exchangeInfo.quotePrecision/baseSizePrecision/quoteAmountPrecision,1,False,0.19212865002115953,0.8145639288738358,0.4775613886536833,40.48240174608333
mexc,ZTCUSDT,ZTC-USDT,ZTC,USDT,True,1,True,0.0007468,57940.5915625,77578194.19,0.0007427,7405.41,0.0007475,18151.24,64.4208831029393,5.499998007,1e-07,0.0,0.0,1.0,0.0,0.0005,exchangeInfo.quotePrecision/baseSizePrecision/quoteAmountPrecision,1,False,0.4701650444350402,0.23581710414902624,0.4360711261642676,40.47592757093822
mexc,GMEEUSDT,GMEE-USDT,GMEE,USDT,True,1,True,0.0016067,59231.3787906,37399128.6,0.0016033,2101.11,0.0016135,2373.61,63.417060432727695,3.368709663,1e-07,0.1,0.1,1.0,0.0,0.0005,exchangeInfo.quotePrecision/baseSizePrecision/quoteAmountPrecision,1,False,0.5057130765975455,0.24132091447925486,0.33065198983911936,40.46028187162876
mexc,PUMPBTCUSDT,PUMPBTC-USDT,PUMPBTC,USDT,True,1,True,0.01511,56964.19296,3680677.59,0.01503,11207.54,0.01513,663.12,66.31299734747971,10.0330056,1e-05,0.0,0.0,1.0,0.0,0.0005,exchangeInfo.quotePrecision/baseSizePrecision/quoteAmountPrecision,1,False,0.43504020313161235,0.22438611346316684,0.54614733276884,40.45981066419465
mexc,RVVUSDT,RVV-USDT,RVV,USDT,True,1,True,0.0001805,54947.839997,305896151.99,0.0001795,756201.4,0.0001805,177948.84,55.5555555555554,32.119765619999995,1e-07,0.0,0.0,1.0,0.0,0.0005,exchangeInfo.quotePrecision/baseSizePrecision/quoteAmountPrecision,1,False,0.33347439695302583,0.3039796782387807,0.724809483488569,40.43677345815732
mexc,USUSDT,US-USDT,US,USDT,True,1,True,0.00323,20297.05647,6213817.98,0.00322,234909.71,0.00323,26409.47,31.007751937983233,85.3025881,1e-05,0.0,0.0,1.0,0.0,0.0005,exchangeInfo.quotePrecision/baseSizePrecision/quoteAmountPrecision,1,False,0.16038933559035126,0.5918712955122778,0.8399661303979679,40.41751845323562
mexc,PYBOBOUSDT,PYBOBO-USDT,PYBOBO,USDT,True,1,True,0.0007698,56161.7850547,72774394.74,0.0007687,2601.79,0.0007713,3331.4,33.766233766234585,1.9999959729999999,1e-07,0.0,0.0,1.0,0.0,0.0005,exchangeInfo.quotePrecision/baseSizePrecision/quoteAmountPrecision,1,False,0.39356749894202286,0.5588484335309061,0.23920406435224387,40.4015045671288
mexc,MCDONUSDT,MCDON-USDT,MCDON,USDT,True,1,True,312.5,55809.28,178.361,310.65,0.069,312.58,0.357,61.93540105579021,21.43485,0.01,0.0,0.0,1.0,0.0,0.0005,exchangeInfo.quotePrecision/baseSizePrecision/quoteAmountPrecision,1,False,0.37410071942446044,0.25402201524132095,0.6727349703640982,40.380789356660316
mexc,NTMPIUSDT,NTMPI-USDT,NTMPI,USDT,True,1,True,0.004342,50184.606418,11604544.09,0.00433,3258.53,0.004342,2722.44,27.675276752769204,11.820834480000002,1e-06,0.0,0.0,1.0,0.0,0.0005,exchangeInfo.quotePrecision/baseSizePrecision/quoteAmountPrecision,1,False,0.23952602623783326,0.6257408975444538,0.5766299745977985,40.35005337364815
mexc,RIZUSDT,RIZ-USDT,RIZ,USDT,True,1,True,0.0001574,47996.6117377,297488561.28,0.0001574,243875.52,0.0001577,42201.78,19.04157410345968,6.655220706000001,1e-07,0.0,0.0,1.0,0.0,0.0005,exchangeInfo.quotePrecision/baseSizePrecision/quoteAmountPrecision,1,False,0.23360135421074904,0.7201524132091448,0.4724809483488569,40.301503778796956
mexc,POLSUSDT,POLS-USDT,POLS,USDT,True,1,True,0.05444,56104.79503,1025848.12,0.05434,38.65,0.05453,59.11,34.904013961606076,2.100241,1e-05,0.01,0.01,1.0,0.0,0.0005,exchangeInfo.quotePrecision/baseSizePrecision/quoteAmountPrecision,1,False,0.3931443080829454,0.54614733276884,0.2493649449618967,40.26391916302094
mexc,PIPPINUSDC,PIPPIN-USDC,PIPPIN,USDC,True,1,True,0.05824,57880.99086,1085428.57,0.05812,49.88,0.05842,3437.27,51.48446885189663,2.8990256,1e-05,0.0,0.0,1.0,0.0,0.0,exchangeInfo.quotePrecision/baseSizePrecision/quoteAmountPrecision,1,False,0.4688954718578079,0.3408128704487722,0.29762912785774764,40.26215527055369
mexc,BUTTCOINUSDT,BUTTCOIN-USDT,BUTTCOIN,USDT,True,1,True,0.012225,60182.920239,4815179.06,0.012083,4557.01,0.012266,607.13,150.3141812805461,7.447056580000001,1e-06,0.0,0.0,1.0,0.0,0.0005,exchangeInfo.quotePrecision/baseSizePrecision/quoteAmountPrecision,1,False,0.5201015658061786,0.07070279424216763,0.49237933954276036,40.220742766249224
mexc,FREEDOMOFMONEYUSDT,FREEDOMOFMONEY-USDT,FREEDOMOFMONEY,USDT,True,1,True,0.010386,59289.039101,5534860.34,0.010367,28989.37,0.01047,579.38,98.86260018236854,6.0661086,1e-06,0.0,0.0,1.0,0.0,0.0005,exchangeInfo.quotePrecision/baseSizePrecision/quoteAmountPrecision,1,False,0.5069826491747779,0.1274343776460627,0.4534292972057578,40.138491089879516
mexc,GOOGLXUSDT,GOOGLX-USDT,GOOGLX,USDT,True,1,True,274.78,60784.27,218.743,273.06,0.008,274.85,4.949,65.33919804347502,2.18448,0.01,0.0,0.0,1.0,0.0,0.0005,exchangeInfo.quotePrecision/baseSizePrecision/quoteAmountPrecision,1,False,0.5311045281421921,0.2315834038950042,0.25529212531752754,40.10617665154622
mexc,BULLISHUSDT,BULLISH-USDT,BULLISH,USDT,True,1,True,0.00237,60315.363337,27198049.66,0.002341,2775.5,0.002374,2911.33,139.97879109225707,6.4974455,1e-06,0.0,0.0,1.0,0.0,0.0005,exchangeInfo.quotePrecision/baseSizePrecision/quoteAmountPrecision,1,False,0.5226407109606432,0.08086367485182044,0.46486028789161726,40.064036731963235
mexc,AEROBUDUSDT,AEROBUD-USDT,AEROBUD,USDT,True,1,True,0.00119,50724.213779,44054456.04,0.001188,186595.01,0.001192,14546.5,33.61344537815025,17.339427999999998,1e-06,0.0,0.0,1.0,0.0,0.0005,exchangeInfo.quotePrecision/baseSizePrecision/quoteAmountPrecision,1,False,0.24121878967414304,0.5605419136325148,0.6367485182049111,40.01555163698895
mexc,SOILUSDT,SOIL-USDT,SOIL,USDT,True,1,True,0.09364,8304.58126,88337.61,0.09338,223.04,0.09343,101.43,5.353032492906642,9.4766049,1e-05,0.0,0.0,1.0,0.0,0.0005,exchangeInfo.quotePrecision/baseSizePrecision/quoteAmountPrecision,1,False,0.11426153195090986,0.9199830651989839,0.5334462320067739,39.95288552741012
mexc,FLUIDUSDT,FLUID-USDT,FLUID,USDT,True,1,True,1.6314,13259.5401,8048.43,1.6381,15.0,1.6409,15.0,17.078377554133183,24.571499999999997,0.0001,0.0001,0.0001,1.0,0.0,0.0005,exchangeInfo.quotePrecision/baseSizePrecision/quoteAmountPrecision,1,False,0.13753702920016928,0.7455546147332769,0.6871295512277731,39.9459929988967
mexc,JYAIUSDT,JYAI-USDT,JYAI,USDT,True,1,True,1.3073e-05,83818.220852307,6447796464.77,1.3073e-05,80169.19,1.3251e-05,11319046.18,135.23780580458947,1.04805182087,1e-09,0.0,0.0,1.0,0.0,0.0005,exchangeInfo.quotePrecision/baseSizePrecision/quoteAmountPrecision,1,False,0.6703343207786712,0.08467400508044032,0.04741744284504657,39.93358662673885
mexc,ELFUSDT,ELF-USDT,ELF,USDT,False,1,True,0.07923,60512.60836,767327.88,0.07756,211.87,0.07945,99.16,240.74899687918,7.878262,1e-05,1.0,1.0,1.0,0.0,0.0005,exchangeInfo.quotePrecision/baseSizePrecision/quoteAmountPrecision,1,False,0.5268726195514177,0.03683319220999148,0.5012701100762066,39.924226082101896
mexc,NMRUSDC,NMR-USDC,NMR,USDC,True,1,True,6.467,53318.193,8092.74,6.447,12.39,6.48,12.39,51.05592944998896,79.87833,0.001,0.0,0.0,1.0,0.0,0.0,exchangeInfo.quotePrecision/baseSizePrecision/quoteAmountPrecision,1,False,0.26618705035971224,0.3450465707027942,0.8327688399661304,39.92182883667664
mexc,USDCUSDF,USDC-USDF,USDC,USDF,True,1,True,0.9975,55252.1526,55321.44,0.994,214.81,1.0035,104.5,95.11889862327973,104.86575,0.0001,0.0,0.0,1.0,0.0,0.0005,exchangeInfo.quotePrecision/baseSizePrecision/quoteAmountPrecision,1,False,0.347016504443504,0.13632514817950891,0.8708721422523286,39.911479293927016
mexc,LIKEUSDT,LIKE-USDT,LIKE,USDT,True,1,True,0.001274,56003.12892,43364829.35,0.001272,2468.88,0.001277,3474.96,39.23107100823863,3.14041536,1e-06,0.0001,0.0001,1.0,0.0,0.0005,exchangeInfo.quotePrecision/baseSizePrecision/quoteAmountPrecision,1,False,0.3872196360558612,0.4877222692633362,0.3196443691786621,39.883024098229015
mexc,MELANIAUSDC,MELANIA-USDC,MELANIA,USDC,True,1,True,0.1137,57108.5368,495381.23,0.1133,119.7,0.1143,112.24,87.87346221441132,12.829032,0.0001,0.0,0.0,1.0,0.0,0.0,exchangeInfo.quotePrecision/baseSizePrecision/quoteAmountPrecision,1,False,0.4409648751586966,0.15114309906858592,0.5901778154106689,39.835201918656345
mexc,XPLUSDC,XPL-USDC,XPL,USDC,True,1,True,0.08846,56922.52497,632337.33,0.08796,195.27,0.08881,28251.29,96.17016462069395,17.1759492,1e-05,0.0,0.0,1.0,0.0,0.0,exchangeInfo.quotePrecision/baseSizePrecision/quoteAmountPrecision,1,False,0.4325010579771477,0.13378492802709563,0.6337849280270956,39.807879949962434
mexc,LOTUSDT,LOT-USDT,LOT,USDT,True,1,True,0.007117,59872.853149,8382595.34,0.007094,728.27,0.007164,900.42,98.19048954972733,5.1663473799999995,1e-06,0.0,0.0,1.0,0.0,0.0005,exchangeInfo.quotePrecision/baseSizePrecision/quoteAmountPrecision,1,False,0.5171392297926365,0.1295512277730737,0.40601185436071124,39.80167542013608
mexc,BULLSUSDT,BULLS-USDT,BULLS,USDT,True,1,True,315.05,44398.81,140.042,314.54,0.077,315.61,0.19,33.9601682139171,24.21958,0.01,0.0,0.0,1.0,0.0,0.0005,exchangeInfo.quotePrecision/baseSizePrecision/quoteAmountPrecision,1,False,0.22217520101565807,0.5550381033022862,0.6850127011007621,39.79584266043359
mexc,LINGOUSDC,LINGO-USDC,LINGO,USDC,True,1,True,0.00781,59502.869859,7491761.39,0.007807,3910.3,0.007897,772.91,114.62047885888921,6.103670269999999,1e-06,0.0,0.0,1.0,0.0,0.0,exchangeInfo.quotePrecision/baseSizePrecision/quoteAmountPrecision,1,False,0.509098603470165,0.10711261642675696,0.45427603725656224,39.76375934665924
mexc,ZBTUSDC,ZBT-USDC,ZBT,USDC,True,1,True,0.06655,55278.90982,820950.26,0.06628,100.0,0.06656,100.0,42.15597711532499,6.628,1e-05,0.0,0.0,1.0,0.0,0.0,exchangeInfo.quotePrecision/baseSizePrecision/quoteAmountPrecision,1,False,0.3478628861616589,0.447502116850127,0.4712108382726503,39.74422842559742
mexc,SPKUSDC,SPK-USDC,SPK,USDC,True,1,True,0.02047,54084.51854,2622185.31,0.02043,2491.2,0.02054,15610.79,53.69782767878886,50.895216,1e-05,0.0,0.0,1.0,0.0,0.0,exchangeInfo.quotePrecision/baseSizePrecision/quoteAmountPrecision,1,False,0.2920016927634363,0.3200677392040644,0.7832345469940728,39.726477521972065
mexc,FUSEUSDT,FUSE-USDT,FUSE,USDT,False,1,True,0.003408,55768.379628,16018181.14,0.0034,1085.47,0.003412,797.45,35.23194362889105,2.7208994000000004,1e-06,0.01,0.01,1.0,0.0,0.0005,exchangeInfo.quotePrecision/baseSizePrecision/quoteAmountPrecision,1,False,0.37156157426999575,0.541913632514818,0.28619813717188824,39.70769014115799
mexc,GATAUSDT,GATA-USDT,GATA,USDT,True,1,True,0.001729,57170.296148,32910677.91,0.001725,3019.97,0.001735,2889.74,57.80346820809264,5.0136989,1e-06,0.0,0.0,1.0,0.0,0.0005,exchangeInfo.quotePrecision/baseSizePrecision/quoteAmountPrecision,1,False,0.445196783749471,0.28958509737510585,0.39796782387806945,39.684807018159944
mexc,WHITEUSDT,WHITE-USDT,WHITE,USDT,True,1,True,7.866e-05,54404.20972233,691220592.66,7.843e-05,1912777.35,7.872e-05,98457.56,36.907413299395344,7.7505791232000005,1e-08,0.0,0.0,1.0,0.0,0.0005,exchangeInfo.quotePrecision/baseSizePrecision/quoteAmountPrecision,1,False,0.3051206093948371,0.5177815410668924,0.49745977984758677,39.67536764034009
mexc,GSTUSDT,GST-USDT,GST,USDT,True,1,True,0.001657,60782.836905,32994766.47,0.00165,147163.9,0.001663,1791.76,78.47872019317833,2.97969688,1e-06,0.1,0.1,1.0,0.0,0.0005,exchangeInfo.quotePrecision/baseSizePrecision/quoteAmountPrecision,1,False,0.5306813372831147,0.17485182049110926,0.3056731583403895,39.67223222965684
mexc,AVAAIUSDT,AVAAI-USDT,AVAAI,USDT,True,1,True,0.006503,57281.375661,8690508.95,0.006479,3642.4,0.006533,1533.6,83.00030740854497,10.019008799999998,1e-06,0.0,0.0,1.0,0.0,0.0005,exchangeInfo.quotePrecision/baseSizePrecision/quoteAmountPrecision,1,False,0.4473127380448582,0.16469093988145644,0.5457239627434378,39.63395334437237
mexc,TARAUSDT,TARA-USDT,TARA,USDT,False,1,True,3.84e-05,59116.65095381,1435532758.03,3.806e-05,170496.01,3.851e-05,171212.64,117.53950633407447,6.4890781406,1e-08,0.001,0.001,1.0,0.0,0.0005,exchangeInfo.quotePrecision/baseSizePrecision/quoteAmountPrecision,1,False,0.5027507405840034,0.10414902624894162,0.4640135478408129,39.535287345159986
mexc,ERAUSDC,ERA-USDC,ERA,USDC,True,1,True,0.124,52013.3902,417239.3,0.1234,2099.71,0.124,607.04,48.50444624090568,75.27296,0.0001,0.0,0.0,1.0,0.0,0.0,exchangeInfo.quotePrecision/baseSizePrecision/quoteAmountPrecision,1,False,0.24925941599661447,0.3725656223539373,0.8247248094834886,39.517904628332005
mexc,QUICKUSDT,QUICK-USDT,QUICK,USDT,True,1,True,0.00924,65533.276784,6978699.65,0.009208,543.0,0.009322,229.94,123.04371289800461,2.1435006800000003,1e-06,0.0001,0.0001,1.0,0.0,0.0005,exchangeInfo.quotePrecision/baseSizePrecision/quoteAmountPrecision,1,False,0.5823106220905628,0.09779847586790857,0.2510584250635055,39.49321461294879
mexc,AERGOUSDT,AERGO-USDT,AERGO,USDT,True,1,True,0.05288,57554.76176,1086215.7,0.05264,380.19,0.05299,103.79,66.26905235255194,5.499832100000001,1e-05,0.001,0.001,1.0,0.0,0.0005,exchangeInfo.quotePrecision/baseSizePrecision/quoteAmountPrecision,1,False,0.45831570038087177,0.22523285351397127,0.43056731583403896,39.449531175478015
mexc,MAGATRUMPUSDT,MAGATRUMP-USDT,MAGATRUMP,USDT,True,1,True,0.0349,55906.1345,1576924.46,0.03486,29.02,0.03493,100.29,20.060180541625048,1.0116372,1e-05,0.0,0.0,1.0,0.0,0.0005,exchangeInfo.quotePrecision/baseSizePrecision/quoteAmountPrecision,1,False,0.38044858231062206,0.7061812023708721,0.04318374259102455,39.44287693817651
mexc,DSYNCUSDC,DSYNC-USDC,DSYNC,USDC,True,1,True,0.0171,54883.59598,3202210.44,0.01702,2036.74,0.01712,1767.55,58.58230814294047,30.260455999999998,1e-05,0.0,0.0,1.0,0.0,0.0,exchangeInfo.quotePrecision/baseSizePrecision/quoteAmountPrecision,1,False,0.327972915785019,0.28238780694326837,0.7163420829805249,39.42504720136826
mexc,ADXUSDT,ADX-USDT,ADX,USDT,True,1,True,0.0639,5861.6941,92446.8,0.0637,25744.54,0.0639,7995.2,31.347962382443864,510.89328,0.0001,0.0,0.0,1.0,0.0,0.0005,exchangeInfo.quotePrecision/baseSizePrecision/quoteAmountPrecision,1,False,0.09775708844688955,0.5880609652836579,0.9657070279424217,39.392304555518805
mexc,BLUEUSDT,BLUE-USDT,BLUE,USDT,True,1,True,0.01666,54121.85965,3185671.84,0.01664,198.91,0.01668,256.21,24.009603841537718,3.3098623999999996,1e-05,0.0,0.0,1.0,0.0,0.0005,exchangeInfo.quotePrecision/baseSizePrecision/quoteAmountPrecision,1,False,0.2936944561997461,0.663844199830652,0.3281117696867062,39.31153548048646
mexc,VFYUSDT,VFY-USDT,VFY,USDT,True,1,True,0.008357,57743.806762,7012065.66,0.008326,121.66,0.008357,4342.57,37.16357969190167,1.01294116,1e-06,0.0,0.0,1.0,0.0,0.0005,exchangeInfo.quotePrecision/baseSizePrecision/quoteAmountPrecision,1,False,0.46466356326703345,0.5148179508890771,0.04360711261642676,39.2990870042423
mexc,CARFIUSDT,CARFI-USDT,CARFI,USDT,True,1,True,0.4341,59371.6589,131248.31,0.4367,22.89,0.4556,60.41,423.62434158915227,9.996063,0.0001,0.0,0.0,1.0,0.0,0.0005,exchangeInfo.quotePrecision/baseSizePrecision/quoteAmountPrecision,1,False,0.5078290308929327,0.02116850127011005,0.541913632514818,39.298081881160414
mexc,IMUUSDT,IMU-USDT,IMU,USDT,True,1,True,0.002732,54778.106368,20161778.8,0.00272,11735.29,0.002736,320309.75,58.651026392961704,31.919988800000006,1e-06,0.0,0.0,1.0,0.0,0.0005,exchangeInfo.quotePrecision/baseSizePrecision/quoteAmountPrecision,1,False,0.3224714346170123,0.2811176968670618,0.7239627434377646,39.24312619436752
mexc,MIUUSDT,MIU-USDT,MIU,USDT,True,1,True,3.1e-09,52912.36062717937,17199739525267.67,3.08e-09,488649937180.53,3.1e-09,108940641027.83,64.72491909385091,337.715987186273,1e-11,0.0,0.0,1.0,0.0,0.0005,exchangeInfo.quotePrecision/baseSizePrecision/quoteAmountPrecision,1,False,0.260262378332628,0.23454699407281965,0.947502116850127,39.128147997117566
mexc,PHYUSDT,PHY-USDT,PHY,USDT,True,1,True,0.0006509,64050.4219362,96511729.39,0.0006461,11811.08,0.0006534,3381.36,112.35090419392095,2.2093806240000005,1e-07,0.0,0.0,1.0,0.0,0.0005,exchangeInfo.quotePrecision/baseSizePrecision/quoteAmountPrecision,1,False,0.5670757511637748,0.10965283657917024,0.25825571549534293,39.09560153839374
mexc,BLEND1USDT,BLEND1-USDT,BLEND1,USDT,True,1,True,6.666e-05,56285.25096793,844670900.19,6.645e-05,153162.59,6.676e-05,57879.65,46.54305232339946,3.8640454340000003,1e-08,0.0,0.0,1.0,0.0,0.0005,exchangeInfo.quotePrecision/baseSizePrecision/quoteAmountPrecision,1,False,0.4007617435463394,0.39373412362404747,0.3577476714648603,39.04020241494706
mexc,FLOCKUSDT,FLOCK-USDT,FLOCK,USDT,True,1,True,0.05154,34770.55151,658915.39,0.05149,200.0,0.05161,200.0,23.278370514064413,10.298,1e-05,0.0,0.0,1.0,0.0,0.0005,exchangeInfo.quotePrecision/baseSizePrecision/quoteAmountPrecision,1,False,0.2014388489208633,0.6735817104149027,0.5550381033022862,39.01944151706578
mexc,STXONUSDT,STXON-USDT,STXON,USDT,True,1,True,381.37,43807.65,114.985,379.95,0.697,381.95,0.729,52.50032812705079,264.82514999999995,0.01,0.0,0.0,1.0,0.0,0.0005,exchangeInfo.quotePrecision/baseSizePrecision/quoteAmountPrecision,1,False,0.22090562843842573,0.33065198983911936,0.9301439458086368,39.01898822626414
mexc,MIGGLESUSDT,MIGGLES-USDT,MIGGLES,USDT,True,1,True,0.003199,57572.574378,17804252.44,0.00319,1141.25,0.003209,1083.64,59.384278793561236,3.4774007600000005,1e-06,0.0,0.0,1.0,0.0,0.0005,exchangeInfo.quotePrecision/baseSizePrecision/quoteAmountPrecision,1,False,0.46212441811256877,0.27349703640982215,0.3374259102455546,39.00278711134793
mexc,GUAUSDT,GUA-USDT,GUA,USDT,True,1,True,0.30898,20226.11093,64740.32,0.30887,29.44,0.30916,19.05,9.38465770270092,5.889498,1e-05,0.0,0.0,1.0,0.0,0.0005,exchangeInfo.quotePrecision/baseSizePrecision/quoteAmountPrecision,1,False,0.1599661447312738,0.8513971210838273,0.4449618966977138,38.98230392127001
mexc,XOMONUSDT,XOMON-USDT,XOMON,USDT,True,1,True,171.01,59759.21,353.26,170.78,0.02,172.24,0.5,85.12623170660649,3.4156,0.01,0.0,0.0,1.0,0.0,0.0005,exchangeInfo.quotePrecision/baseSizePrecision/quoteAmountPrecision,1,False,0.5150232754972492,0.15791701947502113,0.334038950042337,38.95498464007098
mexc,HAIUSDT,HAI-USDT,HAI,USDT,True,1,True,0.003802,37596.016836,9914296.68,0.003798,25222.0,0.003803,1213.45,13.156163662675427,4.6147503500000004,1e-06,0.0001,0.0001,1.0,0.0,0.0005,exchangeInfo.quotePrecision/baseSizePrecision/quoteAmountPrecision,1,False,0.20694033008887008,0.7980524978831499,0.3810330228619814,38.95369105920623
mexc,PEPONUSDT,PEPON-USDT,PEPON,USDT,True,1,True,155.48,55332.65,356.77,155.3,0.193,156.35,0.702,67.38328252847637,29.972900000000003,0.01,0.0,0.0,1.0,0.0,0.0005,exchangeInfo.quotePrecision/baseSizePrecision/quoteAmountPrecision,1,False,0.34997884045704614,0.2180355630821338,0.7125317527519052,38.95036035722899
mexc,XFIUSDT,XFI-USDT,XFI,USDT,True,1,True,0.03945,29942.31929,758095.33,0.03937,2021.78,0.03949,589.09,30.4336799391314,23.2631641,1e-05,0.0001,0.0001,1.0,0.0,0.0005,exchangeInfo.quotePrecision/baseSizePrecision/quoteAmountPrecision,1,False,0.18874312314854,0.5977984758679086,0.68077900084674,38.94141368680222
mexc,ZBCNUSDC,ZBCN-USDC,ZBCN,USDC,True,1,True,0.002226,55038.024919,24393872.02,0.00222,7128.56,0.002232,129439.25,53.90835579514761,15.825403200000002,1e-06,0.0,0.0,1.0,0.0,0.0,exchangeInfo.quotePrecision/baseSizePrecision/quoteAmountPrecision,1,False,0.33728311468472283,0.3166807790008468,0.6236240474174428,38.94007173102978
mexc,USUALUSDC,USUAL-USDC,USUAL,USDC,True,1,True,0.01203,55700.63045,4504872.2,0.01199,6359.42,0.01205,599.68,49.91680532445864,7.226144,1e-05,0.0,0.0,1.0,0.0,0.0,exchangeInfo.quotePrecision/baseSizePrecision/quoteAmountPrecision,1,False,0.3685992382564537,0.3569009314140559,0.48687552921253174,38.93299197370699
mexc,COOKIEUSDC,COOKIE-USDC,COOKIE,USDC,True,1,True,0.01526,55936.72736,3594481.52,0.0152,31930.13,0.01531,1261.1,72.10750573582479,19.307441,1e-05,0.0,0.0,1.0,0.0,0.0,exchangeInfo.quotePrecision/baseSizePrecision/quoteAmountPrecision,1,False,0.3825645366060093,0.1939034716342083,0.6515664690939882,38.91996568606548
mexc,DISTORTEDUSDT,DISTORTED-USDT,DISTORTED,USDT,True,1,True,0.0002485,60814.7155384,225473234.19,0.0002479,4649.51,0.0002492,26882.09,52.303359485012166,1.1526135290000001,1e-07,0.0,0.0,1.0,0.0,0.0005,exchangeInfo.quotePrecision/baseSizePrecision/quoteAmountPrecision,1,False,0.5315277190012696,0.3327688399661304,0.06773920406435224,38.90802962551014
mexc,WALUSDC,WAL-USDC,WAL,USDC,True,1,True,0.07031,54679.85495,764945.82,0.07015,119.7,0.07045,1632.18,42.67425320056824,8.396955,1e-05,0.0,0.0,1.0,0.0,0.0,exchangeInfo.quotePrecision/baseSizePrecision/quoteAmountPrecision,1,False,0.3186627168853153,0.44072819644369177,0.5165114309906859,38.87488295959835
mexc,BROCCOLIF3BUSDT,BROCCOLIF3B-USDT,BROCCOLIF3B,USDT,True,1,True,0.003121,54432.855082,17085324.55,0.003118,18851.97,0.003137,15000.0,60.751398880895024,47.055,1e-06,0.0,0.0,1.0,0.0,0.0005,exchangeInfo.quotePrecision/baseSizePrecision/quoteAmountPrecision,1,False,0.30596699111299197,0.2624894157493649,0.7739204064352244,38.868828033653166
mexc,YBUSDC,YB-USDC,YB,USDC,True,1,True,0.1104,52971.1941,449707.39,0.1103,27.2,0.1105,27.15,18.115942028986026,3.000075,0.0001,0.0,0.0,1.0,0.0,0.0,exchangeInfo.quotePrecision/baseSizePrecision/quoteAmountPrecision,1,False,0.26110876005078293,0.731160033869602,0.3107535986452159,38.855054622437436
mexc,BIOFIUSDT,BIOFI-USDT,BIOFI,USDT,True,1,True,8.08e-05,51900.4957852,639464488.0,8.08e-05,25860.0,8.09e-05,406729.71,12.368583797155527,2.089488,1e-07,0.0001,0.0001,1.0,0.0,0.0005,exchangeInfo.quotePrecision/baseSizePrecision/quoteAmountPrecision,1,False,0.2484130342784596,0.8082133784928027,0.2489415749364945,38.84688284636524
mexc,AKEUSDT,AKE-USDT,AKE,USDT,True,1,True,0.0002021,53211.3856548,261542066.59,0.000202,16305.63,0.0002024,303609.0,19.782393669633166,3.29373726,1e-07,0.0,0.0,1.0,0.0,0.0005,exchangeInfo.quotePrecision/baseSizePrecision/quoteAmountPrecision,1,False,0.264071096064325,0.7108382726502964,0.3268416596104996,38.83170029200528
mexc,CLOREUSDT,CLORE-USDT,CLORE,USDT,True,1,True,0.002455,58746.002013,23968193.12,0.002444,17428.56,0.002466,2000.12,89.61303462321746,4.93229592,1e-06,0.0,0.0,1.0,0.0,0.0005,exchangeInfo.quotePrecision/baseSizePrecision/quoteAmountPrecision,1,False,0.49471011426153194,0.1490262489415749,0.3916172734970364,38.76705797786436
mexc,ATUSDC,AT-USDC,AT,USDC,True,1,True,0.14129,54887.10446,387339.1,0.14095,3369.54,0.14147,32.57,36.824587493805005,4.6076779000000005,1e-05,0.0,0.0,1.0,0.0,0.0,exchangeInfo.quotePrecision/baseSizePrecision/quoteAmountPrecision,1,False,0.32966567922132883,0.5194750211685013,0.38060965283657916,38.7306809431172
mexc,KARRATUSDT,KARRAT-USDT,KARRAT,USDT,True,1,True,0.0042,55584.5005,12543961.58,0.0042,37490.97,0.0043,30827.31,235.2941176470594,132.557433,0.0001,0.0,0.0,1.0,0.0,0.0005,exchangeInfo.quotePrecision/baseSizePrecision/quoteAmountPrecision,1,False,0.3635209479475243,0.03810330228619818,0.8882303132938189,38.71084096014518
mexc,CWEBUSDT,CWEB-USDT,CWEB,USDT,True,1,True,0.001173,48534.597022,41376267.83,0.001172,5400.19,0.001174,3217.84,17.05029838022022,3.7777441599999997,1e-06,0.0001,0.0001,1.0,0.0,0.0005,exchangeInfo.quotePrecision/baseSizePrecision/quoteAmountPrecision,1,False,0.23529411764705882,0.7464013547840813,0.3543607112616427,38.68842456542312
mexc,BDPUSDT,BDP-USDT,BDP,USDT,True,1,True,0.01613,56050.69079,3375019.23,0.01608,208.92,0.01615,238.16,43.4377908780643,3.3594336,1e-05,0.001,0.001,1.0,0.0,0.0005,exchangeInfo.quotePrecision/baseSizePrecision/quoteAmountPrecision,1,False,0.38933559035124843,0.4263336155800169,0.329805249788315,38.667902854585385
mexc,VELOUSDT,VELO-USDT,VELO,USDT,True,1,True,0.003693,39338.492451,10935245.35,0.003673,2000.0,0.003681,2000.0,21.756867011149748,7.346,1e-06,0.0001,0.0001,1.0,0.0,0.0005,exchangeInfo.quotePrecision/baseSizePrecision/quoteAmountPrecision,1,False,0.21159542953872196,0.6879762912785774,0.489415749364945,38.625470893893045
mexc,BAKEUSDT,BAKE-USDT,BAKE,USDT,True,1,True,0.000745,56741.0607004,74828190.2,0.0007398,131494.96,0.0007489,24574.52,122.25431584604097,18.403858028000002,1e-07,0.001,0.001,1.0,0.0,0.0005,exchangeInfo.quotePrecision/baseSizePrecision/quoteAmountPrecision,1,False,0.42361404993652135,0.098645215918713,0.642675698560542,38.61841711568734
mexc,WENUSDT,WEN-USDT,WEN,USDT,True,1,True,4.909e-06,56584.472499638,11486822308.01,4.862e-06,4193917.18,4.925e-06,9571919.41,128.74220905282533,20.390825329160002,1e-09,0.0,0.0,1.0,0.0,0.0005,exchangeInfo.quotePrecision/baseSizePrecision/quoteAmountPrecision,1,False,0.4168429961912823,0.09271803556308211,0.663844199830652,38.52119967621063
mexc,BSTUSDT,BST-USDT,BST,USDT,True,1,True,0.01793,40457.96658,2255907.69,0.01791,397.3,0.01795,5821.09,22.308979364195114,7.1156429999999995,1e-05,0.001,0.001,1.0,0.0,0.0005,exchangeInfo.quotePrecision/baseSizePrecision/quoteAmountPrecision,1,False,0.21371138383410918,0.682895850973751,0.48348856900931414,38.496293765406065
mexc,SNEKUSDT,SNEK-USDT,SNEK,USDT,True,1,True,0.0004319,56840.3213234,130060835.7,0.0004318,49067.29,0.000434,7086.49,50.82005082005081,3.0755366599999996,1e-07,0.0,0.0,1.0,0.0,0.0005,exchangeInfo.quotePrecision/baseSizePrecision/quoteAmountPrecision,1,False,0.4269995768091409,0.34801016088060965,0.31541066892464015,38.4934441250108
mexc,METAXUSDT,METAX-USDT,METAX,USDT,True,1,True,523.42,58226.54,108.509,520.68,0.003,523.49,0.003,53.82265339935181,1.5620399999999999,0.01,0.0,0.0,1.0,0.0,0.0005,exchangeInfo.quotePrecision/baseSizePrecision/quoteAmountPrecision,1,False,0.4790520524756665,0.3187976291278577,0.20745131244707873,38.46682986329967
mexc,SPGIONUSDT,SPGION-USDT,SPGION,USDT,True,1,True,409.31,57542.8,140.429,406.93,0.013,409.82,0.013,70.7682889501068,5.29009,0.01,0.0,0.0,1.0,0.0,0.0005,exchangeInfo.quotePrecision/baseSizePrecision/quoteAmountPrecision,1,False,0.4574693186627169,0.20025402201524134,0.41490262489415747,38.46521557471362
mexc,RBNTUSDC,RBNT-USDC,RBNT,USDC,True,1,True,0.003844,55118.792575,14237943.0,0.003837,215124.07,0.003853,1391.2,41.61248374512341,5.3602936,1e-06,0.0,0.0,1.0,0.0,0.0,exchangeInfo.quotePrecision/baseSizePrecision/quoteAmountPrecision,1,False,0.3402454506982649,0.45385266723116,0.41998306519898393,38.45947777316325
mexc,COPPERINUUSDT,COPPERINU-USDT,COPPERINU,USDT,True,1,True,0.006852,61385.218938,9060812.2,0.006829,673.51,0.006964,21536.25,195.7514681360106,4.59939979,1e-06,0.0,0.0,1.0,0.0,0.0005,exchangeInfo.quotePrecision/baseSizePrecision/quoteAmountPrecision,1,False,0.5382987727465087,0.04953429297205758,0.38018628281117695,38.44851548158296
mexc,URANUSUSDT,URANUS-USDT,URANUS,USDT,True,1,True,0.008861,59073.139859,6594786.98,0.008806,36214.06,0.00888,394.54,83.68200836820213,3.5035152000000003,1e-06,0.0,0.0,1.0,0.0,0.0005,exchangeInfo.quotePrecision/baseSizePrecision/quoteAmountPrecision,1,False,0.501481168006771,0.161727349703641,0.33954276037256564,38.41550319041474
mexc,BCCOINUSDT,BCCOIN-USDT,BCCOIN,USDT,True,1,True,0.04204,56849.4564,1332024.02,0.04195,69.34,0.04215,55.8,47.56242568370958,2.3519699999999997,1e-05,0.0,0.0,1.0,0.0,0.0005,exchangeInfo.quotePrecision/baseSizePrecision/quoteAmountPrecision,1,False,0.42742276766821835,0.38357324301439455,0.26587637595258257,38.415110816163526
mexc,HVLOUSDT,HVLO-USDT,HVLO,USDT,True,1,True,8.464e-05,21670.19164039,255978575.3,8.463e-05,1132745.4,8.465e-05,25841.44,2.3629489603028353,2.187477896,1e-08,0.0,0.0,1.0,0.0,0.0005,exchangeInfo.quotePrecision/baseSizePrecision/quoteAmountPrecision,1,False,0.16335167160389336,0.9720575783234547,0.2557154953429297,38.4000913031591
mexc,SAIUSDT,SAI-USDT,SAI,USDT,True,1,True,0.00096,64314.958755,66367946.62,0.000955,1037.84,0.000961,2814.36,62.630480167015,0.9911371999999999,1e-06,0.0,0.0,1.0,0.0,0.0005,exchangeInfo.quotePrecision/baseSizePrecision/quoteAmountPrecision,1,False,0.5687685146000846,0.2489415749364945,0.04064352243861134,38.31867812518925
mexc,SOGNIUSDT,SOGNI-USDT,SOGNI,USDT,False,1,True,0.001348,47108.933879,34742444.25,0.001347,37974.93,0.001349,2268.6,14.83679525222427,3.0603413999999995,1e-06,0.0,0.0,1.0,0.0,0.0005,exchangeInfo.quotePrecision/baseSizePrecision/quoteAmountPrecision,1,False,0.23063901819720695,0.7734970364098221,0.3145639288738357,38.313850488568654
mexc,CHIRPUSDT,CHIRP-USDT,CHIRP,USDT,True,1,True,0.00734,3650.1864,489818.54,0.00733,3860.56,0.00734,5158.18,13.633265167008126,28.297904799999998,1e-05,0.0,0.0,1.0,0.0,0.0005,exchangeInfo.quotePrecision/baseSizePrecision/quoteAmountPrecision,1,False,0.07913669064748201,0.7917019475021169,0.70575783234547,38.260223320073834
mexc,GRIFFAINUSDC,GRIFFAIN-USDC,GRIFFAIN,USDC,True,1,True,0.010579,56262.947183,5198122.98,0.010562,11492.0,0.010619,498.03,53.82182144374653,5.28858057,1e-06,0.0,0.0,1.0,0.0,0.0,exchangeInfo.quotePrecision/baseSizePrecision/quoteAmountPrecision,1,False,0.39949217096910705,0.31922099915325997,0.4144792548687553,38.2421794795075
mexc,NAPUSDT,NAP-USDT,NAP,USDT,True,1,True,0.3403,56293.5271,165069.01,0.3382,43.69,0.3411,69.0,85.38201089356731,14.775958,0.0001,0.0,0.0,1.0,0.0,0.0005,exchangeInfo.quotePrecision/baseSizePrecision/quoteAmountPrecision,1,False,0.4016081252644943,0.1570702794242168,0.6109229466553768,38.23366280826015
mexc,STARHEROESUSDT,STARHEROES-USDT,STARHEROES,USDT,True,1,True,0.001473,54343.304951,36631193.54,0.001471,2333.14,0.001473,828.25,13.586956521737987,1.22001225,1e-06,0.001,0.001,1.0,0.0,0.0005,exchangeInfo.quotePrecision/baseSizePrecision/quoteAmountPrecision,1,False,0.3034278459585273,0.7925486875529213,0.0855207451312447,38.21266361916693
mexc,SEIUSDC,SEI-USDC,SEI,USDC,True,1,True,0.05425,53725.49639,964165.33,0.05414,122.58,0.05433,119.47,35.032727943210595,6.4908051,1e-05,0.0,0.0,1.0,0.0,0.0,exchangeInfo.quotePrecision/baseSizePrecision/quoteAmountPrecision,1,False,0.2771900126957258,0.5448772226926333,0.46443691786621505,38.15611962290505
mexc,ZNDUSDT,ZND-USDT,ZND,USDT,True,1,True,0.002798,50510.487414,17926658.21,0.002798,4225.0,0.002808,4201.72,35.67606136282564,11.798429760000001,1e-06,0.0,0.0,1.0,0.0,0.0005,exchangeInfo.quotePrecision/baseSizePrecision/quoteAmountPrecision,1,False,0.24037240795598816,0.5364098221845893,0.5757832345469941,38.14639268313396
mexc,ABXUSDT,ABX-USDT,ABX,USDT,True,1,True,0.01308,42059.742428,3218202.08,0.013052,2351.49,0.013105,2408.82,40.5245249837527,30.691647479999997,1e-06,0.0,0.0,1.0,0.0,0.0005,exchangeInfo.quotePrecision/baseSizePrecision/quoteAmountPrecision,1,False,0.2179432924248836,0.47078746824724804,0.7193056731583404,38.142681252716606
mexc,SRCUSDT,SRC-USDT,SRC,USDT,False,1,True,0.001854,23362.764934,12613082.48,0.00185,96619.15,0.001858,206529.75,43.149946062567295,178.7454275,1e-06,0.0,0.0,1.0,0.0,0.0005,exchangeInfo.quotePrecision/baseSizePrecision/quoteAmountPrecision,1,False,0.16800677105374523,0.4309906858594411,0.9051651143099069,38.11844184064015
mexc,AXSUSDC,AXS-USDC,AXS,USDC,True,1,True,1.1251,56892.7157,51138.5,1.126,1.11,1.1303,1.2,38.115498825512496,1.24986,0.0001,0.0,0.0,1.0,0.0,0.0,exchangeInfo.quotePrecision/baseSizePrecision/quoteAmountPrecision,1,False,0.42996191282268303,0.5025402201524132,0.09441151566469094,38.09964102235172
mexc,ANONUSDT,ANON-USDT,ANON,USDT,True,1,True,0.8413,59191.5763,68331.14,0.8386,2.39,0.8443,55.25,67.74021035117997,2.004254,0.0001,0.0,0.0,1.0,0.0,0.0005,exchangeInfo.quotePrecision/baseSizePrecision/quoteAmountPrecision,1,False,0.5044435040203131,0.21634208298052493,0.24428450465707027,38.03863488877175
mexc,GUNUSDC,GUN-USDC,GUN,USDC,True,1,True,0.01695,54573.27718,3103963.38,0.01692,8951.68,0.01699,378.24,41.28575641403752,6.426297600000001,1e-05,0.0,0.0,1.0,0.0,0.0,exchangeInfo.quotePrecision/baseSizePrecision/quoteAmountPrecision,1,False,0.31443080829454084,0.45935647756138864,0.4623200677392041,38.024007750018555
mexc,PARTIUSDC,PARTI-USDC,PARTI,USDC,True,1,True,0.09945,56798.82719,565431.07,0.09944,12.71,0.09982,13.28,38.1411221519628,1.2638824000000002,1e-05,0.0,0.0,1.0,0.0,0.0,exchangeInfo.quotePrecision/baseSizePrecision/quoteAmountPrecision,1,False,0.4257300042319086,0.502116850127011,0.10245554614733277,38.01718240887691
mexc,VADERUSDT,VADER-USDT,VADER,USDT,True,1,True,0.001357,52697.207341,38099144.23,0.001357,2500.54,0.00136,2773.53,22.083179977918157,3.39323278,1e-06,0.0,0.0,1.0,0.0,0.0005,exchangeInfo.quotePrecision/baseSizePrecision/quoteAmountPrecision,1,False,0.25772323317816337,0.6854360711261642,0.3331922099915326,37.97452380278375
mexc,BGSCUSDT,BGSC-USDT,BGSC,USDT,True,1,True,0.0007196,55971.6560777,78841153.17,0.0007181,27808.9,0.0007211,3404.65,41.689827682045085,2.455093115,1e-07,0.0,0.0,1.0,0.0,0.0005,exchangeInfo.quotePrecision/baseSizePrecision/quoteAmountPrecision,1,False,0.385103681760474,0.4521591871295513,0.27307366638442,37.94615550275325
mexc,MAGICUSDC,MAGIC-USDC,MAGIC,USDC,True,1,True,0.0569,56303.22212,971812.91,0.05682,24.8,0.05704,24.03,38.64394870894045,1.3706712,1e-05,0.0,0.0,1.0,0.0,0.0,exchangeInfo.quotePrecision/baseSizePrecision/quoteAmountPrecision,1,False,0.4024545069826492,0.4974597798475868,0.1663844199830652,37.89918077989668
mexc,ACHUSDC,ACH-USDC,ACH,USDC,True,1,True,0.006287,56397.356553,8822711.12,0.006285,16633.83,0.006308,204.63,36.52822996903113,1.29080604,1e-06,0.0,0.0,1.0,0.0,0.0,exchangeInfo.quotePrecision/baseSizePrecision/quoteAmountPrecision,1,False,0.4092255607278883,0.5232853513971211,0.11515664690939881,37.89267256314986
mexc,UFDUSDT,UFD-USDT,UFD,USDT,True,1,True,0.008476,57567.739995,6526032.85,0.008463,932.2,0.008567,1097.87,122.13740458015258,7.889208600000001,1e-06,0.0,0.0,1.0,0.0,0.0005,exchangeInfo.quotePrecision/baseSizePrecision/quoteAmountPrecision,1,False,0.46085484553533645,0.09949195596951732,0.502116850127011,37.87665240622166
mexc,MGTUSDT,MGT-USDT,MGT,USDT,True,1,True,0.0001112,10132.33653506,90521758.83,0.00011101,127859.95,0.00011119,300596.22,16.201620162016354,14.193733049499999,1e-08,0.0,0.0,1.0,0.0,0.0005,exchangeInfo.quotePrecision/baseSizePrecision/quoteAmountPrecision,1,False,0.12484130342784595,0.7552921253175275,0.6062658763759525,37.87389234898877
mexc,DRNUSDT,DRN-USDT,DRN,USDT,True,1,True,0.1362,57288.1949,397616.79,0.1356,703.71,0.1365,32.53,66.15214994487408,4.440345000000001,0.0001,0.0,0.0,1.0,0.0,0.0005,exchangeInfo.quotePrecision/baseSizePrecision/quoteAmountPrecision,1,False,0.449005501481168,0.22607959356477558,0.37595258255715497,37.86634407172673
mexc,DBRUSDT,DBR-USDT,DBR,USDT,True,1,True,0.01662,54933.0691,3287274.4,0.01658,480.0,0.01666,5863.2,48.134777376654746,7.9584,1e-05,0.0,0.0,1.0,0.0,0.0005,exchangeInfo.quotePrecision/baseSizePrecision/quoteAmountPrecision,1,False,0.33220482437579346,0.37552921253175275,0.504233700254022,37.7441696590429
mexc,SHIROUSDT,SHIRO-USDT,SHIRO,USDT,True,1,True,7.87e-10,56078.2888355249,68842391532299.0,7.84e-10,16205629886.0,7.88e-10,5712043132.0,50.8905852417301,4.501089988016,1e-13,0.0,0.0,1.0,0.0,0.0005,exchangeInfo.quotePrecision/baseSizePrecision/quoteAmountPrecision,1,False,0.3910283537875582,0.3471634208298052,0.37764606265876377,37.73856623223611
mexc,SIGMAUSDT,SIGMA-USDT,SIGMA,USDT,True,1,True,0.07642,57889.21423,752871.37,0.0756,134.32,0.07749,290.86,246.91358024691394,10.154592,1e-05,0.0,0.0,1.0,0.0,0.0005,exchangeInfo.quotePrecision/baseSizePrecision/quoteAmountPrecision,1,False,0.4693186627168853,0.035563082133784896,0.550381033022862,37.70922416323056
mexc,ALLOUSDC,ALLO-USDC,ALLO,USDC,True,1,True,0.10619,57381.98466,519017.24,0.10605,725.89,0.10652,12.21,44.22072728983376,1.3006092000000002,1e-05,0.0,0.0,1.0,0.0,0.0,exchangeInfo.quotePrecision/baseSizePrecision/quoteAmountPrecision,1,False,0.4519678374947101,0.4187129551227773,0.11854360711261643,37.69692708253082
mexc,RVFUSDT,RVF-USDT,RVF,USDT,True,1,True,0.02274,11147.93573,488621.09,0.02268,2580.16,0.02274,1500.6,26.420079260238232,34.123644,1e-05,0.0,0.0,1.0,0.0,0.0005,exchangeInfo.quotePrecision/baseSizePrecision/quoteAmountPrecision,1,False,0.12865002115954297,0.6371718882303132,0.7345469940728196,37.69598825098909
mexc,LLUSDT,LL-USDT,LL,USDT,True,1,True,0.003292,46122.046197,13976692.48,0.003292,15287.57,0.003303,3078.76,33.35860500379123,10.169144280000001,1e-06,0.0,0.0,1.0,0.0,0.0005,exchangeInfo.quotePrecision/baseSizePrecision/quoteAmountPrecision,1,False,0.22767668218366482,0.5630821337849281,0.5520745131244708,37.64076112721418
mexc,VONUSDT,VON-USDT,VON,USDT,True,1,True,298.2,55046.34,182.453,297.75,0.005,298.63,0.018,29.511385358328432,1.48875,0.01,0.0,0.0,1.0,0.0,0.0005,exchangeInfo.quotePrecision/baseSizePrecision/quoteAmountPrecision,1,False,0.33770630554380027,0.604995766299746,0.1968670618120237,37.63608219864314
mexc,GMEONUSDT,GMEON-USDT,GMEON,USDT,True,1,True,22.73,54315.75,2386.39,22.68,0.18,22.76,4.64,35.21126760563462,4.0824,0.01,0.0,0.0,1.0,0.0,0.0005,exchangeInfo.quotePrecision/baseSizePrecision/quoteAmountPrecision,1,False,0.30300465509944985,0.5423370025402201,0.3679085520745131,37.58185213546551
mexc,TRVLUSDT,TRVL-USDT,TRVL,USDT,True,1,True,0.000962,54528.532082,56436614.96,0.0009611,1611.17,0.0009635,3919.29,24.940247324118776,1.548495487,1e-07,0.001,0.001,1.0,0.0,0.0005,exchangeInfo.quotePrecision/baseSizePrecision/quoteAmountPrecision,1,False,0.3114684722809987,0.6524132091447925,0.20660457239627433,37.57318765200023
mexc,GFIUSDT,GFI-USDT,GFI,USDT,True,1,True,0.1196,55773.2879,458082.36,0.1191,23.6,0.1196,24.98,41.89359028068709,2.81076,0.0001,0.1,0.1,1.0,0.0,0.0005,exchangeInfo.quotePrecision/baseSizePrecision/quoteAmountPrecision,1,False,0.3719847651290732,0.4504657070279424,0.29254868755292124,37.57177850885601
mexc,SMXUSDT,SMX-USDT,SMX,USDT,True,1,True,0.001461,60984.361578,41846045.75,0.001452,3443.52,0.001465,1186.77,89.13267055193685,1.73861805,1e-06,0.0,0.0,1.0,0.0,0.0005,exchangeInfo.quotePrecision/baseSizePrecision/quoteAmountPrecision,1,False,0.5340668641557342,0.14944961896697717,0.2188823031329382,37.48756406539858
mexc,PAWUSDT,PAW-USDT,PAW,USDT,True,1,True,1.53e-09,58685.11887556268,39283139521445.0,1.513e-09,4435105522.0,1.55e-09,13214403700.0,241.59320927195543,6.710314654786,1e-12,0.0,0.0,1.0,0.0,0.0005,exchangeInfo.quotePrecision/baseSizePrecision/quoteAmountPrecision,1,False,0.4921709691070673,0.035986452159187166,0.47502116850127013,37.46948797489379
mexc,BARDUSDC,BARD-USDC,BARD,USDC,True,1,True,0.3515,55213.245,142498.87,0.3506,12.52,0.3521,692.29,42.6924718941227,4.389512,0.0001,0.0,0.0,1.0,0.0,0.0,exchangeInfo.quotePrecision/baseSizePrecision/quoteAmountPrecision,1,False,0.3449005501481168,0.4403048264182896,0.37425910245554617,37.46233296771459
mexc,LINEAUSDC,LINEA-USDC,LINEA,USDC,True,1,True,0.00294,57060.890347,19136215.92,0.002934,6451.62,0.002946,407.73,40.81632653061176,1.20117258,1e-06,0.0,0.0,1.0,0.0,0.0,exchangeInfo.quotePrecision/baseSizePrecision/quoteAmountPrecision,1,False,0.44011849344054166,0.4657070279424217,0.07959356477561388,37.44106413330261
mexc,TREEUSDC,TREE-USDC,TREE,USDC,True,1,True,0.05862,55213.71904,917983.46,0.05846,9559.8,0.05878,160.0,54.58887751620622,9.4048,1e-05,0.0,0.0,1.0,0.0,0.0,exchangeInfo.quotePrecision/baseSizePrecision/quoteAmountPrecision,1,False,0.34532374100719426,0.31160033869602033,0.5325994919559696,37.434804061915585
mexc,SRXUSDT,SRX-USDT,SRX,USDT,True,1,True,0.05088,8852.01154,173158.95,0.05087,5766.08,0.05107,5970.0,39.23876790268762,293.3204896,1e-05,0.0,0.0,1.0,0.0,0.0005,exchangeInfo.quotePrecision/baseSizePrecision/quoteAmountPrecision,1,False,0.11764705882352941,0.4872988992379339,0.9373412362404742,37.39988544105195
mexc,NEMONUSDT,NEMON-USDT,NEMON,USDT,True,1,True,101.89,45918.66,451.87,101.81,2.68,102.16,0.1,34.318772368485,10.216000000000001,0.01,0.0,0.0,1.0,0.0,0.0005,exchangeInfo.quotePrecision/baseSizePrecision/quoteAmountPrecision,1,False,0.2272534913245874,0.5533446232006773,0.5533446232006773,37.39945006688279
mexc,TIXUSDT,TIX-USDT,TIX,USDT,True,1,True,0.001814,26090.772805,14414231.89,0.001812,21798.07,0.001819,59921.64,38.55687138529365,39.49810284,1e-06,0.0,0.0,1.0,0.0,0.0005,exchangeInfo.quotePrecision/baseSizePrecision/quoteAmountPrecision,1,False,0.17943292424883622,0.49830651989839114,0.7535986452159187,37.39844673546415
mexc,AZURUSDT,AZUR-USDT,AZUR,USDT,True,1,True,0.001122,7641.569918,6706225.26,0.00112,35162.76,0.001122,16806.93,17.841213202498203,18.85737546,1e-06,0.0,0.0,1.0,0.0,0.0005,exchangeInfo.quotePrecision/baseSizePrecision/quoteAmountPrecision,1,False,0.10833685992382565,0.7358171041490262,0.6481795088907706,37.317545077351475
mexc,STOPUSDT,STOP-USDT,STOP,USDT,True,1,True,0.00935,51492.80998,5408044.53,0.00932,52000.0,0.00936,2000.0,42.82655246252687,18.72,1e-05,0.0,0.0,1.0,0.0,0.0005,exchangeInfo.quotePrecision/baseSizePrecision/quoteAmountPrecision,1,False,0.24545069826491747,0.4356477561388654,0.6456392887383573,37.30376808280924
mexc,KZENUSDT,KZEN-USDT,KZEN,USDT,True,1,True,0.0003471,28855.3751056,83082974.71,0.0003464,126450.09,0.0003478,252858.21,40.33419763756784,43.802311176,1e-07,0.001,0.001,1.0,0.0,0.0005,exchangeInfo.quotePrecision/baseSizePrecision/quoteAmountPrecision,1,False,0.1840880236986881,0.47544453852667234,0.7646062658763759,37.30308008412217
mexc,SOLXUSDT,SOLX-USDT,SOLX,USDT,True,1,True,5.887e-06,29314.821180653,4980378233.76,5.884e-06,392938.22,5.889e-06,1929005.91,8.494011721736094,2.3120484864799997,1e-09,0.01,0.01,1.0,0.0,0.0005,exchangeInfo.quotePrecision/baseSizePrecision/quoteAmountPrecision,1,False,0.18747355057130766,0.8679085520745131,0.26418289585097376,37.292417000304226
mexc,PIGUSDT,PIG-USDT,PIG,USDT,True,1,True,1.331e-08,54075.60484552665,4077065156952.0,1.328e-08,2701335869.0,1.336e-08,2436273696.0,60.060060060059854,32.54861657856,1e-11,1000.0,1000.0,1.0,0.0,0.0005,exchangeInfo.quotePrecision/baseSizePrecision/quoteAmountPrecision,1,False,0.29157850190435886,0.2679932260795935,0.7273497036409822,37.283642329549224
mexc,XVGUSDC,XVG-USDC,XVG,USDC,True,1,True,0.004501,56973.290961,12384078.82,0.004488,6813.44,0.004509,308.95,46.68222740913679,1.39305555,1e-06,0.0,0.0,1.0,0.0,0.0,exchangeInfo.quotePrecision/baseSizePrecision/quoteAmountPrecision,1,False,0.4354633939906898,0.3920406435224386,0.17654530059271803,37.28240876940326
mexc,KFIUSDT,KFI-USDT,KFI,USDT,True,1,True,0.3628,13525.81,37093.31,0.3626,47.66,0.3629,13.78,8.270158511372088,5.000762,0.0001,0.0,0.0,1.0,0.0,0.0005,exchangeInfo.quotePrecision/baseSizePrecision/quoteAmountPrecision,1,False,0.13838341091832415,0.8700254022015241,0.39585097375105843,37.278742130567096
mexc,IPUSDC,IP-USDC,IP,USDC,True,1,True,0.5507,53948.1696,94028.67,0.5503,65.27,0.5533,43.51,54.367524465386055,24.074082999999998,0.0001,0.0,0.0,1.0,0.0,0.0,exchangeInfo.quotePrecision/baseSizePrecision/quoteAmountPrecision,1,False,0.2860770207363521,0.31371718882303135,0.6837425910245555,37.252017681566265
mexc,COPUSDT,COP-USDT,COP,USDT,True,1,True,0.0002603,55906.6426124,217876100.23,0.000258,72759.36,0.0002605,423308.29,96.43201542912273,18.77191488,1e-07,0.0,0.0,1.0,0.0,0.0005,exchangeInfo.quotePrecision/baseSizePrecision/quoteAmountPrecision,1,False,0.38087177316969956,0.1329381879762913,0.6469093988145639,37.20959020003204
mexc,SMTUSDT,SMT-USDT,SMT,USDT,True,1,True,0.0491,57148.5177,1168916.36,0.049,242.42,0.0493,63.7,61.037639877923645,3.1404099999999997,0.0001,0.0,0.0,1.0,0.0,0.0005,exchangeInfo.quotePrecision/baseSizePrecision/quoteAmountPrecision,1,False,0.4422344477359289,0.25994919559695173,0.31922099915325997,37.20604449846508
mexc,TRUSTSWAPUSDT,TRUSTSWAP-USDT,TRUSTSWAP,USDT,True,1,True,0.03658,22531.51798,614649.69,0.03658,168.4,0.0366,60.0,5.4659743099205205,2.196,1e-05,1.0,1.0,1.0,0.0,0.0005,exchangeInfo.quotePrecision/baseSizePrecision/quoteAmountPrecision,1,False,0.16504443504020314,0.9187129551227773,0.25656223539373413,37.17651251315529
mexc,COTIUSDC,COTI-USDC,COTI,USDC,True,1,True,0.0121,54542.74443,4408383.46,0.01207,2460.92,0.01215,9780.8,66.06110652353301,29.703304400000004,1e-05,0.0,0.0,1.0,0.0,0.0,exchangeInfo.quotePrecision/baseSizePrecision/quoteAmountPrecision,1,False,0.31273804485823103,0.22734970364098217,0.7112616426756986,37.10956791174124
mexc,ALEPHUSDT,ALEPH-USDT,ALEPH,USDT,True,1,True,0.02132,52257.56429,2422618.23,0.02131,58.66,0.02133,58.61,9.380863039399243,1.2500445999999998,1e-05,5.0,5.0,1.0,0.0,0.0005,exchangeInfo.quotePrecision/baseSizePrecision/quoteAmountPrecision,1,False,0.25222175201015656,0.8518204911092295,0.09483488569009314,37.06440635209122
mexc,ESTVUSDT,ESTV-USDT,ESTV,USDT,True,1,True,1.881,33078.589,18398.7,1.881,2.12,1.884,2.94,15.936254980079108,3.9877200000000004,0.001,0.0,0.0,1.0,0.0,0.0005,exchangeInfo.quotePrecision/baseSizePrecision/quoteAmountPrecision,1,False,0.196360558611934,0.7591024555461473,0.3636748518204911,37.050889148719875
mexc,JNJONUSDT,JNJON-USDT,JNJON,USDT,True,1,True,241.43,57567.67,239.212,240.26,0.008,241.67,0.419,58.51472205507011,1.92208,0.01,0.0,0.0,1.0,0.0,0.0005,exchangeInfo.quotePrecision/baseSizePrecision/quoteAmountPrecision,1,False,0.460431654676259,0.28281117696867064,0.23116003386960204,37.017221108803064
mexc,HYPERUSDC,HYPER-USDC,HYPER,USDC,True,1,True,0.08169,56481.24111,669140.65,0.08161,19.84,0.08198,20.13,45.23503881655301,1.6191424,1e-05,0.0,0.0,1.0,0.0,0.0,exchangeInfo.quotePrecision/baseSizePrecision/quoteAmountPrecision,1,False,0.4117647058823529,0.40558848433530903,0.21126164267569855,37.0120037854261
mexc,XLSUSDT,XLS-USDT,XLS,USDT,False,1,True,0.010009,11373.366146,1136316.99,0.01,41391.05,0.010019,1289.24,18.981967131225254,12.91689556,1e-06,0.01,0.01,1.0,0.0,0.0005,exchangeInfo.quotePrecision/baseSizePrecision/quoteAmountPrecision,1,False,0.12991959373677528,0.7214225232853514,0.5914479254868755,37.01009924739394
mexc,NAVIUSDT,NAVI-USDT,NAVI,USDT,True,1,True,0.0056,23780.945501,4245530.33,0.005595,6390.15,0.005616,10786.05,37.46320578003779,35.752889249999996,1e-06,0.0,0.0,1.0,0.0,0.0005,exchangeInfo.quotePrecision/baseSizePrecision/quoteAmountPrecision,1,False,0.17012272534913245,0.5110076206604572,0.7425910245554614,36.98376090182295
mexc,AXPONUSDT,AXPON-USDT,AXPON,USDT,True,1,True,294.27,34858.87,118.195,294.06,0.929,295.78,1.57,58.32090058320801,273.18174,0.01,0.0,0.0,1.0,0.0,0.0005,exchangeInfo.quotePrecision/baseSizePrecision/quoteAmountPrecision,1,False,0.20186203977994074,0.2853513971210838,0.9314140558848434,36.8644782336207
mexc,RBCUSDT,RBC-USDT,RBC,USDT,True,1,True,0.003348,55501.118134,16418913.96,0.003319,14045.51,0.003373,14068.03,161.38673042438802,46.61704769,1e-06,0.001,0.001,1.0,0.0,0.0005,exchangeInfo.quotePrecision/baseSizePrecision/quoteAmountPrecision,1,False,0.3597122302158273,0.06392887383573242,0.7726502963590178,36.83540043494418
mexc,PORKUSDT,PORK-USDT,PORK,USDT,True,1,True,1.87e-08,54686.60301480053,2900727299843.0,1.861e-08,2686727565.0,1.878e-08,2818408502.0,90.93340465365117,49.999999984649996,1e-11,0.0,0.0,1.0,0.0,0.0005,exchangeInfo.quotePrecision/baseSizePrecision/quoteAmountPrecision,1,False,0.31950909860347015,0.1456392887383573,0.7798475867908552,36.8109343774669
mexc,EURRUSDT,EURR-USDT,EURR,USDT,True,1,True,1.153,75.522,65.54,1.15,503.06,1.153,1000.0,26.052974381242844,578.519,0.001,0.0,0.0,1.0,0.0,0.0005,exchangeInfo.quotePrecision/baseSizePrecision/quoteAmountPrecision,1,False,0.02369868810833686,0.6422523285351397,0.9716342082980525,36.79242022529807
mexc,YACHTUSDT,YACHT-USDT,YACHT,USDT,True,1,True,0.01465,56405.76482,3854202.12,0.01459,471.86,0.01468,333.84,61.496412709258486,4.900771199999999,1e-05,0.0,0.0,1.0,0.0,0.0005,exchangeInfo.quotePrecision/baseSizePrecision/quoteAmountPrecision,1,False,0.4104951333051206,0.25656223539373413,0.3899237933954276,36.78976408453354
mexc,DOGEGOVUSDT,DOGEGOV-USDT,DOGEGOV,USDT,True,1,True,0.002409,57565.841702,25173006.69,0.002395,64972.02,0.002418,2141.32,95.57448576771252,5.17771176,1e-06,0.0,0.0,1.0,0.0,0.0005,exchangeInfo.quotePrecision/baseSizePrecision/quoteAmountPrecision,1,False,0.4595852729581041,0.13505503810330233,0.40643522438611346,36.78227045300056
mexc,RAILUSDT,RAIL-USDT,RAIL,USDT,True,1,True,0.923,57974.5089,62763.59,0.913,8.98,0.928,7.03,162.95491580662699,6.523840000000001,0.0001,0.0,0.0,1.0,0.0,0.0005,exchangeInfo.quotePrecision/baseSizePrecision/quoteAmountPrecision,1,False,0.4710114261531951,0.06181202370872141,0.46655376799322607,36.782004391008286
mexc,WBAIUSDT,WBAI-USDT,WBAI,USDT,True,1,True,0.002677,52665.737823,19374616.63,0.002673,2777.36,0.002683,2899.15,37.34129947722191,7.42388328,1e-06,0.0,0.0,1.0,0.0,0.0005,exchangeInfo.quotePrecision/baseSizePrecision/quoteAmountPrecision,1,False,0.25730004231908593,0.5118543607112617,0.491532599491956,36.778513335170395
mexc,PURRUSDT,PURR-USDT,PURR,USDT,True,1,True,0.0783,55113.85625,701917.81,0.07768,1064.36,0.07902,1000.0,171.02744097000738,79.02000000000001,1e-05,0.0,0.0,1.0,0.0,0.0005,exchangeInfo.quotePrecision/baseSizePrecision/quoteAmountPrecision,1,False,0.33982225983918746,0.058425063505503805,0.8310753598645216,36.772358076083336
mexc,TMUSONUSDT,TMUSON-USDT,TMUSON,USDT,True,1,True,211.09,56378.54,265.709,210.78,0.026,212.16,1.357,65.25748333096871,5.48028,0.01,0.0,0.0,1.0,0.0,0.0005,exchangeInfo.quotePrecision/baseSizePrecision/quoteAmountPrecision,1,False,0.4075327972915785,0.2328535139712108,0.4259102455546147,36.75384661140938
mexc,TOWERUSDT,TOWER-USDT,TOWER,USDT,True,1,True,0.0002438,62370.0412571,255508907.32,0.0002421,5675.27,0.0002446,5840.39,102.73268954181137,1.373982867,1e-07,0.0,0.0,1.0,0.0,0.0005,exchangeInfo.quotePrecision/baseSizePrecision/quoteAmountPrecision,1,False,0.5518408802369869,0.12023708721422521,0.1693480101608806,36.74413579660752
mexc,TXNONUSDT,TXNON-USDT,TXNON,USDT,True,1,True,191.02,36385.77,190.184,189.96,1.979,191.08,1.304,58.786479109804986,249.16832000000002,0.01,0.0,0.0,1.0,0.0,0.0005,exchangeInfo.quotePrecision/baseSizePrecision/quoteAmountPrecision,1,False,0.20440118493440543,0.27815410668924645,0.9254868755292125,36.70565534920771
mexc,MCDXUSDT,MCDX-USDT,MCDX,USDT,True,1,True,311.1,57568.27,184.89,308.86,0.009,310.94,0.656,67.11842529848288,2.77974,0.01,0.0,0.0,1.0,0.0,0.0005,exchangeInfo.quotePrecision/baseSizePrecision/quoteAmountPrecision,1,False,0.4612780363944139,0.21930567315834038,0.29127857747671465,36.67850538018557
mexc,MUMUUSDT,MUMU-USDT,MUMU,USDT,True,1,True,5.556e-07,59242.1528114318,105950192870.22,5.55e-07,3603603.61,5.597e-07,11501928.65,84.3276217816459,2.00000000355,1e-10,0.0,0.0,1.0,0.0,0.0005,exchangeInfo.quotePrecision/baseSizePrecision/quoteAmountPrecision,1,False,0.506136267456623,0.15918712955122782,0.24174428450465707,36.65205863898811
mexc,AZTECUSDC,AZTEC-USDC,AZTEC,USDC,True,1,True,0.0189,52622.91261,2706236.45,0.01886,5533.16,0.01895,982.26,47.60645331922946,18.613827,1e-05,0.0,0.0,1.0,0.0,0.0,exchangeInfo.quotePrecision/baseSizePrecision/quoteAmountPrecision,1,False,0.256453660600931,0.38272650296359023,0.6447925486875529,36.56896488089202
mexc,PAIUSDT,PAI-USDT,PAI,USDT,True,1,True,0.00613,54441.607041,8842900.3,0.006126,665.63,0.00615,1574.25,39.100684261974116,4.07764938,1e-06,0.0,0.0,1.0,0.0,0.0005,exchangeInfo.quotePrecision/baseSizePrecision/quoteAmountPrecision,1,False,0.3072365636902243,0.49026248941574935,0.3674851820491109,36.50427687933829
mexc,YNEUSDT,YNE-USDT,YNE,USDT,True,1,True,0.0006807,55812.4366849,81432506.6,0.0006776,58377.66,0.0006853,28928.9,112.99435028248624,19.824975170000002,1e-07,0.0,0.0,1.0,0.0,0.0005,exchangeInfo.quotePrecision/baseSizePrecision/quoteAmountPrecision,1,False,0.3749471011426153,0.10922946655376797,0.6570702794242168,36.49423281517238
mexc,NCUSDT,NC-USDT,NC,USDT,True,1,True,0.000808,47348.102132,59082363.69,0.000806,124603.65,0.00081,41134.92,49.50495049504938,33.319285199999996,1e-06,0.0,0.0,1.0,0.0,0.0005,exchangeInfo.quotePrecision/baseSizePrecision/quoteAmountPrecision,1,False,0.23148539991536182,0.3632514817950889,0.7324301439458086,36.4615869191383
mexc,LONGUSDT,LONG-USDT,LONG,USDT,True,1,True,0.001706,40492.279957,22749402.77,0.001682,2116.69,0.001685,1811.68,17.820017820018894,3.0526808,1e-06,0.0,0.0,1.0,0.0,0.0005,exchangeInfo.quotePrecision/baseSizePrecision/quoteAmountPrecision,1,False,0.2141345746931866,0.7362404741744284,0.31371718882303135,36.457757238946606
mexc,FLKUSDT,FLK-USDT,FLK,USDT,True,1,True,0.03517,57170.11585,1624405.75,0.03496,186.29,0.03537,275.07,116.59320346935891,6.5126984,1e-05,0.0,0.0,1.0,0.0,0.0005,exchangeInfo.quotePrecision/baseSizePrecision/quoteAmountPrecision,1,False,0.4447735928903936,0.10499576629974594,0.46613039796782385,36.41004972582177
mexc,PANTHERUSDT,PANTHER-USDT,PANTHER,USDT,True,1,True,0.008338,56488.571583,6708180.78,0.00832,9644.26,0.008435,1417.66,137.2724559832892,11.9579621,1e-06,0.0,0.0,1.0,0.0,0.0005,exchangeInfo.quotePrecision/baseSizePrecision/quoteAmountPrecision,1,False,0.4130342784595853,0.08382726502963589,0.5779000846740051,36.37056863449819
mexc,CELLUSDT,CELL-USDT,CELL,USDT,True,1,True,0.04995,56559.95648,1138013.7,0.04973,202.74,0.05034,200.29,121.91465973818315,10.0822602,1e-05,0.0,0.0,1.0,0.0,0.0005,exchangeInfo.quotePrecision/baseSizePrecision/quoteAmountPrecision,1,False,0.41599661447312736,0.10033869602032175,0.5478408128704487,36.345097453939026
mexc,MANEKIUSDT,MANEKI-USDT,MANEKI,USDT,True,1,True,0.0002681,52827.0577628,195259403.27,0.0002678,10996.1,0.0002685,13085.71,26.10479209397789,2.9447555800000003,1e-07,0.0,0.0,1.0,0.0,0.0005,exchangeInfo.quotePrecision/baseSizePrecision/quoteAmountPrecision,1,False,0.2589928057553957,0.6418289585097375,0.30143945808636746,36.31911744101755
mexc,EXSUSDT,EXS-USDT,EXS,USDT,True,1,True,0.002946,14258.810958,4865453.6,0.002943,2567.99,0.002947,1866.3,13.582342954159925,5.4999861,1e-06,0.0,0.0,1.0,0.0,0.0005,exchangeInfo.quotePrecision/baseSizePrecision/quoteAmountPrecision,1,False,0.14092255607278883,0.7929720575783235,0.4343776460626588,36.26259494471465
mexc,TXUSDT,TX-USDT,TX,USDT,True,1,True,0.01063,7061.86865,660805.39,0.01064,1405.34,0.01065,586.86,9.394081728510656,6.250059,1e-05,0.0,0.0,1.0,0.0,0.0005,exchangeInfo.quotePrecision/baseSizePrecision/quoteAmountPrecision,1,False,0.10495133305120609,0.8509737510584251,0.45850973751058427,36.21686184448865
mexc,RWAUSDT,RWA-USDT,RWA,USDT,True,1,True,0.001908,54453.235222,28520822.95,0.001902,51652.83,0.001913,7143.76,57.66710353866287,13.66601288,1e-06,0.0,0.0,1.0,0.0,0.0005,exchangeInfo.quotePrecision/baseSizePrecision/quoteAmountPrecision,1,False,0.3076597545493017,0.290008467400508,0.6016088060965283,36.20367430715486
mexc,1R0RUSDT,1R0R-USDT,1R0R,USDT,True,1,True,0.000625,34114.332152,54239618.41,0.000624,16923.07,0.000626,14701.67,32.000000000000774,9.20324542,1e-06,0.0,0.0,1.0,0.0,0.0005,exchangeInfo.quotePrecision/baseSizePrecision/quoteAmountPrecision,1,False,0.19974608548455353,0.5810753598645215,0.5313293818797629,36.13950633585874
mexc,AEUSDT,AE-USDT,AE,USDT,False,1,True,0.006353,55581.625605,8511120.14,0.006343,565.23,0.006361,93.74,28.337531486147125,0.59628014,1e-06,0.001,0.001,1.0,0.0,0.0005,exchangeInfo.quotePrecision/baseSizePrecision/quoteAmountPrecision,1,False,0.3630977570884469,0.6189669771380186,0.03471634208298052,36.13887790997465
mexc,YEEUSDT,YEE-USDT,YEE,USDT,True,1,True,0.002855,55138.875969,18383003.95,0.002841,17939.38,0.002887,17662.28,160.61452513966339,50.965778580000006,1e-06,0.0,0.0,1.0,0.0,0.0005,exchangeInfo.quotePrecision/baseSizePrecision/quoteAmountPrecision,1,False,0.3410918324164198,0.06519898391193901,0.7836579170194751,36.06318372109107
mexc,EFCUSDT,EFC-USDT,EFC,USDT,True,1,True,0.0832,54015.65587,649237.17,0.08295,417.35,0.08351,417.88,67.2834314550048,34.6191825,1e-05,0.01,0.01,1.0,0.0,0.0005,exchangeInfo.quotePrecision/baseSizePrecision/quoteAmountPrecision,1,False,0.28776978417266186,0.21845893310753595,0.7370872142252328,36.03055574168946
mexc,MTPUSDT,MTP-USDT,MTP,USDT,True,1,True,0.0002406,57563.7348275,241096938.7,0.0002378,84104.28,0.0002434,30303.27,232.75145469659188,7.375815918000001,1e-07,0.0,0.0,1.0,0.0,0.0005,exchangeInfo.quotePrecision/baseSizePrecision/quoteAmountPrecision,1,False,0.4587388912399492,0.0389500423370025,0.49068585944115156,36.01810726544531
mexc,CMC20USDT,CMC20-USDT,CMC20,USDT,True,1,True,136.19,19428.52,141.313,135.7,0.282,136.23,0.696,38.98062001250331,38.267399999999995,0.01,0.0,0.0,1.0,0.0,0.0005,exchangeInfo.quotePrecision/baseSizePrecision/quoteAmountPrecision,1,False,0.15785019043588658,0.49153259949195593,0.7493649449618967,35.9573743605106
mexc,BNCUSDT,BNC-USDT,BNC,USDT,True,1,True,0.0286,45488.57683,1565975.99,0.02855,448.93,0.02862,127.77,24.48836802518825,3.6567773999999997,1e-05,0.0001,0.0001,1.0,0.0,0.0005,exchangeInfo.quotePrecision/baseSizePrecision/quoteAmountPrecision,1,False,0.22598391874735504,0.65961049957663,0.35012701100762067,35.921918240672696
mexc,WUSDC,W-USDC,W,USDC,True,1,True,0.01484,55579.86909,3664211.94,0.01481,34461.93,0.01488,208.16,47.15392388009472,3.0974208,1e-05,0.0,0.0,1.0,0.0,0.0,exchangeInfo.quotePrecision/baseSizePrecision/quoteAmountPrecision,1,False,0.36267456622936944,0.3852667231160034,0.31668077900084673,35.91238480053234
mexc,WINGUSDT,WING-USDT,WING,USDT,True,1,True,0.04009,53496.09292,1313122.1,0.04,72.39,0.04012,92.78,29.955067398902163,2.8956,1e-05,0.0001,0.0001,1.0,0.0,0.0005,exchangeInfo.quotePrecision/baseSizePrecision/quoteAmountPrecision,1,False,0.2704189589504867,0.6016088060965283,0.2972057578323455,35.85737805133689
mexc,GMEUSDT,GME-USDT,GME,USDT,True,1,True,0.0005549,52243.2146557,92181005.38,0.0005538,7717.73,0.0005555,6784.77,30.649959433876983,3.7689397350000005,1e-07,0.0,0.0,1.0,0.0,0.0005,exchangeInfo.quotePrecision/baseSizePrecision/quoteAmountPrecision,1,False,0.2517985611510791,0.5961049957662998,0.3539373412362405,35.83029258219166
mexc,IOTAUSDC,IOTA-USDC,IOTA,USDC,True,1,True,0.0555,55981.6086,1007139.5,0.05539,26.84,0.05563,25.89,43.23545307151814,1.4402607,1e-05,0.0,0.0,1.0,0.0,0.0,exchangeInfo.quotePrecision/baseSizePrecision/quoteAmountPrecision,1,False,0.38595006347862887,0.4297205757832345,0.19093988145639287,35.789065515033315
mexc,BXNUSDT,BXN-USDT,BXN,USDT,True,1,True,0.001049,56896.44161,54346439.22,0.001044,8142.78,0.001054,5218.21,95.32888465204982,5.4999933400000005,1e-06,0.0,0.0,1.0,0.0,0.0005,exchangeInfo.quotePrecision/baseSizePrecision/quoteAmountPrecision,1,False,0.4303851036817605,0.13590177815410664,0.43522438611346315,35.77321287861876
mexc,EMRUSDT,EMR-USDT,EMR,USDT,True,1,True,0.000538,27756.430092,49742026.4,0.000536,34734.44,0.000538,362116.41,37.243947858471884,18.61765984,1e-06,0.0,0.0,1.0,0.0,0.0005,exchangeInfo.quotePrecision/baseSizePrecision/quoteAmountPrecision,1,False,0.18239526026237834,0.5131244707874683,0.6452159187129551,35.764169458376614
mexc,KILOUSDT,KILO-USDT,KILO,USDT,True,1,True,0.006281,54419.278715,8667569.95,0.006259,878.73,0.006287,1111.92,44.63574047505221,5.49997107,1e-06,0.0,0.0,1.0,0.0,0.0005,exchangeInfo.quotePrecision/baseSizePrecision/quoteAmountPrecision,1,False,0.30554380025391453,0.4119390347163421,0.43268416596104997,35.757068201094846
mexc,KLVUSDT,KLV-USDT,KLV,USDT,True,1,True,0.0011194,53279.8192381,47086617.77,0.0011181,16636.92,0.001124,20127.09,52.62923152401846,18.601740251999995,1e-07,0.0001,0.0001,1.0,0.0,0.0005,exchangeInfo.quotePrecision/baseSizePrecision/quoteAmountPrecision,1,False,0.2657638595006348,0.3289585097375106,0.6443691786621507,35.728358589215695
mexc,NVOONUSDT,NVOON-USDT,NVOON,USDT,True,1,True,36.4,56255.83,1537.17,36.17,8.19,36.42,0.15,68.88001102080176,5.463,0.01,0.0,0.0,1.0,0.0,0.0005,exchangeInfo.quotePrecision/baseSizePrecision/quoteAmountPrecision,1,False,0.3990689801100296,0.20829805249788313,0.42548687552921255,35.66598272908296
mexc,PITUSDT,PIT-USDT,PIT,USDT,True,1,True,1.509e-10,58779.836725518144,384560131335102.0,1.505e-10,61948693584.0,1.518e-10,12044767797.0,86.00727753886942,1.8283957515846,1e-13,10.0,10.0,1.0,0.0,0.0005,exchangeInfo.quotePrecision/baseSizePrecision/quoteAmountPrecision,1,False,0.4955564959796868,0.15453005927180352,0.2243861134631668,35.6065810299412
mexc,TEAFIUSDT,TEAFI-USDT,TEAFI,USDT,True,1,True,0.003146,57844.370118,18422759.51,0.003135,113772.64,0.003155,471.0,63.59300476947414,1.486005,1e-06,0.0,0.0,1.0,0.0,0.0005,exchangeInfo.quotePrecision/baseSizePrecision/quoteAmountPrecision,1,False,0.4672027084214981,0.2396274343776461,0.1955969517358171,35.59877385733989
mexc,LUNAIUSDT,LUNAI-USDT,LUNAI,USDT,True,1,True,0.005904,54915.343666,9127743.02,0.00589,1893.44,0.00592,929.05,50.80440304826358,5.499975999999999,1e-06,0.0,0.0,1.0,0.0,0.0005,exchangeInfo.quotePrecision/baseSizePrecision/quoteAmountPrecision,1,False,0.33093525179856115,0.3484335309060118,0.4331075359864522,35.574427841300206
mexc,LATUSDT,LAT-USDT,LAT,USDT,True,1,True,0.001318,55822.928972,42839558.52,0.001314,982.29,0.001319,102536.38,37.9794910748197,1.29072906,1e-06,0.001,0.001,1.0,0.0,0.0005,exchangeInfo.quotePrecision/baseSizePrecision/quoteAmountPrecision,1,False,0.37537029200169275,0.5046570702794242,0.11473327688399661,35.55645835475863
mexc,QBXUSDT,QBX-USDT,QBX,USDT,True,1,True,0.001121,8104.567015,7257306.54,0.001122,4425.65,0.001123,45085.24,8.908685968820782,4.965579299999999,1e-06,0.0,0.0,1.0,0.0,0.0005,exchangeInfo.quotePrecision/baseSizePrecision/quoteAmountPrecision,1,False,0.11299195937367752,0.8588060965283658,0.39246401354784083,35.533990449718225
mexc,GHIBLIUSDT,GHIBLI-USDT,GHIBLI,USDT,True,1,True,0.0004088,56695.3829202,138512290.02,0.0004073,13899.46,0.0004111,16105.95,92.86412512219059,5.661250057999999,1e-07,0.0,0.0,1.0,0.0,0.0005,exchangeInfo.quotePrecision/baseSizePrecision/quoteAmountPrecision,1,False,0.42149809564113416,0.14013547840812868,0.4403048264182896,35.49187874883139
mexc,JASMYUSDC,JASMY-USDC,JASMY,USDC,True,1,True,0.005285,29183.209128,5366688.14,0.005276,3415.9,0.005295,2555.98,35.947403273105515,13.5339141,1e-06,0.0001,0.0001,1.0,0.0,0.0,exchangeInfo.quotePrecision/baseSizePrecision/quoteAmountPrecision,1,False,0.18620397799407531,0.5309060118543607,0.5982218458933107,35.47830600389938
mexc,JSKUSDT,JSK-USDT,JSK,USDT,True,1,True,0.002712,33646.989359,12359556.35,0.002703,32389.56,0.002718,63346.46,55.34034311012662,87.54898068000001,1e-06,0.0,0.0,1.0,0.0,0.0005,exchangeInfo.quotePrecision/baseSizePrecision/quoteAmountPrecision,1,False,0.19805332204824375,0.3060965283657917,0.8454699407281965,35.45474473636213
mexc,PEAQUSDT,PEAQ-USDT,PEAQ,USDT,True,1,True,0.01557,42006.00684,2603740.48,0.01554,1913.96,0.01559,382.55,32.123353678123806,5.9639545,1e-05,0.0,0.0,1.0,0.0,0.0005,exchangeInfo.quotePrecision/baseSizePrecision/quoteAmountPrecision,1,False,0.21752010156580617,0.5795935647756139,0.4470787468247248,35.395019642004186
mexc,FARTBOYUSDT,FARTBOY-USDT,FARTBOY,USDT,True,1,True,0.007523,57705.158979,7637136.09,0.0075,29354.97,0.007612,666.48,148.22657490735855,5.07324576,1e-06,0.0,0.0,1.0,0.0,0.0005,exchangeInfo.quotePrecision/baseSizePrecision/quoteAmountPrecision,1,False,0.464240372407956,0.07366638441998308,0.40008467400508047,35.37657357303877
mexc,EGLDUSDC,EGLD-USDC,EGLD,USDC,True,1,True,3.782,56210.977,14590.74,3.771,2.57,3.788,0.36,44.97949464214819,1.3636799999999998,0.001,0.0,0.0,1.0,0.0,0.0,exchangeInfo.quotePrecision/baseSizePrecision/quoteAmountPrecision,1,False,0.39737621667371986,0.4085520745131245,0.1634208298052498,35.337910375987704
mexc,RAREUSDC,RARE-USDC,RARE,USDC,True,1,True,0.01415,53136.94489,3663442.28,0.01411,1482.67,0.01419,23019.46,56.537102473498386,20.9204737,1e-05,0.0,0.0,1.0,0.0,0.0,exchangeInfo.quotePrecision/baseSizePrecision/quoteAmountPrecision,1,False,0.26364790520524756,0.2980524978831499,0.6676545300592718,35.3050378345528
mexc,MAGAETHUSDT,MAGAETH-USDT,MAGAETH,USDT,True,1,True,1.093e-06,54905.866407066,48460923175.34,1.089e-06,151343494.82,1.098e-06,17137960.58,82.30452674896964,18.817480716839995,1e-09,0.0,0.0,1.0,0.0,0.0005,exchangeInfo.quotePrecision/baseSizePrecision/quoteAmountPrecision,1,False,0.3305120609394837,0.16596104995766303,0.6473327688399662,35.27384497741251
mexc,CYPRUSDT,CYPR-USDT,CYPR,USDT,True,1,True,0.01108,53412.08729,4991857.47,0.01105,2000.0,0.01109,357.7,36.133694670278565,3.966893,1e-05,0.0,0.0,1.0,0.0,0.0005,exchangeInfo.quotePrecision/baseSizePrecision/quoteAmountPrecision,1,False,0.267879813796022,0.5279424216765454,0.3624047417442845,35.18004513558053
mexc,SPAUSDT,SPA-USDT,SPA,USDT,True,1,True,0.003168,53015.458343,16553835.42,0.003164,600.0,0.003172,600.0,25.2525252525245,1.8984,1e-06,1.0,1.0,1.0,0.0,0.0005,exchangeInfo.quotePrecision/baseSizePrecision/quoteAmountPrecision,1,False,0.26153195090986037,0.6473327688399662,0.22946655376799321,35.15690759640134
mexc,MLUSDT,ML-USDT,ML,USDT,True,1,True,0.0068,23899.21974,3535511.85,0.00678,13912.66,0.0068,1349.49,29.455081001472834,9.176532,1e-05,0.0,0.0,1.0,0.0,0.0005,exchangeInfo.quotePrecision/baseSizePrecision/quoteAmountPrecision,1,False,0.1705459162082099,0.6054191363251482,0.5304826418289585,35.125156636159424
mexc,CREPEUSDT,CREPE-USDT,CREPE,USDT,True,1,True,0.0001947,566.5519134,2896283.08,0.0001947,61633.28,0.0001949,61570.03,10.26694045174563,11.999998846999999,1e-07,0.0,0.0,1.0,0.0,0.0005,exchangeInfo.quotePrecision/baseSizePrecision/quoteAmountPrecision,1,False,0.04612780363944139,0.8386960203217613,0.5800169348010161,35.10476840423363
mexc,SAMOUSDT,SAMO-USDT,SAMO,USDT,True,1,True,0.0003964,55871.1447652,142450334.72,0.0003953,9837.53,0.0003975,8493.76,55.49949545913218,3.3762696,1e-07,0.0001,0.0001,1.0,0.0,0.0005,exchangeInfo.quotePrecision/baseSizePrecision/quoteAmountPrecision,1,False,0.3787558188743123,0.3048264182895851,0.3314987298899238,35.08220509312528
mexc,REDOUSDT,REDO-USDT,REDO,USDT,True,1,True,0.02454,56703.44557,2282086.31,0.02446,195.12,0.02465,173.85,77.37731622887362,4.2854025,1e-05,0.0,0.0,1.0,0.0,0.0005,exchangeInfo.quotePrecision/baseSizePrecision/quoteAmountPrecision,1,False,0.4219212865002116,0.17739204064352243,0.37171888230313294,35.07484941966236
mexc,FREEDOMUSDT,FREEDOM-USDT,FREEDOM,USDT,True,1,True,3.89e-08,28888.64773041819,718696392552.0,3.874e-08,2581007794.0,3.89e-08,539845757.0,41.215868109221056,20.999999947299997,1e-11,10000000.0,10000000.0,1.0,0.0,0.0005,exchangeInfo.quotePrecision/baseSizePrecision/quoteAmountPrecision,1,False,0.18451121455776556,0.4618966977138018,0.6689246401354784,35.07402704623172
mexc,XPXUSDT,XPX-USDT,XPX,USDT,False,1,True,0.0002703,56891.4086329,196572968.57,0.0002687,29596.86,0.0002735,30728.11,177.05643673920892,7.9526762820000005,1e-07,700.0,700.0,1.0,0.0,0.0005,exchangeInfo.quotePrecision/baseSizePrecision/quoteAmountPrecision,1,False,0.4295387219636056,0.05376799322607961,0.5038103302286198,35.045036143222696
mexc,GALAUSDC,GALA-USDC,GALA,USDC,True,1,True,0.00292,54817.333412,18446477.56,0.002915,1621.31,0.002929,35674.22,47.91238877481219,4.72611865,1e-06,0.0,0.0,1.0,0.0,0.0,exchangeInfo.quotePrecision/baseSizePrecision/quoteAmountPrecision,1,False,0.32501057977147696,0.37764606265876377,0.384419983065199,35.00513311520431
mexc,SKLUSDC,SKL-USDC,SKL,USDC,True,1,True,0.005713,57139.956257,9645736.53,0.005708,220.0,0.005737,5585.0,50.677151594581936,1.25576,1e-06,0.0,0.0,1.0,0.0,0.0,exchangeInfo.quotePrecision/baseSizePrecision/quoteAmountPrecision,1,False,0.44181125687685147,0.3497036409822185,0.09779847586790855,34.99817967014046
mexc,CEEKUSDT,CEEK-USDT,CEEK,USDT,True,1,True,0.002968,56530.437627,18804729.98,0.002959,2759.87,0.003002,8012.62,144.27109545378318,8.16645533,1e-06,0.0001,0.0001,1.0,0.0,0.0005,exchangeInfo.quotePrecision/baseSizePrecision/quoteAmountPrecision,1,False,0.4151502327549725,0.07747671464860284,0.5110076206604572,34.99033308094771
mexc,EPTUSDT,EPT-USDT,EPT,USDT,True,1,True,0.000787,55775.4524814,68796802.83,0.000783,3922.44,0.000787,3511.15,50.95541401274009,2.7632750500000003,1e-07,0.0,0.0,1.0,0.0,0.0005,exchangeInfo.quotePrecision/baseSizePrecision/quoteAmountPrecision,1,False,0.37240795598815063,0.3463166807790008,0.28916172734970363,34.92358914581738
mexc,BFTUSDT,BFT-USDT,BFT,USDT,True,1,True,0.018309,56915.819848,3128955.79,0.018307,6404.09,0.018556,323.98,135.09481051460773,6.0117728800000005,1e-06,0.01,0.01,1.0,0.0,0.0005,exchangeInfo.quotePrecision/baseSizePrecision/quoteAmountPrecision,1,False,0.4320778671180702,0.08509737510584248,0.45088907705334463,34.909498610206825
mexc,PUNDIXUSDT,PUNDIX-USDT,PUNDIX,USDT,True,1,True,0.1408,52166.0599,365958.8,0.1407,8.53,0.1409,630.0,14.204545454545862,1.2001709999999999,0.0001,0.0,0.0,1.0,0.0,0.0005,exchangeInfo.quotePrecision/baseSizePrecision/quoteAmountPrecision,1,False,0.25095217943292425,0.7832345469940728,0.07620660457239628,34.90736563511058
mexc,WATTUSDT,WATT-USDT,WATT,USDT,True,1,True,0.20065,5261.96671,26400.79,0.20073,32.93,0.20097,145.19,11.949215832711873,6.610038899999999,1e-05,0.0,0.0,1.0,0.0,0.0005,exchangeInfo.quotePrecision/baseSizePrecision/quoteAmountPrecision,1,False,0.09225560727888278,0.8166807790008468,0.46994072819644367,34.8898924392886
mexc,SLEEPLESSAIUSDT,SLEEPLESSAI-USDT,SLEEPLESSAI,USDT,True,1,True,0.01778,55861.40811,2995379.75,0.01769,343368.48,0.01781,308.81,67.6056338028161,5.4999061,1e-05,0.001,0.001,1.0,0.0,0.0005,exchangeInfo.quotePrecision/baseSizePrecision/quoteAmountPrecision,1,False,0.37790943715615744,0.21718882303132936,0.43141405588484333,34.84302073706876
mexc,NAVXUSDT,NAVX-USDT,NAVX,USDT,True,1,True,0.008445,56644.111028,6574208.49,0.008416,208.48,0.008464,5886.21,56.87203791469127,1.7545676799999999,1e-06,0.0,0.0,1.0,0.0,0.0005,exchangeInfo.quotePrecision/baseSizePrecision/quoteAmountPrecision,1,False,0.4189589504866695,0.29508890770533447,0.2209991532599492,34.83994803459917
mexc,IVVONUSDT,IVVON-USDT,IVVON,USDT,True,1,True,644.1,55741.81,85.904,643.62,0.008,647.61,0.066,61.80153806835357,5.14896,0.01,0.0,0.0,1.0,0.0,0.0005,exchangeInfo.quotePrecision/baseSizePrecision/quoteAmountPrecision,1,False,0.369868810833686,0.2544453852667231,0.4055884843353091,34.815688914226996
mexc,WNXMUSDT,WNXM-USDT,WNXM,USDT,True,1,True,52.72,55374.07,1048.89,52.66,0.11,52.98,0.26,60.58311245740256,5.792599999999999,0.01,0.1,0.1,1.0,0.0,0.0005,exchangeInfo.quotePrecision/baseSizePrecision/quoteAmountPrecision,1,False,0.3516716038933559,0.26333615580016934,0.4436917866215072,34.79917784156895
mexc,LMTSUSDT,LMTS-USDT,LMTS,USDT,True,1,True,0.11417,56885.59267,483597.88,0.11376,30.9,0.11466,47.96,78.80220646178074,3.5151839999999996,1e-05,0.0,0.0,1.0,0.0,0.0005,exchangeInfo.quotePrecision/baseSizePrecision/quoteAmountPrecision,1,False,0.42911553110452816,0.1731583403895004,0.3416596104995766,34.76350493047809
mexc,LITRUSDT,LITR-USDT,LITR,USDT,True,1,True,8.92e-06,53710.70031965,6201098815.82,8.9e-06,147397.16,8.92e-06,288432.87,22.446689113355564,1.311834724,1e-08,0.0,0.0,1.0,0.0,0.0005,exchangeInfo.quotePrecision/baseSizePrecision/quoteAmountPrecision,1,False,0.27634363097757086,0.6816257408975445,0.12616426756985605,34.762828577602136
mexc,SRMUSDT,SRM-USDT,SRM,USDT,True,1,True,0.00319,57043.383847,18483802.14,0.003177,455.05,0.003196,1751.78,59.626549505727034,1.44569385,1e-06,0.0001,0.0001,1.0,0.0,0.0005,exchangeInfo.quotePrecision/baseSizePrecision/quoteAmountPrecision,1,False,0.43884892086330934,0.270956816257409,0.1917866215071973,34.746343484061185
mexc,SN64USDT,SN64-USDT,SN64,USDT,True,1,True,27.7,4182.74,146.82,27.65,1.29,27.73,1.29,28.89129649693097,35.6685,0.01,0.0,0.0,1.0,0.0,0.0005,exchangeInfo.quotePrecision/baseSizePrecision/quoteAmountPrecision,1,False,0.0837917900973339,0.6126164267569856,0.7408975444538527,34.74191001335506
mexc,COFONUSDT,COFON-USDT,COFON,USDT,True,1,True,176.1,36199.39,204.373,175.84,1.622,177.09,1.483,70.83557645992123,262.62447000000003,0.01,0.0,0.0,1.0,0.0,0.0005,exchangeInfo.quotePrecision/baseSizePrecision/quoteAmountPrecision,1,False,0.20355480321625052,0.19898391193903475,0.9284504657070279,34.73912128951021
mexc,BZZUSDT,BZZ-USDT,BZZ,USDT,True,1,True,0.09434,56376.25423,595055.99,0.09385,47.54,0.09454,300.52,73.2522957694141,4.461629,1e-05,0.0001,0.0001,1.0,0.0,0.0005,exchangeInfo.quotePrecision/baseSizePrecision/quoteAmountPrecision,1,False,0.40710960643250105,0.1905165114309907,0.37722269263336156,34.69839499222956
mexc,XIONUSDT,XION-USDT,XION,USDT,True,1,True,0.0978,21049.7709,212491.66,0.0978,20.4,0.0979,450.9,10.219724067450473,1.9951199999999998,0.0001,0.0,0.0,1.0,0.0,0.0005,exchangeInfo.quotePrecision/baseSizePrecision/quoteAmountPrecision,1,False,0.16250528988573848,0.8399661303979679,0.23581710414902624,34.65328628664534
mexc,MASKSOLUSDT,MASKSOL-USDT,MASKSOL,USDT,True,1,True,0.001288,56555.591229,43040624.79,0.001277,7442.14,0.001294,5336.52,132.24426293271168,6.905456880000001,1e-06,0.0,0.0,1.0,0.0,0.0005,exchangeInfo.quotePrecision/baseSizePrecision/quoteAmountPrecision,1,False,0.4155734236140499,0.08848433530906008,0.4779847586790855,34.62834185508096
mexc,ASTRAAIUSDT,ASTRAAI-USDT,ASTRAAI,USDT,True,1,True,0.2096,33986.7465,167776.44,0.2091,52.34,0.2099,49.42,38.18615751789953,10.373258,0.0001,0.0,0.0,1.0,0.0,0.0005,exchangeInfo.quotePrecision/baseSizePrecision/quoteAmountPrecision,1,False,0.19889970376639865,0.5016934801016089,0.5567315834038951,34.616452377770045
mexc,UNFIUSDT,UNFI-USDT,UNFI,USDT,True,1,True,0.04911,55723.1049,1081483.79,0.04898,58.26,0.04922,43.7,48.87983706720919,2.150914,1e-05,0.001,0.001,1.0,0.0,0.0005,exchangeInfo.quotePrecision/baseSizePrecision/quoteAmountPrecision,1,False,0.3690224291155311,0.37087214225232856,0.2519051651143099,34.606140459948634
mexc,SOONUSDT,SOON-USDT,SOON,USDT,True,1,True,0.1116,51612.2715,455484.32,0.1115,11.78,0.1117,12.92,17.921146953404286,1.31347,0.0001,0.0,0.0,1.0,0.0,0.0005,exchangeInfo.quotePrecision/baseSizePrecision/quoteAmountPrecision,1,False,0.24629707998307238,0.7347586790855207,0.13378492802709568,34.59100493674891
mexc,SN51USDT,SN51-USDT,SN51,USDT,True,1,True,13.11,24538.03,1810.66,13.06,5.57,13.11,1.23,38.21169277798925,16.1253,0.01,0.0,0.0,1.0,0.0,0.0005,exchangeInfo.quotePrecision/baseSizePrecision/quoteAmountPrecision,1,False,0.173508252221752,0.5012701100762066,0.6253175275190517,34.58105717448256
mexc,USELESSUSDC,USELESS-USDC,USELESS,USDC,True,1,True,0.03052,54018.89622,1721585.74,0.03029,935.78,0.03052,13717.0,75.64545305048432,28.3447762,1e-05,0.0,0.0,1.0,0.0,0.0,exchangeInfo.quotePrecision/baseSizePrecision/quoteAmountPrecision,1,False,0.28861616589081673,0.1824724809483489,0.7066045723962744,34.56779259562913
mexc,ARUSDC,AR-USDC,AR,USDC,True,1,True,1.67,54049.514,31512.11,1.666,246.2,1.674,3.82,47.90419161676651,6.394679999999999,0.001,0.0,0.0,1.0,0.0,0.0,exchangeInfo.quotePrecision/baseSizePrecision/quoteAmountPrecision,1,False,0.2890393567498942,0.3784928027095682,0.46020321761219307,34.563549041227255
mexc,SPACEUSDT,SPACE-USDT,SPACE,USDT,True,1,True,0.005511,18602.009394,3179006.51,0.005514,410.0,0.00552,410.0,10.875475802066214,2.2607399999999997,1e-06,0.0,0.0,1.0,0.0,0.0005,exchangeInfo.quotePrecision/baseSizePrecision/quoteAmountPrecision,1,False,0.15488785442234448,0.8289585097375106,0.26164267569856053,34.475648250637924
mexc,DINGOUSDT,DINGO-USDT,DINGO,USDT,True,1,True,9.17e-06,7983.32464544,872261984.2,9.14e-06,2454043.42,9.15e-06,495000.0,10.93493712411143,4.52925,1e-08,0.0,0.0,1.0,0.0,0.0005,exchangeInfo.quotePrecision/baseSizePrecision/quoteAmountPrecision,1,False,0.11214557765552265,0.827688399661304,0.3797629127857748,34.45547501830185
mexc,SNFTUSDT,SNFT-USDT,SNFT,USDT,True,1,True,0.03222,56386.03907,1759023.9,0.0321,2050.72,0.03273,298.38,194.3544655252215,9.7659774,1e-05,0.01,0.01,1.0,0.0,0.0005,exchangeInfo.quotePrecision/baseSizePrecision/quoteAmountPrecision,1,False,0.4083791790097334,0.04995766299745974,0.5372565622353938,34.45492766517971
mexc,AMGNONUSDT,AMGNON-USDT,AMGNON,USDT,True,1,True,351.88,35732.99,101.313,350.81,1.09,353.66,1.104,80.91189120899465,382.3829,0.01,0.0,0.0,1.0,0.0,0.0005,exchangeInfo.quotePrecision/baseSizePrecision/quoteAmountPrecision,1,False,0.20270842149809565,0.16892464013547837,0.951735817104149,34.4067955278652
mexc,NTHUSDT,NTH-USDT,NTH,USDT,True,1,True,0.00605,49672.40759,8128869.23,0.00603,9449.39,0.00606,2461.94,49.62779156327628,14.919356400000002,1e-05,0.0,0.0,1.0,0.0,0.0005,exchangeInfo.quotePrecision/baseSizePrecision/quoteAmountPrecision,1,False,0.23783326280152348,0.3611346316680779,0.6130397967823878,34.3699911814335
mexc,CYBROUSDT,CYBRO-USDT,CYBRO,USDT,True,1,True,0.002863,38323.774684,13414388.82,0.002851,6424.69,0.002864,34915.44,45.49431321084862,18.316791189999996,1e-06,0.0,0.0,1.0,0.0,0.0005,exchangeInfo.quotePrecision/baseSizePrecision/quoteAmountPrecision,1,False,0.20863309352517986,0.4022015241320914,0.6418289585097375,34.36643741738193
mexc,BIDUSDT,BID-USDT,BID,USDT,True,1,True,0.007711,56516.903183,7262184.36,0.007688,195.58,0.007731,327.7,55.775342110382816,1.5036190400000002,1e-06,0.0,0.0,1.0,0.0,0.0005,exchangeInfo.quotePrecision/baseSizePrecision/quoteAmountPrecision,1,False,0.41388066017774017,0.3018628281117697,0.20067739204064353,34.323554853382824
mexc,SWELLUSDT,SWELL-USDT,SWELL,USDT,True,1,True,0.001111,54258.095307,47292964.97,0.0011,73817.45,0.001115,45952.7,135.44018058690781,51.237260500000005,1e-06,0.0,0.0,1.0,0.0,0.0005,exchangeInfo.quotePrecision/baseSizePrecision/quoteAmountPrecision,1,False,0.3000423190859077,0.08425063505503805,0.7853513971210838,34.31562136852256
mexc,IDEXUSDC,IDEX-USDC,IDEX,USDC,True,1,True,0.003088,56517.308787,17468263.26,0.003076,3075.2,0.003097,966.3,68.03823100599304,2.9926310999999997,1e-06,0.0,0.0,1.0,0.0,0.0,exchangeInfo.quotePrecision/baseSizePrecision/quoteAmountPrecision,1,False,0.4143038510368176,0.21380186282811176,0.3069432684165961,34.27062374605969
mexc,HAROLDUSDT,HAROLD-USDT,HAROLD,USDT,True,1,True,0.00146,15497.121753,10451191.91,0.001456,10569.01,0.001461,15111.04,34.28179636612967,15.388478560000001,1e-06,0.0,0.0,1.0,0.0,0.0005,exchangeInfo.quotePrecision/baseSizePrecision/quoteAmountPrecision,1,False,0.1464240372407956,0.5537679932260796,0.6181202370872142,34.25992662064004
mexc,SDUSDT,SD-USDT,SD,USDT,True,1,True,0.1274,53430.3016,413097.96,0.1269,641.52,0.1282,556.07,101.92081536652259,71.28817400000001,0.0001,0.0,0.0,1.0,0.0,0.0005,exchangeInfo.quotePrecision/baseSizePrecision/quoteAmountPrecision,1,False,0.26872619551417687,0.1215071972904318,0.8183742591024555,34.18510586758964
mexc,EPILEPTICUSDT,EPILEPTIC-USDT,EPILEPTIC,USDT,True,1,True,0.0005058,56345.1817882,108817415.31,0.0005044,314907.62,0.0005107,12965.36,124.12570190129031,6.621409352000001,1e-07,0.0,0.0,1.0,0.0,0.0005,exchangeInfo.quotePrecision/baseSizePrecision/quoteAmountPrecision,1,False,0.40584003385526873,0.09652836579170199,0.4707874682472481,34.1501603717773
mexc,SCCPUSDT,SCCP-USDT,SCCP,USDT,True,1,True,0.03271,55054.05117,1689395.74,0.03266,57.4,0.0328,647.21,42.77421326000648,1.874684,1e-05,0.0,0.0,1.0,0.0,0.0005,exchangeInfo.quotePrecision/baseSizePrecision/quoteAmountPrecision,1,False,0.3381294964028777,0.4381879762912786,0.2277730736663844,34.10728318276793
mexc,TOWNSUSDC,TOWNS-USDC,TOWNS,USDC,True,1,True,0.003675,56102.324271,14866849.52,0.003663,373.54,0.003681,368.18,49.019607843136676,1.35527058,1e-06,0.0,0.0,1.0,0.0,0.0,exchangeInfo.quotePrecision/baseSizePrecision/quoteAmountPrecision,1,False,0.392721117223868,0.37002540220152413,0.16172734970364097,34.08484349642366
mexc,SALUSDT,SAL-USDT,SAL,USDT,True,1,True,0.01714,5351.06231,299253.97,0.01714,827.28,0.01718,2147.56,23.31002331002438,14.1795792,1e-05,0.0,0.0,1.0,0.0,0.0005,exchangeInfo.quotePrecision/baseSizePrecision/quoteAmountPrecision,1,False,0.09310198899703766,0.6731583403895004,0.6058425063505504,34.066418031585584
mexc,FLMUSDT,FLM-USDT,FLM,USDT,True,1,True,0.002679,56313.295729,20527929.84,0.002671,1315.64,0.002688,1037.69,63.44467251352735,2.78931072,1e-06,0.0001,0.0001,1.0,0.0,0.0005,exchangeInfo.quotePrecision/baseSizePrecision/quoteAmountPrecision,1,False,0.40330088870080405,0.24047417442845043,0.29170194750211687,34.02744218929782
mexc,RAVEUSDT,RAVE-USDT,RAVE,USDT,True,1,True,0.3022,6250.6348,20700.84,0.3011,119.07,0.3021,100.83,33.15649867374008,30.460742999999997,0.0001,0.0,0.0,1.0,0.0,0.0005,exchangeInfo.quotePrecision/baseSizePrecision/quoteAmountPrecision,1,False,0.10071942446043165,0.5643522438611346,0.7188823031329382,34.02602050451087
mexc,3KDSUSDT,3KDS-USDT,3KDS,USDT,True,1,True,0.0010016,55760.5216815,53828529.9,0.0010008,560.14,0.0010045,3081.25,36.90220914576301,0.560588112,1e-07,0.0,0.0,1.0,0.0,0.0005,exchangeInfo.quotePrecision/baseSizePrecision/quoteAmountPrecision,1,False,0.3707151925518409,0.5182049110922946,0.03344623200677392,34.01338300779409
mexc,SAUBERUSDT,SAUBER-USDT,SAUBER,USDT,True,1,True,0.1626,55464.3534,340112.04,0.1617,162.18,0.1638,83.0,129.03225806451556,13.5954,0.0001,0.0,0.0,1.0,0.0,0.0005,exchangeInfo.quotePrecision/baseSizePrecision/quoteAmountPrecision,1,False,0.358442657638595,0.09187129551227768,0.5994919559695173,34.00096767732001
mexc,SQGROWUSDT,SQGROW-USDT,SQGROW,USDT,True,1,True,0.004815,54489.363727,10947727.36,0.004786,229.89,0.004799,26755.21,27.12571726656232,1.10025354,1e-06,0.0,0.0,1.0,0.0,0.0005,exchangeInfo.quotePrecision/baseSizePrecision/quoteAmountPrecision,1,False,0.3089293271265341,0.6320914479254869,0.05884843353090601,33.970367860714674
mexc,FRTSUSDT,FRTS-USDT,FRTS,USDT,True,1,True,1.1347e-05,61806.797785725,5448817792.11,1.1263e-05,10386.76,1.137e-05,598604.13,94.55220253611908,0.11698607788000001,1e-09,0.01,0.01,1.0,0.0,0.0005,exchangeInfo.quotePrecision/baseSizePrecision/quoteAmountPrecision,1,False,0.5446466356326704,0.13717188823031334,0.02201524132091448,33.825166991973
mexc,COLLATUSDT,COLLAT-USDT,COLLAT,USDT,True,1,True,0.002459,55996.057439,22680891.51,0.002426,8074.95,0.002462,3753.7,147.2995090016367,9.2416094,1e-06,0.0,0.0,1.0,0.0,0.0005,exchangeInfo.quotePrecision/baseSizePrecision/quoteAmountPrecision,1,False,0.38679644519678374,0.07535986452159182,0.5317527519051651,33.79285613696621
mexc,CHESSUSDT,CHESS-USDT,CHESS,USDT,False,1,True,0.001526,53469.11297,34865481.04,0.001524,2275.0,0.00153,2732.02,39.29273084479325,3.4671,1e-06,0.0001,0.0001,1.0,0.0,0.0005,exchangeInfo.quotePrecision/baseSizePrecision/quoteAmountPrecision,1,False,0.2695725772323318,0.4864521591871296,0.336155800169348,33.71091173084345
mexc,BTCBAMUSDT,BTCBAM-USDT,BTCBAM,USDT,True,1,True,0.05454,30636.84381,562555.26,0.05453,26.08,0.0546,24.71,12.82873636946772,1.349166,1e-05,0.01,0.01,1.0,0.0,0.0005,exchangeInfo.quotePrecision/baseSizePrecision/quoteAmountPrecision,1,False,0.19128226830300465,0.8010160880609652,0.15622353937341235,33.67039774565764
mexc,SANDUSDC,SAND-USDC,SAND,USDC,True,1,True,0.07263,56319.35959,761203.0,0.07253,205.82,0.07289,17.45,49.51175904277255,1.2719304999999999,1e-05,0.0,0.0,1.0,0.0,0.0,exchangeInfo.quotePrecision/baseSizePrecision/quoteAmountPrecision,1,False,0.4045704612780364,0.36282811176968666,0.10711261642675698,33.46433049306931
mexc,XYMUSDT,XYM-USDT,XYM,USDT,True,1,True,0.002576,55798.578897,21406282.06,0.002572,119.0,0.002582,1162.07,38.80481179666288,0.306068,1e-06,0.001,0.001,1.0,0.0,0.0005,exchangeInfo.quotePrecision/baseSizePrecision/quoteAmountPrecision,1,False,0.37325433770630556,0.4940728196443692,0.0283657917019475,33.44812489899499
mexc,IOUSDC,IO-USDC,IO,USDC,True,1,True,0.1054,54018.4044,488893.7,0.105,611.29,0.1058,182.97,75.90132827324564,19.358226000000002,0.0001,0.0,0.0,1.0,0.0,0.0,exchangeInfo.quotePrecision/baseSizePrecision/quoteAmountPrecision,1,False,0.2881929750317393,0.1812023708721423,0.6524132091447925,33.42893708144507
mexc,PROVEUSDC,PROVE-USDC,PROVE,USDC,True,1,True,0.2515,54808.3586,206900.5,0.2504,8.63,0.2515,8.82,43.83343295477146,2.1609520000000004,0.0001,0.0,0.0,1.0,0.0,0.0,exchangeInfo.quotePrecision/baseSizePrecision/quoteAmountPrecision,1,False,0.3237410071942446,0.42125317527519046,0.25359864521591874,33.40905768188159
mexc,JPMONUSDT,JPMON-USDT,JPMON,USDT,True,1,True,284.52,55226.32,191.271,284.48,0.005,285.72,0.012,43.49351104875514,1.4224,0.01,0.0,0.0,1.0,0.0,0.0005,exchangeInfo.quotePrecision/baseSizePrecision/quoteAmountPrecision,1,False,0.3457469318662717,0.42506350550381033,0.18670618120237087,33.37679251428762
mexc,PENDLEUSDC,PENDLE-USDC,PENDLE,USDC,True,1,True,1.153,56769.001,48589.93,1.15,680.13,1.156,1.04,52.03816131830013,1.20224,0.001,0.0,0.0,1.0,0.0,0.0,exchangeInfo.quotePrecision/baseSizePrecision/quoteAmountPrecision,1,False,0.4244604316546763,0.33657917019475025,0.08044030482641829,33.36860909240432
mexc,JELLYJELLYUSDC,JELLYJELLY-USDC,JELLYJELLY,USDC,True,1,True,0.05499,57151.92195,1037824.56,0.05492,964.32,0.05523,21.73,56.28688152519378,1.2001479000000002,1e-05,0.0,0.0,1.0,0.0,0.0,exchangeInfo.quotePrecision/baseSizePrecision/quoteAmountPrecision,1,False,0.4430808294540838,0.29889923793395423,0.07578323454699407,33.357591259263344
mexc,LUNCUSDC,LUNC-USDC,LUNC,USDC,True,1,True,3.637e-05,38909.60596886,1054636483.16,3.632e-05,223227.11,3.647e-05,755228.14,41.21445253468983,8.107608635199998,1e-08,0.001,0.001,1.0,0.0,0.0,exchangeInfo.quotePrecision/baseSizePrecision/quoteAmountPrecision,1,False,0.20990266610241218,0.4623200677392041,0.5101608806096528,33.30586594130583
mexc,EAIUSDT,EAI-USDT,EAI,USDT,True,1,True,0.002406,1888.773584,783227.74,0.002397,40144.47,0.002406,36325.63,37.47657713928931,87.39946578,1e-06,0.0,0.0,1.0,0.0,0.0005,exchangeInfo.quotePrecision/baseSizePrecision/quoteAmountPrecision,1,False,0.0664409648751587,0.5101608806096528,0.844623200677392,33.3007390969229
mexc,AGIUSDT,AGI-USDT,AGI,USDT,True,1,True,0.01117,56292.62513,4951006.7,0.01115,94.51,0.0112,923.36,44.74272930648742,1.0537865000000002,1e-05,0.0,0.0,1.0,0.0,0.0005,exchangeInfo.quotePrecision/baseSizePrecision/quoteAmountPrecision,1,False,0.40118493440541686,0.4106689246401355,0.04784081287044877,33.28871076571029
mexc,XWGTUSDT,XWGT-USDT,XWGT,USDT,True,1,True,0.015613,15386.376757,977367.56,0.015559,948.41,0.015616,963.42,36.56776263031259,14.75631119,1e-06,0.0,0.0,1.0,0.0,0.0005,exchangeInfo.quotePrecision/baseSizePrecision/quoteAmountPrecision,1,False,0.1455776555226407,0.5228619813717189,0.6100762066045724,33.27984472012966
mexc,LUFCUSDT,LUFC-USDT,LUFC,USDT,True,1,True,0.03668,56383.87532,1551981.92,0.03658,53.25,0.03681,53.25,62.67883907889385,1.947885,1e-05,0.01,0.01,1.0,0.0,0.0005,exchangeInfo.quotePrecision/baseSizePrecision/quoteAmountPrecision,1,False,0.4079559881506559,0.24724809483488575,0.23285351397121085,33.27585199858244
mexc,MTVUSDT,MTV-USDT,MTV,USDT,True,1,True,0.0002058,45053.0186118,213522544.11,0.0002055,8465.7,0.000206,178109.0,24.301336573510817,1.7397013500000003,1e-07,0.001,0.001,1.0,0.0,0.0005,exchangeInfo.quotePrecision/baseSizePrecision/quoteAmountPrecision,1,False,0.2242911553110453,0.6608806096528366,0.2193056731583404,33.24414224659522
mexc,ROSEUSDC,ROSE-USDC,ROSE,USDC,True,1,True,0.01045,58399.80004,5419209.09,0.01041,143.22,0.01049,120.62,76.55502392344351,1.2653037999999999,1e-05,0.0,0.0,1.0,0.0,0.0,exchangeInfo.quotePrecision/baseSizePrecision/quoteAmountPrecision,1,False,0.4845535336436733,0.17950889077053345,0.10330228619813717,33.20421234362812
mexc,ULTIMAEUR,ULTIMA-EUR,ULTIMA,EUR,True,1,True,3260.61,54699.36,16.7859,3253.87,0.0107,3267.83,0.0006,42.81092353220797,1.9606979999999998,0.01,0.0,0.0,1.0,0.0,0.0,exchangeInfo.quotePrecision/baseSizePrecision/quoteAmountPrecision,1,False,0.32035548032162503,0.43649449618966973,0.23327688399661303,33.197451502363386
mexc,SHADOWUSDT,SHADOW-USDT,SHADOW,USDT,False,1,True,0.754,55810.5312,70829.35,0.754,7.57,0.7608,8.47,89.78082915236371,5.7077800000000005,0.0001,0.0,0.0,1.0,0.0,0.0005,exchangeInfo.quotePrecision/baseSizePrecision/quoteAmountPrecision,1,False,0.3745239102835379,0.14860287891617274,0.4419983065198984,33.15385316889687
mexc,NEROUSDT,NERO-USDT,NERO,USDT,True,1,True,0.004173,14016.182309,3351702.21,0.004172,1709.31,0.004183,1597.26,26.331538001196225,6.68133858,1e-06,0.0,0.0,1.0,0.0,0.0005,exchangeInfo.quotePrecision/baseSizePrecision/quoteAmountPrecision,1,False,0.1396529834955565,0.6384419983065199,0.4737510584250635,33.11698521841988
mexc,STBUUSDT,STBU-USDT,STBU,USDT,True,1,True,0.00227,7588.195199,3250144.24,0.002259,627.33,0.00226,2576.89,4.425757911040934,1.4171384700000003,1e-06,0.0,0.0,1.0,0.0,0.0005,exchangeInfo.quotePrecision/baseSizePrecision/quoteAmountPrecision,1,False,0.1079136690647482,0.9381879762912786,0.18628281117696868,33.11560742938249
mexc,AUSDC,A-USDC,A,USDC,True,1,True,0.07349,55617.53039,742798.87,0.07345,3595.52,0.0738,18.58,47.538200339559,1.3712039999999999,1e-05,0.0,0.0,1.0,0.0,0.0,exchangeInfo.quotePrecision/baseSizePrecision/quoteAmountPrecision,1,False,0.3652137113838341,0.3839966130397968,0.1668077900084674,33.02282525227515
mexc,MASSUSDT,MASS-USDT,MASS,USDT,False,1,True,0.0003754,53790.5780312,143174532.1,0.0003746,12898.41,0.0003761,7083.61,39.96270147861948,2.6641457209999997,1e-07,0.0001,0.0001,1.0,0.0,0.0005,exchangeInfo.quotePrecision/baseSizePrecision/quoteAmountPrecision,1,False,0.2797291578501904,0.47883149872988995,0.2823878069432684,33.0036472888731
mexc,SPECUSDT,SPEC-USDT,SPEC,USDT,True,1,True,0.09934,54526.5436,544511.57,0.09909,12.5,0.09942,690.44,33.24769533020976,1.2386249999999999,1e-05,0.0,0.0,1.0,0.0,0.0005,exchangeInfo.quotePrecision/baseSizePrecision/quoteAmountPrecision,1,False,0.3110452814219213,0.5639288738357324,0.08933107535986452,32.99233383129627
mexc,PEAQUSDC,PEAQ-USDC,PEAQ,USDC,True,1,True,0.01559,55410.24495,3453309.89,0.0155,1722.56,0.01561,344.3,70.71681131469028,5.374523000000001,1e-05,0.0,0.0,1.0,0.0,0.0,exchangeInfo.quotePrecision/baseSizePrecision/quoteAmountPrecision,1,False,0.35505713076597545,0.20110076206604577,0.4208298052497883,32.97225734877556
mexc,AURORAUSDT,AURORA-USDT,AURORA,USDT,True,1,True,0.02834,54993.06599,1945507.591,0.02824,124.547,0.02838,84.568,49.45249028611718,2.40003984,1e-05,0.001,0.001,1.0,0.0,0.0005,exchangeInfo.quotePrecision/baseSizePrecision/quoteAmountPrecision,1,False,0.3351671603893356,0.36409822184589336,0.26926333615580017,32.9219160906768
mexc,LEARNUSDT,LEARN-USDT,LEARN,USDT,True,1,True,0.006537,18661.889235,2836168.52,0.006529,2312.33,0.006555,2469.82,39.743197798838246,15.09720257,1e-06,0.0,0.0,1.0,0.0,0.0005,exchangeInfo.quotePrecision/baseSizePrecision/quoteAmountPrecision,1,False,0.15531104528142192,0.4817950889077053,0.6160033869602032,32.9070524523749
mexc,PACKUSDT,PACK-USDT,PACK,USDT,True,1,True,0.00868,6780.42812,777307.96,0.00866,2446.07,0.00869,10568.54,34.5821325648421,21.1829662,1e-05,0.0,0.0,1.0,0.0,0.0005,exchangeInfo.quotePrecision/baseSizePrecision/quoteAmountPrecision,1,False,0.10410495133305121,0.550381033022862,0.6710414902624894,32.90612795413915
mexc,UNIT0USDT,UNIT0-USDT,UNIT0,USDT,True,1,True,0.022315,48253.389539,2197203.03,0.02227,243.1,0.022359,227.49,39.8843801115861,5.0864489100000005,1e-06,0.0,0.0,1.0,0.0,0.0005,exchangeInfo.quotePrecision/baseSizePrecision/quoteAmountPrecision,1,False,0.23444773592890394,0.4792548687552921,0.4005080440304826,32.886158075581676
mexc,SUPRAUSDC,SUPRA-USDC,SUPRA,USDC,True,1,True,0.0003891,57482.3890685,147568345.0,0.0003876,3095.98,0.00039,37703.83,61.7283950617285,1.2000018479999999,1e-07,0.0,0.0,1.0,0.0,0.0,exchangeInfo.quotePrecision/baseSizePrecision/quoteAmountPrecision,1,False,0.4557765552264071,0.25486875529212527,0.07154953429297206,32.87042010561497
mexc,LNQUSDT,LNQ-USDT,LNQ,USDT,True,1,True,0.002389,28344.608734,11752776.88,0.002383,15687.76,0.002396,23892.6,54.404687173048714,37.38393208,1e-06,0.0,0.0,1.0,0.0,0.0005,exchangeInfo.quotePrecision/baseSizePrecision/quoteAmountPrecision,1,False,0.18366483283961066,0.3132938187976291,0.745977984758679,32.8534709712929
mexc,LBUSDT,LB-USDT,LB,USDT,True,1,True,2.055e-07,36252.3402977942,172220475509.99,2.055e-07,871675.55,2.057e-07,6998396.61,9.727626459143412,0.17912932552500002,1e-10,0.0,0.0,1.0,0.0,0.0005,exchangeInfo.quotePrecision/baseSizePrecision/quoteAmountPrecision,1,False,0.20397799407532796,0.8454699407281965,0.023708721422523286,32.82971262079841
mexc,MELANIAEUR,MELANIA-EUR,MELANIA,EUR,True,1,True,0.09892,52342.71726,523139.87,0.09858,692.05,0.09927,254.72,69.74981046247117,25.286054399999998,1e-05,0.0,0.0,1.0,0.0,0.0,exchangeInfo.quotePrecision/baseSizePrecision/quoteAmountPrecision,1,False,0.2530681337283115,0.20364098221845894,0.6909398814563928,32.828569539646466
mexc,AMIUSDT,AMI-USDT,AMI,USDT,True,1,True,0.00694,24393.714482,3462248.3,0.006935,1302.8,0.006961,24871.02,37.42084052964879,9.034918,1e-06,0.0,0.0,1.0,0.0,0.0005,exchangeInfo.quotePrecision/baseSizePrecision/quoteAmountPrecision,1,False,0.17181548878544223,0.5114309906858594,0.5287891617273497,32.811409884892804
mexc,BLZUSDT,BLZ-USDT,BLZ,USDT,True,1,True,0.01025,52861.95744,5144877.88,0.01023,297.29,0.01027,293.59,39.024390243902545,3.0151692999999997,1e-05,1.0,1.0,1.0,0.0,0.0005,exchangeInfo.quotePrecision/baseSizePrecision/quoteAmountPrecision,1,False,0.25983918747355056,0.4911092294665538,0.31160033869602033,32.80089282162953
mexc,SKATEUSDT,SKATE-USDT,SKATE,USDT,True,1,True,0.002106,53437.541915,24780596.17,0.002101,1122.04,0.002109,1769.37,38.00475059382515,2.35740604,1e-06,0.0,0.0,1.0,0.0,0.0005,exchangeInfo.quotePrecision/baseSizePrecision/quoteAmountPrecision,1,False,0.26914938637325436,0.504233700254022,0.26714648602878915,32.75198847745533
mexc,AZENUSDT,AZEN-USDT,AZEN,USDT,True,1,True,0.000749,9782.47674,12276178.47,0.000748,10594.99,0.00075,11143.32,26.70226969292455,7.9250525199999995,1e-06,0.0,0.0,1.0,0.0,0.0005,exchangeInfo.quotePrecision/baseSizePrecision/quoteAmountPrecision,1,False,0.12272534913245874,0.6359017781541068,0.5029635901778154,32.70671045969421
mexc,HMNDUSDT,HMND-USDT,HMND,USDT,True,1,True,0.002956,46659.84121,15626232.4,0.002954,1323.14,0.002965,1319.49,37.16844061496928,3.9085555600000004,1e-06,0.0,0.0,1.0,0.0,0.0005,exchangeInfo.quotePrecision/baseSizePrecision/quoteAmountPrecision,1,False,0.2293694456199746,0.5143945808636748,0.3598645215918713,32.67247446252791
mexc,MEMEUSDC,MEME-USDC,MEME,USDC,True,1,True,0.0005063,57754.9169624,107272501.48,0.0005049,95194.24,0.0005086,2526.53,73.01430685742547,1.284993158,1e-07,0.0,0.0,1.0,0.0,0.0,exchangeInfo.quotePrecision/baseSizePrecision/quoteAmountPrecision,1,False,0.46550994498518833,0.19178662150719727,0.1126164267569856,32.650041047005004
mexc,AVAILUSDT,AVAIL-USDT,AVAIL,USDT,True,1,True,0.004435,58558.460421,13383676.18,0.004426,271.13,0.004462,226912.89,81.00810081008004,1.2000213800000001,1e-06,0.0,0.0,1.0,0.0,0.0005,exchangeInfo.quotePrecision/baseSizePrecision/quoteAmountPrecision,1,False,0.49005501481168007,0.16723116003386962,0.07408975444538526,32.61559990439685
mexc,SAUCEUSDT,SAUCE-USDT,SAUCE,USDT,True,1,True,0.02013,20830.96892,1032741.43,0.02012,597.15,0.0202,1248.63,39.68253968253979,12.014657999999999,1e-05,0.001,0.001,1.0,0.0,0.0005,exchangeInfo.quotePrecision/baseSizePrecision/quoteAmountPrecision,1,False,0.16208209902666101,0.48221845893310755,0.5804403048264183,32.57878301632241
mexc,XOXOUSDT,XOXO-USDT,XOXO,USDT,True,1,True,0.0001005,57570.58829257,562755663.08,0.0001003,0.73,0.00010089,47330.0,58.65102639296249,7.321899999999999e-05,1e-08,0.0,0.0,1.0,0.0,0.0005,exchangeInfo.quotePrecision/baseSizePrecision/quoteAmountPrecision,1,False,0.46170122725349133,0.28027095681625736,0.004233700254022015,32.4850154244289
mexc,BCATUSDT,BCAT-USDT,BCAT,USDT,True,1,True,2.926e-05,7552.30136159,258077615.54,2.925e-05,170940.17,2.93e-05,1149425.28,17.079419299744224,4.9999999725,1e-08,0.0,0.0,1.0,0.0,0.0005,exchangeInfo.quotePrecision/baseSizePrecision/quoteAmountPrecision,1,False,0.10749047820567076,0.7451312447078746,0.3954276037256562,32.44880949352188
mexc,CPHUSDT,CPH-USDT,CPH,USDT,True,1,True,0.004379,53970.400319,12410016.07,0.004379,11.29,0.00439,299.2,25.08837951875864,0.049438909999999996,1e-06,0.001,0.001,1.0,0.0,0.0005,exchangeInfo.quotePrecision/baseSizePrecision/quoteAmountPrecision,1,False,0.2873465933135844,0.6486028789161727,0.02032176121930567,32.42556982953758
mexc,CALCIFYUSDT,CALCIFY-USDT,CALCIFY,USDT,True,1,True,0.0214,11796.39988,556002.78,0.02139,1176.07,0.02148,7399.1,41.98740377886625,25.156137299999997,1e-05,0.0,0.0,1.0,0.0,0.0005,exchangeInfo.quotePrecision/baseSizePrecision/quoteAmountPrecision,1,False,0.13415150232754972,0.44919559695173583,0.6905165114309907,32.41855278042844
mexc,MCRTUSDT,MCRT-USDT,MCRT,USDT,True,1,True,0.0001241,34353.7231292,277487948.1,0.0001238,16155.08,0.0001241,37007.25,24.203307785397925,1.999998904,1e-07,0.001,0.001,1.0,0.0,0.0005,exchangeInfo.quotePrecision/baseSizePrecision/quoteAmountPrecision,1,False,0.20059246720270843,0.6621507197290432,0.23962743437764605,32.37890237692797
mexc,WLFIUSDC,WLFI-USDC,WLFI,USDC,True,1,True,0.09698,55625.2282,572128.95,0.09669,12.84,0.09711,12.36,43.34365325077438,1.2002796,1e-05,0.0,0.0,1.0,0.0,0.0,exchangeInfo.quotePrecision/baseSizePrecision/quoteAmountPrecision,1,False,0.36563690224291157,0.4276037256562235,0.07747671464860288,32.34965705773779
mexc,ETHFIUSDE,ETHFI-USDE,ETHFI,USDE,True,1,True,0.4542,55960.5359,118597.93,0.4527,2.76,0.4549,214.48,48.47950639048117,1.2494519999999998,0.0001,0.0,0.0,1.0,0.0,0.0,exchangeInfo.quotePrecision/baseSizePrecision/quoteAmountPrecision,1,False,0.38425730004231906,0.37341236240474174,0.09356477561388654,32.34075607472383
mexc,ZCXUSDT,ZCX-USDT,ZCX,USDT,True,1,True,0.002639,61460.139745,22384735.59,0.002603,1959.63,0.002647,415.56,167.6190476190484,1.09998732,1e-06,0.0001,0.0001,1.0,0.0,0.0005,exchangeInfo.quotePrecision/baseSizePrecision/quoteAmountPrecision,1,False,0.5404147270418959,0.06011854360711266,0.05419136325148179,32.309600842511735
mexc,SURGEUSDT,SURGE-USDT,SURGE,USDT,True,1,True,0.01377,54164.02691,3887063.55,0.01373,294.33,0.0138,632.74,50.85361423901244,4.0411509,1e-05,0.0,0.0,1.0,0.0,0.0005,exchangeInfo.quotePrecision/baseSizePrecision/quoteAmountPrecision,1,False,0.2958104104951333,0.3475867908552075,0.3657917019475021,32.275076387562564
mexc,VARAUSDT,VARA-USDT,VARA,USDT,True,1,True,0.000806,11435.109513,13730426.44,0.000806,2490.0,0.000807,85941.0,12.399256044637625,2.0069399999999997,1e-06,0.0,0.0,1.0,0.0,0.0005,exchangeInfo.quotePrecision/baseSizePrecision/quoteAmountPrecision,1,False,0.13076597545493018,0.8069432684165961,0.2447078746824725,32.25986785408551
mexc,DOGSUSDC,DOGS-USDC,DOGS,USDC,True,1,True,2.603e-05,56187.11743717,2122437359.0,2.595e-05,76127.0,2.612e-05,33197553.0,65.29671595928559,1.97549565,1e-08,0.0,0.0,1.0,0.0,0.0,exchangeInfo.quotePrecision/baseSizePrecision/quoteAmountPrecision,1,False,0.3952602623783326,0.23243014394580863,0.23497036409822183,32.249475311417946
mexc,SCAUSDT,SCA-USDT,SCA,USDT,True,1,True,0.0191,5787.2354,296637.91,0.0191,17228.39,0.0192,13720.13,52.21932114882475,263.426496,0.0001,0.0,0.0,1.0,0.0,0.0005,exchangeInfo.quotePrecision/baseSizePrecision/quoteAmountPrecision,1,False,0.09648751586965722,0.33403895004233697,0.9288738357324301,32.235263838538174
mexc,PHTUSDT,PHT-USDT,PHT,USDT,True,1,True,0.01643,5096.31146,309989.12,0.01643,595.37,0.01647,5861.1,24.316109422491408,9.781929100000001,1e-05,0.0,0.0,1.0,0.0,0.0005,exchangeInfo.quotePrecision/baseSizePrecision/quoteAmountPrecision,1,False,0.09013965298349556,0.6604572396274344,0.5376799322607959,32.222710549994034
mexc,ZLWUSDT,ZLW-USDT,ZLW,USDT,True,1,True,0.001204,7736.350408,6403891.77,0.001203,54189.89,0.001208,29352.2,41.476565740356804,35.457457600000005,1e-06,0.0,0.0,1.0,0.0,0.0005,exchangeInfo.quotePrecision/baseSizePrecision/quoteAmountPrecision,1,False,0.10876005078290309,0.45681625740897547,0.7396274343776461,32.19475791583698
mexc,AZEROUSDT,AZERO-USDT,AZERO,USDT,True,1,True,0.005642,55035.932217,9695265.35,0.00563,585.7,0.005663,2727.35,58.44328344992481,3.297491,1e-06,0.01,0.01,1.0,0.0,0.0005,exchangeInfo.quotePrecision/baseSizePrecision/quoteAmountPrecision,1,False,0.3368599238256454,0.28408128704487723,0.32726502963590176,32.17462857925047
mexc,MCOINUSDT,MCOIN-USDT,MCOIN,USDT,True,1,True,0.0372,56183.31306,1489638.12,0.03686,4479.72,0.03734,139.26,129.38005390835616,5.1999683999999995,1e-05,0.0,0.0,1.0,0.0,0.0005,exchangeInfo.quotePrecision/baseSizePrecision/quoteAmountPrecision,1,False,0.3948370715192552,0.09144792548687553,0.4085520745131245,32.17327856099341
mexc,PEOPLEUSDC,PEOPLE-USDC,PEOPLE,USDC,True,1,True,0.006436,55406.082364,8574918.08,0.006427,218.56,0.006459,105755.71,49.66630451652942,1.4046851200000001,1e-06,0.0,0.0,1.0,0.0,0.0,exchangeInfo.quotePrecision/baseSizePrecision/quoteAmountPrecision,1,False,0.354633939906898,0.36071126164267575,0.18204911092294665,32.163630454405215
mexc,KISHUUSDT,KISHU-USDT,KISHU,USDT,True,1,True,2.932e-11,54260.85885146393,1855639863845327.0,2.892e-11,1146194631185.0,2.958e-11,2143275763551.0,225.641025641027,33.1479487338702,1e-14,100.0,100.0,1.0,0.0,0.0005,exchangeInfo.quotePrecision/baseSizePrecision/quoteAmountPrecision,1,False,0.30046550994498517,0.03979678238780693,0.7315834038950042,32.15219068456944
mexc,IMXUSDC,IMX-USDC,IMX,USDC,True,1,True,0.1429,55201.2336,375863.98,0.1426,8.78,0.1432,23.5,41.9874037788656,1.252028,0.0001,0.0,0.0,1.0,0.0,0.0,exchangeInfo.quotePrecision/baseSizePrecision/quoteAmountPrecision,1,False,0.34447735928903933,0.449618966977138,0.09652836579170194,32.11729625115966
mexc,SERUSDT,SER-USDT,SER,USDT,True,1,True,7.87e-05,16565.3196382,166011529.33,7.86e-05,18797.93,7.87e-05,241258.66,12.714558169103931,1.477517298,1e-07,0.01,0.01,1.0,0.0,0.0005,exchangeInfo.quotePrecision/baseSizePrecision/quoteAmountPrecision,1,False,0.14811680067710536,0.8022861981371718,0.1951735817104149,32.10705062487839
mexc,ANIMEUSDC,ANIME-USDC,ANIME,USDC,True,1,True,0.004599,54226.071216,11579360.6,0.004587,845.44,0.004605,301.86,39.16449086161835,1.3900653,1e-06,0.0,0.0,1.0,0.0,0.0,exchangeInfo.quotePrecision/baseSizePrecision/quoteAmountPrecision,1,False,0.2975031739314431,0.48814563928873833,0.17527519051651144,32.07181935877806
mexc,PORTUMAUSDT,PORTUMA-USDT,PORTUMA,USDT,True,1,True,9.67e-05,6215.9707009,62763575.62,9.67e-05,397654.73,9.71e-05,1625045.38,41.279669762641504,38.453212391,1e-07,0.0,0.0,1.0,0.0,0.0005,exchangeInfo.quotePrecision/baseSizePrecision/quoteAmountPrecision,1,False,0.09987304274227676,0.4597798475867908,0.7506350550381033,32.00021464125706
mexc,BIOUSDC,BIO-USDC,BIO,USDC,True,1,True,0.01612,54686.42507,3291777.71,0.01609,149.3,0.01617,1812.1,49.597024178549425,2.4022370000000004,1e-05,0.0,0.0,1.0,0.0,0.0,exchangeInfo.quotePrecision/baseSizePrecision/quoteAmountPrecision,1,False,0.3190859077443927,0.36155800169348007,0.2696867061812024,31.982409091902653
mexc,ONIUSDT,ONI-USDT,ONI,USDT,True,1,True,0.009229,46610.355777,5049856.49,0.009221,596.46,0.009261,2763.2,43.28535872741057,5.499957660000001,1e-06,0.0,0.0,1.0,0.0,0.0005,exchangeInfo.quotePrecision/baseSizePrecision/quoteAmountPrecision,1,False,0.22894625476089717,0.42929720575783237,0.43183742591024554,31.961222674000066
mexc,RUNEUSDC,RUNE-USDC,RUNE,USDC,True,1,True,0.3945,53939.2687,136016.59,0.3935,5.33,0.395,3.58,38.04692454026636,1.4141000000000001,0.0001,0.0,0.0,1.0,0.0,0.0,exchangeInfo.quotePrecision/baseSizePrecision/quoteAmountPrecision,1,False,0.28480744815911974,0.5029635901778153,0.18501270110076207,31.938753425212212
mexc,CAPUSDT,CAP-USDT,CAP,USDT,True,1,True,0.09634,32297.3714,337904.98,0.0958,552.19,0.09643,492.62,65.54648077823498,47.5033466,1e-05,0.0,0.0,1.0,0.0,0.0005,exchangeInfo.quotePrecision/baseSizePrecision/quoteAmountPrecision,1,False,0.19424460431654678,0.22988992379339546,0.775190516511431,31.93451166247358
mexc,CHEQUSDT,CHEQ-USDT,CHEQ,USDT,True,1,True,0.003078,19100.348288,6159766.17,0.003086,333.24,0.003088,3598.0,6.478781988985525,1.0283786400000001,1e-06,0.0,0.0,1.0,0.0,0.0005,exchangeInfo.quotePrecision/baseSizePrecision/quoteAmountPrecision,1,False,0.1561574269995768,0.8962743437764606,0.04657070279424217,31.926931135273083
mexc,DEGENUSDT,DEGEN-USDT,DEGEN,USDT,True,1,True,0.0006843,54536.7827335,79114788.15,0.0006818,6885.0,0.0006858,6885.0,58.49663644340434,4.694193,1e-07,0.0,0.0,1.0,0.0,0.0005,exchangeInfo.quotePrecision/baseSizePrecision/quoteAmountPrecision,1,False,0.3123148539991536,0.2832345469940728,0.3827265029635902,31.912710704077075
mexc,BUTTHOLEUSDT,BUTTHOLE-USDT,BUTTHOLE,USDT,True,1,True,0.0004863,55405.0487719,113215535.59,0.0004845,18384.63,0.0004917,305002.03,147.51075599262361,8.907353235,1e-07,0.0,0.0,1.0,0.0,0.0005,exchangeInfo.quotePrecision/baseSizePrecision/quoteAmountPrecision,1,False,0.35421074904782057,0.0745131244707875,0.5237087214225233,31.818593737850286
mexc,BANANAUSDC,BANANA-USDC,BANANA,USDC,True,1,True,3.231,55568.278,16842.53,3.222,0.41,3.238,0.51,49.535603715170325,1.3210199999999999,0.001,0.0,0.0,1.0,0.0,0.0,exchangeInfo.quotePrecision/baseSizePrecision/quoteAmountPrecision,1,False,0.36182818451121457,0.3624047417442845,0.14225232853513972,31.805715262426702
mexc,DCTUSDT,DCT-USDT,DCT,USDT,True,1,True,0.005998,17580.454254,2929215.48,0.005996,67586.87,0.005999,5.19,5.002084201751394,0.031134810000000002,1e-06,0.0,0.0,1.0,0.0,0.0005,exchangeInfo.quotePrecision/baseSizePrecision/quoteAmountPrecision,1,False,0.15065594583157005,0.9250635055038103,0.017781541066892465,31.76829547966946
mexc,SXTUSDC,SXT-USDC,SXT,USDC,True,1,True,0.01627,54826.3274,3311003.78,0.01619,480.0,0.01633,480.0,86.10086100861085,7.771199999999999,1e-05,0.0,0.0,1.0,0.0,0.0,exchangeInfo.quotePrecision/baseSizePrecision/quoteAmountPrecision,1,False,0.32585696148963184,0.15410668924640136,0.497883149872989,31.73246311054957
mexc,SABAIUSDT,SABAI-USDT,SABAI,USDT,True,1,True,0.001875,30746.266704,16313151.58,0.001868,15312.94,0.001879,16635.47,58.713637576727734,28.60457192,1e-06,0.0,0.0,1.0,0.0,0.0005,exchangeInfo.quotePrecision/baseSizePrecision/quoteAmountPrecision,1,False,0.1917054591620821,0.2798475867908552,0.707874682472481,31.697483573135514
mexc,ATSUSDT,ATS-USDT,ATS,USDT,True,1,True,0.05994,41719.56249,691739.21,0.05991,3.37,0.06,244.07,15.011258443832842,0.2018967,1e-05,0.0,0.0,1.0,0.0,0.0005,exchangeInfo.quotePrecision/baseSizePrecision/quoteAmountPrecision,1,False,0.21709691070672874,0.770956816257409,0.024132091447925486,31.696892324263814
mexc,ZKPUSDC,ZKP-USDC,ZKP,USDC,True,1,True,0.06952,50254.38262,713914.37,0.0695,120.7,0.06987,120.47,53.09607519552204,8.38865,1e-05,0.0,0.0,1.0,0.0,0.0,exchangeInfo.quotePrecision/baseSizePrecision/quoteAmountPrecision,1,False,0.2399492170969107,0.3259949195596952,0.5156646909398814,31.660373748120097
mexc,MEERUSDT,MEER-USDT,MEER,USDT,True,1,True,0.002704,6162.27026,2275129.06,0.002701,2343.73,0.002707,2222.63,22.18934911242738,6.016659410000001,1e-06,0.0,0.0,1.0,0.0,0.0005,exchangeInfo.quotePrecision/baseSizePrecision/quoteAmountPrecision,1,False,0.09944985188319933,0.6841659610499576,0.4521591871295512,31.61707462241593
mexc,OTKUSDT,OTK-USDT,OTK,USDT,True,1,True,0.0003218,4835.2165841,15270220.4,0.0003207,33458.06,0.0003216,33364.42,28.024287716021234,10.729997471999999,1e-07,0.0,0.0,1.0,0.0,0.0005,exchangeInfo.quotePrecision/baseSizePrecision/quoteAmountPrecision,1,False,0.0876005078290309,0.6215071972904318,0.5626587637595258,31.60888313804801
mexc,DEAIUSDT,DEAI-USDT,DEAI,USDT,True,1,True,0.002933,54670.93837,18445592.01,0.002924,822.94,0.002939,824.63,51.16834385127156,2.4062765600000002,1e-06,0.0,0.0,1.0,0.0,0.0005,exchangeInfo.quotePrecision/baseSizePrecision/quoteAmountPrecision,1,False,0.31823952602623784,0.3429297205757832,0.270956816257409,31.495553270985845
mexc,KAIAUSDC,KAIA-USDC,KAIA,USDC,True,1,True,0.04648,57223.19573,1220177.92,0.04617,26.75,0.04649,36402.8,69.06971724584372,1.2350475,1e-05,1e-05,1e-05,1.0,0.0,0.0,exchangeInfo.quotePrecision/baseSizePrecision/quoteAmountPrecision,1,False,0.4460431654676259,0.2074513124470787,0.08848433530906012,31.48834361807759
mexc,XUSDT,X-USDT,X,USDT,True,1,True,0.014933,39309.271326,2619494.31,0.014884,5276.38,0.01503,13098.6,97.61315771879407,78.53363992,1e-06,0.0,0.0,1.0,0.0,0.0005,exchangeInfo.quotePrecision/baseSizePrecision/quoteAmountPrecision,1,False,0.21117223867964452,0.13039796782387802,0.8298052497883149,31.470527318743702
mexc,ECORUSDT,ECOR-USDT,ECOR,USDT,True,1,True,0.02492,41225.7525,1646733.77,0.02479,3228.69,0.02505,3693.36,104.33386837881213,80.0392251,1e-05,0.0,0.0,1.0,0.0,0.0005,exchangeInfo.quotePrecision/baseSizePrecision/quoteAmountPrecision,1,False,0.21540414727041896,0.11769686706181204,0.834038950042337,31.470428777265084
mexc,BXEUSDT,BXE-USDT,BXE,USDT,True,1,True,0.01281,32600.24565,2475603.81,0.01281,3928.77,0.0129,38672.83,70.01166861143508,50.3275437,1e-05,0.0,0.0,1.0,0.0,0.0005,exchangeInfo.quotePrecision/baseSizePrecision/quoteAmountPrecision,1,False,0.1955141768937791,0.20321761219305678,0.781541066892464,31.464541371833555
mexc,PUNDIAIUSDT,PUNDIAI-USDT,PUNDIAI,USDT,True,1,True,0.5946,3516.4979,5917.8,0.592,23.54,0.5938,154.22,30.35925113847232,13.93568,0.0001,0.0,0.0,1.0,0.0,0.0005,exchangeInfo.quotePrecision/baseSizePrecision/quoteAmountPrecision,1,False,0.07871349978840457,0.598645215918713,0.6045723962743438,31.38682081181695
mexc,PUSSUSDT,PUSS-USDT,PUSS,USDT,True,1,True,0.004497,14610.736171,3240153.38,0.004484,67169.25,0.004504,4418.68,44.50378282153995,19.901734720000004,1e-06,0.0,0.0,1.0,0.0,0.0005,exchangeInfo.quotePrecision/baseSizePrecision/quoteAmountPrecision,1,False,0.14261531950909861,0.41447925486875525,0.6579170194750211,31.36416433421973
mexc,LIGHTUSDC,LIGHT-USDC,LIGHT,USDC,True,1,True,0.1554,51820.6982,332531.03,0.1547,109.9,0.1558,1862.18,70.85346215780933,17.001530000000002,0.0001,0.0,0.0,1.0,0.0,0.0,exchangeInfo.quotePrecision/baseSizePrecision/quoteAmountPrecision,1,False,0.24798984341938213,0.19856054191363248,0.632514817950889,31.253751294924616
mexc,SCOTTYUSDT,SCOTTY-USDT,SCOTTY,USDT,True,1,True,0.0001912,19544.6573065,102059271.55,0.0001907,218007.26,0.0001918,299322.78,57.516339869281026,41.573984482,1e-07,0.01,0.01,1.0,0.0,0.0005,exchangeInfo.quotePrecision/baseSizePrecision/quoteAmountPrecision,1,False,0.15827338129496402,0.29085520745131244,0.7607959356477562,31.192334870460957
mexc,SNAIUSDT,SNAI-USDT,SNAI,USDT,True,1,True,0.0007857,56587.2366006,70855229.29,0.000785,27803.99,0.0007988,4399.56,174.2644273266828,3.5143685280000003,1e-07,0.0,0.0,1.0,0.0,0.0005,exchangeInfo.quotePrecision/baseSizePrecision/quoteAmountPrecision,1,False,0.4172661870503597,0.05588484335309063,0.34123624047417445,31.171486181080542
mexc,STABLEUSDC,STABLE-USDC,STABLE,USDC,True,1,True,0.025937,53943.357773,2061245.62,0.025856,49.29,0.025949,1481.48,35.903870282790976,1.27444224,1e-06,0.0,0.0,1.0,0.0,0.0,exchangeInfo.quotePrecision/baseSizePrecision/quoteAmountPrecision,1,False,0.28523063901819723,0.5325994919559696,0.10795935647756139,31.161859574451316
mexc,ACTUSDC,ACT-USDC,ACT,USDC,True,1,True,0.01222,56197.0449,4527642.39,0.01218,114.75,0.01226,136.46,65.46644844517202,1.397655,1e-05,0.0,0.0,1.0,0.0,0.0,exchangeInfo.quotePrecision/baseSizePrecision/quoteAmountPrecision,1,False,0.396529834955565,0.23073666384419989,0.17908552074513123,31.159267933563694
mexc,LBAIUSDT,LBAI-USDT,LBAI,USDT,True,1,True,1.384e-06,18155.074434026,12837234833.06,1.383e-06,1039959.3,1.384e-06,256174.84,7.228044813878389,0.35454597856,1e-09,0.0,0.0,1.0,0.0,0.0005,exchangeInfo.quotePrecision/baseSizePrecision/quoteAmountPrecision,1,False,0.1531950909860347,0.8839966130397968,0.030059271803556307,31.126830766297957
mexc,BAYUSDT,BAY-USDT,BAY,USDT,True,1,True,0.02981,53840.37838,1807487.39,0.02969,304.18,0.0299,335.88,70.48162443362925,9.0311042,1e-05,0.0,0.0,1.0,0.0,0.0005,exchangeInfo.quotePrecision/baseSizePrecision/quoteAmountPrecision,1,False,0.2809987304274228,0.20152413209144793,0.5283657917019475,31.060349309833402
mexc,UDSUSDT,UDS-USDT,UDS,USDT,True,1,True,1.7478,21183.5169,12180.24,1.747,0.72,1.7492,7.3,12.58509238601899,1.25784,0.0001,0.0,0.0,1.0,0.0,0.0005,exchangeInfo.quotePrecision/baseSizePrecision/quoteAmountPrecision,1,False,0.16292848074481592,0.8039796782387807,0.09949195596951736,31.05039751632474
mexc,MINDHIVEUSDT,MINDHIVE-USDT,MINDHIVE,USDT,True,1,True,0.0007502,102.1656568,136184.56,0.0007459,130357.94,0.0007488,1145363.15,38.803773332441516,97.233987446,1e-07,0.0,0.0,1.0,0.0,0.0005,exchangeInfo.quotePrecision/baseSizePrecision/quoteAmountPrecision,1,False,0.025391451544646636,0.4944961896697714,0.8624047417442845,31.007029411585542
mexc,SAGAUSDC,SAGA-USDC,SAGA,USDC,True,1,True,0.0281,54249.10597,1850521.0,0.02803,21634.06,0.02817,92.14,49.822064056939944,2.5955838,1e-05,0.0,0.0,1.0,0.0,0.0,exchangeInfo.quotePrecision/baseSizePrecision/quoteAmountPrecision,1,False,0.29919593736775285,0.35859441151566473,0.2785774767146486,30.992186377411002
mexc,SLFUSDT,SLF-USDT,SLF,USDT,False,1,True,0.0004993,55474.5818079,111282834.67,0.0004969,22185.04,0.0005003,5751.51,68.19093461692688,2.877480453,1e-07,0.0,0.0,1.0,0.0,0.0005,exchangeInfo.quotePrecision/baseSizePrecision/quoteAmountPrecision,1,False,0.35886584849767245,0.21253175275190517,0.29593564775613884,30.96962844129239
mexc,REKTCOINUSDT,REKTCOIN-USDT,REKTCOIN,USDT,True,1,True,1.41e-07,23741.60648196853,167145882893.0,1.4101e-07,59565641.0,1.416e-07,1203790322.0,41.75365344467693,8.39935103741,1e-11,0.0,0.0,1.0,0.0,0.0005,exchangeInfo.quotePrecision/baseSizePrecision/quoteAmountPrecision,1,False,0.169699534490055,0.451735817104149,0.516934801016088,30.965565844878512
mexc,KIBSHIUSDT,KIBSHI-USDT,KIBSHI,USDT,True,1,True,3.793e-06,10633.033373756,2729958026.03,3.792e-06,279097.47,3.794e-06,382362.27,5.272871078302532,1.0583376062399998,1e-09,0.0,0.0,1.0,0.0,0.0005,exchangeInfo.quotePrecision/baseSizePrecision/quoteAmountPrecision,1,False,0.12653406686415575,0.9208298052497883,0.04911092294665537,30.962337267706385
mexc,TCAPYUSDT,TCAPY-USDT,TCAPY,USDT,True,1,True,5.57e-06,52452.39586475,8429491116.77,5.55e-06,17160520.8,5.58e-06,1081390.95,53.90835579514773,6.034161501,1e-08,0.0,0.0,1.0,0.0,0.0005,exchangeInfo.quotePrecision/baseSizePrecision/quoteAmountPrecision,1,False,0.2543377063055438,0.3162574089754445,0.45300592718035565,30.95512761479814
mexc,FFUSDF,FF-USDF,FF,USDF,True,1,True,0.07974,55945.57697,778214.11,0.06866,105.04,0.07974,100.7,1493.2614555256075,7.2120464,1e-05,0.0,0.0,1.0,0.0,0.0005,exchangeInfo.quotePrecision/baseSizePrecision/quoteAmountPrecision,1,False,0.3834109183241642,0.0042337002540220325,0.48645215918712953,30.922486197922172
mexc,UMAUSDC,UMA-USDC,UMA,USDC,True,1,True,0.3936,56273.9027,138935.65,0.3924,693.43,0.3947,3.14,58.442383432853994,1.239358,0.0001,0.0,0.0,1.0,0.0,0.0,exchangeInfo.quotePrecision/baseSizePrecision/quoteAmountPrecision,1,False,0.3999153618281845,0.28492802709568166,0.08975444538526672,30.913634485647524
mexc,CHESSUSDC,CHESS-USDC,CHESS,USDC,True,1,True,0.001529,55837.784469,36399015.55,0.00152,1820.0,0.001532,2185.62,78.6369593709034,2.7664,1e-06,0.0,0.0,1.0,0.0,0.0,exchangeInfo.quotePrecision/baseSizePrecision/quoteAmountPrecision,1,False,0.3766398645789251,0.17400508044030483,0.29000846740050806,30.865488910858662
mexc,CARDSUSDT,CARDS-USDT,CARDS,USDT,True,1,True,0.03703,55232.95794,1438591.23,0.03671,2848.0,0.03719,182.24,129.9052774018948,6.7775056000000005,1e-05,0.0,0.0,1.0,0.0,0.0005,exchangeInfo.quotePrecision/baseSizePrecision/quoteAmountPrecision,1,False,0.3465933135844266,0.0906011854360711,0.4762912785774767,30.853487454594774
mexc,SAPIENUSDC,SAPIEN-USDC,SAPIEN,USDC,True,1,True,0.06641,53532.41536,779419.56,0.06621,24.08,0.06648,1775.23,40.69635993669341,1.5943368,1e-05,0.0,0.0,1.0,0.0,0.0,exchangeInfo.quotePrecision/baseSizePrecision/quoteAmountPrecision,1,False,0.271688531527719,0.4678238780694327,0.20829805249788316,30.804427235718023
mexc,RIZOUSDT,RIZO-USDT,RIZO,USDT,True,1,True,1.4e-06,37529.57809923,24511126647.24,1.38e-06,168414789.46,1.41e-06,306393319.18,215.05376344086122,232.41240945479998,1e-08,0.0,0.0,1.0,0.0,0.0005,exchangeInfo.quotePrecision/baseSizePrecision/quoteAmountPrecision,1,False,0.20651713922979265,0.041490262489415786,0.9199830651989839,30.79536052385367
mexc,NEXIUSDT,NEXI-USDT,NEXI,USDT,True,1,True,0.01193,6307.82136,517864.49,0.01193,2174.77,0.01198,5130.08,41.8235048097028,25.9450061,1e-05,0.0,0.0,1.0,0.0,0.0005,exchangeInfo.quotePrecision/baseSizePrecision/quoteAmountPrecision,1,False,0.10156580617858654,0.45131244707874685,0.6951735817104149,30.772402150999227
mexc,GEONUSDT,GEON-USDT,GEON,USDT,True,1,True,283.36,56019.19,196.506,283.25,0.981,285.14,0.005,66.5036330688431,1.4257,0.01,0.0,0.0,1.0,0.0,0.0005,exchangeInfo.quotePrecision/baseSizePrecision/quoteAmountPrecision,1,False,0.388912399492171,0.22269263336155798,0.18924640135478407,30.742425833204035
mexc,TWTUSDC,TWT-USDC,TWT,USDC,True,1,True,0.4275,54373.8392,117470.93,0.427,3.28,0.4289,15.36,44.397710012852265,1.4005599999999998,0.0001,0.0,0.0,1.0,0.0,0.0,exchangeInfo.quotePrecision/baseSizePrecision/quoteAmountPrecision,1,False,0.30427422767668216,0.4153259949195597,0.17993226079593566,30.71687761112522
mexc,IMGNUSDT,IMGN-USDT,IMGN,USDT,True,1,True,0.000605,51591.061803,84783365.79,0.000605,19151.54,0.000609,26342.92,65.89785831960444,11.5866817,1e-06,0.0,0.0,1.0,0.0,0.0005,exchangeInfo.quotePrecision/baseSizePrecision/quoteAmountPrecision,1,False,0.2458738891239949,0.2281964436917866,0.5723962743437765,30.675900480989917
mexc,ZYNUSDT,ZYN-USDT,ZYN,USDT,True,1,True,0.000104,55266.995412,530448035.43,0.000103,1079504.5,0.000105,79282.06,192.30769230769306,8.3246163,1e-06,0.0,0.0,1.0,0.0,0.0005,exchangeInfo.quotePrecision/baseSizePrecision/quoteAmountPrecision,1,False,0.34743969530258145,0.05038103302286201,0.5135478408128704,30.63966588347094
mexc,HANDYUSDT,HANDY-USDT,HANDY,USDT,True,1,True,0.0010458,54785.0623614,53974760.93,0.0010411,1318.05,0.0010461,3213.54,47.91107704100993,1.372221855,1e-07,0.001,0.001,1.0,0.0,0.0005,exchangeInfo.quotePrecision/baseSizePrecision/quoteAmountPrecision,1,False,0.32331781633516715,0.37806943268416593,0.1676545300592718,30.587306316723783
mexc,HASHAIUSDT,HASHAI-USDT,HASHAI,USDT,True,1,True,3.753e-05,55632.59642382,1461649679.65,3.736e-05,76935.2,3.763e-05,67617.38,72.00960128016955,2.5444420094,1e-08,0.0,0.0,1.0,0.0,0.0005,exchangeInfo.quotePrecision/baseSizePrecision/quoteAmountPrecision,1,False,0.3669064748201439,0.19432684165961045,0.277307366638442,30.584174489367015
mexc,LVLYUSDT,LVLY-USDT,LVLY,USDT,False,1,True,0.007813,50790.810518,6490904.78,0.007803,1068.93,0.007849,1151.83,58.77843087145418,8.34086079,1e-06,0.0,0.0,1.0,0.0,0.0005,exchangeInfo.quotePrecision/baseSizePrecision/quoteAmountPrecision,1,False,0.24164198053322047,0.2785774767146486,0.5143945808636748,30.542637464466836
mexc,TRCUSDT,TRC-USDT,TRC,USDT,True,1,True,0.0176,1163.407652,65248.26,0.017652,420.66,0.017688,1640.42,20.37351443123817,7.425490320000001,1e-06,0.0,0.0,1.0,0.0,0.0005,exchangeInfo.quotePrecision/baseSizePrecision/quoteAmountPrecision,1,False,0.0558611933982226,0.7032176121930567,0.49195596951735815,30.491925332075827
mexc,ELPUSDT,ELP-USDT,ELP,USDT,True,1,True,0.001062,35870.506114,32269149.31,0.001064,23201.49,0.001066,1033.83,18.77934272300515,1.10206278,1e-06,0.0,0.0,1.0,0.0,0.0005,exchangeInfo.quotePrecision/baseSizePrecision/quoteAmountPrecision,1,False,0.20313161235717309,0.7243861134631668,0.05969517358171041,30.475794987857896
mexc,MLCUSDT,MLC-USDT,MLC,USDT,True,1,True,0.0149,30484.7857,2023538.39,0.0148,11075.27,0.015,9182.7,134.22818791946227,137.7405,0.0001,0.0,0.0,1.0,0.0,0.0005,exchangeInfo.quotePrecision/baseSizePrecision/quoteAmountPrecision,1,False,0.19043588658484978,0.0859441151566469,0.8920406435224386,30.463389511531684
mexc,GAMEUSDT,GAME-USDT,GAME,USDT,True,1,True,30.2047,14874.2499,492.35,30.1543,0.05,30.2077,0.09,17.69325072065203,1.5077150000000001,0.0001,0.0,0.0,1.0,0.0,0.0005,exchangeInfo.quotePrecision/baseSizePrecision/quoteAmountPrecision,1,False,0.1434617012272535,0.7379339542760373,0.2019475021168501,30.377692466736878
mexc,LUMUSDT,LUM-USDT,LUM,USDT,True,1,True,0.3102,55163.9518,179838.6,0.3066,163.07,0.3109,21.07,139.2712550607296,6.550663,0.0001,0.0,0.0,1.0,0.0,0.0005,exchangeInfo.quotePrecision/baseSizePrecision/quoteAmountPrecision,1,False,0.3440541684299619,0.0825571549534293,0.4678238780694327,30.343385698872293
mexc,FEGUSDT,FEG-USDT,FEG,USDT,True,1,True,3.513e-05,34103.71515797,965270983.12,3.51e-05,895129.94,3.535e-05,1192448.44,70.9723207948898,31.419060893999998,1e-08,1000.0,1000.0,1.0,0.0,0.0005,exchangeInfo.quotePrecision/baseSizePrecision/quoteAmountPrecision,1,False,0.1993228946254761,0.19813717188823032,0.7209991532599492,30.336171566805923
mexc,CULTDAOUSDT,CULTDAO-USDT,CULTDAO,USDT,True,1,True,9.024e-07,53944.8585943971,58009999147.0,8.998e-07,28084989.0,9.154e-07,21488501.0,171.8818862935203,19.670573815399997,1e-10,0.0001,0.0001,1.0,0.0,0.0005,exchangeInfo.quotePrecision/baseSizePrecision/quoteAmountPrecision,1,False,0.28565382987727467,0.058001693480101646,0.6541066892464014,30.24313676518068
mexc,RAIUSDT,RAI-USDT,RAI,USDT,True,1,True,0.06043,57278.63326,1152638.17,0.059,33.9,0.0606,151.65,267.55852842809435,2.0000999999999998,1e-05,0.0,0.0,1.0,0.0,0.0005,exchangeInfo.quotePrecision/baseSizePrecision/quoteAmountPrecision,1,False,0.44646635632670334,0.030906011854360704,0.24301439458086369,30.188587785944975
mexc,TITUSDT,TIT-USDT,TIT,USDT,True,1,True,0.000508,36837.526457,72515150.32,0.000507,2169.62,0.000508,19685.0,19.704433497537426,1.0999973399999998,1e-06,0.0,0.0,1.0,0.0,0.0005,exchangeInfo.quotePrecision/baseSizePrecision/quoteAmountPrecision,1,False,0.20482437579348287,0.7116850127011007,0.054614733276883994,30.149760651706757
mexc,VICSUSDT,VICS-USDT,VICS,USDT,True,1,True,0.02433,55878.70648,2287637.95,0.02424,52.04,0.02438,58.11,57.58946935417432,1.2614496,1e-05,0.01,0.01,1.0,0.0,0.0005,exchangeInfo.quotePrecision/baseSizePrecision/quoteAmountPrecision,1,False,0.37917900973338975,0.2904318374259103,0.10118543607112616,30.139350192406724
mexc,MOBILEUSDT,MOBILE-USDT,MOBILE,USDT,True,1,True,0.0001548,55941.1842104,359092724.8,0.0001544,12474.76,0.0001556,17640.31,77.41935483870806,1.9261029440000002,1e-07,0.0,0.0,1.0,0.0,0.0005,exchangeInfo.quotePrecision/baseSizePrecision/quoteAmountPrecision,1,False,0.38298772746508675,0.17696867061812027,0.23158340389500423,30.120209853932867
mexc,BOBMEMEUSDT,BOBMEME-USDT,BOBMEME,USDT,True,1,True,9.372e-07,56587.6719979502,58191828007.99,9.303e-07,13595596.31,9.403e-07,1751643.76,106.9175665561853,1.647070627528,1e-10,0.0,0.0,1.0,0.0,0.0005,exchangeInfo.quotePrecision/baseSizePrecision/quoteAmountPrecision,1,False,0.41768937790943717,0.11430990685859443,0.21380186282811178,30.10670071304614
mexc,BCUTUSDT,BCUT-USDT,BCUT,USDT,True,1,True,0.001699,48857.511834,28308836.21,0.001696,2402.44,0.001704,30830.16,47.05882352941163,4.07453824,1e-06,0.0,0.0,1.0,0.0,0.0005,exchangeInfo.quotePrecision/baseSizePrecision/quoteAmountPrecision,1,False,0.23614049936521372,0.3873835732430144,0.36706181202370874,30.013553036636292
mexc,CANTOUSDT,CANTO-USDT,CANTO,USDT,False,1,True,0.0008475,55003.8660135,64728761.19,0.0008455,6291.68,0.000854,6637.37,100.02942041777044,5.319615440000001,1e-07,0.01,0.01,1.0,0.0,0.0005,exchangeInfo.quotePrecision/baseSizePrecision/quoteAmountPrecision,1,False,0.33601354210749046,0.1248941574936494,0.4165961049957663,29.93502085316854
mexc,ESPUSDC,ESP-USDC,ESP,USDC,True,1,True,0.0824,53360.78048,653231.95,0.08218,472.96,0.08248,15.44,36.43872221547367,1.2734911999999998,1e-05,0.0,0.0,1.0,0.0,0.0,exchangeInfo.quotePrecision/baseSizePrecision/quoteAmountPrecision,1,False,0.2666102412187897,0.5241320914479255,0.10753598645215919,29.91758528227475
mexc,GAMESTOPUSDT,GAMESTOP-USDT,GAMESTOP,USDT,True,1,True,1.53e-05,39677.52254859,2551061599.76,1.526e-05,9836065.57,1.534e-05,491172.7,52.28758169934591,7.534589218,1e-08,0.0,0.0,1.0,0.0,0.0005,exchangeInfo.quotePrecision/baseSizePrecision/quoteAmountPrecision,1,False,0.21244181125687686,0.33319220999153265,0.49407281964436917,29.895561261803927
mexc,INSPUSDT,INSP-USDT,INSP,USDT,True,1,True,0.00125,54563.2062,42537928.49,0.00125,4287.6,0.00126,4522.9,79.68127490039862,5.359500000000001,1e-05,0.0,0.0,1.0,0.0,0.0005,exchangeInfo.quotePrecision/baseSizePrecision/quoteAmountPrecision,1,False,0.31316123571730853,0.17104149026248938,0.4195596951735817,29.891099124485837
mexc,BOMBUSDT,BOMB-USDT,BOMB,USDT,True,1,True,1.663e-05,56562.96525154,3345632045.88,1.655e-05,181268.88,1.7e-05,297441.99,268.2563338301048,2.999999964,1e-08,0.0,0.0,1.0,0.0,0.0005,exchangeInfo.quotePrecision/baseSizePrecision/quoteAmountPrecision,1,False,0.41641980533220485,0.030482641828958545,0.3094834885690093,29.854825110375423
mexc,ETNUSDT,ETN-USDT,ETN,USDT,True,1,True,0.001019,32366.344115,32032894.54,0.001022,1096.97,0.001024,76430.05,19.550342130987765,1.12110334,1e-06,0.0,0.0,1.0,0.0,0.0005,exchangeInfo.quotePrecision/baseSizePrecision/quoteAmountPrecision,1,False,0.19466779517562421,0.7125317527519052,0.06562235393734124,29.832469632203782
mexc,ARSUSDT,ARS-USDT,ARS,USDT,True,1,True,0.0006836,55383.0234307,80998289.53,0.0006802,5812.52,0.000687,16239.58,99.47337624341645,3.953676104000001,1e-07,0.0,0.0,1.0,0.0,0.0005,exchangeInfo.quotePrecision/baseSizePrecision/quoteAmountPrecision,1,False,0.3533643673296657,0.1261642675698561,0.3611346316680779,29.811839525739575
mexc,GIGAUSDT,GIGA-USDT,GIGA,USDT,True,1,True,0.00176,25848.01375,14072240.74,0.00175,13882.79,0.00176,9661.83,56.98005698005713,17.0048208,1e-05,0.0,0.0,1.0,0.0,0.0005,exchangeInfo.quotePrecision/baseSizePrecision/quoteAmountPrecision,1,False,0.17774016081252644,0.2938187976291279,0.6329381879762913,29.779942544942976
mexc,MRSOONUSDT,MRSOON-USDT,MRSOON,USDT,True,1,True,4.97e-06,56085.996459211,11303064730.73,4.919e-06,1249104.59,4.971e-06,473269.57,105.15672396360065,2.3526230324700004,1e-09,0.0,0.0,1.0,0.0,0.0005,exchangeInfo.quotePrecision/baseSizePrecision/quoteAmountPrecision,1,False,0.3914515446466356,0.11685012701100761,0.2662997459779848,29.777083050399845
mexc,BOTTOUSDT,BOTTO-USDT,BOTTO,USDT,True,1,True,0.06025,56713.82753,1007809.74,0.0593,33.73,0.06031,2486.73,168.88220048490996,2.0001889999999998,1e-05,0.0,0.0,1.0,0.0,0.0005,exchangeInfo.quotePrecision/baseSizePrecision/quoteAmountPrecision,1,False,0.4227676682183665,0.058848433530905964,0.24343776460626587,29.592187882408126
mexc,OPULUSDT,OPUL-USDT,OPUL,USDT,True,1,True,0.0008798,54098.8011431,57348744.99,0.000877,1323252.15,0.0008864,10358.4,106.6122263808553,9.181685759999999,1e-07,0.01,0.01,1.0,0.0,0.0005,exchangeInfo.quotePrecision/baseSizePrecision/quoteAmountPrecision,1,False,0.29242488362251373,0.1147332768839966,0.5309060118543607,29.569820758425386
mexc,NAVUSDT,NAV-USDT,NAV,USDT,True,1,True,0.03117,55003.13954,1708689.54,0.03111,388.81,0.03125,29.46,44.90057729313702,0.920625,1e-05,0.0,0.0,1.0,0.0,0.0005,exchangeInfo.quotePrecision/baseSizePrecision/quoteAmountPrecision,1,False,0.335590351248413,0.4093988145639289,0.03852667231160034,29.462973128992946
mexc,ALIUSDT,ALI-USDT,ALI,USDT,True,1,True,0.00142,24527.2621,17167446.5,0.00142,102095.93,0.00144,626081.79,139.86013986014024,144.9762206,1e-05,0.0,0.0,1.0,0.0,0.0005,exchangeInfo.quotePrecision/baseSizePrecision/quoteAmountPrecision,1,False,0.17308506136267457,0.08128704487722271,0.8954276037256562,29.460406571390795
mexc,MINUSDT,MIN-USDT,MIN,USDT,True,1,True,0.00523,18541.67962,3516194.39,0.00523,44989.31,0.00524,254.4,19.102196752625773,1.333056,1e-05,0.0,0.0,1.0,0.0,0.0005,exchangeInfo.quotePrecision/baseSizePrecision/quoteAmountPrecision,1,False,0.15404147270418958,0.7186706181202371,0.15071972904318373,29.453441032600036
mexc,ABUSDT,AB-USDT,AB,USDT,True,1,True,0.001945,17922.231847,9171748.94,0.001941,194674.86,0.001943,0.01,10.298661174047623,1.9430000000000002e-05,1e-06,0.001,0.001,1.0,0.0,0.0005,exchangeInfo.quotePrecision/baseSizePrecision/quoteAmountPrecision,1,False,0.15277190012695727,0.8374259102455546,0.0021168501270110076,29.380439265661735
mexc,IMOUSDT,IMO-USDT,IMO,USDT,True,1,True,0.4704,17862.0958,37707.21,0.4696,13.21,0.4715,48.01,40.37828073530883,6.203416000000001,0.0001,0.0,0.0,1.0,0.0,0.0005,exchangeInfo.quotePrecision/baseSizePrecision/quoteAmountPrecision,1,False,0.1523487092678798,0.4745977984758679,0.45639288738357325,29.371981719301555
mexc,PHLUSDT,PHL-USDT,PHL,USDT,True,1,True,0.02058,20830.04588,1031054.96,0.02052,369.27,0.02061,13300.54,43.7636761487964,7.577420399999999,1e-05,0.0,0.0,1.0,0.0,0.0005,exchangeInfo.quotePrecision/baseSizePrecision/quoteAmountPrecision,1,False,0.16165890816758358,0.42167654530059273,0.4949195596951736,29.331544775635386
mexc,DUCKUSDT,DUCK-USDT,DUCK,USDT,True,1,True,0.001077,42309.546463,39276219.27,0.001072,6722.78,0.001078,17358.35,55.81395348837143,7.20682016,1e-06,0.0,0.0,1.0,0.0,0.0005,exchangeInfo.quotePrecision/baseSizePrecision/quoteAmountPrecision,1,False,0.21921286500211595,0.3014394580863675,0.48602878916172737,29.31326981051011
mexc,CHANGEUSDT,CHANGE-USDT,CHANGE,USDT,True,1,True,0.00141857,143.8754852,101323.2,0.00141857,595059.08,0.00141881,963.77,1.6917014992695776,1.3674065137,1e-08,0.001,0.001,1.0,0.0,0.0005,exchangeInfo.quotePrecision/baseSizePrecision/quoteAmountPrecision,1,False,0.0279305966991113,0.9784081287044877,0.1655376799322608,29.30713963470853
mexc,HIPPOUSDT,HIPPO-USDT,HIPPO,USDT,True,1,True,0.00051,26597.828651,50809577.59,0.000511,476570.15,0.000515,72032.0,77.97270955165881,37.09648000000001,1e-06,0.0,0.0,1.0,0.0,0.0005,exchangeInfo.quotePrecision/baseSizePrecision/quoteAmountPrecision,1,False,0.18070249682606856,0.17612193056731584,0.7451312447078747,29.24431048377416
mexc,HAMUSDT,HAM-USDT,HAM,USDT,True,1,True,1.163e-10,57392.36339596292,471475136694836.0,1.154e-10,10025987432.0,1.166e-10,47169811320.0,103.44827586206839,1.1569989496528,1e-13,1000000.0,1000000.0,1.0,0.0,0.0005,exchangeInfo.quotePrecision/baseSizePrecision/quoteAmountPrecision,1,False,0.452814219212865,0.11854360711261647,0.06816257408975444,29.23162371631808
mexc,KULAUSDT,KULA-USDT,KULA,USDT,True,1,True,0.18149,4925.02267,26353.27,0.18149,44.25,0.18209,107.22,33.00511579294732,8.0309325,1e-05,0.0,0.0,1.0,0.0,0.0005,exchangeInfo.quotePrecision/baseSizePrecision/quoteAmountPrecision,1,False,0.08887008040626322,0.5660457239627434,0.5088907705334462,29.216812932081993
mexc,NAKAUSDT,NAKA-USDT,NAKA,USDT,True,1,True,0.05931,44978.24969,753463.34,0.05921,30.97,0.05944,185.15,38.769490096923896,1.8337336999999998,1e-05,0.01,0.01,1.0,0.0,0.0005,exchangeInfo.quotePrecision/baseSizePrecision/quoteAmountPrecision,1,False,0.2234447735928904,0.49491955969517354,0.22565622353937342,29.175576010775785
mexc,RVNUSDC,RVN-USDC,RVN,USDC,True,1,True,0.005607,52505.464421,9481338.85,0.005598,283.79,0.005622,285.13,42.780748663102635,1.58865642,1e-06,0.0,0.0,1.0,0.0,0.0,exchangeInfo.quotePrecision/baseSizePrecision/quoteAmountPrecision,1,False,0.2551840880236987,0.4377646062658763,0.20787468247248095,29.136733647399954
mexc,DOGINMEUSDT,DOGINME-USDT,DOGINME,USDT,True,1,True,9.961e-05,54886.95422405,543626204.88,9.871e-05,94367.98,9.972e-05,50393.06,101.79912311646483,5.0251959432,1e-08,0.0,0.0,1.0,0.0,0.0005,exchangeInfo.quotePrecision/baseSizePrecision/quoteAmountPrecision,1,False,0.3292424883622514,0.12193056731583407,0.3988145639288738,29.132892321397158
mexc,AEVOUSDC,AEVO-USDC,AEVO,USDC,True,1,True,0.02335,54574.79258,2251740.47,0.02329,428.0,0.0234,54.22,47.119297494109645,1.268748,1e-05,0.0,0.0,1.0,0.0,0.0,exchangeInfo.quotePrecision/baseSizePrecision/quoteAmountPrecision,1,False,0.3152771900126957,0.38653683319221,0.10541913632514818,29.11204900700648
mexc,ENFUSDT,ENF-USDT,ENF,USDT,True,1,True,0.01029,22970.96398,2150033.67,0.01029,1457.73,0.01031,122.88,19.417475728154546,1.2668928,1e-05,0.0,0.0,1.0,0.0,0.0005,exchangeInfo.quotePrecision/baseSizePrecision/quoteAmountPrecision,1,False,0.16631400761743545,0.7146486028789162,0.10414902624894158,29.09646601591069
mexc,PYTHUSDC,PYTH-USDC,PYTH,USDC,True,1,True,0.03705,53255.69143,1413737.08,0.03697,60.8,0.03715,7548.63,48.56988667026433,2.247776,1e-05,0.0,0.0,1.0,0.0,0.0,exchangeInfo.quotePrecision/baseSizePrecision/quoteAmountPrecision,1,False,0.26449428692340243,0.37214225232853515,0.26037256562235395,29.058193401447596
mexc,UDAOUSDT,UDAO-USDT,UDAO,USDT,True,1,True,0.0794,17230.08271,215202.51,0.0793,50.93,0.07958,5110.62,35.246727089627704,4.038749,1e-05,0.0,0.0,1.0,0.0,0.0005,exchangeInfo.quotePrecision/baseSizePrecision/quoteAmountPrecision,1,False,0.1493863732543377,0.5414902624894158,0.36494496189669773,29.052406329157925
mexc,MONIEUSDT,MONIE-USDT,MONIE,USDT,True,1,True,0.0113,34440.27619,3018418.5,0.01138,119.41,0.01141,110.35,26.327336551119366,1.2590934999999999,1e-05,0.0,0.0,1.0,0.0,0.0005,exchangeInfo.quotePrecision/baseSizePrecision/quoteAmountPrecision,1,False,0.20101565806178587,0.6388653683319221,0.09991532599491956,29.025801921594667
mexc,MTCUSDT,MTC-USDT,MTC,USDT,True,1,True,0.00892,31527.25362,3532412.53,0.00887,3067.34,0.00894,3127.66,78.607523862999,27.2073058,1e-05,0.0,0.0,1.0,0.0,0.0005,exchangeInfo.quotePrecision/baseSizePrecision/quoteAmountPrecision,1,False,0.19297503173931443,0.17442845046570699,0.7011007620660458,28.996353248625883
mexc,BSWUSDT,BSW-USDT,BSW,USDT,True,1,True,0.001764,55161.005645,31338876.4,0.00175,25089.17,0.001775,2868.61,141.84397163120605,5.09178275,1e-06,0.0001,0.0001,1.0,0.0,0.0005,exchangeInfo.quotePrecision/baseSizePrecision/quoteAmountPrecision,1,False,0.34363097757088445,0.07959356477561386,0.40093141405588484,28.908171166906687
mexc,VPRUSDT,VPR-USDT,VPR,USDT,True,1,True,0.0003006,24879.7777357,82863675.96,0.0003001,33326.75,0.0003012,9960.16,36.58739397971152,3.000000192,1e-07,0.0,0.0,1.0,0.0,0.0005,exchangeInfo.quotePrecision/baseSizePrecision/quoteAmountPrecision,1,False,0.17477782479898435,0.5220152413209145,0.31033022861981374,28.869765969363275
mexc,B3TRUSDT,B3TR-USDT,B3TR,USDT,True,1,True,0.00908,12306.72393,1326829.82,0.00908,66.12,0.00909,1082.58,11.007154650524301,0.6003696000000001,1e-05,0.0,0.0,1.0,0.0,0.0005,exchangeInfo.quotePrecision/baseSizePrecision/quoteAmountPrecision,1,False,0.1358442657638595,0.8259949195596952,0.03556308213378493,28.83256924868035
mexc,MNTXUSDT,MNTX-USDT,MNTX,USDT,True,1,True,0.05747,13436.99074,230897.31,0.05743,130.11,0.05761,56.42,31.29346314325445,3.2503562,1e-05,0.0,0.0,1.0,0.0,0.0005,exchangeInfo.quotePrecision/baseSizePrecision/quoteAmountPrecision,1,False,0.1379602200592467,0.5884843353090601,0.32514817950889074,28.802884076162886
mexc,LYXUSDT,LYX-USDT,LYX,USDT,True,1,True,0.2874,32945.0035,112549.32,0.2857,155.13,0.289,445.9,114.84252653558272,44.320641,0.0001,0.0,0.0,1.0,0.0,0.0005,exchangeInfo.quotePrecision/baseSizePrecision/quoteAmountPrecision,1,False,0.19593736775285653,0.1066892464013548,0.7675698560541914,28.79518350752481
mexc,MYROUSDT,MYRO-USDT,MYRO,USDT,True,1,True,0.003144,57148.748454,17801936.61,0.003129,786.31,0.003158,307.82,92.25385716558097,0.9720955600000001,1e-06,0.0,0.0,1.0,0.0,0.0005,exchangeInfo.quotePrecision/baseSizePrecision/quoteAmountPrecision,1,False,0.44265763859500634,0.1422523285351397,0.04022015241320914,28.706881384368028
mexc,NSGUSDT,NSG-USDT,NSG,USDT,True,1,True,0.0739,6304.8064,85778.67,0.0738,54.2,0.074,73.45,27.063599458726912,3.9999600000000006,0.0001,0.0,0.0,1.0,0.0,0.0005,exchangeInfo.quotePrecision/baseSizePrecision/quoteAmountPrecision,1,False,0.1011426153195091,0.6333615580016935,0.3640982218458933,28.678847229533204
mexc,BIRBUSDC,BIRB-USDC,BIRB,USDC,True,1,True,0.1444,55826.4178,414776.01,0.1438,9.65,0.1449,292.15,76.20367163145063,1.3876700000000002,0.0001,0.0,0.0,1.0,0.0,0.0,exchangeInfo.quotePrecision/baseSizePrecision/quoteAmountPrecision,1,False,0.3757934828607702,0.18035563082133788,0.17442845046570704,28.666101337189946
mexc,ORCAUSDC,ORCA-USDC,ORCA,USDC,True,1,True,0.8542,53265.643,61417.62,0.852,94.83,0.8555,1.53,40.995607613470675,1.308915,0.0001,0.0,0.0,1.0,0.0,0.0,exchangeInfo.quotePrecision/baseSizePrecision/quoteAmountPrecision,1,False,0.26491747778247987,0.46401354784081283,0.12193056731583404,28.609411320373397
mexc,HOMEUSDC,HOME-USDC,HOME,USDC,True,1,True,0.01943,54565.11246,2823292.59,0.01938,61.92,0.01947,3744.0,46.332046332046225,1.2000096,1e-05,0.0,0.0,1.0,0.0,0.0,exchangeInfo.quotePrecision/baseSizePrecision/quoteAmountPrecision,1,False,0.3140076174354634,0.39500423370025406,0.07281964436917866,28.601917688840416
mexc,MOONEDUSDT,MOONED-USDT,MOONED,USDT,True,1,True,0.001346,29301.173745,21810822.97,0.001345,5353.15,0.001348,819.66,22.279985146676303,1.10490168,1e-06,0.0,0.0,1.0,0.0,0.0005,exchangeInfo.quotePrecision/baseSizePrecision/quoteAmountPrecision,1,False,0.18662716885315278,0.6837425910245555,0.06138865368331922,28.58583213620367
mexc,BANKUSDC,BANK-USDC,BANK,USDC,True,1,True,0.04185,54896.25263,1334298.78,0.04176,30.52,0.04198,30.76,52.54358729400642,1.2745152,1e-05,0.0,0.0,1.0,0.0,0.0,exchangeInfo.quotePrecision/baseSizePrecision/quoteAmountPrecision,1,False,0.33008887008040627,0.3302286198137172,0.10838272650296359,28.578257879824548
mexc,THEUSDC,THE-USDC,THE,USDC,True,1,True,0.1082,55964.1098,504531.77,0.1079,12.96,0.1086,11.05,64.66512702078579,1.2000300000000002,0.0001,0.0,0.0,1.0,0.0,0.0,exchangeInfo.quotePrecision/baseSizePrecision/quoteAmountPrecision,1,False,0.38468049090139655,0.23539373412362408,0.07493649449618967,28.54100024259121
mexc,FRCUSDT,FRC-USDT,FRC,USDT,True,1,True,0.0002043,6235.6680965,30550193.28,0.0002037,200833.26,0.0002048,192772.74,53.85556915544674,39.479857151999994,1e-07,0.0,0.0,1.0,0.0,0.0005,exchangeInfo.quotePrecision/baseSizePrecision/quoteAmountPrecision,1,False,0.10029623360135421,0.3179508890770534,0.7531752751905165,28.528570578811152
mexc,HOLOUSDC,HOLO-USDC,HOLO,USDC,True,1,True,0.0523,54854.53875,1024312.59,0.05229,4048.26,0.05257,24.85,53.40453938584694,1.3063645000000002,1e-05,0.0,0.0,1.0,0.0,0.0,exchangeInfo.quotePrecision/baseSizePrecision/quoteAmountPrecision,1,False,0.3275497249259416,0.32303132938187973,0.12066045723962743,28.504227250266332
mexc,GAIAUSDT,GAIA-USDT,GAIA,USDT,True,1,True,0.01261,55143.53282,4355817.07,0.01258,110.98,0.01266,434.43,63.3914421553092,1.3961284,1e-05,0.0,0.0,1.0,0.0,0.0005,exchangeInfo.quotePrecision/baseSizePrecision/quoteAmountPrecision,1,False,0.34236140499365214,0.24174428450465713,0.17739204064352243,28.421325200137748
mexc,SNXUSDC,SNX-USDC,SNX,USDC,True,1,True,0.2777,54433.2001,193225.08,0.2767,288.5,0.2781,4.73,50.468637346792086,1.3154130000000002,0.0001,0.0,0.0,1.0,0.0,0.0,exchangeInfo.quotePrecision/baseSizePrecision/quoteAmountPrecision,1,False,0.3063901819720694,0.3509737510584251,0.1380186282811177,28.386176350546805
mexc,WCOUSDT,WCO-USDT,WCO,USDT,True,1,True,0.0001869,33453.4921282,176042333.65,0.0001859,6502.87,0.0001864,13242.24,26.860059092130655,1.2088835329999998,1e-07,0.0,0.0,1.0,0.0,0.0005,exchangeInfo.quotePrecision/baseSizePrecision/quoteAmountPrecision,1,False,0.19720694033008887,0.6346316680779001,0.0829805249788315,28.37178391967902
mexc,AVTUSDT,AVT-USDT,AVT,USDT,True,1,True,0.5829,6115.2924,10330.15,0.5829,190.09,0.5838,2.45,15.428130624839493,1.43031,0.0001,0.0,0.0,1.0,0.0,0.0005,exchangeInfo.quotePrecision/baseSizePrecision/quoteAmountPrecision,1,False,0.09902666102412187,0.7646062658763759,0.1896697713801863,28.355018430839827
mexc,BOSONUSDT,BOSON-USDT,BOSON,USDT,True,1,True,0.04048,7471.74065,175983.74,0.04046,29.08,0.0405,29.05,9.881422924900782,1.176525,1e-05,0.001,0.001,1.0,0.0,0.0005,exchangeInfo.quotePrecision/baseSizePrecision/quoteAmountPrecision,1,False,0.1070672873465933,0.8429297205757833,0.06943268416596104,28.35059750177643
mexc,FTTUSDC,FTT-USDC,FTT,USDC,True,1,True,0.2846,25890.4436,89049.02,0.2836,112.51,0.285,23.01,49.243756595144454,6.55785,0.0001,0.0001,0.0001,1.0,0.0,0.0,exchangeInfo.quotePrecision/baseSizePrecision/quoteAmountPrecision,1,False,0.17816335167160388,0.3670618120237087,0.4686706181202371,28.348942004935672
mexc,REEFUSDT,REEF-USDT,REEF,USDT,True,1,True,7.244e-05,51430.19507256,703217994.79,7.221e-05,41545.49,7.258e-05,196560.83,51.108501968367726,2.9999998329,1e-08,0.001,0.001,1.0,0.0,0.0005,exchangeInfo.quotePrecision/baseSizePrecision/quoteAmountPrecision,1,False,0.24502750740584003,0.3437764606265876,0.3090601185436071,28.252126793858036
mexc,UQCUSDT,UQC-USDT,UQC,USDT,True,1,True,2.788,17403.622,6247.94,2.788,0.68,2.796,1.96,28.653295128939856,1.89584,0.001,0.0,0.0,1.0,0.0,0.0005,exchangeInfo.quotePrecision/baseSizePrecision/quoteAmountPrecision,1,False,0.15023275497249258,0.6160033869602033,0.22904318374259103,28.243749872343994
mexc,KASUSDE,KAS-USDE,KAS,USDE,True,1,True,0.034638,55980.508126,1600465.78,0.034447,694.07,0.034971,65.28,150.96948918148135,2.28290688,1e-06,0.0,0.0,1.0,0.0,0.0,exchangeInfo.quotePrecision/baseSizePrecision/quoteAmountPrecision,1,False,0.38552687261955143,0.07027942421676547,0.26333615580016934,28.227686715497853
mexc,DCUSDT,DC-USDT,DC,USDT,True,1,True,3.913e-06,53404.59470514,13459604431.65,3.907e-06,921534.12,3.931e-06,1124848.49,61.240112273539445,3.60043380684,1e-09,0.001,0.001,1.0,0.0,0.0005,exchangeInfo.quotePrecision/baseSizePrecision/quoteAmountPrecision,1,False,0.26745662293694455,0.25867908552074514,0.34674005080440307,28.11189241563864
mexc,NDCUSDT,NDC-USDT,NDC,USDT,True,1,True,0.001122,287.737848,244140.36,0.001122,7143.65,0.001123,1769.0,8.908685968820782,1.986587,1e-06,0.0,0.0,1.0,0.0,0.0005,exchangeInfo.quotePrecision/baseSizePrecision/quoteAmountPrecision,1,False,0.03512484130342785,0.8588060965283658,0.23539373412362405,28.10989336737016
mexc,INXUSDC,INX-USDC,INX,USDC,True,1,True,0.01134,54148.30195,4701418.54,0.01131,1869.17,0.01138,215.38,61.7011899515195,2.4510243999999997,1e-05,0.0,0.0,1.0,0.0,0.0,exchangeInfo.quotePrecision/baseSizePrecision/quoteAmountPrecision,1,False,0.29538721963605585,0.25529212531752754,0.2726502963590178,28.081606140101616
mexc,XYZUSDT,XYZ-USDT,XYZ,USDT,True,1,True,8.798e-05,18503.20844136,208830018.01,8.79e-05,33701.56,8.821e-05,60540.6,35.20526943387679,2.9623671239999996,1e-08,0.0,0.0,1.0,0.0,0.0005,exchangeInfo.quotePrecision/baseSizePrecision/quoteAmountPrecision,1,False,0.15361828184511214,0.5427603725656224,0.3022861981371719,28.063738778365167
mexc,CSIGMAUSDT,CSIGMA-USDT,CSIGMA,USDT,True,1,True,0.01015,0.0,0.0,0.01015,28224.32,0.0102,31718.29,49.14004914005054,286.47684799999996,1e-05,0.0,0.0,1.0,0.0,0.0005,exchangeInfo.quotePrecision/baseSizePrecision/quoteAmountPrecision,1,False,0.0019043588658484976,0.3691786621507197,0.934801016088061,28.030226613150877
mexc,CTXCUSDT,CTXC-USDT,CTXC,USDT,True,1,True,0.0014817,53520.0102926,35924177.54,0.0014813,3712.95,0.0014906,2369.95,62.58622430095122,3.5326474699999997,1e-07,0.001,0.001,1.0,0.0,0.0005,exchangeInfo.quotePrecision/baseSizePrecision/quoteAmountPrecision,1,False,0.27126534066864155,0.24936494496189665,0.34250635055038103,28.003844371830322
mexc,SUNCATUSDT,SUNCAT-USDT,SUNCAT,USDT,True,1,True,0.0003733,54563.3194665,146790705.19,0.000372,17584.04,0.0003774,14981.06,144.11529223378764,5.653852044,1e-07,0.0,0.0,1.0,0.0,0.0005,exchangeInfo.quotePrecision/baseSizePrecision/quoteAmountPrecision,1,False,0.31358442657638597,0.07790008467400511,0.4398814563928874,27.992274706409106
mexc,ETHFIUSD1,ETHFI-USD1,ETHFI,USD1,True,1,True,0.4534,54139.0872,114758.16,0.4526,2.89,0.4548,214.48,48.49019175666696,1.308014,0.0001,0.0,0.0,1.0,0.0001,0.0001,exchangeInfo.quotePrecision/baseSizePrecision/quoteAmountPrecision,1,False,0.2949640287769784,0.3729889923793396,0.12108382726502964,27.9694229375179
mexc,SPACEMVCUSDT,SPACEMVC-USDT,SPACEMVC,USDT,True,1,True,0.04852,53644.6531,1106970.58,0.0484,23.31,0.0486,85.21,41.2371134020616,1.128204,1e-05,0.0,0.0,1.0,0.0,0.0005,exchangeInfo.quotePrecision/baseSizePrecision/quoteAmountPrecision,1,False,0.2742276766821837,0.46147332768839966,0.06646909398814564,27.94873728949301
mexc,PPCUSDT,PPC-USDT,PPC,USDT,False,1,True,0.2736,601.1853,2194.98,0.2736,415.54,0.2745,37.75,32.84072249589534,10.362375,0.0001,0.0,0.0,1.0,0.0,0.0005,exchangeInfo.quotePrecision/baseSizePrecision/quoteAmountPrecision,1,False,0.046974185357596274,0.5677392040643523,0.5563082133784928,27.903224563846457
mexc,LCAPUSDT,LCAP-USDT,LCAP,USDT,True,1,True,5.843,8348.358,1423.91,5.854,10.0,5.893,10.0,66.39993189750524,58.54,0.001,0.0,0.0,1.0,0.0,0.0005,exchangeInfo.quotePrecision/baseSizePrecision/quoteAmountPrecision,1,False,0.11510791366906475,0.22311600338696025,0.7967823878069432,27.844483092611434
mexc,TATSUUSDT,TATSU-USDT,TATSU,USDT,True,1,True,0.923,9440.397,9956.43,0.917,51.24,0.923,47.68,65.21739130434788,44.00864,0.001,0.0,0.0,1.0,0.0,0.0005,exchangeInfo.quotePrecision/baseSizePrecision/quoteAmountPrecision,1,False,0.12103258569614897,0.23327688399661306,0.7662997459779848,27.814709232763217
mexc,MCNUSDT,MCN-USDT,MCN,USDT,True,1,True,0.0909,22786.962,251185.42,0.0904,178.37,0.0909,110.98,55.15719801434092,10.088082,0.0001,0.0,0.0,1.0,0.0,0.0005,exchangeInfo.quotePrecision/baseSizePrecision/quoteAmountPrecision,1,False,0.165890816758358,0.3073666384419983,0.548264182895851,27.773444540676667
mexc,WAVESUSDC,WAVES-USDC,WAVES,USDC,True,1,True,0.4238,26074.5091,61042.22,0.4224,38.5,0.4253,98.32,68.42043175651796,16.2624,0.0001,1e-06,1e-06,1.0,0.0,0.0,exchangeInfo.quotePrecision/baseSizePrecision/quoteAmountPrecision,1,False,0.17900973338975879,0.21126164267569858,0.6274343776460627,27.675763956250453
mexc,SNPTUSDT,SNPT-USDT,SNPT,USDT,True,1,True,0.00245,770.00477,306334.07,0.00245,8313.02,0.00246,123400.0,40.73319755600826,20.366899,1e-05,0.0,0.0,1.0,0.0,0.0005,exchangeInfo.quotePrecision/baseSizePrecision/quoteAmountPrecision,1,False,0.0490901396529835,0.46740050804403044,0.6625740897544454,27.636452177103767
mexc,VERSEWORLDUSDT,VERSEWORLD-USDT,VERSEWORLD,USDT,True,1,True,0.02633,49514.58415,1827296.16,0.02628,90.37,0.02641,333.05,49.34522679825325,2.3749236000000002,1e-05,0.0,0.0,1.0,0.0,0.0005,exchangeInfo.quotePrecision/baseSizePrecision/quoteAmountPrecision,1,False,0.23741007194244604,0.3657917019475021,0.26841659610499574,27.570678427622003
mexc,VFARMUSDT,VFARM-USDT,VFARM,USDT,True,1,True,0.03262,10112.05818,310349.45,0.03241,6690.47,0.03271,2821.58,92.13759213759262,92.29388180000001,1e-05,0.0,0.0,1.0,0.0,0.0005,exchangeInfo.quotePrecision/baseSizePrecision/quoteAmountPrecision,1,False,0.12441811256876852,0.14309906858594412,0.857324301439458,27.56695893472003
mexc,GMXUSDC,GMX-USDC,GMX,USDC,True,1,True,6.275,53843.713,8486.74,6.267,35.88,6.298,0.21,49.34341424592072,1.3225799999999999,0.001,0.0,0.0,1.0,0.0,0.0,exchangeInfo.quotePrecision/baseSizePrecision/quoteAmountPrecision,1,False,0.28142192128650023,0.36621507197290437,0.14479254868755292,27.52943344383118
mexc,MVRKUSDT,MVRK-USDT,MVRK,USDT,True,1,True,0.01989,5222.80913,262998.1,0.01977,2888.0,0.01989,6676.63,60.51437216338984,57.09576,1e-05,0.0,0.0,1.0,0.0,0.0005,exchangeInfo.quotePrecision/baseSizePrecision/quoteAmountPrecision,1,False,0.09140922556072789,0.2637595258255715,0.7929720575783235,27.48093670304579
mexc,PRCLUSDT,PRCL-USDT,PRCL,USDT,True,1,True,0.01467,8804.64047,615763.05,0.0146,800.0,0.01467,800.0,47.830543218312684,11.68,1e-05,0.0,0.0,1.0,0.0,0.0005,exchangeInfo.quotePrecision/baseSizePrecision/quoteAmountPrecision,1,False,0.11722386796445197,0.38018628281117695,0.5736663844199831,27.425297496723942
mexc,SWCHUSDT,SWCH-USDT,SWCH,USDT,True,1,True,0.0537,20700.0069,375634.59,0.0553,0.03,0.0554,490.9,18.066847335139283,0.001659,0.0001,0.0,0.0,1.0,0.0,0.0005,exchangeInfo.quotePrecision/baseSizePrecision/quoteAmountPrecision,1,False,0.16123571730850614,0.7324301439458086,0.01100762066045724,27.3988704638222
mexc,BEAMUSDT,BEAM-USDT,BEAM,USDT,True,1,True,0.02076,54726.26886,2615337.05,0.02065,165.65,0.02086,162.22,101.18043844856582,3.3839092,1e-05,0.001,0.001,1.0,0.0,0.0005,exchangeInfo.quotePrecision/baseSizePrecision/quoteAmountPrecision,1,False,0.32120186203977996,0.12277730736663839,0.331922099915326,27.37397709466038
mexc,FLDTUSDT,FLDT-USDT,FLDT,USDT,True,1,True,0.06225,31233.21288,497527.2,0.06189,347.72,0.0625,807.1,98.07862368357576,21.5203908,1e-05,0.0,0.0,1.0,0.0,0.0005,exchangeInfo.quotePrecision/baseSizePrecision/quoteAmountPrecision,1,False,0.192551840880237,0.12997459779847587,0.6731583403895004,27.30288300116494
mexc,NODLUSDT,NODL-USDT,NODL,USDT,True,1,True,0.0004666,14950.1143112,31276900.86,0.0004683,60899.56,0.0004693,2701.49,21.331058020478334,1.267809257,1e-07,0.01,0.01,1.0,0.0,0.0005,exchangeInfo.quotePrecision/baseSizePrecision/quoteAmountPrecision,1,False,0.14388489208633093,0.6913632514817951,0.10499576629974598,27.297665677788004
mexc,SN75USDT,SN75-USDT,SN75,USDT,True,1,True,8.715,23534.74,2535.09,8.66,7.37,8.715,1.53,63.30935251798528,13.33395,0.001,0.0,0.0,1.0,0.0,0.0005,exchangeInfo.quotePrecision/baseSizePrecision/quoteAmountPrecision,1,False,0.16885315277190013,0.2430143945808637,0.5956816257408976,27.27591578179405
mexc,BOBUSDC,BOB-USDC,BOB,USDC,True,1,True,0.005862,53903.934108,9215491.23,0.00582,822.4,0.00587,45032.58,85.54319931565537,4.7863679999999995,1e-06,0.0,0.0,1.0,0.0,0.0,exchangeInfo.quotePrecision/baseSizePrecision/quoteAmountPrecision,1,False,0.2835378755818874,0.15622353937341238,0.38738357324301437,27.24784310619941
mexc,RJVUSDT,RJV-USDT,RJV,USDT,True,1,True,0.001233,28064.809949,22681159.34,0.001215,46677.21,0.001237,121163.16,179.44535073409543,56.712810149999996,1e-06,0.0,0.0,1.0,0.0,0.0005,exchangeInfo.quotePrecision/baseSizePrecision/quoteAmountPrecision,1,False,0.18281845112145578,0.052921253175275185,0.7925486875529213,27.229019892120377
mexc,KEYCATUSDT,KEYCAT-USDT,KEYCAT,USDT,True,1,True,0.0004798,55138.9805853,112446106.45,0.0004752,9815.88,0.0004879,10399.33,263.73169971965496,4.664506176,1e-07,0.0,0.0,1.0,0.0,0.0005,exchangeInfo.quotePrecision/baseSizePrecision/quoteAmountPrecision,1,False,0.34151502327549726,0.03217612193056729,0.38187976291278575,27.22532458667225
mexc,ETCUSDC,ETC-USDC,ETC,USDC,True,1,True,8.066,53711.936,6632.821,8.053,0.15,8.089,136.467,44.60413827282812,1.20795,0.001,0.0,0.0,1.0,0.0,0.0,exchangeInfo.quotePrecision/baseSizePrecision/quoteAmountPrecision,1,False,0.2767668218366483,0.4127857747671465,0.0825571549534293,27.19296266926291
mexc,DLBUSDT,DLB-USDT,DLB,USDT,True,1,True,9.652e-05,30531.35569438,307683322.67,9.64e-05,14459.23,9.675e-05,104920.78,36.2412632668905,1.393869772,1e-08,0.0,0.0,1.0,0.0,0.0005,exchangeInfo.quotePrecision/baseSizePrecision/quoteAmountPrecision,1,False,0.19085907744392722,0.5262489415749365,0.17696867061812024,27.192846211151817
mexc,KERNELUSDC,KERNEL-USDC,KERNEL,USDC,True,1,True,0.07709,52198.95149,620531.38,0.07696,16.35,0.07728,16.23,41.493775933610074,1.2542544,1e-05,0.0,0.0,1.0,0.0,0.0,exchangeInfo.quotePrecision/baseSizePrecision/quoteAmountPrecision,1,False,0.2513753702920017,0.4563928873835732,0.09737510584250635,27.182969667499552
mexc,PZPUSDT,PZP-USDT,PZP,USDT,True,1,True,0.002697,24454.863786,8968311.45,0.002677,18035.79,0.002708,14397.79,115.13463324048199,38.98921532,1e-06,0.0,0.0,1.0,0.0,0.0005,exchangeInfo.quotePrecision/baseSizePrecision/quoteAmountPrecision,1,False,0.17266187050359713,0.10584250635055037,0.7519051651143099,27.1805688387478
mexc,FCT2USDT,FCT2-USDT,FCT2,USDT,True,1,True,0.01199,4609.43233,381895.69,0.01196,1805.84,0.01202,1994.8,50.04170141784761,21.597846399999998,1e-05,0.001,0.001,1.0,0.0,0.0005,exchangeInfo.quotePrecision/baseSizePrecision/quoteAmountPrecision,1,False,0.08633093525179857,0.35520745131244713,0.674428450465707,27.11695673097424
mexc,EWTUSDT,EWT-USDT,EWT,USDT,True,1,True,0.412,26824.4971,64265.31,0.4113,114.75,0.413,6.42,41.247118767438536,2.6514599999999997,0.0001,0.0,0.0,1.0,0.0,0.0005,exchangeInfo.quotePrecision/baseSizePrecision/quoteAmountPrecision,1,False,0.181125687685146,0.46062658763759523,0.281541066892464,27.10839885147219
mexc,MBOOMUSDT,MBOOM-USDT,MBOOM,USDT,True,1,True,0.0027249,55736.7596444,20480463.74,0.0027188,18390.46,0.0027361,331.57,63.429210434655225,0.907208677,1e-07,0.0,0.0,1.0,0.0,0.0005,exchangeInfo.quotePrecision/baseSizePrecision/quoteAmountPrecision,1,False,0.36944561997460856,0.2408975444538527,0.03810330228619814,27.10401375567375
mexc,LUNAMUSDT,LUNAM-USDT,LUNAM,USDT,True,1,True,0.0004658,15574.9807947,33077784.08,0.0004642,11220.9,0.0004662,11506.2,42.992261392949146,5.2087417799999995,1e-07,0.0,0.0,1.0,0.0,0.0005,exchangeInfo.quotePrecision/baseSizePrecision/quoteAmountPrecision,1,False,0.14684722809987305,0.43268416596104997,0.40939881456392885,27.081677985797842
mexc,WUSDUSDT,WUSD-USDT,WUSD,USDT,True,1,True,1.0198,50860.4744,50839.03,0.9999,16.2,1.0198,20.68,197.058969153835,16.19838,0.0001,0.0,0.0,1.0,0.0,0.0005,exchangeInfo.quotePrecision/baseSizePrecision/quoteAmountPrecision,1,False,0.24206517139229794,0.04826418289585099,0.6261642675698561,27.043474350369788
mexc,OPENUSDC,OPEN-USDC,OPEN,USDC,True,1,True,0.1679,54051.4593,322058.47,0.1674,1660.61,0.1682,7.14,47.675804529201145,1.200948,0.0001,0.0,0.0,1.0,0.0,0.0,exchangeInfo.quotePrecision/baseSizePrecision/quoteAmountPrecision,1,False,0.28946254760897167,0.38145639288738353,0.07917019475021168,27.04025383568226
mexc,ADOUSDT,ADO-USDT,ADO,USDT,True,1,True,0.02,29055.99687,1457466.02,0.01995,1071.53,0.02,14.41,25.031289111389952,0.2882,1e-05,0.0,0.0,1.0,0.0,0.0005,exchangeInfo.quotePrecision/baseSizePrecision/quoteAmountPrecision,1,False,0.18535759627592044,0.6498729889923793,0.0275190516511431,26.991873553007974
mexc,MEAUSDT,MEA-USDT,MEA,USDT,True,1,True,0.003255,26576.746763,8194029.55,0.003241,1631.08,0.003256,1171.03,46.17515776512315,3.81287368,1e-06,0.0,0.0,1.0,0.0,0.0005,exchangeInfo.quotePrecision/baseSizePrecision/quoteAmountPrecision,1,False,0.18027930596699113,0.39627434377646065,0.3560541913632515,26.94330424986106
mexc,DONTUSDT,DONT-USDT,DONT,USDT,True,1,True,1.14e-06,53506.857108988,46806042606.0,1.132e-06,8218200.0,1.152e-06,8211958.0,175.13134851138375,9.303002399999999,1e-09,0.0,0.0,1.0,0.0,0.0005,exchangeInfo.quotePrecision/baseSizePrecision/quoteAmountPrecision,1,False,0.2708421498095641,0.05546147332768836,0.5321761219305673,26.92637751132958
mexc,NTXUSDT,NTX-USDT,NTX,USDT,True,1,True,0.00401,34309.49017,8444676.41,0.004,2674.97,0.00403,13827.11,74.71980074719714,10.69988,1e-05,0.001,0.001,1.0,0.0,0.0005,exchangeInfo.quotePrecision/baseSizePrecision/quoteAmountPrecision,1,False,0.20016927634363096,0.1858594411515665,0.5613886536833192,26.883569301355255
mexc,EFFECTUSDT,EFFECT-USDT,EFFECT,USDT,True,1,True,0.003151,8225.340884,2617159.29,0.003134,5627.33,0.003151,18060.25,54.0970564836916,17.63605222,1e-06,0.0,0.0,1.0,0.0,0.0005,exchangeInfo.quotePrecision/baseSizePrecision/quoteAmountPrecision,1,False,0.11341515023275497,0.31498729889923793,0.6380186282811177,26.87288830090483
mexc,VAMEONUSDT,VAMEON-USDT,VAMEON,USDT,True,1,True,1.011e-05,47634.1010881,4517280486.0,1.007e-05,708148.98,1.013e-05,389224.44,59.40594059405883,3.9428435771999997,1e-08,0.0,0.0,1.0,0.0,0.0005,exchangeInfo.quotePrecision/baseSizePrecision/quoteAmountPrecision,1,False,0.23233178163351673,0.27265029635901783,0.3607112616426757,26.808730631672383
mexc,VERTUSDT,VERT-USDT,VERT,USDT,True,1,True,0.0009687,17265.5049722,17752643.72,0.0009694,17535.39,0.0009757,74737.88,64.77816050588649,16.998807066,1e-07,0.0,0.0,1.0,0.0,0.0005,exchangeInfo.quotePrecision/baseSizePrecision/quoteAmountPrecision,1,False,0.14980956411341514,0.2341236240474175,0.6320914479254869,26.73444558593301
mexc,MILLIUSDT,MILLI-USDT,MILLI,USDT,True,1,True,1.26e-06,50968.497795112,37225268936.04,1.254e-06,6787476.98,1.267e-06,66120562.27,103.13367711225638,8.51149613292,1e-09,0.0,0.0,1.0,0.0,0.0005,exchangeInfo.quotePrecision/baseSizePrecision/quoteAmountPrecision,1,False,0.24248836225137538,0.11896697713801863,0.5203217612193056,26.71746957666222
mexc,GOHOMEUSDT,GOHOME-USDT,GOHOME,USDT,True,1,True,88.43,44812.69,507.564,88.09,0.075,88.71,0.076,70.13574660633374,6.60675,0.01,0.0,0.0,1.0,0.0,0.0005,exchangeInfo.quotePrecision/baseSizePrecision/quoteAmountPrecision,1,False,0.2225983918747355,0.20279424216765451,0.4695173581710415,26.703114770722646
mexc,SUMMITUSDT,SUMMIT-USDT,SUMMIT,USDT,True,1,True,1.49e-05,15119.7651424,1006834332.84,1.49e-05,5172492.39,1.51e-05,5832804.68,133.3333333333332,77.070136611,1e-07,0.0,0.0,1.0,0.0,0.0005,exchangeInfo.quotePrecision/baseSizePrecision/quoteAmountPrecision,1,False,0.14473127380448583,0.08679085520745133,0.827688399661304,26.683759432659087
mexc,SINUSDT,SIN-USDT,SIN,USDT,True,1,True,0.0001999,25618.2371947,118875944.07,0.0001995,6471.21,0.0002,2318.85,25.031289111389846,0.46377,1e-07,0.0001,0.0001,1.0,0.0,0.0005,exchangeInfo.quotePrecision/baseSizePrecision/quoteAmountPrecision,1,False,0.17647058823529413,0.6502963590177815,0.03217612193056731,26.60681376699706
mexc,QUANTUMUSDT,QUANTUM-USDT,QUANTUM,USDT,True,1,True,0.002713,10258.214289,3763500.95,0.0027,37037.04,0.002716,6564.84,59.08419497784326,17.83010544,1e-06,0.0,0.0,1.0,0.0,0.0005,exchangeInfo.quotePrecision/baseSizePrecision/quoteAmountPrecision,1,False,0.1252644942869234,0.27603725656223543,0.6392887383573242,26.57625336698316
mexc,EDENUSDC,EDEN-USDC,EDEN,USDC,True,1,True,0.02838,53647.13463,1835676.82,0.02829,50.32,0.02843,45.48,49.36530324400608,1.2929963999999998,1e-05,0.0,0.0,1.0,0.0,0.0,exchangeInfo.quotePrecision/baseSizePrecision/quoteAmountPrecision,1,False,0.2746508675412611,0.36536833192209994,0.11558001693480102,26.551606351517883
mexc,AVICIUSDT,AVICI-USDT,AVICI,USDT,True,1,True,0.6384,53929.4657,82587.28,0.6349,12.35,0.651,96.72,250.4082743603702,7.841015,0.0001,0.0,0.0,1.0,0.0,0.0005,exchangeInfo.quotePrecision/baseSizePrecision/quoteAmountPrecision,1,False,0.2843842573000423,0.03513971210838274,0.4995766299745978,26.511159553703855
mexc,FITFIUSDT,FITFI-USDT,FITFI,USDT,True,1,True,0.0004923,54643.6174465,108166435.65,0.000484,27645.73,0.0004926,9595.0,176.12123694450227,4.726497,1e-07,0.0001,0.0001,1.0,0.0,0.0005,exchangeInfo.quotePrecision/baseSizePrecision/quoteAmountPrecision,1,False,0.3169699534490055,0.0550381033022862,0.3848433530906012,26.50616708406448
mexc,QORPOUSDT,QORPO-USDT,QORPO,USDT,True,1,True,0.002217,45294.348372,20236333.64,0.002193,12553.86,0.002253,9078.52,269.9055330634265,20.45390556,1e-06,0.0,0.0,1.0,0.0,0.0005,exchangeInfo.quotePrecision/baseSizePrecision/quoteAmountPrecision,1,False,0.2255607278882776,0.030059271803556276,0.6642675698560542,26.44267322606526
mexc,BTWUSDC,BTW-USDC,BTW,USDC,True,1,True,0.027195,53963.412243,1935453.59,0.026963,150.93,0.027226,236.1,97.0676705604456,4.0695255900000005,1e-06,0.0,0.0,1.0,0.0,0.0,exchangeInfo.quotePrecision/baseSizePrecision/quoteAmountPrecision,1,False,0.28650021159542954,0.13166807790008472,0.36663844199830653,26.381982425216876
mexc,XEMPIREUSDT,XEMPIRE-USDT,XEMPIRE,USDT,True,1,True,1.22e-05,53889.0305624,4399847037.85,1.208e-05,550140.45,1.231e-05,3126998.99,188.60188601886114,6.645696635999999,1e-08,0.0,0.0,1.0,0.0,0.0005,exchangeInfo.quotePrecision/baseSizePrecision/quoteAmountPrecision,1,False,0.28311468472281,0.05080440304826417,0.4720575783234547,26.282569302430247
mexc,RNGRUSDT,RNGR-USDT,RNGR,USDT,True,1,True,0.2806,54282.9425,182729.89,0.2745,306.0,0.2812,19.61,241.13730430088114,5.514332,0.0001,0.0,0.0,1.0,0.0,0.0005,exchangeInfo.quotePrecision/baseSizePrecision/quoteAmountPrecision,1,False,0.30173508252221753,0.036409822184589324,0.43734123624047416,26.25249981814618
mexc,CRTAIUSDT,CRTAI-USDT,CRTAI,USDT,True,1,True,9.18e-05,5116.495473,55127792.26,9.18e-05,2353.91,9.19e-05,45259.99,10.8873162765381,0.21608893799999998,1e-07,0.0,0.0,1.0,0.0,0.0005,exchangeInfo.quotePrecision/baseSizePrecision/quoteAmountPrecision,1,False,0.09098603470165044,0.8285351397121083,0.02582557154953429,26.234121832384165
mexc,TRIOUSDT,TRIO-USDT,TRIO,USDT,True,1,True,0.01766,24287.06652,1368371.44,0.01761,2003.73,0.01786,5784.78,140.96419509444613,35.285685300000004,1e-05,0.0,0.0,1.0,0.0,0.0005,exchangeInfo.quotePrecision/baseSizePrecision/quoteAmountPrecision,1,False,0.1713922979263648,0.08001693480101613,0.7392040643522438,26.211081043020346
mexc,ETHBTC,ETH-BTC,ETH,BTC,True,1,True,0.030045,44.595006,1485.606,0.030045,0.253,0.030047,0.01,0.665646009452839,0.00030047,1e-06,0.001,0.001,5e-06,0.0,0.0005,exchangeInfo.quotePrecision/baseSizePrecision/quoteAmountPrecision,1,False,0.02158273381294964,0.9949195596951735,0.006773920406435224,26.195517760220273
mexc,HGGUSDT,HGG-USDT,HGG,USDT,True,1,True,0.0002446,38704.941013,157128281.44,0.0002457,8140.01,0.0002465,40.57,32.50711093051464,0.010000505,1e-07,0.0,0.0,1.0,0.0,0.0005,exchangeInfo.quotePrecision/baseSizePrecision/quoteAmountPrecision,1,False,0.20947947524333474,0.5732430143945808,0.015664690939881456,26.16574031704556
mexc,PAXIUSDT,PAXI-USDT,PAXI,USDT,True,1,True,0.02856,39256.99697,1511804.25,0.02853,4000.0,0.02903,678.88,173.7317581653928,19.7078864,1e-05,0.0,0.0,1.0,0.0,0.0005,exchangeInfo.quotePrecision/baseSizePrecision/quoteAmountPrecision,1,False,0.21074904782056708,0.05630821337849279,0.6558001693480101,26.114906351553714
mexc,MINXUSDT,MINX-USDT,MINX,USDT,True,1,True,0.01101,50073.57144,4806383.09,0.01094,1003.06,0.01107,752.9,118.12812358019073,8.334603,1e-05,0.0,0.0,1.0,0.0,0.0005,exchangeInfo.quotePrecision/baseSizePrecision/quoteAmountPrecision,1,False,0.23910283537875582,0.10287891617273492,0.5139712108382727,26.002053066915398
mexc,LTTUSDT,LTT-USDT,LTT,USDT,True,1,True,0.0050993,54838.2864745,10755762.39,0.0050802,273.01,0.0051189,394.91,75.88904903373832,1.386945402,1e-07,0.0,0.0,1.0,0.0,0.0005,exchangeInfo.quotePrecision/baseSizePrecision/quoteAmountPrecision,1,False,0.3267033432077867,0.18162574089754446,0.17400508044030483,25.98942900767298
mexc,VAIUSDT,VAI-USDT,VAI,USDT,True,1,True,0.00565,20682.7541,3580742.04,0.00563,5229.46,0.00569,8468.34,106.00706713780946,29.4418598,1e-05,0.0,0.0,1.0,0.0,0.0005,exchangeInfo.quotePrecision/baseSizePrecision/quoteAmountPrecision,1,False,0.1608125264494287,0.11558001693480102,0.7104149026248942,25.942487430586493
mexc,MOREUSDT,MORE-USDT,MORE,USDT,True,1,True,6.33e-05,54065.41935303,668452617.06,6.3e-05,69879.81,6.378e-05,893141.0,123.04779933743535,4.40242803,1e-08,0.0,0.0,1.0,0.0,0.0005,exchangeInfo.quotePrecision/baseSizePrecision/quoteAmountPrecision,1,False,0.2911553110452814,0.0973751058425063,0.3746824724809483,25.941569203172104
mexc,TRU1USDT,TRU1-USDT,TRU1,USDT,False,1,True,0.009046,55411.149485,6293793.22,0.008971,327.43,0.009435,309.83,504.1834184505062,2.92324605,1e-06,0.0001,0.0001,1.0,0.0,0.0005,exchangeInfo.quotePrecision/baseSizePrecision/quoteAmountPrecision,1,False,0.3554803216250529,0.0160880609652837,0.2988992379339543,25.931603972189087
mexc,WLFIUSD1,WLFI-USD1,WLFI,USD1,True,1,True,0.09613,56231.52194,577113.79,0.09608,12.54,0.09729,22930.17,125.14867869886774,1.2048432,1e-05,0.0,0.0,1.0,0.0001,0.0001,exchangeInfo.quotePrecision/baseSizePrecision/quoteAmountPrecision,1,False,0.39822259839187474,0.09525825571549529,0.0817104149026249,25.917907602492996
mexc,ILVUSDC,ILV-USDC,ILV,USDC,True,1,True,3.392,53602.546,15504.95,3.382,0.38,3.399,0.37,50.14009733077689,1.25763,0.001,0.0,0.0,1.0,0.0,0.0,exchangeInfo.quotePrecision/baseSizePrecision/quoteAmountPrecision,1,False,0.27380448582310624,0.35393734123624043,0.09906858594411516,25.889051970059157
mexc,LBTC1USDT,LBTC1-USDT,LBTC1,USDT,False,1,True,0.06555,53029.10007,798327.59,0.06481,98.65,0.06566,120.47,130.29815283206707,6.393506500000001,1e-05,0.0001,0.0001,1.0,0.0,0.0005,exchangeInfo.quotePrecision/baseSizePrecision/quoteAmountPrecision,1,False,0.26237833262801524,0.09017781541066894,0.45977984758679086,25.880850631543385
mexc,CLOUDUSDT,CLOUD-USDT,CLOUD,USDT,True,1,True,0.03769,53854.14659,1416752.11,0.03757,36.99,0.03776,31.78,50.444709942918536,1.2000128,1e-05,0.0,0.0,1.0,0.0,0.0005,exchangeInfo.quotePrecision/baseSizePrecision/quoteAmountPrecision,1,False,0.28269149386373255,0.3518204911092294,0.07324301439458086,25.80840472812764
mexc,WBTCBTC,WBTC-BTC,WBTC,BTC,True,1,True,0.9985,4.3859,5.14584,0.9984,0.23127,0.9985,1.11267,1.0015524062306576,0.23089996799999998,0.0001,0.0,0.0,5e-06,0.0,0.0005,exchangeInfo.quotePrecision/baseSizePrecision/quoteAmountPrecision,1,False,0.00973338975878121,0.9889923793395428,0.026248941574936496,25.78512475172026
mexc,BBUSDC,BB-USDC,BB,USDC,True,1,True,0.02285,52061.03338,2202453.25,0.02277,19868.51,0.02289,62.16,52.56241787122297,1.4228424,1e-05,0.0,0.0,1.0,0.0,0.0,exchangeInfo.quotePrecision/baseSizePrecision/quoteAmountPrecision,1,False,0.2501057977147694,0.32980524978831494,0.18712955122777308,25.743541143575655
mexc,MAMOUSDT,MAMO-USDT,MAMO,USDT,True,1,True,0.01329,53564.97871,3976004.03,0.01321,489.05,0.01345,1051.75,180.04501125281368,6.4603505,1e-05,0.0,0.0,1.0,0.0,0.0005,exchangeInfo.quotePrecision/baseSizePrecision/quoteAmountPrecision,1,False,0.27253491324587387,0.052497883149873026,0.46274343776460625,25.556736062562013
mexc,HUNDUSDT,HUND-USDT,HUND,USDT,True,1,True,0.0005018,38097.6513009,74917140.1,0.0004992,290354.6,0.0005026,10943.09,67.87781992413603,5.499997034,1e-07,0.0,0.0,1.0,0.0,0.0005,exchangeInfo.quotePrecision/baseSizePrecision/quoteAmountPrecision,1,False,0.20778671180702496,0.2154953429297206,0.43564775613886536,25.528607845406693
mexc,XNAUSDT,XNA-USDT,XNA,USDT,True,1,True,3.22e-05,47678.3076238,1465150064.49,3.19e-05,4136934.97,3.24e-05,312500.0,155.5209953343697,10.125,1e-07,0.0,0.0,1.0,0.0,0.0005,exchangeInfo.quotePrecision/baseSizePrecision/quoteAmountPrecision,1,False,0.23275497249259416,0.06858594411515662,0.5491109229466554,25.498390548904702
mexc,LETSBONKUSDT,LETSBONK-USDT,LETSBONK,USDT,True,1,True,0.005676,53737.426355,9408956.69,0.005643,957.8,0.005715,837.1,126.78288431061809,4.7840264999999995,1e-06,0.0,0.0,1.0,0.0,0.0005,exchangeInfo.quotePrecision/baseSizePrecision/quoteAmountPrecision,1,False,0.27803639441388067,0.09441151566469097,0.3869602032176122,25.391493648732954
mexc,TXCUSDT,TXC-USDT,TXC,USDT,True,1,True,0.192,23283.535,116049.28,0.19,26.31,0.191,98.18,52.49343832021002,4.9989,0.001,0.0,0.0,1.0,0.0,0.0005,exchangeInfo.quotePrecision/baseSizePrecision/quoteAmountPrecision,1,False,0.1675835801946678,0.33107535986452163,0.39415749364944963,25.377130780308764
mexc,MOVAUSDT,MOVA-USDT,MOVA,USDT,True,1,True,0.7081,25238.5464,35673.53,0.705,14.29,0.7102,64.01,73.48784624081533,10.074449999999999,0.0001,0.0,0.0,1.0,0.0,0.0005,exchangeInfo.quotePrecision/baseSizePrecision/quoteAmountPrecision,1,False,0.17604739737621666,0.18882303132938183,0.5469940728196444,25.343064095319356
mexc,CYSUSDC,CYS-USDC,CYS,USDC,True,1,True,0.3795,54634.4001,151156.44,0.3794,236.8,0.3819,3.35,65.67713122290823,1.279365,0.0001,0.0,0.0,1.0,0.0,0.0,exchangeInfo.quotePrecision/baseSizePrecision/quoteAmountPrecision,1,False,0.31654676258992803,0.22904318374259103,0.1100762066045724,25.337675668102268
mexc,PEPPERUSDT,PEPPER-USDT,PEPPER,USDT,True,1,True,8.5e-10,1156.93462546429,1354561263894.0,8.49e-10,50000000000.0,8.54e-10,50000000000.0,58.71990604815134,42.449999999999996,1e-12,0.0,0.0,1.0,0.0,0.0005,exchangeInfo.quotePrecision/baseSizePrecision/quoteAmountPrecision,1,False,0.05543800253914515,0.27942421676545304,0.7616426756985606,25.26754907276052
mexc,PEPUSDT,PEP-USDT,PEP,USDT,True,1,True,0.0001573,7078.2229093,45304416.12,0.0001546,970702.66,0.0001571,842242.15,160.4106512672446,132.316241765,1e-07,0.0,0.0,1.0,0.0,0.0005,exchangeInfo.quotePrecision/baseSizePrecision/quoteAmountPrecision,1,False,0.10537452391028354,0.06562235393734128,0.8878069432684166,25.19229652886746
mexc,MOCHIUSDT,MOCHI-USDT,MOCHI,USDT,True,1,True,9.423e-07,12.8526519907,13590992.0,9.424e-07,3518927.0,9.435e-07,1536092.0,11.665517789915505,1.449302802,1e-10,0.0,0.0,1.0,0.0,0.0005,exchangeInfo.quotePrecision/baseSizePrecision/quoteAmountPrecision,1,False,0.01523487092678798,0.8196443691786621,0.1926333615580017,25.181694361599927
mexc,KILOUSDC,KILO-USDC,KILO,USDC,True,1,True,0.006269,55299.047513,8813444.28,0.006246,702.98,0.006294,190.66,76.55502392344546,1.20001404,1e-06,0.0,0.0,1.0,0.0,0.0,exchangeInfo.quotePrecision/baseSizePrecision/quoteAmountPrecision,1,False,0.34913245873889126,0.1790855207451313,0.07366638441998306,25.152750937666962
mexc,METAUSDT,META-USDT,META,USDT,False,2,True,0.0,0.0,0.0,0.0,0.0,0.0,0.0,,,1e-05,0.0,0.0,1.0,0.0,0.0005,exchangeInfo.quotePrecision/baseSizePrecision/quoteAmountPrecision,4,False,0.0019043588658484976,1.0,0.0,25.104739737621667
mexc,SDBUSDT,SDB-USDT,SDB,USDT,True,1,True,0.001575,5458.293091,3451006.57,0.001573,46107.67,0.001583,16197.56,63.37135614702171,25.64073748,1e-06,0.0,0.0,1.0,0.0,0.0005,exchangeInfo.quotePrecision/baseSizePrecision/quoteAmountPrecision,1,False,0.09352517985611511,0.24216765453005928,0.6943268416596104,25.084613088530023
mexc,PORT3USDT,PORT3-USDT,PORT3,USDT,True,1,True,0.0027138,54668.1065701,16972272.06,0.002661,9294.32,0.0027149,1180.19,200.52456332893078,3.2040978310000003,1e-07,0.0,0.0,1.0,0.0,0.0005,exchangeInfo.quotePrecision/baseSizePrecision/quoteAmountPrecision,1,False,0.31739314430808296,0.04614733276883998,0.3230313293818798,25.070932843803163
mexc,NUSDUSDT,NUSD-USDT,NUSD,USDT,True,1,True,0.657,15023.286,22210.69,0.655,275.68,0.659,13.88,60.882800608828056,9.146920000000001,0.001,0.0,0.0,1.0,0.0,0.0005,exchangeInfo.quotePrecision/baseSizePrecision/quoteAmountPrecision,1,False,0.14430808294540837,0.2616426756985606,0.5296359017781541,25.070729490024558
mexc,PRTGUSDT,PRTG-USDT,PRTG,USDT,True,1,True,1.2132,36.2441,28.17,1.2086,1.14,1.2099,1.12,10.750465164358726,1.355088,0.0001,0.1,0.1,1.0,0.0,0.0005,exchangeInfo.quotePrecision/baseSizePrecision/quoteAmountPrecision,1,False,0.01946677951756242,0.8310753598645215,0.16088060965283657,25.065169063135702
mexc,FORUUSDT,FORU-USDT,FORU,USDT,True,1,True,0.01601,1020.54989,61528.12,0.01601,14191.9,0.0161,1979.03,56.05730302086565,31.862382999999998,1e-05,0.0,0.0,1.0,0.0,0.0005,exchangeInfo.quotePrecision/baseSizePrecision/quoteAmountPrecision,1,False,0.05374523910283538,0.2993226079593565,0.7231160033869602,24.901373417379062
mexc,LIMEUSDT,LIME-USDT,LIME,USDT,True,1,True,0.002952,19250.153372,6511475.86,0.002936,2477.76,0.002954,3348.67,61.120543293718924,7.27470336,1e-06,0.0,0.0,1.0,0.0,0.0005,exchangeInfo.quotePrecision/baseSizePrecision/quoteAmountPrecision,1,False,0.1570038087177317,0.2595258255715496,0.48729889923793396,24.869333103522663
mexc,ARIUSDT,ARI-USDT,ARI,USDT,True,1,True,0.0007559,10095.9511695,13168785.72,0.0007555,3709.35,0.0007571,772.43,21.15562607430965,0.584806753,1e-07,0.0,0.0,1.0,0.0,0.0005,exchangeInfo.quotePrecision/baseSizePrecision/quoteAmountPrecision,1,False,0.12399492170969106,0.6943268416596104,0.03429297205757832,24.863751176674835
mexc,OZONEUSDT,OZONE-USDT,OZONE,USDT,True,1,True,2.486,11813.359,4711.09,2.486,37.31,2.503,5.62,68.14992984566005,14.06686,0.001,0.0,0.0,1.0,0.0,0.0005,exchangeInfo.quotePrecision/baseSizePrecision/quoteAmountPrecision,1,False,0.13457469318662718,0.21295512277730733,0.6054191363251482,24.833868921200143
mexc,TITNUSDT,TITN-USDT,TITN,USDT,True,1,True,0.02971,48836.96134,1625518.59,0.02962,76.88,0.0298,244.17,60.585661393470076,2.2771855999999997,1e-05,0.0,0.0,1.0,0.0,0.0005,exchangeInfo.quotePrecision/baseSizePrecision/quoteAmountPrecision,1,False,0.23571730850613626,0.2629127857747672,0.2629127857747671,24.795527327702015
mexc,TPTUSDT,TPT-USDT,TPT,USDT,True,1,True,0.005945,53025.665959,8763290.47,0.005923,10814.24,0.006053,1081.16,217.10086840347344,6.54426148,1e-06,0.001,0.001,1.0,0.0,0.0005,exchangeInfo.quotePrecision/baseSizePrecision/quoteAmountPrecision,1,False,0.2619551417689378,0.041066892464013516,0.4674005080440305,24.78221526977253
mexc,RIOUSDT,RIO-USDT,RIO,USDT,True,1,True,0.04045,42216.61477,1003989.48,0.04039,839.62,0.04072,135.06,81.37097768462506,5.4996432,1e-05,0.0,0.0,1.0,0.0,0.0005,exchangeInfo.quotePrecision/baseSizePrecision/quoteAmountPrecision,1,False,0.21878967414303852,0.16680779000846735,0.42887383573243015,24.781103542727408
mexc,TONNYUSDT,TONNY-USDT,TONNY,USDT,True,1,True,0.04426,20022.86442,447591.33,0.04416,63.4,0.04436,72.79,45.187528242204884,2.799744,1e-05,0.0,0.0,1.0,0.0,0.0005,exchangeInfo.quotePrecision/baseSizePrecision/quoteAmountPrecision,1,False,0.15911976301311892,0.4068585944115156,0.292125317527519,24.765558176559814
mexc,VOOIUSDT,VOOI-USDT,VOOI,USDT,True,1,True,0.007188,53814.649421,7270420.14,0.007182,1499.38,0.007218,19.11,49.99999999999941,0.13793597999999999,1e-06,0.0,0.0,1.0,0.0,0.0005,exchangeInfo.quotePrecision/baseSizePrecision/quoteAmountPrecision,1,False,0.28015234870926786,0.3556308213378493,0.02243861134631668,24.7479219393823
mexc,AFKUSDT,AFK-USDT,AFK,USDT,True,1,True,0.01082,54105.73161,4427125.74,0.01082,228.31,0.01093,6188.94,101.14942528735699,2.4703142,1e-05,0.0,0.0,1.0,0.0,0.0005,exchangeInfo.quotePrecision/baseSizePrecision/quoteAmountPrecision,1,False,0.29327126534066866,0.12320067739204066,0.2747671464860288,24.70527945825837
mexc,XRPBTC,XRP-BTC,XRP,BTC,True,1,True,2.0045e-05,32.332621608,1612420.06,2.0039e-05,738.54,2.0048e-05,223.99,4.490233741611697,0.00449055152,1e-09,10.0,10.0,5e-06,0.0,0.0005,exchangeInfo.quotePrecision/baseSizePrecision/quoteAmountPrecision,1,False,0.018620397799407534,0.9356477561388654,0.01397121083827265,24.694739999204504
mexc,EDENAUSDT,EDENA-USDT,EDENA,USDT,True,1,True,0.0834,47213.9868,552817.22,0.0829,934.96,0.0839,78.15,119.90407673860922,6.5567850000000005,0.0001,0.0,0.0,1.0,0.0,0.0005,exchangeInfo.quotePrecision/baseSizePrecision/quoteAmountPrecision,1,False,0.23106220905628438,0.10118543607112618,0.46824724809483487,24.603002361770496
mexc,BATTERYUSDT,BATTERY-USDT,BATTERY,USDT,True,1,True,0.0001269,23506.6141765,182831756.13,0.0001266,4439.18,0.000127,5511811.02,31.545741324921902,0.562000188,1e-07,0.0,0.0,1.0,0.0,0.0005,exchangeInfo.quotePrecision/baseSizePrecision/quoteAmountPrecision,1,False,0.1684299619128227,0.5863674851820491,0.03386960203217612,24.6002270754
mexc,MOVEUSDC,MOVE-USDC,MOVE,USDC,True,1,True,0.01762,54251.01031,3014529.65,0.01757,75.22,0.01768,70.65,62.41134751773188,1.249092,1e-05,0.0,0.0,1.0,0.0,0.0,exchangeInfo.quotePrecision/baseSizePrecision/quoteAmountPrecision,1,False,0.2996191282268303,0.25063505503810335,0.09271803556308214,24.599289139689894
mexc,DIONEUSDT,DIONE-USDT,DIONE,USDT,True,1,True,0.000123,4044.190317,33000989.73,0.000123,3206149.78,0.000124,466552.22,80.9716599190281,57.85247528,1e-06,0.01,0.01,1.0,0.0,0.0005,exchangeInfo.quotePrecision/baseSizePrecision/quoteAmountPrecision,1,False,0.08167583580194668,0.16765453005927178,0.7950889077053345,24.585312374695555
mexc,MDAOUSDT,MDAO-USDT,MDAO,USDT,True,1,True,0.008481,7892.084448,944604.4,0.008465,4.19,0.008481,282.76,18.883512333294448,0.03546835,1e-06,0.0,0.0,1.0,0.0,0.0005,exchangeInfo.quotePrecision/baseSizePrecision/quoteAmountPrecision,1,False,0.11045281421921287,0.7235393734123624,0.018204911092294666,24.52748733921166
mexc,TAGUSDT,TAG-USDT,TAG,USDT,True,1,True,0.0005704,55288.6030142,95536458.63,0.0005692,2383.46,0.0005771,2490983.2,137.8347727470999,1.356665432,1e-07,0.0,0.0,1.0,0.0,0.0005,exchangeInfo.quotePrecision/baseSizePrecision/quoteAmountPrecision,1,False,0.34828607702073633,0.08340389500423373,0.16257408975444537,24.492313406335253
mexc,AIPOUSDT,AIPO-USDT,AIPO,USDT,True,1,True,0.001059,3504.235977,3301835.25,0.001057,1199.18,0.001059,10132.2,18.90359168242012,1.26753326,1e-06,0.0,0.0,1.0,0.0,0.0005,exchangeInfo.quotePrecision/baseSizePrecision/quoteAmountPrecision,1,False,0.07829030892932713,0.7231160033869601,0.10457239627434378,24.47531500127387
mexc,ASTRAUSDT,ASTRA-USDT,ASTRA,USDT,True,1,True,0.0002895,225.577305,813008.51,0.0002876,5108.26,0.000288,4624.46,13.898540653231748,1.33184448,1e-07,0.0,0.0,1.0,0.0,0.0005,exchangeInfo.quotePrecision/baseSizePrecision/quoteAmountPrecision,1,False,0.031739314430808296,0.7878916172734971,0.14987298899237933,24.44041250537947
mexc,IXFIUSDT,IXFI-USDT,IXFI,USDT,True,1,True,0.000817,18855.21349,22835725.97,0.000813,23864.02,0.000818,8055.23,61.31207847946061,6.58917814,1e-06,0.0,0.0,1.0,0.0,0.0005,exchangeInfo.quotePrecision/baseSizePrecision/quoteAmountPrecision,1,False,0.15573423614049936,0.2582557154953429,0.4690939881456393,24.403655638023825
mexc,SOMIUSDC,SOMI-USDC,SOMI,USDC,True,1,True,0.1505,51632.9485,331082.61,0.1501,8.75,0.1509,460.8,53.15614617940167,1.3133750000000002,0.0001,0.0,0.0,1.0,0.0,0.0,exchangeInfo.quotePrecision/baseSizePrecision/quoteAmountPrecision,1,False,0.2467202708421498,0.32514817950889074,0.13293818797629128,24.357083143566335
mexc,SKXUSDT,SKX-USDT,SKX,USDT,True,1,True,0.08019,5099.87794,61966.12,0.08022,6430.0,0.08089,520.8,83.1729873999136,42.127511999999996,1e-05,0.0,0.0,1.0,0.0,0.0005,exchangeInfo.quotePrecision/baseSizePrecision/quoteAmountPrecision,1,False,0.090562843842573,0.16426756985605417,0.7612193056731583,24.312031771206037
mexc,RWAINCUSDT,RWAINC-USDT,RWAINC,USDT,True,1,True,0.00173,1432.78557,822030.32,0.00173,617729.27,0.00176,382586.53,171.9197707736394,673.3522928000001,1e-05,0.0,0.0,1.0,0.0,0.0005,exchangeInfo.quotePrecision/baseSizePrecision/quoteAmountPrecision,1,False,0.06093948370715192,0.057578323454699376,0.9750211685012701,24.29155306028624
mexc,BABYBONKUSDT,BABYBONK-USDT,BABYBONK,USDT,True,1,True,3.546e-06,518.063918777,145118189.0,3.544e-06,5686357.0,3.55e-06,378910.0,16.9157034113336,1.3451305,1e-09,0.0,0.0,1.0,0.0,0.0005,exchangeInfo.quotePrecision/baseSizePrecision/quoteAmountPrecision,1,False,0.045704612780363946,0.7476714648602879,0.15410668924640136,24.28767410935524
mexc,MINAUSDC,MINA-USDC,MINA,USDC,True,1,True,0.05282,25936.0602,480977.74,0.05272,25.45,0.05294,26.99,41.64300586787771,1.3417240000000001,1e-05,0.001,0.001,1.0,0.0,0.0,exchangeInfo.quotePrecision/baseSizePrecision/quoteAmountPrecision,1,False,0.17858654253068135,0.45258255715495344,0.15283657917019475,24.193555351465207
mexc,NMTUSDT,NMT-USDT,NMT,USDT,True,1,True,0.085,1806.13,21461.79,0.084,1845.05,0.085,9490.47,118.34319526627229,154.98420000000002,0.001,0.0,0.0,1.0,0.0,0.0005,exchangeInfo.quotePrecision/baseSizePrecision/quoteAmountPrecision,1,False,0.06559458315700381,0.10245554614733277,0.8996613039796783,24.162316806912095
mexc,OMNOMUSDT,OMNOM-USDT,OMNOM,USDT,True,1,True,1.9557e-09,56181.392670645866,28141112896540.0,1.9381e-09,605738070.0,1.9792e-09,4685786821.0,209.8384091083133,1.173980953467,1e-13,1000.0,1000.0,1.0,0.0,0.0005,exchangeInfo.quotePrecision/baseSizePrecision/quoteAmountPrecision,1,False,0.39441388066017774,0.04276037256562237,0.06900931414055884,24.141959033261514
mexc,GWEIUSDT,GWEI-USDT,GWEI,USDT,True,1,True,0.04026,5732.89928,140919.13,0.04002,292.4,0.04025,1500.0,57.306590257879904,11.701847999999998,1e-05,0.0,0.0,1.0,0.0,0.0005,exchangeInfo.quotePrecision/baseSizePrecision/quoteAmountPrecision,1,False,0.09564113415150233,0.2925486875529213,0.5740897544453852,24.055774656063367
mexc,SERVUSDT,SERV-USDT,SERV,USDT,True,1,True,0.00964,6068.12447,611653.89,0.00933,16094.42,0.00965,16316.75,337.19704952581753,150.1609386,1e-05,0.0,0.0,1.0,0.0,0.0005,exchangeInfo.quotePrecision/baseSizePrecision/quoteAmountPrecision,1,False,0.09860347016504444,0.024978831498729925,0.8988145639288738,24.023952925123172
mexc,OKMUSDT,OKM-USDT,OKM,USDT,True,1,True,5.315e-06,56015.566884767,10557083233.79,5.26e-06,950570.34,5.334e-06,62617.18,139.70171795355952,0.33400003812,1e-09,0.0,0.0,1.0,0.0,0.0005,exchangeInfo.quotePrecision/baseSizePrecision/quoteAmountPrecision,1,False,0.38848920863309355,0.08213378492802714,0.029635901778154106,24.01296913358391
mexc,MANUSDT,MAN-USDT,MAN,USDT,True,1,True,0.00191,29156.42005,16191923.34,0.00187,10025.03,0.00192,17773.19,263.85224274406403,18.7468061,1e-05,0.0,0.0,1.0,0.0,0.0005,exchangeInfo.quotePrecision/baseSizePrecision/quoteAmountPrecision,1,False,0.18578078713499788,0.03175275190516513,0.6464860287891617,23.94148266583725
mexc,WAXLUSDT,WAXL-USDT,WAXL,USDT,True,1,True,0.04595,980.34956,20641.82,0.04577,13287.95,0.04592,76.11,32.718944268732535,3.4949712,1e-05,0.01,0.01,1.0,0.0,0.0005,exchangeInfo.quotePrecision/baseSizePrecision/quoteAmountPrecision,1,False,0.052475666525603044,0.5707027942421676,0.33911939034716343,23.93611932190563
mexc,IRUSDT,IR-USDT,IR,USDT,True,1,True,0.0422,54170.75937,1267707.45,0.04214,32.59,0.04248,166.0,80.35925313164736,1.3733426,1e-05,0.0,0.0,1.0,0.0,0.0005,exchangeInfo.quotePrecision/baseSizePrecision/quoteAmountPrecision,1,False,0.29623360135421073,0.1697713801862828,0.1685012701100762,23.907157981340184
mexc,XDBUSDT,XDB-USDT,XDB,USDT,True,1,True,0.000116,5820.654849,49384815.88,0.0001152,336261.46,0.000116,179763.49,69.20415224913546,20.85256484,1e-07,0.0,0.0,1.0,0.0,0.0005,exchangeInfo.quotePrecision/baseSizePrecision/quoteAmountPrecision,1,False,0.09733389758781211,0.2066045723962744,0.6668077900084673,23.854634477405874
mexc,RMVUSDT,RMV-USDT,RMV,USDT,True,1,True,0.00345,25002.24275,7096070.48,0.00343,4956.0,0.00346,2417.0,87.08272859216278,8.36282,1e-05,0.0,0.0,1.0,0.0,0.0005,exchangeInfo.quotePrecision/baseSizePrecision/quoteAmountPrecision,1,False,0.1752010156580618,0.15283657917019478,0.514817950889077,23.75332935822981
mexc,VOLTUSDT,VOLT-USDT,VOLT,USDT,True,1,True,4.84e-08,21762.2882916015,450590384107.0,4.82e-08,676462970.0,4.85e-08,109960309.0,62.047569803515216,5.3330749865,1e-10,10000.0,10000.0,1.0,0.0,0.0005,exchangeInfo.quotePrecision/baseSizePrecision/quoteAmountPrecision,1,False,0.1637748624629708,0.25275190516511425,0.4174428450465707,23.675271965522665
mexc,ITHACAUSDT,ITHACA-USDT,ITHACA,USDT,True,1,True,0.002972,23188.281978,7724988.58,0.002966,2023.61,0.002986,3352.31,67.20430107526899,6.002027259999999,1e-06,0.0,0.0,1.0,0.0,0.0005,exchangeInfo.quotePrecision/baseSizePrecision/quoteAmountPrecision,1,False,0.16673719847651292,0.21888230313293822,0.4500423370025402,23.64345023458247
mexc,ANIUSDT,ANI-USDT,ANI,USDT,True,1,True,0.0005471,52035.1119316,97070740.31,0.0005373,10776.23,0.0005493,14295.49,220.87244616234062,5.790068379,1e-07,0.0,0.0,1.0,0.0,0.0005,exchangeInfo.quotePrecision/baseSizePrecision/quoteAmountPrecision,1,False,0.2496826068556919,0.0402201524132092,0.443268416596105,23.603415519315384
mexc,NCDTUSDT,NCDT-USDT,NCDT,USDT,True,1,True,0.0107,14186.1581,1297842.08,0.0106,19162.99,0.0108,3023.0,186.91588785046775,32.6484,0.0001,0.0,0.0,1.0,0.0,0.0005,exchangeInfo.quotePrecision/baseSizePrecision/quoteAmountPrecision,1,False,0.1404993652137114,0.05122777307366644,0.7281964436917866,23.57208828743152
mexc,FNCTUSDT,FNCT-USDT,FNCT,USDT,True,1,True,0.0003735,24808.4290525,66047226.44,0.0003724,21327.1,0.0003756,26887.6,85.56149732620383,7.942212039999999,1e-07,0.0,0.0,1.0,0.0,0.0005,exchangeInfo.quotePrecision/baseSizePrecision/quoteAmountPrecision,1,False,0.1743546339399069,0.1558001693480101,0.5033869602032176,23.552248304459486
mexc,SHRUSDT,SHR-USDT,SHR,USDT,True,1,True,0.0001802,4935.1284559,27137345.12,0.0001782,304023.34,0.0001802,410244.0,111.60714285714255,54.176959188000005,1e-07,0.0,0.0,1.0,0.0,0.0005,exchangeInfo.quotePrecision/baseSizePrecision/quoteAmountPrecision,1,False,0.08929327126534067,0.1100762066045724,0.7887383573243014,23.437802231194077
mexc,LOFIUSDT,LOFI-USDT,LOFI,USDT,True,1,True,0.00284,5300.67836,1794030.86,0.00284,60709.08,0.00287,15438.61,105.0788091068304,44.3088107,1e-05,0.0,0.0,1.0,0.0,0.0005,exchangeInfo.quotePrecision/baseSizePrecision/quoteAmountPrecision,1,False,0.09267879813796022,0.11727349703640977,0.7671464860287892,23.37210104407384
mexc,BANKUSD1,BANK-USD1,BANK,USD1,True,1,True,0.04205,54499.95494,1323937.97,0.04171,30.9,0.04206,32.83,83.56213441566267,1.2888389999999998,1e-05,0.0,0.0,1.0,0.0001,0.0001,exchangeInfo.quotePrecision/baseSizePrecision/quoteAmountPrecision,1,False,0.30977570884468897,0.16257408975444543,0.11346316680779,23.37127956647483
mexc,XRUSDT,XR-USDT,XR,USDT,True,1,True,0.005109,26302.482725,5150970.82,0.005099,5942.34,0.005118,60.49,37.19291377116554,0.30958782,1e-06,0.0,0.0,1.0,0.0,0.0005,exchangeInfo.quotePrecision/baseSizePrecision/quoteAmountPrecision,1,False,0.17985611510791366,0.5139712108382726,0.028789161727349702,23.31714983643906
mexc,MIHUSDT,MIH-USDT,MIH,USDT,True,1,True,0.18,9173.2783,50500.66,0.1773,246.84,0.1804,250.91,173.32960581492824,43.764732,0.0001,0.0,0.0,1.0,0.0,0.0005,exchangeInfo.quotePrecision/baseSizePrecision/quoteAmountPrecision,1,False,0.11933982225983919,0.05673158340389506,0.7641828958509738,23.265637726408013
mexc,HINTUSDT,HINT-USDT,HINT,USDT,True,1,True,0.000833,51048.865622,60996538.72,0.000831,205.55,0.000835,2763.22,48.0192076830731,0.17081205000000002,1e-06,0.0,0.0,1.0,0.0,0.0005,exchangeInfo.quotePrecision/baseSizePrecision/quoteAmountPrecision,1,False,0.24333474396953025,0.3763759525825572,0.023285351397121085,23.258516760830517
mexc,RIZEUSDT,RIZE-USDT,RIZE,USDT,True,1,True,0.004483,32535.518602,7217599.43,0.004475,1568.49,0.004524,20000.0,108.9009889987786,7.01899275,1e-06,0.0,0.0,1.0,0.0,0.0005,exchangeInfo.quotePrecision/baseSizePrecision/quoteAmountPrecision,1,False,0.19509098603470165,0.11261642675698558,0.4809483488569009,23.16438187797125
mexc,EDELUSDT,EDEL-USDT,EDEL,USDT,True,1,True,0.00989,7789.77842,781344.66,0.00958,6496.32,0.00978,10232.36,206.61157024793442,62.2347456,1e-05,0.0,0.0,1.0,0.0,0.0005,exchangeInfo.quotePrecision/baseSizePrecision/quoteAmountPrecision,1,False,0.10918324164198054,0.04445385266723112,0.8010160880609652,23.136746368209014
mexc,RIOEUR,RIO-EUR,RIO,EUR,True,1,True,0.03504,52407.25086,1444546.62,0.03504,84.0,0.0354,584.38,102.21465076660965,2.94336,1e-05,0.0,0.0,1.0,0.0,0.0,exchangeInfo.quotePrecision/baseSizePrecision/quoteAmountPrecision,1,False,0.25391451544646637,0.12108382726502964,0.3010160880609653,23.0127157924007
mexc,XTMUSDT,XTM-USDT,XTM,USDT,True,1,True,0.00077,6786.074676,8763781.76,0.00077,28341.01,0.000777,49283.15,90.49773755656189,21.822577699999997,1e-06,0.0,0.0,1.0,0.0,0.0005,exchangeInfo.quotePrecision/baseSizePrecision/quoteAmountPrecision,1,False,0.10452814219212865,0.14648602878916173,0.6748518204911093,22.908234950118306
mexc,SUNDOGUSDT,SUNDOG-USDT,SUNDOG,USDT,True,1,True,0.00489,3165.11556,608554.1,0.0049,19058.05,0.00498,18083.16,161.9433198380571,90.0541368,1e-05,0.0,0.0,1.0,0.0,0.0005,exchangeInfo.quotePrecision/baseSizePrecision/quoteAmountPrecision,1,False,0.07575116377486246,0.063082133784928,0.8522438611346317,22.78824457493327
mexc,ALVAUSDT,ALVA-USDT,ALVA,USDT,True,1,True,0.00628,17691.48644,2655124.78,0.00625,3524.32,0.00629,863.28,63.795853269536266,5.430031199999999,1e-05,0.0,0.0,1.0,0.0,0.0005,exchangeInfo.quotePrecision/baseSizePrecision/quoteAmountPrecision,1,False,0.1510791366906475,0.23878069432684168,0.42379339542760375,22.754737784708727
mexc,ANYONEUSDT,ANYONE-USDT,ANYONE,USDT,True,1,True,0.0929,17791.3112,188149.82,0.0921,111.18,0.093,959.05,97.24473257698521,10.239678000000001,0.0001,0.0,0.0,1.0,0.0,0.0005,exchangeInfo.quotePrecision/baseSizePrecision/quoteAmountPrecision,1,False,0.15192551840880236,0.13124470787468245,0.5537679932260796,22.712381073872784
mexc,BRNUSDT,BRN-USDT,BRN,USDT,True,1,True,0.10219,39192.99375,372602.64,0.10165,192.87,0.10234,26.44,67.65037501838287,2.7058696,1e-05,0.1,0.1,1.0,0.0,0.0005,exchangeInfo.quotePrecision/baseSizePrecision/quoteAmountPrecision,1,False,0.21032585696148964,0.2167654530059272,0.2853513971210838,22.69408640045179
mexc,EPHUSDT,EPH-USDT,EPH,USDT,True,1,True,0.008027,53689.840428,6298836.1,0.007803,447.14,0.008041,678.52,300.42918454935557,3.4890334199999997,1e-06,0.0,0.0,1.0,0.0,0.0005,exchangeInfo.quotePrecision/baseSizePrecision/quoteAmountPrecision,1,False,0.2759204401184934,0.02836579170194753,0.33784928027095684,22.641754604484966
mexc,TYCOONUSDT,TYCOON-USDT,TYCOON,USDT,True,1,True,0.002012,53737.290397,27279636.9,0.002001,1331.56,0.002033,1628.85,158.65146256817007,2.6644515600000003,1e-06,0.0,0.0,1.0,0.0,0.0005,exchangeInfo.quotePrecision/baseSizePrecision/quoteAmountPrecision,1,False,0.27761320355480323,0.06731583403895003,0.28281117696867064,22.60784558586134
mexc,MINIMAUSDT,MINIMA-USDT,MINIMA,USDT,True,1,True,0.00419,42597.64287,10632558.45,0.00416,264.42,0.00418,1154.95,47.96163069544377,1.0999872,1e-05,0.0,0.0,1.0,0.0,0.0005,exchangeInfo.quotePrecision/baseSizePrecision/quoteAmountPrecision,1,False,0.2196360558611934,0.3772226926333616,0.05376799322607959,22.58591025272127
mexc,AKIUSDT,AKI-USDT,AKI,USDT,True,1,True,0.000235,4110.285701,16766561.03,0.000235,893745.69,0.000236,15200.64,42.462845010615595,3.5873510399999997,1e-06,0.0,0.0,1.0,0.0,0.0005,exchangeInfo.quotePrecision/baseSizePrecision/quoteAmountPrecision,1,False,0.08252221752010157,0.4428450465707028,0.34589331075359864,22.527714342945128
mexc,OBORTECHUSDT,OBORTECH-USDT,OBORTECH,USDT,True,1,True,0.003062,3959.439568,1317040.57,0.003062,1880.73,0.003071,427.89,29.349421164193362,1.31405019,1e-06,0.0,0.0,1.0,0.0,0.0005,exchangeInfo.quotePrecision/baseSizePrecision/quoteAmountPrecision,1,False,0.08082945408379179,0.6071126164267571,0.1350550381033023,22.324536147343522
mexc,AGRSUSDT,AGRS-USDT,AGRS,USDT,True,1,True,0.3182,4812.2309,14389.34,0.3178,4.43,0.3189,41.0,34.553164755771625,1.407854,0.0001,0.0,0.0,1.0,0.0,0.0005,exchangeInfo.quotePrecision/baseSizePrecision/quoteAmountPrecision,1,False,0.08717731696995346,0.5512277730736663,0.18374259102455545,22.25029858068021
mexc,BRIDGEUSDT,BRIDGE-USDT,BRIDGE,USDT,False,1,True,0.0055,183.06621,33198.96,0.0055,1399799.99,0.00558,51022.7,144.40433212996427,284.706666,1e-05,0.0,0.0,1.0,0.0,0.0005,exchangeInfo.quotePrecision/baseSizePrecision/quoteAmountPrecision,1,False,0.029623360135421075,0.07705334462320068,0.9343776460626587,22.24317134428135
mexc,RAYUSDC,RAY-USDC,RAY,USDC,True,1,True,0.5639,27014.2244,47425.4,0.5621,2.21,0.5646,24.37,44.377385284458086,1.2422410000000002,0.0001,0.0001,0.0001,1.0,0.0,0.0,exchangeInfo.quotePrecision/baseSizePrecision/quoteAmountPrecision,1,False,0.18197206940330088,0.4161727349703641,0.09144792548687553,22.241740701178163
mexc,XCXUSDT,XCX-USDT,XCX,USDT,True,1,True,0.001754,41415.897559,23454734.52,0.00175,5733.92,0.001761,874.0,62.660210766163146,1.5391139999999999,1e-06,0.0,0.0,1.0,0.0,0.0005,exchangeInfo.quotePrecision/baseSizePrecision/quoteAmountPrecision,1,False,0.21625052898857386,0.2476714648602879,0.20533446232006775,22.192254962280114
mexc,BELLSUSDT,BELLS-USDT,BELLS,USDT,True,1,True,0.05,10062.594,203668.32,0.049,612.24,0.05,6056.57,202.02020202020216,29.999760000000002,0.001,0.0,0.0,1.0,0.0,0.0005,exchangeInfo.quotePrecision/baseSizePrecision/quoteAmountPrecision,1,False,0.12357173085061363,0.04487722269263339,0.7133784928027096,22.18594562015378
mexc,ROUTEUSDT,ROUTE-USDT,ROUTE,USDT,True,1,True,0.000936,21835.435538,23313972.86,0.000926,98784.7,0.000938,10647.2,128.75536480686776,9.9870736,1e-06,0.1,0.1,1.0,0.0,0.0005,exchangeInfo.quotePrecision/baseSizePrecision/quoteAmountPrecision,1,False,0.16419805332204823,0.09229466553767995,0.5410668924640135,22.159597420434924
mexc,RBTUSDT,RBT-USDT,RBT,USDT,True,1,True,130.85,0.0,0.0,130.34,0.07,130.88,0.76,41.34446060791608,9.123800000000001,0.01,0.001,0.001,1.0,0.0,0.0005,exchangeInfo.quotePrecision/baseSizePrecision/quoteAmountPrecision,1,False,0.0019043588658484976,0.4585097375105842,0.529212531752752,22.151733810441314
mexc,SOLVEXUSDT,SOLVEX-USDT,SOLVEX,USDT,True,1,True,0.021,9752.6524,460449.34,0.0205,1627.07,0.0211,1548.19,288.4615384615384,32.666809,0.0001,0.0,0.0,1.0,0.0,0.0005,exchangeInfo.quotePrecision/baseSizePrecision/quoteAmountPrecision,1,False,0.1223021582733813,0.029635901778154117,0.7286198137171889,22.039912523833603
mexc,XRPHUSDT,XRPH-USDT,XRPH,USDT,True,1,True,0.01701,30188.47834,1794988.95,0.01697,73.65,0.01705,194.76,47.03115814226938,1.2498405000000001,1e-05,0.0,0.0,1.0,0.0,0.0005,exchangeInfo.quotePrecision/baseSizePrecision/quoteAmountPrecision,1,False,0.18958950486669487,0.3878069432684166,0.09398814563928874,22.00235926216441
mexc,HOPPYUSDT,HOPPY-USDT,HOPPY,USDT,True,1,True,3.349e-06,1218.46122059,360426312.0,3.299e-06,45482110.0,3.385e-06,44300059.0,257.3309395571517,149.955699715,1e-09,0.0,0.0,1.0,0.0,0.0005,exchangeInfo.quotePrecision/baseSizePrecision/quoteAmountPrecision,1,False,0.05840033855268726,0.03302286198137172,0.8979678238780694,21.99694664749348
mexc,AIWUSDT,AIW-USDT,AIW,USDT,True,1,True,0.0004806,234.7331113,484808.5,0.000481,1405.79,0.0004817,2802.19,14.542432741248927,0.67618499,1e-07,0.0,0.0,1.0,0.0,0.0005,exchangeInfo.quotePrecision/baseSizePrecision/quoteAmountPrecision,1,False,0.033008887008040624,0.777307366638442,0.03640982218458933,21.976369395095073
mexc,XELSUSDT,XELS-USDT,XELS,USDT,True,1,True,0.027481,14102.312352,514073.86,0.0273,1144.34,0.0276,406.89,109.28961748633812,11.230164,1e-06,0.0001,0.0001,1.0,0.0,0.0005,exchangeInfo.quotePrecision/baseSizePrecision/quoteAmountPrecision,1,False,0.14007617435463393,0.11219305673158342,0.5690093141405589,21.88920229060563
mexc,MASAUSDT,MASA-USDT,MASA,USDT,False,1,True,6.59e-05,298.6324589,3674624.84,6.59e-05,20797.19,6.6e-05,7552.15,15.16300227445071,0.4984419,1e-07,0.0,0.0,1.0,0.0,0.0005,exchangeInfo.quotePrecision/baseSizePrecision/quoteAmountPrecision,1,False,0.03681760473973762,0.7679932260795935,0.03259949195596952,21.8767887517948
mexc,TRCLUSDT,TRCL-USDT,TRCL,USDT,True,1,True,0.000742,0.0,0.0,0.0007412,1872.08,0.000742,1438.34,10.787486515642117,1.06724828,1e-07,0.0001,0.0001,1.0,0.0,0.0005,exchangeInfo.quotePrecision/baseSizePrecision/quoteAmountPrecision,1,False,0.0019043588658484976,0.829805249788315,0.04953429297205758,21.840556841770695
mexc,BOBACATUSDT,BOBACAT-USDT,BOBACAT,USDT,True,1,True,0.0007543,253.8652694,334687.91,0.0007528,1696.6,0.0007543,1811.84,19.9057793112598,1.2772004799999999,1e-07,0.0,0.0,1.0,0.0,0.0005,exchangeInfo.quotePrecision/baseSizePrecision/quoteAmountPrecision,1,False,0.033855268726195514,0.707874682472481,0.10922946655376799,21.743496172828138
mexc,114514USDT,114514-USDT,114514,USDT,True,1,True,0.0001528,53780.1150649,371601957.54,0.0001509,12009.85,0.0001531,124026.85,144.7368421052631,1.812286365,1e-07,0.0,0.0,1.0,0.0,0.0005,exchangeInfo.quotePrecision/baseSizePrecision/quoteAmountPrecision,1,False,0.27888277613203555,0.07662997459779852,0.2235393734123624,21.725089520454166
mexc,ROGUSDT,ROG-USDT,ROG,USDT,True,1,True,0.2467,2962.9926,12126.92,0.2443,146.03,0.247,592.15,109.9124771015676,35.675129,0.0001,0.01,0.01,1.0,0.0,0.0005,exchangeInfo.quotePrecision/baseSizePrecision/quoteAmountPrecision,1,False,0.07405840033855268,0.11134631668077899,0.7417442845046571,21.691755625733016
mexc,TADAUSDT,TADA-USDT,TADA,USDT,True,1,True,0.000495,19283.188417,38754560.09,0.000494,2226.88,0.000496,2217.99,40.40404040404138,1.10007872,1e-06,0.0,0.0,1.0,0.0,0.0005,exchangeInfo.quotePrecision/baseSizePrecision/quoteAmountPrecision,1,False,0.15742699957680914,0.4737510584250635,0.05842506350550381,21.670762707461165
mexc,KOMAUSDT,KOMA-USDT,KOMA,USDT,True,1,True,0.00597,487.16877,80087.15,0.00586,13440.36,0.00593,38164.41,118.74469889737169,78.7605096,1e-05,0.0,0.0,1.0,0.0,0.0005,exchangeInfo.quotePrecision/baseSizePrecision/quoteAmountPrecision,1,False,0.04443504020313161,0.10160880609652834,0.8306519898391194,21.597187160367838
mexc,FUELUSDT,FUEL-USDT,FUEL,USDT,True,1,True,0.00106,3327.32307,3138449.11,0.00106,24000.0,0.00107,392235.94,93.89671361502371,25.439999999999998,1e-05,0.0,0.0,1.0,0.0,0.0005,exchangeInfo.quotePrecision/baseSizePrecision/quoteAmountPrecision,1,False,0.07702073635209479,0.1375952582557155,0.6926333615580017,21.528689186918136
mexc,TRUUUSDT,TRUU-USDT,TRUU,USDT,True,1,True,4.165e-05,39635.36645969,888364155.29,4.145e-05,122333.33,4.165e-05,240.09,48.134777376655805,0.0099997485,1e-08,0.0,0.0,1.0,0.0,0.0005,exchangeInfo.quotePrecision/baseSizePrecision/quoteAmountPrecision,1,False,0.2120186203977994,0.3751058425063506,0.015241320914479255,21.34349660282732
mexc,CHOUSDT,CHO-USDT,CHO,USDT,True,1,True,0.0010497,24054.0005991,22880294.9,0.001047,7490.04,0.0010626,32588.51,147.8953356086457,7.84207188,1e-07,0.1,0.1,1.0,0.0,0.0005,exchangeInfo.quotePrecision/baseSizePrecision/quoteAmountPrecision,1,False,0.17096910706728735,0.07408975444538524,0.5,21.255544749835437
mexc,UBXUSDT,UBX-USDT,UBX,USDT,True,1,True,2.61e-07,33196.5792712113,126630559108.0,2.58e-07,11532384.0,2.6e-07,11101950.0,77.22007722007689,2.886507,1e-10,0.0,0.0,1.0,0.0,0.0005,exchangeInfo.quotePrecision/baseSizePrecision/quoteAmountPrecision,1,False,0.19678374947101143,0.1778154106689246,0.29678238780694327,21.20413924376761
mexc,KASPYUSDT,KASPY-USDT,KASPY,USDT,True,1,True,2.585e-06,8091.030634975,2924459068.58,2.579e-06,2623294.0,2.59e-06,574067.87,42.56142387308949,1.4868357833,1e-09,0.0,0.0,1.0,0.0,0.0005,exchangeInfo.quotePrecision/baseSizePrecision/quoteAmountPrecision,1,False,0.11256876851460008,0.4415749364944962,0.1964436917866215,21.15952951639784
mexc,GWCUSDT,GWC-USDT,GWC,USDT,True,1,True,0.00685,45112.65764,7438203.92,0.00685,303.05,0.00691,290.49,87.20930232558162,2.0072859000000003,1e-05,0.0,0.0,1.0,0.0,0.0005,exchangeInfo.quotePrecision/baseSizePrecision/quoteAmountPrecision,1,False,0.22513753702920017,0.1524132091447925,0.24513124470787467,21.095519659383317
mexc,BLUBUSDT,BLUB-USDT,BLUB,USDT,True,1,True,3.496e-09,55120.98764727962,16280953515245.0,3.453e-09,318563568.0,3.522e-09,2522553331.0,197.84946236559162,1.100000000304,1e-12,0.0,0.0,1.0,0.0,0.0005,exchangeInfo.quotePrecision/baseSizePrecision/quoteAmountPrecision,1,False,0.3406686415573424,0.04784081287044872,0.056731583403895,21.067427275492953
mexc,BAXUSDT,BAX-USDT,BAX,USDT,True,1,True,1.51e-05,818.449606345,53687449.02,1.51e-05,8084305.83,1.5144e-05,88314.99,29.096680333289196,1.33744220856,1e-09,1000.0,1000.0,1.0,0.0,0.0005,exchangeInfo.quotePrecision/baseSizePrecision/quoteAmountPrecision,1,False,0.04993652137113838,0.6109229466553767,0.15198983911939035,21.059379124184836
mexc,PAYAIUSDT,PAYAI-USDT,PAYAI,USDT,True,1,True,0.002955,54051.660166,17597361.88,0.002945,6348.55,0.002967,32.56,74.42489851150164,0.09660552000000001,1e-06,0.0,0.0,1.0,0.0,0.0005,exchangeInfo.quotePrecision/baseSizePrecision/quoteAmountPrecision,1,False,0.2898857384680491,0.18712955122777308,0.021591871295512276,21.05379182234727
mexc,SYLUSDT,SYL-USDT,SYL,USDT,True,1,True,5.45e-05,15856.4176826,289427792.45,5.39e-05,2032328.12,5.47e-05,185915.15,147.32965009208084,10.169558705,1e-07,0.0,0.0,1.0,0.0,0.0005,exchangeInfo.quotePrecision/baseSizePrecision/quoteAmountPrecision,1,False,0.14769360981802793,0.07493649449618967,0.552497883149873,21.04651856539374
mexc,MLXCUSDT,MLXC-USDT,MLXC,USDT,True,1,True,6.96e-07,46681.543847214,66792715804.45,6.94e-07,14416125.16,6.99e-07,1981303.49,71.78750897343794,1.38493113951,1e-09,0.0,0.0,1.0,0.0,0.0005,exchangeInfo.quotePrecision/baseSizePrecision/quoteAmountPrecision,1,False,0.22979263647905204,0.19517358171041488,0.1727349703640982,20.9726339563902
mexc,OPTIMUSUSDT,OPTIMUS-USDT,OPTIMUS,USDT,True,1,True,0.00544,51966.63275,9439899.28,0.0054,265.89,0.00545,258.67,92.16589861751096,1.4097515,1e-05,0.0,0.0,1.0,0.0,0.0005,exchangeInfo.quotePrecision/baseSizePrecision/quoteAmountPrecision,1,False,0.24883622513753703,0.14267569856054196,0.18416596104995767,20.93620406757724
mexc,RFRMUSDT,RFRM-USDT,RFRM,USDT,True,1,True,0.00228,300.63867,131663.81,0.00228,17337.14,0.0023,23570.11,87.33624454148496,39.5286792,1e-05,0.0,0.0,1.0,0.0,0.0005,exchangeInfo.quotePrecision/baseSizePrecision/quoteAmountPrecision,1,False,0.03724079559881507,0.15198983911939035,0.754022015241321,20.928430040746008
mexc,ESXUSDT,ESX-USDT,ESX,USDT,True,1,True,0.000814,2639.704608,3251314.51,0.000809,27318.0,0.000814,10951.61,61.61429451632795,8.914610540000002,1e-06,0.0,0.0,1.0,0.0,0.0005,exchangeInfo.quotePrecision/baseSizePrecision/quoteAmountPrecision,1,False,0.07109606432501057,0.2557154953429297,0.5245554614733277,20.794280150915377
mexc,SPCFINUSDT,SPCFIN-USDT,SPCFIN,USDT,True,1,True,0.0002668,6581.1284573,24116737.27,0.0002669,86060.79,0.0002713,110578.69,163.50798959494608,22.969624850999995,1e-07,0.0,0.0,1.0,0.0,0.0005,exchangeInfo.quotePrecision/baseSizePrecision/quoteAmountPrecision,1,False,0.10283537875581887,0.06096528365791698,0.6803556308213379,20.787190539444723
mexc,WTAUSDT,WTA-USDT,WTA,USDT,False,1,True,7.344e-05,3351.75283919,41883232.81,7.324e-05,17220.36,7.344e-05,8177.85,27.270248159258912,0.6005813040000001,1e-08,0.0,0.0,1.0,0.0,0.0005,exchangeInfo.quotePrecision/baseSizePrecision/quoteAmountPrecision,1,False,0.07744392721117224,0.6308213378492803,0.03598645215918713,20.749678486030223
mexc,RUJIUSDT,RUJI-USDT,RUJI,USDT,True,1,True,0.2038,9352.903,45100.4,0.2034,37.08,0.2051,46.42,83.23133414932715,7.542071999999999,0.0001,0.0,0.0,1.0,0.0,0.0005,exchangeInfo.quotePrecision/baseSizePrecision/quoteAmountPrecision,1,False,0.12018620397799408,0.16384419983065202,0.4944961896697714,20.596270007951404
mexc,DRGUSDT,DRG-USDT,DRG,USDT,True,1,True,0.01479,13196.71744,888317.32,0.0147,5341.42,0.01519,995.7,327.868852459017,15.124683000000001,1e-05,0.0,0.0,1.0,0.0,0.0005,exchangeInfo.quotePrecision/baseSizePrecision/quoteAmountPrecision,1,False,0.13711383834109184,0.025825571549534243,0.6172734970364098,20.532370338226603
mexc,EPIKOUSDT,EPIKO-USDT,EPIKO,USDT,True,1,True,0.0009935,42658.9876223,42483378.36,0.0009933,2013.5,0.0009991,1107.42,58.221240714716245,1.106423322,1e-07,0.0,0.0,1.0,0.0,0.0005,exchangeInfo.quotePrecision/baseSizePrecision/quoteAmountPrecision,1,False,0.22005924672027083,0.285774767146486,0.06181202370872142,20.483868222451473
mexc,ATLASUSDT,ATLAS-USDT,ATLAS,USDT,True,1,True,0.000175,756.639255,4281680.96,0.000174,224871.6,0.000176,786964.84,114.28571428571398,39.1276584,1e-06,0.0001,0.0001,1.0,0.0,0.0005,exchangeInfo.quotePrecision/baseSizePrecision/quoteAmountPrecision,1,False,0.048666948793906054,0.10795935647756139,0.7523285351397121,20.42223679839811
mexc,REALTOKENUSDT,REALTOKEN-USDT,REALTOKEN,USDT,True,1,True,0.00726,1487.06084,208973.71,0.00725,3267.07,0.00732,7149.1,96.08785175017124,23.686257500000004,1e-05,0.0,0.0,1.0,0.0,0.0005,exchangeInfo.quotePrecision/baseSizePrecision/quoteAmountPrecision,1,False,0.06178586542530681,0.1342082980524979,0.682895850973751,20.411347069179346
mexc,WQUILUSDT,WQUIL-USDT,WQUIL,USDT,True,1,True,0.0136,1098.3714,81135.97,0.0136,15732.14,0.0137,1229.6,73.2600732600741,16.84552,0.0001,0.0,0.0,1.0,0.0,0.0005,exchangeInfo.quotePrecision/baseSizePrecision/quoteAmountPrecision,1,False,0.05459162082099027,0.19009314140558853,0.6312447078746825,20.37976183778783
mexc,GODEUSDT,GODE-USDT,GODE,USDT,True,1,True,0.0001246,10588.0593019,83001767.09,0.0001243,128067.2,0.0001255,63496.83,96.07686148918935,7.9688521649999995,1e-07,0.0,0.0,1.0,0.0,0.0005,exchangeInfo.quotePrecision/baseSizePrecision/quoteAmountPrecision,1,False,0.12568768514600084,0.13463166807790006,0.5046570702794242,20.37175579056603
mexc,AZEROUSDC,AZERO-USDC,AZERO,USDC,True,1,True,0.005639,25128.085404,4433167.24,0.005618,675.82,0.00567,2181.88,92.1332388377037,3.79675676,1e-06,0.01,0.01,1.0,0.0,0.0,exchangeInfo.quotePrecision/baseSizePrecision/quoteAmountPrecision,1,False,0.17562420651713923,0.14352243861134628,0.3552074513124471,20.351541349975257
mexc,GVLUSDT,GVL-USDT,GVL,USDT,True,1,True,0.000966,797.6131235,821075.75,0.000966,35611.62,0.0009763,64014.7,106.05982597950974,34.40082492,1e-07,0.0,0.0,1.0,0.0,0.0005,exchangeInfo.quotePrecision/baseSizePrecision/quoteAmountPrecision,1,False,0.04951333051206094,0.11515664690939886,0.7362404741744285,20.326958834386893
mexc,KINUSDT,KIN-USDT,KIN,USDT,True,1,True,0.009475,54496.228246,6724955.22,0.00946,2173.95,0.009585,114.76,131.26804935678666,1.0999746,1e-06,0.0,0.0,1.0,0.0,0.0005,exchangeInfo.quotePrecision/baseSizePrecision/quoteAmountPrecision,1,False,0.30935251798561153,0.08933107535986451,0.05334462320067739,20.314557837218793
mexc,VPEPEUSDT,VPEPE-USDT,VPEPE,USDT,True,1,True,0.00681,9591.99669,1381701.65,0.00679,499.63,0.00683,514.38,58.737151248164615,3.3924876999999998,1e-05,0.0,0.0,1.0,0.0,0.0005,exchangeInfo.quotePrecision/baseSizePrecision/quoteAmountPrecision,1,False,0.12145577655522641,0.27900084674005077,0.3327688399661304,20.310465678361332
mexc,WAGMIGAMESUSDT,WAGMIGAMES-USDT,WAGMIGAMES,USDT,True,1,True,1.23e-06,330.53344271,266655912.65,1.23e-06,21332137.52,1.24e-06,54425362.47,80.97165991902756,26.2385291496,1e-08,0.0,0.0,1.0,0.0,0.0005,exchangeInfo.quotePrecision/baseSizePrecision/quoteAmountPrecision,1,False,0.039356749894202285,0.1685012701100762,0.6955969517358171,20.289092031649375
mexc,MTTUSDT,MTT-USDT,MTT,USDT,True,1,True,17.62,19594.77,1107.85,17.52,0.3,17.69,0.31,96.56347628514723,5.255999999999999,0.01,0.0,0.0,1.0,0.0,0.0005,exchangeInfo.quotePrecision/baseSizePrecision/quoteAmountPrecision,1,False,0.15869657215404148,0.13251481795088904,0.4123624047417443,20.288430012079395
mexc,NEXAUSDT,NEXA-USDT,NEXA,USDT,True,1,True,4.7e-07,7919.5539949525,17125433696.0,4.7e-07,38274723.0,4.728e-07,8516609.0,59.39753924480268,4.0266527352,1e-10,0.0,0.0,1.0,0.0,0.0005,exchangeInfo.quotePrecision/baseSizePrecision/quoteAmountPrecision,1,False,0.1108760050782903,0.27307366638442,0.3645215918712955,20.21545377634238
mexc,RXDUSDT,RXD-USDT,RXD,USDT,True,1,True,9.6e-05,52780.603203,603970260.24,9.4e-05,21839.29,9.6e-05,25342.99,210.52631578947452,2.05289326,1e-06,0.0,0.0,1.0,0.0,0.0005,exchangeInfo.quotePrecision/baseSizePrecision/quoteAmountPrecision,1,False,0.2581464240372408,0.0423370025402201,0.2476714648602879,20.209907682759507
mexc,SAFE4USDT,SAFE4-USDT,SAFE4,USDT,True,1,True,1.666,44915.132,26949.32,1.615,12.38,1.683,2.5,412.3711340206189,4.2075000000000005,0.001,0.0,0.0,1.0,0.0,0.0005,exchangeInfo.quotePrecision/baseSizePrecision/quoteAmountPrecision,1,False,0.22302158273381295,0.02159187129551232,0.3696020321761219,20.19802447626996
mexc,IRCUSDT,IRC-USDT,IRC,USDT,True,1,True,0.0018061,52518.4850455,28035545.61,0.0017502,5713.63,0.0018621,1480.58,619.5498712731505,2.756988018,1e-07,0.0,0.0,1.0,0.0,0.0005,exchangeInfo.quotePrecision/baseSizePrecision/quoteAmountPrecision,1,False,0.2556072788827761,0.012701100762066098,0.28831498729889926,20.142227603582324
mexc,RISEUSDT,RISE-USDT,RISE,USDT,True,1,True,0.003132,1828.128286,586992.6,0.003119,4714.81,0.003132,692.01,41.59334506478961,2.1673753199999997,1e-06,0.0,0.0,1.0,0.0,0.0005,exchangeInfo.quotePrecision/baseSizePrecision/quoteAmountPrecision,1,False,0.06601777401608125,0.45469940728196445,0.2540220152413209,20.07890305776
mexc,TTMUSDT,TTM-USDT,TTM,USDT,True,1,True,0.00261,306.800565,117278.24,0.002612,1975.32,0.002624,1941.21,45.836516424751174,5.09373504,1e-06,0.0,0.0,1.0,0.0,0.0005,exchangeInfo.quotePrecision/baseSizePrecision/quoteAmountPrecision,1,False,0.03766398645789251,0.3988145639288738,0.40135478408128705,20.068979035031674
mexc,CHMPZUSDT,CHMPZ-USDT,CHMPZ,USDT,True,1,True,1.286e-05,12624.8366743,969376542.41,1.279e-05,234558.25,1.287e-05,583974.12,62.353858144973444,3.0000000174999997,1e-08,0.0,0.0,1.0,0.0,0.0005,exchangeInfo.quotePrecision/baseSizePrecision/quoteAmountPrecision,1,False,0.1366906474820144,0.2510584250635055,0.3099068585944115,19.992583409986658
mexc,POKTUSDT,POKT-USDT,POKT,USDT,True,1,True,0.013097,11778.309819,907485.21,0.013077,226.97,0.013157,244.22,60.98955553861418,2.96808669,1e-06,0.1,0.1,1.0,0.0,0.0005,exchangeInfo.quotePrecision/baseSizePrecision/quoteAmountPrecision,1,False,0.13372831146847228,0.2603725656223539,0.3044030482641829,19.95243223660848
mexc,COTUSDT,COT-USDT,COT,USDT,True,1,True,0.000823,8602.362313,10504517.77,0.000816,10177.33,0.000824,21797.15,97.56097560975581,8.30470128,1e-06,0.0,0.0,1.0,0.0,0.0005,exchangeInfo.quotePrecision/baseSizePrecision/quoteAmountPrecision,1,False,0.11637748624629708,0.1308213378492803,0.5131244707874683,19.933784605527713
mexc,WOLFTONUSDT,WOLFTON-USDT,WOLFTON,USDT,True,1,True,0.0002796,8591.6656611,30347153.14,0.0002787,6174.53,0.0002798,4023.83,39.39122649955333,1.125867634,1e-07,0.0,0.0,1.0,0.0,0.0005,exchangeInfo.quotePrecision/baseSizePrecision/quoteAmountPrecision,1,False,0.11595429538721963,0.4847586790855207,0.06604572396274344,19.81736770268997
mexc,DPENGUUSDT,DPENGU-USDT,DPENGU,USDT,True,1,True,0.001133,8312.096575,7261580.33,0.001129,2031.32,0.001135,1991.84,53.00353356890396,2.2607383999999997,1e-06,0.0,0.0,1.0,0.0,0.0005,exchangeInfo.quotePrecision/baseSizePrecision/quoteAmountPrecision,1,False,0.1146847228099873,0.32726502963590176,0.2612193056731583,19.713671608910012
mexc,OPTUSDT,OPT-USDT,OPT,USDT,True,1,True,0.001277,11439.73116,8871156.15,0.001272,5219.55,0.001285,60568.09,101.68165819319508,6.6392676,1e-06,0.0,0.0,1.0,0.0,0.0005,exchangeInfo.quotePrecision/baseSizePrecision/quoteAmountPrecision,1,False,0.13118916631400762,0.12235393734123623,0.47163420829805247,19.706936746762377
mexc,ELAUSDT,ELA-USDT,ELA,USDT,True,1,True,0.468,1163.788,2418.85,0.457,173.92,0.468,108.1,237.83783783783804,50.5908,0.001,0.0,0.0,1.0,0.0,0.0005,exchangeInfo.quotePrecision/baseSizePrecision/quoteAmountPrecision,1,False,0.05628438425730004,0.03767993226079591,0.7828111769686706,19.693862980044816
mexc,LAIKAL2USDT,LAIKAL2-USDT,LAIKAL2,USDT,True,1,True,0.03047,4732.57813,149991.34,0.03039,39.65,0.0305,41.78,36.13072754146789,1.2049635,1e-05,0.0,0.0,1.0,0.0,0.0005,exchangeInfo.quotePrecision/baseSizePrecision/quoteAmountPrecision,1,False,0.086754126110876,0.5283657917019475,0.0821337849280271,19.623297427207408
mexc,RXSUSDT,RXS-USDT,RXS,USDT,True,1,True,0.001623,23250.556316,14585893.38,0.001613,691.02,0.001621,66666.66,49.47433518862077,1.11461526,1e-06,0.0,0.0,1.0,0.0,0.0005,exchangeInfo.quotePrecision/baseSizePrecision/quoteAmountPrecision,1,False,0.16716038933559035,0.3636748518204911,0.06392887383573242,19.564270185684396
mexc,CKBTCBTC,CKBTC-BTC,CKBTC,BTC,True,1,True,0.9986,0.0,0.0,0.9992,0.00651,1.0008,0.00707,15.999999999999348,0.006504792,0.0001,0.0,0.0,5e-06,0.0,0.0005,exchangeInfo.quotePrecision/baseSizePrecision/quoteAmountPrecision,1,False,0.0019043588658484976,0.7578323454699407,0.014394580863674851,19.338439991643682
mexc,PXUSDT,PX-USDT,PX,USDT,True,1,True,0.02,9121.69,458205.71,0.02,5723.0,0.0204,588.23,198.0198019801985,11.999892000000001,0.0001,0.0,0.0,1.0,0.0,0.0005,exchangeInfo.quotePrecision/baseSizePrecision/quoteAmountPrecision,1,False,0.11891663140076174,0.047417442845046565,0.5795935647756139,19.317722093680338
mexc,RAXUSDT,RAX-USDT,RAX,USDT,True,1,True,0.00978,44394.92441,2820190.29,0.00978,362.45,0.01049,4761.47,700.5426739023176,3.5447610000000003,1e-05,0.0,0.0,1.0,0.0,0.0005,exchangeInfo.quotePrecision/baseSizePrecision/quoteAmountPrecision,1,False,0.2217520101565806,0.009737510584250653,0.34335309060118546,19.30686013524191
mexc,TETUSDT,TET-USDT,TET,USDT,True,1,True,0.2582,8731.4853,33796.16,0.2572,38.94,0.2612,69.75,154.32098765432113,10.015367999999999,0.0001,0.0,0.0,1.0,0.0,0.0005,exchangeInfo.quotePrecision/baseSizePrecision/quoteAmountPrecision,1,False,0.11680067710537452,0.06900931414055889,0.5453005927180355,19.055281948670284
mexc,A1XUSDT,A1X-USDT,A1X,USDT,True,1,True,0.0003315,15693.4566237,47432628.17,0.0003287,19545.13,0.0003339,34437.88,156.95744038635567,6.424484231000001,1e-07,0.0,0.0,1.0,0.0,0.0005,exchangeInfo.quotePrecision/baseSizePrecision/quoteAmountPrecision,1,False,0.1472704189589505,0.0677392040643523,0.4618966977138019,19.03128709862712
mexc,KORIUSDT,KORI-USDT,KORI,USDT,True,1,True,0.0011336,4189.2530797,3997954.19,0.0011371,15122.87,0.001155,31636.92,156.18864796474801,17.196215477000003,1e-07,0.0,0.0,1.0,0.0,0.0005,exchangeInfo.quotePrecision/baseSizePrecision/quoteAmountPrecision,1,False,0.08421498095641135,0.06816257408975446,0.6342082980524979,19.020054265896448
mexc,DEXTFUSDT,DEXTF-USDT,DEXTF,USDT,True,1,True,0.03589,1058.72777,30067.61,0.03577,35.13,0.03589,82.96,33.491487580238655,1.2566001000000002,1e-05,0.0,0.0,1.0,0.0,0.0005,exchangeInfo.quotePrecision/baseSizePrecision/quoteAmountPrecision,1,False,0.054168429961912824,0.5622353937341236,0.09864521591871296,19.008052809632552
mexc,SACHICOINUSDT,SACHICOIN-USDT,SACHICOIN,USDT,True,1,True,0.000166,1179.899539,7089647.6,0.000165,353060.62,0.000169,214240.22,239.5209580838317,36.206597179999996,1e-06,0.0,0.0,1.0,0.0,0.0005,exchangeInfo.quotePrecision/baseSizePrecision/quoteAmountPrecision,1,False,0.05755395683453238,0.03725656223539375,0.7442845046570703,18.982571774925532
mexc,SKYAUSDT,SKYA-USDT,SKYA,USDT,True,1,True,0.0007933,14798.9246961,18759572.62,0.0007901,31640.49,0.0007945,1749.52,55.53451975261895,1.38999364,1e-07,0.0,0.0,1.0,0.0,0.0005,exchangeInfo.quotePrecision/baseSizePrecision/quoteAmountPrecision,1,False,0.14303851036817605,0.30440304826418285,0.17485182049110923,18.974230686676442
mexc,TERRAUSDT,TERRA-USDT,TERRA,USDT,True,1,True,0.001458,491.805048,316324.58,0.001454,923.07,0.001458,505.38,27.47252747252814,0.73684404,1e-06,0.0,0.0,1.0,0.0,0.0005,exchangeInfo.quotePrecision/baseSizePrecision/quoteAmountPrecision,1,False,0.044858231062209056,0.6287044877222693,0.03683319220999153,18.921478745678062
mexc,BOBERUSDT,BOBER-USDT,BOBER,USDT,True,1,True,5.45e-05,6504.2593595,118905062.86,5.42e-05,48743.98,5.45e-05,6792398.32,55.19779208831656,2.6419237160000004,1e-07,0.0,0.0,1.0,0.0,0.0005,exchangeInfo.quotePrecision/baseSizePrecision/quoteAmountPrecision,1,False,0.10241218789674143,0.30694326841659614,0.2806943268416596,18.920138581568878
mexc,YURUUSDT,YURU-USDT,YURU,USDT,True,1,True,0.2173,2820.5844,12213.32,0.2171,100.77,0.2185,27.45,64.27915518824666,5.997825,0.0001,0.0,0.0,1.0,0.0,0.0005,exchangeInfo.quotePrecision/baseSizePrecision/quoteAmountPrecision,1,False,0.0732120186203978,0.23666384419983066,0.4487722269263336,18.91870166764432
mexc,BRETTETHUSDT,BRETTETH-USDT,BRETTETH,USDT,True,1,True,0.0204,41063.99726,2007004.69,0.02029,65.36,0.02046,21240.33,83.4355828220859,1.3261543999999998,1e-05,0.0,0.0,1.0,0.0,0.0005,exchangeInfo.quotePrecision/baseSizePrecision/quoteAmountPrecision,1,False,0.21498095641134152,0.1629974597798476,0.14733276883996613,18.845544473919297
mexc,GRAMPUSUSDT,GRAMPUS-USDT,GRAMPUS,USDT,True,1,True,0.000661,38263.256423,57522999.15,0.000658,2142.92,0.000663,1991.47,75.70022710068152,1.32034461,1e-06,0.0,0.0,1.0,0.0,0.0005,exchangeInfo.quotePrecision/baseSizePrecision/quoteAmountPrecision,1,False,0.20820990266610243,0.18204911092294662,0.1409822184589331,18.82241678888796
mexc,XL1USDT,XL1-USDT,XL1,USDT,True,1,True,0.0002831,312.7872053,1079540.27,0.0002857,15000.0,0.0002871,23846.74,48.8826815642451,4.2855,1e-07,0.0,0.0,1.0,0.0,0.0005,exchangeInfo.quotePrecision/baseSizePrecision/quoteAmountPrecision,1,False,0.038510368176047395,0.3704487722269263,0.37214225232853515,18.822134601926468
mexc,NATIXUSDT,NATIX-USDT,NATIX,USDT,True,1,True,8.557e-05,2530.59910024,29600343.74,8.557e-05,208346.24,8.671e-05,322892.3,132.34269793359718,17.8281877568,1e-08,0.0,0.0,1.0,0.0,0.0005,exchangeInfo.quotePrecision/baseSizePrecision/quoteAmountPrecision,1,False,0.06982649174777825,0.08763759525825576,0.6388653683319221,18.808704294222643
mexc,OSAKUSDT,OSAK-USDT,OSAK,USDT,True,1,True,3.639e-08,8939.91651130516,233880424069.0,3.64e-08,40328856.0,3.659e-08,683246789.0,52.06192629127197,1.4679703584000001,1e-11,0.0,0.0,1.0,0.0,0.0005,exchangeInfo.quotePrecision/baseSizePrecision/quoteAmountPrecision,1,False,0.1184934405416843,0.33530906011854356,0.1943268416596105,18.78640256594844
mexc,PACTUSDT,PACT-USDT,PACT,USDT,True,1,True,3.78e-05,3134.3000042,81820570.67,3.77e-05,82891.25,3.79e-05,299133.65,52.91005291005241,3.125000125,1e-07,0.0,0.0,1.0,0.0,0.0005,exchangeInfo.quotePrecision/baseSizePrecision/quoteAmountPrecision,1,False,0.07532797291578502,0.32853513971210835,0.31879762912785775,18.732369585728044
mexc,ATTUSDT,ATT-USDT,ATT,USDT,True,1,True,0.1104,14590.1526,131919.82,0.1093,73.19,0.1125,84.86,288.5482416591531,7.999667,0.0001,0.0,0.0,1.0,0.0,0.0005,exchangeInfo.quotePrecision/baseSizePrecision/quoteAmountPrecision,1,False,0.14219212865002115,0.029212531752751958,0.5059271803556308,18.66942397668258
mexc,LAIUSDT,LAI-USDT,LAI,USDT,False,1,True,3.489e-05,28174.7773864,801211616.72,3.471e-05,149190.04,3.652e-05,147737.16,508.2128316720495,5.1783862884,1e-08,0.0,0.0,1.0,0.0,0.0005,exchangeInfo.quotePrecision/baseSizePrecision/quoteAmountPrecision,1,False,0.18324164198053322,0.01566469093988143,0.4068585944115157,18.60707947065668
mexc,HLKUSDT,HLK-USDT,HLK,USDT,True,1,True,0.2761,29550.825,106361.49,0.2754,18.16,0.277,3.97,57.9290369297627,1.09969,0.0001,0.0,0.0,1.0,0.0,0.0005,exchangeInfo.quotePrecision/baseSizePrecision/quoteAmountPrecision,1,False,0.18831993228946256,0.28831498729889926,0.05207451312447079,18.60696122088234
mexc,FAKTUSDT,FAKT-USDT,FAKT,USDT,True,1,True,0.0006839,11337.588989,16800269.88,0.0006793,14721.03,0.0007057,16808.08,381.2274368231046,9.999995679,1e-07,0.0,0.0,1.0,0.0,0.0005,exchangeInfo.quotePrecision/baseSizePrecision/quoteAmountPrecision,1,False,0.12949640287769784,0.023708721422523338,0.5431837425910245,18.578695045656957
mexc,MNFTUSDT,MNFT-USDT,MNFT,USDT,True,1,True,1.1055e-05,24774.004690039,2231609643.0,1.0725e-05,537050.0,1.189e-05,1500000.0,1030.2896307760336,5.75986125,1e-09,0.0,0.0,1.0,0.0,0.0005,exchangeInfo.quotePrecision/baseSizePrecision/quoteAmountPrecision,1,False,0.17393144308082945,0.005927180355630779,0.44242167654530057,18.562842409242403
mexc,CLGOUSDT,CLGO-USDT,CLGO,USDT,True,1,True,0.01537,11067.36533,636743.48,0.01501,1332.44,0.01569,647.5,442.99674267100875,10.159275,1e-05,0.0,0.0,1.0,0.0,0.0005,exchangeInfo.quotePrecision/baseSizePrecision/quoteAmountPrecision,1,False,0.12780363944138806,0.019898391193903464,0.5512277730736664,18.551215410597262
mexc,CAWUSDC,CAW-USDC,CAW,USDC,True,1,True,2.838e-08,25693.82103147809,902765429285.0,2.765e-08,232723641.0,2.849e-08,180334056.0,299.2518703241894,5.13771725544,1e-11,100000.0,100000.0,1.0,0.0,0.0,exchangeInfo.quotePrecision/baseSizePrecision/quoteAmountPrecision,1,False,0.17689377909437157,0.028789161727349688,0.40474174428450466,18.543721779064274
mexc,ARCUSDT,ARC-USDT,ARC,USDT,True,1,True,0.000699,1103.888717,1590571.69,0.000687,40395.57,0.000699,39702.08,173.16017316017266,27.75175392,1e-06,0.001,0.001,1.0,0.0,0.0005,exchangeInfo.quotePrecision/baseSizePrecision/quoteAmountPrecision,1,False,0.05501481168006771,0.05715495342929722,0.7032176121930568,18.51904072199729
mexc,XCHNGUSDT,XCHNG-USDT,XCHNG,USDT,True,1,True,0.00029,116.2407851,400030.56,0.00029,6830.37,0.0002909,4414.99,30.986400413152754,1.284320591,1e-07,0.0,0.0,1.0,0.0,0.0005,exchangeInfo.quotePrecision/baseSizePrecision/quoteAmountPrecision,1,False,0.026237833262801522,0.5931414055884843,0.1121930567315834,18.515477103797856
mexc,USADUSDT,USAD-USDT,USAD,USDT,True,1,True,1.0002,361.3423,361.18,1.0001,821.86,1.0068,9.82,66.76964472569564,9.886776,0.0001,0.0,0.0,1.0,0.0,0.0005,exchangeInfo.quotePrecision/baseSizePrecision/quoteAmountPrecision,1,False,0.040203131612357175,0.2201524132091448,0.5393734123624048,18.50245081615636
mexc,AI3USDT,AI3-USDT,AI3,USDT,True,1,True,0.007,1375.89924,192382.96,0.00701,1947.44,0.00708,3632.64,99.36124911284686,13.6515544,1e-05,0.0,0.0,1.0,0.0,0.0005,exchangeInfo.quotePrecision/baseSizePrecision/quoteAmountPrecision,1,False,0.06009310198899704,0.12658763759525826,0.6011854360711262,18.49352027069882
mexc,LTCBTC,LTC-BTC,LTC,BTC,True,1,True,0.0008087,21.9510122,27089.93,0.0008081,0.11,0.0008098,0.326,21.014895852648337,8.8891e-05,1e-07,0.01,0.01,5e-06,0.0,0.0005,exchangeInfo.quotePrecision/baseSizePrecision/quoteAmountPrecision,1,False,0.016927634363097757,0.6964436917866215,0.0046570702794242165,18.4352535902244
mexc,TRCRUSDT,TRCR-USDT,TRCR,USDT,True,1,True,0.0026382,17159.0796347,6513716.82,0.0026296,18604.0,0.0026462,569.72,62.928844914514805,1.5075930640000001,1e-07,0.0,0.0,1.0,0.0,0.0005,exchangeInfo.quotePrecision/baseSizePrecision/quoteAmountPrecision,1,False,0.14896318239526027,0.2455546147332769,0.2011007620660457,18.35385564139215
mexc,BINDERUSDT,BINDER-USDT,BINDER,USDT,True,1,True,0.001017,4286.582235,4146761.92,0.001007,8760.45,0.001017,98270.08,98.81422924900998,8.821773150000002,1e-06,0.0,0.0,1.0,0.0,0.0005,exchangeInfo.quotePrecision/baseSizePrecision/quoteAmountPrecision,1,False,0.08506136267456622,0.12785774767146485,0.5232853513971211,18.34052566683019
mexc,KATAUSDT,KATA-USDT,KATA,USDT,True,1,True,3.672e-05,11973.14699888,326300851.98,3.53e-05,359404.86,3.672e-05,222712.69,394.3349069702869,8.1780099768,1e-08,0.0001,0.0001,1.0,0.0,0.0005,exchangeInfo.quotePrecision/baseSizePrecision/quoteAmountPrecision,1,False,0.13499788404570462,0.023285351397121068,0.5114309906858594,18.235637221158967
mexc,OOEUSDT,OOE-USDT,OOE,USDT,True,1,True,0.000476,1467.28939,2912065.61,0.000472,185704.45,0.000482,51225.8,209.64360587002153,24.690835600000003,1e-06,0.0001,0.0001,1.0,0.0,0.0005,exchangeInfo.quotePrecision/baseSizePrecision/quoteAmountPrecision,1,False,0.06136267456622937,0.0436071126164268,0.6879762912785775,18.224650742124837
mexc,NRGUSDT,NRG-USDT,NRG,USDT,True,1,True,0.01203,20050.40795,1661709.85,0.012,5551.37,0.01207,106.82,58.163689239717996,1.2893174,1e-05,0.0,0.0,1.0,0.0,0.0005,exchangeInfo.quotePrecision/baseSizePrecision/quoteAmountPrecision,1,False,0.15954295387219636,0.2866215071972904,0.1138865368331922,18.218130879566903
mexc,BCHBTC,BCH-BTC,BCH,BTC,True,1,True,0.007116,12.20091,1764.187,0.007111,0.035,0.007126,0.001,21.071855025637785,7.126000000000001e-06,1e-06,0.001,0.001,5e-06,0.0,0.0005,exchangeInfo.quotePrecision/baseSizePrecision/quoteAmountPrecision,1,False,0.014388489208633094,0.6955969517358171,0.001693480101608806,18.215160301902426
mexc,POLISUSDT,POLIS-USDT,POLIS,USDT,True,1,True,0.01277,844.93887,67273.48,0.01272,1575.36,0.01289,1575.36,132.76064037485358,20.0385792,1e-05,0.0001,0.0001,1.0,0.0,0.0005,exchangeInfo.quotePrecision/baseSizePrecision/quoteAmountPrecision,1,False,0.05078290308929327,0.08721422523285349,0.65961049957663,18.165625292265066
mexc,DINUSDT,DIN-USDT,DIN,USDT,True,1,True,0.006004,9185.702744,1488426.08,0.006,62623.28,0.006038,398.0,63.133410865592026,2.403124,1e-06,0.0,0.0,1.0,0.0,0.0005,exchangeInfo.quotePrecision/baseSizePrecision/quoteAmountPrecision,1,False,0.11976301311891663,0.24470787468247246,0.2701100762066046,18.106864112734318
mexc,TRXBTC,TRX-BTC,TRX,BTC,True,1,True,4.679e-06,6.962036749,1492723.458,4.676e-06,21.02,4.686e-06,1534.588,21.362956633197832,9.828951999999999e-05,1e-09,0.1,0.1,5e-06,0.0,0.0005,exchangeInfo.quotePrecision/baseSizePrecision/quoteAmountPrecision,1,False,0.013118916631400761,0.690939881456393,0.005080440304826418,18.096646257233395
mexc,ANTUSDT,ANT-USDT,ANT,USDT,True,1,True,0.000226044,9703.962504131,41983478.51,0.000222003,45044.43,0.000232419,155487.01,458.4285091830949,9.99999859329,1e-09,0.0,0.0,1.0,0.0,0.0005,exchangeInfo.quotePrecision/baseSizePrecision/quoteAmountPrecision,1,False,0.12187896741430385,0.018628281117696877,0.544030482641829,18.049659888565714
mexc,KRLUSDT,KRL-USDT,KRL,USDT,True,1,True,0.145,3111.8709,21179.26,0.145,12.62,0.1457,102.28,48.15961472308265,1.8298999999999999,0.0001,0.0,0.0,1.0,0.0,0.0005,exchangeInfo.quotePrecision/baseSizePrecision/quoteAmountPrecision,1,False,0.07490478205670757,0.3746824724809483,0.22480948348856902,17.983014494914006
mexc,VOWUSDT,VOW-USDT,VOW,USDT,True,1,True,0.0249,24432.009,987855.74,0.02488,58.68,0.02503,49.55,60.10819475055133,1.2402365,1e-05,0.0,0.0,1.0,0.0,0.0005,exchangeInfo.quotePrecision/baseSizePrecision/quoteAmountPrecision,1,False,0.17223867964451967,0.2671464860287892,0.09060118543607112,17.96381323988974
mexc,VEXUSDT,VEX-USDT,VEX,USDT,True,1,True,0.001709,40733.40779,23844735.71,0.001707,760.78,0.001722,798.4,87.48906386701685,1.2986514599999999,1e-06,0.001,0.001,1.0,0.0,0.0005,exchangeInfo.quotePrecision/baseSizePrecision/quoteAmountPrecision,1,False,0.21455776555226408,0.1515664690939882,0.11727349703640982,17.935308773452423
mexc,SOLBTC,SOL-BTC,SOL,BTC,True,1,True,0.00124731,2.13598537,1708.39,0.00124519,0.72,0.00124783,51.57,21.17913213692577,0.0008965367999999999,1e-08,1.0,1.0,5e-06,0.0,0.0005,exchangeInfo.quotePrecision/baseSizePrecision/quoteAmountPrecision,1,False,0.007194244604316547,0.6934801016088061,0.009314140558848433,17.918968804634535
mexc,XDAGUSDT,XDAG-USDT,XDAG,USDT,True,1,True,0.0014009,53123.9796745,40618830.78,0.0014,915.66,0.0014277,6137.41,195.91894472539576,1.2819239999999998,1e-07,0.0,0.0,1.0,0.0,0.0005,exchangeInfo.quotePrecision/baseSizePrecision/quoteAmountPrecision,1,False,0.2632247143461701,0.04911092294665542,0.1104995766299746,17.915123895305236
mexc,AREAUSDT,AREA-USDT,AREA,USDT,True,1,True,0.01688,5261.41764,312156.96,0.01582,826.11,0.01619,3116.63,231.1777569509521,13.069060200000001,1e-05,0.0,0.0,1.0,0.0,0.0005,exchangeInfo.quotePrecision/baseSizePrecision/quoteAmountPrecision,1,False,0.09183241641980533,0.03937341236240477,0.5931414055884844,17.8979463239191
mexc,DOVUUSDT,DOVU-USDT,DOVU,USDT,True,1,True,0.0032598,39.4174312,11960.71,0.0032566,420.55,0.003268,412.27,34.944670937681856,1.34729836,1e-07,0.0,0.0,1.0,0.0,0.0005,exchangeInfo.quotePrecision/baseSizePrecision/quoteAmountPrecision,1,False,0.02073635209479475,0.5453005927180355,0.15537679932260795,17.88055016961676
mexc,OGPUUSDT,OGPU-USDT,OGPU,USDT,True,1,True,0.083,5767.8413,68647.62,0.0829,66.34,0.0836,747.32,84.08408408408317,5.499586000000001,0.0001,0.0,0.0,1.0,0.0,0.0005,exchangeInfo.quotePrecision/baseSizePrecision/quoteAmountPrecision,1,False,0.09606432501057977,0.16003386960203214,0.42845046570702794,17.853393929773247
mexc,PALMAIUSDT,PALMAI-USDT,PALMAI,USDT,True,1,True,0.0263,4121.2159,159548.93,0.0266,437.13,0.027,620.29,149.253731343284,11.627657999999998,0.0001,0.0,0.0,1.0,0.0,0.0005,exchangeInfo.quotePrecision/baseSizePrecision/quoteAmountPrecision,1,False,0.082945408379179,0.07239627434377649,0.5728196443691786,17.828297206832833
mexc,TIVAUSDT,TIVA-USDT,TIVA,USDT,True,1,True,0.09137,30030.0973,329433.23,0.091,328.48,0.09153,0.02,58.07264559250564,0.0018306,1e-05,0.0,0.0,1.0,0.0,0.0005,exchangeInfo.quotePrecision/baseSizePrecision/quoteAmountPrecision,1,False,0.18916631400761744,0.2870448772226927,0.01143099068585944,17.808889014703468
mexc,TAGUSD1,TAG-USD1,TAG,USD1,True,1,True,0.0005749,53547.4991458,92464795.31,0.0005673,2147.99,0.0005788,439939.02,200.68056888578673,1.218554727,1e-07,0.0,0.0,1.0,0.0001,0.0001,exchangeInfo.quotePrecision/baseSizePrecision/quoteAmountPrecision,1,False,0.27211172238679643,0.04572396274343782,0.0846740050804403,17.80272390146856
mexc,VTRADINGUSDT,VTRADING-USDT,VTRADING,USDT,True,1,True,0.001548,5788.486412,3857004.6,0.001545,837.42,0.001552,884.56,45.20503713270947,1.2938139,1e-06,0.0,0.0,1.0,0.0,0.0005,exchangeInfo.quotePrecision/baseSizePrecision/quoteAmountPrecision,1,False,0.09691070672873466,0.4060118543607113,0.11600338696020322,17.800452968302256
mexc,CRVETH,CRV-ETH,CRV,ETH,True,1,True,0.00010474,78.50759085,729444.393,0.00010465,272.948,0.00010492,476.28,25.767046810135923,0.028564008199999998,1e-08,0.001,0.001,0.0001,0.0,0.0005,exchangeInfo.quotePrecision/baseSizePrecision/quoteAmountPrecision,1,False,0.02454506982649175,0.6439458086367484,0.01735817104149026,17.795787477205565
mexc,CLSUSDT,CLS-USDT,CLS,USDT,True,1,True,0.009258,33831.647245,3649510.98,0.009189,257.16,0.009345,454.92,168.33926837164123,2.36304324,1e-06,0.1,0.1,1.0,0.0,0.0005,exchangeInfo.quotePrecision/baseSizePrecision/quoteAmountPrecision,1,False,0.1984765129073212,0.05969517358171039,0.26756985605419137,17.759984670529256
mexc,SFUNDUSDT,SFUND-USDT,SFUND,USDT,True,1,True,0.02813,822.597,28893.11,0.02801,2532.88,0.02818,189.0,60.5089873642997,5.32602,1e-05,0.1,0.1,1.0,0.0,0.0005,exchangeInfo.quotePrecision/baseSizePrecision/quoteAmountPrecision,1,False,0.050359712230215826,0.26418289585097376,0.4170194750211685,17.714746069359585
mexc,MXETH,MX-ETH,MX,ETH,True,1,True,0.00089314,289.33685786,324034.76,0.00089301,27.19,0.00089557,27.26,28.626060897472676,0.0242809419,1e-08,0.0,0.0,0.0001,0.0,0.0005,exchangeInfo.quotePrecision/baseSizePrecision/quoteAmountPrecision,1,False,0.03554803216250529,0.6164267569856055,0.01693480101608806,17.704506713899686
mexc,CATCOINUSDT,CATCOIN-USDT,CATCOIN,USDT,True,1,True,3.034e-11,1165.2996484340586,39017814652494.0,3.034e-11,37878782878.0,3.045e-11,51157237887.0,36.19016285573289,1.14924227251852,1e-14,0.0,0.0,1.0,0.0,0.0005,exchangeInfo.quotePrecision/baseSizePrecision/quoteAmountPrecision,1,False,0.05670757511637749,0.5266723116003387,0.06731583403895004,17.63204110218823
mexc,NEXMUSDT,NEXM-USDT,NEXM,USDT,True,1,True,0.007851,3006.351122,366099.98,0.007852,387.17,0.007889,183.17,47.01099040721756,1.4450281299999999,1e-06,0.0,0.0,1.0,0.0,0.0005,exchangeInfo.quotePrecision/baseSizePrecision/quoteAmountPrecision,1,False,0.07448159119763013,0.38823031329381885,0.1913632514817951,17.62951037785103
mexc,REACTUSDT,REACT-USDT,REACT,USDT,True,1,True,0.01781,12157.34745,687141.09,0.01764,589.8,0.01793,306.74,163.05875737981557,5.499848200000001,1e-05,0.0,0.0,1.0,0.0,0.0005,exchangeInfo.quotePrecision/baseSizePrecision/quoteAmountPrecision,1,False,0.13542107490478206,0.06138865368331925,0.43099068585944117,17.60268917903482
mexc,GCBUSDT,GCB-USDT,GCB,USDT,True,1,True,0.01706,2.43122,142.51,0.01706,8682.01,0.01711,73.16,29.265437518291737,1.2517676,1e-05,0.0,0.0,1.0,0.0,0.0005,exchangeInfo.quotePrecision/baseSizePrecision/quoteAmountPrecision,1,False,0.008040626322471435,0.6088060965283658,0.09610499576629974,17.58448677627107
mexc,TAIXUSDT,TAIX-USDT,TAIX,USDT,True,1,True,5.339e-05,48344.4443422,910806233.83,5.312e-05,24882.88,5.394e-05,45222.23,153.18512983373853,1.3217785856,1e-08,0.0,0.0,1.0,0.0,0.0005,exchangeInfo.quotePrecision/baseSizePrecision/quoteAmountPrecision,1,False,0.23487092678798138,0.0698560541913632,0.1435224386113463,17.534751100349986
mexc,ICECREAMUSDT,ICECREAM-USDT,ICECREAM,USDT,True,1,True,0.002714,293.782359,108024.63,0.002714,4916.27,0.00274,14732.43,95.34286762009528,13.34275678,1e-06,0.0,0.0,1.0,0.0,0.0005,exchangeInfo.quotePrecision/baseSizePrecision/quoteAmountPrecision,1,False,0.03639441388066018,0.1354784081287045,0.596528365791702,17.31922028248796
mexc,MLTUSDT,MLT-USDT,MLT,USDT,True,1,True,0.02026,6685.54581,326637.66,0.01974,1462.23,0.02048,495.04,367.9761312779716,10.138419200000001,1e-05,0.01,0.01,1.0,0.0,0.0005,exchangeInfo.quotePrecision/baseSizePrecision/quoteAmountPrecision,1,False,0.10368176047397376,0.024132091447925497,0.5495342929720576,17.296484971707844
mexc,DPNUSDT,DPN-USDT,DPN,USDT,True,1,True,2.005,11541.312,5314.73,2.006,3.11,2.058,44.9,255.90551181102387,6.238659999999999,0.001,0.0,0.0,1.0,0.0,0.0005,exchangeInfo.quotePrecision/baseSizePrecision/quoteAmountPrecision,1,False,0.13245873889123994,0.03344623200677388,0.45766299745977984,17.27464638838314
mexc,ACQUSDT,ACQ-USDT,ACQ,USDT,True,1,True,0.000593,54.855741,92108.92,0.000593,153566.97,0.000595,2117.74,33.670033670034485,1.2600552999999999,1e-06,0.0,0.0,1.0,0.0,0.0005,exchangeInfo.quotePrecision/baseSizePrecision/quoteAmountPrecision,1,False,0.022429115531104528,0.5601185436071126,0.10033869602032176,17.243338864795
mexc,KPCUSDT,KPC-USDT,KPC,USDT,True,1,True,0.00182,11529.76945,6380381.37,0.001813,757.7,0.001824,14965.8,60.48941435248919,1.3737101,1e-06,0.01,0.01,1.0,0.0,0.0005,exchangeInfo.quotePrecision/baseSizePrecision/quoteAmountPrecision,1,False,0.13161235717308506,0.2646062658763759,0.16892464013547842,17.232329094138645
mexc,PGPTUSDT,PGPT-USDT,PGPT,USDT,True,1,True,0.001842,23567.461996,12802015.02,0.001837,1104.8,0.001856,29715.38,102.89737340915201,2.0295176,1e-06,0.0,0.0,1.0,0.0,0.0005,exchangeInfo.quotePrecision/baseSizePrecision/quoteAmountPrecision,1,False,0.16927634363097757,0.11939034716342078,0.2464013547840813,17.22298467447091
mexc,ETCBTC,ETC-BTC,ETC,BTC,True,1,True,0.0001218,4.1611619,34372.08,0.0001217,11.64,0.000122,14.1,24.62043496101713,0.001416588,1e-07,0.0,0.0,5e-06,0.0,0.0005,exchangeInfo.quotePrecision/baseSizePrecision/quoteAmountPrecision,1,False,0.009310198899703767,0.6583403895004234,0.010160880609652836,17.17378828918735
mexc,LBCUSDT,LBC-USDT,LBC,USDT,False,1,True,0.002052,1174.241167,549806.47,0.002052,713.83,0.00206,592.3,38.910505836576824,1.220138,1e-06,0.001,0.001,1.0,0.0,0.0005,exchangeInfo.quotePrecision/baseSizePrecision/quoteAmountPrecision,1,False,0.05713076597545493,0.49237933954276036,0.0859441151566469,17.170557920351968
mexc,TRTUSDT,TRT-USDT,TRT,USDT,True,1,True,0.115,26859.5573,213446.57,0.1146,11.6,0.1154,10.96,69.56521739130514,1.2647840000000001,0.0001,0.0,0.0,1.0,0.0,0.0005,exchangeInfo.quotePrecision/baseSizePrecision/quoteAmountPrecision,1,False,0.18154887854422344,0.20491109229466553,0.10287891617273497,17.165543950753626
mexc,ROOTUSDT,ROOT-USDT,ROOT,USDT,True,1,True,6.2e-05,1416.978846,22123391.96,6.2e-05,2382208.19,6.5e-05,321860.84,472.4409448818884,20.920954599999998,1e-06,0.0,0.0,1.0,0.0,0.0005,exchangeInfo.quotePrecision/baseSizePrecision/quoteAmountPrecision,1,False,0.060516292848074485,0.017781541066892448,0.668077900084674,17.13449263500989
mexc,GFUSDT,GF-USDT,GF,USDT,True,1,True,0.001014,32254.6637567,30364828.24,0.0009864,2545.09,0.0010118,20096.22,254.22880592533357,2.510476776,1e-07,0.0,0.0,1.0,0.0,0.0005,exchangeInfo.quotePrecision/baseSizePrecision/quoteAmountPrecision,1,False,0.1938214134574693,0.03429297205757831,0.2764606265876376,17.04671457335302
mexc,VEEUSDT,VEE-USDT,VEE,USDT,True,1,True,4.755e-05,25732.42215763,537739932.34,4.731e-05,29149.95,4.772e-05,29072.75,86.28854046090663,1.3790841345,1e-08,0.0,0.0,1.0,0.0,0.0005,exchangeInfo.quotePrecision/baseSizePrecision/quoteAmountPrecision,1,False,0.177316969953449,0.1536833192209992,0.1718882303132938,17.032280934230553
mexc,PEIPEIUSDT,PEIPEI-USDT,PEIPEI,USDT,True,1,True,7.17e-09,4465.97843255858,627388459366.0,7.06e-09,1407459536.0,7.18e-09,6517347382.0,168.53932584269603,9.93666432416,1e-11,0.0,0.0,1.0,0.0,0.0005,exchangeInfo.quotePrecision/baseSizePrecision/quoteAmountPrecision,1,False,0.08548455353364368,0.059271803556308233,0.5402201524132092,16.987848581522293
mexc,LINKETH,LINK-ETH,LINK,ETH,True,1,True,0.004283,422.473564,98043.0,0.004279,8.84,0.004293,133.93,32.66448903406469,0.037826359999999996,1e-06,0.0,0.0,0.0001,0.0,0.0005,exchangeInfo.quotePrecision/baseSizePrecision/quoteAmountPrecision,1,False,0.04231908590774439,0.5711261642675698,0.01905165114309907,16.98673685447717
mexc,ORTAUSDT,ORTA-USDT,ORTA,USDT,True,1,True,0.0946,420.5896,4280.96,0.0911,333.84,0.0971,1426.75,637.619553666313,30.412823999999997,0.0001,0.0,0.0,1.0,0.0,0.0005,exchangeInfo.quotePrecision/baseSizePrecision/quoteAmountPrecision,1,False,0.04189589504866695,0.011854360711261669,0.7180355630821338,16.9613445071009
mexc,SVTSUSDT,SVTS-USDT,SVTS,USDT,True,1,True,0.14724,11031.7876,73303.15,0.14659,7.0,0.14732,481.82,49.675070599844055,1.02613,1e-05,0.0,0.0,1.0,0.0,0.0005,exchangeInfo.quotePrecision/baseSizePrecision/quoteAmountPrecision,1,False,0.12738044858231062,0.3602878916172735,0.04614733276883996,16.93606861783572
mexc,NWSUSDT,NWS-USDT,NWS,USDT,True,1,True,0.000366,7275.284287,19845056.82,0.000364,136312.36,0.000366,3732.31,54.794520547945055,1.36602546,1e-06,0.0,0.0,1.0,0.0,0.0005,exchangeInfo.quotePrecision/baseSizePrecision/quoteAmountPrecision,1,False,0.10622090562843843,0.3094834885690093,0.1651143099068586,16.88152322192652
mexc,BELUGAUSDT,BELUGA-USDT,BELUGA,USDT,True,1,True,85.6815,7134.1433,82.72,85.4869,0.02,86.001,0.02,59.957583013145424,1.7097380000000002,0.0001,0.0,0.0,1.0,0.0,0.0005,exchangeInfo.quotePrecision/baseSizePrecision/quoteAmountPrecision,1,False,0.10579771476936098,0.2684165961049958,0.2171888230313294,16.873065675566338
mexc,XRPETH,XRP-ETH,XRP,ETH,True,1,True,0.0006672,329.7309795,494029.08,0.0006661,432.91,0.0006683,1090.13,32.97362110311831,0.288361351,1e-07,0.0001,0.0001,0.0001,0.0,0.0005,exchangeInfo.quotePrecision/baseSizePrecision/quoteAmountPrecision,1,False,0.03893355903512484,0.5664690939881456,0.0279424216765453,16.861921530166413
mexc,PIBUSDT,PIB-USDT,PIB,USDT,True,1,True,8.4e-05,13572.1143045,161836582.2,8.37e-05,17432.88,8.42e-05,15543.08,59.55926146515766,1.308727336,1e-07,0.0001,0.0001,1.0,0.0,0.0005,exchangeInfo.quotePrecision/baseSizePrecision/quoteAmountPrecision,1,False,0.13880660177740162,0.27138018628281113,0.12150719729043184,16.84901170063601
mexc,ABBCUSDT,ABBC-USDT,ABBC,USDT,False,1,True,0.0059,3863.39805,625412.97,0.006011,229.41,0.006041,245.11,49.78426817125873,1.3789835099999999,1e-06,0.001,0.001,1.0,0.0,0.0005,exchangeInfo.quotePrecision/baseSizePrecision/quoteAmountPrecision,1,False,0.0799830723656369,0.35944115156646905,0.17146486028789162,16.81439497502959
mexc,UPCUSDT,UPC-USDT,UPC,USDT,True,1,True,0.201,37372.712,186385.33,0.2001,5.0,0.2016,102.08,74.68259895444369,1.0005,0.0001,0.0,0.0,1.0,0.0,0.0005,exchangeInfo.quotePrecision/baseSizePrecision/quoteAmountPrecision,1,False,0.20609394837071518,0.18628281117696865,0.04106689246401355,16.813575289093823
mexc,SOEXUSDT,SOEX-USDT,SOEX,USDT,True,1,True,0.003884,11084.127731,2784435.69,0.00386,878.64,0.003899,23382.08,100.52841861064563,3.3915504000000003,1e-06,0.0,0.0,1.0,0.0,0.0005,exchangeInfo.quotePrecision/baseSizePrecision/quoteAmountPrecision,1,False,0.1282268303004655,0.12447078746824725,0.3323454699407282,16.81115475204635
mexc,POLYXUSDT,POLYX-USDT,POLYX,USDT,True,1,True,0.0438,2539.0013,57179.3,0.0438,101.44,0.0441,108.69,68.25938566552938,4.443072,0.0001,0.0,0.0,1.0,0.0,0.0005,exchangeInfo.quotePrecision/baseSizePrecision/quoteAmountPrecision,1,False,0.0702496826068557,0.212108382726503,0.3763759525825571,16.69396116319078
mexc,PIGGYUSDT,PIGGY-USDT,PIGGY,USDT,True,1,True,0.06131,3186.57561,52064.56,0.06012,376.67,0.06131,176.05,195.99769414477535,10.793625500000001,1e-05,0.0,0.0,1.0,0.0,0.0005,exchangeInfo.quotePrecision/baseSizePrecision/quoteAmountPrecision,1,False,0.0761743546339399,0.04868755292125315,0.5643522438611346,16.693823205120715
mexc,METALUSDT,METAL-USDT,METAL,USDT,True,1,True,0.12878,6649.12767,50335.05,0.12977,10.36,0.13048,11.11,54.56292026897339,1.3444171999999999,1e-05,0.1,0.1,1.0,0.0,0.0005,exchangeInfo.quotePrecision/baseSizePrecision/quoteAmountPrecision,1,False,0.10325856961489632,0.3120237087214225,0.15368331922099915,16.553480431274842
mexc,XRBUSDT,XRB-USDT,XRB,USDT,True,1,True,1.333,2247.7293,1761.78,1.3276,0.77,1.333,9.22,40.59234759076954,1.022252,0.0001,0.0,0.0,1.0,0.0,0.0005,exchangeInfo.quotePrecision/baseSizePrecision/quoteAmountPrecision,1,False,0.06940330088870081,0.46951735817104145,0.04487722269263336,16.45265995700725
mexc,READYUSDT,READY-USDT,READY,USDT,True,1,True,0.010426,172.797015,16489.44,0.010374,12885.3,0.010526,1780.41,145.4545454545465,18.74059566,1e-06,0.0,0.0,1.0,0.0,0.0005,exchangeInfo.quotePrecision/baseSizePrecision/quoteAmountPrecision,1,False,0.02920016927634363,0.07620660457239625,0.6460626587637596,16.432427599783995
mexc,LOBOUSDT,LOBO-USDT,LOBO,USDT,True,1,True,7.03e-05,35185.47453909,473346190.35,6.984e-05,0.01,7.032e-05,106703.58,68.49315068493277,6.984e-07,1e-08,0.0,0.0,1.0,0.0,0.0005,exchangeInfo.quotePrecision/baseSizePrecision/quoteAmountPrecision,1,False,0.2022852306390182,0.2108382726502963,0.000846740050804403,16.4135793024195
mexc,GXTUSDT,GXT-USDT,GXT,USDT,True,1,True,0.0011561,290.9582697,250821.27,0.001157,21935.48,0.0012087,59618.64,437.07993405757287,25.37935036,1e-07,0.0,0.0,1.0,0.0,0.0005,exchangeInfo.quotePrecision/baseSizePrecision/quoteAmountPrecision,1,False,0.03597122302158273,0.020321761219305623,0.6913632514817951,16.313726326305595
mexc,LITASUSDT,LITAS-USDT,LITAS,USDT,True,1,True,0.0879,12332.553,127685.98,0.0862,955.79,0.0894,57.47,364.46469248291515,5.137817999999999,0.0001,0.0,0.0,1.0,0.0,0.0005,exchangeInfo.quotePrecision/baseSizePrecision/quoteAmountPrecision,1,False,0.13626745662293693,0.024555461473327655,0.40516511430990687,16.21189893729286
mexc,XXUSDT,XX-USDT,XX,USDT,True,1,True,0.00395,4263.81028,1001712.89,0.00395,1906.22,0.00397,332.04,50.505050505048445,1.3181988,1e-05,0.01,0.01,1.0,0.0,0.0005,exchangeInfo.quotePrecision/baseSizePrecision/quoteAmountPrecision,1,False,0.08463817181548879,0.35055038103302283,0.1392887383573243,16.204633742823944
mexc,PBXUSDT,PBX-USDT,PBX,USDT,True,1,True,0.00507,33622.08641,6671221.48,0.00505,202.48,0.00509,319.23,78.89546351084834,1.022524,1e-05,0.0,0.0,1.0,0.0,0.0005,exchangeInfo.quotePrecision/baseSizePrecision/quoteAmountPrecision,1,False,0.1976301311891663,0.17273497036409824,0.04530059271803556,16.094043328867315
mexc,AMOREUSDT,AMORE-USDT,AMORE,USDT,True,1,True,0.001602,4468.941947,2786894.57,0.001601,120674.5,0.001608,466.32,43.6272982237461,0.74984256,1e-06,0.0,0.0,1.0,0.0,0.0005,exchangeInfo.quotePrecision/baseSizePrecision/quoteAmountPrecision,1,False,0.08590774439272111,0.42358171041490267,0.03725656223539373,16.059599946680102
mexc,KRUUSDT,KRU-USDT,KRU,USDT,False,1,True,0.000289,7920.414857,20498566.53,0.000291,26150.35,0.000507,77875.78,5413.533834586465,7.60975185,1e-06,0.0,0.0,1.0,0.0,0.0005,exchangeInfo.quotePrecision/baseSizePrecision/quoteAmountPrecision,1,False,0.11129919593736776,0.0,0.49576629974597797,16.036781771474786
mexc,BDCUSDT,BDC-USDT,BDC,USDT,True,1,True,0.001901,456.353721,241603.51,0.001906,709.58,0.001914,679.46,41.884816753926586,1.30048644,1e-06,0.0,0.0,1.0,0.0,0.0005,exchangeInfo.quotePrecision/baseSizePrecision/quoteAmountPrecision,1,False,0.04316546762589928,0.4508890770533446,0.11812023708721422,16.00873238750236
mexc,IDOSUSDT,IDOS-USDT,IDOS,USDT,True,1,True,0.01415,4180.13948,282278.4,0.01394,481.08,0.01415,8681.67,149.5194019223924,6.706255199999999,1e-05,0.0,0.0,1.0,0.0,0.0005,exchangeInfo.quotePrecision/baseSizePrecision/quoteAmountPrecision,1,False,0.08336859923825646,0.07197290431837422,0.4745977984758679,15.876551535580818
mexc,SVNUSDT,SVN-USDT,SVN,USDT,True,1,True,4.158e-05,22532.71426588,545036645.25,4.146e-05,33778.04,4.188e-05,238204.11,100.79193664506825,1.4004375384,1e-08,0.0,0.0,1.0,0.0,0.0005,exchangeInfo.quotePrecision/baseSizePrecision/quoteAmountPrecision,1,False,0.16546762589928057,0.12404741744284509,0.17950889077053345,15.792082675942229
mexc,APADUSDT,APAD-USDT,APAD,USDT,True,1,True,2.1e-05,206.260017,9699922.66,2e-05,1208987.19,2.1e-05,2055777.83,487.80487804877913,24.1797438,1e-06,0.0,0.0,1.0,0.0,0.0005,exchangeInfo.quotePrecision/baseSizePrecision/quoteAmountPrecision,1,False,0.03046974185357596,0.01693480101608802,0.6845893310753599,15.790992448856079
mexc,XELUSDT,XEL-USDT,XEL,USDT,True,1,True,0.331,11428.081,34267.91,0.331,22.53,0.333,3.76,60.24096385542173,1.25208,0.001,0.0,0.0,1.0,0.0,0.0005,exchangeInfo.quotePrecision/baseSizePrecision/quoteAmountPrecision,1,False,0.13034278459585272,0.2662997459779848,0.09695173581710415,15.765381518563604
mexc,LEOXUSDT,LEOX-USDT,LEOX,USDT,True,1,True,0.00676,119.74651,17270.75,0.00676,210.63,0.00679,209.69,44.28044280442752,1.4237951,1e-05,0.0,0.0,1.0,0.0,0.0005,exchangeInfo.quotePrecision/baseSizePrecision/quoteAmountPrecision,1,False,0.027084214980956412,0.4174428450465707,0.18839966130397967,15.693696176196465
mexc,CRUUSDT,CRU-USDT,CRU,USDT,False,1,True,0.0129,94.9827,7029.12,0.0129,1946.64,0.0135,2162.33,454.54545454545445,25.111656,0.0001,0.0,0.0,1.0,0.0,0.0005,exchangeInfo.quotePrecision/baseSizePrecision/quoteAmountPrecision,1,False,0.02496826068556919,0.019051651143099035,0.6900931414055885,15.651408444395553
mexc,PENDULUMUSDT,PENDULUM-USDT,PENDULUM,USDT,True,1,True,0.02532,28923.10593,1159220.84,0.0253,54.52,0.02555,50.33,98.32841691248781,1.2859315,1e-05,0.0,0.0,1.0,0.0,0.0005,exchangeInfo.quotePrecision/baseSizePrecision/quoteAmountPrecision,1,False,0.184934405416843,0.12870448772226928,0.1130397967823878,15.649800426630852
mexc,NIMUSDT,NIM-USDT,NIM,USDT,True,1,True,0.000502,14312.32026,28616803.84,0.000498,5962.71,0.000506,145540.97,159.36254980079852,2.96942958,1e-06,0.0,0.0,1.0,0.0,0.0005,exchangeInfo.quotePrecision/baseSizePrecision/quoteAmountPrecision,1,False,0.14134574693186627,0.0664690939881456,0.3048264182895851,15.532271796747988
mexc,UNIETH,UNI-ETH,UNI,ETH,True,1,True,0.001689,163.115458,95532.93,0.001687,84.11,0.001693,95.92,35.50295857988252,0.14189357,1e-06,0.001,0.001,0.0001,0.0,0.0005,exchangeInfo.quotePrecision/baseSizePrecision/quoteAmountPrecision,1,False,0.02877697841726619,0.5389500423370026,0.02286198137171888,15.513724498809085
mexc,ARTFIUSDT,ARTFI-USDT,ARTFI,USDT,True,1,True,0.000565,13834.869422,23574317.33,0.000563,2344.21,0.000567,6529.97,70.79646017699096,1.3197902300000002,1e-06,0.0,0.0,1.0,0.0,0.0005,exchangeInfo.quotePrecision/baseSizePrecision/quoteAmountPrecision,1,False,0.13922979263647906,0.1994072819644369,0.14055884843353092,15.453997612787889
mexc,TPROUSDT,TPRO-USDT,TPRO,USDT,True,1,True,0.000738,19131.896922,25760867.08,0.000732,2048.42,0.00074,558160.14,108.69565217391275,1.49944344,1e-06,0.0,0.0,1.0,0.0,0.0005,exchangeInfo.quotePrecision/baseSizePrecision/quoteAmountPrecision,1,False,0.15658061785865426,0.11303979678238785,0.1985605419136325,15.40913974005833
mexc,ADABTC,ADA-BTC,ADA,BTC,True,1,True,3.699e-06,11.399858503,3067755.179,3.692e-06,541.788,3.704e-06,647.476,32.449972958356014,0.002000281296,1e-09,0.001,0.001,5e-06,0.0,0.0005,exchangeInfo.quotePrecision/baseSizePrecision/quoteAmountPrecision,1,False,0.01396529834955565,0.5736663844199831,0.011854360711261643,15.346838233950368
mexc,SFINUSDT,SFIN-USDT,SFIN,USDT,True,1,True,79.89,15417.49,190.54631,79.63,0.01837,80.18,0.01567,68.83173768850652,1.2564206,0.01,1e-06,1e-06,1.0,0.0,0.0005,exchangeInfo.quotePrecision/baseSizePrecision/quoteAmountPrecision,1,False,0.14600084638171815,0.20914479254868756,0.09822184589331075,15.223103282577904
mexc,HILOUSDT,HILO-USDT,HILO,USDT,True,1,True,0.00734,485.77589,65901.3,0.00734,39708.59,0.00746,1429.24,162.1621621621614,10.662130399999999,1e-05,0.0,0.0,1.0,0.0,0.0005,exchangeInfo.quotePrecision/baseSizePrecision/quoteAmountPrecision,1,False,0.044011849344054166,0.06223539373412368,0.560965283657917,15.195842230434412
mexc,TENUSDT,TEN-USDT,TEN,USDT,True,1,True,0.00133,228.3963249,167119.98,0.0013741,1020.02,0.0013806,4021.63,47.192071731949,1.401609482,1e-07,0.0,0.0,1.0,0.0,0.0005,exchangeInfo.quotePrecision/baseSizePrecision/quoteAmountPrecision,1,False,0.03216250528988574,0.38484335309060114,0.18077900084674006,15.005601635143545
mexc,OOBUSDT,OOB-USDT,OOB,USDT,True,1,True,0.0127,2773.099,225759.8,0.0125,518.79,0.0127,1132158.95,158.7301587301578,6.484875,0.0001,0.0,0.0,1.0,0.0,0.0005,exchangeInfo.quotePrecision/baseSizePrecision/quoteAmountPrecision,1,False,0.07278882776132035,0.06689246401354787,0.4635901778154107,14.947500683519532
mexc,AUKIUSDT,AUKI-USDT,AUKI,USDT,True,1,True,0.00794,11690.44918,1480166.52,0.007907,285.28,0.008007,1015.94,125.67550584391026,2.25570896,1e-06,0.0,0.0,1.0,0.0,0.0005,exchangeInfo.quotePrecision/baseSizePrecision/quoteAmountPrecision,1,False,0.13330512060939484,0.09483488569009313,0.26079593564775616,14.91857248872417
mexc,XSWAPUSDT,XSWAP-USDT,XSWAP,USDT,True,1,True,0.00675,3503.50843,517313.82,0.00671,2121.7,0.00675,210.82,59.435364041604906,1.4230349999999998,1e-05,0.0,0.0,1.0,0.0,0.0005,exchangeInfo.quotePrecision/baseSizePrecision/quoteAmountPrecision,1,False,0.07786711807024968,0.2718035563082134,0.18755292125317527,14.828838826632573
mexc,HOLDSTATIONUSDT,HOLDSTATION-USDT,HOLDSTATION,USDT,True,1,True,0.2463,5629.5534,22740.77,0.2453,5.45,0.2468,5.55,60.96321885795576,1.336885,0.0001,0.0,0.0,1.0,0.0,0.0005,exchangeInfo.quotePrecision/baseSizePrecision/quoteAmountPrecision,1,False,0.09437156157427,0.26079593564775616,0.15156646909398813,14.741663659658515
mexc,XPMUSDT,XPM-USDT,XPM,USDT,True,1,True,0.00677,18556.82726,2630314.81,0.00673,190.8,0.00679,197.32,88.75739644970437,1.284084,1e-05,0.0,0.0,1.0,0.0,0.0005,exchangeInfo.quotePrecision/baseSizePrecision/quoteAmountPrecision,1,False,0.15446466356326705,0.1502963590177815,0.1117696867061812,14.488359205547848
mexc,RSRETH,RSR-ETH,RSR,ETH,True,1,True,8.118e-07,33.4203076691,39746352.13,8.103e-07,253984.16,8.133e-07,425599.08,36.95491500369566,0.205803364848,1e-10,5.0,5.0,0.0001,0.0,0.0005,exchangeInfo.quotePrecision/baseSizePrecision/quoteAmountPrecision,1,False,0.019043588658484975,0.5173581710414903,0.02497883149872989,14.48092828222853
mexc,RENTAUSDT,RENTA-USDT,RENTA,USDT,True,1,True,0.000695,7405.00172,9687990.43,0.000692,2117.83,0.000697,2030.06,71.99424046076332,1.41495182,1e-06,0.0,0.0,1.0,0.0,0.0005,exchangeInfo.quotePrecision/baseSizePrecision/quoteAmountPrecision,1,False,0.10664409648751587,0.19475021168501272,0.18543607112616428,14.442902021461979
mexc,DIMEUSDT,DIME-USDT,DIME,USDT,True,1,True,0.02504,5705.38983,221942.16,0.02469,200.73,0.02513,191.16,176.6358892011238,4.8038508,1e-05,0.0,0.0,1.0,0.0,0.0005,exchangeInfo.quotePrecision/baseSizePrecision/quoteAmountPrecision,1,False,0.09521794329242489,0.05461473327688404,0.3882303132938188,14.366961478881846
mexc,CARRUSDT,CARR-USDT,CARR,USDT,True,1,True,0.0004989,10620.5747158,22071076.77,0.0004961,2900.89,0.0005007,53603.79,92.29534510433395,1.4391315289999997,1e-07,0.0,0.0,1.0,0.0,0.0005,exchangeInfo.quotePrecision/baseSizePrecision/quoteAmountPrecision,1,False,0.12611087600507828,0.14182895850973753,0.1905165114309907,14.292152371642558
mexc,ESIMUSDT,ESIM-USDT,ESIM,USDT,False,1,True,0.004015,889.945051,184524.13,0.003898,370.06,0.003919,345.78,53.72905206600935,1.3551118199999999,1e-06,0.0,0.0,1.0,0.0,0.0005,exchangeInfo.quotePrecision/baseSizePrecision/quoteAmountPrecision,1,False,0.051206093948370716,0.3196443691786621,0.16130397967823878,14.033523990191718
mexc,FITUSDT,FIT-USDT,FIT,USDT,True,1,True,4.755e-05,5637.56021139,118937751.63,4.72e-05,32060.36,4.755e-05,111561.17,73.87862796833667,1.513248992,1e-08,0.0,0.0,1.0,0.0,0.0005,exchangeInfo.quotePrecision/baseSizePrecision/quoteAmountPrecision,1,False,0.09479475243334744,0.18839966130397967,0.20321761219305673,13.988055160294738
mexc,DASHBTC,DASH-BTC,DASH,BTC,True,1,True,0.0004715,3.5504481,7426.964,0.0004706,5.273,0.0004723,52.484,36.058967016650485,0.0024814738,1e-07,0.01,0.01,5e-06,0.0,0.0005,exchangeInfo.quotePrecision/baseSizePrecision/quoteAmountPrecision,1,False,0.008887008040626322,0.5292125317527518,0.013124470787468248,13.98158815180261
mexc,NXRAUSDT,NXRA-USDT,NXRA,USDT,True,1,True,0.00158,3819.05504,2215436.57,0.00158,11790.6,0.00163,3560.45,311.52647975077826,5.8035334999999995,1e-05,0.0,0.0,1.0,0.0,0.0005,exchangeInfo.quotePrecision/baseSizePrecision/quoteAmountPrecision,1,False,0.07955988150655946,0.0275190516511431,0.4441151566469094,13.94607290707754
mexc,XLMBTC,XLM-BTC,XLM,BTC,True,1,True,2.486e-06,2.261680127,891771.658,2.483e-06,7124.4,2.492e-06,3219.126,36.18090452261237,0.008022061992,1e-09,0.1,0.1,5e-06,0.0,0.0005,exchangeInfo.quotePrecision/baseSizePrecision/quoteAmountPrecision,1,False,0.00761743546339399,0.5275190516511431,0.014817950889077053,13.903294259546788
mexc,DEXEBTC,DEXE-BTC,DEXE,BTC,True,1,True,0.00010986,0.54404881,4983.93,0.00010961,0.2,0.00011,0.66,35.51750831018636,2.1922e-05,1e-08,0.1,0.1,5e-06,0.0,0.0005,exchangeInfo.quotePrecision/baseSizePrecision/quoteAmountPrecision,1,False,0.005501481168006771,0.5385266723116003,0.002540220152413209,13.816552675078645
mexc,MVPUSDT,MVP-USDT,MVP,USDT,True,1,True,0.0003182,501.603253,1592689.16,0.0003182,4249.85,0.0003199,4297.8,53.283184453848655,1.35230227,1e-07,0.0,0.0,1.0,0.0,0.0005,exchangeInfo.quotePrecision/baseSizePrecision/quoteAmountPrecision,1,False,0.0452814219212865,0.3247248094834886,0.15791701947502118,13.766938832258397
mexc,REMUSDT,REM-USDT,REM,USDT,True,1,True,0.001369,11532.876859,8364599.04,0.001364,4398.83,0.001374,885.69,73.04601899196513,1.2169380600000002,1e-06,0.0,0.0,1.0,0.0,0.0005,exchangeInfo.quotePrecision/baseSizePrecision/quoteAmountPrecision,1,False,0.1320355480321625,0.19136325148179512,0.0842506350550381,13.731049129914577
mexc,BADGERBTC,BADGER-BTC,BADGER,BTC,True,1,True,5.35e-06,0.122069105,22866.87,5.337e-06,11.97,5.356e-06,5.63,35.5372673711777,3.015428e-05,1e-09,0.001,0.001,5e-06,0.0,0.0005,exchangeInfo.quotePrecision/baseSizePrecision/quoteAmountPrecision,1,False,0.003808717731696995,0.5381033022861981,0.0029635901778154107,13.721333835954594
mexc,MXBTC,MX-BTC,MX,BTC,True,1,True,2.686e-05,12.43928585,463612.82,2.681e-05,1.37,2.691e-05,1.17,37.2300819061811,3.14847e-05,1e-08,0.0,0.0,5e-06,0.0,0.0005,exchangeInfo.quotePrecision/baseSizePrecision/quoteAmountPrecision,1,False,0.014811680067710538,0.5135478408128704,0.003386960203217612,13.721077628110192
mexc,KIMAUSDT,KIMA-USDT,KIMA,USDT,True,1,True,0.01511,5923.10036,381800.15,0.01511,2209.74,0.01526,135.53,98.78169245966355,2.0681878,1e-05,0.0,0.0,1.0,0.0,0.0005,exchangeInfo.quotePrecision/baseSizePrecision/quoteAmountPrecision,1,False,0.098180279305967,0.128281117696867,0.2485182049110923,13.577307402471705
mexc,NEOBTC,NEO-BTC,NEO,BTC,True,1,True,3.86e-05,0.55128092,14087.971,3.852e-05,58.066,3.866e-05,2.822,36.27882871210211,0.00010909852,1e-08,0.1,0.1,5e-06,0.0,0.0005,exchangeInfo.quotePrecision/baseSizePrecision/quoteAmountPrecision,1,False,0.005924672027084215,0.5254022015241321,0.00550381033022862,13.570988206197507
mexc,ABEYUSDT,ABEY-USDT,ABEY,USDT,True,1,True,0.01199,8259.35956,693823.09,0.01192,108.76,0.012,102.73,66.88963210702359,1.23276,1e-05,0.0,0.0,1.0,0.0,0.0005,exchangeInfo.quotePrecision/baseSizePrecision/quoteAmountPrecision,1,False,0.11383834109183241,0.21972904318374264,0.08763759525825572,13.507086744809463
mexc,AXMUSDT,AXM-USDT,AXM,USDT,True,1,True,0.00333,7945.96,2291042.71,0.00333,750.34,0.00338,7388.37,149.03129657228055,2.4986322000000003,1e-05,0.0,0.0,1.0,0.0,0.0005,exchangeInfo.quotePrecision/baseSizePrecision/quoteAmountPrecision,1,False,0.1117223867964452,0.07281964436917865,0.2760372565622354,13.48596751427866
mexc,DCKUSDT,DCK-USDT,DCK,USDT,True,1,True,0.0001569,37809.0057226,258036309.62,0.0001528,7198.96,0.0001569,11681.49,264.772360348724,1.100001088,1e-07,0.0,0.0,1.0,0.0,0.0005,exchangeInfo.quotePrecision/baseSizePrecision/quoteAmountPrecision,1,False,0.20736352094794752,0.03132938187976286,0.0571549534292972,13.33132726771713
mexc,MBDUSDT,MBD-USDT,MBD,USDT,True,1,True,4.79e-06,38461.16362496,8289353407.0,4.71e-06,3841164.0,4.95e-06,225188.0,496.8944099378887,1.1146806,1e-08,0.0,0.0,1.0,0.0,0.0005,exchangeInfo.quotePrecision/baseSizePrecision/quoteAmountPrecision,1,False,0.2090562843842573,0.01651143099068586,0.06435224386113463,13.19792629312399
mexc,LKYUSDT,LKY-USDT,LKY,USDT,True,1,True,0.09658,1702.47094,16671.64,0.09605,333.5,0.09658,12.8,55.027773451695246,1.236224,1e-05,0.0,0.0,1.0,0.0,0.0005,exchangeInfo.quotePrecision/baseSizePrecision/quoteAmountPrecision,1,False,0.06390181972069403,0.30779000846740046,0.08890770533446232,12.987504403012432
mexc,BOBOUSDT,BOBO-USDT,BOBO,USDT,True,1,True,6.3764e-08,3232.701712234979,47270322852.0,6.3764e-08,339007633.0,6.5053e-08,68159900.0,200.1288649790001,4.4340059747,1e-12,0.0,0.0,1.0,0.0,0.0005,exchangeInfo.quotePrecision/baseSizePrecision/quoteAmountPrecision,1,False,0.07659754549301735,0.046570702794242136,0.37510584250635054,12.87924942209902
mexc,DUELUSDT,DUEL-USDT,DUEL,USDT,True,1,True,3.752e-05,4905.06497984,123729649.49,3.677e-05,131186.41,3.96e-05,131027.25,741.1287154641869,4.823724295700001,1e-08,0.01,0.01,1.0,0.0,0.0005,exchangeInfo.quotePrecision/baseSizePrecision/quoteAmountPrecision,1,False,0.08844688954718578,0.008890770533446224,0.388653683319221,12.859921854815795
mexc,CNGUSDT,CNG-USDT,CNG,USDT,True,1,True,0.004406,6.010977,1373.03,0.004117,3643.42,0.00445,2987.0,777.4016575230535,13.29215,1e-06,0.0,0.0,1.0,0.0,0.0005,exchangeInfo.quotePrecision/baseSizePrecision/quoteAmountPrecision,1,False,0.011426153195090986,0.008467400508044065,0.5952582557154953,12.745288552741012
mexc,ATOMBTC,ATOM-BTC,ATOM,BTC,True,1,True,2.509e-05,1.22194458,48557.0,2.504e-05,888.95,2.514e-05,951.07,39.85651654045398,0.022259308000000002,1e-08,0.001,0.001,5e-06,0.0,0.0005,exchangeInfo.quotePrecision/baseSizePrecision/quoteAmountPrecision,1,False,0.006771053745239103,0.4805249788314987,0.01651143099068586,12.715761046589336
mexc,LOOPUSDT,LOOP-USDT,LOOP,USDT,True,1,True,0.006277,1011.272678,164664.9,0.006277,216.17,0.006315,213.79,60.35578144853988,1.35008385,1e-06,0.001,0.001,1.0,0.0,0.0005,exchangeInfo.quotePrecision/baseSizePrecision/quoteAmountPrecision,1,False,0.05289885738468049,0.26545300592718035,0.15664690939881457,12.678700492313228
mexc,MAIVUSDT,MAIV-USDT,MAIV,USDT,True,1,True,0.0007683,116.9381453,150807.6,0.0007683,1878.76,0.0007721,1636.33,49.33783432874557,1.2634103929999998,1e-07,0.0,0.0,1.0,0.0,0.0005,exchangeInfo.quotePrecision/baseSizePrecision/quoteAmountPrecision,1,False,0.026661024121878967,0.36663844199830653,0.10160880609652836,12.664493498591572
mexc,BXXUSDT,BXX-USDT,BXX,USDT,True,1,True,0.006762,1634.14766,235741.16,0.006772,6942.19,0.006896,722.6,181.44571261340354,4.9830496,1e-06,0.0001,0.0001,1.0,0.0,0.0005,exchangeInfo.quotePrecision/baseSizePrecision/quoteAmountPrecision,1,False,0.06305543800253914,0.0516511430990686,0.392887383573243,12.617075339081227
mexc,NAIUSDT,NAI-USDT,NAI,USDT,True,1,True,0.0001573,1738.4062159,11001006.89,0.0001563,97739.48,0.0001573,8534.81,63.77551020408144,1.3425256129999998,1e-07,0.0,0.0,1.0,0.0,0.0005,exchangeInfo.quotePrecision/baseSizePrecision/quoteAmountPrecision,1,False,0.06474820143884892,0.23920406435224384,0.15325994919559696,12.606451671854726
mexc,ABELUSDT,ABEL-USDT,ABEL,USDT,True,1,True,0.06505,11587.84153,177342.77,0.06484,18.22,0.0654,18.36,85.99508599508675,1.1813847999999998,1e-05,0.0,0.0,1.0,0.0,0.0005,exchangeInfo.quotePrecision/baseSizePrecision/quoteAmountPrecision,1,False,0.1328819297503174,0.1549534292972058,0.06985605419136325,12.579462952524867
mexc,ASIUSDT,ASI-USDT,ASI,USDT,True,1,True,0.000971,2030.901359,2223045.49,0.000971,1346.61,0.000977,1325.52,61.60164271047266,1.29503304,1e-06,0.0,0.0,1.0,0.0,0.0005,exchangeInfo.quotePrecision/baseSizePrecision/quoteAmountPrecision,1,False,0.06771053745239103,0.25613886536833197,0.11685012701100762,12.464553734309959
mexc,EVRYUSDT,EVRY-USDT,EVRY,USDT,True,1,True,0.0004211,229.7468092,520728.23,0.0004191,3244.04,0.0004212,2927.42,49.98214923241692,1.233029304,1e-07,0.0001,0.0001,1.0,0.0,0.0005,exchangeInfo.quotePrecision/baseSizePrecision/quoteAmountPrecision,1,False,0.03258569614896318,0.35605419136325145,0.08806096528365792,12.45478737794742
mexc,GAINUSDT,GAIN-USDT,GAIN,USDT,True,1,True,0.0005969,6446.3981456,10208438.62,0.0005945,33313.32,0.0006034,3391.32,148.5933717338685,2.0463224880000004,1e-07,0.0,0.0,1.0,0.0,0.0005,exchangeInfo.quotePrecision/baseSizePrecision/quoteAmountPrecision,1,False,0.10198899703766398,0.07324301439458092,0.24682472480948348,12.37696469312571
mexc,MNTCUSDT,MNTC-USDT,MNTC,USDT,True,1,True,0.158,308.0218,1925.4,0.1562,9.24,0.1571,8.42,57.45292052345892,1.322782,0.0001,0.0,0.0,1.0,0.0,0.0005,exchangeInfo.quotePrecision/baseSizePrecision/quoteAmountPrecision,1,False,0.03808717731696995,0.2912785774767146,0.14563928873835733,12.28954496411836
mexc,DOTBTC,DOT-BTC,DOT,BTC,True,1,True,1.933e-05,5.77705763,299339.5505,1.93e-05,481.978,1.938e-05,28.4034,41.36504653567696,0.0005504578920000001,1e-08,0.0001,0.0001,5e-06,0.0,0.0005,exchangeInfo.quotePrecision/baseSizePrecision/quoteAmountPrecision,1,False,0.011002962336013541,0.4576629974597799,0.008044030482641828,12.207618474628077
mexc,SIDUSUSDT,SIDUS-USDT,SIDUS,USDT,True,1,True,7.64e-05,1543.29476909,19142167.23,7.582e-05,346425.5,7.762e-05,61758.89,234.61939520333718,4.7937250418,1e-08,0.0,0.0,1.0,0.0,0.0005,exchangeInfo.quotePrecision/baseSizePrecision/quoteAmountPrecision,1,False,0.0626322471434617,0.03852667231160034,0.3878069432684166,12.164079266048736
mexc,ARETH,AR-ETH,AR,ETH,True,1,True,0.000839,22.5533204,26345.67,0.0008373,191.23,0.000841,2.86,44.09223619138328,0.0024052599999999998,1e-07,0.1,0.1,0.0001,0.0,0.0005,exchangeInfo.quotePrecision/baseSizePrecision/quoteAmountPrecision,1,False,0.017350825222175202,0.4195596951735817,0.012701100762066046,11.697309781800499
mexc,PPTAIUSDT,PPTAI-USDT,PPTAI,USDT,True,1,True,1.649e-05,958.78196374,54339095.83,1.649e-05,779749.07,1.717e-05,305064.06,404.0404040404042,5.2379499102,1e-08,0.0,0.0,1.0,0.0,0.0005,exchangeInfo.quotePrecision/baseSizePrecision/quoteAmountPrecision,1,False,0.05162928480744816,0.02243861134631664,0.4106689246401355,11.613954440870275
mexc,HNSUSDT,HNS-USDT,HNS,USDT,False,1,True,0.005202,12.9203,2451.54,0.005202,1479.45,0.005375,3088.07,327.1248936371363,7.6960989,1e-06,0.0001,0.0001,1.0,0.0,0.0005,exchangeInfo.quotePrecision/baseSizePrecision/quoteAmountPrecision,1,False,0.015658061785865426,0.026248941574936513,0.4966130397967824,11.44967773353166
mexc,SDRUSDT,SDR-USDT,SDR,USDT,False,1,True,2.238e-06,16.103551018,7082019.02,2.238e-06,581657.96,2.25e-06,590066.96,53.47593582887725,1.30175051448,1e-09,0.0,0.0,1.0,0.0,0.0005,exchangeInfo.quotePrecision/baseSizePrecision/quoteAmountPrecision,1,False,0.01608125264494287,0.32176121930567314,0.11939034716342083,11.316306321382104
mexc,SOHUSDT,SOH-USDT,SOH,USDT,True,1,True,0.005983,1997.031778,323727.13,0.005983,8357.01,0.00603,224.66,78.24856405560669,1.3546998,1e-06,0.0,0.0,1.0,0.0,0.0005,exchangeInfo.quotePrecision/baseSizePrecision/quoteAmountPrecision,1,False,0.06728734659331359,0.17569856054191368,0.16045723962743438,11.302412868728778
mexc,BASEDAIUSDT,BASEDAI-USDT,BASEDAI,USDT,True,1,True,0.0222,4016.0596,188132.53,0.0222,435.83,0.0229,130.63,310.42128603104175,2.991427,0.0001,0.0,0.0,1.0,0.0,0.0005,exchangeInfo.quotePrecision/baseSizePrecision/quoteAmountPrecision,1,False,0.08125264494286924,0.02794242167654526,0.3065198983911939,11.297853981595319
mexc,NMRETH,NMR-ETH,NMR,ETH,True,1,True,0.003249,18.508626,5625.26,0.00324,63.27,0.003255,94.6,46.1893764434188,0.2049948,1e-06,0.01,0.01,0.0001,0.0,0.0005,exchangeInfo.quotePrecision/baseSizePrecision/quoteAmountPrecision,1,False,0.016504443504020312,0.3958509737510584,0.024555461473327687,11.29512796596413
mexc,KOIIUSDT,KOII-USDT,KOII,USDT,False,1,True,5.51e-06,48.70744762,8310941.8,5.48e-06,232848.05,5.51e-06,263777.0,54.595086442219674,1.276007314,1e-08,0.0,0.0,1.0,0.0,0.0005,exchangeInfo.quotePrecision/baseSizePrecision/quoteAmountPrecision,1,False,0.022005924672027083,0.31117696867061817,0.10880609652836579,11.165872004294261
mexc,PMGUSDT,PMG-USDT,PMG,USDT,False,1,True,0.0011978,2137.3276415,1795729.35,0.0011877,1216.94,0.0011975,1130.57,82.17340264967225,1.353857575,1e-07,0.1,0.1,1.0,0.0,0.0005,exchangeInfo.quotePrecision/baseSizePrecision/quoteAmountPrecision,1,False,0.06898011002962336,0.1663844199830652,0.15876375952582558,11.128791741722427
mexc,PECHUSDT,PECH-USDT,PECH,USDT,True,1,True,4.043e-09,1728.48161871701,489196762433.0,4.047e-09,366153169.0,4.079e-09,332044467.0,78.75953728771817,1.3544093808929998,1e-12,0.0,0.0,1.0,0.0,0.0005,exchangeInfo.quotePrecision/baseSizePrecision/quoteAmountPrecision,1,False,0.06432501057977148,0.17358171041490267,0.15961049957662998,11.069628333792597
mexc,MPCUSDT,MPC-USDT,MPC,USDT,True,1,True,0.00902,4891.74145,556578.15,0.00899,148.07,0.00908,147.75,99.6126175982289,1.3311492999999999,1e-05,0.0,0.0,1.0,0.0,0.0005,exchangeInfo.quotePrecision/baseSizePrecision/quoteAmountPrecision,1,False,0.08802369868810833,0.12574089754445383,0.14944961896697714,10.973818245796847
mexc,LANDSHAREUSDT,LANDSHARE-USDT,LANDSHARE,USDT,True,1,True,0.1589,7870.7329,50128.36,0.1576,8.69,0.1592,7.79,101.01010101010216,1.2401680000000002,0.0001,0.0,0.0,1.0,0.0,0.0005,exchangeInfo.quotePrecision/baseSizePrecision/quoteAmountPrecision,1,False,0.11002962336013541,0.12362404741744282,0.09017781541066892,10.945786778456897
mexc,MSQUSDT,MSQ-USDT,MSQ,USDT,False,1,True,0.3599,268.509,742.9,0.3775,15.89,0.4538,458.32,1835.6790568988329,5.998475,0.0001,0.0,0.0,1.0,0.0,0.0005,exchangeInfo.quotePrecision/baseSizePrecision/quoteAmountPrecision,1,False,0.03427845958527296,0.002963590177815445,0.44919559695173583,10.943316970670116
mexc,DRAGON404USDT,DRAGON404-USDT,DRAGON404,USDT,True,1,True,8.68e-07,60.414534059,65639932.65,8.61e-07,1522369.74,8.66e-07,121620912.88,57.903879559931184,1.31076034614,1e-09,0.0,0.0,1.0,0.0,0.0005,exchangeInfo.quotePrecision/baseSizePrecision/quoteAmountPrecision,1,False,0.022852306390181973,0.2887383573243014,0.12277730736663844,10.930881931900313
mexc,CSIXUSDT,CSIX-USDT,CSIX,USDT,True,1,True,0.0004088,966.5227658,2302680.32,0.0004087,103258.12,0.0004118,3340.81,75.56368068250985,1.375745558,1e-07,0.0,0.0,1.0,0.0,0.0005,exchangeInfo.quotePrecision/baseSizePrecision/quoteAmountPrecision,1,False,0.052052475666525606,0.1833192209991532,0.16977138018628282,10.841294290363395
mexc,CTAUSDT,CTA-USDT,CTA,USDT,True,1,True,0.01382,3866.44953,288478.69,0.01373,98.06,0.01382,20.24,65.33575317604468,0.2797168,1e-05,0.0,0.0,1.0,0.0,0.0005,exchangeInfo.quotePrecision/baseSizePrecision/quoteAmountPrecision,1,False,0.08040626322471435,0.23200677392040647,0.027095681625740897,10.764427457884269
mexc,XRPCUSDT,XRPC-USDT,XRPC,USDT,False,1,True,3.131e-05,631.67140507,18321863.95,3.149e-05,43593.67,3.169e-05,39880.9,63.311174422287074,1.2638257210000001,1e-08,0.0,0.0,1.0,0.0,0.0005,exchangeInfo.quotePrecision/baseSizePrecision/quoteAmountPrecision,1,False,0.04739737621667372,0.24259102455546144,0.10203217612193057,10.712274828242203
mexc,ONTBTC,ONT-BTC,ONT,BTC,True,1,True,7.92e-07,2.4385708668,3196370.63,7.919e-07,413.2,7.955e-07,455.2,45.35718785435377,0.00032721308,1e-10,0.01,0.01,5e-06,0.0,0.0005,exchangeInfo.quotePrecision/baseSizePrecision/quoteAmountPrecision,1,False,0.008463817181548879,0.4038950042337003,0.0071972904318374255,10.706830859464445
mexc,TRNUSDT,TRN-USDT,TRN,USDT,True,1,True,0.00224,17721.44352,8363196.4,0.00223,2466.36,0.00227,476.2,177.7777777777763,1.0809739999999999,1e-05,0.0,0.0,1.0,0.0,0.0005,exchangeInfo.quotePrecision/baseSizePrecision/quoteAmountPrecision,1,False,0.15150232754972492,0.053344623200677344,0.05080440304826418,10.68233165621709
mexc,4EVERUSDT,4EVER-USDT,4EVER,USDT,True,1,True,0.0001579,8921.6574271,56480235.0,0.0001571,7638.44,0.0001589,159429.87,113.92405063291245,1.199998924,1e-07,0.0,0.0,1.0,0.0,0.0005,exchangeInfo.quotePrecision/baseSizePrecision/quoteAmountPrecision,1,False,0.11807024968260686,0.10838272650296354,0.07070279424216766,10.61748777996082
mexc,VCUSDT,VC-USDT,VC,USDT,True,1,True,0.000498,2644.341405,5266161.15,0.000497,3839.04,0.000504,87154.0,139.8601398601389,1.9080028800000002,1e-06,0.0,0.0,1.0,0.0,0.0005,exchangeInfo.quotePrecision/baseSizePrecision/quoteAmountPrecision,1,False,0.07151925518408803,0.08171041490262487,0.23031329381879762,10.582585284066417
mexc,AIVUSDT,AIV-USDT,AIV,USDT,True,1,True,1.68e-06,75.20299718,39011668.39,1.69e-06,3789359.37,2.89e-06,5366180.45,5240.174672489083,6.4040173353,1e-08,0.0,0.0,1.0,0.0,0.0005,exchangeInfo.quotePrecision/baseSizePrecision/quoteAmountPrecision,1,False,0.023275497249259414,0.00042337002540215884,0.46062658763759523,10.503268352096228
mexc,TFIUSDT,TFI-USDT,TFI,USDT,True,1,True,0.002979,1354.96911,430293.98,0.003019,419.31,0.00304,423.52,69.3183693678831,1.26589689,1e-06,0.0001,0.0001,1.0,0.0,0.0005,exchangeInfo.quotePrecision/baseSizePrecision/quoteAmountPrecision,1,False,0.059669911129919595,0.20575783234546996,0.10372565622353937,10.500304045253115
mexc,UBUUSDT,UBU-USDT,UBU,USDT,True,1,True,0.003741,0.0,0.0,0.00333,3363.72,0.004909,1644.16,3832.9894404660763,8.07118144,1e-06,0.0,0.0,1.0,0.0,0.0005,exchangeInfo.quotePrecision/baseSizePrecision/quoteAmountPrecision,1,False,0.0019043588658484976,0.0012701100762065876,0.5093141405588484,10.3227753007038
mexc,WHSPRUSDT,WHSPR-USDT,WHSPR,USDT,True,1,True,1.996e-05,15220.916212,710890435.35,1.95e-05,56410.25,1.992e-05,1462689.01,213.0898021308977,1.099999875,1e-08,0.0,0.0,1.0,0.0,0.0005,exchangeInfo.quotePrecision/baseSizePrecision/quoteAmountPrecision,1,False,0.14515446466356327,0.041913632514817944,0.0563082133784928,10.157500636936284
mexc,BTSLRUSDT,BTSLR-USDT,BTSLR,USDT,True,1,True,2.844e-06,5554.933485441,1820151170.85,2.022e-06,989119.68,2.831e-06,1038961.03,3334.020193694623,1.99999999296,1e-09,0.0,0.0,1.0,0.0,0.0005,exchangeInfo.quotePrecision/baseSizePrecision/quoteAmountPrecision,1,False,0.09394837071519255,0.0021168501270110163,0.24089754445385267,10.03803253158792
mexc,STRAWBERRYAIUSDT,STRAWBERRYAI-USDT,STRAWBERRYAI,USDT,True,1,True,0.0151,2096.55463,128667.67,0.01503,89.62,0.01518,88.37,99.30486593843152,1.3414566,1e-05,0.0,0.0,1.0,0.0,0.0005,exchangeInfo.quotePrecision/baseSizePrecision/quoteAmountPrecision,1,False,0.06855691917054592,0.12701100762066042,0.15241320914479256,9.994169927792388
mexc,SNXETH,SNX-ETH,SNX,ETH,True,1,True,0.0001393,27.2419833,193422.73,0.000139,360.62,0.0001397,4.73,50.233225690708075,0.000660781,1e-07,0.1,0.1,0.0001,0.0,0.0005,exchangeInfo.quotePrecision/baseSizePrecision/quoteAmountPrecision,1,False,0.017774016081252644,0.3530906011854361,0.00846740050804403,9.974183924265677
mexc,TEMUSDT,TEM-USDT,TEM,USDT,True,1,True,0.000873,5082.540517,4191660.64,0.000875,1466.79,0.000885,1497.77,113.63636363636394,1.28344125,1e-06,0.0,0.0,1.0,0.0,0.0005,exchangeInfo.quotePrecision/baseSizePrecision/quoteAmountPrecision,1,False,0.08971646212441811,0.10880609652836581,0.111346316680779,9.881484163667723
mexc,RCUSDT,RC-USDT,RC,USDT,True,1,True,0.00357,2597.65453,730279.71,0.00351,622.21,0.0036,1969.31,253.16455696202476,2.1839571,1e-05,0.0,0.0,1.0,0.0,0.0005,exchangeInfo.quotePrecision/baseSizePrecision/quoteAmountPrecision,1,False,0.07067287346593314,0.03471634208298058,0.2548687552921253,9.852291698543345
mexc,FACTUSDT,FACT-USDT,FACT,USDT,True,1,True,0.3872,1327.5121,3457.68,0.3857,3.65,0.3898,9.85,105.73823339780768,1.407805,0.0001,0.0,0.0,1.0,0.0,0.0005,exchangeInfo.quotePrecision/baseSizePrecision/quoteAmountPrecision,1,False,0.058823529411764705,0.11600338696020318,0.18331922099915327,9.801763211635203
mexc,QTUMBTC,QTUM-BTC,QTUM,BTC,True,1,True,1.23e-05,0.42443134,34303.523,1.227e-05,83.136,1.233e-05,645.936,48.78048780487896,0.00102007872,1e-08,0.01,0.01,5e-06,0.0,0.0005,exchangeInfo.quotePrecision/baseSizePrecision/quoteAmountPrecision,1,False,0.0050782903089293275,0.3712955122777307,0.009737510584250635,9.756443985619393
mexc,EDOMUSDT,EDOM-USDT,EDOM,USDT,True,1,True,0.001624,7794.396894,3699017.91,0.001466,948.27,0.001593,1419.12,830.336711343576,1.39016382,1e-06,0.0,0.0,1.0,0.0,0.0005,exchangeInfo.quotePrecision/baseSizePrecision/quoteAmountPrecision,1,False,0.10960643250105798,0.007620660457239636,0.17569856054191363,9.732841509827454
mexc,PENGUSDT,PENG-USDT,PENG,USDT,True,1,True,0.00377,447.53923,111708.85,0.003764,371.63,0.003793,348.72,76.75003308191067,1.32269496,1e-06,0.0,0.0,1.0,0.0,0.0005,exchangeInfo.quotePrecision/baseSizePrecision/quoteAmountPrecision,1,False,0.04274227676682184,0.17866215071972902,0.1452159187129551,9.721697364427529
mexc,NOMOXUSDT,NOMOX-USDT,NOMOX,USDT,True,1,True,0.003571,40.215018,10813.34,0.00354,341.73,0.003561,343.73,59.146599070552746,1.2097242000000001,1e-06,0.0,0.0,1.0,0.0,0.0005,exchangeInfo.quotePrecision/baseSizePrecision/quoteAmountPrecision,1,False,0.021159542953872196,0.275190516511431,0.0834038950042337,9.711615675333421
mexc,MICHIUSDT,MICHI-USDT,MICHI,USDT,True,1,True,0.002176,6.945895,3160.51,0.002171,671.79,0.002186,651.39,68.85471654808273,1.42393854,1e-06,0.0,0.0,1.0,0.0,0.0005,exchangeInfo.quotePrecision/baseSizePrecision/quoteAmountPrecision,1,False,0.012695725772323318,0.2087214225232854,0.18882303132938189,9.692761107147556
mexc,SCARCITYUSDT,SCARCITY-USDT,SCARCITY,USDT,True,1,True,0.00673,8476.58444,1275309.22,0.00661,2470.51,0.00675,187.98,209.58083832335254,1.268865,1e-05,0.0,0.0,1.0,0.0,0.0005,exchangeInfo.quotePrecision/baseSizePrecision/quoteAmountPrecision,1,False,0.11553110452814219,0.04403048264182896,0.10584250635055038,9.571822942104554
mexc,FOGUSDT,FOG-USDT,FOG,USDT,True,1,True,0.01418,5.01683,352.69,0.01418,299.04,0.01428,104.55,70.27406886858707,1.4929739999999998,1e-05,0.0,0.0,1.0,0.0,0.0005,exchangeInfo.quotePrecision/baseSizePrecision/quoteAmountPrecision,1,False,0.010156580617858655,0.20194750211685009,0.1977138018628281,9.561575524160041
mexc,EONUSDT,EON-USDT,EON,USDT,False,1,True,0.005417,39.10308,6903.59,0.005381,245.74,0.005417,249.34,66.67901463233852,1.3223269400000002,1e-06,0.0,0.0,1.0,0.0,0.0005,exchangeInfo.quotePrecision/baseSizePrecision/quoteAmountPrecision,1,False,0.02031316123571731,0.22057578323454696,0.14394580863674852,9.510534621563096
mexc,PMMUSDT,PMM-USDT,PMM,USDT,True,1,True,0.000377,11289.052734,21460922.28,0.000377,61097.34,0.000395,3162.31,466.3212435233161,1.24911245,1e-06,0.0,0.0,1.0,0.0,0.0005,exchangeInfo.quotePrecision/baseSizePrecision/quoteAmountPrecision,1,False,0.1290732120186204,0.018204911092294718,0.09314140558848434,9.416977550101176
mexc,HOSKYUSDT,HOSKY-USDT,HOSKY,USDT,True,1,True,1.0766e-08,416.284546840746,39585790389.94,1.0679e-08,124601705.55,1.0753e-08,114158262.85,69.05561776782493,1.22754380042605,1e-12,1000.0,1000.0,1.0,0.0,0.0005,exchangeInfo.quotePrecision/baseSizePrecision/quoteAmountPrecision,1,False,0.0414727041895895,0.20787468247248098,0.08721422523285352,9.222150296896517
mexc,JAMUSDT,JAM-USDT,JAM,USDT,True,1,True,1.91e-05,2040.122807,104238268.76,1.91e-05,104712.04,1.99e-05,485436.89,410.2564102564098,1.999999964,1e-07,0.001,0.001,1.0,0.0,0.0005,exchangeInfo.quotePrecision/baseSizePrecision/quoteAmountPrecision,1,False,0.06813372831146847,0.02201524132091448,0.24047417442845045,9.107219578722638
mexc,CSWAPUSDT,CSWAP-USDT,CSWAP,USDT,True,1,True,0.00207,1805.19203,833562.23,0.00207,3830.91,0.00219,977.27,563.3802816901423,2.1402213,1e-05,0.0,0.0,1.0,0.0,0.0005,exchangeInfo.quotePrecision/baseSizePrecision/quoteAmountPrecision,1,False,0.06517139229792636,0.013547840812870415,0.2506350550381033,8.935823697469777
mexc,SOMNUSUSDT,SOMNUS-USDT,SOMNUS,USDT,True,1,True,1.11e-05,404.7966069,35040287.86,1.1e-05,294653.6,1.21e-05,1739130.43,952.3809523809521,3.2411896,1e-07,0.0,0.0,1.0,0.0,0.0005,exchangeInfo.quotePrecision/baseSizePrecision/quoteAmountPrecision,1,False,0.04104951333051206,0.0071972904318374775,0.32430143945808637,8.92368428313583
mexc,IPBTC,IP-BTC,IP,BTC,True,1,True,8.322e-06,0.272990342,31722.38,8.306e-06,31.13,8.349e-06,31.08,51.636145301710506,0.00025856577999999996,1e-09,0.0,0.0,5e-06,0.0,0.0005,exchangeInfo.quotePrecision/baseSizePrecision/quoteAmountPrecision,1,False,0.004655099449851883,0.3395427603725656,0.006350550381033023,8.871610486676653
mexc,APUUSDT,APU-USDT,APU,USDT,True,1,True,2.48e-05,1916.0137149,75716787.17,2.49e-05,240507.4,2.51e-05,40488.44,80.0000000000006,1.0162598440000001,1e-07,0.0,0.0,1.0,0.0,0.0005,exchangeInfo.quotePrecision/baseSizePrecision/quoteAmountPrecision,1,False,0.06686415573423614,0.17019475021168506,0.04403048264182896,8.813006973511692
mexc,POWERAIUSDT,POWERAI-USDT,POWERAI,USDT,False,1,True,0.00013,1187.23791,5376560.18,0.00013,100051.73,0.00016,16061.55,2068.965517241381,2.569848,1e-05,0.0,0.0,1.0,0.0,0.0005,exchangeInfo.quotePrecision/baseSizePrecision/quoteAmountPrecision,1,False,0.057977147693609815,0.002540220152413175,0.2777307366638442,8.806863360235754
mexc,IPETH,IP-ETH,IP,ETH,True,1,True,0.0002775,5.4912879,19186.81,0.0002765,55.95,0.000278,37.3,54.10279531109043,0.010369399999999999,1e-07,0.0,0.0,0.0001,0.0,0.0005,exchangeInfo.quotePrecision/baseSizePrecision/quoteAmountPrecision,1,False,0.010579771476936098,0.3145639288738358,0.016088060965283656,8.767746872383054
mexc,SUMRUSDT,SUMR-USDT,SUMR,USDT,True,1,True,0.00294,0.0,0.0,0.00293,1625.91,0.00305,5422.15,401.3377926421415,4.7639163,1e-05,0.0,0.0,1.0,0.0,0.0005,exchangeInfo.quotePrecision/baseSizePrecision/quoteAmountPrecision,1,False,0.0019043588658484976,0.02286198137171891,0.38569009314140557,8.390091134742752
mexc,ABTC,A-BTC,A,BTC,True,1,True,1.11e-06,0.855765636,763968.0,1.108e-06,3596.0,1.114e-06,6.0,54.00540054005425,6.684000000000001e-06,1e-09,0.0,0.0,5e-06,0.0,0.0005,exchangeInfo.quotePrecision/baseSizePrecision/quoteAmountPrecision,1,False,0.006347862886161659,0.3154106689246401,0.0012701100762066045,8.259801383379026
mexc,GRAMUSDT,GRAM-USDT,GRAM,USDT,True,1,True,0.00157,1340.62887,843057.19,0.00153,996.2,0.00157,959914.21,258.06451612903294,1.524186,1e-05,0.0,0.0,1.0,0.0,0.0005,exchangeInfo.quotePrecision/baseSizePrecision/quoteAmountPrecision,1,False,0.05924672027084215,0.03259949195596956,0.20364098221845894,8.146376558164736
mexc,BKSUSDT,BKS-USDT,BKS,USDT,True,1,True,0.000392,385.1707337,952718.1,0.0003727,43709.71,0.0003972,6116.83,636.4462917261982,2.429604876,1e-07,0.0,0.0,1.0,0.0,0.0005,exchangeInfo.quotePrecision/baseSizePrecision/quoteAmountPrecision,1,False,0.04062632247143462,0.012277730736663828,0.2718035563082134,7.977462130509768
mexc,BDXBTC,BDX-BTC,BDX,BTC,True,1,True,1.2551e-06,39.0317279977,31264424.0,1.2502e-06,35637.0,1.2579e-06,28663.0,61.40106056377462,0.036055187700000005,1e-10,0.0,0.0,5e-06,0.0,0.0005,exchangeInfo.quotePrecision/baseSizePrecision/quoteAmountPrecision,1,False,0.019889970376639865,0.2569856054191363,0.018628281117696866,7.891154128547536
mexc,HELIUSDT,HELI-USDT,HELI,USDT,False,1,True,7.612e-06,156.329619094,19560399.3,7.612e-06,183848.64,7.677e-06,168127.56,85.02845182811092,1.29071527812,1e-09,0.0,0.0,1.0,0.0,0.0005,exchangeInfo.quotePrecision/baseSizePrecision/quoteAmountPrecision,1,False,0.028353787558188744,0.15876375952582555,0.1143099068585944,7.814750441017908
mexc,OXTETH,OXT-ETH,OXT,ETH,True,1,True,7.246e-06,9.778149507,1339160.59,7.22e-06,191.04,7.263e-06,123.04,59.37996271490633,0.00089363952,1e-09,0.1,0.1,0.0001,0.0,0.0005,exchangeInfo.quotePrecision/baseSizePrecision/quoteAmountPrecision,1,False,0.013542107490478206,0.2739204064352244,0.008890770533446233,7.770641483525837
mexc,ANKRBTC,ANKR-BTC,ANKR,BTC,True,1,True,7.651e-08,6.52656381618,84929541.3669,7.63e-08,56852.52,7.675e-08,442.6793,58.804312316235745,3.3975636275e-05,1e-11,0.01,0.01,5e-06,0.0,0.0005,exchangeInfo.quotePrecision/baseSizePrecision/quoteAmountPrecision,1,False,0.012272534913245875,0.27688399661303975,0.003810330228619814,7.673295940126914
mexc,ARWUSDT,ARW-USDT,ARW,USDT,True,1,True,0.14813,6.27923,42.39,0.14816,166.85,0.15035,14.46,146.72875280560285,2.1740610000000005,1e-05,0.0,0.0,1.0,0.0,0.0005,exchangeInfo.quotePrecision/baseSizePrecision/quoteAmountPrecision,1,False,0.01184934405416843,0.0757832345469941,0.2544453852667231,7.635202491988578
mexc,SELOUSDT,SELO-USDT,SELO,USDT,True,1,True,8.031e-05,225.31746724,2661908.22,8.031e-05,17877.67,8.114e-05,16253.29,102.81820997212807,1.3187919506,1e-08,0.0,0.0,1.0,0.0,0.0005,exchangeInfo.quotePrecision/baseSizePrecision/quoteAmountPrecision,1,False,0.03131612357173085,0.11981371718882305,0.1401354784081287,7.520439294328347
mexc,AGIALPHAUSDT,AGIALPHA-USDT,AGIALPHA,USDT,True,1,True,0.0007715,752.9784519,946342.36,0.0007706,1706.39,0.0007792,1573.75,110.9820622015743,1.2262659999999999,1e-07,0.0,0.0,1.0,0.0,0.0005,exchangeInfo.quotePrecision/baseSizePrecision/quoteAmountPrecision,1,False,0.04824375793482861,0.11049957662997456,0.0867908552074513,7.151713206313964
mexc,WEETHUSDT,WEETH-USDT,WEETH,USDT,True,1,True,2167.88,243.6,0.1113,2164.52,0.0006,2187.46,0.0006,105.42327859962617,1.2987119999999999,0.01,0.0,0.0,1.0,0.0,0.0005,exchangeInfo.quotePrecision/baseSizePrecision/quoteAmountPrecision,1,False,0.03343207786711807,0.11642675698560545,0.11769686706181202,7.103370548567871
mexc,CLUBUSDT,CLUB-USDT,CLUB,USDT,False,1,True,0.005001,694.016787,107265.52,0.00474,358.64,0.0075,806.8,4509.803921568627,1.6999536,1e-06,0.0,0.0,1.0,0.0,0.0005,exchangeInfo.quotePrecision/baseSizePrecision/quoteAmountPrecision,1,False,0.047820567075751164,0.0008467400508044287,0.21634208298052499,6.978141350046925
mexc,SERAPHUSDT,SERAPH-USDT,SERAPH,USDT,True,1,True,0.00413,28.83762,6924.76,0.00417,1199.04,0.00459,591.88,958.9041095890416,2.7167292,1e-05,0.0,0.0,1.0,0.0,0.0005,exchangeInfo.quotePrecision/baseSizePrecision/quoteAmountPrecision,1,False,0.01819720694033009,0.006773920406435208,0.28577476714648603,6.885689734808756
mexc,SYMMUSDT,SYMM-USDT,SYMM,USDT,True,1,True,0.0435,2743.9735,63423.62,0.0432,19.34,0.0438,927.01,137.9310344827578,0.835488,0.0001,0.0,0.0,1.0,0.0,0.0005,exchangeInfo.quotePrecision/baseSizePrecision/quoteAmountPrecision,1,False,0.07236563690224292,0.08298052497883146,0.03767993226079593,6.808221799310066
mexc,USDRUSDT,USDR-USDT,USDR,USDT,True,1,True,0.998,2707.676,2744.38,0.983,1.12,0.999,20.16,161.45307769929377,1.1009600000000002,0.001,0.0,0.0,1.0,0.0,0.0005,exchangeInfo.quotePrecision/baseSizePrecision/quoteAmountPrecision,1,False,0.07194244604316546,0.06350550381033027,0.05927180355630821,6.729908198758522
mexc,NLINKUSDT,NLINK-USDT,NLINK,USDT,True,1,True,3.9e-13,109.33331157559206,291396557573596.0,3.8e-13,5263157894736.0,4.063e-13,45319467559917.0,668.9558692610963,1.99999999999968,1e-16,0.0,0.0,1.0,0.0,0.0005,exchangeInfo.quotePrecision/baseSizePrecision/quoteAmountPrecision,1,False,0.02581464240372408,0.010584250635055081,0.24132091447925486,6.510829887666299
mexc,GHTUSDT,GHT-USDT,GHT,USDT,True,1,True,0.01935,348.59769,17854.45,0.01917,901.21,0.01935,18.47,93.45794392523345,0.35739449999999995,1e-05,0.0,0.0,1.0,0.0,0.0005,exchangeInfo.quotePrecision/baseSizePrecision/quoteAmountPrecision,1,False,0.03977994075327973,0.13844199830651993,0.03048264182895851,6.258599535672555
mexc,XP8USDT,XP8-USDT,XP8,USDT,True,1,True,0.00075,478.19521,495141.03,0.00078,2564.1,0.00079,1402.78,127.38853503184747,1.1081962,1e-05,0.0,0.0,1.0,0.0,0.0005,exchangeInfo.quotePrecision/baseSizePrecision/quoteAmountPrecision,1,False,0.04358865848497673,0.0939881456392887,0.06265876375952582,6.000255132846454
mexc,DEBUSDT,DEB-USDT,DEB,USDT,False,1,True,0.000397,223.3805,563422.55,0.000265,6022.89,0.000318,30586.7,1818.181818181818,1.59606585,1e-06,0.01,0.01,1.0,0.0,0.0005,exchangeInfo.quotePrecision/baseSizePrecision/quoteAmountPrecision,1,False,0.030892932712653406,0.003386960203217604,0.20872142252328535,5.9582137547420855
mexc,LCGUSDT,LCG-USDT,LCG,USDT,True,1,True,0.00019,0.0,0.0,0.0001726,15469.9,0.00019,138499.87,959.7352454495319,2.6701047399999998,1e-07,0.0,0.0,1.0,0.0,0.0005,exchangeInfo.quotePrecision/baseSizePrecision/quoteAmountPrecision,1,False,0.0019043588658484976,0.006350550381033049,0.2832345469940728,5.928194437028949
mexc,A47USDT,A47-USDT,A47,USDT,True,1,True,0.0042,1506.97293,338854.92,0.004193,11311.48,0.004428,284.86,545.1803735065537,1.26136008,1e-06,0.0,0.0,1.0,0.0,0.0005,exchangeInfo.quotePrecision/baseSizePrecision/quoteAmountPrecision,1,False,0.06220905628438426,0.014817950889077003,0.10076206604572396,5.807188188782539
mexc,SUTUSDT,SUT-USDT,SUT,USDT,True,1,True,0.683,1690.768,2495.77,0.67,1.79,0.719,39.98,705.5435565154777,1.1993,0.001,0.0,0.0,1.0,0.0,0.0005,exchangeInfo.quotePrecision/baseSizePrecision/quoteAmountPrecision,1,False,0.06347862886161659,0.009314140558848383,0.07027942421676546,5.129766585695432
mexc,TCTUSDT,TCT-USDT,TCT,USDT,False,1,True,0.009838,274.621129,25524.46,0.009838,37.87,0.00999,129.6,153.31853943917804,0.37256505999999995,1e-06,0.0,0.0,1.0,0.0,0.0005,exchangeInfo.quotePrecision/baseSizePrecision/quoteAmountPrecision,1,False,0.034701650444350404,0.06943268416596104,0.03132938187976291,4.270995516183557
mexc,OBIUSDT,OBI-USDT,OBI,USDT,False,1,True,0.0004892,1013.9053767,1913901.7,0.00049,204081.63,0.0005231,1955.05,653.439936827559,1.022686655,1e-07,0.0,0.0,1.0,0.0,0.0005,exchangeInfo.quotePrecision/baseSizePrecision/quoteAmountPrecision,1,False,0.053322048243757934,0.01100762066045724,0.04572396274343776,4.122382424786873
mexc,CAUUSDT,CAU-USDT,CAU,USDT,True,1,True,0.0339,196.4017,5576.44,0.0339,32.0,0.0354,491.98,432.9004329004333,1.0848,0.0001,0.0,0.0,1.0,0.0,0.0005,exchangeInfo.quotePrecision/baseSizePrecision/quoteAmountPrecision,1,False,0.03004655099449852,0.020745131244707893,0.05122777307366638,3.1957440472884437
mexc,QLINDOUSDT,QLINDO-USDT,QLINDO,USDT,True,1,True,0.0002391,584.1382711,2400160.24,0.0002211,178605.03,0.0002391,203.43,782.2685788787485,0.048640113000000006,1e-07,0.0,0.0,1.0,0.0,0.0005,exchangeInfo.quotePrecision/baseSizePrecision/quoteAmountPrecision,1,False,0.04655099449851883,0.008044030482641795,0.01989839119390347,3.15937328336265
mexc,DOBOUSDT,DOBO-USDT,DOBO,USDT,False,1,True,0.0509,76.53111,1535.6,0.0495,22.22,0.05113,47.58,323.95905793500935,1.09989,1e-05,0.0,0.0,1.0,0.0,0.0005,exchangeInfo.quotePrecision/baseSizePrecision/quoteAmountPrecision,1,False,0.024121878967414304,0.026672311600338672,0.05292125317527519,3.051936196721758
mexc,COMAIUSDT,COMAI-USDT,COMAI,USDT,False,1,True,0.00125,135.06802,114230.01,0.00108,3492.14,0.00129,867.01,1772.1518987341767,1.1184429,1e-05,0.0,0.0,1.0,0.0,0.0005,exchangeInfo.quotePrecision/baseSizePrecision/quoteAmountPrecision,1,False,0.027507405840033854,0.0038103302286197627,0.06519898391193904,2.9121452551561373
mexc,OMGBTC,OMG-BTC,OMG,BTC,True,1,True,8.256e-07,0.1323778046,160319.6,8.223e-07,146.5,8.326e-07,318.68,124.47882047253523,0.00012046695000000001,1e-10,1e-06,1e-06,5e-06,0.0,0.0005,exchangeInfo.quotePrecision/baseSizePrecision/quoteAmountPrecision,1,False,0.004231908590774439,0.09610499576629972,0.0059271803556308214,2.7539234737627036
