connector,exchange_symbol,trading_pair,base_asset,quote_asset,is_active,status_detail,permissions_spot,last_price,quote_volume_24h,volume_base_24h,bid_price,bid_quantity,ask_price,ask_quantity,spread_bps,top_of_book_quote,price_tick_estimate,amount_step_estimate,min_order_size_base_estimate,min_notional_quote_estimate,maker_fee_estimate,taker_fee_estimate,rule_estimate_source,raw_trade_side_type,book_crossed,coarse_volume_rank,coarse_spread_rank,coarse_top_rank,coarse_score
mexc,BTCUSDT,BTC-USDT,BTC,USDT,True,1,True,66879.05,223997362.07,3354.87867962,66879.05,1.19200348,66879.06,0.14223677,0.0014952364375904104,9512.6614750362,0.01,1e-06,1e-06,1.0,0.0,0.0005,exchangeInfo.quotePrecision/baseSizePrecision/quoteAmountPrecision,1,False,1.0,0.9991596638655462,0.9966386554621849,99.91176470588236
mexc,USDCUSDT,USDC-USDT,USDC,USDT,True,1,True,1.0,20150113.7057,20149891.71,1.0,3933053.25,1.0001,4263319.41,0.999950002499765,3933053.25,0.0001,1.0,1.0,1.0,0.0,0.0,exchangeInfo.quotePrecision/baseSizePrecision/quoteAmountPrecision,1,False,0.9983193277310924,0.9932773109243698,1.0,99.73949579831934
mexc,ETHUSDT,ETH-USDT,ETH,USDT,True,1,True,2051.89,105455473.19,51295.58279,2051.99,1.29567,2052.0,10.96245,0.048733062216127616,2658.7018832999997,0.01,0.0001,0.0001,1.0,0.0,0.0005,exchangeInfo.quotePrecision/baseSizePrecision/quoteAmountPrecision,1,False,0.9995798319327731,0.9983193277310924,0.9899159663865547,99.73319327731093
mexc,USD1USDT,USD1-USDT,USD1,USDT,True,1,True,1.0,17484720.2036,17484364.99,1.0,14129.38,1.0001,42637.35,0.999950002499765,14129.38,0.0001,0.0,0.0,1.0,0.0,0.0,exchangeInfo.quotePrecision/baseSizePrecision/quoteAmountPrecision,1,False,0.9978991596638656,0.9932773109243698,0.9974789915966387,99.66596638655463
mexc,GOLD(XAUT)USDT,GOLD(XAUT)-USDT,GOLD(XAUT),USDT,True,1,True,4629.7,7710186.3,1663.06662,4629.6,0.16333,4629.7,1.21983,0.21599904960300303,756.1525680000001,0.1,0.001,0.001,1.0,0.0,0.0005,exchangeInfo.quotePrecision/baseSizePrecision/quoteAmountPrecision,1,False,0.9953781512605042,0.9974789915966387,0.9743697478991596,99.1701680672269
mexc,EURUSDT,EUR-USDT,EUR,USDT,True,1,True,1.1517,2464963.3385,2137281.55,1.1517,13828.57,1.1518,43544.48,0.8682439765573171,15926.364069,0.0001,0.0,0.0,1.0,0.0,0.0,exchangeInfo.quotePrecision/baseSizePrecision/quoteAmountPrecision,1,False,0.9823529411764705,0.9953781512605042,0.9983193277310924,98.88025210084034
mexc,SOLUSDT,SOL-USDT,SOL,USDT,True,1,True,80.11,37069375.36,464358.95,80.06,211.044,80.07,6.413,1.2489851995242498,513.48891,0.01,0.01,0.01,1.0,0.0,0.0005,exchangeInfo.quotePrecision/baseSizePrecision/quoteAmountPrecision,1,False,0.9991596638655462,0.9840336134453782,0.9609243697478992,98.77310924369749
mexc,USDEUSDT,USDE-USDT,USDE,USDT,True,1,True,0.9996,2151418.8298,2152199.07,0.9996,715681.8,0.9997,114588.93,1.0003501225427798,114554.553321,0.0001,0.0,0.0,1.0,0.0,0.0,exchangeInfo.quotePrecision/baseSizePrecision/quoteAmountPrecision,1,False,0.9810924369747899,0.9920168067226891,0.9987394957983193,98.73529411764706
mexc,LTCUSDT,LTC-USDT,LTC,USDT,True,1,True,53.23,3497745.39,66118.2897,53.22,108.9048,53.23,54.6248,1.878816345701834,2907.678104,0.01,0.001,0.001,1.0,0.0,0.0005,exchangeInfo.quotePrecision/baseSizePrecision/quoteAmountPrecision,1,False,0.988655462184874,0.9764705882352941,0.9907563025210084,98.60294117647061
mexc,TRXUSDT,TRX-USDT,TRX,USDT,True,1,True,0.3153,5267453.285,16757039.75,0.3152,250513.99,0.3153,40623.83,3.1720856463138616,12808.693599000002,0.0001,1.0,1.0,1.0,0.0,0.0005,exchangeInfo.quotePrecision/baseSizePrecision/quoteAmountPrecision,1,False,0.9932773109243698,0.9600840336134454,0.9970588235294118,98.57352941176471
mexc,DOGEUSDT,DOGE-USDT,DOGE,USDT,True,1,True,0.09167,7502528.65969,82132651.22,0.09163,36148.66,0.09166,108898.49,3.2735010093297228,3312.3017158000002,1e-05,1.0,1.0,1.0,0.0,0.0005,exchangeInfo.quotePrecision/baseSizePrecision/quoteAmountPrecision,1,False,0.9949579831932773,0.9575630252100841,0.9920168067226891,98.50210084033615
mexc,XUSDUSDT,XUSD-USDT,XUSD,USDT,True,1,True,1.0001,1663740.8205,1663679.4,1.0,14982.07,1.0001,15946.4,0.999950002499765,14982.07,0.0001,0.0,0.0,1.0,0.0,0.0005,exchangeInfo.quotePrecision/baseSizePrecision/quoteAmountPrecision,1,False,0.9735294117647059,0.9932773109243698,0.9978991596638656,98.3340336134454
mexc,ZECUSDT,ZEC-USDT,ZEC,USDT,True,1,True,232.9,3021778.37,12737.383064,232.82,1.8968,232.83,1.4256,0.42950714055704187,331.92244800000003,0.01,0.001,0.001,1.0,0.0,0.0005,exchangeInfo.quotePrecision/baseSizePrecision/quoteAmountPrecision,1,False,0.9873949579831933,0.9970588235294118,0.9457983193277311,98.14915966386555
mexc,ADAUSDT,ADA-USDT,ADA,USDT,True,1,True,0.2464,6018278.5453,24490869.7,0.2464,97415.65,0.2465,14321.84,4.057618178128991,3530.33356,0.0001,0.1,0.1,1.0,0.0,0.0005,exchangeInfo.quotePrecision/baseSizePrecision/quoteAmountPrecision,1,False,0.9936974789915967,0.9415966386554622,0.9936974789915967,98.0672268907563
mexc,UNIUSDT,UNI-USDT,UNI,USDT,True,1,True,3.16,3046181.513,952595.57,3.16,612.9,3.161,3670.38,3.1640563202021514,1936.7640000000001,0.001,0.001,0.001,1.0,0.0,0.0005,exchangeInfo.quotePrecision/baseSizePrecision/quoteAmountPrecision,1,False,0.9878151260504202,0.9605042016806723,0.9857142857142858,98.05672268907564
mexc,HBARUSDT,HBAR-USDT,HBAR,USDT,True,1,True,0.08769,1803343.16434,20385585.43,0.08769,16330.0,0.0877,5636.0,1.1403158674948541,494.2772,1e-05,0.01,0.01,1.0,0.0,0.0005,exchangeInfo.quotePrecision/baseSizePrecision/quoteAmountPrecision,1,False,0.9760504201680672,0.9869747899159664,0.9596638655462185,97.55042016806723
mexc,ETHUSDC,ETH-USDC,ETH,USDC,True,1,True,2051.45,3909739.01,1902.35204,2051.5,0.21511,2052.16,0.24426,3.216640754837655,441.298165,0.01,1e-06,1e-06,1.0,0.0,0.0,exchangeInfo.quotePrecision/baseSizePrecision/quoteAmountPrecision,1,False,0.9899159663865547,0.9588235294117647,0.9554621848739496,97.52521008403363
mexc,SUIUSDT,SUI-USDT,SUI,USDT,True,1,True,0.8714,2965313.9262,3401205.78,0.8713,212.48,0.8714,257.55,1.1476444597462443,185.13382399999998,0.0001,0.0,0.0,1.0,0.0,0.0005,exchangeInfo.quotePrecision/baseSizePrecision/quoteAmountPrecision,1,False,0.9865546218487395,0.9861344537815127,0.9088235294117647,97.09033613445379
mexc,TRUMPUSDT,TRUMP-USDT,TRUMP,USDT,True,1,True,2.802,1569714.905,552366.58,2.803,934.64,2.804,481.51,3.566969859104298,1350.15404,0.001,0.0,0.0,1.0,0.0,0.0005,exchangeInfo.quotePrecision/baseSizePrecision/quoteAmountPrecision,1,False,0.9718487394957983,0.95,0.9823529411764705,96.84873949579833
mexc,DAIUSDT,DAI-USDT,DAI,USDT,True,1,True,0.9993,1110870.5736,1111343.04,0.9993,4277.74,0.9994,455.5,1.0006504227746935,455.2267,0.0001,0.5,0.5,1.0,0.0,0.0005,exchangeInfo.quotePrecision/baseSizePrecision/quoteAmountPrecision,1,False,0.961764705882353,0.9911764705882353,0.9563025210084034,96.80252100840337
mexc,ICPUSDT,ICP-USDT,ICP,USDT,True,1,True,2.284,1354480.141,591924.02,2.283,298.49,2.284,478.99,4.379242391065863,681.45267,0.001,0.0001,0.0001,1.0,0.0,0.0005,exchangeInfo.quotePrecision/baseSizePrecision/quoteAmountPrecision,1,False,0.9672268907563025,0.9369747899159664,0.9722689075630252,96.0672268907563
mexc,TONUSDT,TON-USDT,TON,USDT,True,1,True,1.242,2894110.311,2322582.68,1.241,12999.67,1.242,5439.34,8.054772452677325,6755.66028,0.001,0.001,0.001,1.0,0.0,0.0005,exchangeInfo.quotePrecision/baseSizePrecision/quoteAmountPrecision,1,False,0.9861344537815127,0.8697478991596639,0.9957983193277311,95.89705882352942
mexc,WLDUSDT,WLD-USDT,WLD,USDT,True,1,True,0.2657,1463429.5279,5438185.51,0.2657,1238.4,0.2658,4015.76,3.7629350893692943,329.04288,0.0001,0.0,0.0,1.0,0.0,0.0005,exchangeInfo.quotePrecision/baseSizePrecision/quoteAmountPrecision,1,False,0.9689075630252101,0.946218487394958,0.9453781512605042,95.85294117647058
mexc,PENGUUSDT,PENGU-USDT,PENGU,USDT,True,1,True,0.006271,1289598.769703,202702195.86,0.006268,29918.4,0.006269,103585.6,1.5952779771877368,187.5285312,1e-06,0.0,0.0,1.0,0.0,0.0005,exchangeInfo.quotePrecision/baseSizePrecision/quoteAmountPrecision,1,False,0.9647058823529412,0.9802521008403361,0.9096638655462185,95.75840336134455
mexc,LINKUSDT,LINK-USDT,LINK,USDT,True,1,True,8.65,2364264.039,272211.1,8.652,11.1,8.653,11.73,1.1557353366093293,96.03719999999998,0.001,0.01,0.01,1.0,0.0,0.0005,exchangeInfo.quotePrecision/baseSizePrecision/quoteAmountPrecision,1,False,0.9815126050420168,0.9857142857142858,0.8558823529411764,95.74369747899159
mexc,CHZUSDT,CHZ-USDT,CHZ,USDT,True,1,True,0.03947,2493668.57842,63238996.97,0.03949,3289.6,0.0395,2340.0,2.531966071655415,92.43,1e-05,0.001,0.001,1.0,0.0,0.0005,exchangeInfo.quotePrecision/baseSizePrecision/quoteAmountPrecision,1,False,0.9831932773109243,0.9672268907563025,0.8512605042016806,95.28151260504202
mexc,GOLD(PAXG)USDT,GOLD(PAXG)-USDT,GOLD(PAXG),USDT,True,1,True,4646.94,2684176.88,576.79926,4646.93,0.01352,4646.94,2.38496,0.021519560741238654,62.826493600000006,0.01,1e-06,1e-06,1.0,0.0,0.0005,exchangeInfo.quotePrecision/baseSizePrecision/quoteAmountPrecision,1,False,0.9857142857142858,0.9987394957983193,0.8025210084033614,95.23319327731093
mexc,FETUSDT,FET-USDT,FET,USDT,True,1,True,0.236,1535713.216,6542884.47,0.2362,893.2,0.2363,4687.84,4.232804232804941,210.97384,0.0001,0.001,0.001,1.0,0.0,0.0005,exchangeInfo.quotePrecision/baseSizePrecision/quoteAmountPrecision,1,False,0.9714285714285714,0.9390756302521008,0.9159663865546218,95.2247899159664
mexc,XPLUSDT,XPL-USDT,XPL,USDT,True,1,True,0.10972,1501977.46399,12712585.65,0.10964,20733.5,0.10972,103678.23,7.293946024799119,2273.22094,1e-05,0.0,0.0,1.0,0.0,0.0005,exchangeInfo.quotePrecision/baseSizePrecision/quoteAmountPrecision,1,False,0.9705882352941176,0.8827731092436975,0.9878151260504202,95.20798319327731
mexc,AVAXUSDT,AVAX-USDT,AVAX,USDT,True,1,True,8.909,2995359.478,334932.77,8.907,54.05,8.909,8.02,2.2451728783123794,71.45018,0.001,0.0001,0.0001,1.0,0.0,0.0005,exchangeInfo.quotePrecision/baseSizePrecision/quoteAmountPrecision,1,False,0.9869747899159664,0.9726890756302521,0.8159663865546218,94.9201680672269
mexc,HYPEUSDT,HYPE-USDT,HYPE,USDT,True,1,True,35.66,4951006.15,138735.36,35.65,3.24,35.66,1.69,2.8046557285087674,60.26539999999999,0.01,0.0,0.0,1.0,0.0,0.0005,exchangeInfo.quotePrecision/baseSizePrecision/quoteAmountPrecision,1,False,0.992436974789916,0.9647058823529412,0.7978991596638656,94.65966386554624
mexc,PUMPUSDT,PUMP-USDT,PUMP,USDT,True,1,True,0.001647,802925.164723,484837157.63,0.001647,554568.0,0.001648,2599551.3,6.069802731410719,913.373496,1e-06,0.0,0.0,1.0,0.0,0.0005,exchangeInfo.quotePrecision/baseSizePrecision/quoteAmountPrecision,1,False,0.9521008403361344,0.9092436974789916,0.9781512605042016,94.65966386554621
mexc,ASTERUSDT,ASTER-USDT,ASTER,USDT,True,1,True,0.6523,1123792.8791,1702251.17,0.6526,4250.8,0.6531,34928.66,7.658727119553588,2774.07208,0.0001,0.0,0.0,1.0,0.0,0.0005,exchangeInfo.quotePrecision/baseSizePrecision/quoteAmountPrecision,1,False,0.9621848739495799,0.8756302521008403,0.9903361344537815,94.61764705882352
mexc,OPUSDT,OP-USDT,OP,USDT,True,1,True,0.1102,1571614.4861,14386632.44,0.1102,57352.28,0.1103,20211.49,9.0702947845795,2229.327347,0.0001,0.01,0.01,1.0,0.0,0.0005,exchangeInfo.quotePrecision/baseSizePrecision/quoteAmountPrecision,1,False,0.9722689075630252,0.8521008403361344,0.9873949579831933,94.52521008403363
mexc,DOTUSDT,DOT-USDT,DOT,USDT,True,1,True,1.236,1206574.84,966910.81,1.235,6336.98,1.236,2016.05,8.09388911371825,2491.8378,0.001,0.001,0.001,1.0,0.0,0.0005,exchangeInfo.quotePrecision/baseSizePrecision/quoteAmountPrecision,1,False,0.9638655462184874,0.8684873949579832,0.9890756302521009,94.50630252100841
mexc,BCHUSDT,BCH-USDT,BCH,USDT,True,1,True,443.1,996144.0,2250.01586,442.8,0.31017,442.9,0.23839,2.2581009371111187,105.58293099999999,0.1,0.001,0.001,1.0,0.0,0.0005,exchangeInfo.quotePrecision/baseSizePrecision/quoteAmountPrecision,1,False,0.9584033613445379,0.9718487394957983,0.8714285714285714,94.43697478991598
mexc,CRVUSDT,CRV-USDT,CRV,USDT,True,1,True,0.2095,598143.2792,2828241.632,0.2094,4663.2,0.2095,5053.68,4.774409166865074,976.47408,0.0001,0.01,0.01,1.0,0.0,0.0005,exchangeInfo.quotePrecision/baseSizePrecision/quoteAmountPrecision,1,False,0.9369747899159664,0.9298319327731093,0.9785714285714285,94.35084033613445
mexc,WXTUSDT,WXT-USDT,WXT,USDT,True,1,True,0.01869,6109565.859864,327670478.88,0.018685,2615.0,0.018689,85812.0,2.140525499010291,48.861275,1e-06,0.0,0.0,1.0,0.0,0.0005,exchangeInfo.quotePrecision/baseSizePrecision/quoteAmountPrecision,1,False,0.9941176470588236,0.9735294117647059,0.7647058823529411,94.30882352941178
mexc,AAVEUSDT,AAVE-USDT,AAVE,USDT,True,1,True,94.38,811656.2,8549.752,94.38,8.204,94.39,1.011,1.059490385125297,95.42828999999999,0.01,0.0001,0.0001,1.0,0.0,0.0005,exchangeInfo.quotePrecision/baseSizePrecision/quoteAmountPrecision,1,False,0.9529411764705882,0.988655462184874,0.8550420168067226,94.22899159663866
mexc,ONDOUSDT,ONDO-USDT,ONDO,USDT,True,1,True,0.26021,1024183.76528,3929574.96,0.26009,549.52,0.26022,2150.88,4.997021006708269,142.92465679999998,1e-05,0.0,0.0,1.0,0.0,0.0005,exchangeInfo.quotePrecision/baseSizePrecision/quoteAmountPrecision,1,False,0.9588235294117647,0.9247899159663866,0.8936974789915967,93.72899159663866
mexc,MINAUSDT,MINA-USDT,MINA,USDT,True,1,True,0.05665,376065.74508,6603598.82,0.05671,13235.81,0.05672,9536.3,1.763201974785528,540.8989359999999,1e-05,0.0001,0.0001,1.0,0.0,0.0005,exchangeInfo.quotePrecision/baseSizePrecision/quoteAmountPrecision,1,False,0.9079831932773109,0.9777310924369748,0.9642857142857143,93.66806722689076
mexc,BNTUSDT,BNT-USDT,BNT,USDT,True,1,True,0.2818,446552.3526,1577194.84,0.2822,1562.66,0.2823,2485.83,3.5429583702387597,440.98265200000003,0.0001,0.1,0.1,1.0,0.0,0.0005,exchangeInfo.quotePrecision/baseSizePrecision/quoteAmountPrecision,1,False,0.9197478991596638,0.9508403361344537,0.9550420168067227,93.45798319327731
mexc,DASHUSDT,DASH-USDT,DASH,USDT,True,1,True,29.86,912093.2,30246.522366,29.85,15.0088,29.86,3.06,3.3495226930155786,91.3716,0.01,0.001,0.001,1.0,0.0,0.0005,exchangeInfo.quotePrecision/baseSizePrecision/quoteAmountPrecision,1,False,0.9554621848739496,0.954201680672269,0.8491596638655462,93.38865546218489
mexc,TAOUSDC,TAO-USDC,TAO,USDC,True,1,True,307.32,1770106.69,5742.65,307.14,0.2,307.27,0.2,4.231701957975797,61.428,0.01,0.0,0.0,1.0,0.0,0.0,exchangeInfo.quotePrecision/baseSizePrecision/quoteAmountPrecision,1,False,0.9752100840336134,0.9394957983193277,0.8,93.12394957983193
mexc,KAITOUSDT,KAITO-USDT,KAITO,USDT,True,1,True,0.4143,664477.0215,1549238.49,0.414,366.4,0.4142,639.68,4.829751267810516,151.68959999999998,0.0001,0.0,0.0,1.0,0.0,0.0005,exchangeInfo.quotePrecision/baseSizePrecision/quoteAmountPrecision,1,False,0.9420168067226891,0.9285714285714286,0.8987394957983194,93.00000000000001
mexc,USDCEUR,USDC-EUR,USDC,EUR,True,1,True,0.8684,420845.52,485032.55,0.868,366.28,0.8682,233.72,2.303882041239235,202.915704,0.0001,0.0,0.0,1.0,0.0,0.0,exchangeInfo.quotePrecision/baseSizePrecision/quoteAmountPrecision,1,False,0.9142857142857143,0.9710084033613445,0.9138655462184874,92.83823529411765
mexc,PEPEUSDT,PEPE-USDT,PEPE,USDT,True,1,True,3.412e-06,8523744.546137651,2476038126366.0,3.41e-06,39036538.0,3.413e-06,23078499.0,8.793785724755166,78.76691708700001,1e-09,0.0,0.0,1.0,0.0,0.0005,exchangeInfo.quotePrecision/baseSizePrecision/quoteAmountPrecision,1,False,0.9957983193277311,0.8588235294117648,0.8285714285714286,92.81092436974791
mexc,TAOUSDT,TAO-USDT,TAO,USDT,True,1,True,307.28,8798286.9,28526.449,307.16,6.096,307.26,0.099,3.255102372968519,30.41874,0.01,0.01,0.01,1.0,0.0,0.0005,exchangeInfo.quotePrecision/baseSizePrecision/quoteAmountPrecision,1,False,0.996218487394958,0.9584033613445379,0.7008403361344537,92.76890756302522
mexc,NEOUSDT,NEO-USDT,NEO,USDT,True,1,True,2.821,607168.326,215834.191,2.82,37.28,2.821,85.416,3.5454706612314624,105.1296,0.001,0.1,0.1,1.0,0.0,0.0005,exchangeInfo.quotePrecision/baseSizePrecision/quoteAmountPrecision,1,False,0.9378151260504202,0.9504201680672268,0.8705882352941177,92.75210084033614
mexc,ZKUSDT,ZK-USDT,ZK,USDT,True,1,True,0.01554,455877.00149,28147715.78,0.01554,37889.6,0.01555,156019.76,6.432936635573877,588.804384,1e-05,0.0,0.0,1.0,0.0,0.0005,exchangeInfo.quotePrecision/baseSizePrecision/quoteAmountPrecision,1,False,0.9214285714285714,0.9008403361344538,0.9672268907563025,92.54411764705883
mexc,WBTCUSDT,WBTC-USDT,WBTC,USDT,True,1,True,66782.81,620241.56,9.29396619,66766.09,0.00610451,66806.33,0.00232743,6.0251959199369525,155.4870566319,0.01,1e-05,1e-05,1.0,0.0,0.0005,exchangeInfo.quotePrecision/baseSizePrecision/quoteAmountPrecision,1,False,0.9390756302521008,0.9096638655462185,0.9008403361344538,92.4075630252101
mexc,LUNCUSDT,LUNC-USDT,LUNC,USDT,True,1,True,3.659e-05,711080.66684924,19343001813.04,3.656e-05,24011714.62,3.659e-05,7993163.69,8.202323991797135,292.4698594171,1e-08,0.001,0.001,1.0,0.0,0.0005,exchangeInfo.quotePrecision/baseSizePrecision/quoteAmountPrecision,1,False,0.9449579831932773,0.8663865546218488,0.9378151260504202,92.38865546218487
mexc,HUMAUSDT,HUMA-USDT,HUMA,USDT,True,1,True,0.01468,1347156.59272,96489527.65,0.01467,113417.6,0.01469,40993.6,13.623978201634321,602.195984,1e-05,0.0,0.0,1.0,0.0,0.0005,exchangeInfo.quotePrecision/baseSizePrecision/quoteAmountPrecision,1,False,0.9668067226890756,0.792016806722689,0.9689075630252101,92.3529411764706
mexc,QNTUSDT,QNT-USDT,QNT,USDT,True,1,True,76.09,816078.73,10765.69,76.07,4.61,76.13,2.31,7.884362680683611,175.8603,0.01,0.01,0.01,1.0,0.0,0.0005,exchangeInfo.quotePrecision/baseSizePrecision/quoteAmountPrecision,1,False,0.9533613445378152,0.8722689075630252,0.9050420168067227,92.34243697478992
mexc,VETUSDT,VET-USDT,VET,USDT,True,1,True,0.007018,434971.017702,62541663.24,0.007017,42018.32,0.007018,14853.28,1.4250089063058535,104.24031904,1e-06,10.0,10.0,1.0,0.0,0.0005,exchangeInfo.quotePrecision/baseSizePrecision/quoteAmountPrecision,1,False,0.9163865546218487,0.9819327731092437,0.869327731092437,92.33613445378151
mexc,SIGNUSDT,SIGN-USDT,SIGN,USDT,True,1,True,0.03603,1776077.48385,50467794.08,0.03602,2520.0,0.03605,35953.84,8.325239350630028,90.77040000000001,1e-05,0.0,0.0,1.0,0.0,0.0005,exchangeInfo.quotePrecision/baseSizePrecision/quoteAmountPrecision,1,False,0.9756302521008403,0.8642857142857143,0.8483193277310924,92.23319327731093
mexc,BDXUSDT,BDX-USDT,BDX,USDT,True,1,True,0.08032,1108166.5292,13830445.68,0.0803,1040.06,0.08035,3926.0,6.22471210706609,83.51681799999999,1e-05,0.0001,0.0001,1.0,0.0,0.0005,exchangeInfo.quotePrecision/baseSizePrecision/quoteAmountPrecision,1,False,0.9613445378151261,0.9046218487394958,0.8369747899159664,92.22899159663865
mexc,CAKEUSDT,CAKE-USDT,CAKE,USDT,True,1,True,1.343,439619.835,328814.22,1.342,1568.64,1.343,948.74,7.448789571693778,1274.15782,0.001,0.001,0.001,1.0,0.0,0.0005,exchangeInfo.quotePrecision/baseSizePrecision/quoteAmountPrecision,1,False,0.9176470588235294,0.8798319327731092,0.9819327731092437,92.10504201680672
mexc,KATUSDT,KAT-USDT,KAT,USDT,True,1,True,0.008809,792404.530186,87823854.51,0.008809,88719.74,0.008817,23185.9,9.07749914898369,204.43008030000001,1e-06,0.0,0.0,1.0,0.0,0.0005,exchangeInfo.quotePrecision/baseSizePrecision/quoteAmountPrecision,1,False,0.9508403361344537,0.8516806722689075,0.9147058823529411,91.88235294117648
mexc,TUSDUSDT,TUSD-USDT,TUSD,USDT,True,1,True,0.9995,220250.3894,220308.86,0.9995,2060.0,0.9996,4295.2,1.0004502025910558,2058.9700000000003,0.0001,0.0001,0.0001,1.0,0.0,0.0005,exchangeInfo.quotePrecision/baseSizePrecision/quoteAmountPrecision,1,False,0.8546218487394958,0.9915966386554622,0.9865546218487395,91.52521008403363
mexc,ZENUSDT,ZEN-USDT,ZEN,USDT,True,1,True,5.153,493684.338,95991.2,5.154,84.24,5.156,17.46,3.8797284190102426,90.02376,0.001,0.001,0.001,1.0,0.0,0.0005,exchangeInfo.quotePrecision/baseSizePrecision/quoteAmountPrecision,1,False,0.9252100840336135,0.9436974789915966,0.8470588235294118,91.42016806722691
mexc,APEUSDT,APE-USDT,APE,USDT,True,1,True,0.0889,637440.2198,7171600.49,0.0888,55771.79,0.0889,5887.14,11.254924029263124,523.366746,0.0001,0.01,0.01,1.0,0.0,0.0005,exchangeInfo.quotePrecision/baseSizePrecision/quoteAmountPrecision,1,False,0.9399159663865546,0.819327731092437,0.961764705882353,91.41386554621849
mexc,BNBUSDT,BNB-USDT,BNB,USDT,True,1,True,587.2,9483026.63,16180.5237,587.15,0.6696,587.16,0.0246,0.17031277941924883,14.444135999999999,0.01,0.001,0.001,1.0,0.0,0.0005,exchangeInfo.quotePrecision/baseSizePrecision/quoteAmountPrecision,1,False,0.9966386554621849,0.9978991596638656,0.5819327731092437,91.40126050420169
mexc,YBUSDT,YB-USDT,YB,USDT,True,1,True,0.1283,838597.3833,6203774.07,0.1283,11593.29,0.1285,8987.06,15.576323987539386,1154.83721,0.0001,0.0,0.0,1.0,0.0,0.0005,exchangeInfo.quotePrecision/baseSizePrecision/quoteAmountPrecision,1,False,0.9537815126050421,0.7714285714285715,0.980672268907563,91.35714285714286
mexc,SAHARAUSDT,SAHARA-USDT,SAHARA,USDT,True,1,True,0.02085,352896.97751,16908366.76,0.02082,19798.0,0.02083,10745.6,4.801920768307126,223.83084800000003,1e-05,0.0,0.0,1.0,0.0,0.0005,exchangeInfo.quotePrecision/baseSizePrecision/quoteAmountPrecision,1,False,0.9029411764705882,0.9289915966386555,0.9184873949579831,91.25630252100841
mexc,FRAXUSDT,FRAX-USDT,FRAX,USDT,True,1,True,0.4111,1868447.6346,4528761.07,0.4107,58.4,0.4108,833.68,2.434570906877395,23.98488,0.0001,0.0,0.0,1.0,0.0,0.0005,exchangeInfo.quotePrecision/baseSizePrecision/quoteAmountPrecision,1,False,0.9777310924369748,0.969327731092437,0.661344537815126,91.23529411764707
mexc,NEARUSDT,NEAR-USDT,NEAR,USDT,True,1,True,1.2066,4140295.1312,3436873.27,1.2062,20.45,1.2065,15.62,2.486840469183628,18.845529999999997,0.0001,0.0001,0.0001,1.0,0.0,0.0005,exchangeInfo.quotePrecision/baseSizePrecision/quoteAmountPrecision,1,False,0.9911764705882353,0.9684873949579832,0.6222689075630252,91.17226890756302
mexc,ETCUSDT,ETC-USDT,ETC,USDT,True,1,True,8.09,529790.74,66022.312,8.08,490.424,8.09,491.16,12.36858379715496,3962.62592,0.01,0.1,0.1,1.0,0.0,0.0005,exchangeInfo.quotePrecision/baseSizePrecision/quoteAmountPrecision,1,False,0.9302521008403362,0.8042016806722689,0.9941176470588236,91.15126050420169
mexc,XLMUSDT,XLM-USDT,XLM,USDT,True,1,True,0.1629,1205041.9676,7341830.84,0.163,304.63,0.1631,32897.38,6.1330880098122655,49.65469,0.0001,0.1,0.1,1.0,0.0,0.0005,exchangeInfo.quotePrecision/baseSizePrecision/quoteAmountPrecision,1,False,0.9634453781512605,0.907563025210084,0.7689075630252101,91.05672268907563
mexc,WLFIUSDT,WLFI-USDT,WLFI,USDT,True,1,True,0.09806,1810764.79494,18310216.25,0.09813,4076.75,0.09819,364.69,6.112469437653269,35.8089111,1e-05,0.0,0.0,1.0,0.0,0.0005,exchangeInfo.quotePrecision/baseSizePrecision/quoteAmountPrecision,1,False,0.9764705882352941,0.9079831932773109,0.7256302521008403,90.91806722689076
mexc,SEIUSDT,SEI-USDT,SEI,USDT,True,1,True,0.05442,2138925.7753,39673830.78,0.05435,561.67,0.05438,560.5,5.518256231030131,30.479989999999997,1e-05,0.0,0.0,1.0,0.0,0.0005,exchangeInfo.quotePrecision/baseSizePrecision/quoteAmountPrecision,1,False,0.980672268907563,0.9172268907563025,0.7016806722689075,90.90126050420169
mexc,BLURUSDT,BLUR-USDT,BLUR,USDT,True,1,True,0.01985,568183.78998,28187706.26,0.01984,11914.56,0.01986,30196.24,10.075566750629314,236.38487039999998,1e-05,0.0,0.0,1.0,0.0,0.0005,exchangeInfo.quotePrecision/baseSizePrecision/quoteAmountPrecision,1,False,0.9336134453781513,0.8352941176470589,0.9222689075630253,90.6764705882353
mexc,XRPUSDT,XRP-USDT,XRP,USDT,True,1,True,1.3177,25604625.3234,19423276.72,1.3174,8.28,1.3175,4371.21,0.759042088883745,10.908071999999999,0.0001,0.1,0.1,1.0,0.0,0.0,exchangeInfo.quotePrecision/baseSizePrecision/quoteAmountPrecision,1,False,0.9987394957983193,0.9957983193277311,0.5407563025210084,90.64075630252101
mexc,MANTAUSDT,MANTA-USDT,MANTA,USDT,True,1,True,0.06367,300668.53101,4747756.17,0.0636,6289.44,0.06364,5967.35,6.287331027978365,379.762154,1e-05,0.0,0.0,1.0,0.0,0.0005,exchangeInfo.quotePrecision/baseSizePrecision/quoteAmountPrecision,1,False,0.8907563025210085,0.9025210084033614,0.9491596638655462,90.53781512605043
mexc,MNTUSDT,MNT-USDT,MNT,USDT,True,1,True,0.6739,957125.2768,1416317.05,0.6739,387.87,0.6741,40.32,2.967359050444777,27.179712000000002,0.0001,0.0,0.0,1.0,0.0,0.0005,exchangeInfo.quotePrecision/baseSizePrecision/quoteAmountPrecision,1,False,0.9575630252100841,0.9630252100840336,0.6827731092436975,90.39705882352942
mexc,ETHFIUSDT,ETHFI-USDT,ETHFI,USDT,True,1,True,0.4396,1661167.6318,3754666.63,0.4392,114.33,0.4396,1244.49,9.103322712790428,50.213736,0.0001,0.0,0.0,1.0,0.0,0.0005,exchangeInfo.quotePrecision/baseSizePrecision/quoteAmountPrecision,1,False,0.973109243697479,0.8504201680672269,0.773109243697479,90.2436974789916
mexc,ORDIUSDT,ORDI-USDT,ORDI,USDT,True,1,True,2.475,399215.271,166001.44,2.475,99.77,2.477,63.64,8.077544426493455,157.63628,0.001,0.0,0.0,1.0,0.0,0.0005,exchangeInfo.quotePrecision/baseSizePrecision/quoteAmountPrecision,1,False,0.9100840336134454,0.8689075630252101,0.9016806722689076,89.81092436974791
mexc,APTUSDT,APT-USDT,APT,USDT,True,1,True,0.8473,972435.4684,1132792.01,0.8471,39.08,0.8473,24.79,2.3607176581691336,21.004567,0.0001,0.0001,0.0001,1.0,0.0,0.0005,exchangeInfo.quotePrecision/baseSizePrecision/quoteAmountPrecision,1,False,0.957983193277311,0.9705882352941176,0.6415966386554622,89.78571428571429
mexc,FIDAUSDT,FIDA-USDT,FIDA,USDT,True,1,True,0.01839,3737121.42525,192379549.59,0.01837,6855.04,0.01841,12204.54,21.750951604131796,125.9270848,1e-05,0.01,0.01,1.0,0.0,0.0005,exchangeInfo.quotePrecision/baseSizePrecision/quoteAmountPrecision,1,False,0.9890756302521009,0.7025210084033613,0.884453781512605,89.65126050420169
mexc,CFGUSDT,CFG-USDT,CFG,USDT,True,1,True,0.168,738950.0055,4459788.81,0.168,602.56,0.1682,1036.44,11.89767995240797,101.23008,0.0001,0.0,0.0,1.0,0.0,0.0005,exchangeInfo.quotePrecision/baseSizePrecision/quoteAmountPrecision,1,False,0.9466386554621848,0.8096638655462185,0.8659663865546219,89.62605042016807
mexc,MXUSDC,MX-USDC,MX,USDC,True,1,True,1.781,333524.898,186977.19,1.78,969.3,1.782,5889.01,11.229646266142627,1725.354,0.001,1e-05,1e-05,1.0,0.0,0.0,exchangeInfo.quotePrecision/baseSizePrecision/quoteAmountPrecision,1,False,0.8978991596638656,0.8197478991596638,0.9852941176470589,89.58403361344538
mexc,GRTUSDT,GRT-USDT,GRT,USDT,True,1,True,0.02391,262849.72745,10911014.83,0.0239,43163.2,0.02391,5431.2,4.18322526668044,129.859992,1e-05,0.001,0.001,1.0,0.0,0.0005,exchangeInfo.quotePrecision/baseSizePrecision/quoteAmountPrecision,1,False,0.8764705882352941,0.9403361344537815,0.8878151260504201,89.47058823529413
mexc,METUSDT,MET-USDT,MET,USDT,True,1,True,0.128,599054.1941,4554419.61,0.128,1447.84,0.1281,488.96,7.8094494338140565,62.63577599999999,0.0001,0.0,0.0,1.0,0.0,0.0005,exchangeInfo.quotePrecision/baseSizePrecision/quoteAmountPrecision,1,False,0.9373949579831933,0.8743697478991597,0.8021008403361345,89.45798319327731
mexc,AUSDT,A-USDT,A,USDT,True,1,True,0.07968,412009.31522,5166960.23,0.0796,5519.76,0.0797,19376.8,12.554927809163715,439.372896,1e-05,0.0,0.0,1.0,0.0,0.0005,exchangeInfo.quotePrecision/baseSizePrecision/quoteAmountPrecision,1,False,0.9117647058823529,0.8025210084033614,0.9546218487394958,89.30252100840336
mexc,TRIAUSDT,TRIA-USDT,TRIA,USDT,True,1,True,0.02722,412980.38626,16254730.83,0.02722,25641.03,0.02726,25641.03,14.684287812040516,697.9488366,1e-05,0.0,0.0,1.0,0.0,0.0005,exchangeInfo.quotePrecision/baseSizePrecision/quoteAmountPrecision,1,False,0.9126050420168067,0.784453781512605,0.973109243697479,89.26680672268908
mexc,STOUSDT,STO-USDT,STO,USDT,True,1,True,0.11635,16898183.02233,117840527.46,0.11592,571.56,0.11615,929.34,19.821605550050243,66.25523519999999,1e-05,0.0,0.0,1.0,0.0,0.0005,exchangeInfo.quotePrecision/baseSizePrecision/quoteAmountPrecision,1,False,0.9974789915966387,0.727310924369748,0.807563025210084,89.19537815126051
mexc,PENDLEUSDT,PENDLE-USDT,PENDLE,USDT,True,1,True,1.06,267425.947,247053.91,1.059,1979.04,1.06,1454.8,9.438414346390864,1542.088,0.001,0.0001,0.0001,1.0,0.0,0.0005,exchangeInfo.quotePrecision/baseSizePrecision/quoteAmountPrecision,1,False,0.8789915966386554,0.8453781512605042,0.9840336134453781,89.15966386554622
mexc,BEAMXUSDT,BEAMX-USDT,BEAMX,USDT,True,1,True,0.001751,272368.802999,155245612.97,0.00175,78692.8,0.001751,140656.8,5.712653527563073,137.7124,1e-06,0.0,0.0,1.0,0.0,0.0005,exchangeInfo.quotePrecision/baseSizePrecision/quoteAmountPrecision,1,False,0.880672268907563,0.9159663865546218,0.8903361344537815,89.14285714285714
mexc,SHIBUSDT,SHIB-USDT,SHIB,USDT,True,1,True,5.991e-06,1685010.529196598,281291928722.0,5.986e-06,108295858.0,5.991e-06,5000000.0,8.349336227769811,29.955,1e-09,10000.0,10000.0,1.0,0.0,0.0005,exchangeInfo.quotePrecision/baseSizePrecision/quoteAmountPrecision,1,False,0.9739495798319328,0.8638655462184874,0.6978991596638655,89.1218487394958
mexc,GUNUSDT,GUN-USDT,GUN,USDT,True,1,True,0.01534,278346.61058,17923007.46,0.01532,11160.8,0.01533,9669.6,6.525285481239539,148.234968,1e-05,0.0,0.0,1.0,0.0,0.0005,exchangeInfo.quotePrecision/baseSizePrecision/quoteAmountPrecision,1,False,0.8848739495798319,0.8983193277310925,0.896218487394958,89.05042016806723
mexc,BONKUSDT,BONK-USDT,BONK,USDT,True,1,True,5.709e-06,544760.504385835,94653667577.0,5.71e-06,4223733.0,5.711e-06,4839957.0,1.7511601435945214,24.11751543,1e-09,0.0,0.0,1.0,0.0,0.0005,exchangeInfo.quotePrecision/baseSizePrecision/quoteAmountPrecision,1,False,0.9315126050420168,0.9781512605042016,0.6626050420168067,88.9390756302521
mexc,SENTUSDT,SENT-USDT,SENT,USDT,True,1,True,0.01621,276996.68747,16659477.56,0.01621,54196.0,0.01622,7329.6,6.167129201356517,118.886112,1e-05,0.0,0.0,1.0,0.0,0.0005,exchangeInfo.quotePrecision/baseSizePrecision/quoteAmountPrecision,1,False,0.8836134453781512,0.9063025210084034,0.880672268907563,88.86974789915966
mexc,BRLUSDT,BRL-USDT,BRL,USDT,True,1,True,0.1932,184877.9423,957500.49,0.1932,267699.37,0.1933,33662.07,5.17464424320771,6506.8781309999995,0.0001,0.0,0.0,1.0,0.0,0.0005,exchangeInfo.quotePrecision/baseSizePrecision/quoteAmountPrecision,1,False,0.8327731092436975,0.9226890756302522,0.9949579831932773,88.76890756302522
mexc,FFUSDT,FF-USDT,FF,USDT,True,1,True,0.06919,207065.87401,2977070.95,0.06918,2191.36,0.06919,1603.2,1.4454000144534398,110.925408,1e-05,0.0,0.0,1.0,0.0,0.0005,exchangeInfo.quotePrecision/baseSizePrecision/quoteAmountPrecision,1,False,0.8491596638655462,0.9815126050420168,0.8739495798319328,88.72058823529413
mexc,FILUSDT,FIL-USDT,FIL,USDT,True,1,True,0.8383,1660772.4773,1986089.934,0.838,22.208,0.8385,23.657,5.9648076349544406,18.610304,0.0001,0.0001,0.0001,1.0,0.0,0.0005,exchangeInfo.quotePrecision/baseSizePrecision/quoteAmountPrecision,1,False,0.9726890756302521,0.911344537815126,0.6210084033613446,88.7016806722689
mexc,STGUSDT,STG-USDT,STG,USDT,True,1,True,0.2488,298876.0505,1137914.55,0.2487,264.64,0.2488,812.38,4.02010050251212,65.815968,0.0001,0.1,0.1,1.0,0.0,0.0005,exchangeInfo.quotePrecision/baseSizePrecision/quoteAmountPrecision,1,False,0.8903361344537815,0.9420168067226891,0.8071428571428572,88.66176470588236
mexc,CFXUSDT,CFX-USDT,CFX,USDT,True,1,True,0.05207,226608.68264,4336663.77,0.05203,3319.2,0.05204,1728.0,1.921783415009717,89.92512,1e-05,0.0001,0.0001,1.0,0.0,0.0005,exchangeInfo.quotePrecision/baseSizePrecision/quoteAmountPrecision,1,False,0.8592436974789915,0.9756302521008403,0.8457983193277311,88.56512605042018
mexc,STEEMUSDT,STEEM-USDT,STEEM,USDT,True,1,True,0.05931,380768.77515,6480174.71,0.0593,1606.96,0.05933,850.72,5.057742560904028,50.473217600000005,1e-05,5.0,5.0,1.0,0.0,0.0005,exchangeInfo.quotePrecision/baseSizePrecision/quoteAmountPrecision,1,False,0.9084033613445378,0.923109243697479,0.7739495798319328,88.51890756302522
mexc,JSTUSDT,JST-USDT,JST,USDT,True,1,True,0.06139,559368.18449,8874316.54,0.06138,1422.0,0.0614,395.52,3.2578595862528306,24.284928,1e-05,1.0,1.0,1.0,0.0,0.0005,exchangeInfo.quotePrecision/baseSizePrecision/quoteAmountPrecision,1,False,0.9319327731092437,0.957983193277311,0.6647058823529411,88.50000000000001
mexc,MUSDT,M-USDT,M,USDT,True,1,True,2.69839,916604.0924,347195.44,2.7058,13.57,2.70826,13.59,9.087450083671511,36.717706,1e-05,0.0,0.0,1.0,0.0,0.0005,exchangeInfo.quotePrecision/baseSizePrecision/quoteAmountPrecision,1,False,0.9558823529411765,0.8512605042016806,0.7289915966386554,88.43487394957984
mexc,HUSDT,H-USDT,H,USDT,True,1,True,0.07931,923960.8526,10968444.36,0.07927,1171.2,0.07941,1223.5,17.645576002016796,92.84102399999999,1e-05,0.0,0.0,1.0,0.0,0.0005,exchangeInfo.quotePrecision/baseSizePrecision/quoteAmountPrecision,1,False,0.9567226890756303,0.7487394957983193,0.8521008403361344,88.38025210084035
mexc,ARBUSDT,ARB-USDT,ARB,USDT,True,1,True,0.09222,1300672.26825,13961483.08,0.09219,190.87,0.09224,253.8,5.422111370168452,17.5963053,1e-05,0.0,0.0,1.0,0.0,0.0005,exchangeInfo.quotePrecision/baseSizePrecision/quoteAmountPrecision,1,False,0.965546218487395,0.91890756302521,0.6138655462184874,88.35504201680673
mexc,ENJUSDT,ENJ-USDT,ENJ,USDT,True,1,True,0.01994,268619.32922,13179417.31,0.01993,7274.4,0.01994,4500.0,5.016302984700071,89.73,1e-05,5.0,5.0,1.0,0.0,0.0005,exchangeInfo.quotePrecision/baseSizePrecision/quoteAmountPrecision,1,False,0.8794117647058823,0.9235294117647059,0.8445378151260504,88.3466386554622
mexc,IMXUSDT,IMX-USDT,IMX,USDT,True,1,True,0.1332,307844.2405,2314940.5,0.1331,769.57,0.1332,1185.04,7.510326699212674,102.429767,0.0001,0.0001,0.0001,1.0,0.0,0.0005,exchangeInfo.quotePrecision/baseSizePrecision/quoteAmountPrecision,1,False,0.8915966386554622,0.8785714285714286,0.8672268907563025,88.34663865546219
mexc,ZROUSDT,ZRO-USDT,ZRO,USDT,True,1,True,1.876,535303.538,280953.32,1.875,401.92,1.876,17.01,5.331911490268674,31.91076,0.001,0.0,0.0,1.0,0.0,0.0005,exchangeInfo.quotePrecision/baseSizePrecision/quoteAmountPrecision,1,False,0.930672268907563,0.9197478991596638,0.7075630252100841,88.33193277310924
mexc,NOMUSDT,NOM-USDT,NOM,USDT,True,1,True,0.005964,757707.215536,113778760.88,0.005967,34284.9,0.005971,4808.0,6.701289998324114,28.708568,1e-06,0.0,0.0,1.0,0.0,0.0005,exchangeInfo.quotePrecision/baseSizePrecision/quoteAmountPrecision,1,False,0.9478991596638655,0.8936974789915967,0.692436974789916,88.32563025210084
mexc,POLUSDT,POL-USDT,POL,USDT,True,1,True,0.0923,747522.81026,8075492.43,0.09229,162.87,0.09231,457.96,2.166847237270436,15.0312723,1e-05,0.0,0.0,1.0,0.0,0.0005,exchangeInfo.quotePrecision/baseSizePrecision/quoteAmountPrecision,1,False,0.9474789915966386,0.973109243697479,0.5899159663865546,88.2373949579832
mexc,BTCUSDC,BTC-USDC,BTC,USDC,True,1,True,66887.28,12862852.42,192.535856,66877.43,0.015174,66890.75,0.0001,1.9915050051524938,6.689075,0.01,1e-06,1e-06,1.0,0.0,0.0,exchangeInfo.quotePrecision/baseSizePrecision/quoteAmountPrecision,1,False,0.9970588235294118,0.9747899159663865,0.4504201680672269,88.21638655462186
mexc,BARDUSDT,BARD-USDT,BARD,USDT,True,1,True,0.2975,256587.7628,848622.46,0.2976,240.0,0.2977,576.88,3.359650596339476,71.42399999999999,0.0001,0.0,0.0,1.0,0.0,0.0005,exchangeInfo.quotePrecision/baseSizePrecision/quoteAmountPrecision,1,False,0.8735294117647059,0.9533613445378151,0.815546218487395,88.1890756302521
mexc,SFPUSDT,SFP-USDT,SFP,USDT,True,1,True,0.2923,758349.6335,2693870.13,0.2923,158.35,0.2926,656.8,10.258163788682594,46.285705,0.0001,0.001,0.001,1.0,0.0,0.0005,exchangeInfo.quotePrecision/baseSizePrecision/quoteAmountPrecision,1,False,0.9483193277310924,0.8331932773109244,0.757563025210084,88.13865546218487
mexc,ONGUSDT,ONG-USDT,ONG,USDT,True,1,True,0.09554,5084308.04594,53510232.35,0.0955,164.8,0.09558,255.2,8.373456144023105,15.738400000000002,1e-05,0.001,0.001,1.0,0.0,0.0005,exchangeInfo.quotePrecision/baseSizePrecision/quoteAmountPrecision,1,False,0.9928571428571429,0.8630252100840337,0.5970588235294118,88.12394957983194
mexc,XRPUSDC,XRP-USDC,XRP,USDC,True,1,True,1.3175,338623.5027,256943.41,1.3168,75.0,1.3176,42.06,6.0734892195576515,55.41825600000001,0.0001,0.0001,0.0001,1.0,0.0,0.0,exchangeInfo.quotePrecision/baseSizePrecision/quoteAmountPrecision,1,False,0.8983193277310925,0.9088235294117647,0.7878151260504201,87.8844537815126
mexc,HEIUSDT,HEI-USDT,HEI,USDT,True,1,True,0.0794,712532.08688,8491742.58,0.07929,6806.24,0.07942,1062.0,16.38208052422722,84.34404,1e-05,0.0,0.0,1.0,0.0,0.0005,exchangeInfo.quotePrecision/baseSizePrecision/quoteAmountPrecision,1,False,0.9453781512605042,0.7621848739495798,0.8378151260504202,87.80672268907563
mexc,UNIUSDC,UNI-USDC,UNI,USDC,True,1,True,3.16,739496.836,231384.26,3.159,22.75,3.161,6.78,6.329113924051341,21.43158,0.001,0.001,0.001,1.0,0.0,0.0,exchangeInfo.quotePrecision/baseSizePrecision/quoteAmountPrecision,1,False,0.9470588235294117,0.9016806722689076,0.646218487394958,87.5546218487395
mexc,LAUSDT,LA-USDT,LA,USDT,True,1,True,0.17646,249376.72234,1368273.36,0.17627,687.68,0.1764,1155.44,7.37233107437498,121.2173536,1e-05,0.0,0.0,1.0,0.0,0.0005,exchangeInfo.quotePrecision/baseSizePrecision/quoteAmountPrecision,1,False,0.8697478991596639,0.880672268907563,0.8831932773109243,87.51680672268907
mexc,SPYONUSDT,SPYON-USDT,SPYON,USDT,True,1,True,657.19,175331.38,266.214,656.83,2.288,657.26,2.288,6.544452815255423,1502.82704,0.01,0.0,0.0,1.0,0.0,0.0005,exchangeInfo.quotePrecision/baseSizePrecision/quoteAmountPrecision,1,False,0.8247899159663865,0.8974789915966387,0.9836134453781512,87.47268907563026
mexc,COCAUSDT,COCA-USDT,COCA,USDT,True,1,True,1.24568,254483.2575,207180.99,1.24522,91.29,1.24568,44.03,3.69344413665667,54.8472904,1e-05,0.0,0.0,1.0,0.0,0.0005,exchangeInfo.quotePrecision/baseSizePrecision/quoteAmountPrecision,1,False,0.8726890756302521,0.9483193277310924,0.7848739495798319,87.40336134453781
mexc,LTCUSDC,LTC-USDC,LTC,USDC,True,1,True,53.26,646869.94,12221.57,53.19,2.4,53.3,10.31,20.659216827871056,127.65599999999999,0.01,0.0001,0.0001,1.0,0.0,0.0,exchangeInfo.quotePrecision/baseSizePrecision/quoteAmountPrecision,1,False,0.9411764705882353,0.7147058823529412,0.8865546218487395,87.36344537815127
mexc,PIPPINUSDT,PIPPIN-USDT,PIPPIN,USDT,True,1,True,0.028155,4903655.443353,113919289.18,0.028122,1851.31,0.028186,2610.84,22.732116217943485,52.06253982,1e-06,0.0,0.0,1.0,0.0,0.0005,exchangeInfo.quotePrecision/baseSizePrecision/quoteAmountPrecision,1,False,0.9920168067226891,0.6878151260504202,0.7777310924369748,87.31092436974792
mexc,ENAUSDT,ENA-USDT,ENA,USDT,True,1,True,0.07916,2510021.73522,30845809.12,0.07913,188.5,0.0792,167615.63,8.84229141666148,14.916005000000002,1e-05,0.0,0.0,1.0,0.0,0.0005,exchangeInfo.quotePrecision/baseSizePrecision/quoteAmountPrecision,1,False,0.9836134453781512,0.8571428571428572,0.5873949579831933,87.27521008403362
mexc,CKBUSDT,CKB-USDT,CKB,USDT,True,1,True,0.001465,230437.891034,158512733.66,0.001465,76432.0,0.001466,97840.0,6.823609689526665,111.97287999999999,1e-06,0.001,0.001,1.0,0.0,0.0005,exchangeInfo.quotePrecision/baseSizePrecision/quoteAmountPrecision,1,False,0.8626050420168068,0.892016806722689,0.8743697478991597,87.2310924369748
mexc,XMNUSDT,XMN-USDT,XMN,USDT,True,1,True,0.00494,619325.12105,117925613.58,0.00494,41453.69,0.00495,22988.21,20.22244691607778,113.7916395,1e-05,0.0,0.0,1.0,0.0,0.0005,exchangeInfo.quotePrecision/baseSizePrecision/quoteAmountPrecision,1,False,0.938655462184874,0.7214285714285714,0.8777310924369748,87.21638655462185
mexc,KITEUSDT,KITE-USDT,KITE,USDT,True,1,True,0.14029,331746.81688,2442815.46,0.14018,15437.68,0.14033,696.0,10.694805889273908,97.66968000000001,1e-05,0.0,0.0,1.0,0.0,0.0005,exchangeInfo.quotePrecision/baseSizePrecision/quoteAmountPrecision,1,False,0.8966386554621849,0.8264705882352941,0.8596638655462185,87.1701680672269
mexc,USDFUSDT,USDF-USDT,USDF,USDT,True,1,True,0.9984,128131.4106,128332.17,0.9983,1087.25,0.9984,4246.72,1.001652726999439,1085.401675,0.0001,0.0,0.0,1.0,0.0,0.0005,exchangeInfo.quotePrecision/baseSizePrecision/quoteAmountPrecision,1,False,0.7781512605042017,0.9903361344537815,0.9802521008403361,87.16176470588238
mexc,OGNUSDT,OGN-USDT,OGN,USDT,True,1,True,0.0211,933948.08387,42095615.59,0.02108,3960.0,0.0211,1160.8,9.483167377903833,24.49288,1e-05,0.01,0.01,1.0,0.0,0.0005,exchangeInfo.quotePrecision/baseSizePrecision/quoteAmountPrecision,1,False,0.9571428571428572,0.8445378151260504,0.6663865546218487,87.08403361344538
mexc,MXUSDT,MX-USDT,MX,USDT,True,1,True,1.7826,3742106.7553,2098090.89,1.7826,2.85,1.7827,117.97,0.560962611841859,5.08041,0.0001,0.01,0.01,1.0,0.0,0.0005,exchangeInfo.quotePrecision/baseSizePrecision/quoteAmountPrecision,1,False,0.9894957983193278,0.9966386554621849,0.38571428571428573,87.05252100840337
mexc,SEDAUSDT,SEDA-USDT,SEDA,USDT,True,1,True,0.02167,410992.42731,19124141.36,0.02167,1204.37,0.02168,2109.31,4.613610149943742,26.098697899999994,1e-05,0.0,0.0,1.0,0.0,0.0005,exchangeInfo.quotePrecision/baseSizePrecision/quoteAmountPrecision,1,False,0.911344537815126,0.934453781512605,0.676890756302521,87.02310924369748
mexc,SHIBUSDC,SHIB-USDC,SHIB,USDC,True,1,True,5.987e-06,508061.383179669,84811796314.0,5.985e-06,2825777.0,5.987e-06,26480063.0,3.341129301702812,16.912275345,1e-09,1e-06,1e-06,1.0,0.0,0.0,exchangeInfo.quotePrecision/baseSizePrecision/quoteAmountPrecision,1,False,0.9264705882352942,0.9550420168067227,0.6071428571428571,86.9747899159664
mexc,WUSDT,W-USDT,W,USDT,True,1,True,0.01322,522252.87791,38362288.83,0.01321,45378.18,0.01324,20700.82,22.68431001890398,274.0788568,1e-05,0.0,0.0,1.0,0.0,0.0005,exchangeInfo.quotePrecision/baseSizePrecision/quoteAmountPrecision,1,False,0.9294117647058824,0.6890756302521008,0.9310924369747899,86.96638655462185
mexc,MONUSDT,MON-USDT,MON,USDT,True,1,True,0.02714,399579.42612,15161389.38,0.02714,1480.19,0.02716,3169.46,7.366482504603751,40.1723566,1e-05,0.0,0.0,1.0,0.0,0.0005,exchangeInfo.quotePrecision/baseSizePrecision/quoteAmountPrecision,1,False,0.9105042016806723,0.8815126050420168,0.7420168067226891,86.95588235294119
mexc,INJUSDT,INJ-USDT,INJ,USDT,True,1,True,2.795,597058.382,213590.12,2.796,5.17,2.797,435.68,3.5758984444853708,14.455319999999999,0.001,0.0,0.0,1.0,0.0,0.0005,exchangeInfo.quotePrecision/baseSizePrecision/quoteAmountPrecision,1,False,0.9365546218487395,0.9495798319327731,0.5823529411764706,86.8970588235294
mexc,BMTUSDT,BMT-USDT,BMT,USDT,True,1,True,0.0145,261181.49684,18014090.25,0.0145,5058.56,0.01451,9681.6,6.894174422612611,73.34912000000001,1e-05,0.0,0.0,1.0,0.0,0.0005,exchangeInfo.quotePrecision/baseSizePrecision/quoteAmountPrecision,1,False,0.8760504201680672,0.8915966386554621,0.8201680672268907,86.87605042016807
mexc,KASUSDT,KAS-USDT,KAS,USDT,True,1,True,0.030992,901732.547871,29057203.93,0.03098,2272.91,0.031017,1006.36,11.936061422326512,31.21426812,1e-06,0.001,0.001,1.0,0.0,0.0005,exchangeInfo.quotePrecision/baseSizePrecision/quoteAmountPrecision,1,False,0.9550420168067227,0.8079831932773109,0.7050420168067227,86.82773109243698
mexc,FDUSDUSDT,FDUSD-USDT,FDUSD,USDT,True,1,True,0.9991,117688.0009,117791.02,0.9991,522186.58,0.9992,502122.32,1.0008507231145374,501720.622144,0.0001,0.0,0.0,1.0,0.0,0.0005,exchangeInfo.quotePrecision/baseSizePrecision/quoteAmountPrecision,1,False,0.7621848739495798,0.9907563025210084,0.9995798319327731,86.68067226890757
mexc,SOLBRL,SOL-BRL,SOL,BRL,True,1,True,414.12,559597.4,1353.721,413.85,0.358,414.77,0.465,22.205594844439165,148.1583,0.01,0.0,0.0,5.0,0.0,0.0005,exchangeInfo.quotePrecision/baseSizePrecision/quoteAmountPrecision,1,False,0.9323529411764706,0.6957983193277311,0.8957983193277311,86.59033613445378
mexc,CKUSDTUSDT,CKUSDT-USDT,CKUSDT,USDT,True,1,True,0.9994,158238.4092,158301.84,0.9992,468.72,0.9998,753.01,6.003001500750825,468.345024,0.0001,0.0,0.0,1.0,0.0,0.0005,exchangeInfo.quotePrecision/baseSizePrecision/quoteAmountPrecision,1,False,0.8117647058823529,0.9100840336134454,0.9575630252100841,86.55042016806723
mexc,PIUSDT,PI-USDT,PI,USDT,True,1,True,0.17117,196214.16482,1150761.86,0.17117,325.24,0.17119,7010.77,1.1683607898130624,55.6713308,1e-05,0.0,0.0,1.0,0.0,0.0005,exchangeInfo.quotePrecision/baseSizePrecision/quoteAmountPrecision,1,False,0.8390756302521009,0.984873949579832,0.788235294117647,86.53571428571429
mexc,THEUSDT,THE-USDT,THE,USDT,True,1,True,0.0964,354232.4355,3758914.07,0.0962,3971.04,0.0964,10478.36,20.76843198338585,382.01404799999995,0.0001,0.0,0.0,1.0,0.0,0.0005,exchangeInfo.quotePrecision/baseSizePrecision/quoteAmountPrecision,1,False,0.9033613445378151,0.7142857142857143,0.9495798319327731,86.53361344537815
mexc,FLOWUSDT,FLOW-USDT,FLOW,USDT,True,1,True,0.02994,222792.79659,7439388.5,0.02993,3103.85,0.02995,3060.0,6.680026720107767,91.647,1e-05,0.0001,0.0001,1.0,0.0,0.0005,exchangeInfo.quotePrecision/baseSizePrecision/quoteAmountPrecision,1,False,0.8571428571428571,0.8945378151260505,0.85,86.50630252100841
mexc,IPUSDT,IP-USDT,IP,USDT,True,1,True,0.4989,571367.6407,1135249.91,0.4988,61.77,0.4993,442.84,10.019036168720577,30.810876000000004,0.0001,0.0,0.0,1.0,0.0,0.0005,exchangeInfo.quotePrecision/baseSizePrecision/quoteAmountPrecision,1,False,0.9340336134453782,0.8373949579831933,0.7033613445378152,86.37394957983194
mexc,AMPUSDT,AMP-USDT,AMP,USDT,True,1,True,0.0009431,346756.8501657,353226480.73,0.0009426,104436.8,0.000944,311517.73,14.841513834410321,98.44212768000001,1e-07,0.0,0.0,1.0,0.0,0.0005,exchangeInfo.quotePrecision/baseSizePrecision/quoteAmountPrecision,1,False,0.9021008403361345,0.7802521008403361,0.8621848739495799,86.3655462184874
mexc,WBTUSDT,WBT-USDT,WBT,USDT,True,1,True,51.169,1045230.589,20424.5,51.127,1.92,51.262,10.04,26.370020217015107,98.16384000000001,0.001,0.01,0.01,1.0,0.0,0.0005,exchangeInfo.quotePrecision/baseSizePrecision/quoteAmountPrecision,1,False,0.9600840336134454,0.6516806722689076,0.8609243697478992,86.31512605042016
mexc,STXUSDT,STX-USDT,STX,USDT,True,1,True,0.2135,194288.6787,908123.84,0.2134,8427.12,0.2135,414.0,4.684937924571983,88.389,0.0001,0.0,0.0,1.0,0.0,0.0005,exchangeInfo.quotePrecision/baseSizePrecision/quoteAmountPrecision,1,False,0.8378151260504202,0.9323529411764706,0.8420168067226891,86.22899159663866
mexc,GOLD(XAUT)USDC,GOLD(XAUT)-USDC,GOLD(XAUT),USDC,True,1,True,4629.3,120062.3,25.94904,4629.1,0.16333,4629.7,1.21983,1.296064284787347,756.070903,0.1,0.0,0.0,1.0,0.0,0.0,exchangeInfo.quotePrecision/baseSizePrecision/quoteAmountPrecision,1,False,0.7663865546218488,0.9831932773109243,0.9739495798319328,86.21008403361346
mexc,TFUELUSDT,TFUEL-USDT,TFUEL,USDT,True,1,True,0.01095,563246.54405,51437251.79,0.01095,2410.4,0.01096,10756.49,9.128251939753165,26.39388,1e-05,0.0,0.0,1.0,0.0,0.0005,exchangeInfo.quotePrecision/baseSizePrecision/quoteAmountPrecision,1,False,0.9327731092436975,0.8495798319327731,0.6777310924369748,86.0966386554622
mexc,RENDERUSDT,RENDER-USDT,RENDER,USDT,True,1,True,1.925,688983.687,360034.41,1.923,6.24,1.924,411.5,5.198856251624069,11.99952,0.001,0.0,0.0,1.0,0.0,0.0005,exchangeInfo.quotePrecision/baseSizePrecision/quoteAmountPrecision,1,False,0.9441176470588235,0.9218487394957984,0.5542016806722689,86.05672268907564
mexc,TTNUSDT,TTN-USDT,TTN,USDT,True,1,True,0.08686,1864856.25335,21315490.58,0.08684,178.19,0.08694,304.44,11.508804235240289,15.4740196,1e-05,0.0,0.0,1.0,0.0,0.0005,exchangeInfo.quotePrecision/baseSizePrecision/quoteAmountPrecision,1,False,0.9773109243697479,0.815546218487395,0.5949579831932773,86.03991596638656
mexc,INITUSDT,INIT-USDT,INIT,USDT,True,1,True,0.08264,412517.35635,5009809.71,0.08258,1211.1,0.08273,1204.02,18.147722460830845,99.6085746,1e-05,0.0,0.0,1.0,0.0,0.0005,exchangeInfo.quotePrecision/baseSizePrecision/quoteAmountPrecision,1,False,0.9121848739495798,0.7432773109243698,0.8642857142857143,86.03781512605042
mexc,MASKUSDT,MASK-USDT,MASK,USDT,True,1,True,0.4506,766587.8284,1689492.25,0.4504,97.92,0.4512,94.5,17.74622892635243,42.6384,0.0001,0.001,0.001,1.0,0.0,0.0005,exchangeInfo.quotePrecision/baseSizePrecision/quoteAmountPrecision,1,False,0.9491596638655462,0.7466386554621849,0.75,85.86974789915966
mexc,SCRUSDT,SCR-USDT,SCR,USDT,True,1,True,0.04423,210357.06475,4692739.05,0.04422,1234.72,0.04424,1200.0,4.521817770743654,53.088,1e-05,0.0,0.0,1.0,0.0,0.0005,exchangeInfo.quotePrecision/baseSizePrecision/quoteAmountPrecision,1,False,0.8508403361344538,0.9357142857142857,0.780672268907563,85.80252100840336
mexc,ONTUSDT,ONT-USDT,ONT,USDT,True,1,True,0.10552,3911103.4969,36362164.7,0.1056,42.4,0.10563,404.0,2.8405056099987926,4.47744,1e-05,0.1,0.1,1.0,0.0,0.0005,exchangeInfo.quotePrecision/baseSizePrecision/quoteAmountPrecision,1,False,0.9903361344537815,0.9642857142857143,0.36092436974789915,85.79411764705883
mexc,ICPUSDC,ICP-USDC,ICP,USDC,True,1,True,2.285,350396.404,153093.11,2.283,120.13,2.288,352.35,21.877050973528306,274.25678999999997,0.001,0.0,0.0,1.0,0.0,0.0,exchangeInfo.quotePrecision/baseSizePrecision/quoteAmountPrecision,1,False,0.9025210084033614,0.7004201680672268,0.9315126050420168,85.77941176470588
mexc,AEVOUSDT,AEVO-USDT,AEVO,USDT,True,1,True,0.02269,1294048.64204,51706951.6,0.02265,6977.91,0.02271,3215.4,26.45502645502691,73.02173400000001,1e-05,0.0,0.0,1.0,0.0,0.0005,exchangeInfo.quotePrecision/baseSizePrecision/quoteAmountPrecision,1,False,0.9651260504201681,0.65,0.819327731092437,85.71848739495799
mexc,CROUSDT,CRO-USDT,CRO,USDT,True,1,True,0.07005,275729.0484,3919838.73,0.07003,937.93,0.0701,1279.56,9.990722900164222,65.6832379,1e-05,1.0,1.0,1.0,0.0,0.0005,exchangeInfo.quotePrecision/baseSizePrecision/quoteAmountPrecision,1,False,0.8827731092436975,0.838655462184874,0.8067226890756303,85.65336134453781
mexc,ADAUSDC,ADA-USDC,ADA,USDC,True,1,True,0.2465,325573.7011,1325852.52,0.2464,156.38,0.2466,366.36,8.113590263691917,38.532032,0.0001,0.001,0.001,1.0,0.0,0.0,exchangeInfo.quotePrecision/baseSizePrecision/quoteAmountPrecision,1,False,0.8953781512605042,0.8676470588235294,0.7357142857142858,85.65126050420169
mexc,SUSHIUSDT,SUSHI-USDT,SUSHI,USDT,True,1,True,0.1922,182303.0006,937044.18,0.1922,468.0,0.1923,468.0,5.20156046813987,89.9496,0.0001,0.1,0.1,1.0,0.0,0.0005,exchangeInfo.quotePrecision/baseSizePrecision/quoteAmountPrecision,1,False,0.8298319327731093,0.9214285714285715,0.846218487394958,85.60084033613445
mexc,VIRTUALUSDT,VIRTUAL-USDT,VIRTUAL,USDT,True,1,True,0.6361,137542.1865,213472.7,0.636,183.2,0.6361,808.88,1.5722034431253673,116.5152,0.0001,0.0,0.0,1.0,0.0,0.0005,exchangeInfo.quotePrecision/baseSizePrecision/quoteAmountPrecision,1,False,0.7903361344537815,0.980672268907563,0.8798319327731092,85.58193277310923
mexc,MAVUSDT,MAV-USDT,MAV,USDT,True,1,True,0.01377,308074.28376,21729459.1,0.01376,9280.8,0.01378,6300.0,14.524328249819114,86.81400000000001,1e-05,0.01,0.01,1.0,0.0,0.0005,exchangeInfo.quotePrecision/baseSizePrecision/quoteAmountPrecision,1,False,0.892436974789916,0.7861344537815126,0.8411764705882353,85.56092436974791
mexc,DUSKUSDT,DUSK-USDT,DUSK,USDT,True,1,True,0.11166,512593.66796,4662059.2,0.11169,285.6,0.11182,2268.51,11.632589145899969,31.898664,1e-05,0.0,0.0,1.0,0.0,0.0005,exchangeInfo.quotePrecision/baseSizePrecision/quoteAmountPrecision,1,False,0.9277310924369748,0.8142857142857143,0.7071428571428572,85.52521008403362
mexc,CHECKUSDT,CHECK-USDT,CHECK,USDT,True,1,True,0.050244,283345.021005,5375892.18,0.050234,1324.93,0.050253,456.8,3.781583687441796,22.9555704,1e-06,0.0,0.0,1.0,0.0,0.0005,exchangeInfo.quotePrecision/baseSizePrecision/quoteAmountPrecision,1,False,0.8861344537815126,0.9453781512605042,0.6554621848739496,85.48109243697479
mexc,FTTUSDT,FTT-USDT,FTT,USDT,True,1,True,0.2909,466753.7672,1582341.38,0.2909,143.0,0.2912,101.13,10.307507301151775,29.449056,0.0001,0.0001,0.0001,1.0,0.0,0.0005,exchangeInfo.quotePrecision/baseSizePrecision/quoteAmountPrecision,1,False,0.9222689075630253,0.8319327731092436,0.6957983193277311,85.43907563025212
mexc,BNBUSDC,BNB-USDC,BNB,USDC,True,1,True,587.36,497200.05,848.48,587.13,0.03,587.38,0.02,4.257094447897421,11.7476,0.01,0.0001,0.0001,1.0,0.0,0.0,exchangeInfo.quotePrecision/baseSizePrecision/quoteAmountPrecision,1,False,0.9256302521008404,0.9382352941176471,0.5495798319327732,85.35714285714288
mexc,DODOUSDT,DODO-USDT,DODO,USDT,True,1,True,0.01519,192530.88403,12531273.96,0.01518,5940.0,0.01519,11211.76,6.585446163977341,90.1692,1e-05,0.001,0.001,1.0,0.0,0.0005,exchangeInfo.quotePrecision/baseSizePrecision/quoteAmountPrecision,1,False,0.8365546218487395,0.8957983193277311,0.8474789915966386,85.35504201680672
mexc,STABLEUSDT,STABLE-USDT,STABLE,USDT,True,1,True,0.027504,516567.63043,18251000.18,0.027494,801.02,0.027513,584.13,6.9082116821488855,16.07116869,1e-06,0.0,0.0,1.0,0.0,0.0005,exchangeInfo.quotePrecision/baseSizePrecision/quoteAmountPrecision,1,False,0.9281512605042017,0.8907563025210083,0.6004201680672269,85.32563025210085
mexc,KAVAUSDT,KAVA-USDT,KAVA,USDT,True,1,True,0.05182,222618.99553,4241336.95,0.05182,2670.0,0.05188,7737.0,11.571841851495565,138.3594,1e-05,0.0001,0.0001,1.0,0.0,0.0005,exchangeInfo.quotePrecision/baseSizePrecision/quoteAmountPrecision,1,False,0.8563025210084033,0.8151260504201681,0.8907563025210085,85.28991596638656
mexc,BIOUSDT,BIO-USDT,BIO,USDT,True,1,True,0.01708,613706.424,35517497.04,0.01704,3478.01,0.01707,2326.91,17.59014951627017,39.7203537,1e-05,0.0,0.0,1.0,0.0,0.0005,exchangeInfo.quotePrecision/baseSizePrecision/quoteAmountPrecision,1,False,0.9382352941176471,0.75,0.7390756302521009,85.1344537815126
mexc,EVAUSDT,EVA-USDT,EVA,USDT,True,1,True,30.07,231703.21,7648.29,30.04,33.95,30.09,9.58,16.63063362714143,288.2622,0.01,0.0,0.0,1.0,0.0,0.0005,exchangeInfo.quotePrecision/baseSizePrecision/quoteAmountPrecision,1,False,0.8630252100840337,0.7579831932773109,0.9357142857142857,85.13025210084034
mexc,COMPUSDT,COMP-USDT,COMP,USDT,True,1,True,16.95,204094.2,12166.364,16.95,51.381,16.96,3.09,5.897965202006231,52.4064,0.01,0.001,0.001,1.0,0.0,0.0005,exchangeInfo.quotePrecision/baseSizePrecision/quoteAmountPrecision,1,False,0.8470588235294118,0.9121848739495798,0.7794117647058824,84.98109243697479
mexc,ZETRIXUSDT,ZETRIX-USDT,ZETRIX,USDT,True,1,True,10.641,222152.613,20777.54,10.639,5.57,10.644,3.52,4.698585725697299,37.46688,0.001,0.0,0.0,1.0,0.0,0.0005,exchangeInfo.quotePrecision/baseSizePrecision/quoteAmountPrecision,1,False,0.8554621848739495,0.9315126050420168,0.7319327731092437,84.97689075630252
mexc,YGGUSDT,YGG-USDT,YGG,USDT,True,1,True,0.03525,155882.83862,4469989.36,0.03526,3205.52,0.03528,4360.4,5.670541536716526,113.0266352,1e-05,0.0001,0.0001,1.0,0.0,0.0005,exchangeInfo.quotePrecision/baseSizePrecision/quoteAmountPrecision,1,False,0.8088235294117647,0.9163865546218487,0.8764705882352941,84.92436974789916
mexc,KNCUSDT,KNC-USDT,KNC,USDT,True,1,True,0.1287,196890.9503,1503974.46,0.1286,4926.71,0.1288,6743.2,15.540015540015986,633.5749059999999,0.0001,0.001,0.001,1.0,0.0,0.0005,exchangeInfo.quotePrecision/baseSizePrecision/quoteAmountPrecision,1,False,0.8394957983193277,0.7718487394957984,0.9697478991596639,84.86344537815127
mexc,PARTIUSDT,PARTI-USDT,PARTI,USDT,True,1,True,0.08596,263255.94727,3111512.46,0.08587,11694.16,0.08603,2114.0,18.615474112855555,181.86741999999998,1e-05,0.0,0.0,1.0,0.0,0.0005,exchangeInfo.quotePrecision/baseSizePrecision/quoteAmountPrecision,1,False,0.8777310924369748,0.7373949579831933,0.9071428571428571,84.8529411764706
mexc,XTZUSDT,XTZ-USDT,XTZ,USDT,True,1,True,0.35,204520.6587,581401.35,0.3498,365.97,0.3502,453.2,11.428571428571757,128.01630600000001,0.0001,0.1,0.1,1.0,0.0,0.0005,exchangeInfo.quotePrecision/baseSizePrecision/quoteAmountPrecision,1,False,0.8478991596638655,0.8180672268907563,0.8869747899159663,84.82563025210084
mexc,ALGOUSDT,ALGO-USDT,ALGO,USDT,True,1,True,0.12321,7273515.02337,61384168.87,0.12329,59.55,0.12342,21384.0,10.538689149203933,7.3419194999999995,1e-05,0.001,0.001,1.0,0.0,0.0005,exchangeInfo.quotePrecision/baseSizePrecision/quoteAmountPrecision,1,False,0.9945378151260504,0.8298319327731092,0.4672268907563025,84.78991596638656
mexc,ALTLAYERUSDT,ALTLAYER-USDT,ALTLAYER,USDT,True,1,True,0.00659,1963777.234139,283086788.72,0.00657,2746.48,0.006582,100443.2,18.248175182481535,18.0443736,1e-06,0.0,0.0,1.0,0.0,0.0005,exchangeInfo.quotePrecision/baseSizePrecision/quoteAmountPrecision,1,False,0.9794117647058823,0.742436974789916,0.6172268907563025,84.77310924369749
mexc,XDCUSDT,XDC-USDT,XDC,USDT,True,1,True,0.03056,471997.53363,15687591.49,0.03055,1133.85,0.03057,453.8,6.544502617800781,13.872666,1e-05,0.0,0.0,1.0,0.0,0.0005,exchangeInfo.quotePrecision/baseSizePrecision/quoteAmountPrecision,1,False,0.923109243697479,0.8970588235294118,0.5773109243697478,84.74369747899159
mexc,VVVUSDT,VVV-USDT,VVV,USDT,True,1,True,7.1776,198567.883,28011.26,7.1776,129.97,7.18,5.17,3.3431771326680444,37.120599999999996,0.0001,0.0,0.0,1.0,0.0,0.0005,exchangeInfo.quotePrecision/baseSizePrecision/quoteAmountPrecision,1,False,0.8407563025210084,0.9546218487394958,0.7310924369747899,84.72899159663866
mexc,ARUSDT,AR-USDT,AR,USDT,True,1,True,1.683,451247.857,264653.67,1.683,281.81,1.685,16.51,11.87648456057008,27.819350000000004,0.001,0.01,0.01,1.0,0.0,0.0005,exchangeInfo.quotePrecision/baseSizePrecision/quoteAmountPrecision,1,False,0.9205882352941176,0.8100840336134454,0.6890756302521008,84.66596638655462
mexc,MXBRL,MX-BRL,MX,BRL,True,1,True,9.22,517900.2,56066.22,9.21,39.6,9.24,84.47,32.52032520325133,364.71600000000007,0.01,0.0,0.0,5.0,0.0,0.0005,exchangeInfo.quotePrecision/baseSizePrecision/quoteAmountPrecision,1,False,0.9285714285714286,0.5848739495798319,0.9478991596638655,84.65126050420169
mexc,FLOKIUSDT,FLOKI-USDT,FLOKI,USDT,True,1,True,2.676e-05,134805.13601229,5008015302.0,2.676e-05,5776243.0,2.677e-05,4476504.0,3.736222678870992,119.83601208,1e-08,1.0,1.0,1.0,0.0,0.0005,exchangeInfo.quotePrecision/baseSizePrecision/quoteAmountPrecision,1,False,0.7869747899159664,0.9470588235294117,0.8819327731092437,84.59873949579831
mexc,AIXBTUSDT,AIXBT-USDT,AIXBT,USDT,True,1,True,0.02265,489371.06474,22046156.25,0.02263,3101.53,0.02268,4205.32,22.070183182519514,70.1876239,1e-05,0.0,0.0,1.0,0.0,0.0005,exchangeInfo.quotePrecision/baseSizePrecision/quoteAmountPrecision,1,False,0.9247899159663866,0.6978991596638655,0.8134453781512605,84.57983193277312
mexc,ROBOUSDT,ROBO-USDT,ROBO,USDT,True,1,True,0.01843,177440.51293,9311220.77,0.01843,3416.0,0.01844,14685.6,5.424464334148664,62.95688,1e-05,0.0,0.0,1.0,0.0,0.0005,exchangeInfo.quotePrecision/baseSizePrecision/quoteAmountPrecision,1,False,0.826890756302521,0.9184873949579831,0.8029411764705883,84.50000000000001
mexc,DEXEUSDT,DEXE-USDT,DEXE,USDT,True,1,True,8.03,359603.41,44291.08,8.031,2.99,8.038,4.13,8.712427655734237,24.012690000000003,0.001,0.001,0.001,1.0,0.0,0.0005,exchangeInfo.quotePrecision/baseSizePrecision/quoteAmountPrecision,1,False,0.9046218487394958,0.8600840336134454,0.6617647058823529,84.49159663865547
mexc,SUSDT,S-USDT,S,USDT,True,1,True,0.04203,257812.50673,6104128.42,0.04202,400.0,0.04203,2794.0,2.3795359904809334,16.808,1e-05,0.0,0.0,1.0,0.0,0.0005,exchangeInfo.quotePrecision/baseSizePrecision/quoteAmountPrecision,1,False,0.8747899159663866,0.9701680672268908,0.6058823529411764,84.48529411764707
mexc,LDOUSDT,LDO-USDT,LDO,USDT,True,1,True,0.3138,121033.5749,381807.24,0.3139,839.88,0.314,557.69,3.1852205765245736,175.11466000000001,0.0001,0.0001,0.0001,1.0,0.0,0.0005,exchangeInfo.quotePrecision/baseSizePrecision/quoteAmountPrecision,1,False,0.7684873949579832,0.9592436974789916,0.9046218487394958,84.34033613445379
mexc,HEMIUSDT,HEMI-USDT,HEMI,USDT,True,1,True,0.00909,438426.719834,57829405.03,0.009088,16476.28,0.009107,6820.0,20.884858477603647,62.10974,1e-06,0.0,0.0,1.0,0.0,0.0005,exchangeInfo.quotePrecision/baseSizePrecision/quoteAmountPrecision,1,False,0.9168067226890756,0.7134453781512605,0.8012605042016807,84.28571428571429
mexc,SHELLUSDT,SHELL-USDT,SHELL,USDT,True,1,True,0.02976,565118.62284,17646245.17,0.02976,5017.57,0.0298,770.25,13.431833445264731,22.95345,1e-05,0.0,0.0,1.0,0.0,0.0005,exchangeInfo.quotePrecision/baseSizePrecision/quoteAmountPrecision,1,False,0.9331932773109244,0.7932773109243698,0.6550420168067227,84.25840336134453
mexc,GOLD(XAUT)EUR,GOLD(XAUT)-EUR,GOLD(XAUT),EUR,True,1,True,4019.7,101756.6,25.37124,4019.4,0.16333,4019.9,1.21983,1.2438893933551427,656.488602,0.1,0.0,0.0,1.0,0.0,0.0,exchangeInfo.quotePrecision/baseSizePrecision/quoteAmountPrecision,1,False,0.730672268907563,0.9844537815126051,0.9710084033613445,84.218487394958
mexc,SOLVUSDT,SOLV-USDT,SOLV,USDT,True,1,True,0.004087,2610846.869316,577067978.55,0.004081,15146.16,0.004089,3693.04,19.583843329251717,15.100840559999998,1e-06,0.0,0.0,1.0,0.0,0.0005,exchangeInfo.quotePrecision/baseSizePrecision/quoteAmountPrecision,1,False,0.9844537815126051,0.7285714285714286,0.5903361344537815,84.16596638655463
mexc,IDOLUSDT,IDOL-USDT,IDOL,USDT,True,1,True,0.02293,512497.75544,22362967.95,0.02292,590.0,0.02294,1641.17,8.722197993894106,13.5228,1e-05,0.0,0.0,1.0,0.0,0.0005,exchangeInfo.quotePrecision/baseSizePrecision/quoteAmountPrecision,1,False,0.9273109243697479,0.8596638655462185,0.5743697478991596,83.9810924369748
mexc,EIGENUSDT,EIGEN-USDT,EIGEN,USDT,True,1,True,0.151,217409.9148,1431890.91,0.1507,1990.04,0.151,1987.41,19.88730527013555,299.899028,0.0001,0.0,0.0,1.0,0.0,0.0005,exchangeInfo.quotePrecision/baseSizePrecision/quoteAmountPrecision,1,False,0.8529411764705882,0.7264705882352941,0.9399159663865546,83.8718487394958
mexc,OPNUSDT,OPN-USDT,OPN,USDT,True,1,True,0.1806,155018.1348,835308.03,0.1805,1657.44,0.1806,418.56,5.5386319579073255,75.591936,0.0001,0.0,0.0,1.0,0.0,0.0005,exchangeInfo.quotePrecision/baseSizePrecision/quoteAmountPrecision,1,False,0.8079831932773109,0.9168067226890756,0.8239495798319327,83.83823529411765
mexc,CATIUSDT,CATI-USDT,CATI,USDT,True,1,True,0.05694,274028.37781,4865134.83,0.05688,4439.84,0.05702,9470.96,24.582967515364572,252.5380992,1e-05,0.0,0.0,1.0,0.0,0.0005,exchangeInfo.quotePrecision/baseSizePrecision/quoteAmountPrecision,1,False,0.8819327731092437,0.6697478991596639,0.9256302521008404,83.76260504201682
mexc,ULTIMAUSDT,ULTIMA-USDT,ULTIMA,USDT,True,1,True,3197.07,425492.98,127.5965,3196.16,0.0032,3198.02,0.0045,5.817790553284792,10.227712,0.01,0.0,0.0,1.0,0.0,0.0005,exchangeInfo.quotePrecision/baseSizePrecision/quoteAmountPrecision,1,False,0.915126050420168,0.9142857142857143,0.5285714285714286,83.76050420168067
mexc,BTCUSDE,BTC-USDE,BTC,USDE,True,1,True,66976.16,442769.41,6.63131,66798.78,0.0055,67006.18,0.00272,31.000345577621964,182.2568096,0.01,0.0,0.0,1.0,0.0,0.0,exchangeInfo.quotePrecision/baseSizePrecision/quoteAmountPrecision,1,False,0.9184873949579831,0.6016806722689076,0.907563025210084,83.71008403361346
mexc,BABYUSDT,BABY-USDT,BABY,USDT,True,1,True,0.01419,297774.7714,20619014.51,0.01419,1379.31,0.0142,7972.28,7.044734061290122,19.5724089,1e-05,0.0,0.0,1.0,0.0,0.0005,exchangeInfo.quotePrecision/baseSizePrecision/quoteAmountPrecision,1,False,0.8894957983193277,0.8857142857142857,0.6289915966386554,83.64495798319328
mexc,MUBARAKUSDT,MUBARAK-USDT,MUBARAK,USDT,True,1,True,0.011095,174905.814309,15668594.98,0.011089,13730.4,0.011102,25162.24,11.716461628588938,152.2564056,1e-06,0.0,0.0,1.0,0.0,0.0005,exchangeInfo.quotePrecision/baseSizePrecision/quoteAmountPrecision,1,False,0.8243697478991596,0.8126050420168067,0.8991596638655462,83.63865546218487
mexc,XVGUSDT,XVG-USDT,XVG,USDT,True,1,True,0.004207,281553.462824,66648324.39,0.004205,42608.8,0.004211,10679.2,14.25855513307968,44.970111200000005,1e-06,0.001,0.001,1.0,0.0,0.0005,exchangeInfo.quotePrecision/baseSizePrecision/quoteAmountPrecision,1,False,0.8857142857142857,0.788235294117647,0.7554621848739496,83.52941176470588
mexc,SENTISUSDT,SENTIS-USDT,SENTIS,USDT,True,1,True,0.04826,308008.64967,6357845.99,0.04824,431.46,0.04828,536.49,8.288437629507937,20.813630399999997,1e-05,0.0,0.0,1.0,0.0,0.0005,exchangeInfo.quotePrecision/baseSizePrecision/quoteAmountPrecision,1,False,0.8920168067226891,0.8647058823529412,0.6411764705882353,83.50210084033614
mexc,PHAUSDT,PHA-USDT,PHA,USDT,True,1,True,0.03844,389419.90503,10158623.73,0.03838,16339.58,0.03851,57840.0,33.81454025230982,627.1130804,1e-05,0.01,0.01,1.0,0.0,0.0005,exchangeInfo.quotePrecision/baseSizePrecision/quoteAmountPrecision,1,False,0.9092436974789916,0.5621848739495798,0.969327731092437,83.44957983193278
mexc,BTCEUR,BTC-EUR,BTC,EUR,True,1,True,58021.89,375502.14,6.48842,57977.72,0.00339,58156.96,0.00503,30.8676099163485,196.5444708,0.01,0.0,0.0,1.0,0.0,0.0,exchangeInfo.quotePrecision/baseSizePrecision/quoteAmountPrecision,1,False,0.907563025210084,0.6050420168067228,0.9117647058823529,83.27731092436976
mexc,ARPAUSDT,ARPA-USDT,ARPA,USDT,True,1,True,0.009086,343212.46502,36336759.66,0.009088,3520.32,0.009102,55652.96,15.39307311709744,31.992668160000004,1e-06,0.001,0.001,1.0,0.0,0.0005,exchangeInfo.quotePrecision/baseSizePrecision/quoteAmountPrecision,1,False,0.9004201680672269,0.7739495798319328,0.707983193277311,83.03151260504202
mexc,币安人生USDT,币安人生-USDT,币安人生,USDT,True,1,True,0.05659,252983.41929,4897512.77,0.05658,8113.18,0.05672,3561.5,24.713150926743378,202.00827999999998,1e-05,0.0,0.0,1.0,0.0,0.0005,exchangeInfo.quotePrecision/baseSizePrecision/quoteAmountPrecision,1,False,0.8722689075630252,0.6689075630252102,0.9134453781512605,82.96638655462185
mexc,QQQONUSDT,QQQON-USDT,QQQON,USDT,True,1,True,586.12,102971.18,175.768,586.0,2.565,586.22,0.632,3.753561618126756,370.49104,0.01,0.0,0.0,1.0,0.0,0.0005,exchangeInfo.quotePrecision/baseSizePrecision/quoteAmountPrecision,1,False,0.7331932773109243,0.9466386554621848,0.9483193277310924,82.9579831932773
mexc,GRASSUSDT,GRASS-USDT,GRASS,USDT,True,1,True,0.2754,239696.4168,843796.48,0.2756,5432.82,0.2764,5110.14,28.98550724637563,1412.442696,0.0001,0.0,0.0,1.0,0.0,0.0005,exchangeInfo.quotePrecision/baseSizePrecision/quoteAmountPrecision,1,False,0.8668067226890757,0.6239495798319328,0.9827731092436974,82.92857142857144
mexc,EURIUSDT,EURI-USDT,EURI,USDT,True,1,True,1.1515,123835.2307,107421.73,1.1512,84.44,1.1515,59.03,2.605636861075841,67.973045,0.0001,0.0,0.0,1.0,0.0,0.0005,exchangeInfo.quotePrecision/baseSizePrecision/quoteAmountPrecision,1,False,0.7735294117647059,0.9663865546218487,0.8109243697478992,82.92226890756302
mexc,SSVUSDT,SSV-USDT,SSV,USDT,True,1,True,2.264,165989.509,72942.16,2.263,54.48,2.265,32.69,8.833922261485087,74.04285,0.001,0.0001,0.0001,1.0,0.0,0.0005,exchangeInfo.quotePrecision/baseSizePrecision/quoteAmountPrecision,1,False,0.8184873949579832,0.857983193277311,0.8218487394957983,82.90336134453781
mexc,AVAUSDT,AVA-USDT,AVA,USDT,True,1,True,0.2037,228510.4737,1132721.84,0.2036,728.48,0.2037,88.16,4.910385465258482,17.958192,0.0001,0.1,0.1,1.0,0.0,0.0005,exchangeInfo.quotePrecision/baseSizePrecision/quoteAmountPrecision,1,False,0.8613445378151261,0.9277310924369748,0.615546218487395,82.87815126050421
mexc,MOVRUSDT,MOVR-USDT,MOVR,USDT,True,1,True,1.214,154338.221,128579.4803,1.213,1884.4368,1.215,623.1759,16.47446457990117,757.1587185,0.001,0.0001,0.0001,1.0,0.0,0.0005,exchangeInfo.quotePrecision/baseSizePrecision/quoteAmountPrecision,1,False,0.8067226890756303,0.7600840336134453,0.9747899159663865,82.86764705882352
mexc,LITUSDT,LIT-USDT,LIT,USDT,True,1,True,0.9866,1898127.7532,1921501.62,0.986,5.19,0.9869,5.22,9.123625120381284,5.11734,0.0001,0.0,0.0,1.0,0.0,0.0005,exchangeInfo.quotePrecision/baseSizePrecision/quoteAmountPrecision,1,False,0.9789915966386554,0.85,0.3878151260504202,82.85084033613445
mexc,PLUMEUSDT,PLUME-USDT,PLUME,USDT,True,1,True,0.009489,182257.054711,18806621.91,0.00948,9360.0,0.009491,143677.6,11.596647514626383,88.73280000000001,1e-06,0.0,0.0,1.0,0.0,0.0005,exchangeInfo.quotePrecision/baseSizePrecision/quoteAmountPrecision,1,False,0.8294117647058824,0.8147058823529412,0.8428571428571429,82.84243697478992
mexc,HIVEUSDT,HIVE-USDT,HIVE,USDT,True,1,True,0.05975,227344.84689,3843774.56,0.05975,4823.19,0.05979,394.95,6.692320562155815,23.6140605,1e-05,0.001,0.001,1.0,0.0,0.0005,exchangeInfo.quotePrecision/baseSizePrecision/quoteAmountPrecision,1,False,0.8600840336134454,0.8941176470588236,0.6588235294117647,82.83403361344538
mexc,CYSUSDT,CYS-USDT,CYS,USDT,True,1,True,0.2573,341588.3682,1294823.75,0.2573,827.67,0.2581,1256.54,31.04384943733112,212.95949099999996,0.0001,0.0,0.0,1.0,0.0,0.0005,exchangeInfo.quotePrecision/baseSizePrecision/quoteAmountPrecision,1,False,0.8991596638655462,0.6008403361344538,0.9163865546218487,82.80252100840336
mexc,BTCBRL,BTC-BRL,BTC,BRL,True,1,True,346698.4,1159480.3,3.35641,345293.9,0.00469,346857.3,0.00711,45.175100469376204,1619.428391,0.1,0.0,0.0,5.0,0.0,0.0005,exchangeInfo.quotePrecision/baseSizePrecision/quoteAmountPrecision,1,False,0.9630252100840336,0.4050420168067227,0.984873949579832,82.78991596638656
mexc,REDUSDT,RED-USDT,RED,USDT,True,1,True,0.1037,163529.0766,1571280.7,0.1036,8387.58,0.1038,19372.48,19.286403085825047,868.9532879999999,0.0001,0.0,0.0,1.0,0.0,0.0005,exchangeInfo.quotePrecision/baseSizePrecision/quoteAmountPrecision,1,False,0.8176470588235294,0.7298319327731093,0.9777310924369748,82.77100840336135
mexc,ALEOUSDT,ALEO-USDT,ALEO,USDT,True,1,True,0.04567,380977.46166,8754875.5,0.04563,537.8,0.0457,2021.51,15.329026606810602,24.539813999999996,1e-05,0.0,0.0,1.0,0.0,0.0005,exchangeInfo.quotePrecision/baseSizePrecision/quoteAmountPrecision,1,False,0.9088235294117647,0.7752100840336135,0.6668067226890756,82.7016806722689
mexc,0GUSDT,0G-USDT,0G,USDT,True,1,True,0.5243,805289.4199,1520188.23,0.5241,48.25,0.5246,13.39,9.535615523981024,7.024394,0.0001,0.0,0.0,1.0,0.0,0.0005,exchangeInfo.quotePrecision/baseSizePrecision/quoteAmountPrecision,1,False,0.9525210084033613,0.8436974789915966,0.4592436974789916,82.66596638655463
mexc,NEARUSDC,NEAR-USDC,NEAR,USDC,True,1,True,1.2076,422030.3647,350313.1,1.2045,104.8,1.2084,184.6,32.32624642546326,126.23159999999999,0.0001,1e-06,1e-06,1.0,0.0,0.0,exchangeInfo.quotePrecision/baseSizePrecision/quoteAmountPrecision,1,False,0.9147058823529411,0.5861344537815126,0.8848739495798319,82.65966386554624
mexc,KAIAUSDT,KAIA-USDT,KAIA,USDT,True,1,True,0.04893,222982.06009,4537511.59,0.04888,41218.56,0.04902,64325.44,28.600612870276045,2014.7632127999998,1e-05,0.001,0.001,1.0,0.0,0.0005,exchangeInfo.quotePrecision/baseSizePrecision/quoteAmountPrecision,1,False,0.857563025210084,0.6289915966386554,0.9861344537815127,82.61344537815127
mexc,PRLUSDT,PRL-USDT,PRL,USDT,True,1,True,0.1482,432975.7052,2939458.73,0.1478,1384.0,0.1482,419.09,27.0270270270278,62.109137999999994,0.0001,0.0,0.0,1.0,0.0,0.0005,exchangeInfo.quotePrecision/baseSizePrecision/quoteAmountPrecision,1,False,0.9159663865546218,0.6449579831932772,0.8008403361344538,82.51890756302521
mexc,GIGGLEUSDT,GIGGLE-USDT,GIGGLE,USDT,True,1,True,21.39,129086.93,5896.57,21.39,7.11,21.4,3.28,4.673989249823795,70.192,0.01,0.0,0.0,1.0,0.0,0.0005,exchangeInfo.quotePrecision/baseSizePrecision/quoteAmountPrecision,1,False,0.7802521008403361,0.9327731092436975,0.8138655462184874,82.51050420168067
mexc,XMRUSDT,XMR-USDT,XMR,USDT,True,1,True,317.5,1875149.01,5791.768,317.29,0.007,317.41,3.546,3.7813140066174427,2.2210300000000003,0.01,0.001,0.001,1.0,0.0,0.0005,exchangeInfo.quotePrecision/baseSizePrecision/quoteAmountPrecision,1,False,0.9781512605042016,0.9457983193277311,0.24915966386554622,82.4264705882353
mexc,BROCCOLIUSDT,BROCCOLI-USDT,BROCCOLI,USDT,True,1,True,0.01197,116516.14556,9591377.73,0.01196,111769.44,0.01197,32940.8,8.357709987463094,394.301376,1e-05,0.0,0.0,1.0,0.0,0.0005,exchangeInfo.quotePrecision/baseSizePrecision/quoteAmountPrecision,1,False,0.7596638655462185,0.8634453781512605,0.9521008403361344,82.40966386554622
mexc,ARCIELUSDT,ARCIEL-USDT,ARCIEL,USDT,True,1,True,0.012003,792205.440107,64583942.6,0.011978,12811.32,0.012026,15934.99,39.993334444258814,153.45399096,1e-06,0.0,0.0,1.0,0.0,0.0005,exchangeInfo.quotePrecision/baseSizePrecision/quoteAmountPrecision,1,False,0.9504201680672268,0.48277310924369743,0.9,82.34243697478992
mexc,YFIUSDT,YFI-USDT,YFI,USDT,True,1,True,2457.5,123072.5,50.2835,2456.9,0.036,2458.2,0.036,5.289821163352636,88.44839999999999,0.1,0.0001,0.0001,1.0,0.0,0.0005,exchangeInfo.quotePrecision/baseSizePrecision/quoteAmountPrecision,1,False,0.7718487394957984,0.9201680672268908,0.842436974789916,82.3046218487395
mexc,DUSDT,D-USDT,D,USDT,True,1,True,0.011887,171496.374672,18507811.2,0.011849,66395.2,0.011873,33951.2,20.234381586712516,403.10259759999997,1e-06,0.0,0.0,1.0,0.0,0.0005,exchangeInfo.quotePrecision/baseSizePrecision/quoteAmountPrecision,1,False,0.8218487394957983,0.7210084033613445,0.9529411764705882,82.28571428571428
mexc,MAGICUSDT,MAGIC-USDT,MAGIC,USDT,True,1,True,0.0593,2679669.62664,42859629.39,0.05929,28.54,0.05931,28.37,3.3726812816187492,1.6826247,1e-05,0.1,0.1,1.0,0.0,0.0005,exchangeInfo.quotePrecision/baseSizePrecision/quoteAmountPrecision,1,False,0.9852941176470589,0.9529411764705882,0.21008403361344538,82.21638655462186
mexc,GUSDT,G-USDT,G,USDT,True,1,True,0.003486,226616.249958,63326412.19,0.00348,713860.0,0.00349,147799.48,28.69440459110481,515.8201852000001,1e-06,0.0,0.0,1.0,0.0,0.0005,exchangeInfo.quotePrecision/baseSizePrecision/quoteAmountPrecision,1,False,0.8596638655462185,0.6273109243697479,0.9613445378151261,82.19117647058825
mexc,LEEUSDT,LEE-USDT,LEE,USDT,True,1,True,0.989,200623.47,203174.9,0.988,1013.13,0.989,39.95,10.116337885685391,39.51055,0.001,0.0,0.0,1.0,0.0,0.0005,exchangeInfo.quotePrecision/baseSizePrecision/quoteAmountPrecision,1,False,0.8445378151260504,0.834873949579832,0.7378151260504202,82.07773109243698
mexc,SPELLUSDT,SPELL-USDT,SPELL,USDT,True,1,True,0.0001605,191533.4412248,1171489614.38,0.0001605,160000.0,0.0001606,993581.6,6.228589224540793,25.68,1e-07,0.001,0.001,1.0,0.0,0.0005,exchangeInfo.quotePrecision/baseSizePrecision/quoteAmountPrecision,1,False,0.8361344537815126,0.903781512605042,0.6747899159663866,82.07773109243698
mexc,NXPCUSDT,NXPC-USDT,NXPC,USDT,True,1,True,0.2856,137079.6565,481420.41,0.2854,508.88,0.2857,694.72,10.506040973560584,145.234352,0.0001,0.0,0.0,1.0,0.0,0.0005,exchangeInfo.quotePrecision/baseSizePrecision/quoteAmountPrecision,1,False,0.7886554621848739,0.830672268907563,0.8949579831932774,82.0420168067227
mexc,RAINUSDT,RAIN-USDT,RAIN,USDT,True,1,True,0.0074653,1694516.2729276,223913184.11,0.0074496,3269.12,0.0074726,4611.04,30.826553725322608,24.353636352,1e-07,0.0,0.0,1.0,0.0,0.0005,exchangeInfo.quotePrecision/baseSizePrecision/quoteAmountPrecision,1,False,0.9743697478991596,0.6058823529411765,0.665126050420168,82.03991596638656
mexc,ZAMAUSDT,ZAMA-USDT,ZAMA,USDT,True,1,True,0.02348,111624.6461,4745207.21,0.02348,17412.0,0.02349,4180.0,4.258037044922117,98.18820000000001,1e-05,0.0,0.0,1.0,0.0,0.0005,exchangeInfo.quotePrecision/baseSizePrecision/quoteAmountPrecision,1,False,0.7521008403361344,0.9378151260504202,0.8613445378151261,82.03781512605043
mexc,ATHUSDT,ATH-USDT,ATH,USDT,True,1,True,0.006547,236865.38833,35985191.44,0.006545,2923.98,0.00655,2960.63,7.636502481864321,19.137449099999998,1e-06,0.0,0.0,1.0,0.0,0.0005,exchangeInfo.quotePrecision/baseSizePrecision/quoteAmountPrecision,1,False,0.8651260504201681,0.8764705882352941,0.6243697478991597,81.9810924369748
mexc,DOGUSDT,DOG-USDT,DOG,USDT,True,1,True,0.0007046,218230.316139,304409441.39,0.0007035,252834.17,0.0007052,329444.08,24.135727976148036,177.86883859500003,1e-07,0.0,0.0,1.0,0.0,0.0005,exchangeInfo.quotePrecision/baseSizePrecision/quoteAmountPrecision,1,False,0.8533613445378151,0.6756302521008404,0.9063025210084034,81.9516806722689
mexc,CETUSUSDT,CETUS-USDT,CETUS,USDT,True,1,True,0.01913,667321.93922,33681853.83,0.0191,1941.64,0.01915,1425.49,26.14379084967395,27.298133500000002,1e-05,0.0,0.0,1.0,0.0,0.0005,exchangeInfo.quotePrecision/baseSizePrecision/quoteAmountPrecision,1,False,0.942436974789916,0.6542016806722689,0.6848739495798319,81.88655462184875
mexc,KDXUSDT,KDX-USDT,KDX,USDT,True,1,True,0.01058,225762.9252,21415499.6,0.01057,6707.58,0.01059,13767.36,18.90359168242053,70.89912059999999,1e-05,0.0,0.0,1.0,0.0,0.0005,exchangeInfo.quotePrecision/baseSizePrecision/quoteAmountPrecision,1,False,0.8588235294117647,0.7340336134453782,0.8147058823529412,81.88025210084035
mexc,OSHIUSDT,OSHI-USDT,OSHI,USDT,True,1,True,0.030059,240753.64437,7977816.24,0.030075,234.2,0.030077,239.96,0.6649820454842834,7.043565,1e-06,0.0,0.0,1.0,0.0,0.0005,exchangeInfo.quotePrecision/baseSizePrecision/quoteAmountPrecision,1,False,0.8672268907563025,0.996218487394958,0.45966386554621846,81.79621848739495
mexc,TONUSDC,TON-USDC,TON,USDC,True,1,True,1.24,443717.081,356018.05,1.239,79.96,1.243,62.81,32.232070910556025,78.07283000000001,0.001,0.0,0.0,1.0,0.0,0.0,exchangeInfo.quotePrecision/baseSizePrecision/quoteAmountPrecision,1,False,0.91890756302521,0.5882352941176471,0.8273109243697478,81.7920168067227
mexc,MORPHOUSDT,MORPHO-USDT,MORPHO,USDT,True,1,True,1.4924,119448.1468,79704.73,1.492,173.13,1.4931,78.54,7.369937355533153,117.26807400000001,0.0001,0.0,0.0,1.0,0.0,0.0005,exchangeInfo.quotePrecision/baseSizePrecision/quoteAmountPrecision,1,False,0.7655462184873949,0.8810924369747899,0.8802521008403361,81.7373949579832
mexc,TAOEUR,TAO-EUR,TAO,EUR,True,1,True,266.48,1502625.31,5616.68,266.28,1.53,266.98,0.06,26.253609871359018,16.0188,0.01,0.0,0.0,1.0,0.0,0.0,exchangeInfo.quotePrecision/baseSizePrecision/quoteAmountPrecision,1,False,0.9710084033613445,0.6533613445378151,0.5983193277310924,81.70588235294119
mexc,USATUSDT,USAT-USDT,USAT,USDT,True,1,True,1.0003,109694.9048,109661.23,0.9999,333320.35,1.0005,129.99,5.998800239951349,130.054995,0.0001,0.0,0.0,1.0,0.0,0.0005,exchangeInfo.quotePrecision/baseSizePrecision/quoteAmountPrecision,1,False,0.7483193277310924,0.9105042016806723,0.888235294117647,81.68487394957982
mexc,NIGHTUSDT,NIGHT-USDT,NIGHT,USDT,True,1,True,0.0441,1839358.02323,40969756.82,0.04408,45.37,0.0441,250.0,4.536176003628755,1.9999095999999998,1e-05,0.0,0.0,1.0,0.0,0.0005,exchangeInfo.quotePrecision/baseSizePrecision/quoteAmountPrecision,1,False,0.976890756302521,0.9352941176470588,0.22815126050420168,81.67436974789915
mexc,OIL(USOON)USDT,OIL(USOON)-USDT,OIL(USOON),USDT,True,1,True,133.32,126357.73,926.01,133.32,4.978,133.35,0.277,2.2499718753516436,36.93795,0.01,0.0,0.0,1.0,0.0,0.0005,exchangeInfo.quotePrecision/baseSizePrecision/quoteAmountPrecision,1,False,0.7764705882352941,0.9722689075630252,0.7302521008403361,81.61764705882354
mexc,CHRUSDT,CHR-USDT,CHR,USDT,True,1,True,0.01873,1897977.57628,98930471.16,0.01873,6792.04,0.01877,462.01,21.333333333332465,8.6719277,1e-05,0.0,0.0,1.0,0.0,0.0005,exchangeInfo.quotePrecision/baseSizePrecision/quoteAmountPrecision,1,False,0.9785714285714285,0.7067226890756302,0.5012605042016807,81.51470588235294
mexc,ALLOUSDT,ALLO-USDT,ALLO,USDT,True,1,True,0.10415,130083.02891,1243556.54,0.10409,2765.6,0.10422,2184.64,12.481397916565813,227.68318079999997,1e-05,0.0,0.0,1.0,0.0,0.0005,exchangeInfo.quotePrecision/baseSizePrecision/quoteAmountPrecision,1,False,0.7819327731092437,0.8033613445378152,0.9201680672268907,81.4936974789916
mexc,LYNUSDT,LYN-USDT,LYN,USDT,True,1,True,0.04382,342159.63148,7159222.85,0.04377,995.23,0.04386,696.51,20.54091064703864,30.548928600000004,1e-05,0.0,0.0,1.0,0.0,0.0005,exchangeInfo.quotePrecision/baseSizePrecision/quoteAmountPrecision,1,False,0.8995798319327731,0.7176470588235294,0.7025210084033613,81.46848739495799
mexc,API3USDT,API3-USDT,API3,USDT,True,1,True,0.2684,106818.0324,397589.11,0.2683,342.0,0.2684,342.0,3.726476616360891,91.7586,0.0001,0.001,0.001,1.0,0.0,0.0005,exchangeInfo.quotePrecision/baseSizePrecision/quoteAmountPrecision,1,False,0.7390756302521009,0.9474789915966386,0.8504201680672269,81.34453781512606
mexc,LAYERUSDT,LAYER-USDT,LAYER,USDT,True,1,True,0.07636,155279.06893,2014159.83,0.07627,7552.76,0.0764,1993.2,17.030195847251097,152.28047999999998,1e-05,0.0,0.0,1.0,0.0,0.0005,exchangeInfo.quotePrecision/baseSizePrecision/quoteAmountPrecision,1,False,0.8084033613445378,0.7546218487394958,0.8995798319327731,81.31932773109244
mexc,ALGOUSDC,ALGO-USDC,ALGO,USDC,True,1,True,0.12335,732802.87173,6184489.5,0.12311,822.89,0.12361,14968.8,40.53177691309991,101.30598789999999,1e-05,0.0001,0.0001,1.0,0.0,0.0,exchangeInfo.quotePrecision/baseSizePrecision/quoteAmountPrecision,1,False,0.946218487394958,0.47478991596638653,0.8663865546218488,81.23949579831933
mexc,BERAUSDT,BERA-USDT,BERA,USDT,True,1,True,0.4017,238310.1014,582380.79,0.4008,12117.39,0.402,497.94,29.895366218237033,200.17188000000002,0.0001,0.0,0.0,1.0,0.0,0.0005,exchangeInfo.quotePrecision/baseSizePrecision/quoteAmountPrecision,1,False,0.865546218487395,0.6134453781512605,0.9126050420168067,81.19327731092437
mexc,HMSTRUSDT,HMSTR-USDT,HMSTR,USDT,True,1,True,0.000142,157037.5214824,1109609338.75,0.0001419,723861.6,0.000142,250109.6,7.044734061289358,35.5155632,1e-07,0.0,0.0,1.0,0.0,0.0005,exchangeInfo.quotePrecision/baseSizePrecision/quoteAmountPrecision,1,False,0.8096638655462185,0.8861344537815126,0.7239495798319328,81.16386554621849
mexc,BIGTIMEUSDT,BIGTIME-USDT,BIGTIME,USDT,True,1,True,0.01213,107066.01913,8758493.22,0.01213,24359.2,0.01214,24692.8,8.240626287597522,295.477096,1e-05,0.0,0.0,1.0,0.0,0.0005,exchangeInfo.quotePrecision/baseSizePrecision/quoteAmountPrecision,1,False,0.7403361344537815,0.865546218487395,0.9390756302521008,81.13865546218489
mexc,OPUSDC,OP-USDC,OP,USDC,True,1,True,0.1105,309957.8828,2837712.31,0.1102,523.12,0.1105,14148.04,27.18622564567238,57.64782400000001,0.0001,0.001,0.001,1.0,0.0,0.0,exchangeInfo.quotePrecision/baseSizePrecision/quoteAmountPrecision,1,False,0.8932773109243698,0.6432773109243697,0.7924369747899159,81.0609243697479
mexc,TWTUSDT,TWT-USDT,TWT,USDT,True,1,True,0.395,127593.2232,319830.19,0.3948,1104.94,0.3953,500.0,12.656625743576774,197.65,0.0001,1.0,1.0,1.0,0.0,0.0005,exchangeInfo.quotePrecision/baseSizePrecision/quoteAmountPrecision,1,False,0.7773109243697479,0.8016806722689076,0.9121848739495798,81.03781512605042
mexc,WALUSDT,WAL-USDT,WAL,USDT,True,1,True,0.07136,187498.22135,2634639.11,0.07135,298.35,0.0714,298.39,7.005253940456515,21.2872725,1e-05,0.0,0.0,1.0,0.0,0.0005,exchangeInfo.quotePrecision/baseSizePrecision/quoteAmountPrecision,1,False,0.8352941176470589,0.8878151260504201,0.6441176470588236,81.01890756302521
mexc,RESOLVUSDT,RESOLV-USDT,RESOLV,USDT,True,1,True,0.03859,452457.72358,10932642.07,0.03858,6111.2,0.03864,308.86,15.540015540014904,11.934350400000001,1e-05,0.0,0.0,1.0,0.0,0.0005,exchangeInfo.quotePrecision/baseSizePrecision/quoteAmountPrecision,1,False,0.9210084033613445,0.7722689075630252,0.5521008403361345,81.00420168067227
mexc,CRATUSDT,CRAT-USDT,CRAT,USDT,True,1,True,0.005183,366330.131607,70512693.26,0.005183,5209.35,0.005184,749.31,1.9291984180575532,3.8844230399999997,1e-06,0.0,0.0,1.0,0.0,0.0005,exchangeInfo.quotePrecision/baseSizePrecision/quoteAmountPrecision,1,False,0.9058823529411765,0.9752100840336134,0.33865546218487397,80.97689075630254
mexc,AVAXUSDC,AVAX-USDC,AVAX,USDC,True,1,True,8.906,247583.067,27703.82,8.901,5.6,8.919,5.2,20.202020202020964,46.378800000000005,0.001,0.0001,0.0001,1.0,0.0,0.0,exchangeInfo.quotePrecision/baseSizePrecision/quoteAmountPrecision,1,False,0.8680672268907563,0.7218487394957983,0.7579831932773109,80.94957983193278
mexc,DMCUSDT,DMC-USDT,DMC,USDT,True,1,True,0.00072,444024.5801391,618516401.47,0.00072,357258.06,0.0007201,4155.12,1.3887924449683802,2.992101912,1e-07,0.0,0.0,1.0,0.0,0.0005,exchangeInfo.quotePrecision/baseSizePrecision/quoteAmountPrecision,1,False,0.9193277310924369,0.9823529411764705,0.28949579831932776,80.91176470588235
mexc,BATUSDT,BAT-USDT,BAT,USDT,True,1,True,0.09556,114118.29424,1192594.53,0.09547,9942.4,0.09559,5137.8,12.561499005547482,491.122302,1e-05,0.001,0.001,1.0,0.0,0.0005,exchangeInfo.quotePrecision/baseSizePrecision/quoteAmountPrecision,1,False,0.7571428571428571,0.8021008403361345,0.9592436974789916,80.88025210084034
mexc,TURBOUSDT,TURBO-USDT,TURBO,USDT,True,1,True,0.0009967,305536.5988208,304260363.76,0.0009957,266500.8,0.000997,15487.09,13.047623826969296,15.44062873,1e-07,0.0,0.0,1.0,0.0,0.0005,exchangeInfo.quotePrecision/baseSizePrecision/quoteAmountPrecision,1,False,0.8911764705882353,0.7974789915966387,0.5945378151260504,80.84243697478992
mexc,FUSDUSDT,FUSD-USDT,FUSD,USDT,True,1,True,1.0001,76181.961,76178.34,1.0,8442.0,1.0001,38111.76,0.999950002499765,8442.0,0.0001,0.0,0.0,1.0,0.0,0.0005,exchangeInfo.quotePrecision/baseSizePrecision/quoteAmountPrecision,1,False,0.6554621848739496,0.9932773109243698,0.996218487394958,80.80672268907564
mexc,AVNTUSDT,AVNT-USDT,AVNT,USDT,True,1,True,0.1244,118346.695,941820.7,0.1243,9556.02,0.1245,11940.32,16.077170418006894,1187.813286,0.0001,0.0,0.0,1.0,0.0,0.0005,exchangeInfo.quotePrecision/baseSizePrecision/quoteAmountPrecision,1,False,0.7634453781512605,0.7655462184873949,0.9810924369747899,80.74999999999999
mexc,DOLOUSDT,DOLO-USDT,DOLO,USDT,True,1,True,0.03341,94363.36303,2734887.72,0.0334,3595.36,0.03341,4343.28,2.993563837749756,120.085024,1e-05,0.0,0.0,1.0,0.0,0.0005,exchangeInfo.quotePrecision/baseSizePrecision/quoteAmountPrecision,1,False,0.7092436974789916,0.9626050420168067,0.8823529411764706,80.72058823529412
mexc,ASTUSDT,AST-USDT,AST,USDT,True,1,True,0.003031,183258.312111,60471482.54,0.003029,6516.0,0.003031,18158.36,6.6006600660060455,19.736964,1e-06,0.0,0.0,1.0,0.0,0.0005,exchangeInfo.quotePrecision/baseSizePrecision/quoteAmountPrecision,1,False,0.8315126050420169,0.8953781512605042,0.6294117647058823,80.70588235294119
mexc,CTKUSDT,CTK-USDT,CTK,USDT,True,1,True,0.1601,113521.3216,705072.88,0.1601,548.64,0.1602,488.64,6.244146113020089,78.280128,0.0001,0.0001,0.0001,1.0,0.0,0.0005,exchangeInfo.quotePrecision/baseSizePrecision/quoteAmountPrecision,1,False,0.7558823529411764,0.9029411764705882,0.8277310924369747,80.7016806722689
mexc,NFPUSDT,NFP-USDT,NFP,USDT,True,1,True,0.01458,297672.97188,20500380.96,0.01457,1100.0,0.01459,6995.2,13.717421124829164,16.027,1e-05,0.0,0.0,1.0,0.0,0.0005,exchangeInfo.quotePrecision/baseSizePrecision/quoteAmountPrecision,1,False,0.8890756302521008,0.7911764705882353,0.5987394957983193,80.65336134453783
mexc,ROSEUSDT,ROSE-USDT,ROSE,USDT,True,1,True,0.00996,117291.04398,11718966.0,0.00995,104788.24,0.00996,14040.0,10.045203415368752,139.8384,1e-05,0.001,0.001,1.0,0.0,0.0005,exchangeInfo.quotePrecision/baseSizePrecision/quoteAmountPrecision,1,False,0.761344537815126,0.8361344537815126,0.8911764705882353,80.60084033613445
mexc,PORTALUSDT,PORTAL-USDT,PORTAL,USDT,True,1,True,0.009546,152730.985314,16097860.16,0.009538,61699.56,0.009542,2141.84,4.1928721174009755,20.43743728,1e-06,0.0,0.0,1.0,0.0,0.0005,exchangeInfo.quotePrecision/baseSizePrecision/quoteAmountPrecision,1,False,0.8046218487394958,0.9399159663865546,0.638235294117647,80.51680672268908
mexc,EDGEUSDT,EDGE-USDT,EDGE,USDT,True,1,True,1.1307,2521926.2129,2650999.81,1.1254,15.4,1.1292,133.6,33.70886188237404,17.33116,0.0001,0.0,0.0,1.0,0.0,0.0005,exchangeInfo.quotePrecision/baseSizePrecision/quoteAmountPrecision,1,False,0.9840336134453781,0.5634453781512605,0.6113445378151261,80.43487394957984
mexc,4USDT,4-USDT,4,USDT,True,1,True,0.012148,256914.998003,20688793.75,0.012142,3352.22,0.012169,4961.21,22.21216733165995,40.70265524,1e-06,0.0,0.0,1.0,0.0,0.0005,exchangeInfo.quotePrecision/baseSizePrecision/quoteAmountPrecision,1,False,0.8743697478991597,0.6953781512605042,0.7449579831932773,80.37394957983194
mexc,IOTAUSDT,IOTA-USDT,IOTA,USDT,True,1,True,0.06374,1304654.5072,21063779.84,0.06373,2016.18,0.06376,24.07,4.706251470703937,1.5347032,1e-05,0.0,0.0,1.0,0.0,0.0005,exchangeInfo.quotePrecision/baseSizePrecision/quoteAmountPrecision,1,False,0.9659663865546219,0.930672268907563,0.19621848739495798,80.31932773109244
mexc,LAZIOUSDT,LAZIO-USDT,LAZIO,USDT,True,1,True,0.6871,157750.8421,228730.37,0.6866,189.78,0.688,184.72,20.3695620544152,127.08735999999999,0.0001,0.01,0.01,1.0,0.0,0.0005,exchangeInfo.quotePrecision/baseSizePrecision/quoteAmountPrecision,1,False,0.8105042016806723,0.719327731092437,0.8861344537815126,80.28361344537815
mexc,TLMUSDT,TLM-USDT,TLM,USDT,True,1,True,0.001606,107192.734681,66076486.22,0.001605,365808.8,0.001606,55800.0,6.2285892245401175,89.6148,1e-06,0.0001,0.0001,1.0,0.0,0.0005,exchangeInfo.quotePrecision/baseSizePrecision/quoteAmountPrecision,1,False,0.7411764705882353,0.9042016806722689,0.8441176470588235,80.25210084033614
mexc,ATLAUSDT,ATLA-USDT,ATLA,USDT,True,1,True,290.0404,4418304.1837,15155.12,289.9591,12.69,291.7926,1.98,63.03376509256491,577.7493479999999,0.0001,0.0,0.0,1.0,0.0,0.0005,exchangeInfo.quotePrecision/baseSizePrecision/quoteAmountPrecision,1,False,0.9915966386554622,0.25588235294117645,0.965546218487395,80.24579831932775
mexc,DOGEUSDE,DOGE-USDE,DOGE,USDE,True,1,True,0.09168,224729.5114,2458639.38,0.09152,6288.8,0.09183,3454.52,33.81510771747923,317.2285716,1e-05,0.0,0.0,1.0,0.0,0.0,exchangeInfo.quotePrecision/baseSizePrecision/quoteAmountPrecision,1,False,0.8584033613445378,0.5617647058823529,0.9432773109243697,80.12184873949579
mexc,TRXUSDC,TRX-USDC,TRX,USDC,True,1,True,0.3153,157860.506,502048.62,0.3151,390.0,0.3157,300.0,19.02346227013283,94.71,0.0001,0.001,0.001,1.0,0.0,0.0,exchangeInfo.quotePrecision/baseSizePrecision/quoteAmountPrecision,1,False,0.811344537815126,0.7323529411764707,0.853781512605042,80.00840336134453
mexc,FOGOUSDT,FOGO-USDT,FOGO,USDT,True,1,True,0.01683,103135.10614,6081870.17,0.01683,5220.0,0.01684,8435.2,5.940005940005697,87.85260000000001,1e-05,0.0,0.0,1.0,0.0,0.0005,exchangeInfo.quotePrecision/baseSizePrecision/quoteAmountPrecision,1,False,0.7340336134453781,0.9117647058823529,0.8415966386554622,79.99789915966386
mexc,CCUSDT,CC-USDT,CC,USDT,True,1,True,0.13866,292532.11941,2056370.98,0.13861,44.04,0.1387,1285.6,6.490930727343333,6.104384400000001,1e-05,0.0,0.0,1.0,0.0,0.0005,exchangeInfo.quotePrecision/baseSizePrecision/quoteAmountPrecision,1,False,0.8886554621848739,0.8991596638655462,0.4319327731092437,79.99369747899159
mexc,RAYUSDT,RAY-USDT,RAY,USDT,True,1,True,0.6421,1373285.8272,2085262.9,0.6419,966.27,0.6422,2.2,4.67253329179919,1.41284,0.0001,0.0001,0.0001,1.0,0.0,0.0005,exchangeInfo.quotePrecision/baseSizePrecision/quoteAmountPrecision,1,False,0.9676470588235294,0.9331932773109244,0.17142857142857143,79.97899159663866
mexc,CRTRUSDT,CRTR-USDT,CRTR,USDT,True,1,True,0.02612,1332163.96123,46730355.22,0.0261,132.61,0.02613,1029.97,11.48765077541596,3.461121000000001,1e-05,0.0,0.0,1.0,0.0,0.0005,exchangeInfo.quotePrecision/baseSizePrecision/quoteAmountPrecision,1,False,0.9663865546218487,0.8163865546218487,0.31890756302521006,79.9390756302521
mexc,FIOUSDT,FIO-USDT,FIO,USDT,True,1,True,0.006308,148546.981697,23216341.32,0.0063,47619.04,0.006313,27935.61,20.613652580670724,176.35750593,1e-06,0.001,0.001,1.0,0.0,0.0005,exchangeInfo.quotePrecision/baseSizePrecision/quoteAmountPrecision,1,False,0.7987394957983194,0.715546218487395,0.9058823529411765,79.93697478991596
mexc,JGGLUSDT,JGGL-USDT,JGGL,USDT,True,1,True,2.1782,1698758.9448,778543.01,2.175,13.2,2.1829,9.81,36.25599485991069,21.414249,0.0001,0.0,0.0,1.0,0.0,0.0005,exchangeInfo.quotePrecision/baseSizePrecision/quoteAmountPrecision,1,False,0.9747899159663865,0.5361344537815126,0.6457983193277311,79.9327731092437
mexc,SPARKLETUSDT,SPARKLET-USDT,SPARKLET,USDT,True,1,True,0.02229,139996.60584,6275690.79,0.02228,1890.58,0.0223,2040.9,8.972633467922469,42.1221224,1e-05,0.0,0.0,1.0,0.0,0.0005,exchangeInfo.quotePrecision/baseSizePrecision/quoteAmountPrecision,1,False,0.7924369747899159,0.8542016806722689,0.7470588235294118,79.88025210084034
mexc,HBARUSDC,HBAR-USDC,HBAR,USDC,True,1,True,0.08767,204443.59213,2313432.66,0.08756,84180.71,0.0878,1124.09,27.372262773723094,98.69510199999999,1e-05,0.0,0.0,1.0,0.0,0.0,exchangeInfo.quotePrecision/baseSizePrecision/quoteAmountPrecision,1,False,0.8474789915966386,0.6399159663865546,0.8626050420168068,79.86134453781514
mexc,OGUSDT,OG-USDT,OG,USDT,True,1,True,2.56,162315.707,62495.12,2.56,68.32,2.561,4.72,3.9054872095289586,12.087919999999999,0.001,0.0001,0.0001,1.0,0.0,0.0005,exchangeInfo.quotePrecision/baseSizePrecision/quoteAmountPrecision,1,False,0.8168067226890756,0.9432773109243697,0.5563025210084034,79.63235294117646
mexc,PYTHUSDT,PYTH-USDT,PYTH,USDT,True,1,True,0.04068,418976.54439,10185045.43,0.04071,119.56,0.04074,115.51,7.3664825046029,4.7058774,1e-05,0.0,0.0,1.0,0.0,0.0005,exchangeInfo.quotePrecision/baseSizePrecision/quoteAmountPrecision,1,False,0.9134453781512605,0.8819327731092437,0.36428571428571427,79.57352941176471
mexc,PROUSDT,PRO-USDT,PRO,USDT,True,1,True,0.3496,342404.6987,989938.68,0.3493,119.43,0.3496,16.83,8.584919158678565,5.883768,0.0001,0.0,0.0,1.0,0.0,0.0005,exchangeInfo.quotePrecision/baseSizePrecision/quoteAmountPrecision,1,False,0.9,0.8605042016806723,0.4273109243697479,79.55882352941177
mexc,STEPNUSDT,STEPN-USDT,STEPN,USDT,True,1,True,0.010108,219778.412152,21623500.28,0.01009,1577.38,0.010101,3259.13,10.89594373730929,15.915764200000002,1e-06,0.001,0.001,1.0,0.0,0.0005,exchangeInfo.quotePrecision/baseSizePrecision/quoteAmountPrecision,1,False,0.8542016806722689,0.8247899159663865,0.5974789915966386,79.55042016806722
mexc,USDCBRL,USDC-BRL,USDC,BRL,True,1,True,5.175,572182.324,110469.37,5.171,1.22,5.179,1352.66,15.458937198067645,6.30862,0.001,0.0,0.0,5.0,0.0,0.0005,exchangeInfo.quotePrecision/baseSizePrecision/quoteAmountPrecision,1,False,0.934453781512605,0.773109243697479,0.4399159663865546,79.52100840336135
mexc,CGPTUSDT,CGPT-USDT,CGPT,USDT,True,1,True,0.018526,107273.636467,5764159.58,0.018517,4676.96,0.018531,12547.04,7.557762902181022,86.60326832,1e-06,0.0,0.0,1.0,0.0,0.0005,exchangeInfo.quotePrecision/baseSizePrecision/quoteAmountPrecision,1,False,0.7415966386554622,0.8777310924369748,0.8394957983193277,79.52100840336135
mexc,PSGUSDT,PSG-USDT,PSG,USDT,True,1,True,0.8125,121094.2732,150403.41,0.8121,477.32,0.8131,117.25,12.306177701206016,95.335975,0.0001,0.0001,0.0001,1.0,0.0,0.0005,exchangeInfo.quotePrecision/baseSizePrecision/quoteAmountPrecision,1,False,0.7689075630252101,0.8050420168067227,0.8546218487394958,79.50840336134453
mexc,STRKUSDT,STRK-USDT,STRK,USDT,True,1,True,0.03334,183810.81374,5494120.43,0.03331,45611.7,0.03338,1755.4,20.992652571600125,58.595252,1e-05,0.0,0.0,1.0,0.0,0.0005,exchangeInfo.quotePrecision/baseSizePrecision/quoteAmountPrecision,1,False,0.8319327731092437,0.7121848739495799,0.7949579831932773,79.46008403361346
mexc,SIRENUSDT,SIREN-USDT,SIREN,USDT,True,1,True,0.1408,718674.8907,4350927.39,0.1405,42.0,0.1407,36.0,14.224751066854763,5.0652,0.0001,0.0,0.0,1.0,0.0,0.0005,exchangeInfo.quotePrecision/baseSizePrecision/quoteAmountPrecision,1,False,0.9457983193277311,0.7886554621848739,0.38529411764705884,79.44117647058823
mexc,WIFUSDT,WIF-USDT,WIF,USDT,True,1,True,0.1817,427181.9882,2351749.7,0.1816,31.4,0.1818,49.88,11.007154650521628,5.70224,0.0001,0.0,0.0,1.0,0.0,0.0005,exchangeInfo.quotePrecision/baseSizePrecision/quoteAmountPrecision,1,False,0.9155462184873949,0.8235294117647058,0.42142857142857143,79.3718487394958
mexc,FHEUSDT,FHE-USDT,FHE,USDT,True,1,True,0.01799,520024.7045,28228765.99,0.01794,612.0,0.01798,34789.86,22.27171492204809,10.979280000000001,1e-05,0.0,0.0,1.0,0.0,0.0005,exchangeInfo.quotePrecision/baseSizePrecision/quoteAmountPrecision,1,False,0.9289915966386555,0.6941176470588235,0.5432773109243697,79.31302521008405
mexc,TLOSUSDT,TLOS-USDT,TLOS,USDT,True,1,True,0.01078,120903.92151,11223219.32,0.01078,5373.91,0.01079,8440.89,9.27213722763059,57.930749799999994,1e-05,0.0001,0.0001,1.0,0.0,0.0005,exchangeInfo.quotePrecision/baseSizePrecision/quoteAmountPrecision,1,False,0.7680672268907563,0.8474789915966386,0.7932773109243697,79.29621848739497
mexc,MANTRAUSDT,MANTRA-USDT,MANTRA,USDT,True,1,True,0.01073,95558.78728,8943458.43,0.01072,30166.4,0.01073,82684.0,9.324009324008944,323.38380800000004,1e-05,0.0,0.0,1.0,0.0,0.0005,exchangeInfo.quotePrecision/baseSizePrecision/quoteAmountPrecision,1,False,0.7113445378151261,0.8466386554621849,0.9441176470588235,79.17226890756302
mexc,SANDUSDT,SAND-USDT,SAND,USDT,True,1,True,0.07671,256888.85573,3367890.58,0.07678,64.43,0.07681,72.52,3.906504329709258,4.946935400000001,1e-05,0.0001,0.0001,1.0,0.0,0.0005,exchangeInfo.quotePrecision/baseSizePrecision/quoteAmountPrecision,1,False,0.8739495798319328,0.9428571428571428,0.37184873949579833,79.07563025210084
mexc,MWXTUSDT,MWXT-USDT,MWXT,USDT,True,1,True,0.06649,284169.36352,4006872.4,0.06638,223.51,0.0665,368.37,18.061408789886965,14.836593799999998,1e-05,0.0,0.0,1.0,0.0,0.0005,exchangeInfo.quotePrecision/baseSizePrecision/quoteAmountPrecision,1,False,0.8865546218487395,0.7441176470588236,0.584873949579832,79.06092436974791
mexc,BSVUSDT,BSV-USDT,BSV,USDT,True,1,True,14.82,206936.16,13926.2747,14.81,1.30132,14.83,1.89779,13.495276653171102,19.2725492,0.01,0.001,0.001,1.0,0.0,0.0005,exchangeInfo.quotePrecision/baseSizePrecision/quoteAmountPrecision,1,False,0.8487394957983193,0.7928571428571428,0.626890756302521,79.03991596638656
mexc,VANAUSDT,VANA-USDT,VANA,USDT,True,1,True,1.217,100038.812,81844.83,1.216,275.52,1.217,87.26,8.220304151254517,106.19542000000001,0.001,0.0,0.0,1.0,0.0,0.0005,exchangeInfo.quotePrecision/baseSizePrecision/quoteAmountPrecision,1,False,0.7247899159663865,0.8659663865546219,0.8722689075630252,78.95798319327731
mexc,FLRUSDT,FLR-USDT,FLR,USDT,True,1,True,0.007588,136540.604296,17915122.45,0.007573,11263.86,0.007583,7114.11,13.196093956189575,53.94629613,1e-06,0.0,0.0,1.0,0.0,0.0005,exchangeInfo.quotePrecision/baseSizePrecision/quoteAmountPrecision,1,False,0.788235294117647,0.7966386554621849,0.7827731092436975,78.92436974789916
mexc,FARTCOINUSDT,FARTCOIN-USDT,FARTCOIN,USDT,True,1,True,0.16341,217012.45202,1322922.96,0.1634,269.96,0.16371,166.66,18.95386872917396,27.2839086,1e-05,0.0,0.0,1.0,0.0,0.0005,exchangeInfo.quotePrecision/baseSizePrecision/quoteAmountPrecision,1,False,0.8525210084033613,0.7331932773109244,0.684453781512605,78.9075630252101
mexc,SOLUSDC,SOL-USDC,SOL,USDC,True,1,True,80.07,787050.76,9836.15,80.05,1.5,80.1,0.02,6.24414611301869,1.6019999999999999,0.01,1e-06,1e-06,1.0,0.0,0.0,exchangeInfo.quotePrecision/baseSizePrecision/quoteAmountPrecision,1,False,0.95,0.9033613445378151,0.20294117647058824,78.89285714285714
mexc,OKBUSDT,OKB-USDT,OKB,USDT,True,1,True,82.623,200191.485,2407.07,82.546,0.23,82.653,1.087,12.954073571873838,18.985580000000002,0.001,0.0001,0.0001,1.0,0.0,0.0005,exchangeInfo.quotePrecision/baseSizePrecision/quoteAmountPrecision,1,False,0.8441176470588235,0.7987394957983194,0.6239495798319328,78.87394957983193
mexc,RTXUSDT,RTX-USDT,RTX,USDT,True,1,True,1.698,2415750.462,1334879.34,1.694,14.52,1.701,37.87,41.23711340206254,24.59688,0.001,0.0,0.0,1.0,0.0,0.0005,exchangeInfo.quotePrecision/baseSizePrecision/quoteAmountPrecision,1,False,0.9819327731092437,0.45924369747899163,0.6672268907563025,78.83193277310924
mexc,PEPEUSDC,PEPE-USDC,PEPE,USDC,True,1,True,3.415e-06,194572.366992735,56598744835.0,3.407e-06,46219897.0,3.418e-06,147545488.0,32.23443223443218,157.471189079,1e-09,0.0,0.0,1.0,0.0,0.0,exchangeInfo.quotePrecision/baseSizePrecision/quoteAmountPrecision,1,False,0.8382352941176471,0.5878151260504202,0.9012605042016807,78.82352941176471
mexc,MYXUSDT,MYX-USDT,MYX,USDT,True,1,True,0.20637,419621.05347,2016981.07,0.20655,722.3,0.20705,70.0,24.177949709864624,14.493500000000001,1e-05,0.0,0.0,1.0,0.0,0.0005,exchangeInfo.quotePrecision/baseSizePrecision/quoteAmountPrecision,1,False,0.9138655462184874,0.6752100840336135,0.5827731092436975,78.79831932773111
mexc,XRPBRL,XRP-BRL,XRP,BRL,True,1,True,6.821,1149258.88,168333.62,6.809,0.93,6.825,218.56,23.470734927387433,6.33237,0.001,0.0,0.0,5.0,0.0,0.0005,exchangeInfo.quotePrecision/baseSizePrecision/quoteAmountPrecision,1,False,0.9626050420168067,0.6815126050420168,0.4407563025210084,78.79621848739495
mexc,ATOMUSDT,ATOM-USDT,ATOM,USDT,True,1,True,1.694,358560.888,210651.16,1.693,4.6,1.695,3.71,11.806375442739089,6.28845,0.001,0.001,0.001,1.0,0.0,0.0005,exchangeInfo.quotePrecision/baseSizePrecision/quoteAmountPrecision,1,False,0.9042016806722689,0.8105042016806723,0.43907563025210083,78.77521008403362
mexc,LUNAUSDT,LUNA-USDT,LUNA,USDT,True,1,True,0.05577,661706.37592,11826071.07,0.0557,687.34,0.0558,100.0,17.937219730942218,5.58,1e-05,0.01,0.01,1.0,0.0,0.0005,exchangeInfo.quotePrecision/baseSizePrecision/quoteAmountPrecision,1,False,0.9415966386554622,0.7453781512605042,0.41722689075630254,78.76680672268907
mexc,OLUSDT,OL-USDT,OL,USDT,True,1,True,0.0086,243311.35373,26874612.46,0.00859,3458.45,0.00861,3698.66,23.255813953487426,29.7080855,1e-05,0.0,0.0,1.0,0.0,0.0005,exchangeInfo.quotePrecision/baseSizePrecision/quoteAmountPrecision,1,False,0.8676470588235294,0.6836134453781513,0.6966386554621848,78.7436974789916
mexc,RUNEUSDT,RUNE-USDT,RUNE,USDT,True,1,True,0.3964,257993.7765,648907.74,0.3961,75.93,0.3971,22785.28,25.214321734745358,30.075873000000005,0.0001,1.0,1.0,1.0,0.0,0.0005,exchangeInfo.quotePrecision/baseSizePrecision/quoteAmountPrecision,1,False,0.8756302521008403,0.6626050420168067,0.7,78.72478991596638
mexc,QTUMUSDT,QTUM-USDT,QTUM,USDT,True,1,True,0.9638,840585.2354,878421.26,0.964,238.0,0.9644,1.37,4.148516905207083,1.321228,0.0001,0.1,0.1,1.0,0.0,0.0005,exchangeInfo.quotePrecision/baseSizePrecision/quoteAmountPrecision,1,False,0.954201680672269,0.9407563025210084,0.1319327731092437,78.63865546218487
mexc,BULLAUSDT,BULLA-USDT,BULLA,USDT,True,1,True,0.005712,249486.642791,40325541.93,0.005705,9394.0,0.005719,5154.96,24.509803921568842,29.481216240000002,1e-06,0.0,0.0,1.0,0.0,0.0005,exchangeInfo.quotePrecision/baseSizePrecision/quoteAmountPrecision,1,False,0.8701680672268908,0.6710084033613446,0.696218487394958,78.55882352941177
mexc,AVAXEUR,AVAX-EUR,AVAX,EUR,True,1,True,7.736,278334.856,35891.08,7.722,7.13,7.748,13.48,33.613445378151,55.057860000000005,0.001,0.0,0.0,1.0,0.0,0.0,exchangeInfo.quotePrecision/baseSizePrecision/quoteAmountPrecision,1,False,0.884453781512605,0.5663865546218487,0.7869747899159664,78.54411764705883
mexc,XRPUSD1,XRP-USD1,XRP,USD1,True,1,True,1.3171,172711.2015,130993.79,1.3162,61.89,1.3195,3496.97,25.040786128921038,81.459618,0.0001,0.0,0.0,1.0,0.0001,0.0001,exchangeInfo.quotePrecision/baseSizePrecision/quoteAmountPrecision,1,False,0.823109243697479,0.6642857142857144,0.8327731092436975,78.53361344537815
mexc,COREUSDT,CORE-USDT,CORE,USDT,True,1,True,0.02475,291141.98772,11781909.8,0.02472,2439.64,0.02478,810.0,24.242424242424654,20.0718,1e-05,0.01,0.01,1.0,0.0,0.0005,exchangeInfo.quotePrecision/baseSizePrecision/quoteAmountPrecision,1,False,0.888235294117647,0.6743697478991597,0.6365546218487395,78.44327731092437
mexc,REZUSDT,REZ-USDT,REZ,USDT,True,1,True,0.003314,474400.209594,137550227.43,0.003308,7068.82,0.003319,11259.25,33.19752527538773,23.38365656,1e-06,0.0,0.0,1.0,0.0,0.0005,exchangeInfo.quotePrecision/baseSizePrecision/quoteAmountPrecision,1,False,0.9239495798319328,0.5756302521008403,0.6567226890756303,78.34243697478993
mexc,MOODENGUSDT,MOODENG-USDT,MOODENG,USDT,True,1,True,0.04502,83725.66935,1829575.08,0.045,11106.17,0.04504,11102.47,8.884940026654458,499.77765,1e-05,0.0,0.0,1.0,0.0,0.0005,exchangeInfo.quotePrecision/baseSizePrecision/quoteAmountPrecision,1,False,0.6857142857142857,0.8563025210084034,0.9605042016806723,78.33193277310924
mexc,TBCUSDT,TBC-USDT,TBC,USDT,True,1,True,3.92,160886.008,41166.34,3.919,6.06,3.922,3.44,7.652085193215441,13.49168,0.001,0.0,0.0,1.0,0.0,0.0005,exchangeInfo.quotePrecision/baseSizePrecision/quoteAmountPrecision,1,False,0.8151260504201681,0.8760504201680672,0.5739495798319327,78.21218487394958
mexc,AXSUSDT,AXS-USDT,AXS,USDT,True,1,True,1.1129,698026.8477,620531.17,1.1125,3.67,1.1129,1.18,3.594859351127491,1.313222,0.0001,0.0001,0.0001,1.0,0.0,0.0005,exchangeInfo.quotePrecision/baseSizePrecision/quoteAmountPrecision,1,False,0.9445378151260504,0.9491596638655462,0.12352941176470589,78.14915966386555
mexc,USTCUSDT,USTC-USDT,USTC,USDT,True,1,True,0.004541,919584.952213,188261472.09,0.004536,506.41,0.004541,466.71,11.016855789357269,2.11933011,1e-06,0.001,0.001,1.0,0.0,0.0005,exchangeInfo.quotePrecision/baseSizePrecision/quoteAmountPrecision,1,False,0.9563025210084034,0.8226890756302521,0.24327731092436974,78.0294117647059
mexc,CVXUSDT,CVX-USDT,CVX,USDT,True,1,True,1.707,99317.491,57999.4,1.707,225.57,1.708,29.67,5.8565153733522095,50.67636,0.001,0.1,0.1,1.0,0.0,0.0005,exchangeInfo.quotePrecision/baseSizePrecision/quoteAmountPrecision,1,False,0.719327731092437,0.9138655462184874,0.7747899159663866,77.90546218487395
mexc,JTOUSDT,JTO-USDT,JTO,USDT,True,1,True,0.2559,89467.4601,345467.79,0.2558,3384.4,0.256,453.04,7.815552950370377,115.97824000000001,0.0001,0.0,0.0,1.0,0.0,0.0005,exchangeInfo.quotePrecision/baseSizePrecision/quoteAmountPrecision,1,False,0.6983193277310924,0.8737394957983193,0.8789915966386554,77.83088235294117
mexc,ZANOUSDT,ZANO-USDT,ZANO,USDT,True,1,True,9.599,586347.343,61141.42,9.582,8.36,9.617,2.26,36.46023230376597,21.73442,0.001,0.0,0.0,1.0,0.0,0.0005,exchangeInfo.quotePrecision/baseSizePrecision/quoteAmountPrecision,1,False,0.9357142857142857,0.5336134453781513,0.6470588235294118,77.74579831932773
mexc,GEODUSDT,GEOD-USDT,GEOD,USDT,True,1,True,0.1393,290347.4873,2043973.64,0.139,180.32,0.1393,90.35,21.559468199784025,12.585755,0.0001,0.0,0.0,1.0,0.0,0.0005,exchangeInfo.quotePrecision/baseSizePrecision/quoteAmountPrecision,1,False,0.8878151260504201,0.7042016806722688,0.5634453781512605,77.70378151260505
mexc,ASTRUSDT,ASTR-USDT,ASTR,USDT,True,1,True,0.007199,111828.987692,15645156.33,0.007195,4172.64,0.0072,4172.64,6.946856547412013,30.022144800000003,1e-06,0.01,0.01,1.0,0.0,0.0005,exchangeInfo.quotePrecision/baseSizePrecision/quoteAmountPrecision,1,False,0.7529411764705882,0.8894957983193277,0.6995798319327731,77.64075630252101
mexc,CORNUSDT,CORN-USDT,CORN,USDT,True,1,True,0.04494,333146.67339,7418667.38,0.04493,13921.68,0.04496,67.56,6.6748247858498715,3.0374976,1e-05,0.0,0.0,1.0,0.0,0.0005,exchangeInfo.quotePrecision/baseSizePrecision/quoteAmountPrecision,1,False,0.8974789915966387,0.8949579831932774,0.29411764705882354,77.61764705882354
mexc,DEEPUSDT,DEEP-USDT,DEEP,USDT,True,1,True,0.0278,160009.073459,5718362.01,0.027783,378.59,0.027803,378.52,7.196056561005525,10.51836597,1e-06,0.0,0.0,1.0,0.0,0.0005,exchangeInfo.quotePrecision/baseSizePrecision/quoteAmountPrecision,1,False,0.8147058823529412,0.8836134453781512,0.5336134453781513,77.57142857142858
mexc,LIF3USDT,LIF3-USDT,LIF3,USDT,True,1,True,0.001719,203445.356727,118278379.19,0.001719,11992.2,0.00172,3161.56,5.815644082581657,5.4378832,1e-06,0.0,0.0,1.0,0.0,0.0005,exchangeInfo.quotePrecision/baseSizePrecision/quoteAmountPrecision,1,False,0.846218487394958,0.915126050420168,0.4046218487394958,77.51260504201682
mexc,BLESSUSDT,BLESS-USDT,BLESS,USDT,True,1,True,0.006056,227364.592915,38140331.35,0.006052,4199.85,0.006067,4209.23,24.754517699480576,25.4174922,1e-06,0.0,0.0,1.0,0.0,0.0005,exchangeInfo.quotePrecision/baseSizePrecision/quoteAmountPrecision,1,False,0.8605042016806723,0.6680672268907564,0.6739495798319328,77.50840336134455
mexc,NMRUSDT,NMR-USDT,NMR,USDT,True,1,True,7.173,509954.428,69293.917,7.169,40.096,7.174,0.242,6.9720421111354405,1.736108,0.001,0.001,0.001,1.0,0.0,0.0005,exchangeInfo.quotePrecision/baseSizePrecision/quoteAmountPrecision,1,False,0.926890756302521,0.888235294117647,0.21512605042016808,77.48739495798318
mexc,FARMUSDT,FARM-USDT,FARM,USDT,True,1,True,11.76,107164.49,9069.432,11.75,12.053,11.77,15.818,17.00680272108807,141.62275,0.01,0.001,0.001,1.0,0.0,0.0005,exchangeInfo.quotePrecision/baseSizePrecision/quoteAmountPrecision,1,False,0.7407563025210084,0.7550420168067227,0.8932773109243698,77.48319327731093
mexc,GMXUSDT,GMX-USDT,GMX,USDT,True,1,True,5.987,116585.314,19014.85,5.977,124.45,5.993,230.07,26.733500417710967,743.83765,0.001,1e-05,1e-05,1.0,0.0,0.0005,exchangeInfo.quotePrecision/baseSizePrecision/quoteAmountPrecision,1,False,0.7600840336134453,0.6474789915966386,0.9735294117647059,77.46218487394958
mexc,USUALUSDT,USUAL-USDT,USUAL,USDT,True,1,True,0.01264,162086.10388,12668345.25,0.01264,1629.92,0.01265,834.79,7.908264136021821,10.560093499999999,1e-05,0.0,0.0,1.0,0.0,0.0005,exchangeInfo.quotePrecision/baseSizePrecision/quoteAmountPrecision,1,False,0.8163865546218487,0.8718487394957983,0.5352941176470588,77.40336134453781
mexc,FOLKSUSDT,FOLKS-USDT,FOLKS,USDT,True,1,True,0.9373,329705.336,349118.29,0.9361,91.12,0.9397,53.35,38.383622987524646,50.132995,0.0001,0.0,0.0,1.0,0.0,0.0005,exchangeInfo.quotePrecision/baseSizePrecision/quoteAmountPrecision,1,False,0.896218487394958,0.5058823529411764,0.7722689075630252,77.3844537815126
mexc,TIAUSDT,TIA-USDT,TIA,USDT,True,1,True,0.2901,448095.9331,1531774.34,0.2899,213.14,0.2901,6.48,6.896551724139085,1.8798480000000002,0.0001,0.0,0.0,1.0,0.0,0.0005,exchangeInfo.quotePrecision/baseSizePrecision/quoteAmountPrecision,1,False,0.9201680672268907,0.8911764705882352,0.22268907563025211,77.3424369747899
mexc,DYDXUSDT,DYDX-USDT,DYDX,USDT,True,1,True,0.10177,146522.07986,1446268.54,0.10169,12938.8,0.10181,232.65,11.793611793611312,23.6860965,1e-05,0.0001,0.0001,1.0,0.0,0.0005,exchangeInfo.quotePrecision/baseSizePrecision/quoteAmountPrecision,1,False,0.7966386554621848,0.8109243697478992,0.6592436974789916,77.27310924369748
mexc,DDMTUSDT,DDMT-USDT,DDMT,USDT,True,1,True,0.0912,318496.86669,3480693.75,0.0912,18.23,0.09123,121.41,3.288932741325686,1.662576,1e-05,0.0,0.0,1.0,0.0,0.0005,exchangeInfo.quotePrecision/baseSizePrecision/quoteAmountPrecision,1,False,0.8941176470588236,0.9563025210084034,0.2088235294117647,77.26050420168067
mexc,BSBUSDT,BSB-USDT,BSB,USDT,True,1,True,0.22606,248286.45625,1082598.12,0.22601,66.91,0.22649,65.98,21.21546961326003,14.943810200000001,1e-05,0.0,0.0,1.0,0.0,0.0005,exchangeInfo.quotePrecision/baseSizePrecision/quoteAmountPrecision,1,False,0.8684873949579832,0.7088235294117646,0.5878151260504202,77.2436974789916
mexc,SKYUSDT,SKY-USDT,SKY,USDT,True,1,True,0.07461,73541.81747,988120.5,0.0746,4844.8,0.07461,1205.6,1.3403927350708562,89.94981599999998,1e-05,0.0,0.0,1.0,0.0,0.0005,exchangeInfo.quotePrecision/baseSizePrecision/quoteAmountPrecision,1,False,0.6491596638655462,0.9827731092436974,0.8466386554621849,77.20588235294119
mexc,ZRXUSDT,ZRX-USDT,ZRX,USDT,True,1,True,0.10309,108826.44828,1054098.81,0.10288,6646.4,0.10313,5622.4,24.270666472501357,579.8381119999999,1e-05,0.001,0.001,1.0,0.0,0.0005,exchangeInfo.quotePrecision/baseSizePrecision/quoteAmountPrecision,1,False,0.7445378151260504,0.673109243697479,0.9659663865546219,77.09663865546219
mexc,MANAUSDT,MANA-USDT,MANA,USDT,True,1,True,0.08645,153677.20953,1764883.81,0.0865,1135.2,0.08661,231.45,12.708682340709709,20.0458845,1e-05,0.001,0.001,1.0,0.0,0.0005,exchangeInfo.quotePrecision/baseSizePrecision/quoteAmountPrecision,1,False,0.8063025210084034,0.8008403361344538,0.6357142857142857,77.08193277310926
mexc,BTCUSD1,BTC-USD1,BTC,USD1,True,1,True,66880.9,234452.82,3.51187,66805.5,0.00022,66945.93,0.00462,20.998653995698294,14.69721,0.01,0.0,0.0,1.0,0.0001,0.0001,exchangeInfo.quotePrecision/baseSizePrecision/quoteAmountPrecision,1,False,0.8647058823529412,0.711764705882353,0.5844537815126051,77.04201680672269
mexc,CCDUSDT,CCD-USDT,CCD,USDT,True,1,True,0.004523,1091263.010804,235636442.09,0.004518,599.32,0.004526,20765.88,17.691287041130753,2.7077277600000005,1e-06,0.0001,0.0001,1.0,0.0,0.0005,exchangeInfo.quotePrecision/baseSizePrecision/quoteAmountPrecision,1,False,0.9605042016806723,0.7478991596638656,0.27310924369747897,76.9873949579832
mexc,IQUSDT,IQ-USDT,IQ,USDT,True,1,True,0.001041,84272.18578,81072991.65,0.001041,199609.6,0.001042,161722.12,9.60153624579852,168.51444904,1e-06,0.001,0.001,1.0,0.0,0.0005,exchangeInfo.quotePrecision/baseSizePrecision/quoteAmountPrecision,1,False,0.6878151260504202,0.8428571428571429,0.9033613445378151,76.96848739495799
mexc,HFTUSDT,HFT-USDT,HFT,USDT,True,1,True,0.01357,798356.89748,54634696.09,0.01355,969.24,0.0136,309185.28,36.83241252302003,13.133201999999999,1e-05,0.01,0.01,1.0,0.0,0.0005,exchangeInfo.quotePrecision/baseSizePrecision/quoteAmountPrecision,1,False,0.9512605042016806,0.5277310924369748,0.5701680672268907,76.91596638655463
mexc,FETUSDC,FET-USDC,FET,USDC,True,1,True,0.236,362220.9433,1542687.67,0.236,6.13,0.2361,6.08,4.236390595213589,1.435488,0.0001,0.0,0.0,1.0,0.0,0.0,exchangeInfo.quotePrecision/baseSizePrecision/quoteAmountPrecision,1,False,0.9050420168067227,0.938655462184874,0.1781512605042017,76.80672268907564
mexc,FLUXUSDT,FLUX-USDT,FLUX,USDT,True,1,True,0.05606,232786.78947,4122642.09,0.05608,40.19,0.05609,37.57,1.7830079343858543,2.1073013,1e-05,0.1,0.1,1.0,0.0,0.0005,exchangeInfo.quotePrecision/baseSizePrecision/quoteAmountPrecision,1,False,0.8634453781512605,0.9773109243697479,0.2415966386554622,76.75420168067227
mexc,CRCLONUSDT,CRCLON-USDT,CRCLON,USDT,True,1,True,90.46,81835.47,904.572,90.41,2.513,90.5,3.363,9.949698745232814,227.20032999999998,0.01,0.0,0.0,1.0,0.0,0.0005,exchangeInfo.quotePrecision/baseSizePrecision/quoteAmountPrecision,1,False,0.6789915966386555,0.8399159663865546,0.9193277310924369,76.72899159663866
mexc,TUTUSDT,TUT-USDT,TUT,USDT,True,1,True,0.009254,99369.628495,10692127.06,0.009249,10440.0,0.009261,68990.4,12.965964343597902,96.55956,1e-06,0.0,0.0,1.0,0.0,0.0005,exchangeInfo.quotePrecision/baseSizePrecision/quoteAmountPrecision,1,False,0.7201680672268908,0.7983193277310925,0.857563025210084,76.71848739495799
mexc,EGLDUSDT,EGLD-USDT,EGLD,USDT,True,1,True,3.748,215543.563,56930.609,3.748,1.059,3.75,1.071,5.33475593491539,3.969132,0.001,0.0001,0.0001,1.0,0.0,0.0005,exchangeInfo.quotePrecision/baseSizePrecision/quoteAmountPrecision,1,False,0.8516806722689075,0.9193277310924369,0.34369747899159664,76.69957983193278
mexc,PROMPTUSDT,PROMPT-USDT,PROMPT,USDT,True,1,True,0.03266,374064.60468,11158538.24,0.03252,112.58,0.03256,3561.99,12.292562999384872,3.6611016,1e-05,0.0,0.0,1.0,0.0,0.0005,exchangeInfo.quotePrecision/baseSizePrecision/quoteAmountPrecision,1,False,0.9071428571428571,0.8054621848739496,0.32899159663865546,76.60924369747899
mexc,RIVERUSDT,RIVER-USDT,RIVER,USDT,True,1,True,12.0666,2476515.4521,202613.37,12.0804,40.0,12.107,0.19,21.994922976425894,2.3003299999999998,0.0001,0.0,0.0,1.0,0.0,0.0005,exchangeInfo.quotePrecision/baseSizePrecision/quoteAmountPrecision,1,False,0.9827731092436974,0.6987394957983193,0.2529411764705882,76.57983193277312
mexc,CELRUSDT,CELR-USDT,CELR,USDT,True,1,True,0.002516,140058.482678,55393096.8,0.002514,11772.64,0.002516,4906.72,7.9522862823054945,12.34530752,1e-06,0.001,0.001,1.0,0.0,0.0005,exchangeInfo.quotePrecision/baseSizePrecision/quoteAmountPrecision,1,False,0.7928571428571428,0.8710084033613446,0.5596638655462185,76.57563025210084
mexc,BANKUSDT,BANK-USDT,BANK,USDT,True,1,True,0.02924,262965.11368,9182804.99,0.0292,36505.68,0.0293,1167.29,34.18803418803398,34.201597,1e-05,0.0,0.0,1.0,0.0,0.0005,exchangeInfo.quotePrecision/baseSizePrecision/quoteAmountPrecision,1,False,0.8773109243697479,0.5579831932773109,0.7180672268907563,76.56302521008404
mexc,QUBICUSDT,QUBIC-USDT,QUBIC,USDT,True,1,True,9.186e-07,485937.2763861579,532619007964.0,9.177e-07,834112838.0,9.193e-07,4378482.0,17.41970604246069,4.0251385026,1e-10,0.0,0.0,1.0,0.0,0.0005,exchangeInfo.quotePrecision/baseSizePrecision/quoteAmountPrecision,1,False,0.9243697478991597,0.7508403361344538,0.3453781512605042,76.51890756302522
mexc,TRUTHUSDT,TRUTH-USDT,TRUTH,USDT,True,1,True,0.008951,93279.272447,10277048.83,0.008951,33422.46,0.00896,9194.47,10.049690134552613,82.38245119999999,1e-06,0.0,0.0,1.0,0.0,0.0005,exchangeInfo.quotePrecision/baseSizePrecision/quoteAmountPrecision,1,False,0.7071428571428572,0.8357142857142857,0.8357142857142857,76.5
mexc,TUSDT,T-USDT,T,USDT,True,1,True,0.006073,102321.842488,16737606.17,0.006066,301890.27,0.00608,76485.04,23.05285690762411,465.0290432,1e-06,0.0001,0.0001,1.0,0.0,0.0005,exchangeInfo.quotePrecision/baseSizePrecision/quoteAmountPrecision,1,False,0.7315126050420168,0.6848739495798319,0.9571428571428572,76.49789915966387
mexc,HAEDALUSDT,HAEDAL-USDT,HAEDAL,USDT,True,1,True,0.02858,239204.66832,8278865.01,0.0285,3961.24,0.02862,68807.68,42.01680672268858,112.89534,1e-05,0.0,0.0,1.0,0.0,0.0005,exchangeInfo.quotePrecision/baseSizePrecision/quoteAmountPrecision,1,False,0.8663865546218488,0.44999999999999996,0.8760504201680672,76.42226890756302
mexc,CESUSDT,CES-USDT,CES,USDT,True,1,True,0.8151,185863.6531,235894.7,0.8141,30.65,0.816,89.46,23.31145328507333,24.952165,0.0001,0.0,0.0,1.0,0.0,0.0005,exchangeInfo.quotePrecision/baseSizePrecision/quoteAmountPrecision,1,False,0.8344537815126051,0.6827731092436975,0.6701680672268907,76.36764705882354
mexc,POPCATUSDT,POPCAT-USDT,POPCAT,USDT,True,1,True,0.04783,322812.88207,6677477.87,0.04776,213.92,0.04788,2057.6,25.09410288582226,10.216819199999998,1e-05,0.0,0.0,1.0,0.0,0.0005,exchangeInfo.quotePrecision/baseSizePrecision/quoteAmountPrecision,1,False,0.8949579831932774,0.6630252100840336,0.5277310924369748,76.35294117647061
mexc,IDUSDT,ID-USDT,ID,USDT,True,1,True,0.03176,575148.00135,17385830.86,0.03174,41.32,0.03176,59.91,6.29921259842494,1.3114967999999998,1e-05,0.0,0.0,1.0,0.0,0.0005,exchangeInfo.quotePrecision/baseSizePrecision/quoteAmountPrecision,1,False,0.9348739495798319,0.9021008403361345,0.1180672268907563,76.33193277310924
mexc,HTXUSDT,HTX-USDT,HTX,USDT,True,1,True,1.71e-06,500143.304805636,292167409486.0,1.707e-06,4893250.0,1.712e-06,11090034.0,29.24831822170321,8.35277775,1e-09,0.0,0.0,1.0,0.0,0.0005,exchangeInfo.quotePrecision/baseSizePrecision/quoteAmountPrecision,1,False,0.9260504201680673,0.619327731092437,0.49453781512605044,76.30672268907563
mexc,SOMIUSDT,SOMI-USDT,SOMI,USDT,True,1,True,0.156,82894.0281,534148.52,0.156,408.4,0.1561,1857.36,6.408202499198269,63.71039999999999,0.0001,0.0,0.0,1.0,0.0,0.0005,exchangeInfo.quotePrecision/baseSizePrecision/quoteAmountPrecision,1,False,0.6831932773109244,0.9012605042016807,0.8033613445378152,76.17436974789916
mexc,HIGHUSDT,HIGH-USDT,HIGH,USDT,True,1,True,0.1355,156063.9919,1173505.802,0.1354,123.063,0.1356,133.019,14.760147601476437,16.6627302,0.0001,0.001,0.001,1.0,0.0,0.0005,exchangeInfo.quotePrecision/baseSizePrecision/quoteAmountPrecision,1,False,0.8092436974789916,0.7831932773109244,0.6042016806722689,76.17226890756302
mexc,ZEREBROUSDT,ZEREBRO-USDT,ZEREBRO,USDT,True,1,True,0.007036,100292.112459,13827439.63,0.007028,32745.84,0.007043,44560.1,21.320446308008513,230.13776352000002,1e-06,0.0,0.0,1.0,0.0,0.0005,exchangeInfo.quotePrecision/baseSizePrecision/quoteAmountPrecision,1,False,0.7281512605042016,0.707563025210084,0.9210084033613445,76.15756302521008
mexc,9BITUSDT,9BIT-USDT,9BIT,USDT,True,1,True,0.025122,679356.31386,26962334.01,0.025094,417.2,0.025183,2450.75,35.40386260118893,10.4692168,1e-06,0.0,0.0,1.0,0.0,0.0005,exchangeInfo.quotePrecision/baseSizePrecision/quoteAmountPrecision,1,False,0.9432773109243697,0.5449579831932774,0.5315126050420168,76.13445378151262
mexc,BTCUSDF,BTC-USDF,BTC,USDF,True,1,True,67052.05,91316.11,1.36502,66942.7,0.00421,67052.53,0.0036,16.393120859601012,241.389108,0.01,0.0,0.0,1.0,0.0,0.0005,exchangeInfo.quotePrecision/baseSizePrecision/quoteAmountPrecision,1,False,0.7012605042016806,0.7617647058823529,0.9239495798319328,76.09243697478992
mexc,BASEDUSDT,BASED-USDT,BASED,USDT,True,1,True,0.07277,227595.99734,2818895.86,0.07277,8116.77,0.07312,8279.69,47.98135581602619,590.6573529000001,1e-05,0.0,0.0,1.0,0.0,0.0005,exchangeInfo.quotePrecision/baseSizePrecision/quoteAmountPrecision,1,False,0.8609243697478992,0.3739495798319328,0.9676470588235294,76.05252100840336
mexc,SOLEUR,SOL-EUR,SOL,EUR,True,1,True,69.58,157766.47,2279.675,69.41,1.112,69.63,1.754,31.645569620253003,77.18392,0.01,0.0,0.0,1.0,0.0,0.0,exchangeInfo.quotePrecision/baseSizePrecision/quoteAmountPrecision,1,False,0.8109243697478992,0.5953781512605042,0.8260504201680672,76.00630252100841
mexc,ENSOUSDT,ENSO-USDT,ENSO,USDT,True,1,True,0.9154,79690.7414,86315.3,0.916,2194.17,0.9171,336.71,12.00152746713207,308.796741,0.0001,0.0,0.0,1.0,0.0,0.0005,exchangeInfo.quotePrecision/baseSizePrecision/quoteAmountPrecision,1,False,0.6722689075630253,0.8067226890756303,0.9428571428571428,76.00000000000001
mexc,NETXUSDT,NETX-USDT,NETX,USDT,True,1,True,0.4903,112102.3886,225967.68,0.49,305.02,0.4908,102.0,16.31321370309998,50.0616,0.0001,0.0,0.0,1.0,0.0,0.0005,exchangeInfo.quotePrecision/baseSizePrecision/quoteAmountPrecision,1,False,0.753781512605042,0.7626050420168067,0.7714285714285715,75.95168067226892
mexc,ZORAUSDT,ZORA-USDT,ZORA,USDT,True,1,True,0.013788,117820.08948,8416877.72,0.013779,1000.0,0.013788,1565.97,6.529546196539578,13.779,1e-06,0.0,0.0,1.0,0.0,0.0005,exchangeInfo.quotePrecision/baseSizePrecision/quoteAmountPrecision,1,False,0.7626050420168067,0.8978991596638656,0.576890756302521,75.92857142857143
mexc,CUSDT,C-USDT,C,USDT,True,1,True,0.08363,2647236.87895,33006131.37,0.08357,1079.15,0.08401,301.38,52.5122329633603,25.3189338,1e-05,0.0,0.0,1.0,0.0,0.0005,exchangeInfo.quotePrecision/baseSizePrecision/quoteAmountPrecision,1,False,0.984873949579832,0.33109243697478996,0.673109243697479,75.9075630252101
mexc,VELODROMEUSDT,VELODROME-USDT,VELODROME,USDT,True,1,True,0.01392,76781.52029,5455117.63,0.01391,26844.08,0.01392,8599.04,7.186489399927843,119.69863680000002,1e-05,0.0,0.0,1.0,0.0,0.0005,exchangeInfo.quotePrecision/baseSizePrecision/quoteAmountPrecision,1,False,0.657563025210084,0.8840336134453781,0.8815126050420168,75.89705882352942
mexc,MIRAUSDT,MIRA-USDT,MIRA,USDT,True,1,True,0.07589,92190.73074,1212899.73,0.07578,3697.52,0.07592,4227.22,18.45748187211618,280.1980656,1e-05,0.0,0.0,1.0,0.0,0.0005,exchangeInfo.quotePrecision/baseSizePrecision/quoteAmountPrecision,1,False,0.7046218487394958,0.738655462184874,0.9336134453781513,75.89285714285715
mexc,SOLUSDE,SOL-USDE,SOL,USDE,True,1,True,80.06,147450.22,1847.024,79.96,21.104,80.22,1.252,32.463478586590725,100.43544,0.01,0.0,0.0,1.0,0.0,0.0,exchangeInfo.quotePrecision/baseSizePrecision/quoteAmountPrecision,1,False,0.7978991596638656,0.5852941176470587,0.865546218487395,75.82773109243699
mexc,GINIUSDT,GINI-USDT,GINI,USDT,True,1,True,0.04054,107420.41949,2654013.03,0.04051,1234.26,0.04057,4009.41,14.800197335965589,49.999872599999996,1e-05,0.0,0.0,1.0,0.0,0.0005,exchangeInfo.quotePrecision/baseSizePrecision/quoteAmountPrecision,1,False,0.7420168067226891,0.7823529411764706,0.7701680672268908,75.77310924369748
mexc,CODEXUSDT,CODEX-USDT,CODEX,USDT,True,1,True,19.6325,273266.4056,13635.9,19.6328,0.15,19.6496,0.27,8.553448872777594,2.9449199999999998,0.0001,0.0,0.0,1.0,0.0,0.0005,exchangeInfo.quotePrecision/baseSizePrecision/quoteAmountPrecision,1,False,0.8810924369747899,0.8609243697478992,0.28781512605042014,75.73949579831934
mexc,BREVUSDT,BREV-USDT,BREV,USDT,True,1,True,0.1089,81589.9855,743426.91,0.109,900.0,0.1091,10240.96,9.170105456213008,98.1,0.0001,0.0,0.0,1.0,0.0,0.0005,exchangeInfo.quotePrecision/baseSizePrecision/quoteAmountPrecision,1,False,0.6777310924369748,0.8487394957983193,0.8605042016806723,75.70378151260505
mexc,SIXUSDT,SIX-USDT,SIX,USDT,True,1,True,0.00849,79024.54712,9335175.98,0.00849,28312.22,0.0085,28312.22,11.77163037080792,240.3707478,1e-05,0.0,0.0,1.0,0.0,0.0005,exchangeInfo.quotePrecision/baseSizePrecision/quoteAmountPrecision,1,False,0.66890756302521,0.8117647058823529,0.9235294117647059,75.5546218487395
mexc,CORALUSDT,CORAL-USDT,CORAL,USDT,True,1,True,0.0002838,199261.5409627,717713274.45,0.0002833,120014.12,0.0002842,128935.69,31.71806167400958,34.000000196,1e-07,0.0,0.0,1.0,0.0,0.0005,exchangeInfo.quotePrecision/baseSizePrecision/quoteAmountPrecision,1,False,0.842436974789916,0.5941176470588235,0.7163865546218487,75.51470588235296
mexc,KERNELUSDT,KERNEL-USDT,KERNEL,USDT,True,1,True,0.11193,801248.44522,7147494.17,0.11188,11.74,0.112,2243.76,10.720028586743702,1.3134712,1e-05,0.0,0.0,1.0,0.0,0.0005,exchangeInfo.quotePrecision/baseSizePrecision/quoteAmountPrecision,1,False,0.9516806722689075,0.8260504201680672,0.12436974789915967,75.48109243697479
mexc,ZIGUSDT,ZIG-USDT,ZIG,USDT,True,1,True,0.029477,196011.279379,6544286.04,0.029387,4467.63,0.029486,1590.75,33.63171572707299,46.9048545,1e-06,0.001,0.001,1.0,0.0,0.0005,exchangeInfo.quotePrecision/baseSizePrecision/quoteAmountPrecision,1,False,0.838655462184874,0.5659663865546218,0.7596638655462185,75.46848739495799
mexc,ALEUSDT,ALE-USDT,ALE,USDT,True,1,True,0.2617,103130.8677,394138.61,0.2616,1455.5,0.2617,50.98,3.821899484043149,13.341465999999999,0.0001,0.0,0.0,1.0,0.0,0.0005,exchangeInfo.quotePrecision/baseSizePrecision/quoteAmountPrecision,1,False,0.7336134453781512,0.9445378151260504,0.573109243697479,75.42436974789915
mexc,TONEUR,TON-EUR,TON,EUR,True,1,True,1.077,266828.687,246885.42,1.075,1299.97,1.081,543.93,55.658627087198575,587.9883299999999,0.001,0.0,0.0,1.0,0.0,0.0,exchangeInfo.quotePrecision/baseSizePrecision/quoteAmountPrecision,1,False,0.8785714285714286,0.30840336134453783,0.9668067226890756,75.36764705882354
mexc,FILUSDC,FIL-USDC,FIL,USDC,True,1,True,0.8381,326397.4008,390336.436,0.8376,3.956,0.8386,3.613,11.931750387781898,3.0298618,0.0001,0.0001,0.0001,1.0,0.0,0.0,exchangeInfo.quotePrecision/baseSizePrecision/quoteAmountPrecision,1,False,0.8957983193277311,0.8084033613445378,0.29369747899159665,75.3529411764706
mexc,BTXUSDT,BTX-USDT,BTX,USDT,True,1,True,0.01106,169627.402631,15343576.15,0.01106,229.23,0.011061,6199.12,0.9041182586675696,2.5352837999999998,1e-06,0.0,0.0,1.0,0.0,0.0005,exchangeInfo.quotePrecision/baseSizePrecision/quoteAmountPrecision,1,False,0.8214285714285714,0.9945378151260504,0.26512605042016807,75.34453781512605
mexc,AIXUSDT,AIX-USDT,AIX,USDT,True,1,True,3.385745,1987114.74254,750477.06,3.390944,1.53,3.402982,32.02,35.43753641120021,5.18814432,1e-06,0.0,0.0,1.0,0.0,0.0005,exchangeInfo.quotePrecision/baseSizePrecision/quoteAmountPrecision,1,False,0.9798319327731092,0.5441176470588236,0.3903361344537815,75.30042016806723
mexc,SDEXUSDT,SDEX-USDT,SDEX,USDT,True,1,True,0.002005,233537.574929,116256819.41,0.002003,31541.46,0.002006,2766.38,14.966325767024017,5.54935828,1e-06,0.0,0.0,1.0,0.0,0.0005,exchangeInfo.quotePrecision/baseSizePrecision/quoteAmountPrecision,1,False,0.8642857142857143,0.7773109243697479,0.41638655462184876,75.29621848739497
mexc,ENAUSDC,ENA-USDC,ENA,USDC,True,1,True,0.07924,218353.30348,2683591.31,0.07902,432.54,0.07929,786.51,34.11028993746352,34.1793108,1e-05,0.0,0.0,1.0,0.0,0.0,exchangeInfo.quotePrecision/baseSizePrecision/quoteAmountPrecision,1,False,0.853781512605042,0.5592436974789916,0.7176470588235294,75.2920168067227
mexc,CRVUSDC,CRV-USDC,CRV,USDC,True,1,True,0.2095,137899.6561,651984.63,0.2091,1912.76,0.2099,4042.94,38.18615751789953,399.958116,0.0001,0.0,0.0,1.0,0.0,0.0,exchangeInfo.quotePrecision/baseSizePrecision/quoteAmountPrecision,1,False,0.7907563025210084,0.5092436974789916,0.9525210084033613,75.27310924369749
mexc,CHISAIUSDT,CHISAI-USDT,CHISAI,USDT,True,1,True,0.20761,97428.79023,472561.96,0.20732,660.2,0.20771,545.76,18.793822133339827,113.3598096,1e-05,0.0,0.0,1.0,0.0,0.0005,exchangeInfo.quotePrecision/baseSizePrecision/quoteAmountPrecision,1,False,0.7147058823529412,0.734873949579832,0.8773109243697479,75.22689075630252
mexc,BTYUSDT,BTY-USDT,BTY,USDT,True,1,True,0.02813,96846.83178,3403019.91,0.02812,1025.38,0.02814,1032.3,7.109847138286237,28.833685600000003,1e-05,0.0,0.0,1.0,0.0,0.0005,exchangeInfo.quotePrecision/baseSizePrecision/quoteAmountPrecision,1,False,0.7134453781512605,0.8848739495798319,0.6932773109243697,75.22689075630251
mexc,SLVONUSDT,SLVON-USDT,SLVON,USDT,True,1,True,65.84,74417.38,1130.22,65.8,8.36,65.87,4.16,10.632642211590701,274.0192,0.01,0.0,0.0,1.0,0.0,0.0005,exchangeInfo.quotePrecision/baseSizePrecision/quoteAmountPrecision,1,False,0.6525210084033614,0.8281512605042016,0.930672268907563,75.20588235294117
mexc,BALUSDT,BAL-USDT,BAL,USDT,True,1,True,0.1359,198693.8309,1441447.97,0.1359,28.79,0.136,68.1,7.35564545789016,3.9125609999999997,0.0001,0.0001,0.0001,1.0,0.0,0.0005,exchangeInfo.quotePrecision/baseSizePrecision/quoteAmountPrecision,1,False,0.8415966386554622,0.8823529411764706,0.3415966386554622,75.17857142857143
mexc,HOMEUSDT,HOME-USDT,HOME,USDT,True,1,True,0.02003,80615.21725,4261959.9,0.02,5717.6,0.02002,4680.0,9.995002498750218,93.6936,1e-05,0.0,0.0,1.0,0.0,0.0005,exchangeInfo.quotePrecision/baseSizePrecision/quoteAmountPrecision,1,False,0.6752100840336135,0.8382352941176471,0.8525210084033613,75.14285714285714
mexc,ANKRUSDT,ANKR-USDT,ANKR,USDT,True,1,True,0.005036,408543.043319,81946423.6201,0.005033,413.9025,0.005039,7476.273,11.914217633041956,2.0831712825,1e-06,0.001,0.001,1.0,0.0,0.0005,exchangeInfo.quotePrecision/baseSizePrecision/quoteAmountPrecision,1,False,0.9109243697478991,0.8088235294117647,0.23907563025210085,75.1029411764706
mexc,SKLUSDT,SKL-USDT,SKL,USDT,True,1,True,0.006605,194195.041359,29046209.35,0.006608,992.0,0.00661,322.32,3.0261764260860424,2.1305352,1e-06,0.01,0.01,1.0,0.0,0.0005,exchangeInfo.quotePrecision/baseSizePrecision/quoteAmountPrecision,1,False,0.8373949579831933,0.961764705882353,0.24369747899159663,74.9747899159664
mexc,XMRUSDC,XMR-USDC,XMR,USDC,True,1,True,317.65,308774.48,951.742,317.47,0.005,317.72,0.005,7.871660448054912,1.5873500000000003,0.01,0.0,0.0,1.0,0.0,0.0,exchangeInfo.quotePrecision/baseSizePrecision/quoteAmountPrecision,1,False,0.8928571428571429,0.8726890756302521,0.2008403361344538,74.94117647058825
mexc,AGROUSDT,AGRO-USDT,AGRO,USDT,True,1,True,0.0001312,81808.1099149,623631537.02,0.0001308,1499867.15,0.000131,2447504.37,15.278838808250944,196.18262322,1e-07,0.0,0.0,1.0,0.0,0.0005,exchangeInfo.quotePrecision/baseSizePrecision/quoteAmountPrecision,1,False,0.6785714285714286,0.7756302521008404,0.911344537815126,74.9390756302521
mexc,NILUSDT,NIL-USDT,NIL,USDT,True,1,True,0.03353,273466.10539,7783047.67,0.03357,67.63,0.0336,1114.64,8.932559178203158,2.2703391,1e-05,0.0,0.0,1.0,0.0,0.0005,exchangeInfo.quotePrecision/baseSizePrecision/quoteAmountPrecision,1,False,0.8815126050420168,0.8558823529411765,0.25168067226890756,74.91386554621849
mexc,RSRUSDT,RSR-USDT,RSR,USDT,True,1,True,0.001442,176682.77228,120076870.65,0.001441,3103.36,0.001442,77199.92,6.9372181755110365,4.47194176,1e-06,5.0,5.0,1.0,0.0,0.0005,exchangeInfo.quotePrecision/baseSizePrecision/quoteAmountPrecision,1,False,0.8260504201680672,0.8899159663865546,0.36050420168067226,74.890756302521
mexc,SPYXUSDT,SPYX-USDT,SPYX,USDT,True,1,True,656.48,65262.14,99.418,656.14,2.285,656.66,2.285,7.9219987812306805,1499.2799,0.01,0.0,0.0,1.0,0.0,0.0005,exchangeInfo.quotePrecision/baseSizePrecision/quoteAmountPrecision,1,False,0.607563025210084,0.8714285714285714,0.9831932773109243,74.8655462184874
mexc,EULUSDT,EUL-USDT,EUL,USDT,True,1,True,0.8835,89445.5765,100339.15,0.8827,100.8,0.884,564.88,14.716703458424949,88.97616000000001,0.0001,0.0001,0.0001,1.0,0.0,0.0005,exchangeInfo.quotePrecision/baseSizePrecision/quoteAmountPrecision,1,False,0.6978991596638655,0.7836134453781513,0.8432773109243697,74.84033613445378
mexc,DYMUSDT,DYM-USDT,DYM,USDT,True,1,True,0.02112,356517.34441,16141465.6,0.02106,287069.49,0.02119,11799.55,61.53846153846232,250.0324645,1e-05,0.0,0.0,1.0,0.0,0.0005,exchangeInfo.quotePrecision/baseSizePrecision/quoteAmountPrecision,1,False,0.903781512605042,0.26344537815126046,0.9252100840336135,74.7983193277311
mexc,LQTYUSDT,LQTY-USDT,LQTY,USDT,True,1,True,0.2684,112973.1377,416411.37,0.2682,74.57,0.2685,88.03,11.179429849078534,19.999674,0.0001,0.0001,0.0001,1.0,0.0,0.0005,exchangeInfo.quotePrecision/baseSizePrecision/quoteAmountPrecision,1,False,0.7554621848739496,0.8214285714285714,0.6336134453781512,74.75840336134453
mexc,HPUSDT,HP-USDT,HP,USDT,True,1,True,0.015373,108842.280238,7083376.5,0.01537,1721.59,0.015377,650.32,4.553289751845749,9.99997064,1e-06,0.0,0.0,1.0,0.0,0.0005,exchangeInfo.quotePrecision/baseSizePrecision/quoteAmountPrecision,1,False,0.7449579831932773,0.9348739495798319,0.5205882352941177,74.75630252100841
mexc,ANONUSDT,ANON-USDT,ANON,USDT,True,1,True,0.8325,371989.7905,448985.71,0.8317,35.96,0.8336,6.06,22.818711343301658,5.051616,0.0001,0.0,0.0,1.0,0.0,0.0005,exchangeInfo.quotePrecision/baseSizePrecision/quoteAmountPrecision,1,False,0.9063025210084034,0.6865546218487395,0.38487394957983195,74.70798319327731
mexc,SXTUSDT,SXT-USDT,SXT,USDT,True,1,True,0.01614,239048.80636,14561938.49,0.01613,6200.49,0.01617,600.0,24.76780185758628,9.702,1e-05,0.0,0.0,1.0,0.0,0.0005,exchangeInfo.quotePrecision/baseSizePrecision/quoteAmountPrecision,1,False,0.8659663865546219,0.6676470588235295,0.5147058823529411,74.61344537815127
mexc,PUFFERUSDT,PUFFER-USDT,PUFFER,USDT,True,1,True,0.0371,541674.84,18977199.11,0.0367,11525.12,0.037,10392.42,81.41112618724416,384.51954,0.0001,0.0,0.0,1.0,0.0,0.0005,exchangeInfo.quotePrecision/baseSizePrecision/quoteAmountPrecision,1,False,0.9310924369747899,0.17352941176470593,0.95,74.5483193277311
mexc,XRPEUR,XRP-EUR,XRP,EUR,True,1,True,1.1439,113890.5272,99600.75,1.1421,135.71,1.1457,437.12,31.47128245476045,154.994391,0.0001,0.0,0.0,1.0,0.0,0.0,exchangeInfo.quotePrecision/baseSizePrecision/quoteAmountPrecision,1,False,0.7563025210084033,0.5966386554621849,0.9004201680672269,74.52100840336135
mexc,AIXPLAYUSDT,AIXPLAY-USDT,AIXPLAY,USDT,True,1,True,0.000417,458393.6870695,1207889729.43,0.0004166,14706.47,0.0004175,7992.4,21.580146265436326,3.336827,1e-07,0.0,0.0,1.0,0.0,0.0005,exchangeInfo.quotePrecision/baseSizePrecision/quoteAmountPrecision,1,False,0.9218487394957983,0.7033613445378151,0.31092436974789917,74.50420168067227
mexc,PMTUSDT,PMT-USDT,PMT,USDT,True,1,True,0.10822,109610.62499,1012523.75,0.10813,190.58,0.10825,507.29,11.09159811442787,20.6074154,1e-05,0.0,0.0,1.0,0.0,0.0005,exchangeInfo.quotePrecision/baseSizePrecision/quoteAmountPrecision,1,False,0.7478991596638656,0.8222689075630252,0.6394957983193277,74.48109243697479
mexc,SUIUSDC,SUI-USDC,SUI,USDC,True,1,True,0.8713,98879.3103,113423.05,0.8701,619.7,0.8726,9266.38,28.691111493659925,539.20097,0.0001,0.0,0.0,1.0,0.0,0.0,exchangeInfo.quotePrecision/baseSizePrecision/quoteAmountPrecision,1,False,0.7180672268907563,0.6277310924369748,0.9634453781512605,74.45588235294119
mexc,PLBUSDT,PLB-USDT,PLB,USDT,True,1,True,0.655,332976.2139,495345.08,0.6545,0.64,0.6546,5.79,1.5277671682833855,0.41888,0.0001,0.0,0.0,1.0,0.0,0.0005,exchangeInfo.quotePrecision/baseSizePrecision/quoteAmountPrecision,1,False,0.8970588235294118,0.9810924369747899,0.029411764705882353,74.45378151260505
mexc,FORMUSDT,FORM-USDT,FORM,USDT,True,1,True,0.2085,92585.1811,456295.25,0.2082,450.0,0.2085,293.36,14.398848092152376,61.16556,0.0001,0.0,0.0,1.0,0.0,0.0005,exchangeInfo.quotePrecision/baseSizePrecision/quoteAmountPrecision,1,False,0.7050420168067227,0.7865546218487395,0.7991596638655463,74.42436974789916
mexc,ARIAUSDT,ARIA-USDT,ARIA,USDT,True,1,True,0.53222,765183.72395,1589538.86,0.53188,114.0,0.53526,107.0,63.34688981764227,57.272819999999996,1e-05,0.0,0.0,1.0,0.0,0.0005,exchangeInfo.quotePrecision/baseSizePrecision/quoteAmountPrecision,1,False,0.9487394957983193,0.253781512605042,0.792016806722689,74.3655462184874
mexc,MBGUSDT,MBG-USDT,MBG,USDT,True,1,True,0.3624,2049186.9158,5648953.9,0.3622,15.16,0.3635,11.22,35.8274769188361,4.07847,0.0001,0.0,0.0,1.0,0.0,0.0005,exchangeInfo.quotePrecision/baseSizePrecision/quoteAmountPrecision,1,False,0.9802521008403361,0.5399159663865547,0.34705882352941175,74.3529411764706
mexc,ADIUSDT,ADI-USDT,ADI,USDT,True,1,True,4.4899,98612.411,22186.83,4.4882,45.29,4.4916,4.84,7.572551727210114,21.739344,0.0001,0.0,0.0,1.0,0.0,0.0005,exchangeInfo.quotePrecision/baseSizePrecision/quoteAmountPrecision,1,False,0.7172268907563025,0.8773109243697479,0.6474789915966387,74.32983193277312
mexc,VICUSDT,VIC-USDT,VIC,USDT,True,1,True,0.04697,1211651.68275,23623810.28,0.04689,1506.74,0.04697,27.95,17.046665246110535,1.3128114999999998,1e-05,0.0001,0.0001,1.0,0.0,0.0005,exchangeInfo.quotePrecision/baseSizePrecision/quoteAmountPrecision,1,False,0.9642857142857143,0.7542016806722689,0.12184873949579832,74.32773109243698
mexc,ACHUSDT,ACH-USDT,ACH,USDT,True,1,True,0.006156,900517.295321,144361781.97,0.006153,1246406.48,0.00616,194.81,11.37009664582159,1.2000296,1e-06,0.001,0.001,1.0,0.0,0.0005,exchangeInfo.quotePrecision/baseSizePrecision/quoteAmountPrecision,1,False,0.9546218487394958,0.8184873949579832,0.06722689075630252,74.31092436974791
mexc,IOUSDT,IO-USDT,IO,USDT,True,1,True,0.0992,198815.9559,1975271.35,0.0991,1009.21,0.0995,627.0,40.28197381671817,62.386500000000005,0.0001,0.0,0.0,1.0,0.0,0.0005,exchangeInfo.quotePrecision/baseSizePrecision/quoteAmountPrecision,1,False,0.8420168067226891,0.47857142857142854,0.8016806722689076,74.30882352941177
mexc,SYNUSDT,SYN-USDT,SYN,USDT,True,1,True,0.05453,1037355.10565,17916409.19,0.05444,24.96,0.05454,25.08,18.35199119104348,1.3588224000000002,1e-05,0.001,0.001,1.0,0.0,0.0005,exchangeInfo.quotePrecision/baseSizePrecision/quoteAmountPrecision,1,False,0.9592436974789916,0.7411764705882353,0.15042016806722688,74.29621848739497
mexc,LPTUSDT,LPT-USDT,LPT,USDT,True,1,True,2.018,68434.072,33833.74,2.018,45.0,2.019,50.95,4.9541738915052465,90.80999999999999,0.001,0.001,0.001,1.0,0.0,0.0005,exchangeInfo.quotePrecision/baseSizePrecision/quoteAmountPrecision,1,False,0.6214285714285714,0.9256302521008404,0.8487394957983193,74.29411764705883
mexc,IRYSUSDT,IRYS-USDT,IRYS,USDT,True,1,True,0.02131,103621.53496,5060396.99,0.02129,13342.23,0.02135,7038.94,28.142589118199357,150.28136899999998,1e-05,0.0,0.0,1.0,0.0,0.0005,exchangeInfo.quotePrecision/baseSizePrecision/quoteAmountPrecision,1,False,0.7352941176470589,0.6340336134453781,0.8983193277310925,74.25840336134453
mexc,VINEUSDT,VINE-USDT,VINE,USDT,True,1,True,0.01862,121560.23454,6573108.76,0.0186,1108.39,0.01863,1144.45,16.11603545527921,20.616054000000002,1e-05,0.0,0.0,1.0,0.0,0.0005,exchangeInfo.quotePrecision/baseSizePrecision/quoteAmountPrecision,1,False,0.7697478991596639,0.7642857142857142,0.6399159663865546,74.24159663865547
mexc,DOGEEUR,DOGE-EUR,DOGE,EUR,True,1,True,0.0797,139340.36674,1758070.13,0.07944,1103.4,0.0797,800.66,32.675631519416406,63.81260199999999,1e-05,0.0,0.0,1.0,0.0,0.0,exchangeInfo.quotePrecision/baseSizePrecision/quoteAmountPrecision,1,False,0.792016806722689,0.5831932773109243,0.8042016806722689,74.22478991596638
mexc,SUIUSDE,SUI-USDE,SUI,USDE,True,1,True,0.8718,134103.4796,153780.07,0.8703,99.72,0.8731,76.23,32.121142594929736,66.556413,0.0001,0.0,0.0,1.0,0.0,0.0,exchangeInfo.quotePrecision/baseSizePrecision/quoteAmountPrecision,1,False,0.7857142857142857,0.5899159663865546,0.8084033613445378,74.13025210084034
mexc,VERDRAUSDT,VERDRA-USDT,VERDRA,USDT,True,1,True,0.11547,83272.29049,721802.17,0.11542,1703.86,0.11558,711.61,13.85281385281449,82.2478838,1e-05,0.0,0.0,1.0,0.0,0.0005,exchangeInfo.quotePrecision/baseSizePrecision/quoteAmountPrecision,1,False,0.684453781512605,0.7907563025210084,0.834873949579832,74.11134453781513
mexc,CELOUSDT,CELO-USDT,CELO,USDT,True,1,True,0.08426,86547.34403,1037540.05,0.08417,1440.0,0.08433,5622.56,18.99109792284954,121.20479999999999,1e-05,0.1,0.1,1.0,0.0,0.0005,exchangeInfo.quotePrecision/baseSizePrecision/quoteAmountPrecision,1,False,0.6928571428571428,0.7327731092436975,0.8827731092436975,74.08193277310924
mexc,ALICEUSDT,ALICE-USDT,ALICE,USDT,True,1,True,0.11079,413322.71244,3600200.74,0.11081,11.86,0.11091,1573.71,9.02038607252291,1.3142066000000001,1e-05,0.0001,0.0001,1.0,0.0,0.0005,exchangeInfo.quotePrecision/baseSizePrecision/quoteAmountPrecision,1,False,0.9130252100840336,0.8533613445378151,0.12605042016806722,74.07142857142858
mexc,SLPUSDT,SLP-USDT,SLP,USDT,True,1,True,0.0005885,83969.262539,141914035.0,0.000588,244222.0,0.0005891,833502.0,18.690000849545026,143.602536,1e-07,0.0001,0.0001,1.0,0.0,0.0005,exchangeInfo.quotePrecision/baseSizePrecision/quoteAmountPrecision,1,False,0.6865546218487395,0.7357142857142858,0.8941176470588236,74.03571428571429
mexc,ARKMUSDT,ARKM-USDT,ARKM,USDT,True,1,True,0.09594,262853.34096,2723428.47,0.09606,13.9,0.09611,634.98,5.203725867720715,1.335234,1e-05,0.0,0.0,1.0,0.0,0.0005,exchangeInfo.quotePrecision/baseSizePrecision/quoteAmountPrecision,1,False,0.876890756302521,0.9210084033613446,0.13781512605042018,74.01050420168067
mexc,HANAUSDT,HANA-USDT,HANA,USDT,True,1,True,0.04062,79294.916696,1939508.13,0.04061,21600.87,0.040699,19921.33,21.89179549619324,810.77820967,1e-06,0.0,0.0,1.0,0.0,0.0005,exchangeInfo.quotePrecision/baseSizePrecision/quoteAmountPrecision,1,False,0.6697478991596638,0.7,0.9760504201680672,73.85714285714286
mexc,XRPUSDE,XRP-USDE,XRP,USDE,True,1,True,1.3185,222730.0023,168860.46,1.3159,10.97,1.32,230.31,31.10891915474784,14.435423000000002,0.0001,0.0,0.0,1.0,0.0,0.0,exchangeInfo.quotePrecision/baseSizePrecision/quoteAmountPrecision,1,False,0.8567226890756302,0.6004201680672269,0.5815126050420169,73.76050420168067
mexc,APEPEUSDT,APEPE-USDT,APEPE,USDT,True,1,True,1.1678e-06,270650.9251476655,231568718339.0,1.1689e-06,876025.0,1.1691e-06,884217.0,1.7108639863132167,1.0239856225,1e-10,0.0,0.0,1.0,0.0,0.0005,exchangeInfo.quotePrecision/baseSizePrecision/quoteAmountPrecision,1,False,0.8798319327731092,0.9789915966386554,0.04453781512605042,73.75630252100841
mexc,GNOUSDT,GNO-USDT,GNO,USDT,True,1,True,118.03,158570.97,1324.31,117.98,1.84,118.02,0.02,3.389830508473902,2.3604,0.01,0.0,0.0,1.0,0.0,0.0005,exchangeInfo.quotePrecision/baseSizePrecision/quoteAmountPrecision,1,False,0.8121848739495798,0.9521008403361344,0.25672268907563023,73.60714285714286
mexc,ETHBRL,ETH-BRL,ETH,BRL,True,1,True,10626.61,257885.01,24.219,10604.95,0.0648,10631.74,0.0006,25.229920481957453,6.3790439999999995,0.01,0.0,0.0,5.0,0.0,0.0005,exchangeInfo.quotePrecision/baseSizePrecision/quoteAmountPrecision,1,False,0.8752100840336134,0.6621848739495798,0.4432773109243697,73.55672268907564
mexc,LKIUSDT,LKI-USDT,LKI,USDT,True,1,True,0.0002928,200157.7603898,656470446.89,0.0002928,4793.71,0.0002929,204684.8,3.414717432132574,1.4035982880000002,1e-07,0.0,0.0,1.0,0.0,0.0005,exchangeInfo.quotePrecision/baseSizePrecision/quoteAmountPrecision,1,False,0.8436974789915966,0.9516806722689075,0.16806722689075632,73.55672268907564
mexc,1INCHUSDT,1INCH-USDT,1INCH,USDT,True,1,True,0.08697,161616.07944,1831035.6,0.08694,223.76,0.08696,20.1,2.3001725129375785,1.7478960000000001,1e-05,0.0002,0.0002,1.0,0.0,0.0005,exchangeInfo.quotePrecision/baseSizePrecision/quoteAmountPrecision,1,False,0.8159663865546218,0.9714285714285714,0.21596638655462186,73.48319327731093
mexc,SOSOUSDT,SOSO-USDT,SOSO,USDT,True,1,True,0.4104,124997.5636,302776.65,0.4099,73.85,0.4109,173.85,24.36647173489281,30.271114999999998,0.0001,0.0,0.0,1.0,0.0,0.0005,exchangeInfo.quotePrecision/baseSizePrecision/quoteAmountPrecision,1,False,0.7747899159663866,0.6726890756302522,0.7004201680672268,73.4390756302521
mexc,NEXAUSDT,NEXA-USDT,NEXA,USDT,True,1,True,5.918e-07,173540.5932804424,278423604552.0,5.905e-07,19407505.0,5.915e-07,11941010.0,16.920473773265133,7.063107414999999,1e-10,0.0,0.0,1.0,0.0,0.0005,exchangeInfo.quotePrecision/baseSizePrecision/quoteAmountPrecision,1,False,0.8235294117647058,0.7567226890756302,0.46050420168067224,73.42226890756301
mexc,MEUSDT,ME-USDT,ME,USDT,True,1,True,0.10062,248344.10916,2479859.62,0.10061,20.25,0.1007,16.84,8.94143360985474,1.6957879999999999,1e-05,0.0,0.0,1.0,0.0,0.0005,exchangeInfo.quotePrecision/baseSizePrecision/quoteAmountPrecision,1,False,0.8689075630252101,0.8554621848739495,0.21092436974789916,73.39495798319328
mexc,XRDUSDT,XRD-USDT,XRD,USDT,True,1,True,0.001185,94368.072718,80052620.29,0.001184,17294.76,0.001185,166305.72,8.442380751373008,20.476995839999997,1e-06,0.0001,0.0001,1.0,0.0,0.0005,exchangeInfo.quotePrecision/baseSizePrecision/quoteAmountPrecision,1,False,0.7096638655462185,0.8626050420168068,0.6390756302521008,73.3781512605042
mexc,SOPHUSDT,SOPH-USDT,SOPH,USDT,True,1,True,0.008193,82441.664488,10110858.56,0.008187,8561.6,0.008199,10944.92,14.646649578908653,70.0938192,1e-06,0.0,0.0,1.0,0.0,0.0005,exchangeInfo.quotePrecision/baseSizePrecision/quoteAmountPrecision,1,False,0.6815126050420168,0.7852941176470588,0.8130252100840336,73.37605042016807
mexc,BCHUSDC,BCH-USDC,BCH,USDC,True,1,True,442.8,95044.8,214.99,442.1,1.32,443.2,0.27,24.850333220376502,119.664,0.1,0.0001,0.0001,1.0,0.0,0.0,exchangeInfo.quotePrecision/baseSizePrecision/quoteAmountPrecision,1,False,0.7105042016806723,0.6663865546218488,0.8810924369747899,73.35924369747899
mexc,HSKUSDT,HSK-USDT,HSK,USDT,True,1,True,0.1613,78844.1785,492368.28,0.1613,185.8,0.1614,309.79,6.197706848465385,29.969540000000002,0.0001,0.0,0.0,1.0,0.0,0.0005,exchangeInfo.quotePrecision/baseSizePrecision/quoteAmountPrecision,1,False,0.6680672268907563,0.9054621848739496,0.6983193277310924,73.34663865546219
mexc,XGZUSDT,XGZ-USDT,XGZ,USDT,True,1,True,149.48,63225.71,421.76,149.33,30.47,149.48,39.12,10.039824637728138,4550.0851,0.01,0.0,0.0,1.0,0.0,0.0005,exchangeInfo.quotePrecision/baseSizePrecision/quoteAmountPrecision,1,False,0.5903361344537815,0.8365546218487395,0.9945378151260504,73.27310924369748
mexc,MBLUSDT,MBL-USDT,MBL,USDT,True,1,True,0.0009345,673294.3151648,720093040.5,0.0009338,1393.65,0.0009353,647956.0,16.050505590925923,1.3013903700000002,1e-07,0.001,0.001,1.0,0.0,0.0005,exchangeInfo.quotePrecision/baseSizePrecision/quoteAmountPrecision,1,False,0.9428571428571428,0.7663865546218487,0.11260504201680673,73.26890756302521
mexc,GUAUSDT,GUA-USDT,GUA,USDT,True,1,True,0.49955,644481.61241,1235072.57,0.49914,76.66,0.50212,196.0,59.52499850188838,38.264072399999996,1e-05,0.0,0.0,1.0,0.0,0.0005,exchangeInfo.quotePrecision/baseSizePrecision/quoteAmountPrecision,1,False,0.9403361344537815,0.2735294117647059,0.734873949579832,73.25420168067227
mexc,EPICUSDT,EPIC-USDT,EPIC,USDT,True,1,True,0.2606,344266.5767,1315229.15,0.2602,6.78,0.2606,6.78,15.360983102919029,1.764156,0.0001,0.0,0.0,1.0,0.0,0.0005,exchangeInfo.quotePrecision/baseSizePrecision/quoteAmountPrecision,1,False,0.9008403361344538,0.7743697478991597,0.21680672268907564,73.24159663865547
mexc,TKOUSDT,TKO-USDT,TKO,USDT,True,1,True,0.05096,80076.48446,1540981.44,0.05089,11432.56,0.05101,8180.96,23.552502453386076,417.3107696,1e-05,0.01,0.01,1.0,0.0,0.0005,exchangeInfo.quotePrecision/baseSizePrecision/quoteAmountPrecision,1,False,0.6735294117647059,0.6810924369747899,0.954201680672269,73.15546218487395
mexc,DEGOUSDT,DEGO-USDT,DEGO,USDT,True,1,True,0.2567,321150.1489,1234869.92,0.2567,8.74,0.257,5.6,11.679968853417265,1.4392,0.0001,0.01,0.01,1.0,0.0,0.0005,exchangeInfo.quotePrecision/baseSizePrecision/quoteAmountPrecision,1,False,0.8945378151260505,0.8130252100840336,0.18067226890756302,73.13865546218487
mexc,QKCUSDT,QKC-USDT,QKC,USDT,True,1,True,0.00298,73392.68112,24648242.05,0.00298,8912.0,0.002981,20186.4,3.355141754739583,26.557760000000002,1e-06,0.001,0.001,1.0,0.0,0.0005,exchangeInfo.quotePrecision/baseSizePrecision/quoteAmountPrecision,1,False,0.6487394957983194,0.953781512605042,0.6785714285714286,73.09663865546219
mexc,ESUSDT,ES-USDT,ES,USDT,True,1,True,0.142,147341.80332,1057482.08,0.14169,174.15,0.1421,330.17,28.894605165791162,24.6753135,1e-05,0.0,0.0,1.0,0.0,0.0005,exchangeInfo.quotePrecision/baseSizePrecision/quoteAmountPrecision,1,False,0.7970588235294118,0.6256302521008403,0.6676470588235294,72.83193277310926
mexc,FIGHTUSDT,FIGHT-USDT,FIGHT,USDT,True,1,True,0.002415,137533.554938,50729329.37,0.002407,248911.01,0.002418,281207.79,45.59585492228045,599.12880107,1e-06,0.0,0.0,1.0,0.0,0.0005,exchangeInfo.quotePrecision/baseSizePrecision/quoteAmountPrecision,1,False,0.7899159663865546,0.4,0.9684873949579832,72.81512605042016
mexc,JUVUSDT,JUV-USDT,JUV,USDT,True,1,True,0.49,88411.6336,180813.31,0.4889,1930.44,0.4902,409.36,26.55499948932741,200.66827200000003,0.0001,0.0,0.0,1.0,0.0,0.0005,exchangeInfo.quotePrecision/baseSizePrecision/quoteAmountPrecision,1,False,0.696218487394958,0.6487394957983194,0.9130252100840336,72.77100840336135
mexc,AFCUSDT,AFC-USDT,AFC,USDT,True,1,True,0.51,152678.752,298778.73,0.5093,21.77,0.5104,55.43,21.574973031283513,11.087461,0.0001,0.01,0.01,1.0,0.0,0.0005,exchangeInfo.quotePrecision/baseSizePrecision/quoteAmountPrecision,1,False,0.8042016806722689,0.703781512605042,0.5441176470588235,72.70798319327731
mexc,PYRUSDT,PYR-USDT,PYR,USDT,True,1,True,0.2554,298268.8863,1152933.13,0.255,77.66,0.2554,7.5,15.673981191223021,1.9155000000000002,0.0001,0.0,0.0,1.0,0.0,0.0005,exchangeInfo.quotePrecision/baseSizePrecision/quoteAmountPrecision,1,False,0.8899159663865546,0.7701680672268908,0.22394957983193278,72.67857142857143
mexc,PLAYUSDT,PLAY-USDT,PLAY,USDT,True,1,True,0.0478,186923.50857,3904927.3,0.04765,402.47,0.04781,1318.53,33.52189398701036,19.177695500000002,1e-05,0.0,0.0,1.0,0.0,0.0005,exchangeInfo.quotePrecision/baseSizePrecision/quoteAmountPrecision,1,False,0.834873949579832,0.5684873949579832,0.6247899159663866,72.62605042016807
mexc,BANANAS31USDT,BANANAS31-USDT,BANANAS31,USDT,True,1,True,0.012703,77368.0510165,6044659.9,0.0126907,2173.6,0.0126993,6800.0,6.774320598661652,27.584505519999997,1e-07,0.0,0.0,1.0,0.0,0.0005,exchangeInfo.quotePrecision/baseSizePrecision/quoteAmountPrecision,1,False,0.6638655462184874,0.8932773109243698,0.6869747899159664,72.58403361344538
mexc,LINKUSDC,LINK-USDC,LINK,USDC,True,1,True,8.648,117206.94,13503.22,8.649,5.38,8.652,0.47,3.468007629616917,4.066439999999999,0.001,0.0,0.0,1.0,0.0,0.0,exchangeInfo.quotePrecision/baseSizePrecision/quoteAmountPrecision,1,False,0.7609243697478991,0.9512605042016806,0.34663865546218486,72.56512605042016
mexc,TAIKOUSDT,TAIKO-USDT,TAIKO,USDT,True,1,True,0.1175,100290.1265,839899.43,0.1174,100.0,0.1175,100.0,8.514261387823668,11.74,0.0001,0.0,0.0,1.0,0.0,0.0005,exchangeInfo.quotePrecision/baseSizePrecision/quoteAmountPrecision,1,False,0.7277310924369748,0.8613445378151261,0.5487394957983194,72.53361344537815
mexc,L3USDT,L3-USDT,L3,USDT,True,1,True,0.009328,373261.874609,41233590.98,0.009328,1148.2,0.009366,19080.18,40.65475553653562,10.7104096,1e-06,0.0,0.0,1.0,0.0,0.0005,exchangeInfo.quotePrecision/baseSizePrecision/quoteAmountPrecision,1,False,0.9067226890756303,0.4722689075630252,0.5386554621848739,72.44957983193278
mexc,ESPUSDT,ESP-USDT,ESP,USDT,True,1,True,0.07491,83846.30871,1098076.54,0.07488,496.0,0.07491,160.0,4.005607850991688,11.985600000000002,1e-05,0.0,0.0,1.0,0.0,0.0005,exchangeInfo.quotePrecision/baseSizePrecision/quoteAmountPrecision,1,False,0.6861344537815126,0.942436974789916,0.5529411764705883,72.35714285714285
mexc,NPCUSDT,NPC-USDT,NPC,USDT,True,1,True,0.007191,181456.498952,25439827.42,0.007187,664.0,0.007192,270.0,6.9545865498293296,1.9418399999999998,1e-06,0.0,0.0,1.0,0.0,0.0005,exchangeInfo.quotePrecision/baseSizePrecision/quoteAmountPrecision,1,False,0.8289915966386555,0.8890756302521008,0.22605042016806723,72.34243697478992
mexc,INTERUSDT,INTER-USDT,INTER,USDT,True,1,True,0.5004,149311.0468,298715.22,0.4994,43.08,0.5009,616.12,29.99100269919027,21.514152,0.0001,0.01,0.01,1.0,0.0,0.0005,exchangeInfo.quotePrecision/baseSizePrecision/quoteAmountPrecision,1,False,0.8012605042016807,0.6121848739495799,0.6466386554621849,72.30672268907564
mexc,B2USDT,B2-USDT,B2,USDT,True,1,True,0.7086,89480.14914,124652.71,0.70812,52.35,0.70847,14.82,4.941443889905653,10.499525400000001,1e-05,0.0,0.0,1.0,0.0,0.0005,exchangeInfo.quotePrecision/baseSizePrecision/quoteAmountPrecision,1,False,0.6987394957983193,0.9264705882352942,0.5323529411764706,72.23949579831933
mexc,ADAEUR,ADA-EUR,ADA,EUR,True,1,True,0.2142,103178.3176,484751.29,0.2137,281.69,0.2143,271.43,28.037383177569602,58.167449,0.0001,0.0,0.0,1.0,0.0,0.0,exchangeInfo.quotePrecision/baseSizePrecision/quoteAmountPrecision,1,False,0.7344537815126051,0.6348739495798319,0.7941176470588235,72.14915966386556
mexc,LQRUSDT,LQR-USDT,LQR,USDT,True,1,True,0.02322,108802.24935,4678918.77,0.02318,3307.09,0.02324,1710.4,25.850926324860417,39.749696,1e-05,0.0,0.0,1.0,0.0,0.0005,exchangeInfo.quotePrecision/baseSizePrecision/quoteAmountPrecision,1,False,0.7441176470588236,0.6558823529411765,0.7399159663865547,72.1218487394958
mexc,COOKIEUSDT,COOKIE-USDT,COOKIE,USDT,True,1,True,0.01648,176772.69179,10555726.37,0.01645,817.77,0.0165,6164.86,30.349013657057014,13.452316499999998,1e-05,0.0,0.0,1.0,0.0,0.0005,exchangeInfo.quotePrecision/baseSizePrecision/quoteAmountPrecision,1,False,0.8264705882352941,0.6075630252100841,0.5735294117647058,72.11554621848741
mexc,HYPEUSDC,HYPE-USDC,HYPE,USDC,True,1,True,35.69,129966.63,3662.34,35.6,2.36,35.72,1.18,33.65114974761566,42.1496,0.01,0.0,0.0,1.0,0.0,0.0,exchangeInfo.quotePrecision/baseSizePrecision/quoteAmountPrecision,1,False,0.7810924369747899,0.5647058823529412,0.7478991596638656,72.03571428571429
mexc,TRUMPEUR,TRUMP-EUR,TRUMP,EUR,True,1,True,2.434,127916.061,51945.01,2.429,128.78,2.438,26.86,36.983768235053795,65.48468,0.001,0.0,0.0,1.0,0.0,0.0,exchangeInfo.quotePrecision/baseSizePrecision/quoteAmountPrecision,1,False,0.7777310924369748,0.5243697478991597,0.8063025210084034,72.01050420168067
mexc,PHYCHAINUSDT,PHYCHAIN-USDT,PHYCHAIN,USDT,True,1,True,5.0,73303.989,14668.01,4.99,175.85,5.002,136.02,24.01921537229697,680.37204,0.001,0.0,0.0,1.0,0.0,0.0005,exchangeInfo.quotePrecision/baseSizePrecision/quoteAmountPrecision,1,False,0.6478991596638656,0.676890756302521,0.9718487394957983,71.9936974789916
mexc,PIXELUSDT,PIXEL-USDT,PIXEL,USDT,True,1,True,0.006616,98697.562373,14512617.71,0.006609,30443.04,0.006618,3025.26,13.608528010886006,20.02117068,1e-06,0.001,0.001,1.0,0.0,0.0005,exchangeInfo.quotePrecision/baseSizePrecision/quoteAmountPrecision,1,False,0.7176470588235294,0.7924369747899159,0.6352941176470588,71.9873949579832
mexc,ACUUSDT,ACU-USDT,ACU,USDT,True,1,True,0.08188,79967.08471,965712.93,0.08177,1247.39,0.08192,866.0,18.32732604313168,70.94272000000001,1e-05,0.0,0.0,1.0,0.0,0.0005,exchangeInfo.quotePrecision/baseSizePrecision/quoteAmountPrecision,1,False,0.673109243697479,0.7415966386554622,0.8151260504201681,71.86344537815127
mexc,EVDCUSDT,EVDC-USDT,EVDC,USDT,True,1,True,2.541e-05,123022.63348845,4853282997.22,2.538e-05,1368581.6,2.546e-05,4682743.37,31.471282454759727,34.734601008000006,1e-08,0.0,0.0,1.0,0.0,0.0005,exchangeInfo.quotePrecision/baseSizePrecision/quoteAmountPrecision,1,False,0.7714285714285715,0.5970588235294118,0.7205882352941176,71.76680672268908
mexc,PNUTUSDT,PNUT-USDT,PNUT,USDT,True,1,True,0.0405,198122.62297,4887740.77,0.04048,32.42,0.0405,439.36,4.939491232402862,1.3123616000000002,1e-05,0.0,0.0,1.0,0.0,0.0005,exchangeInfo.quotePrecision/baseSizePrecision/quoteAmountPrecision,1,False,0.8399159663865546,0.926890756302521,0.11932773109243698,71.75420168067227
mexc,IRUSDT,IR-USDT,IR,USDT,True,1,True,0.03801,68961.1545,1838118.39,0.038,7931.27,0.03807,7931.27,18.40410148547407,301.38826,1e-05,0.0,0.0,1.0,0.0,0.0005,exchangeInfo.quotePrecision/baseSizePrecision/quoteAmountPrecision,1,False,0.6252100840336134,0.7399159663865547,0.9403361344537815,71.69117647058823
mexc,PROPCUSDT,PROPC-USDT,PROPC,USDT,True,1,True,0.11078,220601.82908,2028305.79,0.11082,13.98,0.1109,11.86,7.216308858018829,1.3152739999999998,1e-05,0.0,0.0,1.0,0.0,0.0005,exchangeInfo.quotePrecision/baseSizePrecision/quoteAmountPrecision,1,False,0.8550420168067226,0.8831932773109243,0.1273109243697479,71.65336134453781
mexc,SUNUSDT,SUN-USDT,SUN,USDT,True,1,True,0.017117,210750.567823,12320610.2,0.017112,100.79,0.017131,98686.11,11.097158543352894,1.72471848,1e-06,0.001,0.001,1.0,0.0,0.0005,exchangeInfo.quotePrecision/baseSizePrecision/quoteAmountPrecision,1,False,0.8512605042016806,0.8218487394957983,0.2134453781512605,71.63445378151262
mexc,SAPIENUSDT,SAPIEN-USDT,SAPIEN,USDT,True,1,True,0.06904,150565.10209,2060680.17,0.06902,72.44,0.06906,28.9,5.793742757821318,1.9958339999999999,1e-05,0.0,0.0,1.0,0.0,0.0005,exchangeInfo.quotePrecision/baseSizePrecision/quoteAmountPrecision,1,False,0.8029411764705883,0.9155462184873949,0.2273109243697479,71.59663865546219
mexc,STBLUSDT,STBL-USDT,STBL,USDT,True,1,True,0.03504,118694.54709,3470429.48,0.03496,805.13,0.03506,1569.0,28.563267637818587,28.1473448,1e-05,0.0,0.0,1.0,0.0,0.0005,exchangeInfo.quotePrecision/baseSizePrecision/quoteAmountPrecision,1,False,0.7638655462184873,0.6294117647058823,0.6903361344537815,71.55462184873952
mexc,ARKUSDT,ARK-USDT,ARK,USDT,True,1,True,0.1638,70439.8787,429408.48,0.1638,468.0,0.164,468.0,12.202562538133359,76.6584,0.0001,0.01,0.01,1.0,0.0,0.0005,exchangeInfo.quotePrecision/baseSizePrecision/quoteAmountPrecision,1,False,0.634453781512605,0.8058823529411765,0.8256302521008403,71.5546218487395
mexc,ROAMUSDT,ROAM-USDT,ROAM,USDT,True,1,True,0.0295,469312.76715,14890254.25,0.0294,1229.13,0.02959,1357.6,64.41769791490174,36.136422,1e-05,0.0,0.0,1.0,0.0,0.0005,exchangeInfo.quotePrecision/baseSizePrecision/quoteAmountPrecision,1,False,0.9226890756302522,0.24831932773109244,0.7277310924369748,71.51050420168067
mexc,TOWNSUSDT,TOWNS-USDT,TOWNS,USDT,True,1,True,0.003509,274404.524785,79916856.73,0.003521,436.67,0.003526,391.73,14.190435646374997,1.3812399800000001,1e-06,0.0,0.0,1.0,0.0,0.0005,exchangeInfo.quotePrecision/baseSizePrecision/quoteAmountPrecision,1,False,0.8823529411764706,0.7894957983193277,0.1588235294117647,71.44327731092437
mexc,GGBRUSDT,GGBR-USDT,GGBR,USDT,True,1,True,4.679,94888.742,20319.66,4.678,3.18,4.683,8.56,10.682619378271324,14.87604,0.001,0.0,0.0,1.0,0.0,0.0005,exchangeInfo.quotePrecision/baseSizePrecision/quoteAmountPrecision,1,False,0.7100840336134454,0.826890756302521,0.5852941176470589,71.43277310924371
mexc,AUTONOMIUSDT,AUTONOMI-USDT,AUTONOMI,USDT,True,1,True,0.0851,101842.24623,1233205.2,0.08502,344.18,0.08517,213.35,17.62735765908659,18.1710195,1e-05,0.0,0.0,1.0,0.0,0.0005,exchangeInfo.quotePrecision/baseSizePrecision/quoteAmountPrecision,1,False,0.7310924369747899,0.7491596638655462,0.6184873949579832,71.30882352941177
mexc,OVRUSDT,OVR-USDT,OVR,USDT,True,1,True,0.0388,99791.9673,2556077.41,0.0387,1527.25,0.0388,1206.25,25.806451612903963,46.8025,0.0001,0.01,0.01,1.0,0.0,0.0005,exchangeInfo.quotePrecision/baseSizePrecision/quoteAmountPrecision,1,False,0.7218487394957983,0.6571428571428571,0.7588235294117647,71.30672268907563
mexc,PONDUSDT,POND-USDT,POND,USDT,True,1,True,0.002231,73840.849927,32965444.68,0.00223,200235.74,0.002232,13667.36,8.964589870012691,30.50554752,1e-06,0.001,0.001,1.0,0.0,0.0005,exchangeInfo.quotePrecision/baseSizePrecision/quoteAmountPrecision,1,False,0.6504201680672269,0.8550420168067226,0.7021008403361344,71.19117647058823
mexc,DEPUSDT,DEP-USDT,DEP,USDT,True,1,True,0.0011484,126033.4647136,111065225.79,0.0011457,62561.59,0.00115,44657.7,37.46134076752233,51.35635499999999,1e-07,0.0001,0.0001,1.0,0.0,0.0005,exchangeInfo.quotePrecision/baseSizePrecision/quoteAmountPrecision,1,False,0.7752100840336135,0.5205882352941176,0.7764705882352941,71.18067226890756
mexc,ZCHFUSDT,ZCHF-USDT,ZCHF,USDT,True,1,True,1.2473,289360.1091,231229.49,1.2474,10000.0,1.2541,26.81,53.56785928442876,33.622420999999996,0.0001,0.0,0.0,1.0,0.0,0.0005,exchangeInfo.quotePrecision/baseSizePrecision/quoteAmountPrecision,1,False,0.8873949579831932,0.32268907563025206,0.7147058823529412,71.16806722689077
mexc,SGTUSDT,SGT-USDT,SGT,USDT,True,1,True,0.0903,202512.7227,2248266.48,0.0899,680.96,0.0903,354.69,44.39511653718218,32.028507000000005,0.0001,0.1,0.1,1.0,0.0,0.0005,exchangeInfo.quotePrecision/baseSizePrecision/quoteAmountPrecision,1,False,0.8453781512605042,0.41848739495798315,0.7084033613445379,71.12605042016807
mexc,ORCAUSDT,ORCA-USDT,ORCA,USDT,True,1,True,0.8234,278656.7799,333586.52,0.8231,2.0,0.8238,1.24,8.500819721900818,1.021512,0.0001,0.0001,0.0001,1.0,0.0,0.0005,exchangeInfo.quotePrecision/baseSizePrecision/quoteAmountPrecision,1,False,0.8852941176470588,0.861764705882353,0.04411764705882353,71.11764705882354
mexc,BTRUSDT,BTR-USDT,BTR,USDT,True,1,True,0.02502,107533.82228,4176236.07,0.02498,670.69,0.02503,785.5,19.996000799840605,16.753836200000002,1e-05,0.0,0.0,1.0,0.0,0.0005,exchangeInfo.quotePrecision/baseSizePrecision/quoteAmountPrecision,1,False,0.742436974789916,0.7247899159663865,0.6050420168067226,71.0546218487395
mexc,PTBUSDT,PTB-USDT,PTB,USDT,True,1,True,0.00063,80871.0645997,128291086.15,0.0006299,14266.86,0.0006301,12938.45,3.174603174603252,8.152517345,1e-07,0.0,0.0,1.0,0.0,0.0005,exchangeInfo.quotePrecision/baseSizePrecision/quoteAmountPrecision,1,False,0.676890756302521,0.9596638655462185,0.4907563025210084,71.03571428571429
mexc,BPUSDT,BP-USDT,BP,USDT,True,1,True,0.1474,149275.9976,978137.5,0.1472,679.0,0.1479,997.66,47.441545238902485,99.94879999999999,0.0001,0.0,0.0,1.0,0.0,0.0005,exchangeInfo.quotePrecision/baseSizePrecision/quoteAmountPrecision,1,False,0.8008403361344538,0.3815126050420168,0.8647058823529412,70.87815126050421
mexc,KMNOUSDT,KMNO-USDT,KMNO,USDT,True,1,True,0.01748,97911.71929,5508442.4,0.01748,684.66,0.0175,5835.36,11.435105774729934,11.967856799999998,1e-05,0.0,0.0,1.0,0.0,0.0005,exchangeInfo.quotePrecision/baseSizePrecision/quoteAmountPrecision,1,False,0.7159663865546219,0.8176470588235294,0.5525210084033614,70.86974789915968
mexc,TSLAONUSDT,TSLAON-USDT,TSLAON,USDT,True,1,True,360.37,63749.64,176.341,360.26,0.808,360.8,0.808,14.977949130447412,291.09008,0.01,0.0,0.0,1.0,0.0,0.0005,exchangeInfo.quotePrecision/baseSizePrecision/quoteAmountPrecision,1,False,0.5941176470588235,0.776890756302521,0.9369747899159664,70.83823529411765
mexc,EDUUSDT,EDU-USDT,EDU,USDT,True,1,True,0.04967,346390.01091,6948471.21,0.04966,1140.56,0.0498,52.86,28.152020912928677,2.632428,1e-05,0.0,0.0,1.0,0.0,0.0005,exchangeInfo.quotePrecision/baseSizePrecision/quoteAmountPrecision,1,False,0.9016806722689076,0.6336134453781512,0.27016806722689074,70.83613445378151
mexc,ENSUSDT,ENS-USDT,ENS,USDT,True,1,True,5.51,171799.67,30799.17,5.509,0.24,5.512,4.48,5.444152073313175,1.32216,0.001,0.0001,0.0001,1.0,0.0,0.0005,exchangeInfo.quotePrecision/baseSizePrecision/quoteAmountPrecision,1,False,0.8226890756302521,0.9176470588235294,0.1323529411764706,70.83613445378151
mexc,NEXOUSDT,NEXO-USDT,NEXO,USDT,True,1,True,0.8615,160924.4348,186657.5,0.861,58.24,0.8616,1.71,6.966213862766109,1.473336,0.0001,0.01,0.01,1.0,0.0,0.0005,exchangeInfo.quotePrecision/baseSizePrecision/quoteAmountPrecision,1,False,0.815546218487395,0.8886554621848739,0.18823529411764706,70.83613445378151
mexc,TURBOUSDC,TURBO-USDC,TURBO,USDC,True,1,True,0.0009967,109435.268643,109579689.6,0.0009951,48986.43,0.0009984,51952.06,33.107599699020994,48.746396493000006,1e-07,0.0,0.0,1.0,0.0,0.0,exchangeInfo.quotePrecision/baseSizePrecision/quoteAmountPrecision,1,False,0.7474789915966387,0.5773109243697478,0.7642857142857142,70.8298319327731
mexc,BGBUSDT,BGB-USDT,BGB,USDT,True,1,True,1.90963,216786.43796,113358.49,1.9079,0.7,1.9097,0.72,9.430008382229799,1.3355299999999999,1e-05,0.0,0.0,1.0,0.0,0.0005,exchangeInfo.quotePrecision/baseSizePrecision/quoteAmountPrecision,1,False,0.8521008403361344,0.8457983193277311,0.13823529411764707,70.77521008403363
mexc,WALLETUSDT,WALLET-USDT,WALLET,USDT,True,1,True,0.01149,150991.2103,12704473.42,0.01145,4879.67,0.0115,8059.06,43.57298474945508,55.8722215,1e-05,0.0,0.0,1.0,0.0,0.0005,exchangeInfo.quotePrecision/baseSizePrecision/quoteAmountPrecision,1,False,0.8033613445378152,0.42983193277310927,0.7894957983193277,70.72058823529413
mexc,ANBUSDT,ANB-USDT,ANB,USDT,True,1,True,0.0213,70944.36123,3352659.65,0.02127,5053.78,0.02128,850.83,4.700352526439291,18.1056624,1e-05,0.0,0.0,1.0,0.0,0.0005,exchangeInfo.quotePrecision/baseSizePrecision/quoteAmountPrecision,1,False,0.6378151260504201,0.9310924369747899,0.6176470588235294,70.71008403361346
mexc,TSTUSDT,TST-USDT,TST,USDT,True,1,True,0.00879,69480.398468,7943146.97,0.008778,92638.8,0.0088,106275.52,25.031289111390585,813.1833864,1e-06,0.0,0.0,1.0,0.0,0.0005,exchangeInfo.quotePrecision/baseSizePrecision/quoteAmountPrecision,1,False,0.6281512605042017,0.6647058823529413,0.9764705882352941,70.69537815126051
mexc,ANIMEUSDT,ANIME-USDT,ANIME,USDT,True,1,True,0.00451,159464.913455,35559888.2,0.00451,367.83,0.004512,291.02,4.4336067390828315,1.31308224,1e-06,0.0,0.0,1.0,0.0,0.0005,exchangeInfo.quotePrecision/baseSizePrecision/quoteAmountPrecision,1,False,0.8138655462184874,0.9365546218487395,0.1226890756302521,70.63025210084035
mexc,REALUSDT,REAL-USDT,REAL,USDT,True,1,True,0.05815,72825.57496,1266150.91,0.05814,179.08,0.05815,4269.99,1.7198383351970181,10.411711200000001,1e-05,0.0,0.0,1.0,0.0,0.0005,exchangeInfo.quotePrecision/baseSizePrecision/quoteAmountPrecision,1,False,0.6457983193277311,0.9785714285714285,0.530672268907563,70.5966386554622
mexc,STORJUSDT,STORJ-USDT,STORJ,USDT,True,1,True,0.09271,174806.81602,1869476.62,0.09267,1152.0,0.09274,14.94,7.550833288387963,1.3855356,1e-05,0.5,0.5,1.0,0.0,0.0005,exchangeInfo.quotePrecision/baseSizePrecision/quoteAmountPrecision,1,False,0.8239495798319327,0.8781512605042017,0.16050420168067228,70.48109243697479
mexc,SPXUSDT,SPX-USDT,SPX,USDT,True,1,True,0.2645,120760.04,455914.54,0.2642,571.63,0.2648,43.0,22.684310018903194,11.386399999999998,0.0001,0.0,0.0,1.0,0.0,0.0005,exchangeInfo.quotePrecision/baseSizePrecision/quoteAmountPrecision,1,False,0.7676470588235295,0.6894957983193277,0.5462184873949579,70.38235294117648
mexc,SHMUSDT,SHM-USDT,SHM,USDT,True,1,True,6.08e-05,89970.4173522,1479608779.95,6.07e-05,1726667.42,6.09e-05,5118166.99,32.89473684210606,104.808712394,1e-07,0.0,0.0,1.0,0.0,0.0005,exchangeInfo.quotePrecision/baseSizePrecision/quoteAmountPrecision,1,False,0.6991596638655462,0.5802521008403361,0.8701680672268908,70.36344537815127
mexc,LABUSDT,LAB-USDT,LAB,USDT,True,1,True,0.20196,85267.88113,428646.66,0.20166,743.91,0.20233,742.53,33.16913784994697,150.0168906,1e-05,0.0,0.0,1.0,0.0,0.0005,exchangeInfo.quotePrecision/baseSizePrecision/quoteAmountPrecision,1,False,0.6903361344537815,0.5764705882352941,0.8978991596638656,70.33823529411765
mexc,LISTAUSDT,LISTA-USDT,LISTA,USDT,True,1,True,0.09132,182376.58253,2002084.38,0.09126,15.78,0.09135,18.43,9.857072449483242,1.4400827999999999,1e-05,0.0,0.0,1.0,0.0,0.0005,exchangeInfo.quotePrecision/baseSizePrecision/quoteAmountPrecision,1,False,0.8302521008403362,0.8411764705882353,0.1815126050420168,70.32352941176472
mexc,FUNTOKENUSDT,FUNTOKEN-USDT,FUNTOKEN,USDT,True,1,True,0.00141,75068.580887,53160240.82,0.001408,425833.6,0.001411,57665.6,21.28414331323139,81.3661616,1e-06,0.0,0.0,1.0,0.0,0.0005,exchangeInfo.quotePrecision/baseSizePrecision/quoteAmountPrecision,1,False,0.6533613445378151,0.7084033613445377,0.8323529411764706,70.2920168067227
mexc,TNSRUSDT,TNSR-USDT,TNSR,USDT,True,1,True,0.03668,79478.21979,2116700.45,0.0367,400.0,0.03673,400.0,8.171047255888686,14.680000000000001,1e-05,0.0,0.0,1.0,0.0,0.0005,exchangeInfo.quotePrecision/baseSizePrecision/quoteAmountPrecision,1,False,0.6705882352941176,0.8668067226890757,0.5840336134453782,70.23319327731092
mexc,OORTUSDT,OORT-USDT,OORT,USDT,True,1,True,0.00671,148290.53835,22180996.4,0.0067,1751.26,0.00672,433868.69,29.80625931445611,11.733442,1e-05,0.0,0.0,1.0,0.0,0.0005,exchangeInfo.quotePrecision/baseSizePrecision/quoteAmountPrecision,1,False,0.7983193277310925,0.6142857142857143,0.5483193277310925,70.2310924369748
mexc,PROPSUSDT,PROPS-USDT,PROPS,USDT,True,1,True,0.005228,176032.509586,33567093.35,0.005227,1294.3,0.005229,223.6,3.8255547054327956,1.1692044,1e-06,0.001,0.001,1.0,0.0,0.0005,exchangeInfo.quotePrecision/baseSizePrecision/quoteAmountPrecision,1,False,0.8256302521008403,0.9441176470588235,0.06050420168067227,70.22268907563026
mexc,MSFTONUSDT,MSFTON-USDT,MSFTON,USDT,True,1,True,372.15,63919.72,171.623,371.75,0.833,372.42,0.819,18.006638268138083,305.01198,0.01,0.0,0.0,1.0,0.0,0.0005,exchangeInfo.quotePrecision/baseSizePrecision/quoteAmountPrecision,1,False,0.5957983193277311,0.7445378151260504,0.9415966386554622,70.21428571428572
mexc,TBKUSDT,TBK-USDT,TBK,USDT,True,1,True,0.6223,93740.8113,150844.78,0.6218,64.23,0.6234,138.79,25.69868294249815,39.938214,0.0001,0.0,0.0,1.0,0.0,0.0005,exchangeInfo.quotePrecision/baseSizePrecision/quoteAmountPrecision,1,False,0.7075630252100841,0.6584033613445378,0.7411764705882353,70.1995798319328
mexc,PEPEEUR,PEPE-EUR,PEPE,EUR,True,1,True,2.964e-06,207569.692037341,69623108543.59,2.956e-06,4644088.17,2.968e-06,4727443.71,40.513166779202,13.72792463052,1e-09,0.0,0.0,1.0,0.0,0.0,exchangeInfo.quotePrecision/baseSizePrecision/quoteAmountPrecision,1,False,0.85,0.4752100840336134,0.5756302521008403,70.14285714285715
mexc,ONEUSDT,ONE-USDT,ONE,USDT,True,1,True,0.002264,438596.885182,192133841.39,0.002259,885462.6,0.00227,4460.0,48.57584455729621,10.1242,1e-06,0.001,0.001,1.0,0.0,0.0005,exchangeInfo.quotePrecision/baseSizePrecision/quoteAmountPrecision,1,False,0.9172268907563025,0.36638655462184877,0.5260504201680672,70.1281512605042
mexc,VTHOUSDT,VTHO-USDT,VTHO,USDT,True,1,True,0.0005444,254735.5665161,465860491.06,0.000544,205128.0,0.0005448,2411.58,14.69507714915539,1.313828784,1e-07,5.0,5.0,1.0,0.0,0.0005,exchangeInfo.quotePrecision/baseSizePrecision/quoteAmountPrecision,1,False,0.873109243697479,0.7840336134453781,0.12521008403361344,70.12605042016807
mexc,BUSDT,B-USDT,B,USDT,True,1,True,0.1826,102535.68598,552947.46,0.18246,248.18,0.18305,4100.93,32.28365844983609,45.2829228,1e-05,0.0,0.0,1.0,0.0,0.0005,exchangeInfo.quotePrecision/baseSizePrecision/quoteAmountPrecision,1,False,0.7323529411764705,0.5865546218487395,0.7563025210084033,70.06932773109243
mexc,XECUSDT,XEC-USDT,XEC,USDT,True,1,True,6.764e-06,96137.754616329,14294200686.33,6.76e-06,25026368.0,6.77e-06,1896646.89,14.781966001479306,12.8402994453,1e-09,0.001,0.001,1.0,0.0,0.0005,exchangeInfo.quotePrecision/baseSizePrecision/quoteAmountPrecision,1,False,0.7121848739495799,0.7827731092436975,0.5663865546218487,70.0672268907563
mexc,VINEBRL,VINE-BRL,VINE,BRL,True,1,True,0.09617,265427.72466,2776976.67,0.09614,72.23,0.09651,82.36,38.41162730339946,6.944192200000001,1e-05,0.0,0.0,5.0,0.0,0.0005,exchangeInfo.quotePrecision/baseSizePrecision/quoteAmountPrecision,1,False,0.8781512605042017,0.5054621848739496,0.45630252100840335,70.0609243697479
mexc,RAREUSDT,RARE-USDT,RARE,USDT,True,1,True,0.01454,101567.00756,6962754.2,0.01452,2000.0,0.01456,2000.0,27.51031636863831,29.04,1e-05,0.0001,0.0001,1.0,0.0,0.0005,exchangeInfo.quotePrecision/baseSizePrecision/quoteAmountPrecision,1,False,0.7302521008403361,0.638235294117647,0.6945378151260504,70.01050420168067
mexc,ATTUSDT,ATT-USDT,ATT,USDT,True,1,True,0.1092,251750.6541,2334850.18,0.1091,9.2,0.1092,73.56,9.161704076958577,1.00372,0.0001,0.0,0.0,1.0,0.0,0.0005,exchangeInfo.quotePrecision/baseSizePrecision/quoteAmountPrecision,1,False,0.8718487394957983,0.8491596638655462,0.040336134453781515,69.9873949579832
mexc,COTIUSDT,COTI-USDT,COTI,USDT,True,1,True,0.01393,84837.36484,6324628.83,0.01392,2500.0,0.01395,71684.0,21.52852529601759,34.8,1e-05,0.01,0.01,1.0,0.0,0.0005,exchangeInfo.quotePrecision/baseSizePrecision/quoteAmountPrecision,1,False,0.6890756302521008,0.7046218487394957,0.7210084033613445,69.93487394957984
mexc,PINUSDT,PIN-USDT,PIN,USDT,True,1,True,0.079,94327.76654,1203595.63,0.07899,43.41,0.079,780.14,1.2659029052466766,3.4289559,1e-05,0.0,0.0,1.0,0.0,0.0005,exchangeInfo.quotePrecision/baseSizePrecision/quoteAmountPrecision,1,False,0.7088235294117647,0.9836134453781512,0.3172268907563025,69.9201680672269
mexc,BBUSDT,BB-USDT,BB,USDT,True,1,True,0.02331,178052.35554,7680009.2,0.0233,45.0,0.02331,111818.25,4.290924694271441,1.0485,1e-05,0.0,0.0,1.0,0.0,0.0005,exchangeInfo.quotePrecision/baseSizePrecision/quoteAmountPrecision,1,False,0.8277310924369747,0.9373949579831933,0.046638655462184875,69.89285714285714
mexc,ETHEUR,ETH-EUR,ETH,EUR,True,1,True,1782.01,95997.09,53.8608,1781.24,0.009,1784.38,0.0415,17.612645206163865,16.03116,0.01,0.0,0.0,1.0,0.0,0.0,exchangeInfo.quotePrecision/baseSizePrecision/quoteAmountPrecision,1,False,0.711764705882353,0.7495798319327731,0.5991596638655462,69.86974789915968
mexc,CYBERUSDT,CYBER-USDT,CYBER,USDT,True,1,True,0.4855,133509.722,275531.96,0.4852,3.26,0.4855,3.71,6.18110641804815,1.581752,0.0001,0.0,0.0,1.0,0.0,0.0005,exchangeInfo.quotePrecision/baseSizePrecision/quoteAmountPrecision,1,False,0.7852941176470588,0.9058823529411765,0.2,69.83823529411765
mexc,ZILUSDT,ZIL-USDT,ZIL,USDT,True,1,True,0.003885,132090.254262,34085475.4,0.003884,984.29,0.003889,1290.54,12.865045670912723,3.8229823599999997,1e-06,1.0,1.0,1.0,0.0,0.0005,exchangeInfo.quotePrecision/baseSizePrecision/quoteAmountPrecision,1,False,0.7840336134453781,0.8,0.3357142857142857,69.83613445378151
mexc,COAIUSDT,COAI-USDT,COAI,USDT,True,1,True,0.2789,77438.4171,278552.0,0.2788,292.27,0.2795,1431.87,25.076123947699582,81.48487599999999,0.0001,0.0,0.0,1.0,0.0,0.0005,exchangeInfo.quotePrecision/baseSizePrecision/quoteAmountPrecision,1,False,0.6642857142857143,0.6638655462184874,0.8331932773109244,69.79621848739497
mexc,CLOUSDT,CLO-USDT,CLO,USDT,True,1,True,0.07378,110824.7529,1440450.77,0.07363,159.3,0.07378,135.98,20.35140085475848,10.032604399999999,1e-05,0.0,0.0,1.0,0.0,0.0005,exchangeInfo.quotePrecision/baseSizePrecision/quoteAmountPrecision,1,False,0.7504201680672269,0.7197478991596639,0.5226890756302521,69.72058823529412
mexc,ZKCUSDT,ZKC-USDT,ZKC,USDT,True,1,True,0.06793,67030.17521,984252.88,0.06787,1530.1,0.068,12233.2,19.135938764996705,103.847887,1e-05,0.0,0.0,1.0,0.0,0.0005,exchangeInfo.quotePrecision/baseSizePrecision/quoteAmountPrecision,1,False,0.6184873949579832,0.7319327731092438,0.8684873949579832,69.68487394957982
mexc,WINUSDT,WIN-USDT,WIN,USDT,True,1,True,1.925e-05,84530.58569989,4374369226.21,1.924e-05,3953652.0,1.925e-05,321707.2,5.196154845415224,6.1928636,1e-08,0.001,0.001,1.0,0.0,0.0005,exchangeInfo.quotePrecision/baseSizePrecision/quoteAmountPrecision,1,False,0.6882352941176471,0.9222689075630253,0.4365546218487395,69.640756302521
mexc,BZRUSDT,BZR-USDT,BZR,USDT,True,1,True,59.295,145515.423,2450.04,59.271,0.13,59.427,0.21,26.285194358792697,7.70523,0.001,0.0,0.0,1.0,0.0,0.0005,exchangeInfo.quotePrecision/baseSizePrecision/quoteAmountPrecision,1,False,0.795798319327731,0.6529411764705882,0.47689075630252103,69.63025210084034
mexc,TRACUSDT,TRAC-USDT,TRAC,USDT,True,1,True,0.3143,285044.4639,870425.53,0.3139,57.59,0.315,13.45,34.98171410399077,4.23675,0.0001,0.0,0.0,1.0,0.0,0.0005,exchangeInfo.quotePrecision/baseSizePrecision/quoteAmountPrecision,1,False,0.8869747899159663,0.5504201680672269,0.35294117647058826,69.6029411764706
mexc,BTSUSDT,BTS-USDT,BTS,USDT,True,1,True,0.000985,61842.6274949,62799728.11,0.0009849,36844.19,0.000985,22293.65,1.0152799634504963,21.959245250000002,1e-07,0.001,0.001,1.0,0.0,0.0005,exchangeInfo.quotePrecision/baseSizePrecision/quoteAmountPrecision,1,False,0.5789915966386555,0.9894957983193278,0.65,69.58193277310926
mexc,UUSDT,U-USDT,U,USDT,True,1,True,0.9999,56801.6731,56804.82,0.9998,426872.49,1.0001,260599.5,3.0001500075000442,260625.55995,0.0001,0.0,0.0,1.0,0.0,0.0005,exchangeInfo.quotePrecision/baseSizePrecision/quoteAmountPrecision,1,False,0.4638655462184874,0.9621848739495799,0.9991596638655462,69.55042016806723
mexc,AZTECUSDT,AZTEC-USDT,AZTEC,USDT,True,1,True,0.01857,91167.43017,4841626.82,0.01855,4235.69,0.0186,2102.26,26.91790040376741,39.102036,1e-05,0.0,0.0,1.0,0.0,0.0005,exchangeInfo.quotePrecision/baseSizePrecision/quoteAmountPrecision,1,False,0.7008403361344537,0.645798319327731,0.7373949579831933,69.4390756302521
mexc,BRISEUSDT,BRISE-USDT,BRISE,USDT,True,1,True,1.608e-08,189177.98772367166,11753861101095.0,1.606e-08,62889165.0,1.607e-08,3091483651.0,6.224712107065928,1.0099999899,1e-11,10000.0,10000.0,1.0,0.0,0.0005,exchangeInfo.quotePrecision/baseSizePrecision/quoteAmountPrecision,1,False,0.8357142857142857,0.9050420168067227,0.040756302521008404,69.40546218487395
mexc,TOKENUSDT,TOKEN-USDT,TOKEN,USDT,True,1,True,0.00243,76436.038429,31104764.43,0.002429,20381.28,0.002434,67726.85,20.56343820686735,49.50612912,1e-06,0.0001,0.0001,1.0,0.0,0.0005,exchangeInfo.quotePrecision/baseSizePrecision/quoteAmountPrecision,1,False,0.6563025210084034,0.7172268907563025,0.7680672268907563,69.38865546218487
mexc,GALAUSDT,GALA-USDT,GALA,USDT,True,1,True,0.00292,223503.710023,76705444.17,0.002917,1280.06,0.00292,410.96,10.27925304094557,1.2000031999999998,1e-06,0.001,0.001,1.0,0.0,0.0005,exchangeInfo.quotePrecision/baseSizePrecision/quoteAmountPrecision,1,False,0.8579831932773109,0.8327731092436975,0.06512605042016807,69.3109243697479
mexc,COWUSDT,COW-USDT,COW,USDT,True,1,True,0.2014,141134.7572,700543.13,0.2014,6.52,0.2015,28.16,4.964010920824856,1.3131279999999999,0.0001,0.0001,0.0001,1.0,0.0,0.0005,exchangeInfo.quotePrecision/baseSizePrecision/quoteAmountPrecision,1,False,0.7936974789915966,0.9252100840336135,0.123109243697479,69.24579831932773
mexc,BLOCKUSDT,BLOCK-USDT,BLOCK,USDT,True,1,True,0.004905,80769.243163,16469944.95,0.004902,6119.95,0.004912,11197.36,20.3790503362535,29.9999949,1e-06,0.0,0.0,1.0,0.0,0.0005,exchangeInfo.quotePrecision/baseSizePrecision/quoteAmountPrecision,1,False,0.6756302521008404,0.7184873949579832,0.6991596638655462,69.10504201680673
mexc,WEMIXUSDT,WEMIX-USDT,WEMIX,USDT,True,1,True,0.2468,90371.9634,360689.69,0.2467,73.87,0.2471,53.6,16.200891049007033,13.24456,0.0001,0.0001,0.0001,1.0,0.0,0.0005,exchangeInfo.quotePrecision/baseSizePrecision/quoteAmountPrecision,1,False,0.6995798319327731,0.7638655462184873,0.5714285714285714,69.00210084033614
mexc,AZEROUSDT,AZERO-USDT,AZERO,USDT,True,1,True,0.00489,59799.219488,11260828.41,0.004888,62394.3,0.004891,12531.71,6.135596686778603,61.29259361,1e-06,0.01,0.01,1.0,0.0,0.0005,exchangeInfo.quotePrecision/baseSizePrecision/quoteAmountPrecision,1,False,0.5491596638655463,0.9071428571428571,0.7995798319327732,68.87394957983194
mexc,LINEAUSDT,LINEA-USDT,LINEA,USDT,True,1,True,0.003051,124903.090729,41456088.57,0.003053,492.62,0.003055,8219.8,6.548788474131734,1.50396886,1e-06,0.0,0.0,1.0,0.0,0.0005,exchangeInfo.quotePrecision/baseSizePrecision/quoteAmountPrecision,1,False,0.7743697478991597,0.8966386554621849,0.19327731092436976,68.8718487394958
mexc,GCOINUSDT,GCOIN-USDT,GCOIN,USDT,True,1,True,0.0005021,688718.7214113,1388354713.53,0.0005004,6594.72,0.0005023,3225.8,37.897676274059876,1.6203193400000002,1e-07,0.0,0.0,1.0,0.0,0.0005,exchangeInfo.quotePrecision/baseSizePrecision/quoteAmountPrecision,1,False,0.9436974789915966,0.5147058823529411,0.2046218487394958,68.86344537815125
mexc,AGLDUSDT,AGLD-USDT,AGLD,USDT,True,1,True,0.2405,132010.986,552042.47,0.2401,416.54,0.2409,53.69,33.26403326403306,12.933921,0.0001,0.0001,0.0001,1.0,0.0,0.0005,exchangeInfo.quotePrecision/baseSizePrecision/quoteAmountPrecision,1,False,0.7836134453781513,0.5743697478991596,0.5676470588235294,68.8109243697479
mexc,INXUSDT,INX-USDT,INX,USDT,True,1,True,0.01208,85363.95193,7094354.02,0.01207,2594.65,0.0121,47339.08,24.82416218452526,31.317425500000002,1e-05,0.0,0.0,1.0,0.0,0.0005,exchangeInfo.quotePrecision/baseSizePrecision/quoteAmountPrecision,1,False,0.6907563025210084,0.6672268907563026,0.7054621848739496,68.78151260504201
mexc,SCUSDT,SC-USDT,SC,USDT,True,1,True,0.0009205,66687.2180239,72658135.34,0.00092,58818.4,0.0009211,41992.0,11.949378089185513,38.6788312,1e-07,0.0001,0.0001,1.0,0.0,0.0005,exchangeInfo.quotePrecision/baseSizePrecision/quoteAmountPrecision,1,False,0.6151260504201681,0.807563025210084,0.7361344537815127,68.7436974789916
mexc,PORTOUSDT,PORTO-USDT,PORTO,USDT,True,1,True,0.9914,69237.3701,70192.11,0.9907,88.4,0.992,32.4,13.11343117970412,32.1408,0.0001,0.01,0.01,1.0,0.0,0.0005,exchangeInfo.quotePrecision/baseSizePrecision/quoteAmountPrecision,1,False,0.6273109243697479,0.7970588235294118,0.7100840336134454,68.63025210084034
mexc,ZBCNUSDT,ZBCN-USDT,ZBCN,USDT,True,1,True,0.0024961,440304.1423365,179295228.46,0.0024898,24529.96,0.0024957,441.11,23.668639053254793,1.100878227,1e-07,0.0,0.0,1.0,0.0,0.0005,exchangeInfo.quotePrecision/baseSizePrecision/quoteAmountPrecision,1,False,0.9180672268907563,0.6798319327731093,0.05546218487394958,68.59873949579833
mexc,XPINUSDT,XPIN-USDT,XPIN,USDT,True,1,True,0.0010517,88356.7435127,82635587.5,0.0010517,22357.56,0.0010541,170948.28,22.79418748219259,23.513445852000004,1e-07,0.0,0.0,1.0,0.0,0.0005,exchangeInfo.quotePrecision/baseSizePrecision/quoteAmountPrecision,1,False,0.6953781512605042,0.6869747899159664,0.6579831932773109,68.57983193277312
mexc,CATUSDT,CAT-USDT,CAT,USDT,True,1,True,1.577e-06,199647.240139936,124344088813.0,1.575e-06,385750220.0,1.58e-06,2913159.0,31.695721077654213,4.602791219999999,1e-09,0.0,0.0,1.0,0.0,0.0005,exchangeInfo.quotePrecision/baseSizePrecision/quoteAmountPrecision,1,False,0.8432773109243697,0.5945378151260504,0.3634453781512605,68.5126050420168
mexc,GNSUSDT,GNS-USDT,GNS,USDT,True,1,True,0.7193,64987.9291,89534.77,0.7187,111.35,0.72,429.94,18.071870438589947,80.027245,0.0001,0.0,0.0,1.0,0.0,0.0005,exchangeInfo.quotePrecision/baseSizePrecision/quoteAmountPrecision,1,False,0.6054621848739495,0.7436974789915967,0.8306722689075631,68.5063025210084
mexc,PEPEUSDE,PEPE-USDE,PEPE,USDE,True,1,True,3.413e-06,276425.463613431,80317773905.0,3.405e-06,2106657.0,3.42e-06,2307850.0,43.95604395604354,7.173167085,1e-09,0.0,0.0,1.0,0.0,0.0,exchangeInfo.quotePrecision/baseSizePrecision/quoteAmountPrecision,1,False,0.8831932773109243,0.4243697478991597,0.4642857142857143,68.47058823529412
mexc,SAGAUSDT,SAGA-USDT,SAGA,USDT,True,1,True,0.02812,147365.8154,5272626.2,0.02815,75.12,0.02819,125.9,14.199503017393813,2.114628,1e-05,0.0,0.0,1.0,0.0,0.0005,exchangeInfo.quotePrecision/baseSizePrecision/quoteAmountPrecision,1,False,0.7974789915966387,0.7890756302521008,0.24243697478991597,68.43697478991598
mexc,VANKEDISIUSDT,VANKEDISI-USDT,VANKEDISI,USDT,True,1,True,0.00845,133482.48689,15860302.33,0.00842,6451.04,0.00846,24198.37,47.393364928910074,54.317756800000005,1e-05,0.0,0.0,1.0,0.0,0.0005,exchangeInfo.quotePrecision/baseSizePrecision/quoteAmountPrecision,1,False,0.7848739495798319,0.3819327731092437,0.7840336134453781,68.39705882352942
mexc,EDENUSDT,EDEN-USDT,EDEN,USDT,True,1,True,0.03415,250582.13559,7196375.91,0.03409,38.84,0.03416,38.48,20.512820512820692,1.3144768,1e-05,0.0,0.0,1.0,0.0,0.0005,exchangeInfo.quotePrecision/baseSizePrecision/quoteAmountPrecision,1,False,0.8710084033613446,0.7180672268907563,0.126890756302521,68.39495798319328
mexc,WBTCUSDC,WBTC-USDC,WBTC,USDC,True,1,True,66851.4,106870.8,1.604,66751.6,0.0001,66870.1,0.0014,17.73664008166338,6.675160000000001,0.1,1e-05,1e-05,1.0,0.0,0.0,exchangeInfo.quotePrecision/baseSizePrecision/quoteAmountPrecision,1,False,0.7394957983193278,0.7470588235294118,0.45,68.34873949579833
mexc,ALUUSDT,ALU-USDT,ALU,USDT,True,1,True,0.004189,90710.019268,21449853.85,0.004188,1468.68,0.004192,13122.68,9.546539379476206,6.15083184,1e-06,0.0,0.0,1.0,0.0,0.0005,exchangeInfo.quotePrecision/baseSizePrecision/quoteAmountPrecision,1,False,0.7004201680672268,0.8432773109243697,0.43487394957983194,68.30252100840336
mexc,NAORISUSDT,NAORIS-USDT,NAORIS,USDT,True,1,True,0.06181,177870.88165,2892830.43,0.0618,50.03,0.06195,4622.0,24.242424242423816,3.091854,1e-05,0.0,0.0,1.0,0.0,0.0005,exchangeInfo.quotePrecision/baseSizePrecision/quoteAmountPrecision,1,False,0.8273109243697478,0.6747899159663866,0.296218487394958,68.29621848739495
mexc,WAXPUSDT,WAXP-USDT,WAXP,USDT,True,1,True,0.006454,106337.71972,16413103.85,0.006453,312.27,0.006456,273.47,4.647920055774314,1.76552232,1e-06,0.001,0.001,1.0,0.0,0.0005,exchangeInfo.quotePrecision/baseSizePrecision/quoteAmountPrecision,1,False,0.7382352941176471,0.9336134453781513,0.21722689075630253,68.28781512605042
mexc,UMAUSDT,UMA-USDT,UMA,USDT,True,1,True,0.4023,128230.4346,325621.79,0.4015,33.83,0.4019,4.82,9.957679860591385,1.937158,0.0001,0.1,0.1,1.0,0.0,0.0005,exchangeInfo.quotePrecision/baseSizePrecision/quoteAmountPrecision,1,False,0.7785714285714286,0.8390756302521009,0.22436974789915967,68.28571428571429
mexc,ETHUSD1,ETH-USD1,ETH,USD1,True,1,True,2053.03,113921.87,55.44212,2048.71,0.00682,2055.07,0.05086,30.995813615740254,13.9722022,0.01,0.0,0.0,1.0,0.0001,0.0001,exchangeInfo.quotePrecision/baseSizePrecision/quoteAmountPrecision,1,False,0.7567226890756302,0.6021008403361345,0.5777310924369747,68.22689075630252
mexc,NIBIUSDT,NIBI-USDT,NIBI,USDT,True,1,True,0.003012,250666.682265,83431673.88,0.003005,1359.92,0.003016,1859.84,36.5387809334003,4.0865596,1e-06,0.0,0.0,1.0,0.0,0.0005,exchangeInfo.quotePrecision/baseSizePrecision/quoteAmountPrecision,1,False,0.8714285714285714,0.5323529411764706,0.3487394957983193,68.21218487394958
mexc,DRIFTUSDT,DRIFT-USDT,DRIFT,USDT,True,1,True,0.0402,233278.912,5694293.59,0.0402,39.84,0.0403,39.41,24.84472049689512,1.588223,0.0001,0.0,0.0,1.0,0.0,0.0005,exchangeInfo.quotePrecision/baseSizePrecision/quoteAmountPrecision,1,False,0.8638655462184874,0.6668067226890757,0.20126050420168068,68.20798319327733
mexc,TAPUSDT,TAP-USDT,TAP,USDT,True,1,True,0.0697,115039.8796,1636495.42,0.069,159.77,0.0692,328.16,28.943560057885943,11.024130000000001,0.0001,0.0,0.0,1.0,0.0,0.0005,exchangeInfo.quotePrecision/baseSizePrecision/quoteAmountPrecision,1,False,0.7579831932773109,0.6252100840336134,0.5436974789915966,68.19327731092437
mexc,SPKUSDT,SPK-USDT,SPK,USDT,True,1,True,0.02019,141052.37991,7011425.32,0.02018,555.2,0.02019,59.44,4.954173891503389,1.2000936,1e-05,0.0,0.0,1.0,0.0,0.0005,exchangeInfo.quotePrecision/baseSizePrecision/quoteAmountPrecision,1,False,0.7932773109243697,0.9260504201680673,0.07016806722689076,68.18487394957982
mexc,SCRTUSDT,SCRT-USDT,SCRT,USDT,True,1,True,0.08269,151956.88828,1899053.9,0.08259,15.89,0.08266,16.98,8.472012102874507,1.3123551,1e-05,0.0001,0.0001,1.0,0.0,0.0005,exchangeInfo.quotePrecision/baseSizePrecision/quoteAmountPrecision,1,False,0.803781512605042,0.8621848739495799,0.11890756302521008,68.14075630252101
mexc,DOGSUSDT,DOGS-USDT,DOGS,USDT,True,1,True,2.701e-05,122576.73380922,4498161079.41,2.701e-05,888168.12,2.703e-05,53607.16,7.401924500370025,1.4490015348,1e-08,0.0,0.0,1.0,0.0,0.0005,exchangeInfo.quotePrecision/baseSizePrecision/quoteAmountPrecision,1,False,0.7701680672268908,0.8802521008403361,0.18487394957983194,68.06302521008404
mexc,NLSUSDT,NLS-USDT,NLS,USDT,True,1,True,0.004169,99526.942557,23783414.76,0.004163,3152.78,0.004173,6977.19,23.992322456812843,13.125023140000001,1e-06,0.0,0.0,1.0,0.0,0.0005,exchangeInfo.quotePrecision/baseSizePrecision/quoteAmountPrecision,1,False,0.7214285714285714,0.6777310924369748,0.5697478991596638,68.01680672268908
mexc,OPENUSDT,OPEN-USDT,OPEN,USDT,True,1,True,0.16281,60801.1543,384577.46,0.16267,4347.85,0.1628,275.48,7.988447475957306,44.848144000000005,1e-05,0.0,0.0,1.0,0.0,0.0005,exchangeInfo.quotePrecision/baseSizePrecision/quoteAmountPrecision,1,False,0.5659663865546218,0.8705882352941177,0.7550420168067227,67.9936974789916
mexc,BLUAIUSDT,BLUAI-USDT,BLUAI,USDT,True,1,True,0.006795,98405.22641,14481316.41,0.006785,1799.2,0.006798,1416.54,19.14157402635646,9.62963892,1e-06,0.0,0.0,1.0,0.0,0.0005,exchangeInfo.quotePrecision/baseSizePrecision/quoteAmountPrecision,1,False,0.7163865546218487,0.7315126050420169,0.5142857142857142,67.9747899159664
mexc,UNPUSDT,UNP-USDT,UNP,USDT,True,1,True,0.15416,230407.22129,1493788.8,0.15361,1140.14,0.1549,477.94,83.62775922984754,74.03290600000001,1e-05,0.0,0.0,1.0,0.0,0.0005,exchangeInfo.quotePrecision/baseSizePrecision/quoteAmountPrecision,1,False,0.8621848739495799,0.16386554621848737,0.8214285714285714,67.9453781512605
mexc,BANANAUSDT,BANANA-USDT,BANANA,USDT,True,1,True,3.395,146242.591,43959.12,3.393,0.45,3.396,0.39,8.837825894830207,1.32444,0.001,0.0,0.0,1.0,0.0,0.0005,exchangeInfo.quotePrecision/baseSizePrecision/quoteAmountPrecision,1,False,0.7962184873949579,0.8575630252100841,0.13361344537815126,67.90336134453781
mexc,MGOUSDT,MGO-USDT,MGO,USDT,True,1,True,0.01897,108571.86361,5553526.12,0.01894,176.77,0.01896,362.12,10.554089709763934,3.3480238,1e-05,0.0,0.0,1.0,0.0,0.0005,exchangeInfo.quotePrecision/baseSizePrecision/quoteAmountPrecision,1,False,0.7436974789915967,0.8294117647058823,0.31134453781512605,67.8655462184874
mexc,CLANKERUSDT,CLANKER-USDT,CLANKER,USDT,True,1,True,25.0,66992.77,2672.41,24.96,6.0,25.03,20.21,28.005601120224156,149.76,0.01,0.0,0.0,1.0,0.0,0.0005,exchangeInfo.quotePrecision/baseSizePrecision/quoteAmountPrecision,1,False,0.6180672268907563,0.6352941176470588,0.8974789915966387,67.82563025210084
mexc,SANTOSUSDT,SANTOS-USDT,SANTOS,USDT,True,1,True,1.0527,134360.2713,127898.31,1.052,244.45,1.053,1.34,9.50118764845501,1.41102,0.0001,0.01,0.01,1.0,0.0,0.0005,exchangeInfo.quotePrecision/baseSizePrecision/quoteAmountPrecision,1,False,0.7861344537815126,0.8441176470588235,0.17058823529411765,67.75210084033614
mexc,SNSYUSDT,SNSY-USDT,SNSY,USDT,True,1,True,0.0001847,171708.087664,924564626.15,0.0001836,524188.38,0.0001849,603073.26,70.55630936227976,96.240986568,1e-07,0.0,0.0,1.0,0.0,0.0005,exchangeInfo.quotePrecision/baseSizePrecision/quoteAmountPrecision,1,False,0.8222689075630252,0.2142857142857143,0.8571428571428571,67.7247899159664
mexc,GOMININGUSDT,GOMINING-USDT,GOMINING,USDT,True,1,True,0.3026,180254.4219,594752.06,0.3018,180.38,0.3037,429.6,62.75805119735797,54.438684,0.0001,0.01,0.01,1.0,0.0,0.0005,exchangeInfo.quotePrecision/baseSizePrecision/quoteAmountPrecision,1,False,0.8281512605042017,0.257563025210084,0.784453781512605,67.6764705882353
mexc,MBOXUSDT,MBOX-USDT,MBOX,USDT,True,1,True,0.01292,185466.78731,14406797.73,0.0129,20492.45,0.01294,297.27,30.959752321981505,3.8466737999999996,1e-05,0.0001,0.0001,1.0,0.0,0.0005,exchangeInfo.quotePrecision/baseSizePrecision/quoteAmountPrecision,1,False,0.8336134453781513,0.6029411764705883,0.3369747899159664,67.66176470588235
mexc,AUCTIONUSDT,AUCTION-USDT,AUCTION,USDT,True,1,True,4.655,112108.488,24127.88,4.653,0.41,4.656,0.31,6.445375443119806,1.44336,0.001,0.001,0.001,1.0,0.0,0.0005,exchangeInfo.quotePrecision/baseSizePrecision/quoteAmountPrecision,1,False,0.7542016806722689,0.9,0.18277310924369747,67.63655462184875
mexc,XAIUSDT,XAI-USDT,XAI,USDT,True,1,True,0.009065,222561.665299,24344018.86,0.009058,43676.72,0.009073,133.0,16.546246759692668,1.206709,1e-06,0.0,0.0,1.0,0.0,0.0005,exchangeInfo.quotePrecision/baseSizePrecision/quoteAmountPrecision,1,False,0.8558823529411764,0.7592436974789916,0.0773109243697479,67.60084033613445
mexc,GXEUSDT,GXE-USDT,GXE,USDT,True,1,True,0.0003303,72003.7745882,217501721.78,0.0003303,233546.65,0.0003312,208179.99,27.210884353740518,68.94921268799999,1e-07,0.001,0.001,1.0,0.0,0.0005,exchangeInfo.quotePrecision/baseSizePrecision/quoteAmountPrecision,1,False,0.6415966386554622,0.6428571428571428,0.8117647058823529,67.59453781512606
mexc,ETHUSDF,ETH-USDF,ETH,USDF,True,1,True,2056.16,74468.68,36.17769,2053.42,0.13344,2061.12,0.14062,37.42824228224695,274.00836480000004,0.01,0.0,0.0,1.0,0.0,0.0005,exchangeInfo.quotePrecision/baseSizePrecision/quoteAmountPrecision,1,False,0.6529411764705882,0.5210084033613445,0.9302521008403362,67.5420168067227
mexc,GPSUSDT,GPS-USDT,GPS,USDT,True,1,True,0.007797,100207.906924,12955330.59,0.007786,1975.78,0.007808,1907.23,28.215980505321856,14.89165184,1e-06,0.0,0.0,1.0,0.0,0.0005,exchangeInfo.quotePrecision/baseSizePrecision/quoteAmountPrecision,1,False,0.726890756302521,0.6323529411764706,0.5861344537815126,67.51050420168067
mexc,TRUMPUSDC,TRUMP-USDC,TRUMP,USDC,True,1,True,2.803,182674.553,64283.26,2.8,19.05,2.808,1.15,28.53067047075609,3.2291999999999996,0.001,0.0,0.0,1.0,0.0,0.0,exchangeInfo.quotePrecision/baseSizePrecision/quoteAmountPrecision,1,False,0.8306722689075631,0.6298319327731092,0.303781512605042,67.50840336134455
mexc,NEWTUSDT,NEWT-USDT,NEWT,USDT,True,1,True,0.06433,154854.05432,2414183.01,0.0643,20.41,0.06437,20.4,10.880547136084653,1.312363,1e-05,0.0,0.0,1.0,0.0,0.0005,exchangeInfo.quotePrecision/baseSizePrecision/quoteAmountPrecision,1,False,0.807563025210084,0.8256302521008403,0.11974789915966387,67.4516806722689
mexc,DVOUSDT,DVO-USDT,DVO,USDT,True,1,True,0.0007891,82728.917305,104634719.89,0.000789,17430.16,0.0007898,8568.76,10.13427919939219,6.767606648,1e-07,0.0,0.0,1.0,0.0,0.0005,exchangeInfo.quotePrecision/baseSizePrecision/quoteAmountPrecision,1,False,0.6827731092436975,0.8340336134453782,0.45168067226890757,67.43697478991596
mexc,IKAUSDT,IKA-USDT,IKA,USDT,True,1,True,0.004692,90631.197831,19850971.81,0.004692,426.25,0.004693,7032.7,2.131060202451002,1.999965,1e-06,0.0,0.0,1.0,0.0,0.0005,exchangeInfo.quotePrecision/baseSizePrecision/quoteAmountPrecision,1,False,0.7,0.9739495798319328,0.22857142857142856,67.4201680672269
mexc,SNXUSDT,SNX-USDT,SNX,USDT,True,1,True,0.2803,141509.8449,506743.81,0.2801,357.06,0.2805,5.6,14.270424545130627,1.5708,0.0001,0.01,0.01,1.0,0.0,0.0005,exchangeInfo.quotePrecision/baseSizePrecision/quoteAmountPrecision,1,False,0.7945378151260504,0.7878151260504201,0.19957983193277312,67.38655462184873
mexc,SOLUSD1,SOL-USD1,SOL,USD1,True,1,True,80.08,78241.35,980.84,79.96,0.62,80.2,2.54,29.970029970031106,49.575199999999995,0.01,0.0,0.0,1.0,0.0001,0.0001,exchangeInfo.quotePrecision/baseSizePrecision/quoteAmountPrecision,1,False,0.6668067226890756,0.6130252100840337,0.7684873949579832,67.36974789915968
mexc,GRIFFAINUSDT,GRIFFAIN-USDT,GRIFFAIN,USDT,True,1,True,0.0118,110032.581577,9030399.56,0.011788,394.91,0.011807,351.66,16.105107014197856,4.1520496200000006,1e-06,0.0,0.0,1.0,0.0,0.0005,exchangeInfo.quotePrecision/baseSizePrecision/quoteAmountPrecision,1,False,0.7487394957983193,0.7647058823529411,0.35,67.29831932773108
mexc,BASUSDT,BAS-USDT,BAS,USDT,True,1,True,0.005065,175359.180628,32695766.1,0.005059,4930.0,0.005085,6969.06,51.2618296529968,24.94087,1e-06,0.0,0.0,1.0,0.0,0.0005,exchangeInfo.quotePrecision/baseSizePrecision/quoteAmountPrecision,1,False,0.8252100840336134,0.3403361344537815,0.6693277310924369,67.28151260504202
mexc,MITOUSDT,MITO-USDT,MITO,USDT,True,1,True,0.03798,66231.30722,1733305.53,0.03803,4324.8,0.03804,193.28,2.6291573550666816,7.352371199999999,1e-05,0.0,0.0,1.0,0.0,0.0005,exchangeInfo.quotePrecision/baseSizePrecision/quoteAmountPrecision,1,False,0.6121848739495799,0.9659663865546219,0.4676470588235294,67.17226890756302
mexc,METISUSDT,METIS-USDT,METIS,USDT,True,1,True,2.854,120698.513,42609.549,2.852,0.58,2.855,0.704,10.513404590853737,1.6541599999999999,0.001,1e-05,1e-05,1.0,0.0,0.0005,exchangeInfo.quotePrecision/baseSizePrecision/quoteAmountPrecision,1,False,0.7672268907563026,0.8302521008403361,0.20840336134453782,67.1218487394958
mexc,MEMEUSDT,MEME-USDT,MEME,USDT,True,1,True,0.0005093,141370.4454591,276818063.92,0.000509,2578.08,0.0005095,2576.31,9.818360333823428,1.31224272,1e-07,0.0001,0.0001,1.0,0.0,0.0005,exchangeInfo.quotePrecision/baseSizePrecision/quoteAmountPrecision,1,False,0.7941176470588235,0.8415966386554622,0.11848739495798319,67.08613445378153
mexc,JASMYUSDT,JASMY-USDT,JASMY,USDT,True,1,True,0.005307,69406.991833,13087342.53,0.005299,10407.57,0.005312,104297.37,24.5028743756479,55.14971343,1e-06,0.0001,0.0001,1.0,0.0,0.0005,exchangeInfo.quotePrecision/baseSizePrecision/quoteAmountPrecision,1,False,0.6277310924369748,0.6714285714285715,0.7873949579831933,67.05882352941177
mexc,MOVEUSDT,MOVE-USDT,MOVE,USDT,True,1,True,0.01751,120667.91264,6842730.24,0.01748,6429.7,0.01758,7214.8,57.0450656018251,112.391156,1e-05,0.0,0.0,1.0,0.0,0.0005,exchangeInfo.quotePrecision/baseSizePrecision/quoteAmountPrecision,1,False,0.7668067226890757,0.2936974789915966,0.8756302521008403,67.02941176470588
mexc,ACTUSDT,ACT-USDT,ACT,USDT,True,1,True,0.01198,230333.26159,19020987.09,0.01195,213.72,0.01199,2854.61,33.41687552213877,2.553954,1e-05,0.0,0.0,1.0,0.0,0.0005,exchangeInfo.quotePrecision/baseSizePrecision/quoteAmountPrecision,1,False,0.861764705882353,0.5722689075630252,0.26596638655462185,67.02310924369749
mexc,LKTUSDT,LKT-USDT,LKT,USDT,True,1,True,0.1206,585867.1126,3700578.75,0.12,35.74,0.1206,31.71,49.875311720698534,3.824226,0.0001,0.0,0.0,1.0,0.0,0.0005,exchangeInfo.quotePrecision/baseSizePrecision/quoteAmountPrecision,1,False,0.9352941176470588,0.3533613445378151,0.33613445378151263,66.99789915966386
mexc,OMIUSDT,OMI-USDT,OMI,USDT,True,1,True,0.0001217,64193.5117769,532281001.64,0.0001216,350980.7,0.0001218,987974.34,16.433853738702123,42.67925312,1e-07,0.0,0.0,1.0,0.0,0.0005,exchangeInfo.quotePrecision/baseSizePrecision/quoteAmountPrecision,1,False,0.5987394957983193,0.7609243697478991,0.7504201680672269,66.96218487394957
mexc,XVSUSDT,XVS-USDT,XVS,USDT,True,1,True,2.5892,131234.211,50503.298,2.5902,0.507,2.5925,0.568,8.875682559283652,1.3132313999999998,0.0001,0.001,0.001,1.0,0.0,0.0005,exchangeInfo.quotePrecision/baseSizePrecision/quoteAmountPrecision,1,False,0.7827731092436975,0.8567226890756303,0.12394957983193278,66.94957983193278
mexc,TCOMUSDT,TCOM-USDT,TCOM,USDT,True,1,True,0.01238,70100.81178,5677245.77,0.01238,807.1,0.01239,8633.74,8.074283407347268,9.991898,1e-05,0.0,0.0,1.0,0.0,0.0005,exchangeInfo.quotePrecision/baseSizePrecision/quoteAmountPrecision,1,False,0.6315126050420168,0.869327731092437,0.519327731092437,66.8529411764706
mexc,BICOUSDT,BICO-USDT,BICO,USDT,True,1,True,0.02275,201581.107,8688792.17,0.02273,69.71,0.02279,4905.41,26.362038664323823,1.5845083,1e-05,0.1,0.1,1.0,0.0,0.0005,exchangeInfo.quotePrecision/baseSizePrecision/quoteAmountPrecision,1,False,0.8449579831932773,0.6521008403361345,0.2004201680672269,66.78361344537815
mexc,BEATUSDT,BEAT-USDT,BEAT,USDT,True,1,True,0.36582,152801.35779,398261.68,0.36491,50.98,0.36655,47.0,44.841823202908564,17.22785,1e-05,0.0,0.0,1.0,0.0,0.0005,exchangeInfo.quotePrecision/baseSizePrecision/quoteAmountPrecision,1,False,0.8050420168067227,0.41092436974789914,0.6100840336134454,66.75210084033614
mexc,XYOUSDT,XYO-USDT,XYO,USDT,True,1,True,0.00358,132623.00753,36605084.77,0.00357,105762.95,0.00359,16850.83,55.865921787709645,60.49447970000001,1e-05,0.001,0.001,1.0,0.0,0.0005,exchangeInfo.quotePrecision/baseSizePrecision/quoteAmountPrecision,1,False,0.784453781512605,0.3054621848739496,0.7983193277310925,66.74789915966387
mexc,HNTUSDT,HNT-USDT,HNT,USDT,True,1,True,1.0236,123829.9303,117960.5,1.0227,2.68,1.0239,1.49,11.726766344181472,1.525611,0.0001,0.0,0.0,1.0,0.0,0.0005,exchangeInfo.quotePrecision/baseSizePrecision/quoteAmountPrecision,1,False,0.773109243697479,0.8121848739495798,0.1957983193277311,66.74159663865547
mexc,XLMUSDC,XLM-USDC,XLM,USDC,True,1,True,0.1629,76858.8437,468401.86,0.1628,606.42,0.1634,3205.67,36.787247087675624,98.72517599999999,0.0001,0.0,0.0,1.0,0.0,0.0,exchangeInfo.quotePrecision/baseSizePrecision/quoteAmountPrecision,1,False,0.6584033613445378,0.5281512605042017,0.8634453781512605,66.68487394957984
mexc,APRUSDT,APR-USDT,APR,USDT,True,1,True,0.17704,157179.76837,877030.48,0.1773,132.24,0.17815,114.37,47.82669855113178,20.3750155,1e-05,0.0,0.0,1.0,0.0,0.0005,exchangeInfo.quotePrecision/baseSizePrecision/quoteAmountPrecision,1,False,0.8100840336134454,0.37521008403361344,0.6373949579831932,66.6827731092437
mexc,USELESSUSDT,USELESS-USDT,USELESS,USDT,True,1,True,0.034682,198604.585843,5808794.79,0.034553,1097.6,0.034712,290.9,45.91063307586788,10.0977208,1e-06,0.0,0.0,1.0,0.0,0.0005,exchangeInfo.quotePrecision/baseSizePrecision/quoteAmountPrecision,1,False,0.8411764705882353,0.39579831932773113,0.5252100840336135,66.6638655462185
mexc,JELLYJELLYUSDT,JELLYJELLY-USDT,JELLYJELLY,USDT,True,1,True,0.041573,158866.699398,3815921.14,0.041444,206.67,0.041611,12646.76,40.21431581482162,8.56523148,1e-06,0.0,0.0,1.0,0.0,0.0005,exchangeInfo.quotePrecision/baseSizePrecision/quoteAmountPrecision,1,False,0.8126050420168067,0.4798319327731092,0.49789915966386555,66.64705882352942
mexc,DOP2USDT,DOP2-USDT,DOP2,USDT,True,1,True,0.003449,112042.164264,32409240.41,0.003445,22118.18,0.003455,2259.71,28.98550724637689,7.807298050000001,1e-06,0.0,0.0,1.0,0.0,0.0005,exchangeInfo.quotePrecision/baseSizePrecision/quoteAmountPrecision,1,False,0.7533613445378151,0.6235294117647059,0.47941176470588237,66.61134453781514
mexc,WODUSDT,WOD-USDT,WOD,USDT,True,1,True,0.01075,59098.37205,5465837.99,0.01074,5511.44,0.01075,8557.45,9.306654257793944,59.19286559999999,1e-05,0.0,0.0,1.0,0.0,0.0005,exchangeInfo.quotePrecision/baseSizePrecision/quoteAmountPrecision,1,False,0.5365546218487395,0.8470588235294118,0.7962184873949579,66.61134453781513
mexc,HYPERUSDT,HYPER-USDT,HYPER,USDT,True,1,True,0.08484,148798.92007,1765542.32,0.08475,19.81,0.08491,26197.2,18.86125191559513,1.6788975,1e-05,0.0,0.0,1.0,0.0,0.0005,exchangeInfo.quotePrecision/baseSizePrecision/quoteAmountPrecision,1,False,0.7991596638655463,0.7344537815126051,0.2096638655462185,66.50840336134455
mexc,MXEUR,MX-EUR,MX,EUR,True,1,True,1.5465,129973.3834,84024.73,1.5461,2.05,1.5495,121.19,21.96666235947842,3.1695049999999996,0.0001,0.0,0.0,1.0,0.0,0.0,exchangeInfo.quotePrecision/baseSizePrecision/quoteAmountPrecision,1,False,0.7815126050420168,0.6991596638655462,0.30168067226890755,66.49579831932773
mexc,SUIEUR,SUI-EUR,SUI,EUR,True,1,True,0.7541,143127.3432,189641.66,0.7527,208.11,0.7577,112.57,66.20762711864411,85.294289,0.0001,0.0,0.0,1.0,0.0,0.0,exchangeInfo.quotePrecision/baseSizePrecision/quoteAmountPrecision,1,False,0.7953781512605042,0.238655462184874,0.838655462184874,66.48529411764706
mexc,UCNUSDT,UCN-USDT,UCN,USDT,True,1,True,366.21,248770.0,677.5422,365.3,0.0138,366.87,0.0148,42.886214950079705,5.04114,0.01,0.0,0.0,1.0,0.0,0.0005,exchangeInfo.quotePrecision/baseSizePrecision/quoteAmountPrecision,1,False,0.869327731092437,0.43865546218487395,0.3840336134453782,66.46008403361346
mexc,ZETAUSDT,ZETA-USDT,ZETA,USDT,True,1,True,0.04689,92016.53047,1955044.44,0.04685,845.4,0.04696,224.87,23.45165760579874,10.559895200000001,1e-05,0.0,0.0,1.0,0.0,0.0005,exchangeInfo.quotePrecision/baseSizePrecision/quoteAmountPrecision,1,False,0.7037815126050421,0.6823529411764706,0.534453781512605,66.45588235294117
mexc,KCSUSDT,KCS-USDT,KCS,USDT,True,1,True,8.0361,182898.7376,22793.63,8.0151,2.44,8.0577,10.91,53.00880991488751,19.556844,0.0001,0.0001,0.0001,1.0,0.0,0.0005,exchangeInfo.quotePrecision/baseSizePrecision/quoteAmountPrecision,1,False,0.83109243697479,0.32689075630252096,0.6281512605042017,66.4453781512605
mexc,BARUSDT,BAR-USDT,BAR,USDT,True,1,True,0.5257,112571.7565,214507.01,0.5255,4.29,0.5262,2620.13,13.311780926120262,2.2543949999999997,0.0001,0.01,0.01,1.0,0.0,0.0005,exchangeInfo.quotePrecision/baseSizePrecision/quoteAmountPrecision,1,False,0.7550420168067227,0.7945378151260505,0.2504201680672269,66.39915966386555
mexc,VRUSDT,VR-USDT,VR,USDT,True,1,True,0.001541,338744.513987,218429519.55,0.001531,21572.66,0.001549,19751.57,116.8831168831169,30.59518193,1e-06,0.0,0.0,1.0,0.0,0.0005,exchangeInfo.quotePrecision/baseSizePrecision/quoteAmountPrecision,1,False,0.8987394957983194,0.11260504201680677,0.7029411764705882,66.30462184873952
mexc,LMWRUSDT,LMWR-USDT,LMWR,USDT,True,1,True,0.02034,111724.60569,5562415.57,0.02034,60.0,0.02035,90.0,4.915212582944012,1.2204,1e-05,0.0,0.0,1.0,0.0,0.0005,exchangeInfo.quotePrecision/baseSizePrecision/quoteAmountPrecision,1,False,0.7525210084033613,0.9273109243697479,0.08235294117647059,66.21848739495798
mexc,AIXDROPUSDT,AIXDROP-USDT,AIXDROP,USDT,True,1,True,0.00016095,184479.91705903,1171924384.09,0.00016086,8155.47,0.00016107,944.66,13.04631441617741,0.1521563862,1e-08,0.0,0.0,1.0,0.0,0.0005,exchangeInfo.quotePrecision/baseSizePrecision/quoteAmountPrecision,1,False,0.8323529411764706,0.7978991596638656,0.0226890756302521,66.18067226890759
mexc,RVNUSDT,RVN-USDT,RVN,USDT,True,1,True,0.005683,103973.939841,18228675.64,0.00568,99538.96,0.005685,298.74,8.798944126704438,1.6983369,1e-06,0.001,0.001,1.0,0.0,0.0005,exchangeInfo.quotePrecision/baseSizePrecision/quoteAmountPrecision,1,False,0.7361344537815127,0.8584033613445379,0.21134453781512605,66.17436974789918
mexc,XANUSDT,XAN-USDT,XAN,USDT,True,1,True,0.007266,82213.287413,11146115.78,0.007248,7431.0,0.007275,157394.85,37.182400330510376,53.859888,1e-06,0.0,0.0,1.0,0.0,0.0005,exchangeInfo.quotePrecision/baseSizePrecision/quoteAmountPrecision,1,False,0.6810924369747899,0.522689075630252,0.7819327731092437,66.16596638655463
mexc,XPRUSDT,XPR-USDT,XPR,USDT,True,1,True,0.002263,91924.1064723,41178802.9,0.0022564,12769.41,0.0022644,184642.25,35.39196602371348,28.812896723999998,1e-07,0.001,0.001,1.0,0.0,0.0005,exchangeInfo.quotePrecision/baseSizePrecision/quoteAmountPrecision,1,False,0.7029411764705882,0.5457983193277312,0.6928571428571428,66.16386554621849
mexc,PERPUSDT,PERP-USDT,PERP,USDT,True,1,True,0.02743,62596.32478,2307177.94,0.02742,355.72,0.02743,1381.09,3.646308113035403,9.7538424,1e-05,0.01,0.01,1.0,0.0,0.0005,exchangeInfo.quotePrecision/baseSizePrecision/quoteAmountPrecision,1,False,0.5840336134453782,0.9487394957983193,0.5159663865546219,66.15966386554622
mexc,MEWUSDT,MEW-USDT,MEW,USDT,True,1,True,0.0005502,92645.8767488,167938090.73,0.0005493,23171.12,0.0005508,112448.14,27.270248159259893,12.727896215999998,1e-07,0.0,0.0,1.0,0.0,0.0005,exchangeInfo.quotePrecision/baseSizePrecision/quoteAmountPrecision,1,False,0.7054621848739496,0.6424369747899159,0.5647058823529412,66.15546218487395
mexc,ORDERUSDT,ORDER-USDT,ORDER,USDT,True,1,True,0.0488,150547.5292,3105457.49,0.0487,202.0,0.0489,2136.35,40.98360655737681,9.8374,0.0001,0.0,0.0,1.0,0.0,0.0005,exchangeInfo.quotePrecision/baseSizePrecision/quoteAmountPrecision,1,False,0.8025210084033614,0.4672268907563025,0.5163865546218488,66.14705882352942
mexc,UBUSDT,UB-USDT,UB,USDT,True,1,True,0.02411,139269.06319,6125618.56,0.02408,174.61,0.02415,1626.25,29.027576197387774,4.204608800000001,1e-05,0.0,0.0,1.0,0.0,0.0005,exchangeInfo.quotePrecision/baseSizePrecision/quoteAmountPrecision,1,False,0.7915966386554621,0.6222689075630252,0.3516806722689076,66.12815126050421
mexc,CRYPGPTUSDT,CRYPGPT-USDT,CRYPGPT,USDT,True,1,True,0.0444,78627.473,1766694.25,0.0444,378.13,0.0445,1613.79,22.497187851517644,16.788972,1e-05,0.0,0.0,1.0,0.0,0.0005,exchangeInfo.quotePrecision/baseSizePrecision/quoteAmountPrecision,1,False,0.6676470588235294,0.6911764705882353,0.6054621848739495,66.10924369747899
mexc,STOPUSDT,STOP-USDT,STOP,USDT,True,1,True,0.00974,72083.31189,7294670.13,0.00972,50000.0,0.00976,50000.0,41.067761806981636,486.0,1e-05,0.0,0.0,1.0,0.0,0.0005,exchangeInfo.quotePrecision/baseSizePrecision/quoteAmountPrecision,1,False,0.6420168067226891,0.4638655462184874,0.9588235294117647,66.08403361344538
mexc,KSMUSDT,KSM-USDT,KSM,USDT,True,1,True,4.197,180870.071,42301.0363,4.19,9.8888,4.2,0.3407,23.837902264600206,1.43094,0.001,0.001,0.001,1.0,0.0,0.0005,exchangeInfo.quotePrecision/baseSizePrecision/quoteAmountPrecision,1,False,0.8285714285714286,0.6789915966386555,0.17605042016806724,66.06722689075632
mexc,PROVEUSDT,PROVE-USDT,PROVE,USDT,True,1,True,0.2213,105934.1019,469966.5,0.2213,288.55,0.2215,7.46,9.033423667570268,1.65239,0.0001,0.0,0.0,1.0,0.0,0.0005,exchangeInfo.quotePrecision/baseSizePrecision/quoteAmountPrecision,1,False,0.7378151260504202,0.8529411764705882,0.20798319327731093,66.06302521008404
mexc,2ZUSDT,2Z-USDT,2Z,USDT,True,1,True,0.07579,65914.47439,858600.08,0.07576,73.0,0.07578,2073.4,2.639567110994605,5.53048,1e-05,0.0,0.0,1.0,0.0,0.0005,exchangeInfo.quotePrecision/baseSizePrecision/quoteAmountPrecision,1,False,0.6105042016806723,0.965546218487395,0.41596638655462187,66.03571428571429
mexc,SLXUSDT,SLX-USDT,SLX,USDT,True,1,True,0.003267,64752.211543,19784138.3,0.003265,10209.29,0.003271,30562.31,18.35985312117481,33.33333185,1e-06,0.0,0.0,1.0,0.0,0.0005,exchangeInfo.quotePrecision/baseSizePrecision/quoteAmountPrecision,1,False,0.6042016806722689,0.7407563025210084,0.7138655462184874,66.02731092436976
mexc,EDGE1USDT,EDGE1-USDT,EDGE1,USDT,True,1,True,0.12171,89059.45308,751943.01,0.12139,123.57,0.12173,298.16,27.969726883843943,15.0001623,1e-05,0.0,0.0,1.0,0.0,0.0005,exchangeInfo.quotePrecision/baseSizePrecision/quoteAmountPrecision,1,False,0.6970588235294117,0.6361344537815126,0.5890756302521009,66.02310924369749
mexc,XCHUSDT,XCH-USDT,XCH,USDT,True,1,True,2.391,71196.252,29465.3692,2.39,17.433,2.395,9.5043,20.898641588296314,22.762798500000002,0.001,0.0001,0.0001,1.0,0.0,0.0005,exchangeInfo.quotePrecision/baseSizePrecision/quoteAmountPrecision,1,False,0.638235294117647,0.7130252100840336,0.653781512605042,66.00420168067227
mexc,NOTUSDT,NOT-USDT,NOT,USDT,True,1,True,0.0003564,111337.74448,315362259.84,0.0003561,4568.32,0.0003565,4580.17,11.226494527084192,1.6267787519999999,1e-07,0.0,0.0,1.0,0.0,0.0005,exchangeInfo.quotePrecision/baseSizePrecision/quoteAmountPrecision,1,False,0.7512605042016807,0.8201680672268907,0.20546218487394957,65.9327731092437
mexc,OVPPUSDT,OVPP-USDT,OVPP,USDT,True,1,True,0.006812,272100.193359,36498436.29,0.006769,10550.8,0.006822,3101.43,77.99278934589081,21.15795546,1e-06,0.0,0.0,1.0,0.0,0.0005,exchangeInfo.quotePrecision/baseSizePrecision/quoteAmountPrecision,1,False,0.8802521008403361,0.18445378151260505,0.642436974789916,65.87394957983194
mexc,ALPINEUSDT,ALPINE-USDT,ALPINE,USDT,True,1,True,0.4035,122696.8304,301499.71,0.4033,4.01,0.4039,3.86,14.866204162536905,1.559054,0.0001,0.01,0.01,1.0,0.0,0.0005,exchangeInfo.quotePrecision/baseSizePrecision/quoteAmountPrecision,1,False,0.7710084033613446,0.7789915966386555,0.19789915966386554,65.83823529411765
mexc,XNYUSDT,XNY-USDT,XNY,USDT,True,1,True,0.004004,137375.293564,29595999.06,0.003992,5314.01,0.004011,10039.8,47.48219417718335,21.21352792,1e-06,0.0,0.0,1.0,0.0,0.0005,exchangeInfo.quotePrecision/baseSizePrecision/quoteAmountPrecision,1,False,0.7894957983193277,0.37941176470588234,0.6436974789915967,65.78151260504202
mexc,GROKUSDT,GROK-USDT,GROK,USDT,True,1,True,0.000431,58116.1165775,134677322.55,0.0004309,69230.77,0.0004311,347866.41,4.640371229698489,29.831538793000004,1e-07,0.0,0.0,1.0,0.0,0.0005,exchangeInfo.quotePrecision/baseSizePrecision/quoteAmountPrecision,1,False,0.5163865546218488,0.9340336134453782,0.6974789915966386,65.7016806722689
mexc,ILVUSDT,ILV-USDT,ILV,USDT,True,1,True,3.79,164017.216,43248.9068,3.787,0.3169,3.793,0.3964,15.8311345646444,1.2001003000000001,0.001,0.0001,0.0001,1.0,0.0,0.0005,exchangeInfo.quotePrecision/baseSizePrecision/quoteAmountPrecision,1,False,0.8180672268907563,0.7684873949579831,0.07100840336134454,65.62605042016807
mexc,DAGUSDT,DAG-USDT,DAG,USDT,True,1,True,0.008778,89050.782436,10085932.8,0.008778,3058.95,0.008809,3058.95,35.25331210553422,26.851463099999997,1e-06,0.0,0.0,1.0,0.0,0.0005,exchangeInfo.quotePrecision/baseSizePrecision/quoteAmountPrecision,1,False,0.6966386554621848,0.5478991596638656,0.680672268907563,65.62605042016807
mexc,ELONUSDT,ELON-USDT,ELON,USDT,True,1,True,3.741e-08,85715.64355359031,2298231839366.0,3.736e-08,541069974.0,3.748e-08,2754946676.0,32.068412613576626,20.21437422864,1e-11,0.001,0.001,1.0,0.0,0.0005,exchangeInfo.quotePrecision/baseSizePrecision/quoteAmountPrecision,1,False,0.6920168067226891,0.5907563025210084,0.6369747899159663,65.56932773109243
mexc,BXNUSDT,BXN-USDT,BXN,USDT,True,1,True,0.000919,64483.874322,70164600.6,0.000917,44788.14,0.000919,64025.67,21.7864923747282,41.070724379999994,1e-06,0.0,0.0,1.0,0.0,0.0005,exchangeInfo.quotePrecision/baseSizePrecision/quoteAmountPrecision,1,False,0.6008403361344538,0.7021008403361344,0.7453781512605042,65.5063025210084
mexc,ZBTUSDT,ZBT-USDT,ZBT,USDT,True,1,True,0.09835,150120.87572,1497445.77,0.09827,1562.88,0.0984,12.2,13.220114913307073,1.20048,1e-05,0.0,0.0,1.0,0.0,0.0005,exchangeInfo.quotePrecision/baseSizePrecision/quoteAmountPrecision,1,False,0.8021008403361345,0.7957983193277312,0.07394957983193277,65.48949579831934
mexc,SMARTUSDT,SMART-USDT,SMART,USDT,True,1,True,0.005005,168920.867545,33402295.47,0.005001,3111.71,0.005027,7514.51,51.854806541683246,15.561661710000001,1e-06,0.0,0.0,1.0,0.0,0.0005,exchangeInfo.quotePrecision/baseSizePrecision/quoteAmountPrecision,1,False,0.8210084033613445,0.33529411764705885,0.5953781512605042,65.44537815126051
mexc,HOLOUSDT,HOLO-USDT,HOLO,USDT,True,1,True,0.05304,61470.52984,1166968.62,0.05299,2027.22,0.05313,11229.28,26.38522427440526,107.42238780000001,1e-05,0.0,0.0,1.0,0.0,0.0005,exchangeInfo.quotePrecision/baseSizePrecision/quoteAmountPrecision,1,False,0.5756302521008403,0.6512605042016807,0.8726890756302521,65.39495798319328
mexc,ETHWUSDT,ETHW-USDT,ETHW,USDT,True,1,True,0.2502,71667.0571,282936.5804,0.25,64.8,0.2505,78.0698,19.980019980020003,16.2,0.0001,0.0001,0.0001,1.0,0.0,0.0005,exchangeInfo.quotePrecision/baseSizePrecision/quoteAmountPrecision,1,False,0.6403361344537815,0.7252100840336134,0.6012605042016806,65.37394957983193
mexc,TICSUSDT,TICS-USDT,TICS,USDT,True,1,True,0.01354,123191.50411,9011369.79,0.01351,5046.69,0.01359,4380.83,59.04059040590421,59.535479699999996,1e-05,0.0,0.0,1.0,0.0,0.0005,exchangeInfo.quotePrecision/baseSizePrecision/quoteAmountPrecision,1,False,0.7722689075630252,0.276890756302521,0.7966386554621848,65.3298319327731
mexc,CREOUSDT,CREO-USDT,CREO,USDT,True,1,True,0.0008955,72149.1293854,80594811.32,0.0008954,3255.04,0.0008955,2782.86,1.1167569378531088,2.49205113,1e-07,0.001,0.001,1.0,0.0,0.0005,exchangeInfo.quotePrecision/baseSizePrecision/quoteAmountPrecision,1,False,0.6428571428571429,0.9873949579831933,0.2630252100840336,65.30252100840337
mexc,QRLUSDT,QRL-USDT,QRL,USDT,True,1,True,1.71365,91976.80374,50652.93,1.71366,14.58,1.71799,4.99,25.235673801232323,8.5727701,1e-05,0.0,0.0,1.0,0.0,0.0005,exchangeInfo.quotePrecision/baseSizePrecision/quoteAmountPrecision,1,False,0.7033613445378152,0.6617647058823529,0.49873949579831933,65.20378151260505
mexc,XU3O8USDT,XU3O8-USDT,XU3O8,USDT,True,1,True,5.296,73129.44,13825.03,5.285,3.5,5.297,17.12,22.680022680021857,18.497500000000002,0.001,0.0,0.0,1.0,0.0,0.0005,exchangeInfo.quotePrecision/baseSizePrecision/quoteAmountPrecision,1,False,0.646218487394958,0.6899159663865546,0.6201680672268908,65.19327731092437
mexc,PIVXUSDT,PIVX-USDT,PIVX,USDT,True,1,True,0.08495,124817.66362,1491017.35,0.0849,30.9,0.08504,16.9,16.476403436507148,1.437176,1e-05,0.0,0.0,1.0,0.0,0.0005,exchangeInfo.quotePrecision/baseSizePrecision/quoteAmountPrecision,1,False,0.7739495798319328,0.7596638655462185,0.17983193277310924,65.15546218487395
mexc,KGENUSDT,KGEN-USDT,KGEN,USDT,True,1,True,0.1375,72319.6239,504762.14,0.1372,125.04,0.1375,209.12,21.842009464872405,17.155488,0.0001,0.0,0.0,1.0,0.0,0.0005,exchangeInfo.quotePrecision/baseSizePrecision/quoteAmountPrecision,1,False,0.6432773109243698,0.7008403361344537,0.6096638655462185,65.09453781512606
mexc,ACXUSDT,ACX-USDT,ACX,USDT,True,1,True,0.04222,130141.25526,3076344.65,0.0422,629.51,0.04229,41.47,21.30429636643385,1.7537663000000001,1e-05,0.01,0.01,1.0,0.0,0.0005,exchangeInfo.quotePrecision/baseSizePrecision/quoteAmountPrecision,1,False,0.7823529411764706,0.7079831932773109,0.21638655462184875,65.05672268907563
mexc,AITECHUSDT,AITECH-USDT,AITECH,USDT,True,1,True,0.005676,131858.167055,23179908.0,0.005659,17670.96,0.005685,2872.66,45.83921015514806,16.3310721,1e-06,0.0,0.0,1.0,0.0,0.0005,exchangeInfo.quotePrecision/baseSizePrecision/quoteAmountPrecision,1,False,0.7831932773109244,0.3966386554621849,0.6016806722689075,65.02521008403363
mexc,IONUSDT,ION-USDT,ION,USDT,True,1,True,0.001385,105687.119823,78574070.11,0.00138,54210.33,0.001387,41120.49,50.59631369714537,57.03411963,1e-06,0.0,0.0,1.0,0.0,0.0005,exchangeInfo.quotePrecision/baseSizePrecision/quoteAmountPrecision,1,False,0.7369747899159664,0.3449579831932773,0.7907563025210084,64.97268907563026
mexc,CSPRUSDT,CSPR-USDT,CSPR,USDT,True,1,True,0.002953,73933.775292,24871776.56,0.002953,874.7,0.002954,5000.0,3.385813441679813,2.5829891000000003,1e-06,0.0001,0.0001,1.0,0.0,0.0005,exchangeInfo.quotePrecision/baseSizePrecision/quoteAmountPrecision,1,False,0.6512605042016807,0.9525210084033613,0.26638655462184874,64.96008403361346
mexc,ORAIUSDT,ORAI-USDT,ORAI,USDT,True,1,True,0.4098,73869.1067,179151.43,0.4097,5.25,0.4098,76.13,2.4405125076263325,2.150925,0.0001,0.0,0.0,1.0,0.0,0.0005,exchangeInfo.quotePrecision/baseSizePrecision/quoteAmountPrecision,1,False,0.6508403361344538,0.9689075630252101,0.2453781512605042,64.92647058823529
mexc,ZKJUSDT,ZKJ-USDT,ZKJ,USDT,True,1,True,0.01892,71385.80622,3730005.56,0.01888,1324.17,0.01893,1320.67,26.4480296217921,25.0002831,1e-05,0.0,0.0,1.0,0.0,0.0005,exchangeInfo.quotePrecision/baseSizePrecision/quoteAmountPrecision,1,False,0.6399159663865546,0.6504201680672269,0.6714285714285714,64.88445378151259
mexc,VENOMUSDT,VENOM-USDT,VENOM,USDT,True,1,True,0.03002,68424.31514,2281829.85,0.03,500.0,0.03005,646.6,16.6527893422153,15.0,1e-05,0.0,0.0,1.0,0.0,0.0005,exchangeInfo.quotePrecision/baseSizePrecision/quoteAmountPrecision,1,False,0.6210084033613446,0.7571428571428571,0.588655462184874,64.85714285714286
mexc,ACEUSDT,ACE-USDT,ACE,USDT,True,1,True,0.1152,119509.7666,1034738.79,0.1151,22.88,0.1153,13.36,17.361111111111608,1.540408,0.0001,0.0,0.0,1.0,0.0,0.0005,exchangeInfo.quotePrecision/baseSizePrecision/quoteAmountPrecision,1,False,0.7659663865546219,0.7516806722689076,0.19663865546218487,64.85294117647061
mexc,STETHUSDT,STETH-USDT,STETH,USDT,True,1,True,2051.83,59276.14,28.8587,2048.44,1.0506,2054.61,1.1616,30.075187969925164,2152.091064,0.01,1e-05,1e-05,1.0,0.0,0.0005,exchangeInfo.quotePrecision/baseSizePrecision/quoteAmountPrecision,1,False,0.542016806722689,0.611764705882353,0.9869747899159664,64.84453781512605
mexc,BINDERUSDT,BINDER-USDT,BINDER,USDT,True,1,True,0.000911,78917.17716,85183702.69,0.000912,15905.26,0.000913,5446.2,10.958904109588119,4.972380599999999,1e-06,0.0,0.0,1.0,0.0,0.0005,exchangeInfo.quotePrecision/baseSizePrecision/quoteAmountPrecision,1,False,0.6684873949579831,0.8239495798319327,0.373109243697479,64.82773109243698
mexc,TAUSDT,TA-USDT,TA,USDT,True,1,True,0.04635,66910.81206,1432802.8,0.04633,431.35,0.04642,1723.7,19.407008086253327,19.984445500000003,1e-05,0.0,0.0,1.0,0.0,0.0005,exchangeInfo.quotePrecision/baseSizePrecision/quoteAmountPrecision,1,False,0.6163865546218488,0.7294117647058824,0.6327731092436975,64.79201680672269
mexc,RLCUSDT,RLC-USDT,RLC,USDT,True,1,True,0.4198,101364.3944,233699.59,0.42,2998.88,0.4205,4.23,11.89767995240929,1.778715,0.0001,0.0,0.0,1.0,0.0,0.0005,exchangeInfo.quotePrecision/baseSizePrecision/quoteAmountPrecision,1,False,0.7298319327731092,0.8092436974789916,0.21764705882352942,64.72478991596638
mexc,FUNUSDT,FUN-USDT,FUN,USDT,True,1,True,0.03257,70343.99762,2109733.76,0.03255,400.0,0.03261,6137.88,18.41620626150938,13.020000000000001,1e-05,0.0,0.0,1.0,0.0,0.0005,exchangeInfo.quotePrecision/baseSizePrecision/quoteAmountPrecision,1,False,0.6336134453781512,0.7392857142857143,0.5684873949579832,64.70063025210084
mexc,BOMEUSDT,BOME-USDT,BOME,USDT,True,1,True,0.0003858,79937.5440315,210263073.82,0.000385,51948.05,0.0003862,5674188.8,31.120331950208225,19.99999925,1e-07,0.0,0.0,1.0,0.0,0.0005,exchangeInfo.quotePrecision/baseSizePrecision/quoteAmountPrecision,1,False,0.6726890756302522,0.6,0.634453781512605,64.68697478991598
mexc,QFIUSDT,QFI-USDT,QFI,USDT,True,1,True,65.018,771016.887,12149.67,64.799,0.08,65.306,0.1,77.93705084354802,5.1839200000000005,0.001,0.0,0.0,1.0,0.0,0.0005,exchangeInfo.quotePrecision/baseSizePrecision/quoteAmountPrecision,1,False,0.9495798319327731,0.18529411764705883,0.3899159663865546,64.65756302521008
mexc,MANYUUSDT,MANYU-USDT,MANYU,USDT,True,1,True,6.076e-09,76364.4566573845,12249777842208.0,6.069e-09,26980770543.0,6.083e-09,2183538696.0,23.041474654378145,13.282465887768,1e-12,0.0,0.0,1.0,0.0,0.0005,exchangeInfo.quotePrecision/baseSizePrecision/quoteAmountPrecision,1,False,0.6558823529411765,0.6852941176470588,0.5722689075630252,64.65126050420169
mexc,SATSUSDT,SATS-USDT,SATS,USDT,True,1,True,1.083e-08,118070.37486188917,10977106706412.0,1.08e-08,20528925946.0,1.086e-08,3794201107.0,55.40166204986016,41.20502402202,1e-11,0.0,0.0,1.0,0.0,0.0005,exchangeInfo.quotePrecision/baseSizePrecision/quoteAmountPrecision,1,False,0.7630252100840336,0.3105042016806723,0.7457983193277311,64.64495798319328
mexc,ELSAUSDT,ELSA-USDT,ELSA,USDT,True,1,True,0.05973,66321.58491,1107891.49,0.05965,200.0,0.05973,200.0,13.402579996648809,11.93,1e-05,0.0,0.0,1.0,0.0,0.0005,exchangeInfo.quotePrecision/baseSizePrecision/quoteAmountPrecision,1,False,0.6138655462184874,0.7936974789915967,0.5516806722689076,64.63865546218489
mexc,AIAUSDT,AIA-USDT,AIA,USDT,True,1,True,0.08959,203993.36032,2182339.36,0.08943,443.98,0.08964,12.26,23.454514994136577,1.0989864,1e-05,0.0,0.0,1.0,0.0,0.0005,exchangeInfo.quotePrecision/baseSizePrecision/quoteAmountPrecision,1,False,0.8466386554621849,0.6819327731092437,0.04957983193277311,64.60504201680672
mexc,ECHOUSDT,ECHO-USDT,ECHO,USDT,True,1,True,0.009032,61243.098529,6625570.66,0.009032,1285.0,0.009035,785.85,3.3209719377866067,7.10015475,1e-06,0.0,0.0,1.0,0.0,0.0005,exchangeInfo.quotePrecision/baseSizePrecision/quoteAmountPrecision,1,False,0.5718487394957983,0.9558823529411765,0.46176470588235297,64.58403361344538
mexc,TURTLEUSDT,TURTLE-USDT,TURTLE,USDT,True,1,True,0.04225,68289.0993,1567679.59,0.04225,400.0,0.04233,2405.6,18.917001655236874,16.900000000000002,1e-05,0.0,0.0,1.0,0.0,0.0005,exchangeInfo.quotePrecision/baseSizePrecision/quoteAmountPrecision,1,False,0.6201680672268908,0.7336134453781513,0.6063025210084033,64.57563025210085
mexc,MUONUSDT,MUON-USDT,MUON,USDT,True,1,True,362.51,60689.79,166.709,362.3,0.594,363.18,0.226,24.259800408005606,82.07868,0.01,0.0,0.0,1.0,0.0,0.0005,exchangeInfo.quotePrecision/baseSizePrecision/quoteAmountPrecision,1,False,0.5630252100840336,0.6739495798319328,0.8344537815126051,64.50420168067228
mexc,KOMUSDT,KOM-USDT,KOM,USDT,True,1,True,0.000122,117637.5118458,956549548.88,0.0001219,11667.79,0.0001221,323763.15,16.39344262295233,1.422303601,1e-07,0.001,0.001,1.0,0.0,0.0005,exchangeInfo.quotePrecision/baseSizePrecision/quoteAmountPrecision,1,False,0.7617647058823529,0.761344537815126,0.1726890756302521,64.3844537815126
mexc,CGNUSDT,CGN-USDT,CGN,USDT,True,1,True,0.002595,167692.417706,64627117.56,0.002591,1011.38,0.0026,40280.61,34.67539973030204,2.62048558,1e-06,0.0,0.0,1.0,0.0,0.0005,exchangeInfo.quotePrecision/baseSizePrecision/quoteAmountPrecision,1,False,0.8201680672268907,0.553781512605042,0.26932773109243696,64.34033613445378
mexc,WCTUSDT,WCT-USDT,WCT,USDT,True,1,True,0.05395,123282.37264,2292586.07,0.05391,24.35,0.05399,24.25,14.82854494902756,1.3092575000000002,1e-05,0.0,0.0,1.0,0.0,0.0005,exchangeInfo.quotePrecision/baseSizePrecision/quoteAmountPrecision,1,False,0.7726890756302521,0.780672268907563,0.11596638655462185,64.33403361344538
mexc,A8USDT,A8-USDT,A8,USDT,True,1,True,0.009489,70299.621733,7386078.25,0.009455,444642.86,0.009491,8000.0,38.00274464266819,75.928,1e-06,0.0,0.0,1.0,0.0,0.0005,exchangeInfo.quotePrecision/baseSizePrecision/quoteAmountPrecision,1,False,0.6331932773109243,0.5117647058823529,0.8247899159663865,64.1155462184874
mexc,MERLUSDT,MERL-USDT,MERL,USDT,True,1,True,0.02161,77442.38458,3507512.11,0.02158,317.02,0.02162,16873.76,18.518518518519368,6.841291599999999,1e-05,0.0,0.0,1.0,0.0,0.0005,exchangeInfo.quotePrecision/baseSizePrecision/quoteAmountPrecision,1,False,0.6647058823529411,0.7382352941176471,0.453781512605042,64.09033613445378
mexc,TOPUSDT,TOP-USDT,TOP,USDT,True,1,True,6.97e-05,118703.2377831,1703054410.93,6.97e-05,2854576.82,6.98e-05,18609.71,14.336917562724363,1.298957758,1e-07,0.0,0.0,1.0,0.0,0.0005,exchangeInfo.quotePrecision/baseSizePrecision/quoteAmountPrecision,1,False,0.7642857142857142,0.7873949579831933,0.11134453781512606,63.94747899159664
mexc,SPCMUSDT,SPCM-USDT,SPCM,USDT,True,1,True,0.0002449,318073.9889617,1295743405.83,0.0002442,227733.25,0.0002458,24864.15,65.30612244897897,6.111608070000001,1e-07,0.0,0.0,1.0,0.0,0.0005,exchangeInfo.quotePrecision/baseSizePrecision/quoteAmountPrecision,1,False,0.8936974789915967,0.24411764705882355,0.4331932773109244,63.9201680672269
mexc,MAVIAUSDT,MAVIA-USDT,MAVIA,USDT,True,1,True,0.02786,71266.75442,2553111.13,0.02783,2671.88,0.02794,23049.73,39.4477317554237,74.3584204,1e-05,0.0,0.0,1.0,0.0,0.0005,exchangeInfo.quotePrecision/baseSizePrecision/quoteAmountPrecision,1,False,0.6390756302521008,0.488655462184874,0.8226890756302521,63.81932773109244
mexc,C98USDT,C98-USDT,C98,USDT,True,1,True,0.02486,110811.75091,4404015.26,0.02484,60.45,0.02487,52.77,12.070006035002525,1.3123899,1e-05,0.0001,0.0001,1.0,0.0,0.0005,exchangeInfo.quotePrecision/baseSizePrecision/quoteAmountPrecision,1,False,0.75,0.8063025210084034,0.12016806722689076,63.8109243697479
mexc,MXSOLUSDT,MXSOL-USDT,MXSOL,USDT,True,1,True,84.38,61278.96,729.613,84.3,318.198,84.48,0.436,21.32954141486039,36.83328,0.01,0.0,0.0,1.0,0.0,0.0005,exchangeInfo.quotePrecision/baseSizePrecision/quoteAmountPrecision,1,False,0.5726890756302521,0.7071428571428571,0.7294117647058823,63.76470588235294
mexc,WUSDUSDT,WUSD-USDT,WUSD,USDT,True,1,True,0.998,56416.3441,56508.01,0.998,38.0,0.9981,3446.41,1.001953809929252,37.924,0.0001,0.0,0.0,1.0,0.0,0.0005,exchangeInfo.quotePrecision/baseSizePrecision/quoteAmountPrecision,1,False,0.44201680672268906,0.9899159663865547,0.7336134453781512,63.73109243697479
mexc,FOXSYUSDT,FOXSY-USDT,FOXSY,USDT,True,1,True,0.0019558,149327.1498738,75761049.4,0.0019531,3343.82,0.0019617,4164.25,43.93583324818578,6.530814842,1e-07,0.0,0.0,1.0,0.0,0.0005,exchangeInfo.quotePrecision/baseSizePrecision/quoteAmountPrecision,1,False,0.8016806722689076,0.4256302521008404,0.4474789915966387,63.682773109243705
mexc,PHBUSDT,PHB-USDT,PHB,USDT,True,1,True,0.09793,202840.398,2057904.68,0.09704,341.2,0.09814,7467.17,112.71646685111217,33.110048,1e-05,0.01,0.01,1.0,0.0,0.0005,exchangeInfo.quotePrecision/baseSizePrecision/quoteAmountPrecision,1,False,0.8457983193277311,0.11554621848739499,0.7130252100840336,63.668067226890756
mexc,SONICUSDT,SONIC-USDT,SONIC,USDT,True,1,True,0.03687,77972.16945,2103133.71,0.03677,3565.54,0.03692,1310.14,40.71108698602369,48.37036880000001,1e-05,0.0,0.0,1.0,0.0,0.0005,exchangeInfo.quotePrecision/baseSizePrecision/quoteAmountPrecision,1,False,0.665126050420168,0.4718487394957983,0.7638655462184873,63.65546218487395
mexc,GTCUSDT,GTC-USDT,GTC,USDT,True,1,True,0.07303,154615.46655,2050183.23,0.0729,7626.32,0.07377,1046.57,118.63366741664903,77.2054689,1e-05,0.0001,0.0001,1.0,0.0,0.0005,exchangeInfo.quotePrecision/baseSizePrecision/quoteAmountPrecision,1,False,0.8071428571428572,0.10840336134453776,0.8264705882352941,63.63235294117647
mexc,DCRUSDT,DCR-USDT,DCR,USDT,True,1,True,20.019,138627.451,6954.49,20.0,1.32,20.031,0.05,15.487996802477483,1.00155,0.001,0.001,0.001,1.0,0.0,0.0005,exchangeInfo.quotePrecision/baseSizePrecision/quoteAmountPrecision,1,False,0.7911764705882353,0.7726890756302521,0.03991596638655462,63.63025210084034
mexc,BDXNUSDT,BDXN-USDT,BDXN,USDT,True,1,True,0.001973,167048.507996,82843683.63,0.001965,12681.48,0.001979,12080.92,70.99391480730067,23.90814068,1e-06,0.0,0.0,1.0,0.0,0.0005,exchangeInfo.quotePrecision/baseSizePrecision/quoteAmountPrecision,1,False,0.819327731092437,0.21218487394957986,0.6600840336134454,63.56932773109244
mexc,DIAMUSDT,DIAM-USDT,DIAM,USDT,True,1,True,0.007695,58560.020993,7630129.55,0.007692,8822.39,0.007699,3136.17,9.096225066597443,24.14537283,1e-06,0.0,0.0,1.0,0.0,0.0005,exchangeInfo.quotePrecision/baseSizePrecision/quoteAmountPrecision,1,False,0.5277310924369748,0.8508403361344538,0.6634453781512605,63.565126050420176
mexc,SKRUSDT,SKR-USDT,SKR,USDT,True,1,True,0.01758,70064.573471,3941143.77,0.017554,2539.0,0.017616,2440.0,35.25732158089255,42.98304,1e-06,0.0,0.0,1.0,0.0,0.0005,exchangeInfo.quotePrecision/baseSizePrecision/quoteAmountPrecision,1,False,0.630672268907563,0.5474789915966387,0.7508403361344538,63.39075630252101
mexc,MOGUSDT,MOG-USDT,MOG,USDT,True,1,True,1.351e-07,97731.2944065858,710380890057.0,1.349e-07,3696857670.0,1.352e-07,27742329.0,22.213994816734253,3.7507628808,1e-10,0.0,0.0,1.0,0.0,0.0005,exchangeInfo.quotePrecision/baseSizePrecision/quoteAmountPrecision,1,False,0.715546218487395,0.6945378151260504,0.3323529411764706,63.3655462184874
mexc,DTECUSDT,DTEC-USDT,DTEC,USDT,True,1,True,0.006426,66981.332868,10372811.96,0.006424,1235.21,0.006433,1710.0,14.000155557284478,7.9349890400000005,1e-06,0.0,0.0,1.0,0.0,0.0005,exchangeInfo.quotePrecision/baseSizePrecision/quoteAmountPrecision,1,False,0.6172268907563025,0.7899159663865546,0.4831932773109244,63.359243697478995
mexc,ICNTUSDT,ICNT-USDT,ICNT,USDT,True,1,True,0.35494,111615.46085,302254.18,0.35375,332.58,0.35557,72.96,51.31675407432438,25.9423872,1e-05,0.0,0.0,1.0,0.0,0.0005,exchangeInfo.quotePrecision/baseSizePrecision/quoteAmountPrecision,1,False,0.7516806722689076,0.33949579831932775,0.6760504201680673,63.35084033613446
mexc,BELUSDT,BEL-USDT,BEL,USDT,True,1,True,0.09778,135811.65742,1375377.53,0.09769,5964.16,0.09793,14.23,24.53736836724303,1.3935439,1e-05,0.0001,0.0001,1.0,0.0,0.0005,exchangeInfo.quotePrecision/baseSizePrecision/quoteAmountPrecision,1,False,0.7873949579831933,0.6705882352941177,0.1634453781512605,63.34033613445379
mexc,SUPRAUSDT,SUPRA-USDT,SUPRA,USDT,True,1,True,0.0004048,98568.3969967,247245458.88,0.0004042,14349.6,0.0004054,30068.8,29.64426877470294,5.8001083200000005,1e-07,0.0,0.0,1.0,0.0,0.0005,exchangeInfo.quotePrecision/baseSizePrecision/quoteAmountPrecision,1,False,0.7168067226890756,0.6163865546218488,0.42521008403361343,63.33823529411766
mexc,SVSAUSDT,SVSA-USDT,SVSA,USDT,True,1,True,0.001144,119057.996954,103981984.35,0.001141,8825.35,0.001146,78434.58,43.725404459991374,10.069724350000001,1e-06,0.0,0.0,1.0,0.0,0.0005,exchangeInfo.quotePrecision/baseSizePrecision/quoteAmountPrecision,1,False,0.765126050420168,0.4289915966386555,0.5235294117647059,63.27731092436974
mexc,IOTXUSDT,IOTX-USDT,IOTX,USDT,True,1,True,0.004486,103215.974897,22688808.47,0.004481,345.57,0.004488,319.98,15.609320994536876,1.43607024,1e-06,0.001,0.001,1.0,0.0,0.0005,exchangeInfo.quotePrecision/baseSizePrecision/quoteAmountPrecision,1,False,0.734873949579832,0.7705882352941177,0.17941176470588235,63.27100840336135
mexc,ZEPHUSDT,ZEPH-USDT,ZEPH,USDT,True,1,True,0.4119,199627.8339,484235.15,0.411,26.19,0.4137,72.83,65.47835576573387,10.76409,0.0001,0.0,0.0,1.0,0.0,0.0005,exchangeInfo.quotePrecision/baseSizePrecision/quoteAmountPrecision,1,False,0.8428571428571429,0.24285714285714288,0.5394957983193277,63.21848739495799
mexc,PUSHUSDT,PUSH-USDT,PUSH,USDT,True,1,True,0.011659,60125.045035,5167699.56,0.01165,15871.34,0.011678,4709.77,24.005486968448654,55.00069406,1e-06,0.0001,0.0001,1.0,0.0,0.0005,exchangeInfo.quotePrecision/baseSizePrecision/quoteAmountPrecision,1,False,0.553781512605042,0.6773109243697479,0.7857142857142857,63.105042016806735
mexc,BLINKYUSDT,BLINKY-USDT,BLINKY,USDT,True,1,True,0.0045,362273.991132,59332582.51,0.0045,35744.84,0.004632,4150.28,289.0932982917218,19.224096959999997,1e-06,0.0,0.0,1.0,0.0,0.0005,exchangeInfo.quotePrecision/baseSizePrecision/quoteAmountPrecision,1,False,0.9054621848739496,0.031512605042016806,0.6256302521008403,63.10084033613447
mexc,BFTUSDT,BFT-USDT,BFT,USDT,True,1,True,0.019833,59076.689057,2982133.15,0.01983,127524.73,0.0199,150000.0,35.23785552479266,2528.8153959,1e-06,0.01,0.01,1.0,0.0,0.0005,exchangeInfo.quotePrecision/baseSizePrecision/quoteAmountPrecision,1,False,0.5361344537815126,0.5483193277310925,0.9894957983193278,62.98529411764706
mexc,SHXUSDT,SHX-USDT,SHX,USDT,True,1,True,0.004145,109359.16974,26237657.15,0.004138,8656.49,0.004149,692.79,26.547604682031437,2.87438571,1e-06,0.0,0.0,1.0,0.0,0.0005,exchangeInfo.quotePrecision/baseSizePrecision/quoteAmountPrecision,1,False,0.7466386554621849,0.6491596638655462,0.28445378151260503,62.98319327731093
mexc,RKLBONUSDT,RKLBON-USDT,RKLBON,USDT,True,1,True,67.46,57153.8,847.59,67.38,3.03,67.51,4.81,19.274964786123462,204.1614,0.01,0.0,0.0,1.0,0.0,0.0005,exchangeInfo.quotePrecision/baseSizePrecision/quoteAmountPrecision,1,False,0.48067226890756304,0.7302521008403362,0.9142857142857143,62.97899159663866
mexc,ZECUSDC,ZEC-USDC,ZEC,USDC,True,1,True,232.83,57589.76,243.370808,232.53,2.2816,233.13,12.115026,25.76987501610593,530.540448,0.01,0.0,0.0,1.0,0.0,0.0,exchangeInfo.quotePrecision/baseSizePrecision/quoteAmountPrecision,1,False,0.4953781512605042,0.6579831932773109,0.9630252100840336,62.95588235294118
mexc,INJUSDC,INJ-USDC,INJ,USDC,True,1,True,2.796,87094.41,31132.32,2.791,8.01,2.801,4.41,35.76537911301942,12.35241,0.001,0.0,0.0,1.0,0.0,0.0,exchangeInfo.quotePrecision/baseSizePrecision/quoteAmountPrecision,1,False,0.6941176470588235,0.5415966386554623,0.5609243697478992,62.93487394957984
mexc,APEXUSDT,APEX-USDT,APEX,USDT,True,1,True,0.2632,68900.1834,259347.01,0.2631,8.37,0.2632,206.77,3.8001140034196843,2.2021469999999996,0.0001,0.0,0.0,1.0,0.0,0.0005,exchangeInfo.quotePrecision/baseSizePrecision/quoteAmountPrecision,1,False,0.6239495798319328,0.9449579831932773,0.24873949579831933,62.915966386554615
mexc,RIONUSDT,RION-USDT,RION,USDT,True,1,True,0.2986,60013.4405,200924.99,0.2983,246.11,0.2991,581.0,26.78272514228214,73.414613,0.0001,0.0,0.0,1.0,0.0,0.0005,exchangeInfo.quotePrecision/baseSizePrecision/quoteAmountPrecision,1,False,0.5512605042016807,0.6470588235294117,0.8205882352941176,62.90756302521009
mexc,CXTUSDT,CXT-USDT,CXT,USDT,True,1,True,0.004829,58210.491246,12042056.5,0.004817,26146.53,0.004829,23456.55,24.880779597760434,113.27167994999999,1e-06,0.0,0.0,1.0,0.0,0.0005,exchangeInfo.quotePrecision/baseSizePrecision/quoteAmountPrecision,1,False,0.5189075630252101,0.6659663865546219,0.876890756302521,62.72689075630253
mexc,RECALLUSDT,RECALL-USDT,RECALL,USDT,True,1,True,0.04025,68002.87986,1684266.53,0.04025,318.74,0.04034,496.4,22.33527732969346,12.829285,1e-05,0.0,0.0,1.0,0.0,0.0005,exchangeInfo.quotePrecision/baseSizePrecision/quoteAmountPrecision,1,False,0.6197478991596639,0.6928571428571428,0.5659663865546218,62.72689075630251
mexc,FORTHUSDT,FORTH-USDT,FORTH,USDT,True,1,True,0.2429,63916.5927,263213.14,0.2429,14.56,0.243,332.51,4.116073266103683,3.536624,0.0001,0.0001,0.0001,1.0,0.0,0.0005,exchangeInfo.quotePrecision/baseSizePrecision/quoteAmountPrecision,1,False,0.5953781512605042,0.9411764705882353,0.32226890756302523,62.72058823529413
mexc,COINDEPOUSDT,COINDEPO-USDT,COINDEPO,USDT,True,1,True,0.07044,249952.30588,3528006.49,0.0702,469.68,0.07044,14.37,34.12969283276509,1.0122228,1e-05,0.0,0.0,1.0,0.0,0.0005,exchangeInfo.quotePrecision/baseSizePrecision/quoteAmountPrecision,1,False,0.8705882352941177,0.5586134453781513,0.04159663865546218,62.6796218487395
mexc,VETUSDC,VET-USDC,VET,USDC,True,1,True,0.007021,58369.093367,8425743.96,0.007006,264022.96,0.007029,95052.94,32.77520484502969,668.12711526,1e-06,0.0,0.0,1.0,0.0,0.0,exchangeInfo.quotePrecision/baseSizePrecision/quoteAmountPrecision,1,False,0.5214285714285715,0.5810924369747898,0.9714285714285714,62.6344537815126
mexc,CHILLGUYUSDT,CHILLGUY-USDT,CHILLGUY,USDT,True,1,True,0.007892,87634.603039,11120461.4,0.007846,28199.92,0.007895,17893.12,62.25779810685306,141.2661824,1e-06,0.0,0.0,1.0,0.0,0.0005,exchangeInfo.quotePrecision/baseSizePrecision/quoteAmountPrecision,1,False,0.6945378151260504,0.25966386554621845,0.8928571428571429,62.54831932773109
mexc,PUNCHUSDT,PUNCH-USDT,PUNCH,USDT,True,1,True,0.013126,159684.307487,12277355.14,0.013162,11397.31,0.013289,2488.64,96.02661525084145,33.071536959999996,1e-06,0.0,0.0,1.0,0.0,0.0005,exchangeInfo.quotePrecision/baseSizePrecision/quoteAmountPrecision,1,False,0.8142857142857143,0.13739495798319323,0.7126050420168067,62.472689075630264
mexc,FARTBOYUSDT,FARTBOY-USDT,FARTBOY,USDT,True,1,True,0.007396,64535.641115,8635992.54,0.007388,1099.95,0.007399,1616.98,14.87793331980874,8.126430599999999,1e-06,0.0,0.0,1.0,0.0,0.0005,exchangeInfo.quotePrecision/baseSizePrecision/quoteAmountPrecision,1,False,0.6025210084033613,0.7785714285714286,0.4890756302521008,62.384453781512605
mexc,PLAIUSDT,PLAI-USDT,PLAI,USDT,True,1,True,0.001976,66986.572619,33919067.82,0.001976,2530.36,0.001978,7911.2,10.116337885686724,4.99999136,1e-06,0.0,0.0,1.0,0.0,0.0005,exchangeInfo.quotePrecision/baseSizePrecision/quoteAmountPrecision,1,False,0.6176470588235294,0.8344537815126051,0.3773109243697479,62.37815126050421
mexc,NTRNUSDT,NTRN-USDT,NTRN,USDT,True,1,True,0.003397,134672.295868,44587359.64,0.003393,9175.57,0.0034,330.96,20.60945090534264,1.1252639999999998,1e-06,0.0,0.0,1.0,0.0,0.0005,exchangeInfo.quotePrecision/baseSizePrecision/quoteAmountPrecision,1,False,0.7865546218487395,0.7159663865546219,0.058403361344537816,62.32773109243698
mexc,SHIBEUR,SHIB-EUR,SHIB,EUR,True,1,True,5.204e-06,167018.149920144,32174829781.0,5.189e-06,10829586.0,5.21e-06,500000.0,40.38849889412503,2.605,1e-09,0.0,0.0,1.0,0.0,0.0,exchangeInfo.quotePrecision/baseSizePrecision/quoteAmountPrecision,1,False,0.8189075630252101,0.47731092436974787,0.2672268907563025,62.3172268907563
mexc,BTTUSDT,BTT-USDT,BTT,USDT,True,1,True,3.124e-07,70612.5869547764,226325805087.49,3.121e-07,28039760.0,3.128e-07,35054174.63,22.403584573531756,8.751209096,1e-10,0.001,0.001,1.0,0.0,0.0005,exchangeInfo.quotePrecision/baseSizePrecision/quoteAmountPrecision,1,False,0.6357142857142857,0.692436974789916,0.5016806722689076,62.308823529411775
mexc,FDUSDT,FD-USDT,FD,USDT,True,1,True,0.0174,624403.8473,40228519.06,0.0166,1743.57,0.0173,511.08,412.97935103244794,8.841683999999999,0.0001,0.0,0.0,1.0,0.0,0.0005,exchangeInfo.quotePrecision/baseSizePrecision/quoteAmountPrecision,1,False,0.9394957983193277,0.021428571428571463,0.503781512605042,62.28361344537815
mexc,EATUSDT,EAT-USDT,EAT,USDT,True,1,True,0.02469,66651.70764,2699918.89,0.02462,10890.32,0.02472,3237.12,40.53506282934715,80.0216064,1e-05,0.0,0.0,1.0,0.0,0.0005,exchangeInfo.quotePrecision/baseSizePrecision/quoteAmountPrecision,1,False,0.6147058823529412,0.47436974789915964,0.8302521008403362,62.27310924369749
mexc,VINUUSDT,VINU-USDT,VINU,USDT,True,1,True,3.674e-09,73820.92155635446,20103363037558.56,3.663e-09,6249902846.82,3.674e-09,3358479088.79,29.985007496252056,12.33905217221446,1e-12,100000.0,100000.0,1.0,0.0,0.0005,exchangeInfo.quotePrecision/baseSizePrecision/quoteAmountPrecision,1,False,0.65,0.6126050420168068,0.5588235294117647,62.24159663865547
mexc,AEROUSDT,AERO-USDT,AERO,USDT,True,1,True,0.3126,73171.4232,232322.04,0.3125,143.96,0.313,15.4,15.987210231814563,4.8202,0.0001,0.0,0.0,1.0,0.0,0.0005,exchangeInfo.quotePrecision/baseSizePrecision/quoteAmountPrecision,1,False,0.6466386554621849,0.7672268907563025,0.3684873949579832,62.115546218487395
mexc,OXTUSDT,OXT-USDT,OXT,USDT,True,1,True,0.01496,80774.95069,5276816.36,0.01492,27640.51,0.01501,12388.72,60.14032743067259,185.9546872,1e-05,0.0001,0.0001,1.0,0.0,0.0005,exchangeInfo.quotePrecision/baseSizePrecision/quoteAmountPrecision,1,False,0.6760504201680673,0.269327731092437,0.9092436974789916,62.10084033613445
mexc,PENGUUSDC,PENGU-USDC,PENGU,USDC,True,1,True,0.006274,57876.623303,9124450.02,0.006258,530040.0,0.006279,739243.28,33.50083752093832,3316.99032,1e-06,0.0,0.0,1.0,0.0,0.0,exchangeInfo.quotePrecision/baseSizePrecision/quoteAmountPrecision,1,False,0.5092436974789916,0.5697478991596638,0.992436974789916,62.10084033613445
mexc,NSUSDT,NS-USDT,NS,USDT,True,1,True,0.01842,61483.63503,3328452.08,0.01841,689.25,0.01844,692.14,16.282225237450337,12.6890925,1e-05,0.0,0.0,1.0,0.0,0.0005,exchangeInfo.quotePrecision/baseSizePrecision/quoteAmountPrecision,1,False,0.5764705882352941,0.7630252100840336,0.5642857142857143,62.06722689075631
mexc,TOSHIUSDT,TOSHI-USDT,TOSHI,USDT,True,1,True,0.0001765,66290.1279777,371985925.5,0.0001765,42546.9,0.0001768,2989654.78,16.982734220208332,7.5095278500000004,1e-07,0.0,0.0,1.0,0.0,0.0005,exchangeInfo.quotePrecision/baseSizePrecision/quoteAmountPrecision,1,False,0.6130252100840337,0.7554621848739496,0.47058823529411764,62.01470588235295
mexc,UAIUSDT,UAI-USDT,UAI,USDT,True,1,True,0.1861,92700.1635,480357.31,0.1859,93.0,0.1867,106.78,42.941492216854265,17.288700000000002,0.0001,0.0,0.0,1.0,0.0,0.0005,exchangeInfo.quotePrecision/baseSizePrecision/quoteAmountPrecision,1,False,0.7058823529411765,0.43781512605042017,0.6109243697478992,61.9873949579832
mexc,COLLECTUSDT,COLLECT-USDT,COLLECT,USDT,True,1,True,0.04434,167150.30711,4003171.49,0.04418,241.37,0.0444,121.0,49.672612327840355,5.3724,1e-05,0.0,0.0,1.0,0.0,0.0005,exchangeInfo.quotePrecision/baseSizePrecision/quoteAmountPrecision,1,False,0.8197478991596638,0.3563025210084033,0.39873949579831935,61.96848739495798
mexc,BABYDOGEUSDT,BABYDOGE-USDT,BABYDOGE,USDT,True,1,True,3.773e-10,91662.20300872123,241191669235450.0,3.768e-10,25331156974.0,3.782e-10,825875335640.0,37.08609271523221,9.5447799478032,1e-13,10000.0,10000.0,1.0,0.0,0.0005,exchangeInfo.quotePrecision/baseSizePrecision/quoteAmountPrecision,1,False,0.7021008403361344,0.5231092436974789,0.5121848739495798,61.936974789915965
mexc,CLONEUSDT,CLONE-USDT,CLONE,USDT,True,1,True,0.005067,100711.267438,19799929.98,0.00506,294.89,0.00507,283.99,19.743336623888634,1.4398293,1e-06,0.0,0.0,1.0,0.0,0.0005,exchangeInfo.quotePrecision/baseSizePrecision/quoteAmountPrecision,1,False,0.7294117647058823,0.7277310924369749,0.1810924369747899,61.9327731092437
mexc,GOLD(PAXG)USDC,GOLD(PAXG)-USDC,GOLD(PAXG),USDC,True,1,True,4642.67,57659.62,12.38447,4641.75,0.55256,4651.7,0.01865,21.412930612420183,86.754205,0.01,1e-06,1e-06,1.0,0.0,0.0,exchangeInfo.quotePrecision/baseSizePrecision/quoteAmountPrecision,1,False,0.4995798319327731,0.7054621848739495,0.8403361344537815,61.92016806722689
mexc,OCTAUSDT,OCTA-USDT,OCTA,USDT,True,1,True,0.11675,142843.35972,1225189.8,0.11654,50.33,0.11709,1097.54,47.08299447844839,5.8654582,1e-05,0.0,0.0,1.0,0.0,0.0005,exchangeInfo.quotePrecision/baseSizePrecision/quoteAmountPrecision,1,False,0.7949579831932773,0.384453781512605,0.4260504201680672,61.85504201680671
mexc,ULTIMAUSDC,ULTIMA-USDC,ULTIMA,USDC,True,1,True,3196.97,192866.89,57.3904,3164.81,0.1266,3209.33,0.0084,139.6894326136545,26.958371999999997,0.01,0.0,0.0,1.0,0.0,0.0,exchangeInfo.quotePrecision/baseSizePrecision/quoteAmountPrecision,1,False,0.8369747899159664,0.08613445378151263,0.6819327731092437,61.82563025210085
mexc,FORESTUSDT,FOREST-USDT,FOREST,USDT,True,1,True,0.01794,61143.34812,3410881.29,0.01791,4243.12,0.01795,1303.28,22.308979364195114,23.393876,1e-05,0.0,0.0,1.0,0.0,0.0005,exchangeInfo.quotePrecision/baseSizePrecision/quoteAmountPrecision,1,False,0.5697478991596638,0.6932773109243697,0.6571428571428571,61.8109243697479
mexc,MAGMAUSDT,MAGMA-USDT,MAGMA,USDT,True,1,True,0.11324,158917.15654,1451551.66,0.11311,51.0,0.11362,34.52,44.98742998279862,3.9221624000000004,1e-05,0.0,0.0,1.0,0.0,0.0005,exchangeInfo.quotePrecision/baseSizePrecision/quoteAmountPrecision,1,False,0.8130252100840336,0.4092436974789916,0.34243697478991597,61.79621848739496
mexc,TSLAXUSDT,TSLAX-USDT,TSLAX,USDT,True,1,True,361.03,77010.35,212.741,360.82,0.051,362.16,0.115,37.06879858364081,18.401819999999997,0.01,0.0,0.0,1.0,0.0,0.0005,exchangeInfo.quotePrecision/baseSizePrecision/quoteAmountPrecision,1,False,0.6600840336134454,0.5235294117647059,0.6197478991596639,61.787815126050425
mexc,QNTUSDC,QNT-USDC,QNT,USDC,True,1,True,76.03,60248.11,794.14,75.94,12.29,76.25,8.48,40.73855049609072,646.6,0.01,0.0,0.0,1.0,0.0,0.0,exchangeInfo.quotePrecision/baseSizePrecision/quoteAmountPrecision,1,False,0.5567226890756303,0.47016806722689075,0.9705882352941176,61.78571428571429
mexc,JOEUSDT,JOE-USDT,JOE,USDT,True,1,True,0.03669,67483.05656,1813916.38,0.03667,846.0,0.0368,47864.17,35.38859398393852,31.02282,1e-05,0.1,0.1,1.0,0.0,0.0005,exchangeInfo.quotePrecision/baseSizePrecision/quoteAmountPrecision,1,False,0.6189075630252101,0.546218487394958,0.7037815126050421,61.77100840336135
mexc,PEUSDT,PE-USDT,PE,USDT,True,1,True,7.6086,1489572.485,112939.32,7.41,0.67,7.599,10.26,251.84889066560072,4.964700000000001,0.0001,0.0,0.0,1.0,0.0,0.0005,exchangeInfo.quotePrecision/baseSizePrecision/quoteAmountPrecision,1,False,0.9697478991596639,0.03655462184873948,0.3726890756302521,61.70378151260504
mexc,DAMUSDT,DAM-USDT,DAM,USDT,True,1,True,0.05341,390620.99734,8066378.96,0.05362,22.02,0.05386,147.14,44.65947152958638,1.1807124,1e-05,0.0,0.0,1.0,0.0,0.0005,exchangeInfo.quotePrecision/baseSizePrecision/quoteAmountPrecision,1,False,0.9096638655462185,0.41428571428571426,0.06134453781512605,61.615546218487395
mexc,TNKUSDT,TNK-USDT,TNK,USDT,True,1,True,0.15693,77334.94872,564805.51,0.15636,148.47,0.15698,139.41,39.57362609306245,21.8845818,1e-05,0.0,0.0,1.0,0.0,0.0005,exchangeInfo.quotePrecision/baseSizePrecision/quoteAmountPrecision,1,False,0.6630252100840336,0.48697478991596643,0.6487394957983194,61.615546218487395
mexc,AIXBTUSDC,AIXBT-USDC,AIXBT,USDC,True,1,True,0.02265,80118.02273,3630970.29,0.02261,190.45,0.02266,237.27,22.089684117516217,4.3060745,1e-05,0.0,0.0,1.0,0.0,0.0,exchangeInfo.quotePrecision/baseSizePrecision/quoteAmountPrecision,1,False,0.6739495798319328,0.6974789915966386,0.3550420168067227,61.60504201680672
mexc,AURUSDT,AUR-USDT,AUR,USDT,True,1,True,0.2887,62917.5365,218065.49,0.2884,111.33,0.2893,163.26,31.15804050545307,32.107572,0.0001,0.0001,0.0001,1.0,0.0,0.0005,exchangeInfo.quotePrecision/baseSizePrecision/quoteAmountPrecision,1,False,0.5878151260504202,0.5983193277310924,0.7096638655462185,61.48109243697479
mexc,HONEYUSDT,HONEY-USDT,HONEY,USDT,True,1,True,0.00216,153395.02828,76922842.13,0.00215,19601.9,0.00218,43159.44,138.5681293302544,42.144085000000004,1e-05,0.0,0.0,1.0,0.0,0.0005,exchangeInfo.quotePrecision/baseSizePrecision/quoteAmountPrecision,1,False,0.8058823529411765,0.08781512605042019,0.7474789915966387,61.46848739495798
mexc,ZENUSDC,ZEN-USDC,ZEN,USDC,True,1,True,5.152,56601.939,11020.48,5.152,12.93,5.158,12.93,11.639185257032448,66.61536,0.001,0.0,0.0,1.0,0.0,0.0,exchangeInfo.quotePrecision/baseSizePrecision/quoteAmountPrecision,1,False,0.45168067226890757,0.8138655462184874,0.8092436974789916,61.373949579831944
mexc,SYSUSDT,SYS-USDT,SYS,USDT,True,1,True,0.010287,77175.436609,7412866.92,0.010286,128.64,0.010293,127.85,6.803051654599408,1.31596005,1e-06,0.01,0.01,1.0,0.0,0.0005,exchangeInfo.quotePrecision/baseSizePrecision/quoteAmountPrecision,1,False,0.6621848739495798,0.8928571428571429,0.12815126050420167,61.3046218487395
mexc,MLNUSDT,MLN-USDT,MLN,USDT,True,1,True,3.256,85141.149,25951.61,3.253,0.82,3.258,0.48,15.358623867301162,1.56384,0.001,0.01,0.01,1.0,0.0,0.0005,exchangeInfo.quotePrecision/baseSizePrecision/quoteAmountPrecision,1,False,0.6899159663865546,0.7747899159663866,0.19873949579831932,61.28991596638655
mexc,OBOLUSDT,OBOL-USDT,OBOL,USDT,True,1,True,0.01318,58037.20641,4369003.77,0.01318,872.55,0.01319,871.89,7.58437618505847,11.500209,1e-05,0.0,0.0,1.0,0.0,0.0005,exchangeInfo.quotePrecision/baseSizePrecision/quoteAmountPrecision,1,False,0.5142857142857142,0.876890756302521,0.5470588235294118,61.14915966386554
mexc,ALPHUSDT,ALPH-USDT,ALPH,USDT,True,1,True,0.04753,77353.52116,1623484.03,0.04753,6375.12,0.04763,82.14,21.017234131987376,3.9123282,1e-05,0.0,0.0,1.0,0.0,0.0005,exchangeInfo.quotePrecision/baseSizePrecision/quoteAmountPrecision,1,False,0.6634453781512605,0.7109243697478991,0.3411764705882353,61.08613445378152
mexc,PMMUSDT,PMM-USDT,PMM,USDT,True,1,True,4.55e-05,1395302.1452566,22444130163.51,4.49e-05,311698.27,4.57e-05,74579.96,176.60044150110355,3.4083041720000002,1e-07,0.0,0.0,1.0,0.0,0.0005,exchangeInfo.quotePrecision/baseSizePrecision/quoteAmountPrecision,1,False,0.9680672268907563,0.05924369747899161,0.31596638655462184,61.044117647058826
mexc,CITYUSDT,CITY-USDT,CITY,USDT,True,1,True,0.5092,81904.0598,161507.32,0.509,68.18,0.5096,2.75,11.780875711762121,1.4014000000000002,0.0001,0.01,0.01,1.0,0.0,0.0005,exchangeInfo.quotePrecision/baseSizePrecision/quoteAmountPrecision,1,False,0.6798319327731093,0.811344537815126,0.16680672268907562,61.01050420168068
mexc,LUMIUSDT,LUMI-USDT,LUMI,USDT,True,1,True,0.001906,60304.589782,31484312.67,0.001899,36466.49,0.001903,10186.1,21.041557075222936,19.3841483,1e-06,0.0,0.0,1.0,0.0,0.0005,exchangeInfo.quotePrecision/baseSizePrecision/quoteAmountPrecision,1,False,0.5579831932773109,0.7105042016806722,0.6273109243697479,60.99789915966387
mexc,LVVAUSDT,LVVA-USDT,LVVA,USDT,True,1,True,0.0004335,116112.5236073,234941501.78,0.0004323,121841.65,0.000435,45961.29,62.262193012798605,19.99316115,1e-07,0.0,0.0,1.0,0.0,0.0005,exchangeInfo.quotePrecision/baseSizePrecision/quoteAmountPrecision,1,False,0.7592436974789916,0.25924369747899156,0.6331932773109243,60.90336134453781
mexc,DAOUSDT,DAO-USDT,DAO,USDT,True,1,True,0.05638,126332.92567,2341694.68,0.05666,23.14,0.05682,1038.81,28.19880155093416,1.3111124,1e-05,0.1,0.1,1.0,0.0,0.0005,exchangeInfo.quotePrecision/baseSizePrecision/quoteAmountPrecision,1,False,0.7760504201680672,0.6331932773109243,0.11764705882352941,60.865546218487395
mexc,IOSTUSDT,IOST-USDT,IOST,USDT,True,1,True,0.001088,109242.46512,101880264.45,0.001087,175432.0,0.001089,1101.93,18.382352941174926,1.2000017699999999,1e-06,1.0,1.0,1.0,0.0,0.0005,exchangeInfo.quotePrecision/baseSizePrecision/quoteAmountPrecision,1,False,0.746218487394958,0.7403361344537815,0.06470588235294118,60.84453781512605
mexc,WETUSDT,WET-USDT,WET,USDT,True,1,True,0.10512,65109.14069,627784.97,0.10488,4760.99,0.10523,218.48,33.31588215696569,22.9906504,1e-05,0.0,0.0,1.0,0.0,0.0005,exchangeInfo.quotePrecision/baseSizePrecision/quoteAmountPrecision,1,False,0.6071428571428571,0.573109243697479,0.6558823529411765,60.83823529411765
mexc,LIGHTUSDT,LIGHT-USDT,LIGHT,USDT,True,1,True,0.1586,115039.6716,712933.15,0.1585,252.06,0.159,10.81,31.49606299212601,1.71879,0.0001,0.0,0.0,1.0,0.0,0.0005,exchangeInfo.quotePrecision/baseSizePrecision/quoteAmountPrecision,1,False,0.757563025210084,0.596218487394958,0.2130252100840336,60.831932773109244
mexc,RBTUSDT,RBT-USDT,RBT,USDT,True,1,True,127.41,79650.16,625.79,127.31,0.01,127.41,2.47,7.851758793969403,1.2731000000000001,0.01,0.001,0.001,1.0,0.0,0.0005,exchangeInfo.quotePrecision/baseSizePrecision/quoteAmountPrecision,1,False,0.6718487394957983,0.873109243697479,0.10084033613445378,60.79621848739496
mexc,ARTXUSDT,ARTX-USDT,ARTX,USDT,True,1,True,0.13268,1481765.62458,11445739.97,0.13247,24.39,0.13498,150.65,187.69863525892578,3.2309433000000003,1e-05,0.0,0.0,1.0,0.0,0.0005,exchangeInfo.quotePrecision/baseSizePrecision/quoteAmountPrecision,1,False,0.969327731092437,0.055462184873949605,0.3042016806722689,60.78361344537817
mexc,RIFUSDT,RIF-USDT,RIF,USDT,True,1,True,0.03545,103676.76879,2942272.31,0.03542,41.87,0.03551,41.79,25.377132384040554,1.4830354,1e-05,0.001,0.001,1.0,0.0,0.0005,exchangeInfo.quotePrecision/baseSizePrecision/quoteAmountPrecision,1,False,0.7357142857142858,0.6609243697478991,0.18949579831932772,60.77731092436976
mexc,THLUSDT,THL-USDT,THL,USDT,True,1,True,0.0149,106424.001,7100427.81,0.0148,9488.98,0.015,25008.55,134.22818791946227,140.436904,0.0001,0.0,0.0,1.0,0.0,0.0005,exchangeInfo.quotePrecision/baseSizePrecision/quoteAmountPrecision,1,False,0.738655462184874,0.0911764705882353,0.8920168067226891,60.74579831932774
mexc,LRCUSDT,LRC-USDT,LRC,USDT,True,1,True,0.01757,58412.08172,3240241.24,0.01755,1538.8,0.01758,1300.05,17.079419299743115,22.854878999999997,1e-05,1.0,1.0,1.0,0.0,0.0005,exchangeInfo.quotePrecision/baseSizePrecision/quoteAmountPrecision,1,False,0.523109243697479,0.753781512605042,0.6546218487394958,60.707983193277315
mexc,ATUSDT,AT-USDT,AT,USDT,True,1,True,0.15937,76037.84029,474278.94,0.15929,984.48,0.15945,9.13,10.039530651943354,1.4557785000000003,1e-05,0.0,0.0,1.0,0.0,0.0005,exchangeInfo.quotePrecision/baseSizePrecision/quoteAmountPrecision,1,False,0.6550420168067227,0.8369747899159664,0.18571428571428572,60.66596638655463
mexc,RADUSDT,RAD-USDT,RAD,USDT,True,1,True,0.215,99411.1388,458313.8,0.2147,20845.81,0.2151,6.11,18.61330851558918,1.3142610000000001,0.0001,0.001,0.001,1.0,0.0,0.0005,exchangeInfo.quotePrecision/baseSizePrecision/quoteAmountPrecision,1,False,0.7205882352941176,0.7378151260504202,0.1264705882352941,60.60714285714286
mexc,FCXONUSDT,FCXON-USDT,FCXON,USDT,True,1,True,61.41,58146.69,946.72,61.32,5.55,61.54,4.39,35.813120625101554,270.1606,0.01,0.0,0.0,1.0,0.0,0.0005,exchangeInfo.quotePrecision/baseSizePrecision/quoteAmountPrecision,1,False,0.5176470588235295,0.5411764705882354,0.9298319327731093,60.5966386554622
mexc,PRLUSDC,PRL-USDC,PRL,USDC,True,1,True,0.148,72685.0799,493855.21,0.1475,4731.9,0.1485,3938.49,67.56756756756764,584.8657649999999,0.0001,0.0,0.0,1.0,0.0,0.0,exchangeInfo.quotePrecision/baseSizePrecision/quoteAmountPrecision,1,False,0.6449579831932774,0.23067226890756298,0.9663865546218487,60.56722689075631
mexc,ACMUSDT,ACM-USDT,ACM,USDT,True,1,True,0.4045,109422.5759,267771.77,0.404,3.3,0.405,73.96,24.72187886279359,1.3332,0.0001,0.1,0.1,1.0,0.0,0.0005,exchangeInfo.quotePrecision/baseSizePrecision/quoteAmountPrecision,1,False,0.7470588235294118,0.6684873949579833,0.1373949579831933,60.54831932773111
mexc,BAONUSDT,BAON-USDT,BAON,USDT,True,1,True,207.48,55841.33,269.138,207.37,2.178,207.7,1.41,15.900932372852004,292.85699999999997,0.01,0.0,0.0,1.0,0.0,0.0005,exchangeInfo.quotePrecision/baseSizePrecision/quoteAmountPrecision,1,False,0.4084033613445378,0.7680672268907562,0.9382352941176471,60.42857142857143
mexc,HOTUSDT,HOT-USDT,HOT,USDT,True,1,True,0.0004032,95455.5724709,235389834.65,0.0004029,3261.68,0.0004036,4101.56,17.358958462492673,1.3141308719999998,1e-07,0.0001,0.0001,1.0,0.0,0.0005,exchangeInfo.quotePrecision/baseSizePrecision/quoteAmountPrecision,1,False,0.7109243697478992,0.7521008403361344,0.12563025210084033,60.41596638655462
mexc,MELANIAUSD1,MELANIA-USD1,MELANIA,USD1,True,1,True,0.10815,83129.17237,758349.1,0.10772,2854.73,0.10864,2658.21,85.04344610833833,288.7879344,1e-05,0.0,0.0,1.0,0.0001,0.0001,exchangeInfo.quotePrecision/baseSizePrecision/quoteAmountPrecision,1,False,0.6836134453781513,0.16092436974789914,0.9361344537815126,60.34453781512605
mexc,SUKUUSDT,SUKU-USDT,SUKU,USDT,True,1,True,0.00695,96580.89033,13961406.21,0.00694,1658.05,0.00697,1369.86,43.134435657799635,9.547924199999999,1e-05,0.01,0.01,1.0,0.0,0.0005,exchangeInfo.quotePrecision/baseSizePrecision/quoteAmountPrecision,1,False,0.7126050420168067,0.4357142857142857,0.5126050420168067,60.338235294117645
mexc,WARDUSDT,WARD-USDT,WARD,USDT,True,1,True,0.004062,81992.025423,20209026.72,0.004053,13306.87,0.004069,2520.36,39.39916276779001,10.25534484,1e-06,0.0,0.0,1.0,0.0,0.0005,exchangeInfo.quotePrecision/baseSizePrecision/quoteAmountPrecision,1,False,0.680672268907563,0.48949579831932777,0.5294117647058824,60.262605042016816
mexc,HIPPOUSDT,HIPPO-USDT,HIPPO,USDT,True,1,True,0.00036,109209.75405,279300449.32,0.000358,158224.17,0.000361,124822.65,83.44923504867924,45.06097664999999,1e-06,0.0,0.0,1.0,0.0,0.0005,exchangeInfo.quotePrecision/baseSizePrecision/quoteAmountPrecision,1,False,0.7457983193277311,0.16428571428571426,0.7558823529411764,60.243697478991606
mexc,WAVESUSDT,WAVES-USDT,WAVES,USDT,True,1,True,0.4048,60904.0295,150996.71,0.4043,80.06,0.4056,153.97,32.10272873194279,32.368258,0.0001,1e-05,1e-05,1.0,0.0,0.0005,exchangeInfo.quotePrecision/baseSizePrecision/quoteAmountPrecision,1,False,0.5676470588235294,0.5903361344537815,0.7109243697478992,60.19747899159664
mexc,DSYNCUSDT,DSYNC-USDT,DSYNC,USDT,True,1,True,0.01417,60490.1187,4260949.99,0.01416,313.71,0.01417,2832.68,7.059654076949941,4.4421336,1e-05,0.0,0.0,1.0,0.0,0.0005,exchangeInfo.quotePrecision/baseSizePrecision/quoteAmountPrecision,1,False,0.561344537815126,0.8852941176470588,0.3592436974789916,60.191176470588225
mexc,OGYUSDT,OGY-USDT,OGY,USDT,True,1,True,0.0007289,128617.2301063,176622883.51,0.0007272,28106.53,0.0007304,5146.28,43.90779363336951,3.7588429119999995,1e-07,0.001,0.001,1.0,0.0,0.0005,exchangeInfo.quotePrecision/baseSizePrecision/quoteAmountPrecision,1,False,0.7789915966386555,0.42647058823529416,0.33319327731092435,60.17016806722689
mexc,ORCLONUSDT,ORCLON-USDT,ORCLON,USDT,True,1,True,145.5,57417.74,394.829,145.35,0.507,145.7,1.789,24.050850369351956,73.69245,0.01,0.0,0.0,1.0,0.0,0.0005,exchangeInfo.quotePrecision/baseSizePrecision/quoteAmountPrecision,1,False,0.48781512605042016,0.6764705882352942,0.8210084033613445,60.16176470588236
mexc,AIOTUSDT,AIOT-USDT,AIOT,USDT,True,1,True,0.040972,1100684.544833,31064778.45,0.040478,1360.5,0.041007,51.14,129.83984782475343,2.09709798,1e-06,0.0,0.0,1.0,0.0,0.0005,exchangeInfo.quotePrecision/baseSizePrecision/quoteAmountPrecision,1,False,0.9609243697478992,0.09621848739495797,0.2407563025210084,60.071428571428584
mexc,RACAUSDT,RACA-USDT,RACA,USDT,True,1,True,1.672e-05,60391.49553072,3565114571.01,1.672e-05,2998303.53,1.673e-05,218392.2,5.97907324364819,3.6537015060000004,1e-08,10.0,10.0,1.0,0.0,0.0005,exchangeInfo.quotePrecision/baseSizePrecision/quoteAmountPrecision,1,False,0.5588235294117647,0.9109243697478991,0.3281512605042017,60.07142857142858
mexc,CTPUSDT,CTP-USDT,CTP,USDT,True,1,True,0.0009212,55714.1981361,60584235.35,0.0009212,105619.35,0.0009213,25959.22,1.0854816824972229,23.916229386,1e-07,0.0,0.0,1.0,0.0,0.0005,exchangeInfo.quotePrecision/baseSizePrecision/quoteAmountPrecision,1,False,0.4008403361344538,0.9882352941176471,0.6609243697478991,59.97058823529413
mexc,ERAUSDT,ERA-USDT,ERA,USDT,True,1,True,0.1235,60483.2129,493155.62,0.1235,13443.19,0.1236,38.8,8.093889113719374,4.79568,0.0001,0.0,0.0,1.0,0.0,0.0005,exchangeInfo.quotePrecision/baseSizePrecision/quoteAmountPrecision,1,False,0.5609243697478992,0.8680672268907563,0.36722689075630255,59.89705882352941
mexc,DOODUSDT,DOOD-USDT,DOOD,USDT,True,1,True,0.002895,66236.422832,22944678.81,0.00289,6210.63,0.0029,19258.8,34.54231433505904,17.948720700000003,1e-06,0.0,0.0,1.0,0.0,0.0005,exchangeInfo.quotePrecision/baseSizePrecision/quoteAmountPrecision,1,False,0.6126050420168068,0.5554621848739496,0.6151260504201681,59.88235294117648
mexc,NEIROCTOUSDT,NEIROCTO-USDT,NEIROCTO,USDT,True,1,True,5.547e-05,60251.3468589,1082285915.0,5.545e-05,37636.0,5.546e-05,160000.0,1.8032639076731762,2.0869162,1e-08,0.0,0.0,1.0,0.0,0.0005,exchangeInfo.quotePrecision/baseSizePrecision/quoteAmountPrecision,1,False,0.557563025210084,0.976890756302521,0.23949579831932774,59.87815126050421
mexc,PROMUSDT,PROM-USDT,PROM,USDT,True,1,True,1.0345,56109.3988,54947.2,1.0329,956.65,1.0353,547.42,23.208587177257325,566.743926,0.0001,0.0,0.0,1.0,0.0,0.0005,exchangeInfo.quotePrecision/baseSizePrecision/quoteAmountPrecision,1,False,0.4264705882352941,0.6840336134453782,0.9651260504201681,59.859243697478995
mexc,PORUSDT,POR-USDT,POR,USDT,True,1,True,0.5766,65688.6393,109625.61,0.5758,877.24,0.5784,113.2,45.05285045919333,65.47488,0.0001,0.1,0.1,1.0,0.0,0.0005,exchangeInfo.quotePrecision/baseSizePrecision/quoteAmountPrecision,1,False,0.6096638655462185,0.4079831932773109,0.8058823529411765,59.84873949579832
mexc,XCNUSDC,XCN-USDC,XCN,USDC,True,1,True,0.004747,108291.19649,22807751.74,0.004735,10444.38,0.004779,23728.36,92.49527012823341,49.454139299999994,1e-06,0.0,0.0,1.0,0.0,0.0,exchangeInfo.quotePrecision/baseSizePrecision/quoteAmountPrecision,1,False,0.7432773109243698,0.14453781512605046,0.7676470588235295,59.84663865546219
mexc,PFEONUSDT,PFEON-USDT,PFEON,USDT,True,1,True,29.24,56684.73,1936.47,29.24,11.44,29.32,9.46,27.32240437158533,277.3672,0.01,0.0,0.0,1.0,0.0,0.0005,exchangeInfo.quotePrecision/baseSizePrecision/quoteAmountPrecision,1,False,0.45714285714285713,0.6411764705882352,0.9323529411764706,59.81932773109244
mexc,DGMAUSDT,DGMA-USDT,DGMA,USDT,True,1,True,0.04578,78115.32316,1720618.3,0.04577,1005.11,0.0458,21.84,6.552364311456207,1.000272,1e-05,0.0,0.0,1.0,0.0,0.0005,exchangeInfo.quotePrecision/baseSizePrecision/quoteAmountPrecision,1,False,0.6659663865546218,0.896218487394958,0.03865546218487395,59.80672268907563
mexc,PSQONUSDT,PSQON-USDT,PSQON,USDT,True,1,True,32.0,54471.21,1704.59,31.99,65.79,32.0,7.17,3.1254883575563572,229.44,0.01,0.0,0.0,1.0,0.0,0.0005,exchangeInfo.quotePrecision/baseSizePrecision/quoteAmountPrecision,1,False,0.31554621848739495,0.9609243697478992,0.9205882352941176,59.78991596638655
mexc,SLEEPLESSAIUSDT,SLEEPLESSAI-USDT,SLEEPLESSAI,USDT,True,1,True,0.01965,63496.26251,3206433.4,0.0196,53189.2,0.01971,211268.24,55.96540320529076,1042.50832,1e-05,0.001,0.001,1.0,0.0,0.0005,exchangeInfo.quotePrecision/baseSizePrecision/quoteAmountPrecision,1,False,0.5920168067226891,0.3046218487394958,0.9798319327731092,59.773109243697476
mexc,LUNCUSDC,LUNC-USDC,LUNC,USDC,True,1,True,3.66e-05,93070.46991469,2539299634.56,3.651e-05,150000.0,3.665e-05,6394530.95,38.27227993439093,5.476500000000001,1e-08,0.001,0.001,1.0,0.0,0.0,exchangeInfo.quotePrecision/baseSizePrecision/quoteAmountPrecision,1,False,0.7063025210084034,0.507563025210084,0.4096638655462185,59.72899159663866
mexc,BDCAUSDT,BDCA-USDT,BDCA,USDT,True,1,True,0.6912,185714.1911,270836.35,0.6904,7.9,0.6951,32.4,67.84554312522609,5.454160000000001,0.0001,0.0,0.0,1.0,0.0,0.0005,exchangeInfo.quotePrecision/baseSizePrecision/quoteAmountPrecision,1,False,0.8340336134453782,0.22815126050420165,0.40756302521008403,59.72689075630253
mexc,MNSRYUSDT,MNSRY-USDT,MNSRY,USDT,True,1,True,0.008758,81623.788154,9317310.27,0.008752,154.25,0.008765,2228.41,14.842724210767665,1.349996,1e-06,0.0,0.0,1.0,0.0,0.0005,exchangeInfo.quotePrecision/baseSizePrecision/quoteAmountPrecision,1,False,0.6781512605042017,0.7798319327731092,0.146218487394958,59.71848739495799
mexc,OBTUSDT,OBT-USDT,OBT,USDT,True,1,True,0.001033,102779.339009,99587315.14,0.001034,1398.65,0.001037,9669.0,28.971511347174935,1.4462041,1e-06,0.0,0.0,1.0,0.0,0.0005,exchangeInfo.quotePrecision/baseSizePrecision/quoteAmountPrecision,1,False,0.7327731092436974,0.6247899159663866,0.18445378151260505,59.61134453781513
mexc,OKMUSDT,OKM-USDT,OKM,USDT,True,1,True,7.492e-06,56285.129993574,7527306041.63,7.486e-06,13198882.71,7.5e-06,66329541.6,18.68410516482077,98.80683596706001,1e-09,0.0,0.0,1.0,0.0,0.0005,exchangeInfo.quotePrecision/baseSizePrecision/quoteAmountPrecision,1,False,0.4336134453781513,0.7361344537815127,0.8638655462184874,59.529411764705884
mexc,ZRCUSDT,ZRC-USDT,ZRC,USDT,True,1,True,0.001434,77164.692903,53755248.88,0.001434,21247.39,0.001441,51246.5,48.69565217391347,30.468757259999997,1e-06,0.0,0.0,1.0,0.0,0.0005,exchangeInfo.quotePrecision/baseSizePrecision/quoteAmountPrecision,1,False,0.6617647058823529,0.36386554621848743,0.7012605042016806,59.518907563025216
mexc,BKNUSDT,BKN-USDT,BKN,USDT,True,1,True,0.09624,209387.70389,2578431.14,0.09582,67.01,0.09667,65.67,88.31627617019102,6.348318900000001,1e-05,0.0,0.0,1.0,0.0,0.0005,exchangeInfo.quotePrecision/baseSizePrecision/quoteAmountPrecision,1,False,0.8504201680672269,0.15336134453781514,0.44243697478991595,59.45588235294118
mexc,MASUSDT,MAS-USDT,MAS,USDT,True,1,True,0.00386,59947.68062,15543177.07,0.00385,5672.37,0.00386,5196.59,25.940337224383985,20.0588374,1e-05,0.0,0.0,1.0,0.0,0.0005,exchangeInfo.quotePrecision/baseSizePrecision/quoteAmountPrecision,1,False,0.55,0.6554621848739496,0.6361344537815126,59.359243697479
mexc,RTFUSDT,RTF-USDT,RTF,USDT,True,1,True,0.00791,70515.67992,8864410.9,0.00787,7237.06,0.00791,24568.49,50.69708491761737,56.955662200000006,1e-05,0.0,0.0,1.0,0.0,0.0005,exchangeInfo.quotePrecision/baseSizePrecision/quoteAmountPrecision,1,False,0.6352941176470588,0.34411764705882353,0.7903361344537815,59.350840336134446
mexc,KASUSDC,KAS-USDC,KAS,USDC,True,1,True,0.03099,63276.69453,2036387.84,0.03095,19593.07,0.03105,545.17,32.258064516129956,16.9275285,1e-05,0.0,0.0,1.0,0.0,0.0,exchangeInfo.quotePrecision/baseSizePrecision/quoteAmountPrecision,1,False,0.5907563025210084,0.5869747899159664,0.6079831932773109,59.32563025210085
mexc,GUIUSDT,GUI-USDT,GUI,USDT,True,1,True,4.32e-07,87903.534162453,203952581821.0,4.29e-07,125260352.0,4.32e-07,163020111.0,69.6864111498261,53.736691008,1e-09,0.0,0.0,1.0,0.0,0.0005,exchangeInfo.quotePrecision/baseSizePrecision/quoteAmountPrecision,1,False,0.6949579831932773,0.2184873949579832,0.7815126050420168,59.315126050420176
mexc,GOOGLONUSDT,GOOGLON-USDT,GOOGLON,USDT,True,1,True,296.14,58625.3,197.606,295.7,1.023,296.61,0.146,30.727153011093012,43.30506,0.01,0.0,0.0,1.0,0.0,0.0005,exchangeInfo.quotePrecision/baseSizePrecision/quoteAmountPrecision,1,False,0.5285714285714286,0.6067226890756303,0.7516806722689076,59.27310924369748
mexc,FAVEUSDT,FAVE-USDT,FAVE,USDT,True,1,True,0.04012,66864.43406,1622165.78,0.04,850.0,0.04001,28.75,2.499687539056649,1.1502875,1e-05,0.0,0.0,1.0,0.0,0.0005,exchangeInfo.quotePrecision/baseSizePrecision/quoteAmountPrecision,1,False,0.615546218487395,0.9680672268907563,0.05966386554621849,59.25
mexc,PXPUSDT,PXP-USDT,PXP,USDT,True,1,True,0.01672,56869.02641,3412967.2,0.0167,5511.37,0.01674,4660.13,23.923444976077654,78.0105762,1e-05,0.0,0.0,1.0,0.0,0.0005,exchangeInfo.quotePrecision/baseSizePrecision/quoteAmountPrecision,1,False,0.4676470588235294,0.6781512605042017,0.826890756302521,59.21218487394958
mexc,CHZUSDC,CHZ-USDC,CHZ,USDC,True,1,True,0.03949,56093.79759,1422404.39,0.03944,88644.17,0.03955,88644.17,27.851626788200782,3496.1260648,1e-05,0.0,0.0,1.0,0.0,0.0,exchangeInfo.quotePrecision/baseSizePrecision/quoteAmountPrecision,1,False,0.4256302521008403,0.6369747899159663,0.9932773109243698,59.19957983193278
mexc,CPOOLUSDT,CPOOL-USDT,CPOOL,USDT,True,1,True,0.02185,68756.97835,3251697.68,0.0218,31140.0,0.02193,7694.79,59.455751200549564,168.74674470000002,1e-05,0.0,0.0,1.0,0.0,0.0005,exchangeInfo.quotePrecision/baseSizePrecision/quoteAmountPrecision,1,False,0.6226890756302521,0.2739495798319328,0.903781512605042,59.17226890756303
mexc,CATONUSDT,CATON-USDT,CATON,USDT,True,1,True,720.58,57177.09,79.473,718.41,0.415,720.91,0.583,34.738626573659786,298.14014999999995,0.01,0.0,0.0,1.0,0.0,0.0005,exchangeInfo.quotePrecision/baseSizePrecision/quoteAmountPrecision,1,False,0.4815126050420168,0.5525210084033614,0.9394957983193277,59.086134453781526
mexc,OFTUSDT,OFT-USDT,OFT,USDT,True,1,True,0.4124,69482.0595,169027.03,0.4173,0.01,0.4174,189.0,2.3960704444708036,0.0041730000000000005,0.0001,0.0,0.0,1.0,0.0,0.0005,exchangeInfo.quotePrecision/baseSizePrecision/quoteAmountPrecision,1,False,0.6285714285714286,0.9697478991596639,0.013445378151260505,59.084033613445385
mexc,CHIBIUSDT,CHIBI-USDT,CHIBI,USDT,True,1,True,0.0003014,58082.6369524,155553377.33,0.0003013,26479.09,0.0003016,203621.0,9.951899154088814,7.978149817,1e-07,0.0,0.0,1.0,0.0,0.0005,exchangeInfo.quotePrecision/baseSizePrecision/quoteAmountPrecision,1,False,0.5159663865546219,0.8394957983193277,0.48487394957983193,59.06302521008404
mexc,ZKPUSDT,ZKP-USDT,ZKP,USDT,True,1,True,0.06761,59181.77173,872775.48,0.06755,155.44,0.06767,559.67,17.748853719863202,10.499972,1e-05,0.0,0.0,1.0,0.0,0.0005,exchangeInfo.quotePrecision/baseSizePrecision/quoteAmountPrecision,1,False,0.5403361344537815,0.746218487394958,0.5327731092436975,59.029411764705884
mexc,OVLUSDT,OVL-USDT,OVL,USDT,True,1,True,0.02244,59144.77142,2619295.71,0.02244,6966.5,0.02245,137.96,4.455335263978433,3.0972020000000002,1e-05,0.0,0.0,1.0,0.0,0.0005,exchangeInfo.quotePrecision/baseSizePrecision/quoteAmountPrecision,1,False,0.5386554621848739,0.9361344537815126,0.2966386554621849,58.962184873949575
mexc,BANUSDT,BAN-USDT,BAN,USDT,True,1,True,0.05623,122686.41551,2265881.74,0.05617,729.0,0.05634,21.13,30.219536041241394,1.1904641999999999,1e-05,0.0,0.0,1.0,0.0,0.0005,exchangeInfo.quotePrecision/baseSizePrecision/quoteAmountPrecision,1,False,0.7705882352941177,0.6105042016806723,0.06302521008403361,58.905462184873954
mexc,ELIZAOSUSDT,ELIZAOS-USDT,ELIZAOS,USDT,True,1,True,0.0006786,110900.3816888,163177902.69,0.0006781,100701.26,0.000681,5298.0,42.675299830770605,3.607938,1e-07,0.0,0.0,1.0,0.0,0.0005,exchangeInfo.quotePrecision/baseSizePrecision/quoteAmountPrecision,1,False,0.7508403361344538,0.4411764705882353,0.3273109243697479,58.8718487394958
mexc,FUSDT,F-USDT,F,USDT,True,1,True,0.004904,68902.560345,14001235.52,0.004899,1122.67,0.004912,2564.62,26.500866374477607,5.49996033,1e-06,0.0,0.0,1.0,0.0,0.0005,exchangeInfo.quotePrecision/baseSizePrecision/quoteAmountPrecision,1,False,0.6247899159663866,0.6495798319327731,0.4121848739495798,58.84663865546219
mexc,PIUSD1,PI-USD1,PI,USD1,True,1,True,0.17106,126267.03305,740038.63,0.1709,708.24,0.17145,7.0,32.1308602307577,1.2001499999999998,1e-05,0.0,0.0,1.0,0.0001,0.0001,exchangeInfo.quotePrecision/baseSizePrecision/quoteAmountPrecision,1,False,0.7756302521008404,0.5894957983193277,0.07184873949579831,58.83403361344538
mexc,LWOLFUSDT,LWOLF-USDT,LWOLF,USDT,True,1,True,8.045e-06,121455.572493522,15054050884.0,8.029e-06,317348.0,8.063e-06,1007156.0,42.25702212279395,2.547987092,1e-09,0.0,0.0,1.0,0.0,0.0005,exchangeInfo.quotePrecision/baseSizePrecision/quoteAmountPrecision,1,False,0.769327731092437,0.44705882352941173,0.26554621848739496,58.800420168067234
mexc,EQIXONUSDT,EQIXON-USDT,EQIXON,USDT,True,1,True,1005.18,55878.97,55.655,1003.09,0.435,1005.19,0.205,20.913418447627052,206.06395,0.01,0.0,0.0,1.0,0.0,0.0005,exchangeInfo.quotePrecision/baseSizePrecision/quoteAmountPrecision,1,False,0.41008403361344536,0.7126050420168067,0.915126050420168,58.67226890756303
mexc,AINETWORKUSDT,AINETWORK-USDT,AINETWORK,USDT,True,1,True,0.01013,62587.506057,6130667.59,0.010124,411.56,0.010139,2755.14,14.805310171249197,4.16663344,1e-06,0.0,0.0,1.0,0.0,0.0005,exchangeInfo.quotePrecision/baseSizePrecision/quoteAmountPrecision,1,False,0.5836134453781513,0.7819327731092437,0.35042016806722687,58.655462184873954
mexc,MMTUSDT,MMT-USDT,MMT,USDT,True,1,True,0.1103,75455.488,686777.75,0.1104,994.41,0.1105,10.86,9.053870529651686,1.20003,0.0001,0.0,0.0,1.0,0.0,0.0005,exchangeInfo.quotePrecision/baseSizePrecision/quoteAmountPrecision,1,False,0.6542016806722689,0.8525210084033613,0.06764705882352941,58.64705882352942
mexc,SAROSUSDT,SAROS-USDT,SAROS,USDT,True,1,True,0.0004682,162746.9056999,343078950.64,0.0004663,76951.88,0.000469,7446.67,57.73548594034024,3.49248823,1e-07,0.0,0.0,1.0,0.0,0.0005,exchangeInfo.quotePrecision/baseSizePrecision/quoteAmountPrecision,1,False,0.8172268907563025,0.2903361344537815,0.3205882352941177,58.61764705882353
mexc,TRXUSDE,TRX-USDE,TRX,USDE,True,1,True,0.3154,115107.2083,365899.1,0.3148,4.34,0.3159,5520.14,34.88187727921325,1.3662320000000001,0.0001,0.0,0.0,1.0,0.0,0.0,exchangeInfo.quotePrecision/baseSizePrecision/quoteAmountPrecision,1,False,0.7584033613445378,0.5512605042016807,0.15294117647058825,58.55252100840337
mexc,NOSUSDT,NOS-USDT,NOS,USDT,True,1,True,0.21399,80344.5993,378384.29,0.21379,131.81,0.21447,17.32,31.75640965768394,3.7146204,1e-05,0.01,0.01,1.0,0.0,0.0005,exchangeInfo.quotePrecision/baseSizePrecision/quoteAmountPrecision,1,False,0.6743697478991597,0.5936974789915966,0.330672268907563,58.54621848739497
mexc,GLMRUSDT,GLMR-USDT,GLMR,USDT,True,1,True,0.01044,83317.46729,7987428.66,0.01043,1134.51,0.01045,126.14,19.157088122604584,1.318163,1e-05,0.0001,0.0001,1.0,0.0,0.0005,exchangeInfo.quotePrecision/baseSizePrecision/quoteAmountPrecision,1,False,0.6848739495798319,0.73109243697479,0.12983193277310925,58.542016806722685
mexc,TRUFUSDT,TRUF-USDT,TRUF,USDT,True,1,True,0.00384,206229.12824,53769825.01,0.00383,372.69,0.00385,388.54,52.08333333333347,1.4274027,1e-05,0.0,0.0,1.0,0.0,0.0005,exchangeInfo.quotePrecision/baseSizePrecision/quoteAmountPrecision,1,False,0.8483193277310924,0.3340336134453782,0.17521008403361343,58.51260504201681
mexc,WOJAKUSDT,WOJAK-USDT,WOJAK,USDT,True,1,True,1.6e-08,168017.95529897194,10293183463641.0,1.584e-08,563500300.0,1.6e-08,2500000000.0,100.50251256281372,8.925844752000001,1e-11,0.0,0.0,1.0,0.0,0.0005,exchangeInfo.quotePrecision/baseSizePrecision/quoteAmountPrecision,1,False,0.8205882352941176,0.130672268907563,0.5050420168067227,58.5
mexc,ARGUSDT,ARG-USDT,ARG,USDT,True,1,True,0.637,60601.2125,93117.55,0.6361,79.73,0.6382,35.59,32.959271757042934,22.713538000000003,0.0001,0.1,0.1,1.0,0.0,0.0005,exchangeInfo.quotePrecision/baseSizePrecision/quoteAmountPrecision,1,False,0.5621848739495798,0.5798319327731092,0.6533613445378151,58.48319327731093
mexc,RONUSDT,RON-USDT,RON,USDT,True,1,True,0.08651,77180.97082,896857.05,0.08638,94.45,0.08669,66.63,35.823655168429504,5.7761547,1e-05,0.0,0.0,1.0,0.0,0.0005,exchangeInfo.quotePrecision/baseSizePrecision/quoteAmountPrecision,1,False,0.6626050420168067,0.5403361344537816,0.42436974789915966,58.439075630252105
mexc,WELFUSDT,WELF-USDT,WELF,USDT,True,1,True,0.1097,108218.1555,968143.44,0.1093,263.9,0.1103,756.13,91.07468123861574,28.844269999999995,0.0001,0.0,0.0,1.0,0.0,0.0005,exchangeInfo.quotePrecision/baseSizePrecision/quoteAmountPrecision,1,False,0.7428571428571429,0.14789915966386558,0.6936974789915966,58.42857142857144
mexc,QUAIUSDT,QUAI-USDT,QUAI,USDT,True,1,True,0.0288,72502.16259,2500256.6,0.02881,112.35,0.02888,898.53,24.26763737216177,3.2368034999999997,1e-05,0.0,0.0,1.0,0.0,0.0005,exchangeInfo.quotePrecision/baseSizePrecision/quoteAmountPrecision,1,False,0.6445378151260505,0.6735294117647059,0.30462184873949577,58.380252100840345
mexc,AVGOONUSDT,AVGOON-USDT,AVGOON,USDT,True,1,True,313.72,56806.13,181.202,313.03,0.868,314.0,0.41,30.939508476469303,128.73999999999998,0.01,0.0,0.0,1.0,0.0,0.0005,exchangeInfo.quotePrecision/baseSizePrecision/quoteAmountPrecision,1,False,0.4642857142857143,0.6037815126050421,0.8873949579831932,58.37815126050421
mexc,LINKEUR,LINK-EUR,LINK,EUR,True,1,True,7.505,97202.273,12898.41,7.501,64.67,7.525,0.23,31.944629309197417,1.7307500000000002,0.001,0.0,0.0,1.0,0.0,0.0,exchangeInfo.quotePrecision/baseSizePrecision/quoteAmountPrecision,1,False,0.7138655462184874,0.5920168067226891,0.21428571428571427,58.34873949579832
mexc,AICUSDT,AIC-USDT,AIC,USDT,True,1,True,0.039106,58125.89159,1633271.63,0.039097,73.56,0.039107,340.66,2.5574139430216007,2.8759753200000002,1e-06,0.0,0.0,1.0,0.0,0.0005,exchangeInfo.quotePrecision/baseSizePrecision/quoteAmountPrecision,1,False,0.5168067226890757,0.9668067226890756,0.2848739495798319,58.29201680672269
mexc,ENPHONUSDT,ENPHON-USDT,ENPHON,USDT,True,1,True,35.11,56768.6,1618.0,35.04,8.53,35.14,2.75,28.498147620405074,96.635,0.01,0.0,0.0,1.0,0.0,0.0005,exchangeInfo.quotePrecision/baseSizePrecision/quoteAmountPrecision,1,False,0.4613445378151261,0.6302521008403361,0.8579831932773109,58.28991596638655
mexc,RPLUSDT,RPL-USDT,RPL,USDT,True,1,True,1.755,80868.723,46114.2,1.754,1.08,1.758,0.86,22.779043280182254,1.51188,0.001,0.01,0.01,1.0,0.0,0.0005,exchangeInfo.quotePrecision/baseSizePrecision/quoteAmountPrecision,1,False,0.6764705882352942,0.6873949579831933,0.19411764705882353,58.27310924369748
mexc,CTCUSDT,CTC-USDT,CTC,USDT,True,1,True,0.1421,61313.625,432146.41,0.1421,50.0,0.1422,14.0,7.034822370734365,1.9908,0.0001,0.1,0.1,1.0,0.0,0.0005,exchangeInfo.quotePrecision/baseSizePrecision/quoteAmountPrecision,1,False,0.5735294117647058,0.8869747899159663,0.226890756302521,58.256302521008394
mexc,AWEUSDT,AWE-USDT,AWE,USDT,True,1,True,0.04904,79606.84212,1625875.84,0.04892,77.13,0.04908,116.16,32.65306122448988,3.7731995999999994,1e-05,0.0,0.0,1.0,0.0,0.0005,exchangeInfo.quotePrecision/baseSizePrecision/quoteAmountPrecision,1,False,0.6714285714285714,0.5836134453781512,0.33403361344537813,58.199579831932766
mexc,CAUSDT,CA-USDT,CA,USDT,True,1,True,0.24437,77142.7256,311909.63,0.24417,1.79,0.2444,284.67,9.415232208281637,0.4370643,1e-05,0.0,0.0,1.0,0.0,0.0005,exchangeInfo.quotePrecision/baseSizePrecision/quoteAmountPrecision,1,False,0.661344537815126,0.846218487394958,0.030252100840336135,58.134453781512605
mexc,PYPLONUSDT,PYPLON-USDT,PYPLON,USDT,True,1,True,45.6,57499.15,1265.35,45.55,6.85,45.67,0.87,26.310019732515794,39.7329,0.01,0.0,0.0,1.0,0.0,0.0005,exchangeInfo.quotePrecision/baseSizePrecision/quoteAmountPrecision,1,False,0.4903361344537815,0.6525210084033614,0.7394957983193278,58.07142857142858
mexc,BLKONUSDT,BLKON-USDT,BLKON,USDT,True,1,True,973.53,57136.19,58.821,970.14,0.332,973.83,0.348,37.963548820198405,322.08648,0.01,0.0,0.0,1.0,0.0,0.0005,exchangeInfo.quotePrecision/baseSizePrecision/quoteAmountPrecision,1,False,0.47941176470588237,0.5130252100840336,0.9436974789915966,58.06722689075631
mexc,DNUSDT,DN-USDT,DN,USDT,True,1,True,0.09516,63898.57208,673574.74,0.0951,17.53,0.09519,57.28,9.459246413368318,1.6671030000000002,1e-05,0.0,0.0,1.0,0.0,0.0005,exchangeInfo.quotePrecision/baseSizePrecision/quoteAmountPrecision,1,False,0.5949579831932773,0.8449579831932773,0.2092436974789916,58.031512605042025
mexc,ZNDUSDT,ZND-USDT,ZND,USDT,True,1,True,0.003446,344275.899361,82574995.37,0.003411,5075.6,0.003445,688.14,99.18319719953377,2.3706423,1e-06,0.0,0.0,1.0,0.0,0.0005,exchangeInfo.quotePrecision/baseSizePrecision/quoteAmountPrecision,1,False,0.9012605042016807,0.13235294117647056,0.257563025210084,58.0294117647059
mexc,PSAIUSDT,PSAI-USDT,PSAI,USDT,True,1,True,0.0002912,4140111.620093,22871577120.65,0.0002767,5000.0,0.0002998,61560.93,801.3876843018221,1.3835,1e-07,0.0,0.0,1.0,0.0,0.0005,exchangeInfo.quotePrecision/baseSizePrecision/quoteAmountPrecision,1,False,0.9907563025210084,0.012184873949579789,0.15966386554621848,57.98949579831933
mexc,MTRGUSDT,MTRG-USDT,MTRG,USDT,True,1,True,0.01998,59340.28453,2972073.47,0.01996,305.95,0.01999,312.47,15.018773466834666,6.106761999999999,1e-05,0.1,0.1,1.0,0.0,0.0005,exchangeInfo.quotePrecision/baseSizePrecision/quoteAmountPrecision,1,False,0.5436974789915966,0.7764705882352941,0.4323529411764706,57.962184873949575
mexc,CULTUSDT,CULT-USDT,CULT,USDT,True,1,True,0.0001572,73326.7478645,473730853.96,0.0001571,8270.51,0.0001573,1340411.52,12.722646310432879,1.299297121,1e-07,0.0,0.0,1.0,0.0,0.0005,exchangeInfo.quotePrecision/baseSizePrecision/quoteAmountPrecision,1,False,0.6483193277310925,0.8004201680672269,0.11218487394957984,57.91176470588236
mexc,GAMEVIRTUALUSDT,GAMEVIRTUAL-USDT,GAMEVIRTUAL,USDT,True,1,True,0.0086,56828.358507,6564736.81,0.0086,582.64,0.008601,2327.59,1.1627230974934775,5.010704,1e-06,0.0,0.0,1.0,0.0,0.0005,exchangeInfo.quotePrecision/baseSizePrecision/quoteAmountPrecision,1,False,0.46596638655462186,0.9852941176470589,0.3810924369747899,57.88235294117647
mexc,KEKIUSUSDT,KEKIUS-USDT,KEKIUS,USDT,True,1,True,0.008977,96676.271359,10686888.6,0.008962,926.41,0.008995,294.43,36.75446900930004,2.64839785,1e-06,0.0,0.0,1.0,0.0,0.0005,exchangeInfo.quotePrecision/baseSizePrecision/quoteAmountPrecision,1,False,0.7130252100840336,0.5294117647058824,0.2714285714285714,57.88025210084034
mexc,我踏马来了USDT,我踏马来了-USDT,我踏马来了,USDT,True,1,True,0.006793,93814.790238,13787730.34,0.006822,36985.99,0.006862,2218.0,58.462437883659895,15.219916,1e-06,0.0,0.0,1.0,0.0,0.0005,exchangeInfo.quotePrecision/baseSizePrecision/quoteAmountPrecision,1,False,0.707983193277311,0.2827731092436975,0.5920168067226891,57.84873949579832
mexc,PNICUSDT,PNIC-USDT,PNIC,USDT,True,1,True,0.005414,85558.998727,16111815.79,0.005395,7436.2,0.005418,1138.69,42.54138536946352,6.16942242,1e-06,0.0,0.0,1.0,0.0,0.0005,exchangeInfo.quotePrecision/baseSizePrecision/quoteAmountPrecision,1,False,0.6915966386554622,0.44201680672268906,0.4361344537815126,57.81092436974791
mexc,ESTVUSDT,ESTV-USDT,ESTV,USDT,True,1,True,1.907,97304.55,49925.34,1.899,18.16,1.915,30.16,83.9014158363923,34.48584,0.001,0.0,0.0,1.0,0.0,0.0005,exchangeInfo.quotePrecision/baseSizePrecision/quoteAmountPrecision,1,False,0.7142857142857143,0.16344537815126048,0.7197478991596639,57.76680672268908
mexc,GRTUSDC,GRT-USDC,GRT,USDC,True,1,True,0.02391,57619.16529,2396302.68,0.02386,34446.91,0.02395,4344.96,37.64902740012541,104.061792,1e-05,0.0,0.0,1.0,0.0,0.0,exchangeInfo.quotePrecision/baseSizePrecision/quoteAmountPrecision,1,False,0.49747899159663866,0.51890756302521,0.8689075630252101,57.71218487394958
mexc,IXSUSDT,IXS-USDT,IXS,USDT,True,1,True,0.0627,98970.518,1584753.42,0.0628,100.0,0.0631,508.95,47.65687053216975,6.279999999999999,0.0001,0.01,0.01,1.0,0.0,0.0005,exchangeInfo.quotePrecision/baseSizePrecision/quoteAmountPrecision,1,False,0.7184873949579832,0.3764705882352941,0.43865546218487395,57.70168067226891
mexc,NAKAUSDT,NAKA-USDT,NAKA,USDT,True,1,True,0.05831,85008.29805,1456821.15,0.05818,826.14,0.05845,145.95,46.300265797822064,8.5307775,1e-05,0.01,0.01,1.0,0.0,0.0005,exchangeInfo.quotePrecision/baseSizePrecision/quoteAmountPrecision,1,False,0.6894957983193277,0.392436974789916,0.49747899159663866,57.6827731092437
mexc,RDDTONUSDT,RDDTON-USDT,RDDTON,USDT,True,1,True,135.6,55682.15,410.869,135.4,2.103,135.72,2.062,23.605783416936646,279.85463999999996,0.01,0.0,0.0,1.0,0.0,0.0005,exchangeInfo.quotePrecision/baseSizePrecision/quoteAmountPrecision,1,False,0.39915966386554624,0.680672268907563,0.9327731092436975,57.62605042016807
mexc,MCRTUSDT,MCRT-USDT,MCRT,USDT,True,1,True,0.0001223,64780.5288948,531400975.56,0.0001221,40950.04,0.0001224,40983.61,24.539877300611874,4.999999884000001,1e-07,0.001,0.001,1.0,0.0,0.0005,exchangeInfo.quotePrecision/baseSizePrecision/quoteAmountPrecision,1,False,0.6046218487394958,0.6701680672268908,0.37815126050420167,57.57142857142856
mexc,WKCUSDT,WKC-USDT,WKC,USDT,True,1,True,1.3929e-07,149015.57068195226,1089369679467.0,1.3944e-07,100401606.0,1.4153e-07,615143108.0,148.77033135210078,13.99999994064,1e-11,0.0,0.0,1.0,0.0,0.0005,exchangeInfo.quotePrecision/baseSizePrecision/quoteAmountPrecision,1,False,0.8004201680672269,0.07773109243697474,0.5785714285714286,57.53781512605043
mexc,FUELUSDT,FUEL-USDT,FUEL,USDT,True,1,True,0.00092,100709.47601,109466821.82,0.00091,158560.77,0.00092,37746.89,109.28961748633907,34.7271388,1e-05,0.0,0.0,1.0,0.0,0.0005,exchangeInfo.quotePrecision/baseSizePrecision/quoteAmountPrecision,1,False,0.7289915966386554,0.12100840336134455,0.7201680672268908,57.523109243697476
mexc,ASMLONUSDT,ASMLON-USDT,ASMLON,USDT,True,1,True,1315.96,56199.79,42.662,1315.77,0.173,1319.65,0.276,29.445022045822746,227.62820999999997,0.01,0.0,0.0,1.0,0.0,0.0005,exchangeInfo.quotePrecision/baseSizePrecision/quoteAmountPrecision,1,False,0.43025210084033616,0.6184873949579832,0.9197478991596638,57.52100840336134
mexc,NEOSUSDT,NEOS-USDT,NEOS,USDT,True,1,True,0.1697,1037436.9275,9797686.42,0.167,8.29,0.1699,13.22,172.15791035915618,1.3844299999999998,0.0001,0.0,0.0,1.0,0.0,0.0005,exchangeInfo.quotePrecision/baseSizePrecision/quoteAmountPrecision,1,False,0.9596638655462185,0.060924369747899165,0.16008403361344536,57.5063025210084
mexc,IRONUSDT,IRON-USDT,IRON,USDT,True,1,True,0.0556,99921.67186,1785061.04,0.0554,2480.47,0.05601,694.45,109.50543039224476,38.8961445,1e-05,0.0,0.0,1.0,0.0,0.0005,exchangeInfo.quotePrecision/baseSizePrecision/quoteAmountPrecision,1,False,0.7226890756302521,0.12058823529411766,0.7365546218487395,57.4936974789916
mexc,RLSUSDT,RLS-USDT,RLS,USDT,True,1,True,0.002364,127531.899074,43617209.29,0.002361,42354.93,0.002372,924.37,46.48214663004505,2.19260564,1e-06,0.0,0.0,1.0,0.0,0.0005,exchangeInfo.quotePrecision/baseSizePrecision/quoteAmountPrecision,1,False,0.776890756302521,0.39075630252100846,0.24789915966386555,57.45588235294119
mexc,TOMUSDT,TOM-USDT,TOM,USDT,True,1,True,6.338e-05,129214.07621226,2041288441.55,6.273e-05,557946.73,6.399e-05,376991.97,198.86363636363606,24.1237161603,1e-08,0.0,0.0,1.0,0.0,0.0005,exchangeInfo.quotePrecision/baseSizePrecision/quoteAmountPrecision,1,False,0.780672268907563,0.049579831932773155,0.6630252100840336,57.43697478991597
mexc,GMMTUSDT,GMMT-USDT,GMMT,USDT,True,1,True,0.004056,84269.367733,20321798.26,0.004037,6133.39,0.004057,2510.88,49.41932295527564,10.18664016,1e-06,0.0,0.0,1.0,0.0,0.0005,exchangeInfo.quotePrecision/baseSizePrecision/quoteAmountPrecision,1,False,0.6873949579831933,0.3579831932773109,0.526890756302521,57.294117647058826
mexc,XOMONUSDT,XOMON-USDT,XOMON,USDT,True,1,True,158.18,65102.29,412.82,157.9,0.05,158.43,1.86,33.50930989789151,7.8950000000000005,0.01,0.0,0.0,1.0,0.0,0.0005,exchangeInfo.quotePrecision/baseSizePrecision/quoteAmountPrecision,1,False,0.6067226890756302,0.5689075630252101,0.4823529411764706,57.239495798319325
mexc,ENAUSDE,ENA-USDE,ENA,USDE,True,1,True,0.07921,119031.86325,1462593.07,0.07903,18.85,0.07936,16761.56,41.669297304122345,1.4897155000000002,1e-05,0.0,0.0,1.0,0.0,0.0,exchangeInfo.quotePrecision/baseSizePrecision/quoteAmountPrecision,1,False,0.7647058823529411,0.45420168067226896,0.1907563025210084,57.22899159663866
mexc,AKITAUSDT,AKITA-USDT,AKITA,USDT,True,1,True,0.01581,148850.69618,9821863.06,0.0157,326.27,0.01581,6409.64,69.8191050460187,5.122438999999999,1e-05,0.0,0.0,1.0,0.0,0.0005,exchangeInfo.quotePrecision/baseSizePrecision/quoteAmountPrecision,1,False,0.8,0.21722689075630253,0.38865546218487396,57.203781512605055
mexc,TXUSDT,TX-USDT,TX,USDT,True,1,True,0.01258,71892.69982,5840070.27,0.01261,174.46,0.01264,2646.22,23.762376237624164,2.1999406,1e-05,0.0,0.0,1.0,0.0,0.0005,exchangeInfo.quotePrecision/baseSizePrecision/quoteAmountPrecision,1,False,0.6407563025210085,0.6794117647058824,0.24831932773109244,57.19327731092439
mexc,MAONUSDT,MAON-USDT,MAON,USDT,True,1,True,493.54,56968.31,115.414,492.96,0.56,494.85,0.532,38.266468247943294,263.26020000000005,0.01,0.0,0.0,1.0,0.0,0.0005,exchangeInfo.quotePrecision/baseSizePrecision/quoteAmountPrecision,1,False,0.47100840336134453,0.5079831932773109,0.9281512605042017,57.16806722689076
mexc,GBCKUSDT,GBCK-USDT,GBCK,USDT,True,1,True,0.001592,152900.490991,96420235.31,0.001587,3612.45,0.0016,62719.33,81.58142453718224,5.73295815,1e-06,0.0,0.0,1.0,0.0,0.0005,exchangeInfo.quotePrecision/baseSizePrecision/quoteAmountPrecision,1,False,0.8054621848739496,0.17310924369747904,0.4226890756302521,57.08193277310926
mexc,TAIUSDT,TAI-USDT,TAI,USDT,True,1,True,0.01607,84664.65842,5276530.98,0.01598,1645.1,0.01609,1721.29,68.5999376364197,26.288698,1e-05,0.001,0.001,1.0,0.0,0.0005,exchangeInfo.quotePrecision/baseSizePrecision/quoteAmountPrecision,1,False,0.688655462184874,0.22478991596638653,0.6773109243697479,57.04201680672269
mexc,GHSTUSDT,GHST-USDT,GHST,USDT,True,1,True,0.07187,69103.93282,989118.16,0.07177,402.91,0.07211,306.38,47.26160689463345,22.093061799999997,1e-05,0.001,0.001,1.0,0.0,0.0005,exchangeInfo.quotePrecision/baseSizePrecision/quoteAmountPrecision,1,False,0.6260504201680672,0.38277310924369745,0.6512605042016807,57.02731092436976
mexc,FARTCOINUSDC,FARTCOIN-USDC,FARTCOIN,USDC,True,1,True,0.1636,78264.4378,475993.79,0.1632,76.72,0.164,190.42,48.89975550122219,12.520704,0.0001,0.0,0.0,1.0,0.0,0.0,exchangeInfo.quotePrecision/baseSizePrecision/quoteAmountPrecision,1,False,0.6672268907563025,0.3621848739495799,0.5630252100840336,57.01260504201681
mexc,R2USDT,R2-USDT,R2,USDT,True,1,True,0.003991,73939.918378,18150973.13,0.003983,7284.0,0.003996,911.45,32.58553703471611,3.6421542000000007,1e-06,0.0,0.0,1.0,0.0,0.0005,exchangeInfo.quotePrecision/baseSizePrecision/quoteAmountPrecision,1,False,0.6516806722689076,0.584453781512605,0.3277310924369748,57.00840336134454
mexc,WEXOUSDC,WEXO-USDC,WEXO,USDC,True,1,True,0.02171,70064.33827,3168655.44,0.0217,130.18,0.02174,69.12,18.41620626150938,1.5026688,1e-05,0.0,0.0,1.0,0.0,0.0,exchangeInfo.quotePrecision/baseSizePrecision/quoteAmountPrecision,1,False,0.6302521008403361,0.7392857142857143,0.19285714285714287,57.003151260504204
mexc,METANIAUSDT,METANIA-USDT,METANIA,USDT,True,1,True,0.01942,85756.10593,4413774.1,0.01939,464.15,0.01948,356.45,46.308206843323795,6.943646,1e-05,0.0,0.0,1.0,0.0,0.0005,exchangeInfo.quotePrecision/baseSizePrecision/quoteAmountPrecision,1,False,0.692436974789916,0.39159663865546224,0.45588235294117646,56.99159663865546
mexc,TRUUUSDT,TRUU-USDT,TRUU,USDT,True,1,True,4.38e-05,64525.30740303,1507246949.74,4.375e-05,121420.14,4.387e-05,122817.4,27.391006619493005,5.312131125,1e-08,0.0,0.0,1.0,0.0,0.0005,exchangeInfo.quotePrecision/baseSizePrecision/quoteAmountPrecision,1,False,0.6016806722689075,0.6394957983193277,0.3949579831932773,56.978991596638664
mexc,MOCAUSDT,MOCA-USDT,MOCA,USDT,True,1,True,0.01229,57031.93076,4612431.03,0.01225,39417.14,0.0123,43409.46,40.7331975560079,482.859965,1e-05,0.0,0.0,1.0,0.0,0.0005,exchangeInfo.quotePrecision/baseSizePrecision/quoteAmountPrecision,1,False,0.473109243697479,0.47100840336134453,0.9584033613445379,56.96428571428572
mexc,ALEXUSDT,ALEX-USDT,ALEX,USDT,True,1,True,0.00054,99522.13783,183622044.06,0.00053,500728.56,0.00054,108817.36,186.91588785046778,58.7613744,1e-05,0.0,0.0,1.0,0.0,0.0005,exchangeInfo.quotePrecision/baseSizePrecision/quoteAmountPrecision,1,False,0.7210084033613445,0.055882352941176494,0.7953781512605042,56.96008403361345
mexc,ARRRUSDT,ARRR-USDT,ARRR,USDT,True,1,True,0.1867,100226.5464,542796.88,0.1857,57.14,0.1869,370.52,64.41223832528215,10.610898,0.0001,0.0,0.0,1.0,0.0,0.0005,exchangeInfo.quotePrecision/baseSizePrecision/quoteAmountPrecision,1,False,0.7273109243697479,0.24873949579831933,0.5365546218487395,56.951680672268914
mexc,SHIDOUSDT,SHIDO-USDT,SHIDO,USDT,True,1,True,0.0001765,99062.160699,554660228.47,0.0001765,156085.06,0.0001778,102032.0,73.38413773638185,18.1412896,1e-07,0.0,0.0,1.0,0.0,0.0005,exchangeInfo.quotePrecision/baseSizePrecision/quoteAmountPrecision,1,False,0.7189075630252101,0.20084033613445373,0.6180672268907563,56.92226890756302
mexc,PEOPLEUSDT,PEOPLE-USDT,PEOPLE,USDT,True,1,True,0.006544,88357.388336,13758232.79,0.006537,32400.0,0.006553,191.15,24.446142093200184,1.25260595,1e-06,0.0001,0.0001,1.0,0.0,0.0005,exchangeInfo.quotePrecision/baseSizePrecision/quoteAmountPrecision,1,False,0.6957983193277311,0.6722689075630253,0.0907563025210084,56.89075630252102
mexc,DEVVEUSDT,DEVVE-USDT,DEVVE,USDT,True,1,True,0.03094,76862.94713,2730656.17,0.03094,232.29,0.03107,339.22,41.92872117400472,7.1870525999999995,1e-05,0.0,0.0,1.0,0.0,0.0005,exchangeInfo.quotePrecision/baseSizePrecision/quoteAmountPrecision,1,False,0.6588235294117647,0.4525210084033613,0.4647058823529412,56.84243697478992
mexc,SAHARAUSD1,SAHARA-USD1,SAHARA,USD1,True,1,True,0.02083,57816.71098,2772547.64,0.02078,15838.4,0.02087,8435.84,43.217286914765815,176.0559808,1e-05,0.0,0.0,1.0,0.0001,0.0001,exchangeInfo.quotePrecision/baseSizePrecision/quoteAmountPrecision,1,False,0.5067226890756302,0.4342436974789916,0.9054621848739496,56.83508403361345
mexc,SFIUSDT,SFI-USDT,SFI,USDT,True,1,True,0.005067,112486.046198,21944288.18,0.005036,5321.68,0.005117,61343.87,159.5587511080476,26.79998048,1e-06,0.0,0.0,1.0,0.0,0.0005,exchangeInfo.quotePrecision/baseSizePrecision/quoteAmountPrecision,1,False,0.7546218487394958,0.06848739495798317,0.6798319327731093,56.813025210084035
mexc,LLDUSDT,LLD-USDT,LLD,USDT,True,1,True,0.4761,86787.9314,182018.06,0.4758,18.12,0.4782,89.01,50.31446540880532,8.621496,0.0001,0.0,0.0,1.0,0.0,0.0005,exchangeInfo.quotePrecision/baseSizePrecision/quoteAmountPrecision,1,False,0.6932773109243697,0.34705882352941175,0.4995798319327731,56.79831932773109
mexc,IPEPEUSDT,IPEPE-USDT,IPEPE,USDT,True,1,True,0.0005578,526389.4852515,701182358.43,0.000558,3839.28,0.000575,6956.52,300.08826125330944,2.1423182400000003,1e-07,0.0,0.0,1.0,0.0,0.0005,exchangeInfo.quotePrecision/baseSizePrecision/quoteAmountPrecision,1,False,0.9298319327731093,0.02899159663865547,0.2445378151260504,56.75630252100841
mexc,ONUSDT,ON-USDT,ON,USDT,True,1,True,0.06973,100665.55087,1289645.75,0.06929,115.45,0.0697,449.1,58.99705014749172,7.9995305000000005,1e-05,0.0,0.0,1.0,0.0,0.0005,exchangeInfo.quotePrecision/baseSizePrecision/quoteAmountPrecision,1,False,0.7285714285714285,0.2781512605042017,0.4861344537815126,56.74789915966387
mexc,ATTONUSDT,ATTON-USDT,ATTON,USDT,True,1,True,28.41,56495.45,1989.03,28.36,13.11,28.45,3.53,31.68456257701104,100.42849999999999,0.01,0.0,0.0,1.0,0.0,0.0005,exchangeInfo.quotePrecision/baseSizePrecision/quoteAmountPrecision,1,False,0.4466386554621849,0.5949579831932773,0.8651260504201681,56.741596638655466
mexc,CROSSUSDT,CROSS-USDT,CROSS,USDT,True,1,True,0.06471,62945.86894,963425.75,0.06468,35.0,0.06478,35.0,15.44878727019973,2.2638000000000003,1e-05,0.0,0.0,1.0,0.0,0.0005,exchangeInfo.quotePrecision/baseSizePrecision/quoteAmountPrecision,1,False,0.5882352941176471,0.7735294117647059,0.25126050420168067,56.716386554621856
mexc,DEODUSDT,DEOD-USDT,DEOD,USDT,True,1,True,0.006706,128918.950945,19089339.19,0.006696,1211.17,0.006753,11506.94,84.76466651795766,8.10999432,1e-06,0.0,0.0,1.0,0.0,0.0005,exchangeInfo.quotePrecision/baseSizePrecision/quoteAmountPrecision,1,False,0.7798319327731092,0.16134453781512603,0.48781512605042016,56.680672268907564
mexc,WNTUSDT,WNT-USDT,WNT,USDT,True,1,True,0.00079,93181.319193,118209520.31,0.00079,2144019.38,0.000793,2753.27,37.90271636133878,2.18334311,1e-06,0.01,0.01,1.0,0.0,0.0005,exchangeInfo.quotePrecision/baseSizePrecision/quoteAmountPrecision,1,False,0.7067226890756303,0.5142857142857142,0.24747899159663866,56.6764705882353
mexc,RATSUSDT,RATS-USDT,RATS,USDT,True,1,True,3.637e-05,65864.24137844,1726801660.86,3.635e-05,1325600.72,3.655e-05,6400000.0,54.86968449931359,48.185586172,1e-08,0.0,0.0,1.0,0.0,0.0005,exchangeInfo.quotePrecision/baseSizePrecision/quoteAmountPrecision,1,False,0.6100840336134454,0.3142857142857143,0.7630252100840336,56.67226890756303
mexc,LAUSD1,LA-USD1,LA,USD1,True,1,True,0.17668,57522.66656,314688.89,0.17598,550.14,0.17667,924.35,39.132284134410675,96.8136372,1e-05,0.0,0.0,1.0,0.0001,0.0001,exchangeInfo.quotePrecision/baseSizePrecision/quoteAmountPrecision,1,False,0.4928571428571429,0.49369747899159666,0.8584033613445378,56.617647058823536
mexc,XPUSDT,XP-USDT,XP,USDT,True,1,True,0.006088,72088.614359,11873726.59,0.006065,2127.21,0.006093,7232.51,46.06020727093313,12.901528650000001,1e-06,0.0,0.0,1.0,0.0,0.0005,exchangeInfo.quotePrecision/baseSizePrecision/quoteAmountPrecision,1,False,0.642436974789916,0.39453781512605046,0.5668067226890756,56.53361344537815
mexc,U2UUSDT,U2U-USDT,U2U,USDT,True,1,True,0.000456,65071.8916578,141806085.12,0.0004558,7294.7,0.0004569,45796.23,24.104305905554344,3.32492426,1e-07,0.0,0.0,1.0,0.0,0.0005,exchangeInfo.quotePrecision/baseSizePrecision/quoteAmountPrecision,1,False,0.6063025210084033,0.6760504201680673,0.3100840336134454,56.44957983193277
mexc,SKYUSDC,SKY-USDC,SKY,USDC,True,1,True,0.07452,55760.56041,749108.7,0.07448,10623.32,0.07472,11360.0,32.17158176943569,791.2248736,1e-05,0.0,0.0,1.0,0.0,0.0,exchangeInfo.quotePrecision/baseSizePrecision/quoteAmountPrecision,1,False,0.403781512605042,0.588655462184874,0.9756302521008403,56.43697478991597
mexc,KLIPUSDT,KLIP-USDT,KLIP,USDT,True,1,True,0.00462,55692.59382,12009208.42,0.00462,24959.26,0.00463,19263.91,21.62162162162074,89.19190329999999,1e-05,0.0,0.0,1.0,0.0,0.0005,exchangeInfo.quotePrecision/baseSizePrecision/quoteAmountPrecision,1,False,0.39957983193277313,0.7029411764705882,0.8436974789915966,56.42436974789916
mexc,NFLXONUSDT,NFLXON-USDT,NFLXON,USDT,True,1,True,981.78,56937.73,58.0329,979.85,0.326,982.5,0.0359,27.008433765637907,35.271750000000004,0.01,0.0,0.0,1.0,0.0,0.0005,exchangeInfo.quotePrecision/baseSizePrecision/quoteAmountPrecision,1,False,0.469327731092437,0.6453781512605041,0.7235294117647059,56.418067226890756
mexc,ACHRONUSDT,ACHRON-USDT,ACHRON,USDT,True,1,True,5.388,55873.368,10362.76,5.379,78.58,5.391,14.76,22.28412256267494,79.57116,0.001,0.0,0.0,1.0,0.0,0.0005,exchangeInfo.quotePrecision/baseSizePrecision/quoteAmountPrecision,1,False,0.4088235294117647,0.6936974789915966,0.8289915966386555,56.40756302521008
mexc,USFRONUSDT,USFRON-USDT,USFRON,USDT,True,1,True,50.35,55504.41,1102.62,50.29,8.75,50.39,1.72,19.86491855383421,86.6708,0.01,0.0,0.0,1.0,0.0,0.0005,exchangeInfo.quotePrecision/baseSizePrecision/quoteAmountPrecision,1,False,0.38949579831932774,0.7268907563025211,0.8399159663865546,56.392857142857146
mexc,HGPTUSDT,HGPT-USDT,HGPT,USDT,True,1,True,0.002079,110294.577951,52415605.67,0.002074,4169.59,0.002089,29624.15,72.06341580591042,8.64772966,1e-06,0.0,0.0,1.0,0.0,0.0005,exchangeInfo.quotePrecision/baseSizePrecision/quoteAmountPrecision,1,False,0.7491596638655462,0.20714285714285718,0.5004201680672269,56.39075630252102
mexc,BSUUSDT,BSU-USDT,BSU,USDT,True,1,True,0.04839,69761.29925,1425491.73,0.04826,57.97,0.04839,176.01,26.901189860321804,2.7976322,1e-05,0.0,0.0,1.0,0.0,0.0005,exchangeInfo.quotePrecision/baseSizePrecision/quoteAmountPrecision,1,False,0.6298319327731092,0.6462184873949579,0.2781512605042017,56.35924369747899
mexc,FIROUSDT,FIRO-USDT,FIRO,USDT,True,1,True,0.6229,59315.859,94857.43,0.6225,7.63,0.6235,13.61,16.05136436597112,4.749675000000001,0.0001,0.001,0.001,1.0,0.0,0.0005,exchangeInfo.quotePrecision/baseSizePrecision/quoteAmountPrecision,1,False,0.5428571428571428,0.7659663865546218,0.3659663865546218,56.325630252100844
mexc,MEZOUSDT,MEZO-USDT,MEZO,USDT,True,1,True,0.05154,91841.74163,1704563.31,0.05156,4344.78,0.0517,23.26,27.116017819097664,1.2025420000000002,1e-05,0.0,0.0,1.0,0.0,0.0005,exchangeInfo.quotePrecision/baseSizePrecision/quoteAmountPrecision,1,False,0.7025210084033613,0.6441176470588235,0.07563025210084033,56.25420168067225
mexc,VANRYUSDT,VANRY-USDT,VANRY,USDT,True,1,True,0.004615,645925.455806,136579860.59,0.004598,239.23,0.004642,6666.0,95.23809523809662,1.0999795399999999,1e-06,0.0,0.0,1.0,0.0,0.0005,exchangeInfo.quotePrecision/baseSizePrecision/quoteAmountPrecision,1,False,0.9407563025210084,0.138235294117647,0.05084033613445378,56.214285714285715
mexc,GIGGLEUSDC,GIGGLE-USDC,GIGGLE,USDC,True,1,True,21.4,58811.02,2686.65,21.35,5.69,21.44,2.62,42.06590324842246,56.1728,0.01,0.0,0.0,1.0,0.0,0.0,exchangeInfo.quotePrecision/baseSizePrecision/quoteAmountPrecision,1,False,0.5298319327731092,0.4491596638655462,0.7899159663865546,56.16806722689076
mexc,COPXONUSDT,COPXON-USDT,COPXON,USDT,True,1,True,77.63,57514.41,743.49,77.58,0.09,77.68,2.83,12.88161793121326,6.9822,0.01,0.0,0.0,1.0,0.0,0.0005,exchangeInfo.quotePrecision/baseSizePrecision/quoteAmountPrecision,1,False,0.49159663865546216,0.7991596638655463,0.45714285714285713,56.159663865546214
mexc,BERTUSDT,BERT-USDT,BERT,USDT,True,1,True,0.008165,64460.965286,8028704.72,0.008142,580.0,0.008165,1791.1,28.208744710860916,4.72236,1e-06,0.0,0.0,1.0,0.0,0.0005,exchangeInfo.quotePrecision/baseSizePrecision/quoteAmountPrecision,1,False,0.6004201680672269,0.6327731092436975,0.36512605042016805,56.14495798319328
mexc,MONUSDC,MON-USDC,MON,USDC,True,1,True,0.02712,60785.56692,2331390.06,0.02709,1322.51,0.02721,13278.66,44.19889502762507,35.8267959,1e-05,0.0,0.0,1.0,0.0,0.0,exchangeInfo.quotePrecision/baseSizePrecision/quoteAmountPrecision,1,False,0.5651260504201681,0.4214285714285714,0.7260504201680672,56.13865546218487
mexc,RYOUSDT,RYO-USDT,RYO,USDT,True,1,True,4.112,278209.695,67853.21,4.115,0.98,4.148,0.33,79.8741377223756,1.36884,0.001,0.0,0.0,1.0,0.0,0.0005,exchangeInfo.quotePrecision/baseSizePrecision/quoteAmountPrecision,1,False,0.8840336134453781,0.17689075630252105,0.15378151260504203,56.11974789915967
mexc,JCTUSDT,JCT-USDT,JCT,USDT,True,1,True,0.002447,75173.086968,32543643.95,0.002433,30000.0,0.002447,8640.37,57.37704918032838,21.142985390000003,1e-06,0.0,0.0,1.0,0.0,0.0005,exchangeInfo.quotePrecision/baseSizePrecision/quoteAmountPrecision,1,False,0.653781512605042,0.2924369747899159,0.6420168067226891,56.109243697479
mexc,EVAAUSDT,EVAA-USDT,EVAA,USDT,True,1,True,0.4514,63894.2999,137725.98,0.4506,59.61,0.4527,256.61,46.49618067087326,26.860266,0.0001,0.0,0.0,1.0,0.0,0.0005,exchangeInfo.quotePrecision/baseSizePrecision/quoteAmountPrecision,1,False,0.5945378151260504,0.38991596638655457,0.6810924369747899,56.069327731092436
mexc,SWGTUSDT,SWGT-USDT,SWGT,USDT,True,1,True,0.01086,105149.61995,9645250.15,0.01083,1180.26,0.01092,1379.87,82.758620689655,12.7822158,1e-05,0.0,0.0,1.0,0.0,0.0005,exchangeInfo.quotePrecision/baseSizePrecision/quoteAmountPrecision,1,False,0.7365546218487395,0.16890756302521004,0.5651260504201681,56.0357142857143
mexc,BEAMXUSDC,BEAMX-USDC,BEAMX,USDC,True,1,True,0.00175,57172.088699,32821656.3,0.001747,62954.24,0.001754,112525.44,39.98857469294399,109.98105728,1e-06,0.0,0.0,1.0,0.0,0.0,exchangeInfo.quotePrecision/baseSizePrecision/quoteAmountPrecision,1,False,0.4810924369747899,0.4831932773109243,0.8735294117647059,56.01050420168067
mexc,BERAUSDC,BERA-USDC,BERA,USDC,True,1,True,0.402,61498.4533,150558.46,0.4001,9693.91,0.4027,398.35,64.77329347284483,160.415545,0.0001,0.0,0.0,1.0,0.0,0.0,exchangeInfo.quotePrecision/baseSizePrecision/quoteAmountPrecision,1,False,0.5773109243697478,0.2457983193277311,0.9025210084033614,55.94747899159665
mexc,LINGOUSDT,LINGO-USDT,LINGO,USDT,True,1,True,0.007977,58184.739682,7250933.84,0.007967,3330.3,0.007985,1132.2,22.5677031093288,9.040617000000001,1e-06,0.0,0.0,1.0,0.0,0.0005,exchangeInfo.quotePrecision/baseSizePrecision/quoteAmountPrecision,1,False,0.5184873949579832,0.6903361344537815,0.5067226890756302,55.90966386554622
mexc,OHOUSDT,OHO-USDT,OHO,USDT,True,1,True,0.357299,105795.249939,296548.96,0.355749,55.5,0.358472,28.71,76.25090833229578,10.291731120000001,1e-06,0.0,0.0,1.0,0.0,0.0005,exchangeInfo.quotePrecision/baseSizePrecision/quoteAmountPrecision,1,False,0.7373949579831933,0.18907563025210083,0.5298319327731092,55.880252100840345
mexc,NOBODYUSDT,NOBODY-USDT,NOBODY,USDT,True,1,True,0.002697,63082.591657,21755154.05,0.002687,17139.0,0.002701,16183.99,51.96733481811318,43.712956989999995,1e-06,0.0,0.0,1.0,0.0,0.0005,exchangeInfo.quotePrecision/baseSizePrecision/quoteAmountPrecision,1,False,0.5899159663865546,0.33487394957983196,0.7529411764705882,55.87605042016808
mexc,VRAUSDT,VRA-USDT,VRA,USDT,True,1,True,2.144e-05,82497.04560973,3720116881.26,2.139e-05,200000.0,2.148e-05,405965.02,41.98740377886673,4.2780000000000005,1e-08,1.0,1.0,1.0,0.0,0.0005,exchangeInfo.quotePrecision/baseSizePrecision/quoteAmountPrecision,1,False,0.6819327731092437,0.45084033613445373,0.3542016806722689,55.86134453781513
mexc,龙虾USDT,龙虾-USDT,龙虾,USDT,True,1,True,0.006795,70859.961393,10172777.95,0.006785,415.93,0.006806,463.14,30.90280332573053,2.82208505,1e-06,0.0,0.0,1.0,0.0,0.0005,exchangeInfo.quotePrecision/baseSizePrecision/quoteAmountPrecision,1,False,0.6373949579831932,0.6046218487394959,0.2810924369747899,55.794117647058826
mexc,PUMPCADEUSDT,PUMPCADE-USDT,PUMPCADE,USDT,True,1,True,0.01676,68821.97605,4419361.3,0.01673,196.86,0.01678,293.42,29.8418382572375,3.2934677999999997,1e-05,0.0,0.0,1.0,0.0,0.0005,exchangeInfo.quotePrecision/baseSizePrecision/quoteAmountPrecision,1,False,0.6235294117647059,0.6138655462184874,0.30756302521008405,55.792016806722685
mexc,MMUIUSDT,MMUI-USDT,MMUI,USDT,True,1,True,0.04,58054.1297,1435981.27,0.04,272.84,0.0401,305.24,24.968789013731815,10.913599999999999,0.0001,0.01,0.01,1.0,0.0,0.0005,exchangeInfo.quotePrecision/baseSizePrecision/quoteAmountPrecision,1,False,0.5147058823529411,0.665546218487395,0.5411764705882353,55.77100840336134
mexc,CAMPUSDT,CAMP-USDT,CAMP,USDT,True,1,True,0.002335,115799.057584,50594456.85,0.002329,785.73,0.00234,8569.04,47.119297494110775,1.82996517,1e-06,0.0,0.0,1.0,0.0,0.0005,exchangeInfo.quotePrecision/baseSizePrecision/quoteAmountPrecision,1,False,0.7588235294117647,0.38361344537815123,0.21890756302521008,55.70378151260505
mexc,ALCHUSDT,ALCH-USDT,ALCH,USDT,True,1,True,0.06453,61253.27059,967554.96,0.06447,50.46,0.0646,8287.61,20.144107848455118,3.2531562,1e-05,0.0,0.0,1.0,0.0,0.0005,exchangeInfo.quotePrecision/baseSizePrecision/quoteAmountPrecision,1,False,0.5722689075630252,0.723109243697479,0.3058823529411765,55.67016806722689
mexc,METAUSDT,META-USDT,META,USDT,True,1,True,0.9699,3470199.4686,2109119.85,0.939,5.32,0.9699,0.68,323.74666038032416,0.659532,0.0001,0.0,0.0,1.0,0.0,0.0005,exchangeInfo.quotePrecision/baseSizePrecision/quoteAmountPrecision,1,False,0.9882352941176471,0.026050420168067245,0.031932773109243695,55.64285714285715
mexc,TRADOORUSDT,TRADOOR-USDT,TRADOOR,USDT,True,1,True,3.1715,74122.532,23643.46,3.1572,354.55,3.17,1.66,40.460235175116715,5.2622,0.0001,0.0,0.0,1.0,0.0,0.0005,exchangeInfo.quotePrecision/baseSizePrecision/quoteAmountPrecision,1,False,0.6521008403361345,0.4764705882352941,0.39285714285714285,55.63445378151262
mexc,KASUSD1,KAS-USD1,KAS,USD1,True,1,True,0.031063,109170.246271,3517439.71,0.030927,50.13,0.031063,3203.01,43.87804484594312,1.55037051,1e-06,0.0,0.0,1.0,0.0001,0.0001,exchangeInfo.quotePrecision/baseSizePrecision/quoteAmountPrecision,1,False,0.7453781512605042,0.42731092436974794,0.19747899159663865,55.62815126050421
mexc,A2ZUSDT,A2Z-USDT,A2Z,USDT,True,1,True,0.00011152,207122.673,1725256089.7,0.00011148,310728.15,0.00011285,29987.41,122.14148798644932,3.3840792185,1e-08,0.0,0.0,1.0,0.0,0.0005,exchangeInfo.quotePrecision/baseSizePrecision/quoteAmountPrecision,1,False,0.8495798319327731,0.10378151260504198,0.31512605042016806,55.62394957983193
mexc,MYRIAUSDT,MYRIA-USDT,MYRIA,USDT,True,1,True,4.133e-05,59173.38881863,1466461842.19,4.13e-05,370966.73,4.137e-05,100824.38,16.93480101608749,4.1711046006,1e-08,0.0,0.0,1.0,0.0,0.0005,exchangeInfo.quotePrecision/baseSizePrecision/quoteAmountPrecision,1,False,0.5399159663865546,0.7563025210084033,0.35084033613445376,55.61974789915966
mexc,RIOTONUSDT,RIOTON-USDT,RIOTON,USDT,True,1,True,12.947,56126.04,4339.53,12.911,22.13,12.958,32.5,36.336928369864005,285.72042999999996,0.001,0.0,0.0,1.0,0.0,0.0005,exchangeInfo.quotePrecision/baseSizePrecision/quoteAmountPrecision,1,False,0.42773109243697477,0.5352941176470588,0.9352941176470588,55.61344537815127
mexc,JOCUSDT,JOC-USDT,JOC,USDT,True,1,True,0.0552,99928.4597,1797228.08,0.0551,92.81,0.0554,385.45,54.2986425339357,5.113831,0.0001,0.0,0.0,1.0,0.0,0.0005,exchangeInfo.quotePrecision/baseSizePrecision/quoteAmountPrecision,1,False,0.723109243697479,0.31890756302521006,0.3869747899159664,55.483193277310924
mexc,CCUSDC,CC-USDC,CC,USDC,True,1,True,0.13873,73219.71335,513296.17,0.13838,31.67,0.13891,899.92,38.227126834721965,4.3824946,1e-05,0.0,0.0,1.0,0.0,0.0,exchangeInfo.quotePrecision/baseSizePrecision/quoteAmountPrecision,1,False,0.6470588235294118,0.5088235294117647,0.35714285714285715,55.45168067226891
mexc,BBAIONUSDT,BBAION-USDT,BBAION,USDT,True,1,True,3.577,55420.79,15500.83,3.57,93.87,3.58,66.13,27.972027972028616,236.7454,0.001,0.0,0.0,1.0,0.0,0.0005,exchangeInfo.quotePrecision/baseSizePrecision/quoteAmountPrecision,1,False,0.38235294117647056,0.6357142857142857,0.9226890756302522,55.37605042016806
mexc,LPTUSDC,LPT-USDC,LPT,USDC,True,1,True,2.019,58345.262,28847.0,2.014,36.0,2.023,40.76,44.58756502353401,72.50399999999999,0.001,0.0,0.0,1.0,0.0,0.0,exchangeInfo.quotePrecision/baseSizePrecision/quoteAmountPrecision,1,False,0.5201680672268908,0.41470588235294115,0.8180672268907563,55.33823529411765
mexc,GMEUSDT,GME-USDT,GME,USDT,True,1,True,0.0005243,56486.5535785,107913271.06,0.0005243,19025.88,0.0005244,6643.54,1.9071231047954271,3.483872376,1e-07,0.0,0.0,1.0,0.0,0.0005,exchangeInfo.quotePrecision/baseSizePrecision/quoteAmountPrecision,1,False,0.446218487394958,0.9760504201680672,0.31974789915966384,55.338235294117645
mexc,APEUSDC,APE-USDC,APE,USDC,True,1,True,0.08898,128746.65756,1449083.39,0.08865,13.54,0.08903,891.34,42.77352543899048,1.200321,1e-05,1e-06,1e-06,1.0,0.0,0.0,exchangeInfo.quotePrecision/baseSizePrecision/quoteAmountPrecision,1,False,0.7794117647058824,0.4403361344537815,0.0726890756302521,55.32983193277312
mexc,NVDAONUSDT,NVDAON-USDT,NVDAON,USDT,True,1,True,175.77,54099.23,307.559,175.6,2.325,175.84,2.314,13.658092419759225,406.89376000000004,0.01,0.0,0.0,1.0,0.0,0.0005,exchangeInfo.quotePrecision/baseSizePrecision/quoteAmountPrecision,1,False,0.2991596638655462,0.7915966386554621,0.9537815126050421,55.319327731092436
mexc,AFRDUSDT,AFRD-USDT,AFRD,USDT,True,1,True,0.000156,1409905.716914,10543588999.42,0.000154,633959.27,0.000158,7064.74,256.4102564102557,1.11622892,1e-06,0.0,0.0,1.0,0.0,0.0005,exchangeInfo.quotePrecision/baseSizePrecision/quoteAmountPrecision,1,False,0.9684873949579832,0.03487394957983192,0.05714285714285714,55.28151260504202
mexc,TRUSTUSDT,TRUST-USDT,TRUST,USDT,True,1,True,0.06467,66117.97282,1026498.88,0.06457,597.06,0.06493,450.9,55.59845559845547,29.276937,1e-05,0.0,0.0,1.0,0.0,0.0005,exchangeInfo.quotePrecision/baseSizePrecision/quoteAmountPrecision,1,False,0.6113445378151261,0.3092436974789916,0.6953781512605042,55.26260504201681
mexc,TACUSDT,TAC-USDT,TAC,USDT,True,1,True,0.003805,61359.423901,15951733.82,0.0038,2638.04,0.003814,5604.0,36.77436301549809,10.024552,1e-06,0.0,0.0,1.0,0.0,0.0005,exchangeInfo.quotePrecision/baseSizePrecision/quoteAmountPrecision,1,False,0.5739495798319327,0.5285714285714286,0.5222689075630252,55.226890756302524
mexc,VANRYUSDC,VANRY-USDC,VANRY,USDC,True,1,True,0.004631,83129.741991,18240313.91,0.004594,12904.32,0.004648,8513.51,116.85782298203901,39.57079448,1e-06,0.0,0.0,1.0,0.0,0.0,exchangeInfo.quotePrecision/baseSizePrecision/quoteAmountPrecision,1,False,0.6840336134453782,0.11302521008403366,0.7382352941176471,55.21218487394959
mexc,LAVAUSDT,LAVA-USDT,LAVA,USDT,True,1,True,0.03342,62416.80552,1847525.6,0.03341,6018.54,0.03344,37.39,8.975317875840034,1.2503216,1e-05,0.0,0.0,1.0,0.0,0.0005,exchangeInfo.quotePrecision/baseSizePrecision/quoteAmountPrecision,1,False,0.5831932773109244,0.853781512605042,0.08949579831932773,55.21008403361345
mexc,YGGUSDC,YGG-USDC,YGG,USDC,True,1,True,0.03526,57059.89152,1634364.13,0.0352,2564.42,0.03534,3104.32,39.693790757017645,90.26758400000001,1e-05,0.0,0.0,1.0,0.0,0.0,exchangeInfo.quotePrecision/baseSizePrecision/quoteAmountPrecision,1,False,0.47436974789915964,0.48613445378151265,0.8478991596638655,55.201680672268914
mexc,SENTUSDC,SENT-USDC,SENT,USDC,True,1,True,0.01621,57250.2982,3437698.61,0.01618,56980.48,0.01625,7463.68,43.169904409497754,121.2848,1e-05,0.0,0.0,1.0,0.0,0.0,exchangeInfo.quotePrecision/baseSizePrecision/quoteAmountPrecision,1,False,0.48403361344537815,0.43529411764705883,0.8836134453781512,55.17647058823529
mexc,TRUUSDT,TRU-USDT,TRU,USDT,True,1,True,0.004533,137348.543233,30536050.02,0.004505,1367.31,0.004554,99602.0,108.17971078485388,6.15973155,1e-06,0.0001,0.0001,1.0,0.0,0.0005,exchangeInfo.quotePrecision/baseSizePrecision/quoteAmountPrecision,1,False,0.7890756302521008,0.12226890756302522,0.4357142857142857,55.170168067226896
mexc,MONPROUSDT,MONPRO-USDT,MONPRO,USDT,True,1,True,0.003188,56528.370837,17713474.28,0.003185,8923.65,0.003193,147668.89,25.086233929132,28.421825249999998,1e-06,0.0,0.0,1.0,0.0,0.0005,exchangeInfo.quotePrecision/baseSizePrecision/quoteAmountPrecision,1,False,0.44915966386554623,0.6634453781512605,0.6911764705882353,55.11344537815126
mexc,MIUUSDT,MIU-USDT,MIU,USDT,True,1,True,3.02e-09,59112.63150491077,19523570912589.19,3.02e-09,259065844399.87,3.04e-09,420316730920.67,66.00660066006579,782.3788500876074,1e-11,0.0,0.0,1.0,0.0,0.0005,exchangeInfo.quotePrecision/baseSizePrecision/quoteAmountPrecision,1,False,0.5378151260504201,0.24033613445378155,0.9752100840336134,55.09243697478992
mexc,CFXUSDC,CFX-USDC,CFX,USDC,True,1,True,0.05207,56592.70976,1084592.62,0.05194,59007.76,0.05212,1382.4,34.59542571593304,72.05068800000001,1e-05,0.0,0.0,1.0,0.0,0.0,exchangeInfo.quotePrecision/baseSizePrecision/quoteAmountPrecision,1,False,0.4508403361344538,0.5550420168067227,0.8172268907563025,55.01680672268908
mexc,NPCUSDC,NPC-USDC,NPC,USDC,True,1,True,0.007187,60322.089523,8392271.98,0.007181,270.0,0.007191,270.0,13.915947676037378,1.9388699999999999,1e-06,0.0,0.0,1.0,0.0,0.0,exchangeInfo.quotePrecision/baseSizePrecision/quoteAmountPrecision,1,False,0.5584033613445378,0.7903361344537815,0.22478991596638656,54.96638655462185
mexc,ACAUSDT,ACA-USDT,ACA,USDT,True,1,True,0.0007545,65423.5508418,90686588.38,0.0007531,4760.59,0.0007553,4155.43,29.169981437283813,3.138596279,1e-07,0.0001,0.0001,1.0,0.0,0.0005,exchangeInfo.quotePrecision/baseSizePrecision/quoteAmountPrecision,1,False,0.6079831932773109,0.6205882352941177,0.2991596638655462,54.93697478991597
mexc,TLTONUSDT,TLTON-USDT,TLTON,USDT,True,1,True,89.2,54590.68,612.07,89.12,4.41,89.3,4.68,20.177110189439816,393.0192,0.01,0.0,0.0,1.0,0.0,0.0005,exchangeInfo.quotePrecision/baseSizePrecision/quoteAmountPrecision,1,False,0.3239495798319328,0.7226890756302521,0.9516806722689075,54.918067226890756
mexc,GHUBUSDT,GHUB-USDT,GHUB,USDT,True,1,True,0.006878,72375.01488,10552265.8,0.006869,6091.73,0.006893,414.2,34.87865135881371,2.8550806,1e-06,0.0,0.0,1.0,0.0,0.0005,exchangeInfo.quotePrecision/baseSizePrecision/quoteAmountPrecision,1,False,0.6441176470588236,0.5516806722689076,0.2827731092436975,54.87394957983194
mexc,PLUGONUSDT,PLUGON-USDT,PLUGON,USDT,True,1,True,2.454,63082.294,25757.5,2.452,0.75,2.457,2.04,20.370747606436723,1.839,0.001,0.0,0.0,1.0,0.0,0.0005,exchangeInfo.quotePrecision/baseSizePrecision/quoteAmountPrecision,1,False,0.5894957983193277,0.7189075630252101,0.21974789915966386,54.78991596638656
mexc,CUDISUSDT,CUDIS-USDT,CUDIS,USDT,True,1,True,0.007789,59040.480911,7643574.16,0.007762,5000.0,0.007795,4238.24,42.424631998457336,33.0370808,1e-06,0.0,0.0,1.0,0.0,0.0005,exchangeInfo.quotePrecision/baseSizePrecision/quoteAmountPrecision,1,False,0.5348739495798319,0.4449579831932773,0.711764705882353,54.77731092436975
mexc,KASEUR,KAS-EUR,KAS,EUR,True,1,True,0.02692,59684.62393,2215506.17,0.02687,1268.03,0.02696,366.85,33.43860300947419,9.890276000000002,1e-05,0.0,0.0,1.0,0.0,0.0,exchangeInfo.quotePrecision/baseSizePrecision/quoteAmountPrecision,1,False,0.5474789915966387,0.5714285714285714,0.5172268907563026,54.741596638655466
mexc,HDNUSDT,HDN-USDT,HDN,USDT,True,1,True,0.02819,70174.42776,2495353.55,0.02815,426.05,0.02826,176.92,39.0001772735327,4.9997592,1e-05,0.0,0.0,1.0,0.0,0.0005,exchangeInfo.quotePrecision/baseSizePrecision/quoteAmountPrecision,1,False,0.6323529411764706,0.4966386554621849,0.3764705882352941,54.72478991596639
mexc,EFCUSDT,EFC-USDT,EFC,USDT,True,1,True,0.0812,60248.88052,736031.31,0.0811,326.0,0.08146,428.11,44.29133858267707,26.4386,1e-05,0.01,0.01,1.0,0.0,0.0005,exchangeInfo.quotePrecision/baseSizePrecision/quoteAmountPrecision,1,False,0.5571428571428572,0.4197478991596638,0.6781512605042017,54.69957983193277
mexc,INUSDT,IN-USDT,IN,USDT,True,1,True,0.05546,64173.24242,1155255.61,0.05534,1140.63,0.05561,359.0,48.67057232987822,19.96399,1e-05,0.0,0.0,1.0,0.0,0.0005,exchangeInfo.quotePrecision/baseSizePrecision/quoteAmountPrecision,1,False,0.5974789915966386,0.3651260504201681,0.6323529411764706,54.636554621848745
mexc,ORDIUSDC,ORDI-USDC,ORDI,USDC,True,1,True,2.477,56640.585,23727.94,2.471,79.82,2.481,50.91,40.38772213247087,126.30770999999999,0.001,0.0,0.0,1.0,0.0,0.0,exchangeInfo.quotePrecision/baseSizePrecision/quoteAmountPrecision,1,False,0.4542016806722689,0.47773109243697476,0.8852941176470588,54.63025210084034
mexc,RIVNONUSDT,RIVNON-USDT,RIVNON,USDT,True,1,True,15.37,56652.15,3686.81,15.34,22.28,15.4,6.29,39.037085230969744,96.866,0.01,0.0,0.0,1.0,0.0,0.0005,exchangeInfo.quotePrecision/baseSizePrecision/quoteAmountPrecision,1,False,0.45546218487394957,0.4957983193277311,0.8588235294117647,54.6218487394958
mexc,USDPUSDT,USDP-USDT,USDP,USDT,True,1,True,1.0001,27634.0981,27635.35,1.0,3321.2,1.0001,4599.6,0.999950002499765,3321.2,0.0001,0.0001,0.0001,1.0,0.0,0.0005,exchangeInfo.quotePrecision/baseSizePrecision/quoteAmountPrecision,1,False,0.18025210084033613,0.9932773109243698,0.9928571428571429,54.60294117647059
mexc,WNXUSDT,WNX-USDT,WNX,USDT,True,1,True,0.0004691,1500152.7977165,3692529011.84,0.000467,2355.46,0.0005176,21588.94,1027.828559821247,1.09999982,1e-07,0.0,0.0,1.0,0.0,0.0005,exchangeInfo.quotePrecision/baseSizePrecision/quoteAmountPrecision,1,False,0.9701680672268908,0.007563025210084007,0.052521008403361345,54.59873949579832
mexc,XRBUSDT,XRB-USDT,XRB,USDT,True,1,True,1.2169,77055.1817,62942.73,1.2142,0.84,1.2169,107.07,22.212167331661774,1.019928,0.0001,0.0,0.0,1.0,0.0,0.0005,exchangeInfo.quotePrecision/baseSizePrecision/quoteAmountPrecision,1,False,0.6605042016806723,0.6949579831932773,0.04327731092436975,54.567226890756295
mexc,MODEUSDT,MODE-USDT,MODE,USDT,False,1,True,0.0001276,185357.7688637,1531869161.81,0.000127,22628.31,0.0001284,955972.14,109.63194988253773,2.8737953700000003,1e-07,0.0,0.0,1.0,0.0,0.0005,exchangeInfo.quotePrecision/baseSizePrecision/quoteAmountPrecision,1,False,0.8331932773109244,0.12016806722689077,0.28403361344537814,54.510504201680675
mexc,XOXOUSDT,XOXO-USDT,XOXO,USDT,True,1,True,8.594e-05,63394.00537999,718581971.0,8.591e-05,80980.32,8.613e-05,31256.5,25.57544757033342,2.692122345,1e-08,0.0,0.0,1.0,0.0,0.0005,exchangeInfo.quotePrecision/baseSizePrecision/quoteAmountPrecision,1,False,0.5911764705882353,0.6596638655462185,0.2726890756302521,54.46008403361344
mexc,LIQUIDIUMUSDT,LIQUIDIUM-USDT,LIQUIDIUM,USDT,True,1,True,0.0283,56617.1222,1997969.78,0.0282,2059.73,0.0283,2183.3,35.39823008849536,58.084386,0.0001,0.0,0.0,1.0,0.0,0.0005,exchangeInfo.quotePrecision/baseSizePrecision/quoteAmountPrecision,1,False,0.45294117647058824,0.5453781512605043,0.7936974789915966,54.420168067226896
mexc,OZOUSDT,OZO-USDT,OZO,USDT,True,1,True,0.1325,79303.2333,601430.91,0.132,166.48,0.1329,115.43,67.95016987542348,15.340647,0.0001,0.0,0.0,1.0,0.0,0.0005,exchangeInfo.quotePrecision/baseSizePrecision/quoteAmountPrecision,1,False,0.6701680672268907,0.22773109243697476,0.5932773109243697,54.41806722689076
mexc,MPONUSDT,MPON-USDT,MPON,USDT,True,1,True,49.62,57667.45,1165.33,49.36,7.85,49.63,7.88,54.55096474391416,387.476,0.01,0.0,0.0,1.0,0.0,0.0005,exchangeInfo.quotePrecision/baseSizePrecision/quoteAmountPrecision,1,False,0.5,0.3163865546218487,0.9504201680672268,54.418067226890756
mexc,VSNUSDT,VSN-USDT,VSN,USDT,True,1,True,0.05841,57858.39044,984711.48,0.05838,57.4,0.05845,57.4,11.983223487118138,3.351012,1e-05,0.0,0.0,1.0,0.0,0.0005,exchangeInfo.quotePrecision/baseSizePrecision/quoteAmountPrecision,1,False,0.5088235294117647,0.8071428571428572,0.31218487394957983,54.40756302521008
mexc,SOLAXYUSDT,SOLAXY-USDT,SOLAXY,USDT,True,1,True,5.777e-05,99351.66650486,1662485003.32,5.722e-05,476289.01,5.847e-05,541940.64,216.09473593223325,27.2532571522,1e-08,0.0,0.0,1.0,0.0,0.0005,exchangeInfo.quotePrecision/baseSizePrecision/quoteAmountPrecision,1,False,0.7197478991596639,0.04621848739495793,0.6831932773109244,54.405462184873954
mexc,VISTAUSDT,VISTA-USDT,VISTA,USDT,True,1,True,1.207,58486.565,46082.94,1.206,21.6,1.207,1.25,8.288437629507765,1.50875,0.001,0.0,0.0,1.0,0.0,0.0005,exchangeInfo.quotePrecision/baseSizePrecision/quoteAmountPrecision,1,False,0.5252100840336135,0.8651260504201681,0.19369747899159664,54.38865546218488
mexc,BNKRUSDT,BNKR-USDT,BNKR,USDT,True,1,True,0.0003347,70168.5359384,210753773.18,0.0003343,21404.58,0.0003355,9649.13,35.83159151985755,3.237283115,1e-07,0.0,0.0,1.0,0.0,0.0005,exchangeInfo.quotePrecision/baseSizePrecision/quoteAmountPrecision,1,False,0.6319327731092437,0.5394957983193278,0.3050420168067227,54.344537815126046
mexc,CAPTCHAUSDT,CAPTCHA-USDT,CAPTCHA,USDT,True,1,True,0.0002773,79052.0373951,255512679.01,0.0002769,25000.0,0.0002776,3878.66,25.247971145176447,1.076716016,1e-07,0.0,0.0,1.0,0.0,0.0005,exchangeInfo.quotePrecision/baseSizePrecision/quoteAmountPrecision,1,False,0.6693277310924369,0.661344537815126,0.04831932773109244,54.313025210084035
mexc,PIUSDE,PI-USDE,PI,USDE,True,1,True,0.1715,56384.95621,330367.76,0.17096,300.0,0.17152,4206.46,32.702639570194165,51.288,1e-05,0.0,0.0,1.0,0.0,0.0,exchangeInfo.quotePrecision/baseSizePrecision/quoteAmountPrecision,1,False,0.4403361344537815,0.5819327731092436,0.7760504201680672,54.28781512605042
mexc,AVAAIUSDT,AVAAI-USDT,AVAAI,USDT,True,1,True,0.006366,66293.526769,10332290.9,0.006351,13844.5,0.006407,12643.46,87.78805455400611,81.00664822,1e-06,0.0,0.0,1.0,0.0,0.0005,exchangeInfo.quotePrecision/baseSizePrecision/quoteAmountPrecision,1,False,0.6134453781512605,0.15630252100840336,0.8319327731092437,54.28571428571429
mexc,COPPERINUUSDT,COPPERINU-USDT,COPPERINU,USDT,True,1,True,0.006465,59066.151743,8779756.61,0.006452,1118.87,0.006471,2364.99,29.404936934148292,7.21894924,1e-06,0.0,0.0,1.0,0.0,0.0005,exchangeInfo.quotePrecision/baseSizePrecision/quoteAmountPrecision,1,False,0.5357142857142857,0.6189075630252101,0.46596638655462186,54.2563025210084
mexc,WOOUSDT,WOO-USDT,WOO,USDT,True,1,True,0.01684,159191.98446,9437228.02,0.01681,51156.65,0.0169,71.01,53.396618214179654,1.200069,1e-05,0.001,0.001,1.0,0.0,0.0005,exchangeInfo.quotePrecision/baseSizePrecision/quoteAmountPrecision,1,False,0.8134453781512605,0.32394957983193273,0.06890756302521009,54.21638655462184
mexc,NEONUSDT,NEON-USDT,NEON,USDT,True,1,True,0.02915,64747.28571,2240291.57,0.02894,5329.41,0.02899,44.61,17.26221301570791,1.2932439,1e-05,0.0,0.0,1.0,0.0,0.0005,exchangeInfo.quotePrecision/baseSizePrecision/quoteAmountPrecision,1,False,0.603781512605042,0.7533613445378151,0.10840336134453782,54.21008403361345
mexc,XTZUSDC,XTZ-USDC,XTZ,USDC,True,1,True,0.3503,57452.2999,164188.85,0.3492,292.78,0.3508,453.74,45.71428571428544,102.23877599999999,0.0001,0.0,0.0,1.0,0.0,0.0,exchangeInfo.quotePrecision/baseSizePrecision/quoteAmountPrecision,1,False,0.4890756302521008,0.39873949579831935,0.8668067226890757,54.20378151260504
mexc,CELLUSDT,CELL-USDT,CELL,USDT,True,1,True,0.06992,89102.86554,1266142.99,0.06976,273.0,0.0701,53.92,48.62004862004764,3.779792,1e-05,0.0,0.0,1.0,0.0,0.0005,exchangeInfo.quotePrecision/baseSizePrecision/quoteAmountPrecision,1,False,0.6974789915966386,0.365546218487395,0.334453781512605,54.189075630252105
mexc,KTAUSDT,KTA-USDT,KTA,USDT,True,1,True,0.1699,92027.6863,566284.53,0.1687,160.24,0.1699,52.84,70.88009450679307,8.977516,0.0001,0.0,0.0,1.0,0.0,0.0005,exchangeInfo.quotePrecision/baseSizePrecision/quoteAmountPrecision,1,False,0.704201680672269,0.21344537815126052,0.5058823529411764,54.18487394957984
mexc,LOLUSDT,LOL-USDT,LOL,USDT,True,1,True,0.009979,136327.76606,12861577.55,0.009811,751.19,0.009987,20226.81,177.79573694312464,7.369925090000001,1e-06,0.0,0.0,1.0,0.0,0.0005,exchangeInfo.quotePrecision/baseSizePrecision/quoteAmountPrecision,1,False,0.7878151260504201,0.05882352941176472,0.4680672268907563,54.161764705882355
mexc,WMONUSDT,WMON-USDT,WMON,USDT,True,1,True,235.83,57704.15,245.58,235.49,1.654,236.76,1.02,53.78507146638356,241.49519999999998,0.01,0.0,0.0,1.0,0.0,0.0005,exchangeInfo.quotePrecision/baseSizePrecision/quoteAmountPrecision,1,False,0.5016806722689076,0.3214285714285714,0.9243697478991597,54.115546218487395
mexc,GOATUSDT,GOAT-USDT,GOAT,USDT,True,1,True,0.0168,71919.54881,4259973.21,0.01676,291.6,0.01683,12750.89,41.67907115212898,4.8872160000000004,1e-05,0.0,0.0,1.0,0.0,0.0005,exchangeInfo.quotePrecision/baseSizePrecision/quoteAmountPrecision,1,False,0.6411764705882353,0.4533613445378152,0.37100840336134455,54.01890756302522
mexc,NVDAXUSDT,NVDAX-USDT,NVDAX,USDT,True,1,True,175.56,57495.08,326.75,175.47,0.16,176.12,1.92,36.97488552006631,28.0752,0.01,0.0,0.0,1.0,0.0,0.0005,exchangeInfo.quotePrecision/baseSizePrecision/quoteAmountPrecision,1,False,0.4899159663865546,0.5247899159663866,0.6894957983193277,53.855042016806735
mexc,BOBUSDT,BOB-USDT,BOB,USDT,True,1,True,0.005537,60848.782858,11115406.82,0.00553,758.47,0.005546,5859.56,28.89129649692944,4.1943391000000005,1e-06,0.0,0.0,1.0,0.0,0.0005,exchangeInfo.quotePrecision/baseSizePrecision/quoteAmountPrecision,1,False,0.5663865546218487,0.6260504201680672,0.35126050420168065,53.827731092436984
mexc,SPLDUSDT,SPLD-USDT,SPLD,USDT,True,1,True,0.2721,64115.5687,237137.17,0.2715,36.83,0.2727,375.43,44.10143329658136,9.999345,0.0001,0.0,0.0,1.0,0.0,0.0005,exchangeInfo.quotePrecision/baseSizePrecision/quoteAmountPrecision,1,False,0.5970588235294118,0.42268907563025215,0.5197478991596639,53.800420168067234
mexc,HOODONUSDT,HOODON-USDT,HOODON,USDT,True,1,True,68.71,55698.45,809.93,68.61,4.32,68.81,1.0,29.10784456411044,68.81,0.01,0.0,0.0,1.0,0.0,0.0005,exchangeInfo.quotePrecision/baseSizePrecision/quoteAmountPrecision,1,False,0.4,0.6214285714285714,0.811344537815126,53.76260504201681
mexc,AIXTUSDT,AIXT-USDT,AIXT,USDT,True,1,True,0.08751,58471.43861,665478.55,0.08752,350.66,0.08753,0.04,1.1425307055122678,0.0035012,1e-05,0.0,0.0,1.0,0.0,0.0005,exchangeInfo.quotePrecision/baseSizePrecision/quoteAmountPrecision,1,False,0.5243697478991597,0.9865546218487395,0.012605042016806723,53.7563025210084
mexc,AAPLXUSDT,AAPLX-USDT,AAPLX,USDT,True,1,True,254.84,58938.52,231.393,254.3,0.16,255.51,0.539,47.46866479668816,40.688,0.01,0.0,0.0,1.0,0.0,0.0005,exchangeInfo.quotePrecision/baseSizePrecision/quoteAmountPrecision,1,False,0.5336134453781513,0.3802521008403361,0.7445378151260504,53.74579831932773
mexc,GEVONUSDT,GEVON-USDT,GEVON,USDT,True,1,True,900.06,56932.9,63.361,896.3,0.452,900.64,0.313,48.3043395995418,281.90032,0.01,0.0,0.0,1.0,0.0,0.0005,exchangeInfo.quotePrecision/baseSizePrecision/quoteAmountPrecision,1,False,0.4689075630252101,0.3697478991596639,0.9340336134453782,53.714285714285715
mexc,TROLLSOLUSDT,TROLLSOL-USDT,TROLLSOL,USDT,True,1,True,0.01146,78058.810917,6634935.52,0.011449,1367.6,0.011532,1950.0,72.23358426526238,15.6576524,1e-06,0.0,0.0,1.0,0.0,0.0005,exchangeInfo.quotePrecision/baseSizePrecision/quoteAmountPrecision,1,False,0.6655462184873949,0.2063025210084034,0.5957983193277311,53.67857142857143
mexc,AMEUSDT,AME-USDT,AME,USDT,True,1,True,0.0002872,63459.7611375,224198597.94,0.0002872,69.64,0.0002875,72463.75,10.440229685053325,0.020000608,1e-07,0.0001,0.0001,1.0,0.0,0.0005,exchangeInfo.quotePrecision/baseSizePrecision/quoteAmountPrecision,1,False,0.5915966386554622,0.8315126050420167,0.017226890756302522,53.670168067226896
mexc,CHEXUSDT,CHEX-USDT,CHEX,USDT,True,1,True,0.01442,62198.40597,4243772.41,0.01441,198.97,0.01445,601.9,27.720027720027794,2.8671577,1e-05,0.0,0.0,1.0,0.0,0.0005,exchangeInfo.quotePrecision/baseSizePrecision/quoteAmountPrecision,1,False,0.5819327731092437,0.6373949579831932,0.28361344537815125,53.61344537815126
mexc,XAVAUSDT,XAVA-USDT,XAVA,USDT,True,1,True,0.2559,56812.9034,223557.56,0.2558,87.77,0.256,12.9,7.815552950370377,3.3024,0.0001,0.0001,0.0001,1.0,0.0,0.0005,exchangeInfo.quotePrecision/baseSizePrecision/quoteAmountPrecision,1,False,0.4651260504201681,0.8737394957983193,0.30798319327731094,53.58508403361345
mexc,OSMOUSDT,OSMO-USDT,OSMO,USDT,True,1,True,0.03069,61417.82368,1996863.27,0.03059,352.3,0.03072,2890.53,42.40743761213558,10.776857,1e-05,0.1,0.1,1.0,0.0,0.0005,exchangeInfo.quotePrecision/baseSizePrecision/quoteAmountPrecision,1,False,0.5747899159663865,0.4453781512605042,0.5399159663865546,53.54621848739496
mexc,GSONUSDT,GSON-USDT,GSON,USDT,True,1,True,866.21,58383.85,67.491,864.06,0.009,866.68,0.097,30.27606688468522,7.776539999999999,0.01,0.0,0.0,1.0,0.0,0.0005,exchangeInfo.quotePrecision/baseSizePrecision/quoteAmountPrecision,1,False,0.5222689075630252,0.6092436974789917,0.4785714285714286,53.52731092436975
mexc,NEOUSDC,NEO-USDC,NEO,USDC,True,1,True,2.824,56421.73,20339.96,2.815,29.82,2.826,68.33,39.00017727353349,83.9433,0.001,0.0,0.0,1.0,0.0,0.0,exchangeInfo.quotePrecision/baseSizePrecision/quoteAmountPrecision,1,False,0.44243697478991595,0.496218487394958,0.8373949579831933,53.487394957983206
mexc,IVVONUSDT,IVVON-USDT,IVVON,USDT,True,1,True,663.42,54141.6,81.686,662.31,0.468,663.64,0.464,20.061088276330796,307.92896,0.01,0.0,0.0,1.0,0.0,0.0005,exchangeInfo.quotePrecision/baseSizePrecision/quoteAmountPrecision,1,False,0.3004201680672269,0.7243697478991596,0.942436974789916,53.481092436974784
mexc,CARVUSDT,CARV-USDT,CARV,USDT,True,1,True,0.05423,65058.05518,1197294.81,0.05413,11977.57,0.0544,229.12,49.755827881691594,12.464127999999999,1e-05,0.0,0.0,1.0,0.0,0.0005,exchangeInfo.quotePrecision/baseSizePrecision/quoteAmountPrecision,1,False,0.6058823529411764,0.35420168067226887,0.5621848739495798,53.42226890756303
mexc,MARS4USDT,MARS4-USDT,MARS4,USDT,True,1,True,8.255e-05,70193.11881643,838213934.45,8.136e-05,1194877.27,8.283e-05,1327999.98,179.06084414398094,97.21521468719999,1e-08,0.001,0.001,1.0,0.0,0.0005,exchangeInfo.quotePrecision/baseSizePrecision/quoteAmountPrecision,1,False,0.6327731092436975,0.05714285714285716,0.8592436974789915,53.41596638655462
mexc,PGONUSDT,PGON-USDT,PGON,USDT,True,1,True,145.67,58891.06,403.75,145.42,1.8,146.43,2.59,69.21363714236898,261.756,0.01,0.0,0.0,1.0,0.0,0.0005,exchangeInfo.quotePrecision/baseSizePrecision/quoteAmountPrecision,1,False,0.5331932773109244,0.2218487394957983,0.926890756302521,53.40966386554622
mexc,LDOUSDC,LDO-USDC,LDO,USDC,True,1,True,0.314,55975.7696,176724.21,0.3133,671.9,0.3145,446.15,38.22873526600761,140.314175,0.0001,0.0,0.0,1.0,0.0,0.0,exchangeInfo.quotePrecision/baseSizePrecision/quoteAmountPrecision,1,False,0.4151260504201681,0.5084033613445378,0.8915966386554622,53.37394957983194
mexc,PIPPINUSDC,PIPPIN-USDC,PIPPIN,USDC,True,1,True,0.02813,60213.54121,1291627.23,0.02807,1757.6,0.02823,2349.76,56.838365896980605,49.335831999999996,1e-05,0.0,0.0,1.0,0.0,0.0,exchangeInfo.quotePrecision/baseSizePrecision/quoteAmountPrecision,1,False,0.5563025210084034,0.29579831932773104,0.7668067226890757,53.32773109243698
mexc,WDCONUSDT,WDCON-USDT,WDCON,USDT,True,1,True,292.9,57768.05,196.686,292.89,1.043,294.66,1.645,60.250191473067446,305.48427,0.01,0.0,0.0,1.0,0.0,0.0005,exchangeInfo.quotePrecision/baseSizePrecision/quoteAmountPrecision,1,False,0.5046218487394958,0.26848739495798324,0.9420168067226891,53.306722689075634
mexc,ZKUSDC,ZK-USDC,ZK,USDC,True,1,True,0.01554,56269.47096,3425979.73,0.01551,30311.68,0.01558,124815.81,45.03055644901937,470.13415679999997,1e-05,0.0,0.0,1.0,0.0,0.0,exchangeInfo.quotePrecision/baseSizePrecision/quoteAmountPrecision,1,False,0.4327731092436975,0.4088235294117647,0.957983193277311,53.1827731092437
mexc,CVXUSDC,CVX-USDC,CVX,USDC,True,1,True,1.709,57248.861,33458.05,1.704,188.78,1.711,23.74,40.995607613470675,40.61914,0.001,0.0,0.0,1.0,0.0,0.0,exchangeInfo.quotePrecision/baseSizePrecision/quoteAmountPrecision,1,False,0.48361344537815126,0.46638655462184875,0.7441176470588236,53.140756302521005
mexc,NAPUSDT,NAP-USDT,NAP,USDT,True,1,True,0.3454,69700.9305,199265.33,0.3429,115.51,0.346,224.6,89.99854841050927,39.608379,0.0001,0.0,0.0,1.0,0.0,0.0005,exchangeInfo.quotePrecision/baseSizePrecision/quoteAmountPrecision,1,False,0.6294117647058823,0.14957983193277313,0.738655462184874,53.13025210084034
mexc,FREEDOMUSDT,FREEDOM-USDT,FREEDOM,USDT,True,1,True,3.723e-08,32158.90422866165,865527931503.0,3.722e-08,8058883575.0,3.723e-08,5156554238.0,2.686366689054324,191.97851428074003,1e-11,10000000.0,10000000.0,1.0,0.0,0.0005,exchangeInfo.quotePrecision/baseSizePrecision/quoteAmountPrecision,1,False,0.1953781512605042,0.9651260504201681,0.9109243697478991,53.09243697478991
mexc,JNJONUSDT,JNJON-USDT,JNJON,USDT,True,1,True,244.1,56182.48,230.325,243.44,1.196,244.51,1.689,43.85695255661413,291.15423999999996,0.01,0.0,0.0,1.0,0.0,0.0005,exchangeInfo.quotePrecision/baseSizePrecision/quoteAmountPrecision,1,False,0.4294117647058823,0.4281512605042017,0.9373949579831933,53.06932773109243
mexc,SOLUUSDT,SOLU-USDT,SOLU,USDT,True,1,True,0.044,590463.706236,8139631.5,0.044004,151.04,0.046622,23.7,577.7591419680876,1.1049414,1e-06,0.0,0.0,1.0,0.0,0.0005,exchangeInfo.quotePrecision/baseSizePrecision/quoteAmountPrecision,1,False,0.9361344537815126,0.01764705882352946,0.05630252100840336,53.0546218487395
mexc,TXNONUSDT,TXNON-USDT,TXNON,USDT,True,1,True,194.7,56193.54,288.684,194.35,2.121,195.22,1.988,44.66463023333442,388.09736,0.01,0.0,0.0,1.0,0.0,0.0005,exchangeInfo.quotePrecision/baseSizePrecision/quoteAmountPrecision,1,False,0.42983193277310927,0.4134453781512605,0.9508403361344537,52.9936974789916
mexc,QCOMONUSDT,QCOMON-USDT,QCOMON,USDT,True,1,True,128.03,56561.6,442.502,127.56,1.956,128.13,1.043,44.58523993898809,133.63959,0.01,0.0,0.0,1.0,0.0,0.0005,exchangeInfo.quotePrecision/baseSizePrecision/quoteAmountPrecision,1,False,0.4504201680672269,0.4155462184873949,0.8886554621848739,52.93487394957983
mexc,KINUSDT,KIN-USDT,KIN,USDT,True,1,True,0.006377,61453.851711,9560462.25,0.006371,1251.51,0.006397,1191.59,40.72681704260649,7.622601229999999,1e-06,0.0,0.0,1.0,0.0,0.0005,exchangeInfo.quotePrecision/baseSizePrecision/quoteAmountPrecision,1,False,0.5752100840336134,0.4714285714285714,0.47352941176470587,52.89285714285714
mexc,SQDUSDT,SQD-USDT,SQD,USDT,True,1,True,0.0289,64684.18764,2230474.12,0.02886,263.28,0.02899,331.0,44.94382022471847,7.598260799999999,1e-05,0.0,0.0,1.0,0.0,0.0005,exchangeInfo.quotePrecision/baseSizePrecision/quoteAmountPrecision,1,False,0.6033613445378151,0.4096638655462185,0.473109243697479,52.888655462184886
mexc,WNCGUSDT,WNCG-USDT,WNCG,USDT,True,1,True,0.005358,61829.871066,11396572.04,0.005358,28.96,0.005364,372.03,11.191941801902498,0.15516768,1e-06,0.0001,0.0001,1.0,0.0,0.0005,exchangeInfo.quotePrecision/baseSizePrecision/quoteAmountPrecision,1,False,0.5785714285714286,0.8210084033613445,0.023529411764705882,52.81722689075631
mexc,ARCSOLUSDT,ARCSOL-USDT,ARCSOL,USDT,True,1,True,0.05477,97639.84797,1841553.64,0.05468,46.21,0.05497,3839.9,52.895576835385064,2.5267628,1e-05,0.0,0.0,1.0,0.0,0.0005,exchangeInfo.quotePrecision/baseSizePrecision/quoteAmountPrecision,1,False,0.7151260504201681,0.32773109243697474,0.2642857142857143,52.8109243697479
mexc,NKNUSDT,NKN-USDT,NKN,USDT,True,1,True,0.01016,76442.769367,7591023.89,0.010144,297.5,0.010188,380.19,43.28152665748466,3.01784,1e-06,0.001,0.001,1.0,0.0,0.0005,exchangeInfo.quotePrecision/baseSizePrecision/quoteAmountPrecision,1,False,0.6567226890756303,0.4319327731092437,0.292436974789916,52.766806722689076
mexc,OKLOONUSDT,OKLOON-USDT,OKLOON,USDT,True,1,True,48.45,57949.94,1196.76,48.35,6.56,48.51,0.19,33.037373528803755,9.216899999999999,0.01,0.0,0.0,1.0,0.0,0.0005,exchangeInfo.quotePrecision/baseSizePrecision/quoteAmountPrecision,1,False,0.5109243697478991,0.5785714285714285,0.5092436974789916,52.75
mexc,IMTUSDT,IMT-USDT,IMT,USDT,True,1,True,0.00321,59630.123006,18260214.1,0.0032,31250.0,0.003218,13781.67,56.09224057338668,44.34941406,1e-06,0.0,0.0,1.0,0.0,0.0005,exchangeInfo.quotePrecision/baseSizePrecision/quoteAmountPrecision,1,False,0.5470588235294118,0.30294117647058827,0.753781512605042,52.7373949579832
mexc,HOOKUSDT,HOOK-USDT,HOOK,USDT,True,1,True,0.007696,82622.737217,10471681.65,0.007676,1823.86,0.007747,3645.02,92.0702846398246,13.999949359999999,1e-06,0.01,0.01,1.0,0.0,0.0005,exchangeInfo.quotePrecision/baseSizePrecision/quoteAmountPrecision,1,False,0.6823529411764706,0.14537815126050424,0.5781512605042017,52.726890756302524
mexc,PGVERSEUSDT,PGVERSE-USDT,PGVERSE,USDT,True,1,True,0.0001128,472328.4000387,3303259797.81,0.0001073,8387.69,0.0001095,88183.73,202.95202952029513,0.8999991370000001,1e-07,0.0,0.0,1.0,0.0,0.0005,exchangeInfo.quotePrecision/baseSizePrecision/quoteAmountPrecision,1,False,0.9235294117647059,0.0478991596638656,0.0365546218487395,52.72268907563026
mexc,RABIUSDT,RABI-USDT,RABI,USDT,True,1,True,0.0006976,62103.9459446,88818111.73,0.0006951,159660.1,0.0006987,25782.46,51.65733964700787,18.014204802,1e-07,0.0,0.0,1.0,0.0,0.0005,exchangeInfo.quotePrecision/baseSizePrecision/quoteAmountPrecision,1,False,0.5815126050420169,0.33613445378151263,0.6168067226890757,52.72268907563026
mexc,ETHUSDE,ETH-USDE,ETH,USDE,True,1,True,2053.63,54943.62,26.72496,2049.52,0.12957,2055.91,0.66765,31.12950409579446,265.5563064,0.01,0.0,0.0,1.0,0.0,0.0,exchangeInfo.quotePrecision/baseSizePrecision/quoteAmountPrecision,1,False,0.3483193277310924,0.5991596638655462,0.9285714285714286,52.70798319327731
mexc,STORMUSDT,STORM-USDT,STORM,USDT,True,1,True,0.006044,57816.066952,9583202.45,0.006033,9250.15,0.006061,7208.02,46.30395237307796,43.687809220000005,1e-06,0.0,0.0,1.0,0.0,0.0005,exchangeInfo.quotePrecision/baseSizePrecision/quoteAmountPrecision,1,False,0.5063025210084033,0.3920168067226891,0.7525210084033613,52.69747899159663
mexc,BOBAUSDT,BOBA-USDT,BOBA,USDT,True,1,True,0.02117,66000.29882,3148045.34,0.02113,5758.46,0.02119,66.03,28.35538752362998,1.3991757,1e-05,0.0001,0.0001,1.0,0.0,0.0005,exchangeInfo.quotePrecision/baseSizePrecision/quoteAmountPrecision,1,False,0.6109243697478992,0.6315126050420168,0.16512605042016806,52.69117647058824
mexc,FORTUSDT,FORT-USDT,FORT,USDT,True,1,True,0.01319,56715.272,4325477.25,0.01317,3118.38,0.01321,1315.66,30.32600454890076,17.379868600000002,1e-05,0.01,0.01,1.0,0.0,0.0005,exchangeInfo.quotePrecision/baseSizePrecision/quoteAmountPrecision,1,False,0.4588235294117647,0.6088235294117648,0.611764705882353,52.69117647058824
mexc,FAIUSDT,FAI-USDT,FAI,USDT,True,1,True,0.003772,62083.485704,15912480.21,0.003761,36528.61,0.003773,817.56,31.855588001061477,3.08465388,1e-06,0.0,0.0,1.0,0.0,0.0005,exchangeInfo.quotePrecision/baseSizePrecision/quoteAmountPrecision,1,False,0.58109243697479,0.5928571428571429,0.2953781512605042,52.689075630252105
mexc,GMEEUSDT,GMEE-USDT,GMEE,USDT,True,1,True,0.0014726,61941.7044777,41476947.82,0.0014696,83800.15,0.0014739,1674.59,29.21691863427926,2.4681782009999997,1e-07,0.1,0.1,1.0,0.0,0.0005,exchangeInfo.quotePrecision/baseSizePrecision/quoteAmountPrecision,1,False,0.5806722689075631,0.6201680672268908,0.2609243697478992,52.65966386554622
mexc,FONUSDT,FON-USDT,FON,USDT,True,1,True,11.63,55601.95,4786.27,11.6,32.89,11.64,7.96,34.42340791738461,92.65440000000001,0.01,0.0,0.0,1.0,0.0,0.0005,exchangeInfo.quotePrecision/baseSizePrecision/quoteAmountPrecision,1,False,0.3945378151260504,0.5567226890756303,0.8516806722689075,52.65126050420168
mexc,BIOUSDC,BIO-USDC,BIO,USDC,True,1,True,0.01705,58837.75085,3474648.33,0.01701,2791.11,0.0171,2797.62,52.77044854881255,47.476781100000004,1e-05,0.0,0.0,1.0,0.0,0.0,exchangeInfo.quotePrecision/baseSizePrecision/quoteAmountPrecision,1,False,0.5310924369747899,0.3285714285714286,0.7605042016806722,52.63445378151261
mexc,AINUSDT,AIN-USDT,AIN,USDT,True,1,True,0.05843,68714.98157,1199892.73,0.05833,700.15,0.0586,102.4,46.18147609680995,6.000640000000001,1e-05,0.0,0.0,1.0,0.0,0.0005,exchangeInfo.quotePrecision/baseSizePrecision/quoteAmountPrecision,1,False,0.6218487394957983,0.3936974789915967,0.4294117647058823,52.63235294117648
mexc,RDNTUSDT,RDNT-USDT,RDNT,USDT,True,1,True,0.00259,73721.769964,27826140.5,0.002586,1155.55,0.002597,16347.44,42.446459579393114,2.9882523,1e-06,0.0,0.0,1.0,0.0,0.0005,exchangeInfo.quotePrecision/baseSizePrecision/quoteAmountPrecision,1,False,0.6495798319327731,0.4441176470588235,0.28907563025210087,52.61134453781513
mexc,ASMUSDT,ASM-USDT,ASM,USDT,True,1,True,0.08732,60718.25686,679832.48,0.08704,126.0,0.08742,3039.62,43.562994382665536,10.96704,1e-05,0.01,0.01,1.0,0.0,0.0005,exchangeInfo.quotePrecision/baseSizePrecision/quoteAmountPrecision,1,False,0.5634453781512605,0.43025210084033616,0.5424369747899159,52.59453781512605
mexc,ONDOUSDC,ONDO-USDC,ONDO,USDC,True,1,True,0.2601,55255.0987,212168.15,0.2597,3994.79,0.2607,22065.04,38.43197540353578,1037.4469629999999,0.0001,0.0,0.0,1.0,0.0,0.0,exchangeInfo.quotePrecision/baseSizePrecision/quoteAmountPrecision,1,False,0.3697478991596639,0.5050420168067227,0.9794117647058823,52.550420168067234
mexc,VIRTUALUSDC,VIRTUAL-USDC,VIRTUAL,USDC,True,1,True,0.6361,54771.9905,85244.21,0.6351,833.87,0.6371,8063.73,31.441597233139472,529.590837,0.0001,0.0,0.0,1.0,0.0,0.0,exchangeInfo.quotePrecision/baseSizePrecision/quoteAmountPrecision,1,False,0.33361344537815124,0.5974789915966386,0.9626050420168067,52.537815126050425
mexc,AMIUSDT,AMI-USDT,AMI,USDT,True,1,True,0.006476,58017.360895,8916143.83,0.006471,254.84,0.006479,6006.5,12.355212355212656,1.64906964,1e-06,0.0,0.0,1.0,0.0,0.0005,exchangeInfo.quotePrecision/baseSizePrecision/quoteAmountPrecision,1,False,0.5138655462184873,0.8046218487394958,0.20756302521008405,52.52941176470589
mexc,GAIBUSDT,GAIB-USDT,GAIB,USDT,True,1,True,0.02874,72687.43936,2394846.28,0.02863,416.04,0.02882,487.79,66.14447345517814,11.9112252,1e-05,0.0,0.0,1.0,0.0,0.0005,exchangeInfo.quotePrecision/baseSizePrecision/quoteAmountPrecision,1,False,0.6453781512605042,0.23907563025210088,0.5512605042016807,52.49789915966387
mexc,MAPUSDT,MAP-USDT,MAP,USDT,True,1,True,0.00224,81932.9964,36600520.16,0.00225,888.88,0.00226,560840.57,44.3458980044347,1.9999799999999999,1e-05,0.0,0.0,1.0,0.0,0.0005,exchangeInfo.quotePrecision/baseSizePrecision/quoteAmountPrecision,1,False,0.6802521008403362,0.41932773109243693,0.22899159663865545,52.47689075630253
mexc,PAWSUSDT,PAWS-USDT,PAWS,USDT,True,1,True,4.108e-06,57791.54440657,13886324650.57,4.104e-06,1085038.99,4.113e-06,16408723.33,21.905805038335775,4.45300001496,1e-09,0.0,0.0,1.0,0.0,0.0005,exchangeInfo.quotePrecision/baseSizePrecision/quoteAmountPrecision,1,False,0.5050420168067227,0.6995798319327731,0.3596638655462185,52.46008403361344
mexc,HOMEUSDC,HOME-USDC,HOME,USDC,True,1,True,0.02006,57572.2688,3069330.55,0.01996,4574.08,0.02006,3744.0,49.975012493754555,75.10464,1e-05,0.0,0.0,1.0,0.0,0.0,exchangeInfo.quotePrecision/baseSizePrecision/quoteAmountPrecision,1,False,0.49411764705882355,0.35126050420168065,0.8235294117647058,52.42857142857142
mexc,TMUSONUSDT,TMUSON-USDT,TMUSON,USDT,True,1,True,202.75,54674.83,270.038,202.25,1.621,202.84,2.277,29.129329284850446,327.84725,0.01,0.0,0.0,1.0,0.0,0.0005,exchangeInfo.quotePrecision/baseSizePrecision/quoteAmountPrecision,1,False,0.3273109243697479,0.6210084033613446,0.9449579831932773,52.4264705882353
mexc,SOONUSDT,SOON-USDT,SOON,USDT,True,1,True,0.1162,66181.4948,580563.27,0.116,11.29,0.1163,144.34,25.828669823503635,1.30964,0.0001,0.0,0.0,1.0,0.0,0.0005,exchangeInfo.quotePrecision/baseSizePrecision/quoteAmountPrecision,1,False,0.611764705882353,0.6567226890756303,0.11638655462184874,52.39285714285715
mexc,NYMUSDT,NYM-USDT,NYM,USDT,True,1,True,0.03424,57095.18171,1671473.2,0.03414,730.78,0.03427,730.78,38.0061394532978,24.948829199999995,1e-05,1e-06,1e-06,1.0,0.0,0.0005,exchangeInfo.quotePrecision/baseSizePrecision/quoteAmountPrecision,1,False,0.4764705882352941,0.511344537815126,0.6697478991596638,52.384453781512605
mexc,ALBONUSDT,ALBON-USDT,ALBON,USDT,True,1,True,177.97,56352.04,316.375,177.77,1.962,178.6,1.455,46.580800853045105,259.863,0.01,0.0,0.0,1.0,0.0,0.0005,exchangeInfo.quotePrecision/baseSizePrecision/quoteAmountPrecision,1,False,0.43823529411764706,0.3894957983193277,0.9264705882352942,52.36974789915967
mexc,OMGUSDT,OMG-USDT,OMG,USDT,True,1,True,0.05374,56776.56599,1053096.4,0.0537,15000.0,0.05378,92.64,14.886490509862986,4.9821792,1e-05,0.0001,0.0001,1.0,0.0,0.0005,exchangeInfo.quotePrecision/baseSizePrecision/quoteAmountPrecision,1,False,0.46176470588235297,0.7781512605042017,0.3735294117647059,52.32142857142858
mexc,PARTUSDT,PART-USDT,PART,USDT,True,1,True,0.1944,99950.9413,552340.94,0.1943,41.24,0.1966,154.55,117.6771552826808,8.012932000000001,0.0001,0.0,0.0,1.0,0.0,0.0005,exchangeInfo.quotePrecision/baseSizePrecision/quoteAmountPrecision,1,False,0.7235294117647059,0.11092436974789921,0.48739495798319327,52.31512605042017
mexc,BIDUONUSDT,BIDUON-USDT,BIDUON,USDT,True,1,True,110.17,56969.54,515.984,110.11,3.514,110.72,2.421,55.24611692251954,268.05312,0.01,0.0,0.0,1.0,0.0,0.0005,exchangeInfo.quotePrecision/baseSizePrecision/quoteAmountPrecision,1,False,0.4714285714285714,0.31176470588235294,0.9294117647058824,52.3109243697479
mexc,GTAIUSDT,GTAI-USDT,GTAI,USDT,True,1,True,0.02257,59566.01388,2626316.57,0.02253,399.43,0.02262,1054.46,39.867109634551404,8.9991579,1e-05,0.0,0.0,1.0,0.0,0.0005,exchangeInfo.quotePrecision/baseSizePrecision/quoteAmountPrecision,1,False,0.5466386554621848,0.4844537815126051,0.5063025210084033,52.30252100840336
mexc,TELUSDT,TEL-USDT,TEL,USDT,True,1,True,0.002137,70657.512417,32647650.72,0.002133,3749.46,0.002145,43200.37,56.10098176718228,7.99759818,1e-06,0.0,0.0,1.0,0.0,0.0005,exchangeInfo.quotePrecision/baseSizePrecision/quoteAmountPrecision,1,False,0.6361344537815126,0.3025210084033614,0.4857142857142857,52.26470588235295
mexc,HIVEUSDC,HIVE-USDC,HIVE,USDC,True,1,True,0.05975,55242.74654,939070.23,0.05965,9675.82,0.05988,9327.9,38.484062578432365,558.554652,1e-05,0.0,0.0,1.0,0.0,0.0,exchangeInfo.quotePrecision/baseSizePrecision/quoteAmountPrecision,1,False,0.369327731092437,0.503781512605042,0.9647058823529412,52.201680672268914
mexc,ALLOUSDC,ALLO-USDC,ALLO,USDC,True,1,True,0.10413,56109.83223,536425.14,0.10392,2212.48,0.10438,1747.71,44.167066730677114,182.42596980000002,1e-05,0.0,0.0,1.0,0.0,0.0,exchangeInfo.quotePrecision/baseSizePrecision/quoteAmountPrecision,1,False,0.426890756302521,0.42226890756302526,0.9079831932773109,52.195378151260506
mexc,ECHELONUSDT,ECHELON-USDT,ECHELON,USDT,True,1,True,0.08117,64180.07079,762061.59,0.08103,95.48,0.08126,17.51,28.344321892907033,1.4228626000000002,1e-05,0.0,0.0,1.0,0.0,0.0005,exchangeInfo.quotePrecision/baseSizePrecision/quoteAmountPrecision,1,False,0.5983193277310924,0.6319327731092437,0.173109243697479,52.168067226890756
mexc,MATHUSDT,MATH-USDT,MATH,USDT,True,1,True,0.02716,100034.34,3605341.01,0.02706,197.81,0.0272,55.87,51.60339107998443,1.519664,1e-05,0.0001,0.0001,1.0,0.0,0.0005,exchangeInfo.quotePrecision/baseSizePrecision/quoteAmountPrecision,1,False,0.7243697478991596,0.3369747899159664,0.1949579831932773,52.16386554621849
mexc,MELANIAUSDT,MELANIA-USDT,MELANIA,USDT,True,1,True,0.10797,60728.48531,554164.11,0.1079,198.45,0.10847,5670.06,52.687525997134635,21.412754999999997,1e-05,0.0,0.0,1.0,0.0,0.0005,exchangeInfo.quotePrecision/baseSizePrecision/quoteAmountPrecision,1,False,0.5638655462184874,0.3294117647058824,0.6453781512605042,52.155462184873954
mexc,SMURFCATUSDT,SMURFCAT-USDT,SMURFCAT,USDT,True,1,True,6.408e-06,56208.229673666,8770822324.74,6.405e-06,682694753.9,6.41e-06,561349.01,7.803355442840348,3.5982471540999996,1e-09,0.0,0.0,1.0,0.0,0.0005,exchangeInfo.quotePrecision/baseSizePrecision/quoteAmountPrecision,1,False,0.43109243697478994,0.8747899159663866,0.3264705882352941,52.10924369747899
mexc,WLFIUSDC,WLFI-USDC,WLFI,USDC,True,1,True,0.09811,56851.02689,574816.5,0.09797,3202.36,0.09834,255.28,37.69548163618719,25.104235199999998,1e-05,0.0,0.0,1.0,0.0,0.0,exchangeInfo.quotePrecision/baseSizePrecision/quoteAmountPrecision,1,False,0.46638655462184875,0.5168067226890756,0.6722689075630253,52.01680672268908
mexc,SGOVONUSDT,SGOVON-USDT,SGOVON,USDT,True,1,True,100.72,54909.53,544.31,100.64,2.15,100.82,0.34,17.86955226843965,34.2788,0.01,0.0,0.0,1.0,0.0,0.0005,exchangeInfo.quotePrecision/baseSizePrecision/quoteAmountPrecision,1,False,0.3449579831932773,0.7457983193277311,0.7189075630252101,51.99579831932773
mexc,DEGENUSDT,DEGEN-USDT,DEGEN,USDT,True,1,True,0.0006596,65650.7683672,98188669.23,0.0006573,10935.0,0.0006605,10935.0,48.565791470632405,7.1875754999999995,1e-07,0.0,0.0,1.0,0.0,0.0005,exchangeInfo.quotePrecision/baseSizePrecision/quoteAmountPrecision,1,False,0.6092436974789915,0.36722689075630255,0.4651260504201681,51.99159663865546
mexc,CSCOONUSDT,CSCOON-USDT,CSCOON,USDT,True,1,True,79.45,56000.48,704.04,79.43,4.0,79.69,0.44,32.67973856209036,35.0636,0.01,0.0,0.0,1.0,0.0,0.0005,exchangeInfo.quotePrecision/baseSizePrecision/quoteAmountPrecision,1,False,0.41638655462184876,0.5827731092436974,0.7226890756302521,51.92436974789917
mexc,CESSUSDT,CESS-USDT,CESS,USDT,True,1,True,0.002727,64262.763162,23508096.45,0.002719,18390.29,0.002745,36536.31,95.16837481698383,50.003198510000004,1e-06,0.0,0.0,1.0,0.0,0.0005,exchangeInfo.quotePrecision/baseSizePrecision/quoteAmountPrecision,1,False,0.5995798319327731,0.1390756302521008,0.7710084033613446,51.87394957983194
mexc,PUMPBTCUSDT,PUMPBTC-USDT,PUMPBTC,USDT,True,1,True,0.01689,60423.21867,3646116.13,0.01689,5826.24,0.01704,15075.76,88.41732979664063,98.40519359999999,1e-05,0.0,0.0,1.0,0.0,0.0005,exchangeInfo.quotePrecision/baseSizePrecision/quoteAmountPrecision,1,False,0.5600840336134454,0.15294117647058825,0.861764705882353,51.86344537815126
mexc,USELESSUSDC,USELESS-USDC,USELESS,USDC,True,1,True,0.03461,57803.93051,1712079.35,0.0345,30640.12,0.03477,18592.07,77.95582503248143,646.4462739,1e-05,0.0,0.0,1.0,0.0,0.0,exchangeInfo.quotePrecision/baseSizePrecision/quoteAmountPrecision,1,False,0.5058823529411764,0.18487394957983194,0.9701680672268908,51.84873949579833
mexc,PUBLICUSDT,PUBLIC-USDT,PUBLIC,USDT,True,1,True,0.01562,57221.35693,3681575.88,0.01558,3528.1,0.01562,396.57,25.64102564102571,6.1944234,1e-05,0.0,0.0,1.0,0.0,0.0005,exchangeInfo.quotePrecision/baseSizePrecision/quoteAmountPrecision,1,False,0.4827731092436975,0.6592436974789916,0.4373949579831933,51.78151260504201
mexc,MXNUSDT,MXN-USDT,MXN,USDT,True,1,True,0.05355,66635.51817,1248498.19,0.0531,1718422.66,0.05357,592.15,88.12224617980655,31.721475499999997,1e-05,0.0,0.0,1.0,0.0,0.0005,exchangeInfo.quotePrecision/baseSizePrecision/quoteAmountPrecision,1,False,0.6142857142857143,0.1546218487394958,0.7063025210084034,51.77731092436976
mexc,HELLOUSDT,HELLO-USDT,HELLO,USDT,True,1,True,0.002113,110773.241662,51783588.88,0.002078,5587.1,0.00214,3792.81,293.9781887150308,8.1166134,1e-06,0.0,0.0,1.0,0.0,0.0005,exchangeInfo.quotePrecision/baseSizePrecision/quoteAmountPrecision,1,False,0.7495798319327731,0.030672268907563027,0.48865546218487393,51.766806722689076
mexc,BENQIUSDT,BENQI-USDT,BENQI,USDT,True,1,True,0.001408,58340.787878,41520012.54,0.0014,1530240.0,0.00141,101916.37,71.17437722419947,143.7020817,1e-06,0.0001,0.0001,1.0,0.0,0.0005,exchangeInfo.quotePrecision/baseSizePrecision/quoteAmountPrecision,1,False,0.5197478991596639,0.2109243697478992,0.8945378151260505,51.75000000000001
mexc,RSS3USDT,RSS3-USDT,RSS3,USDT,True,1,True,0.007247,59032.691122,10584224.45,0.007231,568.05,0.007252,534.73,28.999516674722347,3.87786196,1e-06,0.001,0.001,1.0,0.0,0.0005,exchangeInfo.quotePrecision/baseSizePrecision/quoteAmountPrecision,1,False,0.534453781512605,0.623109243697479,0.3382352941176471,51.7373949579832
mexc,WALUSDC,WAL-USDC,WAL,USDC,True,1,True,0.07145,56661.21556,796780.21,0.07123,477.36,0.07151,6308.22,39.23217037971171,34.002352800000004,1e-05,0.0,0.0,1.0,0.0,0.0,exchangeInfo.quotePrecision/baseSizePrecision/quoteAmountPrecision,1,False,0.45588235294117646,0.492436974789916,0.7168067226890756,51.720588235294116
mexc,BMNRONUSDT,BMNRON-USDT,BMNRON,USDT,True,1,True,19.37,56662.88,2922.64,19.35,22.39,19.41,0.7,30.95975232198076,13.587,0.01,0.0,0.0,1.0,0.0,0.0005,exchangeInfo.quotePrecision/baseSizePrecision/quoteAmountPrecision,1,False,0.45630252100840335,0.6033613445378152,0.5752100840336134,51.68487394957984
mexc,HARRYUSDT,HARRY-USDT,HARRY,USDT,True,1,True,0.01659,61855.31127,3797964.9,0.01656,3586.41,0.01666,1370.0,60.2046959662871,22.8242,1e-05,0.0,0.0,1.0,0.0,0.0005,exchangeInfo.quotePrecision/baseSizePrecision/quoteAmountPrecision,1,False,0.5794117647058824,0.26890756302521013,0.6542016806722689,51.67436974789916
mexc,ESEUSDT,ESE-USDT,ESE,USDT,True,1,True,0.005822,76982.612641,12813258.77,0.005817,617.0,0.005846,1628.56,49.72991511617853,3.589089,1e-06,0.0,0.0,1.0,0.0,0.0005,exchangeInfo.quotePrecision/baseSizePrecision/quoteAmountPrecision,1,False,0.6592436974789916,0.35462184873949576,0.32563025210084034,51.63655462184874
mexc,DKAUSDT,DKA-USDT,DKA,USDT,True,1,True,0.005505,59233.143005,10615176.5,0.005494,1257.9,0.005515,200000.0,38.15060405123115,6.9109026,1e-06,0.0,0.0,1.0,0.0,0.0005,exchangeInfo.quotePrecision/baseSizePrecision/quoteAmountPrecision,1,False,0.5411764705882353,0.5105042016806722,0.4542016806722689,51.61134453781513
mexc,EIGENUSDC,EIGEN-USDC,EIGEN,USDC,True,1,True,0.1509,57063.3251,375819.86,0.1504,1592.03,0.1513,1590.46,59.66191581040665,239.441312,0.0001,0.0,0.0,1.0,0.0,0.0,exchangeInfo.quotePrecision/baseSizePrecision/quoteAmountPrecision,1,False,0.4752100840336134,0.27226890756302524,0.923109243697479,51.405462184873954
mexc,UNPONUSDT,UNPON-USDT,UNPON,USDT,True,1,True,241.13,55166.4,228.539,241.04,1.374,241.85,0.426,33.548013005032296,103.0281,0.01,0.0,0.0,1.0,0.0,0.0005,exchangeInfo.quotePrecision/baseSizePrecision/quoteAmountPrecision,1,False,0.3600840336134454,0.5680672268907563,0.8676470588235294,51.359243697478995
mexc,XINUSDT,XIN-USDT,XIN,USDT,True,1,True,60.85,59447.67,976.299,60.85,0.292,61.15,3.36,49.180327868852,17.7682,0.01,0.0,0.0,1.0,0.0,0.0005,exchangeInfo.quotePrecision/baseSizePrecision/quoteAmountPrecision,1,False,0.5449579831932773,0.3609243697478992,0.6147058823529412,51.28991596638656
mexc,LRCXONUSDT,LRCXON-USDT,LRCXON,USDT,True,1,True,216.4,55346.9,255.479,216.26,1.173,217.09,0.647,38.30621899157782,140.45723,0.01,0.0,0.0,1.0,0.0,0.0005,exchangeInfo.quotePrecision/baseSizePrecision/quoteAmountPrecision,1,False,0.3764705882352941,0.5071428571428571,0.892436974789916,51.23319327731093
mexc,PIEVERSEUSDT,PIEVERSE-USDT,PIEVERSE,USDT,True,1,True,0.5319,60070.8047,113070.31,0.5314,112.08,0.5339,22.9,46.93513564254308,12.22631,0.0001,0.0,0.0,1.0,0.0,0.0005,exchangeInfo.quotePrecision/baseSizePrecision/quoteAmountPrecision,1,False,0.5529411764705883,0.38697478991596634,0.5571428571428572,51.22899159663865
mexc,ERGUSDT,ERG-USDT,ERG,USDT,True,1,True,0.2837,100043.0914,349246.83,0.2833,5.25,0.2849,176.38,56.318197817669486,1.487325,0.0001,0.0,0.0,1.0,0.0,0.0005,exchangeInfo.quotePrecision/baseSizePrecision/quoteAmountPrecision,1,False,0.7252100840336134,0.3012605042016807,0.1903361344537815,51.22478991596638
mexc,ISPUSDT,ISP-USDT,ISP,USDT,True,1,True,5.038e-05,56798.853802,1149154678.41,5.034e-05,632800.52,5.039e-05,40147.53,9.927529038021333,2.0230340367,1e-08,0.0001,0.0001,1.0,0.0,0.0005,exchangeInfo.quotePrecision/baseSizePrecision/quoteAmountPrecision,1,False,0.4634453781512605,0.8403361344537815,0.23319327731092437,51.16176470588236
mexc,MBXUSDT,MBX-USDT,MBX,USDT,True,1,True,0.03866,55381.33144,1442099.73,0.03864,988.43,0.03874,755.66,25.846471956576874,29.274268399999997,1e-05,0.1,0.1,1.0,0.0,0.0005,exchangeInfo.quotePrecision/baseSizePrecision/quoteAmountPrecision,1,False,0.37899159663865545,0.6563025210084034,0.6949579831932773,51.15126050420168
mexc,MATUSDT,MAT-USDT,MAT,USDT,True,1,True,0.03864,61864.4148,1639597.18,0.03857,60.68,0.0387,101.95,33.6482464086963,2.3404276,1e-05,0.0,0.0,1.0,0.0,0.0005,exchangeInfo.quotePrecision/baseSizePrecision/quoteAmountPrecision,1,False,0.5798319327731093,0.5651260504201681,0.2546218487394958,51.11134453781513
mexc,FTUSDT,FT-USDT,FT,USDT,True,1,True,0.094,57672.42861,611095.24,0.09372,284.3,0.09415,1933.2,45.77633469952626,26.644596,1e-05,0.0,0.0,1.0,0.0,0.0005,exchangeInfo.quotePrecision/baseSizePrecision/quoteAmountPrecision,1,False,0.5008403361344538,0.3978991596638656,0.6794117647058824,51.08193277310924
mexc,BROCCOLIF3BUSDT,BROCCOLIF3B-USDT,BROCCOLIF3B,USDT,True,1,True,0.003186,60033.139851,18722293.13,0.003165,30861.04,0.003195,65068.61,94.33962264150969,97.67519159999999,1e-06,0.0,0.0,1.0,0.0,0.0005,exchangeInfo.quotePrecision/baseSizePrecision/quoteAmountPrecision,1,False,0.5516806722689076,0.14117647058823535,0.8600840336134454,51.07352941176471
mexc,ASSUSDT,ASS-USDT,ASS,USDT,True,1,True,6.836e-10,99797.98615364837,153270475963010.0,6.829e-10,2045106174.0,6.866e-10,3165237808.0,54.034319094560026,1.3966030062246,1e-13,0.0001,0.0001,1.0,0.0,0.0005,exchangeInfo.quotePrecision/baseSizePrecision/quoteAmountPrecision,1,False,0.7222689075630252,0.32016806722689073,0.16470588235294117,51.02310924369748
mexc,HTMUSDT,HTM-USDT,HTM,USDT,True,1,True,0.01413,100200.59697,7083223.23,0.01409,91.11,0.01416,1482.14,49.557522123894245,1.2837399,1e-05,0.0,0.0,1.0,0.0,0.0005,exchangeInfo.quotePrecision/baseSizePrecision/quoteAmountPrecision,1,False,0.7264705882352941,0.3567226890756302,0.10504201680672269,50.97478991596639
mexc,ARUSDC,AR-USDC,AR,USDC,True,1,True,1.682,58136.994,34097.8,1.68,217.11,1.688,13.21,47.50593824228033,22.29848,0.001,0.0,0.0,1.0,0.0,0.0,exchangeInfo.quotePrecision/baseSizePrecision/quoteAmountPrecision,1,False,0.5172268907563026,0.37899159663865545,0.6521008403361345,50.964285714285715
mexc,XCNUSDT,XCN-USDT,XCN,USDT,True,1,True,0.0047341,68776.5038883,14476844.48,0.0047431,2083.12,0.0047732,66889.81,63.25988041570761,9.880446472,1e-07,0.001,0.001,1.0,0.0,0.0005,exchangeInfo.quotePrecision/baseSizePrecision/quoteAmountPrecision,1,False,0.623109243697479,0.2542016806722689,0.5168067226890757,50.96218487394959
mexc,PAYAIUSDT,PAYAI-USDT,PAYAI,USDT,True,1,True,0.002748,58514.44546,22138838.64,0.002743,2143.72,0.002753,3522.81,36.390101892283816,5.8802239599999995,1e-06,0.0,0.0,1.0,0.0,0.0005,exchangeInfo.quotePrecision/baseSizePrecision/quoteAmountPrecision,1,False,0.5256302521008404,0.534453781512605,0.426890756302521,50.80882352941176
mexc,BPUSDC,BP-USDC,BP,USDC,True,1,True,0.1478,59204.6396,390270.42,0.1471,1218.0,0.1482,449.39,74.50050795800811,66.599598,0.0001,0.0,0.0,1.0,0.0,0.0,exchangeInfo.quotePrecision/baseSizePrecision/quoteAmountPrecision,1,False,0.5407563025210084,0.19537815126050417,0.8088235294117647,50.80252100840337
mexc,FRTUSDT,FRT-USDT,FRT,USDT,True,1,True,55.86,57946.12,966.39,55.68,0.91,55.9,0.18,39.43359024914839,10.062,0.01,0.0,0.0,1.0,0.0,0.0005,exchangeInfo.quotePrecision/baseSizePrecision/quoteAmountPrecision,1,False,0.5105042016806722,0.4890756302521009,0.523109243697479,50.766806722689076
mexc,RNBWUSDT,RNBW-USDT,RNBW,USDT,True,1,True,0.01666,59147.23758,3557459.55,0.01661,972.0,0.01668,500.0,42.054671072394484,8.34,1e-05,0.0,0.0,1.0,0.0,0.0005,exchangeInfo.quotePrecision/baseSizePrecision/quoteAmountPrecision,1,False,0.5390756302521008,0.44957983193277307,0.49369747899159666,50.76260504201681
mexc,PUNDIXUSDT,PUNDIX-USDT,PUNDIX,USDT,True,1,True,0.1426,52504.8131,366952.27,0.1425,265.6,0.1426,843.44,7.015082427219694,37.848,0.0001,0.0,0.0,1.0,0.0,0.0005,exchangeInfo.quotePrecision/baseSizePrecision/quoteAmountPrecision,1,False,0.25252100840336134,0.8873949579831932,0.7327731092436974,50.72899159663865
mexc,TQQQONUSDT,TQQQON-USDT,TQQQON,USDT,True,1,True,43.02,55563.69,1291.4,42.93,8.26,43.1,2.12,39.52109729164285,91.37200000000001,0.01,0.0,0.0,1.0,0.0,0.0005,exchangeInfo.quotePrecision/baseSizePrecision/quoteAmountPrecision,1,False,0.3915966386554622,0.4873949579831933,0.8495798319327731,50.71428571428571
mexc,BABAONUSDT,BABAON-USDT,BABAON,USDT,True,1,True,121.36,57593.4,473.026,121.32,3.489,122.0,0.451,55.89347361499316,55.022,0.01,0.0,0.0,1.0,0.0,0.0005,exchangeInfo.quotePrecision/baseSizePrecision/quoteAmountPrecision,1,False,0.496218487394958,0.3050420168067227,0.7861344537815126,50.640756302521005
mexc,NKEONUSDT,NKEON-USDT,NKEON,USDT,True,1,True,44.28,56367.26,1270.91,44.08,10.55,44.33,8.76,56.55468838366701,388.33079999999995,0.01,0.0,0.0,1.0,0.0,0.0005,exchangeInfo.quotePrecision/baseSizePrecision/quoteAmountPrecision,1,False,0.43865546218487395,0.29915966386554627,0.9512605042016806,50.630252100840345
mexc,XTERUSDT,XTER-USDT,XTER,USDT,True,1,True,0.018,69482.8143,3846748.33,0.01787,1141.81,0.01805,2370.0,100.22271714922027,20.4041447,1e-05,0.0,0.0,1.0,0.0,0.0005,exchangeInfo.quotePrecision/baseSizePrecision/quoteAmountPrecision,1,False,0.6289915966386554,0.1310924369747899,0.6378151260504201,50.628151260504204
mexc,FFUSDC,FF-USDC,FF,USDC,True,1,True,0.0692,54223.61628,777499.62,0.06906,14891.9,0.06929,12244.4,33.249006143839246,848.414476,1e-05,0.0,0.0,1.0,0.0,0.0,exchangeInfo.quotePrecision/baseSizePrecision/quoteAmountPrecision,1,False,0.303781512605042,0.5747899159663865,0.9773109243697479,50.62394957983194
mexc,STABLEUSDC,STABLE-USDC,STABLE,USDC,True,1,True,0.027515,57217.05416,2027765.08,0.02745,640.82,0.027555,468.3,38.178347422961885,12.9040065,1e-06,0.0,0.0,1.0,0.0,0.0,exchangeInfo.quotePrecision/baseSizePrecision/quoteAmountPrecision,1,False,0.4823529411764706,0.5096638655462185,0.5672268907563025,50.615546218487395
mexc,PPLTONUSDT,PPLTON-USDT,PPLTON,USDT,True,1,True,181.22,56642.79,314.04,180.54,1.87,181.64,2.29,60.743276823678535,337.6098,0.01,0.0,0.0,1.0,0.0,0.0005,exchangeInfo.quotePrecision/baseSizePrecision/quoteAmountPrecision,1,False,0.4546218487394958,0.2668067226890757,0.946218487394958,50.59873949579833
mexc,LLYONUSDT,LLYON-USDT,LLYON,USDT,True,1,True,940.29,57248.35,61.038,935.1,0.323,940.95,0.121,62.36507555768794,113.85495,0.01,0.0,0.0,1.0,0.0,0.0005,exchangeInfo.quotePrecision/baseSizePrecision/quoteAmountPrecision,1,False,0.4831932773109244,0.2579831932773109,0.8781512605042017,50.588235294117645
mexc,ELFUSDT,ELF-USDT,ELF,USDT,False,1,True,0.07817,66924.80624,858897.93,0.07748,374.29,0.0784,1656.24,118.03951757762434,28.999989199999998,1e-05,1.0,1.0,1.0,0.0,0.0005,exchangeInfo.quotePrecision/baseSizePrecision/quoteAmountPrecision,1,False,0.6168067226890757,0.10966386554621854,0.6941176470588235,50.54831932773109
mexc,RENDERUSDC,RENDER-USDC,RENDER,USDC,True,1,True,1.923,58825.859,30878.25,1.919,4.37,1.927,215.45,41.6016640665627,8.38603,0.001,0.0,0.0,1.0,0.0,0.0,exchangeInfo.quotePrecision/baseSizePrecision/quoteAmountPrecision,1,False,0.5302521008403361,0.4558823529411765,0.4953781512605042,50.468487394958
mexc,LAUSDC,LA-USDC,LA,USDC,True,1,True,0.1769,56024.2948,306108.04,0.1759,561.22,0.1767,924.35,45.37719795802582,98.718598,0.0001,0.0,0.0,1.0,0.0,0.0,exchangeInfo.quotePrecision/baseSizePrecision/quoteAmountPrecision,1,False,0.42058823529411765,0.40252100840336136,0.8630252100840337,50.45588235294118
mexc,MEEUSDT,MEE-USDT,MEE,USDT,True,1,True,0.0005603,66871.9129712,116535760.15,0.0005543,52023.17,0.000559,33944.7,84.43366567861422,18.9750873,1e-07,0.0,0.0,1.0,0.0,0.0005,exchangeInfo.quotePrecision/baseSizePrecision/quoteAmountPrecision,1,False,0.6159663865546219,0.1626050420168067,0.623109243697479,50.40546218487395
mexc,ASTSONUSDT,ASTSON-USDT,ASTSON,USDT,True,1,True,91.79,57329.63,622.69,91.66,3.52,92.31,2.36,70.663695167691,217.8516,0.01,0.0,0.0,1.0,0.0,0.0005,exchangeInfo.quotePrecision/baseSizePrecision/quoteAmountPrecision,1,False,0.4857142857142857,0.2138655462184874,0.9172268907563025,50.40546218487395
mexc,ROBOUSDC,ROBO-USDC,ROBO,USDC,True,1,True,0.01844,55737.54694,2933794.52,0.0184,2732.8,0.01847,11748.48,37.97125033902936,50.28352,1e-05,0.0,0.0,1.0,0.0,0.0,exchangeInfo.quotePrecision/baseSizePrecision/quoteAmountPrecision,1,False,0.40210084033613447,0.5121848739495798,0.7735294117647059,50.39075630252101
mexc,SWEATUSDT,SWEAT-USDT,SWEAT,USDT,True,1,True,0.0003436,56971.2010599,165919892.59,0.0003434,5824.11,0.0003438,4719.32,11.64144353899912,1.622502216,1e-07,0.01,0.01,1.0,0.0,0.0005,exchangeInfo.quotePrecision/baseSizePrecision/quoteAmountPrecision,1,False,0.4718487394957983,0.8134453781512605,0.20504201680672268,50.38865546218487
mexc,GMEONUSDT,GMEON-USDT,GMEON,USDT,True,1,True,23.58,57766.31,2445.81,23.55,0.23,23.62,0.19,29.679881280474998,4.4878,0.01,0.0,0.0,1.0,0.0,0.0005,exchangeInfo.quotePrecision/baseSizePrecision/quoteAmountPrecision,1,False,0.5042016806722689,0.615546218487395,0.36134453781512604,50.346638655462186
mexc,LBTCUSDT,LBTC-USDT,LBTC,USDT,True,1,True,67181.03,55048.48,0.81999,67181.02,4.5e-05,67181.03,0.000372,0.0014885155436019787,3.0231459000000003,0.01,0.0,0.0,1.0,0.0,0.0005,exchangeInfo.quotePrecision/baseSizePrecision/quoteAmountPrecision,1,False,0.3542016806722689,0.9995798319327731,0.29285714285714287,50.32773109243698
mexc,MORIUSDT,MORI-USDT,MORI,USDT,True,1,True,0.005199,83444.957129,16555655.42,0.005182,940.59,0.005217,745.47,67.31416482354132,3.88911699,1e-06,0.0,0.0,1.0,0.0,0.0005,exchangeInfo.quotePrecision/baseSizePrecision/quoteAmountPrecision,1,False,0.6852941176470588,0.23151260504201676,0.33991596638655464,50.27731092436976
mexc,COSUSDT,COS-USDT,COS,USDT,True,1,True,0.0011701,57432.5635162,46559827.13,0.0011677,4169.38,0.0011707,3470.38,25.658569962367125,4.062773866,1e-07,0.0,0.0,1.0,0.0,0.0005,exchangeInfo.quotePrecision/baseSizePrecision/quoteAmountPrecision,1,False,0.48865546218487393,0.6588235294117647,0.346218487394958,50.27100840336135
mexc,COPUSDT,COP-USDT,COP,USDT,True,1,True,0.0002599,58839.3204891,230841806.27,0.0002587,528593.28,0.0002613,484814.25,100.00000000000033,126.681963525,1e-07,0.0,0.0,1.0,0.0,0.0005,exchangeInfo.quotePrecision/baseSizePrecision/quoteAmountPrecision,1,False,0.5315126050420168,0.13193277310924367,0.8857142857142857,50.24579831932774
mexc,MSTRONUSDT,MSTRON-USDT,MSTRON,USDT,True,1,True,119.9,69129.11,576.583,119.81,0.121,120.48,0.045,55.765949477714564,5.4216,0.01,0.0,0.0,1.0,0.0,0.0005,exchangeInfo.quotePrecision/baseSizePrecision/quoteAmountPrecision,1,False,0.626890756302521,0.3063025210084034,0.40252100840336136,50.18697478991597
mexc,HOUSEUSDT,HOUSE-USDT,HOUSE,USDT,True,1,True,0.0013222,57522.3408682,45020016.68,0.0013207,16319.93,0.0013237,2275.5,22.68945696566302,3.0120793499999996,1e-07,0.0,0.0,1.0,0.0,0.0005,exchangeInfo.quotePrecision/baseSizePrecision/quoteAmountPrecision,1,False,0.492436974789916,0.688655462184874,0.2920168067226891,50.140756302521005
mexc,TRUMPUSD1,TRUMP-USD1,TRUMP,USD1,True,1,True,2.803,58360.164,20546.82,2.798,2.52,2.809,248.13,39.23666845015203,7.05096,0.001,0.0,0.0,1.0,0.0001,0.0001,exchangeInfo.quotePrecision/baseSizePrecision/quoteAmountPrecision,1,False,0.5205882352941177,0.4920168067226891,0.46008403361344535,50.13445378151261
mexc,NAKAUSDC,NAKA-USDC,NAKA,USDC,True,1,True,0.0584,81503.9532,1397027.31,0.0582,246.9,0.0585,29.52,51.413881748072264,1.72692,0.0001,0.0,0.0,1.0,0.0,0.0,exchangeInfo.quotePrecision/baseSizePrecision/quoteAmountPrecision,1,False,0.6773109243697479,0.33907563025210086,0.21386554621848738,50.00630252100841
mexc,MAGICUSDC,MAGIC-USDC,MAGIC,USDC,True,1,True,0.05932,57120.68236,963709.5,0.05919,26897.44,0.0594,147.91,35.41613964077947,8.785854,1e-05,0.0,0.0,1.0,0.0,0.0,exchangeInfo.quotePrecision/baseSizePrecision/quoteAmountPrecision,1,False,0.4785714285714286,0.5445378151260505,0.5029411764705882,49.9936974789916
mexc,CHEEMSUSDT,CHEEMS-USDT,CHEEMS,USDT,True,1,True,4.005e-07,198370.2525086647,476447407295.0,3.978e-07,2765209.0,4.026e-07,1261703603.0,119.94002998500856,1.1000001402,1e-10,0.0,0.0,1.0,0.0,0.0005,exchangeInfo.quotePrecision/baseSizePrecision/quoteAmountPrecision,1,False,0.8403361344537815,0.1067226890756302,0.05378151260504202,49.96218487394958
mexc,ROVRUSDT,ROVR-USDT,ROVR,USDT,True,1,True,0.00305,75736.262007,24939290.34,0.003017,6629.09,0.003078,52296.27,200.1640689089413,19.99996453,1e-06,0.0,0.0,1.0,0.0,0.0005,exchangeInfo.quotePrecision/baseSizePrecision/quoteAmountPrecision,1,False,0.6546218487394958,0.049159663865546266,0.6340336134453781,49.913865546218496
mexc,SGBUSDT,SGB-USDT,SGB,USDT,True,1,True,0.0007902,63643.2649375,78741925.71,0.0007866,10000.0,0.000791,11175.65,55.7809330628803,7.8660000000000005,1e-07,0.0001,0.0001,1.0,0.0,0.0005,exchangeInfo.quotePrecision/baseSizePrecision/quoteAmountPrecision,1,False,0.5936974789915966,0.3058823529411765,0.48067226890756304,49.913865546218496
mexc,FWOGUSDT,FWOG-USDT,FWOG,USDT,True,1,True,0.004711,68715.415805,14107568.32,0.004705,1.13,0.004719,1941.94,29.71137521222437,0.005316649999999999,1e-06,0.0,0.0,1.0,0.0,0.0005,exchangeInfo.quotePrecision/baseSizePrecision/quoteAmountPrecision,1,False,0.6222689075630252,0.6147058823529412,0.014285714285714285,49.878151260504204
mexc,LMTSUSDT,LMTS-USDT,LMTS,USDT,True,1,True,0.11731,60035.53649,532935.62,0.1165,561.5,0.11753,453.36,88.02290304661703,53.2834008,1e-05,0.0,0.0,1.0,0.0,0.0005,exchangeInfo.quotePrecision/baseSizePrecision/quoteAmountPrecision,1,False,0.5521008403361345,0.1550420168067227,0.7810924369747899,49.86344537815127
mexc,PALUSDT,PAL-USDT,PAL,USDT,True,1,True,0.001321,60401.20407,45858314.11,0.001318,2664.55,0.001323,2497.57,37.864445285876656,3.30428511,1e-06,0.0,0.0,1.0,0.0,0.0005,exchangeInfo.quotePrecision/baseSizePrecision/quoteAmountPrecision,1,False,0.5592436974789916,0.515126050420168,0.30840336134453783,49.804621848739494
mexc,SAFE4USDT,SAFE4-USDT,SAFE4,USDT,True,1,True,1.493,148807.349,99071.01,1.482,80.0,1.516,1.35,226.817878585724,2.0466,0.001,0.0,0.0,1.0,0.0,0.0005,exchangeInfo.quotePrecision/baseSizePrecision/quoteAmountPrecision,1,False,0.7995798319327732,0.043697478991596594,0.23487394957983193,49.76680672268908
mexc,NSTUSDT,NST-USDT,NST,USDT,True,1,True,1.221,59296.585,47871.99,1.22,31.29,1.225,4.48,40.89979550102343,5.488000000000001,0.001,0.0,0.0,1.0,0.0,0.0005,exchangeInfo.quotePrecision/baseSizePrecision/quoteAmountPrecision,1,False,0.5424369747899159,0.4676470588235294,0.41008403361344536,49.726890756302524
mexc,AKEUSDT,AKE-USDT,AKE,USDT,True,1,True,0.000252,70753.7061703,289528703.47,0.0002513,10027.86,0.0002525,235172.0,47.63795156808373,2.520001218,1e-07,0.0,0.0,1.0,0.0,0.0005,exchangeInfo.quotePrecision/baseSizePrecision/quoteAmountPrecision,1,False,0.6365546218487395,0.376890756302521,0.2638655462184874,49.71008403361345
mexc,ANETONUSDT,ANETON-USDT,ANETON,USDT,True,1,True,125.91,56385.19,446.69,125.89,2.4,126.66,3.185,60.978024153632624,302.13599999999997,0.01,0.0,0.0,1.0,0.0,0.0005,exchangeInfo.quotePrecision/baseSizePrecision/quoteAmountPrecision,1,False,0.4407563025210084,0.2659663865546219,0.9407563025210084,49.705882352941174
mexc,PALLONUSDT,PALLON-USDT,PALLON,USDT,True,1,True,136.76,57853.02,424.811,136.26,1.884,136.79,0.052,38.8207288042484,7.113079999999999,0.01,0.0,0.0,1.0,0.0,0.0005,exchangeInfo.quotePrecision/baseSizePrecision/quoteAmountPrecision,1,False,0.5084033613445378,0.4995798319327731,0.46218487394957986,49.695378151260506
mexc,NIZAUSDT,NIZA-USDT,NIZA,USDT,True,1,True,0.03896,102350.2112,2650857.91,0.03853,129.76,0.03911,260.01,149.40752189592922,4.9996528,1e-05,0.0,0.0,1.0,0.0,0.0005,exchangeInfo.quotePrecision/baseSizePrecision/quoteAmountPrecision,1,False,0.7319327731092437,0.07689075630252096,0.37521008403361344,49.6827731092437
mexc,NBISONUSDT,NBISON-USDT,NBISON,USDT,True,1,True,108.37,57988.6,534.98,108.12,2.25,108.69,0.22,52.58060052580537,23.9118,0.01,0.0,0.0,1.0,0.0,0.0005,exchangeInfo.quotePrecision/baseSizePrecision/quoteAmountPrecision,1,False,0.5126050420168067,0.33067226890756307,0.6605042016806723,49.670168067226896
mexc,CONUSDT,CON-USDT,CON,USDT,True,1,True,115.4,56753.26,493.08,114.82,2.52,115.42,0.5,52.11952744961853,57.71,0.01,0.0,0.0,1.0,0.0,0.0005,exchangeInfo.quotePrecision/baseSizePrecision/quoteAmountPrecision,1,False,0.46092436974789913,0.3336134453781513,0.7928571428571428,49.54831932773109
mexc,GAME2USDT,GAME2-USDT,GAME2,USDT,True,1,True,0.001331,100051.309398,75392991.48,0.001328,1007.33,0.001336,1040.58,60.0600600600599,1.33773424,1e-06,0.0,0.0,1.0,0.0,0.0005,exchangeInfo.quotePrecision/baseSizePrecision/quoteAmountPrecision,1,False,0.7260504201680672,0.2697478991596639,0.13949579831932774,49.46638655462185
mexc,CETUSUSDC,CETUS-USDC,CETUS,USDC,True,1,True,0.01913,59053.37907,3064758.17,0.01906,1348.93,0.01918,2280.78,62.76150627614989,25.710605800000003,1e-05,0.0,0.0,1.0,0.0,0.0,exchangeInfo.quotePrecision/baseSizePrecision/quoteAmountPrecision,1,False,0.5352941176470588,0.2571428571428571,0.6752100840336135,49.37394957983193
mexc,PARTIUSDC,PARTI-USDC,PARTI,USDC,True,1,True,0.08582,55899.64465,661015.75,0.08573,9355.33,0.08616,1691.2,50.031997207516426,145.713792,1e-05,0.0,0.0,1.0,0.0,0.0,exchangeInfo.quotePrecision/baseSizePrecision/quoteAmountPrecision,1,False,0.4126050420168067,0.35042016806722687,0.8953781512605042,49.36134453781512
mexc,NODEUSDT,NODE-USDT,NODE,USDT,True,1,True,0.01247,56140.67891,4490152.64,0.01242,21431.01,0.01247,2223.91,40.176777822418394,27.7321577,1e-05,0.0,0.0,1.0,0.0,0.0005,exchangeInfo.quotePrecision/baseSizePrecision/quoteAmountPrecision,1,False,0.42857142857142855,0.480672268907563,0.6882352941176471,49.35294117647059
mexc,LUMIAUSDT,LUMIA-USDT,LUMIA,USDT,True,1,True,0.07476,60860.89505,830605.29,0.07437,851.51,0.07509,509.02,96.34684865515835,38.2223118,1e-05,0.0,0.0,1.0,0.0,0.0005,exchangeInfo.quotePrecision/baseSizePrecision/quoteAmountPrecision,1,False,0.5672268907563025,0.13697478991596634,0.7344537815126051,49.3109243697479
mexc,QORPOUSDT,QORPO-USDT,QORPO,USDT,True,1,True,0.001801,59099.760364,31969067.23,0.001797,16557.91,0.001804,2579.97,38.878089419606006,4.65426588,1e-06,0.0,0.0,1.0,0.0,0.0005,exchangeInfo.quotePrecision/baseSizePrecision/quoteAmountPrecision,1,False,0.5369747899159664,0.49873949579831933,0.3638655462184874,49.279411764705884
mexc,DEFIUSDT,DEFI-USDT,DEFI,USDT,True,1,True,0.000326,69125.882409,209952807.81,0.000325,57073.0,0.000328,37461.01,91.8836140888214,12.287211280000001,1e-06,0.0,0.0,1.0,0.0,0.0005,exchangeInfo.quotePrecision/baseSizePrecision/quoteAmountPrecision,1,False,0.6264705882352941,0.14621848739495802,0.557563025210084,49.26260504201681
mexc,CVXONUSDT,CVXON-USDT,CVXON,USDT,True,1,True,202.66,56071.04,277.145,201.67,1.487,202.82,1.274,56.86172711315511,258.39268,0.01,0.0,0.0,1.0,0.0,0.0005,exchangeInfo.quotePrecision/baseSizePrecision/quoteAmountPrecision,1,False,0.42436974789915966,0.29537815126050415,0.9260504201680673,49.24579831932774
mexc,SBTCUSDT,SBTC-USDT,SBTC,USDT,True,1,True,66869.95,19750.96,0.296633,66846.89,0.037249,66913.78,0.036592,10.001445118359443,2448.50903776,0.01,0.0,0.0,1.0,0.0,0.0005,exchangeInfo.quotePrecision/baseSizePrecision/quoteAmountPrecision,1,False,0.1550420168067227,0.8378151260504202,0.9882352941176471,49.23739495798319
mexc,MOMOUSDT,MOMO-USDT,MOMO,USDT,True,1,True,0.001368,60611.003042,43264557.38,0.001361,47000.0,0.00138,151155.81,138.63553447646785,63.967,1e-06,0.0,0.0,1.0,0.0,0.0005,exchangeInfo.quotePrecision/baseSizePrecision/quoteAmountPrecision,1,False,0.5626050420168067,0.0873949579831933,0.8046218487394958,49.220588235294116
mexc,HANDYUSDT,HANDY-USDT,HANDY,USDT,True,1,True,0.0011078,53004.4581092,46382344.88,0.0011078,7988.9,0.0011079,142213.23,0.9026492756244675,8.850103419999998,1e-07,0.001,0.001,1.0,0.0,0.0005,exchangeInfo.quotePrecision/baseSizePrecision/quoteAmountPrecision,1,False,0.2592436974789916,0.9949579831932773,0.5042016806722689,49.21638655462185
mexc,NIGHTUSDC,NIGHT-USDC,NIGHT,USDC,True,1,True,0.0441,63575.25998,1415280.55,0.044,36.28,0.04417,200.0,38.56186911648032,1.59632,1e-05,0.0,0.0,1.0,0.0,0.0,exchangeInfo.quotePrecision/baseSizePrecision/quoteAmountPrecision,1,False,0.5928571428571429,0.5029411764705882,0.20168067226890757,49.21428571428572
mexc,XLABUSDT,XLAB-USDT,XLAB,USDT,False,1,True,2.29e-07,59740.887259473,265304795124.63,2.29e-07,13819.0,2.294e-07,5491341.24,17.452006980802945,0.003164551,1e-10,0.0,0.0,1.0,0.0,0.0005,exchangeInfo.quotePrecision/baseSizePrecision/quoteAmountPrecision,1,False,0.5483193277310925,0.7504201680672269,0.012184873949579832,49.161764705882355
mexc,ARIUSDT,ARI-USDT,ARI,USDT,True,1,True,0.0006934,57146.7375329,76753429.93,0.0006926,2933.76,0.000694,4992.07,20.193278523004842,2.031922176,1e-07,0.0,0.0,1.0,0.0,0.0005,exchangeInfo.quotePrecision/baseSizePrecision/quoteAmountPrecision,1,False,0.48025210084033615,0.7222689075630252,0.23361344537815126,49.142857142857146
mexc,PAALUSDT,PAAL-USDT,PAAL,USDT,True,1,True,0.01309,71256.26229,5459934.36,0.01304,1945.3,0.01313,431.2,68.78104700038197,5.661656,1e-05,0.0,0.0,1.0,0.0,0.0005,exchangeInfo.quotePrecision/baseSizePrecision/quoteAmountPrecision,1,False,0.6386554621848739,0.22352941176470587,0.42016806722689076,49.117647058823536
mexc,114514USDT,114514-USDT,114514,USDT,True,1,True,0.0006844,70090.6686845,97634708.75,0.0006913,40238.04,0.0007169,41871.22,363.58471807981783,27.816557052000004,1e-07,0.0,0.0,1.0,0.0,0.0005,exchangeInfo.quotePrecision/baseSizePrecision/quoteAmountPrecision,1,False,0.6310924369747899,0.02436974789915969,0.688655462184874,49.09243697478992
mexc,ULTIMAUSDE,ULTIMA-USDE,ULTIMA,USDE,True,1,True,3203.98,56862.63,16.994,3192.32,0.0029,3204.1,0.007,36.83310351727918,9.257728,0.01,0.0,0.0,1.0,0.0,0.0,exchangeInfo.quotePrecision/baseSizePrecision/quoteAmountPrecision,1,False,0.4672268907563025,0.5273109243697479,0.5105042016806722,49.090336134453786
mexc,ROSEUSDC,ROSE-USDC,ROSE,USDC,True,1,True,0.00994,55988.52802,5600856.36,0.00993,83830.59,0.00998,11232.0,50.22601707684551,112.09535999999999,1e-05,0.0,0.0,1.0,0.0,0.0,exchangeInfo.quotePrecision/baseSizePrecision/quoteAmountPrecision,1,False,0.415546218487395,0.3483193277310924,0.8747899159663866,49.05882352941177
mexc,METUSDC,MET-USDC,MET,USDC,True,1,True,0.1279,56297.3053,428601.97,0.1277,1158.27,0.1283,391.17,46.874999999999176,50.187111,0.0001,0.0,0.0,1.0,0.0,0.0,exchangeInfo.quotePrecision/baseSizePrecision/quoteAmountPrecision,1,False,0.43445378151260505,0.388235294117647,0.7726890756302521,49.0546218487395
mexc,BMTUSDC,BMT-USDC,BMT,USDC,True,1,True,0.01452,56021.5792,3855706.94,0.01447,5537.28,0.01454,7745.28,48.25922095829067,80.1244416,1e-05,0.0,0.0,1.0,0.0,0.0,exchangeInfo.quotePrecision/baseSizePrecision/quoteAmountPrecision,1,False,0.4197478991596639,0.37058823529411766,0.8315126050420169,48.98109243697479
mexc,QUBICUSDC,QUBIC-USDC,QUBIC,USDC,True,1,True,9.192e-07,70345.4376868857,77500421003.0,9.162e-07,1309758.0,9.197e-07,60301009.0,38.128438368102245,1.2000002796,1e-10,0.0,0.0,1.0,0.0,0.0,exchangeInfo.quotePrecision/baseSizePrecision/quoteAmountPrecision,1,False,0.6340336134453781,0.5109243697478991,0.06386554621848739,48.92226890756302
mexc,FUTUONUSDT,FUTUON-USDT,FUTUON,USDT,True,1,True,139.95,54890.95,392.463,139.67,2.71,140.12,0.352,32.166982379643095,49.32224,0.01,0.0,0.0,1.0,0.0,0.0005,exchangeInfo.quotePrecision/baseSizePrecision/quoteAmountPrecision,1,False,0.34285714285714286,0.5890756302521009,0.7663865546218488,48.911764705882355
mexc,NEMONUSDT,NEMON-USDT,NEMON,USDT,True,1,True,114.04,55540.39,488.29,113.49,3.23,114.06,2.48,50.0988793671727,282.8688,0.01,0.0,0.0,1.0,0.0,0.0005,exchangeInfo.quotePrecision/baseSizePrecision/quoteAmountPrecision,1,False,0.3903361344537815,0.3495798319327731,0.9348739495798319,48.90546218487395
mexc,WSDMUSDT,WSDM-USDT,WSDM,USDT,True,1,True,0.0001603,117017.8181692,724331561.36,0.0001594,12766.62,0.0001615,73772.04,130.88189467123695,2.034999228,1e-07,0.0,0.0,1.0,0.0,0.0005,exchangeInfo.quotePrecision/baseSizePrecision/quoteAmountPrecision,1,False,0.7605042016806722,0.09411764705882353,0.23445378151260504,48.86974789915966
mexc,METAONUSDT,METAON-USDT,METAON,USDT,True,1,True,573.94,57277.74,100.083,570.43,0.475,573.94,0.091,61.34379614984847,52.22854,0.01,0.0,0.0,1.0,0.0,0.0005,exchangeInfo.quotePrecision/baseSizePrecision/quoteAmountPrecision,1,False,0.48445378151260504,0.2647058823529411,0.7789915966386555,48.84243697478992
mexc,NUMIUSDT,NUMI-USDT,NUMI,USDT,True,1,True,0.03534,71276.58061,1991860.44,0.03548,77.89,0.03567,235.67,53.408292340127254,2.7635372,1e-05,0.0,0.0,1.0,0.0,0.0005,exchangeInfo.quotePrecision/baseSizePrecision/quoteAmountPrecision,1,False,0.6394957983193277,0.32352941176470584,0.276890756302521,48.79831932773109
mexc,PONKEUSDT,PONKE-USDT,PONKE,USDT,True,1,True,0.02674,62722.0597,2354282.12,0.02671,49.15,0.0268,1021.66,33.63857222948974,1.3127965,1e-05,0.0,0.0,1.0,0.0,0.0005,exchangeInfo.quotePrecision/baseSizePrecision/quoteAmountPrecision,1,False,0.5852941176470589,0.565546218487395,0.12142857142857143,48.75840336134454
mexc,URANUSUSDT,URANUS-USDT,URANUS,USDT,True,1,True,0.009495,61205.857465,6944476.38,0.00947,2722.05,0.009509,312.87,41.098055745825214,2.97508083,1e-06,0.0,0.0,1.0,0.0,0.0005,exchangeInfo.quotePrecision/baseSizePrecision/quoteAmountPrecision,1,False,0.5710084033613445,0.46302521008403363,0.2886554621848739,48.75420168067227
mexc,DASHUSDC,DASH-USDC,DASH,USDC,True,1,True,29.88,54969.22,1821.536697,29.8,11.83008,29.91,2.448,36.84474962317851,73.21968,0.01,0.0,0.0,1.0,0.0,0.0,exchangeInfo.quotePrecision/baseSizePrecision/quoteAmountPrecision,1,False,0.3487394957983193,0.526890756302521,0.8197478991596638,48.747899159663866
mexc,ALUSDT,AL-USDT,AL,USDT,True,1,True,0.003096,67847.453694,21963519.98,0.003089,356.11,0.0031,9591.6,35.54693811601139,1.10002379,1e-06,0.0,0.0,1.0,0.0,0.0005,exchangeInfo.quotePrecision/baseSizePrecision/quoteAmountPrecision,1,False,0.619327731092437,0.5432773109243698,0.05420168067226891,48.72899159663866
mexc,FBUSDT,FB-USDT,FB,USDT,True,1,True,0.4151,59494.1707,141779.87,0.4142,7.93,0.4158,285.71,38.55421686746964,3.284606,0.0001,0.0,0.0,1.0,0.0,0.0005,exchangeInfo.quotePrecision/baseSizePrecision/quoteAmountPrecision,1,False,0.5453781512605042,0.5033613445378151,0.3067226890756303,48.714285714285715
mexc,TORNUSDT,TORN-USDT,TORN,USDT,True,1,True,7.731,64075.02,8190.803,7.705,1.087,7.75,0.813,58.23358136525387,6.30075,0.001,0.001,0.001,1.0,0.0,0.0005,exchangeInfo.quotePrecision/baseSizePrecision/quoteAmountPrecision,1,False,0.5966386554621849,0.28403361344537814,0.4394957983193277,48.705882352941174
mexc,XPLUSDC,XPL-USDC,XPL,USDC,True,1,True,0.10984,54436.7997,464856.06,0.10944,51700.09,0.10989,28497.95,41.03405826836329,3131.6397255,1e-05,0.0,0.0,1.0,0.0,0.0,exchangeInfo.quotePrecision/baseSizePrecision/quoteAmountPrecision,1,False,0.3130252100840336,0.4642857142857143,0.9915966386554622,48.655462184873954
mexc,ZKPUSDC,ZKP-USDC,ZKP,USDC,True,1,True,0.06777,59559.34313,878684.62,0.06744,124.35,0.06778,5593.04,50.28841887294882,8.386163999999999,1e-05,0.0,0.0,1.0,0.0,0.0,exchangeInfo.quotePrecision/baseSizePrecision/quoteAmountPrecision,1,False,0.5462184873949579,0.34789915966386553,0.4957983193277311,48.65546218487394
mexc,GIZAUSDT,GIZA-USDT,GIZA,USDT,True,1,True,0.01219,60445.58694,4862660.03,0.01216,273.01,0.01221,1022.13,41.034058268362486,3.3198016,1e-05,0.0,0.0,1.0,0.0,0.0005,exchangeInfo.quotePrecision/baseSizePrecision/quoteAmountPrecision,1,False,0.5605042016806723,0.46491596638655464,0.3092436974789916,48.635504201680675
mexc,NOCONUSDT,NOCON-USDT,NOCON,USDT,True,1,True,706.85,55667.59,79.006,703.49,0.455,707.17,0.333,52.17415961322998,235.48761,0.01,0.0,0.0,1.0,0.0,0.0005,exchangeInfo.quotePrecision/baseSizePrecision/quoteAmountPrecision,1,False,0.3978991596638655,0.3327731092436975,0.9214285714285714,48.63235294117647
mexc,ETHFIUSD1,ETHFI-USD1,ETHFI,USD1,True,1,True,0.4396,56000.4893,126648.57,0.4384,91.76,0.4403,971.48,43.24570388073319,40.227584,0.0001,0.0,0.0,1.0,0.0001,0.0001,exchangeInfo.quotePrecision/baseSizePrecision/quoteAmountPrecision,1,False,0.41680672268907565,0.43298319327731094,0.7426470588235294,48.601890756302524
mexc,TLFUSDT,TLF-USDT,TLF,USDT,True,1,True,0.009998,64290.163835,6437164.52,0.00999,11052.3,0.010028,133.21,37.965830752322745,1.3358298800000001,1e-06,0.0,0.0,1.0,0.0,0.0005,exchangeInfo.quotePrecision/baseSizePrecision/quoteAmountPrecision,1,False,0.6,0.5126050420168067,0.13865546218487396,48.58823529411765
mexc,AALONUSDT,AALON-USDT,AALON,USDT,True,1,True,10.84,56045.71,5178.69,10.8,21.25,10.85,4.8,46.18937644341703,52.08,0.01,0.0,0.0,1.0,0.0,0.0005,exchangeInfo.quotePrecision/baseSizePrecision/quoteAmountPrecision,1,False,0.42142857142857143,0.3932773109243698,0.7781512605042017,48.57352941176472
mexc,BONEUSDT,BONE-USDT,BONE,USDT,True,1,True,0.0509,77080.91565,1480029.89,0.05071,36.28,0.05099,590.79,55.0639134709936,1.8397588,1e-05,0.01,0.01,1.0,0.0,0.0005,exchangeInfo.quotePrecision/baseSizePrecision/quoteAmountPrecision,1,False,0.6609243697478991,0.3126050420168067,0.22016806722689075,48.569327731092436
mexc,HOODXUSDT,HOODX-USDT,HOODX,USDT,True,1,True,68.56,63608.26,925.55,68.35,0.08,68.73,0.59,55.44207761891008,5.468,0.01,0.0,0.0,1.0,0.0,0.0005,exchangeInfo.quotePrecision/baseSizePrecision/quoteAmountPrecision,1,False,0.5932773109243697,0.3100840336134454,0.4088235294117647,48.55882352941177
mexc,PNGUSDT,PNG-USDT,PNG,USDT,True,1,True,0.0273,56617.9554,2046965.05,0.02728,98.58,0.02733,85.06,18.31166453030633,2.3246898000000003,1e-05,0.01,0.01,1.0,0.0,0.0005,exchangeInfo.quotePrecision/baseSizePrecision/quoteAmountPrecision,1,False,0.4533613445378151,0.7420168067226891,0.2533613445378151,48.55252100840337
mexc,IBMONUSDT,IBMON-USDT,IBMON,USDT,True,1,True,249.92,55778.44,223.551,249.06,1.525,250.17,0.228,44.46848146145004,57.038759999999996,0.01,0.0,0.0,1.0,0.0,0.0005,exchangeInfo.quotePrecision/baseSizePrecision/quoteAmountPrecision,1,False,0.4050420168067227,0.4163865546218487,0.7911764705882353,48.51050420168067
mexc,NFTUSDT,NFT-USDT,NFT,USDT,True,1,True,3.32e-07,76777.337988147,234164598614.0,3.329e-07,3304296.0,3.343e-07,290700000.0,41.96642685851316,1.1000001384,1e-10,100.0,100.0,1.0,0.0,0.0005,exchangeInfo.quotePrecision/baseSizePrecision/quoteAmountPrecision,1,False,0.6571428571428571,0.4512605042016806,0.053361344537815124,48.49159663865546
mexc,ARKMUSDC,ARKM-USDC,ARKM,USDC,True,1,True,0.09582,55223.46235,572194.74,0.0959,702.99,0.09626,507.98,37.46877601998327,48.8981548,1e-05,0.0,0.0,1.0,0.0,0.0,exchangeInfo.quotePrecision/baseSizePrecision/quoteAmountPrecision,1,False,0.3668067226890756,0.5201680672268907,0.765126050420168,48.481092436974784
mexc,SXPUSDT,SXP-USDT,SXP,USDT,True,1,True,0.001684,91583.812342,52128582.97,0.001677,2086.87,0.001691,1730.97,83.13539192398994,2.92707027,1e-06,1.0,1.0,1.0,0.0,0.0005,exchangeInfo.quotePrecision/baseSizePrecision/quoteAmountPrecision,1,False,0.7016806722689075,0.16554621848739492,0.28739495798319326,48.47899159663866
mexc,BKSUSDT,BKS-USDT,BKS,USDT,True,1,True,0.0007234,94220.0523366,139315267.14,0.0007181,74701.56,0.0007275,5933.78,130.04980630879777,4.31682495,1e-07,0.0,0.0,1.0,0.0,0.0005,exchangeInfo.quotePrecision/baseSizePrecision/quoteAmountPrecision,1,False,0.7084033613445379,0.0949579831932773,0.3554621848739496,48.44537815126051
mexc,HUSDC,H-USDC,H,USDC,True,1,True,0.07934,55884.97239,668186.42,0.07914,936.96,0.07952,5212.86,47.90117231816355,74.15101440000001,1e-05,0.0,0.0,1.0,0.0,0.0,exchangeInfo.quotePrecision/baseSizePrecision/quoteAmountPrecision,1,False,0.41134453781512603,0.37436974789915967,0.8222689075630252,48.42857142857143
mexc,WUSDC,W-USDC,W,USDC,True,1,True,0.01322,56085.45007,4108555.79,0.01318,36302.54,0.01326,16560.66,60.514372163387655,219.59435159999998,1e-05,0.0,0.0,1.0,0.0,0.0,exchangeInfo.quotePrecision/baseSizePrecision/quoteAmountPrecision,1,False,0.42478991596638654,0.26806722689075635,0.9180672268907563,48.4264705882353
mexc,INIUSDT,INI-USDT,INI,USDT,True,1,True,0.10721,57092.3847,533469.61,0.1072,10317.28,0.10795,792.18,69.71880083662568,85.51583099999999,1e-05,0.0,0.0,1.0,0.0,0.0005,exchangeInfo.quotePrecision/baseSizePrecision/quoteAmountPrecision,1,False,0.4760504201680672,0.21764705882352942,0.8390756302521009,48.40546218487395
mexc,STATUSDT,STAT-USDT,STAT,USDT,True,1,True,0.02613,62781.01768,2416855.72,0.026,461.46,0.02619,458.27,72.81088331098013,11.997959999999999,1e-05,0.01,0.01,1.0,0.0,0.0005,exchangeInfo.quotePrecision/baseSizePrecision/quoteAmountPrecision,1,False,0.5857142857142857,0.20336134453781518,0.553781512605042,48.373949579831944
mexc,CKBUSDC,CKB-USDC,CKB,USDC,True,1,True,0.001465,55287.432831,38274518.03,0.001464,10245.9,0.001468,10217.98,27.285129604364805,14.999994639999999,1e-06,0.0,0.0,1.0,0.0,0.0,exchangeInfo.quotePrecision/baseSizePrecision/quoteAmountPrecision,1,False,0.373109243697479,0.642016806722689,0.5882352941176471,48.33613445378152
mexc,CPFCUSDT,CPFC-USDT,CPFC,USDT,True,1,True,0.03606,53965.9779,1497252.33,0.03602,2940.54,0.0361,1178.4,22.185246810869867,42.540240000000004,1e-05,0.01,0.01,1.0,0.0,0.0005,exchangeInfo.quotePrecision/baseSizePrecision/quoteAmountPrecision,1,False,0.28907563025210087,0.6966386554621848,0.7491596638655462,48.2983193277311
mexc,IJHONUSDT,IJHON-USDT,IJHON,USDT,True,1,True,68.64,57513.84,837.86,68.54,0.06,68.77,6.17,33.500837520936535,4.1124,0.01,0.0,0.0,1.0,0.0,0.0005,exchangeInfo.quotePrecision/baseSizePrecision/quoteAmountPrecision,1,False,0.49117647058823527,0.5701680672268907,0.3495798319327731,48.26050420168067
mexc,BUTTCOINUSDT,BUTTCOIN-USDT,BUTTCOIN,USDT,True,1,True,0.010163,60551.295342,5978965.0,0.009912,9910.8,0.010019,3298.01,107.37042797651844,33.042762190000005,1e-06,0.0,0.0,1.0,0.0,0.0005,exchangeInfo.quotePrecision/baseSizePrecision/quoteAmountPrecision,1,False,0.5617647058823529,0.12352941176470589,0.7121848739495799,48.22899159663866
mexc,ARWUSDT,ARW-USDT,ARW,USDT,True,1,True,0.16626,33089.67187,189786.89,0.16617,459.38,0.16634,1872.84,10.22525638326521,76.3351746,1e-05,0.0,0.0,1.0,0.0,0.0005,exchangeInfo.quotePrecision/baseSizePrecision/quoteAmountPrecision,1,False,0.19789915966386554,0.8336134453781513,0.8252100840336134,48.22899159663866
mexc,ROLLUSDT,ROLL-USDT,ROLL,USDT,True,1,True,0.07408,70808.14776,951864.89,0.07396,74.36,0.07451,376.39,74.08904155721814,5.4996656,1e-05,0.0,0.0,1.0,0.0,0.0005,exchangeInfo.quotePrecision/baseSizePrecision/quoteAmountPrecision,1,False,0.6369747899159663,0.19747899159663862,0.41134453781512603,48.19747899159664
mexc,DMTRUSDT,DMTR-USDT,DMTR,USDT,True,1,True,0.007263,59959.32554,8118954.43,0.007218,3955.64,0.007268,2474.49,69.03216899075048,17.98459332,1e-06,0.0,0.0,1.0,0.0,0.0005,exchangeInfo.quotePrecision/baseSizePrecision/quoteAmountPrecision,1,False,0.5504201680672269,0.2226890756302521,0.6159663865546219,48.15966386554623
mexc,YBUSDC,YB-USDC,YB,USDC,True,1,True,0.1285,57617.257,440119.22,0.1283,23.38,0.1287,7212.96,31.12840466926159,2.9996539999999996,0.0001,0.0,0.0,1.0,0.0,0.0,exchangeInfo.quotePrecision/baseSizePrecision/quoteAmountPrecision,1,False,0.4970588235294118,0.5995798319327731,0.28991596638655465,48.12605042016808
mexc,APTUSDC,APT-USDC,APT,USDC,True,1,True,0.8463,56901.1835,66242.18,0.8457,3576.63,0.8486,6.72,34.23242637077275,5.702592,0.0001,0.0,0.0,1.0,0.0,0.0,exchangeInfo.quotePrecision/baseSizePrecision/quoteAmountPrecision,1,False,0.4680672268907563,0.557563025210084,0.4218487394957983,48.11974789915967
mexc,GEMSUSDT,GEMS-USDT,GEMS,USDT,True,1,True,0.00708,81886.69916,11477028.48,0.00706,742.65,0.00714,9926.13,112.67605633802724,5.2431090000000005,1e-05,0.0,0.0,1.0,0.0,0.0005,exchangeInfo.quotePrecision/baseSizePrecision/quoteAmountPrecision,1,False,0.6794117647058824,0.11596638655462188,0.39201680672268907,48.10714285714286
mexc,IDEXUSDT,IDEX-USDT,IDEX,USDT,True,1,True,0.002277,61492.978797,25903753.4,0.00227,13161.66,0.00228,1301.44,43.95604395604407,2.9672832,1e-06,1.0,1.0,1.0,0.0,0.0005,exchangeInfo.quotePrecision/baseSizePrecision/quoteAmountPrecision,1,False,0.576890756302521,0.4239495798319328,0.28823529411764703,48.09243697478992
mexc,COMPUSDC,COMP-USDC,COMP,USDC,True,1,True,16.94,55598.47,3315.07,16.92,18.27,16.99,2.47,41.28575641403523,41.9653,0.01,0.0,0.0,1.0,0.0,0.0,exchangeInfo.quotePrecision/baseSizePrecision/quoteAmountPrecision,1,False,0.3941176470588235,0.45840336134453785,0.7466386554621849,48.069327731092436
mexc,GOATEDUSDT,GOATED-USDT,GOATED,USDT,True,1,True,0.02018,56433.72646,2805075.09,0.02013,408.21,0.0202,2584.15,34.71361269526438,8.2172673,1e-05,0.0,0.0,1.0,0.0,0.0005,exchangeInfo.quotePrecision/baseSizePrecision/quoteAmountPrecision,1,False,0.4432773109243697,0.5529411764705883,0.4928571428571429,48.0609243697479
mexc,COINONUSDT,COINON-USDT,COINON,USDT,True,1,True,171.31,54883.45,320.594,170.86,1.937,171.34,0.145,28.05376972530624,24.8443,0.01,0.0,0.0,1.0,0.0,0.0005,exchangeInfo.quotePrecision/baseSizePrecision/quoteAmountPrecision,1,False,0.34243697478991597,0.634453781512605,0.6680672268907563,48.05672268907563
mexc,FTUSDC,FT-USDC,FT,USDC,True,1,True,0.09375,61170.58224,648308.38,0.09357,227.44,0.0943,173.31,77.71331239686961,16.343132999999998,1e-05,0.0,0.0,1.0,0.0,0.0,exchangeInfo.quotePrecision/baseSizePrecision/quoteAmountPrecision,1,False,0.5701680672268907,0.1861344537815126,0.6021008403361344,48.0546218487395
mexc,VELODROMEUSDC,VELODROME-USDC,VELODROME,USDC,True,1,True,0.01391,55772.62317,3974554.67,0.01388,14241.98,0.01395,6879.23,50.30542579949739,95.9652585,1e-05,0.0,0.0,1.0,0.0,0.0,exchangeInfo.quotePrecision/baseSizePrecision/quoteAmountPrecision,1,False,0.4046218487394958,0.34747899159663864,0.8554621848739495,48.050420168067234
mexc,CGPTUSDC,CGPT-USDC,CGPT,USDC,True,1,True,0.01852,57589.66407,3099544.15,0.01848,4583.42,0.01857,769.1,48.582995951416905,14.282187,1e-05,0.0,0.0,1.0,0.0,0.0,exchangeInfo.quotePrecision/baseSizePrecision/quoteAmountPrecision,1,False,0.49495798319327733,0.3659663865546219,0.5806722689075631,47.985294117647065
mexc,RSCUSDT,RSC-USDT,RSC,USDT,True,1,True,0.0591,54449.05322,930644.64,0.05909,584.79,0.0591,55.47,1.692190540655396,3.278277,1e-05,0.0,0.0,1.0,0.0,0.0005,exchangeInfo.quotePrecision/baseSizePrecision/quoteAmountPrecision,1,False,0.3138655462184874,0.9798319327731092,0.3063025210084034,47.884453781512605
mexc,NVOONUSDT,NVOON-USDT,NVOON,USDT,True,1,True,36.69,54858.28,1494.29,36.65,12.09,36.77,1.02,32.688640697358906,37.5054,0.01,0.0,0.0,1.0,0.0,0.0005,exchangeInfo.quotePrecision/baseSizePrecision/quoteAmountPrecision,1,False,0.33949579831932775,0.5823529411764705,0.7323529411764705,47.8781512605042
mexc,WIFEUR,WIF-EUR,WIF,EUR,True,1,True,0.1578,73257.335,464796.57,0.1574,7.88,0.1581,8.12,44.374009508714956,1.240312,0.0001,0.0,0.0,1.0,0.0,0.0,exchangeInfo.quotePrecision/baseSizePrecision/quoteAmountPrecision,1,False,0.6474789915966387,0.41890756302521004,0.08571428571428572,47.7983193277311
mexc,XENUSDT,XEN-USDT,XEN,USDT,True,1,True,1.1238e-08,64530.7148333645,5709767506686.63,1.118e-08,330419183.33,1.124e-08,4676947299.99,53.52363960749349,3.6940864696294,1e-12,0.0001,0.0001,1.0,0.0,0.0005,exchangeInfo.quotePrecision/baseSizePrecision/quoteAmountPrecision,1,False,0.6021008403361344,0.32310924369747895,0.3302521008403361,47.79831932773109
mexc,BULLSUSDT,BULLS-USDT,BULLS,USDT,True,1,True,323.2,54685.58,169.848,322.45,0.154,323.43,0.11,30.346194339506354,35.5773,0.01,0.0,0.0,1.0,0.0,0.0005,exchangeInfo.quotePrecision/baseSizePrecision/quoteAmountPrecision,1,False,0.32899159663865546,0.6084033613445379,0.7243697478991596,47.79201680672269
mexc,WLDUSDC,WLD-USDC,WLD,USDC,True,1,True,0.2656,54009.5255,200500.34,0.2652,990.72,0.2662,3212.61,37.636432066240154,262.738944,0.0001,0.0,0.0,1.0,0.0,0.0,exchangeInfo.quotePrecision/baseSizePrecision/quoteAmountPrecision,1,False,0.2949579831932773,0.5193277310924369,0.9277310924369748,47.760504201680675
mexc,ARTYUSDT,ARTY-USDT,ARTY,USDT,True,1,True,0.06722,57668.31303,857813.92,0.06708,147.71,0.06739,1164.91,46.10693835056216,9.9083868,1e-05,0.0,0.0,1.0,0.0,0.0005,exchangeInfo.quotePrecision/baseSizePrecision/quoteAmountPrecision,1,False,0.5004201680672269,0.3941176470588236,0.5176470588235295,47.72899159663866
mexc,ZSWAPUSDT,ZSWAP-USDT,ZSWAP,USDT,True,1,True,0.001568,76986.88942,48231462.03,0.001558,10674.02,0.001583,5014.64,159.18497293855503,7.93817512,1e-06,0.0,0.0,1.0,0.0,0.0005,exchangeInfo.quotePrecision/baseSizePrecision/quoteAmountPrecision,1,False,0.6596638655462185,0.06890756302521006,0.48361344537815126,47.6764705882353
mexc,API3USDC,API3-USDC,API3,USDC,True,1,True,0.2682,55022.9532,204978.61,0.2678,298.8,0.2689,597.02,40.99124277995118,80.01864,0.0001,0.0,0.0,1.0,0.0,0.0,exchangeInfo.quotePrecision/baseSizePrecision/quoteAmountPrecision,1,False,0.35252100840336137,0.46680672268907564,0.8298319327731093,47.655462184873954
mexc,ASTRAIUSDT,ASTRAI-USDT,ASTRAI,USDT,True,1,True,0.6002,85532.2456,117751.13,0.6002,10.55,0.6172,14.96,279.2837194020045,6.33211,0.0001,0.0,0.0,1.0,0.0,0.0005,exchangeInfo.quotePrecision/baseSizePrecision/quoteAmountPrecision,1,False,0.6911764705882353,0.032773109243697474,0.4403361344537815,47.64075630252101
mexc,PENGUINUSDT,PENGUIN-USDT,PENGUIN,USDT,True,1,True,0.002768,65521.742931,25191603.74,0.002774,13632.65,0.002784,321.41,35.984166966534815,0.8948054400000001,1e-06,0.0,0.0,1.0,0.0,0.0005,exchangeInfo.quotePrecision/baseSizePrecision/quoteAmountPrecision,1,False,0.6084033613445378,0.5386554621848739,0.03529411764705882,47.63445378151261
mexc,PLUMEUSDC,PLUME-USDC,PLUME,USDC,True,1,True,0.009481,55241.471587,5722567.59,0.009464,9172.8,0.009506,140804.05,44.28044280442843,86.81137919999999,1e-06,0.0,0.0,1.0,0.0,0.0,exchangeInfo.quotePrecision/baseSizePrecision/quoteAmountPrecision,1,False,0.3689075630252101,0.4201680672268907,0.8407563025210084,47.609243697478995
mexc,TJRMUSDT,TJRM-USDT,TJRM,USDT,True,1,True,0.0004087,65630.0294803,157214280.72,0.0004075,35664.41,0.0004111,22842.51,87.95504519912126,9.390555861,1e-07,0.0,0.0,1.0,0.0,0.0005,exchangeInfo.quotePrecision/baseSizePrecision/quoteAmountPrecision,1,False,0.6088235294117647,0.15546218487394958,0.511344537815126,47.59873949579831
mexc,OXYONUSDT,OXYON-USDT,OXYON,USDT,True,1,True,62.94,56646.46,901.95,62.62,6.1,62.99,0.81,58.91250696600662,51.0219,0.01,0.0,0.0,1.0,0.0,0.0005,exchangeInfo.quotePrecision/baseSizePrecision/quoteAmountPrecision,1,False,0.4550420168067227,0.27899159663865547,0.7756302521008404,47.51470588235294
mexc,MOREUSDT,MORE-USDT,MORE,USDT,True,1,True,4.023e-05,55732.32164316,1376457427.37,4.02e-05,186229.08,4.031e-05,185972.64,27.325798037510186,7.486409016,1e-08,0.0,0.0,1.0,0.0,0.0005,exchangeInfo.quotePrecision/baseSizePrecision/quoteAmountPrecision,1,False,0.4016806722689076,0.6407563025210083,0.46974789915966386,47.5063025210084
mexc,IEMGONUSDT,IEMGON-USDT,IEMGON,USDT,True,1,True,70.56,55610.61,789.7,70.23,5.15,70.65,5.51,59.62521294718934,361.68450000000007,0.01,0.0,0.0,1.0,0.0,0.0005,exchangeInfo.quotePrecision/baseSizePrecision/quoteAmountPrecision,1,False,0.3949579831932773,0.273109243697479,0.9470588235294117,47.491596638655466
mexc,HVLOUSDT,HVLO-USDT,HVLO,USDT,True,1,True,7.993e-05,30483.0364043,374338247.53,7.993e-05,266862.61,7.995e-05,340472.32,2.501876407305879,21.3303284173,1e-08,0.0,0.0,1.0,0.0,0.0005,exchangeInfo.quotePrecision/baseSizePrecision/quoteAmountPrecision,1,False,0.18907563025210083,0.9676470588235294,0.6449579831932774,47.489495798319325
mexc,WENUSDT,WEN-USDT,WEN,USDT,True,1,True,4.458e-06,58678.042513942,13235190406.64,4.441e-06,7866287.42,4.48e-06,13300947.04,87.43414415424272,34.934182432220005,1e-09,0.0,0.0,1.0,0.0,0.0005,exchangeInfo.quotePrecision/baseSizePrecision/quoteAmountPrecision,1,False,0.5289915966386555,0.15714285714285714,0.7218487394957983,47.46008403361345
mexc,MOODENGETHUSDT,MOODENGETH-USDT,MOODENGETH,USDT,True,1,True,4.083e-06,57821.549443237,14150285850.37,4.072e-06,951698.4,4.087e-06,835160.46,36.769211913224304,3.41330080002,1e-09,0.0,0.0,1.0,0.0,0.0005,exchangeInfo.quotePrecision/baseSizePrecision/quoteAmountPrecision,1,False,0.5071428571428571,0.5289915966386555,0.3163865546218487,47.4453781512605
mexc,CRWVONUSDT,CRWVON-USDT,CRWVON,USDT,True,1,True,81.64,55580.78,681.12,81.41,4.16,81.83,1.28,51.45797598627808,104.7424,0.01,0.0,0.0,1.0,0.0,0.0005,exchangeInfo.quotePrecision/baseSizePrecision/quoteAmountPrecision,1,False,0.39243697478991596,0.3382352941176471,0.8697478991596639,47.43487394957984
mexc,CREPE1USDT,CREPE1-USDT,CREPE1,USDT,True,1,True,1.5311e-05,62831.944123594,4090932168.56,1.5256e-05,1757105.37,1.5521e-05,4564020.77,172.2065178542418,26.80639952472,1e-09,0.0,0.0,1.0,0.0,0.0005,exchangeInfo.quotePrecision/baseSizePrecision/quoteAmountPrecision,1,False,0.5869747899159664,0.060504201680672276,0.6802521008403362,47.40126050420169
mexc,UNFIUSDT,UNFI-USDT,UNFI,USDT,True,1,True,0.04831,57294.31183,1184909.9,0.04824,48.62,0.04838,422.0,28.979507348375336,2.3454287999999996,1e-05,0.001,0.001,1.0,0.0,0.0005,exchangeInfo.quotePrecision/baseSizePrecision/quoteAmountPrecision,1,False,0.48487394957983193,0.6243697478991597,0.25504201680672267,47.378151260504204
mexc,AGTUSDT,AGT-USDT,AGT,USDT,True,1,True,0.006108,84229.96819,13864479.5,0.006083,3589.54,0.006114,179.77,50.83217184553543,1.09911378,1e-06,0.0,0.0,1.0,0.0,0.0005,exchangeInfo.quotePrecision/baseSizePrecision/quoteAmountPrecision,1,False,0.6869747899159664,0.34327731092436975,0.05,47.365546218487395
mexc,CPNGONUSDT,CPNGON-USDT,CPNGON,USDT,True,1,True,18.94,53658.58,2845.36,18.89,15.35,18.96,22.92,36.98811096433304,289.9615,0.01,0.0,0.0,1.0,0.0,0.0005,exchangeInfo.quotePrecision/baseSizePrecision/quoteAmountPrecision,1,False,0.2819327731092437,0.5239495798319328,0.9365546218487395,47.33613445378152
mexc,KAIAUSDC,KAIA-USDC,KAIA,USDC,True,1,True,0.04898,55417.36962,1129046.11,0.0488,32974.85,0.0491,62586.94,61.28702757916133,1609.1726800000001,1e-05,1e-05,1e-05,1.0,0.0,0.0,exchangeInfo.quotePrecision/baseSizePrecision/quoteAmountPrecision,1,False,0.3819327731092437,0.265126050420168,0.9844537815126051,47.32352941176471
mexc,PBRONUSDT,PBRON-USDT,PBRON,USDT,True,1,True,20.91,57198.39,2734.92,20.9,0.07,20.95,0.08,23.894862604540364,1.463,0.01,0.0,0.0,1.0,0.0,0.0005,exchangeInfo.quotePrecision/baseSizePrecision/quoteAmountPrecision,1,False,0.4819327731092437,0.6785714285714286,0.1869747899159664,47.21008403361345
mexc,AMZNXUSDT,AMZNX-USDT,AMZNX,USDT,True,1,True,210.07,60789.37,290.055,208.69,0.054,210.2,0.075,72.0952994819638,11.26926,0.01,0.0,0.0,1.0,0.0,0.0005,exchangeInfo.quotePrecision/baseSizePrecision/quoteAmountPrecision,1,False,0.565546218487395,0.2067226890756303,0.545798319327731,47.1890756302521
mexc,PENDLEUSDC,PENDLE-USDC,PENDLE,USDC,True,1,True,1.062,54663.337,50482.62,1.057,1583.23,1.062,1163.84,47.19207173195013,1235.99808,0.001,0.0,0.0,1.0,0.0,0.0,exchangeInfo.quotePrecision/baseSizePrecision/quoteAmountPrecision,1,False,0.32605042016806723,0.38319327731092434,0.9815126050420168,47.14285714285714
mexc,YALAUSDT,YALA-USDT,YALA,USDT,True,1,True,0.0003818,54551.6316802,143965690.23,0.0003815,16139.27,0.0003819,22000.0,10.479434110558284,6.157131505000001,1e-07,0.0,0.0,1.0,0.0,0.0005,exchangeInfo.quotePrecision/baseSizePrecision/quoteAmountPrecision,1,False,0.3205882352941177,0.8310924369747898,0.43529411764705883,47.115546218487395
mexc,VRTONUSDT,VRTON-USDT,VRTON,USDT,True,1,True,261.38,53992.24,206.842,260.69,1.098,261.48,0.213,30.258344983435293,55.695240000000005,0.01,0.0,0.0,1.0,0.0,0.0005,exchangeInfo.quotePrecision/baseSizePrecision/quoteAmountPrecision,1,False,0.292436974789916,0.6096638655462185,0.7886554621848739,47.09873949579833
mexc,TSMONUSDT,TSMON-USDT,TSMON,USDT,True,1,True,337.38,55725.45,164.807,337.23,1.316,339.07,0.279,54.413721721128944,94.60053,0.01,0.0,0.0,1.0,0.0,0.0005,exchangeInfo.quotePrecision/baseSizePrecision/quoteAmountPrecision,1,False,0.4012605042016807,0.3172268907563025,0.8533613445378151,47.06722689075631
mexc,MASKUSDC,MASK-USDC,MASK,USDC,True,1,True,0.4507,56375.9871,125922.97,0.4496,76.8,0.4519,75.6,51.02606766500331,34.16364,0.0001,0.0,0.0,1.0,0.0,0.0,exchangeInfo.quotePrecision/baseSizePrecision/quoteAmountPrecision,1,False,0.4394957983193277,0.3420168067226891,0.7172268907563025,47.0672268907563
mexc,BIGTIMEUSDC,BIGTIME-USDC,BIGTIME,USDC,True,1,True,0.01215,54391.25781,4456372.71,0.01211,19487.36,0.01216,19754.24,41.20313143799047,235.9919296,1e-05,0.0,0.0,1.0,0.0,0.0,exchangeInfo.quotePrecision/baseSizePrecision/quoteAmountPrecision,1,False,0.31134453781512605,0.4600840336134454,0.9218487394957983,47.063025210084035
mexc,COPONUSDT,COPON-USDT,COPON,USDT,True,1,True,130.58,55740.05,427.283,130.12,2.997,130.86,0.827,56.70932638516431,108.22122,0.01,0.0,0.0,1.0,0.0,0.0005,exchangeInfo.quotePrecision/baseSizePrecision/quoteAmountPrecision,1,False,0.40252100840336136,0.2983193277310925,0.873109243697479,47.05882352941177
mexc,ESPORTSUSDT,ESPORTS-USDT,ESPORTS,USDT,True,1,True,0.36976,60108.28422,165710.05,0.36709,198.11,0.37052,59.44,93.00307750708336,22.0237088,1e-05,0.0,0.0,1.0,0.0,0.0005,exchangeInfo.quotePrecision/baseSizePrecision/quoteAmountPrecision,1,False,0.5533613445378152,0.1428571428571429,0.6504201680672269,47.014705882352956
mexc,TAKEUSDT,TAKE-USDT,TAKE,USDT,True,1,True,0.01748,62807.97377,3576971.76,0.01743,120.0,0.01751,33799.69,45.792787635947455,2.0916,1e-05,0.0,0.0,1.0,0.0,0.0005,exchangeInfo.quotePrecision/baseSizePrecision/quoteAmountPrecision,1,False,0.5865546218487395,0.3974789915966387,0.23991596638655463,46.99579831932774
mexc,KAITOUSDC,KAITO-USDC,KAITO,USDC,True,1,True,0.4141,54178.2893,126294.12,0.4133,323.52,0.4149,541.54,38.63801014247743,133.710816,0.0001,0.0,0.0,1.0,0.0,0.0,exchangeInfo.quotePrecision/baseSizePrecision/quoteAmountPrecision,1,False,0.3025210084033613,0.5012605042016807,0.8890756302521008,46.9516806722689
mexc,XYMUSDT,XYM-USDT,XYM,USDT,True,1,True,0.002699,63067.362343,22884322.81,0.002694,1444.47,0.002709,11733.38,55.52470849527975,3.8914021800000005,1e-06,0.001,0.001,1.0,0.0,0.0005,exchangeInfo.quotePrecision/baseSizePrecision/quoteAmountPrecision,1,False,0.5890756302521009,0.3096638655462185,0.3403361344537815,46.94747899159665
mexc,EWJONUSDT,EWJON-USDT,EWJON,USDT,True,1,True,84.86,56948.1,670.6,84.84,0.1,85.15,0.06,36.47273369021734,5.109,0.01,0.0,0.0,1.0,0.0,0.0005,exchangeInfo.quotePrecision/baseSizePrecision/quoteAmountPrecision,1,False,0.47058823529411764,0.5327731092436975,0.3865546218487395,46.932773109243705
mexc,ELUSDT,EL-USDT,EL,USDT,True,1,True,0.001831,106964.767505,58689430.55,0.001824,716.12,0.00184,3282.66,87.33624454148448,1.30620288,1e-06,0.001,0.001,1.0,0.0,0.0005,exchangeInfo.quotePrecision/baseSizePrecision/quoteAmountPrecision,1,False,0.7399159663865547,0.15756302521008403,0.11386554621848739,46.911764705882355
mexc,LINGOUSDC,LINGO-USDC,LINGO,USDC,True,1,True,0.007968,58598.158227,7306123.56,0.007954,2997.27,0.007997,1018.98,53.915115039811134,8.148783060000001,1e-06,0.0,0.0,1.0,0.0,0.0,exchangeInfo.quotePrecision/baseSizePrecision/quoteAmountPrecision,1,False,0.5281512605042017,0.3210084033613445,0.4903361344537815,46.880252100840345
mexc,QTUMUSDC,QTUM-USDC,QTUM,USDC,True,1,True,0.9639,59331.8736,63394.11,0.9624,190.4,0.9659,1.49,36.30140538297928,1.4391909999999999,0.0001,0.0,0.0,1.0,0.0,0.0,exchangeInfo.quotePrecision/baseSizePrecision/quoteAmountPrecision,1,False,0.5432773109243697,0.5357142857142857,0.18025210084033613,46.87815126050421
mexc,AMZNONUSDT,AMZNON-USDT,AMZNON,USDT,True,1,True,209.29,56209.18,268.435,209.1,0.07,209.97,1.864,41.520509700050326,14.637,0.01,0.0,0.0,1.0,0.0,0.0005,exchangeInfo.quotePrecision/baseSizePrecision/quoteAmountPrecision,1,False,0.43151260504201683,0.4563025210084034,0.5836134453781513,46.81302521008404
mexc,USDMUSDT,USDM-USDT,USDM,USDT,True,1,True,0.9825,99999.3924,101877.58,0.9778,1.29,0.985,5.09,73.36458121051542,1.261362,0.0001,0.0,0.0,1.0,0.0,0.0005,exchangeInfo.quotePrecision/baseSizePrecision/quoteAmountPrecision,1,False,0.7239495798319328,0.20126050420168062,0.0953781512605042,46.7563025210084
mexc,REDUSDC,RED-USDC,RED,USDC,True,1,True,0.1036,55202.1211,531426.2,0.1034,6710.06,0.104,15497.98,57.859209257472465,693.8202040000001,0.0001,0.0,0.0,1.0,0.0,0.0,exchangeInfo.quotePrecision/baseSizePrecision/quoteAmountPrecision,1,False,0.3638655462184874,0.2899159663865546,0.9726890756302521,46.71428571428571
mexc,GORKUSDT,GORK-USDT,GORK,USDT,True,1,True,0.001316,58846.3962386,43667485.32,0.0013113,2309.18,0.0013167,5992.8,41.09589041095907,3.0280277339999997,1e-07,0.0,0.0,1.0,0.0,0.0005,exchangeInfo.quotePrecision/baseSizePrecision/quoteAmountPrecision,1,False,0.5319327731092437,0.4634453781512605,0.29327731092436976,46.707983193277315
mexc,SUSDC,S-USDC,S,USDC,True,1,True,0.04203,55091.38139,1305459.67,0.04195,614.45,0.0421,2523.4,35.69303985722721,25.776177500000003,1e-05,0.0,0.0,1.0,0.0,0.0,exchangeInfo.quotePrecision/baseSizePrecision/quoteAmountPrecision,1,False,0.3563025210084034,0.5420168067226891,0.6756302521008404,46.65966386554623
mexc,IMXUSDC,IMX-USDC,IMX,USDC,True,1,True,0.1332,56317.4393,423797.97,0.1328,144.44,0.1334,948.03,45.07888805409387,19.181632,0.0001,0.0,0.0,1.0,0.0,0.0,exchangeInfo.quotePrecision/baseSizePrecision/quoteAmountPrecision,1,False,0.43487394957983194,0.40672268907563025,0.6252100840336134,46.59033613445378
mexc,AIOUSDT,AIO-USDT,AIO,USDT,True,1,True,0.07584,59936.09867,733942.57,0.0758,51.55,0.07614,42.35,44.75450835856168,3.224529,1e-05,0.0,0.0,1.0,0.0,0.0005,exchangeInfo.quotePrecision/baseSizePrecision/quoteAmountPrecision,1,False,0.5495798319327732,0.4117647058823529,0.3033613445378151,46.58823529411765
mexc,SLCUSDT,SLC-USDT,SLC,USDT,True,1,True,3.703e-05,57117.69530189,1484557134.77,3.697e-05,107707.92,3.708e-05,58170.79,29.709655638081635,2.1569728932,1e-08,0.0,0.0,1.0,0.0,0.0005,exchangeInfo.quotePrecision/baseSizePrecision/quoteAmountPrecision,1,False,0.4777310924369748,0.6151260504201681,0.246218487394958,46.57773109243698
mexc,CEREUSDT,CERE-USDT,CERE,USDT,True,1,True,0.0002143,56066.0514394,261448058.63,0.000214,12793.46,0.0002144,9970.03,18.674136321195597,2.137574432,1e-07,0.001,0.001,1.0,0.0,0.0005,exchangeInfo.quotePrecision/baseSizePrecision/quoteAmountPrecision,1,False,0.423109243697479,0.7365546218487395,0.24411764705882352,46.56722689075631
mexc,CAKEUSDC,CAKE-USDC,CAKE,USDC,True,1,True,1.343,54857.094,40969.98,1.339,1254.91,1.346,758.99,52.14152700186307,1021.60054,0.001,0.0,0.0,1.0,0.0,0.0,exchangeInfo.quotePrecision/baseSizePrecision/quoteAmountPrecision,1,False,0.33907563025210086,0.3331932773109244,0.9789915966386554,46.55882352941176
mexc,KLACONUSDT,KLACON-USDT,KLACON,USDT,True,1,True,1513.63,55472.59,36.7384,1504.61,0.1878,1513.89,0.1877,61.48749378830677,282.56575799999996,0.01,0.0,0.0,1.0,0.0,0.0005,exchangeInfo.quotePrecision/baseSizePrecision/quoteAmountPrecision,1,False,0.3865546218487395,0.26428571428571423,0.934453781512605,46.556722689075634
mexc,SNDKONUSDT,SNDKON-USDT,SNDKON,USDT,True,1,True,697.64,55377.57,79.25,697.52,0.398,700.23,0.034,38.7766052584516,23.807820000000003,0.01,0.0,0.0,1.0,0.0,0.0005,exchangeInfo.quotePrecision/baseSizePrecision/quoteAmountPrecision,1,False,0.37815126050420167,0.5,0.6596638655462185,46.491596638655466
mexc,HAIUSDT,HAI-USDT,HAI,USDT,True,1,True,0.00366,38757.731152,10581764.69,0.003656,17784.38,0.00366,9552.93,10.934937124111803,34.963723800000004,1e-06,0.0001,0.0001,1.0,0.0,0.0005,exchangeInfo.quotePrecision/baseSizePrecision/quoteAmountPrecision,1,False,0.20756302521008405,0.8243697478991596,0.7222689075630252,46.470588235294116
mexc,GLDONUSDT,GLDON-USDT,GLDON,USDT,True,1,True,427.7,56381.26,131.955,426.67,0.012,428.08,0.055,32.9921029540794,5.12004,0.01,0.0,0.0,1.0,0.0,0.0005,exchangeInfo.quotePrecision/baseSizePrecision/quoteAmountPrecision,1,False,0.4399159663865546,0.5789915966386554,0.38823529411764707,46.43487394957983
mexc,HINTUSDT,HINT-USDT,HINT,USDT,True,1,True,0.000829,61207.826465,74181998.35,0.000827,3464.09,0.000831,3609.84,48.25090470446307,2.86480243,1e-06,0.0,0.0,1.0,0.0,0.0005,exchangeInfo.quotePrecision/baseSizePrecision/quoteAmountPrecision,1,False,0.5714285714285714,0.37100840336134455,0.28319327731092436,46.36764705882353
mexc,KARRATUSDT,KARRAT-USDT,KARRAT,USDT,True,1,True,0.0042,64017.3823,15180545.17,0.0042,34662.56,0.0043,4546.72,235.2941176470594,19.550896,0.0001,0.0,0.0,1.0,0.0,0.0005,exchangeInfo.quotePrecision/baseSizePrecision/quoteAmountPrecision,1,False,0.596218487394958,0.04075630252100837,0.6277310924369748,46.365546218487395
mexc,AXPONUSDT,AXPON-USDT,AXPON,USDT,True,1,True,301.18,53968.52,178.905,301.01,1.042,302.24,0.926,40.77911313717424,279.87424000000004,0.01,0.0,0.0,1.0,0.0,0.0005,exchangeInfo.quotePrecision/baseSizePrecision/quoteAmountPrecision,1,False,0.28991596638655465,0.46974789915966386,0.9331932773109244,46.352941176470594
mexc,BADGERUSDT,BADGER-USDT,BADGER,USDT,True,1,True,0.3517,54164.4914,153744.04,0.3517,19.95,0.3518,8.11,2.8429282160622313,2.8530979999999997,0.0001,0.0001,0.0001,1.0,0.0,0.0005,exchangeInfo.quotePrecision/baseSizePrecision/quoteAmountPrecision,1,False,0.30210084033613444,0.9638655462184874,0.2819327731092437,46.35084033613446
mexc,LIGHTUSDC,LIGHT-USDC,LIGHT,USDC,True,1,True,0.1585,57893.8931,359463.51,0.1582,129.31,0.1593,724.23,69.29133858267653,20.456842,0.0001,0.0,0.0,1.0,0.0,0.0,exchangeInfo.quotePrecision/baseSizePrecision/quoteAmountPrecision,1,False,0.5096638655462185,0.22100840336134453,0.6386554621848739,46.32983193277311
mexc,TREEUSDT,TREE-USDT,TREE,USDT,True,1,True,0.05672,54697.79094,967206.22,0.05668,176.14,0.0568,1600.0,21.14910116320093,9.9836152,1e-05,0.0,0.0,1.0,0.0,0.0005,exchangeInfo.quotePrecision/baseSizePrecision/quoteAmountPrecision,1,False,0.330672268907563,0.7092436974789915,0.5189075630252101,46.29621848739496
mexc,HMNDUSDT,HMND-USDT,HMND,USDT,True,1,True,0.003016,50481.299708,17083080.53,0.003012,18206.03,0.003018,16017.06,19.900497512437575,48.33948708,1e-06,0.0,0.0,1.0,0.0,0.0005,exchangeInfo.quotePrecision/baseSizePrecision/quoteAmountPrecision,1,False,0.23403361344537815,0.7260504201680672,0.7634453781512605,46.29201680672269
mexc,KITEUSDC,KITE-USDC,KITE,USDC,True,1,True,0.14019,62653.81701,464295.07,0.13995,12350.14,0.14055,9.74,42.780748663102834,1.3689570000000002,1e-05,0.0,0.0,1.0,0.0,0.0,exchangeInfo.quotePrecision/baseSizePrecision/quoteAmountPrecision,1,False,0.5844537815126051,0.4399159663865546,0.15420168067226891,46.22689075630253
mexc,LUNRONUSDT,LUNRON-USDT,LUNRON,USDT,True,1,True,23.86,57796.18,2426.42,23.78,11.64,23.92,0.55,58.70020964360611,13.156000000000002,0.01,0.0,0.0,1.0,0.0,0.0005,exchangeInfo.quotePrecision/baseSizePrecision/quoteAmountPrecision,1,False,0.5054621848739496,0.27983193277310925,0.5705882352941176,46.207983193277315
mexc,HMSTRUSDC,HMSTR-USDC,HMSTR,USDC,True,1,True,0.000142,56086.15433,396986086.2,0.0001416,579089.28,0.0001423,200087.68,49.31313842902359,28.472476863999997,1e-07,0.0,0.0,1.0,0.0,0.0,exchangeInfo.quotePrecision/baseSizePrecision/quoteAmountPrecision,1,False,0.42521008403361343,0.35924369747899154,0.6920168067226891,46.207983193277315
mexc,MRVLONUSDT,MRVLON-USDT,MRVLON,USDT,True,1,True,106.42,59738.47,560.27,106.19,0.16,107.13,3.74,88.13050815675959,16.9904,0.01,0.0,0.0,1.0,0.0,0.0005,exchangeInfo.quotePrecision/baseSizePrecision/quoteAmountPrecision,1,False,0.5478991596638656,0.15420168067226891,0.6092436974789915,46.17436974789917
mexc,REGNONUSDT,REGNON-USDT,REGNON,USDT,True,1,True,757.94,56978.87,75.091,757.94,0.008,760.93,0.007,39.3713747720331,5.32651,0.01,0.0,0.0,1.0,0.0,0.0005,exchangeInfo.quotePrecision/baseSizePrecision/quoteAmountPrecision,1,False,0.4722689075630252,0.49033613445378155,0.39621848739495796,46.15756302521009
mexc,IAUONUSDT,IAUON-USDT,IAUON,USDT,True,1,True,87.17,57347.0,658.14,87.08,4.25,87.38,0.03,34.391837670525874,2.6214,0.01,0.0,0.0,1.0,0.0,0.0005,exchangeInfo.quotePrecision/baseSizePrecision/quoteAmountPrecision,1,False,0.4861344537815126,0.5571428571428572,0.26974789915966385,46.0609243697479
mexc,PIEUR,PI-EUR,PI,EUR,True,1,True,0.14884,54342.20227,367300.17,0.14838,250.0,0.14887,3505.39,32.96888141295142,37.095000000000006,1e-05,0.0,0.0,1.0,0.0,0.0,exchangeInfo.quotePrecision/baseSizePrecision/quoteAmountPrecision,1,False,0.30840336134453783,0.5794117647058823,0.730672268907563,46.0609243697479
mexc,WILDUSDT,WILD-USDT,WILD,USDT,True,1,True,0.01734,62834.46148,3493577.98,0.01725,500.38,0.01741,1706.66,92.32544720138313,8.631555,1e-05,1e-05,1e-05,1.0,0.0,0.0005,exchangeInfo.quotePrecision/baseSizePrecision/quoteAmountPrecision,1,False,0.5873949579831933,0.14495798319327735,0.5,45.93067226890757
mexc,DOLOUSDC,DOLO-USDC,DOLO,USDC,True,1,True,0.03338,54261.61558,1574368.97,0.03334,2876.29,0.03347,2451.9,38.91632989073437,82.065093,1e-05,0.0,0.0,1.0,0.0,0.0,exchangeInfo.quotePrecision/baseSizePrecision/quoteAmountPrecision,1,False,0.3054621848739496,0.49747899159663866,0.8340336134453782,45.91806722689076
mexc,ONDSONUSDT,ONDSON-USDT,ONDSON,USDT,True,1,True,9.469,55825.417,5876.43,9.464,41.8,9.534,25.37,73.69196757553456,241.87758000000002,0.001,0.0,0.0,1.0,0.0,0.0005,exchangeInfo.quotePrecision/baseSizePrecision/quoteAmountPrecision,1,False,0.40756302521008403,0.19999999999999996,0.9247899159663866,45.911764705882355
mexc,BLURUSDC,BLUR-USDC,BLUR,USDC,True,1,True,0.01986,54550.14503,2717741.14,0.0198,9531.65,0.01989,24156.99,45.35147392290239,188.72667,1e-05,0.0,0.0,1.0,0.0,0.0,exchangeInfo.quotePrecision/baseSizePrecision/quoteAmountPrecision,1,False,0.32016806722689073,0.40336134453781514,0.9100840336134454,45.89495798319327
mexc,SNAIUSDT,SNAI-USDT,SNAI,USDT,True,1,True,0.0012663,64922.6004701,47782674.46,0.001251,11990.4,0.0012678,7563.85,133.39685564554532,9.589449029999999,1e-07,0.0,0.0,1.0,0.0,0.0005,exchangeInfo.quotePrecision/baseSizePrecision/quoteAmountPrecision,1,False,0.6050420168067226,0.09285714285714286,0.5134453781512605,45.86764705882352
mexc,MENGOUSDT,MENGO-USDT,MENGO,USDT,True,1,True,0.04601,55196.52421,1190195.96,0.04597,604.04,0.04605,92.28,17.38752445120706,4.249494,1e-05,0.0,0.0,1.0,0.0,0.0005,exchangeInfo.quotePrecision/baseSizePrecision/quoteAmountPrecision,1,False,0.3630252100840336,0.7512605042016807,0.35336134453781515,45.815126050420176
mexc,CUSDC,C-USDC,C,USDC,True,1,True,0.0838,56371.69398,780513.55,0.08344,11561.86,0.08464,10006.95,142.7891480247509,846.9882480000001,1e-05,0.0,0.0,1.0,0.0,0.0,exchangeInfo.quotePrecision/baseSizePrecision/quoteAmountPrecision,1,False,0.43907563025210083,0.08445378151260508,0.976890756302521,45.79831932773109
mexc,GLQUSDT,GLQ-USDT,GLQ,USDT,True,1,True,0.004225,57105.208584,13792022.55,0.004219,1945.08,0.004233,557.02,33.12825366777123,2.35786566,1e-06,0.0001,0.0001,1.0,0.0,0.0005,exchangeInfo.quotePrecision/baseSizePrecision/quoteAmountPrecision,1,False,0.47689075630252103,0.576890756302521,0.25630252100840334,45.77731092436974
mexc,MXNAUSDT,MXNA-USDT,MXNA,USDT,True,1,True,0.003376,56817.330151,15966694.33,0.003372,142.45,0.003377,6697.37,14.817009927396048,0.4803414,1e-06,0.0,0.0,1.0,0.0,0.0005,exchangeInfo.quotePrecision/baseSizePrecision/quoteAmountPrecision,1,False,0.46554621848739497,0.7815126050420168,0.030672268907563024,45.7563025210084
mexc,MEYUSDT,MEY-USDT,MEY,USDT,True,1,True,0.08214,47735.63799,581632.78,0.08211,108.55,0.08215,184.78,4.870327529526161,8.9130405,1e-05,0.0,0.0,1.0,0.0,0.0005,exchangeInfo.quotePrecision/baseSizePrecision/quoteAmountPrecision,1,False,0.22647058823529412,0.9281512605042017,0.5046218487394958,45.752100840336134
mexc,AMGNONUSDT,AMGNON-USDT,AMGNON,USDT,True,1,True,350.27,56145.69,160.626,348.76,0.987,350.75,0.111,56.89697073665878,38.93325,0.01,0.0,0.0,1.0,0.0,0.0005,exchangeInfo.quotePrecision/baseSizePrecision/quoteAmountPrecision,1,False,0.42899159663865544,0.29495798319327726,0.7369747899159664,45.707983193277315
mexc,UUSDC,U-USDC,U,USDC,True,1,True,0.9997,53442.755,53452.2,0.9994,47197.72,0.9999,5.0,5.001750612715011,4.9995,0.0001,0.0,0.0,1.0,0.0,0.0,exchangeInfo.quotePrecision/baseSizePrecision/quoteAmountPrecision,1,False,0.2747899159663866,0.9239495798319328,0.37478991596638656,45.707983193277315
mexc,ADBEONUSDT,ADBEON-USDT,ADBEON,USDT,True,1,True,243.33,54978.12,226.255,242.56,1.457,243.59,0.196,42.37375295690635,47.74364,0.01,0.0,0.0,1.0,0.0,0.0005,exchangeInfo.quotePrecision/baseSizePrecision/quoteAmountPrecision,1,False,0.35042016806722687,0.44579831932773106,0.7617647058823529,45.653361344537814
mexc,SMXUSDT,SMX-USDT,SMX,USDT,True,1,True,0.001441,72345.315234,50240020.15,0.001431,3520.02,0.001449,298622.27,125.00000000000004,5.03714862,1e-06,0.0,0.0,1.0,0.0,0.0005,exchangeInfo.quotePrecision/baseSizePrecision/quoteAmountPrecision,1,False,0.6436974789915967,0.10210084033613442,0.3836134453781513,45.62815126050421
mexc,ETHFIUSDE,ETHFI-USDE,ETHFI,USDE,True,1,True,0.4394,55193.8918,124805.78,0.4386,91.76,0.4405,971.48,43.22602661813247,40.245936,0.0001,0.0,0.0,1.0,0.0,0.0,exchangeInfo.quotePrecision/baseSizePrecision/quoteAmountPrecision,1,False,0.36176470588235293,0.4336134453781513,0.7432773109243698,45.602941176470594
mexc,BEAMUSDT,BEAM-USDT,BEAM,USDT,True,1,True,0.02192,61483.09504,2969892.06,0.02188,111.41,0.02199,543.7,50.14816503305174,2.4376508,1e-05,0.001,0.001,1.0,0.0,0.0005,exchangeInfo.quotePrecision/baseSizePrecision/quoteAmountPrecision,1,False,0.5760504201680672,0.3487394957983193,0.2596638655462185,45.594537815126046
mexc,CLOREUSDT,CLORE-USDT,CLORE,USDT,True,1,True,0.002262,64179.071758,28650224.16,0.002253,72958.96,0.002274,3040.0,92.77667329357273,6.91296,1e-06,0.0,0.0,1.0,0.0,0.0005,exchangeInfo.quotePrecision/baseSizePrecision/quoteAmountPrecision,1,False,0.5978991596638655,0.14369747899159668,0.4546218487394958,45.56932773109244
mexc,SOUNONUSDT,SOUNON-USDT,SOUNON,USDT,True,1,True,6.75,53997.63,7995.16,6.74,53.83,6.77,57.68,44.41154700221963,362.8142,0.01,0.0,0.0,1.0,0.0,0.0005,exchangeInfo.quotePrecision/baseSizePrecision/quoteAmountPrecision,1,False,0.29327731092436976,0.41806722689075626,0.9474789915966386,45.53151260504202
mexc,MINDFAKUSDT,MINDFAK-USDT,MINDFAK,USDT,True,1,True,0.0003049,49608.8167218,162126471.38,0.0003049,26866.65,0.000305,20866.22,3.279226102639856,6.3641971,1e-07,0.0,0.0,1.0,0.0,0.0005,exchangeInfo.quotePrecision/baseSizePrecision/quoteAmountPrecision,1,False,0.22983193277310923,0.9571428571428572,0.44285714285714284,45.4264705882353
mexc,PIUSDC,PI-USDC,PI,USDC,True,1,True,0.1712,54584.6671,319939.89,0.1708,350.0,0.1715,14693.16,40.899795501022844,59.78,0.0001,0.0,0.0,1.0,0.0,0.0,exchangeInfo.quotePrecision/baseSizePrecision/quoteAmountPrecision,1,False,0.323109243697479,0.4680672268907563,0.7974789915966387,45.42226890756303
mexc,VIVIUSDT,VIVI-USDT,VIVI,USDT,True,1,True,0.001513,60938.499678,40220388.6,0.001508,2061.05,0.001516,2917.52,52.91005291005277,3.1080634000000003,1e-06,0.0,0.0,1.0,0.0,0.0005,exchangeInfo.quotePrecision/baseSizePrecision/quoteAmountPrecision,1,False,0.5684873949579832,0.32731092436974785,0.29705882352941176,45.390756302521005
mexc,SOMIUSDC,SOMI-USDC,SOMI,USDC,True,1,True,0.1559,55094.545,355501.74,0.1557,326.72,0.1564,1485.89,44.85741749439321,50.870304000000004,0.0001,0.0,0.0,1.0,0.0,0.0,exchangeInfo.quotePrecision/baseSizePrecision/quoteAmountPrecision,1,False,0.35672268907563026,0.41050420168067225,0.7752100840336135,45.38655462184874
mexc,AERGOUSDT,AERGO-USDT,AERGO,USDT,True,1,True,0.05298,58184.29126,1095841.85,0.05268,379.66,0.05312,2724.93,83.17580340264705,20.0004888,1e-05,0.001,0.001,1.0,0.0,0.0005,exchangeInfo.quotePrecision/baseSizePrecision/quoteAmountPrecision,1,False,0.5180672268907563,0.16512605042016804,0.6348739495798319,45.31932773109244
mexc,JAGERUSDT,JAGER-USDT,JAGER,USDT,True,1,True,2.091e-10,56200.5764989947,270889986636051.0,2.084e-10,862481634473.0,2.094e-10,83293338494.0,47.86979415988495,17.4416250806436,1e-13,0.0,0.0,1.0,0.0,0.0005,exchangeInfo.quotePrecision/baseSizePrecision/quoteAmountPrecision,1,False,0.43067226890756305,0.37478991596638656,0.6130252100840337,45.31722689075631
mexc,XAIUSDC,XAI-USDC,XAI,USDC,True,1,True,0.009066,54609.055291,6011724.61,0.009043,21173.34,0.009087,178523.67,48.53833425261875,191.47051362000002,1e-06,0.0,0.0,1.0,0.0,0.0,exchangeInfo.quotePrecision/baseSizePrecision/quoteAmountPrecision,1,False,0.32521008403361346,0.3684873949579832,0.9105042016806723,45.30882352941177
mexc,UNIONUSDT,UNION-USDT,UNION,USDT,True,1,True,0.0005563,58292.6500884,104084507.24,0.0005558,13584.79,0.000559,74427.12,57.40940078938066,7.550426282,1e-07,0.0,0.0,1.0,0.0,0.0005,exchangeInfo.quotePrecision/baseSizePrecision/quoteAmountPrecision,1,False,0.519327731092437,0.29201680672268904,0.47100840336134453,45.28361344537815
mexc,TCAPYUSDT,TCAPY-USDT,TCAPY,USDT,True,1,True,3.12e-06,62335.92181304,20024579287.93,3.07e-06,54638925.81,3.19e-06,6131132.54,383.38658146964895,19.5583128026,1e-08,0.0,0.0,1.0,0.0,0.0005,exchangeInfo.quotePrecision/baseSizePrecision/quoteAmountPrecision,1,False,0.5827731092436975,0.02268907563025213,0.6285714285714286,45.19117647058824
mexc,TLMUSDC,TLM-USDC,TLM,USDC,True,1,True,0.001607,54687.912059,33766057.54,0.001602,292647.04,0.001609,44640.0,43.600124571784875,71.82576,1e-06,0.0,0.0,1.0,0.0,0.0,exchangeInfo.quotePrecision/baseSizePrecision/quoteAmountPrecision,1,False,0.32941176470588235,0.4294117647058824,0.8168067226890756,45.189075630252105
mexc,TIPONUSDT,TIPON-USDT,TIPON,USDT,True,1,True,111.63,55125.05,492.89,111.52,2.54,112.18,2.34,59.00759946356825,262.5012,0.01,0.0,0.0,1.0,0.0,0.0005,exchangeInfo.quotePrecision/baseSizePrecision/quoteAmountPrecision,1,False,0.35798319327731093,0.2777310924369748,0.9273109243697479,45.17857142857144
mexc,MRKONUSDT,MRKON-USDT,MRKON,USDT,True,1,True,121.06,54902.92,453.68,120.71,3.21,121.4,2.68,56.99888480442872,325.35200000000003,0.01,0.0,0.0,1.0,0.0,0.0005,exchangeInfo.quotePrecision/baseSizePrecision/quoteAmountPrecision,1,False,0.34411764705882353,0.2941176470588235,0.9445378151260504,45.17016806722689
mexc,ENJUSDC,ENJ-USDC,ENJ,USDC,True,1,True,0.01994,53739.83062,2645703.5,0.01989,5790.27,0.01997,5922.56,40.140491721023686,115.16847030000002,1e-05,0.0,0.0,1.0,0.0,0.0,exchangeInfo.quotePrecision/baseSizePrecision/quoteAmountPrecision,1,False,0.2827731092436975,0.48109243697478987,0.8785714285714286,45.15126050420168
mexc,SWARMSUSDT,SWARMS-USDT,SWARMS,USDT,True,1,True,0.008639,87045.985244,9971321.26,0.008564,151.02,0.008629,6318.84,75.61216774268492,1.2933352800000002,1e-06,0.0,0.0,1.0,0.0,0.0005,exchangeInfo.quotePrecision/baseSizePrecision/quoteAmountPrecision,1,False,0.6936974789915966,0.19243697478991595,0.1092436974789916,45.14915966386555
mexc,IRCUSDT,IRC-USDT,IRC,USDT,True,1,True,0.0011297,64634.5296051,50054283.69,0.0011,18181.81,0.0011181,8523.35,163.20274108471074,9.529957634999999,1e-07,0.0,0.0,1.0,0.0,0.0005,exchangeInfo.quotePrecision/baseSizePrecision/quoteAmountPrecision,1,False,0.6029411764705882,0.06428571428571428,0.5117647058823529,45.00420168067227
mexc,HOLOUSDC,HOLO-USDC,HOLO,USDC,True,1,True,0.05314,55212.31763,1048354.51,0.05291,1951.62,0.05321,8983.42,56.5397663022996,103.2602142,1e-05,0.0,0.0,1.0,0.0,0.0,exchangeInfo.quotePrecision/baseSizePrecision/quoteAmountPrecision,1,False,0.3659663865546218,0.30000000000000004,0.8680672268907563,44.98949579831933
mexc,USDDUSDT,USDD-USDT,USDD,USDT,True,1,True,0.9982,8322.2648,8334.73,0.9982,424.15,0.9993,171.84,11.013767209011162,171.719712,0.0001,0.0,0.0,1.0,0.0,0.0005,exchangeInfo.quotePrecision/baseSizePrecision/quoteAmountPrecision,1,False,0.11470588235294117,0.823109243697479,0.9042016806722689,44.970588235294116
mexc,MNTUSDC,MNT-USDC,MNT,USDC,True,1,True,0.6743,54971.1239,81377.78,0.6728,56.43,0.6752,25.14,35.608308605342266,16.974528,0.0001,0.0,0.0,1.0,0.0,0.0,exchangeInfo.quotePrecision/baseSizePrecision/quoteAmountPrecision,1,False,0.3495798319327731,0.542436974789916,0.6088235294117647,44.964285714285715
mexc,SMCIONUSDT,SMCION-USDT,SMCION,USDT,True,1,True,22.89,55266.05,2398.97,22.87,0.24,22.93,1.83,26.20087336244486,5.4888,0.01,0.0,0.0,1.0,0.0,0.0005,exchangeInfo.quotePrecision/baseSizePrecision/quoteAmountPrecision,1,False,0.37100840336134455,0.653781512605042,0.41050420168067225,44.96008403361345
mexc,PANWONUSDT,PANWON-USDT,PANWON,USDT,True,1,True,161.84,55488.87,341.913,161.76,2.024,162.96,1.686,73.90983000739202,274.75056,0.01,0.0,0.0,1.0,0.0,0.0005,exchangeInfo.quotePrecision/baseSizePrecision/quoteAmountPrecision,1,False,0.3878151260504202,0.19957983193277307,0.9319327731092437,44.95798319327731
mexc,DEAIUSDT,DEAI-USDT,DEAI,USDT,True,1,True,0.002749,56606.872867,21225534.48,0.002743,1124.72,0.002752,998.83,32.75705186533173,2.7487801600000004,1e-06,0.0,0.0,1.0,0.0,0.0005,exchangeInfo.quotePrecision/baseSizePrecision/quoteAmountPrecision,1,False,0.45252100840336135,0.5815126050420167,0.27605042016806725,44.94747899159664
mexc,COOKUSDT,COOK-USDT,COOK,USDT,True,1,True,0.003083,56553.842245,18403285.86,0.003074,173069.94,0.003094,10043.44,64.85084306095996,31.07440336,1e-06,0.0,0.0,1.0,0.0,0.0005,exchangeInfo.quotePrecision/baseSizePrecision/quoteAmountPrecision,1,False,0.4495798319327731,0.24495798319327733,0.7046218487394958,44.94327731092437
mexc,VELVETUSDT,VELVET-USDT,VELVET,USDT,True,1,True,0.06791,58888.02219,852156.7,0.06782,51.5,0.06815,4363.0,48.54011914392836,3.4927300000000003,1e-05,0.0,0.0,1.0,0.0,0.0005,exchangeInfo.quotePrecision/baseSizePrecision/quoteAmountPrecision,1,False,0.5327731092436975,0.3680672268907563,0.32100840336134456,44.92436974789916
mexc,ZAMAUSDC,ZAMA-USDC,ZAMA,USDC,True,1,True,0.02349,53759.80253,2289453.71,0.02344,13929.6,0.02353,3344.0,38.32233340430054,78.68432,1e-05,0.0,0.0,1.0,0.0,0.0005,exchangeInfo.quotePrecision/baseSizePrecision/quoteAmountPrecision,1,False,0.28403361344537814,0.5063025210084033,0.8281512605042017,44.842436974789926
mexc,AAVEUSDC,AAVE-USDC,AAVE,USDC,True,1,True,94.38,26166.03,275.827,94.24,32.489,94.52,37.932,29.667302394575245,3061.7633599999995,0.01,1e-06,1e-06,1.0,0.0,0.0,exchangeInfo.quotePrecision/baseSizePrecision/quoteAmountPrecision,1,False,0.17436974789915966,0.6159663865546219,0.9911764705882353,44.813025210084035
mexc,CBKUSDT,CBK-USDT,CBK,USDT,True,1,True,0.2413,56328.3905,233294.53,0.2409,10.21,0.2416,83.54,29.01554404145103,2.4595890000000002,0.0001,0.0001,0.0001,1.0,0.0,0.0005,exchangeInfo.quotePrecision/baseSizePrecision/quoteAmountPrecision,1,False,0.4361344537815126,0.6226890756302521,0.2605042016806723,44.76470588235295
mexc,TREATUSDT,TREAT-USDT,TREAT,USDT,True,1,True,0.0001795,60733.4743204,338649447.93,0.0001764,13313.86,0.0001773,20874.76,50.89058524172999,2.3485649040000003,1e-07,0.0,0.0,1.0,0.0,0.0005,exchangeInfo.quotePrecision/baseSizePrecision/quoteAmountPrecision,1,False,0.5642857142857143,0.34243697478991597,0.25546218487394956,44.70588235294118
mexc,DOTUSDC,DOT-USDC,DOT,USDC,True,1,True,1.235,59399.331,47652.71,1.233,1.09,1.238,1411.24,40.46944556859485,1.34397,0.001,0.0,0.0,1.0,0.0,0.0,exchangeInfo.quotePrecision/baseSizePrecision/quoteAmountPrecision,1,False,0.5441176470588235,0.4756302521008403,0.14285714285714285,44.674369747899156
mexc,BIRBUSDT,BIRB-USDT,BIRB,USDT,True,1,True,0.1293,55902.4581,436255.05,0.1294,1505.76,0.1298,30.0,30.864197530865084,3.894,0.0001,0.0,0.0,1.0,0.0,0.0005,exchangeInfo.quotePrecision/baseSizePrecision/quoteAmountPrecision,1,False,0.4130252100840336,0.6054621848739496,0.3407563025210084,44.668067226890756
mexc,MAGATRUMPUSDT,MAGATRUMP-USDT,MAGATRUMP,USDT,True,1,True,0.03514,56527.66853,1623997.92,0.0351,115.11,0.03522,89.81,34.12969283276509,3.1631082000000004,1e-05,0.0,0.0,1.0,0.0,0.0005,exchangeInfo.quotePrecision/baseSizePrecision/quoteAmountPrecision,1,False,0.44873949579831934,0.5586134453781513,0.30084033613445377,44.662815126050425
mexc,MARAONUSDT,MARAON-USDT,MARAON,USDT,True,1,True,8.65,51199.34,5921.32,8.63,45.96,8.66,15.47,34.70213996529712,133.9702,0.01,0.0,0.0,1.0,0.0,0.0005,exchangeInfo.quotePrecision/baseSizePrecision/quoteAmountPrecision,1,False,0.23697478991596638,0.5533613445378152,0.8894957983193277,44.65756302521008
mexc,MORPHOUSDC,MORPHO-USDC,MORPHO,USDC,True,1,True,1.494,54601.563,36427.86,1.489,138.5,1.496,62.83,46.90117252931253,93.99368,0.001,0.0,0.0,1.0,0.0,0.0,exchangeInfo.quotePrecision/baseSizePrecision/quoteAmountPrecision,1,False,0.32478991596638657,0.38739495798319323,0.8529411764705882,44.60714285714286
mexc,MANEKIUSDT,MANEKI-USDT,MANEKI,USDT,True,1,True,0.0002585,56560.2381607,217795714.57,0.0002582,21301.31,0.000259,7949.55,30.935808197989925,2.05893345,1e-07,0.0,0.0,1.0,0.0,0.0005,exchangeInfo.quotePrecision/baseSizePrecision/quoteAmountPrecision,1,False,0.45,0.604201680672269,0.2361344537815126,44.577731092436984
mexc,BOBOUSDT,BOBO-USDT,BOBO,USDT,True,1,True,6.644e-08,3736.944163725351,56855076909.0,6.644e-08,3652169253.0,6.6447e-08,668224726.0,1.053526680562388,44.401528368522,1e-12,0.0,0.0,1.0,0.0,0.0005,exchangeInfo.quotePrecision/baseSizePrecision/quoteAmountPrecision,1,False,0.0861344537815126,0.9890756302521009,0.7546218487394958,44.556722689075634
mexc,SIGMAUSDT,SIGMA-USDT,SIGMA,USDT,True,1,True,0.04908,64196.24428,1293699.83,0.04887,155.68,0.04945,128.16,117.98209926769816,6.337512,1e-05,0.0,0.0,1.0,0.0,0.0005,exchangeInfo.quotePrecision/baseSizePrecision/quoteAmountPrecision,1,False,0.5991596638655462,0.11008403361344543,0.44159663865546217,44.537815126050425
mexc,STARHEROESUSDT,STARHEROES-USDT,STARHEROES,USDT,True,1,True,0.001444,55308.348659,38225668.17,0.001443,13626.03,0.001444,844.89,6.92760651194954,1.22002116,1e-06,0.001,0.001,1.0,0.0,0.0005,exchangeInfo.quotePrecision/baseSizePrecision/quoteAmountPrecision,1,False,0.37521008403361344,0.8903361344537815,0.0819327731092437,44.53361344537815
mexc,MOLTUSDT,MOLT-USDT,MOLT,USDT,True,1,True,1.702e-05,61295.05285604,3538979824.54,1.692e-05,325059.1,1.705e-05,322580.64,76.53812187224047,5.499999912000001,1e-08,0.0,0.0,1.0,0.0,0.0005,exchangeInfo.quotePrecision/baseSizePrecision/quoteAmountPrecision,1,False,0.573109243697479,0.18823529411764706,0.4151260504201681,44.529411764705884
mexc,LTCEUR,LTC-EUR,LTC,EUR,True,1,True,46.21,44984.71,981.8205,46.13,7.8058,46.29,5.7426,34.62454014282549,265.824954,0.01,0.0,0.0,1.0,0.0,0.0,exchangeInfo.quotePrecision/baseSizePrecision/quoteAmountPrecision,1,False,0.21890756302521008,0.5542016806722689,0.9289915966386555,44.47478991596639
mexc,FLDUSDT,FLD-USDT,FLD,USDT,True,1,True,2.8e-05,78203.629394,3511147695.94,2.9e-05,172413.79,3.2e-05,1253113.13,983.6065573770486,4.9999999100000005,1e-06,0.0,0.0,1.0,0.0,0.0005,exchangeInfo.quotePrecision/baseSizePrecision/quoteAmountPrecision,1,False,0.6663865546218487,0.008823529411764675,0.37899159663865545,44.451680672268914
mexc,MELIONUSDT,MELION-USDT,MELION,USDT,True,1,True,1711.14,55258.58,32.1618,1711.08,0.1327,1722.72,0.2279,67.7966101694921,227.060316,0.01,0.0,0.0,1.0,0.0,0.0005,exchangeInfo.quotePrecision/baseSizePrecision/quoteAmountPrecision,1,False,0.3701680672268908,0.22857142857142854,0.91890756302521,44.451680672268914
mexc,IPUSDC,IP-USDC,IP,USDC,True,1,True,0.499,55033.155,110547.51,0.498,57.17,0.5001,309.99,42.07995190862621,28.470660000000002,0.0001,0.0,0.0,1.0,0.0,0.0,exchangeInfo.quotePrecision/baseSizePrecision/quoteAmountPrecision,1,False,0.35294117647058826,0.4483193277310924,0.6915966386554622,44.451680672268914
mexc,DSTUSDT,DST-USDT,DST,USDT,True,1,True,0.79425,7852.69254,9888.23,0.79395,63.75,0.79437,62.17,5.2886068298576605,49.3859829,1e-05,0.0,0.0,1.0,0.0,0.0005,exchangeInfo.quotePrecision/baseSizePrecision/quoteAmountPrecision,1,False,0.11050420168067226,0.9205882352941177,0.7672268907563026,44.436974789915965
mexc,MOONEDUSDT,MOONED-USDT,MOONED,USDT,True,1,True,0.001336,36089.750593,26977872.96,0.001335,44644.73,0.001338,57500.92,22.446689113355514,59.600714550000006,1e-06,0.0,0.0,1.0,0.0,0.0005,exchangeInfo.quotePrecision/baseSizePrecision/quoteAmountPrecision,1,False,0.20294117647058824,0.6915966386554622,0.7970588235294118,44.392857142857146
mexc,ZROUSDC,ZRO-USDC,ZRO,USDC,True,1,True,1.876,54594.107,28793.79,1.872,321.54,1.879,13.61,37.32338043188427,25.57319,0.001,0.0,0.0,1.0,0.0,0.0,exchangeInfo.quotePrecision/baseSizePrecision/quoteAmountPrecision,1,False,0.3243697478991597,0.5218487394957982,0.6743697478991597,44.37394957983194
mexc,PRAIUSDT,PRAI-USDT,PRAI,USDT,True,1,True,0.001413,57511.009412,40624034.48,0.001409,2385.51,0.001415,2491.95,42.49291784702499,3.3611835900000004,1e-06,0.0,0.0,1.0,0.0,0.0005,exchangeInfo.quotePrecision/baseSizePrecision/quoteAmountPrecision,1,False,0.4907563025210084,0.4432773109243697,0.3134453781512605,44.34243697478992
mexc,GEONUSDT,GEON-USDT,GEON,USDT,True,1,True,283.48,54838.06,193.558,283.37,1.066,284.65,0.182,45.068835604379174,51.80629999999999,0.01,0.0,0.0,1.0,0.0,0.0005,exchangeInfo.quotePrecision/baseSizePrecision/quoteAmountPrecision,1,False,0.3378151260504202,0.40756302521008403,0.7773109243697479,44.315126050420176
mexc,BTCMTUSDT,BTCMT-USDT,BTCMT,USDT,True,1,True,0.6624,57743.8203,87286.44,0.6601,140.91,0.6649,20.65,72.45283018867964,13.730185,0.0001,0.0,0.0,1.0,0.0,0.0005,exchangeInfo.quotePrecision/baseSizePrecision/quoteAmountPrecision,1,False,0.5029411764705882,0.20378151260504207,0.5760504201680672,44.27731092436975
mexc,MCDXUSDT,MCDX-USDT,MCDX,USDT,True,1,True,308.62,58368.83,187.742,308.57,0.01,310.02,0.013,46.88080958308375,3.0857,0.01,0.0,0.0,1.0,0.0,0.0005,exchangeInfo.quotePrecision/baseSizePrecision/quoteAmountPrecision,1,False,0.5210084033613446,0.3878151260504201,0.2957983193277311,44.266806722689076
mexc,REDOUSDT,REDO-USDT,REDO,USDT,True,1,True,0.02584,53884.13062,2097049.93,0.02583,139.15,0.02585,1663.57,7.739938080496383,3.5942445,1e-05,0.0,0.0,1.0,0.0,0.0005,exchangeInfo.quotePrecision/baseSizePrecision/quoteAmountPrecision,1,False,0.28739495798319326,0.8752100840336134,0.32605042016806723,44.207983193277315
mexc,GHIBLIUSDT,GHIBLI-USDT,GHIBLI,USDT,True,1,True,0.0004137,57527.4116245,138015759.69,0.0004124,15525.08,0.0004146,40323.86,53.20435308343408,6.402542992,1e-07,0.0,0.0,1.0,0.0,0.0005,exchangeInfo.quotePrecision/baseSizePrecision/quoteAmountPrecision,1,False,0.49327731092436977,0.3247899159663865,0.4445378151260504,44.14075630252101
mexc,ARMONUSDT,ARMON-USDT,ARMON,USDT,True,1,True,148.46,57992.47,390.862,147.93,0.084,148.88,0.053,64.01401570027888,7.890639999999999,0.01,0.0,0.0,1.0,0.0,0.0005,exchangeInfo.quotePrecision/baseSizePrecision/quoteAmountPrecision,1,False,0.5130252100840336,0.2508403361344538,0.4819327731092437,44.12605042016807
mexc,MIRAUSDC,MIRA-USDC,MIRA,USDC,True,1,True,0.07576,54449.99772,723226.01,0.07565,2958.02,0.07604,2848.0,51.42066055771659,216.56192,1e-05,0.0,0.0,1.0,0.0,0.0,exchangeInfo.quotePrecision/baseSizePrecision/quoteAmountPrecision,1,False,0.3142857142857143,0.33865546218487397,0.9168067226890756,44.08823529411765
mexc,SNTUSDT,SNT-USDT,SNT,USDT,True,1,True,0.00964,55066.09066,5730021.19,0.00962,800.0,0.00965,800.0,31.136481577582263,7.696,1e-05,1.0,1.0,1.0,0.0,0.0005,exchangeInfo.quotePrecision/baseSizePrecision/quoteAmountPrecision,1,False,0.3558823529411765,0.5987394957983193,0.4760504201680672,44.06302521008404
mexc,SMTUSDT,SMT-USDT,SMT,USDT,True,1,True,0.0435,61670.0495,1462407.87,0.0433,86.67,0.0436,510.91,69.04487917146183,3.752811,0.0001,0.0,0.0,1.0,0.0,0.0005,exchangeInfo.quotePrecision/baseSizePrecision/quoteAmountPrecision,1,False,0.5781512605042017,0.2222689075630252,0.33277310924369746,44.010504201680675
mexc,ESPUSDC,ESP-USDC,ESP,USDC,True,1,True,0.07494,55227.01834,722856.32,0.07476,396.8,0.07503,128.0,36.050470658923345,9.60384,1e-05,0.0,0.0,1.0,0.0,0.0,exchangeInfo.quotePrecision/baseSizePrecision/quoteAmountPrecision,1,False,0.36722689075630255,0.538235294117647,0.5138655462184873,43.930672268907564
mexc,FLOKIUSDC,FLOKI-USDC,FLOKI,USDC,True,1,True,2.674e-05,53508.71689613,1989678440.0,2.671e-05,33963742.0,2.682e-05,3581203.0,41.09844946758851,96.04786446,1e-08,0.0,0.0,1.0,0.0,0.0,exchangeInfo.quotePrecision/baseSizePrecision/quoteAmountPrecision,1,False,0.276890756302521,0.46260504201680674,0.8563025210084033,43.920168067226896
mexc,SIGNUSDC,SIGN-USDC,SIGN,USDC,True,1,True,0.03599,54001.34581,1535859.68,0.03596,2016.0,0.03611,20584.34,41.62619675315784,72.49535999999999,1e-05,0.0,0.0,1.0,0.0,0.0,exchangeInfo.quotePrecision/baseSizePrecision/quoteAmountPrecision,1,False,0.29369747899159665,0.45462184873949585,0.8176470588235294,43.8718487394958
mexc,GUNUSDC,GUN-USDC,GUN,USDC,True,1,True,0.01535,55220.76278,3568218.63,0.01529,5479.04,0.01536,1786.69,45.67699836867903,27.4435584,1e-05,0.0,0.0,1.0,0.0,0.0,exchangeInfo.quotePrecision/baseSizePrecision/quoteAmountPrecision,1,False,0.3663865546218487,0.39915966386554624,0.6861344537815126,43.852941176470594
mexc,USADUSDT,USAD-USDT,USAD,USDT,True,1,True,1.0005,1912.1563,1911.79,1.0,82.42,1.0005,14948.05,4.998750312421344,82.42,0.0001,0.0,0.0,1.0,0.0,0.0005,exchangeInfo.quotePrecision/baseSizePrecision/quoteAmountPrecision,1,False,0.073109243697479,0.9243697478991597,0.8361344537815126,43.85294117647059
mexc,FUNTOKENUSDC,FUNTOKEN-USDC,FUNTOKEN,USDC,True,1,True,0.001404,55525.46832,39453826.53,0.001405,340666.88,0.001414,46132.48,63.852429939694176,65.23132672,1e-06,0.0,0.0,1.0,0.0,0.0,exchangeInfo.quotePrecision/baseSizePrecision/quoteAmountPrecision,1,False,0.3899159663865546,0.25126050420168067,0.8054621848739496,43.83613445378152
mexc,EDGEUSDC,EDGE-USDC,EDGE,USDC,True,1,True,1.1288,58407.0684,64054.53,1.1235,6.0,1.1309,80.16,65.6493967352739,6.741,0.0001,0.0,0.0,1.0,0.0,0.0,exchangeInfo.quotePrecision/baseSizePrecision/quoteAmountPrecision,1,False,0.5226890756302521,0.242436974789916,0.4512605042016807,43.834033613445385
mexc,JETTONUSDT,JETTON-USDT,JETTON,USDT,True,1,True,0.0353,57593.34166,1632842.06,0.03527,948.05,0.03575,2816.25,135.1731906505194,33.437723500000004,1e-05,0.0,0.0,1.0,0.0,0.0005,exchangeInfo.quotePrecision/baseSizePrecision/quoteAmountPrecision,1,False,0.4957983193277311,0.09075630252100841,0.7142857142857143,43.82352941176472
mexc,LMTONUSDT,LMTON-USDT,LMTON,USDT,True,1,True,631.75,54094.56,85.767,629.56,0.578,632.1,0.079,40.264413550403084,49.935900000000004,0.01,0.0,0.0,1.0,0.0,0.0005,exchangeInfo.quotePrecision/baseSizePrecision/quoteAmountPrecision,1,False,0.2987394957983193,0.4789915966386554,0.7697478991596639,43.800420168067234
mexc,BABYUSDC,BABY-USDC,BABY,USDC,True,1,True,0.0142,56000.36719,3901361.36,0.01416,1108.34,0.01423,6692.98,49.31313842902352,15.6940944,1e-05,0.0,0.0,1.0,0.0,0.0,exchangeInfo.quotePrecision/baseSizePrecision/quoteAmountPrecision,1,False,0.41596638655462187,0.35966386554621854,0.596218487394958,43.794117647058826
mexc,PYBOBOUSDT,PYBOBO-USDT,PYBOBO,USDT,True,1,True,0.0007705,54939.8695159,71253612.46,0.0007689,84724.97,0.0007725,54053.92,46.71078240560502,41.756653199999995,1e-07,0.0,0.0,1.0,0.0,0.0005,exchangeInfo.quotePrecision/baseSizePrecision/quoteAmountPrecision,1,False,0.34747899159663864,0.3890756302521008,0.746218487394958,43.76260504201681
mexc,PHNIXUSDT,PHNIX-USDT,PHNIX,USDT,True,1,True,1.2104e-05,59772.071369881,5042961249.48,1.2048e-05,682580.39,1.2158e-05,1841336.73,90.88655705196973,8.22372853872,1e-09,0.0,0.0,1.0,0.0,0.0005,exchangeInfo.quotePrecision/baseSizePrecision/quoteAmountPrecision,1,False,0.5487394957983194,0.14831932773109247,0.49327731092436977,43.75420168067228
mexc,BARDUSDC,BARD-USDC,BARD,USDC,True,1,True,0.2978,53282.6499,176776.9,0.2971,192.0,0.2982,527.42,36.95615655971932,57.0432,0.0001,0.0,0.0,1.0,0.0,0.0,exchangeInfo.quotePrecision/baseSizePrecision/quoteAmountPrecision,1,False,0.2684873949579832,0.5252100840336135,0.7915966386554621,43.72899159663866
mexc,QUSDT,Q-USDT,Q,USDT,True,1,True,0.008078,53392.60335,6603974.66,0.008074,882.4,0.008086,2482.0,14.851485148514676,7.1244976,1e-06,0.0,0.0,1.0,0.0,0.0005,exchangeInfo.quotePrecision/baseSizePrecision/quoteAmountPrecision,1,False,0.2722689075630252,0.7794117647058824,0.46302521008403363,43.72058823529412
mexc,SUNRISEUSDT,SUNRISE-USDT,SUNRISE,USDT,True,1,True,0.0015714,76783.6939621,48936040.58,0.0015544,2186.1,0.0015861,28777.89,201.87868173857638,3.39807384,1e-07,0.0,0.0,1.0,0.0,0.0005,exchangeInfo.quotePrecision/baseSizePrecision/quoteAmountPrecision,1,False,0.6579831932773109,0.04873949579831938,0.31554621848739495,43.71848739495799
mexc,STXUSDC,STX-USDC,STX,USDC,True,1,True,0.21364,52726.33706,246189.8,0.21305,6741.7,0.21383,331.2,36.544227886057115,70.82049599999999,1e-05,0.0,0.0,1.0,0.0,0.0,exchangeInfo.quotePrecision/baseSizePrecision/quoteAmountPrecision,1,False,0.25588235294117645,0.5319327731092437,0.8142857142857143,43.65756302521008
mexc,LADYSUSDT,LADYS-USDT,LADYS,USDT,True,1,True,1.0016e-08,55338.884007621,5784903537723.0,1.0004e-08,382573229.0,1.003e-08,364901390.0,25.95587501247849,3.6599609416999996,1e-12,0.0,0.0,1.0,0.0,0.0005,exchangeInfo.quotePrecision/baseSizePrecision/quoteAmountPrecision,1,False,0.3760504201680672,0.6550420168067227,0.32857142857142857,43.63025210084034
mexc,BAKEUSDT,BAKE-USDT,BAKE,USDT,True,1,True,0.0006499,56524.1712062,86969316.0,0.0006437,113382.02,0.0006517,139451.95,123.51397251814079,72.984006274,1e-07,0.001,0.001,1.0,0.0,0.0005,exchangeInfo.quotePrecision/baseSizePrecision/quoteAmountPrecision,1,False,0.44831932773109245,0.1029411764705882,0.8189075630252101,43.609243697478995
mexc,MAJORUSDT,MAJOR-USDT,MAJOR,USDT,True,1,True,0.0622,57644.5747,927007.37,0.06157,396.42,0.06228,1392.05,114.65482438433625,24.4075794,1e-05,0.0,0.0,1.0,0.0,0.0005,exchangeInfo.quotePrecision/baseSizePrecision/quoteAmountPrecision,1,False,0.49873949579831933,0.11428571428571432,0.6655462184873949,43.59873949579832
mexc,AMDONUSDT,AMDON-USDT,AMDON,USDT,True,1,True,216.91,55002.28,254.119,215.91,1.899,216.99,0.233,49.89604989605048,50.558670000000006,0.01,0.0,0.0,1.0,0.0,0.0005,exchangeInfo.quotePrecision/baseSizePrecision/quoteAmountPrecision,1,False,0.35084033613445376,0.3525210084033613,0.7743697478991597,43.596638655462186
mexc,DCUSDT,DC-USDT,DC,USDT,True,1,True,3.52e-06,57896.132668629,16136367671.36,3.512e-06,954371.29,3.529e-06,1154753.35,48.28859536997587,3.35175197048,1e-09,0.001,0.001,1.0,0.0,0.0005,exchangeInfo.quotePrecision/baseSizePrecision/quoteAmountPrecision,1,False,0.5100840336134453,0.3701680672268908,0.3126050420168067,43.5609243697479
mexc,MTVUSDT,MTV-USDT,MTV,USDT,True,1,True,0.0001809,44688.4109049,246923332.87,0.0001808,167622.42,0.0001811,109334.82,16.57916551533613,19.800535902000004,1e-07,0.001,0.001,1.0,0.0,0.0005,exchangeInfo.quotePrecision/baseSizePrecision/quoteAmountPrecision,1,False,0.2180672268907563,0.7588235294117647,0.6298319327731092,43.5609243697479
mexc,IEFAONUSDT,IEFAON-USDT,IEFAON,USDT,True,1,True,94.45,56010.54,594.98,93.75,4.54,94.58,0.87,88.14315297615869,82.2846,0.01,0.0,0.0,1.0,0.0,0.0005,exchangeInfo.quotePrecision/baseSizePrecision/quoteAmountPrecision,1,False,0.4180672268907563,0.15378151260504203,0.8352941176470589,43.54411764705883
mexc,MUBARAKUSDC,MUBARAK-USDC,MUBARAK,USDC,True,1,True,0.011073,53423.178965,4798473.73,0.011071,10986.88,0.011119,20129.79,43.26273095989289,121.63574847999999,1e-06,0.0,0.0,1.0,0.0,0.0,exchangeInfo.quotePrecision/baseSizePrecision/quoteAmountPrecision,1,False,0.2735294117647059,0.4323529411764706,0.8840336134453781,43.53361344537815
mexc,COQUSDT,COQ-USDT,COQ,USDT,True,1,True,9.691e-08,58074.62747885839,597245824505.1,9.575e-08,293258531.0,9.757e-08,410466276.39,188.28884750672592,28.079504343249997,1e-11,0.0,0.0,1.0,0.0,0.0005,exchangeInfo.quotePrecision/baseSizePrecision/quoteAmountPrecision,1,False,0.515126050420168,0.055042016806722716,0.6899159663865546,43.5063025210084
mexc,PEPONUSDT,PEPON-USDT,PEPON,USDT,True,1,True,159.12,54692.95,344.308,158.46,0.296,159.18,0.331,45.334340763128,46.90416,0.01,0.0,0.0,1.0,0.0,0.0005,exchangeInfo.quotePrecision/baseSizePrecision/quoteAmountPrecision,1,False,0.3302521008403361,0.403781512605042,0.7592436974789916,43.44327731092438
mexc,OZONEUSDT,OZONE-USDT,OZONE,USDT,True,1,True,2.654,39072.537,14812.28,2.647,24.51,2.654,20.36,26.410111299755204,54.035439999999994,0.001,0.0,0.0,1.0,0.0,0.0005,exchangeInfo.quotePrecision/baseSizePrecision/quoteAmountPrecision,1,False,0.20798319327731093,0.6508403361344538,0.7836134453781513,43.38235294117647
mexc,VOOIUSDT,VOOI-USDT,VOOI,USDT,True,1,True,0.007935,56331.340563,7013548.32,0.007921,1240.43,0.007935,83.21,17.6589303733604,0.6602713499999999,1e-06,0.0,0.0,1.0,0.0,0.0005,exchangeInfo.quotePrecision/baseSizePrecision/quoteAmountPrecision,1,False,0.4365546218487395,0.7483193277310924,0.03235294117647059,43.365546218487395
mexc,KITEAIUSDT,KITEAI-USDT,KITEAI,USDT,True,1,True,6.367e-08,8105.22589670488,127137828862.0,6.366e-08,2331755770.0,6.376e-08,6503141718.0,15.696123057603872,148.4395723182,1e-11,0.0,0.0,1.0,0.0,0.0005,exchangeInfo.quotePrecision/baseSizePrecision/quoteAmountPrecision,1,False,0.11260504201680673,0.7693277310924369,0.8966386554621849,43.359243697478995
mexc,KILOUSDT,KILO-USDT,KILO,USDT,True,1,True,0.006283,59522.214505,9462936.03,0.006255,1437.6,0.006307,1097.58,82.78936475083579,6.92243706,1e-06,0.0,0.0,1.0,0.0,0.0005,exchangeInfo.quotePrecision/baseSizePrecision/quoteAmountPrecision,1,False,0.545798319327731,0.16806722689075626,0.4550420168067227,43.32142857142857
mexc,STRMUSDT,STRM-USDT,STRM,USDT,True,1,True,0.0002941,100046.9093732,327690071.67,0.0002924,30331.01,0.0003012,4394.31,296.49595687331527,1.323566172,1e-07,0.01,0.01,1.0,0.0,0.0005,exchangeInfo.quotePrecision/baseSizePrecision/quoteAmountPrecision,1,False,0.7256302521008403,0.02983193277310925,0.13277310924369748,43.310924369747895
mexc,RBNTUSDT,RBNT-USDT,RBNT,USDT,True,1,True,0.00381,57732.578895,15221615.8,0.003799,19068.72,0.003823,1851.89,62.97559695617987,7.07977547,1e-06,0.0,0.0,1.0,0.0,0.0005,exchangeInfo.quotePrecision/baseSizePrecision/quoteAmountPrecision,1,False,0.5021008403361344,0.25672268907563023,0.4613445378151261,43.260504201680675
mexc,PEPECOINUSDT,PEPECOIN-USDT,PEPECOIN,USDT,True,1,True,0.08072,56466.35712,695335.1,0.08064,30.68,0.08093,750.76,35.89775329578494,2.4740352,1e-05,0.0,0.0,1.0,0.0,0.0005,exchangeInfo.quotePrecision/baseSizePrecision/quoteAmountPrecision,1,False,0.4457983193277311,0.5390756302521009,0.26134453781512607,43.22268907563026
mexc,COINXUSDT,COINX-USDT,COINX,USDT,True,1,True,171.97,57844.88,337.95,171.25,0.01,171.98,0.29,42.53707426506947,1.7125000000000001,0.01,0.0,0.0,1.0,0.0,0.0005,exchangeInfo.quotePrecision/baseSizePrecision/quoteAmountPrecision,1,False,0.507563025210084,0.44243697478991595,0.21218487394957983,43.22058823529412
mexc,YNEUSDT,YNE-USDT,YNE,USDT,True,1,True,0.0006799,55107.3183114,82603474.13,0.0006788,11329.93,0.0006811,63111.71,33.826016618869055,7.6907564840000004,1e-07,0.0,0.0,1.0,0.0,0.0005,exchangeInfo.quotePrecision/baseSizePrecision/quoteAmountPrecision,1,False,0.35756302521008404,0.5609243697478992,0.4756302521008403,43.201680672268914
mexc,SWELLUSDT,SWELL-USDT,SWELL,USDT,True,1,True,0.001202,54289.375785,46951817.06,0.0012,53889.96,0.001204,13326.07,33.277870216306965,16.04458828,1e-06,0.0,0.0,1.0,0.0,0.0005,exchangeInfo.quotePrecision/baseSizePrecision/quoteAmountPrecision,1,False,0.3063025210084034,0.5739495798319327,0.6,43.195378151260506
mexc,PEPUUSDT,PEPU-USDT,PEPU,USDT,True,1,True,0.0001196,53987.2119969,444040954.73,0.0001194,177642.0,0.0001198,797268.55,33.44481605351138,21.2104548,1e-07,0.0,0.0,1.0,0.0,0.0005,exchangeInfo.quotePrecision/baseSizePrecision/quoteAmountPrecision,1,False,0.2920168067226891,0.5705882352941176,0.6432773109243698,43.191176470588246
mexc,VONUSDT,VON-USDT,VON,USDT,True,1,True,303.63,56398.79,186.209,302.19,1.316,303.75,0.033,51.490246559065326,10.02375,0.01,0.0,0.0,1.0,0.0,0.0005,exchangeInfo.quotePrecision/baseSizePrecision/quoteAmountPrecision,1,False,0.4411764705882353,0.3378151260504202,0.5218487394957984,43.14705882352941
mexc,NXPCUSDC,NXPC-USDC,NXPC,USDC,True,1,True,0.2856,53678.8516,188488.26,0.2849,407.1,0.2862,555.78,45.52617755209327,115.98279,0.0001,0.0,0.0,1.0,0.0,0.0,exchangeInfo.quotePrecision/baseSizePrecision/quoteAmountPrecision,1,False,0.2823529411764706,0.4008403361344538,0.8794117647058823,43.13865546218488
mexc,UBERONUSDT,UBERON-USDT,UBERON,USDT,True,1,True,71.65,60160.67,843.27,71.43,0.07,71.96,0.72,73.92426250086993,5.000100000000001,0.01,0.0,0.0,1.0,0.0,0.0005,exchangeInfo.quotePrecision/baseSizePrecision/quoteAmountPrecision,1,False,0.5554621848739496,0.19915966386554618,0.3798319327731092,43.12605042016807
mexc,COCOUSDT,COCO-USDT,COCO,USDT,True,1,True,0.23861,51611.92342,217893.73,0.23835,73.3,0.23886,117.18,21.374237756961616,17.471055,1e-05,0.0,0.0,1.0,0.0,0.0005,exchangeInfo.quotePrecision/baseSizePrecision/quoteAmountPrecision,1,False,0.23949579831932774,0.7063025210084033,0.6134453781512605,43.09873949579832
mexc,POLUSDC,POL-USDC,POL,USDC,True,1,True,0.09222,54585.4714,589691.87,0.09214,130.3,0.09245,366.37,33.58795167668939,12.005842000000001,1e-05,0.0,0.0,1.0,0.0,0.0,exchangeInfo.quotePrecision/baseSizePrecision/quoteAmountPrecision,1,False,0.3235294117647059,0.5672268907563025,0.5546218487394958,43.0672268907563
mexc,SQTUSDT,SQT-USDT,SQT,USDT,True,1,True,0.0004963,58080.8921481,112321331.95,0.0004945,8654.6,0.000497,6409.27,50.428643469490794,3.1854071900000007,1e-07,0.0,0.0,1.0,0.0,0.0005,exchangeInfo.quotePrecision/baseSizePrecision/quoteAmountPrecision,1,False,0.5155462184873949,0.34663865546218486,0.30210084033613444,43.063025210084035
mexc,STXONUSDT,STXON-USDT,STXON,USDT,True,1,True,426.65,57029.89,133.47,426.25,0.029,429.12,0.029,67.10546313291336,12.36125,0.01,0.0,0.0,1.0,0.0,0.0005,exchangeInfo.quotePrecision/baseSizePrecision/quoteAmountPrecision,1,False,0.4726890756302521,0.23235294117647054,0.5617647058823529,43.042016806722685
mexc,SPACEMVCUSDT,SPACEMVC-USDT,SPACEMVC,USDT,True,1,True,0.05435,53175.59657,964006.1,0.05431,107.37,0.05438,332.0,12.880669794829444,5.8312647,1e-05,0.0,0.0,1.0,0.0,0.0005,exchangeInfo.quotePrecision/baseSizePrecision/quoteAmountPrecision,1,False,0.2642857142857143,0.7995798319327732,0.4256302521008403,43.037815126050425
mexc,CYPRUSDT,CYPR-USDT,CYPR,USDT,True,1,True,0.009567,54020.332083,5795519.93,0.00956,359.7,0.009571,2000.0,11.499660237309975,3.4387320000000003,1e-06,0.0,0.0,1.0,0.0,0.0005,exchangeInfo.quotePrecision/baseSizePrecision/quoteAmountPrecision,1,False,0.2957983193277311,0.8159663865546218,0.31848739495798317,43.03781512605042
mexc,LATUSDT,LAT-USDT,LAT,USDT,True,1,True,0.001317,57623.332189,44149243.96,0.001316,1017.41,0.001321,95456.49,37.921880925294,1.33891156,1e-06,0.001,0.001,1.0,0.0,0.0005,exchangeInfo.quotePrecision/baseSizePrecision/quoteAmountPrecision,1,False,0.49789915966386555,0.5134453781512605,0.1403361344537815,43.02731092436975
mexc,IMUUSDT,IMU-USDT,IMU,USDT,True,1,True,0.002927,80461.84218,31795560.99,0.002913,773.78,0.002999,6413.89,290.9336941813266,2.25402114,1e-06,0.0,0.0,1.0,0.0,0.0005,exchangeInfo.quotePrecision/baseSizePrecision/quoteAmountPrecision,1,False,0.6747899159663866,0.031092436974789917,0.25,42.89075630252101
mexc,KLKUSDT,KLK-USDT,KLK,USDT,True,1,True,0.3083,50016.5496,162022.91,0.3081,55.57,0.3086,38.4,16.21533971136697,11.85024,0.0001,0.0,0.0,1.0,0.0,0.0005,exchangeInfo.quotePrecision/baseSizePrecision/quoteAmountPrecision,1,False,0.2319327731092437,0.7634453781512605,0.5508403361344538,42.859243697478995
mexc,STOOSUSDT,STOOS-USDT,STOOS,USDT,True,1,True,1.6008,39733.6578,24819.88,1.6,98.77,1.602,7.9,12.49219237976266,12.655800000000001,0.0001,0.0,0.0,1.0,0.0,0.0005,exchangeInfo.quotePrecision/baseSizePrecision/quoteAmountPrecision,1,False,0.2088235294117647,0.8029411764705883,0.5638655462184874,42.83613445378152
mexc,BBUSDC,BB-USDC,BB,USDC,True,1,True,0.02332,58374.72295,2522886.12,0.02326,51.78,0.02335,89029.95,38.61832224844446,1.2044028,1e-05,0.0,0.0,1.0,0.0,0.0,exchangeInfo.quotePrecision/baseSizePrecision/quoteAmountPrecision,1,False,0.5218487394957984,0.5021008403361344,0.07605042016806722,42.775210084033624
mexc,ALMANAKUSDT,ALMANAK-USDT,ALMANAK,USDT,True,1,True,0.002206,56460.120623,25357889.47,0.002198,9068.23,0.002213,13697.97,68.01178871004424,19.931969539999997,1e-06,0.0,0.0,1.0,0.0,0.0005,exchangeInfo.quotePrecision/baseSizePrecision/quoteAmountPrecision,1,False,0.4441176470588235,0.22731092436974787,0.6315126050420168,42.739495798319325
mexc,BCEUSDT,BCE-USDT,BCE,USDT,True,1,True,0.175062,60855.111208,348015.83,0.174224,37.4,0.176338,140.23,120.60634067582939,6.515977599999999,1e-06,0.0,0.0,1.0,0.0,0.0005,exchangeInfo.quotePrecision/baseSizePrecision/quoteAmountPrecision,1,False,0.5668067226890756,0.10546218487394954,0.4457983193277311,42.726890756302524
mexc,COSTONUSDT,COSTON-USDT,COSTON,USDT,True,1,True,1015.31,55138.79,54.42,1011.07,0.031,1016.11,0.091,49.72424747679006,31.34317,0.01,0.0,0.0,1.0,0.0,0.0005,exchangeInfo.quotePrecision/baseSizePrecision/quoteAmountPrecision,1,False,0.3584033613445378,0.35504201680672265,0.7058823529411765,42.70588235294118
mexc,NCTUSDT,NCT-USDT,NCT,USDT,True,1,True,0.006094,54216.439615,8865951.0,0.006091,1315.13,0.006098,460.57,11.48576585445904,2.80855586,1e-06,0.001,0.001,1.0,0.0,0.0005,exchangeInfo.quotePrecision/baseSizePrecision/quoteAmountPrecision,1,False,0.3033613445378151,0.8168067226890756,0.27941176470588236,42.69327731092437
mexc,USUALUSDC,USUAL-USDC,USUAL,USDC,True,1,True,0.01265,56062.09319,4419030.1,0.01261,1303.94,0.01267,667.83,47.46835443038056,8.461406100000001,1e-05,0.0,0.0,1.0,0.0,0.0,exchangeInfo.quotePrecision/baseSizePrecision/quoteAmountPrecision,1,False,0.4222689075630252,0.380672268907563,0.496218487394958,42.66596638655462
mexc,BILIONUSDT,BILION-USDT,BILION,USDT,True,1,True,22.88,55436.56,2423.1,22.79,19.3,22.96,3.57,74.31693989071113,81.9672,0.01,0.0,0.0,1.0,0.0,0.0005,exchangeInfo.quotePrecision/baseSizePrecision/quoteAmountPrecision,1,False,0.3831932773109244,0.19621848739495795,0.8336134453781513,42.65336134453782
mexc,LOTUSDT,LOT-USDT,LOT,USDT,True,1,True,0.006875,63546.589776,9232064.61,0.006819,806.56,0.006926,2911.61,155.69297926518655,5.49993264,1e-06,0.0,0.0,1.0,0.0,0.0005,exchangeInfo.quotePrecision/baseSizePrecision/quoteAmountPrecision,1,False,0.592436974789916,0.0714285714285714,0.4117647058823529,42.60504201680672
mexc,ATOMUSDC,ATOM-USDC,ATOM,USDC,True,1,True,1.694,53112.944,31231.89,1.691,269.53,1.695,7.1,23.626698168930915,12.0345,0.001,0.01,0.01,1.0,0.0,0.0,exchangeInfo.quotePrecision/baseSizePrecision/quoteAmountPrecision,1,False,0.26260504201680673,0.6802521008403362,0.5554621848739496,42.55882352941177
mexc,THEUSDC,THE-USDC,THE,USDC,True,1,True,0.0964,54447.4745,579452.22,0.096,3176.83,0.0966,5980.81,62.30529595015611,304.97568,0.0001,0.0,0.0,1.0,0.0,0.0,exchangeInfo.quotePrecision/baseSizePrecision/quoteAmountPrecision,1,False,0.3134453781512605,0.2588235294117647,0.9411764705882353,42.53361344537815
mexc,TPTUUSDT,TPTU-USDT,TPTU,USDT,True,1,True,0.06872,50200.47181,729616.0,0.06866,725.89,0.06889,1454.75,33.442384587423916,49.8396074,1e-05,0.0,0.0,1.0,0.0,0.0005,exchangeInfo.quotePrecision/baseSizePrecision/quoteAmountPrecision,1,False,0.23319327731092437,0.5710084033613445,0.769327731092437,42.4873949579832
mexc,ACNONUSDT,ACNON-USDT,ACNON,USDT,True,1,True,203.15,56945.14,281.063,202.24,0.024,203.22,0.561,48.34015685887582,4.85376,0.01,0.0,0.0,1.0,0.0,0.0005,exchangeInfo.quotePrecision/baseSizePrecision/quoteAmountPrecision,1,False,0.47016806722689075,0.3689075630252101,0.3697478991596639,42.476890756302524
mexc,WMTONUSDT,WMTON-USDT,WMTON,USDT,True,1,True,125.12,57389.96,458.89,124.85,0.03,125.46,0.22,48.73956294195193,3.7455,0.01,0.0,0.0,1.0,0.0,0.0005,exchangeInfo.quotePrecision/baseSizePrecision/quoteAmountPrecision,1,False,0.4865546218487395,0.36260504201680677,0.3315126050420168,42.455882352941174
mexc,SCCOONUSDT,SCCOON-USDT,SCCOON,USDT,True,1,True,177.82,58450.99,330.33,176.74,0.03,177.94,0.27,67.66662907409432,5.3022,0.01,0.0,0.0,1.0,0.0,0.0005,exchangeInfo.quotePrecision/baseSizePrecision/quoteAmountPrecision,1,False,0.5239495798319328,0.2298319327731092,0.3945378151260504,42.45378151260505
mexc,ULTIMAEUR,ULTIMA-EUR,ULTIMA,EUR,True,1,True,2780.75,55710.15,19.2403,2770.76,0.0016,2780.95,0.0023,36.70941025377623,4.433216000000001,0.01,0.0,0.0,1.0,0.0,0.0,exchangeInfo.quotePrecision/baseSizePrecision/quoteAmountPrecision,1,False,0.4004201680672269,0.5298319327731092,0.3588235294117647,42.445378151260506
mexc,BACONUSDT,BACON-USDT,BACON,USDT,True,1,True,49.53,57978.64,1169.56,49.42,0.11,49.74,0.11,64.54215409439296,5.4362,0.01,0.0,0.0,1.0,0.0,0.0005,exchangeInfo.quotePrecision/baseSizePrecision/quoteAmountPrecision,1,False,0.5121848739495798,0.24747899159663866,0.4042016806722689,42.44117647058824
mexc,FLQLONUSDT,FLQLON-USDT,FLQLON,USDT,True,1,True,68.36,56600.43,827.89,68.18,5.37,68.59,0.16,59.95466842143695,10.974400000000001,0.01,0.0,0.0,1.0,0.0,0.0005,exchangeInfo.quotePrecision/baseSizePrecision/quoteAmountPrecision,1,False,0.4512605042016807,0.2705882352941177,0.5428571428571428,42.44117647058824
mexc,SCCPUSDT,SCCP-USDT,SCCP,USDT,True,1,True,0.03342,54368.25542,1627161.39,0.03337,647.43,0.0335,632.76,38.88141169433382,21.19746,1e-05,0.0,0.0,1.0,0.0,0.0005,exchangeInfo.quotePrecision/baseSizePrecision/quoteAmountPrecision,1,False,0.3105042016806723,0.49831932773109244,0.6428571428571429,42.392857142857146
mexc,BANANAS31USDC,BANANAS31-USDC,BANANAS31,USDC,True,1,True,0.012704,54365.998783,4247311.39,0.01267,1738.88,0.01272,8625.92,39.385584875935166,22.031609600000003,1e-06,0.0,0.0,1.0,0.0,0.0,exchangeInfo.quotePrecision/baseSizePrecision/quoteAmountPrecision,1,False,0.3100840336134454,0.48991596638655466,0.6508403361344538,42.319327731092436
mexc,LITUSDC,LIT-USDC,LIT,USDC,True,1,True,0.9863,56115.1233,57706.93,0.9844,4.15,0.9884,4.18,40.55150040551392,4.085260000000001,0.0001,0.0,0.0,1.0,0.0,0.0,exchangeInfo.quotePrecision/baseSizePrecision/quoteAmountPrecision,1,False,0.4273109243697479,0.47394957983193275,0.3483193277310924,42.3172268907563
mexc,BCCOINUSDT,BCCOIN-USDT,BCCOIN,USDT,True,1,True,0.04927,58546.92515,1339344.04,0.04916,62.63,0.04944,76.35,56.795131845840885,3.0788908000000004,1e-05,0.0,0.0,1.0,0.0,0.0005,exchangeInfo.quotePrecision/baseSizePrecision/quoteAmountPrecision,1,False,0.526890756302521,0.29621848739495793,0.2949579831932773,42.28361344537815
mexc,BLUEUSDT,BLUE-USDT,BLUE,USDT,True,1,True,0.01627,56424.73717,3421420.24,0.01624,231.29,0.0163,127.46,36.87768899815462,2.0775979999999996,1e-05,0.0,0.0,1.0,0.0,0.0005,exchangeInfo.quotePrecision/baseSizePrecision/quoteAmountPrecision,1,False,0.44285714285714284,0.5260504201680672,0.23823529411764705,42.27310924369748
mexc,SUSHIUSDC,SUSHI-USDC,SUSHI,USDC,True,1,True,0.1921,53177.6235,275601.17,0.1918,374.4,0.1926,374.4,41.62330905306947,71.80991999999999,0.0001,0.0,0.0,1.0,0.0,0.0,exchangeInfo.quotePrecision/baseSizePrecision/quoteAmountPrecision,1,False,0.2647058823529412,0.45504201680672274,0.8163865546218487,42.26260504201681
mexc,BAYUSDT,BAY-USDT,BAY,USDT,True,1,True,0.03015,57955.87616,1922600.02,0.03004,283.2,0.03029,2534.59,82.87750704458817,8.507328,1e-05,0.0,0.0,1.0,0.0,0.0005,exchangeInfo.quotePrecision/baseSizePrecision/quoteAmountPrecision,1,False,0.511344537815126,0.16722689075630248,0.4970588235294118,42.245798319327726
mexc,TWTUSDC,TWT-USDC,TWT,USDC,True,1,True,0.3949,52796.7488,132651.18,0.3941,883.95,0.3959,400.0,45.569620253163755,158.35999999999999,0.0001,0.0,0.0,1.0,0.0,0.0,exchangeInfo.quotePrecision/baseSizePrecision/quoteAmountPrecision,1,False,0.25630252100840334,0.4004201680672269,0.9021008403361345,42.14915966386555
mexc,DISTORTEDUSDT,DISTORTED-USDT,DISTORTED,USDT,True,1,True,0.0001522,60070.7872157,384472267.13,0.0001515,37469.96,0.000153,444094.05,98.52216748768535,5.67669894,1e-07,0.0,0.0,1.0,0.0,0.0005,exchangeInfo.quotePrecision/baseSizePrecision/quoteAmountPrecision,1,False,0.5525210084033614,0.13319327731092434,0.42100840336134454,42.13865546218488
mexc,PANTHERUSDT,PANTHER-USDT,PANTHER,USDT,True,1,True,0.007808,59109.039389,7693768.09,0.007734,12362.81,0.007825,1036.58,116.97409859245444,8.1112385,1e-06,0.0,0.0,1.0,0.0,0.0005,exchangeInfo.quotePrecision/baseSizePrecision/quoteAmountPrecision,1,False,0.5373949579831933,0.11218487394957988,0.48823529411764705,42.12605042016807
mexc,ZKCUSDC,ZKC-USDC,ZKC,USDC,True,1,True,0.06804,54018.79236,793874.09,0.06776,1565.7,0.06811,9786.56,51.51983513652802,106.09183200000001,1e-05,0.0,0.0,1.0,0.0,0.0,exchangeInfo.quotePrecision/baseSizePrecision/quoteAmountPrecision,1,False,0.2953781512605042,0.3373949579831933,0.8718487394957983,42.117647058823536
mexc,PEAQUSDC,PEAQ-USDC,PEAQ,USDC,True,1,True,0.01368,59162.71357,4178554.44,0.01363,4198.57,0.01373,350.04,73.09941520467792,4.8060492,1e-05,0.0,0.0,1.0,0.0,0.0,exchangeInfo.quotePrecision/baseSizePrecision/quoteAmountPrecision,1,False,0.5394957983193277,0.2025210084033613,0.36764705882352944,42.08823529411765
mexc,RAREUSDC,RARE-USDC,RARE,USDC,True,1,True,0.01453,56070.36592,3885917.86,0.01449,1600.0,0.01459,1600.0,68.77579092159638,23.183999999999997,1e-05,0.0,0.0,1.0,0.0,0.0,exchangeInfo.quotePrecision/baseSizePrecision/quoteAmountPrecision,1,False,0.42394957983193277,0.22394957983193275,0.6563025210084034,42.04201680672269
mexc,HYDRAUSDT,HYDRA-USDT,HYDRA,USDT,True,1,True,0.03352,58530.6403,1741180.0,0.03346,157.78,0.0337,788.0,71.47111375819063,5.2793187999999995,1e-05,0.0001,0.0001,1.0,0.0,0.0005,exchangeInfo.quotePrecision/baseSizePrecision/quoteAmountPrecision,1,False,0.5260504201680672,0.20924369747899163,0.3936974789915966,42.03781512605043
mexc,SPGIONUSDT,SPGION-USDT,SPGION,USDT,True,1,True,432.33,58734.65,136.23,429.45,0.012,432.57,0.012,72.38811164474153,5.1533999999999995,0.01,0.0,0.0,1.0,0.0,0.0005,exchangeInfo.quotePrecision/baseSizePrecision/quoteAmountPrecision,1,False,0.5294117647058824,0.20504201680672274,0.38907563025210085,42.02521008403362
mexc,ZCXUSDT,ZCX-USDT,ZCX,USDT,True,1,True,0.002488,56916.125761,22561856.19,0.002485,10060.36,0.002514,10271.07,116.0232046409297,24.9999946,1e-06,0.0001,0.0001,1.0,0.0,0.0005,exchangeInfo.quotePrecision/baseSizePrecision/quoteAmountPrecision,1,False,0.4684873949579832,0.11344537815126055,0.6710084033613445,42.02310924369748
mexc,HOLDSTATIONUSDT,HOLDSTATION-USDT,HOLDSTATION,USDT,True,1,True,0.1968,55162.4769,277141.24,0.1967,42.42,0.1971,8.67,20.314880650075352,1.708857,0.0001,0.0,0.0,1.0,0.0,0.0005,exchangeInfo.quotePrecision/baseSizePrecision/quoteAmountPrecision,1,False,0.3596638655462185,0.7201680672268908,0.21176470588235294,42.02100840336135
mexc,PHAUSDC,PHA-USDC,PHA,USDC,True,1,True,0.03848,54400.88679,1428351.41,0.03831,11731.81,0.03857,46272.0,67.63787721123914,449.44564109999993,1e-05,0.0,0.0,1.0,0.0,0.0,exchangeInfo.quotePrecision/baseSizePrecision/quoteAmountPrecision,1,False,0.31176470588235294,0.2302521008403361,0.9558823529411765,42.02100840336135
mexc,FUSEUSDT,FUSE-USDT,FUSE,USDT,True,1,True,0.003272,53099.674662,16105762.62,0.003271,647.15,0.003273,645.06,6.112469437652297,2.11128138,1e-06,0.01,0.01,1.0,0.0,0.0005,exchangeInfo.quotePrecision/baseSizePrecision/quoteAmountPrecision,1,False,0.26176470588235295,0.9084033613445378,0.24201680672268908,41.94747899159664
mexc,AGIUSDT,AGI-USDT,AGI,USDT,True,1,True,0.0107,56347.7109,5247481.34,0.01067,895.98,0.01073,3324.12,56.074766355139516,9.560106600000001,1e-05,0.0,0.0,1.0,0.0,0.0005,exchangeInfo.quotePrecision/baseSizePrecision/quoteAmountPrecision,1,False,0.43781512605042017,0.30336134453781516,0.5130252100840336,41.924369747899156
mexc,HLKUSDT,HLK-USDT,HLK,USDT,True,1,True,0.2494,23025.5256,92957.93,0.2495,49.3,0.2497,120.14,8.012820512820742,12.30035,0.0001,0.0,0.0,1.0,0.0,0.0005,exchangeInfo.quotePrecision/baseSizePrecision/quoteAmountPrecision,1,False,0.1634453781512605,0.8701680672268908,0.5584033613445378,41.91176470588236
mexc,OPNUSDC,OPN-USDC,OPN,USDC,True,1,True,0.1804,51877.574,280685.31,0.1802,1325.95,0.1809,334.85,38.770423705345124,60.57436500000001,0.0001,0.0,0.0,1.0,0.0,0.0,exchangeInfo.quotePrecision/baseSizePrecision/quoteAmountPrecision,1,False,0.24327731092436974,0.5004201680672269,0.7987394957983194,41.8655462184874
mexc,ETHFIUSDC,ETHFI-USDC,ETHFI,USDC,True,1,True,0.4396,54002.0971,122136.67,0.4384,91.76,0.4403,2733.56,43.24570388073319,40.227584,0.0001,0.0,0.0,1.0,0.0,0.0,exchangeInfo.quotePrecision/baseSizePrecision/quoteAmountPrecision,1,False,0.29411764705882354,0.43298319327731094,0.7426470588235294,41.853991596638664
mexc,ATMUSDT,ATM-USDT,ATM,USDT,True,1,True,1.0067,54836.1809,54286.46,1.0058,99.42,1.0087,4.96,28.791263340778382,5.003152,0.0001,0.0,0.0,1.0,0.0,0.0005,exchangeInfo.quotePrecision/baseSizePrecision/quoteAmountPrecision,1,False,0.3373949579831933,0.626890756302521,0.3802521008403361,41.834033613445385
mexc,AURASOLUSDT,AURASOL-USDT,AURASOL,USDT,True,1,True,0.006807,60416.374922,8555234.86,0.006768,1121.59,0.00688,13962.56,164.1266119577962,7.590921119999999,1e-06,0.0,0.0,1.0,0.0,0.0005,exchangeInfo.quotePrecision/baseSizePrecision/quoteAmountPrecision,1,False,0.5596638655462185,0.06302521008403361,0.4726890756302521,41.8109243697479
mexc,CAWUSDT,CAW-USDT,CAW,USDT,True,1,True,3.1232e-08,68902.43790389861,2212846876263.0,3.1188e-08,37865869.0,3.1389e-08,1490498405.0,64.24085526631073,1.180960722372,1e-12,100000.0,100000.0,1.0,0.0,0.0005,exchangeInfo.quotePrecision/baseSizePrecision/quoteAmountPrecision,1,False,0.6243697478991597,0.24915966386554622,0.061764705882352944,41.8046218487395
mexc,MCOINUSDT,MCOIN-USDT,MCOIN,USDT,True,1,True,0.03638,61618.69766,1692584.86,0.03608,5491.88,0.03656,137.0,132.15859030837038,5.00872,1e-05,0.0,0.0,1.0,0.0,0.0005,exchangeInfo.quotePrecision/baseSizePrecision/quoteAmountPrecision,1,False,0.5777310924369747,0.09369747899159664,0.380672268907563,41.73109243697479
mexc,CLAWNCHUSDT,CLAWNCH-USDT,CLAWNCH,USDT,True,1,True,2.663e-05,61049.25074753,2246947220.0,2.638e-05,228387.0,2.679e-05,434708.0,154.22230581154702,6.02484906,1e-08,0.0,0.0,1.0,0.0,0.0005,exchangeInfo.quotePrecision/baseSizePrecision/quoteAmountPrecision,1,False,0.5689075630252101,0.07310924369747895,0.43025210084033616,41.72268907563026
mexc,SEIUSDC,SEI-USDC,SEI,USDC,True,1,True,0.05436,53890.28116,1007754.46,0.05426,656.07,0.05447,448.4,38.62779361721603,24.424348,1e-05,0.0,0.0,1.0,0.0,0.0,exchangeInfo.quotePrecision/baseSizePrecision/quoteAmountPrecision,1,False,0.28781512605042014,0.5016806722689076,0.6659663865546218,41.69117647058823
mexc,MEMESUSDT,MEMES-USDT,MEMES,USDT,True,1,True,0.0007578,58440.1078301,77316708.53,0.000756,12012.95,0.000765,75262.82,118.34319526627078,9.0817902,1e-07,0.0,0.0,1.0,0.0,0.0005,exchangeInfo.quotePrecision/baseSizePrecision/quoteAmountPrecision,1,False,0.5235294117647059,0.10924369747899154,0.5079831932773109,41.68487394957984
mexc,TIBBIRUSDT,TIBBIR-USDT,TIBBIR,USDT,True,1,True,0.09965,79535.56288,780352.45,0.09898,4210.58,0.09987,10.99,89.51470958008568,1.0975713,1e-05,0.0,0.0,1.0,0.0,0.0005,exchangeInfo.quotePrecision/baseSizePrecision/quoteAmountPrecision,1,False,0.6710084033613445,0.1512605042016807,0.04915966386554622,41.67016806722689
mexc,EYWAUSDT,EYWA-USDT,EYWA,USDT,True,1,True,0.000773,30789.2120359,39869035.08,0.0007726,7927.9,0.0007731,13896.04,6.469560716826783,6.12509554,1e-07,0.0,0.0,1.0,0.0,0.0005,exchangeInfo.quotePrecision/baseSizePrecision/quoteAmountPrecision,1,False,0.1907563025210084,0.8995798319327731,0.4336134453781513,41.653361344537814
mexc,AZTECUSDC,AZTEC-USDC,AZTEC,USDC,True,1,True,0.01858,55891.13623,2977145.57,0.01852,3388.55,0.01863,881.81,59.21938088829204,16.4281203,1e-05,0.0,0.0,1.0,0.0,0.0,exchangeInfo.quotePrecision/baseSizePrecision/quoteAmountPrecision,1,False,0.4121848739495798,0.27521008403361347,0.6025210084033613,41.60084033613445
mexc,RAILUSDT,RAIL-USDT,RAIL,USDT,True,1,True,0.9306,54536.0551,58105.46,0.9283,6.76,0.9311,7.41,30.117242121114604,6.275308,0.0001,0.0,0.0,1.0,0.0,0.0005,exchangeInfo.quotePrecision/baseSizePrecision/quoteAmountPrecision,1,False,0.31890756302521006,0.6113445378151261,0.43823529411764706,41.588235294117645
mexc,POWERUSDT,POWER-USDT,POWER,USDT,True,1,True,0.07622,54935.55012,717417.31,0.07582,262.69,0.07617,2567.0,46.05566155668176,19.9171558,1e-05,0.0,0.0,1.0,0.0,0.0005,exchangeInfo.quotePrecision/baseSizePrecision/quoteAmountPrecision,1,False,0.34705882352941175,0.39495798319327735,0.6310924369747899,41.584033613445385
mexc,ANDYETHUSDT,ANDYETH-USDT,ANDYETH,USDT,True,1,True,7.704e-06,57976.466185167,7504245225.49,7.694e-06,239866.12,7.732e-06,19535377.02,49.267470504343734,1.8455299272799999,1e-09,0.0,0.0,1.0,0.0,0.0005,exchangeInfo.quotePrecision/baseSizePrecision/quoteAmountPrecision,1,False,0.5117647058823529,0.3605042016806723,0.22100840336134453,41.57983193277312
mexc,EPTUSDT,EPT-USDT,EPT,USDT,True,1,True,0.0007339,57610.6132011,78290497.49,0.0007326,84663.15,0.0007368,5407.53,57.16619028174757,3.984268104,1e-07,0.0,0.0,1.0,0.0,0.0005,exchangeInfo.quotePrecision/baseSizePrecision/quoteAmountPrecision,1,False,0.4966386554621849,0.2928571428571428,0.3449579831932773,41.535714285714285
mexc,TRWAUSDT,TRWA-USDT,TRWA,USDT,True,1,True,0.0004077,55877.4441234,136113096.07,0.0004063,26045.83,0.0004081,14092.89,44.20432220039267,5.751308409,1e-07,0.0,0.0,1.0,0.0,0.0005,exchangeInfo.quotePrecision/baseSizePrecision/quoteAmountPrecision,1,False,0.4092436974789916,0.4210084033613445,0.4235294117647059,41.50420168067227
mexc,SHOPONUSDT,SHOPON-USDT,SHOPON,USDT,True,1,True,117.62,56792.45,481.961,117.51,3.504,118.15,0.046,54.31553933633205,5.4349,0.01,0.0,0.0,1.0,0.0,0.0005,exchangeInfo.quotePrecision/baseSizePrecision/quoteAmountPrecision,1,False,0.46302521008403363,0.31848739495798317,0.40336134453781514,41.49579831932773
mexc,CHANGEUSDT,CHANGE-USDT,CHANGE,USDT,True,1,True,0.001419,2254.99999032,1589147.28,0.00141857,322860.34,0.00142142,394675.74,20.070493205961906,457.99999251380007,1e-08,0.001,0.001,1.0,0.0,0.0005,exchangeInfo.quotePrecision/baseSizePrecision/quoteAmountPrecision,1,False,0.07689075630252101,0.7239495798319328,0.9567226890756303,41.46218487394958
mexc,XOUSDT,XO-USDT,XO,USDT,True,1,True,0.0001328,54515.749751,410682200.19,0.0001325,90536.04,0.000133,136758.11,37.664783427496204,11.9960253,1e-07,0.0,0.0,1.0,0.0,0.0005,exchangeInfo.quotePrecision/baseSizePrecision/quoteAmountPrecision,1,False,0.3172268907563025,0.5176470588235293,0.5533613445378152,41.45588235294118
mexc,INTCONUSDT,INTCON-USDT,INTCON,USDT,True,1,True,50.56,57658.45,1143.02,50.35,0.1,50.67,10.26,63.353791328449866,5.035,0.01,0.0,0.0,1.0,0.0,0.0005,exchangeInfo.quotePrecision/baseSizePrecision/quoteAmountPrecision,1,False,0.4991596638655462,0.2533613445378151,0.3831932773109244,41.451680672268914
mexc,DCTUSDT,DCT-USDT,DCT,USDT,True,1,True,0.006002,15346.454365,2557113.32,0.005997,18714.94,0.006013,68712.66,26.644462947544362,112.23349517999999,1e-06,0.0,0.0,1.0,0.0,0.0005,exchangeInfo.quotePrecision/baseSizePrecision/quoteAmountPrecision,1,False,0.1403361344537815,0.6483193277310924,0.8752100840336134,41.430672268907564
mexc,SOFIONUSDT,SOFION-USDT,SOFION,USDT,True,1,True,15.72,54181.28,3445.27,15.7,0.35,15.74,2.85,25.44529262086573,5.494999999999999,0.01,0.0,0.0,1.0,0.0,0.0005,exchangeInfo.quotePrecision/baseSizePrecision/quoteAmountPrecision,1,False,0.3029411764705882,0.6605042016806723,0.41092436974789914,41.39285714285714
mexc,STRKUSDC,STRK-USDC,STRK,USDC,True,1,True,0.03333,55195.0011,1648709.27,0.03325,36489.36,0.03344,928.82,56.9800569800557,31.0597408,1e-05,0.0,0.0,1.0,0.0,0.0,exchangeInfo.quotePrecision/baseSizePrecision/quoteAmountPrecision,1,False,0.3626050420168067,0.2945378151260504,0.704201680672269,41.39075630252101
mexc,MAVUSDC,MAV-USDC,MAV,USDC,True,1,True,0.01376,54674.06375,3867964.7,0.01373,7424.64,0.01381,5040.0,58.09731299927394,69.6024,1e-05,0.0,0.0,1.0,0.0,0.0,exchangeInfo.quotePrecision/baseSizePrecision/quoteAmountPrecision,1,False,0.326890756302521,0.2852941176470588,0.8126050420168067,41.36344537815126
mexc,SPOTONUSDT,SPOTON-USDT,SPOTON,USDT,True,1,True,487.87,56406.64,115.946,485.65,0.911,488.02,0.011,48.68179157209331,5.368219999999999,0.01,0.0,0.0,1.0,0.0,0.0005,exchangeInfo.quotePrecision/baseSizePrecision/quoteAmountPrecision,1,False,0.44159663865546217,0.3642857142857143,0.3978991596638655,41.352941176470594
mexc,SWFTCUSDT,SWFTC-USDT,SWFTC,USDT,True,1,True,0.003327,56007.992353,16756431.13,0.003319,1539.67,0.003332,940.67,39.09186588482932,3.13431244,1e-06,0.0,0.0,1.0,0.0,0.0005,exchangeInfo.quotePrecision/baseSizePrecision/quoteAmountPrecision,1,False,0.4176470588235294,0.49495798319327733,0.2987394957983193,41.31932773109244
mexc,MYROUSDT,MYRO-USDT,MYRO,USDT,True,1,True,0.002942,60126.656054,20232251.99,0.002929,13894.62,0.00295,953.28,71.44072121108947,2.812176,1e-06,0.0,0.0,1.0,0.0,0.0005,exchangeInfo.quotePrecision/baseSizePrecision/quoteAmountPrecision,1,False,0.5542016806722689,0.20966386554621852,0.27983193277310925,41.319327731092436
mexc,FLUIDUSDT,FLUID-USDT,FLUID,USDT,True,1,True,1.5022,23428.6911,15683.0,1.5003,15.0,1.5027,15.0,15.984015984015702,22.5045,0.0001,0.0001,0.0001,1.0,0.0,0.0005,exchangeInfo.quotePrecision/baseSizePrecision/quoteAmountPrecision,1,False,0.16470588235294117,0.7676470588235293,0.6525210084033614,41.30042016806723
mexc,CRCLXUSDT,CRCLX-USDT,CRCLX,USDT,True,1,True,90.84,56227.3,620.41,90.24,0.17,90.86,5.54,68.4704583103263,15.3408,0.01,0.0,0.0,1.0,0.0,0.0005,exchangeInfo.quotePrecision/baseSizePrecision/quoteAmountPrecision,1,False,0.4319327731092437,0.2256302521008403,0.5936974789915966,41.27100840336135
mexc,SXTUSDC,SXT-USDC,SXT,USDC,True,1,True,0.01618,56712.81924,3458368.52,0.0161,4960.39,0.0162,480.0,61.919504643962476,7.776,1e-05,0.0,0.0,1.0,0.0,0.0,exchangeInfo.quotePrecision/baseSizePrecision/quoteAmountPrecision,1,False,0.4579831932773109,0.26050420168067223,0.4781512605042017,41.26470588235294
mexc,DYDXUSDC,DYDX-USDC,DYDX,USDC,True,1,True,0.10168,54747.05045,543523.89,0.10152,10351.04,0.10197,186.12,44.22821760283119,18.978656400000002,1e-05,0.0,0.0,1.0,0.0,0.0,exchangeInfo.quotePrecision/baseSizePrecision/quoteAmountPrecision,1,False,0.3323529411764706,0.4205882352941176,0.6235294117647059,41.26470588235294
mexc,COMMONUSDT,COMMON-USDT,COMMON,USDT,False,1,True,0.0003414,62707.0462573,179168354.45,0.0003403,14296.46,0.0003458,35648.0,160.32648301996866,4.865085337999999,1e-07,0.0,0.0,1.0,0.0,0.0005,exchangeInfo.quotePrecision/baseSizePrecision/quoteAmountPrecision,1,False,0.584873949579832,0.0676470588235294,0.3701680672268908,41.262605042016816
mexc,LUNAIUSDT,LUNAI-USDT,LUNAI,USDT,True,1,True,0.00586,55879.416848,9445454.0,0.005842,6681.28,0.005871,1364.8,49.51762998377935,8.0127408,1e-06,0.0,0.0,1.0,0.0,0.0005,exchangeInfo.quotePrecision/baseSizePrecision/quoteAmountPrecision,1,False,0.41050420168067225,0.3571428571428571,0.4869747899159664,41.24579831932773
mexc,M87USDT,M87-USDT,M87,USDT,True,1,True,6.2e-06,40205.79281975,6473139739.05,6.19e-06,7428026.0,6.21e-06,6855637.0,32.25806451612873,42.57350577,1e-08,0.0,0.0,1.0,0.0,0.0005,exchangeInfo.quotePrecision/baseSizePrecision/quoteAmountPrecision,1,False,0.21008403361344538,0.5873949579831933,0.7495798319327731,41.23109243697479
mexc,ARBUSDC,ARB-USDC,ARB,USDC,True,1,True,0.09211,54298.59557,585369.49,0.09204,133.61,0.09238,177.66,36.872356577378476,12.2974644,1e-05,0.0,0.0,1.0,0.0,0.0,exchangeInfo.quotePrecision/baseSizePrecision/quoteAmountPrecision,1,False,0.30714285714285716,0.5264705882352941,0.5579831932773109,41.21428571428572
mexc,ZEUSUSDT,ZEUS-USDT,ZEUS,USDT,True,1,True,0.007325,62221.113655,8300776.37,0.007275,1479.7,0.007426,725.57,205.42820216311827,5.38808282,1e-06,0.0,0.0,1.0,0.0,0.0005,exchangeInfo.quotePrecision/baseSizePrecision/quoteAmountPrecision,1,False,0.5823529411764706,0.04705882352941182,0.4,41.20588235294119
mexc,FLTUSDT,FLT-USDT,FLT,USDT,True,1,True,0.006078,55756.372312,8940474.73,0.00606,2792.74,0.006096,54366.26,59.23000987166761,16.9240044,1e-06,0.0,0.0,1.0,0.0,0.0005,exchangeInfo.quotePrecision/baseSizePrecision/quoteAmountPrecision,1,False,0.40336134453781514,0.2747899159663866,0.607563025210084,41.20588235294118
mexc,AIDOGEUSDT,AIDOGE-USDT,AIDOGE,USDT,True,1,True,9.971e-12,58992.28834450651,5866154515993339.0,9.903e-12,1664468694710.0,9.975e-12,376012063300.0,72.4418955629344,3.7507203314175,1e-15,0.0,0.0,1.0,0.0,0.0005,exchangeInfo.quotePrecision/baseSizePrecision/quoteAmountPrecision,1,False,0.5340336134453781,0.20420168067226896,0.3319327731092437,41.115546218487395
mexc,FORMUSDC,FORM-USDC,FORM,USDC,True,1,True,0.2081,54542.2137,269346.79,0.2078,360.0,0.2089,234.69,52.795776337892484,49.026741,0.0001,0.0,0.0,1.0,0.0,0.0,exchangeInfo.quotePrecision/baseSizePrecision/quoteAmountPrecision,1,False,0.31974789915966384,0.32815126050420174,0.7655462184873949,41.10084033613446
mexc,MEMEUSDC,MEME-USDC,MEME,USDC,True,1,True,0.0005094,57313.7799507,112190117.97,0.0005081,2818.95,0.0005103,3073.74,43.20502749410733,1.432308495,1e-07,0.0,0.0,1.0,0.0,0.0,exchangeInfo.quotePrecision/baseSizePrecision/quoteAmountPrecision,1,False,0.4852941176470588,0.43487394957983194,0.17647058823529413,41.09243697478991
mexc,EMYCUSDT,EMYC-USDT,EMYC,USDT,True,1,True,0.005122,60139.23148,11928712.85,0.005077,1083.31,0.005137,995.87,117.48580379870796,5.11578419,1e-06,0.0,0.0,1.0,0.0,0.0005,exchangeInfo.quotePrecision/baseSizePrecision/quoteAmountPrecision,1,False,0.5546218487394958,0.1113445378151261,0.3873949579831933,41.03571428571429
mexc,BULLISHUSDT,BULLISH-USDT,BULLISH,USDT,True,1,True,0.002292,57748.973379,26126032.03,0.002276,7353.48,0.002309,5349.52,143.94765539803728,12.352041680000001,1e-06,0.0,0.0,1.0,0.0,0.0005,exchangeInfo.quotePrecision/baseSizePrecision/quoteAmountPrecision,1,False,0.503781512605042,0.08277310924369752,0.5605042016806723,40.98739495798319
mexc,PROSUSDT,PROS-USDT,PROS,USDT,True,1,True,0.02091,54007.43863,2589312.21,0.02089,111.45,0.02092,475.54,14.350633819661443,2.3281905,1e-05,0.01,0.01,1.0,0.0,0.0005,exchangeInfo.quotePrecision/baseSizePrecision/quoteAmountPrecision,1,False,0.29453781512605043,0.7869747899159664,0.2542016806722689,40.95798319327731
mexc,MCDONUSDT,MCDON-USDT,MCDON,USDT,True,1,True,310.4,53061.69,171.067,309.71,0.088,310.88,0.816,37.706053916434875,27.254479999999997,0.01,0.0,0.0,1.0,0.0,0.0005,exchangeInfo.quotePrecision/baseSizePrecision/quoteAmountPrecision,1,False,0.26134453781512607,0.5163865546218487,0.6836134453781513,40.955882352941174
mexc,GXTUSDT,GXT-USDT,GXT,USDT,True,1,True,0.0010591,20885.8889093,19738166.12,0.0010588,6723.65,0.0010593,6206.73,4.721212407346833,6.574789088999999,1e-07,0.0,0.0,1.0,0.0,0.0005,exchangeInfo.quotePrecision/baseSizePrecision/quoteAmountPrecision,1,False,0.1584033613445378,0.9302521008403362,0.44873949579831934,40.94327731092437
mexc,SNSUSDT,SNS-USDT,SNS,USDT,True,1,True,0.0010262,58887.8612025,58727122.86,0.001025,5647.7,0.0010359,144787.64,105.7790285797456,5.7888925,1e-07,0.0,0.0,1.0,0.0,0.0005,exchangeInfo.quotePrecision/baseSizePrecision/quoteAmountPrecision,1,False,0.5323529411764706,0.1264705882352941,0.42478991596638654,40.93697478991597
mexc,DINGOUSDT,DINGO-USDT,DINGO,USDT,True,1,True,9.19e-06,7727.61348841,844108314.64,9.18e-06,3595141.71,9.19e-06,9039553.08,10.887316276537728,33.0034008978,1e-08,0.0,0.0,1.0,0.0,0.0005,exchangeInfo.quotePrecision/baseSizePrecision/quoteAmountPrecision,1,False,0.10966386554621849,0.8252100840336134,0.7113445378151261,40.88865546218487
mexc,COOKIEUSDC,COOKIE-USDC,COOKIE,USDC,True,1,True,0.0165,55904.1341,3353328.89,0.01642,1073.77,0.01653,4931.89,66.7678300455229,17.6313034,1e-05,0.0,0.0,1.0,0.0,0.0,exchangeInfo.quotePrecision/baseSizePrecision/quoteAmountPrecision,1,False,0.4134453781512605,0.2344537815126051,0.6142857142857143,40.886554621848745
mexc,SNEKUSDT,SNEK-USDT,SNEK,USDT,True,1,True,0.0004363,55744.3678881,127376943.71,0.0004356,7767.78,0.0004373,7940.0,38.95062435559599,3.383644968,1e-07,0.0,0.0,1.0,0.0,0.0005,exchangeInfo.quotePrecision/baseSizePrecision/quoteAmountPrecision,1,False,0.40294117647058825,0.4970588235294118,0.31470588235294117,40.88235294117648
mexc,KISHUUSDT,KISHU-USDT,KISHU,USDT,True,1,True,2.945e-11,60166.26883801232,2083234063231301.0,2.938e-11,362233505990.0,2.952e-11,34542775430.0,47.53820033955823,1.0197027306936,1e-14,100.0,100.0,1.0,0.0,0.0005,exchangeInfo.quotePrecision/baseSizePrecision/quoteAmountPrecision,1,False,0.5558823529411765,0.3777310924369748,0.04285714285714286,40.87394957983194
mexc,DOGINMEUSDT,DOGINME-USDT,DOGINME,USDT,True,1,True,9.807e-05,54863.83580285,553808608.43,9.793e-05,72650.99,9.83e-05,176242.27,37.71084951332601,7.114711450700001,1e-08,0.0,0.0,1.0,0.0,0.0005,exchangeInfo.quotePrecision/baseSizePrecision/quoteAmountPrecision,1,False,0.3403361344537815,0.5159663865546218,0.46260504201680674,40.86974789915966
mexc,QUICKUSDT,QUICK-USDT,QUICK,USDT,True,1,True,0.009471,64493.259382,6734230.79,0.009445,4925.05,0.009513,138.48,71.73752505538594,1.31736024,1e-06,0.0001,0.0001,1.0,0.0,0.0005,exchangeInfo.quotePrecision/baseSizePrecision/quoteAmountPrecision,1,False,0.6012605042016806,0.20840336134453785,0.12941176470588237,40.86764705882353
mexc,MYSTUSDT,MYST-USDT,MYST,USDT,True,1,True,0.1502,70471.6846,474874.33,0.1488,1192.67,0.1507,9.4,126.87813021702924,1.41658,0.0001,0.01,0.01,1.0,0.0,0.0005,exchangeInfo.quotePrecision/baseSizePrecision/quoteAmountPrecision,1,False,0.6348739495798319,0.09957983193277309,0.17184873949579832,40.84453781512605
mexc,VAMEONUSDT,VAMEON-USDT,VAMEON,USDT,True,1,True,1.032e-05,50145.03685306,4878670251.66,1.03e-05,842402.57,1.031e-05,397901.25,9.704027171275985,4.1023618875,1e-08,0.0,0.0,1.0,0.0,0.0005,exchangeInfo.quotePrecision/baseSizePrecision/quoteAmountPrecision,1,False,0.23277310924369748,0.8420168067226891,0.3491596638655462,40.83613445378151
mexc,NAIUSDT,NAI-USDT,NAI,USDT,True,1,True,0.0001395,1609.5132555,11896059.75,0.0001394,285212.69,0.0001395,3092934.67,7.171029042667797,39.758648986,1e-07,0.0,0.0,1.0,0.0,0.0005,exchangeInfo.quotePrecision/baseSizePrecision/quoteAmountPrecision,1,False,0.06974789915966387,0.884453781512605,0.7403361344537815,40.754201680672274
mexc,ABBVONUSDT,ABBVON-USDT,ABBVON,USDT,True,1,True,208.91,56253.57,268.94,208.85,1.364,209.87,0.025,48.71990829193782,5.2467500000000005,0.01,0.0,0.0,1.0,0.0,0.0005,exchangeInfo.quotePrecision/baseSizePrecision/quoteAmountPrecision,1,False,0.4323529411764706,0.36302521008403366,0.39243697478991596,40.70378151260504
mexc,BZZUSDT,BZZ-USDT,BZZ,USDT,True,1,True,0.11709,60782.48716,557251.75,0.11688,28.85,0.11744,0.02,47.797883236599944,0.0023488000000000003,1e-05,0.0001,0.0001,1.0,0.0,0.0005,exchangeInfo.quotePrecision/baseSizePrecision/quoteAmountPrecision,1,False,0.5647058823529412,0.3760504201680672,0.01134453781512605,40.68697478991597
mexc,SBETONUSDT,SBETON-USDT,SBETON,USDT,True,1,True,6.167,53034.89,8593.23,6.158,31.15,6.187,13.38,46.98258404212218,82.78206000000002,0.001,0.0,0.0,1.0,0.0,0.0005,exchangeInfo.quotePrecision/baseSizePrecision/quoteAmountPrecision,1,False,0.2596638655462185,0.38613445378151257,0.8365546218487395,40.66596638655462
mexc,KMNOUSDC,KMNO-USDC,KMNO,USDC,True,1,True,0.01749,55375.79507,3119585.74,0.01745,479.12,0.01753,4599.68,45.74042309891379,8.360644,1e-05,0.0,0.0,1.0,0.0,0.0,exchangeInfo.quotePrecision/baseSizePrecision/quoteAmountPrecision,1,False,0.3777310924369748,0.39831932773109247,0.49495798319327733,40.63235294117648
mexc,ABTONUSDT,ABTON-USDT,ABTON,USDT,True,1,True,103.31,57134.88,553.369,102.92,0.053,103.59,0.816,64.88789889109503,5.45476,0.01,0.0,0.0,1.0,0.0,0.0005,exchangeInfo.quotePrecision/baseSizePrecision/quoteAmountPrecision,1,False,0.4789915966386555,0.24453781512605044,0.4079831932773109,40.61764705882353
mexc,WIFUSDC,WIF-USDC,WIF,USDC,True,1,True,0.1816,55394.6147,304913.83,0.1813,38.29,0.1821,39.9,44.02861860209262,6.941977,0.0001,0.0,0.0,1.0,0.0,0.0,exchangeInfo.quotePrecision/baseSizePrecision/quoteAmountPrecision,1,False,0.3802521008403361,0.42310924369747904,0.45546218487394957,40.60084033613445
mexc,RTXONUSDT,RTXON-USDT,RTXON,USDT,True,1,True,197.23,53967.46,273.864,196.76,0.491,197.65,0.181,45.13070155422098,35.77465,0.01,0.0,0.0,1.0,0.0,0.0005,exchangeInfo.quotePrecision/baseSizePrecision/quoteAmountPrecision,1,False,0.28949579831932776,0.40588235294117647,0.7252100840336134,40.57352941176471
mexc,PEPE2USDT,PEPE2-USDT,PEPE2,USDT,True,1,True,1.98e-09,55489.146762028926,27786899874276.0,1.975e-09,5424016941.0,1.982e-09,1368879149.0,35.38033864038453,2.713118473318,1e-12,0.0,0.0,1.0,0.0,0.0005,exchangeInfo.quotePrecision/baseSizePrecision/quoteAmountPrecision,1,False,0.38823529411764707,0.5466386554621849,0.2747899159663866,40.51470588235295
mexc,DISONUSDT,DISON-USDT,DISON,USDT,True,1,True,96.88,54124.56,557.85,96.73,3.85,97.44,4.5,73.13179172889672,372.4105,0.01,0.0,0.0,1.0,0.0,0.0005,exchangeInfo.quotePrecision/baseSizePrecision/quoteAmountPrecision,1,False,0.2995798319327731,0.2021008403361344,0.9487394957983193,40.50420168067227
mexc,NTHUSDT,NTH-USDT,NTH,USDT,True,1,True,0.005905,40931.342663,6695611.65,0.005903,293.46,0.005904,1919.06,1.6939103921404803,1.73229438,1e-06,0.0,0.0,1.0,0.0,0.0005,exchangeInfo.quotePrecision/baseSizePrecision/quoteAmountPrecision,1,False,0.21218487394957983,0.9794117647058823,0.21470588235294116,40.449579831932766
mexc,VZONUSDT,VZON-USDT,VZON,USDT,True,1,True,50.02,55202.97,1104.57,49.82,6.66,50.11,0.48,58.04062843990776,24.052799999999998,0.01,0.0,0.0,1.0,0.0,0.0005,exchangeInfo.quotePrecision/baseSizePrecision/quoteAmountPrecision,1,False,0.36428571428571427,0.2861344537815126,0.6621848739495798,40.432773109243705
mexc,NOWONUSDT,NOWON-USDT,NOWON,USDT,True,1,True,509.8,55411.19,109.292,505.84,0.093,509.92,0.085,80.33393715050879,43.3432,0.01,0.0,0.0,1.0,0.0,0.0005,exchangeInfo.quotePrecision/baseSizePrecision/quoteAmountPrecision,1,False,0.3810924369747899,0.17605042016806727,0.7521008403361344,40.40336134453782
mexc,OPULUSDT,OPUL-USDT,OPUL,USDT,True,1,True,0.0009143,56738.2720498,59201605.19,0.0009122,14012.29,0.0009194,11085.24,78.61978597947221,10.191769656,1e-07,0.01,0.01,1.0,0.0,0.0005,exchangeInfo.quotePrecision/baseSizePrecision/quoteAmountPrecision,1,False,0.46008403361344535,0.18067226890756305,0.5273109243697479,40.36764705882353
mexc,RNBWUSDC,RNBW-USDC,RNBW,USDC,True,1,True,0.01669,57408.67619,3454761.74,0.01658,400.0,0.01671,400.0,78.10153199158796,6.632000000000001,1e-05,0.0,0.0,1.0,0.0,0.0,exchangeInfo.quotePrecision/baseSizePrecision/quoteAmountPrecision,1,False,0.4869747899159664,0.18361344537815127,0.4495798319327731,40.365546218487395
mexc,IMGNUSDT,IMGN-USDT,IMGN,USDT,True,1,True,0.000598,38713.478379,64554903.3,0.000598,62108.89,0.0006,385546.06,33.38898163605911,37.14111622,1e-06,0.0,0.0,1.0,0.0,0.0005,exchangeInfo.quotePrecision/baseSizePrecision/quoteAmountPrecision,1,False,0.20672268907563024,0.5726890756302521,0.7315126050420168,40.3172268907563
mexc,GAGUSDT,GAG-USDT,GAG,USDT,True,1,True,0.00438,61135.59004,13879540.08,0.004357,1012.1,0.004388,328.5,70.89765580331766,1.4414580000000001,1e-06,0.0,0.0,1.0,0.0,0.0005,exchangeInfo.quotePrecision/baseSizePrecision/quoteAmountPrecision,1,False,0.569327731092437,0.21260504201680674,0.1819327731092437,40.26680672268908
mexc,SBUXONUSDT,SBUXON-USDT,SBUXON,USDT,True,1,True,91.08,56333.93,617.33,90.94,3.26,91.48,0.08,59.204034645324654,7.3184000000000005,0.01,0.0,0.0,1.0,0.0,0.0005,exchangeInfo.quotePrecision/baseSizePrecision/quoteAmountPrecision,1,False,0.4369747899159664,0.27563025210084036,0.46680672268907564,40.260504201680675
mexc,LONGUSDT,LONG-USDT,LONG,USDT,True,1,True,0.001534,40825.703299,26765280.86,0.001534,2261.0,0.001535,2084.69,6.5167807103285496,3.19999915,1e-06,0.0,0.0,1.0,0.0,0.0005,exchangeInfo.quotePrecision/baseSizePrecision/quoteAmountPrecision,1,False,0.21134453781512605,0.8987394957983194,0.3029411764705882,40.15126050420169
mexc,FITFIUSDT,FITFI-USDT,FITFI,USDT,True,1,True,0.0005303,61893.2871775,103944425.27,0.0005281,9467.9,0.0005451,146306.36,316.80954155795723,4.99999799,1e-07,0.0001,0.0001,1.0,0.0,0.0005,exchangeInfo.quotePrecision/baseSizePrecision/quoteAmountPrecision,1,False,0.5802521008403362,0.026890756302521024,0.3777310924369748,40.14075630252102
mexc,IWMONUSDT,IWMON-USDT,IWMON,USDT,True,1,True,251.78,53051.54,210.806,251.13,1.482,252.41,0.381,50.84005242880412,96.16821,0.01,0.0,0.0,1.0,0.0,0.0005,exchangeInfo.quotePrecision/baseSizePrecision/quoteAmountPrecision,1,False,0.2609243697478992,0.34285714285714286,0.8567226890756302,40.05672268907563
mexc,NUMUSDT,NUM-USDT,NUM,USDT,True,1,True,0.003778,59262.393954,15665483.62,0.003764,737.22,0.003793,759.87,76.75003308191067,2.77489608,1e-06,0.01,0.01,1.0,0.0,0.0005,exchangeInfo.quotePrecision/baseSizePrecision/quoteAmountPrecision,1,False,0.5415966386554621,0.18781512605042017,0.2773109243697479,40.029411764705884
mexc,RWAUSDT,RWA-USDT,RWA,USDT,True,1,True,0.001747,52225.754793,29526090.53,0.001746,7485.2,0.001748,1785.13,11.448196908987113,3.12040724,1e-06,0.0,0.0,1.0,0.0,0.0005,exchangeInfo.quotePrecision/baseSizePrecision/quoteAmountPrecision,1,False,0.24663865546218489,0.8172268907563025,0.29789915966386554,39.95378151260504
mexc,INITUSDC,INIT-USDC,INIT,USDC,True,1,True,0.08276,53280.77705,649901.28,0.08244,968.88,0.08286,963.22,50.816696914701,79.8124092,1e-05,0.0,0.0,1.0,0.0,0.0,exchangeInfo.quotePrecision/baseSizePrecision/quoteAmountPrecision,1,False,0.2680672268907563,0.34369747899159664,0.8294117647058824,39.924369747899156
mexc,CARDSUSDT,CARDS-USDT,CARDS,USDT,True,1,True,0.0377,58559.17922,1648381.33,0.03735,210.77,0.0381,2848.0,198.80715705765425,7.872259500000001,1e-05,0.0,0.0,1.0,0.0,0.0005,exchangeInfo.quotePrecision/baseSizePrecision/quoteAmountPrecision,1,False,0.5273109243697479,0.050000000000000044,0.4815126050420168,39.88235294117647
mexc,ADIONUSDT,ADION-USDT,ADION,USDT,True,1,True,321.14,56514.69,176.217,319.45,0.024,321.62,1.2,67.69931520738815,7.6668,0.01,0.0,0.0,1.0,0.0,0.0005,exchangeInfo.quotePrecision/baseSizePrecision/quoteAmountPrecision,1,False,0.4474789915966387,0.22941176470588232,0.47478991596638653,39.84243697478992
mexc,SAPIENUSDC,SAPIEN-USDC,SAPIEN,USDC,True,1,True,0.06911,56099.08686,780827.62,0.0689,57.95,0.06917,23.12,39.110596074453895,1.5992104,1e-05,0.0,0.0,1.0,0.0,0.0,exchangeInfo.quotePrecision/baseSizePrecision/quoteAmountPrecision,1,False,0.4260504201680672,0.49453781512605044,0.20210084033613446,39.83823529411765
mexc,GAIAUSDT,GAIA-USDT,GAIA,USDT,True,1,True,0.01209,56012.77872,4630120.96,0.01206,896.72,0.01214,13264.65,66.11570247933902,10.8144432,1e-05,0.0,0.0,1.0,0.0,0.0005,exchangeInfo.quotePrecision/baseSizePrecision/quoteAmountPrecision,1,False,0.4189075630252101,0.23949579831932777,0.5403361344537815,39.834033613445385
mexc,AEVOUSDC,AEVO-USDC,AEVO,USDC,True,1,True,0.02266,54501.75733,2334894.16,0.02261,3625.04,0.02275,2572.32,61.72839506172741,58.52028,1e-05,0.0,0.0,1.0,0.0,0.0,exchangeInfo.quotePrecision/baseSizePrecision/quoteAmountPrecision,1,False,0.3163865546218487,0.261344537815126,0.7945378151260504,39.825630252100844
mexc,CMC20USDT,CMC20-USDT,CMC20,USDT,True,1,True,138.21,12775.49,93.311,137.55,0.979,137.99,1.32,31.93728678231819,134.66145,0.01,0.0,0.0,1.0,0.0,0.0005,exchangeInfo.quotePrecision/baseSizePrecision/quoteAmountPrecision,1,False,0.13109243697478992,0.592436974789916,0.8899159663865546,39.81932773109244
mexc,PTHUSDT,PTH-USDT,PTH,USDT,True,1,True,0.01684,61361.64906,3864094.36,0.01664,407.38,0.01697,238.25,196.3701279381139,4.0431025,1e-05,0.0,0.0,1.0,0.0,0.0005,exchangeInfo.quotePrecision/baseSizePrecision/quoteAmountPrecision,1,False,0.5743697478991596,0.05084033613445382,0.3457983193277311,39.77731092436975
mexc,JDONUSDT,JDON-USDT,JDON,USDT,True,1,True,28.39,55923.99,1968.55,28.31,0.19,28.45,10.18,49.33051444679372,5.3789,0.01,0.0,0.0,1.0,0.0,0.0005,exchangeInfo.quotePrecision/baseSizePrecision/quoteAmountPrecision,1,False,0.41386554621848737,0.35882352941176465,0.39957983193277313,39.72478991596638
mexc,TRVLUSDT,TRVL-USDT,TRVL,USDT,True,1,True,0.000967,56018.8155326,57843899.09,0.0009591,53792.64,0.0009719,34797.28,132.57379596064314,33.819476432,1e-07,0.001,0.001,1.0,0.0,0.0005,exchangeInfo.quotePrecision/baseSizePrecision/quoteAmountPrecision,1,False,0.419327731092437,0.09327731092436975,0.7159663865546219,39.714285714285715
mexc,ZBCNUSDC,ZBCN-USDC,ZBCN,USDC,True,1,True,0.002499,53857.39673,22039240.6,0.002486,328052.27,0.0025,29061.7,56.157240272764234,72.65425,1e-06,0.0,0.0,1.0,0.0,0.0,exchangeInfo.quotePrecision/baseSizePrecision/quoteAmountPrecision,1,False,0.2865546218487395,0.3021008403361345,0.8184873949579832,39.6827731092437
mexc,STOUSDC,STO-USDC,STO,USDC,True,1,True,0.11606,53971.05375,370777.16,0.11573,414.0,0.11633,440.22,51.71076445746818,47.91222,1e-05,0.0,0.0,1.0,0.0,0.0,exchangeInfo.quotePrecision/baseSizePrecision/quoteAmountPrecision,1,False,0.2907563025210084,0.33571428571428574,0.7621848739495798,39.62815126050421
mexc,TROLLUSDT,TROLL-USDT,TROLL,USDT,True,1,True,1.309e-09,55812.15465803595,42765488170339.0,1.293e-09,51243651407.0,1.323e-09,119336447911.0,229.35779816513838,66.258041269251,1e-12,0.0,0.0,1.0,0.0,0.0005,exchangeInfo.quotePrecision/baseSizePrecision/quoteAmountPrecision,1,False,0.40672268907563025,0.04243697478991593,0.8079831932773109,39.590336134453786
mexc,DADDYUSDT,DADDY-USDT,DADDY,USDT,True,1,True,0.009343,54256.445974,5847706.27,0.009331,258.87,0.009351,467.86,21.41098383470633,2.4155159700000004,1e-06,0.0,0.0,1.0,0.0,0.0005,exchangeInfo.quotePrecision/baseSizePrecision/quoteAmountPrecision,1,False,0.30462184873949577,0.7058823529411764,0.25882352941176473,39.57773109243698
mexc,HOPRUSDT,HOPR-USDT,HOPR,USDT,True,1,True,0.02027,54568.6252,2736768.64,0.02025,13581.1,0.02031,175.47,29.585798816568555,3.5637957000000005,1e-05,0.0001,0.0001,1.0,0.0,0.0005,exchangeInfo.quotePrecision/baseSizePrecision/quoteAmountPrecision,1,False,0.32100840336134456,0.6172268907563025,0.3235294117647059,39.55672268907563
mexc,USUSDT,US-USDT,US,USDT,True,1,True,0.00531,49887.86333,9659571.41,0.00529,114082.19,0.00532,112551.3,56.55042412818029,598.772916,1e-05,0.0,0.0,1.0,0.0,0.0005,exchangeInfo.quotePrecision/baseSizePrecision/quoteAmountPrecision,1,False,0.23067226890756304,0.29957983193277316,0.9680672268907563,39.537815126050425
mexc,HIFIUSDT,HIFI-USDT,HIFI,USDT,True,1,True,0.00546,52899.823954,9101219.25,0.005457,527.3,0.005465,604.43,14.649331624244999,2.8774761,1e-06,0.0,0.0,1.0,0.0,0.0005,exchangeInfo.quotePrecision/baseSizePrecision/quoteAmountPrecision,1,False,0.25798319327731095,0.7848739495798319,0.2857142857142857,39.52521008403362
mexc,THQUSDT,THQ-USDT,THQ,USDT,True,1,True,0.02171,54369.03971,2527096.79,0.02169,115.9,0.02174,133.62,23.025558369789533,2.5138710000000004,1e-05,0.0,0.0,1.0,0.0,0.0005,exchangeInfo.quotePrecision/baseSizePrecision/quoteAmountPrecision,1,False,0.31092436974789917,0.6857142857142857,0.2634453781512605,39.51260504201681
mexc,ITOTONUSDT,ITOTON-USDT,ITOTON,USDT,True,1,True,147.15,57059.28,389.23,146.22,0.03,147.16,0.03,64.08071443179479,4.3866,0.01,0.0,0.0,1.0,0.0,0.0005,exchangeInfo.quotePrecision/baseSizePrecision/quoteAmountPrecision,1,False,0.47394957983193275,0.25,0.35756302521008404,39.46848739495798
mexc,BONKUSDC,BONK-USDC,BONK,USDC,True,1,True,5.708e-06,51453.815533396,8963841556.0,5.7e-06,3378986.0,5.72e-06,4847042.0,35.02626970227786,19.2602202,1e-09,0.0,0.0,1.0,0.0,0.0,exchangeInfo.quotePrecision/baseSizePrecision/quoteAmountPrecision,1,False,0.23865546218487396,0.55,0.6260504201680672,39.39705882352942
mexc,CLAWDONBASEUSDT,CLAWDONBASE-USDT,CLAWDONBASE,USDT,True,1,True,2.596e-05,54864.46786544,2146668070.0,2.595e-05,7000000.0,2.628e-05,9047063.0,126.36415852958015,181.65,1e-08,0.0,0.0,1.0,0.0,0.0005,exchangeInfo.quotePrecision/baseSizePrecision/quoteAmountPrecision,1,False,0.3407563025210084,0.10042016806722687,0.9067226890756303,39.38655462184874
mexc,ARSUSDT,ARS-USDT,ARS,USDT,True,1,True,0.000683,55457.2612981,81059850.28,0.0006814,40235.51,0.0006868,61733.87,78.93582809530803,27.416476514,1e-07,0.0,0.0,1.0,0.0,0.0005,exchangeInfo.quotePrecision/baseSizePrecision/quoteAmountPrecision,1,False,0.38529411764705884,0.1789915966386555,0.6857142857142857,39.38025210084034
mexc,AAPLONUSDT,AAPLON-USDT,AAPLON,USDT,True,1,True,255.74,55628.16,218.262,254.12,0.051,255.77,0.069,64.71984153444883,12.96012,0.01,0.0,0.0,1.0,0.0,0.0005,exchangeInfo.quotePrecision/baseSizePrecision/quoteAmountPrecision,1,False,0.39663865546218485,0.24663865546218489,0.5680672268907563,39.34243697478992
mexc,ASPUSDT,ASP-USDT,ASP,USDT,True,1,True,0.02534,56728.76756,2223386.23,0.02526,297.1,0.02542,197.54,63.14127861089204,5.0214668,1e-05,0.0,0.0,1.0,0.0,0.0005,exchangeInfo.quotePrecision/baseSizePrecision/quoteAmountPrecision,1,False,0.45966386554621846,0.25546218487394956,0.38235294117647056,39.31512605042017
mexc,LLUSDT,LL-USDT,LL,USDT,True,1,True,0.003254,44807.064069,13694081.38,0.003253,27289.63,0.003255,614.62,6.146281499693502,2.0005881,1e-06,0.0,0.0,1.0,0.0,0.0005,exchangeInfo.quotePrecision/baseSizePrecision/quoteAmountPrecision,1,False,0.2184873949579832,0.9067226890756303,0.23109243697478993,39.30672268907563
mexc,YFIIUSDT,YFII-USDT,YFII,USDT,True,1,True,35.58,58828.11,1671.7408,35.48,0.057,35.73,0.0959,70.21485746383935,2.02236,0.01,0.0001,0.0001,1.0,0.0,0.0005,exchangeInfo.quotePrecision/baseSizePrecision/quoteAmountPrecision,1,False,0.530672268907563,0.21512605042016808,0.23277310924369748,39.220588235294116
mexc,67USDT,67-USDT,67,USDT,True,1,True,0.001588,57107.220002,39619155.77,0.001579,34396.14,0.001594,4675.41,94.54774661203795,7.452603539999999,1e-06,0.0,0.0,1.0,0.0,0.0005,exchangeInfo.quotePrecision/baseSizePrecision/quoteAmountPrecision,1,False,0.4773109243697479,0.13991596638655457,0.469327731092437,39.136554621848745
mexc,MELANIAUSDC,MELANIA-USDC,MELANIA,USDC,True,1,True,0.1082,56001.7204,510749.98,0.1078,119.97,0.1086,113.7,73.93715341959289,12.34782,0.0001,0.0,0.0,1.0,0.0,0.0,exchangeInfo.quotePrecision/baseSizePrecision/quoteAmountPrecision,1,False,0.41722689075630254,0.1987394957983193,0.5600840336134454,39.117647058823536
mexc,RVVUSDT,RVV-USDT,RVV,USDT,True,1,True,0.0001715,54458.9270766,317632965.3,0.0001714,178815.72,0.0001718,11935.71,23.31002331002388,2.050554978,1e-07,0.0,0.0,1.0,0.0,0.0005,exchangeInfo.quotePrecision/baseSizePrecision/quoteAmountPrecision,1,False,0.31512605042016806,0.6831932773109244,0.23529411764705882,39.11764705882353
mexc,NTMPIUSDT,NTMPI-USDT,NTMPI,USDT,True,1,True,0.004266,48256.252462,11326868.96,0.004257,3523.6,0.004268,2125.35,25.806451612902574,9.0709938,1e-06,0.0,0.0,1.0,0.0,0.0005,exchangeInfo.quotePrecision/baseSizePrecision/quoteAmountPrecision,1,False,0.22773109243697479,0.657563025210084,0.507563025210084,39.115546218487395
mexc,DEFACTORUSDT,DEFACTOR-USDT,DEFACTOR,USDT,True,1,True,0.00551,28619.67065,5224637.98,0.00549,9666.33,0.00551,12302.75,36.36363636363646,53.0681517,1e-05,0.0,0.0,1.0,0.0,0.0005,exchangeInfo.quotePrecision/baseSizePrecision/quoteAmountPrecision,1,False,0.18403361344537816,0.5348739495798319,0.7802521008403361,39.09873949579833
mexc,BITBOARDUSDT,BITBOARD-USDT,BITBOARD,USDT,True,1,True,0.000488,52498.9413079,104864033.51,0.0004879,2091.03,0.000488,22086.23,2.0493903063839007,1.020213537,1e-07,0.0,0.0,1.0,0.0,0.0005,exchangeInfo.quotePrecision/baseSizePrecision/quoteAmountPrecision,1,False,0.25210084033613445,0.9743697478991596,0.043697478991596636,39.09873949579832
mexc,PDDONUSDT,PDDON-USDT,PDDON,USDT,True,1,True,100.82,56944.47,566.34,100.24,0.05,100.93,0.05,68.59869761893044,5.0120000000000005,0.01,0.0,0.0,1.0,0.0,0.0005,exchangeInfo.quotePrecision/baseSizePrecision/quoteAmountPrecision,1,False,0.46974789915966386,0.22521008403361342,0.3815126050420168,39.096638655462186
mexc,GOCHUUSDT,GOCHU-USDT,GOCHU,USDT,True,1,True,1.991e-07,46507.2599689701,237740843270.0,1.989e-07,24312720.0,1.992e-07,99464207.0,15.071590052751697,4.835800008,1e-10,0.0,0.0,1.0,0.0,0.0005,exchangeInfo.quotePrecision/baseSizePrecision/quoteAmountPrecision,1,False,0.2235294117647059,0.7760504201680672,0.3689075630252101,39.07352941176471
mexc,BTWUSDT,BTW-USDT,BTW,USDT,True,1,True,0.019503,58473.879128,3045848.72,0.019487,1771.32,0.019617,89.04,66.48936170212673,1.74669768,1e-06,0.0,0.0,1.0,0.0,0.0005,exchangeInfo.quotePrecision/baseSizePrecision/quoteAmountPrecision,1,False,0.5247899159663866,0.23571428571428577,0.21554621848739497,39.06722689075631
mexc,FLOCKUSDT,FLOCK-USDT,FLOCK,USDT,True,1,True,0.0504,34765.10209,692154.32,0.0504,200.0,0.05051,200.0,21.801605390942225,10.08,1e-05,0.0,0.0,1.0,0.0,0.0005,exchangeInfo.quotePrecision/baseSizePrecision/quoteAmountPrecision,1,False,0.2008403361344538,0.7016806722689075,0.5239495798319328,39.0672268907563
mexc,PHYUSDT,PHY-USDT,PHY,USDT,True,1,True,0.0005956,59140.1132337,101187524.33,0.0005862,13703.0,0.0005975,9102.45,190.92675508997215,5.438713875000001,1e-07,0.0,0.0,1.0,0.0,0.0005,exchangeInfo.quotePrecision/baseSizePrecision/quoteAmountPrecision,1,False,0.538235294117647,0.05378151260504205,0.4054621848739496,39.05672268907563
mexc,XEPUSDT,XEP-USDT,XEP,USDT,True,1,True,0.000201,60155.6651776,302909966.58,0.0002,10361.93,0.0002018,34503.96,89.59681433548977,2.0723860000000003,1e-07,0.0001,0.0001,1.0,0.0,0.0005,exchangeInfo.quotePrecision/baseSizePrecision/quoteAmountPrecision,1,False,0.5550420168067227,0.1504201680672269,0.23697478991596638,39.02731092436975
mexc,MAPOUSDT,MAPO-USDT,MAPO,USDT,True,1,True,0.003245,16405.368321,5070372.37,0.003225,14693.61,0.003234,26275.37,27.868091035763722,47.38689225,1e-06,0.0,0.0,1.0,0.0,0.0005,exchangeInfo.quotePrecision/baseSizePrecision/quoteAmountPrecision,1,False,0.14369747899159663,0.6365546218487395,0.7600840336134453,39.01890756302521
mexc,PIXELUSDC,PIXEL-USDC,PIXEL,USDC,True,1,True,0.006612,54326.674195,7986975.57,0.006598,24354.43,0.006628,2419.7,45.36518977771135,16.0377716,1e-06,0.0,0.0,1.0,0.0,0.0,exchangeInfo.quotePrecision/baseSizePrecision/quoteAmountPrecision,1,False,0.30756302521008405,0.40294117647058825,0.5995798319327731,38.98109243697479
mexc,SRDSUSDT,SRDS-USDT,SRDS,USDT,False,1,True,0.01421,52871.43009,3859518.98,0.0142,6562.42,0.01421,92.84,7.039774727208441,1.3192564,1e-05,0.0,0.0,1.0,0.0,0.0005,exchangeInfo.quotePrecision/baseSizePrecision/quoteAmountPrecision,1,False,0.257563025210084,0.8865546218487395,0.13067226890756303,38.943277310924366
mexc,EWTUSDT,EWT-USDT,EWT,USDT,True,1,True,0.4409,24099.9765,53345.29,0.4408,11.34,0.4411,362.31,6.803492459461775,4.998672,0.0001,0.0,0.0,1.0,0.0,0.0005,exchangeInfo.quotePrecision/baseSizePrecision/quoteAmountPrecision,1,False,0.16638655462184873,0.8924369747899159,0.3739495798319328,38.94117647058823
mexc,CALCIFYUSDT,CALCIFY-USDT,CALCIFY,USDT,True,1,True,0.02068,8228.41887,393851.9,0.02061,4468.47,0.02067,6769.34,29.069767441860964,92.09516670000001,1e-05,0.0,0.0,1.0,0.0,0.0005,exchangeInfo.quotePrecision/baseSizePrecision/quoteAmountPrecision,1,False,0.1134453781512605,0.6218487394957983,0.8508403361344538,38.80252100840336
mexc,KLVUSDT,KLV-USDT,KLV,USDT,True,1,True,0.0010796,54773.7566187,50602070.75,0.0010781,7948.15,0.0010829,11591.08,44.42387783433504,8.568900515,1e-07,0.0001,0.0001,1.0,0.0,0.0005,exchangeInfo.quotePrecision/baseSizePrecision/quoteAmountPrecision,1,False,0.33403361344537813,0.4172268907563025,0.49831932773109244,38.76890756302521
mexc,WLFIUSD1,WLFI-USD1,WLFI,USD1,True,1,True,0.0976,69033.61495,699588.35,0.09732,12.57,0.09849,218.81,119.50360042898633,1.2233124,1e-05,0.0,0.0,1.0,0.0001,0.0001,exchangeInfo.quotePrecision/baseSizePrecision/quoteAmountPrecision,1,False,0.6256302521008403,0.1071428571428571,0.08319327731092437,38.75210084033613
mexc,KFIUSDT,KFI-USDT,KFI,USDT,True,1,True,0.3439,4056.1302,11797.69,0.3437,107.89,0.3439,34.43,5.817335660266957,11.840477,0.0001,0.0,0.0,1.0,0.0,0.0005,exchangeInfo.quotePrecision/baseSizePrecision/quoteAmountPrecision,1,False,0.08823529411764706,0.9147058823529411,0.5504201680672269,38.72899159663866
mexc,SAIUSDT,SAI-USDT,SAI,USDT,True,1,True,0.0009308,43203.3634723,46403584.28,0.0009299,11395.2,0.0009324,20090.05,26.84852064651245,10.596396480000001,1e-07,0.0,0.0,1.0,0.0,0.0005,exchangeInfo.quotePrecision/baseSizePrecision/quoteAmountPrecision,1,False,0.21512605042016808,0.6466386554621848,0.5361344537815126,38.720588235294116
mexc,LINONUSDT,LINON-USDT,LINON,USDT,True,1,True,508.66,51757.28,101.981,506.52,0.094,508.81,0.632,45.10848689588647,47.61288,0.01,0.0,0.0,1.0,0.0,0.0005,exchangeInfo.quotePrecision/baseSizePrecision/quoteAmountPrecision,1,False,0.2411764705882353,0.40630252100840336,0.7609243697478991,38.640756302521005
mexc,SANDUSDC,SAND-USDC,SAND,USDC,True,1,True,0.07674,54829.40304,721545.14,0.07665,50.39,0.07693,70.26,36.46308113035584,3.8623935,1e-05,0.0,0.0,1.0,0.0,0.0,exchangeInfo.quotePrecision/baseSizePrecision/quoteAmountPrecision,1,False,0.3365546218487395,0.5331932773109244,0.3378151260504202,38.596638655462186
mexc,CRETAUSDT,CRETA-USDT,CRETA,USDT,True,1,True,0.002144,43164.737261,20133956.21,0.002141,2610.1,0.002145,23317.87,18.66542230518011,5.5882241,1e-06,0.001,0.001,1.0,0.0,0.0005,exchangeInfo.quotePrecision/baseSizePrecision/quoteAmountPrecision,1,False,0.21470588235294116,0.7369747899159664,0.4180672268907563,38.59453781512605
mexc,CEGONUSDT,CEGON-USDT,CEGON,USDT,True,1,True,271.18,57410.71,211.013,270.86,0.04,273.2,0.019,86.01992427305721,5.190799999999999,0.01,0.0,0.0,1.0,0.0,0.0005,exchangeInfo.quotePrecision/baseSizePrecision/quoteAmountPrecision,1,False,0.48739495798319327,0.1588235294117647,0.3907563025210084,38.59243697478992
mexc,INTUONUSDT,INTUON-USDT,INTUON,USDT,True,1,True,425.97,54900.67,129.277,422.98,0.91,426.71,0.129,87.79672586472623,55.04559,0.01,0.0,0.0,1.0,0.0,0.0005,exchangeInfo.quotePrecision/baseSizePrecision/quoteAmountPrecision,1,False,0.34369747899159664,0.15588235294117647,0.7865546218487395,38.53151260504202
mexc,ARTUSDT,ART-USDT,ART,USDT,True,1,True,0.0003386,53520.0236167,156302288.4,0.0003382,5913.66,0.0003388,44273.91,17.72525849335346,1.9999998119999998,1e-07,0.0,0.0,1.0,0.0,0.0005,exchangeInfo.quotePrecision/baseSizePrecision/quoteAmountPrecision,1,False,0.2773109243697479,0.7474789915966387,0.22941176470588234,38.52731092436975
mexc,ALEPHUSDT,ALEPH-USDT,ALEPH,USDT,True,1,True,0.0213,51920.35314,2544791.72,0.02129,162.48,0.0213,58.69,4.695938013618028,1.250097,1e-05,5.0,5.0,1.0,0.0,0.0005,exchangeInfo.quotePrecision/baseSizePrecision/quoteAmountPrecision,1,False,0.24411764705882352,0.9319327731092437,0.08907563025210084,38.50630252100841
mexc,CRWDONUSDT,CRWDON-USDT,CRWDON,USDT,True,1,True,397.41,56138.47,141.855,394.57,0.027,397.85,0.136,82.7843820196368,10.65339,0.01,0.0,0.0,1.0,0.0,0.0005,exchangeInfo.quotePrecision/baseSizePrecision/quoteAmountPrecision,1,False,0.42815126050420166,0.16848739495798315,0.5369747899159664,38.49999999999999
mexc,JELLYJELLYUSDC,JELLYJELLY-USDC,JELLYJELLY,USDC,True,1,True,0.04161,54408.68374,1285802.52,0.04138,1646.36,0.04168,1564.0,72.23693715386507,65.18752,1e-05,0.0,0.0,1.0,0.0,0.0,exchangeInfo.quotePrecision/baseSizePrecision/quoteAmountPrecision,1,False,0.3126050420168067,0.20588235294117652,0.8050420168067227,38.44117647058824
mexc,NCUSDT,NC-USDT,NC,USDT,True,1,True,0.000853,37699.537446,44158185.13,0.000852,29222.54,0.000855,490522.21,35.149384885764086,24.89760408,1e-06,0.0,0.0,1.0,0.0,0.0005,exchangeInfo.quotePrecision/baseSizePrecision/quoteAmountPrecision,1,False,0.20504201680672268,0.5487394957983194,0.6684873949579831,38.3655462184874
mexc,VSYSUSDT,VSYS-USDT,VSYS,USDT,True,1,True,0.0002365,51381.0879601,217170182.62,0.0002364,10094.98,0.0002367,307148.62,12.682308180089084,2.386453272,1e-07,0.001,0.001,1.0,0.0,0.0005,exchangeInfo.quotePrecision/baseSizePrecision/quoteAmountPrecision,1,False,0.23823529411764705,0.8012605042016807,0.25798319327731095,38.294117647058826
mexc,ONIUSDT,ONI-USDT,ONI,USDT,True,1,True,0.008559,30398.454702,3551090.7,0.008546,3751.77,0.008576,6105.51,35.04263520616811,32.06262642,1e-06,0.0,0.0,1.0,0.0,0.0005,exchangeInfo.quotePrecision/baseSizePrecision/quoteAmountPrecision,1,False,0.18823529411764706,0.5495798319327732,0.7092436974789916,38.27731092436974
mexc,TAGUSDT,TAG-USDT,TAG,USDT,True,1,True,0.0007685,62792.8114153,81786722.26,0.0007722,1847.21,0.000782,1339016.43,126.10989576631091,1.426415562,1e-07,0.0,0.0,1.0,0.0,0.0005,exchangeInfo.quotePrecision/baseSizePrecision/quoteAmountPrecision,1,False,0.5861344537815126,0.10126050420168065,0.17478991596638654,38.26470588235294
mexc,POLSUSDT,POLS-USDT,POLS,USDT,True,1,True,0.05222,56067.61916,1060922.6,0.05215,89.04,0.05242,68.42,51.640049727455185,3.5865764,1e-05,0.01,0.01,1.0,0.0,0.0005,exchangeInfo.quotePrecision/baseSizePrecision/quoteAmountPrecision,1,False,0.4235294117647059,0.3365546218487395,0.32521008403361346,38.21218487394958
mexc,AEROBUDUSDT,AEROBUD-USDT,AEROBUD,USDT,True,1,True,0.001261,51677.623153,41171791.6,0.001259,156508.6,0.001264,16416.19,39.63535473642499,20.750064159999997,1e-06,0.0,0.0,1.0,0.0,0.0005,exchangeInfo.quotePrecision/baseSizePrecision/quoteAmountPrecision,1,False,0.23991596638655463,0.48655462184873954,0.6403361344537815,38.16596638655463
mexc,BLZUSDT,BLZ-USDT,BLZ,USDT,True,1,True,0.00997,55503.92687,5551199.22,0.00995,204.39,0.00999,264.33,40.120361083249854,2.0336805,1e-05,1.0,1.0,1.0,0.0,0.0005,exchangeInfo.quotePrecision/baseSizePrecision/quoteAmountPrecision,1,False,0.38907563025210085,0.48151260504201676,0.23403361344537815,38.117647058823536
mexc,AUCUSDT,AUC-USDT,AUC,USDT,True,1,True,0.0001332,24691.4184352,181497587.03,0.0001331,29867.87,0.0001332,697690.68,7.510326699211598,3.9754134970000004,1e-07,0.0,0.0,1.0,0.0,0.0005,exchangeInfo.quotePrecision/baseSizePrecision/quoteAmountPrecision,1,False,0.16806722689075632,0.8789915966386554,0.3445378151260504,38.10924369747899
mexc,IOUSDC,IO-USDC,IO,USDC,True,1,True,0.0997,54516.5741,541724.53,0.0989,807.37,0.0997,678.39,80.56394763343356,67.635483,0.0001,0.0,0.0,1.0,0.0,0.0,exchangeInfo.quotePrecision/baseSizePrecision/quoteAmountPrecision,1,False,0.3176470588235294,0.17563025210084038,0.8105042016806723,38.07142857142858
mexc,SPXUSDC,SPX-USDC,SPX,USDC,True,1,True,0.2643,55270.1702,208765.24,0.2637,457.3,0.2652,34.4,56.72149744753267,9.122879999999999,0.0001,0.0,0.0,1.0,0.0,0.0,exchangeInfo.quotePrecision/baseSizePrecision/quoteAmountPrecision,1,False,0.37184873949579833,0.2974789915966387,0.5088235294117647,38.06512605042017
mexc,SNOWONUSDT,SNOWON-USDT,SNOWON,USDT,True,1,True,151.62,57066.61,376.398,151.29,0.036,152.11,0.01,54.05405405405548,1.5211000000000001,0.01,0.0,0.0,1.0,0.0,0.0005,exchangeInfo.quotePrecision/baseSizePrecision/quoteAmountPrecision,1,False,0.4756302521008403,0.31974789915966384,0.1953781512605042,38.060924369747895
mexc,OWLUSDT,OWL-USDT,OWL,USDT,True,1,True,0.00366,53527.113593,14899968.32,0.003656,872.96,0.003665,1007.19,24.586805081272757,3.1915417600000002,1e-06,0.0,0.0,1.0,0.0,0.0005,exchangeInfo.quotePrecision/baseSizePrecision/quoteAmountPrecision,1,False,0.2777310924369748,0.669327731092437,0.3025210084033613,38.05882352941177
mexc,AVLUSDT,AVL-USDT,AVL,USDT,True,1,True,0.03318,56292.43052,1654408.44,0.03311,333.0,0.03329,99.81,54.216867469879396,3.3226749,1e-05,0.0,0.0,1.0,0.0,0.0005,exchangeInfo.quotePrecision/baseSizePrecision/quoteAmountPrecision,1,False,0.43403361344537816,0.31932773109243695,0.3096638655462185,38.04831932773109
mexc,AOUSDT,AO-USDT,AO,USDT,True,1,True,2.461,55446.357,22482.24,2.439,27.57,2.47,14.09,126.29863515991092,34.8023,0.001,0.0,0.0,1.0,0.0,0.0005,exchangeInfo.quotePrecision/baseSizePrecision/quoteAmountPrecision,1,False,0.3836134453781513,0.10084033613445376,0.7214285714285714,38.04831932773109
mexc,EDGENUSDT,EDGEN-USDT,EDGEN,USDT,True,1,True,0.001965,55337.15539,28172962.59,0.00196,1435.65,0.001968,16594.87,40.73319755600914,2.813874,1e-06,0.0,0.0,1.0,0.0,0.0005,exchangeInfo.quotePrecision/baseSizePrecision/quoteAmountPrecision,1,False,0.37563025210084033,0.47058823529411764,0.28025210084033614,38.029411764705884
mexc,BOBUSDC,BOB-USDC,BOB,USDC,True,1,True,0.005546,56777.522328,10366788.78,0.005521,606.78,0.005556,5791.74,63.19400559718391,3.3500323799999996,1e-06,0.0,0.0,1.0,0.0,0.0,exchangeInfo.quotePrecision/baseSizePrecision/quoteAmountPrecision,1,False,0.46218487394957986,0.2546218487394958,0.31176470588235294,38.02100840336135
mexc,GSTUSDT,GST-USDT,GST,USDT,True,1,True,0.001649,57538.994665,33975725.09,0.001643,21520.42,0.001656,2043.19,78.81176113973926,3.38352264,1e-06,0.1,0.1,1.0,0.0,0.0005,exchangeInfo.quotePrecision/baseSizePrecision/quoteAmountPrecision,1,False,0.49369747899159666,0.17983193277310927,0.3142857142857143,37.93487394957984
mexc,SKLUSDC,SKL-USDC,SKL,USDC,True,1,True,0.006615,55106.933488,8245165.45,0.006597,793.6,0.00662,286.78,34.80366195051764,1.8984835999999998,1e-06,0.0,0.0,1.0,0.0,0.0,exchangeInfo.quotePrecision/baseSizePrecision/quoteAmountPrecision,1,False,0.35714285714285715,0.5521008403361345,0.2235294117647059,37.91596638655462
mexc,WATTUSDT,WATT-USDT,WATT,USDT,True,1,True,0.19977,16624.792,83159.55,0.19979,61.86,0.20015,468.94,18.002700405060722,12.3590094,1e-05,0.0,0.0,1.0,0.0,0.0005,exchangeInfo.quotePrecision/baseSizePrecision/quoteAmountPrecision,1,False,0.14453781512605043,0.7449579831932773,0.561344537815126,37.80042016806723
mexc,MAGAETHUSDT,MAGAETH-USDT,MAGAETH,USDT,True,1,True,1.188e-06,57735.021531157,47768869984.8,1.181e-06,4582026.81,1.198e-06,7167631.87,142.91719209752003,5.411373662609999,1e-09,0.0,0.0,1.0,0.0,0.0005,exchangeInfo.quotePrecision/baseSizePrecision/quoteAmountPrecision,1,False,0.5025210084033613,0.08403361344537819,0.4016806722689076,37.773109243697476
mexc,XVGUSDC,XVG-USDC,XVG,USDC,True,1,True,0.004207,52346.439042,12402117.56,0.004198,18657.28,0.004218,8543.36,47.528517110266286,36.03589248000001,1e-06,0.0,0.0,1.0,0.0,0.0,exchangeInfo.quotePrecision/baseSizePrecision/quoteAmountPrecision,1,False,0.25,0.37815126050420167,0.7273109243697479,37.75
mexc,BUTTHOLEUSDT,BUTTHOLE-USDT,BUTTHOLE,USDT,True,1,True,0.0004571,55290.7263521,120744265.92,0.0004559,329091.7,0.0004584,15637.2,54.68664552116268,7.16809248,1e-07,0.0,0.0,1.0,0.0,0.0005,exchangeInfo.quotePrecision/baseSizePrecision/quoteAmountPrecision,1,False,0.37436974789915967,0.31470588235294117,0.4638655462184874,37.73529411764706
mexc,ARCUSDT,ARC-USDT,ARC,USDT,True,1,True,0.00097,1235.895326,1279166.02,0.000971,25821.62,0.000972,36941.21,10.29336078229567,25.07279302,1e-06,0.001,0.001,1.0,0.0,0.0005,exchangeInfo.quotePrecision/baseSizePrecision/quoteAmountPrecision,1,False,0.0634453781512605,0.8323529411764706,0.6718487394957983,37.73529411764706
mexc,SPAUSDT,SPA-USDT,SPA,USDT,True,1,True,0.003005,53107.600235,17516321.76,0.003002,921.23,0.003007,600.0,16.641704110501678,1.8042,1e-06,1.0,1.0,1.0,0.0,0.0005,exchangeInfo.quotePrecision/baseSizePrecision/quoteAmountPrecision,1,False,0.26218487394957984,0.757563025210084,0.2184873949579832,37.72899159663866
mexc,RDWONUSDT,RDWON-USDT,RDWON,USDT,True,1,True,9.663,56012.695,5788.34,9.634,1.03,9.713,38.33,81.66640822866474,9.923020000000001,0.001,0.0,0.0,1.0,0.0,0.0005,exchangeInfo.quotePrecision/baseSizePrecision/quoteAmountPrecision,1,False,0.4184873949579832,0.17268907563025215,0.5180672268907563,37.69537815126051
mexc,XYZUSDT,XYZ-USDT,XYZ,USDT,True,1,True,8.918e-05,20413.99238871,228313936.5,8.916e-05,91860.9,8.93e-05,8820418.06,15.689790429228827,8.190317843999999,1e-08,0.0,0.0,1.0,0.0,0.0005,exchangeInfo.quotePrecision/baseSizePrecision/quoteAmountPrecision,1,False,0.15672268907563025,0.7697478991596639,0.49117647058823527,37.68697478991597
mexc,XELSUSDT,XELS-USDT,XELS,USDT,True,1,True,0.027726,16796.158644,605861.15,0.0277,1021.91,0.027761,622.47,21.99743964227188,17.28038967,1e-06,0.0001,0.0001,1.0,0.0,0.0005,exchangeInfo.quotePrecision/baseSizePrecision/quoteAmountPrecision,1,False,0.1457983193277311,0.6983193277310924,0.6105042016806723,37.68697478991597
mexc,ATLBRYUSDT,ATLBRY-USDT,ATLBRY,USDT,True,1,True,0.0001,7176.8485355,69599511.36,9.96e-05,82589858.0,0.0001,65997282.18,40.08016032064226,6599.728218,1e-07,0.0,0.0,1.0,0.0,0.0005,exchangeInfo.quotePrecision/baseSizePrecision/quoteAmountPrecision,1,False,0.10420168067226891,0.48193277310924365,0.9953781512605042,37.686974789915965
mexc,WINGUSDT,WING-USDT,WING,USDT,True,1,True,0.04198,54141.65729,1289476.97,0.04189,196.93,0.04201,62.12,28.605482717521348,2.6096611999999997,1e-05,0.0001,0.0001,1.0,0.0,0.0005,exchangeInfo.quotePrecision/baseSizePrecision/quoteAmountPrecision,1,False,0.30084033613445377,0.6285714285714286,0.2676470588235294,37.61344537815126
mexc,ERAUSDC,ERA-USDC,ERA,USDC,True,1,True,0.1237,55812.0463,455146.74,0.1233,11.37,0.1238,31.04,40.46944556859462,1.401921,0.0001,0.0,0.0,1.0,0.0,0.0,exchangeInfo.quotePrecision/baseSizePrecision/quoteAmountPrecision,1,False,0.40630252100840336,0.4760504201680672,0.1672268907563025,37.59243697478991
mexc,TIXUSDT,TIX-USDT,TIX,USDT,True,1,True,0.001762,24715.973409,14074809.06,0.00176,6843.26,0.001764,53655.93,22.701475595913053,12.0441376,1e-06,0.0,0.0,1.0,0.0,0.0005,exchangeInfo.quotePrecision/baseSizePrecision/quoteAmountPrecision,1,False,0.1684873949579832,0.6882352941176471,0.5558823529411765,37.590336134453786
mexc,METAXUSDT,METAX-USDT,METAX,USDT,True,1,True,575.65,57677.11,100.385,571.84,0.003,575.73,0.003,67.79542860130512,1.7155200000000002,0.01,0.0,0.0,1.0,0.0,0.0005,exchangeInfo.quotePrecision/baseSizePrecision/quoteAmountPrecision,1,False,0.5012605042016807,0.22899159663865543,0.21260504201680672,37.54621848739497
mexc,AZEROUSDC,AZERO-USDC,AZERO,USDC,True,1,True,0.004889,26390.500219,4962671.76,0.00488,30335.05,0.004899,10025.37,38.85877901625917,49.11428763,1e-06,0.01,0.01,1.0,0.0,0.0,exchangeInfo.quotePrecision/baseSizePrecision/quoteAmountPrecision,1,False,0.17605042016806724,0.4991596638655462,0.7659663865546219,37.48109243697479
mexc,CYBROUSDT,CYBRO-USDT,CYBRO,USDT,True,1,True,0.002808,38402.315295,13940421.06,0.002803,36167.44,0.002815,15771.73,42.719829120683016,44.39741994999999,1e-06,0.0,0.0,1.0,0.0,0.0005,exchangeInfo.quotePrecision/baseSizePrecision/quoteAmountPrecision,1,False,0.20630252100840335,0.4407563025210084,0.7542016806722689,37.44957983193278
mexc,WMTXUSDT,WMTX-USDT,WMTX,USDT,True,1,True,0.07084,55610.91591,762443.28,0.07059,48.58,0.07093,224.71,48.04974561899477,3.4292621999999997,1e-05,0.0,0.0,1.0,0.0,0.0005,exchangeInfo.quotePrecision/baseSizePrecision/quoteAmountPrecision,1,False,0.3953781512605042,0.373109243697479,0.3176470588235294,37.4264705882353
mexc,SRXUSDT,SRX-USDT,SRX,USDT,True,1,True,0.05478,7599.0407,138682.0,0.05471,5968.43,0.05492,5365.0,38.310681382832236,294.6458,1e-05,0.0,0.0,1.0,0.0,0.0005,exchangeInfo.quotePrecision/baseSizePrecision/quoteAmountPrecision,1,False,0.10840336134453782,0.5067226890756302,0.938655462184874,37.403361344537814
mexc,FLMUSDT,FLM-USDT,FLM,USDT,True,1,True,0.002849,55596.557704,19875300.34,0.002842,1048.35,0.002855,1013.88,45.63805511672807,2.8946274,1e-06,0.0001,0.0001,1.0,0.0,0.0005,exchangeInfo.quotePrecision/baseSizePrecision/quoteAmountPrecision,1,False,0.3936974789915966,0.39957983193277313,0.28697478991596637,37.38235294117647
mexc,ACHUSDC,ACH-USDC,ACH,USDC,True,1,True,0.006161,56739.388694,9365914.44,0.006143,222.23,0.00617,194.49,43.8560870624545,1.2000033,1e-06,0.0,0.0,1.0,0.0,0.0,exchangeInfo.quotePrecision/baseSizePrecision/quoteAmountPrecision,1,False,0.46050420168067224,0.4285714285714286,0.06554621848739496,37.352941176470594
mexc,DOGEGOVUSDT,DOGEGOV-USDT,DOGEGOV,USDT,True,1,True,0.001854,60908.703299,32225787.97,0.001842,869.33,0.001869,1280.1,145.5133387227157,1.60130586,1e-06,0.0,0.0,1.0,0.0,0.0005,exchangeInfo.quotePrecision/baseSizePrecision/quoteAmountPrecision,1,False,0.5680672268907563,0.08151260504201685,0.20252100840336135,37.331932773109244
mexc,WHITEWHALEUSDT,WHITEWHALE-USDT,WHITEWHALE,USDT,True,1,True,0.00711,21545.524447,3119343.47,0.007081,6766.44,0.007107,14121.31,36.65069072455594,47.91316163999999,1e-06,0.0,0.0,1.0,0.0,0.0005,exchangeInfo.quotePrecision/baseSizePrecision/quoteAmountPrecision,1,False,0.16008403361344536,0.530672268907563,0.7626050420168067,37.3235294117647
mexc,MEMEFIUSDT,MEMEFI-USDT,MEMEFI,USDT,True,1,True,0.0001165,55668.8145926,451411909.93,0.0001155,203569.38,0.0001171,1653438.23,137.5752364574375,23.51226339,1e-07,0.0,0.0,1.0,0.0,0.0005,exchangeInfo.quotePrecision/baseSizePrecision/quoteAmountPrecision,1,False,0.3983193277310924,0.08865546218487397,0.657563025210084,37.27521008403362
mexc,BABYDOGEUSDC,BABYDOGE-USDC,BABYDOGE,USDC,True,1,True,3.776e-10,55482.64919834307,146021793476002.0,3.761e-10,27926673133.0,3.788e-10,83191850594.0,71.53265333156712,10.503221765321301,1e-13,0.0,0.0,1.0,0.0,0.0,exchangeInfo.quotePrecision/baseSizePrecision/quoteAmountPrecision,1,False,0.3873949579831933,0.20882352941176474,0.5331932773109244,37.19117647058824
mexc,AKIUSDT,AKI-USDT,AKI,USDT,True,1,True,6.6e-05,55266.839354,802435617.07,6.6e-05,916424.1,6.7e-05,605445.34,150.37593984962365,40.56483778,1e-06,0.0,0.0,1.0,0.0,0.0005,exchangeInfo.quotePrecision/baseSizePrecision/quoteAmountPrecision,1,False,0.37142857142857144,0.0752100840336134,0.7436974789915967,37.1827731092437
mexc,DORAFACTORYUSDT,DORAFACTORY-USDT,DORAFACTORY,USDT,True,1,True,0.00419,57038.154743,13500412.76,0.004162,1988.29,0.004232,1831.32,166.7857993805093,7.750146239999999,1e-06,0.01,0.01,1.0,0.0,0.0005,exchangeInfo.quotePrecision/baseSizePrecision/quoteAmountPrecision,1,False,0.47352941176470587,0.06260504201680672,0.4777310924369748,37.16386554621849
mexc,USDCUSDF,USDC-USDF,USDC,USDF,True,1,True,0.9962,54036.4974,54004.89,0.9952,105.94,1.005,222.94,97.99020097990122,105.431488,0.0001,0.0,0.0,1.0,0.0,0.0005,exchangeInfo.quotePrecision/baseSizePrecision/quoteAmountPrecision,1,False,0.2966386554621849,0.1348739495798319,0.8710084033613446,37.10714285714286
mexc,SENDUSDT,SEND-USDT,SEND,USDT,True,1,True,0.0897,45176.41086,504167.51,0.08971,0.01,0.08972,59.52,1.1146408069995122,0.0008971,1e-05,0.0,0.0,1.0,0.0,0.0005,exchangeInfo.quotePrecision/baseSizePrecision/quoteAmountPrecision,1,False,0.21932773109243697,0.9878151260504202,0.009663865546218488,36.951680672268914
mexc,XWGTUSDT,XWGT-USDT,XWGT,USDT,True,1,True,0.015713,15537.385043,987647.32,0.01566,4258.37,0.015719,5443.33,37.60476751967878,66.6860742,1e-06,0.0,0.0,1.0,0.0,0.0005,exchangeInfo.quotePrecision/baseSizePrecision/quoteAmountPrecision,1,False,0.1411764705882353,0.5197478991596638,0.8096638655462185,36.95168067226891
mexc,SOGNIUSDT,SOGNI-USDT,SOGNI,USDT,False,1,True,0.001283,45937.129762,35898094.72,0.001282,2114.23,0.001284,10143.1,15.58846453624356,2.7104428599999997,1e-06,0.0,0.0,1.0,0.0,0.0005,exchangeInfo.quotePrecision/baseSizePrecision/quoteAmountPrecision,1,False,0.22100840336134453,0.7710084033613446,0.2739495798319328,36.90966386554622
mexc,RSRUSDC,RSR-USDC,RSR,USDC,True,1,True,0.001441,55459.021671,37760064.8,0.001438,2482.69,0.001445,61759.94,48.56052722858177,3.5701082200000003,1e-06,0.0,0.0,1.0,0.0,0.0,exchangeInfo.quotePrecision/baseSizePrecision/quoteAmountPrecision,1,False,0.38571428571428573,0.36764705882352944,0.3243697478991597,36.89285714285715
mexc,LOFIUSDT,LOFI-USDT,LOFI,USDT,True,1,True,0.00318,7911.43626,2596539.88,0.00322,154514.58,0.00323,17005.36,31.007751937983233,54.927312799999996,1e-05,0.0,0.0,1.0,0.0,0.0005,exchangeInfo.quotePrecision/baseSizePrecision/quoteAmountPrecision,1,False,0.11176470588235295,0.6012605042016806,0.7852941176470588,36.884453781512605
mexc,CHIRPUSDT,CHIRP-USDT,CHIRP,USDT,True,1,True,0.00661,47541.87839,6862083.56,0.0066,1057.38,0.00662,1057.38,30.257186081694485,6.978708000000001,1e-05,0.0,0.0,1.0,0.0,0.0005,exchangeInfo.quotePrecision/baseSizePrecision/quoteAmountPrecision,1,False,0.22605042016806723,0.6100840336134454,0.45672268907563024,36.81932773109244
mexc,XDCUSDC,XDC-USDC,XDC,USDC,True,1,True,0.03058,52840.74874,1751715.14,0.0305,793.7,0.03062,317.66,39.26701570680695,9.7267492,1e-05,0.0,0.0,1.0,0.0,0.0,exchangeInfo.quotePrecision/baseSizePrecision/quoteAmountPrecision,1,False,0.25672268907563023,0.4915966386554622,0.515126050420168,36.712184873949575
mexc,TNSRUSDC,TNSR-USDC,TNSR,USDC,True,1,True,0.03671,52671.88653,1402479.96,0.03664,320.0,0.03679,320.0,40.85523627945099,11.7248,1e-05,0.0,0.0,1.0,0.0,0.0,exchangeInfo.quotePrecision/baseSizePrecision/quoteAmountPrecision,1,False,0.2546218487394958,0.4684873949579832,0.5478991596638656,36.67436974789916
mexc,SN3USDT,SN3-USDT,SN3,USDT,True,1,True,0.0007086,55885.7938166,74618404.69,0.0007073,5101.63,0.0007112,4653.41,54.98766302432204,3.309505192,1e-07,0.0,0.0,1.0,0.0,0.0005,exchangeInfo.quotePrecision/baseSizePrecision/quoteAmountPrecision,1,False,0.4117647058823529,0.3138655462184874,0.3088235294117647,36.670168067226896
mexc,EWYONUSDT,EWYON-USDT,EWYON,USDT,True,1,True,122.14,57423.95,470.11,121.85,0.01,122.5,0.04,53.20237364436306,1.2185,0.01,0.0,0.0,1.0,0.0,0.0005,exchangeInfo.quotePrecision/baseSizePrecision/quoteAmountPrecision,1,False,0.48823529411764705,0.3252100840336134,0.08109243697478992,36.60504201680672
mexc,BIOFIUSDT,BIOFI-USDT,BIOFI,USDT,True,1,True,8.29e-05,52985.6165302,644092280.0,8.28e-05,837093.91,8.31e-05,78517.5,36.16636528029021,6.52480425,1e-07,0.0001,0.0001,1.0,0.0,0.0005,exchangeInfo.quotePrecision/baseSizePrecision/quoteAmountPrecision,1,False,0.25882352941176473,0.5365546218487395,0.4470588235294118,36.590336134453786
mexc,MAMOUSDT,MAMO-USDT,MAMO,USDT,True,1,True,0.0127,55572.98432,4352340.62,0.01267,351.88,0.01274,498.04,55.09641873278149,4.4583196,1e-05,0.0,0.0,1.0,0.0,0.0005,exchangeInfo.quotePrecision/baseSizePrecision/quoteAmountPrecision,1,False,0.39201680672268907,0.31218487394957983,0.3600840336134454,36.5672268907563
mexc,BOMEUSDC,BOME-USDC,BOME,USDC,True,1,True,0.0003855,54803.7562649,144231432.77,0.0003843,41558.44,0.0003868,4539351.04,64.84243288808213,15.970908492000001,1e-07,0.0,0.0,1.0,0.0,0.0,exchangeInfo.quotePrecision/baseSizePrecision/quoteAmountPrecision,1,False,0.3352941176470588,0.24537815126050422,0.5978991596638655,36.53361344537815
mexc,ADXUSDT,ADX-USDT,ADX,USDT,True,1,True,0.073,10256.6714,137086.16,0.073,6403.39,0.0732,372.62,27.359781121751812,27.275784,0.0001,0.0,0.0,1.0,0.0,0.0005,exchangeInfo.quotePrecision/baseSizePrecision/quoteAmountPrecision,1,False,0.12436974789915967,0.6403361344537815,0.6840336134453782,36.52941176470589
mexc,MIRRORUSDT,MIRROR-USDT,MIRROR,USDT,True,1,True,0.00118,46324.507694,39075369.43,0.00118,2213.98,0.001182,3536.01,16.93480101608847,2.6124964,1e-06,0.0,0.0,1.0,0.0,0.0005,exchangeInfo.quotePrecision/baseSizePrecision/quoteAmountPrecision,1,False,0.22268907563025211,0.7558823529411764,0.2689075630252101,36.52310924369748
mexc,POPCATUSDC,POPCAT-USDC,POPCAT,USDC,True,1,True,0.04784,55056.84658,1148025.51,0.04768,180.09,0.04796,1382.91,58.55290673358479,8.5866912,1e-05,0.0,0.0,1.0,0.0,0.0,exchangeInfo.quotePrecision/baseSizePrecision/quoteAmountPrecision,1,False,0.3546218487394958,0.2810924369747899,0.4991596638655462,36.51470588235294
mexc,DUPEUSDT,DUPE-USDT,DUPE,USDT,True,1,True,0.010575,56700.854121,5436616.06,0.010438,5522.14,0.010579,643.05,134.1770947328358,6.802825949999999,1e-06,0.0,0.0,1.0,0.0,0.0005,exchangeInfo.quotePrecision/baseSizePrecision/quoteAmountPrecision,1,False,0.457563025210084,0.09159663865546219,0.45294117647058824,36.514705882352935
mexc,EGLDUSDC,EGLD-USDC,EGLD,USDC,True,1,True,3.751,54645.715,14480.36,3.742,0.86,3.756,0.74,37.34329154441129,2.7794399999999997,0.001,0.0,0.0,1.0,0.0,0.0,exchangeInfo.quotePrecision/baseSizePrecision/quoteAmountPrecision,1,False,0.32563025210084034,0.5214285714285714,0.2777310924369748,36.5
mexc,RHEAUSDT,RHEA-USDT,RHEA,USDT,True,1,True,0.01095,53970.49819,5056963.95,0.01092,182.8,0.01095,182.8,27.43484224965753,1.996176,1e-05,0.0,0.0,1.0,0.0,0.0005,exchangeInfo.quotePrecision/baseSizePrecision/quoteAmountPrecision,1,False,0.29033613445378154,0.6390756302521008,0.22773109243697479,36.5
mexc,LOBSTARUSDT,LOBSTAR-USDT,LOBSTAR,USDT,True,1,True,0.003751,68379.373424,18874337.46,0.003731,2463.55,0.003803,289.24,191.13352800637117,1.09997972,1e-06,0.0,0.0,1.0,0.0,0.0005,exchangeInfo.quotePrecision/baseSizePrecision/quoteAmountPrecision,1,False,0.6205882352941177,0.05336134453781516,0.05126050420168067,36.491596638655466
mexc,GFIUSDT,GFI-USDT,GFI,USDT,True,1,True,0.1198,53634.9369,454186.05,0.1195,4260.52,0.1199,32.07,33.416875522139634,3.845193,0.0001,0.1,0.1,1.0,0.0,0.0005,exchangeInfo.quotePrecision/baseSizePrecision/quoteAmountPrecision,1,False,0.2810924369747899,0.5718487394957983,0.3365546218487395,36.48739495798319
mexc,OASUSDT,OAS-USDT,OAS,USDT,True,1,True,0.000344,54683.2144953,162027481.99,0.0003432,7982.8,0.0003445,54641.0,37.807183364840235,2.73969696,1e-07,0.0,0.0,1.0,0.0,0.0005,exchangeInfo.quotePrecision/baseSizePrecision/quoteAmountPrecision,1,False,0.32857142857142857,0.5155462184873949,0.27563025210084036,36.47268907563025
mexc,ROUTEUSDT,ROUTE-USDT,ROUTE,USDT,True,1,True,0.000933,30743.087938,32982350.92,0.000931,6040.86,0.000933,12223.32,21.45922746781168,5.6240406599999995,1e-06,0.1,0.1,1.0,0.0,0.0005,exchangeInfo.quotePrecision/baseSizePrecision/quoteAmountPrecision,1,False,0.1903361344537815,0.7050420168067226,0.4189075630252101,36.47268907563025
mexc,UNHONUSDT,UNHON-USDT,UNHON,USDT,True,1,True,281.94,55675.51,198.155,280.34,0.019,282.07,0.019,61.52095446382597,5.326459999999999,0.01,0.0,0.0,1.0,0.0,0.0005,exchangeInfo.quotePrecision/baseSizePrecision/quoteAmountPrecision,1,False,0.39873949579831935,0.26386554621848735,0.3957983193277311,36.44327731092438
mexc,MINIMAUSDT,MINIMA-USDT,MINIMA,USDT,True,1,True,0.00392,34576.32256,8731231.14,0.00391,133868.93,0.00392,1664.04,25.542784163472778,6.5230368,1e-05,0.0,0.0,1.0,0.0,0.0005,exchangeInfo.quotePrecision/baseSizePrecision/quoteAmountPrecision,1,False,0.2,0.6600840336134454,0.446218487394958,36.42647058823529
mexc,PVTUSDT,PVT-USDT,PVT,USDT,True,1,True,0.000462,55211.4478661,120684312.57,0.000461,22109.68,0.0004633,10524.32,49.767391539543475,4.875917456,1e-07,0.0,0.0,1.0,0.0,0.0005,exchangeInfo.quotePrecision/baseSizePrecision/quoteAmountPrecision,1,False,0.36554621848739494,0.353781512605042,0.37058823529411766,36.36134453781512
mexc,MTPUSDT,MTP-USDT,MTP,USDT,True,1,True,0.0002239,59410.4055896,262232998.38,0.0002225,8601.33,0.0002254,6873.82,129.49319044429632,1.549359028,1e-07,0.0,0.0,1.0,0.0,0.0005,exchangeInfo.quotePrecision/baseSizePrecision/quoteAmountPrecision,1,False,0.5445378151260504,0.09747899159663864,0.19705882352941176,36.32773109243698
mexc,KULAUSDT,KULA-USDT,KULA,USDT,True,1,True,0.18449,17350.90886,95036.92,0.1842,176.4,0.18449,35.36,15.73137324039083,6.523566399999999,1e-05,0.0,0.0,1.0,0.0,0.0005,exchangeInfo.quotePrecision/baseSizePrecision/quoteAmountPrecision,1,False,0.14831932773109244,0.76890756302521,0.4466386554621849,36.313025210084035
mexc,BDPUSDT,BDP-USDT,BDP,USDT,True,1,True,0.00984,57061.73218,6043108.57,0.00981,682.76,0.0099,362.03,91.32420091324359,3.584097,1e-05,0.001,0.001,1.0,0.0,0.0005,exchangeInfo.quotePrecision/baseSizePrecision/quoteAmountPrecision,1,False,0.47478991596638653,0.1470588235294118,0.32478991596638657,36.28571428571429
mexc,DOGSUSDC,DOGS-USDC,DOGS,USDC,True,1,True,2.702e-05,55786.09187951,2051204552.0,2.696e-05,678248.0,2.708e-05,52671.0,44.4115470022214,1.4263306800000002,1e-08,0.0,0.0,1.0,0.0,0.0,exchangeInfo.quotePrecision/baseSizePrecision/quoteAmountPrecision,1,False,0.4054621848739496,0.41764705882352937,0.17436974789915966,36.22899159663866
mexc,HEMIUSDC,HEMI-USDC,HEMI,USDC,True,1,True,0.009137,57643.13679,7845019.79,0.009071,177.21,0.009133,150.19,68.11689738519149,1.37168527,1e-06,0.0,0.0,1.0,0.0,0.0,exchangeInfo.quotePrecision/baseSizePrecision/quoteAmountPrecision,1,False,0.49831932773109244,0.2264705882352941,0.15546218487394958,36.17857142857142
mexc,STREAMUSDT,STREAM-USDT,STREAM,USDT,True,1,True,0.006009,56714.693592,9470618.65,0.006009,194.16,0.006037,207.21,46.488460899884195,1.16670744,1e-06,0.0,0.0,1.0,0.0,0.0005,exchangeInfo.quotePrecision/baseSizePrecision/quoteAmountPrecision,1,False,0.4584033613445378,0.39033613445378146,0.06008403361344538,36.17226890756303
mexc,MELANIAEUR,MELANIA-EUR,MELANIA,EUR,True,1,True,0.09379,57118.73271,600885.17,0.0936,19.85,0.09426,571.46,70.26509102523092,1.8579600000000003,1e-05,0.0,0.0,1.0,0.0,0.0,exchangeInfo.quotePrecision/baseSizePrecision/quoteAmountPrecision,1,False,0.4781512605042017,0.2147058823529412,0.2218487394957983,36.10294117647059
mexc,GFALUSDT,GFAL-USDT,GFAL,USDT,True,1,True,0.001015,56515.683729,55356068.15,0.001007,7945.15,0.001023,16502.0,157.6354679802951,8.000766050000001,1e-06,0.0,0.0,1.0,0.0,0.0005,exchangeInfo.quotePrecision/baseSizePrecision/quoteAmountPrecision,1,False,0.44789915966386556,0.06932773109243695,0.4865546218487395,36.09873949579832
mexc,UDAOUSDT,UDAO-USDT,UDAO,USDT,True,1,True,0.07936,19507.83921,245778.68,0.07928,165.49,0.07937,55.2,11.345729593443789,4.3812240000000005,1e-05,0.0,0.0,1.0,0.0,0.0005,exchangeInfo.quotePrecision/baseSizePrecision/quoteAmountPrecision,1,False,0.15420168067226891,0.8189075630252101,0.3563025210084034,36.07983193277311
mexc,SN51USDT,SN51-USDT,SN51,USDT,True,1,True,12.67,14826.94,1180.33,12.65,2.1,12.69,97.35,31.570639305445262,26.565,0.01,0.0,0.0,1.0,0.0,0.0005,exchangeInfo.quotePrecision/baseSizePrecision/quoteAmountPrecision,1,False,0.13823529411764707,0.5957983193277311,0.6789915966386555,36.07773109243697
mexc,GODSUSDT,GODS-USDT,GODS,USDT,True,1,True,0.03114,54740.01534,1728358.92,0.0311,843.99,0.03121,52.4,35.307334296261416,1.635404,1e-05,0.0001,0.0001,1.0,0.0,0.0005,exchangeInfo.quotePrecision/baseSizePrecision/quoteAmountPrecision,1,False,0.3319327731092437,0.5470588235294118,0.20630252100840335,36.05882352941177
mexc,TIVAUSDT,TIVA-USDT,TIVA,USDT,True,1,True,0.09065,33032.05718,365274.15,0.09046,110.54,0.09075,2963.88,32.00706362783496,9.9994484,1e-05,0.0,0.0,1.0,0.0,0.0005,exchangeInfo.quotePrecision/baseSizePrecision/quoteAmountPrecision,1,False,0.19747899159663865,0.5911764705882353,0.5201680672268908,36.04411764705882
mexc,GATAUSDT,GATA-USDT,GATA,USDT,True,1,True,0.001597,55348.376712,34550002.38,0.001593,2259.52,0.001601,3259.57,50.093926111458856,3.59941536,1e-06,0.0,0.0,1.0,0.0,0.0005,exchangeInfo.quotePrecision/baseSizePrecision/quoteAmountPrecision,1,False,0.376890756302521,0.35,0.326890756302521,36.01680672268908
mexc,IOTAUSDC,IOTA-USDC,IOTA,USDC,True,1,True,0.06366,55489.93746,896155.43,0.06362,19.26,0.06386,19.18,37.652965171007864,1.2248348,1e-05,0.0,0.0,1.0,0.0,0.0,exchangeInfo.quotePrecision/baseSizePrecision/quoteAmountPrecision,1,False,0.38865546218487396,0.5184873949579831,0.08361344537815125,36.01050420168067
mexc,MILLIUSDT,MILLI-USDT,MILLI,USDT,True,1,True,1.368e-06,53400.018268548,43104954228.87,1.365e-06,870965.16,1.367e-06,9582912.35,14.641288433381687,1.1888674434000002,1e-09,0.0,0.0,1.0,0.0,0.0005,exchangeInfo.quotePrecision/baseSizePrecision/quoteAmountPrecision,1,False,0.27310924369747897,0.7857142857142857,0.06260504201680672,35.91596638655462
mexc,FREEDOMOFMONEYUSDT,FREEDOMOFMONEY-USDT,FREEDOMOFMONEY,USDT,True,1,True,0.012524,62981.358409,5247204.02,0.012517,105.19,0.012826,289.87,243.85431874679418,1.31666323,1e-06,0.0,0.0,1.0,0.0,0.0005,exchangeInfo.quotePrecision/baseSizePrecision/quoteAmountPrecision,1,False,0.588655462184874,0.03865546218487392,0.12857142857142856,35.913865546218496
mexc,MINUSDT,MIN-USDT,MIN,USDT,True,1,True,0.00521,17231.70747,3377766.44,0.0052,9064.12,0.00521,1479.57,19.212295869357273,7.7085597,1e-05,0.0,0.0,1.0,0.0,0.0005,exchangeInfo.quotePrecision/baseSizePrecision/quoteAmountPrecision,1,False,0.14705882352941177,0.7306722689075631,0.4773109243697479,35.90126050420168
mexc,FHEUSDC,FHE-USDC,FHE,USDC,True,1,True,0.01798,53300.95175,2906540.8,0.01791,2345.3,0.01801,1384.66,55.67928730512409,24.937726600000005,1e-05,0.0,0.0,1.0,0.0,0.0,exchangeInfo.quotePrecision/baseSizePrecision/quoteAmountPrecision,1,False,0.26932773109243696,0.30756302521008405,0.66890756302521,35.88025210084034
mexc,DBRUSDT,DBR-USDT,DBR,USDT,True,1,True,0.01434,54835.77813,3812738.93,0.01431,552.0,0.01439,552.0,55.74912891986077,7.89912,1e-05,0.0,0.0,1.0,0.0,0.0005,exchangeInfo.quotePrecision/baseSizePrecision/quoteAmountPrecision,1,False,0.3369747899159664,0.3067226890756303,0.4827731092436975,35.85714285714287
mexc,CAPTAINBNBUSDT,CAPTAINBNB-USDT,CAPTAINBNB,USDT,True,1,True,0.0006992,54828.6179419,83341854.17,0.0006964,7897.75,0.0006998,9974.03,48.703624122618166,5.4999931,1e-07,0.0,0.0,1.0,0.0,0.0005,exchangeInfo.quotePrecision/baseSizePrecision/quoteAmountPrecision,1,False,0.33613445378151263,0.36344537815126055,0.41386554621848737,35.85084033613445
mexc,PNDCUSDT,PNDC-USDT,PNDC,USDT,False,1,True,6.089e-08,56672.75869018725,929529398839.0,6e-08,459743280.0,6.141e-08,129308807.0,232.27081788979666,7.940853837870001,1e-11,0.0,0.0,1.0,0.0,0.0005,exchangeInfo.quotePrecision/baseSizePrecision/quoteAmountPrecision,1,False,0.45672268907563024,0.04159663865546215,0.48403361344537815,35.840336134453786
mexc,AUSDC,A-USDC,A,USDC,True,1,True,0.0798,56065.83913,710577.55,0.07947,4415.81,0.07982,15.86,43.945005963965485,1.2659452,1e-05,0.0,0.0,1.0,0.0,0.0,exchangeInfo.quotePrecision/baseSizePrecision/quoteAmountPrecision,1,False,0.4226890756302521,0.4252100840336135,0.09747899159663866,35.827731092436984
mexc,AMATONUSDT,AMATON-USDT,AMATON,USDT,True,1,True,348.3,53854.76,154.736,347.01,0.048,348.89,0.295,54.03075154476205,16.65648,0.01,0.0,0.0,1.0,0.0,0.0005,exchangeInfo.quotePrecision/baseSizePrecision/quoteAmountPrecision,1,False,0.2861344537815126,0.3205882352941176,0.603781512605042,35.82773109243698
mexc,BSWUSDT,BSW-USDT,BSW,USDT,True,1,True,0.001569,56032.638984,35522803.58,0.001559,12103.21,0.001572,3658.89,83.04056212072815,5.75177508,1e-06,0.0001,0.0001,1.0,0.0,0.0005,exchangeInfo.quotePrecision/baseSizePrecision/quoteAmountPrecision,1,False,0.42100840336134454,0.1663865546218487,0.42394957983193277,35.794117647058826
mexc,MOVEUSDC,MOVE-USDC,MOVE,USDC,True,1,True,0.01755,53479.67586,3033970.39,0.01745,5143.76,0.01761,5761.59,91.27210496292095,89.758612,1e-05,0.0,0.0,1.0,0.0,0.0,exchangeInfo.quotePrecision/baseSizePrecision/quoteAmountPrecision,1,False,0.27563025210084036,0.1474789915966387,0.8449579831932773,35.74579831932774
mexc,FLKUSDT,FLK-USDT,FLK,USDT,True,1,True,0.02586,57744.14704,2407370.5,0.02572,345.66,0.02614,133.33,161.97454685692256,3.4852462,1e-05,0.0,0.0,1.0,0.0,0.0005,exchangeInfo.quotePrecision/baseSizePrecision/quoteAmountPrecision,1,False,0.5033613445378151,0.06596638655462184,0.32016806722689073,35.7373949579832
mexc,CRMONUSDT,CRMON-USDT,CRMON,USDT,True,1,True,186.43,56275.61,301.627,185.83,0.029,187.49,0.535,88.93174756241275,5.38907,0.01,0.0,0.0,1.0,0.0,0.0005,exchangeInfo.quotePrecision/baseSizePrecision/quoteAmountPrecision,1,False,0.4331932773109244,0.15210084033613447,0.4004201680672269,35.636554621848745
mexc,PUMPUSDC,PUMP-USDC,PUMP,USDC,True,1,True,0.001648,55966.18086,33820189.5,0.001644,388197.6,0.001651,752.17,42.48861911987766,1.24183267,1e-06,0.0,0.0,1.0,0.0,0.0,exchangeInfo.quotePrecision/baseSizePrecision/quoteAmountPrecision,1,False,0.4147058823529412,0.4436974789915966,0.0865546218487395,35.63235294117647
mexc,SPKUSDC,SPK-USDC,SPK,USDC,True,1,True,0.02019,55593.43424,2766197.0,0.02014,444.16,0.02023,70.92,44.58756502353223,1.4347116000000002,1e-05,0.0,0.0,1.0,0.0,0.0,exchangeInfo.quotePrecision/baseSizePrecision/quoteAmountPrecision,1,False,0.39327731092436974,0.41512605042016804,0.1773109243697479,35.5546218487395
mexc,HASHAIUSDT,HASHAI-USDT,HASHAI,USDT,True,1,True,2.857e-05,56462.81963622,1969809445.93,2.827e-05,193168.93,2.859e-05,5244755.24,112.55715793176235,5.4608856511,1e-08,0.0,0.0,1.0,0.0,0.0005,exchangeInfo.quotePrecision/baseSizePrecision/quoteAmountPrecision,1,False,0.4449579831932773,0.11638655462184877,0.4084033613445378,35.55042016806723
mexc,KZENUSDT,KZEN-USDT,KZEN,USDT,True,1,True,0.00034,26750.7720414,78851169.02,0.0003399,3985.31,0.0003401,5987.73,5.882352941176613,1.3546068690000002,1e-07,0.001,0.001,1.0,0.0,0.0005,exchangeInfo.quotePrecision/baseSizePrecision/quoteAmountPrecision,1,False,0.1773109243697479,0.9126050420168067,0.14873949579831933,35.542016806722685
mexc,ENSUSDC,ENS-USDC,ENS,USDC,True,1,True,5.505,53043.272,9511.5,5.505,0.24,5.515,0.24,18.14882032667838,1.3212,0.001,0.0001,0.0001,1.0,0.0,0.0,exchangeInfo.quotePrecision/baseSizePrecision/quoteAmountPrecision,1,False,0.2605042016806723,0.7428571428571429,0.1315126050420168,35.529411764705884
mexc,AXSUSDC,AXS-USDC,AXS,USDC,True,1,True,1.1119,54859.0342,48825.19,1.1107,2.94,1.1146,1.23,35.05145373657498,1.3709580000000001,0.0001,0.0,0.0,1.0,0.0,0.0,exchangeInfo.quotePrecision/baseSizePrecision/quoteAmountPrecision,1,False,0.33991596638655464,0.5491596638655463,0.1550420168067227,35.52521008403362
mexc,NMRUSDC,NMR-USDC,NMR,USDC,True,1,True,7.167,55404.619,7566.62,7.157,32.08,7.185,0.18,39.04615813693987,1.2933,0.001,0.0,0.0,1.0,0.0,0.0,exchangeInfo.quotePrecision/baseSizePrecision/quoteAmountPrecision,1,False,0.380672268907563,0.4953781512605042,0.10882352941176471,35.497899159663866
mexc,LANDSHAREUSDT,LANDSHARE-USDT,LANDSHARE,USDT,True,1,True,0.1782,8785.2401,49302.81,0.1782,274.65,0.1786,83.35,22.421524663677772,14.88631,0.0001,0.0,0.0,1.0,0.0,0.0005,exchangeInfo.quotePrecision/baseSizePrecision/quoteAmountPrecision,1,False,0.11764705882352941,0.6920168067226891,0.5857142857142857,35.48529411764706
mexc,ANIMEUSDC,ANIME-USDC,ANIME,USDC,True,1,True,0.004509,55272.066617,12258713.41,0.004502,319.72,0.004519,283.85,37.68983482984071,1.28271815,1e-06,0.0,0.0,1.0,0.0,0.0,exchangeInfo.quotePrecision/baseSizePrecision/quoteAmountPrecision,1,False,0.3722689075630252,0.5172268907563025,0.10378151260504202,35.481092436974784
mexc,GAINUSDT,GAIN-USDT,GAIN,USDT,True,1,True,0.0005755,10075.0291386,16868319.51,0.0005755,18971.14,0.0005767,168111.18,20.8297170630104,10.917891069999998,1e-07,0.0,0.0,1.0,0.0,0.0005,exchangeInfo.quotePrecision/baseSizePrecision/quoteAmountPrecision,1,False,0.123109243697479,0.7138655462184874,0.5415966386554621,35.44957983193277
mexc,MASKSOLUSDT,MASKSOL-USDT,MASKSOL,USDT,True,1,True,0.001248,55390.279455,45424069.18,0.001243,4424.77,0.001251,5046.55,64.1539695268643,5.4999891100000005,1e-06,0.0,0.0,1.0,0.0,0.0005,exchangeInfo.quotePrecision/baseSizePrecision/quoteAmountPrecision,1,False,0.3798319327731092,0.2495798319327731,0.4134453781512605,35.39915966386554
mexc,BLUMUSDT,BLUM-USDT,BLUM,USDT,True,1,True,0.003072,55830.899025,17823774.4,0.003046,35412.38,0.003102,4435.67,182.1730644111908,13.75944834,1e-06,0.0,0.0,1.0,0.0,0.0005,exchangeInfo.quotePrecision/baseSizePrecision/quoteAmountPrecision,1,False,0.4079831932773109,0.05630252100840338,0.5764705882352941,35.37605042016807
mexc,EPICUSDC,EPIC-USDC,EPIC,USDC,True,1,True,0.2603,56023.69,213912.22,0.2597,5.42,0.261,5.42,49.932782792395756,1.4075739999999999,0.0001,0.0,0.0,1.0,0.0,0.0,exchangeInfo.quotePrecision/baseSizePrecision/quoteAmountPrecision,1,False,0.42016806722689076,0.3521008403361344,0.16974789915966387,35.30672268907563
mexc,PEAQUSDT,PEAQ-USDT,PEAQ,USDT,True,1,True,0.01366,44001.35673,3123971.04,0.01366,4665.08,0.0137,388.02,29.239766081871416,5.315874,1e-05,0.0,0.0,1.0,0.0,0.0005,exchangeInfo.quotePrecision/baseSizePrecision/quoteAmountPrecision,1,False,0.21638655462184875,0.6197478991596639,0.3953781512605042,35.30252100840337
mexc,SNFTUSDT,SNFT-USDT,SNFT,USDT,True,1,True,0.03788,57481.36301,1592602.04,0.03686,135.64,0.0379,1800.0,278.22364901016755,4.999690399999999,1e-05,0.01,0.01,1.0,0.0,0.0005,exchangeInfo.quotePrecision/baseSizePrecision/quoteAmountPrecision,1,False,0.4894957983193277,0.03319327731092436,0.37563025210084033,35.26470588235294
mexc,RHUSDT,RH-USDT,RH,USDT,True,1,True,0.007607,52600.151542,7151902.41,0.007599,3635.26,0.007618,262.85,24.97207071038959,2.0023913,1e-06,0.0,0.0,1.0,0.0,0.0005,exchangeInfo.quotePrecision/baseSizePrecision/quoteAmountPrecision,1,False,0.2533613445378151,0.6651260504201681,0.2319327731092437,35.201680672268914
mexc,REZUSDC,REZ-USDC,REZ,USDC,True,1,True,0.003317,54265.328414,15726967.44,0.003302,5655.06,0.003324,10011.97,66.40507093269036,18.67300812,1e-06,0.0,0.0,1.0,0.0,0.0,exchangeInfo.quotePrecision/baseSizePrecision/quoteAmountPrecision,1,False,0.3058823529411765,0.23739495798319332,0.6214285714285714,35.18697478991597
mexc,SURGEUSDT,SURGE-USDT,SURGE,USDT,True,1,True,0.01734,57518.19852,4398749.55,0.01734,222.63,0.01768,426.73,194.17475728155338,3.8604042,1e-05,0.0,0.0,1.0,0.0,0.0005,exchangeInfo.quotePrecision/baseSizePrecision/quoteAmountPrecision,1,False,0.49201680672268905,0.0516806722689076,0.3373949579831933,35.10084033613446
mexc,PZPUSDT,PZP-USDT,PZP,USDT,True,1,True,0.002656,53438.60278,20167272.81,0.002653,5614.49,0.002667,32192.65,52.63157894736889,14.895241969999999,1e-06,0.0,0.0,1.0,0.0,0.0005,exchangeInfo.quotePrecision/baseSizePrecision/quoteAmountPrecision,1,False,0.2743697478991597,0.3298319327731093,0.5865546218487395,35.06722689075631
mexc,BLASTUSDT,BLAST-USDT,BLAST,USDT,True,1,True,0.0004514,53776.7318121,119094257.72,0.000451,2815.6,0.000452,120000.0,22.148394241416838,1.2698356,1e-07,0.0,0.0,1.0,0.0,0.0005,exchangeInfo.quotePrecision/baseSizePrecision/quoteAmountPrecision,1,False,0.28445378151260503,0.6970588235294117,0.09915966386554621,35.0546218487395
mexc,GHXUSDT,GHX-USDT,GHX,USDT,True,1,True,0.00752,53269.537183,7075283.04,0.007499,366.8,0.007523,605.73,31.953135401412037,2.7506332,1e-06,0.0,0.0,1.0,0.0,0.0005,exchangeInfo.quotePrecision/baseSizePrecision/quoteAmountPrecision,1,False,0.2676470588235294,0.5915966386554622,0.27647058823529413,35.03991596638656
mexc,UPCUSDT,UPC-USDT,UPC,USDT,True,1,True,0.2368,39342.6069,166354.01,0.2362,32.03,0.237,124.0,33.812341504649,7.565486,0.0001,0.0,0.0,1.0,0.0,0.0005,exchangeInfo.quotePrecision/baseSizePrecision/quoteAmountPrecision,1,False,0.20840336134453782,0.5626050420168067,0.4718487394957983,34.964285714285715
mexc,0GUSDC,0G-USDC,0G,USDC,True,1,True,0.5246,53492.4183,101830.83,0.5232,38.6,0.5254,10.71,41.960709517451455,5.627034,0.0001,0.0,0.0,1.0,0.0,0.0,exchangeInfo.quotePrecision/baseSizePrecision/quoteAmountPrecision,1,False,0.27647058823529413,0.4521008403361344,0.4197478991596639,34.903361344537814
mexc,XXUSDT,XX-USDT,XX,USDT,True,1,True,0.00401,26336.76839,6556352.18,0.00399,18671.06,0.00401,29748.15,50.00000000000013,74.4975294,1e-05,0.01,0.01,1.0,0.0,0.0005,exchangeInfo.quotePrecision/baseSizePrecision/quoteAmountPrecision,1,False,0.17563025210084032,0.35084033613445376,0.823109243697479,34.89285714285714
mexc,SISUSDT,SIS-USDT,SIS,USDT,True,1,True,0.0375,26953.55708,722689.07,0.03746,208.0,0.0375,48.8,10.67235859124823,1.8299999999999998,1e-05,0.0,0.0,1.0,0.0,0.0005,exchangeInfo.quotePrecision/baseSizePrecision/quoteAmountPrecision,1,False,0.1781512605042017,0.8273109243697478,0.21932773109243697,34.86764705882352
mexc,HUMAUSDC,HUMA-USDC,HUMA,USDC,True,1,True,0.01467,56809.02156,4092825.63,0.01464,81.97,0.01472,32794.88,54.49591280653966,1.2000408,1e-05,0.0,0.0,1.0,0.0,0.0,exchangeInfo.quotePrecision/baseSizePrecision/quoteAmountPrecision,1,False,0.4647058823529412,0.3168067226890756,0.0680672268907563,34.84033613445378
mexc,BNCUSDT,BNC-USDT,BNC,USDT,True,1,True,0.02864,50793.09486,1774179.76,0.02856,552.84,0.02869,527.0,45.41484716157263,15.11963,1e-05,0.0001,0.0001,1.0,0.0,0.0005,exchangeInfo.quotePrecision/baseSizePrecision/quoteAmountPrecision,1,False,0.2357142857142857,0.40210084033613447,0.5907563025210084,34.831932773109244
mexc,CARROTUSDT,CARROT-USDT,CARROT,USDT,True,1,True,0.000107,56726.3858,394493536.01,0.000102,66986.64,0.000107,346403.14,478.4688995215311,6.83263728,1e-06,0.0,0.0,1.0,0.0,0.0005,exchangeInfo.quotePrecision/baseSizePrecision/quoteAmountPrecision,1,False,0.4592436974789916,0.019327731092437017,0.4533613445378151,34.80882352941176
mexc,LIKEUSDT,LIKE-USDT,LIKE,USDT,True,1,True,0.001094,52114.233812,48311936.11,0.001091,3271.96,0.001094,2376.16,27.459954233409288,2.5995190399999997,1e-06,0.0001,0.0001,1.0,0.0,0.0005,exchangeInfo.quotePrecision/baseSizePrecision/quoteAmountPrecision,1,False,0.2453781512605042,0.6386554621848739,0.2668067226890756,34.7983193277311
mexc,TREEUSDC,TREE-USDC,TREE,USDC,True,1,True,0.05679,54404.85393,961808.12,0.05658,140.91,0.05689,1280.0,54.63999294967916,7.972687799999999,1e-05,0.0,0.0,1.0,0.0,0.0,exchangeInfo.quotePrecision/baseSizePrecision/quoteAmountPrecision,1,False,0.31218487394957983,0.31554621848739495,0.48445378151260504,34.747899159663866
mexc,SAFEUSDT,SAFE-USDT,SAFE,USDT,True,1,True,0.1125,14971.1592,133994.71,0.1124,100.0,0.1127,100.0,26.65482007996399,11.24,0.0001,0.0001,0.0001,1.0,0.0,0.0005,exchangeInfo.quotePrecision/baseSizePrecision/quoteAmountPrecision,1,False,0.13907563025210085,0.6478991596638655,0.5445378151260504,34.73739495798319
mexc,SPONUSDT,SPON-USDT,SPON,USDT,True,1,True,0.002025,53205.469767,26284991.57,0.002023,1802.41,0.002026,156.31,14.81847369720901,0.31668406,1e-06,0.0,0.0,1.0,0.0,0.0005,exchangeInfo.quotePrecision/baseSizePrecision/quoteAmountPrecision,1,False,0.26596638655462185,0.7810924369747899,0.026050420168067228,34.6764705882353
mexc,SABAIUSDT,SABAI-USDT,SABAI,USDT,True,1,True,0.001908,29863.371248,15888423.46,0.001907,19989.57,0.001916,27114.5,47.083442322782595,38.12010999,1e-06,0.0,0.0,1.0,0.0,0.0005,exchangeInfo.quotePrecision/baseSizePrecision/quoteAmountPrecision,1,False,0.18739495798319328,0.3840336134453781,0.7340336134453781,34.588235294117645
mexc,KEYCATUSDT,KEYCAT-USDT,KEYCAT,USDT,True,1,True,0.0005224,54087.3818239,107850098.45,0.00052,15105.44,0.0005226,13997.35,49.87531172069948,7.31501511,1e-07,0.0,0.0,1.0,0.0,0.0005,exchangeInfo.quotePrecision/baseSizePrecision/quoteAmountPrecision,1,False,0.29831932773109243,0.3529411764705882,0.46638655462184875,34.55882352941176
mexc,BOBMEMEUSDT,BOBMEME-USDT,BOBMEME,USDT,True,1,True,8.973e-07,58545.2140530879,63514948401.86,8.854e-07,1816606.52,9.007e-07,7527918.98,171.32299423324542,1.6084234128080002,1e-10,0.0,0.0,1.0,0.0,0.0005,exchangeInfo.quotePrecision/baseSizePrecision/quoteAmountPrecision,1,False,0.5264705882352941,0.061344537815126055,0.20336134453781513,34.556722689075634
mexc,UFDUSDT,UFD-USDT,UFD,USDT,True,1,True,0.008445,56465.874094,6680851.11,0.008436,746.17,0.008533,518.67,114.32612410866858,4.42581111,1e-06,0.0,0.0,1.0,0.0,0.0005,exchangeInfo.quotePrecision/baseSizePrecision/quoteAmountPrecision,1,False,0.44537815126050423,0.1151260504201681,0.3584033613445378,34.54201680672269
mexc,XRUSDT,XR-USDT,XR,USDT,True,1,True,0.005039,33830.572084,6694075.38,0.005028,3458.69,0.005049,3444.28,41.67907115212726,17.39016972,1e-06,0.0,0.0,1.0,0.0,0.0005,exchangeInfo.quotePrecision/baseSizePrecision/quoteAmountPrecision,1,False,0.1991596638655462,0.45378151260504207,0.6121848739495799,34.54201680672269
mexc,REEFUSDT,REEF-USDT,REEF,USDT,True,1,True,6.85e-05,52340.86976679,764313506.6,6.824e-05,406044.1,6.864e-05,421343.51,58.4453535943887,27.708449383999998,1e-08,0.001,0.001,1.0,0.0,0.0005,exchangeInfo.quotePrecision/baseSizePrecision/quoteAmountPrecision,1,False,0.24915966386554622,0.28319327731092436,0.6878151260504202,34.53991596638656
mexc,SN64USDT,SN64-USDT,SN64,USDT,True,1,True,26.79,4538.99,168.21,26.7,2.03,26.79,1.87,33.65114974761633,50.097300000000004,0.01,0.0,0.0,1.0,0.0,0.0005,exchangeInfo.quotePrecision/baseSizePrecision/quoteAmountPrecision,1,False,0.0907563025210084,0.5642857142857143,0.7718487394957984,34.53571428571429
mexc,ZBTUSDC,ZBT-USDC,ZBT,USDC,True,1,True,0.09816,55411.21546,555507.63,0.09811,1250.3,0.09855,14.1,44.747279568798525,1.3895549999999999,1e-05,0.0,0.0,1.0,0.0,0.0,exchangeInfo.quotePrecision/baseSizePrecision/quoteAmountPrecision,1,False,0.3815126050420168,0.4121848739495798,0.16218487394957984,34.53151260504202
mexc,TRADEUSDT,TRADE-USDT,TRADE,USDT,True,1,True,0.03442,55881.59904,1645684.62,0.03432,92.23,0.03455,95.71,66.79250762305622,3.1653336000000003,1e-05,0.01,0.01,1.0,0.0,0.0005,exchangeInfo.quotePrecision/baseSizePrecision/quoteAmountPrecision,1,False,0.41092436974789914,0.2340336134453781,0.30126050420168066,34.476890756302524
mexc,DSYNCUSDC,DSYNC-USDC,DSYNC,USDC,True,1,True,0.01417,54904.81308,3865333.84,0.01413,250.97,0.0142,2266.14,49.41757853865204,3.5462061,1e-05,0.0,0.0,1.0,0.0,0.0,exchangeInfo.quotePrecision/baseSizePrecision/quoteAmountPrecision,1,False,0.3445378151260504,0.35840336134453776,0.3226890756302521,34.36344537815126
mexc,PNUTUSDC,PNUT-USDC,PNUT,USDC,True,1,True,0.04048,55186.38833,1368922.77,0.04041,32.33,0.04057,351.49,39.515929859224606,1.3064552999999999,1e-05,0.0,0.0,1.0,0.0,0.0,exchangeInfo.quotePrecision/baseSizePrecision/quoteAmountPrecision,1,False,0.36134453781512604,0.4878151260504202,0.11428571428571428,34.35504201680673
mexc,BANKUSDC,BANK-USDC,BANK,USDC,True,1,True,0.02926,53398.76413,1840488.13,0.02915,29204.54,0.02935,933.83,68.37606837606916,27.407910500000003,1e-05,0.0,0.0,1.0,0.0,0.0,exchangeInfo.quotePrecision/baseSizePrecision/quoteAmountPrecision,1,False,0.2726890756302521,0.2260504201680672,0.6852941176470588,34.35504201680673
mexc,NEROUSDT,NERO-USDT,NERO,USDT,True,1,True,0.003507,14879.056765,4244447.88,0.003501,72349.07,0.003509,2193.62,22.824536376604165,7.69741258,1e-06,0.0,0.0,1.0,0.0,0.0005,exchangeInfo.quotePrecision/baseSizePrecision/quoteAmountPrecision,1,False,0.13865546218487396,0.6861344537815126,0.4764705882352941,34.30882352941176
mexc,ASRUSDT,ASR-USDT,ASR,USDT,True,1,True,1.231,53310.696,43236.03,1.228,5.23,1.233,4.07,40.633888663145996,5.0183100000000005,0.001,0.0,0.0,1.0,0.0,0.0005,exchangeInfo.quotePrecision/baseSizePrecision/quoteAmountPrecision,1,False,0.26974789915966385,0.473109243697479,0.3819327731092437,34.30252100840336
mexc,MLUSDT,ML-USDT,ML,USDT,True,1,True,0.00665,22927.8079,3457523.05,0.00663,13402.42,0.00665,1319.22,30.120481927710923,8.772813,1e-05,0.0,0.0,1.0,0.0,0.0005,exchangeInfo.quotePrecision/baseSizePrecision/quoteAmountPrecision,1,False,0.16302521008403362,0.6109243697478992,0.5025210084033613,34.28991596638656
mexc,CVNAONUSDT,CVNAON-USDT,CVNAON,USDT,True,1,True,314.29,55554.05,176.595,313.61,0.017,316.0,0.351,75.9200139769059,5.331370000000001,0.01,0.0,0.0,1.0,0.0,0.0005,exchangeInfo.quotePrecision/baseSizePrecision/quoteAmountPrecision,1,False,0.3911764705882353,0.1907563025210084,0.39663865546218485,34.21638655462185
mexc,SUPERFORMUSDT,SUPERFORM-USDT,SUPERFORM,USDT,True,1,True,0.05678,55812.93885,988076.46,0.05662,154.81,0.05751,608.08,155.96249890475806,8.7653422,1e-05,0.0,0.0,1.0,0.0,0.0005,exchangeInfo.quotePrecision/baseSizePrecision/quoteAmountPrecision,1,False,0.40714285714285714,0.07100840336134451,0.5021008403361344,34.21008403361345
mexc,MMTUSDC,MMT-USDC,MMT,USDC,True,1,True,0.1104,55804.5282,507853.89,0.1102,806.4,0.1107,11.28,45.26935264825717,1.248696,0.0001,0.0,0.0,1.0,0.0,0.0,exchangeInfo.quotePrecision/baseSizePrecision/quoteAmountPrecision,1,False,0.40588235294117647,0.4046218487394958,0.08823529411764706,34.20378151260504
mexc,PACKUSDT,PACK-USDT,PACK,USDT,True,1,True,0.00816,7186.30632,875521.79,0.00816,11731.53,0.00819,5566.86,36.69724770642053,45.592583399999995,1e-05,0.0,0.0,1.0,0.0,0.0005,exchangeInfo.quotePrecision/baseSizePrecision/quoteAmountPrecision,1,False,0.1046218487394958,0.5302521008403361,0.7567226890756302,34.14495798319328
mexc,SENSOUSDT,SENSO-USDT,SENSO,USDT,True,1,True,0.003039,6769.379029,2226402.05,0.00304,8977.93,0.003041,657.89,3.2889327413244502,2.00064349,1e-06,0.001,0.001,1.0,0.0,0.0005,exchangeInfo.quotePrecision/baseSizePrecision/quoteAmountPrecision,1,False,0.10168067226890756,0.9567226890756303,0.23151260504201682,34.14075630252101
mexc,CAPUSDT,CAP-USDT,CAP,USDT,True,1,True,0.09526,38718.97906,404929.93,0.09487,159.53,0.09528,639.73,43.12384959242783,15.134611099999999,1e-05,0.0,0.0,1.0,0.0,0.0005,exchangeInfo.quotePrecision/baseSizePrecision/quoteAmountPrecision,1,False,0.20714285714285716,0.4361344537815126,0.5911764705882353,34.11974789915966
mexc,WBAIUSDT,WBAI-USDT,WBAI,USDT,True,1,True,0.00268,54680.799117,20261676.06,0.00267,49500.09,0.002683,1467.91,48.57089482533155,3.9384025300000003,1e-06,0.0,0.0,1.0,0.0,0.0005,exchangeInfo.quotePrecision/baseSizePrecision/quoteAmountPrecision,1,False,0.3281512605042017,0.36680672268907566,0.34327731092436975,34.08403361344538
mexc,FNTIOUSDT,FNTIO-USDT,FNTIO,USDT,True,1,True,0.0007592,50344.0512694,66335172.99,0.0007554,73909.69,0.0007607,172338.17,69.91623243849305,55.831379826,1e-07,0.0,0.0,1.0,0.0,0.0005,exchangeInfo.quotePrecision/baseSizePrecision/quoteAmountPrecision,1,False,0.23361344537815126,0.21680672268907564,0.7890756302521008,34.050420168067234
mexc,AGGONUSDT,AGGON-USDT,AGGON,USDT,True,1,True,101.42,54847.41,542.2,100.84,0.1,101.59,0.36,74.09968878130712,10.084000000000001,0.01,0.0,0.0,1.0,0.0,0.0005,exchangeInfo.quotePrecision/baseSizePrecision/quoteAmountPrecision,1,False,0.3382352941176471,0.19705882352941173,0.5243697478991597,34.01680672268908
mexc,RVFUSDT,RVF-USDT,RVF,USDT,True,1,True,0.02701,15980.68532,579306.71,0.02701,1250.3,0.02712,2076.6,40.642896730093845,33.770603,1e-05,0.0,0.0,1.0,0.0,0.0005,exchangeInfo.quotePrecision/baseSizePrecision/quoteAmountPrecision,1,False,0.14285714285714285,0.4726890756302521,0.715546218487395,33.98529411764706
mexc,CLOUDUSDT,CLOUD-USDT,CLOUD,USDT,True,1,True,0.02999,54034.14917,1740002.06,0.0299,604.22,0.03007,306.67,56.69501417375355,9.221566900000001,1e-05,0.0,0.0,1.0,0.0,0.0005,exchangeInfo.quotePrecision/baseSizePrecision/quoteAmountPrecision,1,False,0.296218487394958,0.2987394957983194,0.5096638655462185,33.95378151260504
mexc,ARXUSDT,ARX-USDT,ARX,USDT,True,1,True,0.01701,30577.1092,1841880.86,0.01701,44.58,0.01702,274.74,5.877167205406754,0.7583058,1e-05,0.0,0.0,1.0,0.0,0.0005,exchangeInfo.quotePrecision/baseSizePrecision/quoteAmountPrecision,1,False,0.18949579831932772,0.9134453781512605,0.03403361344537815,33.9390756302521
mexc,SQGROWUSDT,SQGROW-USDT,SQGROW,USDT,True,1,True,0.00473,36848.664546,7935539.02,0.004716,1301.05,0.004732,1573.92,33.86960203217694,6.1357517999999995,1e-06,0.0,0.0,1.0,0.0,0.0005,exchangeInfo.quotePrecision/baseSizePrecision/quoteAmountPrecision,1,False,0.2042016806722689,0.5605042016806723,0.43403361344537816,33.92436974789916
mexc,RICEUSDT,RICE-USDT,RICE,USDT,True,1,True,0.002952,55207.409127,18999058.61,0.002938,30803.77,0.002965,3066.6,91.47890902930752,9.092469,1e-06,0.0,0.0,1.0,0.0,0.0005,exchangeInfo.quotePrecision/baseSizePrecision/quoteAmountPrecision,1,False,0.36512605042016805,0.1466386554621849,0.5084033613445378,33.91596638655462
mexc,EPILEPTICUSDT,EPILEPTIC-USDT,EPILEPTIC,USDT,False,1,True,0.0004982,56638.5957656,113166796.34,0.0004982,6341.91,0.0005038,16474.41,111.776447105789,3.1595395619999995,1e-07,0.0,0.0,1.0,0.0,0.0005,exchangeInfo.quotePrecision/baseSizePrecision/quoteAmountPrecision,1,False,0.453781512605042,0.11806722689075633,0.3,33.90966386554622
mexc,WAVESUSDC,WAVES-USDC,WAVES,USDC,True,1,True,0.4045,26692.5895,66144.07,0.4036,88.81,0.4055,793.0,46.965764429613465,35.843716,0.0001,1e-06,1e-06,1.0,0.0,0.0,exchangeInfo.quotePrecision/baseSizePrecision/quoteAmountPrecision,1,False,0.17647058823529413,0.38655462184873945,0.7264705882352941,33.89915966386555
mexc,1INCHUSDC,1INCH-USDC,1INCH,USDC,True,1,True,0.08695,53893.65797,611742.63,0.0868,179.01,0.0871,18.77,34.502587694076446,1.6348669999999998,1e-05,0.0,0.0,1.0,0.0,0.0,exchangeInfo.quotePrecision/baseSizePrecision/quoteAmountPrecision,1,False,0.28823529411764703,0.5563025210084034,0.20588235294117646,33.878151260504204
mexc,ZTCUSDT,ZTC-USDT,ZTC,USDT,True,1,True,0.0007159,54670.1069531,75602633.27,0.0007139,123165.07,0.0007192,15646.55,73.96552927220814,11.25299876,1e-07,0.0,0.0,1.0,0.0,0.0005,exchangeInfo.quotePrecision/baseSizePrecision/quoteAmountPrecision,1,False,0.3264705882352941,0.1983193277310924,0.5453781512605042,33.82142857142857
mexc,NMTUSDT,NMT-USDT,NMT,USDT,True,1,True,0.084,50010.259,588393.3,0.084,2614.08,0.085,10897.71,118.34319526627229,219.58272,0.001,0.0,0.0,1.0,0.0,0.0005,exchangeInfo.quotePrecision/baseSizePrecision/quoteAmountPrecision,1,False,0.23151260504201682,0.10882352941176465,0.9176470588235294,33.80672268907563
mexc,IVPAYUSDT,IVPAY-USDT,IVPAY,USDT,True,1,True,0.000563,50123.046297,89231237.17,0.000561,42710.96,0.000564,37799.95,53.33333333333462,21.3191718,1e-06,0.0,0.0,1.0,0.0,0.0005,exchangeInfo.quotePrecision/baseSizePrecision/quoteAmountPrecision,1,False,0.2323529411764706,0.3243697478991596,0.6445378151260505,33.77941176470588
mexc,XPASSUSDT,XPASS-USDT,XPASS,USDT,True,1,True,0.00603,24989.25798,4261809.87,0.00602,534.89,0.00603,449.26,16.597510373443306,2.7090378,1e-05,0.0,0.0,1.0,0.0,0.0005,exchangeInfo.quotePrecision/baseSizePrecision/quoteAmountPrecision,1,False,0.16974789915966387,0.7584033613445378,0.2735294117647059,33.76680672268908
mexc,SAUBERUSDT,SAUBER-USDT,SAUBER,USDT,True,1,True,0.1491,56461.7551,381337.93,0.1475,33.89,0.1498,392.66,154.7258661284895,4.998775,0.0001,0.0,0.0,1.0,0.0,0.0005,exchangeInfo.quotePrecision/baseSizePrecision/quoteAmountPrecision,1,False,0.4445378151260504,0.07226890756302518,0.37436974789915967,33.7436974789916
mexc,ISRGONUSDT,ISRGON-USDT,ISRGON,USDT,True,1,True,456.31,55378.5,121.862,452.97,0.012,456.39,0.123,75.21773555027622,5.43564,0.01,0.0,0.0,1.0,0.0,0.0005,exchangeInfo.quotePrecision/baseSizePrecision/quoteAmountPrecision,1,False,0.37857142857142856,0.19369747899159662,0.403781512605042,33.73949579831933
mexc,NAVXUSDT,NAVX-USDT,NAVX,USDT,True,1,True,0.00886,55452.275855,6237723.38,0.008846,137.33,0.008884,138.84,42.86520022560613,1.2148211800000002,1e-06,0.0,0.0,1.0,0.0,0.0005,exchangeInfo.quotePrecision/baseSizePrecision/quoteAmountPrecision,1,False,0.38445378151260506,0.43907563025210083,0.08025210084033614,33.726890756302524
mexc,CHEQUSDT,CHEQ-USDT,CHEQ,USDT,True,1,True,0.00291,22475.915103,7715614.21,0.002993,343.59,0.002994,5362.15,3.340571237682087,1.0283648699999999,1e-06,0.0,0.0,1.0,0.0,0.0005,exchangeInfo.quotePrecision/baseSizePrecision/quoteAmountPrecision,1,False,0.16218487394957984,0.9554621848739496,0.0453781512605042,33.714285714285715
mexc,AURORAUSDT,AURORA-USDT,AURORA,USDT,True,1,True,0.02576,55003.43459,2112769.788,0.02569,130.617,0.02582,112.057,50.4756357988733,2.89331174,1e-05,0.001,0.001,1.0,0.0,0.0005,exchangeInfo.quotePrecision/baseSizePrecision/quoteAmountPrecision,1,False,0.35126050420168065,0.3457983193277311,0.2865546218487395,33.6953781512605
mexc,ANIUSDT,ANI-USDT,ANI,USDT,True,1,True,0.0005854,57140.0698853,97951198.85,0.0005819,8592.54,0.0005913,4741.06,160.24548244118668,2.8033887780000004,1e-07,0.0,0.0,1.0,0.0,0.0005,exchangeInfo.quotePrecision/baseSizePrecision/quoteAmountPrecision,1,False,0.47983193277310926,0.06806722689075628,0.2785714285714286,33.66386554621849
mexc,PEOPLEUSDC,PEOPLE-USDC,PEOPLE,USDC,True,1,True,0.006528,56340.772741,8823625.21,0.006526,25920.0,0.006563,193.26,56.53602261440993,1.26836538,1e-06,0.0,0.0,1.0,0.0,0.0,exchangeInfo.quotePrecision/baseSizePrecision/quoteAmountPrecision,1,False,0.4373949579831933,0.30042016806722693,0.09789915966386555,33.52521008403362
mexc,LINEAUSDC,LINEA-USDC,LINEA,USDC,True,1,True,0.003052,55152.610747,18295789.96,0.003048,394.1,0.00306,6969.94,39.29273084479325,1.2012168,1e-06,0.0,0.0,1.0,0.0,0.0,exchangeInfo.quotePrecision/baseSizePrecision/quoteAmountPrecision,1,False,0.3588235294117647,0.4911764705882353,0.07478991596638655,33.510504201680675
mexc,AIPOUSDT,AIPO-USDT,AIPO,USDT,True,1,True,0.001057,53378.16031,50376821.59,0.001055,1267.32,0.001058,10141.77,28.395646000946186,1.3370225999999998,1e-06,0.0,0.0,1.0,0.0,0.0005,exchangeInfo.quotePrecision/baseSizePrecision/quoteAmountPrecision,1,False,0.2714285714285714,0.6310924369747899,0.13907563025210085,33.4873949579832
mexc,WHITEUSDT,WHITE-USDT,WHITE,USDT,True,1,True,7.649e-05,55290.17072951,722141749.27,7.571e-05,132082.94,7.668e-05,310800.31,127.30494126911202,9.9999993874,1e-08,0.0,0.0,1.0,0.0,0.0005,exchangeInfo.quotePrecision/baseSizePrecision/quoteAmountPrecision,1,False,0.3739495798319328,0.09873949579831931,0.5214285714285715,33.464285714285715
mexc,BOMBUSDT,BOMB-USDT,BOMB,USDT,True,1,True,1.578e-05,55641.55302126,3516524795.72,1.568e-05,350765.3,1.584e-05,886250.86,101.5228426395951,5.499999903999999,1e-08,0.0,0.0,1.0,0.0,0.0005,exchangeInfo.quotePrecision/baseSizePrecision/quoteAmountPrecision,1,False,0.39747899159663863,0.13025210084033612,0.4147058823529412,33.411764705882355
mexc,GPUUSDT,GPU-USDT,GPU,USDT,True,1,True,0.02318,56507.08932,2423185.27,0.02318,307.85,0.02338,89.48,85.91065292096316,2.0920424000000004,1e-05,0.0,0.0,1.0,0.0,0.0005,exchangeInfo.quotePrecision/baseSizePrecision/quoteAmountPrecision,1,False,0.4470588235294118,0.15924369747899159,0.24033613445378152,33.37605042016808
mexc,DCKUSDT,DCK-USDT,DCK,USDT,True,1,True,0.0001341,32281.8248821,235490893.85,0.000134,3196.62,0.0001341,480498.98,7.459903021260905,0.42834708,1e-07,0.0,0.0,1.0,0.0,0.0005,exchangeInfo.quotePrecision/baseSizePrecision/quoteAmountPrecision,1,False,0.19621848739495798,0.8794117647058823,0.029831932773109245,33.37394957983194
mexc,VADERUSDT,VADER-USDT,VADER,USDT,True,1,True,0.001054,54257.804167,50166716.72,0.001051,4132.84,0.001056,3997.83,47.46084480303762,4.22170848,1e-06,0.0,0.0,1.0,0.0,0.0005,exchangeInfo.quotePrecision/baseSizePrecision/quoteAmountPrecision,1,False,0.3050420168067227,0.3810924369747899,0.35252100840336137,33.35504201680672
mexc,NILUSDC,NIL-USDC,NIL,USDC,True,1,True,0.03356,54821.95527,1560289.88,0.03351,57.99,0.03366,891.71,44.66279589102405,1.9432449,1e-05,0.0,0.0,1.0,0.0,0.0,exchangeInfo.quotePrecision/baseSizePrecision/quoteAmountPrecision,1,False,0.3357142857142857,0.41386554621848737,0.22647058823529412,33.34033613445378
mexc,DINUSDT,DIN-USDT,DIN,USDT,True,1,True,0.0053,11182.046789,1845443.78,0.0053,662.13,0.005307,2383.82,13.198830960686456,3.509289,1e-06,0.0,0.0,1.0,0.0,0.0005,exchangeInfo.quotePrecision/baseSizePrecision/quoteAmountPrecision,1,False,0.1273109243697479,0.796218487394958,0.32142857142857145,33.33613445378151
mexc,ACSUSDT,ACS-USDT,ACS,USDT,True,1,True,0.0001708,53875.3968884,314571750.05,0.0001703,20844.55,0.000171,17866.96,41.01963082332359,3.05525016,1e-07,0.001,0.001,1.0,0.0,0.0005,exchangeInfo.quotePrecision/baseSizePrecision/quoteAmountPrecision,1,False,0.28697478991596637,0.46596638655462186,0.29453781512605043,33.32352941176471
mexc,HIMSONUSDT,HIMSON-USDT,HIMSON,USDT,True,1,True,18.93,53377.73,2817.65,18.88,0.24,18.96,0.29,42.28329809725256,4.531199999999999,0.01,0.0,0.0,1.0,0.0,0.0005,exchangeInfo.quotePrecision/baseSizePrecision/quoteAmountPrecision,1,False,0.2710084033613445,0.44663865546218484,0.3621848739495798,33.31512605042016
mexc,OMIUSDC,OMI-USDC,OMI,USDC,True,1,True,0.0001219,54915.7893915,455350276.49,0.0001214,322476.98,0.000122,20347.93,49.30156121610526,2.48244746,1e-07,0.0,0.0,1.0,0.0,0.0,exchangeInfo.quotePrecision/baseSizePrecision/quoteAmountPrecision,1,False,0.346218487394958,0.36008403361344543,0.26218487394957984,33.287815126050425
mexc,NCNUSDT,NCN-USDT,NCN,USDT,True,1,True,5.356e-05,25036.12073444,472385183.74,5.333e-05,391439.85,5.355e-05,345658.3,41.16766467065892,18.510001965,1e-08,0.0,0.0,1.0,0.0,0.0005,exchangeInfo.quotePrecision/baseSizePrecision/quoteAmountPrecision,1,False,0.17016806722689076,0.4605042016806723,0.6205882352941177,33.28361344537816
mexc,GRIFFAINUSDC,GRIFFAIN-USDC,GRIFFAIN,USDC,True,1,True,0.011822,54540.299973,4488530.3,0.011769,315.93,0.011825,281.33,47.46969568534415,3.32672725,1e-06,0.0,0.0,1.0,0.0,0.0,exchangeInfo.quotePrecision/baseSizePrecision/quoteAmountPrecision,1,False,0.31932773109243695,0.3798319327731092,0.3105042016806723,33.268907563025216
mexc,TIAUSDC,TIA-USDC,TIA,USDC,True,1,True,0.2902,54568.7151,187256.38,0.2894,149.2,0.2906,5.67,41.37931034482877,1.6477020000000002,0.0001,0.0,0.0,1.0,0.0,0.0,exchangeInfo.quotePrecision/baseSizePrecision/quoteAmountPrecision,1,False,0.32142857142857145,0.4575630252100841,0.20714285714285716,33.26050420168068
mexc,SPACEUSDT,SPACE-USDT,SPACE,USDT,True,1,True,0.005738,9338.13515,1643083.09,0.005726,24443.48,0.005731,410.0,8.728288382647808,2.34971,1e-06,0.0,0.0,1.0,0.0,0.0005,exchangeInfo.quotePrecision/baseSizePrecision/quoteAmountPrecision,1,False,0.12100840336134454,0.8592436974789917,0.25588235294117645,33.25420168067227
mexc,WCOUSDT,WCO-USDT,WCO,USDT,True,1,True,0.0001892,42884.8577058,228884069.06,0.000189,101652.96,0.0001892,4980.57,10.576414595450967,0.9423238439999999,1e-07,0.0,0.0,1.0,0.0,0.0005,exchangeInfo.quotePrecision/baseSizePrecision/quoteAmountPrecision,1,False,0.21428571428571427,0.8285714285714285,0.037394957983193276,33.24789915966386
mexc,LETSBONKUSDT,LETSBONK-USDT,LETSBONK,USDT,True,1,True,0.005972,55620.865325,9237518.33,0.005937,1285.0,0.006023,1229.98,143.8127090301006,7.408169539999999,1e-06,0.0,0.0,1.0,0.0,0.0005,exchangeInfo.quotePrecision/baseSizePrecision/quoteAmountPrecision,1,False,0.3957983193277311,0.08319327731092441,0.4689075630252101,33.226890756302524
mexc,NWSUSDT,NWS-USDT,NWS,USDT,True,1,True,0.000339,3848.014152,11439913.52,0.000339,2583578.94,0.00034,64348.02,29.45508100147347,21.8783268,1e-06,0.0,0.0,1.0,0.0,0.0005,exchangeInfo.quotePrecision/baseSizePrecision/quoteAmountPrecision,1,False,0.08739495798319327,0.6176470588235294,0.6483193277310925,33.214285714285715
mexc,FTTUSDC,FTT-USDC,FTT,USDC,True,1,True,0.2913,26300.4708,89308.75,0.2904,114.4,0.2917,80.9,44.665864971655154,23.598530000000004,0.0001,0.0001,0.0001,1.0,0.0,0.0,exchangeInfo.quotePrecision/baseSizePrecision/quoteAmountPrecision,1,False,0.17521008403361343,0.4130252100840336,0.6584033613445378,33.13025210084034
mexc,PITUSDT,PIT-USDT,PIT,USDT,True,1,True,1.5e-10,60011.11006201129,427317384227660.0,1.486e-10,21596860072.0,1.508e-10,6730006497.0,146.96058784235154,1.0148849797476,1e-13,10.0,10.0,1.0,0.0,0.0005,exchangeInfo.quotePrecision/baseSizePrecision/quoteAmountPrecision,1,False,0.5508403361344538,0.0794117647058824,0.04201680672268908,33.1218487394958
mexc,MEZOUSDC,MEZO-USDC,MEZO,USDC,True,1,True,0.05157,56861.01301,1054075.59,0.05144,23.33,0.05178,26.97,65.87870567719433,1.2000951999999998,1e-05,0.0,0.0,1.0,0.0,0.0,exchangeInfo.quotePrecision/baseSizePrecision/quoteAmountPrecision,1,False,0.46680672268907564,0.24075630252100844,0.07058823529411765,33.10504201680672
mexc,MINAUSDC,MINA-USDC,MINA,USDC,True,1,True,0.05666,24838.74556,436635.16,0.05661,13012.31,0.0568,137.24,33.50674543691079,7.795232000000001,1e-05,0.001,0.001,1.0,0.0,0.0,exchangeInfo.quotePrecision/baseSizePrecision/quoteAmountPrecision,1,False,0.1689075630252101,0.569327731092437,0.4789915966386555,33.102941176470594
mexc,CEEKUSDT,CEEK-USDT,CEEK,USDT,True,1,True,0.002772,57577.569268,20867697.26,0.002725,714.81,0.002774,683.1,178.21422076741226,1.8949194,1e-06,0.0001,0.0001,1.0,0.0,0.0005,exchangeInfo.quotePrecision/baseSizePrecision/quoteAmountPrecision,1,False,0.49453781512605044,0.05756302521008405,0.223109243697479,33.10084033613446
mexc,IRENONUSDT,IRENON-USDT,IRENON,USDT,True,1,True,34.56,55009.9,1591.15,34.46,0.15,34.69,0.15,66.52205350686822,5.169,0.01,0.0,0.0,1.0,0.0,0.0005,exchangeInfo.quotePrecision/baseSizePrecision/quoteAmountPrecision,1,False,0.3516806722689076,0.23529411764705888,0.38949579831932774,33.01470588235295
mexc,SAHARAUSDC,SAHARA-USDC,SAHARA,USDC,True,1,True,0.02085,55360.26753,2654448.17,0.02078,57.75,0.02087,8435.84,43.217286914765815,1.200045,1e-05,0.0,0.0,1.0,0.0,0.0,exchangeInfo.quotePrecision/baseSizePrecision/quoteAmountPrecision,1,False,0.3773109243697479,0.4342436974789916,0.0684873949579832,32.97794117647059
mexc,JPMONUSDT,JPMON-USDT,JPMON,USDT,True,1,True,296.32,52271.29,176.921,294.53,0.121,296.74,0.342,74.7543423478288,35.63813,0.01,0.0,0.0,1.0,0.0,0.0005,exchangeInfo.quotePrecision/baseSizePrecision/quoteAmountPrecision,1,False,0.24747899159663866,0.1945378151260504,0.7247899159663865,32.970588235294116
mexc,MTCUSDT,MTC-USDT,MTC,USDT,True,1,True,0.00806,39873.42759,4929065.78,0.00803,4890.56,0.00807,2388.16,49.68944099378894,19.2724512,1e-05,0.0,0.0,1.0,0.0,0.0005,exchangeInfo.quotePrecision/baseSizePrecision/quoteAmountPrecision,1,False,0.2096638655462185,0.3558823529411764,0.6264705882352941,32.957983193277315
mexc,SUNCATUSDT,SUNCAT-USDT,SUNCAT,USDT,True,1,True,0.0003506,56792.0512252,160712274.19,0.0003484,119577.68,0.0003523,5509.41,111.31725417439662,1.940965143,1e-07,0.0,0.0,1.0,0.0,0.0005,exchangeInfo.quotePrecision/baseSizePrecision/quoteAmountPrecision,1,False,0.46260504201680674,0.119327731092437,0.22563025210084034,32.9390756302521
mexc,ENFUSDT,ENF-USDT,ENF,USDT,True,1,True,0.01004,22796.14905,2392305.28,0.01003,299.1,0.01005,323.81,19.92031872509879,2.9999730000000002,1e-05,0.0,0.0,1.0,0.0,0.0005,exchangeInfo.quotePrecision/baseSizePrecision/quoteAmountPrecision,1,False,0.16260504201680673,0.7256302521008403,0.29033613445378154,32.89075630252101
mexc,FLUXUSDC,FLUX-USDC,FLUX,USDC,True,1,True,0.05607,53229.32054,945734.91,0.05599,32.15,0.05618,30.06,33.87715075332133,1.6887708,1e-05,0.0,0.0,1.0,0.0,0.0,exchangeInfo.quotePrecision/baseSizePrecision/quoteAmountPrecision,1,False,0.26638655462184874,0.5600840336134454,0.21050420168067227,32.86344537815127
mexc,KASUSDE,KAS-USDE,KAS,USDE,True,1,True,0.030704,54969.958039,1772713.33,0.03068,2687.34,0.031185,527.09,163.2587084781385,16.437301650000002,1e-06,0.0,0.0,1.0,0.0,0.0,exchangeInfo.quotePrecision/baseSizePrecision/quoteAmountPrecision,1,False,0.3491596638655462,0.06386554621848739,0.6029411764705882,32.85924369747899
mexc,OMNOMUSDT,OMNOM-USDT,OMNOM,USDT,True,1,True,1.8983e-09,54940.29604177344,28800303189796.0,1.8948e-09,23982504977.0,1.915e-09,5277044854.0,106.04231193238486,10.10554089541,1e-13,1000.0,1000.0,1.0,0.0,0.0005,exchangeInfo.quotePrecision/baseSizePrecision/quoteAmountPrecision,1,False,0.34789915966386553,0.12563025210084033,0.5256302521008404,32.787815126050425
mexc,VSTONUSDT,VSTON-USDT,VSTON,USDT,True,1,True,151.38,54866.6,361.888,151.1,0.036,152.11,1.951,66.62049404703139,5.4395999999999995,0.01,0.0,0.0,1.0,0.0,0.0005,exchangeInfo.quotePrecision/baseSizePrecision/quoteAmountPrecision,1,False,0.3411764705882353,0.234873949579832,0.40588235294117647,32.754201680672274
mexc,XDAGUSDT,XDAG-USDT,XDAG,USDT,True,1,True,0.0013314,55934.9946703,40922098.9,0.0013301,32557.92,0.0013644,4977.09,254.59268881053936,6.790741596,1e-07,0.0,0.0,1.0,0.0,0.0005,exchangeInfo.quotePrecision/baseSizePrecision/quoteAmountPrecision,1,False,0.4142857142857143,0.03529411764705881,0.45252100840336135,32.71848739495798
mexc,VFYUSDT,VFY-USDT,VFY,USDT,True,1,True,0.008072,52708.081532,6549139.21,0.008063,268.4,0.00808,127.77,21.06176051539324,1.0323816000000001,1e-06,0.0,0.0,1.0,0.0,0.0005,exchangeInfo.quotePrecision/baseSizePrecision/quoteAmountPrecision,1,False,0.25546218487394956,0.7100840336134453,0.04579831932773109,32.71848739495798
mexc,DHNUSDT,DHN-USDT,DHN,USDT,True,1,True,3.978,46866.247,11756.8,3.975,1.21,3.99,55.82,37.66478342749561,4.80975,0.001,0.0,0.0,1.0,0.0,0.0005,exchangeInfo.quotePrecision/baseSizePrecision/quoteAmountPrecision,1,False,0.22521008403361345,0.5180672268907562,0.3680672268907563,32.69957983193277
mexc,TMOONUSDT,TMOON-USDT,TMOON,USDT,True,1,True,491.03,54294.91,110.842,488.26,0.026,491.15,0.013,59.01512134856672,6.384949999999999,0.01,0.0,0.0,1.0,0.0,0.0005,exchangeInfo.quotePrecision/baseSizePrecision/quoteAmountPrecision,1,False,0.3067226890756303,0.2773109243697479,0.4436974789915966,32.6764705882353
mexc,SDUSDT,SD-USDT,SD,USDT,True,1,True,0.1291,58002.0526,450814.45,0.1301,718.97,0.1318,9.63,129.82054219167674,1.2692340000000002,0.0001,0.0,0.0,1.0,0.0,0.0005,exchangeInfo.quotePrecision/baseSizePrecision/quoteAmountPrecision,1,False,0.5134453781512605,0.09663865546218486,0.09831932773109243,32.621848739495796
mexc,ALKIMIUSDT,ALKIMI-USDT,ALKIMI,USDT,True,1,True,0.00615,11315.9559,1774967.16,0.00616,1897.08,0.00618,2360.54,32.41491085899522,11.686012799999999,1e-05,0.0,0.0,1.0,0.0,0.0005,exchangeInfo.quotePrecision/baseSizePrecision/quoteAmountPrecision,1,False,0.12773109243697478,0.5857142857142856,0.5474789915966387,32.61764705882353
mexc,ZLWUSDT,ZLW-USDT,ZLW,USDT,True,1,True,0.001199,7891.750363,6579639.35,0.001196,44613.03,0.001201,38859.33,41.71881518564884,46.670055330000004,1e-06,0.0,0.0,1.0,0.0,0.0005,exchangeInfo.quotePrecision/baseSizePrecision/quoteAmountPrecision,1,False,0.11134453781512606,0.4529411764705882,0.7584033613445378,32.615546218487395
mexc,NLINKUSDT,NLINK-USDT,NLINK,USDT,True,1,True,3.4e-13,594.5198816495598,1828069227277583.0,3.4e-13,8486929753198.0,3.401e-13,9372699875978.0,2.9407440082331795,2.88555611608732,1e-16,0.0,0.0,1.0,0.0,0.0005,exchangeInfo.quotePrecision/baseSizePrecision/quoteAmountPrecision,1,False,0.05084033613445378,0.9634453781512605,0.2861344537815126,32.60504201680672
mexc,LSMUSDT,LSM-USDT,LSM,USDT,True,1,True,0.0104,61191.3663,3334786.9,0.01,4.79,0.0103,490.2,295.5665024630541,0.0479,0.0001,0.0,0.0,1.0,0.0,0.0005,exchangeInfo.quotePrecision/baseSizePrecision/quoteAmountPrecision,1,False,0.5705882352941176,0.030252100840336138,0.019327731092436976,32.52521008403361
mexc,BOTTOUSDT,BOTTO-USDT,BOTTO,USDT,True,1,True,0.06008,56435.77131,938445.17,0.05991,1096.33,0.06064,44.23,121.1115719618418,2.6821072,1e-05,0.0,0.0,1.0,0.0,0.0005,exchangeInfo.quotePrecision/baseSizePrecision/quoteAmountPrecision,1,False,0.4436974789915966,0.10504201680672265,0.2722689075630252,32.47478991596638
mexc,PRCLUSDT,PRCL-USDT,PRCL,USDT,True,1,True,0.01404,7962.6124,557846.89,0.01407,1418.9,0.01412,1418.96,35.47357218872042,19.963923,1e-05,0.0,0.0,1.0,0.0,0.0005,exchangeInfo.quotePrecision/baseSizePrecision/quoteAmountPrecision,1,False,0.11218487394957984,0.5436974789915967,0.6319327731092437,32.40126050420169
mexc,BXEUSDT,BXE-USDT,BXE,USDT,True,1,True,0.01217,47937.55049,3880246.48,0.01216,452.3,0.01221,1828.29,41.034058268362486,5.499968000000001,1e-05,0.0,0.0,1.0,0.0,0.0005,exchangeInfo.quotePrecision/baseSizePrecision/quoteAmountPrecision,1,False,0.2273109243697479,0.46491596638655464,0.4126050420168067,32.37710084033614
mexc,SOILUSDT,SOIL-USDT,SOIL,USDT,True,1,True,0.09313,15373.04673,165273.84,0.09296,223.53,0.09334,223.53,40.79441760601238,20.7793488,1e-05,0.0,0.0,1.0,0.0,0.0005,exchangeInfo.quotePrecision/baseSizePrecision/quoteAmountPrecision,1,False,0.1407563025210084,0.469327731092437,0.6407563025210085,32.28991596638656
mexc,ABUSDT,AB-USDT,AB,USDT,True,1,True,0.001555,26695.814929,16973525.7,0.001551,12911.6,0.001552,0.01,6.44537544311902,1.552e-05,1e-06,0.001,0.001,1.0,0.0,0.0005,exchangeInfo.quotePrecision/baseSizePrecision/quoteAmountPrecision,1,False,0.17689075630252102,0.9004201680672269,0.0016806722689075631,32.273109243697476
mexc,SNXUSDC,SNX-USDC,SNX,USDC,True,1,True,0.2803,55592.1528,199341.41,0.2796,285.65,0.281,4.48,49.94648590795621,1.2588800000000002,0.0001,0.0,0.0,1.0,0.0,0.0,exchangeInfo.quotePrecision/baseSizePrecision/quoteAmountPrecision,1,False,0.39285714285714285,0.35168067226890753,0.09327731092436975,32.26470588235294
mexc,AXMUSDT,AXM-USDT,AXM,USDT,True,1,True,0.0027,41082.36941,14764303.13,0.00269,19369.69,0.00271,26911.79,74.07407407407426,52.104466099999996,1e-05,0.0,0.0,1.0,0.0,0.0005,exchangeInfo.quotePrecision/baseSizePrecision/quoteAmountPrecision,1,False,0.2130252100840336,0.1978991596638655,0.7785714285714286,32.235294117647065
mexc,URAONUSDT,URAON-USDT,URAON,USDT,True,1,True,48.61,54931.33,1133.78,48.3,0.09,48.62,0.84,66.03384234420147,4.3469999999999995,0.01,0.0,0.0,1.0,0.0,0.0005,exchangeInfo.quotePrecision/baseSizePrecision/quoteAmountPrecision,1,False,0.34663865546218486,0.23991596638655466,0.3558823529411765,32.180672268907564
mexc,ETCUSDC,ETC-USDC,ETC,USDC,True,1,True,8.085,55237.218,6897.453,8.067,0.149,8.103,0.161,44.526901669758296,1.201983,0.001,0.0,0.0,1.0,0.0,0.0,exchangeInfo.quotePrecision/baseSizePrecision/quoteAmountPrecision,1,False,0.3684873949579832,0.4159663865546218,0.07521008403361344,32.17016806722689
mexc,FARUSDT,FAR-USDT,FAR,USDT,True,1,True,0.003263,12615.85947,3862202.55,0.003263,317.2,0.003264,26014.0,3.0641948827949523,1.0350236,1e-06,0.0,0.0,1.0,0.0,0.0005,exchangeInfo.quotePrecision/baseSizePrecision/quoteAmountPrecision,1,False,0.13067226890756303,0.9613445378151261,0.046218487394957986,32.14495798319329
mexc,HUNDUSDT,HUND-USDT,HUND,USDT,True,1,True,0.0005106,40684.0160312,80133671.29,0.0005088,136020.67,0.000513,148574.82,82.20786846741032,69.20731689600001,1e-07,0.0,0.0,1.0,0.0,0.0005,exchangeInfo.quotePrecision/baseSizePrecision/quoteAmountPrecision,1,False,0.21092436974789916,0.1701680672268907,0.8121848739495798,32.09873949579832
mexc,TESTICLEUSDT,TESTICLE-USDT,TESTICLE,USDT,True,1,True,0.007504,54339.552514,7124479.12,0.007488,16521.0,0.007619,3334.78,173.4295359766996,25.40768882,1e-06,0.0,0.0,1.0,0.0,0.0005,exchangeInfo.quotePrecision/baseSizePrecision/quoteAmountPrecision,1,False,0.30798319327731094,0.06008403361344539,0.6735294117647059,31.911764705882362
mexc,MUMUUSDT,MUMU-USDT,MUMU,USDT,True,1,True,5.379e-07,55308.1859805374,104311619978.42,5.319e-07,14853309.37,5.384e-07,11211809.77,121.46127254040846,6.036438380168,1e-10,0.0,0.0,1.0,0.0,0.0005,exchangeInfo.quotePrecision/baseSizePrecision/quoteAmountPrecision,1,False,0.37478991596638656,0.10420168067226887,0.43067226890756305,31.831932773109244
mexc,MINDHIVEUSDT,MINDHIVE-USDT,MINDHIVE,USDT,True,1,True,0.0007925,609.7680147,772613.84,0.0007988,112569.05,0.000802,1861462.5,39.98000999500211,89.92015714,1e-07,0.0,0.0,1.0,0.0,0.0005,exchangeInfo.quotePrecision/baseSizePrecision/quoteAmountPrecision,1,False,0.05126050420168067,0.4836134453781512,0.8453781512605042,31.817226890756302
mexc,B3USDT,B3-USDT,B3,USDT,True,1,True,0.000287,51826.205304,177527846.33,0.000286,1307176.22,0.000288,76131.0,69.68641114982557,21.925728,1e-06,0.0,0.0,1.0,0.0,0.0005,exchangeInfo.quotePrecision/baseSizePrecision/quoteAmountPrecision,1,False,0.24285714285714285,0.21890756302521008,0.6491596638655462,31.813025210084035
mexc,RBNTUSDC,RBNT-USDC,RBNT,USDC,True,1,True,0.003809,55201.228381,14560583.81,0.003792,15070.81,0.003829,1481.51,97.1001180947386,5.67270179,1e-06,0.0,0.0,1.0,0.0,0.0,exchangeInfo.quotePrecision/baseSizePrecision/quoteAmountPrecision,1,False,0.3634453781512605,0.13571428571428568,0.42058823529411765,31.794117647058822
mexc,UMAUSDC,UMA-USDC,UMA,USDC,True,1,True,0.4023,54534.5347,138811.92,0.4008,30.74,0.4026,3.9,44.809559372666754,1.57014,0.0001,0.0,0.0,1.0,0.0,0.0,exchangeInfo.quotePrecision/baseSizePrecision/quoteAmountPrecision,1,False,0.31848739495798317,0.41134453781512603,0.1991596638655462,31.783613445378155
mexc,MDAOUSDT,MDAO-USDT,MDAO,USDT,True,1,True,0.008687,12081.680655,1355579.13,0.008679,5704.24,0.008687,164.17,9.213405505011012,1.42614479,1e-06,0.0,0.0,1.0,0.0,0.0005,exchangeInfo.quotePrecision/baseSizePrecision/quoteAmountPrecision,1,False,0.12899159663865548,0.8483193277310924,0.17394957983193277,31.781512605042018
mexc,SLFUSDT,SLF-USDT,SLF,USDT,False,1,True,0.0005917,55466.83216,92104994.96,0.0005807,49939.72,0.0005955,13197.9,251.6578813127025,7.85934945,1e-07,0.0,0.0,1.0,0.0,0.0005,exchangeInfo.quotePrecision/baseSizePrecision/quoteAmountPrecision,1,False,0.3861344537815126,0.036974789915966366,0.48025210084033615,31.76680672268908
mexc,CPHUSDT,CPH-USDT,CPH,USDT,True,1,True,0.00464,56603.470702,11896643.68,0.00463,261.97,0.004663,1188.02,71.02119875174873,1.2129211,1e-06,0.001,0.001,1.0,0.0,0.0005,exchangeInfo.quotePrecision/baseSizePrecision/quoteAmountPrecision,1,False,0.45210084033613446,0.21176470588235297,0.07941176470588235,31.747899159663866
mexc,LCAPUSDT,LCAP-USDT,LCAP,USDT,True,1,True,5.924,7408.619,1257.68,5.88,8460.92,5.907,10.0,45.81318401628937,59.07,0.001,0.0,0.0,1.0,0.0,0.0005,exchangeInfo.quotePrecision/baseSizePrecision/quoteAmountPrecision,1,False,0.10714285714285714,0.3970588235294118,0.795798319327731,31.73529411764706
mexc,ECORUSDT,ECOR-USDT,ECOR,USDT,True,1,True,0.02464,39823.1543,1619956.09,0.02452,3753.73,0.02473,2717.63,85.27918781725822,67.2069899,1e-05,0.0,0.0,1.0,0.0,0.0005,exchangeInfo.quotePrecision/baseSizePrecision/quoteAmountPrecision,1,False,0.2092436974789916,0.16050420168067225,0.8100840336134454,31.722689075630257
mexc,HTRUSDT,HTR-USDT,HTR,USDT,True,1,True,0.00486,51690.51873,10759724.67,0.00485,2177.31,0.00486,77.17,20.59732234809391,0.3750462,1e-05,0.0,0.0,1.0,0.0,0.0005,exchangeInfo.quotePrecision/baseSizePrecision/quoteAmountPrecision,1,False,0.24033613445378152,0.7168067226890756,0.02815126050420168,31.701680672268907
mexc,VICSUSDT,VICS-USDT,VICS,USDT,True,1,True,0.02378,53630.12443,2256230.95,0.02373,54.43,0.02381,1492.37,33.65586874211199,1.2916239,1e-05,0.01,0.01,1.0,0.0,0.0005,exchangeInfo.quotePrecision/baseSizePrecision/quoteAmountPrecision,1,False,0.280672268907563,0.5638655462184874,0.10714285714285714,31.67647058823529
mexc,AVICIUSDT,AVICI-USDT,AVICI,USDT,True,1,True,0.5964,57847.5119,107561.31,0.591,16.51,0.5973,0.4,106.03382984095067,0.23892000000000002,0.0001,0.0,0.0,1.0,0.0,0.0005,exchangeInfo.quotePrecision/baseSizePrecision/quoteAmountPrecision,1,False,0.5079831932773109,0.12605042016806722,0.024789915966386553,31.58613445378152
mexc,SKIUSDT,SKI-USDT,SKI,USDT,True,1,True,0.010181,55640.183801,5480225.18,0.010129,557.97,0.010188,129.4,58.07944086233035,1.3183272,1e-06,0.0,0.0,1.0,0.0,0.0005,exchangeInfo.quotePrecision/baseSizePrecision/quoteAmountPrecision,1,False,0.39705882352941174,0.2857142857142857,0.13025210084033614,31.58613445378151
mexc,ETANUSDT,ETAN-USDT,ETAN,USDT,True,1,True,0.001012,28389.471635,27609642.8,0.001011,181643.5,0.001021,366982.07,98.42519685039396,183.64157849999998,1e-06,0.0,0.0,1.0,0.0,0.0005,exchangeInfo.quotePrecision/baseSizePrecision/quoteAmountPrecision,1,False,0.18277310924369747,0.13403361344537812,0.9084033613445378,31.571428571428573
mexc,DRNUSDT,DRN-USDT,DRN,USDT,True,1,True,0.1316,56319.7847,427699.63,0.1314,10.21,0.1324,23.39,75.81501137225179,1.341594,0.0001,0.0,0.0,1.0,0.0,0.0005,exchangeInfo.quotePrecision/baseSizePrecision/quoteAmountPrecision,1,False,0.43529411764705883,0.19159663865546217,0.14159663865546218,31.563025210084035
mexc,PYTHUSDC,PYTH-USDC,PYTH,USDC,True,1,True,0.04066,53843.20117,1312703.41,0.04064,95.65,0.04084,1424.04,49.09180166912096,3.8872160000000004,1e-05,0.0,0.0,1.0,0.0,0.0,exchangeInfo.quotePrecision/baseSizePrecision/quoteAmountPrecision,1,False,0.2857142857142857,0.361764705882353,0.33949579831932775,31.548319327731093
mexc,BTCBAMUSDT,BTCBAM-USDT,BTCBAM,USDT,True,1,True,0.0547,30956.36111,569874.58,0.05469,23.22,0.05478,50.42,16.442861057824025,1.2699018,1e-05,0.01,0.01,1.0,0.0,0.0005,exchangeInfo.quotePrecision/baseSizePrecision/quoteAmountPrecision,1,False,0.1915966386554622,0.7605042016806722,0.0995798319327731,31.54201680672269
mexc,NOTUSDC,NOT-USDC,NOT,USDC,True,1,True,0.0003564,54912.6084122,155891454.45,0.0003555,3654.66,0.0003571,3790.94,44.90597810833523,1.29923163,1e-07,0.0,0.0,1.0,0.0,0.0,exchangeInfo.quotePrecision/baseSizePrecision/quoteAmountPrecision,1,False,0.3457983193277311,0.41008403361344536,0.11176470588235295,31.5063025210084
mexc,BGSCUSDT,BGSC-USDT,BGSC,USDT,True,1,True,0.0008099,54910.3290715,69066800.98,0.0008078,4167.21,0.0008124,2771.15,56.783113195901784,2.25128226,1e-07,0.0,0.0,1.0,0.0,0.0005,exchangeInfo.quotePrecision/baseSizePrecision/quoteAmountPrecision,1,False,0.3453781512605042,0.2966386554621848,0.2495798319327731,31.403361344537817
mexc,1R0RUSDT,1R0R-USDT,1R0R,USDT,True,1,True,0.000638,35142.460407,55017262.07,0.000636,16603.77,0.000639,16525.82,47.058823529412905,10.55999772,1e-06,0.0,0.0,1.0,0.0,0.0005,exchangeInfo.quotePrecision/baseSizePrecision/quoteAmountPrecision,1,False,0.20126050420168068,0.3848739495798319,0.5348739495798319,31.38865546218487
mexc,SUPRAUSDC,SUPRA-USDC,SUPRA,USDC,True,1,True,0.0004042,53993.0189338,135453154.87,0.0004019,41291.0,0.0004061,54916.74,103.96039603960381,16.5948529,1e-07,0.0,0.0,1.0,0.0,0.0,exchangeInfo.quotePrecision/baseSizePrecision/quoteAmountPrecision,1,False,0.29285714285714287,0.12773109243697478,0.6033613445378151,31.367647058823533
mexc,XFIUSDT,XFI-USDT,XFI,USDT,True,1,True,0.0388,32120.29208,820617.47,0.03878,253.06,0.03886,34.19,20.607934054610183,1.3286234,1e-05,0.0001,0.0001,1.0,0.0,0.0005,exchangeInfo.quotePrecision/baseSizePrecision/quoteAmountPrecision,1,False,0.19411764705882353,0.7163865546218487,0.1361344537815126,31.308823529411768
mexc,OSAKUSDT,OSAK-USDT,OSAK,USDT,True,1,True,4.407e-08,9121.18453885794,207106370793.0,4.407e-08,161667647.0,4.42e-08,1869357724.0,29.455081001473168,7.12469320329,1e-11,0.0,0.0,1.0,0.0,0.0005,exchangeInfo.quotePrecision/baseSizePrecision/quoteAmountPrecision,1,False,0.11974789915966387,0.6180672268907563,0.4634453781512605,31.306722689075627
mexc,INSPUSDT,INSP-USDT,INSP,USDT,True,1,True,0.00121,54580.20615,43549526.09,0.0012,1118227.21,0.00121,6121.69,82.98755186722015,7.407244899999999,1e-05,0.0,0.0,1.0,0.0,0.0005,exchangeInfo.quotePrecision/baseSizePrecision/quoteAmountPrecision,1,False,0.3226890756302521,0.1668067226890756,0.4684873949579832,31.287815126050422
mexc,CMGONUSDT,CMGON-USDT,CMGON,USDT,True,1,True,32.96,54899.49,1661.85,32.91,0.16,33.17,2.48,78.69249394673278,5.265599999999999,0.01,0.0,0.0,1.0,0.0,0.0005,exchangeInfo.quotePrecision/baseSizePrecision/quoteAmountPrecision,1,False,0.34327731092436975,0.18025210084033616,0.39327731092436974,31.25210084033614
mexc,SPECUSDT,SPEC-USDT,SPEC,USDT,True,1,True,0.08614,55622.23303,660138.09,0.08477,1179.66,0.08611,58.65,156.83520599251025,5.0503515000000005,1e-05,0.0,0.0,1.0,0.0,0.0005,exchangeInfo.quotePrecision/baseSizePrecision/quoteAmountPrecision,1,False,0.39621848739495796,0.07016806722689073,0.38445378151260506,31.23529411764706
mexc,LEARNUSDT,LEARN-USDT,LEARN,USDT,True,1,True,0.006603,20106.022014,3052681.29,0.006595,2384.97,0.006624,2464.61,43.876238747257,15.728877149999999,1e-06,0.0,0.0,1.0,0.0,0.0005,exchangeInfo.quotePrecision/baseSizePrecision/quoteAmountPrecision,1,False,0.15630252100840336,0.4277310924369748,0.5966386554621849,31.222689075630257
mexc,NAVUSDT,NAV-USDT,NAV,USDT,True,1,True,0.03292,54354.64686,1661692.51,0.0328,152.43,0.033,1110.09,60.79027355623064,4.999704,1e-05,0.0,0.0,1.0,0.0,0.0005,exchangeInfo.quotePrecision/baseSizePrecision/quoteAmountPrecision,1,False,0.3092436974789916,0.2663865546218488,0.3760504201680672,31.189075630252105
mexc,RIZUSDT,RIZ-USDT,RIZ,USDT,True,1,True,0.0001243,32301.5949814,254031792.26,0.0001241,251902.89,0.0001243,9541.07,16.103059581320842,1.1859550010000002,1e-07,0.0,0.0,1.0,0.0,0.0005,exchangeInfo.quotePrecision/baseSizePrecision/quoteAmountPrecision,1,False,0.19663865546218487,0.765126050420168,0.06218487394957983,31.186974789915965
mexc,ATRUSDT,ATR-USDT,ATR,USDT,True,1,True,0.0006121,26225.1997347,42476905.54,0.0006113,78076.29,0.0006152,78860.14,63.59559722788489,47.72803607699999,1e-07,0.0,0.0,1.0,0.0,0.0005,exchangeInfo.quotePrecision/baseSizePrecision/quoteAmountPrecision,1,False,0.17478991596638654,0.25252100840336134,0.761344537815126,31.153361344537817
mexc,YEEUSDT,YEE-USDT,YEE,USDT,True,1,True,0.006461,56059.953931,10409451.02,0.005955,843.59,0.006468,2151.87,825.8874667954594,5.0235784500000005,1e-06,0.0,0.0,1.0,0.0,0.0005,exchangeInfo.quotePrecision/baseSizePrecision/quoteAmountPrecision,1,False,0.4218487394957983,0.0117647058823529,0.38277310924369745,31.151260504201684
mexc,OBORTECHUSDT,OBORTECH-USDT,OBORTECH,USDT,True,1,True,0.003403,4344.7553,1284580.37,0.003401,412.93,0.003403,4810.56,5.878894767784438,1.40437493,1e-06,0.0,0.0,1.0,0.0,0.0005,exchangeInfo.quotePrecision/baseSizePrecision/quoteAmountPrecision,1,False,0.08991596638655462,0.9130252100840336,0.1684873949579832,31.140756302521005
mexc,ARTFIUSDT,ARTFI-USDT,ARTFI,USDT,True,1,True,0.000549,25811.092647,45235042.55,0.000548,10180.57,0.00055,96340.09,36.42987249544715,5.57895236,1e-06,0.0,0.0,1.0,0.0,0.0005,exchangeInfo.quotePrecision/baseSizePrecision/quoteAmountPrecision,1,False,0.17184873949579832,0.5340336134453781,0.41680672268907565,31.13865546218487
mexc,QBXUSDT,QBX-USDT,QBX,USDT,True,1,True,0.001026,7883.10298,7618693.05,0.001026,3788.18,0.001028,7926.0,19.474196689387036,3.8866726799999998,1e-06,0.0,0.0,1.0,0.0,0.0005,exchangeInfo.quotePrecision/baseSizePrecision/quoteAmountPrecision,1,False,0.11092436974789915,0.7289915966386555,0.33907563025210086,31.10714285714286
mexc,POLYXUSDT,POLYX-USDT,POLYX,USDT,True,1,True,0.0453,7257.3028,160411.32,0.0451,11984.79,0.0454,14713.2,66.29834254143682,540.514029,0.0001,0.0,0.0,1.0,0.0,0.0005,exchangeInfo.quotePrecision/baseSizePrecision/quoteAmountPrecision,1,False,0.10630252100840336,0.2382352941176471,0.9638655462184874,31.079831932773118
mexc,PURRUSDT,PURR-USDT,PURR,USDT,True,1,True,0.07304,55384.28968,746446.68,0.07254,75.82,0.07363,2139.83,149.14141068618838,5.499982799999999,1e-05,0.0,0.0,1.0,0.0,0.0005,exchangeInfo.quotePrecision/baseSizePrecision/quoteAmountPrecision,1,False,0.37941176470588234,0.07731092436974785,0.4130252100840336,31.0609243697479
mexc,MIGGLESUSDT,MIGGLES-USDT,MIGGLES,USDT,True,1,True,0.002905,52477.403243,18113239.34,0.002893,994.29,0.002905,1262.43,41.393583994480366,2.8764809700000002,1e-06,0.0,0.0,1.0,0.0,0.0005,exchangeInfo.quotePrecision/baseSizePrecision/quoteAmountPrecision,1,False,0.25168067226890756,0.4571428571428572,0.2852941176470588,30.976890756302527
mexc,FIGONUSDT,FIGON-USDT,FIGON,USDT,True,1,True,21.12,53793.11,2545.25,21.08,20.24,21.2,0.25,56.764427625355246,5.3,0.01,0.0,0.0,1.0,0.0,0.0005,exchangeInfo.quotePrecision/baseSizePrecision/quoteAmountPrecision,1,False,0.2848739495798319,0.2970588235294118,0.3941176470588235,30.976890756302524
mexc,OPENXUSDT,OPENX-USDT,OPENX,USDT,True,1,True,0.02232,25812.1553,1149130.97,0.0223,282.75,0.02232,0.01,8.964589870013082,0.0002232,1e-05,0.0,0.0,1.0,0.0,0.0005,exchangeInfo.quotePrecision/baseSizePrecision/quoteAmountPrecision,1,False,0.1722689075630252,0.8546218487394958,0.0067226890756302525,30.97478991596639
mexc,LNQUSDT,LNQ-USDT,LNQ,USDT,True,1,True,0.002361,27639.484192,11687928.79,0.002355,113072.79,0.002365,3468.67,42.372881355932314,8.20340455,1e-06,0.0,0.0,1.0,0.0,0.0005,exchangeInfo.quotePrecision/baseSizePrecision/quoteAmountPrecision,1,False,0.18067226890756302,0.44621848739495795,0.49159663865546216,30.92436974789916
mexc,UQCUSDT,UQC-USDT,UQC,USDT,True,1,True,2.79,28115.866,10069.76,2.79,0.88,2.798,4.39,28.632784538296374,2.4552,0.001,0.0,0.0,1.0,0.0,0.0005,exchangeInfo.quotePrecision/baseSizePrecision/quoteAmountPrecision,1,False,0.1815126050420168,0.6281512605042017,0.2600840336134454,30.88865546218488
mexc,YACHTUSDT,YACHT-USDT,YACHT,USDT,True,1,True,0.01453,40859.33373,2807570.26,0.01452,689.0,0.01458,349.88,41.23711340206136,5.1012504,1e-05,0.0,0.0,1.0,0.0,0.0005,exchangeInfo.quotePrecision/baseSizePrecision/quoteAmountPrecision,1,False,0.21176470588235294,0.4596638655462185,0.3861344537815126,30.86134453781513
mexc,COHRONUSDT,COHRON-USDT,COHRON,USDT,True,1,True,258.88,54578.31,211.51,257.27,0.021,259.14,1.191,72.42307468871651,5.40267,0.01,0.0,0.0,1.0,0.0,0.0005,exchangeInfo.quotePrecision/baseSizePrecision/quoteAmountPrecision,1,False,0.32184873949579834,0.20462184873949585,0.4012605042016807,30.842436974789923
mexc,KERNELUSDC,KERNEL-USDC,KERNEL,USDC,True,1,True,0.11185,53980.50786,483035.38,0.1117,12.85,0.11217,1795.01,41.98865412962988,1.4353449999999999,1e-05,0.0,0.0,1.0,0.0,0.0,exchangeInfo.quotePrecision/baseSizePrecision/quoteAmountPrecision,1,False,0.2911764705882353,0.45042016806722684,0.1777310924369748,30.829831932773118
mexc,HYPERUSDC,HYPER-USDC,HYPER,USDC,True,1,True,0.08466,55012.73704,652669.27,0.08461,15.85,0.08504,16935.87,50.69260241674032,1.3410685,1e-05,0.0,0.0,1.0,0.0,0.0,exchangeInfo.quotePrecision/baseSizePrecision/quoteAmountPrecision,1,False,0.3521008403361345,0.3445378151260504,0.1411764705882353,30.802521008403367
mexc,RIOUSDT,RIO-USDT,RIO,USDT,True,1,True,0.04293,52228.74766,1159757.82,0.04264,584.97,0.04294,327.02,70.10983874737127,14.042238799999998,1e-05,0.0,0.0,1.0,0.0,0.0005,exchangeInfo.quotePrecision/baseSizePrecision/quoteAmountPrecision,1,False,0.24705882352941178,0.21554621848739497,0.5794117647058824,30.565126050420172
mexc,WNXMUSDT,WNXM-USDT,WNXM,USDT,True,1,True,53.1,55421.24,1045.0,52.01,0.11,53.22,0.11,229.97244131901567,5.7211,0.01,0.1,0.1,1.0,0.0,0.0005,exchangeInfo.quotePrecision/baseSizePrecision/quoteAmountPrecision,1,False,0.38277310924369745,0.04201680672268904,0.4222689075630252,30.54831932773109
mexc,COFONUSDT,COFON-USDT,COFON,USDT,True,1,True,182.53,53126.88,290.607,182.36,0.043,183.5,0.48,62.31891980538929,7.84148,0.01,0.0,0.0,1.0,0.0,0.0005,exchangeInfo.quotePrecision/baseSizePrecision/quoteAmountPrecision,1,False,0.2630252100840336,0.2584033613445378,0.47983193277310926,30.523109243697483
mexc,GALAUSDC,GALA-USDC,GALA,USDC,True,1,True,0.00292,54365.946528,18683387.31,0.002913,27438.41,0.002925,432.4,41.109969167524135,1.26477,1e-06,0.0,0.0,1.0,0.0,0.0,exchangeInfo.quotePrecision/baseSizePrecision/quoteAmountPrecision,1,False,0.3096638655462185,0.46218487394957986,0.09663865546218488,30.51890756302521
mexc,RAIUSDT,RAI-USDT,RAI,USDT,True,1,True,0.04963,55261.7783,1092617.48,0.04946,128.24,0.05043,143.27,194.21363499849946,6.3427504,1e-05,0.0,0.0,1.0,0.0,0.0005,exchangeInfo.quotePrecision/baseSizePrecision/quoteAmountPrecision,1,False,0.37058823529411766,0.05126050420168071,0.44201680672268906,30.50420168067227
mexc,TOWNSUSDC,TOWNS-USDC,TOWNS,USDC,True,1,True,0.003511,55057.623643,16276887.95,0.003515,349.34,0.003532,405.1,48.247481197673025,1.2279300999999998,1e-06,0.0,0.0,1.0,0.0,0.0,exchangeInfo.quotePrecision/baseSizePrecision/quoteAmountPrecision,1,False,0.3550420168067227,0.37142857142857144,0.08445378151260505,30.502100840336137
mexc,PIGUSDT,PIG-USDT,PIG,USDT,True,1,True,1.281e-08,55449.61990461215,4273391868613.0,1.27e-08,393700787.0,1.29e-08,2999993837.0,156.2500000000001,4.9999999949,1e-11,1000.0,1000.0,1.0,0.0,0.0005,exchangeInfo.quotePrecision/baseSizePrecision/quoteAmountPrecision,1,False,0.3840336134453782,0.07058823529411762,0.37941176470588234,30.474789915966387
mexc,CANTOUSDT,CANTO-USDT,CANTO,USDT,False,1,True,0.0006708,54855.4533014,82183460.47,0.0006639,12640.73,0.0006708,8570.17,103.39402112834352,5.7488700360000005,1e-07,0.01,0.01,1.0,0.0,0.0005,exchangeInfo.quotePrecision/baseSizePrecision/quoteAmountPrecision,1,False,0.33865546218487397,0.12815126050420167,0.423109243697479,30.29201680672269
mexc,FRTSUSDT,FRTS-USDT,FRTS,USDT,True,1,True,1.1767e-05,50517.995427236,4235317089.17,1.1744e-05,3536947.17,1.1885e-05,3184603.82,119.34487282576566,37.8490164007,1e-09,0.01,0.01,1.0,0.0,0.0005,exchangeInfo.quotePrecision/baseSizePrecision/quoteAmountPrecision,1,False,0.23445378151260504,0.10756302521008398,0.7331932773109243,30.247899159663866
mexc,SOLXUSDT,SOLX-USDT,SOLX,USDT,True,1,True,5.914e-06,29875.249336019,5063240433.39,5.908e-06,213207.56,5.92e-06,4519962.66,20.290835306053527,1.25963026448,1e-09,0.01,0.01,1.0,0.0,0.0005,exchangeInfo.quotePrecision/baseSizePrecision/quoteAmountPrecision,1,False,0.18781512605042017,0.7205882352941176,0.09411764705882353,30.22689075630252
mexc,XUSDT,X-USDT,X,USDT,True,1,True,0.014077,40407.310412,2882024.25,0.014065,384.9,0.014127,6424.82,43.98410896708377,5.413618499999999,1e-06,0.0,0.0,1.0,0.0,0.0005,exchangeInfo.quotePrecision/baseSizePrecision/quoteAmountPrecision,1,False,0.21050420168067227,0.42352941176470593,0.40210084033613447,30.207983193277315
mexc,PORKUSDT,PORK-USDT,PORK,USDT,True,1,True,1.918e-08,55060.51788401932,2866958454667.0,1.89e-08,347740050.0,1.921e-08,653411073.0,162.68695880346405,6.572286945,1e-11,0.0,0.0,1.0,0.0,0.0005,exchangeInfo.quotePrecision/baseSizePrecision/quoteAmountPrecision,1,False,0.3554621848739496,0.06554621848739495,0.44831932773109245,30.155462184873947
mexc,ATUSDC,AT-USDC,AT,USDC,True,1,True,0.15924,53615.61037,334486.23,0.15903,787.58,0.15969,8.77,41.41566265060203,1.4004812999999998,1e-05,0.0,0.0,1.0,0.0,0.0,exchangeInfo.quotePrecision/baseSizePrecision/quoteAmountPrecision,1,False,0.28025210084033614,0.4567226890756303,0.16596638655462184,30.151260504201684
mexc,3KDSUSDT,3KDS-USDT,3KDS,USDT,True,1,True,0.0010637,55041.9147998,51604832.6,0.0010576,2836.61,0.0010655,3092.25,74.41948094767216,2.9999987359999998,1e-07,0.0,0.0,1.0,0.0,0.0005,exchangeInfo.quotePrecision/baseSizePrecision/quoteAmountPrecision,1,False,0.35336134453781515,0.19579831932773106,0.2907563025210084,30.144957983193276
mexc,RAVEUSDT,RAVE-USDT,RAVE,USDT,True,1,True,0.2545,2808.8865,11097.22,0.2538,31.49,0.2545,128.73,27.54278969112644,7.992162,0.0001,0.0,0.0,1.0,0.0,0.0005,exchangeInfo.quotePrecision/baseSizePrecision/quoteAmountPrecision,1,False,0.08067226890756303,0.6378151260504201,0.4852941176470588,30.08823529411765
mexc,SN75USDT,SN75-USDT,SN75,USDT,True,1,True,8.242,21329.26,2675.8,8.193,6.04,8.242,4.26,59.628840888349565,35.11092,0.001,0.0,0.0,1.0,0.0,0.0005,exchangeInfo.quotePrecision/baseSizePrecision/quoteAmountPrecision,1,False,0.15966386554621848,0.27268907563025213,0.723109243697479,30.060924369747898
mexc,POPUSDT,POP-USDT,POP,USDT,True,1,True,0.0021249,53235.6730222,25518622.38,0.0021231,44476.0,0.0021329,1272.01,46.05263157894696,2.713070129,1e-07,0.0,0.0,1.0,0.0,0.0005,exchangeInfo.quotePrecision/baseSizePrecision/quoteAmountPrecision,1,False,0.2668067226890756,0.39537815126050424,0.2743697478991597,30.04621848739496
mexc,BLEND1USDT,BLEND1-USDT,BLEND1,USDT,True,1,True,6.618e-05,53293.79881721,801573538.38,6.613e-05,544638.7,6.816e-05,802079.29,302.3307766773389,36.016957231,1e-08,0.0,0.0,1.0,0.0,0.0005,exchangeInfo.quotePrecision/baseSizePrecision/quoteAmountPrecision,1,False,0.2689075630252101,0.02857142857142858,0.726890756302521,30.042016806722692
mexc,VEREMUSDT,VEREM-USDT,VEREM,USDT,True,1,True,10.07,38235.45,3711.05,10.07,7.1,10.13,1.5,59.40594059405989,15.195,0.01,0.0,0.0,1.0,0.0,0.0005,exchangeInfo.quotePrecision/baseSizePrecision/quoteAmountPrecision,1,False,0.20588235294117646,0.2743697478991597,0.5915966386554622,30.014705882352942
mexc,VRTXONUSDT,VRTXON-USDT,VRTXON,USDT,True,1,True,439.88,54451.9,124.303,436.96,0.009,439.89,0.078,66.83013058105735,3.9326399999999997,0.01,0.0,0.0,1.0,0.0,0.0005,exchangeInfo.quotePrecision/baseSizePrecision/quoteAmountPrecision,1,False,0.31470588235294117,0.2336134453781512,0.34285714285714286,30.006302521008404
mexc,RIOEUR,RIO-EUR,RIO,EUR,True,1,True,0.03727,56326.43449,1454122.84,0.03699,34.64,0.03732,55.84,88.81711748082276,1.2813336000000002,1e-05,0.0,0.0,1.0,0.0,0.0,exchangeInfo.quotePrecision/baseSizePrecision/quoteAmountPrecision,1,False,0.4357142857142857,0.15252100840336136,0.10336134453781512,29.84453781512605
mexc,SRCUSDT,SRC-USDT,SRC,USDT,False,1,True,0.001851,35785.001523,19344178.29,0.001847,71061.15,0.001852,711.23,27.03433360367674,1.31719796,1e-06,0.0,0.0,1.0,0.0,0.0005,exchangeInfo.quotePrecision/baseSizePrecision/quoteAmountPrecision,1,False,0.20210084033613446,0.6445378151260504,0.12899159663865548,29.80882352941176
mexc,ASTRAAIUSDT,ASTRAAI-USDT,ASTRAAI,USDT,True,1,True,0.2012,22391.605,110489.79,0.2009,51.03,0.2018,53.77,44.69828656568224,10.251927,0.0001,0.0,0.0,1.0,0.0,0.0005,exchangeInfo.quotePrecision/baseSizePrecision/quoteAmountPrecision,1,False,0.16134453781512606,0.4126050420168067,0.5289915966386555,29.76890756302521
mexc,TXCUSDT,TXC-USDT,TXC,USDT,True,1,True,0.179,28249.719,156037.88,0.179,471.48,0.181,675.71,111.11111111111121,84.39492,0.001,0.0,0.0,1.0,0.0,0.0005,exchangeInfo.quotePrecision/baseSizePrecision/quoteAmountPrecision,1,False,0.1819327731092437,0.11974789915966388,0.8382352941176471,29.764705882352942
mexc,PLTRONUSDT,PLTRON-USDT,PLTRON,USDT,True,1,True,147.16,53572.21,362.921,147.11,0.037,148.05,0.358,63.69426751592341,5.4430700000000005,0.01,0.0,0.0,1.0,0.0,0.0005,exchangeInfo.quotePrecision/baseSizePrecision/quoteAmountPrecision,1,False,0.2785714285714286,0.25210084033613445,0.40672268907563025,29.758403361344538
mexc,NAVIUSDT,NAVI-USDT,NAVI,USDT,True,1,True,0.004725,27477.516219,5824778.8,0.004714,3956.45,0.004737,2258.77,48.672098190666766,10.69979349,1e-06,0.0,0.0,1.0,0.0,0.0005,exchangeInfo.quotePrecision/baseSizePrecision/quoteAmountPrecision,1,False,0.17941176470588235,0.3647058823529412,0.538235294117647,29.750000000000004
mexc,ABXUSDT,ABX-USDT,ABX,USDT,True,1,True,0.01108,36197.142633,3259515.51,0.01108,10169.15,0.011112,121.18,28.839221341024494,1.34655216,1e-06,0.0,0.0,1.0,0.0,0.0005,exchangeInfo.quotePrecision/baseSizePrecision/quoteAmountPrecision,1,False,0.20336134453781513,0.6264705882352941,0.14453781512605043,29.73739495798319
mexc,VELOUSDT,VELO-USDT,VELO,USDT,True,1,True,0.003788,17204.269455,4492272.54,0.00379,2000.0,0.003805,2000.0,39.4996708360759,7.58,1e-06,0.0001,0.0001,1.0,0.0,0.0005,exchangeInfo.quotePrecision/baseSizePrecision/quoteAmountPrecision,1,False,0.14663865546218488,0.4882352941176471,0.4722689075630252,29.71638655462185
mexc,GMXUSDC,GMX-USDC,GMX,USDC,True,1,True,5.989,55454.554,9021.28,5.967,99.56,6.002,0.2,58.48441808004034,1.2004000000000001,0.001,0.0,0.0,1.0,0.0,0.0,exchangeInfo.quotePrecision/baseSizePrecision/quoteAmountPrecision,1,False,0.38487394957983195,0.2823529411764706,0.073109243697479,29.689075630252105
mexc,PROVEUSDC,PROVE-USDC,PROVE,USDC,True,1,True,0.2215,54678.8539,242621.51,0.2209,230.84,0.2219,5.41,45.167118337848834,1.2004789999999999,0.0001,0.0,0.0,1.0,0.0,0.0,exchangeInfo.quotePrecision/baseSizePrecision/quoteAmountPrecision,1,False,0.3277310924369748,0.4054621848739496,0.07352941176470588,29.63235294117647
mexc,CHMPZUSDT,CHMPZ-USDT,CHMPZ,USDT,True,1,True,1.268e-05,28569.50033612,2258581139.95,1.261e-05,3304194.05,1.27e-05,2533720.14,71.1181351244574,32.178245778000004,1e-08,0.0,0.0,1.0,0.0,0.0005,exchangeInfo.quotePrecision/baseSizePrecision/quoteAmountPrecision,1,False,0.18319327731092436,0.21134453781512608,0.7105042016806723,29.569327731092436
mexc,TSUKAUSDT,TSUKA-USDT,TSUKA,USDT,True,1,True,0.001156,54521.591985,47486928.55,0.001149,7405.81,0.001164,6761.0,129.70168612191992,7.869804000000001,1e-06,0.001,0.001,1.0,0.0,0.0005,exchangeInfo.quotePrecision/baseSizePrecision/quoteAmountPrecision,1,False,0.3180672268907563,0.09705882352941175,0.4810924369747899,29.54201680672269
mexc,MUBIUSDT,MUBI-USDT,MUBI,USDT,True,1,True,0.0002505,55227.9382316,210984240.36,0.0002461,29136.49,0.000252,21825.39,236.90022083918814,5.49999828,1e-07,0.0,0.0,1.0,0.0,0.0005,exchangeInfo.quotePrecision/baseSizePrecision/quoteAmountPrecision,1,False,0.36764705882352944,0.04033613445378148,0.4142857142857143,29.514705882352942
mexc,LBUSDT,LB-USDT,LB,USDT,True,1,True,2.013e-07,1129.7676342506,5812758807.61,2.013e-07,18827620.46,2.016e-07,79440812.02,14.892032762471882,3.789999998598,1e-10,0.0,0.0,1.0,0.0,0.0005,exchangeInfo.quotePrecision/baseSizePrecision/quoteAmountPrecision,1,False,0.06050420168067227,0.7777310924369748,0.3348739495798319,29.468487394957982
mexc,UDSUSDT,UDS-USDT,UDS,USDT,True,1,True,1.6793,26121.0526,15400.91,1.6801,20.53,1.6834,0.72,19.62241712501906,1.212048,0.0001,0.0,0.0,1.0,0.0,0.0005,exchangeInfo.quotePrecision/baseSizePrecision/quoteAmountPrecision,1,False,0.17394957983193277,0.7281512605042018,0.07899159663865546,29.350840336134453
mexc,DOGEUSDC,DOGE-USDC,DOGE,USDC,True,1,True,0.09169,34338.57446,375847.19,0.09159,10.02,0.09179,655012.33,21.812629512486843,0.9177318,1e-05,0.001,0.001,1.0,0.0,0.0,exchangeInfo.quotePrecision/baseSizePrecision/quoteAmountPrecision,1,False,0.19957983193277312,0.7012605042016806,0.03697478991596639,29.247899159663866
mexc,PLNUSDT,PLN-USDT,PLN,USDT,True,1,True,0.00578,15149.29917,2620989.34,0.00577,230.3,0.00578,2395.41,17.316017316018108,1.328831,1e-05,0.0,0.0,1.0,0.0,0.0005,exchangeInfo.quotePrecision/baseSizePrecision/quoteAmountPrecision,1,False,0.13991596638655462,0.7525210084033613,0.13655462184873948,29.239495798319332
mexc,GOOGLXUSDT,GOOGLX-USDT,GOOGLX,USDT,True,1,True,294.39,55175.34,187.858,292.68,0.387,295.11,0.008,82.68259072117617,2.3608800000000003,0.01,0.0,0.0,1.0,0.0,0.0005,exchangeInfo.quotePrecision/baseSizePrecision/quoteAmountPrecision,1,False,0.36092436974789915,0.16974789915966382,0.2571428571428571,29.23739495798319
mexc,RUNEUSDC,RUNE-USDC,RUNE,USDC,True,1,True,0.3967,55288.0268,139198.24,0.3954,60.74,0.3977,3.02,58.00025217501007,1.201054,0.0001,0.0,0.0,1.0,0.0,0.0,exchangeInfo.quotePrecision/baseSizePrecision/quoteAmountPrecision,1,False,0.3735294117647059,0.28781512605042014,0.07436974789915966,29.226890756302527
mexc,ABNBONUSDT,ABNBON-USDT,ABNBON,USDT,True,1,True,124.23,55204.82,445.682,123.61,0.206,124.42,0.011,65.31467967584585,1.36862,0.01,0.0,0.0,1.0,0.0,0.0005,exchangeInfo.quotePrecision/baseSizePrecision/quoteAmountPrecision,1,False,0.36470588235294116,0.24369747899159666,0.15336134453781514,29.218487394957982
mexc,DIMEUSDT,DIME-USDT,DIME,USDT,True,1,True,0.02695,244.30334,9071.17,0.02695,785.5,0.02696,51.46,3.7098868484509713,1.3873616000000002,1e-05,0.0,0.0,1.0,0.0,0.0005,exchangeInfo.quotePrecision/baseSizePrecision/quoteAmountPrecision,1,False,0.041176470588235294,0.9478991596638655,0.16092436974789917,29.18067226890756
mexc,PORT3USDT,PORT3-USDT,PORT3,USDT,True,1,True,0.0026356,55765.8918134,21803940.85,0.0025878,1491.59,0.0026383,1064.45,193.26074893323968,2.808338435,1e-07,0.0,0.0,1.0,0.0,0.0005,exchangeInfo.quotePrecision/baseSizePrecision/quoteAmountPrecision,1,False,0.4042016806722689,0.05210084033613449,0.27899159663865547,29.113445378151265
mexc,VPRUSDT,VPR-USDT,VPR,USDT,True,1,True,0.0003006,27838.7036803,92563300.47,0.0003,10000.0,0.0003011,101219.4,36.59956745965818,2.9999999999999996,1e-07,0.0,0.0,1.0,0.0,0.0005,exchangeInfo.quotePrecision/baseSizePrecision/quoteAmountPrecision,1,False,0.1810924369747899,0.5315126050420168,0.2911764705882353,29.07142857142857
mexc,EDENUSDC,EDEN-USDC,EDEN,USDC,True,1,True,0.03408,54728.34641,1607945.25,0.03403,40.46,0.03422,40.84,55.67765567765646,1.3768538,1e-05,0.0,0.0,1.0,0.0,0.0,exchangeInfo.quotePrecision/baseSizePrecision/quoteAmountPrecision,1,False,0.3310924369747899,0.30798319327731094,0.15798319327731092,29.069327731092436
mexc,WCTUSDC,WCT-USDC,WCT,USDC,True,1,True,0.05388,54689.887,1017337.87,0.05382,24.32,0.05408,22.45,48.19277108433796,1.214096,1e-05,0.0,0.0,1.0,0.0,0.0,exchangeInfo.quotePrecision/baseSizePrecision/quoteAmountPrecision,1,False,0.32983193277310924,0.3722689075630252,0.07983193277310924,29.044117647058826
mexc,ZENTUSDT,ZENT-USDT,ZENT,USDT,True,1,True,0.003246,50872.610922,15698880.71,0.00324,866.22,0.003251,392.12,33.89308272993424,1.27478212,1e-06,0.0,0.0,1.0,0.0,0.0005,exchangeInfo.quotePrecision/baseSizePrecision/quoteAmountPrecision,1,False,0.2361344537815126,0.5596638655462185,0.10210084033613445,29.02100840336135
mexc,TSTUSDC,TST-USDC,TST,USDC,True,1,True,0.008798,55279.933794,6321446.6,0.008763,136.94,0.008814,136.15,58.03038061102656,1.20000522,1e-06,0.0,0.0,1.0,0.0,0.0,exchangeInfo.quotePrecision/baseSizePrecision/quoteAmountPrecision,1,False,0.3726890756302521,0.2865546218487395,0.06596638655462185,28.981092436974787
mexc,AMOREUSDT,AMORE-USDT,AMORE,USDT,True,1,True,0.001571,28831.494727,18333247.0,0.001569,2015.92,0.001575,136568.33,38.16793893129726,3.1629784800000005,1e-06,0.0,0.0,1.0,0.0,0.0005,exchangeInfo.quotePrecision/baseSizePrecision/quoteAmountPrecision,1,False,0.18529411764705883,0.5100840336134453,0.3004201680672269,28.95168067226891
mexc,LYXUSDT,LYX-USDT,LYX,USDT,True,1,True,0.2719,51590.0778,195205.29,0.2715,2413.13,0.2736,43.92,77.05008255365954,12.016512,0.0001,0.0,0.0,1.0,0.0,0.0005,exchangeInfo.quotePrecision/baseSizePrecision/quoteAmountPrecision,1,False,0.23907563025210085,0.1869747899159664,0.5550420168067227,28.92436974789916
mexc,XEMPIREUSDT,XEMPIRE-USDT,XEMPIRE,USDT,True,1,True,1.205e-05,54058.02830604,4479995552.9,1.198e-05,2875788.93,1.208e-05,455298.01,83.12551953449629,5.4999999608,1e-08,0.0,0.0,1.0,0.0,0.0005,exchangeInfo.quotePrecision/baseSizePrecision/quoteAmountPrecision,1,False,0.29705882352941176,0.16596638655462181,0.415546218487395,28.798319327731093
mexc,IMOUSDT,IMO-USDT,IMO,USDT,True,1,True,0.4624,17287.1751,36348.41,0.4622,14.65,0.4641,122.98,41.02342653567986,6.77123,0.0001,0.0,0.0,1.0,0.0,0.0005,exchangeInfo.quotePrecision/baseSizePrecision/quoteAmountPrecision,1,False,0.14747899159663866,0.46554621848739497,0.45210084033613446,28.792016806722692
mexc,FCT2USDT,FCT2-USDT,FCT2,USDT,True,1,True,0.01178,5765.32264,489329.5,0.01176,1550.81,0.01181,1641.39,42.426813746287394,18.237525599999998,1e-05,0.001,0.001,1.0,0.0,0.0005,exchangeInfo.quotePrecision/baseSizePrecision/quoteAmountPrecision,1,False,0.09621848739495799,0.4445378151260504,0.6189075630252101,28.783613445378155
mexc,TOWERUSDT,TOWER-USDT,TOWER,USDT,True,1,True,0.000246,46683.0222867,189120888.76,0.000246,8130.09,0.000247,56546.31,40.56795131845721,2.0000021400000003,1e-07,0.0,0.0,1.0,0.0,0.0005,exchangeInfo.quotePrecision/baseSizePrecision/quoteAmountPrecision,1,False,0.22394957983193278,0.47352941176470587,0.23067226890756304,28.76890756302521
mexc,PSYOPANIMEUSDT,PSYOPANIME-USDT,PSYOPANIME,USDT,True,1,True,0.003116,54798.277274,17430532.89,0.003058,2913.7,0.003126,2261.24,219.9223803363516,7.068636239999999,1e-06,0.0,0.0,1.0,0.0,0.0005,exchangeInfo.quotePrecision/baseSizePrecision/quoteAmountPrecision,1,False,0.3348739495798319,0.04453781512605037,0.46092436974789913,28.749999999999996
mexc,OPENUSDC,OPEN-USDC,OPEN,USDC,True,1,True,0.1627,54082.1275,342235.08,0.1624,7.39,0.1631,220.38,43.010752688172424,1.2001359999999999,0.0001,0.0,0.0,1.0,0.0,0.0,exchangeInfo.quotePrecision/baseSizePrecision/quoteAmountPrecision,1,False,0.29789915966386554,0.4365546218487395,0.07142857142857142,28.72689075630252
mexc,DONTUSDT,DONT-USDT,DONT,USDT,True,1,True,1.058e-06,54223.726741737,53490362815.0,1.049e-06,8855857.0,1.064e-06,7657550.0,141.97823000473326,8.147633200000001,1e-09,0.0,0.0,1.0,0.0,0.0005,exchangeInfo.quotePrecision/baseSizePrecision/quoteAmountPrecision,1,False,0.3042016806722689,0.08529411764705885,0.4899159663865546,28.661764705882355
mexc,HOPPYUSDT,HOPPY-USDT,HOPPY,USDT,True,1,True,3.37e-06,156.228744944,45734006.0,3.37e-06,44975781.0,3.381e-06,5000000.0,32.58776477558874,16.905,1e-09,0.0,0.0,1.0,0.0,0.0005,exchangeInfo.quotePrecision/baseSizePrecision/quoteAmountPrecision,1,False,0.034873949579831934,0.5840336134453781,0.6067226890756302,28.653361344537814
mexc,ASTERUSDC,ASTER-USDC,ASTER,USDC,True,1,True,0.6524,53204.3858,80613.5,0.6515,2859.91,0.6541,1.93,39.82843137254973,1.262413,0.0001,0.0,0.0,1.0,0.0,0.0,exchangeInfo.quotePrecision/baseSizePrecision/quoteAmountPrecision,1,False,0.26554621848739496,0.484873949579832,0.0957983193277311,28.642857142857146
mexc,VERTUSDT,VERT-USDT,VERT,USDT,True,1,True,0.0008217,51769.0046655,62953811.8,0.0008161,75403.66,0.0008216,9336.16,67.16736887097723,7.670589056,1e-07,0.0,0.0,1.0,0.0,0.0005,exchangeInfo.quotePrecision/baseSizePrecision/quoteAmountPrecision,1,False,0.24243697478991597,0.23193277310924365,0.4752100840336134,28.63655462184874
mexc,CYSUSDC,CYS-USDC,CYS,USDC,True,1,True,0.2574,55171.6876,222108.26,0.2569,5.09,0.2585,5.07,62.08769887466007,1.3076210000000001,0.0001,0.0,0.0,1.0,0.0,0.0,exchangeInfo.quotePrecision/baseSizePrecision/quoteAmountPrecision,1,False,0.36050420168067226,0.26008403361344534,0.11470588235294117,28.62394957983193
mexc,MANTAUSDC,MANTA-USDC,MANTA,USDC,True,1,True,0.06356,53317.58001,851683.13,0.06349,5031.55,0.06374,18.83,39.298907490371796,1.2002242,1e-05,0.0,0.0,1.0,0.0,0.0,exchangeInfo.quotePrecision/baseSizePrecision/quoteAmountPrecision,1,False,0.27016806722689074,0.49075630252100844,0.07226890756302522,28.57352941176471
mexc,HEUUSDT,HEU-USDT,HEU,USDT,True,1,True,0.00517,16675.0018,3077047.62,0.00517,5707.17,0.0052,4649.36,57.85920925747279,24.176671999999996,1e-05,0.0,0.0,1.0,0.0,0.0005,exchangeInfo.quotePrecision/baseSizePrecision/quoteAmountPrecision,1,False,0.1453781512605042,0.2894957983193277,0.6642857142857143,28.51890756302521
mexc,VOWUSDT,VOW-USDT,VOW,USDT,True,1,True,0.02074,250.02692,12198.05,0.02084,9655.96,0.02085,64.81,4.7973135044373185,1.3512885000000001,1e-05,0.0,0.0,1.0,0.0,0.0005,exchangeInfo.quotePrecision/baseSizePrecision/quoteAmountPrecision,1,False,0.04159663865546218,0.9294117647058824,0.14747899159663866,28.472689075630253
mexc,RIOUSDC,RIO-USDC,RIO,USDC,True,1,True,0.0429,52462.06067,1173760.8,0.04257,311.8,0.04301,502.56,102.82776349614464,13.273325999999999,1e-05,0.0,0.0,1.0,0.0,0.0,exchangeInfo.quotePrecision/baseSizePrecision/quoteAmountPrecision,1,False,0.25126050420168067,0.12857142857142856,0.5718487394957983,28.470588235294116
mexc,JTOUSDC,JTO-USDC,JTO,USDC,True,1,True,0.2557,53132.8547,205093.96,0.2553,5.33,0.2564,362.43,42.99394176275121,1.3607490000000002,0.0001,0.0,0.0,1.0,0.0,0.0,exchangeInfo.quotePrecision/baseSizePrecision/quoteAmountPrecision,1,False,0.2634453781512605,0.4373949579831933,0.15126050420168066,28.449579831932777
mexc,RIZOUSDT,RIZO-USDT,RIZO,USDT,True,1,True,1.39e-06,16976.01368632,11942439620.3,1.37e-06,151035407.88,1.39e-06,177489911.9,144.9275362318842,206.9185087956,1e-08,0.0,0.0,1.0,0.0,0.0005,exchangeInfo.quotePrecision/baseSizePrecision/quoteAmountPrecision,1,False,0.146218487394958,0.08235294117647063,0.9155462184873949,28.41176470588236
mexc,IDEXUSDC,IDEX-USDC,IDEX,USDC,True,1,True,0.002284,55877.99501,23645461.89,0.002266,529.57,0.002284,1041.15,79.12087912088009,1.20000562,1e-06,0.0,0.0,1.0,0.0,0.0,exchangeInfo.quotePrecision/baseSizePrecision/quoteAmountPrecision,1,False,0.4096638655462185,0.17815126050420171,0.06638655462184874,28.313025210084035
mexc,PENGUSDT,PENG-USDT,PENG,USDT,True,1,True,0.003676,198.000977,54972.4,0.00368,2415.43,0.003682,380.56,5.4333061668020415,1.40122192,1e-06,0.0,0.0,1.0,0.0,0.0005,exchangeInfo.quotePrecision/baseSizePrecision/quoteAmountPrecision,1,False,0.03697478991596639,0.9180672268907563,0.16638655462184873,28.31302521008403
mexc,KOONUSDT,KOON-USDT,KOON,USDT,True,1,True,77.57,53458.36,691.17,77.1,0.07,77.66,0.66,72.3701214784185,5.397,0.01,0.0,0.0,1.0,0.0,0.0005,exchangeInfo.quotePrecision/baseSizePrecision/quoteAmountPrecision,1,False,0.27521008403361347,0.20546218487394963,0.4008403361344538,28.28991596638656
mexc,GOHOMEUSDT,GOHOME-USDT,GOHOME,USDT,True,1,True,87.53,52642.34,616.51,87.16,0.075,87.78,0.075,70.8814450668806,6.537,0.01,0.0,0.0,1.0,0.0,0.0005,exchangeInfo.quotePrecision/baseSizePrecision/quoteAmountPrecision,1,False,0.253781512605042,0.21302521008403363,0.44789915966386556,28.241596638655466
mexc,LBTC1USDT,LBTC1-USDT,LBTC1,USDT,False,1,True,0.05884,53936.65482,917765.06,0.05843,130.46,0.05911,137.78,115.70529181555214,7.622777800000001,1e-05,0.0001,0.0001,1.0,0.0,0.0005,exchangeInfo.quotePrecision/baseSizePrecision/quoteAmountPrecision,1,False,0.2886554621848739,0.11386554621848743,0.47394957983193275,28.201680672268907
mexc,BIDUSDT,BID-USDT,BID,USDT,True,1,True,0.007072,52318.090753,7301254.42,0.007064,342.1,0.007098,327.73,48.01581697500378,2.32622754,1e-06,0.0,0.0,1.0,0.0,0.0005,exchangeInfo.quotePrecision/baseSizePrecision/quoteAmountPrecision,1,False,0.24873949579831933,0.3735294117647059,0.253781512605042,28.094537815126053
mexc,SAUCEUSDT,SAUCE-USDT,SAUCE,USDT,True,1,True,0.01993,6149.27975,303998.3,0.01993,1996.02,0.02004,2812.97,55.04128096072003,39.7806786,1e-05,0.001,0.001,1.0,0.0,0.0005,exchangeInfo.quotePrecision/baseSizePrecision/quoteAmountPrecision,1,False,0.09915966386554621,0.3130252100840336,0.7407563025210084,28.094537815126053
mexc,MIHUSDT,MIH-USDT,MIH,USDT,True,1,True,0.1728,3081.7622,17864.77,0.1727,19.9,0.1731,53.96,23.1347599768659,3.4367299999999994,0.0001,0.0,0.0,1.0,0.0,0.0005,exchangeInfo.quotePrecision/baseSizePrecision/quoteAmountPrecision,1,False,0.08403361344537816,0.684453781512605,0.3180672268907563,28.094537815126053
mexc,BCUTUSDT,BCUT-USDT,BCUT,USDT,True,1,True,0.00145,45697.180039,29873171.79,0.001445,3146.66,0.001452,2625.92,48.325854332066584,3.81283584,1e-06,0.0,0.0,1.0,0.0,0.0005,exchangeInfo.quotePrecision/baseSizePrecision/quoteAmountPrecision,1,False,0.22016806722689075,0.369327731092437,0.3352941176470588,28.048319327731097
mexc,OOBUSDT,OOB-USDT,OOB,USDT,True,1,True,0.0128,1290.9629,100879.66,0.0128,192859.95,0.0129,712937.44,77.82101167315128,2468.6073600000004,0.0001,0.0,0.0,1.0,0.0,0.0005,exchangeInfo.quotePrecision/baseSizePrecision/quoteAmountPrecision,1,False,0.06554621848739496,0.18571428571428572,0.988655462184874,28.021008403361346
mexc,FFUSDF,FF-USDF,FF,USDF,True,1,True,0.06432,54747.88934,795990.82,0.06429,116.6,0.06988,143.63,833.2712230752027,7.496213999999999,1e-05,0.0,0.0,1.0,0.0,0.0005,exchangeInfo.quotePrecision/baseSizePrecision/quoteAmountPrecision,1,False,0.33277310924369746,0.01134453781512601,0.47016806722689075,27.989495798319325
mexc,AZURUSDT,AZUR-USDT,AZUR,USDT,True,1,True,0.001067,7231.437358,6739901.34,0.001067,44989.62,0.001069,1371.72,18.72659176030008,1.4663686800000002,1e-06,0.0,0.0,1.0,0.0,0.0005,exchangeInfo.quotePrecision/baseSizePrecision/quoteAmountPrecision,1,False,0.10588235294117647,0.7352941176470589,0.18739495798319328,27.95378151260504
mexc,CWEBUSDT,CWEB-USDT,CWEB,USDT,True,1,True,0.001052,53573.134545,50791617.36,0.001048,16363.94,0.001054,2355.17,57.088487155089716,2.48234918,1e-06,0.0001,0.0001,1.0,0.0,0.0005,exchangeInfo.quotePrecision/baseSizePrecision/quoteAmountPrecision,1,False,0.27899159663865547,0.2932773109243697,0.26176470588235295,27.91176470588235
mexc,CYBERUSDC,CYBER-USDC,CYBER,USDC,True,1,True,0.4854,51992.7339,107240.28,0.4844,3.57,0.4863,2.64,39.147007314309526,1.283832,0.0001,0.0,0.0,1.0,0.0,0.0,exchangeInfo.quotePrecision/baseSizePrecision/quoteAmountPrecision,1,False,0.2449579831932773,0.4928571428571429,0.10546218487394958,27.903361344537814
mexc,PGPTUSDT,PGPT-USDT,PGPT,USDT,True,1,True,0.001824,19392.447331,10713480.68,0.001821,1189.78,0.001827,194393.86,32.894736842106056,2.16658938,1e-06,0.0,0.0,1.0,0.0,0.0005,exchangeInfo.quotePrecision/baseSizePrecision/quoteAmountPrecision,1,False,0.15336134453781514,0.580672268907563,0.24705882352941178,27.892857142857142
mexc,XELUSDT,XEL-USDT,XEL,USDT,True,1,True,0.3,22467.054,72759.34,0.3,73.14,0.302,207.4,66.44518272425256,21.942,0.001,0.0,0.0,1.0,0.0,0.0005,exchangeInfo.quotePrecision/baseSizePrecision/quoteAmountPrecision,1,False,0.16176470588235295,0.23697478991596643,0.6495798319327731,27.813025210084042
mexc,EAIUSDT,EAI-USDT,EAI,USDT,True,1,True,0.002425,11044.236355,4072372.29,0.00242,558.03,0.002425,16689.1,20.639834881321896,1.3504325999999998,1e-06,0.0,0.0,1.0,0.0,0.0005,exchangeInfo.quotePrecision/baseSizePrecision/quoteAmountPrecision,1,False,0.126890756302521,0.7151260504201681,0.14663865546218488,27.78991596638656
mexc,MPCUSDT,MPC-USDT,MPC,USDT,True,1,True,0.01048,1578.6044,154625.52,0.01041,129.41,0.01042,143.19,9.601536245798936,1.3471581000000001,1e-05,0.0,0.0,1.0,0.0,0.0005,exchangeInfo.quotePrecision/baseSizePrecision/quoteAmountPrecision,1,False,0.06932773109243698,0.842436974789916,0.1453781512605042,27.781512605042018
mexc,QUANTUMUSDT,QUANTUM-USDT,QUANTUM,USDT,True,1,True,0.002682,31047.898017,11503244.66,0.002682,4875.26,0.0027,111043.63,66.88963210702424,13.07544732,1e-06,0.0,0.0,1.0,0.0,0.0005,exchangeInfo.quotePrecision/baseSizePrecision/quoteAmountPrecision,1,False,0.1920168067226891,0.23319327731092432,0.569327731092437,27.777310924369747
mexc,EPHUSDT,EPH-USDT,EPH,USDT,True,1,True,0.005098,54874.186956,10740096.34,0.005096,1096.32,0.005299,1057.73,390.5723905723907,5.58684672,1e-06,0.0,0.0,1.0,0.0,0.0005,exchangeInfo.quotePrecision/baseSizePrecision/quoteAmountPrecision,1,False,0.3415966386554622,0.022268907563025242,0.4176470588235294,27.69747899159664
mexc,KOMAUSDT,KOMA-USDT,KOMA,USDT,True,1,True,0.00637,2143.04981,334609.01,0.00636,55491.48,0.00641,94654.43,78.30853563038323,352.9258128,1e-05,0.0,0.0,1.0,0.0,0.0005,exchangeInfo.quotePrecision/baseSizePrecision/quoteAmountPrecision,1,False,0.07647058823529412,0.1823529411764706,0.9466386554621848,27.69747899159664
mexc,ORCAUSDC,ORCA-USDC,ORCA,USDC,True,1,True,0.8247,52686.1872,63487.09,0.8217,2.25,0.8251,1.57,41.29220306048043,1.295407,0.0001,0.0,0.0,1.0,0.0,0.0,exchangeInfo.quotePrecision/baseSizePrecision/quoteAmountPrecision,1,False,0.25504201680672267,0.45798319327731096,0.10966386554621849,27.670168067226893
mexc,MASSUSDT,MASS-USDT,MASS,USDT,False,1,True,0.0003452,54766.0369071,158310061.26,0.0003407,76361.72,0.0003536,17728.06,371.59729223678494,6.268642016,1e-07,0.0001,0.0001,1.0,0.0,0.0005,exchangeInfo.quotePrecision/baseSizePrecision/quoteAmountPrecision,1,False,0.33319327731092435,0.02310924369747902,0.43781512605042017,27.659663865546218
mexc,BUSD1,B-USD1,B,USD1,True,1,True,0.18288,52218.1091,281141.36,0.18216,198.54,0.18333,28.53,64.02363949766091,5.2304049,1e-05,0.0,0.0,1.0,0.0001,0.0001,exchangeInfo.quotePrecision/baseSizePrecision/quoteAmountPrecision,1,False,0.246218487394958,0.2504201680672269,0.3915966386554622,27.634453781512608
mexc,SAGAUSDC,SAGA-USDC,SAGA,USDC,True,1,True,0.02816,53390.21485,1917715.7,0.0281,60.1,0.02824,51.47,49.698260560880804,1.4535128,1e-05,0.0,0.0,1.0,0.0,0.0,exchangeInfo.quotePrecision/baseSizePrecision/quoteAmountPrecision,1,False,0.2718487394957983,0.35546218487394954,0.18529411764705883,27.544117647058826
mexc,APTMUSDT,APTM-USDT,APTM,USDT,True,1,True,0.19907,41067.45632,201860.57,0.19775,135.09,0.19943,75.35,84.59640465280161,15.027050499999998,1e-05,0.0,0.0,1.0,0.0,0.0005,exchangeInfo.quotePrecision/baseSizePrecision/quoteAmountPrecision,1,False,0.21260504201680672,0.16176470588235292,0.5894957983193277,27.527310924369747
mexc,HEARTUSDT,HEART-USDT,HEART,USDT,True,1,True,0.000587,35939.4769395,55778069.86,0.0005871,6049.34,0.0005898,144754.28,45.883252612796525,3.5515675140000003,1e-07,0.01,0.01,1.0,0.0,0.0005,exchangeInfo.quotePrecision/baseSizePrecision/quoteAmountPrecision,1,False,0.20252100840336135,0.396218487394958,0.323109243697479,27.506302521008408
mexc,TYCOONUSDT,TYCOON-USDT,TYCOON,USDT,True,1,True,0.001911,55232.500845,28907875.6,0.001897,1274.43,0.001925,1386.3,146.52014652014668,2.4175937100000002,1e-06,0.0,0.0,1.0,0.0,0.0005,exchangeInfo.quotePrecision/baseSizePrecision/quoteAmountPrecision,1,False,0.3680672268907563,0.08067226890756307,0.2592436974789916,27.445378151260506
mexc,XTMUSDT,XTM-USDT,XTM,USDT,True,1,True,0.000749,28309.398986,38450586.39,0.000749,57766.98,0.000757,43938.5,106.24169986719757,33.261444499999996,1e-06,0.0,0.0,1.0,0.0,0.0005,exchangeInfo.quotePrecision/baseSizePrecision/quoteAmountPrecision,1,False,0.18235294117647058,0.12521008403361344,0.7134453781512605,27.428571428571423
mexc,STOSUSDT,STOS-USDT,STOS,USDT,True,1,True,0.023,52953.35668,2313298.91,0.02293,91.61,0.02305,191.25,52.19660722053156,2.1006172999999997,1e-05,0.1,0.1,1.0,0.0,0.0005,exchangeInfo.quotePrecision/baseSizePrecision/quoteAmountPrecision,1,False,0.25840336134453784,0.33235294117647063,0.2411764705882353,27.344537815126053
mexc,ILVUSDC,ILV-USDC,ILV,USDC,True,1,True,3.79,54346.22,14372.04,3.78,0.34,3.799,0.32,50.13854070457878,1.21568,0.001,0.0,0.0,1.0,0.0,0.0,exchangeInfo.quotePrecision/baseSizePrecision/quoteAmountPrecision,1,False,0.3088235294117647,0.3491596638655462,0.08067226890756303,27.327731092436974
mexc,JASMYUSDC,JASMY-USDC,JASMY,USDC,True,1,True,0.005306,17325.43806,3266880.19,0.00529,10737.38,0.005319,2297.78,54.67056272975683,12.221891820000002,1e-06,0.0001,0.0001,1.0,0.0,0.0,exchangeInfo.quotePrecision/baseSizePrecision/quoteAmountPrecision,1,False,0.14789915966386555,0.31512605042016806,0.5567226890756303,27.147058823529413
mexc,GIGAUSDT,GIGA-USDT,GIGA,USDT,True,1,True,0.00182,4791.96721,2653158.94,0.00178,327636.82,0.0018,224618.05,111.73184357541929,404.31248999999997,1e-05,0.0,0.0,1.0,0.0,0.0005,exchangeInfo.quotePrecision/baseSizePrecision/quoteAmountPrecision,1,False,0.09243697478991597,0.11848739495798322,0.9533613445378152,27.11344537815127
mexc,PHTUSDT,PHT-USDT,PHT,USDT,True,1,True,0.01646,5278.54563,320876.55,0.01645,5401.81,0.01654,1813.78,54.56198848135787,29.9999212,1e-05,0.0,0.0,1.0,0.0,0.0005,exchangeInfo.quotePrecision/baseSizePrecision/quoteAmountPrecision,1,False,0.0949579831932773,0.31596638655462184,0.6987394957983193,27.096638655462186
mexc,RVNUSDC,RVN-USDC,RVN,USDC,True,1,True,0.005676,52273.961062,9183234.3,0.00567,79631.17,0.005694,229.23,42.238648363253404,1.30523562,1e-06,0.0,0.0,1.0,0.0,0.0,exchangeInfo.quotePrecision/baseSizePrecision/quoteAmountPrecision,1,False,0.24789915966386555,0.4474789915966386,0.1134453781512605,27.090336134453786
mexc,XCXUSDT,XCX-USDT,XCX,USDT,True,1,True,0.000854,44241.422484,47684260.95,0.000851,22225.45,0.000858,12771.2,81.91925102399135,10.957689600000002,1e-06,0.0,0.0,1.0,0.0,0.0005,exchangeInfo.quotePrecision/baseSizePrecision/quoteAmountPrecision,1,False,0.21764705882352942,0.17100840336134449,0.542016806722689,27.08613445378151
mexc,SRMUSDT,SRM-USDT,SRM,USDT,True,1,True,0.002672,51898.53147,18726722.94,0.002667,979.01,0.002681,2011.09,52.35602094240722,2.61101967,1e-06,0.0001,0.0001,1.0,0.0,0.0005,exchangeInfo.quotePrecision/baseSizePrecision/quoteAmountPrecision,1,False,0.24369747899159663,0.33193277310924374,0.2680672268907563,27.063025210084035
mexc,WAGMIGAMESUSDT,WAGMIGAMES-USDT,WAGMIGAMES,USDT,True,1,True,1.18e-06,10240.72418211,8584870690.12,1.17e-06,427134216.81,1.2e-06,432013135.04,253.16455696202465,499.7470336677,1e-08,0.0,0.0,1.0,0.0,0.0005,exchangeInfo.quotePrecision/baseSizePrecision/quoteAmountPrecision,1,False,0.12394957983193278,0.03613445378151259,0.9600840336134454,26.92226890756303
mexc,CULTDAOUSDT,CULTDAO-USDT,CULTDAO,USDT,True,1,True,8.879e-07,54507.9329557673,61028236159.0,8.858e-07,5869289.0,9.002e-07,6648864.0,161.25419932810777,5.1990161962,1e-10,0.0001,0.0001,1.0,0.0,0.0005,exchangeInfo.quotePrecision/baseSizePrecision/quoteAmountPrecision,1,False,0.3168067226890756,0.06680672268907561,0.3911764705882353,26.918067226890756
mexc,TPTUSDT,TPT-USDT,TPT,USDT,True,1,True,0.005963,53756.897082,9067853.56,0.005897,4545.38,0.006014,1462.06,196.4570565023926,8.79282884,1e-06,0.001,0.001,1.0,0.0,0.0005,exchangeInfo.quotePrecision/baseSizePrecision/quoteAmountPrecision,1,False,0.28319327731092436,0.050420168067226934,0.5033613445378151,26.903361344537817
mexc,AZENUSDT,AZEN-USDT,AZEN,USDT,True,1,True,0.000581,2422.082457,4151073.05,0.000577,10733.13,0.000579,11505.44,34.602076124566445,6.19301601,1e-06,0.0,0.0,1.0,0.0,0.0005,exchangeInfo.quotePrecision/baseSizePrecision/quoteAmountPrecision,1,False,0.07815126050420168,0.5546218487394958,0.4369747899159664,26.903361344537817
mexc,EDENAUSDT,EDENA-USDT,EDENA,USDT,True,1,True,0.0891,46129.7713,518117.3,0.0886,72.57,0.0892,1068.85,67.49156355455605,6.429701999999999,0.0001,0.0,0.0,1.0,0.0,0.0005,exchangeInfo.quotePrecision/baseSizePrecision/quoteAmountPrecision,1,False,0.2222689075630252,0.23109243697478987,0.4449579831932773,26.90126050420168
mexc,CTXCUSDT,CTXC-USDT,CTXC,USDT,True,1,True,0.002344,54882.3556772,23858442.11,0.0023072,1544.99,0.0023452,2183.56,163.35654715845516,3.5646009280000004,1e-07,0.001,0.001,1.0,0.0,0.0005,exchangeInfo.quotePrecision/baseSizePrecision/quoteAmountPrecision,1,False,0.3420168067226891,0.0634453781512605,0.3239495798319328,26.876050420168067
mexc,SALUSDT,SAL-USDT,SAL,USDT,True,1,True,0.01541,4146.73821,253985.7,0.01541,989.74,0.01548,1094.57,45.32211071544229,15.2518934,1e-05,0.0,0.0,1.0,0.0,0.0005,exchangeInfo.quotePrecision/baseSizePrecision/quoteAmountPrecision,1,False,0.08865546218487395,0.4042016806722689,0.592436974789916,26.829831932773114
mexc,MLXCUSDT,MLXC-USDT,MLXC,USDT,True,1,True,7.32e-07,55194.314121218,75235611927.18,7.3e-07,1802210.42,7.36e-07,13591751.95,81.85538881309724,1.3156136066,1e-09,0.0,0.0,1.0,0.0,0.0005,exchangeInfo.quotePrecision/baseSizePrecision/quoteAmountPrecision,1,False,0.3621848739495798,0.17142857142857137,0.12773109243697478,26.760504201680675
mexc,CHOUSDT,CHO-USDT,CHO,USDT,True,1,True,0.0015459,37395.7801522,23420332.23,0.0015273,61705.47,0.00155,16835.01,147.5319273389,26.094265499999995,1e-07,0.1,0.1,1.0,0.0,0.0005,exchangeInfo.quotePrecision/baseSizePrecision/quoteAmountPrecision,1,False,0.2046218487394958,0.07899159663865551,0.6764705882352942,26.75840336134454
mexc,INXUSDC,INX-USDC,INX,USDC,True,1,True,0.01209,54737.60115,4537164.32,0.01205,2436.71,0.01212,99.01,57.92304509722848,1.2000012000000002,1e-05,0.0,0.0,1.0,0.0,0.0,exchangeInfo.quotePrecision/baseSizePrecision/quoteAmountPrecision,1,False,0.3315126050420168,0.2886554621848739,0.06428571428571428,26.735294117647058
mexc,NUSDUSDT,NUSD-USDT,NUSD,USDT,True,1,True,0.639,23227.579,35600.76,0.638,73.27,0.644,49.52,93.60374414976606,31.890880000000003,0.001,0.0,0.0,1.0,0.0,0.0005,exchangeInfo.quotePrecision/baseSizePrecision/quoteAmountPrecision,1,False,0.1638655462184874,0.14201680672268913,0.7067226890756303,26.697478991596647
mexc,LUFCUSDT,LUFC-USDT,LUFC,USDT,True,1,True,0.03814,54791.218,1440003.61,0.03791,54.77,0.03827,54.77,94.51299553688612,2.0763307,1e-05,0.01,0.01,1.0,0.0,0.0005,exchangeInfo.quotePrecision/baseSizePrecision/quoteAmountPrecision,1,False,0.334453781512605,0.14033613445378146,0.23781512605042016,26.659663865546218
mexc,MEERUSDT,MEER-USDT,MEER,USDT,True,1,True,0.002704,8984.005473,3321973.47,0.002701,490.52,0.002707,2400.52,22.18934911242738,1.32489452,1e-06,0.0,0.0,1.0,0.0,0.0005,exchangeInfo.quotePrecision/baseSizePrecision/quoteAmountPrecision,1,False,0.11890756302521008,0.696218487394958,0.13403361344537815,26.626050420168067
mexc,PENDULUMUSDT,PENDULUM-USDT,PENDULUM,USDT,True,1,True,0.02303,24365.45015,1054545.01,0.02299,1264.88,0.02313,453.63,60.711188204683964,10.4924619,1e-05,0.0,0.0,1.0,0.0,0.0005,exchangeInfo.quotePrecision/baseSizePrecision/quoteAmountPrecision,1,False,0.1672268907563025,0.26722689075630257,0.5319327731092437,26.51680672268908
mexc,AVNTUSDC,AVNT-USDC,AVNT,USDC,True,1,True,0.1243,52435.1608,417797.05,0.1241,7260.35,0.1247,11.28,48.23151125401956,1.406616,0.0001,0.0,0.0,1.0,0.0,0.0,exchangeInfo.quotePrecision/baseSizePrecision/quoteAmountPrecision,1,False,0.2508403361344538,0.37184873949579833,0.1689075630252101,26.47058823529412
mexc,BOSONUSDT,BOSON-USDT,BOSON,USDT,True,1,True,0.03572,3374.13821,95478.22,0.03568,32.98,0.03572,32.93,11.204481792716628,1.1762596,1e-05,0.001,0.001,1.0,0.0,0.0005,exchangeInfo.quotePrecision/baseSizePrecision/quoteAmountPrecision,1,False,0.08529411764705883,0.8205882352941176,0.06092436974789916,26.424369747899163
mexc,SVLUSDT,SVL-USDT,SVL,USDT,True,1,True,0.013608,48451.144821,3574763.34,0.013488,1255.12,0.013708,32930.45,161.7884983085746,16.929058559999998,1e-06,0.0,0.0,1.0,0.0,0.0005,exchangeInfo.quotePrecision/baseSizePrecision/quoteAmountPrecision,1,False,0.22857142857142856,0.06638655462184873,0.6084033613445378,26.399159663865547
mexc,RUJIUSDT,RUJI-USDT,RUJI,USDT,True,1,True,0.1848,15596.2937,82268.69,0.1825,530.11,0.184,183.38,81.85538881309695,33.74192,0.0001,0.0,0.0,1.0,0.0,0.0005,exchangeInfo.quotePrecision/baseSizePrecision/quoteAmountPrecision,1,False,0.14159663865546218,0.17184873949579826,0.7151260504201681,26.38655462184874
mexc,NEWTUSDC,NEWT-USDC,NEWT,USDC,True,1,True,0.06431,52642.49573,818423.31,0.06419,32.64,0.06447,18.73,43.52557127312334,1.2075231,1e-05,0.0,0.0,1.0,0.0,0.0,exchangeInfo.quotePrecision/baseSizePrecision/quoteAmountPrecision,1,False,0.2542016806722689,0.43109243697478994,0.07815126050420168,26.321428571428573
mexc,ABELUSDT,ABEL-USDT,ABEL,USDT,True,1,True,0.08757,14007.39359,159132.24,0.08721,1446.12,0.08772,169.99,58.30903790087583,14.911522800000002,1e-05,0.0,0.0,1.0,0.0,0.0005,exchangeInfo.quotePrecision/baseSizePrecision/quoteAmountPrecision,1,False,0.1357142857142857,0.28361344537815125,0.5869747899159664,26.294117647058822
mexc,UNIT0USDT,UNIT0-USDT,UNIT0,USDT,True,1,True,0.028478,46690.453132,1631286.88,0.028379,942.73,0.028568,188.0,66.37750891179455,5.370784,1e-06,0.0,0.0,1.0,0.0,0.0005,exchangeInfo.quotePrecision/baseSizePrecision/quoteAmountPrecision,1,False,0.22436974789915967,0.2378151260504202,0.3983193277310924,26.252100840336134
mexc,TITUSDT,TIT-USDT,TIT,USDT,True,1,True,0.000515,49851.905822,97177277.91,0.000513,2144.24,0.000515,48602.98,38.910505836576824,1.09999512,1e-06,0.0,0.0,1.0,0.0,0.0005,exchangeInfo.quotePrecision/baseSizePrecision/quoteAmountPrecision,1,False,0.23025210084033612,0.49789915966386555,0.05168067226890756,26.14495798319328
mexc,SAMOUSDT,SAMO-USDT,SAMO,USDT,True,1,True,0.0004276,51931.1632797,123971494.87,0.0004268,6339.41,0.0004288,3156.0,46.75081813931731,1.3532928,1e-07,0.0001,0.0001,1.0,0.0,0.0005,exchangeInfo.quotePrecision/baseSizePrecision/quoteAmountPrecision,1,False,0.2445378151260504,0.3886554621848739,0.14831932773109244,26.132352941176467
mexc,BLUBUSDT,BLUB-USDT,BLUB,USDT,True,1,True,3.206e-09,52574.90227517159,16265216014841.0,3.18e-09,2926363501.0,3.227e-09,8311314974.0,146.7145309817385,9.305835933180001,1e-12,0.0,0.0,1.0,0.0,0.0005,exchangeInfo.quotePrecision/baseSizePrecision/quoteAmountPrecision,1,False,0.2529411764705882,0.0798319327731093,0.5109243697478991,26.126050420168067
mexc,ZYNUSDT,ZYN-USDT,ZYN,USDT,True,1,True,8.4e-05,48742.758333,531132520.59,8.3e-05,228257.95,8.5e-05,9628317.35,238.095238095239,18.94540985,1e-06,0.0,0.0,1.0,0.0,0.0005,exchangeInfo.quotePrecision/baseSizePrecision/quoteAmountPrecision,1,False,0.22899159663865545,0.03991596638655459,0.6226890756302521,26.046218487394956
mexc,JYAIUSDT,JYAI-USDT,JYAI,USDT,True,1,True,1.5069e-05,32138.479239893,2265609028.03,1.4815e-05,2776478.05,1.5068e-05,1828292.73,169.32704213097804,27.54871485564,1e-09,0.0,0.0,1.0,0.0,0.0005,exchangeInfo.quotePrecision/baseSizePrecision/quoteAmountPrecision,1,False,0.1949579831932773,0.061764705882352944,0.6865546218487395,25.997899159663866
mexc,SKATEUSDT,SKATE-USDT,SKATE,USDT,True,1,True,0.002195,54159.449241,24911836.48,0.002183,1440.54,0.002204,1415.03,95.73740597218942,3.11872612,1e-06,0.0,0.0,1.0,0.0,0.0005,exchangeInfo.quotePrecision/baseSizePrecision/quoteAmountPrecision,1,False,0.30168067226890755,0.13781512605042012,0.29747899159663865,25.987394957983195
mexc,VEEUSDT,VEE-USDT,VEE,USDT,True,1,True,4.221e-05,27534.62339138,651060875.22,4.212e-05,1128918.42,4.228e-05,32845.7,37.9146919431276,1.3887161959999998,1e-08,0.0,0.0,1.0,0.0,0.0005,exchangeInfo.quotePrecision/baseSizePrecision/quoteAmountPrecision,1,False,0.17983193277310924,0.5138655462184873,0.16176470588235295,25.97268907563025
mexc,OLASUSDT,OLAS-USDT,OLAS,USDT,True,1,True,0.045,51764.3783,1144066.62,0.0449,28.93,0.0451,950.22,44.44444444444417,1.2989570000000001,0.0001,0.0,0.0,1.0,0.0,0.0005,exchangeInfo.quotePrecision/baseSizePrecision/quoteAmountPrecision,1,False,0.24201680672268908,0.4168067226890756,0.11092436974789915,25.949579831932773
mexc,CLGOUSDT,CLGO-USDT,CLGO,USDT,True,1,True,0.01502,6607.38503,420374.65,0.01501,4.97,0.01503,743.99,13.315579227695862,0.0745997,1e-05,0.0,0.0,1.0,0.0,0.0005,exchangeInfo.quotePrecision/baseSizePrecision/quoteAmountPrecision,1,False,0.10084033613445378,0.7941176470588236,0.020168067226890758,25.802521008403367
mexc,RISEUSDT,RISE-USDT,RISE,USDT,True,1,True,0.003401,1001.128368,301838.92,0.003397,5347.95,0.003411,3441.94,41.128084606345844,11.74045734,1e-06,0.0,0.0,1.0,0.0,0.0005,exchangeInfo.quotePrecision/baseSizePrecision/quoteAmountPrecision,1,False,0.059243697478991594,0.4613445378151261,0.5491596638655463,25.775210084033617
mexc,TEAFIUSDT,TEAFI-USDT,TEAFI,USDT,True,1,True,0.003697,55545.133626,14381934.6,0.003667,1690.4,0.0037,73.2,89.58870639337597,0.27084,1e-06,0.0,0.0,1.0,0.0,0.0005,exchangeInfo.quotePrecision/baseSizePrecision/quoteAmountPrecision,1,False,0.3907563025210084,0.1508403361344538,0.025210084033613446,25.766806722689072
mexc,VEXUSDT,VEX-USDT,VEX,USDT,True,1,True,0.001671,53588.169621,32097141.33,0.001669,860.26,0.001679,2992.22,59.73715651135022,1.4357739399999998,1e-06,0.001,0.001,1.0,0.0,0.0005,exchangeInfo.quotePrecision/baseSizePrecision/quoteAmountPrecision,1,False,0.27983193277310925,0.27184873949579835,0.17857142857142858,25.75840336134454
mexc,VERSEWORLDUSDT,VERSEWORLD-USDT,VERSEWORLD,USDT,True,1,True,0.02551,46021.39834,1810998.26,0.0254,90.55,0.02553,88.31,51.05046141763269,2.2545543,1e-05,0.0,0.0,1.0,0.0,0.0005,exchangeInfo.quotePrecision/baseSizePrecision/quoteAmountPrecision,1,False,0.22142857142857142,0.3415966386554622,0.2508403361344538,25.73529411764706
mexc,RWAINCUSDT,RWAINC-USDT,RWAINC,USDT,True,1,True,0.00156,1853.1854,1239234.04,0.00154,340462.0,0.00156,340462.0,129.03225806451647,524.31148,1e-05,0.0,0.0,1.0,0.0,0.0005,exchangeInfo.quotePrecision/baseSizePrecision/quoteAmountPrecision,1,False,0.07226890756302522,0.09789915966386553,0.9621848739495799,25.665966386554622
mexc,PUNDIAIUSDT,PUNDIAI-USDT,PUNDIAI,USDT,True,1,True,0.5168,1135.9166,2207.8,0.5142,52.42,0.5168,58.01,50.436469447139594,26.954364,0.0001,0.0,0.0,1.0,0.0,0.0005,exchangeInfo.quotePrecision/baseSizePrecision/quoteAmountPrecision,1,False,0.06092436974789916,0.346218487394958,0.6815126050420168,25.636554621848738
mexc,ACTUSDC,ACT-USDC,ACT,USDC,True,1,True,0.01197,52305.48349,4343530.1,0.01193,180.78,0.012,4199.63,58.50396991224456,2.1567054,1e-05,0.0,0.0,1.0,0.0,0.0,exchangeInfo.quotePrecision/baseSizePrecision/quoteAmountPrecision,1,False,0.24831932773109244,0.2819327731092437,0.24579831932773108,25.6218487394958
mexc,VFARMUSDT,VFARM-USDT,VFARM,USDT,True,1,True,0.03256,8735.5062,267892.64,0.03237,1970.29,0.03272,3290.57,107.54340144415305,63.7782873,1e-05,0.0,0.0,1.0,0.0,0.0005,exchangeInfo.quotePrecision/baseSizePrecision/quoteAmountPrecision,1,False,0.11722689075630252,0.12268907563025211,0.803781512605042,25.590336134453786
mexc,3ULLUSDT,3ULL-USDT,3ULL,USDT,True,1,True,0.0001037,48435.7538232,470655155.35,0.0001031,119717.18,0.0001047,4022450.0,153.99422521655418,12.342841258,1e-07,0.0,0.0,1.0,0.0,0.0005,exchangeInfo.quotePrecision/baseSizePrecision/quoteAmountPrecision,1,False,0.22815126050420168,0.07352941176470584,0.5592436974789916,25.571428571428573
mexc,PEPPERUSDT,PEPPER-USDT,PEPPER,USDT,True,1,True,8.46e-10,10.249405678728,12015457336.0,8.49e-10,50000000000.0,8.53e-10,50000000000.0,47.003525264394675,42.449999999999996,1e-12,0.0,0.0,1.0,0.0,0.0005,exchangeInfo.quotePrecision/baseSizePrecision/quoteAmountPrecision,1,False,0.015966386554621848,0.3852941176470588,0.7487394957983193,25.48529411764706
mexc,TETUSDT,TET-USDT,TET,USDT,True,1,True,0.2499,7655.9745,30230.5,0.2475,606.3,0.2499,246.22,96.50180940892695,61.530378,0.0001,0.0,0.0,1.0,0.0,0.0005,exchangeInfo.quotePrecision/baseSizePrecision/quoteAmountPrecision,1,False,0.1092436974789916,0.13655462184873945,0.8004201680672269,25.43067226890756
mexc,XPXUSDT,XPX-USDT,XPX,USDT,False,1,True,0.0002505,53757.6593331,209769000.33,0.0002474,54993.42,0.0002529,24268.11,219.86807915250952,6.137405019000001,1e-07,700.0,700.0,1.0,0.0,0.0005,exchangeInfo.quotePrecision/baseSizePrecision/quoteAmountPrecision,1,False,0.28361344537815125,0.04495798319327726,0.43445378151260505,25.411764705882355
mexc,BBTUSDT,BBT-USDT,BBT,USDT,True,1,True,0.3046,52869.99311,170820.07,0.30209,25.02,0.3068,221.93,154.7077468836733,7.5582918,1e-05,0.0,0.0,1.0,0.0,0.0005,exchangeInfo.quotePrecision/baseSizePrecision/quoteAmountPrecision,1,False,0.2571428571428571,0.07268907563025206,0.4714285714285714,25.38865546218487
mexc,BANANAUSDC,BANANA-USDC,BANANA,USDC,True,1,True,3.393,51219.775,15435.25,3.387,0.36,3.402,0.42,44.18912947414972,1.21932,0.001,0.0,0.0,1.0,0.0,0.0,exchangeInfo.quotePrecision/baseSizePrecision/quoteAmountPrecision,1,False,0.23739495798319327,0.42184873949579826,0.08151260504201681,25.23319327731092
mexc,MEAUSDT,MEA-USDT,MEA,USDT,True,1,True,0.003165,25982.57257,8207643.04,0.003156,1638.3,0.003172,1342.06,50.56890012642211,4.25701432,1e-06,0.0,0.0,1.0,0.0,0.0005,exchangeInfo.quotePrecision/baseSizePrecision/quoteAmountPrecision,1,False,0.173109243697479,0.3453781512605042,0.35378151260504204,25.23109243697479
mexc,ESXUSDT,ESX-USDT,ESX,USDT,True,1,True,0.000734,20761.57568,29473362.71,0.000732,30902.0,0.000739,153247.39,95.17335146159012,22.620264,1e-06,0.0,0.0,1.0,0.0,0.0005,exchangeInfo.quotePrecision/baseSizePrecision/quoteAmountPrecision,1,False,0.15756302521008403,0.1386554621848739,0.6529411764705882,25.191176470588232
mexc,CAWUSDC,CAW-USDC,CAW,USDC,True,1,True,3.109e-08,26923.96102660736,868334899075.0,3.084e-08,1180389868.0,3.167e-08,2214093931.0,265.55751079827274,36.40322352912,1e-11,100000.0,100000.0,1.0,0.0,0.0,exchangeInfo.quotePrecision/baseSizePrecision/quoteAmountPrecision,1,False,0.1777310924369748,0.03403361344537814,0.7281512605042016,25.1890756302521
mexc,EFFECTUSDT,EFFECT-USDT,EFFECT,USDT,True,1,True,0.003126,13313.905361,4287704.69,0.003109,3288.08,0.003127,13234.67,57.72931366260494,10.22264072,1e-06,0.0,0.0,1.0,0.0,0.0005,exchangeInfo.quotePrecision/baseSizePrecision/quoteAmountPrecision,1,False,0.13319327731092437,0.29075630252100837,0.5281512605042017,25.157563025210084
mexc,TARAUSDT,TARA-USDT,TARA,USDT,False,1,True,5.268e-05,55157.16231619,959268452.14,5.235e-05,124118.66,5.331e-05,29319.2,181.71493469619617,1.563006552,1e-08,0.001,0.001,1.0,0.0,0.0005,exchangeInfo.quotePrecision/baseSizePrecision/quoteAmountPrecision,1,False,0.3592436974789916,0.05672268907563027,0.19831932773109243,25.142857142857146
mexc,COLLATUSDT,COLLAT-USDT,COLLAT,USDT,True,1,True,0.001714,53489.373345,29910900.28,0.001706,1406.54,0.001719,4964.24,75.91240875912403,2.39955724,1e-06,0.0,0.0,1.0,0.0,0.0005,exchangeInfo.quotePrecision/baseSizePrecision/quoteAmountPrecision,1,False,0.27605042016806725,0.19117647058823528,0.25840336134453784,25.130252100840337
mexc,RMVUSDT,RMV-USDT,RMV,USDT,True,1,True,0.00409,28614.13637,7206859.9,0.00407,2130.0,0.0041,4211.0,73.43941248470138,8.6691,1e-05,0.0,0.0,1.0,0.0,0.0005,exchangeInfo.quotePrecision/baseSizePrecision/quoteAmountPrecision,1,False,0.18361344537815127,0.20042016806722684,0.5008403361344538,25.126050420168067
mexc,FEGUSDT,FEG-USDT,FEG,USDT,True,1,True,3.246e-05,30807.95313628,936700606.09,3.236e-05,154511.74,3.255e-05,809752.37,58.542597442611765,4.9999999064,1e-08,1000.0,1000.0,1.0,0.0,0.0005,exchangeInfo.quotePrecision/baseSizePrecision/quoteAmountPrecision,1,False,0.19117647058823528,0.2815126050420168,0.37857142857142856,25.123949579831933
mexc,BCATUSDT,BCAT-USDT,BCAT,USDT,True,1,True,2.895e-05,5925.38929085,204179649.36,2.893e-05,36925.81,2.898e-05,27742161.31,17.26817475392893,1.0682636832999999,1e-08,0.0,0.0,1.0,0.0,0.0005,exchangeInfo.quotePrecision/baseSizePrecision/quoteAmountPrecision,1,False,0.09705882352941177,0.7529411764705882,0.04789915966386555,25.119747899159666
mexc,DNXUSDT,DNX-USDT,DNX,USDT,True,1,True,0.01987,19029.19118,954905.66,0.01984,101.45,0.01992,160.89,40.241448692153014,2.012768,1e-05,0.0,0.0,1.0,0.0,0.0005,exchangeInfo.quotePrecision/baseSizePrecision/quoteAmountPrecision,1,False,0.15168067226890755,0.4794117647058823,0.2323529411764706,24.974789915966387
mexc,MVRKUSDT,MVRK-USDT,MVRK,USDT,True,1,True,0.01829,13177.64268,711100.17,0.01829,7140.35,0.01843,1184.0,76.25272331154562,21.821119999999997,1e-05,0.0,0.0,1.0,0.0,0.0005,exchangeInfo.quotePrecision/baseSizePrecision/quoteAmountPrecision,1,False,0.1319327731092437,0.18865546218487395,0.6478991596638656,24.930672268907564
mexc,LITRUSDT,LITR-USDT,LITR,USDT,True,1,True,6.48e-06,43685.07322974,7050897575.06,6.47e-06,214621.35,6.5e-06,406161.88,46.2606013878176,1.3886001345,1e-08,0.0,0.0,1.0,0.0,0.0005,exchangeInfo.quotePrecision/baseSizePrecision/quoteAmountPrecision,1,False,0.21596638655462186,0.3928571428571429,0.16134453781512606,24.926470588235297
mexc,PXUSDT,PX-USDT,PX,USDT,True,1,True,0.0158,7598.0483,476704.56,0.0157,4834.02,0.0159,7504.52,126.58227848101407,75.894114,0.0001,0.0,0.0,1.0,0.0,0.0005,exchangeInfo.quotePrecision/baseSizePrecision/quoteAmountPrecision,1,False,0.10798319327731093,0.09999999999999998,0.8243697478991596,24.926470588235293
mexc,CARFIUSDT,CARFI-USDT,CARFI,USDT,True,1,True,0.4536,51029.977,112412.64,0.449,18.58,0.4557,59.73,148.11539736929333,8.342419999999999,0.0001,0.0,0.0,1.0,0.0,0.0005,exchangeInfo.quotePrecision/baseSizePrecision/quoteAmountPrecision,1,False,0.2365546218487395,0.07815126050420174,0.49411764705882355,24.84663865546219
mexc,BIRBUSDC,BIRB-USDC,BIRB,USDC,True,1,True,0.1295,54136.0463,422312.63,0.1291,10.37,0.13,24.0,69.47124662292643,1.3387669999999998,0.0001,0.0,0.0,1.0,0.0,0.0,exchangeInfo.quotePrecision/baseSizePrecision/quoteAmountPrecision,1,False,0.3,0.22016806722689075,0.13991596638655462,24.80252100840336
mexc,PAIUSDT,PAI-USDT,PAI,USDT,True,1,True,0.005792,53544.765726,9428068.33,0.005773,758.97,0.005849,1118.46,130.78643951127117,4.3815338100000005,1e-06,0.0,0.0,1.0,0.0,0.0005,exchangeInfo.quotePrecision/baseSizePrecision/quoteAmountPrecision,1,False,0.2781512605042017,0.09453781512605042,0.35672268907563026,24.79621848739496
mexc,QIEUSDT,QIE-USDT,QIE,USDT,True,1,True,0.1395,11569.0436,75510.64,0.1352,702.99,0.1398,2613.01,334.54545454545604,95.044248,0.0001,0.0,0.0,1.0,0.0,0.0005,exchangeInfo.quotePrecision/baseSizePrecision/quoteAmountPrecision,1,False,0.12815126050420167,0.025630252100840356,0.8542016806722689,24.77310924369748
mexc,GAMEUSDT,GAME-USDT,GAME,USDT,True,1,True,25.6276,6924.7919,266.34,25.583,0.11,25.6756,1.86,36.13052248793409,2.81413,0.0001,0.0,0.0,1.0,0.0,0.0005,exchangeInfo.quotePrecision/baseSizePrecision/quoteAmountPrecision,1,False,0.10336134453781512,0.5373949579831933,0.280672268907563,24.733193277310924
mexc,RAYUSDC,RAY-USDC,RAY,USDC,True,1,True,0.6422,25932.9251,40047.95,0.6409,19.99,0.6432,1.91,35.82275523713057,1.2285119999999998,0.0001,0.0001,0.0001,1.0,0.0,0.0,exchangeInfo.quotePrecision/baseSizePrecision/quoteAmountPrecision,1,False,0.1726890756302521,0.5407563025210085,0.08487394957983194,24.714285714285715
mexc,CLSUSDT,CLS-USDT,CLS,USDT,True,1,True,0.009489,32912.123488,3442516.5,0.009419,1361.38,0.009537,10591.53,124.4988394175987,12.822838220000001,1e-06,0.1,0.1,1.0,0.0,0.0005,exchangeInfo.quotePrecision/baseSizePrecision/quoteAmountPrecision,1,False,0.19705882352941176,0.10252100840336131,0.565546218487395,24.712184873949578
mexc,MOBILEUSDT,MOBILE-USDT,MOBILE,USDT,True,1,True,0.0001386,55044.3538908,392742117.1,0.0001352,112408.12,0.0001376,10423.91,175.95307917888593,1.434330016,1e-07,0.0,0.0,1.0,0.0,0.0005,exchangeInfo.quotePrecision/baseSizePrecision/quoteAmountPrecision,1,False,0.35378151260504204,0.0596638655462185,0.17689075630252102,24.487394957983195
mexc,AVAILUSDT,AVAIL-USDT,AVAIL,USDT,True,1,True,0.004638,55478.763833,11833951.55,0.004618,5458.35,0.004706,267.01,188.76018876018964,1.25654906,1e-06,0.0,0.0,1.0,0.0,0.0005,exchangeInfo.quotePrecision/baseSizePrecision/quoteAmountPrecision,1,False,0.3869747899159664,0.054621848739495826,0.09159663865546218,24.481092436974794
mexc,BOBERUSDT,BOBER-USDT,BOBER,USDT,True,1,True,5.12e-05,8878.0780593,179745002.27,5.1e-05,55506.67,5.12e-05,3145207.11,39.138943248531916,2.83084017,1e-07,0.0,0.0,1.0,0.0,0.0005,exchangeInfo.quotePrecision/baseSizePrecision/quoteAmountPrecision,1,False,0.11848739495798319,0.49327731092436977,0.2815126050420168,24.478991596638654
mexc,CLASHUSDT,CLASH-USDT,CLASH,USDT,True,1,True,0.020025,53038.04753,2681683.07,0.020002,331.42,0.020291,267.7,143.4492343583258,5.4319007,1e-06,0.0,0.0,1.0,0.0,0.0005,exchangeInfo.quotePrecision/baseSizePrecision/quoteAmountPrecision,1,False,0.2600840336134454,0.0836134453781513,0.40294117647058825,24.453781512605048
mexc,ATSUSDT,ATS-USDT,ATS,USDT,True,1,True,0.05827,41961.82144,718804.19,0.05809,154.85,0.05846,58.54,63.49206349206269,3.4222484,1e-05,0.0,0.0,1.0,0.0,0.0005,exchangeInfo.quotePrecision/baseSizePrecision/quoteAmountPrecision,1,False,0.2134453781512605,0.2529411764705882,0.3168067226890756,24.399159663865543
mexc,EDELUSDT,EDEL-USDT,EDEL,USDT,True,1,True,0.0075,29450.90449,3907475.7,0.00742,1792.83,0.00751,17746.8,120.56262558606805,13.302798600000001,1e-05,0.0,0.0,1.0,0.0,0.0005,exchangeInfo.quotePrecision/baseSizePrecision/quoteAmountPrecision,1,False,0.1865546218487395,0.10588235294117643,0.5726890756302521,24.36134453781513
mexc,MRSOONUSDT,MRSOON-USDT,MRSOON,USDT,True,1,True,5.914e-06,53638.630814868,9026869264.06,5.891e-06,1230737.25,5.98e-06,664562.22,149.94524471400948,3.9740820756,1e-09,0.0,0.0,1.0,0.0,0.0005,exchangeInfo.quotePrecision/baseSizePrecision/quoteAmountPrecision,1,False,0.2815126050420168,0.07605042016806718,0.34411764705882353,24.266806722689076
mexc,SFINUSDT,SFIN-USDT,SFIN,USDT,True,1,True,79.02,15814.98,201.87873,79.71,0.01687,79.98,0.01641,33.81551756528402,1.3124718000000002,0.01,1e-06,1e-06,1.0,0.0,0.0005,exchangeInfo.quotePrecision/baseSizePrecision/quoteAmountPrecision,1,False,0.14201680672268907,0.561344537815126,0.12058823529411765,24.256302521008404
mexc,REKTCOINUSDT,REKTCOIN-USDT,REKTCOIN,USDT,True,1,True,1.3612e-07,4852.19712398006,35504270273.0,1.3601e-07,548699987.0,1.3678e-07,102587578.0,56.4536823197331,14.03192891884,1e-11,0.0,0.0,1.0,0.0,0.0005,exchangeInfo.quotePrecision/baseSizePrecision/quoteAmountPrecision,1,False,0.09285714285714286,0.3008403361344538,0.5789915966386555,24.207983193277315
mexc,SMARSUSDT,SMARS-USDT,SMARS,USDT,False,1,True,3.498e-09,54474.23282369534,15637240756661.0,3.477e-09,400924493.0,3.51e-09,1928930320.0,94.46114212108256,1.394014462161,1e-12,1000000000.0,1000000000.0,1.0,0.0,0.0005,exchangeInfo.quotePrecision/baseSizePrecision/quoteAmountPrecision,1,False,0.31596638655462184,0.14075630252100846,0.1638655462184874,24.17436974789916
mexc,GAMESTOPUSDT,GAMESTOP-USDT,GAMESTOP,USDT,True,1,True,1.296e-05,23289.0091423,1764148268.41,1.294e-05,461404.83,1.302e-05,646597.0,61.633281972265735,5.9705785002,1e-08,0.0,0.0,1.0,0.0,0.0005,exchangeInfo.quotePrecision/baseSizePrecision/quoteAmountPrecision,1,False,0.16428571428571428,0.2621848739495798,0.42899159663865544,24.17016806722689
mexc,SVTSUSDT,SVTS-USDT,SVTS,USDT,True,1,True,0.14566,10227.07961,70341.05,0.14448,374.51,0.14648,312.95,137.47594171020083,45.840916,1e-05,0.0,0.0,1.0,0.0,0.0005,exchangeInfo.quotePrecision/baseSizePrecision/quoteAmountPrecision,1,False,0.12352941176470589,0.08907563025210086,0.7571428571428571,24.16386554621849
mexc,MNTXUSDT,MNTX-USDT,MNTX,USDT,True,1,True,0.13121,31150.44499,235511.43,0.13121,55.0,0.13229,121.95,81.97343453510419,7.21655,1e-05,0.0,0.0,1.0,0.0,0.0005,exchangeInfo.quotePrecision/baseSizePrecision/quoteAmountPrecision,1,False,0.19243697478991598,0.1705882352941176,0.46554621848739497,24.159663865546218
mexc,GVLUSDT,GVL-USDT,GVL,USDT,True,1,True,0.00097,3701.7207087,3798664.04,0.0009701,37548.41,0.0009774,42232.71,74.96790757381272,36.425712541,1e-07,0.0,0.0,1.0,0.0,0.0005,exchangeInfo.quotePrecision/baseSizePrecision/quoteAmountPrecision,1,False,0.08571428571428572,0.1941176470588235,0.7285714285714285,24.138655462184875
mexc,RNGRUSDT,RNGR-USDT,RNGR,USDT,True,1,True,0.2753,52343.7446,189514.5,0.2712,22.01,0.2754,21.41,153.67727771679407,5.896313999999999,0.0001,0.0,0.0,1.0,0.0,0.0005,exchangeInfo.quotePrecision/baseSizePrecision/quoteAmountPrecision,1,False,0.2495798319327731,0.07394957983193273,0.42773109243697477,24.130252100840337
mexc,SPCFINUSDT,SPCFIN-USDT,SPCFIN,USDT,True,1,True,0.0002736,13791.3091035,50272750.36,0.0002733,20033.94,0.0002747,91785.63,51.094890510950144,5.475275801999999,1e-07,0.0,0.0,1.0,0.0,0.0005,exchangeInfo.quotePrecision/baseSizePrecision/quoteAmountPrecision,1,False,0.13487394957983193,0.3407563025210084,0.4092436974789916,24.1218487394958
mexc,WETUSDC,WET-USDC,WET,USDC,True,1,True,0.10486,53432.33819,515160.1,0.10471,12.84,0.10539,174.78,64.73108043788672,1.3444764,1e-05,0.0,0.0,1.0,0.0,0.0,exchangeInfo.quotePrecision/baseSizePrecision/quoteAmountPrecision,1,False,0.2739495798319328,0.246218487394958,0.14369747899159663,24.096638655462186
mexc,DPNUSDT,DPN-USDT,DPN,USDT,True,1,True,2.119,17707.796,8404.38,2.054,21.07,2.114,33.88,287.90786948176617,43.27778,0.001,0.0,0.0,1.0,0.0,0.0005,exchangeInfo.quotePrecision/baseSizePrecision/quoteAmountPrecision,1,False,0.15,0.031932773109243695,0.7512605042016807,24.073529411764703
mexc,A1XUSDT,A1X-USDT,A1X,USDT,True,1,True,0.0003328,15919.7870526,47883062.2,0.0003323,9469.77,0.0003338,14321.0,45.0382825401586,3.146804571,1e-07,0.0,0.0,1.0,0.0,0.0005,exchangeInfo.quotePrecision/baseSizePrecision/quoteAmountPrecision,1,False,0.14243697478991596,0.4084033613445378,0.2995798319327731,24.03571428571428
mexc,REACTUSDT,REACT-USDT,REACT,USDT,True,1,True,0.01534,8303.11216,542338.73,0.01538,7145.37,0.01572,5092.63,218.64951768488856,80.05614360000001,1e-05,0.0,0.0,1.0,0.0,0.0005,exchangeInfo.quotePrecision/baseSizePrecision/quoteAmountPrecision,1,False,0.11386554621848739,0.04537815126050415,0.83109243697479,24.01890756302521
mexc,SCOTTYUSDT,SCOTTY-USDT,SCOTTY,USDT,True,1,True,0.0001938,20529.125667,106486945.22,0.0001934,380968.86,0.0001942,7815.2,41.279669762641504,1.51771184,1e-07,0.01,0.01,1.0,0.0,0.0005,exchangeInfo.quotePrecision/baseSizePrecision/quoteAmountPrecision,1,False,0.15714285714285714,0.45882352941176474,0.19453781512605042,24.00420168067227
mexc,OPTIMUSUSDT,OPTIMUS-USDT,OPTIMUS,USDT,True,1,True,0.00566,50568.58229,9318627.47,0.00564,239.34,0.00567,289.11,53.05039787798346,1.3498776000000001,1e-05,0.0,0.0,1.0,0.0,0.0005,exchangeInfo.quotePrecision/baseSizePrecision/quoteAmountPrecision,1,False,0.23487394957983193,0.3262605042016806,0.1457983193277311,23.990546218487392
mexc,HOSKYUSDT,HOSKY-USDT,HOSKY,USDT,True,1,True,1.0845e-08,273.548499055375,24701275882.37,1.0835e-08,646268389.72,1.0845e-08,11079297.65,9.225092250922287,0.12015498301425001,1e-12,1000.0,1000.0,1.0,0.0,0.0005,exchangeInfo.quotePrecision/baseSizePrecision/quoteAmountPrecision,1,False,0.04285714285714286,0.8478991596638655,0.02142857142857143,23.983193277310924
mexc,BANKUSD1,BANK-USD1,BANK,USD1,True,1,True,0.02916,54971.57219,1896363.67,0.0291,41.24,0.02939,700.37,99.16224995725716,1.2000840000000002,1e-05,0.0,0.0,1.0,0.0001,0.0001,exchangeInfo.quotePrecision/baseSizePrecision/quoteAmountPrecision,1,False,0.35,0.13277310924369745,0.06974789915966387,23.96428571428571
mexc,MYXUSDC,MYX-USDC,MYX,USDC,True,1,True,0.2066,53581.4269,257495.32,0.2062,5.82,0.2074,5.79,58.02707930367537,1.200084,0.0001,0.0,0.0,1.0,0.0,0.0,exchangeInfo.quotePrecision/baseSizePrecision/quoteAmountPrecision,1,False,0.27941176470588236,0.28697478991596637,0.06932773109243698,23.92857142857143
mexc,FRCUSDT,FRC-USDT,FRC,USDT,True,1,True,0.0002049,5784.3869514,28312566.34,0.0002037,297221.51,0.0002049,69401.26,58.73715124816457,14.220318173999999,1e-07,0.0,0.0,1.0,0.0,0.0005,exchangeInfo.quotePrecision/baseSizePrecision/quoteAmountPrecision,1,False,0.09663865546218488,0.27941176470588236,0.5802521008403362,23.90546218487395
mexc,LIMEUSDT,LIME-USDT,LIME,USDT,True,1,True,0.002752,19712.74222,7175182.69,0.002747,2306.56,0.002764,2921.91,61.69479223371471,6.336120319999999,1e-06,0.0,0.0,1.0,0.0,0.0005,exchangeInfo.quotePrecision/baseSizePrecision/quoteAmountPrecision,1,False,0.1546218487394958,0.2617647058823529,0.4411764705882353,23.8718487394958
mexc,NSGUSDT,NSG-USDT,NSG,USDT,True,1,True,0.0314,7555.29764,239113.38,0.0313,188.78,0.03145,322.16,47.8087649402382,5.9088140000000005,1e-05,0.0,0.0,1.0,0.0,0.0005,exchangeInfo.quotePrecision/baseSizePrecision/quoteAmountPrecision,1,False,0.10756302521008404,0.37563025210084033,0.42815126050420166,23.869747899159666
mexc,TITNUSDT,TITN-USDT,TITN,USDT,True,1,True,0.02671,47832.83379,1771995.21,0.02659,299.76,0.02676,85.24,63.73008434864106,2.2810224,1e-05,0.0,0.0,1.0,0.0,0.0005,exchangeInfo.quotePrecision/baseSizePrecision/quoteAmountPrecision,1,False,0.226890756302521,0.25168067226890756,0.25210084033613445,23.81302521008403
mexc,MGTUSDT,MGT-USDT,MGT,USDT,True,1,True,0.00010611,11847.83423472,112208693.3,0.0001061,7370.84,0.00010639,227353.88,27.295402136571028,0.7820461240000001,1e-08,0.0,0.0,1.0,0.0,0.0005,exchangeInfo.quotePrecision/baseSizePrecision/quoteAmountPrecision,1,False,0.12857142857142856,0.6415966386554621,0.034873949579831934,23.808823529411764
mexc,LBAIUSDT,LBAI-USDT,LBAI,USDT,True,1,True,1.319e-06,7641.896160491,5402419859.27,1.316e-06,20637277.47,1.32e-06,999987.34,30.34901365705682,1.3199832888,1e-09,0.0,0.0,1.0,0.0,0.0005,exchangeInfo.quotePrecision/baseSizePrecision/quoteAmountPrecision,1,False,0.10882352941176471,0.607983193277311,0.13109243697478992,23.806722689075634
mexc,TAGUSD1,TAG-USD1,TAG,USD1,True,1,True,0.0007676,54579.4669373,71864456.67,0.0007697,2669.71,0.0007844,37271.46,189.17701563605917,2.054875787,1e-07,0.0,0.0,1.0,0.0001,0.0001,exchangeInfo.quotePrecision/baseSizePrecision/quoteAmountPrecision,1,False,0.32226890756302523,0.05420168067226894,0.2357142857142857,23.794117647058826
mexc,PIBUSDT,PIB-USDT,PIB,USDT,True,1,True,9.05e-05,6303.5024218,68006320.08,9.05e-05,605888.74,9.08e-05,16370.13,33.09431880860383,1.486407804,1e-07,0.0001,0.0001,1.0,0.0,0.0005,exchangeInfo.quotePrecision/baseSizePrecision/quoteAmountPrecision,1,False,0.1,0.5777310924369747,0.1899159663865546,23.74159663865546
mexc,DANGNNUSDT,DANGNN-USDT,DANGNN,USDT,True,1,True,0.0001811,44141.5720033,243354829.88,0.000181,5524.87,0.00018178,44631.73,43.00126798610742,1.00000147,1e-08,0.001,0.001,1.0,0.0,0.0005,exchangeInfo.quotePrecision/baseSizePrecision/quoteAmountPrecision,1,False,0.21722689075630253,0.4369747899159664,0.037815126050420166,23.6281512605042
mexc,ROGUSDT,ROG-USDT,ROG,USDT,True,1,True,0.2492,2952.3434,11861.81,0.2473,170.75,0.2494,399.19,84.55808335011147,42.226475,0.0001,0.01,0.01,1.0,0.0,0.0005,exchangeInfo.quotePrecision/baseSizePrecision/quoteAmountPrecision,1,False,0.0819327731092437,0.1621848739495798,0.7483193277310924,23.52731092436975
mexc,TRCLUSDT,TRCL-USDT,TRCL,USDT,True,1,True,0.0007515,136.8640964,180992.52,0.0007514,20568.32,0.0007524,1668.62,13.29964090969432,1.2554696879999998,1e-07,0.0001,0.0001,1.0,0.0,0.0005,exchangeInfo.quotePrecision/baseSizePrecision/quoteAmountPrecision,1,False,0.03277310924369748,0.7949579831932774,0.09117647058823529,23.500000000000004
mexc,DOVUUSDT,DOVU-USDT,DOVU,USDT,True,1,True,0.0026616,203.3560073,74510.03,0.002703,713.3,0.0027087,533.39,21.065469261045425,1.444793493,1e-07,0.0,0.0,1.0,0.0,0.0005,exchangeInfo.quotePrecision/baseSizePrecision/quoteAmountPrecision,1,False,0.037394957983193276,0.7096638655462184,0.18403361344537816,23.478991596638654
mexc,LTTUSDT,LTT-USDT,LTT,USDT,True,1,True,0.0040406,1.1947246,295.68,0.0040406,919.32,0.0040446,315.05,9.894622272793903,1.27425123,1e-07,0.0,0.0,1.0,0.0,0.0005,exchangeInfo.quotePrecision/baseSizePrecision/quoteAmountPrecision,1,False,0.007563025210084034,0.8407563025210084,0.10168067226890756,23.468487394957986
mexc,COTUSDT,COT-USDT,COT,USDT,True,1,True,0.000766,23437.175609,29290763.65,0.000761,10791.48,0.000767,11693.8,78.53403141361306,8.21231628,1e-06,0.0,0.0,1.0,0.0,0.0005,exchangeInfo.quotePrecision/baseSizePrecision/quoteAmountPrecision,1,False,0.16512605042016806,0.18109243697478994,0.492436974789916,23.45798319327731
mexc,COTIUSDC,COTI-USDC,COTI,USDC,True,1,True,0.01395,53256.10594,3983450.7,0.01389,1560.48,0.01397,85.9,57.43000717875105,1.200023,1e-05,0.0,0.0,1.0,0.0,0.0,exchangeInfo.quotePrecision/baseSizePrecision/quoteAmountPrecision,1,False,0.2672268907563025,0.29159663865546215,0.06680672268907563,23.323529411764707
mexc,BELLSUSDT,BELLS-USDT,BELLS,USDT,True,1,True,0.05,1922.172,38113.37,0.049,5499.29,0.05,3285.68,202.02020202020216,164.284,0.001,0.0,0.0,1.0,0.0,0.0005,exchangeInfo.quotePrecision/baseSizePrecision/quoteAmountPrecision,1,False,0.07352941176470588,0.04831932773109249,0.9029411764705882,23.3109243697479
mexc,ALIUSDT,ALI-USDT,ALI,USDT,True,1,True,0.00145,5982.58517,4066338.57,0.00144,622561.22,0.00146,36924.35,137.9310344827575,53.90955099999999,1e-05,0.0,0.0,1.0,0.0,0.0005,exchangeInfo.quotePrecision/baseSizePrecision/quoteAmountPrecision,1,False,0.09747899159663866,0.08823529411764708,0.7823529411764706,23.21428571428572
mexc,BRNUSDT,BRN-USDT,BRN,USDT,True,1,True,0.09831,42576.54276,410558.5,0.09832,108.72,0.10149,681.98,317.30143636454557,10.6893504,1e-05,0.1,0.1,1.0,0.0,0.0005,exchangeInfo.quotePrecision/baseSizePrecision/quoteAmountPrecision,1,False,0.21386554621848738,0.026470588235294135,0.5378151260504201,23.180672268907564
mexc,MOCHIUSDT,MOCHI-USDT,MOCHI,USDT,True,1,True,9.802e-07,26.8224813054,28011476.0,9.812e-07,1488467.0,9.825e-07,1303514.0,13.240311656565524,1.2807025049999998,1e-10,0.0,0.0,1.0,0.0,0.0005,exchangeInfo.quotePrecision/baseSizePrecision/quoteAmountPrecision,1,False,0.02100840336134454,0.7953781512605043,0.10294117647058823,23.098739495798323
mexc,LOBOUSDT,LOBO-USDT,LOBO,USDT,True,1,True,6.281e-05,27318.22171034,447765545.63,6.275e-05,17533.39,6.3e-05,1587187.47,39.76143141153178,1.1002202225,1e-08,0.0,0.0,1.0,0.0,0.0005,exchangeInfo.quotePrecision/baseSizePrecision/quoteAmountPrecision,1,False,0.17899159663865546,0.48571428571428577,0.05504201680672269,23.088235294117652
mexc,PAWUSDT,PAW-USDT,PAW,USDT,True,1,True,3.717e-10,53171.38898320197,131754686647825.0,3.455e-10,16876926754.0,3.72e-10,14650079301.0,738.6759581881536,5.449829499972,1e-13,0.0,0.0,1.0,0.0,0.0005,exchangeInfo.quotePrecision/baseSizePrecision/quoteAmountPrecision,1,False,0.2638655462184874,0.013445378151260456,0.40714285714285714,22.991596638655462
mexc,WQUILUSDT,WQUIL-USDT,WQUIL,USDT,True,1,True,0.013,396.2568,30286.81,0.0131,50456.88,0.0132,4088.87,76.0456273764254,53.973084,0.0001,0.0,0.0,1.0,0.0,0.0005,exchangeInfo.quotePrecision/baseSizePrecision/quoteAmountPrecision,1,False,0.047058823529411764,0.18949579831932772,0.7831932773109244,22.98949579831933
mexc,WLUSDT,WL-USDT,WL,USDT,True,1,True,0.01228,47232.23712,3768209.99,0.01214,1153.2,0.01227,403.27,106.51372388365415,4.9481228999999995,1e-05,0.0,0.0,1.0,0.0,0.0005,exchangeInfo.quotePrecision/baseSizePrecision/quoteAmountPrecision,1,False,0.22563025210084034,0.12478991596638656,0.3722689075630252,22.974789915966387
mexc,GFUSDT,GF-USDT,GF,USDT,True,1,True,0.0018451,9597.2250664,5181779.68,0.0018224,34772.31,0.0018367,7737.64,78.16129649367254,14.211723388,1e-07,0.0,0.0,1.0,0.0,0.0005,exchangeInfo.quotePrecision/baseSizePrecision/quoteAmountPrecision,1,False,0.12184873949579832,0.1827731092436975,0.5798319327731093,22.867647058823533
mexc,SHIROUSDT,SHIRO-USDT,SHIRO,USDT,True,1,True,7.555e-10,49373.897583121354,64220509090665.0,7.5e-10,5851059188.0,7.581e-10,10791795589.0,107.41993236522781,4.388294391,1e-13,0.0,0.0,1.0,0.0,0.0005,exchangeInfo.quotePrecision/baseSizePrecision/quoteAmountPrecision,1,False,0.22941176470588234,0.123109243697479,0.35798319327731093,22.855042016806728
mexc,TAIXUSDT,TAIX-USDT,TAIX,USDT,True,1,True,4.598e-05,51239.62653869,1106011335.16,4.589e-05,47171.27,4.624e-05,71578.95,75.97959405188212,2.1646895803,1e-08,0.0,0.0,1.0,0.0,0.0005,exchangeInfo.quotePrecision/baseSizePrecision/quoteAmountPrecision,1,False,0.23781512605042016,0.1903361344537815,0.24663865546218489,22.771008403361346
mexc,TATSUUSDT,TATSU-USDT,TATSU,USDT,True,1,True,1.008,16559.891,16528.79,1.008,46.0,1.013,2.97,49.480455220186975,3.00861,0.001,0.0,0.0,1.0,0.0,0.0005,exchangeInfo.quotePrecision/baseSizePrecision/quoteAmountPrecision,1,False,0.14411764705882352,0.357563025210084,0.2915966386554622,22.697478991596636
mexc,ITHACAUSDT,ITHACA-USDT,ITHACA,USDT,True,1,True,0.002631,21106.291779,7712076.51,0.002615,6887.89,0.002658,6767.85,163.09501232694888,17.9889453,1e-06,0.0,0.0,1.0,0.0,0.0005,exchangeInfo.quotePrecision/baseSizePrecision/quoteAmountPrecision,1,False,0.1588235294117647,0.06470588235294117,0.6163865546218488,22.680672268907564
mexc,ZKWASMUSDT,ZKWASM-USDT,ZKWASM,USDT,True,1,True,0.003596,52363.080576,14599785.28,0.003567,740.0,0.003601,825.29,94.86607142857193,2.63958,1e-06,0.0,0.0,1.0,0.0,0.0005,exchangeInfo.quotePrecision/baseSizePrecision/quoteAmountPrecision,1,False,0.2504201680672269,0.13949579831932768,0.27058823529411763,22.672268907563023
mexc,ANYONEUSDT,ANYONE-USDT,ANYONE,USDT,True,1,True,0.0864,13193.5792,151117.39,0.0865,167.89,0.0873,220.73,92.05983889528298,14.522484999999998,0.0001,0.0,0.0,1.0,0.0,0.0005,exchangeInfo.quotePrecision/baseSizePrecision/quoteAmountPrecision,1,False,0.13277310924369748,0.14579831932773113,0.5831932773109244,22.61134453781513
mexc,PAXIUSDT,PAXI-USDT,PAXI,USDT,True,1,True,0.0275,19294.99976,712295.14,0.02678,1493.64,0.02778,908.77,366.56891495601076,25.2456306,1e-05,0.0,0.0,1.0,0.0,0.0005,exchangeInfo.quotePrecision/baseSizePrecision/quoteAmountPrecision,1,False,0.15294117647058825,0.02352941176470591,0.6726890756302522,22.453781512605044
mexc,ADABTC,ADA-BTC,ADA,BTC,True,1,True,3.69e-06,4.347799944,1183156.328,3.688e-06,0.001,3.691e-06,403.163,8.131183087138641,3.688e-09,1e-09,0.001,0.001,5e-06,0.0,0.0005,exchangeInfo.quotePrecision/baseSizePrecision/quoteAmountPrecision,1,False,0.012605042016806723,0.8672268907563025,0.0004201680672268908,22.38235294117647
mexc,IRYSUSDC,IRYS-USDC,IRYS,USDC,True,1,True,0.02129,51762.78305,2540281.87,0.02125,63.78,0.02139,5643.07,65.66604127579633,1.3553250000000001,1e-05,0.0,0.0,1.0,0.0,0.0,exchangeInfo.quotePrecision/baseSizePrecision/quoteAmountPrecision,1,False,0.2415966386554622,0.2420168067226891,0.14915966386554622,22.321428571428573
mexc,VOLTUSDT,VOLT-USDT,VOLT,USDT,True,1,True,4.55e-08,19161.4030611063,424418854482.0,4.54e-08,30300757.0,4.56e-08,1909510007.0,43.95604395604289,1.3756543678000002,1e-10,10000.0,10000.0,1.0,0.0,0.0005,exchangeInfo.quotePrecision/baseSizePrecision/quoteAmountPrecision,1,False,0.15252100840336136,0.4247899159663866,0.15672268907563025,22.142857142857146
mexc,4EVERUSDT,4EVER-USDT,4EVER,USDT,True,1,True,0.0001583,7290.4277037,46135180.09,0.0001579,66819.15,0.000159,1262738.5,69.4225307668034,10.550743784999998,1e-07,0.0,0.0,1.0,0.0,0.0005,exchangeInfo.quotePrecision/baseSizePrecision/quoteAmountPrecision,1,False,0.10672268907563025,0.22058823529411764,0.5340336134453781,22.06512605042017
mexc,FOGUSDT,FOG-USDT,FOG,USDT,True,1,True,0.01403,685.23071,50098.47,0.01406,99.17,0.0141,14468.82,28.409090909090988,1.3943302,1e-05,0.0,0.0,1.0,0.0,0.0005,exchangeInfo.quotePrecision/baseSizePrecision/quoteAmountPrecision,1,False,0.05420168067226891,0.630672268907563,0.16428571428571428,22.03361344537815
mexc,CATCOINUSDT,CATCOIN-USDT,CATCOIN,USDT,True,1,True,2.949e-11,240.93577660060956,8320398949726.0,2.941e-11,49655809173.0,2.949e-11,227416898148.0,27.16468590831962,1.4603773477779298,1e-14,0.0,0.0,1.0,0.0,0.0005,exchangeInfo.quotePrecision/baseSizePrecision/quoteAmountPrecision,1,False,0.040336134453781515,0.6436974789915966,0.1861344537815126,22.03361344537815
mexc,RBCUSDT,RBC-USDT,RBC,USDT,True,1,True,0.003503,51721.765664,14762911.82,0.003486,1573.22,0.003535,1037.37,139.5812562313061,3.6671029499999994,1e-06,0.001,0.001,1.0,0.0,0.0005,exchangeInfo.quotePrecision/baseSizePrecision/quoteAmountPrecision,1,False,0.2407563025210084,0.08655462184873952,0.32941176470588235,21.9936974789916
mexc,PUSSUSDT,PUSS-USDT,PUSS,USDT,True,1,True,0.00455,10319.295864,2272624.27,0.004533,995.62,0.004558,1600.89,54.99945000550152,4.51314546,1e-06,0.0,0.0,1.0,0.0,0.0005,exchangeInfo.quotePrecision/baseSizePrecision/quoteAmountPrecision,1,False,0.12478991596638656,0.3134453781512605,0.36176470588235293,21.934873949579835
mexc,POKTUSDT,POKT-USDT,POKT,USDT,True,1,True,0.012971,1783.338669,140430.76,0.012924,204.82,0.012974,251.97,38.613020310448455,2.64709368,1e-06,0.1,0.1,1.0,0.0,0.0005,exchangeInfo.quotePrecision/baseSizePrecision/quoteAmountPrecision,1,False,0.07184873949579831,0.5025210084033613,0.2710084033613445,21.934873949579835
mexc,ETNUSDT,ETN-USDT,ETN,USDT,True,1,True,0.001007,43507.50255,43182788.85,0.001001,1375.77,0.001007,124956.06,59.76095617530025,1.3771457699999998,1e-06,0.0,0.0,1.0,0.0,0.0005,exchangeInfo.quotePrecision/baseSizePrecision/quoteAmountPrecision,1,False,0.21554621848739497,0.27142857142857146,0.1584033613445378,21.808823529411768
mexc,ANTUSDT,ANT-USDT,ANT,USDT,True,1,True,0.000228769,9070.115823217,39546201.41,0.000227709,26837.69,0.000229116,42984.12,61.599080610736344,6.11118355221,1e-09,0.0,0.0,1.0,0.0,0.0005,exchangeInfo.quotePrecision/baseSizePrecision/quoteAmountPrecision,1,False,0.11932773109243698,0.2626050420168067,0.4327731092436975,21.78361344537815
mexc,XRPBTC,XRP-BTC,XRP,BTC,True,1,True,1.9717e-05,8.919874965,452159.65,1.9703e-05,319.89,1.9724e-05,216.7,10.652598473126849,0.0042741908,1e-09,10.0,10.0,5e-06,0.0,0.0005,exchangeInfo.quotePrecision/baseSizePrecision/quoteAmountPrecision,1,False,0.014705882352941176,0.8277310924369747,0.013865546218487394,21.77941176470588
mexc,BRETTETHUSDT,BRETTETH-USDT,BRETTETH,USDT,True,1,True,0.01787,32123.57305,1795199.1,0.01779,79.16,0.01789,1406.1,56.05381165919248,1.4082564,1e-05,0.0,0.0,1.0,0.0,0.0005,exchangeInfo.quotePrecision/baseSizePrecision/quoteAmountPrecision,1,False,0.19453781512605042,0.30378151260504205,0.17016806722689076,21.69747899159664
mexc,UBXUSDT,UBX-USDT,UBX,USDT,True,1,True,2.38e-07,46333.8923120721,194177891136.0,2.37e-07,8438818.0,2.388e-07,77551071.0,75.66204287515777,1.999999866,1e-10,0.0,0.0,1.0,0.0,0.0005,exchangeInfo.quotePrecision/baseSizePrecision/quoteAmountPrecision,1,False,0.223109243697479,0.19201680672268906,0.22983193277310923,21.668067226890756
mexc,AASTUSDT,AAST-USDT,AAST,USDT,True,1,True,0.001663,5155.217684,3140136.09,0.001657,818.33,0.001663,58476.22,36.14457831325258,1.3559728100000001,1e-06,0.0,0.0,1.0,0.0,0.0005,exchangeInfo.quotePrecision/baseSizePrecision/quoteAmountPrecision,1,False,0.09453781512605042,0.5369747899159664,0.15,21.623949579831933
mexc,EMRUSDT,EMR-USDT,EMR,USDT,True,1,True,0.000519,31527.381775,61901426.97,0.000517,2846.96,0.00052,205472.82,57.8592092574728,1.47187832,1e-06,0.0,0.0,1.0,0.0,0.0005,exchangeInfo.quotePrecision/baseSizePrecision/quoteAmountPrecision,1,False,0.19327731092436976,0.2890756302521008,0.18781512605042017,21.613445378151262
mexc,VARAUSDT,VARA-USDT,VARA,USDT,True,1,True,0.000778,6089.451595,8066608.4,0.000774,40000.0,0.000777,1855.64,38.68471953578431,1.44183228,1e-06,0.0,0.0,1.0,0.0,0.0005,exchangeInfo.quotePrecision/baseSizePrecision/quoteAmountPrecision,1,False,0.09831932773109243,0.5008403361344538,0.18235294117647058,21.57563025210084
mexc,EPIKOUSDT,EPIKO-USDT,EPIKO,USDT,True,1,True,0.0010261,16625.9002943,16227199.23,0.0010261,15528.2,0.0010332,5193.05,68.95547030544265,5.36545926,1e-07,0.0,0.0,1.0,0.0,0.0005,exchangeInfo.quotePrecision/baseSizePrecision/quoteAmountPrecision,1,False,0.14495798319327732,0.22310924369747898,0.39747899159663863,21.500000000000004
mexc,TRIOUSDT,TRIO-USDT,TRIO,USDT,True,1,True,0.02058,18836.55978,954988.05,0.0205,555.93,0.02078,5905.14,135.6589147286817,11.396564999999999,1e-05,0.0,0.0,1.0,0.0,0.0005,exchangeInfo.quotePrecision/baseSizePrecision/quoteAmountPrecision,1,False,0.15084033613445377,0.08991596638655464,0.5466386554621848,21.47689075630252
mexc,NEXFIUSDT,NEXFI-USDT,NEXFI,USDT,True,1,True,4.2e-07,322.93249049,859992054.66,4.2e-07,355531048.44,4.3e-07,1243062465.39,235.29411764705907,149.3230403448,1e-08,0.0,0.0,1.0,0.0,0.0005,exchangeInfo.quotePrecision/baseSizePrecision/quoteAmountPrecision,1,False,0.0453781512605042,0.04117647058823526,0.8970588235294118,21.466386554621852
mexc,PORTUMAUSDT,PORTUMA-USDT,PORTUMA,USDT,True,1,True,0.0001105,25246.2375685,229782862.73,0.00011,74000.6,0.0001115,847856.22,135.44018058690708,8.140066000000001,1e-07,0.0,0.0,1.0,0.0,0.0005,exchangeInfo.quotePrecision/baseSizePrecision/quoteAmountPrecision,1,False,0.17058823529411765,0.09033613445378152,0.4894957983193277,21.430672268907564
mexc,EGOUSDT,EGO-USDT,EGO,USDT,True,1,True,0.0004195,46074.7911812,109280849.19,0.0004196,17588.18,0.0004241,7646.16,106.67298802892026,3.242736456,1e-07,0.0,0.0,1.0,0.0,0.0005,exchangeInfo.quotePrecision/baseSizePrecision/quoteAmountPrecision,1,False,0.2218487394957983,0.12436974789915967,0.3054621848739496,21.420168067226893
mexc,KILOUSDC,KILO-USDC,KILO,USDC,True,1,True,0.006297,54144.56219,8625642.08,0.006245,16007.65,0.006317,200.17,114.63142811654198,1.2644738899999999,1e-06,0.0,0.0,1.0,0.0,0.0,exchangeInfo.quotePrecision/baseSizePrecision/quoteAmountPrecision,1,False,0.30126050420168066,0.11470588235294121,0.09621848739495799,21.36134453781513
mexc,SYLUSDT,SYL-USDT,SYL,USDT,True,1,True,5.23e-05,20025.0668628,383339259.4,5.19e-05,194557.35,5.26e-05,205145.91,133.97129186602808,10.097526465000001,1e-07,0.0,0.0,1.0,0.0,0.0005,exchangeInfo.quotePrecision/baseSizePrecision/quoteAmountPrecision,1,False,0.15546218487394958,0.09243697478991597,0.5247899159663866,21.357142857142858
mexc,SHRUSDT,SHR-USDT,SHR,USDT,True,1,True,0.0001721,4911.7073891,28214196.63,0.0001717,286040.9,0.000173,75555.46,75.42790832608091,13.071094580000002,1e-07,0.0,0.0,1.0,0.0,0.0005,exchangeInfo.quotePrecision/baseSizePrecision/quoteAmountPrecision,1,False,0.09327731092436975,0.19285714285714284,0.5689075630252101,21.329831932773107
mexc,BTWUSDC,BTW-USDC,BTW,USDC,True,1,True,0.019472,53181.864453,2762963.12,0.019455,1590.57,0.019647,71.23,98.20469541199999,1.39945581,1e-06,0.0,0.0,1.0,0.0,0.0,exchangeInfo.quotePrecision/baseSizePrecision/quoteAmountPrecision,1,False,0.26512605042016807,0.134453781512605,0.16554621848739495,21.25420168067227
mexc,TRCRUSDT,TRCR-USDT,TRCR,USDT,True,1,True,0.0026244,17411.8950945,6634503.48,0.0026186,1373.22,0.0026292,426.17,40.397881016806785,1.1204861640000001,1e-07,0.0,0.0,1.0,0.0,0.0005,exchangeInfo.quotePrecision/baseSizePrecision/quoteAmountPrecision,1,False,0.14873949579831933,0.476890756302521,0.05756302521008403,21.25420168067227
mexc,MAIVUSDT,MAIV-USDT,MAIV,USDT,True,1,True,0.00078,866.3904808,1112585.4,0.0007776,1747.48,0.00078,82653.79,30.816640986131866,1.358840448,1e-07,0.0,0.0,1.0,0.0,0.0005,exchangeInfo.quotePrecision/baseSizePrecision/quoteAmountPrecision,1,False,0.05588235294117647,0.6063025210084034,0.15084033613445377,21.247899159663866
mexc,COLSUSDT,COLS-USDT,COLS,USDT,True,1,True,0.01366,35519.62437,2626387.92,0.01366,118.1,0.01375,4247.29,65.66946369937965,1.613246,1e-05,0.0,0.0,1.0,0.0,0.0005,exchangeInfo.quotePrecision/baseSizePrecision/quoteAmountPrecision,1,False,0.20168067226890757,0.24159663865546221,0.2042016806722689,21.21638655462185
mexc,EDOMUSDT,EDOM-USDT,EDOM,USDT,True,1,True,0.000608,14456.598415,20921560.67,0.000608,64496.89,0.00063,35181.73,355.4119547657511,22.164489900000003,1e-06,0.0,0.0,1.0,0.0,0.0005,exchangeInfo.quotePrecision/baseSizePrecision/quoteAmountPrecision,1,False,0.1369747899159664,0.024789915966386578,0.6516806722689076,21.18697478991597
mexc,WOLFTONUSDT,WOLFTON-USDT,WOLFTON,USDT,True,1,True,0.0002855,8211.691981,28633713.57,0.0002853,4591.77,0.0002864,4729.64,38.48172118243927,1.310031981,1e-07,0.0,0.0,1.0,0.0,0.0005,exchangeInfo.quotePrecision/baseSizePrecision/quoteAmountPrecision,1,False,0.11302521008403361,0.5042016806722689,0.11680672268907563,21.157563025210084
mexc,MBOOMUSDT,MBOOM-USDT,MBOOM,USDT,True,1,True,0.0027102,53825.095231,19786650.35,0.0026994,403.27,0.002721,499.33,79.69891520920999,1.0885870379999998,1e-07,0.0,0.0,1.0,0.0,0.0005,exchangeInfo.quotePrecision/baseSizePrecision/quoteAmountPrecision,1,False,0.2852941176470588,0.17731092436974794,0.04873949579831933,21.09873949579832
mexc,RJVUSDT,RJV-USDT,RJV,USDT,True,1,True,0.00122,1742.968431,1418927.43,0.001217,42461.22,0.001237,60639.83,162.99918500407543,51.67530474,1e-06,0.0,0.0,1.0,0.0,0.0005,exchangeInfo.quotePrecision/baseSizePrecision/quoteAmountPrecision,1,False,0.07142857142857142,0.06512605042016806,0.776890756302521,21.094537815126053
mexc,REPAIUSDT,REPAI-USDT,REPAI,USDT,True,1,True,0.0001763,13107.1925201,64236535.13,0.0001661,166237.6,0.0001919,357870.88,1441.3407821229052,27.61206536,1e-07,0.0,0.0,1.0,0.0,0.0005,exchangeInfo.quotePrecision/baseSizePrecision/quoteAmountPrecision,1,False,0.1315126050420168,0.0037815126050420034,0.6873949579831933,21.07563025210084
mexc,BCHBTC,BCH-BTC,BCH,BTC,True,1,True,0.006627,0.828012,125.38,0.006621,0.001,0.006628,0.357,10.566835232847854,6.621000000000001e-06,1e-06,0.001,0.001,5e-06,0.0,0.0005,exchangeInfo.quotePrecision/baseSizePrecision/quoteAmountPrecision,1,False,0.0058823529411764705,0.8289915966386554,0.0008403361344537816,21.065126050420165
mexc,NXRAUSDT,NXRA-USDT,NXRA,USDT,True,1,True,0.00184,6570.74793,3671475.25,0.00183,75065.34,0.00187,18391.55,216.2162162162156,34.3921985,1e-05,0.0,0.0,1.0,0.0,0.0005,exchangeInfo.quotePrecision/baseSizePrecision/quoteAmountPrecision,1,False,0.1004201680672269,0.04579831932773104,0.719327731092437,21.054621848739497
mexc,ETHBTC,ETH-BTC,ETH,BTC,True,1,True,0.030708,8.402628,273.485,0.030673,0.014,0.030711,0.5,12.381076502020019,0.000429422,1e-06,0.001,0.001,5e-06,0.0,0.0005,exchangeInfo.quotePrecision/baseSizePrecision/quoteAmountPrecision,1,False,0.014285714285714285,0.803781512605042,0.007563025210084034,21.031512605042018
mexc,MEEPUSDT,MEEP-USDT,MEEP,USDT,True,1,True,0.00065,28778.577763,38757036.55,0.00064,23139.38,0.00065,10370.73,155.03875968992122,6.740974499999999,1e-06,0.0,0.0,1.0,0.0,0.0005,exchangeInfo.quotePrecision/baseSizePrecision/quoteAmountPrecision,1,False,0.18487394957983194,0.07184873949579829,0.4508403361344538,20.98109243697479
mexc,RIZEUSDT,RIZE-USDT,RIZE,USDT,True,1,True,0.004,36465.480092,9149571.17,0.004,2877.03,0.004031,570.48,77.20084671896346,2.29960488,1e-06,0.0,0.0,1.0,0.0,0.0005,exchangeInfo.quotePrecision/baseSizePrecision/quoteAmountPrecision,1,False,0.20378151260504201,0.1865546218487395,0.25252100840336134,20.922268907563023
mexc,VCUSDT,VC-USDT,VC,USDT,True,1,True,0.000494,45634.926622,93876062.86,0.000493,3783.92,0.000497,75000.0,80.80808080808276,1.86547256,1e-06,0.0,0.0,1.0,0.0,0.0005,exchangeInfo.quotePrecision/baseSizePrecision/quoteAmountPrecision,1,False,0.21974789915966386,0.1752100840336135,0.2222689075630252,20.911764705882355
mexc,TONNYUSDT,TONNY-USDT,TONNY,USDT,True,1,True,0.04271,19423.399,453599.0,0.04257,26.88,0.04275,40.03,42.194092827005754,1.1442815999999998,1e-05,0.0,0.0,1.0,0.0,0.0005,exchangeInfo.quotePrecision/baseSizePrecision/quoteAmountPrecision,1,False,0.15378151260504203,0.4478991596638655,0.059243697478991594,20.840336134453782
mexc,ADOUSDT,ADO-USDT,ADO,USDT,True,1,True,0.01636,25694.54685,1548109.04,0.01632,134.8,0.01639,6.31,42.80036686028563,0.10342089999999998,1e-05,0.0,0.0,1.0,0.0,0.0005,exchangeInfo.quotePrecision/baseSizePrecision/quoteAmountPrecision,1,False,0.17142857142857143,0.4394957983193277,0.02100840336134454,20.836134453781515
mexc,SERUSDT,SER-USDT,SER,USDT,True,1,True,8.41e-05,26102.830133,310735928.36,8.38e-05,68127.97,8.42e-05,14862.81,47.61904761904715,1.251448602,1e-07,0.01,0.01,1.0,0.0,0.0005,exchangeInfo.quotePrecision/baseSizePrecision/quoteAmountPrecision,1,False,0.17352941176470588,0.3773109243697479,0.09033613445378151,20.78361344537815
mexc,MTTUSDT,MTT-USDT,MTT,USDT,True,1,True,17.8,20863.18,1171.95,17.72,0.31,17.87,0.3,84.29334082607593,5.361,0.01,0.0,0.0,1.0,0.0,0.0005,exchangeInfo.quotePrecision/baseSizePrecision/quoteAmountPrecision,1,False,0.15798319327731092,0.1630252100840336,0.39705882352941174,20.705882352941174
mexc,NEXIUSDT,NEXI-USDT,NEXI,USDT,True,1,True,0.00945,1528.72347,161876.46,0.00946,639.9,0.00951,4333.54,52.71481286241402,6.0534539999999994,1e-05,0.0,0.0,1.0,0.0,0.0005,exchangeInfo.quotePrecision/baseSizePrecision/quoteAmountPrecision,1,False,0.06890756302521009,0.3289915966386555,0.43109243697478994,20.63655462184874
mexc,MBDUSDT,MBD-USDT,MBD,USDT,True,1,True,3.85e-06,23999.13432738,6641391168.0,3.78e-06,6366716.0,3.92e-06,2868944.0,363.63636363636346,11.24626048,1e-08,0.0,0.0,1.0,0.0,0.0005,exchangeInfo.quotePrecision/baseSizePrecision/quoteAmountPrecision,1,False,0.16596638655462184,0.0239495798319328,0.5449579831932773,20.626050420168067
mexc,ELPUSDT,ELP-USDT,ELP,USDT,True,1,True,0.0009,6035.2957,5418095.45,0.000901,1121.78,0.000904,58523.89,33.24099722991651,1.01072378,1e-06,0.0,0.0,1.0,0.0,0.0005,exchangeInfo.quotePrecision/baseSizePrecision/quoteAmountPrecision,1,False,0.09789915966386555,0.5752100840336134,0.041176470588235294,20.588235294117645
mexc,AVTUSDT,AVT-USDT,AVT,USDT,True,1,True,0.569,6615.5257,11405.24,0.569,15.53,0.5713,2.39,40.34026133473788,1.365407,0.0001,0.0,0.0,1.0,0.0,0.0005,exchangeInfo.quotePrecision/baseSizePrecision/quoteAmountPrecision,1,False,0.10126050420168067,0.47815126050420165,0.15252100840336136,20.573529411764707
mexc,DEFXUSDT,DEFX-USDT,DEFX,USDT,True,1,True,0.00985,50768.15885,5110553.15,0.00979,146.18,0.00987,140.97,81.38351983723317,1.3913739,1e-05,0.0,0.0,1.0,0.0,0.0005,exchangeInfo.quotePrecision/baseSizePrecision/quoteAmountPrecision,1,False,0.23529411764705882,0.1743697478991597,0.16260504201680673,20.552521008403364
mexc,SVNUSDT,SVN-USDT,SVN,USDT,True,1,True,4.182e-05,22297.99996128,537157888.21,4.174e-05,29243.99,4.193e-05,31496.14,45.416517270229065,1.2206441425999999,1e-08,0.0,0.0,1.0,0.0,0.0005,exchangeInfo.quotePrecision/baseSizePrecision/quoteAmountPrecision,1,False,0.16092436974789917,0.4016806722689076,0.08277310924369748,20.548319327731093
mexc,MLCUSDT,MLC-USDT,MLC,USDT,True,1,True,0.0127,14304.695,1132088.53,0.0126,1993.57,0.0127,468.53,79.05138339920902,5.950330999999999,0.0001,0.0,0.0,1.0,0.0,0.0005,exchangeInfo.quotePrecision/baseSizePrecision/quoteAmountPrecision,1,False,0.1361344537815126,0.1785714285714286,0.42857142857142855,20.52310924369748
mexc,MCNUSDT,MCN-USDT,MCN,USDT,True,1,True,0.0897,6916.9359,76241.03,0.0894,3163.83,0.0901,102.35,77.99442896936002,9.221734999999999,0.0001,0.0,0.0,1.0,0.0,0.0005,exchangeInfo.quotePrecision/baseSizePrecision/quoteAmountPrecision,1,False,0.10294117647058823,0.18403361344537816,0.5100840336134453,20.46428571428571
mexc,SFUNDUSDT,SFUND-USDT,SFUND,USDT,True,1,True,0.0252,3048.02714,120413.68,0.02506,2548.78,0.0256,1499.16,213.18594551914816,38.378496000000005,1e-05,0.1,0.1,1.0,0.0,0.0005,exchangeInfo.quotePrecision/baseSizePrecision/quoteAmountPrecision,1,False,0.08319327731092437,0.04663865546218482,0.7352941176470589,20.447478991596636
mexc,VTRADINGUSDT,VTRADING-USDT,VTRADING,USDT,True,1,True,0.001521,5379.899154,3630085.79,0.001498,989.7,0.001504,901.38,39.97335109926669,1.35567552,1e-06,0.0,0.0,1.0,0.0,0.0005,exchangeInfo.quotePrecision/baseSizePrecision/quoteAmountPrecision,1,False,0.0953781512605042,0.4840336134453781,0.1495798319327731,20.338235294117645
mexc,SINUSDT,SIN-USDT,SIN,USDT,True,1,True,0.0001549,30651.0385073,186760715.89,0.0001544,105698.8,0.0001553,8558.84,58.12076202776848,1.329187852,1e-07,0.0001,0.0001,1.0,0.0,0.0005,exchangeInfo.quotePrecision/baseSizePrecision/quoteAmountPrecision,1,False,0.1899159663865546,0.2848739495798319,0.1369747899159664,20.30672268907563
mexc,NATIXUSDT,NATIX-USDT,NATIX,USDT,True,1,True,8.745e-05,950.82910091,10882266.84,8.802e-05,1122334.45,8.933e-05,492988.5,147.73047645897933,44.038662705,1e-08,0.0,0.0,1.0,0.0,0.0005,exchangeInfo.quotePrecision/baseSizePrecision/quoteAmountPrecision,1,False,0.058403361344537816,0.07857142857142863,0.7533613445378151,20.2436974789916
mexc,SKYAUSDT,SKYA-USDT,SKYA,USDT,True,1,True,0.0006964,13544.466134,18558686.12,0.0006974,1793.36,0.0007004,2042.2,42.9245957933891,1.250689264,1e-07,0.0,0.0,1.0,0.0,0.0005,exchangeInfo.quotePrecision/baseSizePrecision/quoteAmountPrecision,1,False,0.13403361344537815,0.43823529411764706,0.08991596638655462,20.126050420168067
mexc,IXFIUSDT,IXFI-USDT,IXFI,USDT,True,1,True,0.000786,32020.040693,40696945.29,0.000783,5214.63,0.000793,165761.8,126.90355329949273,4.08305529,1e-06,0.0,0.0,1.0,0.0,0.0005,exchangeInfo.quotePrecision/baseSizePrecision/quoteAmountPrecision,1,False,0.19369747899159664,0.0991596638655462,0.34789915966386553,20.090336134453786
mexc,MONIEUSDT,MONIE-USDT,MONIE,USDT,True,1,True,0.01005,34577.85472,3149690.69,0.01001,1433.39,0.01008,142.45,69.6864111498264,1.4358959999999998,1e-05,0.0,0.0,1.0,0.0,0.0005,exchangeInfo.quotePrecision/baseSizePrecision/quoteAmountPrecision,1,False,0.2004201680672269,0.2180672268907563,0.17899159663865546,20.054621848739494
mexc,HAROLDUSDT,HAROLD-USDT,HAROLD,USDT,True,1,True,0.00083,16178.818767,19505415.78,0.00083,114031.23,0.000834,1611.36,48.07692307692294,1.3438742399999999,1e-06,0.0,0.0,1.0,0.0,0.0005,exchangeInfo.quotePrecision/baseSizePrecision/quoteAmountPrecision,1,False,0.14327731092436974,0.3726890756302521,0.14243697478991596,20.046218487394956
mexc,P2PUSDT,P2P-USDT,P2P,USDT,True,1,True,0.0001528,33122.9913939,203474483.12,0.0001526,20319.0,0.0001536,8887.78,65.31678641410825,1.3651630080000001,1e-07,0.0,0.0,1.0,0.0,0.0005,exchangeInfo.quotePrecision/baseSizePrecision/quoteAmountPrecision,1,False,0.19831932773109243,0.24327731092436977,0.15210084033613444,20.031512605042018
mexc,VPEPEUSDT,VPEPE-USDT,VPEPE,USDT,True,1,True,0.00678,10069.10357,1483009.12,0.00675,497.39,0.00679,511.23,59.08419497784358,3.3573825,1e-05,0.0,0.0,1.0,0.0,0.0005,exchangeInfo.quotePrecision/baseSizePrecision/quoteAmountPrecision,1,False,0.1226890756302521,0.27605042016806725,0.3130252100840336,19.909663865546218
mexc,DPENGUUSDT,DPENGU-USDT,DPENGU,USDT,True,1,True,0.001133,8315.661548,7330775.16,0.001128,2241.3,0.001134,2281.24,53.05039787798346,2.5281864000000005,1e-06,0.0,0.0,1.0,0.0,0.0005,exchangeInfo.quotePrecision/baseSizePrecision/quoteAmountPrecision,1,False,0.11428571428571428,0.3262605042016806,0.2647058823529412,19.736344537815125
mexc,CKBTCBTC,CKBTC-BTC,CKBTC,BTC,True,1,True,0.9992,0.0041,0.0042,0.9992,0.00626,1.0008,0.007,15.999999999999348,0.006254992,0.0001,0.0,0.0,5e-06,0.0,0.0005,exchangeInfo.quotePrecision/baseSizePrecision/quoteAmountPrecision,1,False,0.0033613445378151263,0.7668067226890756,0.014705882352941176,19.649159663865543
mexc,HILOUSDT,HILO-USDT,HILO,USDT,True,1,True,0.0076,151.9403,20047.67,0.0076,12157.89,0.00764,1000.0,52.49343832021011,7.64,1e-05,0.0,0.0,1.0,0.0,0.0005,exchangeInfo.quotePrecision/baseSizePrecision/quoteAmountPrecision,1,False,0.03403361344537815,0.33151260504201685,0.47436974789915964,19.647058823529413
mexc,MOEWUSDT,MOEW-USDT,MOEW,USDT,True,1,True,0.0002216,38115.5850942,171275821.22,0.0002216,48633.25,0.000223,5650.34,62.977957714800134,1.26002582,1e-07,0.0,0.0,1.0,0.0,0.0005,exchangeInfo.quotePrecision/baseSizePrecision/quoteAmountPrecision,1,False,0.20546218487394957,0.25630252100840334,0.09453781512605042,19.598739495798316
mexc,GODEUSDT,GODE-USDT,GODE,USDT,True,1,True,0.0001093,29179.0956692,161149878.26,9.72e-05,72016.46,0.0001108,123414.59,1307.692307692307,6.999999912000001,1e-07,0.0,0.0,1.0,0.0,0.0005,exchangeInfo.quotePrecision/baseSizePrecision/quoteAmountPrecision,1,False,0.1861344537815126,0.005042016806722671,0.4579831932773109,19.52310924369748
mexc,PEIPEIUSDT,PEIPEI-USDT,PEIPEI,USDT,True,1,True,7.22e-09,1937.39478672194,267724904686.0,7.21e-09,1729858815.0,7.27e-09,3869331608.0,82.87292817679587,12.47228205615,1e-11,0.0,0.0,1.0,0.0,0.0005,exchangeInfo.quotePrecision/baseSizePrecision/quoteAmountPrecision,1,False,0.07394957983193277,0.16764705882352937,0.5626050420168067,19.51050420168067
mexc,FITUSDT,FIT-USDT,FIT,USDT,True,1,True,4.737e-05,10575.17090842,220623742.89,4.718e-05,2743025.32,4.755e-05,112990.7,78.11675287659625,5.372707784999999,1e-08,0.0,0.0,1.0,0.0,0.0005,exchangeInfo.quotePrecision/baseSizePrecision/quoteAmountPrecision,1,False,0.12563025210084033,0.18319327731092439,0.39915966386554624,19.472689075630253
mexc,TRUSTSWAPUSDT,TRUSTSWAP-USDT,TRUSTSWAP,USDT,True,1,True,0.05845,1879.54979,29575.27,0.05886,60.0,0.05915,60.0,49.14837725616449,3.5316,1e-05,1.0,1.0,1.0,0.0,0.0005,exchangeInfo.quotePrecision/baseSizePrecision/quoteAmountPrecision,1,False,0.0726890756302521,0.3613445378151261,0.32184873949579834,19.468487394957982
mexc,APUUSDT,APU-USDT,APU,USDT,True,1,True,2.62e-05,1257.3933495,49214135.11,2.65e-05,2765131.3,2.69e-05,1106227.2,149.81273408239684,29.75751168,1e-07,0.0,0.0,1.0,0.0,0.0005,exchangeInfo.quotePrecision/baseSizePrecision/quoteAmountPrecision,1,False,0.06386554621848739,0.07647058823529407,0.6970588235294117,19.365546218487392
mexc,HAMUSDT,HAM-USDT,HAM,USDT,True,1,True,1.179e-10,53985.60317705717,458674397033214.0,1.164e-10,9450171822.0,1.18e-10,23218571991.0,136.5187713310591,1.1000000000808,1e-13,1000000.0,1000000.0,1.0,0.0,0.0005,exchangeInfo.quotePrecision/baseSizePrecision/quoteAmountPrecision,1,False,0.2915966386554622,0.08949579831932775,0.052941176470588235,19.33403361344538
mexc,KPCUSDT,KPC-USDT,KPC,USDT,True,1,True,0.001774,13394.330257,7371836.5,0.001771,776.22,0.001779,697.65,45.07042253521114,1.24111935,1e-06,0.01,0.01,1.0,0.0,0.0005,exchangeInfo.quotePrecision/baseSizePrecision/quoteAmountPrecision,1,False,0.13361344537815126,0.40714285714285714,0.0861344537815126,19.25
mexc,KORIUSDT,KORI-USDT,KORI,USDT,True,1,True,0.000845,634.9717488,723159.6,0.000826,155987.87,0.000851,62027.1,298.1514609421581,52.7850621,1e-07,0.0,0.0,1.0,0.0,0.0005,exchangeInfo.quotePrecision/baseSizePrecision/quoteAmountPrecision,1,False,0.052941176470588235,0.02941176470588236,0.7798319327731092,19.2436974789916
mexc,MINXUSDT,MINX-USDT,MINX,USDT,True,1,True,0.02292,45739.5455,1987822.38,0.02278,54.24,0.02294,4989.1,69.99125109361198,1.2355872,1e-05,0.0,0.0,1.0,0.0,0.0005,exchangeInfo.quotePrecision/baseSizePrecision/quoteAmountPrecision,1,False,0.22058823529411764,0.21596638655462186,0.08529411764705883,19.237394957983195
mexc,LUMUSDT,LUM-USDT,LUM,USDT,True,1,True,0.2664,53338.1265,196096.86,0.2655,5.44,0.2738,457.79,307.8064157240858,1.4443200000000003,0.0001,0.0,0.0,1.0,0.0,0.0005,exchangeInfo.quotePrecision/baseSizePrecision/quoteAmountPrecision,1,False,0.27058823529411763,0.027310924369747913,0.18319327731092436,19.228991596638657
mexc,CNGUSDT,CNG-USDT,CNG,USDT,True,1,True,0.004389,95.138713,21557.89,0.004389,12003.98,0.004434,7715.89,102.00612036722183,34.21225626,1e-06,0.0,0.0,1.0,0.0,0.0005,exchangeInfo.quotePrecision/baseSizePrecision/quoteAmountPrecision,1,False,0.02857142857142857,0.12983193277310923,0.7184873949579832,19.18697478991597
mexc,SDBUSDT,SDB-USDT,SDB,USDT,True,1,True,0.00155,4172.846468,2735284.71,0.00153,10000.0,0.00155,3560819.06,129.87012987013023,15.299999999999999,1e-06,0.0,0.0,1.0,0.0,0.0005,exchangeInfo.quotePrecision/baseSizePrecision/quoteAmountPrecision,1,False,0.08907563025210084,0.09579831932773109,0.5928571428571429,19.15126050420168
mexc,LTCBTC,LTC-BTC,LTC,BTC,True,1,True,0.0007953,10.5670988,13351.117,0.0007945,42.812,0.0007961,0.224,20.118194392053802,0.0001783264,1e-07,0.01,0.01,5e-06,0.0,0.0005,exchangeInfo.quotePrecision/baseSizePrecision/quoteAmountPrecision,1,False,0.01638655462184874,0.7235294117647059,0.0058823529411764705,19.107142857142858
mexc,FAKTUSDT,FAKT-USDT,FAKT,USDT,True,1,True,0.0008774,13560.2348044,15517998.25,0.0008697,57489.98,0.0008912,11978.65,244.19331023908143,10.67537288,1e-07,0.0,0.0,1.0,0.0,0.0005,exchangeInfo.quotePrecision/baseSizePrecision/quoteAmountPrecision,1,False,0.13445378151260504,0.038235294117647034,0.5373949579831933,19.098739495798316
mexc,PBXUSDT,PBX-USDT,PBX,USDT,True,1,True,0.00511,32186.44776,6273419.61,0.00508,291.39,0.00512,49912.28,78.43137254901981,1.4802612,1e-05,0.0,0.0,1.0,0.0,0.0005,exchangeInfo.quotePrecision/baseSizePrecision/quoteAmountPrecision,1,False,0.1957983193277311,0.18193277310924372,0.18865546218487395,19.090336134453782
mexc,SWCHUSDT,SWCH-USDT,SWCH,USDT,True,1,True,0.0524,12487.1225,242108.3,0.0504,961.46,0.0538,245.9,652.591170825336,13.229420000000001,0.0001,0.0,0.0,1.0,0.0,0.0005,exchangeInfo.quotePrecision/baseSizePrecision/quoteAmountPrecision,1,False,0.13025210084033614,0.016386554621848792,0.5710084033613445,18.9936974789916
mexc,SUNDOGUSDT,SUNDOG-USDT,SUNDOG,USDT,True,1,True,0.00477,2952.3322,611438.88,0.00475,46131.11,0.00482,3902.96,146.29049111807683,18.812267199999997,1e-05,0.0,0.0,1.0,0.0,0.0005,exchangeInfo.quotePrecision/baseSizePrecision/quoteAmountPrecision,1,False,0.08151260504201681,0.08109243697478996,0.6218487394957983,18.94747899159664
mexc,SYMMUSDT,SYMM-USDT,SYMM,USDT,True,1,True,0.0546,2950.1554,56161.86,0.0535,312.32,0.0542,1302.86,129.9907149489321,16.70912,0.0001,0.0,0.0,1.0,0.0,0.0005,exchangeInfo.quotePrecision/baseSizePrecision/quoteAmountPrecision,1,False,0.08109243697478992,0.0953781512605042,0.6046218487394958,18.93697478991597
mexc,PIGGYUSDT,PIGGY-USDT,PIGGY,USDT,True,1,True,0.05333,4644.08174,86723.46,0.05236,477.45,0.05489,1342.73,471.7948717948726,24.999281999999997,1e-05,0.0,0.0,1.0,0.0,0.0005,exchangeInfo.quotePrecision/baseSizePrecision/quoteAmountPrecision,1,False,0.09117647058823529,0.019747899159663906,0.6705882352941176,18.920168067226893
mexc,XDBUSDT,XDB-USDT,XDB,USDT,True,1,True,0.0001075,5749.4985244,52939367.22,0.0001071,260683.77,0.0001088,141860.32,157.48031496062998,15.434402816,1e-07,0.0,0.0,1.0,0.0,0.0005,exchangeInfo.quotePrecision/baseSizePrecision/quoteAmountPrecision,1,False,0.0957983193277311,0.06974789915966384,0.5941176470588235,18.89495798319328
mexc,AUKIUSDT,AUKI-USDT,AUKI,USDT,True,1,True,0.006444,8494.421871,1272523.16,0.006433,18120.44,0.006528,1553.27,146.59362703495037,10.139746559999999,1e-06,0.0,0.0,1.0,0.0,0.0005,exchangeInfo.quotePrecision/baseSizePrecision/quoteAmountPrecision,1,False,0.11554621848739496,0.08025210084033618,0.5264705882352941,18.890756302521012
mexc,BABYBONKUSDT,BABYBONK-USDT,BABYBONK,USDT,True,1,True,3.865e-06,115.816096757,30454701.0,3.87e-06,331709.0,3.882e-06,2917771.0,30.959752321981565,1.2837138300000002,1e-09,0.0,0.0,1.0,0.0,0.0005,exchangeInfo.quotePrecision/baseSizePrecision/quoteAmountPrecision,1,False,0.030672268907563024,0.6025210084033614,0.1046218487394958,18.842436974789916
mexc,UNIETH,UNI-ETH,UNI,ETH,True,1,True,0.001539,206.324373,132534.75,0.001538,42.11,0.001542,13.25,25.974025974025192,0.0204315,1e-06,0.001,0.001,0.0001,0.0,0.0005,exchangeInfo.quotePrecision/baseSizePrecision/quoteAmountPrecision,1,False,0.037815126050420166,0.6546218487394958,0.01764705882352941,18.798319327731093
mexc,MLTUSDT,MLT-USDT,MLT,USDT,True,1,True,0.01937,290.55,15000.0,0.01937,2581.31,0.01986,2817.37,249.80881978078045,49.999974699999996,1e-05,0.01,0.01,1.0,0.0,0.0005,exchangeInfo.quotePrecision/baseSizePrecision/quoteAmountPrecision,1,False,0.04411764705882353,0.037394957983193255,0.7705882352941177,18.77310924369748
mexc,GRAMPUSUSDT,GRAMPUS-USDT,GRAMPUS,USDT,True,1,True,0.000666,46795.584105,70264888.55,0.000662,1828.48,0.000667,2120.63,75.24454477050271,1.21045376,1e-06,0.0,0.0,1.0,0.0,0.0005,exchangeInfo.quotePrecision/baseSizePrecision/quoteAmountPrecision,1,False,0.22478991596638656,0.19327731092436973,0.07857142857142857,18.766806722689076
mexc,BDXBTC,BDX-BTC,BDX,BTC,True,1,True,1.2006e-06,30.8969151767,25818950.0,1.1976e-06,718.0,1.2003e-06,31134.0,22.51970474164887,0.0008598768,1e-10,0.0,0.0,5e-06,0.0,0.0005,exchangeInfo.quotePrecision/baseSizePrecision/quoteAmountPrecision,1,False,0.0226890756302521,0.6907563025210084,0.009243697478991597,18.701680672268907
mexc,WBTCBTC,WBTC-BTC,WBTC,BTC,True,1,True,0.9991,3.3386,3.84518,0.9983,0.0025,1.0004,0.0014,21.013658878270782,0.00140056,0.0001,0.0,0.0,5e-06,0.0,0.0005,exchangeInfo.quotePrecision/baseSizePrecision/quoteAmountPrecision,1,False,0.011764705882352941,0.7113445378151261,0.01050420168067227,18.64075630252101
mexc,WAXLUSDT,WAXL-USDT,WAXL,USDT,True,1,True,0.04343,4425.32421,100669.98,0.04328,84.0,0.04353,79.78,57.59705103098727,3.4728234,1e-05,0.01,0.01,1.0,0.0,0.0005,exchangeInfo.quotePrecision/baseSizePrecision/quoteAmountPrecision,1,False,0.09033613445378151,0.29117647058823526,0.31932773109243695,18.634453781512605
mexc,AGRSUSDT,AGRS-USDT,AGRS,USDT,True,1,True,0.3947,3139.8538,7880.34,0.3914,3.31,0.393,42.59,40.79551249362545,1.2955340000000002,0.0001,0.0,0.0,1.0,0.0,0.0005,exchangeInfo.quotePrecision/baseSizePrecision/quoteAmountPrecision,1,False,0.08445378151260505,0.4689075630252101,0.11008403361344538,18.56932773109244
mexc,SUTUSDT,SUT-USDT,SUT,USDT,True,1,True,0.71,1340.042,1902.48,0.71,150.0,0.777,47.5,901.1432414256901,36.9075,0.001,0.0,0.0,1.0,0.0,0.0005,exchangeInfo.quotePrecision/baseSizePrecision/quoteAmountPrecision,1,False,0.06722689075630252,0.010504201680672232,0.7298319327731092,18.55672268907563
mexc,BDCUSDT,BDC-USDT,BDC,USDT,True,1,True,0.001976,109.845772,52349.28,0.002001,739.2,0.002008,685.32,34.92142678972127,1.37612256,1e-06,0.0,0.0,1.0,0.0,0.0005,exchangeInfo.quotePrecision/baseSizePrecision/quoteAmountPrecision,1,False,0.029831932773109245,0.5508403361344538,0.15714285714285714,18.5546218487395
mexc,PIRATEUSDT,PIRATE-USDT,PIRATE,USDT,True,1,True,0.00418,2381.305118,563270.26,0.004149,4419.0,0.004212,22315.14,150.6996770721198,18.334431,1e-06,0.0,0.0,1.0,0.0,0.0005,exchangeInfo.quotePrecision/baseSizePrecision/quoteAmountPrecision,1,False,0.07773109243697479,0.07478991596638651,0.619327731092437,18.531512605042018
mexc,CRVETH,CRV-ETH,CRV,ETH,True,1,True,0.00010208,42.63601008,414491.902,0.00010195,239.268,0.0001022,4952.606,24.491795248592318,0.0243933726,1e-08,0.001,0.001,0.0001,0.0,0.0005,exchangeInfo.quotePrecision/baseSizePrecision/quoteAmountPrecision,1,False,0.024789915966386553,0.6718487394957984,0.018487394957983194,18.529411764705884
mexc,XRPHUSDT,XRPH-USDT,XRPH,USDT,True,1,True,0.01842,28999.67986,1543830.94,0.01827,755.1,0.01843,97.86,87.19346049046155,1.8035598,1e-05,0.0,0.0,1.0,0.0,0.0005,exchangeInfo.quotePrecision/baseSizePrecision/quoteAmountPrecision,1,False,0.18571428571428572,0.15798319327731092,0.2180672268907563,18.525210084033617
mexc,NTXUSDT,NTX-USDT,NTX,USDT,True,1,True,0.00423,33770.51732,8321042.14,0.00422,491.93,0.00427,3865.59,117.78563015312264,2.0759446,1e-05,0.001,0.001,1.0,0.0,0.0005,exchangeInfo.quotePrecision/baseSizePrecision/quoteAmountPrecision,1,False,0.19873949579831932,0.11050420168067232,0.23739495798319327,18.44117647058824
mexc,STBUUSDT,STBU-USDT,STBU,USDT,True,1,True,0.001764,1443.204961,826485.52,0.001755,748.17,0.001762,2966.9,39.80665339778131,1.31303835,1e-06,0.0,0.0,1.0,0.0,0.0005,exchangeInfo.quotePrecision/baseSizePrecision/quoteAmountPrecision,1,False,0.0684873949579832,0.4852941176470589,0.1222689075630252,18.344537815126053
mexc,MICHIUSDT,MICHI-USDT,MICHI,USDT,True,1,True,0.001802,307.686263,162096.04,0.001798,771.42,0.001804,669.17,33.31482509716905,1.20718268,1e-06,0.0,0.0,1.0,0.0,0.0005,exchangeInfo.quotePrecision/baseSizePrecision/quoteAmountPrecision,1,False,0.04453781512605042,0.5735294117647058,0.07773109243697479,18.342436974789916
mexc,XIONUSDT,XION-USDT,XION,USDT,True,1,True,0.1012,20055.1474,203848.85,0.1007,901.49,0.1018,37.0,108.64197530864233,3.7666,0.0001,0.0,0.0,1.0,0.0,0.0005,exchangeInfo.quotePrecision/baseSizePrecision/quoteAmountPrecision,1,False,0.15588235294117647,0.12184873949579833,0.33361344537815124,18.29201680672269
mexc,RXDUSDT,RXD-USDT,RXD,USDT,True,1,True,8.8e-05,49888.373188,567093798.23,8.7e-05,22286.56,8.9e-05,114942.52,227.27272727272666,1.93893072,1e-06,0.0,0.0,1.0,0.0,0.0005,exchangeInfo.quotePrecision/baseSizePrecision/quoteAmountPrecision,1,False,0.23109243697478993,0.042857142857142816,0.22521008403361345,18.28571428571429
mexc,ATLASUSDT,ATLAS-USDT,ATLAS,USDT,True,1,True,0.000166,1987.837263,12250648.62,0.000164,82593.0,0.000166,178837.66,121.21212121212086,13.545252,1e-06,0.0001,0.0001,1.0,0.0,0.0005,exchangeInfo.quotePrecision/baseSizePrecision/quoteAmountPrecision,1,False,0.07478991596638655,0.10462184873949576,0.5747899159663865,18.224789915966387
mexc,BXXUSDT,BXX-USDT,BXX,USDT,True,1,True,0.006215,1292.848983,200936.25,0.006214,2318.74,0.006284,3485.15,112.01792286765844,14.408650359999998,1e-06,0.0001,0.0001,1.0,0.0,0.0005,exchangeInfo.quotePrecision/baseSizePrecision/quoteAmountPrecision,1,False,0.06596638655462185,0.11764705882352944,0.58109243697479,18.19117647058824
mexc,OOEUSDT,OOE-USDT,OOE,USDT,True,1,True,0.000372,872.643922,2334412.05,0.00037,94468.62,0.000376,64291.29,160.85790884718455,24.173525039999998,1e-06,0.0001,0.0001,1.0,0.0,0.0005,exchangeInfo.quotePrecision/baseSizePrecision/quoteAmountPrecision,1,False,0.05672268907563025,0.0672268907563025,0.6638655462184874,18.077731092436974
mexc,XNAUSDT,XNA-USDT,XNA,USDT,True,1,True,3.59e-05,9245.1092983,259382498.37,3.58e-05,131983.3,3.61e-05,1149996.53,83.44923504867884,4.72500214,1e-07,0.0,0.0,1.0,0.0,0.0005,exchangeInfo.quotePrecision/baseSizePrecision/quoteAmountPrecision,1,False,0.12016806722689076,0.16470588235294115,0.36554621848739494,18.037815126050422
mexc,MANUSDT,MAN-USDT,MAN,USDT,True,1,True,0.0016,1331.55745,865177.3,0.0016,24582.14,0.00165,16345.48,307.69230769230717,26.970042,1e-05,0.0,0.0,1.0,0.0,0.0005,exchangeInfo.quotePrecision/baseSizePrecision/quoteAmountPrecision,1,False,0.06680672268907563,0.027731092436974802,0.6823529411764706,18.014705882352942
mexc,SCAUSDT,SCA-USDT,SCA,USDT,True,1,True,0.0179,1439.2107,78069.41,0.0177,1124.16,0.018,1732.96,168.06722689075528,19.897632,0.0001,0.0,0.0,1.0,0.0,0.0005,exchangeInfo.quotePrecision/baseSizePrecision/quoteAmountPrecision,1,False,0.0680672268907563,0.06218487394957983,0.630672268907563,17.911764705882355
mexc,MXETH,MX-ETH,MX,ETH,True,1,True,0.00086994,274.64474168,316587.86,0.00086742,13.96,0.00087006,42.13,30.38883900821804,0.012109183200000002,1e-08,0.0,0.0,0.0001,0.0,0.0005,exchangeInfo.quotePrecision/baseSizePrecision/quoteAmountPrecision,1,False,0.04327731092436975,0.6071428571428572,0.01638655462184874,17.88655462184874
mexc,QLINDOUSDT,QLINDO-USDT,QLINDO,USDT,True,1,True,0.0002045,21614.4412087,94130940.21,0.0002024,131511.2,0.0002277,28117.01,1176.470588235295,6.402243177,1e-07,0.0,0.0,1.0,0.0,0.0005,exchangeInfo.quotePrecision/baseSizePrecision/quoteAmountPrecision,1,False,0.16050420168067228,0.006722689075630228,0.4441176470588235,17.8781512605042
mexc,RFRMUSDT,RFRM-USDT,RFRM,USDT,True,1,True,0.00177,0.0,0.0,0.00177,22597.74,0.00179,27790.78,112.35955056179684,39.9979998,1e-05,0.0,0.0,1.0,0.0,0.0005,exchangeInfo.quotePrecision/baseSizePrecision/quoteAmountPrecision,1,False,0.0016806722689075631,0.11722689075630255,0.7415966386554622,17.855042016806724
mexc,BELUGAUSDT,BELUGA-USDT,BELUGA,USDT,True,1,True,92.9823,7202.386,77.94,92.4788,0.02,92.9986,0.02,56.049955412356375,1.849576,0.0001,0.0,0.0,1.0,0.0,0.0005,exchangeInfo.quotePrecision/baseSizePrecision/quoteAmountPrecision,1,False,0.10504201680672269,0.30420168067226894,0.22142857142857142,17.8109243697479
mexc,NCDTUSDT,NCDT-USDT,NCDT,USDT,True,1,True,0.0106,0.0,0.0,0.0106,7965.36,0.0107,2994.0,93.8967136150229,32.0358,0.0001,0.0,0.0,1.0,0.0,0.0005,exchangeInfo.quotePrecision/baseSizePrecision/quoteAmountPrecision,1,False,0.0016806722689075631,0.14159663865546224,0.7088235294117647,17.808823529411768
mexc,KASPYUSDT,KASPY-USDT,KASPY,USDT,True,1,True,2.287e-06,4688.977464621,2034711378.17,2.273e-06,560330.98,2.283e-06,5416985.74,43.89815627743592,1.27363231754,1e-09,0.0,0.0,1.0,0.0,0.0005,exchangeInfo.quotePrecision/baseSizePrecision/quoteAmountPrecision,1,False,0.09201680672268908,0.42689075630252105,0.10126050420168067,17.758403361344538
mexc,XL1USDT,XL1-USDT,XL1,USDT,True,1,True,0.0002768,257.6014106,917608.92,0.0002722,15000.0,0.0002736,15000.0,51.30084279955954,4.083,1e-07,0.0,0.0,1.0,0.0,0.0005,exchangeInfo.quotePrecision/baseSizePrecision/quoteAmountPrecision,1,False,0.04201680672268908,0.33991596638655464,0.34747899159663864,17.758403361344538
mexc,BSTUSDT,BST-USDT,BST,USDT,True,1,True,0.01672,44009.03206,2604964.81,0.0167,411.15,0.0169,81.01,119.04761904761833,1.3690689999999999,1e-05,0.001,0.001,1.0,0.0,0.0005,exchangeInfo.quotePrecision/baseSizePrecision/quoteAmountPrecision,1,False,0.21680672268907564,0.10798319327731087,0.1546218487394958,17.71638655462185
mexc,POLISUSDT,POLIS-USDT,POLIS,USDT,True,1,True,0.01108,1261.28708,112004.61,0.01106,1575.36,0.01123,1575.36,152.53476895468822,17.4234816,1e-05,0.0001,0.0001,1.0,0.0,0.0005,exchangeInfo.quotePrecision/baseSizePrecision/quoteAmountPrecision,1,False,0.06470588235294118,0.07436974789915962,0.6126050420168068,17.670168067226893
mexc,REALTOKENUSDT,REALTOKEN-USDT,REALTOKEN,USDT,True,1,True,0.006042,7114.315411,1172927.98,0.006028,829.46,0.006077,2929.24,80.9582817017754,4.99998488,1e-06,0.0,0.0,1.0,0.0,0.0005,exchangeInfo.quotePrecision/baseSizePrecision/quoteAmountPrecision,1,False,0.10378151260504202,0.1747899159663866,0.376890756302521,17.6155462184874
mexc,XRPETH,XRP-ETH,XRP,ETH,True,1,True,0.0006424,123.5819516,192689.26,0.0006411,302.46,0.000643,86.68,29.59271084806467,0.055735240000000005,1e-07,0.0001,0.0001,0.0001,0.0,0.0005,exchangeInfo.quotePrecision/baseSizePrecision/quoteAmountPrecision,1,False,0.031512605042016806,0.6168067226890757,0.019747899159663865,17.548319327731093
mexc,ELAUSDT,ELA-USDT,ELA,USDT,True,1,True,0.454,1674.289,3731.17,0.445,23.46,0.45,23.46,111.73184357541909,10.4397,0.001,0.0,0.0,1.0,0.0,0.0005,exchangeInfo.quotePrecision/baseSizePrecision/quoteAmountPrecision,1,False,0.07100840336134454,0.1189075630252101,0.5310924369747899,17.5
mexc,KIMAUSDT,KIMA-USDT,KIMA,USDT,True,1,True,0.01687,4954.61645,306834.73,0.01652,713.8,0.01684,1034.46,191.8465227817751,11.791976,1e-05,0.0,0.0,1.0,0.0,0.0005,exchangeInfo.quotePrecision/baseSizePrecision/quoteAmountPrecision,1,False,0.09411764705882353,0.05252100840336138,0.55,17.48949579831933
mexc,NRGUSDT,NRG-USDT,NRG,USDT,True,1,True,0.01211,29615.81638,2447040.31,0.01204,456.81,0.01214,111.29,82.71298593879189,1.3510606,1e-05,0.0,0.0,1.0,0.0,0.0005,exchangeInfo.quotePrecision/baseSizePrecision/quoteAmountPrecision,1,False,0.1869747899159664,0.16932773109243693,0.14705882352941177,17.45798319327731
mexc,SKXUSDT,SKX-USDT,SKX,USDT,True,1,True,0.07162,6158.22913,90416.9,0.07083,151.93,0.07229,286.67,204.02459474566643,10.761201900000001,1e-05,0.0,0.0,1.0,0.0,0.0005,exchangeInfo.quotePrecision/baseSizePrecision/quoteAmountPrecision,1,False,0.0995798319327731,0.04747899159663871,0.5390756302521008,17.445378151260506
mexc,PHLUSDT,PHL-USDT,PHL,USDT,True,1,True,0.01817,12114.59866,670417.68,0.01781,561.48,0.01899,432.2,641.3043478260872,8.207478,1e-05,0.0,0.0,1.0,0.0,0.0005,exchangeInfo.quotePrecision/baseSizePrecision/quoteAmountPrecision,1,False,0.12941176470588237,0.01680672268907568,0.49201680672268905,17.378151260504204
mexc,TRU1USDT,TRU1-USDT,TRU1,USDT,False,1,True,0.008791,54067.115948,6276471.05,0.008779,42.27,0.009232,324.42,503.0259285991897,0.37108833,1e-06,0.0001,0.0001,1.0,0.0,0.0005,exchangeInfo.quotePrecision/baseSizePrecision/quoteAmountPrecision,1,False,0.29747899159663865,0.01806722689075635,0.02773109243697479,17.367647058823533
mexc,CSIGMAUSDT,CSIGMA-USDT,CSIGMA,USDT,True,1,True,0.01011,1.35534,134.06,0.01011,1597.51,0.01019,1705.95,78.817733990148,16.1508261,1e-05,0.0,0.0,1.0,0.0,0.0005,exchangeInfo.quotePrecision/baseSizePrecision/quoteAmountPrecision,1,False,0.007983193277310924,0.17941176470588238,0.6008403361344538,16.94117647058824
mexc,RCUSDT,RC-USDT,RC,USDT,True,1,True,0.00363,2659.60002,734719.9,0.00361,1992.69,0.00363,568.51,55.248618784530535,2.0636913,1e-05,0.0,0.0,1.0,0.0,0.0005,exchangeInfo.quotePrecision/baseSizePrecision/quoteAmountPrecision,1,False,0.07941176470588235,0.31134453781512605,0.2365546218487395,16.88235294117647
mexc,DUCKUSDT,DUCK-USDT,DUCK,USDT,True,1,True,0.000368,24950.676341,71346689.56,0.000358,27932.96,0.000393,11619.51,932.0905459387495,4.56646743,1e-06,0.0,0.0,1.0,0.0,0.0005,exchangeInfo.quotePrecision/baseSizePrecision/quoteAmountPrecision,1,False,0.16932773109243698,0.010084033613445342,0.3630252100840336,16.82563025210084
mexc,SCARCITYUSDT,SCARCITY-USDT,SCARCITY,USDT,True,1,True,0.00719,6882.84358,961949.55,0.00716,196.58,0.0072,763.88,55.71030640668538,1.4075128000000001,1e-05,0.0,0.0,1.0,0.0,0.0005,exchangeInfo.quotePrecision/baseSizePrecision/quoteAmountPrecision,1,False,0.10252100840336134,0.30714285714285716,0.16932773109243698,16.703781512605044
mexc,FLDTUSDT,FLDT-USDT,FLDT,USDT,True,1,True,0.06428,25384.15264,398355.0,0.064,306.75,0.06447,19.9,73.16883319062788,1.2829529999999998,1e-05,0.0,0.0,1.0,0.0,0.0005,exchangeInfo.quotePrecision/baseSizePrecision/quoteAmountPrecision,1,False,0.17100840336134454,0.2016806722689075,0.10420168067226891,16.531512605042014
mexc,OPTUSDT,OPT-USDT,OPT,USDT,True,1,True,0.001305,15136.152011,11594720.49,0.001295,40466.9,0.001311,2508.34,122.79355333845106,3.2884337400000003,1e-06,0.0,0.0,1.0,0.0,0.0005,exchangeInfo.quotePrecision/baseSizePrecision/quoteAmountPrecision,1,False,0.13949579831932774,0.10336134453781509,0.30714285714285716,16.399159663865547
mexc,READYUSDT,READY-USDT,READY,USDT,True,1,True,0.009802,3924.354102,412588.75,0.009671,1068.16,0.009913,2167.52,247.14052287581612,10.330175360000002,1e-06,0.0,0.0,1.0,0.0,0.0005,exchangeInfo.quotePrecision/baseSizePrecision/quoteAmountPrecision,1,False,0.08781512605042016,0.037815126050420145,0.5302521008403361,16.380252100840337
mexc,SOEXUSDT,SOEX-USDT,SOEX,USDT,True,1,True,0.002191,10518.712839,4452093.73,0.002191,1544.51,0.002214,1525.28,104.42678774120327,3.3769699199999996,1e-06,0.0,0.0,1.0,0.0,0.0005,exchangeInfo.quotePrecision/baseSizePrecision/quoteAmountPrecision,1,False,0.12521008403361344,0.1273109243697479,0.3138655462184874,16.346638655462186
mexc,LINKETH,LINK-ETH,LINK,ETH,True,1,True,0.004217,68.997019,16336.33,0.004211,64.72,0.004225,36.12,33.19108582266301,0.15260699999999996,1e-06,0.0,0.0,0.0001,0.0,0.0005,exchangeInfo.quotePrecision/baseSizePrecision/quoteAmountPrecision,1,False,0.026470588235294117,0.5760504201680672,0.023109243697478993,16.319327731092436
mexc,ALVAUSDT,ALVA-USDT,ALVA,USDT,True,1,True,0.00672,52166.48813,8101006.34,0.00668,713.48,0.0068,176.24,178.04154302670543,1.198432,1e-05,0.0,0.0,1.0,0.0,0.0005,exchangeInfo.quotePrecision/baseSizePrecision/quoteAmountPrecision,1,False,0.24579831932773108,0.05798319327731094,0.0634453781512605,16.23739495798319
mexc,BATTERYUSDT,BATTERY-USDT,BATTERY,USDT,True,1,True,0.0001352,19142.6651331,140147972.52,0.000135,7534.57,0.0001358,5903066.96,59.08419497784287,1.01716695,1e-07,0.0,0.0,1.0,0.0,0.0005,exchangeInfo.quotePrecision/baseSizePrecision/quoteAmountPrecision,1,False,0.15210084033613444,0.27647058823529413,0.04243697478991597,16.126050420168067
mexc,GWEIUSDT,GWEI-USDT,GWEI,USDT,True,1,True,0.05321,9628.22486,182991.07,0.05305,28.17,0.05342,410.0,69.50314642622376,1.4944185,1e-05,0.0,0.0,1.0,0.0,0.0005,exchangeInfo.quotePrecision/baseSizePrecision/quoteAmountPrecision,1,False,0.1222689075630252,0.21974789915966386,0.19117647058823528,16.04201680672269
mexc,AGIALPHAUSDT,AGIALPHA-USDT,AGIALPHA,USDT,True,1,True,0.0007803,41.8985476,56883.43,0.0007774,1550.48,0.0007803,1774.72,37.234384027733405,1.205343152,1e-07,0.0,0.0,1.0,0.0,0.0005,exchangeInfo.quotePrecision/baseSizePrecision/quoteAmountPrecision,1,False,0.024369747899159664,0.5222689075630251,0.07689075630252101,15.934873949579831
mexc,NIMUSDT,NIM-USDT,NIM,USDT,True,1,True,0.000432,12343.429287,28937774.85,0.000429,8603.08,0.000435,8601.2,138.8888888888885,3.69072132,1e-06,0.0,0.0,1.0,0.0,0.0005,exchangeInfo.quotePrecision/baseSizePrecision/quoteAmountPrecision,1,False,0.12983193277310925,0.08697478991596641,0.32983193277310924,15.911764705882353
mexc,SERAPHUSDT,SERAPH-USDT,SERAPH,USDT,True,1,True,0.004062,81.294925,19970.89,0.004048,7321.93,0.004062,81.86,34.52527743526327,0.33251531999999995,1e-06,0.0,0.0,1.0,0.0,0.0005,exchangeInfo.quotePrecision/baseSizePrecision/quoteAmountPrecision,1,False,0.02689075630252101,0.5558823529411765,0.026470588235294117,15.905462184873953
mexc,PPCUSDT,PPC-USDT,PPC,USDT,False,1,True,0.2774,13180.9275,47073.32,0.2774,7.63,0.2799,39.0,89.71828458639881,2.1165619999999996,0.0001,0.0,0.0,1.0,0.0,0.0005,exchangeInfo.quotePrecision/baseSizePrecision/quoteAmountPrecision,1,False,0.1323529411764706,0.15000000000000002,0.24285714285714285,15.886554621848742
mexc,XLSUSDT,XLS-USDT,XLS,USDT,False,1,True,0.015133,186.0829,13491.26,0.0125,55438.45,0.015147,1866.66,1914.8551379896553,28.274299020000004,1e-06,0.01,0.01,1.0,0.0,0.0005,exchangeInfo.quotePrecision/baseSizePrecision/quoteAmountPrecision,1,False,0.03613445378151261,0.002941176470588225,0.6907563025210084,15.876050420168067
mexc,VAIUSDT,VAI-USDT,VAI,USDT,True,1,True,0.00524,17429.90825,3462115.56,0.00519,503.24,0.00526,1509.16,133.97129186602822,2.6118156000000003,1e-05,0.0,0.0,1.0,0.0,0.0005,exchangeInfo.quotePrecision/baseSizePrecision/quoteAmountPrecision,1,False,0.14915966386554622,0.09201680672268908,0.2684873949579832,15.873949579831933
mexc,TRXBTC,TRX-BTC,TRX,BTC,True,1,True,4.718e-06,3.163170923,672454.93,4.707e-06,4577.238,4.722e-06,5062.383,31.816735602926833,0.021545059266,1e-09,0.1,0.1,5e-06,0.0,0.0005,exchangeInfo.quotePrecision/baseSizePrecision/quoteAmountPrecision,1,False,0.01134453781512605,0.5932773109243697,0.018067226890756304,15.817226890756302
mexc,KIBSHIUSDT,KIBSHI-USDT,KIBSHI,USDT,True,1,True,3.522e-06,10742.976448292,3068051939.98,3.513e-06,390809.13,3.537e-06,2460205.86,68.08510638297902,1.37291247369,1e-09,0.0,0.0,1.0,0.0,0.0005,exchangeInfo.quotePrecision/baseSizePrecision/quoteAmountPrecision,1,False,0.1264705882352941,0.22689075630252098,0.15588235294117647,15.745798319327731
mexc,WTAUSDT,WTA-USDT,WTA,USDT,False,1,True,8.986e-05,6852.30721022,52823916.68,8.986e-05,14335.76,9.035e-05,15280.54,54.38099994450961,1.2882113936,1e-08,0.0,0.0,1.0,0.0,0.0005,exchangeInfo.quotePrecision/baseSizePrecision/quoteAmountPrecision,1,False,0.10210084033613445,0.3176470588235294,0.10630252100840336,15.682773109243698
mexc,ORTAUSDT,ORTA-USDT,ORTA,USDT,True,1,True,0.075,4682.8201,61464.38,0.075,6185.12,0.0804,111.46,694.9806949806953,8.961383999999999,0.0001,0.0,0.0,1.0,0.0,0.0005,exchangeInfo.quotePrecision/baseSizePrecision/quoteAmountPrecision,1,False,0.09159663865546218,0.015546218487394903,0.5054621848739496,15.535714285714286
mexc,EXSUSDT,EXS-USDT,EXS,USDT,True,1,True,0.002939,14355.329453,4893271.48,0.002923,3553.8,0.002953,704.14,102.11027910142982,2.07932542,1e-06,0.0,0.0,1.0,0.0,0.0005,exchangeInfo.quotePrecision/baseSizePrecision/quoteAmountPrecision,1,False,0.13655462184873948,0.12941176470588234,0.23865546218487396,15.51890756302521
mexc,SOLBTC,SOL-BTC,SOL,BTC,True,1,True,0.00119792,0.34605874,290.06,0.00119529,124.13,0.00119904,3.21,31.324002956986416,0.0038489184,1e-08,1.0,1.0,5e-06,0.0,0.0005,exchangeInfo.quotePrecision/baseSizePrecision/quoteAmountPrecision,1,False,0.005042016806722689,0.5978991596638655,0.013025210084033614,15.485294117647058
mexc,CREPEUSDT,CREPE-USDT,CREPE,USDT,True,1,True,0.0001851,3293.4865643,16112631.91,0.0001849,200000.0,0.0001861,10746.91,64.69002695417801,1.999999951,1e-07,0.0,0.0,1.0,0.0,0.0005,exchangeInfo.quotePrecision/baseSizePrecision/quoteAmountPrecision,1,False,0.08487394957983194,0.24705882352941178,0.23025210084033612,15.449579831932775
mexc,NOMOXUSDT,NOMOX-USDT,NOMOX,USDT,True,1,True,0.003941,8834.707151,2371790.72,0.003917,378.02,0.003941,331.88,61.08424535505145,1.30793908,1e-06,0.0,0.0,1.0,0.0,0.0005,exchangeInfo.quotePrecision/baseSizePrecision/quoteAmountPrecision,1,False,0.1180672268907563,0.2655462184873949,0.11512605042016806,15.434873949579831
mexc,BIT1USDT,BIT1-USDT,BIT1,USDT,True,1,True,3.181e-06,1963.632721377,652848827.04,3.181e-06,228550.31,3.195e-06,416199.3,43.91468005018752,0.72701853611,1e-09,0.0001,0.0001,1.0,0.0,0.0005,exchangeInfo.quotePrecision/baseSizePrecision/quoteAmountPrecision,1,False,0.07436974789915966,0.42605042016806727,0.03361344537815126,15.413865546218489
mexc,LBCUSDT,LBC-USDT,LBC,USDT,False,1,True,0.002204,399.933572,192881.85,0.002193,605.28,0.002203,673.07,45.495905368516944,1.32737904,1e-06,0.001,0.001,1.0,0.0,0.0005,exchangeInfo.quotePrecision/baseSizePrecision/quoteAmountPrecision,1,False,0.04747899159663865,0.4012605042016807,0.13487394957983193,15.340336134453784
mexc,FNCTUSDT,FNCT-USDT,FNCT,USDT,True,1,True,0.0003306,31242.1379868,94137339.68,0.0003293,3036.75,0.0003322,30408.94,87.67951625094531,1.0000017749999999,1e-07,0.0,0.0,1.0,0.0,0.0005,exchangeInfo.quotePrecision/baseSizePrecision/quoteAmountPrecision,1,False,0.19285714285714287,0.15672268907563025,0.03823529411764706,15.289915966386555
mexc,ONTBTC,ONT-BTC,ONT,BTC,True,1,True,1.5792e-06,16.6685512791,10350136.56,1.5764e-06,21.2,1.5817e-06,179.84,33.56448497514312,3.341968e-05,1e-10,0.01,0.01,5e-06,0.0,0.0005,exchangeInfo.quotePrecision/baseSizePrecision/quoteAmountPrecision,1,False,0.018907563025210083,0.5676470588235294,0.0029411764705882353,15.289915966386552
mexc,TPROUSDT,TPRO-USDT,TPRO,USDT,True,1,True,0.000757,17702.124368,23221593.82,0.000754,1988.36,0.000762,538612.93,105.54089709762503,1.49922344,1e-06,0.0,0.0,1.0,0.0,0.0005,exchangeInfo.quotePrecision/baseSizePrecision/quoteAmountPrecision,1,False,0.1495798319327731,0.126890756302521,0.1920168067226891,15.239495798319327
mexc,AFKUSDT,AFK-USDT,AFK,USDT,True,1,True,0.00221,2615.61379,1014958.43,0.00223,4484.3,0.0024,5375.47,734.3412526997821,9.999989000000001,1e-05,0.0,0.0,1.0,0.0,0.0005,exchangeInfo.quotePrecision/baseSizePrecision/quoteAmountPrecision,1,False,0.07899159663865546,0.013865546218487346,0.5210084033613446,15.111344537815127
mexc,MXBTC,MX-BTC,MX,BTC,True,1,True,2.667e-05,11.22369585,420420.16,2.661e-05,1.37,2.67e-05,94.82,33.76477208778745,3.6455700000000004e-05,1e-08,0.0,0.0,5e-06,0.0,0.0005,exchangeInfo.quotePrecision/baseSizePrecision/quoteAmountPrecision,1,False,0.017226890756302522,0.5630252100840336,0.003781512605042017,15.09873949579832
mexc,FORUUSDT,FORU-USDT,FORU,USDT,True,1,True,0.0146,153.02031,10387.06,0.01404,4807.97,0.01463,1357.77,411.58004883153137,19.8641751,1e-05,0.0,0.0,1.0,0.0,0.0005,exchangeInfo.quotePrecision/baseSizePrecision/quoteAmountPrecision,1,False,0.034453781512605045,0.021848739495798353,0.6302521008403361,15.046218487394958
mexc,IDOSUSDT,IDOS-USDT,IDOS,USDT,True,1,True,0.01288,2064.34798,159346.68,0.01288,353.82,0.013,1548.81,92.73570324574851,4.5572016,1e-05,0.0,0.0,1.0,0.0,0.0005,exchangeInfo.quotePrecision/baseSizePrecision/quoteAmountPrecision,1,False,0.07605042016806722,0.14411764705882357,0.3626050420168067,15.037815126050422
mexc,ETCBTC,ETC-BTC,ETC,BTC,True,1,True,0.000121,1.5697678,13071.16,0.0001207,1.35,0.0001211,11.5,33.085194375516636,0.000162945,1e-07,0.0,0.0,5e-06,0.0,0.0005,exchangeInfo.quotePrecision/baseSizePrecision/quoteAmountPrecision,1,False,0.008403361344537815,0.5781512605042016,0.0054621848739495795,15.025210084033613
mexc,PACTUSDT,PACT-USDT,PACT,USDT,True,1,True,3.24e-05,317.7006658,9810996.57,3.23e-05,96749.23,3.25e-05,96153.85,61.7283950617278,3.125000125,1e-07,0.0,0.0,1.0,0.0,0.0005,exchangeInfo.quotePrecision/baseSizePrecision/quoteAmountPrecision,1,False,0.04495798319327731,0.2609243697478991,0.29831932773109243,14.96218487394958
mexc,GRAMUSDT,GRAM-USDT,GRAM,USDT,True,1,True,0.00153,168.07205,110561.47,0.0015,2866.01,0.00151,3610.1,66.44518272425266,4.299015000000001,1e-05,0.0,0.0,1.0,0.0,0.0005,exchangeInfo.quotePrecision/baseSizePrecision/quoteAmountPrecision,1,False,0.03529411764705882,0.23655462184873954,0.3546218487394958,14.947478991596642
mexc,ASTRAUSDT,ASTRA-USDT,ASTRA,USDT,True,1,True,4.87e-05,582.4284245,11202821.24,4.85e-05,27937.4,4.87e-05,11912.8,41.1522633744852,0.58015336,1e-07,0.0,0.0,1.0,0.0,0.0005,exchangeInfo.quotePrecision/baseSizePrecision/quoteAmountPrecision,1,False,0.05042016806722689,0.4609243697478992,0.031092436974789917,14.918067226890757
mexc,DASHBTC,DASH-BTC,DASH,BTC,True,1,True,0.0004472,2.6350105,5843.219,0.0004457,1.77,0.0004472,1.53,33.59838727741029,0.000684216,1e-07,0.01,0.01,5e-06,0.0,0.0005,exchangeInfo.quotePrecision/baseSizePrecision/quoteAmountPrecision,1,False,0.01050420168067227,0.5668067226890756,0.007983193277310924,14.907563025210086
mexc,BAXUSDT,BAX-USDT,BAX,USDT,True,1,True,1.445e-05,242.433927222,16717121.14,1.4486e-05,94778.62,1.4555e-05,102860.19,47.51902482696912,1.37296308932,1e-09,1000.0,1000.0,1.0,0.0,0.0005,exchangeInfo.quotePrecision/baseSizePrecision/quoteAmountPrecision,1,False,0.040756302521008404,0.37857142857142856,0.15630252100840336,14.831932773109244
mexc,TRTUSDT,TRT-USDT,TRT,USDT,True,1,True,0.0866,8459.2441,97892.77,0.0863,15.9,0.0869,15.56,69.2840646651274,1.3521640000000001,0.0001,0.0,0.0,1.0,0.0,0.0005,exchangeInfo.quotePrecision/baseSizePrecision/quoteAmountPrecision,1,False,0.11512605042016806,0.22142857142857142,0.14789915966386555,14.82563025210084
mexc,SELOUSDT,SELO-USDT,SELO,USDT,True,1,True,7.9e-05,13.5035673,168908.27,7.9e-05,2988.01,7.929e-05,17728.07,36.64160717670085,0.23605279,1e-08,0.0,0.0,1.0,0.0,0.0005,exchangeInfo.quotePrecision/baseSizePrecision/quoteAmountPrecision,1,False,0.018067226890756304,0.5310924369747899,0.023949579831932775,14.750000000000002
mexc,XRPCUSDT,XRPC-USDT,XRPC,USDT,False,1,True,0.00021495,952.06165027,5555300.77,0.00021293,6666.1,0.00021409,6595.2,54.33000796215614,1.411966368,1e-08,0.0,0.0,1.0,0.0,0.0005,exchangeInfo.quotePrecision/baseSizePrecision/quoteAmountPrecision,1,False,0.058823529411764705,0.3180672268907563,0.17100840336134454,14.607142857142858
mexc,SOLVEXUSDT,SOLVEX-USDT,SOLVEX,USDT,True,1,True,0.0211,4913.5019,236754.79,0.0207,778.69,0.0212,264.16,238.6634844868737,5.600192000000001,0.0001,0.0,0.0,1.0,0.0,0.0005,exchangeInfo.quotePrecision/baseSizePrecision/quoteAmountPrecision,1,False,0.09369747899159664,0.0394957983193277,0.4184873949579832,14.510504201680675
mexc,OGPUUSDT,OGPU-USDT,OGPU,USDT,True,1,True,0.0721,8562.0231,119120.41,0.0717,1211.74,0.0721,0.17,55.632823365785484,0.012257,0.0001,0.0,0.0,1.0,0.0,0.0005,exchangeInfo.quotePrecision/baseSizePrecision/quoteAmountPrecision,1,False,0.11596638655462185,0.3088235294117647,0.01680672268907563,14.434873949579833
mexc,GWCUSDT,GWC-USDT,GWC,USDT,True,1,True,0.01207,28680.17084,2637395.2,0.01205,99.58,0.01218,92.91,107.3049938093272,1.1316438,1e-05,0.0,0.0,1.0,0.0,0.0005,exchangeInfo.quotePrecision/baseSizePrecision/quoteAmountPrecision,1,False,0.18445378151260505,0.12394957983193278,0.058823529411764705,14.420168067226891
mexc,NODLUSDT,NODL-USDT,NODL,USDT,True,1,True,0.0006096,24151.6716952,42531838.66,0.0006012,15915.0,0.00061,2256.31,145.31043593130775,1.3763490999999999,1e-07,0.01,0.01,1.0,0.0,0.0005,exchangeInfo.quotePrecision/baseSizePrecision/quoteAmountPrecision,1,False,0.16680672268907562,0.08193277310924374,0.15756302521008403,14.373949579831935
mexc,DRGUSDT,DRG-USDT,DRG,USDT,True,1,True,0.01522,773.86554,51932.17,0.01488,609.31,0.01522,1198.36,225.91362126245733,9.0665328,1e-05,0.0,0.0,1.0,0.0,0.0005,exchangeInfo.quotePrecision/baseSizePrecision/quoteAmountPrecision,1,False,0.05504201680672269,0.044117647058823484,0.5071428571428571,14.27310924369748
mexc,NEOBTC,NEO-BTC,NEO,BTC,True,1,True,4.219e-05,1.82038716,43246.142,4.21e-05,22.368,4.225e-05,51.25,35.56609365737923,0.0009416927999999999,1e-08,0.1,0.1,5e-06,0.0,0.0005,exchangeInfo.quotePrecision/baseSizePrecision/quoteAmountPrecision,1,False,0.008823529411764706,0.5428571428571429,0.010084033613445379,14.258403361344541
mexc,HELIUSDT,HELI-USDT,HELI,USDT,False,1,True,4.479e-06,122.733471829,23709657.43,4.459e-06,301423.98,4.48e-06,5292936.66,46.985121378230915,1.34404952682,1e-09,0.0,0.0,1.0,0.0,0.0005,exchangeInfo.quotePrecision/baseSizePrecision/quoteAmountPrecision,1,False,0.031092436974789917,0.3857142857142857,0.14327731092436974,14.218487394957982
mexc,DLBUSDT,DLB-USDT,DLB,USDT,True,1,True,9.312e-05,8646.00638949,91811418.67,9.251e-05,14559.6,9.32e-05,238103.09,74.3094071401657,1.346908596,1e-08,0.0,0.0,1.0,0.0,0.0005,exchangeInfo.quotePrecision/baseSizePrecision/quoteAmountPrecision,1,False,0.11638655462184874,0.19663865546218484,0.14495798319327732,14.216386554621849
mexc,NEXMUSDT,NEXM-USDT,NEXM,USDT,True,1,True,0.007024,2725.028635,386735.28,0.007023,188.9,0.007064,199.47,58.20969688365194,1.3266447,1e-06,0.0,0.0,1.0,0.0,0.0005,exchangeInfo.quotePrecision/baseSizePrecision/quoteAmountPrecision,1,False,0.07983193277310924,0.28445378151260503,0.13445378151260504,14.191176470588236
mexc,CARRUSDT,CARR-USDT,CARR,USDT,True,1,True,0.00051,2009.7781834,3954794.04,0.0005077,2890.24,0.0005107,2668.15,58.915946582874405,1.3626242050000001,1e-07,0.0,0.0,1.0,0.0,0.0005,exchangeInfo.quotePrecision/baseSizePrecision/quoteAmountPrecision,1,False,0.07521008403361344,0.2785714285714286,0.15168067226890755,14.134453781512606
mexc,LUNAMUSDT,LUNAM-USDT,LUNAM,USDT,True,1,True,0.0002108,9581.3015944,45623501.5,0.0002095,10768.11,0.0002122,10126.08,128.0531183305673,2.148754176,1e-07,0.0,0.0,1.0,0.0,0.0005,exchangeInfo.quotePrecision/baseSizePrecision/quoteAmountPrecision,1,False,0.12142857142857143,0.09831932773109242,0.2449579831932773,14.035714285714285
mexc,EONUSDT,EON-USDT,EON,USDT,False,1,True,0.007456,348.489665,47248.76,0.007434,193.1,0.007474,187.58,53.66246310705675,1.40197292,1e-06,0.0,0.0,1.0,0.0,0.0005,exchangeInfo.quotePrecision/baseSizePrecision/quoteAmountPrecision,1,False,0.04579831932773109,0.3218487394957983,0.1676470588235294,13.918067226890757
mexc,APADUSDT,APAD-USDT,APAD,USDT,True,1,True,2e-05,1140.370818,51740877.99,1.9e-05,512423.62,2.1e-05,935869.57,999.999999999999,9.73604878,1e-06,0.0,0.0,1.0,0.0,0.0005,exchangeInfo.quotePrecision/baseSizePrecision/quoteAmountPrecision,1,False,0.06134453781512605,0.007983193277310896,0.5155462184873949,13.884453781512605
mexc,PEPUSDT,PEP-USDT,PEP,USDT,True,1,True,0.000151,6090.0593301,39442679.84,0.0001517,12137.58,0.000153,174330.83,85.3298326222517,1.841270886,1e-07,0.0,0.0,1.0,0.0,0.0005,exchangeInfo.quotePrecision/baseSizePrecision/quoteAmountPrecision,1,False,0.09873949579831932,0.16008403361344536,0.22058823529411764,13.844537815126051
mexc,XLMBTC,XLM-BTC,XLM,BTC,True,1,True,2.437e-06,0.923236491,375877.912,2.433e-06,1145.597,2.442e-06,3530.921,36.92307692307796,0.002787237501,1e-09,0.1,0.1,5e-06,0.0,0.0005,exchangeInfo.quotePrecision/baseSizePrecision/quoteAmountPrecision,1,False,0.0063025210084033615,0.5256302521008404,0.011764705882352941,13.722689075630251
mexc,BADGERBTC,BADGER-BTC,BADGER,BTC,True,1,True,5.26e-06,0.125305238,23761.3,5.25e-06,11.97,5.269e-06,4.87,36.12510694933008,2.566003e-05,1e-09,0.001,0.001,5e-06,0.0,0.0005,exchangeInfo.quotePrecision/baseSizePrecision/quoteAmountPrecision,1,False,0.003781512605042017,0.5378151260504201,0.0025210084033613447,13.703781512605042
mexc,MNTCUSDT,MNTC-USDT,MNTC,USDT,True,1,True,0.129,177.0409,1390.24,0.129,9.81,0.1296,10.17,46.40371229698294,1.26549,0.0001,0.0,0.0,1.0,0.0,0.0005,exchangeInfo.quotePrecision/baseSizePrecision/quoteAmountPrecision,1,False,0.03571428571428571,0.39117647058823535,0.09705882352941177,13.684873949579835
mexc,RSRETH,RSR-ETH,RSR,ETH,True,1,True,7.039e-07,9.4009028715,13140360.94,7.011e-07,2482.69,7.038e-07,61759.94,38.43689942344638,0.001740613959,1e-10,5.0,5.0,0.0001,0.0,0.0005,exchangeInfo.quotePrecision/baseSizePrecision/quoteAmountPrecision,1,False,0.015126050420168067,0.5046218487394958,0.010924369747899159,13.665966386554624
mexc,KRLUSDT,KRL-USDT,KRL,USDT,True,1,True,0.1452,229.1254,1578.07,0.1438,37.83,0.1452,1629.67,96.88581314878785,5.439954,0.0001,0.0,0.0,1.0,0.0,0.0005,exchangeInfo.quotePrecision/baseSizePrecision/quoteAmountPrecision,1,False,0.03865546218487395,0.13613445378151257,0.40630252100840336,13.65546218487395
mexc,RXSUSDT,RXS-USDT,RXS,USDT,True,1,True,0.000996,27155.977911,22545002.58,0.000991,1204.24,0.001003,1119.96,120.36108324974998,1.12331988,1e-06,0.0,0.0,1.0,0.0,0.0005,exchangeInfo.quotePrecision/baseSizePrecision/quoteAmountPrecision,1,False,0.17857142857142858,0.10630252100840332,0.05798319327731093,13.638655462184873
mexc,NMRETH,NMR-ETH,NMR,ETH,True,1,True,0.003491,48.921545,13663.47,0.003488,112.27,0.003502,0.24,40.05722460657994,0.0008404799999999999,1e-06,0.01,0.01,0.0001,0.0,0.0005,exchangeInfo.quotePrecision/baseSizePrecision/quoteAmountPrecision,1,False,0.025210084033613446,0.48235294117647054,0.008823529411764706,13.621848739495798
mexc,LOOPUSDT,LOOP-USDT,LOOP,USDT,True,1,True,0.005597,1265.888727,233910.21,0.005561,266.61,0.005597,25451.31,64.52769313497122,1.48261821,1e-06,0.001,0.001,1.0,0.0,0.0005,exchangeInfo.quotePrecision/baseSizePrecision/quoteAmountPrecision,1,False,0.06512605042016807,0.24789915966386555,0.18907563025210083,13.560924369747902
mexc,PALMAIUSDT,PALMAI-USDT,PALMAI,USDT,True,1,True,0.0342,1140.6189,38309.86,0.0296,287.12,0.034,2941.17,1383.6477987421385,8.498752,0.0001,0.0,0.0,1.0,0.0,0.0005,exchangeInfo.quotePrecision/baseSizePrecision/quoteAmountPrecision,1,False,0.061764705882352944,0.004201680672268893,0.4966386554621849,13.434873949579831
mexc,SYNAUSDT,SYNA-USDT,SYNA,USDT,True,1,True,1.7e-05,618.13188,35044733.09,1.4e-05,4235106.31,1.6e-05,621804.22,1333.333333333333,9.948867519999999,1e-06,0.0,0.0,1.0,0.0,0.0005,exchangeInfo.quotePrecision/baseSizePrecision/quoteAmountPrecision,1,False,0.05168067226890756,0.004621848739495782,0.5184873949579832,13.327731092436975
mexc,TADAUSDT,TADA-USDT,TADA,USDT,True,1,True,0.000465,18971.61733,39845453.63,0.000464,2370.5,0.000468,130711.52,85.83690987124439,1.099912,1e-06,0.0,0.0,1.0,0.0,0.0005,exchangeInfo.quotePrecision/baseSizePrecision/quoteAmountPrecision,1,False,0.15126050420168066,0.15966386554621848,0.05042016806722689,13.319327731092438
mexc,HANDLUSDT,HANDL-USDT,HANDL,USDT,True,1,True,0.001062,4303.921057,4538379.72,0.001055,971.54,0.001061,95552.99,56.71077504726036,1.0249747,1e-06,0.0,0.0,1.0,0.0,0.0005,exchangeInfo.quotePrecision/baseSizePrecision/quoteAmountPrecision,1,False,0.08949579831932773,0.2978991596638656,0.04495798319327731,13.268907563025213
mexc,VESUSDT,VES-USDT,VES,USDT,True,1,True,0.000697,2305.68589,3296975.55,0.000693,15483.4,0.000698,2093.92,71.89072609633375,1.4615561600000002,1e-06,0.0,0.0,1.0,0.0,0.0005,exchangeInfo.quotePrecision/baseSizePrecision/quoteAmountPrecision,1,False,0.0773109243697479,0.20798319327731096,0.1865546218487395,13.182773109243698
mexc,SOHUSDT,SOH-USDT,SOH,USDT,True,1,True,0.007154,1636.211948,229981.65,0.007129,198.0,0.007177,194.13,67.10471130994031,1.39327101,1e-06,0.0,0.0,1.0,0.0,0.0005,exchangeInfo.quotePrecision/baseSizePrecision/quoteAmountPrecision,1,False,0.07058823529411765,0.23277310924369743,0.16302521008403362,12.962184873949578
mexc,PECHUSDT,PECH-USDT,PECH,USDT,True,1,True,2.976e-09,278.026175916043,104986832322.0,2.976e-09,441681933.0,2.992e-09,439054101.0,53.61930294906147,1.313649870192,1e-12,0.0,0.0,1.0,0.0,0.0005,exchangeInfo.quotePrecision/baseSizePrecision/quoteAmountPrecision,1,False,0.043697478991596636,0.3222689075630252,0.12478991596638656,12.955882352941178
mexc,B3TRUSDT,B3TR-USDT,B3TR,USDT,True,1,True,0.01016,23597.81047,2394714.76,0.01005,5641.6,0.01016,88.13,108.85700148441438,0.8954008,1e-05,0.0,0.0,1.0,0.0,0.0005,exchangeInfo.quotePrecision/baseSizePrecision/quoteAmountPrecision,1,False,0.16554621848739495,0.12142857142857144,0.03571428571428571,12.855042016806722
mexc,DEXEBTC,DEXE-BTC,DEXE,BTC,True,1,True,0.00012025,1.12368894,9246.81,0.0001199,1.79,0.00012037,2.48,39.12265368127528,0.00021462100000000002,1e-08,0.1,0.1,5e-06,0.0,0.0005,exchangeInfo.quotePrecision/baseSizePrecision/quoteAmountPrecision,1,False,0.0067226890756302525,0.49411764705882355,0.0063025210084033615,12.84873949579832
mexc,EVRYUSDT,EVRY-USDT,EVRY,USDT,True,1,True,0.0004288,435.5666197,1029311.74,0.0004133,3080.03,0.0004155,3187.84,53.08880308880307,1.272976399,1e-07,0.0001,0.0001,1.0,0.0,0.0005,exchangeInfo.quotePrecision/baseSizePrecision/quoteAmountPrecision,1,False,0.04789915966386555,0.3256302521008403,0.1004201680672269,12.783613445378151
mexc,DIONEUSDT,DIONE-USDT,DIONE,USDT,True,1,True,0.000101,13960.659927,140083651.95,0.000101,12595.79,0.000102,1335260.72,98.52216748768446,1.2721747900000002,1e-06,0.01,0.01,1.0,0.0,0.0005,exchangeInfo.quotePrecision/baseSizePrecision/quoteAmountPrecision,1,False,0.13529411764705881,0.13361344537815123,0.1,12.781512605042018
mexc,REMUSDT,REM-USDT,REM,USDT,True,1,True,0.001396,8672.427906,6195315.98,0.001394,952.52,0.001407,2289.7,92.82399143163148,1.32781288,1e-06,0.0,0.0,1.0,0.0,0.0005,exchangeInfo.quotePrecision/baseSizePrecision/quoteAmountPrecision,1,False,0.11680672268907563,0.1432773109243698,0.13529411764705881,12.71218487394958
mexc,SDRUSDT,SDR-USDT,SDR,USDT,False,1,True,2.551e-06,646.772188057,272913991.57,2.551e-06,520752.01,2.566e-06,569965.16,58.62810240375329,1.32843837751,1e-09,0.0,0.0,1.0,0.0,0.0005,exchangeInfo.quotePrecision/baseSizePrecision/quoteAmountPrecision,1,False,0.053361344537815124,0.28025210084033614,0.1357142857142857,12.65546218487395
mexc,XPMUSDT,XPM-USDT,XPM,USDT,True,1,True,0.00665,21194.31846,3181350.71,0.00661,209.04,0.00671,189.16,150.15015015014924,1.2692636,1e-05,0.0,0.0,1.0,0.0,0.0005,exchangeInfo.quotePrecision/baseSizePrecision/quoteAmountPrecision,1,False,0.15924369747899159,0.07563025210084029,0.09873949579831932,12.623949579831933
mexc,ABEYUSDT,ABEY-USDT,ABEY,USDT,True,1,True,0.01387,10671.80716,782624.98,0.01384,94.88,0.01394,17.13,71.99424046076271,0.23879219999999998,1e-05,0.0,0.0,1.0,0.0,0.0005,exchangeInfo.quotePrecision/baseSizePrecision/quoteAmountPrecision,1,False,0.12605042016806722,0.20756302521008407,0.024369747899159664,12.609243697478991
mexc,SERVUSDT,SERV-USDT,SERV,USDT,True,1,True,0.01096,1058.28463,102672.95,0.01063,17893.41,0.01096,549.46,305.69708198239806,6.0220816,1e-05,0.0,0.0,1.0,0.0,0.0005,exchangeInfo.quotePrecision/baseSizePrecision/quoteAmountPrecision,1,False,0.06008403361344538,0.02815126050420169,0.42983193277310927,12.605042016806722
mexc,IPETH,IP-ETH,IP,ETH,True,1,True,0.0002432,5.3661778,22153.48,0.0002427,49.0,0.0002437,265.7,41.11842105263146,0.0118923,1e-07,0.0,0.0,0.0001,0.0,0.0005,exchangeInfo.quotePrecision/baseSizePrecision/quoteAmountPrecision,1,False,0.013445378151260505,0.46176470588235297,0.015966386554621848,12.602941176470589
mexc,ACQUSDT,ACQ-USDT,ACQ,USDT,True,1,True,0.000671,1315.532812,1889982.8,0.000659,1953.23,0.000663,2111.61,60.51437216338864,1.28717857,1e-06,0.0,0.0,1.0,0.0,0.0005,exchangeInfo.quotePrecision/baseSizePrecision/quoteAmountPrecision,1,False,0.06638655462184874,0.26764705882352946,0.10588235294117647,12.460084033613446
mexc,TTMUSDT,TTM-USDT,TTM,USDT,True,1,True,0.00262,3.99998,1526.71,0.002609,1876.03,0.00262,149.25,42.07305412124584,0.39103499999999997,1e-06,0.0,0.0,1.0,0.0,0.0005,exchangeInfo.quotePrecision/baseSizePrecision/quoteAmountPrecision,1,False,0.012184873949579832,0.4487394957983193,0.02857142857142857,12.460084033613445
mexc,ARETH,AR-ETH,AR,ETH,True,1,True,0.0008205,21.5719633,26033.88,0.0008189,162.83,0.0008224,9.91,42.6491196003172,0.008149984,1e-07,0.1,0.1,0.0001,0.0,0.0005,exchangeInfo.quotePrecision/baseSizePrecision/quoteAmountPrecision,1,False,0.019747899159663865,0.44159663865546217,0.015546218487394958,12.436974789915965
mexc,AREAUSDT,AREA-USDT,AREA,USDT,True,1,True,0.01452,679.20523,50358.18,0.01345,520.44,0.01452,1469.94,765.1054701465854,6.999918000000001,1e-05,0.0,0.0,1.0,0.0,0.0005,exchangeInfo.quotePrecision/baseSizePrecision/quoteAmountPrecision,1,False,0.05378151260504202,0.013025210084033567,0.457563025210084,12.434873949579831
mexc,IPBTC,IP-BTC,IP,BTC,True,1,True,7.456e-06,0.288820798,38759.57,7.447e-06,40.84,7.477e-06,221.42,40.20369874028373,0.00030413548,1e-09,0.0,0.0,5e-06,0.0,0.0005,exchangeInfo.quotePrecision/baseSizePrecision/quoteAmountPrecision,1,False,0.004621848739495798,0.4802521008403361,0.007142857142857143,12.403361344537814
mexc,XSWAPUSDT,XSWAP-USDT,XSWAP,USDT,True,1,True,0.00647,7204.50821,1093924.8,0.00648,212.15,0.00653,192.96,76.86395080707234,1.2600288000000002,1e-05,0.0,0.0,1.0,0.0,0.0005,exchangeInfo.quotePrecision/baseSizePrecision/quoteAmountPrecision,1,False,0.10546218487394958,0.18739495798319328,0.0949579831932773,12.384453781512605
mexc,ASIUSDT,ASI-USDT,ASI,USDT,True,1,True,0.001155,112.795597,95945.82,0.001149,1211.55,0.001155,1134.6,52.08333333333272,1.310463,1e-06,0.0,0.0,1.0,0.0,0.0005,exchangeInfo.quotePrecision/baseSizePrecision/quoteAmountPrecision,1,False,0.030252100840336135,0.3344537815126051,0.11722689075630252,12.369747899159664
mexc,HNSUSDT,HNS-USDT,HNS,USDT,False,1,True,0.005096,387.262757,76150.17,0.005024,1448.58,0.005169,1282.77,284.50897674874943,6.6306381299999995,1e-06,0.0001,0.0001,1.0,0.0,0.0005,exchangeInfo.quotePrecision/baseSizePrecision/quoteAmountPrecision,1,False,0.046638655462184875,0.032352941176470584,0.44915966386554623,12.357142857142858
mexc,SOMNUSUSDT,SOMNUS-USDT,SOMNUS,USDT,True,1,True,7e-06,751.3621961,101225964.45,6.2e-06,1129032.25,7e-06,8203312.62,1212.1212121212122,6.99999995,1e-07,0.0,0.0,1.0,0.0,0.0005,exchangeInfo.quotePrecision/baseSizePrecision/quoteAmountPrecision,1,False,0.0546218487394958,0.006302521008403339,0.4588235294117647,12.338235294117647
mexc,OTKUSDT,OTK-USDT,OTK,USDT,True,1,True,0.0004814,30422.3065334,63854670.77,0.0004725,2328.04,0.0004849,4576.03,259.0348861499902,1.0999989,1e-07,0.0,0.0,1.0,0.0,0.0005,exchangeInfo.quotePrecision/baseSizePrecision/quoteAmountPrecision,1,False,0.18865546218487395,0.03445378151260503,0.052100840336134456,12.279411764705884
mexc,KRUUSDT,KRU-USDT,KRU,USDT,False,1,True,0.000281,3820.580918,10417524.07,0.000281,19130.93,0.00035,13700.0,2187.0047543581613,4.795,1e-06,0.0,0.0,1.0,0.0,0.0005,exchangeInfo.quotePrecision/baseSizePrecision/quoteAmountPrecision,1,False,0.08697478991596638,0.0025210084033613356,0.3668067226890756,12.182773109243698
mexc,QTUMBTC,QTUM-BTC,QTUM,BTC,True,1,True,1.444e-05,2.53436521,177146.898,1.439e-05,142.8,1.445e-05,1.289,41.60887656033364,1.862605e-05,1e-08,0.01,0.01,5e-06,0.0,0.0005,exchangeInfo.quotePrecision/baseSizePrecision/quoteAmountPrecision,1,False,0.010084033613445379,0.4554621848739496,0.0021008403361344537,11.983193277310926
mexc,BOSUSDT,BOS-USDT,BOS,USDT,True,1,True,0.000522,1618.615732,3034484.88,0.000523,32894.93,0.000535,7889.3,226.8431001890353,4.2207755,1e-06,0.0,0.0,1.0,0.0,0.0005,exchangeInfo.quotePrecision/baseSizePrecision/quoteAmountPrecision,1,False,0.07016806722689076,0.043277310924369705,0.3521008403361345,11.983193277310924
mexc,DRAGON404USDT,DRAGON404-USDT,DRAGON404,USDT,True,1,True,4.54e-07,270.259704264,558806369.42,4.54e-07,3146837.38,4.57e-07,3133565.8,65.86169045005401,1.42866417052,1e-09,0.0,0.0,1.0,0.0,0.0005,exchangeInfo.quotePrecision/baseSizePrecision/quoteAmountPrecision,1,False,0.04243697478991597,0.24117647058823533,0.17563025210084032,11.876050420168069
mexc,ABTC,A-BTC,A,BTC,True,1,True,1.192e-06,1.889794644,1581538.0,1.189e-06,861.0,1.194e-06,6.0,41.96391103650821,7.1639999999999995e-06,1e-09,0.0,0.0,5e-06,0.0,0.0005,exchangeInfo.quotePrecision/baseSizePrecision/quoteAmountPrecision,1,False,0.009663865546218488,0.4516806722689075,0.0012605042016806723,11.848739495798318
mexc,CSIXUSDT,CSIX-USDT,CSIX,USDT,True,1,True,0.0003519,3757.9854868,8929599.33,0.0003495,3837.08,0.000352,3538.27,71.27583749109071,1.24547104,1e-07,0.0,0.0,1.0,0.0,0.0005,exchangeInfo.quotePrecision/baseSizePrecision/quoteAmountPrecision,1,False,0.0865546218487395,0.2105042016806723,0.08781512605042016,11.779411764705882
mexc,LITASUSDT,LITAS-USDT,LITAS,USDT,True,1,True,0.0562,24667.5904,434786.59,0.0557,19.75,0.0567,292.92,177.93594306049837,1.100075,0.0001,0.0,0.0,1.0,0.0,0.0005,exchangeInfo.quotePrecision/baseSizePrecision/quoteAmountPrecision,1,False,0.1676470588235294,0.05840336134453783,0.0546218487394958,11.77310924369748
mexc,WEETHUSDT,WEETH-USDT,WEETH,USDT,True,1,True,2244.34,2.68,0.0012,2230.91,0.0026,2242.68,0.0006,52.61993164326629,1.3456079999999997,0.01,0.0,0.0,1.0,0.0,0.0005,exchangeInfo.quotePrecision/baseSizePrecision/quoteAmountPrecision,1,False,0.010924369747899159,0.3302521008403362,0.14411764705882352,11.739495798319329
mexc,TRNUSDT,TRN-USDT,TRN,USDT,True,1,True,0.00204,14534.7732,6558368.82,0.00204,490.45,0.00206,488.05,97.56097560975634,1.000518,1e-05,0.0,0.0,1.0,0.0,0.0005,exchangeInfo.quotePrecision/baseSizePrecision/quoteAmountPrecision,1,False,0.1373949579831933,0.1352941176470588,0.03907563025210084,11.72058823529412
mexc,AI3USDT,AI3-USDT,AI3,USDT,True,1,True,0.00641,535.11386,84349.73,0.00615,1138.21,0.00665,914.64,781.2499999999994,6.082356,1e-05,0.0,0.0,1.0,0.0,0.0005,exchangeInfo.quotePrecision/baseSizePrecision/quoteAmountPrecision,1,False,0.04957983193277311,0.012605042016806678,0.43151260504201683,11.672268907563025
mexc,FACTUSDT,FACT-USDT,FACT,USDT,True,1,True,0.3805,236.7768,624.47,0.3784,3.49,0.3805,3.27,55.343259981552,1.244235,0.0001,0.0,0.0,1.0,0.0,0.0005,exchangeInfo.quotePrecision/baseSizePrecision/quoteAmountPrecision,1,False,0.03907563025210084,0.31092436974789917,0.08739495798319327,11.670168067226891
mexc,DUELUSDT,DUEL-USDT,DUEL,USDT,True,1,True,5.037e-05,568.90313967,12067766.8,4.684e-05,125249.09,5.036e-05,1999895.29,724.2798353909465,5.8666673756,1e-08,0.01,0.01,1.0,0.0,0.0005,exchangeInfo.quotePrecision/baseSizePrecision/quoteAmountPrecision,1,False,0.05,0.014705882352941124,0.4264705882352941,11.64705882352941
mexc,RAXUSDT,RAX-USDT,RAX,USDT,True,1,True,0.0003303,867.9595459,2093147.71,0.0003303,16465.6,0.00035,20000.0,579.1562545935615,5.4385876799999995,1e-07,0.0,0.0,1.0,0.0,0.0005,exchangeInfo.quotePrecision/baseSizePrecision/quoteAmountPrecision,1,False,0.05630252100840336,0.01722689075630257,0.4050420168067227,11.628151260504204
mexc,NDCUSDT,NDC-USDT,NDC,USDT,True,1,True,0.001003,239.583711,229666.28,0.000997,1327.61,0.001003,1362.99,59.99999999999929,1.32362717,1e-06,0.0,0.0,1.0,0.0,0.0005,exchangeInfo.quotePrecision/baseSizePrecision/quoteAmountPrecision,1,False,0.03991596638655462,0.2701680672268908,0.13319327731092437,11.613445378151262
mexc,AIWUSDT,AIW-USDT,AIW,USDT,True,1,True,0.0007021,2048.0844646,2764912.16,0.0006973,1802.17,0.0007021,1937.37,68.600828926683,1.256653141,1e-07,0.0,0.0,1.0,0.0,0.0005,exchangeInfo.quotePrecision/baseSizePrecision/quoteAmountPrecision,1,False,0.07563025210084033,0.22436974789915964,0.09201680672268908,11.609243697478991
mexc,DOTBTC,DOT-BTC,DOT,BTC,True,1,True,1.847e-05,1.82733186,97873.6461,1.843e-05,1409.6172,1.851e-05,403.21,43.31348132106076,0.0074634171,1e-08,0.0001,0.0001,5e-06,0.0,0.0005,exchangeInfo.quotePrecision/baseSizePrecision/quoteAmountPrecision,1,False,0.009243697478991597,0.43151260504201683,0.015126050420168067,11.59873949579832
mexc,RENTAUSDT,RENTA-USDT,RENTA,USDT,True,1,True,0.000671,7765.705159,11788998.35,0.000668,1861.97,0.000674,1910.61,89.41877794336868,1.24379596,1e-06,0.0,0.0,1.0,0.0,0.0005,exchangeInfo.quotePrecision/baseSizePrecision/quoteAmountPrecision,1,False,0.11008403361344538,0.15168067226890758,0.08697478991596638,11.586134453781515
mexc,ANKRBTC,ANKR-BTC,ANKR,BTC,True,1,True,7.526e-08,1.1872409409,15914959.209,7.514e-08,463.9268,7.546e-08,3738.1365,42.49667994687989,3.4859459752e-05,1e-11,0.01,0.01,5e-06,0.0,0.0005,exchangeInfo.quotePrecision/baseSizePrecision/quoteAmountPrecision,1,False,0.007142857142857143,0.44285714285714284,0.0033613445378151263,11.531512605042018
mexc,METALUSDT,METAL-USDT,METAL,USDT,True,1,True,0.12165,3056.12625,24713.85,0.1216,11.88,0.12285,16.61,102.2704029453877,1.4446080000000001,1e-05,0.1,0.1,1.0,0.0,0.0005,exchangeInfo.quotePrecision/baseSizePrecision/quoteAmountPrecision,1,False,0.08361344537815125,0.12899159663865545,0.18361344537815127,11.495798319327731
mexc,NUTXUSDT,NUTX-USDT,NUTX,USDT,True,1,True,2.4747e-08,24.973725454939,1003569761.0,2.4747e-08,191942457.0,2.5027e-08,3742334859.0,112.50853859444683,4.749999983379,1e-12,0.0,0.0,1.0,0.0,0.0005,exchangeInfo.quotePrecision/baseSizePrecision/quoteAmountPrecision,1,False,0.020588235294117647,0.11680672268907566,0.3663865546218487,11.380252100840336
mexc,EURRUSDT,EURR-USDT,EURR,USDT,True,1,True,1.148,0.0,0.0,1.094,9.67,1.148,1606.69,481.7127564674382,10.578980000000001,0.001,0.0,0.0,1.0,0.0,0.0005,exchangeInfo.quotePrecision/baseSizePrecision/quoteAmountPrecision,1,False,0.0016806722689075631,0.018907563025210128,0.5357142857142857,11.279411764705884
mexc,TEMUSDT,TEM-USDT,TEM,USDT,True,1,True,0.000586,239.417705,381601.66,0.000586,625.69,0.000589,2245.98,51.06382978723343,0.3666543400000001,1e-06,0.0,0.0,1.0,0.0,0.0005,exchangeInfo.quotePrecision/baseSizePrecision/quoteAmountPrecision,1,False,0.03949579831932773,0.3411764705882353,0.0273109243697479,11.247899159663866
mexc,CRUUSDT,CRU-USDT,CRU,USDT,False,1,True,0.013,27.30932,2086.95,0.01295,109.64,0.01303,6060.64,61.58583525789085,1.419838,1e-05,0.0,0.0,1.0,0.0,0.0005,exchangeInfo.quotePrecision/baseSizePrecision/quoteAmountPrecision,1,False,0.02142857142857143,0.26302521008403357,0.1722689075630252,11.199579831932773
mexc,KATAUSDT,KATA-USDT,KATA,USDT,True,1,True,3.833e-05,528.34987157,13676979.9,3.9e-05,308490.0,3.946e-05,72333.21,117.25720112159036,2.8542684666,1e-08,0.0001,0.0001,1.0,0.0,0.0005,exchangeInfo.quotePrecision/baseSizePrecision/quoteAmountPrecision,1,False,0.04915966386554622,0.11176470588235299,0.2823529411764706,11.14495798319328
mexc,TENUSDT,TEN-USDT,TEN,USDT,True,1,True,0.0006574,131.5949318,199951.06,0.0006536,1976.59,0.0006574,47943.5,57.97101449275503,1.2918992239999998,1e-07,0.0,0.0,1.0,0.0,0.0005,exchangeInfo.quotePrecision/baseSizePrecision/quoteAmountPrecision,1,False,0.031932773109243695,0.28823529411764703,0.10756302521008404,11.11344537815126
mexc,OMGBTC,OMG-BTC,OMG,BTC,True,1,True,8.029e-07,0.1298773825,161017.2,8.019e-07,1446.57,8.054e-07,46.32,43.551297206496,3.7306128e-05,1e-10,1e-06,1e-06,5e-06,0.0,0.0005,exchangeInfo.quotePrecision/baseSizePrecision/quoteAmountPrecision,1,False,0.004201680672268907,0.43067226890756305,0.004201680672268907,11.081932773109244
mexc,LAIKAL2USDT,LAIKAL2-USDT,LAIKAL2,USDT,True,1,True,0.0302,146.51993,4882.29,0.03017,40.67,0.03034,44.55,56.189059659560414,1.2270139,1e-05,0.0,0.0,1.0,0.0,0.0005,exchangeInfo.quotePrecision/baseSizePrecision/quoteAmountPrecision,1,False,0.03319327731092437,0.3016806722689076,0.08403361344537816,11.048319327731093
mexc,SIDUSUSDT,SIDUS-USDT,SIDUS,USDT,True,1,True,7.409e-05,16.57136268,223285.52,7.3e-05,95890.41,7.504e-05,199907.74,275.60118886787365,6.99999993,1e-08,0.0,0.0,1.0,0.0,0.0005,exchangeInfo.quotePrecision/baseSizePrecision/quoteAmountPrecision,1,False,0.018487394957983194,0.03361344537815125,0.4584033613445378,11.025210084033613
mexc,LKYUSDT,LKY-USDT,LKY,USDT,True,1,True,0.09523,2604.78039,27546.02,0.09467,13.2,0.09538,13.82,74.71717968955562,1.249644,1e-05,0.0,0.0,1.0,0.0,0.0005,exchangeInfo.quotePrecision/baseSizePrecision/quoteAmountPrecision,1,False,0.07857142857142857,0.19495798319327728,0.08865546218487395,10.968487394957984
mexc,CTAUSDT,CTA-USDT,CTA,USDT,True,1,True,0.01237,1208.25629,91281.5,0.01229,1217.53,0.01238,105.25,72.96311309282514,1.3029950000000001,1e-05,0.0,0.0,1.0,0.0,0.0005,exchangeInfo.quotePrecision/baseSizePrecision/quoteAmountPrecision,1,False,0.06302521008403361,0.20294117647058818,0.11302521008403361,10.800420168067227
mexc,JSKUSDT,JSK-USDT,JSK,USDT,True,1,True,0.000564,18132.098779,17248291.62,0.000559,2284.32,0.0006,70159.29,707.5064710957708,1.2769348800000002,1e-06,0.0,0.0,1.0,0.0,0.0005,exchangeInfo.quotePrecision/baseSizePrecision/quoteAmountPrecision,1,False,0.15042016806722688,0.015126050420168013,0.10252100840336134,10.701680672268907
mexc,PPTAIUSDT,PPTAI-USDT,PPTAI,USDT,True,1,True,9.01e-06,89.7995525,9627584.34,9.04e-06,716626.37,9.98e-06,1095205.82,988.4332281808618,6.4783023848,1e-08,0.0,0.0,1.0,0.0,0.0005,exchangeInfo.quotePrecision/baseSizePrecision/quoteAmountPrecision,1,False,0.02773109243697479,0.008403361344537785,0.44537815126050423,10.642857142857144
mexc,AIVUSDT,AIV-USDT,AIV,USDT,True,1,True,1.79e-06,884.43392193,489776554.04,1.52e-06,3189421.93,2.06e-06,11711830.4,3016.759776536313,4.8479213336,1e-08,0.0,0.0,1.0,0.0,0.0005,exchangeInfo.quotePrecision/baseSizePrecision/quoteAmountPrecision,1,False,0.05714285714285714,0.001680672268907557,0.369327731092437,10.571428571428571
mexc,XCHNGUSDT,XCHNG-USDT,XCHNG,USDT,True,1,True,0.0003157,28.3738778,91757.87,0.0003156,4420.4,0.0003176,4216.37,63.17119393556692,1.3391191120000001,1e-07,0.0,0.0,1.0,0.0,0.0005,exchangeInfo.quotePrecision/baseSizePrecision/quoteAmountPrecision,1,False,0.02226890756302521,0.25504201680672267,0.1407563025210084,10.415966386554622
mexc,BASEDAIUSDT,BASEDAI-USDT,BASEDAI,USDT,True,1,True,0.0227,2985.6045,138904.02,0.0229,108.58,0.0239,124.93,427.3504273504277,2.486482,0.0001,0.0,0.0,1.0,0.0,0.0005,exchangeInfo.quotePrecision/baseSizePrecision/quoteAmountPrecision,1,False,0.08277310924369748,0.021008403361344574,0.26260504201680673,10.329831932773113
mexc,DEXTFUSDT,DEXTF-USDT,DEXTF,USDT,True,1,True,0.03291,64.31734,1950.04,0.03275,305.81,0.03298,43.21,69.98326487144409,1.4250658,1e-05,0.0,0.0,1.0,0.0,0.0005,exchangeInfo.quotePrecision/baseSizePrecision/quoteAmountPrecision,1,False,0.026050420168067228,0.21638655462184875,0.17352941176470588,10.313025210084033
mexc,UBUUSDT,UBU-USDT,UBU,USDT,True,1,True,0.003339,33.212281,9927.2,0.00333,388.21,0.00335,394.55,59.88023952095824,1.2927393,1e-06,0.0,0.0,1.0,0.0,0.0005,exchangeInfo.quotePrecision/baseSizePrecision/quoteAmountPrecision,1,False,0.023109243697478993,0.2710084033613446,0.10798319327731093,10.205882352941178
mexc,CSWAPUSDT,CSWAP-USDT,CSWAP,USDT,True,1,True,0.00206,5.24055,2543.96,0.00205,4102.4,0.0021,2678.27,240.9638554216853,5.6243669999999995,1e-05,0.0,0.0,1.0,0.0,0.0005,exchangeInfo.quotePrecision/baseSizePrecision/quoteAmountPrecision,1,False,0.013025210084033614,0.03907563025210081,0.419327731092437,10.07983193277311
mexc,TRCUSDT,TRC-USDT,TRC,USDT,True,1,True,0.015351,524.130039,33339.93,0.015339,87.57,0.015461,1258.25,79.22077922077959,1.3432362299999998,1e-06,0.0,0.0,1.0,0.0,0.0005,exchangeInfo.quotePrecision/baseSizePrecision/quoteAmountPrecision,1,False,0.04873949579831933,0.17773109243697482,0.14201680672268907,9.964285714285715
mexc,ATOMBTC,ATOM-BTC,ATOM,BTC,True,1,True,2.534e-05,0.56831719,22305.97,2.527e-05,2.3,2.539e-05,29.85,47.37465455981005,5.8120999999999995e-05,1e-08,0.001,0.001,5e-06,0.0,0.0005,exchangeInfo.quotePrecision/baseSizePrecision/quoteAmountPrecision,1,False,0.0054621848739495795,0.38235294117647056,0.004621848739495798,9.951680672268907
mexc,ROOTUSDT,ROOT-USDT,ROOT,USDT,True,1,True,5.9e-05,189.334165,3259294.61,5.7e-05,125880.89,6.1e-05,77195.68,677.9661016949145,4.708936479999999,1e-06,0.0,0.0,1.0,0.0,0.0005,exchangeInfo.quotePrecision/baseSizePrecision/quoteAmountPrecision,1,False,0.0365546218487395,0.015966386554621903,0.36470588235294116,9.703781512605044
mexc,TERRAUSDT,TERRA-USDT,TERRA,USDT,True,1,True,0.001383,151.28674,109624.56,0.001375,991.46,0.001383,488.42,58.01305293691064,0.67548486,1e-06,0.0,0.0,1.0,0.0,0.0005,exchangeInfo.quotePrecision/baseSizePrecision/quoteAmountPrecision,1,False,0.03361344537815126,0.28739495798319326,0.03277310924369748,9.6890756302521
mexc,A47USDT,A47-USDT,A47,USDT,True,1,True,0.00411,445.37106,101478.12,0.003916,1809.74,0.0047,833.33,1819.8700092850509,3.9166510000000003,1e-06,0.0,0.0,1.0,0.0,0.0005,exchangeInfo.quotePrecision/baseSizePrecision/quoteAmountPrecision,1,False,0.04831932773109244,0.003361344537815114,0.3420168067226891,9.581932773109244
mexc,OBIUSDT,OBI-USDT,OBI,USDT,True,1,True,0.00045,48.9226794,108600.36,0.0004501,215205.68,0.00049,10005.93,848.8458674609084,4.9029057,1e-07,0.0,0.0,1.0,0.0,0.0005,exchangeInfo.quotePrecision/baseSizePrecision/quoteAmountPrecision,1,False,0.025630252100840335,0.01092436974789912,0.37142857142857144,9.111344537815125
mexc,GCBUSDT,GCB-USDT,GCB,USDT,True,1,True,0.01704,100.10711,5867.78,0.01704,14355.16,0.01718,80.46,81.82349503214566,1.3823028,1e-05,0.0,0.0,1.0,0.0,0.0005,exchangeInfo.quotePrecision/baseSizePrecision/quoteAmountPrecision,1,False,0.028991596638655463,0.17226890756302526,0.15924369747899159,9.086134453781513
mexc,ABBCUSDT,ABBC-USDT,ABBC,USDT,False,1,True,0.005444,950.533334,151542.21,0.005401,263.53,0.00545,236.66,90.3142567505291,1.289797,1e-06,0.001,0.001,1.0,0.0,0.0005,exchangeInfo.quotePrecision/baseSizePrecision/quoteAmountPrecision,1,False,0.05798319327731093,0.14915966386554624,0.10672268907563025,9.052521008403362
mexc,BOBACATUSDT,BOBACAT-USDT,BOBACAT,USDT,True,1,True,0.0007467,1184.9989526,1577135.4,0.0007456,1755.41,0.0007531,1861.1,100.0867418429308,1.308833696,1e-07,0.0,0.0,1.0,0.0,0.0005,exchangeInfo.quotePrecision/baseSizePrecision/quoteAmountPrecision,1,False,0.06260504201680672,0.13151260504201678,0.11554621848739496,9.042016806722689
mexc,PMGUSDT,PMG-USDT,PMG,USDT,False,1,True,0.0012,22.166076,18471.73,0.0011997,1173.49,0.0012077,1042.42,66.46174295920893,1.258930634,1e-07,0.1,0.1,1.0,0.0,0.0005,exchangeInfo.quotePrecision/baseSizePrecision/quoteAmountPrecision,1,False,0.020168067226890758,0.23613445378151265,0.09369747899159664,8.886554621848742
mexc,STRAWBERRYAIUSDT,STRAWBERRYAI-USDT,STRAWBERRYAI,USDT,True,1,True,0.01312,109.45229,8269.61,0.01311,100.12,0.01321,108.14,75.9878419452883,1.3125732,1e-05,0.0,0.0,1.0,0.0,0.0005,exchangeInfo.quotePrecision/baseSizePrecision/quoteAmountPrecision,1,False,0.029411764705882353,0.1899159663865546,0.12100840336134454,8.785714285714285
mexc,USDRUSDT,USDR-USDT,USDR,USDT,True,1,True,0.999,0.0,0.0,0.992,1.51,1.0,29.52,80.32128514056232,1.49792,0.001,0.0,0.0,1.0,0.0,0.0005,exchangeInfo.quotePrecision/baseSizePrecision/quoteAmountPrecision,1,False,0.0016806722689075631,0.17647058823529416,0.1915966386554622,8.336134453781515
mexc,SUMMITUSDT,SUMMIT-USDT,SUMMIT,USDT,True,1,True,4.3e-06,14767.9917235,3303361132.86,3.9e-06,80563.73,4.3e-06,14273930.99,975.609756097562,0.314198547,1e-07,0.0,0.0,1.0,0.0,0.0005,exchangeInfo.quotePrecision/baseSizePrecision/quoteAmountPrecision,1,False,0.13781512605042018,0.009243697478991564,0.025630252100840335,8.323529411764707
mexc,SNXETH,SNX-ETH,SNX,ETH,True,1,True,0.0001366,17.124794,126088.23,0.0001362,357.06,0.000137,5.6,58.56515373352798,0.0007671999999999999,1e-07,0.1,0.1,0.0001,0.0,0.0005,exchangeInfo.quotePrecision/baseSizePrecision/quoteAmountPrecision,1,False,0.019327731092436976,0.280672268907563,0.008403361344537815,8.247899159663866
mexc,MOVAUSDT,MOVA-USDT,MOVA,USDT,True,1,True,0.6822,861.0057,1258.84,0.6823,26.12,0.6955,2.16,191.60981274495555,1.50228,0.0001,0.0,0.0,1.0,0.0,0.0005,exchangeInfo.quotePrecision/baseSizePrecision/quoteAmountPrecision,1,False,0.05546218487394958,0.05294117647058827,0.19243697478991598,8.222689075630255
mexc,COMAIUSDT,COMAI-USDT,COMAI,USDT,False,1,True,0.00103,34.18838,31374.84,0.00103,3611.79,0.00177,4073.18,5285.714285714284,3.7201437000000004,1e-05,0.0,0.0,1.0,0.0,0.0005,exchangeInfo.quotePrecision/baseSizePrecision/quoteAmountPrecision,1,False,0.023529411764705882,0.0008403361344537785,0.3310924369747899,7.936974789915967
mexc,MNFTUSDT,MNFT-USDT,MNFT,USDT,True,1,True,1.1623e-05,9257.758880789,802479998.0,1.159e-05,1294219.0,1.1993e-05,60572.0,341.7716151465033,0.726439996,1e-09,0.0,0.0,1.0,0.0,0.0005,exchangeInfo.quotePrecision/baseSizePrecision/quoteAmountPrecision,1,False,0.12058823529411765,0.025210084033613467,0.03319327731092437,7.926470588235296
mexc,HGGUSDT,HGG-USDT,HGG,USDT,True,1,True,0.0002344,625.5010217,2787812.19,0.0002325,5845.79,0.0002344,3322.3,81.38787748982617,0.77874712,1e-07,0.0,0.0,1.0,0.0,0.0005,exchangeInfo.quotePrecision/baseSizePrecision/quoteAmountPrecision,1,False,0.052100840336134456,0.17394957983193282,0.034453781512605045,7.903361344537816
mexc,PRTGUSDT,PRTG-USDT,PRTG,USDT,True,1,True,1.2125,94.9854,78.46,1.2041,1.15,1.2125,0.74,69.51915914921761,0.8972499999999999,0.0001,0.1,0.1,1.0,0.0,0.0005,exchangeInfo.quotePrecision/baseSizePrecision/quoteAmountPrecision,1,False,0.02815126050420168,0.21932773109243697,0.03613445378151261,7.75420168067227
mexc,MVPUSDT,MVP-USDT,MVP,USDT,True,1,True,0.0003045,36.6201333,124090.59,0.0003046,4595.27,0.000307,4095.92,78.4826684107261,1.25744744,1e-07,0.0,0.0,1.0,0.0,0.0005,exchangeInfo.quotePrecision/baseSizePrecision/quoteAmountPrecision,1,False,0.023949579831932775,0.18151260504201683,0.09243697478991597,7.703781512605043
mexc,DEBUSDT,DEB-USDT,DEB,USDT,False,1,True,0.000255,133.817623,524424.77,0.000255,182765.94,0.000349,7812.5,3112.5827814569534,2.7265625,1e-06,0.01,0.01,1.0,0.0,0.0005,exchangeInfo.quotePrecision/baseSizePrecision/quoteAmountPrecision,1,False,0.03235294117647059,0.0012605042016806678,0.27521008403361347,7.315126050420169
mexc,LEOXUSDT,LEOX-USDT,LEOX,USDT,True,1,True,0.007,89.73902,12925.6,0.00698,210.29,0.00703,50.67,71.37758743754418,0.3562101,1e-05,0.0,0.0,1.0,0.0,0.0005,exchangeInfo.quotePrecision/baseSizePrecision/quoteAmountPrecision,1,False,0.0273109243697479,0.2100840336134454,0.02689075630252101,7.29201680672269
mexc,SUMRUSDT,SUMR-USDT,SUMR,USDT,True,1,True,0.002875,9.716062,3410.99,0.002874,437.9,0.002899,456.42,86.6100814134775,1.2585245999999999,1e-06,0.0,0.0,1.0,0.0,0.0005,exchangeInfo.quotePrecision/baseSizePrecision/quoteAmountPrecision,1,False,0.015546218487394958,0.1584033613445378,0.09285714285714286,6.6722689075630255
mexc,YURUUSDT,YURU-USDT,YURU,USDT,True,1,True,0.1791,10.7573,60.0,0.1792,1134.49,0.197,13.45,946.3051568314733,2.64965,0.0001,0.0,0.0,1.0,0.0,0.0005,exchangeInfo.quotePrecision/baseSizePrecision/quoteAmountPrecision,1,False,0.01680672268907563,0.009663865546218453,0.2718487394957983,6.602941176470586
mexc,ICECREAMUSDT,ICECREAM-USDT,ICECREAM,USDT,True,1,True,0.002587,0.0,0.0,0.002551,642.39,0.002587,56118.26,140.1323472168159,1.63873689,1e-06,0.0,0.0,1.0,0.0,0.0005,exchangeInfo.quotePrecision/baseSizePrecision/quoteAmountPrecision,1,False,0.0016806722689075631,0.08571428571428574,0.20672268907563024,6.369747899159664
mexc,WHSPRUSDT,WHSPR-USDT,WHSPR,USDT,True,1,True,3.88e-06,2752.55012142,650906627.79,3.88e-06,6318.57,3.98e-06,584213.43,254.45292620865115,0.024516051599999998,1e-08,0.0,0.0,1.0,0.0,0.0005,exchangeInfo.quotePrecision/baseSizePrecision/quoteAmountPrecision,1,False,0.08025210084033614,0.0357142857142857,0.018907563025210083,5.684873949579832
mexc,TCTUSDT,TCT-USDT,TCT,USDT,False,1,True,0.005399,27.479564,4942.03,0.005371,241.35,0.005448,242.87,142.3421758018298,1.2962908499999999,1e-06,0.0,0.0,1.0,0.0,0.0005,exchangeInfo.quotePrecision/baseSizePrecision/quoteAmountPrecision,1,False,0.021848739495798318,0.08487394957983196,0.11050420168067226,5.533613445378152
mexc,SNPTUSDT,SNPT-USDT,SNPT,USDT,True,1,True,0.0024,218.07769,91658.65,0.00237,5616.16,0.0024,417.0,125.7861635220111,1.0008,1e-05,0.0,0.0,1.0,0.0,0.0005,exchangeInfo.quotePrecision/baseSizePrecision/quoteAmountPrecision,1,False,0.03823529411764706,0.10168067226890753,0.03949579831932773,5.434873949579832
mexc,TFIUSDT,TFI-USDT,TFI,USDT,True,1,True,0.002799,0.0,0.0,0.002771,487.17,0.002797,430.77,93.39080459770109,1.20486369,1e-06,0.0001,0.0001,1.0,0.0,0.0005,exchangeInfo.quotePrecision/baseSizePrecision/quoteAmountPrecision,1,False,0.0016806722689075631,0.14243697478991602,0.07647058823529412,5.1827731092436995
mexc,SACHICOINUSDT,SACHICOIN-USDT,SACHICOIN,USDT,True,1,True,0.000158,2977.593773,19179946.78,0.000158,0.69,0.000165,44473.93,433.4365325077404,0.00010901999999999998,1e-06,0.0,0.0,1.0,0.0,0.0005,exchangeInfo.quotePrecision/baseSizePrecision/quoteAmountPrecision,1,False,0.08235294117647059,0.020588235294117685,0.005042016806722689,5.144957983193279
mexc,OXTETH,OXT-ETH,OXT,ETH,True,1,True,7.275e-06,11.474743298,1540538.59,7.26e-06,27087.7,7.326e-06,12140.95,90.49773755656092,0.0889445997,1e-09,0.1,0.1,0.0001,0.0,0.0005,exchangeInfo.quotePrecision/baseSizePrecision/quoteAmountPrecision,1,False,0.01764705882352941,0.14873949579831935,0.020588235294117647,5.100840336134454
mexc,JAMUSDT,JAM-USDT,JAM,USDT,True,1,True,1.87e-05,926.2813902,48510554.22,1.81e-05,552486.18,1.9e-05,58067.89,485.17520215633505,1.10328991,1e-07,0.001,0.001,1.0,0.0,0.0005,exchangeInfo.quotePrecision/baseSizePrecision/quoteAmountPrecision,1,False,0.05756302521008403,0.01848739495798324,0.05588235294117647,4.745798319327733
mexc,LCGUSDT,LCG-USDT,LCG,USDT,True,1,True,0.0001641,0.0,0.0,0.0001645,72948.32,0.000177,9090.9,732.0644216691072,1.6090893,1e-07,0.0,0.0,1.0,0.0,0.0005,exchangeInfo.quotePrecision/baseSizePrecision/quoteAmountPrecision,1,False,0.0016806722689075631,0.014285714285714235,0.20378151260504201,4.5252100840336125
mexc,CRTAIUSDT,CRTAI-USDT,CRTAI,USDT,True,1,True,9.99e-05,628.7012643,6320315.95,9.52e-05,52521.0,9.98e-05,10536.02,471.79487179487217,1.051494796,1e-07,0.0,0.0,1.0,0.0,0.0005,exchangeInfo.quotePrecision/baseSizePrecision/quoteAmountPrecision,1,False,0.052521008403361345,0.020168067226890796,0.047058823529411764,4.33403361344538
mexc,CLUBUSDT,CLUB-USDT,CLUB,USDT,False,1,True,0.003976,1047.000686,174810.29,0.003977,3199.28,0.009868,107.43,8509.93138317082,1.0601192400000001,1e-06,0.0,0.0,1.0,0.0,0.0005,exchangeInfo.quotePrecision/baseSizePrecision/quoteAmountPrecision,1,False,0.05966386554621849,0.00042016806722688926,0.04747899159663865,4.241596638655463
mexc,BTSLRUSDT,BTSLR-USDT,BTSLR,USDT,True,1,True,2e-06,1407.979508775,720826038.86,1.601e-06,6246096.18,2e-06,75960.88,2216.0510969175225,0.15192176,1e-09,0.0,0.0,1.0,0.0,0.0005,exchangeInfo.quotePrecision/baseSizePrecision/quoteAmountPrecision,1,False,0.06764705882352941,0.0021008403361344463,0.02226890756302521,4.218487394957983
mexc,CAUUSDT,CAU-USDT,CAU,USDT,True,1,True,0.0209,1158.5787,48168.43,0.0209,18.99,0.0237,336.94,1255.6053811659197,0.39689099999999994,0.0001,0.0,0.0,1.0,0.0,0.0005,exchangeInfo.quotePrecision/baseSizePrecision/quoteAmountPrecision,1,False,0.06218487394957983,0.00546218487394956,0.028991596638655463,4.13655462184874
mexc,DOBOUSDT,DOBO-USDT,DOBO,USDT,False,1,True,0.0352,1259.89742,29024.2,0.0027,7407.4,0.0352,3.97,17150.395778364116,0.139744,1e-05,0.0,0.0,1.0,0.0,0.0005,exchangeInfo.quotePrecision/baseSizePrecision/quoteAmountPrecision,1,False,0.06428571428571428,0.0,0.021848739495798318,3.972689075630252
mexc,XP8USDT,XP8-USDT,XP8,USDT,True,1,True,0.00119,356.16885,258638.91,0.00119,539.24,0.00133,9226.64,1111.1111111111104,0.6416956,1e-05,0.0,0.0,1.0,0.0,0.0005,exchangeInfo.quotePrecision/baseSizePrecision/quoteAmountPrecision,1,False,0.046218487394957986,0.0071428571428571175,0.031512605042016806,3.350840336134454
mexc,GHTUSDT,GHT-USDT,GHT,USDT,False,1,True,0.01824,7.53065,407.94,0.01828,807.43,0.02068,53.78,1232.0328542094453,1.1121704000000001,1e-05,0.0,0.0,1.0,0.0,0.0005,exchangeInfo.quotePrecision/baseSizePrecision/quoteAmountPrecision,1,False,0.013865546218487394,0.00588235294117645,0.05672268907563025,2.0441176470588234
