connector,exchange_symbol,trading_pair,base_asset,quote_asset,is_active,status_detail,permissions_spot,last_price,quote_volume_24h,volume_base_24h,bid_price,bid_quantity,ask_price,ask_quantity,spread_bps,top_of_book_quote,price_tick_estimate,amount_step_estimate,min_order_size_base_estimate,min_notional_quote_estimate,maker_fee_estimate,taker_fee_estimate,rule_estimate_source,raw_trade_side_type,book_crossed,coarse_volume_rank,coarse_spread_rank,coarse_top_rank,coarse_score
mexc,BTCUSDT,BTC-USDT,BTC,USDT,True,1,True,66918.27,212121785.02,3177.65193776,66937.17,1.34979506,66937.18,0.66025478,0.0014939381583942424,44195.5930547204,0.01,1e-06,1e-06,1.0,0.0,0.0005,exchangeInfo.quotePrecision/baseSizePrecision/quoteAmountPrecision,1,False,1.0,0.9991596638655462,0.9974789915966387,99.92857142857143
mexc,USDCUSDT,USDC-USDT,USDC,USDT,True,1,True,1.0001,19904015.8838,19903813.35,1.0,3573385.0,1.0001,4651031.89,0.999950002499765,3573385.0,0.0001,1.0,1.0,1.0,0.0,0.0,exchangeInfo.quotePrecision/baseSizePrecision/quoteAmountPrecision,1,False,0.9983193277310924,0.9932773109243698,1.0,99.73949579831934
mexc,USD1USDT,USD1-USDT,USD1,USDT,True,1,True,1.0,17684805.3857,17684424.55,1.0,1051082.08,1.0001,716232.28,0.999950002499765,716303.903228,0.0001,0.0,0.0,1.0,0.0,0.0,exchangeInfo.quotePrecision/baseSizePrecision/quoteAmountPrecision,1,False,0.9978991596638656,0.9932773109243698,0.9995798319327731,99.70798319327731
mexc,BNBUSDT,BNB-USDT,BNB,USDT,True,1,True,588.48,9344605.23,15941.5465,588.54,29.9992,588.55,10.821,0.16991054209943007,6368.699549999999,0.01,0.001,0.001,1.0,0.0,0.0005,exchangeInfo.quotePrecision/baseSizePrecision/quoteAmountPrecision,1,False,0.9966386554621849,0.9974789915966387,0.9941176470588236,99.6344537815126
mexc,GOLD(XAUT)USDT,GOLD(XAUT)-USDT,GOLD(XAUT),USDT,True,1,True,4631.4,7591951.4,1637.70925,4631.3,3.5467,4631.4,0.3111,0.2159197642144392,1440.8285399999997,0.1,0.001,0.001,1.0,0.0,0.0005,exchangeInfo.quotePrecision/baseSizePrecision/quoteAmountPrecision,1,False,0.9953781512605042,0.9970588235294118,0.9844537815126051,99.36134453781513
mexc,SOLUSDT,SOL-USDT,SOL,USDT,True,1,True,80.36,37454033.33,468982.871,80.35,9.634,80.36,29.599,1.2444776305152285,774.0919,0.01,0.01,0.01,1.0,0.0,0.0005,exchangeInfo.quotePrecision/baseSizePrecision/quoteAmountPrecision,1,False,0.9991596638655462,0.9840336134453782,0.9760504201680672,99.07563025210084
mexc,XRPUSDT,XRP-USDT,XRP,USDT,True,1,True,1.3181,25430983.4575,19292232.37,1.3181,620.51,1.3182,337.94,0.7586390016309902,445.472508,0.0001,0.1,0.1,1.0,0.0,0.0,exchangeInfo.quotePrecision/baseSizePrecision/quoteAmountPrecision,1,False,0.9987394957983193,0.9953781512605042,0.9588235294117647,98.99159663865547
mexc,EURUSDT,EUR-USDT,EUR,USDT,True,1,True,1.1517,2471545.6071,2143162.17,1.1516,22455.58,1.1517,12436.48,0.8683193678634046,14323.094016,0.0001,0.0,0.0,1.0,0.0,0.0,exchangeInfo.quotePrecision/baseSizePrecision/quoteAmountPrecision,1,False,0.9823529411764705,0.9949579831932773,0.9957983193277311,98.81932773109243
mexc,WXTUSDT,WXT-USDT,WXT,USDT,True,1,True,0.018726,6063477.243456,325090766.88,0.018726,192345.0,0.01873,102594.0,2.1358393848785404,1921.58562,1e-06,0.0,0.0,1.0,0.0,0.0005,exchangeInfo.quotePrecision/baseSizePrecision/quoteAmountPrecision,1,False,0.9941176470588236,0.9739495798319328,0.9873949579831933,98.77310924369749
mexc,USDEUSDT,USDE-USDT,USDE,USDT,True,1,True,0.9996,2140958.7583,2141735.83,0.9996,715681.8,0.9997,110817.42,1.0003501225427798,110784.174774,0.0001,0.0,0.0,1.0,0.0,0.0,exchangeInfo.quotePrecision/baseSizePrecision/quoteAmountPrecision,1,False,0.9810924369747899,0.9918067226890757,0.9983193277310924,98.72163865546219
mexc,DOGEUSDT,DOGE-USDT,DOGE,USDT,True,1,True,0.09155,7575132.9194,82917679.53,0.09155,87968.53,0.09157,10936.74,2.184359982524273,1001.4772818,1e-05,1.0,1.0,1.0,0.0,0.0005,exchangeInfo.quotePrecision/baseSizePrecision/quoteAmountPrecision,1,False,0.9949579831932773,0.9735294117647059,0.9798319327731092,98.6575630252101
mexc,LTCUSDT,LTC-USDT,LTC,USDT,True,1,True,53.23,3468203.38,65534.45,53.22,75.3661,53.23,74.7351,1.878816345701834,3978.1493729999997,0.01,0.001,0.001,1.0,0.0,0.0005,exchangeInfo.quotePrecision/baseSizePrecision/quoteAmountPrecision,1,False,0.9882352941176471,0.9764705882352941,0.9928571428571429,98.6218487394958
mexc,TRXUSDT,TRX-USDT,TRX,USDT,True,1,True,0.3153,5231866.0715,16644111.33,0.3153,157094.89,0.3154,227524.15,3.1710797526554297,49532.01881700001,0.0001,1.0,1.0,1.0,0.0,0.0005,exchangeInfo.quotePrecision/baseSizePrecision/quoteAmountPrecision,1,False,0.9932773109243698,0.9600840336134454,0.9978991596638656,98.59033613445378
mexc,XUSDUSDT,XUSD-USDT,XUSD,USDT,True,1,True,1.0,1663803.7802,1663742.36,1.0,14982.07,1.0001,15946.4,0.999950002499765,14982.07,0.0001,0.0,0.0,1.0,0.0,0.0005,exchangeInfo.quotePrecision/baseSizePrecision/quoteAmountPrecision,1,False,0.973109243697479,0.9932773109243698,0.9966386554621849,98.28571428571429
mexc,GOLD(PAXG)USDT,GOLD(PAXG)-USDT,GOLD(PAXG),USDT,True,1,True,4648.94,2635409.71,566.36287,4648.93,0.086,4648.94,0.11343,0.021510302895843426,399.80798,0.01,1e-06,1e-06,1.0,0.0,0.0005,exchangeInfo.quotePrecision/baseSizePrecision/quoteAmountPrecision,1,False,0.984873949579832,0.9983193277310924,0.9537815126050421,98.2016806722689
mexc,ADAUSDT,ADA-USDT,ADA,USDT,True,1,True,0.246,6024328.0574,24503102.18,0.2461,12543.04,0.2462,122530.21,4.062563477553889,3086.842144,0.0001,0.1,0.1,1.0,0.0,0.0005,exchangeInfo.quotePrecision/baseSizePrecision/quoteAmountPrecision,1,False,0.9936974789915967,0.9432773109243697,0.9911764705882353,98.05882352941178
mexc,UNIUSDT,UNI-USDT,UNI,USDT,True,1,True,3.168,3024302.835,945827.13,3.167,697.44,3.168,353.24,3.1570639305456476,1119.0643200000002,0.001,0.001,0.001,1.0,0.0,0.0005,exchangeInfo.quotePrecision/baseSizePrecision/quoteAmountPrecision,1,False,0.9878151260504202,0.9605042016806723,0.9823529411764705,97.98949579831935
mexc,DAIUSDT,DAI-USDT,DAI,USDT,True,1,True,0.9994,1101448.4125,1101928.76,0.9994,9547.5,0.9995,2461.0,1.0005503026674674,2459.7695000000003,0.0001,0.5,0.5,1.0,0.0,0.0005,exchangeInfo.quotePrecision/baseSizePrecision/quoteAmountPrecision,1,False,0.9613445378151261,0.9911764705882353,0.988655462184874,97.4264705882353
mexc,SUIUSDT,SUI-USDT,SUI,USDT,True,1,True,0.8744,2948227.9125,3380561.48,0.8744,251.37,0.8745,1375.76,1.143575962034422,219.79792799999998,0.0001,0.0,0.0,1.0,0.0,0.0005,exchangeInfo.quotePrecision/baseSizePrecision/quoteAmountPrecision,1,False,0.9869747899159664,0.9861344537815127,0.915126050420168,97.23949579831933
mexc,CHZUSDT,CHZ-USDT,CHZ,USDT,True,1,True,0.03958,2374476.69484,60154003.4,0.03957,7890.4,0.03958,8249.6,2.5268477574216357,312.223128,1e-05,0.001,0.001,1.0,0.0,0.0005,exchangeInfo.quotePrecision/baseSizePrecision/quoteAmountPrecision,1,False,0.9819327731092437,0.9701680672268908,0.9436974789915966,97.13445378151262
mexc,WLDUSDT,WLD-USDT,WLD,USDT,True,1,True,0.2662,1496992.067,5566006.39,0.2661,10187.44,0.2662,12579.52,3.757279729475446,2710.8777840000002,0.0001,0.0,0.0,1.0,0.0,0.0005,exchangeInfo.quotePrecision/baseSizePrecision/quoteAmountPrecision,1,False,0.9697478991596639,0.9483193277310924,0.9903361344537815,96.85084033613445
mexc,PENGUUSDT,PENGU-USDT,PENGU,USDT,True,1,True,0.006285,1288559.022029,202495831.15,0.006284,73194.4,0.006285,76845.6,1.5912164850029957,459.95360959999994,1e-06,0.0,0.0,1.0,0.0,0.0005,exchangeInfo.quotePrecision/baseSizePrecision/quoteAmountPrecision,1,False,0.9651260504201681,0.9785714285714285,0.9609243697478992,96.76470588235296
mexc,AVAXUSDT,AVAX-USDT,AVAX,USDT,True,1,True,8.909,2983421.753,333424.16,8.909,29.43,8.912,60.75,3.3668144324113274,262.19187,0.001,0.0001,0.0001,1.0,0.0,0.0005,exchangeInfo.quotePrecision/baseSizePrecision/quoteAmountPrecision,1,False,0.9873949579831933,0.9546218487394958,0.9289915966386555,96.75210084033614
mexc,ZECUSDT,ZEC-USDT,ZEC,USDT,True,1,True,234.11,2720536.21,11501.818868,234.1,0.492,234.11,1.3064,0.42715875355158267,115.1772,0.01,0.001,0.001,1.0,0.0,0.0005,exchangeInfo.quotePrecision/baseSizePrecision/quoteAmountPrecision,1,False,0.9861344537815127,0.996218487394958,0.8764705882352941,96.67226890756304
mexc,BTCUSDC,BTC-USDC,BTC,USDC,True,1,True,66918.72,12673845.17,189.715979,66924.72,0.0128,66944.4,0.001769,2.9401851599522004,118.42464359999998,0.01,1e-06,1e-06,1.0,0.0,0.0,exchangeInfo.quotePrecision/baseSizePrecision/quoteAmountPrecision,1,False,0.9970588235294118,0.9638655462184874,0.8789915966386554,96.51470588235296
mexc,TRUMPUSDT,TRUMP-USDT,TRUMP,USDT,True,1,True,2.793,1613128.806,567965.16,2.792,2611.48,2.793,174.96,3.5810205908695933,488.66328000000004,0.001,0.0,0.0,1.0,0.0,0.0005,exchangeInfo.quotePrecision/baseSizePrecision/quoteAmountPrecision,1,False,0.9722689075630252,0.9508403361344537,0.9621848739495799,96.48949579831934
mexc,MBGUSDT,MBG-USDT,MBG,USDT,True,1,True,0.3623,2111578.4756,5821862.98,0.3622,856.49,0.3623,519.07,2.7605244996546303,188.059061,0.0001,0.0,0.0,1.0,0.0,0.0005,exchangeInfo.quotePrecision/baseSizePrecision/quoteAmountPrecision,1,False,0.9802521008403361,0.9680672268907563,0.9067226890756303,96.25
mexc,ICPUSDT,ICP-USDT,ICP,USDT,True,1,True,2.285,1355378.216,592190.76,2.285,388.64,2.286,312.26,4.375410194705272,713.82636,0.001,0.0001,0.0001,1.0,0.0,0.0005,exchangeInfo.quotePrecision/baseSizePrecision/quoteAmountPrecision,1,False,0.9676470588235294,0.9411764705882353,0.9743697478991596,96.2373949579832
mexc,HBARUSDT,HBAR-USDT,HBAR,USDT,True,1,True,0.0877,1786123.46265,20190612.55,0.0877,5388.8,0.08771,1556.8,1.140185850293156,136.54692799999998,1e-05,0.01,0.01,1.0,0.0,0.0005,exchangeInfo.quotePrecision/baseSizePrecision/quoteAmountPrecision,1,False,0.9760504201680672,0.9869747899159664,0.8890756302521008,96.13865546218487
mexc,TONUSDT,TON-USDT,TON,USDT,True,1,True,1.24,2929322.679,2350781.14,1.24,7987.94,1.241,6501.56,8.061265618703038,8068.435960000002,0.001,0.001,0.001,1.0,0.0,0.0005,exchangeInfo.quotePrecision/baseSizePrecision/quoteAmountPrecision,1,False,0.9865546218487395,0.8722689075630252,0.9949579831932773,95.96638655462186
mexc,SHIBUSDT,SHIB-USDT,SHIB,USDT,True,1,True,5.99e-06,1694108.57044473,282667013481.0,5.988e-06,66794689.0,5.991e-06,133980907.0,5.008765339343521,399.966597732,1e-09,10000.0,10000.0,1.0,0.0,0.0005,exchangeInfo.quotePrecision/baseSizePrecision/quoteAmountPrecision,1,False,0.9739495798319328,0.9302521008403362,0.954201680672269,95.9075630252101
mexc,SIGNUSDT,SIGN-USDT,SIGN,USDT,True,1,True,0.03595,1765830.60917,50132362.29,0.03595,4860.0,0.03596,5140.8,2.781254345708837,174.717,1e-05,0.0,0.0,1.0,0.0,0.0005,exchangeInfo.quotePrecision/baseSizePrecision/quoteAmountPrecision,1,False,0.9752100840336134,0.9676470588235294,0.903781512605042,95.90336134453781
mexc,AAVEUSDT,AAVE-USDT,AAVE,USDT,True,1,True,94.84,796883.51,8392.206,94.83,4.522,94.85,11.816,2.1088148460560965,428.82126,0.01,0.0001,0.0001,1.0,0.0,0.0005,exchangeInfo.quotePrecision/baseSizePrecision/quoteAmountPrecision,1,False,0.9521008403361344,0.9743697478991596,0.9584033613445379,95.89285714285715
mexc,DASHUSDT,DASH-USDT,DASH,USDT,True,1,True,29.91,888155.04,29472.776321,29.91,17.8896,29.92,32.6864,3.342804613070889,535.077936,0.01,0.001,0.001,1.0,0.0,0.0005,exchangeInfo.quotePrecision/baseSizePrecision/quoteAmountPrecision,1,False,0.9550420168067227,0.9563025210084034,0.9668067226890756,95.77100840336136
mexc,XLMUSDT,XLM-USDT,XLM,USDT,True,1,True,0.1629,1166503.8835,7105441.76,0.1629,34497.61,0.163,15953.05,6.136851795030178,2600.34715,0.0001,0.1,0.1,1.0,0.0,0.0005,exchangeInfo.quotePrecision/baseSizePrecision/quoteAmountPrecision,1,False,0.9634453781512605,0.9079831932773109,0.9899159663865547,95.4873949579832
mexc,WBTCUSDT,WBTC-USDT,WBTC,USDT,True,1,True,66823.73,617744.99,9.25749816,66844.82,0.16760403,66844.83,0.0048,0.0014960021205472987,320.855184,0.01,1e-05,1e-05,1.0,0.0,0.0005,exchangeInfo.quotePrecision/baseSizePrecision/quoteAmountPrecision,1,False,0.9382352941176471,0.9987394957983193,0.9453781512605042,95.47899159663866
mexc,FRAXUSDT,FRAX-USDT,FRAX,USDT,True,1,True,0.4085,2004756.4699,4872459.75,0.4084,921.79,0.4087,2739.86,7.343042467262819,376.45903599999997,0.0001,0.0,0.0,1.0,0.0,0.0005,exchangeInfo.quotePrecision/baseSizePrecision/quoteAmountPrecision,1,False,0.9798319327731092,0.8857142857142857,0.9512605042016806,95.05882352941177
mexc,DOTUSDT,DOT-USDT,DOT,USDT,True,1,True,1.237,1205836.491,966286.4,1.237,3795.38,1.238,4617.17,8.080808080807191,4694.8850600000005,0.001,0.001,0.001,1.0,0.0,0.0005,exchangeInfo.quotePrecision/baseSizePrecision/quoteAmountPrecision,1,False,0.9638655462184874,0.871218487394958,0.9936974789915967,94.6670168067227
mexc,PUMPUSDT,PUMP-USDT,PUMP,USDT,True,1,True,0.001649,793713.383658,479093359.94,0.001649,7352277.13,0.00165,528604.8,6.062443164594822,872.1979200000001,1e-06,0.0,0.0,1.0,0.0,0.0005,exchangeInfo.quotePrecision/baseSizePrecision/quoteAmountPrecision,1,False,0.9508403361344537,0.9092436974789916,0.9777310924369748,94.58193277310924
mexc,RENDERUSDT,RENDER-USDT,RENDER,USDT,True,1,True,1.938,699214.991,365220.52,1.937,621.44,1.938,304.72,5.1612903225800775,590.54736,0.001,0.0,0.0,1.0,0.0,0.0005,exchangeInfo.quotePrecision/baseSizePrecision/quoteAmountPrecision,1,False,0.9445378151260504,0.926890756302521,0.9689075630252101,94.50000000000001
mexc,CRVUSDT,CRV-USDT,CRV,USDT,True,1,True,0.2096,578734.4588,2734340.998,0.2095,2830.96,0.2096,7278.56,4.772130756383524,593.0861199999999,0.0001,0.01,0.01,1.0,0.0,0.0005,exchangeInfo.quotePrecision/baseSizePrecision/quoteAmountPrecision,1,False,0.934453781512605,0.9361344537815126,0.969327731092437,94.18487394957982
mexc,BCHUSDT,BCH-USDT,BCH,USDT,True,1,True,443.1,986187.7,2227.95162,442.9,0.30994,443.1,0.31071,4.5146726862312745,137.272426,0.1,0.001,0.001,1.0,0.0,0.0005,exchangeInfo.quotePrecision/baseSizePrecision/quoteAmountPrecision,1,False,0.9588235294117647,0.9394957983193277,0.8894957983193277,94.0126050420168
mexc,HYPEUSDT,HYPE-USDT,HYPE,USDT,True,1,True,35.63,4903851.64,137377.27,35.62,1.24,35.63,42.23,2.807017543861085,44.1688,0.01,0.0,0.0,1.0,0.0,0.0005,exchangeInfo.quotePrecision/baseSizePrecision/quoteAmountPrecision,1,False,0.9920168067226891,0.9668067226890756,0.7617647058823529,93.96638655462186
mexc,XMRUSDT,XMR-USDT,XMR,USDT,True,1,True,316.16,1844229.66,5699.465,315.74,0.906,316.04,2.918,9.49697679572039,286.06044,0.01,0.001,0.001,1.0,0.0,0.0005,exchangeInfo.quotePrecision/baseSizePrecision/quoteAmountPrecision,1,False,0.976890756302521,0.8466386554621849,0.9365546218487395,93.62605042016807
mexc,MNTUSDT,MNT-USDT,MNT,USDT,True,1,True,0.6753,951752.8104,1408201.07,0.6753,175.54,0.6755,130.8,2.9612081729342314,88.3554,0.0001,0.0,0.0,1.0,0.0,0.0005,exchangeInfo.quotePrecision/baseSizePrecision/quoteAmountPrecision,1,False,0.9575630252100841,0.9630252100840336,0.8407563025210084,93.55672268907564
mexc,HUMAUSDT,HUMA-USDT,HUMA,USDT,True,1,True,0.01463,1344054.25256,96125469.74,0.01466,36848.0,0.01467,8971.2,6.818956699625862,131.607504,1e-05,0.0,0.0,1.0,0.0,0.0005,exchangeInfo.quotePrecision/baseSizePrecision/quoteAmountPrecision,1,False,0.9672268907563025,0.896218487394958,0.8873949579831932,93.35084033613445
mexc,OPUSDT,OP-USDT,OP,USDT,True,1,True,0.1102,1584179.6869,14493208.69,0.11,32100.93,0.1101,2156.8,9.086778736938015,237.46368000000004,0.0001,0.01,0.01,1.0,0.0,0.0005,exchangeInfo.quotePrecision/baseSizePrecision/quoteAmountPrecision,1,False,0.9714285714285714,0.8542016806722689,0.9235294117647059,93.25420168067228
mexc,ASTERUSDT,ASTER-USDT,ASTER,USDT,True,1,True,0.6551,1128914.6376,1710474.82,0.655,610.77,0.6554,160.92,6.105006105005433,105.466968,0.0001,0.0,0.0,1.0,0.0,0.0005,exchangeInfo.quotePrecision/baseSizePrecision/quoteAmountPrecision,1,False,0.9626050420168067,0.9088235294117647,0.869327731092437,93.05042016806723
mexc,TAOUSDC,TAO-USDC,TAO,USDC,True,1,True,308.58,1786722.2,5795.03,308.25,0.14,308.34,0.14,2.91928185666245,43.155,0.01,0.0,0.0,1.0,0.0,0.0,exchangeInfo.quotePrecision/baseSizePrecision/quoteAmountPrecision,1,False,0.9764705882352941,0.9642857142857143,0.7588235294117647,92.98949579831934
mexc,FETUSDT,FET-USDT,FET,USDT,True,1,True,0.238,1530134.4701,6512958.37,0.2381,4694.24,0.2382,227.44,4.199034222128447,54.176207999999995,0.0001,0.001,0.001,1.0,0.0,0.0005,exchangeInfo.quotePrecision/baseSizePrecision/quoteAmountPrecision,1,False,0.9710084033613445,0.9420168067226891,0.7899159663865546,92.75420168067227
mexc,BDXUSDT,BDX-USDT,BDX,USDT,True,1,True,0.08031,1106559.50807,13810801.06,0.08029,1122.49,0.08034,5076.35,6.225487144368362,90.1247221,1e-05,0.0001,0.0001,1.0,0.0,0.0005,exchangeInfo.quotePrecision/baseSizePrecision/quoteAmountPrecision,1,False,0.9621848739495799,0.9054621848739496,0.8457983193277311,92.47268907563026
mexc,CAKEUSDT,CAKE-USDT,CAKE,USDT,True,1,True,1.345,439868.196,328967.54,1.344,1843.19,1.345,949.99,7.437709185570025,1277.73655,0.001,0.001,0.001,1.0,0.0,0.0005,exchangeInfo.quotePrecision/baseSizePrecision/quoteAmountPrecision,1,False,0.9176470588235294,0.8831932773109243,0.9840336134453781,92.23109243697479
mexc,TAOUSDT,TAO-USDT,TAO,USDT,True,1,True,308.58,8894421.34,28830.003,308.3,0.066,308.34,0.142,1.2973533990647257,20.347800000000003,0.01,0.01,0.01,1.0,0.0,0.0005,exchangeInfo.quotePrecision/baseSizePrecision/quoteAmountPrecision,1,False,0.996218487394958,0.9815126050420168,0.6445378151260505,92.22058823529413
mexc,USDCEUR,USDC-EUR,USDC,EUR,True,1,True,0.8687,416645.2807,480179.67,0.8681,330.12,0.8685,269.88,4.606702752505665,234.39078,0.0001,0.0,0.0,1.0,0.0,0.0,exchangeInfo.quotePrecision/baseSizePrecision/quoteAmountPrecision,1,False,0.9130252100840336,0.938655462184874,0.9214285714285714,92.11134453781511
mexc,KAITOUSDT,KAITO-USDT,KAITO,USDT,True,1,True,0.4157,632685.8172,1476484.29,0.4159,216.0,0.4161,781.2,4.807692307693112,89.8344,0.0001,0.0,0.0,1.0,0.0,0.0005,exchangeInfo.quotePrecision/baseSizePrecision/quoteAmountPrecision,1,False,0.9399159663865546,0.9348739495798319,0.8441176470588235,91.94957983193278
mexc,APEUSDT,APE-USDT,APE,USDT,True,1,True,0.088,643357.466,7229921.03,0.0878,28429.8,0.0879,12347.65,11.38303927148581,1085.358435,0.0001,0.01,0.01,1.0,0.0,0.0005,exchangeInfo.quotePrecision/baseSizePrecision/quoteAmountPrecision,1,False,0.9407563025210084,0.8189075630252101,0.9815126050420168,91.84453781512606
mexc,QNTUSDT,QNT-USDT,QNT,USDT,True,1,True,76.5,797911.15,10512.96,76.43,2.44,76.5,2.44,9.15451513764378,186.4892,0.01,0.01,0.01,1.0,0.0,0.0005,exchangeInfo.quotePrecision/baseSizePrecision/quoteAmountPrecision,1,False,0.9525210084033613,0.8529411764705882,0.9063025210084034,91.83823529411765
mexc,POLUSDT,POL-USDT,POL,USDT,True,1,True,0.09235,742006.81258,8013834.29,0.09233,5855.25,0.09238,903.31,5.413892046993491,83.4477778,1e-05,0.0,0.0,1.0,0.0,0.0005,exchangeInfo.quotePrecision/baseSizePrecision/quoteAmountPrecision,1,False,0.9470588235294117,0.9222689075630253,0.8336134453781513,91.8172268907563
mexc,NEARUSDT,NEAR-USDT,NEAR,USDT,True,1,True,1.2102,4133921.9738,3429320.72,1.2094,20.44,1.2097,17.01,2.4802612541851676,20.576997000000002,0.0001,0.0001,0.0001,1.0,0.0,0.0005,exchangeInfo.quotePrecision/baseSizePrecision/quoteAmountPrecision,1,False,0.9911764705882353,0.9710084033613445,0.6457983193277311,91.70588235294119
mexc,VETUSDT,VET-USDT,VET,USDT,True,1,True,0.006992,444734.314261,63906519.03,0.006991,41339.12,0.006993,12960.0,2.8604118993138807,90.62928,1e-06,10.0,10.0,1.0,0.0,0.0005,exchangeInfo.quotePrecision/baseSizePrecision/quoteAmountPrecision,1,False,0.9184873949579831,0.9651260504201681,0.8474789915966386,91.59453781512606
mexc,MBLUSDT,MBL-USDT,MBL,USDT,True,1,True,0.0009405,670529.4622657,716849450.17,0.00094,567681.02,0.0009411,1007886.4,11.695284673861899,533.6201588,1e-07,0.001,0.001,1.0,0.0,0.0005,exchangeInfo.quotePrecision/baseSizePrecision/quoteAmountPrecision,1,False,0.9432773109243697,0.8142857142857143,0.9663865546218487,91.56512605042018
mexc,ZROUSDT,ZRO-USDT,ZRO,USDT,True,1,True,1.881,537807.003,282237.68,1.879,502.36,1.881,575.22,10.638297872340436,943.93444,0.001,0.0,0.0,1.0,0.0,0.0005,exchangeInfo.quotePrecision/baseSizePrecision/quoteAmountPrecision,1,False,0.930672268907563,0.8289915966386554,0.9789915966386554,91.49159663865547
mexc,YBUSDT,YB-USDT,YB,USDT,True,1,True,0.1324,846240.5301,6256493.95,0.1324,6256.88,0.1326,15011.93,15.09433962264194,828.4109119999999,0.0001,0.0,0.0,1.0,0.0,0.0005,exchangeInfo.quotePrecision/baseSizePrecision/quoteAmountPrecision,1,False,0.9537815126050421,0.7747899159663866,0.9773109243697479,91.37394957983193
mexc,BLURUSDT,BLUR-USDT,BLUR,USDT,True,1,True,0.01976,539604.44023,26738840.0,0.01976,6388.16,0.01977,4500.0,5.059448520111102,88.965,1e-05,0.0,0.0,1.0,0.0,0.0005,exchangeInfo.quotePrecision/baseSizePrecision/quoteAmountPrecision,1,False,0.9310924369747899,0.9281512605042017,0.842436974789916,91.26260504201682
mexc,ARBUSDT,ARB-USDT,ARB,USDT,True,1,True,0.09242,1289009.93353,13829490.42,0.09243,1201.09,0.09246,321.03,3.245172805452133,29.6824338,1e-05,0.0,0.0,1.0,0.0,0.0005,exchangeInfo.quotePrecision/baseSizePrecision/quoteAmountPrecision,1,False,0.965546218487395,0.9588235294117647,0.7029411764705882,91.13445378151262
mexc,TUSDUSDT,TUSD-USDT,TUSD,USDT,True,1,True,0.9997,220932.2897,220988.51,0.9996,2858.4,0.9997,500.0,1.0003501225427798,499.85,0.0001,0.0001,0.0001,1.0,0.0,0.0005,exchangeInfo.quotePrecision/baseSizePrecision/quoteAmountPrecision,1,False,0.8546218487394958,0.9918067226890757,0.9634453781512605,91.06827731092437
mexc,ETCUSDT,ETC-USDT,ETC,USDT,True,1,True,8.1,519524.91,64692.819,8.08,1318.111,8.09,219.256,12.36858379715496,1773.78104,0.01,0.1,0.1,1.0,0.0,0.0005,exchangeInfo.quotePrecision/baseSizePrecision/quoteAmountPrecision,1,False,0.9289915966386555,0.8058823529411765,0.9869747899159664,90.98109243697479
mexc,FIDAUSDT,FIDA-USDT,FIDA,USDT,True,1,True,0.0186,3665226.54084,188862930.66,0.01858,63880.85,0.01862,16783.84,21.50537634408701,312.5151008,1e-05,0.01,0.01,1.0,0.0,0.0005,exchangeInfo.quotePrecision/baseSizePrecision/quoteAmountPrecision,1,False,0.9890756302521009,0.7042016806722688,0.9441176470588235,90.88655462184875
mexc,METUSDT,MET-USDT,MET,USDT,True,1,True,0.1284,598115.9168,4547174.09,0.1283,838.8,0.1284,5493.52,7.791195948577249,107.61804,0.0001,0.0,0.0,1.0,0.0,0.0005,exchangeInfo.quotePrecision/baseSizePrecision/quoteAmountPrecision,1,False,0.9373949579831933,0.8760504201680672,0.8714285714285714,90.88655462184873
mexc,GRTUSDT,GRT-USDT,GRT,USDT,True,1,True,0.02392,266186.39831,11047973.13,0.02392,13761.6,0.02393,35128.0,4.1797283176591815,329.177472,1e-05,0.001,0.001,1.0,0.0,0.0005,exchangeInfo.quotePrecision/baseSizePrecision/quoteAmountPrecision,1,False,0.8794117647058823,0.942436974789916,0.9466386554621848,90.86134453781513
mexc,NEOUSDT,NEO-USDT,NEO,USDT,True,1,True,2.834,619603.687,220140.63,2.833,32.4,2.835,109.384,7.057163020464996,91.78920000000001,0.001,0.1,0.1,1.0,0.0,0.0005,exchangeInfo.quotePrecision/baseSizePrecision/quoteAmountPrecision,1,False,0.938655462184874,0.8903361344537815,0.8483193277310924,90.85084033613445
mexc,ZKUSDT,ZK-USDT,ZK,USDT,True,1,True,0.01539,491929.85184,30509523.74,0.01538,173320.56,0.01539,6839.68,6.499837504062135,105.2626752,1e-05,0.0,0.0,1.0,0.0,0.0005,exchangeInfo.quotePrecision/baseSizePrecision/quoteAmountPrecision,1,False,0.9239495798319328,0.9025210084033614,0.8684873949579832,90.75
mexc,ETHFIUSDT,ETHFI-USDT,ETHFI,USDT,True,1,True,0.441,1652688.4239,3735574.87,0.441,112.48,0.4413,75.08,6.800408024481977,33.132804,0.0001,0.0,0.0,1.0,0.0,0.0005,exchangeInfo.quotePrecision/baseSizePrecision/quoteAmountPrecision,1,False,0.9726890756302521,0.8970588235294118,0.7235294117647059,90.39495798319328
mexc,LUNCUSDT,LUNC-USDT,LUNC,USDT,True,1,True,3.683e-05,719924.98679886,19582128738.66,3.681e-05,31182834.65,3.684e-05,2204151.04,8.14663951120109,81.2009243136,1e-08,0.001,0.001,1.0,0.0,0.0005,exchangeInfo.quotePrecision/baseSizePrecision/quoteAmountPrecision,1,False,0.9453781512605042,0.8697478991596639,0.8302521008403362,90.34453781512606
mexc,ZENUSDT,ZEN-USDT,ZEN,USDT,True,1,True,5.173,487297.185,94703.52,5.172,20.02,5.175,15.92,5.798782255726517,82.386,0.001,0.001,0.001,1.0,0.0,0.0005,exchangeInfo.quotePrecision/baseSizePrecision/quoteAmountPrecision,1,False,0.923109243697479,0.915126050420168,0.8323529411764706,90.29621848739497
mexc,ETHUSDC,ETH-USDC,ETH,USDC,True,1,True,2052.9,3911611.04,1903.31771,2053.12,0.1,2053.34,0.00536,1.07148249343841,11.005902400000002,0.01,1e-06,1e-06,1.0,0.0,0.0,exchangeInfo.quotePrecision/baseSizePrecision/quoteAmountPrecision,1,False,0.9903361344537815,0.9890756302521009,0.55,90.19537815126051
mexc,ORDIUSDT,ORDI-USDT,ORDI,USDT,True,1,True,2.477,403304.932,167494.4,2.474,90.38,2.476,288.5,8.080808080807191,223.60012,0.001,0.0,0.0,1.0,0.0,0.0005,exchangeInfo.quotePrecision/baseSizePrecision/quoteAmountPrecision,1,False,0.9109243697478991,0.871218487394958,0.9155462184873949,90.1922268907563
mexc,SAHARAUSDT,SAHARA-USDT,SAHARA,USDT,True,1,True,0.02087,348099.32072,16686470.91,0.02088,7370.4,0.02089,4320.0,4.788125448886565,90.2448,1e-05,0.0,0.0,1.0,0.0,0.0005,exchangeInfo.quotePrecision/baseSizePrecision/quoteAmountPrecision,1,False,0.9012605042016807,0.9357142857142857,0.8470588235294118,89.90336134453783
mexc,SFPUSDT,SFP-USDT,SFP,USDT,True,1,True,0.2938,758091.395,2692548.13,0.2938,153.19,0.294,154.9,6.805035726436815,45.007222,0.0001,0.001,0.001,1.0,0.0,0.0005,exchangeInfo.quotePrecision/baseSizePrecision/quoteAmountPrecision,1,False,0.9483193277310924,0.8966386554621849,0.765126050420168,89.87605042016807
mexc,FILUSDT,FIL-USDT,FIL,USDT,True,1,True,0.8366,1681291.6402,2009597.588,0.8361,27.788,0.8366,42.51,5.978358342799737,23.2335468,0.0001,0.0001,0.0001,1.0,0.0,0.0005,exchangeInfo.quotePrecision/baseSizePrecision/quoteAmountPrecision,1,False,0.9735294117647059,0.911344537815126,0.6672268907563025,89.67226890756304
mexc,WLFIUSDT,WLFI-USDT,WLFI,USDT,True,1,True,0.09857,1782291.1722,18029885.17,0.09851,430.97,0.09861,5119.28,10.146103896104187,42.454854700000006,1e-05,0.0,0.0,1.0,0.0,0.0005,exchangeInfo.quotePrecision/baseSizePrecision/quoteAmountPrecision,1,False,0.9756302521008403,0.834873949579832,0.7563025210084033,89.6575630252101
mexc,OGNUSDT,OGN-USDT,OGN,USDT,True,1,True,0.02101,935164.72858,42142958.45,0.02101,5081.6,0.02104,8000.0,14.268727705112378,106.76441600000001,1e-05,0.01,0.01,1.0,0.0,0.0005,exchangeInfo.quotePrecision/baseSizePrecision/quoteAmountPrecision,1,False,0.9567226890756303,0.7840336134453781,0.8705882352941177,89.63235294117649
mexc,ACHUSDT,ACH-USDT,ACH,USDT,True,1,True,0.006243,909985.473353,145832052.09,0.00624,140342.4,0.00625,24034.88,16.012810248199294,150.21800000000002,1e-06,0.001,0.001,1.0,0.0,0.0005,exchangeInfo.quotePrecision/baseSizePrecision/quoteAmountPrecision,1,False,0.9558823529411765,0.7672268907563025,0.8936974789915967,89.62815126050421
mexc,LINKUSDT,LINK-USDT,LINK,USDT,True,1,True,8.664,2315755.8,266567.74,8.663,1.23,8.664,10.3,1.1542679055802458,10.65549,0.001,0.01,0.01,1.0,0.0,0.0005,exchangeInfo.quotePrecision/baseSizePrecision/quoteAmountPrecision,1,False,0.9815126050420168,0.9852941176470589,0.5432773109243697,89.48109243697479
mexc,MXUSDC,MX-USDC,MX,USDC,True,1,True,1.781,325630.059,182563.75,1.78,709.68,1.782,5889.01,11.229646266142627,1263.2304,0.001,1e-05,1e-05,1.0,0.0,0.0,exchangeInfo.quotePrecision/baseSizePrecision/quoteAmountPrecision,1,False,0.8953781512605042,0.8201680672268907,0.9836134453781512,89.42226890756302
mexc,KITEUSDT,KITE-USDT,KITE,USDT,True,1,True,0.13717,329753.84763,2425793.1,0.13688,3650.53,0.13702,6602.46,10.22270901788983,499.68454640000004,1e-05,0.0,0.0,1.0,0.0,0.0005,exchangeInfo.quotePrecision/baseSizePrecision/quoteAmountPrecision,1,False,0.896218487394958,0.8336134453781513,0.9630252100840336,89.39285714285715
mexc,AUSDT,A-USDT,A,USDT,True,1,True,0.07966,418876.90825,5252152.27,0.0796,3976.48,0.0797,15290.79,12.554927809163715,316.527808,1e-05,0.0,0.0,1.0,0.0,0.0005,exchangeInfo.quotePrecision/baseSizePrecision/quoteAmountPrecision,1,False,0.9147058823529411,0.8029411764705883,0.9445378151260504,89.27310924369748
mexc,MONUSDT,MON-USDT,MON,USDT,True,1,True,0.02714,403037.61896,15266682.32,0.02712,1678.64,0.02713,9582.22,3.6866359447015893,45.5247168,1e-05,0.0,0.0,1.0,0.0,0.0005,exchangeInfo.quotePrecision/baseSizePrecision/quoteAmountPrecision,1,False,0.9105042016806723,0.9495798319327731,0.7668067226890757,89.15336134453783
mexc,PEPEUSDT,PEPE-USDT,PEPE,USDT,True,1,True,3.418e-06,8533436.8394129,2478039460742.0,3.417e-06,18612952.0,3.419e-06,3859366.0,5.851375073141388,13.195172353999999,1e-09,0.0,0.0,1.0,0.0,0.0005,exchangeInfo.quotePrecision/baseSizePrecision/quoteAmountPrecision,1,False,0.9957983193277311,0.9138655462184874,0.5756302521008403,89.12815126050421
mexc,DEXEUSDT,DEXE-USDT,DEXE,USDT,True,1,True,8.07,360718.112,44423.2,8.066,44.78,8.072,12.42,7.435865658691847,100.25424,0.001,0.001,0.001,1.0,0.0,0.0005,exchangeInfo.quotePrecision/baseSizePrecision/quoteAmountPrecision,1,False,0.9046218487394958,0.8836134453781512,0.8634453781512605,89.11344537815127
mexc,GUNUSDT,GUN-USDT,GUN,USDT,True,1,True,0.0153,276756.44811,17825588.6,0.01529,12115.2,0.0153,9875.2,6.538084341287736,151.09056,1e-05,0.0,0.0,1.0,0.0,0.0005,exchangeInfo.quotePrecision/baseSizePrecision/quoteAmountPrecision,1,False,0.8848739495798319,0.9012605042016807,0.8945378151260505,89.09033613445378
mexc,XRPBRL,XRP-BRL,XRP,BRL,True,1,True,6.824,1141320.106,167171.3,6.817,29.79,6.831,76.15,20.515826494724845,203.07843,0.001,0.0,0.0,5.0,0.0,0.0005,exchangeInfo.quotePrecision/baseSizePrecision/quoteAmountPrecision,1,False,0.9630252100840336,0.7138655462184874,0.9121848739495798,89.05672268907564
mexc,BRLUSDT,BRL-USDT,BRL,USDT,True,1,True,0.1931,187181.3329,969472.2,0.1931,184248.02,0.1932,97820.34,5.17732332384244,18898.889688,0.0001,0.0,0.0,1.0,0.0,0.0005,exchangeInfo.quotePrecision/baseSizePrecision/quoteAmountPrecision,1,False,0.834873949579832,0.9260504201680673,0.9970588235294118,89.01050420168069
mexc,TFUELUSDT,TFUEL-USDT,TFUEL,USDT,True,1,True,0.01102,562196.97307,51336482.22,0.01102,34128.44,0.01104,34373.87,18.13236627379799,376.09540880000003,1e-05,0.0,0.0,1.0,0.0,0.0005,exchangeInfo.quotePrecision/baseSizePrecision/quoteAmountPrecision,1,False,0.9327731092436975,0.7432773109243698,0.9508403361344537,88.90126050420169
mexc,ENAUSDT,ENA-USDT,ENA,USDT,True,1,True,0.07973,2565198.32162,31576266.33,0.07971,165.7,0.07975,2525.1,5.016932145992521,13.207946999999999,1e-05,0.0,0.0,1.0,0.0,0.0005,exchangeInfo.quotePrecision/baseSizePrecision/quoteAmountPrecision,1,False,0.9840336134453781,0.9298319327731093,0.5764705882352941,88.8970588235294
mexc,PENDLEUSDT,PENDLE-USDT,PENDLE,USDT,True,1,True,1.066,253161.573,233954.38,1.066,1133.12,1.067,2265.76,9.376465072666571,1207.90592,0.001,0.0001,0.0001,1.0,0.0,0.0005,exchangeInfo.quotePrecision/baseSizePrecision/quoteAmountPrecision,1,False,0.8726890756302521,0.8483193277310924,0.9827731092436974,88.86134453781513
mexc,XDCUSDT,XDC-USDT,XDC,USDT,True,1,True,0.03057,465009.81484,15453725.56,0.03057,1051.18,0.03058,1032.34,3.2706459525755007,31.568957199999996,1e-05,0.0,0.0,1.0,0.0,0.0005,exchangeInfo.quotePrecision/baseSizePrecision/quoteAmountPrecision,1,False,0.9205882352941176,0.9571428571428572,0.7138655462184874,88.83823529411765
mexc,SEIUSDT,SEI-USDT,SEI,USDT,True,1,True,0.05445,2128204.57756,39429383.57,0.05444,463.73,0.05449,2269.59,9.180207472687872,25.2454612,1e-05,0.0,0.0,1.0,0.0,0.0005,exchangeInfo.quotePrecision/baseSizePrecision/quoteAmountPrecision,1,False,0.980672268907563,0.8516806722689075,0.6789915966386555,88.80882352941177
mexc,STOUSDT,STO-USDT,STO,USDT,True,1,True,0.1425,17577918.71102,124466661.41,0.14239,679.03,0.14252,132.23,9.125688814012776,18.8454196,1e-05,0.0,0.0,1.0,0.0,0.0005,exchangeInfo.quotePrecision/baseSizePrecision/quoteAmountPrecision,1,False,0.9974789915966387,0.8533613445378151,0.6302521008403361,88.80042016806723
mexc,INJUSDT,INJ-USDT,INJ,USDT,True,1,True,2.793,595708.564,212991.98,2.791,270.67,2.792,8.55,3.5823034210993723,23.8716,0.001,0.0,0.0,1.0,0.0,0.0005,exchangeInfo.quotePrecision/baseSizePrecision/quoteAmountPrecision,1,False,0.9369747899159664,0.9504201680672268,0.6714285714285714,88.72268907563026
mexc,TRIAUSDT,TRIA-USDT,TRIA,USDT,True,1,True,0.02719,418450.7795,16376895.38,0.02717,2510.75,0.02719,33076.08,7.358351729212357,68.2170775,1e-05,0.0,0.0,1.0,0.0,0.0005,exchangeInfo.quotePrecision/baseSizePrecision/quoteAmountPrecision,1,False,0.9142857142857143,0.8848739495798319,0.8084033613445378,88.57563025210085
mexc,CFGUSDT,CFG-USDT,CFG,USDT,True,1,True,0.1652,747678.6442,4508932.22,0.1651,4317.52,0.1653,396.24,12.106537530266689,65.498472,0.0001,0.0,0.0,1.0,0.0,0.0005,exchangeInfo.quotePrecision/baseSizePrecision/quoteAmountPrecision,1,False,0.9478991596638655,0.8092436974789916,0.8042016806722689,88.44957983193277
mexc,ONGUSDT,ONG-USDT,ONG,USDT,True,1,True,0.09722,5171761.00016,54391810.2,0.09684,191.2,0.09693,218.61,9.289363678588712,18.515807999999996,1e-05,0.001,0.001,1.0,0.0,0.0005,exchangeInfo.quotePrecision/baseSizePrecision/quoteAmountPrecision,1,False,0.9928571428571429,0.8495798319327731,0.626890756302521,88.38445378151262
mexc,IDOLUSDT,IDOL-USDT,IDOL,USDT,True,1,True,0.02283,509896.5002,22247586.48,0.02283,1989.77,0.02284,1163.61,4.379242391066167,26.576852399999996,1e-05,0.0,0.0,1.0,0.0,0.0005,exchangeInfo.quotePrecision/baseSizePrecision/quoteAmountPrecision,1,False,0.9273109243697479,0.9407563025210084,0.6857142857142857,88.23529411764707
mexc,STEEMUSDT,STEEM-USDT,STEEM,USDT,True,1,True,0.05935,378260.40604,6432743.24,0.05935,850.72,0.05938,710.64,5.0534826918221585,42.1978032,1e-05,5.0,5.0,1.0,0.0,0.0005,exchangeInfo.quotePrecision/baseSizePrecision/quoteAmountPrecision,1,False,0.9071428571428571,0.9285714285714286,0.7542016806722689,88.19117647058825
mexc,NOMUSDT,NOM-USDT,NOM,USDT,True,1,True,0.00605,744505.286631,112558842.33,0.006049,92768.0,0.006062,37208.0,21.468086863182215,225.55489599999999,1e-06,0.0,0.0,1.0,0.0,0.0005,exchangeInfo.quotePrecision/baseSizePrecision/quoteAmountPrecision,1,False,0.9474789915966386,0.7046218487394957,0.9176470588235294,88.07983193277312
mexc,CFXUSDT,CFX-USDT,CFX,USDT,True,1,True,0.0522,225941.34617,4322745.04,0.05219,1820.0,0.05221,1820.0,3.831417624520917,94.9858,1e-05,0.0001,0.0001,1.0,0.0,0.0005,exchangeInfo.quotePrecision/baseSizePrecision/quoteAmountPrecision,1,False,0.8596638655462185,0.9474789915966386,0.8542016806722689,88.05252100840337
mexc,FFUSDT,FF-USDT,FF,USDT,True,1,True,0.06925,204755.62025,2944510.75,0.06927,2212.0,0.06928,1296.0,1.4435221941531753,89.78688,1e-05,0.0,0.0,1.0,0.0,0.0005,exchangeInfo.quotePrecision/baseSizePrecision/quoteAmountPrecision,1,False,0.8478991596638655,0.9802521008403361,0.8436974789915966,88.01470588235296
mexc,APTUSDT,APT-USDT,APT,USDT,True,1,True,0.8487,963492.7866,1122606.55,0.8485,107.29,0.8488,15.55,3.5350262181107284,13.19884,0.0001,0.0001,0.0001,1.0,0.0,0.0005,exchangeInfo.quotePrecision/baseSizePrecision/quoteAmountPrecision,1,False,0.957983193277311,0.9516806722689075,0.5760504201680672,88.00210084033613
mexc,MUSDT,M-USDT,M,USDT,True,1,True,2.71457,923776.96574,349688.15,2.7164,11.8,2.7191,12.21,9.934688621101738,32.053520000000006,1e-05,0.0,0.0,1.0,0.0,0.0005,exchangeInfo.quotePrecision/baseSizePrecision/quoteAmountPrecision,1,False,0.9563025210084034,0.8390756302521009,0.7168067226890756,87.90966386554622
mexc,BMTUSDT,BMT-USDT,BMT,USDT,True,1,True,0.0146,258833.0004,17863015.97,0.01459,6892.08,0.0146,10773.22,6.851661527920241,100.5554472,1e-05,0.0,0.0,1.0,0.0,0.0005,exchangeInfo.quotePrecision/baseSizePrecision/quoteAmountPrecision,1,False,0.876890756302521,0.8957983193277311,0.8642857142857143,87.90966386554622
mexc,SENTUSDT,SENT-USDT,SENT,USDT,True,1,True,0.01625,269246.40456,16299968.91,0.01624,5400.0,0.01625,57792.8,6.155740227762137,87.69600000000001,1e-05,0.0,0.0,1.0,0.0,0.0005,exchangeInfo.quotePrecision/baseSizePrecision/quoteAmountPrecision,1,False,0.8802521008403361,0.907563025210084,0.8390756302521009,87.8844537815126
mexc,SEDAUSDT,SEDA-USDT,SEDA,USDT,True,1,True,0.02171,421029.38562,19611552.02,0.02169,1944.75,0.0217,1346.43,4.609356994699052,29.217531,1e-05,0.0,0.0,1.0,0.0,0.0005,exchangeInfo.quotePrecision/baseSizePrecision/quoteAmountPrecision,1,False,0.9155462184873949,0.9382352941176471,0.7008403361344537,87.82773109243698
mexc,STABLEUSDT,STABLE-USDT,STABLE,USDT,True,1,True,0.027328,518000.923571,18372114.32,0.027329,1000.86,0.02734,780.26,4.024218478479794,21.3323084,1e-06,0.0,0.0,1.0,0.0,0.0005,exchangeInfo.quotePrecision/baseSizePrecision/quoteAmountPrecision,1,False,0.9285714285714286,0.9436974789915966,0.6529411764705882,87.72268907563026
mexc,XRPUSDC,XRP-USDC,XRP,USDC,True,1,True,1.3184,337347.5173,255984.19,1.3178,88.36,1.3185,32.6,5.310473011416931,42.9831,0.0001,0.0001,0.0001,1.0,0.0,0.0,exchangeInfo.quotePrecision/baseSizePrecision/quoteAmountPrecision,1,False,0.8987394957983194,0.9239495798319328,0.7579831932773109,87.6890756302521
mexc,CKBUSDT,CKB-USDT,CKB,USDT,True,1,True,0.001482,232069.80472,159460168.13,0.001483,87016.0,0.001484,411549.61,6.740815638693176,129.044728,1e-06,0.001,0.001,1.0,0.0,0.0005,exchangeInfo.quotePrecision/baseSizePrecision/quoteAmountPrecision,1,False,0.8634453781512605,0.8983193277310925,0.8861344537815126,87.6701680672269
mexc,XTZUSDT,XTZ-USDT,XTZ,USDT,True,1,True,0.3492,207177.0075,588752.65,0.349,1260.0,0.3491,252.0,2.86491906603766,87.9732,0.0001,0.1,0.1,1.0,0.0,0.0005,exchangeInfo.quotePrecision/baseSizePrecision/quoteAmountPrecision,1,False,0.8495798319327731,0.9647058823529412,0.8403361344537815,87.65126050420169
mexc,WUSDT,W-USDT,W,USDT,True,1,True,0.01323,536999.81181,39498470.2,0.01321,37821.48,0.01324,48004.07,22.68431001890398,499.62175080000003,1e-05,0.0,0.0,1.0,0.0,0.0005,exchangeInfo.quotePrecision/baseSizePrecision/quoteAmountPrecision,1,False,0.9302521008403362,0.6890756302521008,0.9626050420168067,87.64285714285714
mexc,VICUSDT,VIC-USDT,VIC,USDT,True,1,True,0.0471,1206667.46629,23522544.55,0.04707,3506.54,0.04711,448.37,8.494372478232824,21.1227107,1e-05,0.0001,0.0001,1.0,0.0,0.0005,exchangeInfo.quotePrecision/baseSizePrecision/quoteAmountPrecision,1,False,0.9642857142857143,0.861764705882353,0.6508403361344538,87.59663865546219
mexc,KASUSDT,KAS-USDT,KAS,USDT,True,1,True,0.030959,848945.077857,27367070.85,0.030944,2269.61,0.03098,1139.58,11.627155868484373,35.3041884,1e-06,0.001,0.001,1.0,0.0,0.0005,exchangeInfo.quotePrecision/baseSizePrecision/quoteAmountPrecision,1,False,0.9546218487394958,0.815546218487395,0.7327731092436974,87.54831932773111
mexc,ONTUSDT,ONT-USDT,ONT,USDT,True,1,True,0.10802,3856825.86174,35863648.68,0.10778,631.2,0.10784,77.6,5.565346442816482,8.368383999999999,1e-05,0.1,0.1,1.0,0.0,0.0005,exchangeInfo.quotePrecision/baseSizePrecision/quoteAmountPrecision,1,False,0.9899159663865547,0.9201680672268908,0.49831932773109244,87.41596638655464
mexc,TTNUSDT,TTN-USDT,TTN,USDT,True,1,True,0.08714,1876109.09586,21446945.22,0.08715,73.23,0.08716,100.39,1.1473811026327947,6.381994500000001,1e-05,0.0,0.0,1.0,0.0,0.0005,exchangeInfo.quotePrecision/baseSizePrecision/quoteAmountPrecision,1,False,0.9777310924369748,0.9857142857142858,0.44789915966386556,87.37605042016807
mexc,BONKUSDT,BONK-USDT,BONK,USDT,True,1,True,5.725e-06,550128.742729798,95571168059.0,5.722e-06,4731695.0,5.726e-06,13610570.0,6.988120195667891,27.074758789999997,1e-09,0.0,0.0,1.0,0.0,0.0005,exchangeInfo.quotePrecision/baseSizePrecision/quoteAmountPrecision,1,False,0.9315126050420168,0.8932773109243698,0.6903361344537815,87.3718487394958
mexc,PIPPINUSDT,PIPPIN-USDT,PIPPIN,USDT,True,1,True,0.028192,4925272.506656,115133029.92,0.028249,3384.73,0.028327,3098.76,27.573529411765296,87.77857452,1e-06,0.0,0.0,1.0,0.0,0.0005,exchangeInfo.quotePrecision/baseSizePrecision/quoteAmountPrecision,1,False,0.992436974789916,0.6386554621848739,0.8399159663865546,87.34873949579833
mexc,SPYONUSDT,SPYON-USDT,SPYON,USDT,True,1,True,655.64,170719.64,259.21,655.19,2.288,655.64,2.288,6.865878870638173,1499.07472,0.01,0.0,0.0,1.0,0.0,0.0005,exchangeInfo.quotePrecision/baseSizePrecision/quoteAmountPrecision,1,False,0.8226890756302521,0.8953781512605042,0.9852941176470589,87.33823529411767
mexc,BEAMXUSDT,BEAMX-USDT,BEAMX,USDT,True,1,True,0.001763,272399.09596,155180202.26,0.001762,214188.8,0.001764,121425.6,11.344299489506799,214.1947584,1e-06,0.0,0.0,1.0,0.0,0.0005,exchangeInfo.quotePrecision/baseSizePrecision/quoteAmountPrecision,1,False,0.8819327731092437,0.819327731092437,0.9138655462184874,87.26680672268907
mexc,BNBUSDC,BNB-USDC,BNB,USDC,True,1,True,588.4,490213.62,836.41,588.47,0.03,588.65,2.33,3.0583118118789927,17.6541,0.01,0.0001,0.0001,1.0,0.0,0.0,exchangeInfo.quotePrecision/baseSizePrecision/quoteAmountPrecision,1,False,0.9235294117647059,0.961764705882353,0.619327731092437,87.22478991596641
mexc,EDGEUSDT,EDGE-USDT,EDGE,USDT,True,1,True,1.1393,2566193.4691,2683197.4,1.1315,113.18,1.1349,529.49,30.00352982703909,128.06317,0.0001,0.0,0.0,1.0,0.0,0.0005,exchangeInfo.quotePrecision/baseSizePrecision/quoteAmountPrecision,1,False,0.9844537815126051,0.6096638655462185,0.8852941176470588,87.09243697478992
mexc,THEUSDT,THE-USDT,THE,USDT,True,1,True,0.0967,359192.4954,3808908.15,0.0966,8530.64,0.0968,9618.88,20.682523267837833,824.0598239999999,0.0001,0.0,0.0,1.0,0.0,0.0005,exchangeInfo.quotePrecision/baseSizePrecision/quoteAmountPrecision,1,False,0.9042016806722689,0.7121848739495799,0.976890756302521,87.07352941176471
mexc,COREUSDT,CORE-USDT,CORE,USDT,True,1,True,0.0246,289111.45878,11694528.32,0.02458,3164.07,0.0246,5518.2,8.133387555916707,77.77284060000001,1e-05,0.01,0.01,1.0,0.0,0.0005,exchangeInfo.quotePrecision/baseSizePrecision/quoteAmountPrecision,1,False,0.888235294117647,0.8701680672268908,0.8226890756302521,87.06092436974791
mexc,MANTAUSDT,MANTA-USDT,MANTA,USDT,True,1,True,0.06337,298950.55599,4717324.47,0.06333,1422.0,0.06339,1422.0,9.46969696969768,90.05525999999999,1e-05,0.0,0.0,1.0,0.0,0.0005,exchangeInfo.quotePrecision/baseSizePrecision/quoteAmountPrecision,1,False,0.8903361344537815,0.8470588235294118,0.8449579831932773,87.04411764705883
mexc,USDFUSDT,USDF-USDT,USDF,USDT,True,1,True,0.9984,125335.7656,125532.18,0.9983,1087.25,0.9984,4246.72,1.001652726999439,1085.401675,0.0001,0.0,0.0,1.0,0.0,0.0005,exchangeInfo.quotePrecision/baseSizePrecision/quoteAmountPrecision,1,False,0.7752100840336135,0.9903361344537815,0.9819327731092437,87.03361344537815
mexc,XMNUSDT,XMN-USDT,XMN,USDT,True,1,True,0.00494,625135.48352,119292530.88,0.00494,32366.64,0.00495,21482.14,20.22244691607778,106.33659300000001,1e-05,0.0,0.0,1.0,0.0,0.0005,exchangeInfo.quotePrecision/baseSizePrecision/quoteAmountPrecision,1,False,0.9394957983193277,0.7163865546218487,0.8697478991596639,86.97689075630252
mexc,SCRUSDT,SCR-USDT,SCR,USDT,True,1,True,0.04424,212357.61099,4737817.95,0.04423,2434.72,0.04424,1200.0,2.260653328812719,53.088,1e-05,0.0,0.0,1.0,0.0,0.0005,exchangeInfo.quotePrecision/baseSizePrecision/quoteAmountPrecision,1,False,0.8516806722689075,0.973109243697479,0.7878151260504201,86.92647058823529
mexc,IPUSDT,IP-USDT,IP,USDT,True,1,True,0.4954,561293.5484,1115063.44,0.4954,40.86,0.4957,46.04,6.053879527796731,20.242044,0.0001,0.0,0.0,1.0,0.0,0.0005,exchangeInfo.quotePrecision/baseSizePrecision/quoteAmountPrecision,1,False,0.9323529411764706,0.9096638655462185,0.6432773109243698,86.88655462184875
mexc,HEIUSDT,HEI-USDT,HEI,USDT,True,1,True,0.07946,703480.12335,8384033.85,0.07937,1796.24,0.07953,1161.2,20.138451856514457,92.35023600000001,1e-05,0.0,0.0,1.0,0.0,0.0005,exchangeInfo.quotePrecision/baseSizePrecision/quoteAmountPrecision,1,False,0.9449579831932773,0.7172268907563025,0.8487394957983193,86.8781512605042
mexc,CUSDT,C-USDT,C,USDT,True,1,True,0.08298,2710253.97581,33733084.82,0.08292,238.11,0.08303,1710.0,13.257005122026257,19.7440812,1e-05,0.0,0.0,1.0,0.0,0.0005,exchangeInfo.quotePrecision/baseSizePrecision/quoteAmountPrecision,1,False,0.9857142857142858,0.7932773109243698,0.6369747899159663,86.78571428571429
mexc,SUSHIUSDT,SUSHI-USDT,SUSHI,USDT,True,1,True,0.1923,182668.6697,938559.66,0.1923,716.0,0.1924,1918.0,5.198856251624071,137.6868,0.0001,0.1,0.1,1.0,0.0,0.0005,exchangeInfo.quotePrecision/baseSizePrecision/quoteAmountPrecision,1,False,0.8298319327731093,0.9256302521008404,0.8903361344537815,86.58823529411764
mexc,SOLBRL,SOL-BRL,SOL,BRL,True,1,True,415.61,563623.51,1362.887,415.56,0.358,416.49,0.893,22.35442581575643,148.77048,0.01,0.0,0.0,5.0,0.0,0.0005,exchangeInfo.quotePrecision/baseSizePrecision/quoteAmountPrecision,1,False,0.9331932773109244,0.6920168067226891,0.8928571428571429,86.48319327731093
mexc,XPLUSDT,XPL-USDT,XPL,USDT,True,1,True,0.10953,1432124.43668,12145063.74,0.10958,399.2,0.1098,415.2,20.056522928252164,43.744336,1e-05,0.0,0.0,1.0,0.0,0.0005,exchangeInfo.quotePrecision/baseSizePrecision/quoteAmountPrecision,1,False,0.9689075630252101,0.7184873949579832,0.761344537815126,86.47899159663866
mexc,SENTISUSDT,SENTIS-USDT,SENTIS,USDT,True,1,True,0.04906,310219.04991,6399950.81,0.04905,431.58,0.04906,538.27,2.038528182651335,21.168999,1e-05,0.0,0.0,1.0,0.0,0.0005,exchangeInfo.quotePrecision/baseSizePrecision/quoteAmountPrecision,1,False,0.8915966386554622,0.9747899159663865,0.6516806722689076,86.44117647058825
mexc,FDUSDUSDT,FDUSD-USDT,FDUSD,USDT,True,1,True,0.9991,114094.858,114194.64,0.9991,443825.26,0.9992,503097.64,1.0008507231145374,443425.817266,0.0001,0.0,0.0,1.0,0.0,0.0005,exchangeInfo.quotePrecision/baseSizePrecision/quoteAmountPrecision,1,False,0.757563025210084,0.9907563025210084,0.9991596638655462,86.41806722689076
mexc,OPNUSDT,OPN-USDT,OPN,USDT,True,1,True,0.1823,154076.9077,831575.92,0.182,1791.2,0.1821,3911.44,5.492996429553242,325.9984,0.0001,0.0,0.0,1.0,0.0,0.0005,exchangeInfo.quotePrecision/baseSizePrecision/quoteAmountPrecision,1,False,0.807563025210084,0.9214285714285715,0.946218487394958,86.37605042016808
mexc,GOLD(XAUT)USDC,GOLD(XAUT)-USDC,GOLD(XAUT),USDC,True,1,True,4631.1,119666.4,25.86532,4630.8,2.95691,4631.4,0.31229,1.2955885210845248,1446.339906,0.1,0.0,0.0,1.0,0.0,0.0,exchangeInfo.quotePrecision/baseSizePrecision/quoteAmountPrecision,1,False,0.765126050420168,0.9819327731092437,0.984873949579832,86.32773109243698
mexc,INITUSDT,INIT-USDT,INIT,USDT,True,1,True,0.0821,414107.80926,5027557.16,0.08208,3004.4,0.08222,1217.22,17.04199634814379,100.07982840000001,1e-05,0.0,0.0,1.0,0.0,0.0005,exchangeInfo.quotePrecision/baseSizePrecision/quoteAmountPrecision,1,False,0.9121848739495798,0.7546218487394958,0.8630252100840337,86.29621848739497
mexc,MASKUSDT,MASK-USDT,MASK,USDT,True,1,True,0.4546,760940.4742,1675476.07,0.4538,148.36,0.4546,99.96,17.61338617349236,45.441815999999996,0.0001,0.001,0.001,1.0,0.0,0.0005,exchangeInfo.quotePrecision/baseSizePrecision/quoteAmountPrecision,1,False,0.9487394957983193,0.7483193277310924,0.7659663865546219,86.20798319327731
mexc,ENJUSDT,ENJ-USDT,ENJ,USDT,True,1,True,0.0199,226489.43075,11118951.66,0.01988,7646.32,0.0199,8519.04,10.055304172952566,152.00884159999998,1e-05,5.0,5.0,1.0,0.0,0.0005,exchangeInfo.quotePrecision/baseSizePrecision/quoteAmountPrecision,1,False,0.8605042016806723,0.8361344537815126,0.8957983193277311,86.14705882352942
mexc,BULLAUSDT,BULLA-USDT,BULLA,USDT,True,1,True,0.005704,245347.42326,39657137.92,0.005701,50000.0,0.005709,59380.0,14.022787028920819,285.05,1e-06,0.0,0.0,1.0,0.0,0.0005,exchangeInfo.quotePrecision/baseSizePrecision/quoteAmountPrecision,1,False,0.8684873949579832,0.7865546218487395,0.9357142857142857,86.14495798319328
mexc,ADAUSDC,ADA-USDC,ADA,USDC,True,1,True,0.246,328248.404,1336313.0,0.246,171.69,0.2462,337.1,8.126777732629245,42.23574,0.0001,0.001,0.001,1.0,0.0,0.0,exchangeInfo.quotePrecision/baseSizePrecision/quoteAmountPrecision,1,False,0.8957983193277311,0.8705882352941177,0.7550420168067227,86.1344537815126
mexc,CETUSUSDT,CETUS-USDT,CETUS,USDT,True,1,True,0.019,663850.87004,33527464.4,0.019,1370.48,0.01902,1276.04,10.520778537611356,24.2702808,1e-05,0.0,0.0,1.0,0.0,0.0005,exchangeInfo.quotePrecision/baseSizePrecision/quoteAmountPrecision,1,False,0.942436974789916,0.830672268907563,0.6726890756302522,86.0546218487395
mexc,BNTUSDT,BNT-USDT,BNT,USDT,True,1,True,0.2812,504345.6666,1782266.64,0.2809,1339.52,0.2814,272.08,17.784101013693775,76.563312,0.0001,0.1,0.1,1.0,0.0,0.0005,exchangeInfo.quotePrecision/baseSizePrecision/quoteAmountPrecision,1,False,0.926890756302521,0.746218487394958,0.8210084033613445,86.0546218487395
mexc,ETHUSDT,ETH-USDT,ETH,USDT,True,1,True,2053.39,101358258.6,49306.90623,2053.49,33.4128,2053.5,0.00147,0.048697464567570306,3.018645,0.01,0.0001,0.0001,1.0,0.0,0.0005,exchangeInfo.quotePrecision/baseSizePrecision/quoteAmountPrecision,1,False,0.9995798319327731,0.9978991596638656,0.30126050420168066,85.94957983193278
mexc,BIOUSDT,BIO-USDT,BIO,USDT,True,1,True,0.01713,615330.16479,35606334.1,0.01712,5841.99,0.01715,2880.82,17.508024511233604,49.406062999999996,1e-05,0.0,0.0,1.0,0.0,0.0005,exchangeInfo.quotePrecision/baseSizePrecision/quoteAmountPrecision,1,False,0.9378151260504202,0.75,0.7777310924369748,85.88445378151262
mexc,PIUSDT,PI-USDT,PI,USDT,True,1,True,0.17314,198293.85223,1162037.31,0.17352,500.0,0.17362,6910.85,5.761364291063489,86.76,1e-05,0.0,0.0,1.0,0.0,0.0005,exchangeInfo.quotePrecision/baseSizePrecision/quoteAmountPrecision,1,False,0.8403361344537815,0.9159663865546218,0.8382352941176471,85.88235294117648
mexc,HUSDT,H-USDT,H,USDT,True,1,True,0.08055,905801.25441,10764346.76,0.08052,1606.67,0.08067,484.67,18.61157640052252,39.098328900000006,1e-05,0.0,0.0,1.0,0.0,0.0005,exchangeInfo.quotePrecision/baseSizePrecision/quoteAmountPrecision,1,False,0.9554621848739496,0.7357142857142858,0.7457983193277311,85.859243697479
mexc,SUSDT,S-USDT,S,USDT,True,1,True,0.042,255389.58517,6045564.39,0.04199,2160.0,0.042,569.12,2.3812358614128017,23.90304,1e-05,0.0,0.0,1.0,0.0,0.0005,exchangeInfo.quotePrecision/baseSizePrecision/quoteAmountPrecision,1,False,0.8747899159663866,0.9722689075630252,0.6718487394957983,85.85714285714286
mexc,LTCUSDC,LTC-USDC,LTC,USDC,True,1,True,53.24,644680.23,12175.58,53.17,1.88,53.3,9.49,24.420024420023566,99.9596,0.01,0.0001,0.0001,1.0,0.0,0.0,exchangeInfo.quotePrecision/baseSizePrecision/quoteAmountPrecision,1,False,0.9411764705882353,0.6735294117647059,0.861764705882353,85.83823529411765
mexc,KNCUSDT,KNC-USDT,KNC,USDT,True,1,True,0.1294,197192.8058,1506889.11,0.1293,2054.24,0.1294,911.2,7.730962504831001,117.90928,0.0001,0.001,0.001,1.0,0.0,0.0005,exchangeInfo.quotePrecision/baseSizePrecision/quoteAmountPrecision,1,False,0.8399159663865546,0.8777310924369748,0.8781512605042017,85.7016806722689
mexc,COMPUSDT,COMP-USDT,COMP,USDT,True,1,True,16.95,205251.2,12230.036,16.95,60.915,16.96,4.19,5.897965202006231,71.06240000000001,0.01,0.001,0.001,1.0,0.0,0.0005,exchangeInfo.quotePrecision/baseSizePrecision/quoteAmountPrecision,1,False,0.8483193277310924,0.9126050420168067,0.8105042016806723,85.6827731092437
mexc,XVGUSDT,XVG-USDT,XVG,USDT,True,1,True,0.004227,313389.215901,74241528.03,0.004224,10482.4,0.004228,16402.4,9.465215333648043,44.277657600000005,1e-06,0.001,0.001,1.0,0.0,0.0005,exchangeInfo.quotePrecision/baseSizePrecision/quoteAmountPrecision,1,False,0.8932773109243698,0.8474789915966386,0.7621848739495798,85.56092436974791
mexc,DODOUSDT,DODO-USDT,DODO,USDT,True,1,True,0.01517,192894.09781,12553757.44,0.01517,5940.0,0.01518,5940.0,6.589785831961336,90.10979999999999,1e-05,0.001,0.001,1.0,0.0,0.0005,exchangeInfo.quotePrecision/baseSizePrecision/quoteAmountPrecision,1,False,0.8373949579831933,0.9008403361344538,0.8453781512605042,85.48529411764706
mexc,MAVUSDT,MAV-USDT,MAV,USDT,True,1,True,0.01382,286428.83648,20207959.13,0.01381,2333.6,0.01382,9957.6,7.238508867174323,32.227016,1e-05,0.01,0.01,1.0,0.0,0.0005,exchangeInfo.quotePrecision/baseSizePrecision/quoteAmountPrecision,1,False,0.8878151260504201,0.8878151260504201,0.719327731092437,85.41176470588236
mexc,ARUSDT,AR-USDT,AR,USDT,True,1,True,1.69,460937.833,270352.19,1.69,9.18,1.691,3227.17,5.915409642118378,15.514199999999999,0.001,0.01,0.01,1.0,0.0,0.0005,exchangeInfo.quotePrecision/baseSizePrecision/quoteAmountPrecision,1,False,0.9201680672268907,0.9121848739495798,0.5983193277310924,85.38025210084032
mexc,SHELLUSDT,SHELL-USDT,SHELL,USDT,True,1,True,0.03007,576250.53008,18030551.22,0.03005,3027.25,0.0301,1345.0,16.62510390689874,40.4845,1e-05,0.0,0.0,1.0,0.0,0.0005,exchangeInfo.quotePrecision/baseSizePrecision/quoteAmountPrecision,1,False,0.9340336134453782,0.7588235294117647,0.7495798319327731,85.33403361344538
mexc,ARPAUSDT,ARPA-USDT,ARPA,USDT,True,1,True,0.009118,321597.462811,34059024.13,0.009107,130720.32,0.00913,67115.6,25.2234468388427,612.765428,1e-06,0.001,0.001,1.0,0.0,0.0005,exchangeInfo.quotePrecision/baseSizePrecision/quoteAmountPrecision,1,False,0.8945378151260505,0.6647058823529413,0.9705882352941176,85.22899159663866
mexc,CROUSDT,CRO-USDT,CRO,USDT,True,1,True,0.07006,276619.15617,3932601.86,0.07003,1102.24,0.07011,944.56,11.417154274298646,66.2231016,1e-05,1.0,1.0,1.0,0.0,0.0005,exchangeInfo.quotePrecision/baseSizePrecision/quoteAmountPrecision,1,False,0.884453781512605,0.8184873949579832,0.8058823529411765,85.22478991596638
mexc,COCAUSDT,COCA-USDT,COCA,USDT,True,1,True,1.24886,255110.08543,207548.78,1.24895,18.64,1.24941,20.42,3.6824156646752666,23.280428,1e-05,0.0,0.0,1.0,0.0,0.0005,exchangeInfo.quotePrecision/baseSizePrecision/quoteAmountPrecision,1,False,0.8743697478991597,0.95,0.6680672268907563,85.2016806722689
mexc,PARTIUSDT,PARTI-USDT,PARTI,USDT,True,1,True,0.08509,270901.83841,3200866.63,0.08506,1480.0,0.0852,43239.84,16.445436391401532,125.88879999999999,1e-05,0.0,0.0,1.0,0.0,0.0005,exchangeInfo.quotePrecision/baseSizePrecision/quoteAmountPrecision,1,False,0.8810924369747899,0.761344537815126,0.8840336134453781,85.17436974789916
mexc,ALTLAYERUSDT,ALTLAYER-USDT,ALTLAYER,USDT,True,1,True,0.006612,1983583.201889,285940146.64,0.006609,74738.4,0.006621,2938.36,18.14058956916078,19.45488156,1e-06,0.0,0.0,1.0,0.0,0.0005,exchangeInfo.quotePrecision/baseSizePrecision/quoteAmountPrecision,1,False,0.9789915966386554,0.7428571428571429,0.6336134453781512,85.08823529411764
mexc,AIXBTUSDT,AIXBT-USDT,AIXBT,USDT,True,1,True,0.02303,520355.48999,23394882.05,0.02304,3290.26,0.02309,3641.21,21.67786689789636,75.80759040000001,1e-05,0.0,0.0,1.0,0.0,0.0005,exchangeInfo.quotePrecision/baseSizePrecision/quoteAmountPrecision,1,False,0.9294117647058824,0.7033613445378151,0.8189075630252101,85.07983193277312
mexc,FLUXUSDT,FLUX-USDT,FLUX,USDT,True,1,True,0.05607,233123.5372,4128086.27,0.056,10834.22,0.05611,10006.56,19.623583980019443,561.4680816,1e-05,0.1,0.1,1.0,0.0,0.0005,exchangeInfo.quotePrecision/baseSizePrecision/quoteAmountPrecision,1,False,0.8647058823529412,0.7239495798319328,0.9680672268907563,85.01890756302521
mexc,RUNEUSDT,RUNE-USDT,RUNE,USDT,True,1,True,0.3966,255007.7366,641338.93,0.3962,2554.17,0.3971,3875.2,22.690028992815126,1011.962154,0.0001,1.0,1.0,1.0,0.0,0.0005,exchangeInfo.quotePrecision/baseSizePrecision/quoteAmountPrecision,1,False,0.8739495798319328,0.688655462184874,0.9802521008403361,84.88865546218487
mexc,DMCUSDT,DMC-USDT,DMC,USDT,True,1,True,0.0007191,457231.7873134,636875743.67,0.0007219,10778.5,0.000722,832193.26,1.385137474893666,7.78099915,1e-07,0.0,0.0,1.0,0.0,0.0005,exchangeInfo.quotePrecision/baseSizePrecision/quoteAmountPrecision,1,False,0.9197478991596638,0.9810924369747899,0.48361344537815126,84.78571428571429
mexc,BABYUSDT,BABY-USDT,BABY,USDT,True,1,True,0.01422,294098.46374,20349948.78,0.01421,7369.17,0.01422,1749.97,7.034822370734853,24.8845734,1e-05,0.0,0.0,1.0,0.0,0.0005,exchangeInfo.quotePrecision/baseSizePrecision/quoteAmountPrecision,1,False,0.8899159663865546,0.8915966386554621,0.6752100840336135,84.73949579831933
mexc,ZETRIXUSDT,ZETRIX-USDT,ZETRIX,USDT,True,1,True,10.638,235029.879,21994.44,10.635,2.82,10.641,3.49,5.640157924422098,29.990699999999997,0.001,0.0,0.0,1.0,0.0,0.0005,exchangeInfo.quotePrecision/baseSizePrecision/quoteAmountPrecision,1,False,0.865546218487395,0.91890756302521,0.7050420168067227,84.67857142857143
mexc,ALGOUSDT,ALGO-USDT,ALGO,USDT,True,1,True,0.12287,7343634.19537,61848040.92,0.12271,42.35,0.12279,37.04,6.517311608961038,4.5481416,1e-05,0.001,0.001,1.0,0.0,0.0005,exchangeInfo.quotePrecision/baseSizePrecision/quoteAmountPrecision,1,False,0.9945378151260504,0.9016806722689076,0.3697478991596639,84.63655462184873
mexc,STRKUSDT,STRK-USDT,STRK,USDT,True,1,True,0.03331,184219.64292,5507543.16,0.0333,44782.81,0.03334,8372.34,12.004801920767816,279.1338156,1e-05,0.0,0.0,1.0,0.0,0.0005,exchangeInfo.quotePrecision/baseSizePrecision/quoteAmountPrecision,1,False,0.8306722689075631,0.8105042016806723,0.9340336134453782,84.63025210084034
mexc,BERAUSDT,BERA-USDT,BERA,USDT,True,1,True,0.4022,235242.9434,575205.26,0.4017,5661.48,0.4024,497.2,17.410769804750114,200.07327999999998,0.0001,0.0,0.0,1.0,0.0,0.0005,exchangeInfo.quotePrecision/baseSizePrecision/quoteAmountPrecision,1,False,0.8659663865546219,0.7512605042016807,0.9109243697478991,84.62815126050421
mexc,PROMPTUSDT,PROMPT-USDT,PROMPT,USDT,True,1,True,0.03213,373152.7411,11140272.48,0.0321,1059.16,0.03214,2153.01,12.453300124534655,33.999036,1e-05,0.0,0.0,1.0,0.0,0.0005,exchangeInfo.quotePrecision/baseSizePrecision/quoteAmountPrecision,1,False,0.9067226890756303,0.803781512605042,0.7289915966386554,84.54411764705884
mexc,RSRUSDT,RSR-USDT,RSR,USDT,True,1,True,0.001433,176330.355881,119902805.45,0.001432,182826.64,0.001433,61200.0,6.980802792322043,87.6996,1e-06,5.0,5.0,1.0,0.0,0.0005,exchangeInfo.quotePrecision/baseSizePrecision/quoteAmountPrecision,1,False,0.8256302521008403,0.8936974789915967,0.8394957983193277,84.5420168067227
mexc,EVAUSDT,EVA-USDT,EVA,USDT,True,1,True,30.34,232549.36,7677.55,30.31,33.64,30.36,5.04,16.48261084555817,153.0144,0.01,0.0,0.0,1.0,0.0,0.0005,exchangeInfo.quotePrecision/baseSizePrecision/quoteAmountPrecision,1,False,0.8642857142857143,0.7605042016806722,0.896218487394958,84.47268907563026
mexc,RTXUSDT,RTX-USDT,RTX,USDT,True,1,True,1.701,2476103.118,1370815.68,1.699,28.95,1.704,23.53,29.385836027034344,40.09512,0.001,0.0,0.0,1.0,0.0,0.0005,exchangeInfo.quotePrecision/baseSizePrecision/quoteAmountPrecision,1,False,0.9827731092436974,0.6163865546218488,0.7483193277310924,84.42857142857143
mexc,LUNAUSDT,LUNA-USDT,LUNA,USDT,True,1,True,0.05588,667183.33995,11917531.46,0.05583,501.55,0.05593,6662.44,17.89549033643573,28.0015365,1e-05,0.01,0.01,1.0,0.0,0.0005,exchangeInfo.quotePrecision/baseSizePrecision/quoteAmountPrecision,1,False,0.9428571428571428,0.7445378151260504,0.6953781512605042,84.37815126050421
mexc,GIGGLEUSDT,GIGGLE-USDT,GIGGLE,USDT,True,1,True,21.31,130106.0,5948.06,21.33,7.11,21.34,11.25,4.687133817671227,151.6563,0.01,0.0,0.0,1.0,0.0,0.0005,exchangeInfo.quotePrecision/baseSizePrecision/quoteAmountPrecision,1,False,0.7823529411764706,0.9369747899159664,0.8953781512605042,84.36134453781513
mexc,GOLD(XAUT)EUR,GOLD(XAUT)-EUR,GOLD(XAUT),EUR,True,1,True,4021.6,101147.5,25.22079,4021.2,3.54825,4021.8,0.31266,1.4919806042530495,1257.455988,0.1,0.0,0.0,1.0,0.0,0.0,exchangeInfo.quotePrecision/baseSizePrecision/quoteAmountPrecision,1,False,0.7298319327731092,0.9794117647058823,0.9831932773109243,84.28991596638656
mexc,LDOUSDT,LDO-USDT,LDO,USDT,True,1,True,0.3139,121453.7923,383151.37,0.3137,576.82,0.3138,542.4,3.1872509960173545,170.20512,0.0001,0.0001,0.0001,1.0,0.0,0.0005,exchangeInfo.quotePrecision/baseSizePrecision/quoteAmountPrecision,1,False,0.7684873949579832,0.9592436974789916,0.9016806722689076,84.28151260504202
mexc,EDUUSDT,EDU-USDT,EDU,USDT,True,1,True,0.04993,349944.82505,7022167.6,0.04987,10701.6,0.04999,2500.85,24.033647105948734,125.01749149999999,1e-05,0.0,0.0,1.0,0.0,0.0005,exchangeInfo.quotePrecision/baseSizePrecision/quoteAmountPrecision,1,False,0.9016806722689076,0.6756302521008404,0.8836134453781512,84.15546218487397
mexc,PROUSDT,PRO-USDT,PRO,USDT,True,1,True,0.3481,340321.7135,983775.93,0.3479,62.6,0.3482,83.98,8.619451228272446,21.77854,0.0001,0.0,0.0,1.0,0.0,0.0005,exchangeInfo.quotePrecision/baseSizePrecision/quoteAmountPrecision,1,False,0.8995798319327731,0.8605042016806723,0.6563025210084034,84.1155462184874
mexc,MXUSDT,MX-USDT,MX,USDT,True,1,True,1.7809,3761697.5844,2109235.07,1.7809,1.14,1.781,269.93,0.561498076869025,2.030226,0.0001,0.01,0.01,1.0,0.0,0.0005,exchangeInfo.quotePrecision/baseSizePrecision/quoteAmountPrecision,1,False,0.9894957983193278,0.9957983193277311,0.23865546218487396,84.09033613445379
mexc,ROBOUSDT,ROBO-USDT,ROBO,USDT,True,1,True,0.01839,169594.58183,8919283.06,0.01839,62284.66,0.01841,10732.0,10.869565217390862,197.57612,1e-05,0.0,0.0,1.0,0.0,0.0005,exchangeInfo.quotePrecision/baseSizePrecision/quoteAmountPrecision,1,False,0.8218487394957983,0.8273109243697478,0.9088235294117647,84.0609243697479
mexc,STXUSDT,STX-USDT,STX,USDT,True,1,True,0.214,193628.7304,905044.62,0.2138,2352.32,0.2139,156.0,4.67617488894163,33.3684,0.0001,0.0,0.0,1.0,0.0,0.0005,exchangeInfo.quotePrecision/baseSizePrecision/quoteAmountPrecision,1,False,0.8378151260504202,0.9373949579831933,0.7260504201680672,84.03571428571429
mexc,VIRTUALUSDT,VIRTUAL-USDT,VIRTUAL,USDT,True,1,True,0.6357,138391.7878,214813.93,0.6361,96.0,0.6362,349.44,1.5719562996146976,61.0656,0.0001,0.0,0.0,1.0,0.0,0.0005,exchangeInfo.quotePrecision/baseSizePrecision/quoteAmountPrecision,1,False,0.792016806722689,0.9789915966386554,0.7987394957983194,84.01050420168067
mexc,XAIUSDT,XAI-USDT,XAI,USDT,True,1,True,0.009042,225335.503348,24642205.07,0.009037,31021.84,0.009051,11900.0,15.47987616099085,107.7069,1e-06,0.0,0.0,1.0,0.0,0.0005,exchangeInfo.quotePrecision/baseSizePrecision/quoteAmountPrecision,1,False,0.8592436974789915,0.7718487394957984,0.8718487394957983,83.99159663865547
mexc,UNIUSDC,UNI-USDC,UNI,USDC,True,1,True,3.166,725133.791,226881.68,3.165,7.14,3.167,2.22,6.317119393555843,7.03074,0.001,0.001,0.001,1.0,0.0,0.0,exchangeInfo.quotePrecision/baseSizePrecision/quoteAmountPrecision,1,False,0.9457983193277311,0.9042016806722689,0.4680672268907563,83.98529411764706
mexc,FLOKIUSDT,FLOKI-USDT,FLOKI,USDT,True,1,True,2.674e-05,134729.22757067,5004730502.0,2.674e-05,3233719.0,2.675e-05,3915942.0,3.7390166386233723,86.46964606,1e-08,1.0,1.0,1.0,0.0,0.0005,exchangeInfo.quotePrecision/baseSizePrecision/quoteAmountPrecision,1,False,0.7890756302521008,0.9487394957983193,0.8373949579831933,83.8655462184874
mexc,REDUSDT,RED-USDT,RED,USDT,True,1,True,0.1041,165471.3643,1589676.34,0.104,5915.95,0.1041,1209.97,9.610764055742706,125.957877,0.0001,0.0,0.0,1.0,0.0,0.0005,exchangeInfo.quotePrecision/baseSizePrecision/quoteAmountPrecision,1,False,0.8189075630252101,0.8441176470588235,0.8848739495798319,83.84033613445379
mexc,WALUSDT,WAL-USDT,WAL,USDT,True,1,True,0.0713,188784.15146,2651504.76,0.07126,518.78,0.0713,1375.44,5.611672278338716,36.9682628,1e-05,0.0,0.0,1.0,0.0,0.0005,exchangeInfo.quotePrecision/baseSizePrecision/quoteAmountPrecision,1,False,0.8357142857142857,0.9197478991596638,0.7394957983193278,83.74789915966387
mexc,NEARUSDC,NEAR-USDC,NEAR,USDC,True,1,True,1.2097,421676.536,349792.29,1.2077,94.03,1.2111,2064.23,28.113113940797668,113.560031,0.0001,1e-06,1e-06,1.0,0.0,0.0,exchangeInfo.quotePrecision/baseSizePrecision/quoteAmountPrecision,1,False,0.9159663865546218,0.6336134453781512,0.8747899159663866,83.71428571428572
mexc,PRLUSDT,PRL-USDT,PRL,USDT,True,1,True,0.1456,431978.3968,2932436.23,0.1452,3626.3,0.1457,3752.51,34.376074252320414,526.53876,0.0001,0.0,0.0,1.0,0.0,0.0005,exchangeInfo.quotePrecision/baseSizePrecision/quoteAmountPrecision,1,False,0.9168067226890756,0.5571428571428572,0.9651260504201681,83.65546218487395
mexc,HIVEUSDT,HIVE-USDT,HIVE,USDT,True,1,True,0.05993,227574.90458,3845192.16,0.05989,436.47,0.05993,3884.0,6.676681689200195,26.140188300000002,1e-05,0.001,0.001,1.0,0.0,0.0005,exchangeInfo.quotePrecision/baseSizePrecision/quoteAmountPrecision,1,False,0.8613445378151261,0.8995798319327731,0.6823529411764706,83.51050420168067
mexc,DUSKUSDT,DUSK-USDT,DUSK,USDT,True,1,True,0.11252,497289.87509,4519595.49,0.11249,13484.4,0.11262,145.6,11.549908933409553,16.397472,1e-05,0.0,0.0,1.0,0.0,0.0005,exchangeInfo.quotePrecision/baseSizePrecision/quoteAmountPrecision,1,False,0.9256302521008404,0.8163865546218487,0.6071428571428571,83.46218487394958
mexc,DYDXUSDT,DYDX-USDT,DYDX,USDT,True,1,True,0.10214,145677.48091,1435697.87,0.10209,8972.95,0.10222,14364.99,12.725759874700712,916.0484655,1e-05,0.0001,0.0001,1.0,0.0,0.0005,exchangeInfo.quotePrecision/baseSizePrecision/quoteAmountPrecision,1,False,0.7974789915966387,0.8012605042016807,0.9781512605042016,83.45588235294119
mexc,EIGENUSDT,EIGEN-USDT,EIGEN,USDT,True,1,True,0.1516,203938.4703,1343126.3,0.1513,5340.7,0.1516,1821.85,19.8085176625964,276.19246,0.0001,0.0,0.0,1.0,0.0,0.0005,exchangeInfo.quotePrecision/baseSizePrecision/quoteAmountPrecision,1,False,0.8474789915966386,0.7226890756302521,0.9331932773109244,83.34243697478992
mexc,LITUSDT,LIT-USDT,LIT,USDT,True,1,True,0.9915,1848127.8498,1868586.56,0.9909,51.08,0.9916,4.46,7.061790668348388,4.422536,0.0001,0.0,0.0,1.0,0.0,0.0005,exchangeInfo.quotePrecision/baseSizePrecision/quoteAmountPrecision,1,False,0.9773109243697479,0.8899159663865546,0.3668067226890756,83.33613445378151
mexc,YFIUSDT,YFI-USDT,YFI,USDT,True,1,True,2466.7,123450.0,50.4114,2465.8,0.1851,2468.0,0.632,8.918075317198987,456.41958,0.1,0.0001,0.0001,1.0,0.0,0.0005,exchangeInfo.quotePrecision/baseSizePrecision/quoteAmountPrecision,1,False,0.7722689075630252,0.8588235294117648,0.9600840336134454,83.14705882352942
mexc,PLUMEUSDT,PLUME-USDT,PLUME,USDT,True,1,True,0.009474,184705.594988,19070489.23,0.009458,82105.6,0.009472,16650.4,14.791336502905573,157.7125888,1e-06,0.0,0.0,1.0,0.0,0.0005,exchangeInfo.quotePrecision/baseSizePrecision/quoteAmountPrecision,1,False,0.83109243697479,0.7781512605042017,0.8974789915966387,83.11344537815127
mexc,RAINUSDT,RAIN-USDT,RAIN,USDT,True,1,True,0.0074642,1694927.2379499,224181503.82,0.0074493,3270.45,0.0074697,4611.04,27.347677458275054,24.362563185,1e-07,0.0,0.0,1.0,0.0,0.0005,exchangeInfo.quotePrecision/baseSizePrecision/quoteAmountPrecision,1,False,0.9743697478991596,0.6407563025210083,0.6735294117647059,83.07983193277312
mexc,GRASSUSDT,GRASS-USDT,GRASS,USDT,True,1,True,0.2752,238086.0351,837954.01,0.2745,5432.82,0.2751,551.24,21.834061135370792,151.64612400000001,0.0001,0.0,0.0,1.0,0.0,0.0005,exchangeInfo.quotePrecision/baseSizePrecision/quoteAmountPrecision,1,False,0.8663865546218488,0.7004201680672268,0.8949579831932774,83.06092436974791
mexc,CRATUSDT,CRAT-USDT,CRAT,USDT,True,1,True,0.005204,400002.465081,77017305.66,0.005211,5181.35,0.005216,2921.34,9.590486237651858,15.237709440000001,1e-06,0.0,0.0,1.0,0.0,0.0005,exchangeInfo.quotePrecision/baseSizePrecision/quoteAmountPrecision,1,False,0.9092436974789916,0.8453781512605042,0.5957983193277311,83.05882352941177
mexc,TURBOUSDT,TURBO-USDT,TURBO,USDT,True,1,True,0.0010069,311053.8371242,309581346.78,0.0010064,17932.22,0.0010073,274560.8,8.938769429409305,18.046986208,1e-07,0.0,0.0,1.0,0.0,0.0005,exchangeInfo.quotePrecision/baseSizePrecision/quoteAmountPrecision,1,False,0.8920168067226891,0.857983193277311,0.6235294117647059,82.9810924369748
mexc,MYXUSDT,MYX-USDT,MYX,USDT,True,1,True,0.20714,415471.00335,1995394.61,0.20727,147.41,0.20765,1090.41,18.316783958353007,30.5536707,1e-05,0.0,0.0,1.0,0.0,0.0005,exchangeInfo.quotePrecision/baseSizePrecision/quoteAmountPrecision,1,False,0.9126050420168067,0.7403361344537815,0.711764705882353,82.93697478991598
mexc,FTTUSDT,FTT-USDT,FTT,USDT,True,1,True,0.2917,402506.1071,1363465.6,0.2914,53.08,0.2917,63.62,10.289830217802178,15.467512,0.0001,0.0001,0.0001,1.0,0.0,0.0005,exchangeInfo.quotePrecision/baseSizePrecision/quoteAmountPrecision,1,False,0.9100840336134454,0.8327731092436975,0.5978991596638655,82.83193277310926
mexc,BTCEUR,BTC-EUR,BTC,EUR,True,1,True,58177.59,356039.91,6.1526,58033.14,0.00339,58212.56,0.00503,30.869098813977335,196.73234459999998,0.01,0.0,0.0,1.0,0.0,0.0,exchangeInfo.quotePrecision/baseSizePrecision/quoteAmountPrecision,1,False,0.9033613445378151,0.5991596638655462,0.9084033613445378,82.83193277310926
mexc,BTCBRL,BTC-BRL,BTC,BRL,True,1,True,346932.1,1101488.6,3.18887,345773.0,0.00469,347338.5,0.03226,45.173107068631815,1621.67537,0.1,0.0,0.0,5.0,0.0,0.0005,exchangeInfo.quotePrecision/baseSizePrecision/quoteAmountPrecision,1,False,0.961764705882353,0.40714285714285714,0.9865546218487395,82.80672268907564
mexc,NIGHTUSDT,NIGHT-USDT,NIGHT,USDT,True,1,True,0.04379,1936633.52675,43249837.86,0.0438,45.66,0.04381,250.0,2.2828444241531933,1.9999079999999998,1e-05,0.0,0.0,1.0,0.0,0.0005,exchangeInfo.quotePrecision/baseSizePrecision/quoteAmountPrecision,1,False,0.9785714285714285,0.9726890756302521,0.23025210084033612,82.7436974789916
mexc,OPUSDC,OP-USDC,OP,USDC,True,1,True,0.1101,311685.8403,2851751.35,0.11,523.12,0.1102,378.58,18.165304268847024,41.719516,0.0001,0.001,0.001,1.0,0.0,0.0,exchangeInfo.quotePrecision/baseSizePrecision/quoteAmountPrecision,1,False,0.892436974789916,0.7420168067226891,0.7533613445378151,82.7016806722689
mexc,MOVRUSDT,MOVR-USDT,MOVR,USDT,True,1,True,1.216,155144.104,129170.3231,1.215,65.7888,1.216,314.9146,8.227067050595556,79.933392,0.001,0.0001,0.0001,1.0,0.0,0.0005,exchangeInfo.quotePrecision/baseSizePrecision/quoteAmountPrecision,1,False,0.8088235294117647,0.8663865546218488,0.8277310924369747,82.69957983193278
mexc,CHRUSDT,CHR-USDT,CHR,USDT,True,1,True,0.01846,1911379.44087,99608325.95,0.01846,3818.76,0.01849,423.98,16.238159675236147,7.8393902,1e-05,0.0,0.0,1.0,0.0,0.0005,exchangeInfo.quotePrecision/baseSizePrecision/quoteAmountPrecision,1,False,0.9781512605042016,0.765126050420168,0.4857142857142857,82.64075630252101
mexc,MUBARAKUSDT,MUBARAK-USDT,MUBARAK,USDT,True,1,True,0.011133,173987.79688,15578351.29,0.011129,8100.0,0.011142,17292.0,11.674374747430162,90.1449,1e-06,0.0,0.0,1.0,0.0,0.0005,exchangeInfo.quotePrecision/baseSizePrecision/quoteAmountPrecision,1,False,0.8239495798319327,0.8147058823529412,0.8466386554621849,82.61764705882354
mexc,0GUSDT,0G-USDT,0G,USDT,True,1,True,0.5249,785481.961,1482856.31,0.5246,12.82,0.5251,3760.54,9.526531389921995,6.725371999999999,0.0001,0.0,0.0,1.0,0.0,0.0005,exchangeInfo.quotePrecision/baseSizePrecision/quoteAmountPrecision,1,False,0.9504201680672268,0.846218487394958,0.4584033613445378,82.59663865546219
mexc,ARCIELUSDT,ARCIEL-USDT,ARCIEL,USDT,True,1,True,0.011875,795414.117645,64881211.78,0.011853,15926.97,0.0119,16300.33,39.57394855386701,188.78237541000001,1e-06,0.0,0.0,1.0,0.0,0.0005,exchangeInfo.quotePrecision/baseSizePrecision/quoteAmountPrecision,1,False,0.9512605042016806,0.4844537815126051,0.9071428571428571,82.5735294117647
mexc,CRTRUSDT,CRTR-USDT,CRTR,USDT,True,1,True,0.02608,1257327.16332,44215999.97,0.02606,2742.6,0.02607,108.73,3.836562440053556,2.8345911,1e-05,0.0,0.0,1.0,0.0,0.0005,exchangeInfo.quotePrecision/baseSizePrecision/quoteAmountPrecision,1,False,0.9647058823529412,0.9470588235294117,0.2911764705882353,82.55882352941177
mexc,FHEUSDT,FHE-USDT,FHE,USDT,True,1,True,0.018,502036.61776,27248899.73,0.01797,1714.99,0.01801,2217.03,22.234574763758665,30.8183703,1e-05,0.0,0.0,1.0,0.0,0.0005,exchangeInfo.quotePrecision/baseSizePrecision/quoteAmountPrecision,1,False,0.9264705882352942,0.6941176470588235,0.7121848739495799,82.55252100840337
mexc,ROSEUSDT,ROSE-USDT,ROSE,USDT,True,1,True,0.01,122270.56037,12218345.13,0.00999,50233.52,0.01,146001.76,10.005002501250218,501.8328648,1e-05,0.001,0.001,1.0,0.0,0.0005,exchangeInfo.quotePrecision/baseSizePrecision/quoteAmountPrecision,1,False,0.7697478991596639,0.8365546218487395,0.9642857142857143,82.53571428571429
mexc,DUSDT,D-USDT,D,USDT,True,1,True,0.01188,178836.78517,19036635.61,0.01188,21022.4,0.011902,25486.4,18.501387604069844,249.746112,1e-06,0.0,0.0,1.0,0.0,0.0005,exchangeInfo.quotePrecision/baseSizePrecision/quoteAmountPrecision,1,False,0.8273109243697478,0.7378151260504202,0.9264705882352942,82.47689075630252
mexc,BTCUSDE,BTC-USDE,BTC,USDE,True,1,True,66844.45,419413.91,6.28249,66856.83,0.00149,67064.41,0.00272,31.000310331654898,99.6166767,0.01,0.0,0.0,1.0,0.0,0.0,exchangeInfo.quotePrecision/baseSizePrecision/quoteAmountPrecision,1,False,0.915126050420168,0.596218487394958,0.8605042016806723,82.44747899159664
mexc,TWTUSDT,TWT-USDT,TWT,USDT,True,1,True,0.3972,124198.5092,311207.46,0.3972,1384.0,0.3974,209.6,5.033979360684066,83.29503999999999,0.0001,1.0,1.0,1.0,0.0,0.0005,exchangeInfo.quotePrecision/baseSizePrecision/quoteAmountPrecision,1,False,0.7735294117647059,0.9294117647058824,0.8331932773109244,82.44327731092437
mexc,ALLOUSDT,ALLO-USDT,ALLO,USDT,True,1,True,0.10396,132983.84376,1272061.9,0.10387,4263.2,0.10399,2748.55,11.54623304146975,285.82171450000004,1e-05,0.0,0.0,1.0,0.0,0.0005,exchangeInfo.quotePrecision/baseSizePrecision/quoteAmountPrecision,1,False,0.7848739495798319,0.8168067226890756,0.9361344537815126,82.31092436974791
mexc,CKUSDTUSDT,CKUSDT-USDT,CKUSDT,USDT,True,1,True,0.9994,161042.3599,161107.97,0.9992,30.42,0.9997,201.2,5.0027515133328935,30.395664,0.0001,0.0,0.0,1.0,0.0,0.0005,exchangeInfo.quotePrecision/baseSizePrecision/quoteAmountPrecision,1,False,0.8147058823529412,0.930672268907563,0.7105042016806723,82.28571428571428
mexc,COWUSDT,COW-USDT,COW,USDT,True,1,True,0.2027,129456.4782,642130.16,0.2027,7211.52,0.2028,311.6,4.932182490752984,63.19248000000001,0.0001,0.0001,0.0001,1.0,0.0,0.0005,exchangeInfo.quotePrecision/baseSizePrecision/quoteAmountPrecision,1,False,0.780672268907563,0.9331932773109244,0.8008403361344538,82.28361344537815
mexc,SPELLUSDT,SPELL-USDT,SPELL,USDT,True,1,True,0.0001609,192103.3128956,1174880135.53,0.0001607,2610360.63,0.0001608,160000.0,6.2208398133749565,25.728,1e-07,0.001,0.001,1.0,0.0,0.0005,exchangeInfo.quotePrecision/baseSizePrecision/quoteAmountPrecision,1,False,0.8365546218487395,0.9063025210084034,0.680672268907563,82.28151260504202
mexc,CTKUSDT,CTK-USDT,CTK,USDT,True,1,True,0.1607,111525.693,692539.18,0.1606,1256.0,0.1607,1235.44,6.22471210706609,198.535208,0.0001,0.0001,0.0001,1.0,0.0,0.0005,exchangeInfo.quotePrecision/baseSizePrecision/quoteAmountPrecision,1,False,0.7521008403361344,0.9058823529411765,0.9096638655462185,82.20588235294119
mexc,MORPHOUSDT,MORPHO-USDT,MORPHO,USDT,True,1,True,1.5028,120939.3871,80710.11,1.5027,158.34,1.504,214.99,8.64735424219296,237.93751799999998,0.0001,0.0,0.0,1.0,0.0,0.0005,exchangeInfo.quotePrecision/baseSizePrecision/quoteAmountPrecision,1,False,0.7668067226890757,0.8600840336134454,0.9239495798319328,82.15546218487397
mexc,ICPUSDC,ICP-USDC,ICP,USDC,True,1,True,2.287,350123.679,152930.92,2.284,56.56,2.289,17.06,21.867483052702106,39.05034,0.001,0.0,0.0,1.0,0.0,0.0,exchangeInfo.quotePrecision/baseSizePrecision/quoteAmountPrecision,1,False,0.9021008403361345,0.7,0.7453781512605042,82.02310924369749
mexc,ZAMAUSDT,ZAMA-USDT,ZAMA,USDT,True,1,True,0.02352,113743.29676,4831186.87,0.02352,4579.2,0.02353,3780.0,4.25079702444191,88.9434,1e-05,0.0,0.0,1.0,0.0,0.0005,exchangeInfo.quotePrecision/baseSizePrecision/quoteAmountPrecision,1,False,0.7571428571428571,0.9415966386554622,0.8420168067226891,82.02310924369748
mexc,SOLVUSDT,SOLV-USDT,SOLV,USDT,True,1,True,0.004105,2539867.272381,568074131.02,0.004101,3384.17,0.004112,9668.93,26.78680141239643,13.878481169999999,1e-06,0.0,0.0,1.0,0.0,0.0005,exchangeInfo.quotePrecision/baseSizePrecision/quoteAmountPrecision,1,False,0.9836134453781512,0.6474789915966386,0.5819327731092437,81.92436974789916
mexc,MANAUSDT,MANA-USDT,MANA,USDT,True,1,True,0.08656,154613.0344,1775223.52,0.0865,14475.2,0.08662,1520.0,13.86321626617479,131.6624,1e-05,0.001,0.001,1.0,0.0,0.0005,exchangeInfo.quotePrecision/baseSizePrecision/quoteAmountPrecision,1,False,0.8079831932773109,0.7890756302521008,0.8878151260504201,81.92226890756304
mexc,KAIAUSDT,KAIA-USDT,KAIA,USDT,True,1,True,0.04906,221699.98688,4511757.15,0.04898,57390.8,0.04913,48401.44,30.577922739781336,2377.9627472,1e-05,0.001,0.001,1.0,0.0,0.0005,exchangeInfo.quotePrecision/baseSizePrecision/quoteAmountPrecision,1,False,0.8563025210084033,0.6021008403361345,0.9882352941176471,81.91386554621849
mexc,IMXUSDT,IMX-USDT,IMX,USDT,True,1,True,0.1339,302627.4017,2275757.89,0.1338,738.0,0.1339,78.99,7.471049682479566,10.576761,0.0001,0.0001,0.0001,1.0,0.0,0.0005,exchangeInfo.quotePrecision/baseSizePrecision/quoteAmountPrecision,1,False,0.8911764705882353,0.8819327731092437,0.5411764705882353,81.88655462184875
mexc,SHIBUSDC,SHIB-USDC,SHIB,USDC,True,1,True,5.987e-06,510636.219356222,85197758995.0,5.981e-06,3750000.0,5.994e-06,14925732.0,21.711899791231243,22.42875,1e-09,1e-06,1e-06,1.0,0.0,0.0,exchangeInfo.quotePrecision/baseSizePrecision/quoteAmountPrecision,1,False,0.9277310924369748,0.7025210084033613,0.6621848739495798,81.83193277310926
mexc,WBTUSDT,WBT-USDT,WBT,USDT,True,1,True,51.157,1031763.666,20166.04,51.102,1.92,51.206,0.22,20.33076592250974,11.265320000000001,0.001,0.01,0.01,1.0,0.0,0.0005,exchangeInfo.quotePrecision/baseSizePrecision/quoteAmountPrecision,1,False,0.9600840336134454,0.715546218487395,0.5521008403361345,81.73529411764706
mexc,TRXUSDC,TRX-USDC,TRX,USDC,True,1,True,0.3154,156711.2103,498403.13,0.3152,379.81,0.3156,300.0,12.682308180089139,94.67999999999999,0.0001,0.001,0.001,1.0,0.0,0.0,exchangeInfo.quotePrecision/baseSizePrecision/quoteAmountPrecision,1,False,0.811344537815126,0.8016806722689076,0.8533613445378151,81.73319327731092
mexc,SSVUSDT,SSV-USDT,SSV,USDT,True,1,True,2.278,161885.917,71112.83,2.276,39.6,2.279,39.6,13.172338090011477,90.1296,0.001,0.0001,0.0001,1.0,0.0,0.0005,exchangeInfo.quotePrecision/baseSizePrecision/quoteAmountPrecision,1,False,0.8163865546218487,0.7953781512605043,0.846218487394958,81.71008403361346
mexc,TONUSDC,TON-USDC,TON,USDC,True,1,True,1.24,448603.062,359925.26,1.239,78.99,1.243,63.78,32.232070910556025,79.27854,0.001,0.0,0.0,1.0,0.0,0.0,exchangeInfo.quotePrecision/baseSizePrecision/quoteAmountPrecision,1,False,0.91890756302521,0.584453781512605,0.826890756302521,81.68907563025209
mexc,STEPNUSDT,STEPN-USDT,STEPN,USDT,True,1,True,0.010072,219792.633913,21610988.36,0.010059,3572.37,0.010072,6100.67,12.915404103123665,35.93446983,1e-06,0.001,0.001,1.0,0.0,0.0005,exchangeInfo.quotePrecision/baseSizePrecision/quoteAmountPrecision,1,False,0.853781512605042,0.7991596638655463,0.7352941176470589,81.64285714285715
mexc,MAGICUSDT,MAGIC-USDT,MAGIC,USDT,True,1,True,0.05935,2702943.27464,43240400.59,0.05934,23.77,0.05936,29.02,3.369839932604233,1.4105117999999999,1e-05,0.1,0.1,1.0,0.0,0.0005,exchangeInfo.quotePrecision/baseSizePrecision/quoteAmountPrecision,1,False,0.9852941176470589,0.954201680672269,0.1781512605042017,81.609243697479
mexc,ATHUSDT,ATH-USDT,ATH,USDT,True,1,True,0.006588,232284.782001,35269016.51,0.006579,3396.68,0.006586,3441.67,10.634257500949582,22.34675772,1e-06,0.0,0.0,1.0,0.0,0.0005,exchangeInfo.quotePrecision/baseSizePrecision/quoteAmountPrecision,1,False,0.8638655462184874,0.8298319327731092,0.6617647058823529,81.4936974789916
mexc,OSHIUSDT,OSHI-USDT,OSHI,USDT,True,1,True,0.030056,240799.998457,7979359.21,0.030062,204.33,0.030063,216.06,0.33264033264066534,6.14256846,1e-06,0.0,0.0,1.0,0.0,0.0005,exchangeInfo.quotePrecision/baseSizePrecision/quoteAmountPrecision,1,False,0.8676470588235294,0.9966386554621849,0.4411764705882353,81.46008403361346
mexc,KDXUSDT,KDX-USDT,KDX,USDT,True,1,True,0.01057,221130.35688,20966673.31,0.01057,2086.74,0.01058,12214.93,9.456264775414965,22.056841799999997,1e-05,0.0,0.0,1.0,0.0,0.0005,exchangeInfo.quotePrecision/baseSizePrecision/quoteAmountPrecision,1,False,0.8550420168067226,0.8478991596638655,0.6584033613445378,81.39285714285714
mexc,TAOEUR,TAO-EUR,TAO,EUR,True,1,True,267.84,1518998.63,5676.09,267.29,1.53,268.04,0.06,28.02009975155511,16.0824,0.01,0.0,0.0,1.0,0.0,0.0,exchangeInfo.quotePrecision/baseSizePrecision/quoteAmountPrecision,1,False,0.9705882352941176,0.6348739495798319,0.6046218487394958,81.34663865546219
mexc,CCUSDT,CC-USDT,CC,USDT,True,1,True,0.13932,290189.8696,2041904.63,0.13923,57.49,0.13932,2931.85,6.462035541195962,8.004332699999999,1e-05,0.0,0.0,1.0,0.0,0.0005,exchangeInfo.quotePrecision/baseSizePrecision/quoteAmountPrecision,1,False,0.8890756302521008,0.9033613445378151,0.4907563025210084,81.2983193277311
mexc,ALGOUSDC,ALGO-USDC,ALGO,USDC,True,1,True,0.12309,739387.30236,6226956.36,0.12261,618.66,0.12297,210.18,29.318348399706753,25.8458346,1e-05,0.0001,0.0001,1.0,0.0,0.0,exchangeInfo.quotePrecision/baseSizePrecision/quoteAmountPrecision,1,False,0.9466386554621848,0.6172268907563025,0.6815126050420168,81.12605042016807
mexc,KAVAUSDT,KAVA-USDT,KAVA,USDT,True,1,True,0.05225,222148.40091,4231769.28,0.05223,1710.0,0.05226,217.84,5.742176284812373,11.3843184,1e-05,0.0001,0.0001,1.0,0.0,0.0005,exchangeInfo.quotePrecision/baseSizePrecision/quoteAmountPrecision,1,False,0.8567226890756302,0.9163865546218487,0.5525210084033614,81.07983193277312
mexc,ZBTUSDT,ZBT-USDT,ZBT,USDT,True,1,True,0.09697,142151.01982,1426891.09,0.0968,1471.04,0.0969,814.25,10.32524522457438,78.900825,1e-05,0.0,0.0,1.0,0.0,0.0005,exchangeInfo.quotePrecision/baseSizePrecision/quoteAmountPrecision,1,False,0.7945378151260504,0.8319327731092436,0.8260504201680672,81.01890756302521
mexc,SOLUSDC,SOL-USDC,SOL,USDC,True,1,True,80.34,785090.88,9809.45,80.34,0.8,80.35,0.02,1.2446325222466743,1.607,0.01,1e-06,1e-06,1.0,0.0,0.0,exchangeInfo.quotePrecision/baseSizePrecision/quoteAmountPrecision,1,False,0.95,0.9836134453781512,0.2046218487394958,80.9327731092437
mexc,DEGOUSDT,DEGO-USDT,DEGO,USDT,True,1,True,0.2611,322763.4938,1242603.7,0.2612,444.33,0.2614,30.13,7.654037504785055,7.8759820000000005,0.0001,0.01,0.01,1.0,0.0,0.0005,exchangeInfo.quotePrecision/baseSizePrecision/quoteAmountPrecision,1,False,0.8949579831932774,0.8785714285714286,0.4869747899159664,80.9264705882353
mexc,ONDOUSDT,ONDO-USDT,ONDO,USDT,True,1,True,0.25934,1019854.64642,3912471.01,0.25925,5.59,0.2593,916.8,1.9284543438431971,1.4492074999999998,1e-05,0.0,0.0,1.0,0.0,0.0005,exchangeInfo.quotePrecision/baseSizePrecision/quoteAmountPrecision,1,False,0.9596638655462185,0.9756302521008403,0.1865546218487395,80.90336134453783
mexc,GINIUSDT,GINI-USDT,GINI,USDT,True,1,True,0.04065,108513.63671,2681098.03,0.04069,1228.8,0.0407,2000.0,2.4573043371429075,49.999871999999996,1e-05,0.0,0.0,1.0,0.0,0.0005,exchangeInfo.quotePrecision/baseSizePrecision/quoteAmountPrecision,1,False,0.7449579831932773,0.9714285714285714,0.780672268907563,80.8718487394958
mexc,API3USDT,API3-USDT,API3,USDT,True,1,True,0.2699,106455.1698,396111.9,0.2696,638.95,0.2698,779.99,7.41564701520126,172.26092000000003,0.0001,0.001,0.001,1.0,0.0,0.0005,exchangeInfo.quotePrecision/baseSizePrecision/quoteAmountPrecision,1,False,0.7399159663865547,0.884453781512605,0.9029411764705882,80.86554621848741
mexc,BROCCOLIUSDT,BROCCOLI-USDT,BROCCOLI,USDT,True,1,True,0.01199,117846.72754,9700437.84,0.01199,8333.57,0.012,29770.4,8.336807002917542,99.9195043,1e-05,0.0,0.0,1.0,0.0,0.0005,exchangeInfo.quotePrecision/baseSizePrecision/quoteAmountPrecision,1,False,0.7638655462184873,0.8647058823529412,0.8613445378151261,80.85714285714288
mexc,PEPEUSDC,PEPE-USDC,PEPE,USDC,True,1,True,3.418e-06,194665.2921567,56598443921.0,3.411e-06,163133790.0,3.421e-06,154911488.0,29.27400468384047,529.952200448,1e-09,0.0,0.0,1.0,0.0,0.0,exchangeInfo.quotePrecision/baseSizePrecision/quoteAmountPrecision,1,False,0.8382352941176471,0.6176470588235294,0.965546218487395,80.85504201680673
mexc,4USDT,4-USDT,4,USDT,True,1,True,0.012104,254030.017109,20440592.65,0.012102,1722.43,0.012118,1756.33,13.212221304707175,20.84484786,1e-06,0.0,0.0,1.0,0.0,0.0005,exchangeInfo.quotePrecision/baseSizePrecision/quoteAmountPrecision,1,False,0.873109243697479,0.7941176470588236,0.6483193277310925,80.84033613445378
mexc,NEXAUSDT,NEXA-USDT,NEXA,USDT,True,1,True,5.852e-07,169102.7766575094,274041930935.0,5.851e-07,29054863.0,5.852e-07,20505809.0,1.7089635136291124,11.9999994268,1e-10,0.0,0.0,1.0,0.0,0.0005,exchangeInfo.quotePrecision/baseSizePrecision/quoteAmountPrecision,1,False,0.8214285714285714,0.9773109243697479,0.5592436974789916,80.79621848739495
mexc,SPKUSDT,SPK-USDT,SPK,USDT,True,1,True,0.02015,140669.31127,6993723.22,0.02015,1353.6,0.02016,1520.8,4.961548002976727,27.27504,1e-05,0.0,0.0,1.0,0.0,0.0005,exchangeInfo.quotePrecision/baseSizePrecision/quoteAmountPrecision,1,False,0.7928571428571428,0.9323529411764706,0.6920168067226891,80.75630252100841
mexc,FUSDUSDT,FUSD-USDT,FUSD,USDT,True,1,True,1.0,75911.4638,75907.84,1.0,8443.79,1.0001,37188.26,0.999950002499765,8443.79,0.0001,0.0,0.0,1.0,0.0,0.0005,exchangeInfo.quotePrecision/baseSizePrecision/quoteAmountPrecision,1,False,0.6546218487394958,0.9932773109243698,0.9953781512605042,80.74369747899159
mexc,AVNTUSDT,AVNT-USDT,AVNT,USDT,True,1,True,0.1243,112805.5808,897952.4,0.1242,8065.12,0.1243,828.0,8.048289738429698,102.9204,0.0001,0.0,0.0,1.0,0.0,0.0005,exchangeInfo.quotePrecision/baseSizePrecision/quoteAmountPrecision,1,False,0.7554621848739496,0.873109243697479,0.8668067226890757,80.71428571428572
mexc,DOGEUSDE,DOGE-USDE,DOGE,USDE,True,1,True,0.09153,226967.41575,2482754.95,0.09144,7935.77,0.09174,3454.52,32.7546675401254,316.9176648,1e-05,0.0,0.0,1.0,0.0,0.0,exchangeInfo.quotePrecision/baseSizePrecision/quoteAmountPrecision,1,False,0.8609243697478992,0.5781512605042016,0.9449579831932773,80.70378151260505
mexc,YGGUSDT,YGG-USDT,YGG,USDT,True,1,True,0.03531,153539.07275,4398418.54,0.03531,3220.87,0.03532,480.0,2.831657935720267,16.953599999999998,1e-05,0.0001,0.0001,1.0,0.0,0.0005,exchangeInfo.quotePrecision/baseSizePrecision/quoteAmountPrecision,1,False,0.8058823529411765,0.9659663865546219,0.6109243697478992,80.69117647058825
mexc,SPARKLETUSDT,SPARKLET-USDT,SPARKLET,USDT,True,1,True,0.02229,140826.07256,6313349.79,0.02228,3156.22,0.0223,2103.18,8.972633467922469,46.900914,1e-05,0.0,0.0,1.0,0.0,0.0005,exchangeInfo.quotePrecision/baseSizePrecision/quoteAmountPrecision,1,False,0.7932773109243697,0.8575630252100841,0.7701680672268908,80.47268907563026
mexc,EURIUSDT,EURI-USDT,EURI,USDT,True,1,True,1.1514,120225.1984,104294.97,1.1514,26.08,1.1517,100.0,2.6051843167901265,30.028512,0.0001,0.0,0.0,1.0,0.0,0.0005,exchangeInfo.quotePrecision/baseSizePrecision/quoteAmountPrecision,1,False,0.7655462184873949,0.969327731092437,0.7063025210084034,80.46428571428571
mexc,QQQONUSDT,QQQON-USDT,QQQON,USDT,True,1,True,588.0,103101.91,175.979,587.55,2.565,588.23,2.565,11.566789705558245,1507.0657499999998,0.01,0.0,0.0,1.0,0.0,0.0005,exchangeInfo.quotePrecision/baseSizePrecision/quoteAmountPrecision,1,False,0.7331932773109243,0.8159663865546218,0.9857142857142858,80.4390756302521
mexc,OGUSDT,OG-USDT,OG,USDT,True,1,True,2.557,154675.138,59594.57,2.556,8.72,2.557,6.8,3.9115978877367104,17.3876,0.001,0.0001,0.0001,1.0,0.0,0.0005,exchangeInfo.quotePrecision/baseSizePrecision/quoteAmountPrecision,1,False,0.8084033613445378,0.9457983193277311,0.6163865546218488,80.43487394957984
mexc,JGGLUSDT,JGGL-USDT,JGGL,USDT,True,1,True,2.1796,1699071.028,778787.18,2.175,12.64,2.1827,9.81,35.33974344264297,21.412287000000003,0.0001,0.0,0.0,1.0,0.0,0.0005,exchangeInfo.quotePrecision/baseSizePrecision/quoteAmountPrecision,1,False,0.9747899159663865,0.5457983193277312,0.6542016806722689,80.34243697478992
mexc,DEEPUSDT,DEEP-USDT,DEEP,USDT,True,1,True,0.027752,161047.438313,5756019.36,0.027746,1062.34,0.027749,379.29,1.0811784845479884,10.524918210000001,1e-06,0.0,0.0,1.0,0.0,0.0005,exchangeInfo.quotePrecision/baseSizePrecision/quoteAmountPrecision,1,False,0.8151260504201681,0.988655462184874,0.5386554621848739,80.32142857142857
mexc,LYNUSDT,LYN-USDT,LYN,USDT,True,1,True,0.04417,335876.75996,7031960.55,0.04415,558.82,0.04425,2086.24,22.62443438913935,24.671903000000004,1e-05,0.0,0.0,1.0,0.0,0.0005,exchangeInfo.quotePrecision/baseSizePrecision/quoteAmountPrecision,1,False,0.8983193277310925,0.6894957983193277,0.6743697478991597,80.13235294117646
mexc,SANDUSDT,SAND-USDT,SAND,USDT,True,1,True,0.07676,254199.19816,3326734.04,0.0767,133.3,0.07673,72.01,3.910578113798116,5.525327300000001,1e-05,0.0001,0.0001,1.0,0.0,0.0005,exchangeInfo.quotePrecision/baseSizePrecision/quoteAmountPrecision,1,False,0.8735294117647059,0.946218487394958,0.42016806722689076,80.1029411764706
mexc,COOKIEUSDT,COOKIE-USDT,COOKIE,USDT,True,1,True,0.0165,177227.03023,10580671.55,0.01649,76789.6,0.01654,40306.63,30.275507114742936,666.6716601999999,1e-05,0.0,0.0,1.0,0.0,0.0005,exchangeInfo.quotePrecision/baseSizePrecision/quoteAmountPrecision,1,False,0.8264705882352941,0.6063025210084034,0.973109243697479,80.07563025210085
mexc,ATLAUSDT,ATLA-USDT,ATLA,USDT,True,1,True,289.797,4451014.9493,15271.1,288.6001,0.78,290.2633,1.98,57.4643344181034,225.108078,0.0001,0.0,0.0,1.0,0.0,0.0005,exchangeInfo.quotePrecision/baseSizePrecision/quoteAmountPrecision,1,False,0.9915966386554622,0.28781512605042014,0.9168067226890756,80.06932773109244
mexc,LAZIOUSDT,LAZIO-USDT,LAZIO,USDT,True,1,True,0.6888,158278.2695,229423.32,0.688,123.93,0.6891,98.29,15.975600900444425,67.73163900000002,0.0001,0.01,0.01,1.0,0.0,0.0005,exchangeInfo.quotePrecision/baseSizePrecision/quoteAmountPrecision,1,False,0.8121848739495798,0.7676470588235293,0.8079831932773109,80.02100840336135
mexc,TLMUSDT,TLM-USDT,TLM,USDT,True,1,True,0.00161,104699.628906,64498702.82,0.001609,55800.0,0.00161,100950.4,6.213109661386349,89.7822,1e-06,0.0001,0.0001,1.0,0.0,0.0005,exchangeInfo.quotePrecision/baseSizePrecision/quoteAmountPrecision,1,False,0.7357142857142858,0.9067226890756303,0.8432773109243697,79.99789915966386
mexc,HMSTRUSDT,HMSTR-USDT,HMSTR,USDT,True,1,True,0.0001417,153576.5997508,1083910110.01,0.0001417,837136.8,0.0001418,160000.0,7.05467372134056,22.688000000000002,1e-07,0.0,0.0,1.0,0.0,0.0005,exchangeInfo.quotePrecision/baseSizePrecision/quoteAmountPrecision,1,False,0.8063025210084034,0.8907563025210083,0.6634453781512605,79.8844537815126
mexc,USDCBRL,USDC-BRL,USDC,BRL,True,1,True,5.177,568014.0,109661.59,5.174,1.16,5.181,1352.0,13.520038628681164,6.00184,0.001,0.0,0.0,5.0,0.0,0.0005,exchangeInfo.quotePrecision/baseSizePrecision/quoteAmountPrecision,1,False,0.9336134453781513,0.7907563025210084,0.43445378151260505,79.80672268907563
mexc,HBARUSDC,HBAR-USDC,HBAR,USDC,True,1,True,0.08761,203574.41667,2303698.68,0.08757,85171.06,0.08781,1124.09,27.3691412931924,98.7063429,1e-05,0.0,0.0,1.0,0.0,0.0,exchangeInfo.quotePrecision/baseSizePrecision/quoteAmountPrecision,1,False,0.846218487394958,0.6403361344537815,0.8588235294117647,79.72689075630251
mexc,币安人生USDT,币安人生-USDT,币安人生,USDT,True,1,True,0.05632,262957.41628,5065677.48,0.0564,50142.56,0.0565,351.0,17.714791851196257,19.831500000000002,1e-05,0.0,0.0,1.0,0.0,0.0005,exchangeInfo.quotePrecision/baseSizePrecision/quoteAmountPrecision,1,False,0.8777310924369748,0.7470588235294118,0.6386554621848739,79.72478991596638
mexc,RAYUSDT,RAY-USDT,RAY,USDT,True,1,True,0.6395,1359855.1682,2063180.64,0.6394,2.12,0.6397,2.27,4.690798217497896,1.355528,0.0001,0.0001,0.0001,1.0,0.0,0.0005,exchangeInfo.quotePrecision/baseSizePrecision/quoteAmountPrecision,1,False,0.9680672268907563,0.9365546218487395,0.15294117647058825,79.71638655462186
mexc,IOTAUSDT,IOTA-USDT,IOTA,USDT,True,1,True,0.06375,1310585.1924,21141837.84,0.06365,29.45,0.06369,24.19,6.28239359195828,1.5406611,1e-05,0.0,0.0,1.0,0.0,0.0005,exchangeInfo.quotePrecision/baseSizePrecision/quoteAmountPrecision,1,False,0.9663865546218487,0.9046218487394958,0.19663865546218487,79.69957983193277
mexc,FLRUSDT,FLR-USDT,FLR,USDT,True,1,True,0.00757,130642.12297,17151950.69,0.007566,11275.8,0.007576,12662.96,13.208294809140748,85.3127028,1e-06,0.0,0.0,1.0,0.0,0.0005,exchangeInfo.quotePrecision/baseSizePrecision/quoteAmountPrecision,1,False,0.7836134453781513,0.7945378151260505,0.834873949579832,79.65966386554622
mexc,BSVUSDT,BSV-USDT,BSV,USDT,True,1,True,14.84,201216.75,13530.20878,14.83,1.7099,14.84,0.7,6.740815638692138,10.388,0.01,0.001,0.001,1.0,0.0,0.0005,exchangeInfo.quotePrecision/baseSizePrecision/quoteAmountPrecision,1,False,0.8445378151260504,0.8987394957983194,0.5357142857142857,79.63235294117648
mexc,CORNUSDT,CORN-USDT,CORN,USDT,True,1,True,0.0449,366170.13121,8153282.66,0.0449,120.76,0.04493,98.13,6.679283090280599,4.4089808999999995,1e-05,0.0,0.0,1.0,0.0,0.0005,exchangeInfo.quotePrecision/baseSizePrecision/quoteAmountPrecision,1,False,0.9058823529411765,0.8991596638655462,0.3659663865546218,79.6218487394958
mexc,AIAUSDT,AIA-USDT,AIA,USDT,True,1,True,0.09089,209114.87502,2241761.29,0.09081,545.1,0.09102,1772.0,23.09849859759136,49.500531,1e-05,0.0,0.0,1.0,0.0,0.0005,exchangeInfo.quotePrecision/baseSizePrecision/quoteAmountPrecision,1,False,0.8512605042016806,0.684453781512605,0.7785714285714286,79.50210084033613
mexc,VANAUSDT,VANA-USDT,VANA,USDT,True,1,True,1.221,98207.913,80321.6,1.22,1234.21,1.221,179.17,8.193363375666628,218.76657,0.001,0.0,0.0,1.0,0.0,0.0005,exchangeInfo.quotePrecision/baseSizePrecision/quoteAmountPrecision,1,False,0.7172268907563025,0.8680672268907563,0.9147058823529411,79.44327731092437
mexc,HFTUSDT,HFT-USDT,HFT,USDT,True,1,True,0.01347,800171.89191,54865431.81,0.01343,598.98,0.01346,581.93,22.313127556712917,7.832777799999999,1e-05,0.01,0.01,1.0,0.0,0.0005,exchangeInfo.quotePrecision/baseSizePrecision/quoteAmountPrecision,1,False,0.9529411764705882,0.6928571428571428,0.4852941176470588,79.4390756302521
mexc,USATUSDT,USAT-USDT,USAT,USDT,True,1,True,1.0001,110041.7095,110009.02,0.9999,333331.67,1.0002,30.05,2.999850007499295,30.05601,0.0001,0.0,0.0,1.0,0.0,0.0005,exchangeInfo.quotePrecision/baseSizePrecision/quoteAmountPrecision,1,False,0.7487394957983193,0.9626050420168067,0.707983193277311,79.40546218487395
mexc,TOPUSDT,TOP-USDT,TOP,USDT,True,1,True,6.97e-05,114383.2378962,1641074498.36,6.97e-05,2642956.02,6.98e-05,12396577.05,14.336917562724363,184.214034594,1e-07,0.0,0.0,1.0,0.0,0.0005,exchangeInfo.quotePrecision/baseSizePrecision/quoteAmountPrecision,1,False,0.7579831932773109,0.7836134453781513,0.9058823529411765,79.3970588235294
mexc,KMNOUSDT,KMNO-USDT,KMNO,USDT,True,1,True,0.01746,98288.80172,5531891.5,0.01746,5724.73,0.01747,5292.0,5.725737188662807,92.45124,1e-05,0.0,0.0,1.0,0.0,0.0005,exchangeInfo.quotePrecision/baseSizePrecision/quoteAmountPrecision,1,False,0.7176470588235294,0.9172268907563025,0.8491596638655462,79.3844537815126
mexc,AVAXUSDC,AVAX-USDC,AVAX,USDC,True,1,True,8.908,247479.117,27678.09,8.895,2368.11,8.918,4.65,25.8238365238867,41.4687,0.001,0.0001,0.0001,1.0,0.0,0.0,exchangeInfo.quotePrecision/baseSizePrecision/quoteAmountPrecision,1,False,0.8697478991596639,0.657563025210084,0.7529411764705882,79.33403361344538
mexc,LAYERUSDT,LAYER-USDT,LAYER,USDT,True,1,True,0.07705,156433.89131,2029165.96,0.07697,1170.0,0.07713,21076.71,20.76573653471867,90.05489999999999,1e-05,0.0,0.0,1.0,0.0,0.0005,exchangeInfo.quotePrecision/baseSizePrecision/quoteAmountPrecision,1,False,0.8109243697478992,0.711764705882353,0.8445378151260504,79.28571428571429
mexc,OLUSDT,OL-USDT,OL,USDT,True,1,True,0.00833,249248.05714,27632436.27,0.00832,3996.41,0.00834,4540.83,24.009603841537718,33.2501312,1e-05,0.0,0.0,1.0,0.0,0.0005,exchangeInfo.quotePrecision/baseSizePrecision/quoteAmountPrecision,1,False,0.8705882352941177,0.6760504201680673,0.7243697478991596,79.27100840336135
mexc,AIXPLAYUSDT,AIXPLAY-USDT,AIXPLAY,USDT,True,1,True,0.0004106,468888.9682573,1226596447.89,0.0004101,11396.79,0.0004105,11396.79,9.748964172556903,4.6738235790000004,1e-07,0.0,0.0,1.0,0.0,0.0005,exchangeInfo.quotePrecision/baseSizePrecision/quoteAmountPrecision,1,False,0.9210084033613445,0.8411764705882353,0.3722689075630252,79.13025210084035
mexc,FOGOUSDT,FOGO-USDT,FOGO,USDT,True,1,True,0.01674,103259.47357,6089623.73,0.01673,3634.4,0.01674,9059.63,5.975500448164364,60.803512,1e-05,0.0,0.0,1.0,0.0,0.0005,exchangeInfo.quotePrecision/baseSizePrecision/quoteAmountPrecision,1,False,0.7340336134453781,0.9117647058823529,0.7978991596638656,79.12394957983193
mexc,ZRXUSDT,ZRX-USDT,ZRX,USDT,True,1,True,0.10284,107876.39139,1044560.46,0.1028,3949.6,0.10291,1044.0,10.694667250012055,107.43804,1e-05,0.001,0.001,1.0,0.0,0.0005,exchangeInfo.quotePrecision/baseSizePrecision/quoteAmountPrecision,1,False,0.7436974789915967,0.8277310924369747,0.8710084033613446,79.01680672268908
mexc,FOLKSUSDT,FOLKS-USDT,FOLKS,USDT,True,1,True,0.9265,332256.0838,352271.71,0.9248,49.95,0.9279,362.07,33.464673179683615,46.19376,0.0001,0.0,0.0,1.0,0.0,0.0005,exchangeInfo.quotePrecision/baseSizePrecision/quoteAmountPrecision,1,False,0.8978991596638656,0.5684873949579832,0.7689075630252101,78.9747899159664
mexc,WIFUSDT,WIF-USDT,WIF,USDT,True,1,True,0.1817,424063.8653,2334273.08,0.1815,28.67,0.1817,29.5,11.013215859031153,5.2036050000000005,0.0001,0.0,0.0,1.0,0.0,0.0005,exchangeInfo.quotePrecision/baseSizePrecision/quoteAmountPrecision,1,False,0.9163865546218487,0.8247899159663865,0.39747899159663863,78.97058823529412
mexc,IOSTUSDT,IOST-USDT,IOST,USDT,True,1,True,0.00109,110269.663801,102772806.73,0.00109,70200.0,0.001091,180736.0,9.170105456211976,76.518,1e-06,1.0,1.0,1.0,0.0,0.0005,exchangeInfo.quotePrecision/baseSizePrecision/quoteAmountPrecision,1,False,0.75,0.8525210084033613,0.8201680672268907,78.96638655462185
mexc,ATOMUSDT,ATOM-USDT,ATOM,USDT,True,1,True,1.688,358782.048,210734.96,1.687,3.77,1.689,3.82,11.848341232227497,6.35999,0.001,0.001,0.001,1.0,0.0,0.0005,exchangeInfo.quotePrecision/baseSizePrecision/quoteAmountPrecision,1,False,0.903781512605042,0.8121848739495798,0.4470588235294118,78.95378151260503
mexc,POPCATUSDT,POPCAT-USDT,POPCAT,USDT,True,1,True,0.04809,331737.49257,6861470.21,0.04806,179.05,0.04813,178.54,14.554527497661008,8.5931302,1e-05,0.0,0.0,1.0,0.0,0.0005,exchangeInfo.quotePrecision/baseSizePrecision/quoteAmountPrecision,1,False,0.8970588235294118,0.7819327731092437,0.5021008403361344,78.92857142857143
mexc,QUBICUSDT,QUBIC-USDT,QUBIC,USDT,True,1,True,9.006e-07,492154.7028713461,539136357018.0,9.005e-07,6707025.0,9.019e-07,18165144.0,15.534842432312464,6.0396760125,1e-10,0.0,0.0,1.0,0.0,0.0005,exchangeInfo.quotePrecision/baseSizePrecision/quoteAmountPrecision,1,False,0.9243697478991597,0.7714285714285715,0.4373949579831933,78.87394957983193
mexc,SFIUSDT,SFI-USDT,SFI,USDT,True,1,True,0.005036,111569.590458,21773226.08,0.005035,5411.63,0.005037,5377.53,3.9714058776795036,27.08661861,1e-06,0.0,0.0,1.0,0.0,0.0005,exchangeInfo.quotePrecision/baseSizePrecision/quoteAmountPrecision,1,False,0.7525210084033613,0.9445378151260504,0.6911764705882353,78.82563025210084
mexc,CATIUSDT,CATI-USDT,CATI,USDT,True,1,True,0.0566,273262.82096,4848673.15,0.05651,1000.0,0.05662,283.28,19.446654291522847,16.039313599999996,1e-05,0.0,0.0,1.0,0.0,0.0005,exchangeInfo.quotePrecision/baseSizePrecision/quoteAmountPrecision,1,False,0.8827731092436975,0.7260504201680672,0.603781512605042,78.77941176470588
mexc,USUALUSDT,USUAL-USDT,USUAL,USDT,True,1,True,0.01263,164903.54715,12886998.75,0.01262,1132.96,0.01263,7067.04,7.920792079208972,14.297955199999999,1e-05,0.0,0.0,1.0,0.0,0.0005,exchangeInfo.quotePrecision/baseSizePrecision/quoteAmountPrecision,1,False,0.8180672268907563,0.8743697478991597,0.588655462184874,78.62605042016807
mexc,ASTRUSDT,ASTR-USDT,ASTR,USDT,True,1,True,0.007204,111723.703549,15622803.77,0.007203,4172.64,0.007207,4172.64,5.551700208188291,30.055525920000004,1e-06,0.01,0.01,1.0,0.0,0.0005,exchangeInfo.quotePrecision/baseSizePrecision/quoteAmountPrecision,1,False,0.7529411764705882,0.9205882352941177,0.7075630252100841,78.57773109243698
mexc,PYTHUSDT,PYTH-USDT,PYTH,USDT,True,1,True,0.0409,417413.47542,10143686.67,0.04086,75.34,0.04089,7587.6,7.339449541284953,3.0783924000000003,1e-05,0.0,0.0,1.0,0.0,0.0005,exchangeInfo.quotePrecision/baseSizePrecision/quoteAmountPrecision,1,False,0.9134453781512605,0.8861344537815126,0.3033613445378151,78.46008403361346
mexc,TBCUSDT,TBC-USDT,TBC,USDT,True,1,True,3.92,161717.962,41367.48,3.919,4.34,3.922,3.44,7.652085193215441,13.49168,0.001,0.0,0.0,1.0,0.0,0.0005,exchangeInfo.quotePrecision/baseSizePrecision/quoteAmountPrecision,1,False,0.8159663865546218,0.8789915966386554,0.5781512605042017,78.41596638655463
mexc,AIXUSDT,AIX-USDT,AIX,USDT,True,1,True,3.223574,1994149.386064,743836.34,3.218923,1.09,3.225579,11.66,20.656367241409793,3.5086260700000005,1e-06,0.0,0.0,1.0,0.0,0.0005,exchangeInfo.quotePrecision/baseSizePrecision/quoteAmountPrecision,1,False,0.9794117647058823,0.7130252100840336,0.33361344537815124,78.36554621848741
mexc,PROPSUSDT,PROPS-USDT,PROPS,USDT,True,1,True,0.005231,176416.740635,33644585.17,0.005229,7823.12,0.005231,1312.13,3.8240917782031842,6.8637520300000014,1e-06,0.001,0.001,1.0,0.0,0.0005,exchangeInfo.quotePrecision/baseSizePrecision/quoteAmountPrecision,1,False,0.8260504201680672,0.9478991596638655,0.46176470588235297,78.36554621848741
mexc,ZBCNUSDT,ZBCN-USDT,ZBCN,USDT,True,1,True,0.0024986,455302.5994487,185190893.2,0.0024949,6040.48,0.0025019,20457.4,28.017931476144977,15.070393551999999,1e-07,0.0,0.0,1.0,0.0,0.0005,exchangeInfo.quotePrecision/baseSizePrecision/quoteAmountPrecision,1,False,0.9193277310924369,0.6352941176470588,0.5945378151260504,78.33613445378151
mexc,TLOSUSDT,TLOS-USDT,TLOS,USDT,True,1,True,0.0108,122672.62399,11391380.43,0.01078,37846.84,0.0108,10653.05,18.535681186284446,115.05293999999999,1e-05,0.0001,0.0001,1.0,0.0,0.0005,exchangeInfo.quotePrecision/baseSizePrecision/quoteAmountPrecision,1,False,0.7701680672268908,0.7369747899159664,0.8760504201680672,78.30462184873952
mexc,JSTUSDT,JST-USDT,JST,USDT,True,1,True,0.06141,556450.77134,8834879.84,0.06144,1422.0,0.06145,21.37,1.6274717226781874,1.3131865,1e-05,1.0,1.0,1.0,0.0,0.0005,exchangeInfo.quotePrecision/baseSizePrecision/quoteAmountPrecision,1,False,0.9319327731092437,0.9781512605042016,0.126890756302521,78.24789915966389
mexc,ENAUSDC,ENA-USDC,ENA,USDC,True,1,True,0.0798,222637.18059,2740609.88,0.07959,101686.21,0.07985,1002.78,32.61414952333295,80.071983,1e-05,0.0,0.0,1.0,0.0,0.0,exchangeInfo.quotePrecision/baseSizePrecision/quoteAmountPrecision,1,False,0.8571428571428571,0.580672268907563,0.8281512605042017,78.22268907563026
mexc,ETHBRL,ETH-BRL,ETH,BRL,True,1,True,10628.38,257543.64,24.1891,10618.2,0.0006,10628.48,0.1002,9.676805976273785,6.37092,0.01,0.0,0.0,5.0,0.0,0.0005,exchangeInfo.quotePrecision/baseSizePrecision/quoteAmountPrecision,1,False,0.8764705882352941,0.842436974789916,0.4474789915966387,78.21638655462185
mexc,TIAUSDT,TIA-USDT,TIA,USDT,True,1,True,0.2901,469248.794,1604495.71,0.2899,415.31,0.2901,7.55,6.896551724139085,2.190255,0.0001,0.0,0.0,1.0,0.0,0.0005,exchangeInfo.quotePrecision/baseSizePrecision/quoteAmountPrecision,1,False,0.9214285714285714,0.8949579831932774,0.2529411764705882,78.11134453781511
mexc,CHECKUSDT,CHECK-USDT,CHECK,USDT,True,1,True,0.050839,285026.971874,5436197.97,0.050845,155.51,0.050883,83.28,7.4709027996218085,4.23753624,1e-06,0.0,0.0,1.0,0.0,0.0005,exchangeInfo.quotePrecision/baseSizePrecision/quoteAmountPrecision,1,False,0.8869747899159663,0.8823529411764706,0.36092436974789915,78.0609243697479
mexc,XRPUSDE,XRP-USDE,XRP,USDE,True,1,True,1.3197,220863.5053,167452.68,1.3165,59.58,1.3208,225.86,32.609107799643354,78.43706999999999,0.0001,0.0,0.0,1.0,0.0,0.0,exchangeInfo.quotePrecision/baseSizePrecision/quoteAmountPrecision,1,False,0.8542016806722689,0.5810924369747898,0.8247899159663865,78.00420168067225
mexc,NMRUSDT,NMR-USDT,NMR,USDT,True,1,True,7.207,492364.368,66983.446,7.206,0.222,7.21,0.289,5.549389567147003,1.5997320000000002,0.001,0.001,0.001,1.0,0.0,0.0005,exchangeInfo.quotePrecision/baseSizePrecision/quoteAmountPrecision,1,False,0.9247899159663866,0.9210084033613446,0.20336134453781513,77.95588235294119
mexc,BSBUSDT,BSB-USDT,BSB,USDT,True,1,True,0.23012,242872.20621,1058336.89,0.23009,144.49,0.23062,90.79,23.00796596557499,20.9379898,1e-05,0.0,0.0,1.0,0.0,0.0005,exchangeInfo.quotePrecision/baseSizePrecision/quoteAmountPrecision,1,False,0.8680672268907563,0.6857142857142857,0.6495798319327731,77.87815126050421
mexc,ORDERUSDT,ORDER-USDT,ORDER,USDT,True,1,True,0.0492,150067.0912,3092838.51,0.0492,1122.35,0.0493,12853.83,20.304568527917954,55.21962,0.0001,0.0,0.0,1.0,0.0,0.0005,exchangeInfo.quotePrecision/baseSizePrecision/quoteAmountPrecision,1,False,0.8021008403361345,0.7159663865546219,0.7915966386554621,77.8466386554622
mexc,TONEUR,TON-EUR,TON,EUR,True,1,True,1.074,270067.177,249863.42,1.075,798.88,1.08,650.67,46.40371229698482,702.7236,0.001,0.0,0.0,1.0,0.0,0.0,exchangeInfo.quotePrecision/baseSizePrecision/quoteAmountPrecision,1,False,0.880672268907563,0.39579831932773113,0.9739495798319328,77.81092436974791
mexc,PHAUSDT,PHA-USDT,PHA,USDT,True,1,True,0.03873,382641.99067,9970648.25,0.03867,517.19,0.03879,13773.95,30.98373353989029,19.999737300000003,1e-05,0.01,0.01,1.0,0.0,0.0005,exchangeInfo.quotePrecision/baseSizePrecision/quoteAmountPrecision,1,False,0.9084033613445378,0.5966386554621849,0.6415966386554622,77.71008403361344
mexc,KSMUSDT,KSM-USDT,KSM,USDT,True,1,True,4.194,179993.204,42117.5059,4.188,12.7865,4.199,63.3967,26.231071896983714,53.549862,0.001,0.001,0.001,1.0,0.0,0.0005,exchangeInfo.quotePrecision/baseSizePrecision/quoteAmountPrecision,1,False,0.8281512605042017,0.6542016806722689,0.788235294117647,77.66806722689077
mexc,TRUMPUSDC,TRUMP-USDC,TRUMP,USDC,True,1,True,2.794,186490.716,65658.2,2.79,24.08,2.798,122.99,28.632784538296374,67.1832,0.001,0.0,0.0,1.0,0.0,0.0,exchangeInfo.quotePrecision/baseSizePrecision/quoteAmountPrecision,1,False,0.8340336134453782,0.6245798319327731,0.807563025210084,77.63760504201682
mexc,DYMUSDT,DYM-USDT,DYM,USDT,True,1,True,0.02126,354930.59734,16082710.22,0.02121,10023.75,0.02131,167416.56,47.036688617121065,212.6037375,1e-05,0.0,0.0,1.0,0.0,0.0005,exchangeInfo.quotePrecision/baseSizePrecision/quoteAmountPrecision,1,False,0.9025210084033614,0.38655462184873945,0.9130252100840336,77.56302521008404
mexc,AXSUSDT,AXS-USDT,AXS,USDT,True,1,True,1.1168,658135.581,584442.26,1.1164,1.39,1.117,1.18,5.372973941075794,1.31806,0.0001,0.0001,0.0001,1.0,0.0,0.0005,exchangeInfo.quotePrecision/baseSizePrecision/quoteAmountPrecision,1,False,0.9420168067226891,0.9226890756302522,0.13319327731092437,77.5420168067227
mexc,ONEUSDT,ONE-USDT,ONE,USDT,True,1,True,0.00227,417753.870597,182826727.98,0.00226,885088.51,0.002272,183466.09,52.95675198587949,416.83495648,1e-06,0.001,0.001,1.0,0.0,0.0005,exchangeInfo.quotePrecision/baseSizePrecision/quoteAmountPrecision,1,False,0.9138655462184874,0.3260504201680672,0.9563025210084034,77.53991596638656
mexc,JTOUSDT,JTO-USDT,JTO,USDT,True,1,True,0.2576,90033.2693,347833.56,0.2574,379.2,0.2576,1441.76,7.76699029126128,97.60608,0.0001,0.0,0.0,1.0,0.0,0.0005,exchangeInfo.quotePrecision/baseSizePrecision/quoteAmountPrecision,1,False,0.6987394957983193,0.876890756302521,0.8571428571428571,77.49579831932773
mexc,LIF3USDT,LIF3-USDT,LIF3,USDT,True,1,True,0.00172,200645.311556,116649958.3,0.001719,11992.2,0.00172,3161.56,5.815644082581657,5.4378832,1e-06,0.0,0.0,1.0,0.0,0.0005,exchangeInfo.quotePrecision/baseSizePrecision/quoteAmountPrecision,1,False,0.8432773109243697,0.9142857142857143,0.4117647058823529,77.47268907563026
mexc,SPXUSDT,SPX-USDT,SPX,USDT,True,1,True,0.2639,120532.8264,454971.43,0.2637,2071.4,0.2643,645.25,22.72727272727233,170.53957499999999,0.0001,0.0,0.0,1.0,0.0,0.0005,exchangeInfo.quotePrecision/baseSizePrecision/quoteAmountPrecision,1,False,0.7659663865546219,0.6873949579831933,0.9021008403361345,77.35504201680673
mexc,ULTIMAUSDT,ULTIMA-USDT,ULTIMA,USDT,True,1,True,3205.73,443411.44,133.2969,3203.31,0.0011,3207.27,0.023,12.35457634098642,3.523641,0.01,0.0,0.0,1.0,0.0,0.0005,exchangeInfo.quotePrecision/baseSizePrecision/quoteAmountPrecision,1,False,0.9180672268907563,0.8063025210084034,0.3348739495798319,77.34873949579831
mexc,MANTRAUSDT,MANTRA-USDT,MANTRA,USDT,True,1,True,0.01075,92621.62922,8655840.28,0.01075,233862.4,0.01076,9483.2,9.298000929801326,102.03923200000001,1e-05,0.0,0.0,1.0,0.0,0.0005,exchangeInfo.quotePrecision/baseSizePrecision/quoteAmountPrecision,1,False,0.704201680672269,0.8491596638655462,0.8659663865546219,77.27941176470588
mexc,9BITUSDT,9BIT-USDT,9BIT,USDT,True,1,True,0.025095,682702.84933,27106478.22,0.025088,433.81,0.025171,1791.76,33.028910244931154,10.883425279999999,1e-06,0.0,0.0,1.0,0.0,0.0005,exchangeInfo.quotePrecision/baseSizePrecision/quoteAmountPrecision,1,False,0.9436974789915966,0.5752100840336134,0.5474789915966387,77.23319327731092
mexc,CRCLONUSDT,CRCLON-USDT,CRCLON,USDT,True,1,True,90.53,82562.98,912.61,90.47,3.363,90.56,3.363,9.943103353035784,304.25061,0.01,0.0,0.0,1.0,0.0,0.0005,exchangeInfo.quotePrecision/baseSizePrecision/quoteAmountPrecision,1,False,0.6798319327731093,0.838655462184874,0.9411764705882353,77.18067226890757
mexc,SIRENUSDT,SIREN-USDT,SIREN,USDT,True,1,True,0.1377,725536.4442,4421956.52,0.1372,177.19,0.1377,103.5,36.37686431429614,14.251949999999999,0.0001,0.0,0.0,1.0,0.0,0.0005,exchangeInfo.quotePrecision/baseSizePrecision/quoteAmountPrecision,1,False,0.946218487394958,0.534453781512605,0.5882352941176471,77.16806722689076
mexc,FILUSDC,FIL-USDC,FIL,USDC,True,1,True,0.837,330669.9226,395242.098,0.8361,4.173,0.8369,4.521,9.563658099223225,3.4890453,0.0001,0.0001,0.0001,1.0,0.0,0.0,exchangeInfo.quotePrecision/baseSizePrecision/quoteAmountPrecision,1,False,0.8966386554621849,0.8457983193277311,0.3323529411764706,77.10714285714286
mexc,CGPTUSDT,CGPT-USDT,CGPT,USDT,True,1,True,0.018587,106612.912385,5726960.97,0.018569,4072.24,0.018593,4072.24,12.916419998923478,75.61742455999999,1e-06,0.0,0.0,1.0,0.0,0.0005,exchangeInfo.quotePrecision/baseSizePrecision/quoteAmountPrecision,1,False,0.7407563025210084,0.7987394957983194,0.8184873949579832,77.07983193277312
mexc,CELOUSDT,CELO-USDT,CELO,USDT,True,1,True,0.08442,86369.93797,1033813.21,0.0844,4638.0,0.08451,4030.48,13.024687703510624,340.6158648,1e-05,0.1,0.1,1.0,0.0,0.0005,exchangeInfo.quotePrecision/baseSizePrecision/quoteAmountPrecision,1,False,0.6915966386554622,0.7970588235294118,0.9483193277310924,76.93067226890756
mexc,SKYUSDT,SKY-USDT,SKY,USDT,True,1,True,0.07452,75103.21545,1009214.31,0.07453,1160.0,0.07455,6481.6,2.6831231553536523,86.4548,1e-05,0.0,0.0,1.0,0.0,0.0005,exchangeInfo.quotePrecision/baseSizePrecision/quoteAmountPrecision,1,False,0.6533613445378151,0.9689075630252101,0.8369747899159664,76.89705882352942
mexc,REALUSDT,REAL-USDT,REAL,USDT,True,1,True,0.05824,72733.65742,1263912.25,0.05824,2752.76,0.05826,2092.15,3.4334763948496456,121.888659,1e-05,0.0,0.0,1.0,0.0,0.0005,exchangeInfo.quotePrecision/baseSizePrecision/quoteAmountPrecision,1,False,0.6436974789915967,0.9529411764705882,0.8815126050420168,76.85714285714286
mexc,FORMUSDT,FORM-USDT,FORM,USDT,True,1,True,0.2072,92664.0092,456287.52,0.2071,450.0,0.2073,450.0,9.652509652509929,93.19500000000001,0.0001,0.0,0.0,1.0,0.0,0.0005,exchangeInfo.quotePrecision/baseSizePrecision/quoteAmountPrecision,1,False,0.7046218487394958,0.8428571428571429,0.8508403361344538,76.84243697478992
mexc,BTCUSD1,BTC-USD1,BTC,USD1,True,1,True,66983.81,224446.38,3.36245,66863.55,0.00022,67004.1,0.00462,20.99835173023548,14.709981,0.01,0.0,0.0,1.0,0.0001,0.0001,exchangeInfo.quotePrecision/baseSizePrecision/quoteAmountPrecision,1,False,0.8588235294117647,0.7096638655462184,0.5903361344537815,76.78361344537815
mexc,MINAUSDT,MINA-USDT,MINA,USDT,True,1,True,0.05655,378895.46131,6652290.52,0.05654,33.5,0.05657,25.81,5.3045707718154445,1.4600717,1e-05,0.0001,0.0001,1.0,0.0,0.0005,exchangeInfo.quotePrecision/baseSizePrecision/quoteAmountPrecision,1,False,0.907563025210084,0.9243697478991597,0.18781512605042017,76.78151260504202
mexc,CVXUSDT,CVX-USDT,CVX,USDT,True,1,True,1.706,99006.302,57813.21,1.705,52.2,1.707,52.2,11.723329425556868,89.001,0.001,0.1,0.1,1.0,0.0,0.0005,exchangeInfo.quotePrecision/baseSizePrecision/quoteAmountPrecision,1,False,0.7189075630252101,0.8138655462184874,0.8428571428571429,76.7436974789916
mexc,ZEREBROUSDT,ZEREBRO-USDT,ZEREBRO,USDT,True,1,True,0.006991,102330.823175,14126633.63,0.006985,44684.34,0.007,68827.08,21.4515552377551,312.1201149,1e-06,0.0,0.0,1.0,0.0,0.0005,exchangeInfo.quotePrecision/baseSizePrecision/quoteAmountPrecision,1,False,0.7315126050420168,0.7050420168067226,0.9432773109243697,76.72478991596638
mexc,HIGHUSDT,HIGH-USDT,HIGH,USDT,True,1,True,0.1358,156164.4582,1173370.199,0.1358,138.601,0.136,37761.052,14.716703458425732,18.8220158,0.0001,0.001,0.001,1.0,0.0,0.0005,exchangeInfo.quotePrecision/baseSizePrecision/quoteAmountPrecision,1,False,0.8105042016806723,0.7794117647058824,0.6289915966386554,76.64285714285714
mexc,ASTUSDT,AST-USDT,AST,USDT,True,1,True,0.00303,184749.467784,60967768.59,0.003028,12940.0,0.003032,3674.0,13.201320132013523,11.139568,1e-06,0.0,0.0,1.0,0.0,0.0005,exchangeInfo.quotePrecision/baseSizePrecision/quoteAmountPrecision,1,False,0.8315126050420169,0.7949579831932774,0.5516806722689076,76.64075630252101
mexc,TUTUSDT,TUT-USDT,TUT,USDT,True,1,True,0.00925,99095.804543,10660347.87,0.009249,10440.0,0.009261,77947.2,12.965964343597902,96.55956,1e-06,0.0,0.0,1.0,0.0,0.0005,exchangeInfo.quotePrecision/baseSizePrecision/quoteAmountPrecision,1,False,0.719327731092437,0.7983193277310925,0.8550420168067226,76.6218487394958
mexc,KERNELUSDT,KERNEL-USDT,KERNEL,USDT,True,1,True,0.11234,796753.85534,7107037.15,0.11267,12.51,0.11279,12.76,10.64490375232814,1.4095017,1e-05,0.0,0.0,1.0,0.0,0.0005,exchangeInfo.quotePrecision/baseSizePrecision/quoteAmountPrecision,1,False,0.9516806722689075,0.8285714285714285,0.1773109243697479,76.6029411764706
mexc,BLESSUSDT,BLESS-USDT,BLESS,USDT,True,1,True,0.00602,233240.099614,39070103.35,0.006009,3787.21,0.006026,3706.92,28.250934773577935,22.33789992,1e-06,0.0,0.0,1.0,0.0,0.0005,exchangeInfo.quotePrecision/baseSizePrecision/quoteAmountPrecision,1,False,0.8651260504201681,0.6315126050420168,0.661344537815126,76.59663865546219
mexc,IDUSDT,ID-USDT,ID,USDT,True,1,True,0.03184,579408.5485,17525320.79,0.03185,41.23,0.03187,41.23,6.2774639045822935,1.3131755,1e-05,0.0,0.0,1.0,0.0,0.0005,exchangeInfo.quotePrecision/baseSizePrecision/quoteAmountPrecision,1,False,0.9348739495798319,0.9050420168067227,0.1264705882352941,76.57352941176471
mexc,PSGUSDT,PSG-USDT,PSG,USDT,True,1,True,0.819,121178.0673,150417.19,0.8179,140.96,0.8199,224.46,24.42300647209674,115.291184,0.0001,0.0001,0.0001,1.0,0.0,0.0005,exchangeInfo.quotePrecision/baseSizePrecision/quoteAmountPrecision,1,False,0.7672268907563026,0.6726890756302522,0.876890756302521,76.55252100840337
mexc,PHBUSDT,PHB-USDT,PHB,USDT,True,1,True,0.0983,202000.77451,2047921.81,0.09826,1203.28,0.09864,7644.76,38.598273235145285,118.23429279999999,1e-05,0.01,0.01,1.0,0.0,0.0005,exchangeInfo.quotePrecision/baseSizePrecision/quoteAmountPrecision,1,False,0.8453781512605042,0.49873949579831933,0.8785714285714286,76.53571428571428
mexc,QTUMUSDT,QTUM-USDT,QTUM,USDT,True,1,True,0.9715,848646.4666,886217.64,0.9711,2.34,0.9719,1.35,8.23468862583657,1.312065,0.0001,0.1,0.1,1.0,0.0,0.0005,exchangeInfo.quotePrecision/baseSizePrecision/quoteAmountPrecision,1,False,0.954201680672269,0.8659663865546219,0.12016806722689076,76.53361344537815
mexc,HEMIUSDT,HEMI-USDT,HEMI,USDT,True,1,True,0.008582,478659.462489,62244215.52,0.008565,7331.0,0.008581,538.39,18.6632450717373,4.61992459,1e-06,0.0,0.0,1.0,0.0,0.0005,exchangeInfo.quotePrecision/baseSizePrecision/quoteAmountPrecision,1,False,0.9222689075630253,0.734873949579832,0.37058823529411766,76.50840336134455
mexc,REZUSDT,REZ-USDT,REZ,USDT,True,1,True,0.003307,480075.533721,139685978.36,0.003299,7619.01,0.003312,11093.42,39.32839207381634,25.13511399,1e-06,0.0,0.0,1.0,0.0,0.0005,exchangeInfo.quotePrecision/baseSizePrecision/quoteAmountPrecision,1,False,0.9226890756302522,0.4878151260504202,0.6781512605042017,76.50630252100841
mexc,TUSDT,T-USDT,T,USDT,True,1,True,0.006089,102702.391405,16796432.06,0.006081,28856.62,0.006091,16020.0,16.431153466974138,97.57782,1e-06,0.0001,0.0001,1.0,0.0,0.0005,exchangeInfo.quotePrecision/baseSizePrecision/quoteAmountPrecision,1,False,0.7327731092436974,0.7626050420168067,0.8567226890756302,76.50210084033614
mexc,IQUSDT,IQ-USDT,IQ,USDT,True,1,True,0.001043,83900.006692,80669548.89,0.001042,119068.8,0.001043,218537.6,9.592326139090002,124.0696896,1e-06,0.001,0.001,1.0,0.0,0.0005,exchangeInfo.quotePrecision/baseSizePrecision/quoteAmountPrecision,1,False,0.6857142857142857,0.8449579831932773,0.8831932773109243,76.50210084033613
mexc,CCDUSDT,CCD-USDT,CCD,USDT,True,1,True,0.004494,936193.752867,202545065.64,0.00449,501.46,0.004498,3158.38,17.801513128616367,2.2515554,1e-06,0.0001,0.0001,1.0,0.0,0.0005,exchangeInfo.quotePrecision/baseSizePrecision/quoteAmountPrecision,1,False,0.9571428571428572,0.7457983193277311,0.25882352941176473,76.46428571428572
mexc,HOMEUSDT,HOME-USDT,HOME,USDT,True,1,True,0.02003,86122.10148,4526297.61,0.02004,5317.6,0.02006,5780.8,9.975062344140975,106.564704,1e-05,0.0,0.0,1.0,0.0,0.0005,exchangeInfo.quotePrecision/baseSizePrecision/quoteAmountPrecision,1,False,0.6911764705882353,0.8369747899159664,0.8701680672268908,76.34243697478992
mexc,NETXUSDT,NETX-USDT,NETX,USDT,True,1,True,0.4906,113004.3398,227978.99,0.49,305.02,0.4908,102.0,16.31321370309998,50.0616,0.0001,0.0,0.0,1.0,0.0,0.0005,exchangeInfo.quotePrecision/baseSizePrecision/quoteAmountPrecision,1,False,0.7558823529411764,0.7642857142857142,0.7810924369747899,76.30252100840337
mexc,CORALUSDT,CORAL-USDT,CORAL,USDT,True,1,True,0.0002827,201806.8792697,726208090.61,0.0002825,141592.92,0.0002833,104730.75,28.278543655002455,29.670221475,1e-07,0.0,0.0,1.0,0.0,0.0005,exchangeInfo.quotePrecision/baseSizePrecision/quoteAmountPrecision,1,False,0.8449579831932773,0.6310924369747899,0.7025210084033613,76.30042016806723
mexc,SOMIUSDT,SOMI-USDT,SOMI,USDT,True,1,True,0.1559,82737.5692,532979.47,0.1558,4832.8,0.156,1852.48,12.828736369467977,288.98688,0.0001,0.0,0.0,1.0,0.0,0.0005,exchangeInfo.quotePrecision/baseSizePrecision/quoteAmountPrecision,1,False,0.6819327731092437,0.8004201680672269,0.9373949579831933,76.26470588235294
mexc,BANKUSDT,BANK-USDT,BANK,USDT,True,1,True,0.02898,257327.72486,8999317.34,0.02891,1574.0,0.02902,52451.28,37.9768686345586,45.50434,1e-05,0.0,0.0,1.0,0.0,0.0005,exchangeInfo.quotePrecision/baseSizePrecision/quoteAmountPrecision,1,False,0.8760504201680672,0.5092436974789916,0.7663865546218488,76.24159663865548
mexc,EGLDUSDT,EGLD-USDT,EGLD,USDT,True,1,True,3.754,215851.274,57000.58,3.752,1.234,3.755,23.3,7.992540295724295,4.629968,0.001,0.0001,0.0001,1.0,0.0,0.0005,exchangeInfo.quotePrecision/baseSizePrecision/quoteAmountPrecision,1,False,0.8529411764705882,0.8739495798319328,0.37142857142857144,76.1890756302521
mexc,PIVXUSDT,PIVX-USDT,PIVX,USDT,True,1,True,0.08466,129470.73347,1543891.1,0.08458,393.3,0.08473,2114.4,17.71897702439281,33.265314000000004,1e-05,0.0,0.0,1.0,0.0,0.0005,exchangeInfo.quotePrecision/baseSizePrecision/quoteAmountPrecision,1,False,0.7810924369747899,0.7466386554621849,0.7252100840336134,76.13025210084034
mexc,SOLEUR,SOL-EUR,SOL,EUR,True,1,True,69.76,159157.58,2298.731,69.66,1.826,69.88,1.113,31.53217715350421,77.77644,0.01,0.0,0.0,1.0,0.0,0.0,exchangeInfo.quotePrecision/baseSizePrecision/quoteAmountPrecision,1,False,0.8138655462184874,0.5915966386554622,0.823109243697479,76.01470588235296
mexc,BTCUSDF,BTC-USDF,BTC,USDF,True,1,True,66942.82,89777.88,1.34212,66942.7,0.00421,67052.53,0.0036,16.393120859601012,241.389108,0.01,0.0,0.0,1.0,0.0,0.0005,exchangeInfo.quotePrecision/baseSizePrecision/quoteAmountPrecision,1,False,0.6978991596638655,0.7634453781512605,0.9243697478991597,75.95798319327731
mexc,MEUSDT,ME-USDT,ME,USDT,True,1,True,0.10049,247423.27122,2469480.1,0.10044,27.86,0.10051,1638.0,6.966907190843554,2.7982584,1e-05,0.0,0.0,1.0,0.0,0.0005,exchangeInfo.quotePrecision/baseSizePrecision/quoteAmountPrecision,1,False,0.869327731092437,0.8941176470588236,0.28739495798319326,75.91386554621849
mexc,BTYUSDT,BTY-USDT,BTY,USDT,True,1,True,0.02818,99330.99488,3492191.2,0.02817,1044.04,0.02819,1032.04,7.09723207948871,29.0932076,1e-05,0.0,0.0,1.0,0.0,0.0005,exchangeInfo.quotePrecision/baseSizePrecision/quoteAmountPrecision,1,False,0.7197478991596639,0.8894957983193277,0.7,75.8235294117647
mexc,LQTYUSDT,LQTY-USDT,LQTY,USDT,True,1,True,0.2689,112017.8131,412936.79,0.2686,99.79,0.2689,128.98,11.162790697673191,26.803594000000004,0.0001,0.0001,0.0001,1.0,0.0,0.0005,exchangeInfo.quotePrecision/baseSizePrecision/quoteAmountPrecision,1,False,0.7533613445378151,0.8214285714285714,0.6878151260504202,75.72689075630252
mexc,SOPHUSDT,SOPH-USDT,SOPH,USDT,True,1,True,0.008207,85459.439619,10475112.5,0.0082,101608.0,0.008211,19767.2,13.40564255682025,162.3084792,1e-06,0.0,0.0,1.0,0.0,0.0005,exchangeInfo.quotePrecision/baseSizePrecision/quoteAmountPrecision,1,False,0.6894957983193277,0.7924369747899159,0.8991596638655462,75.71638655462185
mexc,BREVUSDT,BREV-USDT,BREV,USDT,True,1,True,0.1089,81594.4139,743498.96,0.1089,900.0,0.109,5305.68,9.17852225791674,98.00999999999999,0.0001,0.0,0.0,1.0,0.0,0.0005,exchangeInfo.quotePrecision/baseSizePrecision/quoteAmountPrecision,1,False,0.6773109243697479,0.8521008403361344,0.857563025210084,75.70588235294117
mexc,AVAXEUR,AVAX-EUR,AVAX,EUR,True,1,True,7.731,278047.197,35832.9,7.723,2.94,7.75,12.75,34.89950235894802,22.70562,0.001,0.0,0.0,1.0,0.0,0.0,exchangeInfo.quotePrecision/baseSizePrecision/quoteAmountPrecision,1,False,0.8852941176470588,0.5491596638655463,0.6638655462184874,75.69747899159664
mexc,SOSOUSDT,SOSO-USDT,SOSO,USDT,True,1,True,0.4113,125158.8932,303007.16,0.4106,100.0,0.4113,73.75,17.03370239688474,30.333375,0.0001,0.0,0.0,1.0,0.0,0.0005,exchangeInfo.quotePrecision/baseSizePrecision/quoteAmountPrecision,1,False,0.7747899159663866,0.7550420168067227,0.7100840336134454,75.69117647058825
mexc,SYNUSDT,SYN-USDT,SYN,USDT,True,1,True,0.05378,993700.94623,17177753.93,0.05375,24.39,0.05381,43.22,11.156563778355812,1.3109625,1e-05,0.001,0.001,1.0,0.0,0.0005,exchangeInfo.quotePrecision/baseSizePrecision/quoteAmountPrecision,1,False,0.9592436974789916,0.8218487394957983,0.1180672268907563,75.66596638655462
mexc,NFPUSDT,NFP-USDT,NFP,USDT,True,1,True,0.01476,294016.73981,20193445.72,0.01472,17607.94,0.01473,117.44,6.791171477079519,1.7298912,1e-05,0.0,0.0,1.0,0.0,0.0005,exchangeInfo.quotePrecision/baseSizePrecision/quoteAmountPrecision,1,False,0.8894957983193277,0.8974789915966387,0.2130252100840336,75.61974789915966
mexc,SDEXUSDT,SDEX-USDT,SDEX,USDT,True,1,True,0.002005,239337.671393,119181097.39,0.002003,31541.46,0.002006,2766.38,14.966325767024017,5.54935828,1e-06,0.0,0.0,1.0,0.0,0.0005,exchangeInfo.quotePrecision/baseSizePrecision/quoteAmountPrecision,1,False,0.8672268907563025,0.7760504201680672,0.42142857142857143,75.52731092436974
mexc,BARDUSDT,BARD-USDT,BARD,USDT,True,1,True,0.2991,257021.3413,850671.46,0.2991,272.32,0.2992,4.66,3.3428046130718534,1.3942720000000002,0.0001,0.0,0.0,1.0,0.0,0.0005,exchangeInfo.quotePrecision/baseSizePrecision/quoteAmountPrecision,1,False,0.8756302521008403,0.9558823529411765,0.17100840336134454,75.47689075630252
mexc,MIRAUSDT,MIRA-USDT,MIRA,USDT,True,1,True,0.07613,92135.21834,1211448.0,0.07609,10295.28,0.07622,1980.0,17.070448427547927,150.91559999999998,1e-05,0.0,0.0,1.0,0.0,0.0005,exchangeInfo.quotePrecision/baseSizePrecision/quoteAmountPrecision,1,False,0.7033613445378152,0.7542016806722689,0.8941176470588236,75.42226890756304
mexc,LAUSDT,LA-USDT,LA,USDT,True,1,True,0.17786,265593.57399,1461706.99,0.17778,120.59,0.17791,11.94,7.309736006073771,2.1242454,1e-05,0.0,0.0,1.0,0.0,0.0005,exchangeInfo.quotePrecision/baseSizePrecision/quoteAmountPrecision,1,False,0.8785714285714286,0.8865546218487395,0.24663865546218489,75.41806722689076
mexc,ALEOUSDT,ALEO-USDT,ALEO,USDT,True,1,True,0.04532,380357.00695,8723976.73,0.04531,298.23,0.04538,68.7,15.43720366082119,3.117606,1e-05,0.0,0.0,1.0,0.0,0.0005,exchangeInfo.quotePrecision/baseSizePrecision/quoteAmountPrecision,1,False,0.9079831932773109,0.7722689075630252,0.3063025210084034,75.3718487394958
mexc,ANKRUSDT,ANKR-USDT,ANKR,USDT,True,1,True,0.004997,405533.704963,81322402.3932,0.004993,361.5742,0.004996,262.6839,6.0066072679938545,1.3123687644,1e-06,0.001,0.001,1.0,0.0,0.0005,exchangeInfo.quotePrecision/baseSizePrecision/quoteAmountPrecision,1,False,0.911344537815126,0.9105042016806723,0.12184873949579832,75.32352941176471
mexc,GUSDT,G-USDT,G,USDT,True,1,True,0.003495,223494.588166,62516234.78,0.003489,220632.8,0.003498,3975.72,25.762129669385697,13.907068559999999,1e-06,0.0,0.0,1.0,0.0,0.0005,exchangeInfo.quotePrecision/baseSizePrecision/quoteAmountPrecision,1,False,0.8579831932773109,0.6584033613445378,0.5831932773109244,75.31302521008404
mexc,FETUSDC,FET-USDC,FET,USDC,True,1,True,0.2379,365052.0787,1553997.99,0.2379,51.37,0.2381,6.44,8.403361344538057,1.5333640000000002,0.0001,0.0,0.0,1.0,0.0,0.0,exchangeInfo.quotePrecision/baseSizePrecision/quoteAmountPrecision,1,False,0.9054621848739496,0.8634453781512605,0.19621848739495798,75.31092436974791
mexc,PMTUSDT,PMT-USDT,PMT,USDT,True,1,True,0.10841,110266.44389,1018700.31,0.10839,165.69,0.10848,1710.61,8.299903167795717,17.959139099999998,1e-05,0.0,0.0,1.0,0.0,0.0005,exchangeInfo.quotePrecision/baseSizePrecision/quoteAmountPrecision,1,False,0.7495798319327731,0.8651260504201681,0.6222689075630252,75.30042016806723
mexc,ANONUSDT,ANON-USDT,ANON,USDT,True,1,True,0.828,401680.3884,484607.2,0.8304,361.27,0.8305,0.92,1.2041664157985306,0.7640600000000001,0.0001,0.0,0.0,1.0,0.0,0.0005,exchangeInfo.quotePrecision/baseSizePrecision/quoteAmountPrecision,1,False,0.9096638655462185,0.984873949579832,0.031932773109243695,75.2920168067227
mexc,PEOPLEUSDT,PEOPLE-USDT,PEOPLE,USDT,True,1,True,0.006574,89523.173184,13913505.89,0.006569,32400.0,0.006581,81354.32,18.25095057034199,212.8356,1e-06,0.0001,0.0001,1.0,0.0,0.0005,exchangeInfo.quotePrecision/baseSizePrecision/quoteAmountPrecision,1,False,0.6966386554621848,0.7415966386554622,0.9134453781512605,75.12394957983193
mexc,AEVOUSDT,AEVO-USDT,AEVO,USDT,True,1,True,0.02266,1294959.3109,51746819.41,0.02263,260.65,0.02268,87.51,22.070183182519514,1.9847268,1e-05,0.0,0.0,1.0,0.0,0.0005,exchangeInfo.quotePrecision/baseSizePrecision/quoteAmountPrecision,1,False,0.9659663865546219,0.6974789915966386,0.22647058823529412,75.09453781512606
mexc,CRVUSDC,CRV-USDC,CRV,USDC,True,1,True,0.2097,134123.6695,633674.42,0.2092,1912.04,0.21,3365.89,38.16793893129748,399.998768,0.0001,0.0,0.0,1.0,0.0,0.0,exchangeInfo.quotePrecision/baseSizePrecision/quoteAmountPrecision,1,False,0.788235294117647,0.5058823529411764,0.9546218487394958,75.09243697478992
mexc,ZANOUSDT,ZANO-USDT,ZANO,USDT,True,1,True,9.594,580762.53,60567.99,9.582,7.55,9.602,0.3,20.85070892410297,2.8806,0.001,0.0,0.0,1.0,0.0,0.0005,exchangeInfo.quotePrecision/baseSizePrecision/quoteAmountPrecision,1,False,0.9352941176470588,0.7109243697478991,0.29285714285714287,75.07142857142858
mexc,SOLUSDE,SOL-USDE,SOL,USDE,True,1,True,80.32,148878.89,1864.157,80.25,0.963,80.51,1.252,32.34635481463114,77.28075,0.01,0.0,0.0,1.0,0.0,0.0,exchangeInfo.quotePrecision/baseSizePrecision/quoteAmountPrecision,1,False,0.8004201680672269,0.5836134453781512,0.8222689075630252,75.05882352941177
mexc,CESUSDT,CES-USDT,CES,USDT,True,1,True,0.8061,177957.5757,225431.27,0.8045,31.01,0.8067,40.0,27.308838133068267,24.947545,0.0001,0.0,0.0,1.0,0.0,0.0005,exchangeInfo.quotePrecision/baseSizePrecision/quoteAmountPrecision,1,False,0.826890756302521,0.6424369747899159,0.6756302521008404,75.05252100840336
mexc,VELODROMEUSDT,VELODROME-USDT,VELODROME,USDT,True,1,True,0.01394,76725.90164,5451110.99,0.01394,6120.0,0.01395,5811.36,7.171029042668575,81.068472,1e-05,0.0,0.0,1.0,0.0,0.0005,exchangeInfo.quotePrecision/baseSizePrecision/quoteAmountPrecision,1,False,0.6579831932773109,0.8886554621848739,0.8298319327731093,75.00210084033614
mexc,CODEXUSDT,CODEX-USDT,CODEX,USDT,True,1,True,19.7001,271621.9737,13570.68,19.6803,0.29,19.7197,0.37,20.000000000000277,5.707286999999999,0.0001,0.0,0.0,1.0,0.0,0.0005,exchangeInfo.quotePrecision/baseSizePrecision/quoteAmountPrecision,1,False,0.8815126050420168,0.7189075630252101,0.426890756302521,74.99369747899159
mexc,HAEDALUSDT,HAEDAL-USDT,HAEDAL,USDT,True,1,True,0.02866,221202.74074,7657616.15,0.02858,36449.8,0.02873,163790.5,52.346885360320144,1041.735284,1e-05,0.0,0.0,1.0,0.0,0.0005,exchangeInfo.quotePrecision/baseSizePrecision/quoteAmountPrecision,1,False,0.8554621848739495,0.33193277310924374,0.9810924369747899,74.97058823529412
mexc,ZIGUSDT,ZIG-USDT,ZIG,USDT,True,1,True,0.029596,195325.084746,6522657.8,0.029526,46782.8,0.029633,1590.75,36.17370138102383,47.13869475,1e-06,0.001,0.001,1.0,0.0,0.0005,exchangeInfo.quotePrecision/baseSizePrecision/quoteAmountPrecision,1,False,0.838655462184874,0.5365546218487395,0.7714285714285715,74.96848739495799
mexc,SLVONUSDT,SLVON-USDT,SLVON,USDT,True,1,True,65.81,74215.8,1127.18,65.77,3.9,65.84,26.58,10.637489552466741,256.503,0.01,0.0,0.0,1.0,0.0,0.0005,exchangeInfo.quotePrecision/baseSizePrecision/quoteAmountPrecision,1,False,0.6487394957983194,0.8294117647058823,0.926890756302521,74.95378151260503
mexc,USTCUSDT,USTC-USDT,USTC,USDT,True,1,True,0.004508,966226.408193,198499448.57,0.004508,455.75,0.004518,4910.32,22.158209616663996,2.054521,1e-06,0.001,0.001,1.0,0.0,0.0005,exchangeInfo.quotePrecision/baseSizePrecision/quoteAmountPrecision,1,False,0.9584033613445379,0.6966386554621848,0.2411764705882353,74.9516806722689
mexc,FLOWUSDT,FLOW-USDT,FLOW,USDT,True,1,True,0.03015,249793.5741,8338399.53,0.03017,64.67,0.03019,64.63,6.626905235256016,1.9510939,1e-05,0.0001,0.0001,1.0,0.0,0.0005,exchangeInfo.quotePrecision/baseSizePrecision/quoteAmountPrecision,1,False,0.8710084033613446,0.9004201680672269,0.22563025210084034,74.92857142857143
mexc,ALICEUSDT,ALICE-USDT,ALICE,USDT,True,1,True,0.10988,413435.34229,3602185.53,0.10984,12.8,0.10992,11.95,7.280669821624555,1.313544,1e-05,0.0001,0.0001,1.0,0.0,0.0005,exchangeInfo.quotePrecision/baseSizePrecision/quoteAmountPrecision,1,False,0.9117647058823529,0.8869747899159663,0.12857142857142856,74.89285714285714
mexc,XRPEUR,XRP-EUR,XRP,EUR,True,1,True,1.1462,113640.0198,99380.54,1.1427,173.09,1.1462,382.92,30.582375813710158,197.78994300000002,0.0001,0.0,0.0,1.0,0.0,0.0,exchangeInfo.quotePrecision/baseSizePrecision/quoteAmountPrecision,1,False,0.7567226890756302,0.6016806722689076,0.9092436974789916,74.8466386554622
mexc,XMRUSDC,XMR-USDC,XMR,USDC,True,1,True,316.44,312212.95,962.895,316.33,0.005,316.59,0.005,8.215888263919323,1.58165,0.01,0.0,0.0,1.0,0.0,0.0,exchangeInfo.quotePrecision/baseSizePrecision/quoteAmountPrecision,1,False,0.8928571428571429,0.8668067226890757,0.20126050420168068,74.80252100840337
mexc,MMTUSDT,MMT-USDT,MMT,USDT,True,1,True,0.1101,75065.223,682766.81,0.1102,1008.0,0.1103,5499.12,9.0702947845795,111.08160000000001,0.0001,0.0,0.0,1.0,0.0,0.0005,exchangeInfo.quotePrecision/baseSizePrecision/quoteAmountPrecision,1,False,0.6529411764705882,0.8554621848739495,0.8739495798319328,74.77731092436976
mexc,FARMUSDT,FARM-USDT,FARM,USDT,True,1,True,11.77,106670.59,9022.762,11.77,1.526,11.78,5.594,8.492569002122963,17.96102,0.01,0.001,0.001,1.0,0.0,0.0005,exchangeInfo.quotePrecision/baseSizePrecision/quoteAmountPrecision,1,False,0.7411764705882353,0.8621848739495799,0.6226890756302521,74.77310924369749
mexc,PYRUSDT,PYR-USDT,PYR,USDT,True,1,True,0.2553,256260.4403,988359.03,0.2551,70.25,0.2553,7.82,7.836990595612598,1.9964460000000004,0.0001,0.0,0.0,1.0,0.0,0.0005,exchangeInfo.quotePrecision/baseSizePrecision/quoteAmountPrecision,1,False,0.8752100840336134,0.8752100840336134,0.22773109243697479,74.57142857142858
mexc,SUIUSDC,SUI-USDC,SUI,USDC,True,1,True,0.8739,97888.2551,112236.86,0.8732,1075.03,0.8757,13213.77,28.589399050832615,938.716196,0.0001,0.0,0.0,1.0,0.0,0.0,exchangeInfo.quotePrecision/baseSizePrecision/quoteAmountPrecision,1,False,0.7151260504201681,0.6260504201680672,0.9785714285714285,74.5546218487395
mexc,SKLUSDT,SKL-USDT,SKL,USDT,True,1,True,0.006625,186940.340446,27956728.41,0.006622,3531.61,0.006627,515.92,7.547739452033808,3.41900184,1e-06,0.01,0.01,1.0,0.0,0.0005,exchangeInfo.quotePrecision/baseSizePrecision/quoteAmountPrecision,1,False,0.8344537815126051,0.8815126050420168,0.3277310924369748,74.4873949579832
mexc,ARKMUSDT,ARKM-USDT,ARKM,USDT,True,1,True,0.09589,267242.03061,2768594.28,0.09589,13.69,0.09593,14.05,4.170576582212321,1.3127341,1e-05,0.0,0.0,1.0,0.0,0.0005,exchangeInfo.quotePrecision/baseSizePrecision/quoteAmountPrecision,1,False,0.8798319327731092,0.9428571428571428,0.12478991596638656,74.45798319327733
mexc,GNOUSDT,GNO-USDT,GNO,USDT,True,1,True,118.04,159440.33,1332.05,118.07,0.97,118.1,0.02,2.540542829317961,2.362,0.01,0.0,0.0,1.0,0.0,0.0005,exchangeInfo.quotePrecision/baseSizePrecision/quoteAmountPrecision,1,False,0.8142857142857143,0.9697478991596639,0.26638655462184874,74.35714285714286
mexc,AITECHUSDT,AITECH-USDT,AITECH,USDT,True,1,True,0.005686,133533.817937,23480373.77,0.005683,3045.94,0.005693,4097.23,17.580872011252566,17.310077019999998,1e-06,0.0,0.0,1.0,0.0,0.0005,exchangeInfo.quotePrecision/baseSizePrecision/quoteAmountPrecision,1,False,0.7873949579831933,0.7487394957983193,0.6159663865546219,74.34453781512605
mexc,TRUTHUSDT,TRUTH-USDT,TRUTH,USDT,True,1,True,0.008924,94307.452175,10408036.1,0.008913,33422.46,0.008929,9199.92,17.935209057279067,82.14608568,1e-06,0.0,0.0,1.0,0.0,0.0005,exchangeInfo.quotePrecision/baseSizePrecision/quoteAmountPrecision,1,False,0.7105042016806723,0.7441176470588236,0.8315126050420169,74.3109243697479
mexc,ARIAUSDT,ARIA-USDT,ARIA,USDT,True,1,True,0.55793,779342.69739,1613849.71,0.55525,129.49,0.55773,25.11,44.565041600027435,14.004600299999998,1e-05,0.0,0.0,1.0,0.0,0.0005,exchangeInfo.quotePrecision/baseSizePrecision/quoteAmountPrecision,1,False,0.9495798319327731,0.41470588235294115,0.5844537815126051,74.28361344537815
mexc,VINEUSDT,VINE-USDT,VINE,USDT,True,1,True,0.0185,120700.3418,6523565.97,0.0185,1108.81,0.01853,1367.97,16.203078584932353,20.512984999999997,1e-05,0.0,0.0,1.0,0.0,0.0005,exchangeInfo.quotePrecision/baseSizePrecision/quoteAmountPrecision,1,False,0.7663865546218488,0.7655462184873949,0.6453781512605042,74.19747899159664
mexc,ATUSDT,AT-USDT,AT,USDT,True,1,True,0.15896,76765.05393,479131.55,0.15889,1256.16,0.15902,449.94,8.178415274762745,71.5494588,1e-05,0.0,0.0,1.0,0.0,0.0005,exchangeInfo.quotePrecision/baseSizePrecision/quoteAmountPrecision,1,False,0.6584033613445378,0.8689075630252101,0.8126050420168067,74.18697478991596
mexc,BGBUSDT,BGB-USDT,BGB,USDT,True,1,True,1.90944,217310.80381,113645.85,1.90908,13.09,1.9097,0.72,3.24711033366595,1.374984,1e-05,0.0,0.0,1.0,0.0,0.0005,exchangeInfo.quotePrecision/baseSizePrecision/quoteAmountPrecision,1,False,0.8533613445378151,0.9584033613445379,0.1638655462184874,74.17226890756304
mexc,BZRUSDT,BZR-USDT,BZR,USDT,True,1,True,59.338,144152.255,2427.4,59.284,0.28,59.399,0.37,19.379355088766207,16.599520000000002,0.001,0.0,0.0,1.0,0.0,0.0005,exchangeInfo.quotePrecision/baseSizePrecision/quoteAmountPrecision,1,False,0.7962184873949579,0.7268907563025211,0.6084033613445378,74.13235294117648
mexc,TRACUSDT,TRAC-USDT,TRAC,USDT,True,1,True,0.3079,286229.7268,872927.96,0.308,100.49,0.3084,7.68,12.978585334198943,2.368512,0.0001,0.0,0.0,1.0,0.0,0.0005,exchangeInfo.quotePrecision/baseSizePrecision/quoteAmountPrecision,1,False,0.8873949579831932,0.7978991596638656,0.2668067226890756,74.09033613445379
mexc,TSLAONUSDT,TSLAON-USDT,TSLAON,USDT,True,1,True,360.73,63600.02,175.945,360.62,0.493,360.8,0.808,4.990158298910671,177.78566,0.01,0.0,0.0,1.0,0.0,0.0005,exchangeInfo.quotePrecision/baseSizePrecision/quoteAmountPrecision,1,False,0.5941176470588235,0.9315126050420168,0.9042016806722689,74.0483193277311
mexc,WINUSDT,WIN-USDT,WIN,USDT,True,1,True,1.917e-05,94016.50150105,4867918199.57,1.916e-05,2755740.8,1.919e-05,2826819.89,15.645371577575702,52.799993728,1e-08,0.001,0.001,1.0,0.0,0.0005,exchangeInfo.quotePrecision/baseSizePrecision/quoteAmountPrecision,1,False,0.7096638655462185,0.7705882352941177,0.7865546218487395,74.02731092436976
mexc,RAREUSDT,RARE-USDT,RARE,USDT,True,1,True,0.01457,102358.14894,7010771.74,0.01455,2000.0,0.01457,18280.04,13.736263736263176,29.1,1e-05,0.0001,0.0001,1.0,0.0,0.0005,exchangeInfo.quotePrecision/baseSizePrecision/quoteAmountPrecision,1,False,0.7319327731092437,0.7899159663865546,0.7004201680672268,74.0126050420168
mexc,TRUMPEUR,TRUMP-EUR,TRUMP,EUR,True,1,True,2.425,129030.202,52410.91,2.421,35.32,2.429,39.93,32.98969072164952,85.50971999999999,0.001,0.0,0.0,1.0,0.0,0.0,exchangeInfo.quotePrecision/baseSizePrecision/quoteAmountPrecision,1,False,0.7794117647058824,0.5760504201680672,0.8357142857142857,73.98319327731092
mexc,LQRUSDT,LQR-USDT,LQR,USDT,True,1,True,0.02319,114422.22713,4921412.97,0.02318,2917.9,0.02324,2166.69,25.850926324860417,50.3538756,1e-05,0.0,0.0,1.0,0.0,0.0005,exchangeInfo.quotePrecision/baseSizePrecision/quoteAmountPrecision,1,False,0.7584033613445378,0.6571428571428571,0.7823529411764706,73.78781512605043
mexc,EULUSDT,EUL-USDT,EUL,USDT,True,1,True,0.8894,84359.8557,94816.25,0.888,536.16,0.8902,636.61,24.744123270722977,476.11008,0.0001,0.0001,0.0001,1.0,0.0,0.0005,exchangeInfo.quotePrecision/baseSizePrecision/quoteAmountPrecision,1,False,0.6873949579831933,0.669327731092437,0.9613445378151261,73.7668067226891
mexc,LKIUSDT,LKI-USDT,LKI,USDT,True,1,True,0.0002929,200283.8299738,658303625.84,0.0002928,4793.71,0.0002929,210019.73,3.414717432132574,1.4035982880000002,1e-07,0.0,0.0,1.0,0.0,0.0005,exchangeInfo.quotePrecision/baseSizePrecision/quoteAmountPrecision,1,False,0.842436974789916,0.953781512605042,0.17563025210084032,73.69117647058823
mexc,PUFFERUSDT,PUFFER-USDT,PUFFER,USDT,True,1,True,0.0346,584753.1764,20168053.75,0.0344,101.26,0.0345,13195.94,29.027576197388345,3.483344,0.0001,0.0,0.0,1.0,0.0,0.0005,exchangeInfo.quotePrecision/baseSizePrecision/quoteAmountPrecision,1,False,0.9357142857142857,0.6210084033613446,0.3319327731092437,73.62815126050421
mexc,SLPUSDT,SLP-USDT,SLP,USDT,True,1,True,0.0005886,80511.9591531,136018962.0,0.000588,338248.0,0.0005891,407716.0,18.690000849545026,198.889824,1e-07,0.0001,0.0001,1.0,0.0,0.0005,exchangeInfo.quotePrecision/baseSizePrecision/quoteAmountPrecision,1,False,0.673109243697479,0.7336134453781513,0.9100840336134454,73.56302521008405
mexc,MITOUSDT,MITO-USDT,MITO,USDT,True,1,True,0.03796,65901.06757,1725299.94,0.03796,2808.0,0.03798,2340.0,5.26731630234374,88.8732,1e-05,0.0,0.0,1.0,0.0,0.0005,exchangeInfo.quotePrecision/baseSizePrecision/quoteAmountPrecision,1,False,0.6105042016806723,0.9252100840336135,0.8415966386554622,73.53991596638657
mexc,PLAYUSDT,PLAY-USDT,PLAY,USDT,True,1,True,0.04756,191816.26646,4012029.94,0.04752,1916.45,0.04767,403.0,31.51591553734581,19.211009999999998,1e-05,0.0,0.0,1.0,0.0,0.0005,exchangeInfo.quotePrecision/baseSizePrecision/quoteAmountPrecision,1,False,0.8361344537815126,0.5920168067226891,0.6319327731092437,73.4264705882353
mexc,COAIUSDT,COAI-USDT,COAI,USDT,True,1,True,0.2788,78725.5441,283099.85,0.2786,1000.0,0.279,334.36,14.347202295552776,93.28644000000001,0.0001,0.0,0.0,1.0,0.0,0.0005,exchangeInfo.quotePrecision/baseSizePrecision/quoteAmountPrecision,1,False,0.6684873949579831,0.7827731092436975,0.8516806722689075,73.36974789915966
mexc,AVAUSDT,AVA-USDT,AVA,USDT,True,1,True,0.2035,228976.6273,1134682.36,0.2035,184.48,0.2036,6.45,4.912797838369774,1.31322,0.0001,0.1,0.1,1.0,0.0,0.0005,exchangeInfo.quotePrecision/baseSizePrecision/quoteAmountPrecision,1,False,0.8626050420168068,0.9340336134453782,0.12773109243697478,73.34873949579833
mexc,ZORAUSDT,ZORA-USDT,ZORA,USDT,True,1,True,0.013755,117480.216352,8396736.89,0.013741,44631.6,0.01376,1000.0,13.81767935711423,13.76,1e-06,0.0,0.0,1.0,0.0,0.0005,exchangeInfo.quotePrecision/baseSizePrecision/quoteAmountPrecision,1,False,0.7630252100840336,0.7894957983193277,0.5815126050420169,73.33403361344537
mexc,ADAEUR,ADA-EUR,ADA,EUR,True,1,True,0.2137,103208.6268,484566.83,0.2135,281.69,0.214,353.5,23.391812865497098,60.140814999999996,0.0001,0.0,0.0,1.0,0.0,0.0,exchangeInfo.quotePrecision/baseSizePrecision/quoteAmountPrecision,1,False,0.7336134453781512,0.6810924369747899,0.7974789915966387,73.32563025210084
mexc,MWXTUSDT,MWXT-USDT,MWXT,USDT,True,1,True,0.06646,280546.62355,3970621.57,0.06639,92.75,0.06652,50.3,19.562109698290758,3.3459559999999997,1e-05,0.0,0.0,1.0,0.0,0.0005,exchangeInfo.quotePrecision/baseSizePrecision/quoteAmountPrecision,1,False,0.8861344537815126,0.7247899159663865,0.32226890756302523,73.30252100840336
mexc,CYSUSDT,CYS-USDT,CYS,USDT,True,1,True,0.2555,342343.7323,1297015.06,0.2551,409.99,0.2562,78.06,43.02757676510815,19.998972,0.0001,0.0,0.0,1.0,0.0,0.0005,exchangeInfo.quotePrecision/baseSizePrecision/quoteAmountPrecision,1,False,0.9008403361344538,0.43445378151260505,0.6411764705882353,73.2310924369748
mexc,QKCUSDT,QKC-USDT,QKC,USDT,True,1,True,0.002988,74072.72642,24865535.73,0.002988,8835.2,0.002989,8828.8,3.346160281076457,26.389283199999998,1e-06,0.001,0.001,1.0,0.0,0.0005,exchangeInfo.quotePrecision/baseSizePrecision/quoteAmountPrecision,1,False,0.6478991596638656,0.9554621848739496,0.6840336134453782,73.20168067226892
mexc,KATUSDT,KAT-USDT,KAT,USDT,True,1,True,0.008904,804637.52356,89226540.27,0.008898,125644.0,0.008913,139.75,16.84352366515201,1.2455917500000002,1e-06,0.0,0.0,1.0,0.0,0.0005,exchangeInfo.quotePrecision/baseSizePrecision/quoteAmountPrecision,1,False,0.9533613445378152,0.7563025210084033,0.09243697478991597,73.19117647058825
mexc,APEPEUSDT,APEPE-USDT,APEPE,USDT,True,1,True,1.1671e-06,272400.6313695532,233138466504.0,1.1669e-06,888583.0,1.1673e-06,899718.0,3.427298432011225,1.0368875027,1e-10,0.0,0.0,1.0,0.0,0.0005,exchangeInfo.quotePrecision/baseSizePrecision/quoteAmountPrecision,1,False,0.8823529411764706,0.9533613445378151,0.040756302521008404,73.17857142857143
mexc,ORCAUSDT,ORCA-USDT,ORCA,USDT,True,1,True,0.8267,280117.6766,335400.1,0.8263,2.05,0.8272,1.77,10.885999395222399,1.4641440000000001,0.0001,0.0001,0.0001,1.0,0.0,0.0005,exchangeInfo.quotePrecision/baseSizePrecision/quoteAmountPrecision,1,False,0.8857142857142857,0.826890756302521,0.18865546218487395,73.15966386554622
mexc,COINDEPOUSDT,COINDEPO-USDT,COINDEPO,USDT,True,1,True,0.07094,245680.45709,3469591.58,0.07093,14.38,0.07094,1321.27,1.4097413124686153,1.0199734000000003,1e-05,0.0,0.0,1.0,0.0,0.0005,exchangeInfo.quotePrecision/baseSizePrecision/quoteAmountPrecision,1,False,0.8689075630252101,0.980672268907563,0.03949579831932773,73.09663865546219
mexc,NEXOUSDT,NEXO-USDT,NEXO,USDT,True,1,True,0.8592,161145.4054,186925.85,0.8606,2.14,0.8609,108.49,3.485332558814603,1.841684,0.0001,0.01,0.01,1.0,0.0,0.0005,exchangeInfo.quotePrecision/baseSizePrecision/quoteAmountPrecision,1,False,0.815546218487395,0.9521008403361344,0.21932773109243697,73.04411764705883
mexc,EVDCUSDT,EVDC-USDT,EVDC,USDT,True,1,True,2.541e-05,122907.22570521,4848480473.38,2.537e-05,1384759.0,2.544e-05,2523156.1,27.553631174965965,35.13133583,1e-08,0.0,0.0,1.0,0.0,0.0005,exchangeInfo.quotePrecision/baseSizePrecision/quoteAmountPrecision,1,False,0.7710084033613446,0.6390756302521008,0.7319327731092437,73.02100840336135
mexc,LPTUSDT,LPT-USDT,LPT,USDT,True,1,True,2.021,68268.009,33750.46,2.021,114.28,2.022,23.9,4.946821667078358,48.325799999999994,0.001,0.001,0.001,1.0,0.0,0.0005,exchangeInfo.quotePrecision/baseSizePrecision/quoteAmountPrecision,1,False,0.6218487394957983,0.9327731092436975,0.7747899159663866,73.01680672268908
mexc,JUVUSDT,JUV-USDT,JUV,USDT,True,1,True,0.4872,90059.5742,184179.7,0.4867,462.33,0.488,1092.83,26.674874320303022,225.016011,0.0001,0.0,0.0,1.0,0.0,0.0005,exchangeInfo.quotePrecision/baseSizePrecision/quoteAmountPrecision,1,False,0.6991596638655462,0.6487394957983194,0.9163865546218487,73.0
mexc,EPICUSDT,EPIC-USDT,EPIC,USDT,True,1,True,0.2604,338516.5469,1293757.88,0.2603,6.45,0.2607,10.09,15.355086372361288,1.6789349999999998,0.0001,0.0,0.0,1.0,0.0,0.0005,exchangeInfo.quotePrecision/baseSizePrecision/quoteAmountPrecision,1,False,0.8991596638655462,0.7735294117647059,0.2088235294117647,72.96848739495799
mexc,STBLUSDT,STBL-USDT,STBL,USDT,True,1,True,0.03515,116542.29303,3398688.11,0.03507,2701.72,0.03519,3142.18,34.158838599488206,94.74932039999999,1e-05,0.0,0.0,1.0,0.0,0.0005,exchangeInfo.quotePrecision/baseSizePrecision/quoteAmountPrecision,1,False,0.7621848739495798,0.5588235294117647,0.853781512605042,72.96638655462185
mexc,ZKCUSDT,ZKC-USDT,ZKC,USDT,True,1,True,0.06793,67786.32709,995427.99,0.068,6690.64,0.0681,9010.96,14.695077149153414,454.9635200000001,1e-05,0.0,0.0,1.0,0.0,0.0005,exchangeInfo.quotePrecision/baseSizePrecision/quoteAmountPrecision,1,False,0.6197478991596639,0.7802521008403361,0.9596638655462185,72.78571428571429
mexc,STGUSDT,STG-USDT,STG,USDT,True,1,True,0.245,299427.2395,1144098.07,0.2452,5.19,0.2454,488.73,8.153281695882827,1.272588,0.0001,0.1,0.1,1.0,0.0,0.0005,exchangeInfo.quotePrecision/baseSizePrecision/quoteAmountPrecision,1,False,0.8907563025210085,0.869327731092437,0.10210084033613445,72.7668067226891
mexc,XRPUSD1,XRP-USD1,XRP,USD1,True,1,True,1.3179,171905.0075,130388.99,1.316,46.83,1.3199,12.33,29.591410903296893,16.274367,0.0001,0.0,0.0,1.0,0.0001,0.0001,exchangeInfo.quotePrecision/baseSizePrecision/quoteAmountPrecision,1,False,0.823109243697479,0.6138655462184874,0.6063025210084033,72.74369747899159
mexc,HSKUSDT,HSK-USDT,HSK,USDT,True,1,True,0.1615,78588.3188,490472.61,0.1614,356.12,0.1616,6945.61,12.383900928792926,57.477768,0.0001,0.0,0.0,1.0,0.0,0.0005,exchangeInfo.quotePrecision/baseSizePrecision/quoteAmountPrecision,1,False,0.6663865546218487,0.8054621848739496,0.7953781512605042,72.6953781512605
mexc,RVNUSDT,RVN-USDT,RVN,USDT,True,1,True,0.005683,104942.871789,18397573.31,0.00568,32423.55,0.005687,2761.86,12.31635435910981,15.70669782,1e-06,0.001,0.001,1.0,0.0,0.0005,exchangeInfo.quotePrecision/baseSizePrecision/quoteAmountPrecision,1,False,0.7365546218487395,0.8071428571428572,0.5991596638655462,72.67226890756304
mexc,TAIKOUSDT,TAIKO-USDT,TAIKO,USDT,True,1,True,0.1177,100349.1912,842457.29,0.1176,100.0,0.1177,219.1,8.499787505312609,11.76,0.0001,0.0,0.0,1.0,0.0,0.0005,exchangeInfo.quotePrecision/baseSizePrecision/quoteAmountPrecision,1,False,0.7273109243697479,0.8613445378151261,0.5563025210084034,72.66176470588236
mexc,VVVUSDT,VVV-USDT,VVV,USDT,True,1,True,7.2174,203589.5311,28703.22,7.2149,1.4,7.236,2.42,29.202333418679356,10.100859999999999,0.0001,0.0,0.0,1.0,0.0,0.0005,exchangeInfo.quotePrecision/baseSizePrecision/quoteAmountPrecision,1,False,0.8466386554621849,0.6184873949579832,0.5315126050420168,72.6575630252101
mexc,AIXDROPUSDT,AIXDROP-USDT,AIXDROP,USDT,True,1,True,0.00016122,185231.52953369,1175347966.59,0.00016135,73767.29,0.00016148,13019.22,8.053774432364651,2.1023436456,1e-08,0.0,0.0,1.0,0.0,0.0005,exchangeInfo.quotePrecision/baseSizePrecision/quoteAmountPrecision,1,False,0.8331932773109244,0.8726890756302521,0.2449579831932773,72.5420168067227
mexc,NPCUSDT,NPC-USDT,NPC,USDT,True,1,True,0.007198,180945.255396,25372023.94,0.007197,664.0,0.007202,270.0,6.944926731022704,1.94454,1e-06,0.0,0.0,1.0,0.0,0.0005,exchangeInfo.quotePrecision/baseSizePrecision/quoteAmountPrecision,1,False,0.8294117647058824,0.8945378151260505,0.22436974789915967,72.46848739495799
mexc,OKBUSDT,OKB-USDT,OKB,USDT,True,1,True,82.664,213875.719,2573.393,82.575,0.036,82.691,0.077,14.03797514310259,2.9726999999999997,0.001,0.0001,0.0001,1.0,0.0,0.0005,exchangeInfo.quotePrecision/baseSizePrecision/quoteAmountPrecision,1,False,0.8521008403361344,0.7861344537815126,0.29747899159663865,72.46848739495798
mexc,VERDRAUSDT,VERDRA-USDT,VERDRA,USDT,True,1,True,0.11554,83688.20773,725438.94,0.11545,807.86,0.11569,957.71,20.76663493986364,93.267437,1e-05,0.0,0.0,1.0,0.0,0.0005,exchangeInfo.quotePrecision/baseSizePrecision/quoteAmountPrecision,1,False,0.684453781512605,0.7113445378151261,0.8512605042016806,72.45378151260505
mexc,APEUSDC,APE-USDC,APE,USDC,True,1,True,0.08809,129850.37303,1459672.63,0.0877,6257.42,0.08803,891.34,37.55761679849735,78.4646602,1e-05,1e-06,1e-06,1.0,0.0,0.0,exchangeInfo.quotePrecision/baseSizePrecision/quoteAmountPrecision,1,False,0.7815126050420168,0.5172268907563025,0.8252100840336134,72.41806722689076
mexc,DDMTUSDT,DDMT-USDT,DDMT,USDT,True,1,True,0.09139,320575.48057,3503682.76,0.09134,21.23,0.09141,13.1,7.660738714090353,1.197471,1e-05,0.0,0.0,1.0,0.0,0.0005,exchangeInfo.quotePrecision/baseSizePrecision/quoteAmountPrecision,1,False,0.8941176470588236,0.8781512605042017,0.06050420168067227,72.34033613445379
mexc,AZTECUSDT,AZTEC-USDT,AZTEC,USDT,True,1,True,0.01869,91284.52398,4847055.41,0.01867,6177.73,0.01872,29992.33,26.74511901578039,115.33821909999999,1e-05,0.0,0.0,1.0,0.0,0.0005,exchangeInfo.quotePrecision/baseSizePrecision/quoteAmountPrecision,1,False,0.7012605042016806,0.6478991596638655,0.8773109243697479,72.31302521008404
mexc,RIVERUSDT,RIVER-USDT,RIVER,USDT,True,1,True,11.6071,2489975.305,203779.52,11.6541,17.49,11.68,0.09,22.199270595394754,1.0512,0.0001,0.0,0.0,1.0,0.0,0.0005,exchangeInfo.quotePrecision/baseSizePrecision/quoteAmountPrecision,1,False,0.9831932773109243,0.6949579831932773,0.04201680672268908,72.28991596638654
mexc,SHIBEUR,SHIB-EUR,SHIB,EUR,True,1,True,5.198e-06,167531.783082546,32252165640.0,5.191e-06,6682259.0,5.211e-06,13398091.0,38.45414343395464,34.687606469,1e-09,0.0,0.0,1.0,0.0,0.0,exchangeInfo.quotePrecision/baseSizePrecision/quoteAmountPrecision,1,False,0.8201680672268907,0.5,0.7310924369747899,72.23109243697479
mexc,WBTCUSDC,WBTC-USDC,WBTC,USDC,True,1,True,66726.4,106573.4,1.5997,66737.0,0.0038,66956.8,0.0014,32.881105930118366,93.73952,0.1,1e-05,1e-05,1.0,0.0,0.0,exchangeInfo.quotePrecision/baseSizePrecision/quoteAmountPrecision,1,False,0.7403361344537815,0.5773109243697478,0.8521008403361344,72.19327731092437
mexc,GEODUSDT,GEOD-USDT,GEOD,USDT,True,1,True,0.1407,250715.3963,1767072.49,0.1405,39.96,0.1409,189.21,28.429282160624286,5.614380000000001,0.0001,0.0,0.0,1.0,0.0,0.0005,exchangeInfo.quotePrecision/baseSizePrecision/quoteAmountPrecision,1,False,0.8718487394957983,0.6285714285714286,0.423109243697479,72.1281512605042
mexc,2ZUSDT,2Z-USDT,2Z,USDT,True,1,True,0.07583,66289.48314,863885.92,0.07583,504.0,0.07586,562.4,3.9554354275169423,38.21832,1e-05,0.0,0.0,1.0,0.0,0.0005,exchangeInfo.quotePrecision/baseSizePrecision/quoteAmountPrecision,1,False,0.611764705882353,0.9449579831932773,0.7428571428571429,72.1281512605042
mexc,ERAUSDT,ERA-USDT,ERA,USDT,True,1,True,0.124,61652.4725,502276.91,0.1239,2013.04,0.124,2774.0,8.067769261799343,249.41565599999998,0.0001,0.0,0.0,1.0,0.0,0.0005,exchangeInfo.quotePrecision/baseSizePrecision/quoteAmountPrecision,1,False,0.5781512605042017,0.8718487394957983,0.9260504201680673,72.11554621848741
mexc,PNUTUSDT,PNUT-USDT,PNUT,USDT,True,1,True,0.04061,199298.10527,4913800.02,0.04061,337.79,0.04063,32.31,4.923682914820084,1.3127553,1e-05,0.0,0.0,1.0,0.0,0.0005,exchangeInfo.quotePrecision/baseSizePrecision/quoteAmountPrecision,1,False,0.8411764705882353,0.9336134453781513,0.12521008403361344,72.109243697479
mexc,PHYCHAINUSDT,PHYCHAIN-USDT,PHYCHAIN,USDT,True,1,True,5.0,74130.278,14834.73,4.992,156.05,5.004,145.36,24.00960384153575,727.38144,0.001,0.0,0.0,1.0,0.0,0.0005,exchangeInfo.quotePrecision/baseSizePrecision/quoteAmountPrecision,1,False,0.6483193277310925,0.6764705882352942,0.9752100840336134,72.07352941176471
mexc,GALAUSDT,GALA-USDT,GALA,USDT,True,1,True,0.002896,223517.541238,76677796.03,0.002895,375.48,0.002896,307027.75,3.45363495078616,1.0870146,1e-06,0.001,0.001,1.0,0.0,0.0005,exchangeInfo.quotePrecision/baseSizePrecision/quoteAmountPrecision,1,False,0.8584033613445378,0.9525210084033613,0.04495798319327731,71.92436974789916
mexc,1INCHUSDT,1INCH-USDT,1INCH,USDT,True,1,True,0.08776,164752.76141,1866984.07,0.08776,18.98,0.08781,17.95,5.6957338953117835,1.5761895,1e-05,0.0002,0.0002,1.0,0.0,0.0005,exchangeInfo.quotePrecision/baseSizePrecision/quoteAmountPrecision,1,False,0.8176470588235294,0.9176470588235294,0.2004201680672269,71.92016806722688
mexc,OVRUSDT,OVR-USDT,OVR,USDT,True,1,True,0.0388,100425.0228,2574221.61,0.0387,1527.25,0.0388,1206.25,25.806451612903963,46.8025,0.0001,0.01,0.01,1.0,0.0,0.0005,exchangeInfo.quotePrecision/baseSizePrecision/quoteAmountPrecision,1,False,0.7281512605042016,0.6579831932773109,0.7697478991596639,71.89285714285715
mexc,LEEUSDT,LEE-USDT,LEE,USDT,True,1,True,0.99,200702.336,203238.71,0.989,2.02,0.99,1400.96,10.10611419909046,1.99778,0.001,0.0,0.0,1.0,0.0,0.0005,exchangeInfo.quotePrecision/baseSizePrecision/quoteAmountPrecision,1,False,0.8436974789915966,0.8357142857142857,0.22899159663865545,71.87605042016807
mexc,PLBUSDT,PLB-USDT,PLB,USDT,True,1,True,0.6532,331959.8946,496059.82,0.6528,9.62,0.6541,2.86,19.894406611063857,1.8707259999999999,0.0001,0.0,0.0,1.0,0.0,0.0005,exchangeInfo.quotePrecision/baseSizePrecision/quoteAmountPrecision,1,False,0.8974789915966387,0.7214285714285714,0.22268907563025211,71.85084033613447
mexc,SUNUSDT,SUN-USDT,SUN,USDT,True,1,True,0.017142,206049.209803,12047475.38,0.017139,84.76,0.017151,77.8,6.999125109360236,1.3343478,1e-06,0.001,0.001,1.0,0.0,0.0005,exchangeInfo.quotePrecision/baseSizePrecision/quoteAmountPrecision,1,False,0.8491596638655462,0.8924369747899159,0.1407563025210084,71.82983193277312
mexc,LIGHTUSDT,LIGHT-USDT,LIGHT,USDT,True,1,True,0.1596,116427.1234,722573.34,0.1592,567.08,0.1595,83.52,18.82648258550328,13.321439999999999,0.0001,0.0,0.0,1.0,0.0,0.0005,exchangeInfo.quotePrecision/baseSizePrecision/quoteAmountPrecision,1,False,0.761344537815126,0.7315126050420169,0.5777310924369747,71.71638655462185
mexc,IRUSDT,IR-USDT,IR,USDT,True,1,True,0.03798,69083.58756,1839348.73,0.03799,7931.27,0.03806,8289.45,18.408941485862897,301.30894730000006,1e-05,0.0,0.0,1.0,0.0,0.0005,exchangeInfo.quotePrecision/baseSizePrecision/quoteAmountPrecision,1,False,0.6260504201680672,0.738655462184874,0.9403361344537815,71.70588235294119
mexc,OPENUSDT,OPEN-USDT,OPEN,USDT,True,1,True,0.16288,62255.15363,392918.06,0.1628,616.0,0.16291,576.0,6.75447483958116,93.83616,1e-05,0.0,0.0,1.0,0.0,0.0005,exchangeInfo.quotePrecision/baseSizePrecision/quoteAmountPrecision,1,False,0.5852941176470589,0.8978991596638656,0.8525210084033613,71.6890756302521
mexc,PROPCUSDT,PROPC-USDT,PROPC,USDT,True,1,True,0.11098,221404.0883,2034516.07,0.11089,12.28,0.11099,837.49,9.013881377321331,1.3617291999999999,1e-05,0.0,0.0,1.0,0.0,0.0005,exchangeInfo.quotePrecision/baseSizePrecision/quoteAmountPrecision,1,False,0.8558823529411764,0.8567226890756303,0.15672268907563025,71.62605042016807
mexc,ENSUSDT,ENS-USDT,ENS,USDT,True,1,True,5.517,168326.864,30168.17,5.514,0.48,5.518,0.32,7.251631617113052,1.76576,0.001,0.0001,0.0001,1.0,0.0,0.0005,exchangeInfo.quotePrecision/baseSizePrecision/quoteAmountPrecision,1,False,0.8210084033613445,0.8873949579831932,0.2134453781512605,71.609243697479
mexc,BANANAS31USDT,BANANAS31-USDT,BANANAS31,USDT,True,1,True,0.012738,77183.9974097,6034145.07,0.0127369,6550.4,0.012748,2069.6,8.711040655446949,26.3832608,1e-07,0.0,0.0,1.0,0.0,0.0005,exchangeInfo.quotePrecision/baseSizePrecision/quoteAmountPrecision,1,False,0.6621848739495798,0.8596638655462185,0.6836134453781513,71.58403361344537
mexc,PIXELUSDT,PIXEL-USDT,PIXEL,USDT,True,1,True,0.006631,97902.626359,14420722.6,0.006623,3016.74,0.006633,25053.28,15.087507543753155,19.97986902,1e-06,0.001,0.001,1.0,0.0,0.0005,exchangeInfo.quotePrecision/baseSizePrecision/quoteAmountPrecision,1,False,0.7159663865546219,0.7752100840336135,0.6403361344537815,71.56512605042018
mexc,EDGE1USDT,EDGE1-USDT,EDGE1,USDT,True,1,True,0.12108,88332.98071,740890.01,0.121,123.97,0.12111,122.37,9.086778736937672,14.8202307,1e-05,0.0,0.0,1.0,0.0,0.0005,exchangeInfo.quotePrecision/baseSizePrecision/quoteAmountPrecision,1,False,0.6957983193277311,0.8546218487394958,0.5920168067226891,71.47478991596638
mexc,NILUSDT,NIL-USDT,NIL,USDT,True,1,True,0.0335,274373.15952,7816207.83,0.03345,88.75,0.03353,7706.4,23.887727679903474,2.9686875,1e-05,0.0,0.0,1.0,0.0,0.0005,exchangeInfo.quotePrecision/baseSizePrecision/quoteAmountPrecision,1,False,0.8831932773109243,0.6785714285714286,0.2966386554621849,71.47268907563024
mexc,RESOLVUSDT,RESOLV-USDT,RESOLV,USDT,True,1,True,0.03874,438970.44005,10650988.24,0.03869,40.03,0.03878,13731.2,23.234800567961738,1.5487607,1e-05,0.0,0.0,1.0,0.0,0.0005,exchangeInfo.quotePrecision/baseSizePrecision/quoteAmountPrecision,1,False,0.9172268907563025,0.6827731092436975,0.19747899159663865,71.46638655462183
mexc,MBOXUSDT,MBOX-USDT,MBOX,USDT,True,1,True,0.01296,185013.90884,14373477.64,0.01295,250.18,0.01297,268.29,15.432098765432809,3.239831,1e-05,0.0001,0.0001,1.0,0.0,0.0005,exchangeInfo.quotePrecision/baseSizePrecision/quoteAmountPrecision,1,False,0.8323529411764706,0.7726890756302521,0.31470588235294117,71.39075630252101
mexc,AMPUSDT,AMP-USDT,AMP,USDT,True,1,True,0.0009471,354969.865055,362068850.97,0.0009466,1294.2,0.0009478,29795.54,12.668918918919225,1.2250897200000002,1e-07,0.0,0.0,1.0,0.0,0.0005,exchangeInfo.quotePrecision/baseSizePrecision/quoteAmountPrecision,1,False,0.9029411764705882,0.8021008403361345,0.08361344537815125,71.38655462184875
mexc,ZCHFUSDT,ZCHF-USDT,ZCHF,USDT,True,1,True,1.2473,289360.1091,231229.49,1.2473,1565.9,1.2541,26.81,54.36955305029117,33.622420999999996,0.0001,0.0,0.0,1.0,0.0,0.0005,exchangeInfo.quotePrecision/baseSizePrecision/quoteAmountPrecision,1,False,0.8886554621848739,0.31554621848739495,0.7273109243697479,71.3109243697479
mexc,XRDUSDT,XRD-USDT,XRD,USDT,True,1,True,0.001185,96430.328666,81760089.11,0.001184,8232.26,0.001185,166305.72,8.442380751373008,9.74699584,1e-06,0.0001,0.0001,1.0,0.0,0.0005,exchangeInfo.quotePrecision/baseSizePrecision/quoteAmountPrecision,1,False,0.7134453781512605,0.8630252100840337,0.523109243697479,71.27731092436976
mexc,NXPCUSDT,NXPC-USDT,NXPC,USDT,True,1,True,0.2847,133782.4394,469781.62,0.2847,165.36,0.285,14.64,10.531858873089941,4.1724,0.0001,0.0,0.0,1.0,0.0,0.0005,exchangeInfo.quotePrecision/baseSizePrecision/quoteAmountPrecision,1,False,0.7878151260504201,0.8302521008403361,0.3592436974789916,71.27100840336134
mexc,BCHUSDC,BCH-USDC,BCH,USDC,True,1,True,442.9,94239.1,213.2,442.3,0.09,443.3,0.3,22.58355916892502,39.807,0.1,0.0001,0.0001,1.0,0.0,0.0,exchangeInfo.quotePrecision/baseSizePrecision/quoteAmountPrecision,1,False,0.7100840336134454,0.6903361344537815,0.7474789915966387,71.2626050420168
mexc,CELRUSDT,CELR-USDT,CELR,USDT,True,1,True,0.002498,133408.277056,52682828.68,0.002496,20550.32,0.002497,731.84,4.005607850991919,1.8274044800000002,1e-06,0.001,0.001,1.0,0.0,0.0005,exchangeInfo.quotePrecision/baseSizePrecision/quoteAmountPrecision,1,False,0.7869747899159664,0.9441176470588235,0.21764705882352942,71.23949579831933
mexc,XNYUSDT,XNY-USDT,XNY,USDT,True,1,True,0.004044,136204.733468,29478067.4,0.004034,7228.5,0.004038,878.77,9.910802775023944,3.5484732599999997,1e-06,0.0,0.0,1.0,0.0,0.0005,exchangeInfo.quotePrecision/baseSizePrecision/quoteAmountPrecision,1,False,0.7907563025210084,0.8394957983193277,0.33613445378151263,71.2016806722689
mexc,FARTCOINUSDT,FARTCOIN-USDT,FARTCOIN,USDT,True,1,True,0.16344,214738.80335,1308120.0,0.16335,507.5,0.16343,6.62,4.896260481057393,1.0819066,1e-05,0.0,0.0,1.0,0.0,0.0005,exchangeInfo.quotePrecision/baseSizePrecision/quoteAmountPrecision,1,False,0.8525210084033613,0.934453781512605,0.04453781512605042,71.14075630252101
mexc,QUAIUSDT,QUAI-USDT,QUAI,USDT,True,1,True,0.02827,75944.47914,2624665.01,0.02826,18107.31,0.02827,426.28,3.537944454271924,12.050935599999999,1e-05,0.0,0.0,1.0,0.0,0.0005,exchangeInfo.quotePrecision/baseSizePrecision/quoteAmountPrecision,1,False,0.6550420168067227,0.9512605042016806,0.561344537815126,71.03571428571429
mexc,DOGEEUR,DOGE-EUR,DOGE,EUR,True,1,True,0.07946,141013.59064,1778818.59,0.07939,186.23,0.07962,971.19,28.92899817621459,14.784799699999999,1e-05,0.0,0.0,1.0,0.0,0.0,exchangeInfo.quotePrecision/baseSizePrecision/quoteAmountPrecision,1,False,0.7936974789915966,0.6218487394957983,0.5911764705882353,71.02310924369749
mexc,TNSRUSDT,TNSR-USDT,TNSR,USDT,True,1,True,0.03665,82691.31312,2205080.49,0.03662,400.0,0.03665,400.0,8.188890405350689,14.648,1e-05,0.0,0.0,1.0,0.0,0.0005,exchangeInfo.quotePrecision/baseSizePrecision/quoteAmountPrecision,1,False,0.6810924369747899,0.8684873949579832,0.5894957983193277,70.96218487394958
mexc,BUSDT,B-USDT,B,USDT,True,1,True,0.18293,105438.89408,569622.94,0.18301,251.6,0.18357,4104.86,30.552676087075398,46.045316,1e-05,0.0,0.0,1.0,0.0,0.0005,exchangeInfo.quotePrecision/baseSizePrecision/quoteAmountPrecision,1,False,0.7369747899159664,0.6025210084033614,0.7680672268907563,70.95798319327731
mexc,IOUSDT,IO-USDT,IO,USDT,True,1,True,0.0995,195662.7377,1945228.29,0.0993,627.0,0.0998,1224.09,50.22601707684585,62.2611,0.0001,0.0,0.0,1.0,0.0,0.0005,exchangeInfo.quotePrecision/baseSizePrecision/quoteAmountPrecision,1,False,0.8390756302521009,0.34789915966386553,0.7995798319327732,70.83823529411765
mexc,CLOUSDT,CLO-USDT,CLO,USDT,True,1,True,0.07375,109476.21313,1429819.82,0.07368,271.95,0.07383,201.66,20.337604230223203,14.888557800000001,1e-05,0.0,0.0,1.0,0.0,0.0005,exchangeInfo.quotePrecision/baseSizePrecision/quoteAmountPrecision,1,False,0.7470588235294118,0.7151260504201681,0.592436974789916,70.81512605042018
mexc,TKOUSDT,TKO-USDT,TKO,USDT,True,1,True,0.05141,80707.15889,1554633.34,0.05138,11352.64,0.05153,3922.08,29.151685939169635,202.1047824,1e-05,0.01,0.01,1.0,0.0,0.0005,exchangeInfo.quotePrecision/baseSizePrecision/quoteAmountPrecision,1,False,0.6739495798319328,0.6197478991596639,0.911344537815126,70.78781512605043
mexc,PEPEEUR,PEPE-EUR,PEPE,EUR,True,1,True,2.968e-06,207247.59823906,69477742318.53,2.962e-06,4499387.6,2.973e-06,3657063.69,37.068239258635145,10.87245035037,1e-09,0.0,0.0,1.0,0.0,0.0,exchangeInfo.quotePrecision/baseSizePrecision/quoteAmountPrecision,1,False,0.85,0.522689075630252,0.5470588235294118,70.75840336134453
mexc,TSTUSDT,TST-USDT,TST,USDT,True,1,True,0.008745,69982.073218,7995830.87,0.008738,11122.64,0.008753,132516.32,17.151678005832856,97.18962831999998,1e-06,0.0,0.0,1.0,0.0,0.0005,exchangeInfo.quotePrecision/baseSizePrecision/quoteAmountPrecision,1,False,0.6323529411764706,0.753781512605042,0.8563025210084033,70.75000000000001
mexc,BALUSDT,BAL-USDT,BAL,USDT,True,1,True,0.1343,199797.5722,1451656.26,0.1343,20.61,0.1344,9.75,7.443245254930331,1.3104,0.0001,0.0001,0.0001,1.0,0.0,0.0005,exchangeInfo.quotePrecision/baseSizePrecision/quoteAmountPrecision,1,False,0.8420168067226891,0.8827731092436975,0.11680672268907563,70.71638655462185
mexc,STORJUSDT,STORJ-USDT,STORJ,USDT,True,1,True,0.09345,175589.27372,1877477.47,0.0933,10065.6,0.09339,18.42,9.64165193636582,1.7202438000000002,1e-05,0.5,0.5,1.0,0.0,0.0005,exchangeInfo.quotePrecision/baseSizePrecision/quoteAmountPrecision,1,False,0.8243697478991596,0.8432773109243697,0.21218487394957983,70.66596638655463
mexc,SGTUSDT,SGT-USDT,SGT,USDT,True,1,True,0.0903,202524.393,2248388.48,0.0896,299.26,0.09,9885.85,44.54342984409773,26.813696,0.0001,0.1,0.1,1.0,0.0,0.0005,exchangeInfo.quotePrecision/baseSizePrecision/quoteAmountPrecision,1,False,0.8457983193277311,0.41512605042016804,0.6882352941176471,70.66176470588236
mexc,ANBUSDT,ANB-USDT,ANB,USDT,True,1,True,0.02129,70838.41012,3346808.33,0.02127,5053.78,0.02131,4733.66,18.788163457021312,100.8742946,1e-05,0.0,0.0,1.0,0.0,0.0005,exchangeInfo.quotePrecision/baseSizePrecision/quoteAmountPrecision,1,False,0.6373949579831932,0.7323529411764707,0.8647058823529412,70.65966386554622
mexc,PORTALUSDT,PORTAL-USDT,PORTAL,USDT,True,1,True,0.009501,153577.152036,16179326.83,0.009513,172.68,0.00952,2144.08,7.355645457888994,1.6427048400000002,1e-06,0.0,0.0,1.0,0.0,0.0005,exchangeInfo.quotePrecision/baseSizePrecision/quoteAmountPrecision,1,False,0.8067226890756303,0.8852941176470588,0.20714285714285716,70.6449579831933
mexc,HPUSDT,HP-USDT,HP,USDT,True,1,True,0.015396,109887.009973,7149921.74,0.015382,683.52,0.015409,5846.01,17.537592153551998,10.51390464,1e-06,0.0,0.0,1.0,0.0,0.0005,exchangeInfo.quotePrecision/baseSizePrecision/quoteAmountPrecision,1,False,0.7474789915966387,0.7495798319327731,0.538235294117647,70.6155462184874
mexc,SHXUSDT,SHX-USDT,SHX,USDT,True,1,True,0.004134,110173.339653,26445715.38,0.004131,4490.8,0.004141,42420.0,24.177949709863622,18.5514948,1e-06,0.0,0.0,1.0,0.0,0.0005,exchangeInfo.quotePrecision/baseSizePrecision/quoteAmountPrecision,1,False,0.7491596638655462,0.6743697478991597,0.6273109243697479,70.609243697479
mexc,MEMEUSDT,MEME-USDT,MEME,USDT,True,1,True,0.0005108,142637.7462537,279292509.11,0.0005108,276756.8,0.000511,2684.66,3.9146604032101178,1.3718612599999997,1e-07,0.0001,0.0001,1.0,0.0,0.0005,exchangeInfo.quotePrecision/baseSizePrecision/quoteAmountPrecision,1,False,0.7953781512605042,0.9453781512605042,0.16050420168067228,70.59033613445378
mexc,MXBRL,MX-BRL,MX,BRL,True,1,True,9.23,517605.42,56038.56,9.2,54.6,9.24,0.65,43.38394793926348,6.006,0.01,0.0,0.0,5.0,0.0,0.0005,exchangeInfo.quotePrecision/baseSizePrecision/quoteAmountPrecision,1,False,0.9281512605042017,0.4289915966386555,0.43529411764705883,70.47899159663865
mexc,UUSDT,U-USDT,U,USDT,True,1,True,1.0,57246.4731,57250.05,0.9998,406760.28,1.0001,260599.5,3.0001500075000442,260625.55995,0.0001,0.0,0.0,1.0,0.0,0.0005,exchangeInfo.quotePrecision/baseSizePrecision/quoteAmountPrecision,1,False,0.48067226890756304,0.9621848739495799,0.9987394957983193,70.46638655462185
mexc,LINKUSDC,LINK-USDC,LINK,USDC,True,1,True,8.656,115262.113,13276.61,8.655,1.27,8.659,0.26,4.620538292712644,2.2513400000000003,0.001,0.0,0.0,1.0,0.0,0.0,exchangeInfo.quotePrecision/baseSizePrecision/quoteAmountPrecision,1,False,0.7605042016806722,0.9378151260504202,0.25840336134453784,70.44117647058825
mexc,TOWNSUSDT,TOWNS-USDT,TOWNS,USDT,True,1,True,0.003515,276188.83296,80335517.75,0.003508,144279.26,0.003515,418.86,19.934500925530575,1.4722929,1e-06,0.0,0.0,1.0,0.0,0.0005,exchangeInfo.quotePrecision/baseSizePrecision/quoteAmountPrecision,1,False,0.8836134453781512,0.7205882352941176,0.18949579831932772,70.40336134453781
mexc,TBKUSDT,TBK-USDT,TBK,USDT,True,1,True,0.6217,93455.7723,150285.36,0.6217,91.92,0.6235,142.29,28.911018310311974,57.146664,0.0001,0.0,0.0,1.0,0.0,0.0005,exchangeInfo.quotePrecision/baseSizePrecision/quoteAmountPrecision,1,False,0.707983193277311,0.6222689075630252,0.7949579831932773,70.39495798319328
mexc,CREOUSDT,CREO-USDT,CREO,USDT,True,1,True,0.0008954,72411.1387932,80876693.03,0.0008946,43457.99,0.0008954,28476.06,8.938547486033737,25.497464124,1e-07,0.001,0.001,1.0,0.0,0.0005,exchangeInfo.quotePrecision/baseSizePrecision/quoteAmountPrecision,1,False,0.642436974789916,0.8584033613445379,0.6798319327731093,70.39075630252101
mexc,JELLYJELLYUSDT,JELLYJELLY-USDT,JELLYJELLY,USDT,True,1,True,0.041916,158619.79497,3815299.85,0.0418,943.55,0.04194,305.8,33.43682827800364,12.825252,1e-06,0.0,0.0,1.0,0.0,0.0005,exchangeInfo.quotePrecision/baseSizePrecision/quoteAmountPrecision,1,False,0.8130252100840336,0.5697478991596638,0.5710084033613445,70.38025210084034
mexc,COTIUSDT,COTI-USDT,COTI,USDT,True,1,True,0.01378,87878.22504,6532926.51,0.01374,2500.0,0.01377,2500.0,21.810250817883517,34.35,1e-05,0.01,0.01,1.0,0.0,0.0005,exchangeInfo.quotePrecision/baseSizePrecision/quoteAmountPrecision,1,False,0.6949579831932773,0.7008403361344537,0.7302521008403361,70.34873949579831
mexc,CATUSDT,CAT-USDT,CAT,USDT,True,1,True,1.573e-06,200511.08251579,124925516296.0,1.57e-06,23072309.0,1.574e-06,2913159.0,25.445292620865704,4.585312266,1e-09,0.0,0.0,1.0,0.0,0.0005,exchangeInfo.quotePrecision/baseSizePrecision/quoteAmountPrecision,1,False,0.8428571428571429,0.6626050420168067,0.3701680672268908,70.32563025210085
mexc,AUTONOMIUSDT,AUTONOMI-USDT,AUTONOMI,USDT,True,1,True,0.08524,102368.2257,1237047.73,0.08527,144.51,0.08542,346.84,17.575722069248034,12.3223677,1e-05,0.0,0.0,1.0,0.0,0.0005,exchangeInfo.quotePrecision/baseSizePrecision/quoteAmountPrecision,1,False,0.7323529411764705,0.7491596638655462,0.5642857142857143,70.29411764705883
mexc,VTHOUSDT,VTHO-USDT,VTHO,USDT,True,1,True,0.0005453,247669.2711945,452963754.33,0.0005448,52280.8,0.0005456,2456.1,14.673514306676806,1.34004816,1e-07,5.0,5.0,1.0,0.0,0.0005,exchangeInfo.quotePrecision/baseSizePrecision/quoteAmountPrecision,1,False,0.8701680672268908,0.780672268907563,0.14453781512605043,70.2668067226891
mexc,PINUSDT,PIN-USDT,PIN,USDT,True,1,True,0.079,94579.5698,1206448.2,0.07899,43.41,0.079,780.14,1.2659029052466766,3.4289559,1e-05,0.0,0.0,1.0,0.0,0.0005,exchangeInfo.quotePrecision/baseSizePrecision/quoteAmountPrecision,1,False,0.7113445378151261,0.9827731092436974,0.32857142857142857,70.26470588235294
mexc,IRYSUSDT,IRYS-USDT,IRYS,USDT,True,1,True,0.02205,107710.77569,5240469.93,0.02202,1255.08,0.02206,481.74,18.148820326678027,10.6271844,1e-05,0.0,0.0,1.0,0.0,0.0005,exchangeInfo.quotePrecision/baseSizePrecision/quoteAmountPrecision,1,False,0.742436974789916,0.742436974789916,0.542016806722689,70.23529411764706
mexc,ETHEUR,ETH-EUR,ETH,EUR,True,1,True,1780.32,92882.51,52.1158,1780.34,0.043,1785.84,0.0772,30.84533029740507,76.55461999999999,0.01,0.0,0.0,1.0,0.0,0.0,exchangeInfo.quotePrecision/baseSizePrecision/quoteAmountPrecision,1,False,0.7054621848739496,0.6,0.8205882352941176,70.21218487394958
mexc,PTBUSDT,PTB-USDT,PTB,USDT,True,1,True,0.0006279,80340.0896447,127484429.68,0.0006278,10853.24,0.000628,17000.01,3.1852205765250017,6.813664072,1e-07,0.0,0.0,1.0,0.0,0.0005,exchangeInfo.quotePrecision/baseSizePrecision/quoteAmountPrecision,1,False,0.6722689075630253,0.9596638655462185,0.4613445378151261,70.19327731092437
mexc,UAIUSDT,UAI-USDT,UAI,USDT,True,1,True,0.1866,87617.0396,455083.0,0.1863,3079.85,0.187,1831.84,37.50334851326045,342.55408,0.0001,0.0,0.0,1.0,0.0,0.0005,exchangeInfo.quotePrecision/baseSizePrecision/quoteAmountPrecision,1,False,0.6936974789915966,0.5184873949579831,0.9487394957983193,70.09033613445378
mexc,FUNTOKENUSDT,FUNTOKEN-USDT,FUNTOKEN,USDT,True,1,True,0.001426,74481.233848,52676649.11,0.001425,56860.8,0.001428,420315.2,21.030494216613842,81.02664,1e-06,0.0,0.0,1.0,0.0,0.0005,exchangeInfo.quotePrecision/baseSizePrecision/quoteAmountPrecision,1,False,0.65,0.7088235294117646,0.8289915966386555,70.05042016806723
mexc,OIL(USOON)USDT,OIL(USOON)-USDT,OIL(USOON),USDT,True,1,True,134.46,124963.12,916.722,134.14,2.04,134.63,0.223,36.462402797932,30.02249,0.01,0.0,0.0,1.0,0.0,0.0005,exchangeInfo.quotePrecision/baseSizePrecision/quoteAmountPrecision,1,False,0.7743697478991597,0.5331932773109244,0.7058823529411765,70.03781512605043
mexc,NLSUSDT,NLS-USDT,NLS,USDT,True,1,True,0.004175,99605.325556,23802915.71,0.004168,3149.0,0.004175,4703.24,16.78053457988748,13.125032,1e-06,0.0,0.0,1.0,0.0,0.0005,exchangeInfo.quotePrecision/baseSizePrecision/quoteAmountPrecision,1,False,0.7201680672268908,0.7567226890756302,0.5747899159663865,70.02310924369749
mexc,TRADOORUSDT,TRADOOR-USDT,TRADOOR,USDT,True,1,True,3.17,74799.8487,23851.36,3.166,34.86,3.1739,227.71,24.921528730737833,110.36676,0.0001,0.0,0.0,1.0,0.0,0.0005,exchangeInfo.quotePrecision/baseSizePrecision/quoteAmountPrecision,1,False,0.6525210084033614,0.6663865546218488,0.8735294117647059,70.01890756302521
mexc,ZEPHUSDT,ZEPH-USDT,ZEPH,USDT,True,1,True,0.4101,199449.7408,483999.79,0.4096,11.7,0.4107,11.67,26.81945629647665,4.79232,0.0001,0.0,0.0,1.0,0.0,0.0005,exchangeInfo.quotePrecision/baseSizePrecision/quoteAmountPrecision,1,False,0.8415966386554622,0.6470588235294117,0.37563025210084033,69.97689075630252
mexc,TAPUSDT,TAP-USDT,TAP,USDT,True,1,True,0.0689,115600.9167,1645221.81,0.0685,864.05,0.0687,274.22,29.154518950436135,18.838914000000003,0.0001,0.0,0.0,1.0,0.0,0.0005,exchangeInfo.quotePrecision/baseSizePrecision/quoteAmountPrecision,1,False,0.7609243697478991,0.619327731092437,0.6294117647058823,69.92226890756302
mexc,VINEBRL,VINE-BRL,VINE,BRL,True,1,True,0.09577,265854.66905,2779508.33,0.09567,93.32,0.09604,68.4,38.599968702727594,6.569136,1e-05,0.0,0.0,5.0,0.0,0.0005,exchangeInfo.quotePrecision/baseSizePrecision/quoteAmountPrecision,1,False,0.8789915966386554,0.49831932773109244,0.4542016806722689,69.88655462184875
mexc,MOGUSDT,MOG-USDT,MOG,USDT,True,1,True,1.32e-07,101509.1742143949,739372259222.0,1.319e-07,255187363.0,1.323e-07,4293009681.0,30.28009084027079,33.659213179700004,1e-10,0.0,0.0,1.0,0.0,0.0005,exchangeInfo.quotePrecision/baseSizePrecision/quoteAmountPrecision,1,False,0.7302521008403361,0.6054621848739496,0.7281512605042016,69.86344537815125
mexc,GNSUSDT,GNS-USDT,GNS,USDT,True,1,True,0.7206,64908.8221,89438.09,0.72,142.58,0.7211,400.16,15.266116161265558,102.6576,0.0001,0.0,0.0,1.0,0.0,0.0005,exchangeInfo.quotePrecision/baseSizePrecision/quoteAmountPrecision,1,False,0.6029411764705882,0.7743697478991597,0.8663865546218488,69.84873949579833
mexc,GGBRUSDT,GGBR-USDT,GGBR,USDT,True,1,True,4.67,94474.502,20232.69,4.657,11.16,4.67,8.0,27.876058754154393,37.36,0.001,0.0,0.0,1.0,0.0,0.0005,exchangeInfo.quotePrecision/baseSizePrecision/quoteAmountPrecision,1,False,0.7109243697478992,0.6373949579831932,0.7399159663865547,69.83403361344538
mexc,SXTUSDT,SXT-USDT,SXT,USDT,True,1,True,0.01618,228472.93818,13931053.98,0.01616,92.83,0.01619,1153.82,18.547140649149163,1.5001328,1e-05,0.0,0.0,1.0,0.0,0.0005,exchangeInfo.quotePrecision/baseSizePrecision/quoteAmountPrecision,1,False,0.8621848739495799,0.7365546218487395,0.19453781512605042,69.7247899159664
mexc,GHUBUSDT,GHUB-USDT,GHUB,USDT,True,1,True,0.006881,73559.238352,10726694.66,0.006882,3266.92,0.006883,1121.28,1.4529604068291069,7.71777024,1e-06,0.0,0.0,1.0,0.0,0.0005,exchangeInfo.quotePrecision/baseSizePrecision/quoteAmountPrecision,1,False,0.6470588235294118,0.9798319327731092,0.4819327731092437,69.72268907563026
mexc,WELFUSDT,WELF-USDT,WELF,USDT,True,1,True,0.1098,106060.4091,948549.95,0.1101,45.41,0.1102,84.74,9.078529278257182,4.999641,0.0001,0.0,0.0,1.0,0.0,0.0005,exchangeInfo.quotePrecision/baseSizePrecision/quoteAmountPrecision,1,False,0.738655462184874,0.8550420168067226,0.3815126050420168,69.63235294117648
mexc,ADIUSDT,ADI-USDT,ADI,USDT,True,1,True,4.4534,99977.5151,22483.5,4.4491,60.0,4.4556,2.08,14.59903197187991,9.267648,0.0001,0.0,0.0,1.0,0.0,0.0005,exchangeInfo.quotePrecision/baseSizePrecision/quoteAmountPrecision,1,False,0.7222689075630252,0.7815126050420168,0.5180672268907563,69.62394957983194
mexc,SAPIENUSDT,SAPIEN-USDT,SAPIEN,USDT,True,1,True,0.06866,151330.58435,2073116.83,0.06859,72.9,0.06866,29.1,10.200364298725045,1.9980060000000002,1e-05,0.0,0.0,1.0,0.0,0.0005,exchangeInfo.quotePrecision/baseSizePrecision/quoteAmountPrecision,1,False,0.8029411764705883,0.8340336134453782,0.22941176470588234,69.60084033613447
mexc,SUIUSDE,SUI-USDE,SUI,USDE,True,1,True,0.8758,133205.1873,152695.49,0.8734,52.3,0.8761,14.25,30.865961703344222,12.484425,0.0001,0.0,0.0,1.0,0.0,0.0,exchangeInfo.quotePrecision/baseSizePrecision/quoteAmountPrecision,1,False,0.7861344537815126,0.5995798319327731,0.5680672268907563,69.58823529411764
mexc,XLMUSDC,XLM-USDC,XLM,USDC,True,1,True,0.163,75193.4967,458235.41,0.1628,525.01,0.1632,3271.14,24.5398773006142,85.471628,0.0001,0.0,0.0,1.0,0.0,0.0,exchangeInfo.quotePrecision/baseSizePrecision/quoteAmountPrecision,1,False,0.653781512605042,0.6714285714285715,0.8352941176470589,69.44957983193278
mexc,GCOINUSDT,GCOIN-USDT,GCOIN,USDT,True,1,True,0.0005194,696466.3037176,1401647254.77,0.0005187,3176.13,0.0005199,141.23,23.108030040439616,0.07342547699999999,1e-07,0.0,0.0,1.0,0.0,0.0005,exchangeInfo.quotePrecision/baseSizePrecision/quoteAmountPrecision,1,False,0.9441176470588235,0.6840336134453782,0.020588235294117647,69.4390756302521
mexc,USELESSUSDT,USELESS-USDT,USELESS,USDT,True,1,True,0.034537,203636.684552,5951189.96,0.034492,568.67,0.034649,15613.63,45.41444294991319,19.61456564,1e-06,0.0,0.0,1.0,0.0,0.0005,exchangeInfo.quotePrecision/baseSizePrecision/quoteAmountPrecision,1,False,0.8470588235294118,0.4050420168067227,0.6361344537815126,69.43697478991598
mexc,UNPUSDT,UNP-USDT,UNP,USDT,True,1,True,0.15444,229369.34119,1487159.85,0.15365,964.97,0.15489,768.33,80.37855707525708,119.00663370000001,1e-05,0.0,0.0,1.0,0.0,0.0005,exchangeInfo.quotePrecision/baseSizePrecision/quoteAmountPrecision,1,False,0.8630252100840337,0.17394957983193282,0.8798319327731092,69.41176470588236
mexc,TURBOUSDC,TURBO-USDC,TURBO,USDC,True,1,True,0.0010084,110671.0325498,110699555.16,0.0010051,38264.28,0.0010088,52608.5,36.74462485724145,38.459427828,1e-07,0.0,0.0,1.0,0.0,0.0,exchangeInfo.quotePrecision/baseSizePrecision/quoteAmountPrecision,1,False,0.7508403361344538,0.5285714285714286,0.7432773109243698,69.37605042016808
mexc,ANIMEUSDT,ANIME-USDT,ANIME,USDT,True,1,True,0.004521,153890.252668,34311208.37,0.004519,290.41,0.004522,295.52,6.636434022785971,1.31236279,1e-06,0.0,0.0,1.0,0.0,0.0005,exchangeInfo.quotePrecision/baseSizePrecision/quoteAmountPrecision,1,False,0.8071428571428572,0.9,0.12142857142857143,69.32142857142857
mexc,ZILUSDT,ZIL-USDT,ZIL,USDT,True,1,True,0.003897,133026.765992,34309539.72,0.003894,607.6,0.003898,596.72,10.26694045174563,2.32601456,1e-06,1.0,1.0,1.0,0.0,0.0005,exchangeInfo.quotePrecision/baseSizePrecision/quoteAmountPrecision,1,False,0.7852941176470588,0.8331932773109244,0.2630252100840336,69.28151260504201
mexc,BTSUSDT,BTS-USDT,BTS,USDT,True,1,True,0.0009859,62037.3134698,63024487.65,0.0009855,35133.64,0.000986,30342.09,5.0722799898539135,29.917300739999998,1e-07,0.001,0.001,1.0,0.0,0.0005,exchangeInfo.quotePrecision/baseSizePrecision/quoteAmountPrecision,1,False,0.5815126050420169,0.9273109243697479,0.7046218487394958,69.25840336134455
mexc,IXSUSDT,IXS-USDT,IXS,USDT,True,1,True,0.0631,100621.4725,1610624.74,0.063,3206.35,0.0632,508.95,31.695721077655424,32.16564,0.0001,0.01,0.01,1.0,0.0,0.0005,exchangeInfo.quotePrecision/baseSizePrecision/quoteAmountPrecision,1,False,0.7289915966386554,0.5894957983193277,0.7189075630252101,69.21008403361346
mexc,BABYDOGEUSDT,BABYDOGE-USDT,BABYDOGE,USDT,True,1,True,3.78e-10,93840.15773833184,246993008873127.0,3.775e-10,58800675285.0,3.784e-10,432065487856.0,23.812673634079047,22.1972549200875,1e-13,10000.0,10000.0,1.0,0.0,0.0005,exchangeInfo.quotePrecision/baseSizePrecision/quoteAmountPrecision,1,False,0.7088235294117647,0.6789915966386555,0.6605042016806723,69.1701680672269
mexc,LINEAUSDT,LINEA-USDT,LINEA,USDT,True,1,True,0.003069,126762.410381,42037029.79,0.003068,489.42,0.00307,8064.52,6.5167807103285496,1.50154056,1e-06,0.0,0.0,1.0,0.0,0.0005,exchangeInfo.quotePrecision/baseSizePrecision/quoteAmountPrecision,1,False,0.7760504201680672,0.9021008403361345,0.1949579831932773,69.13445378151262
mexc,BTRUSDT,BTR-USDT,BTR,USDT,True,1,True,0.02468,108906.1325,4236780.32,0.02466,705.31,0.02473,973.0,28.34581899169757,17.3929446,1e-05,0.0,0.0,1.0,0.0,0.0005,exchangeInfo.quotePrecision/baseSizePrecision/quoteAmountPrecision,1,False,0.746218487394958,0.6298319327731092,0.6172268907563025,69.13235294117648
mexc,SAGAUSDT,SAGA-USDT,SAGA,USDT,True,1,True,0.02817,148601.62125,5313485.68,0.02816,1000.0,0.02819,66.31,10.647737355811456,1.8692789,1e-05,0.0,0.0,1.0,0.0,0.0005,exchangeInfo.quotePrecision/baseSizePrecision/quoteAmountPrecision,1,False,0.7995798319327732,0.8281512605042016,0.2222689075630252,69.12605042016807
mexc,L3USDT,L3-USDT,L3,USDT,True,1,True,0.009396,372291.479935,41092218.09,0.009359,2838.96,0.009424,17389.42,69.21152105627516,26.56982664,1e-06,0.0,0.0,1.0,0.0,0.0005,exchangeInfo.quotePrecision/baseSizePrecision/quoteAmountPrecision,1,False,0.9063025210084034,0.22142857142857142,0.6852941176470588,69.08823529411765
mexc,BLOCKUSDT,BLOCK-USDT,BLOCK,USDT,True,1,True,0.004893,80737.458094,16477230.39,0.004898,6124.95,0.004908,11206.75,20.39567611666421,30.000005099999996,1e-06,0.0,0.0,1.0,0.0,0.0005,exchangeInfo.quotePrecision/baseSizePrecision/quoteAmountPrecision,1,False,0.6743697478991597,0.7142857142857143,0.7054621848739496,69.05672268907563
mexc,NFTUSDT,NFT-USDT,NFT,USDT,True,1,True,3.342e-07,77613.2626128657,236502742284.0,3.342e-07,147937836.0,3.35e-07,823945589.0,23.90914524805759,49.4408247912,1e-10,100.0,100.0,1.0,0.0,0.0005,exchangeInfo.quotePrecision/baseSizePrecision/quoteAmountPrecision,1,False,0.6642857142857143,0.6777310924369748,0.7781512605042017,69.0420168067227
mexc,BLUAIUSDT,BLUAI-USDT,BLUAI,USDT,True,1,True,0.006712,98566.276392,14509103.44,0.006703,1605.6,0.006715,5260.52,17.886421225219642,10.762336799999998,1e-06,0.0,0.0,1.0,0.0,0.0005,exchangeInfo.quotePrecision/baseSizePrecision/quoteAmountPrecision,1,False,0.7180672268907563,0.7449579831932773,0.5449579831932773,69.01680672268908
mexc,EDENUSDT,EDEN-USDT,EDEN,USDT,True,1,True,0.03392,239094.10519,6881773.54,0.03385,42.07,0.03392,41.09,20.65810830751088,1.3937728,1e-05,0.0,0.0,1.0,0.0,0.0005,exchangeInfo.quotePrecision/baseSizePrecision/quoteAmountPrecision,1,False,0.8668067226890757,0.7126050420168067,0.17058823529411765,68.90126050420169
mexc,FIGHTUSDT,FIGHT-USDT,FIGHT,USDT,True,1,True,0.002433,134494.153054,49857834.01,0.002426,32400.0,0.002438,314199.65,49.34210526315731,78.6024,1e-06,0.0,0.0,1.0,0.0,0.0005,exchangeInfo.quotePrecision/baseSizePrecision/quoteAmountPrecision,1,False,0.7886554621848739,0.3605042016806723,0.8256302521008403,68.90126050420167
mexc,DOLOUSDT,DOLO-USDT,DOLO,USDT,True,1,True,0.03315,92792.70433,2695614.46,0.03316,1334.32,0.03318,132.64,6.029544769369666,4.4009952,1e-05,0.0,0.0,1.0,0.0,0.0005,exchangeInfo.quotePrecision/baseSizePrecision/quoteAmountPrecision,1,False,0.7050420168067227,0.9100840336134454,0.36512605042016805,68.83193277310924
mexc,ENSOUSDT,ENSO-USDT,ENSO,USDT,True,1,True,0.9291,84039.4469,91086.55,0.9267,13.43,0.928,211.08,14.018439639834787,12.445580999999999,0.0001,0.0,0.0,1.0,0.0,0.0005,exchangeInfo.quotePrecision/baseSizePrecision/quoteAmountPrecision,1,False,0.6865546218487395,0.7869747899159664,0.5676470588235294,68.78781512605042
mexc,DEPUSDT,DEP-USDT,DEP,USDT,True,1,True,0.0011463,123634.6187527,108956969.46,0.0011457,61495.77,0.0011505,35087.71,41.80820486020483,40.368410355,1e-07,0.0001,0.0001,1.0,0.0,0.0005,exchangeInfo.quotePrecision/baseSizePrecision/quoteAmountPrecision,1,False,0.773109243697479,0.44957983193277307,0.7491596638655462,68.7436974789916
mexc,SANTOSUSDT,SANTOS-USDT,SANTOS,USDT,True,1,True,1.0536,128147.3976,121839.6,1.0532,1.77,1.0541,2.55,8.541735870546415,1.864164,0.0001,0.01,0.01,1.0,0.0,0.0005,exchangeInfo.quotePrecision/baseSizePrecision/quoteAmountPrecision,1,False,0.7777310924369748,0.8609243697478992,0.22142857142857142,68.72689075630251
mexc,ZETAUSDT,ZETA-USDT,ZETA,USDT,True,1,True,0.04707,90887.71692,1930860.06,0.047,884.14,0.04711,463.35,23.37689937307385,21.8284185,1e-05,0.0,0.0,1.0,0.0,0.0005,exchangeInfo.quotePrecision/baseSizePrecision/quoteAmountPrecision,1,False,0.7004201680672268,0.6823529411764706,0.6571428571428571,68.72478991596638
mexc,LISTAUSDT,LISTA-USDT,LISTA,USDT,True,1,True,0.091,180744.61936,1984658.75,0.09095,14.43,0.09105,14.43,10.989010989011303,1.3124085,1e-05,0.0,0.0,1.0,0.0,0.0005,exchangeInfo.quotePrecision/baseSizePrecision/quoteAmountPrecision,1,False,0.8289915966386555,0.8256302521008403,0.1222689075630252,68.68067226890756
mexc,GUAUSDT,GUA-USDT,GUA,USDT,True,1,True,0.4999,646705.85852,1238914.21,0.50015,2.2,0.50156,591.0,28.151860318855203,1.10033,1e-05,0.0,0.0,1.0,0.0,0.0005,exchangeInfo.quotePrecision/baseSizePrecision/quoteAmountPrecision,1,False,0.9415966386554622,0.6323529411764706,0.052941176470588235,68.65546218487395
mexc,SHIDOUSDT,SHIDO-USDT,SHIDO,USDT,True,1,True,0.0001792,98882.4297048,553775003.11,0.0001789,82352.0,0.0001793,297433.0,22.33389168062438,14.732772800000001,1e-07,0.0,0.0,1.0,0.0,0.0005,exchangeInfo.quotePrecision/baseSizePrecision/quoteAmountPrecision,1,False,0.7184873949579832,0.692436974789916,0.5907563025210084,68.64285714285714
mexc,APEXUSDT,APEX-USDT,APEX,USDT,True,1,True,0.263,68641.7757,258477.57,0.2628,248.8,0.2633,1330.79,19.007793195210052,65.38464,0.0001,0.0,0.0,1.0,0.0,0.0005,exchangeInfo.quotePrecision/baseSizePrecision/quoteAmountPrecision,1,False,0.623109243697479,0.7298319327731093,0.8033613445378152,68.58403361344538
mexc,SHMUSDT,SHM-USDT,SHM,USDT,True,1,True,6.08e-05,90645.5356914,1490832291.75,6.08e-05,3062774.16,6.09e-05,175184.51,16.433853738702123,10.668736659,1e-07,0.0,0.0,1.0,0.0,0.0005,exchangeInfo.quotePrecision/baseSizePrecision/quoteAmountPrecision,1,False,0.7,0.7621848739495798,0.5436974789915966,68.42857142857143
mexc,GPSUSDT,GPS-USDT,GPS,USDT,True,1,True,0.007706,100414.011445,12984696.56,0.007704,1922.83,0.007724,1956.41,25.92688618096973,14.813482319999999,1e-06,0.0,0.0,1.0,0.0,0.0005,exchangeInfo.quotePrecision/baseSizePrecision/quoteAmountPrecision,1,False,0.7277310924369748,0.6563025210084034,0.5915966386554622,68.26470588235294
mexc,B2USDT,B2-USDT,B2,USDT,True,1,True,0.70072,89729.50736,125179.83,0.70081,23.9,0.70194,14.96,16.11121012297222,10.5010224,1e-05,0.0,0.0,1.0,0.0,0.0005,exchangeInfo.quotePrecision/baseSizePrecision/quoteAmountPrecision,1,False,0.6970588235294117,0.7668067226890756,0.5378151260504201,68.26470588235294
mexc,CYBERUSDT,CYBER-USDT,CYBER,USDT,True,1,True,0.4862,130712.0209,269640.35,0.4859,464.63,0.4865,4.36,12.340600575894477,2.12114,0.0001,0.0,0.0,1.0,0.0,0.0005,exchangeInfo.quotePrecision/baseSizePrecision/quoteAmountPrecision,1,False,0.7840336134453781,0.8067226890756303,0.246218487394958,68.21428571428572
mexc,INTERUSDT,INTER-USDT,INTER,USDT,True,1,True,0.5006,149832.086,299676.71,0.4998,17.3,0.5015,615.47,33.95585738539746,8.64654,0.0001,0.01,0.01,1.0,0.0,0.0005,exchangeInfo.quotePrecision/baseSizePrecision/quoteAmountPrecision,1,False,0.8012605042016807,0.5617647058823529,0.5042016806722689,68.19747899159664
mexc,DOGSUSDT,DOGS-USDT,DOGS,USDT,True,1,True,2.723e-05,123617.81773173,4534519348.7,2.721e-05,588418.64,2.724e-05,80997.96,11.019283746556992,2.2063844304,1e-08,0.0,0.0,1.0,0.0,0.0005,exchangeInfo.quotePrecision/baseSizePrecision/quoteAmountPrecision,1,False,0.7726890756302521,0.8239495798319327,0.2542016806722689,68.18067226890757
mexc,KGENUSDT,KGEN-USDT,KGEN,USDT,True,1,True,0.136,76706.9224,537519.39,0.1359,221.45,0.1361,133.18,14.705882352941597,18.125798,0.0001,0.0,0.0,1.0,0.0,0.0005,exchangeInfo.quotePrecision/baseSizePrecision/quoteAmountPrecision,1,False,0.657563025210084,0.7798319327731092,0.6239495798319328,68.14075630252101
mexc,HYPERUSDT,HYPER-USDT,HYPER,USDT,True,1,True,0.08537,146794.50422,1739911.7,0.08535,15.38,0.08542,2755.68,8.198161269543904,1.312683,1e-05,0.0,0.0,1.0,0.0,0.0005,exchangeInfo.quotePrecision/baseSizePrecision/quoteAmountPrecision,1,False,0.7983193277310925,0.8676470588235294,0.12394957983193278,68.07773109243699
mexc,PROVEUSDT,PROVE-USDT,PROVE,USDT,True,1,True,0.222,105704.254,469836.0,0.222,396.0,0.2221,6.9,4.503490204908308,1.5324900000000001,0.0001,0.0,0.0,1.0,0.0,0.0005,exchangeInfo.quotePrecision/baseSizePrecision/quoteAmountPrecision,1,False,0.7378151260504202,0.9399159663865546,0.1957983193277311,67.9936974789916
mexc,DVOUSDT,DVO-USDT,DVO,USDT,True,1,True,0.0007895,84144.7203803,106441163.13,0.0007894,12390.38,0.0007902,8807.28,10.129146619397563,6.959512656,1e-07,0.0,0.0,1.0,0.0,0.0005,exchangeInfo.quotePrecision/baseSizePrecision/quoteAmountPrecision,1,False,0.6869747899159664,0.8352941176470589,0.46554621848739497,67.97689075630252
mexc,FOXSYUSDT,FOXSY-USDT,FOXSY,USDT,True,1,True,0.001964,151196.7383549,76710542.08,0.0019576,10553.74,0.001966,29151.3,42.817820369048775,20.660001423999997,1e-07,0.0,0.0,1.0,0.0,0.0005,exchangeInfo.quotePrecision/baseSizePrecision/quoteAmountPrecision,1,False,0.8025210084033614,0.4361344537815126,0.646218487394958,67.96638655462186
mexc,BPUSDT,BP-USDT,BP,USDT,True,1,True,0.1491,149346.2234,978124.15,0.1486,672.0,0.1495,1012.17,60.38242200603717,99.8592,0.0001,0.0,0.0,1.0,0.0,0.0005,exchangeInfo.quotePrecision/baseSizePrecision/quoteAmountPrecision,1,False,0.8008403361344538,0.26806722689075635,0.8609243697478992,67.96638655462185
mexc,DCRUSDT,DCR-USDT,DCR,USDT,True,1,True,20.047,151871.48,7614.7,20.001,0.92,20.061,0.28,29.953571963456007,5.6170800000000005,0.001,0.001,0.001,1.0,0.0,0.0005,exchangeInfo.quotePrecision/baseSizePrecision/quoteAmountPrecision,1,False,0.803781512605042,0.6100840336134454,0.4235294117647059,67.93067226890757
mexc,TOSHIUSDT,TOSHI-USDT,TOSHI,USDT,True,1,True,0.0001773,67144.8514842,376817240.87,0.0001772,2820078.96,0.0001775,232789.77,16.915703411333933,41.320184175,1e-07,0.0,0.0,1.0,0.0,0.0005,exchangeInfo.quotePrecision/baseSizePrecision/quoteAmountPrecision,1,False,0.6172268907563025,0.7558823529411764,0.7521008403361344,67.88655462184875
mexc,RYOUSDT,RYO-USDT,RYO,USDT,True,1,True,4.136,281646.194,68661.99,4.112,24.31,4.173,44.99,147.25407362703666,99.96271999999999,0.001,0.0,0.0,1.0,0.0,0.0005,exchangeInfo.quotePrecision/baseSizePrecision/quoteAmountPrecision,1,False,0.8865546218487395,0.07436974789915962,0.8621848739495799,67.86344537815125
mexc,SCRTUSDT,SCRT-USDT,SCRT,USDT,True,1,True,0.08224,152666.97507,1904809.89,0.0822,15.97,0.08228,19.34,9.72762645914526,1.312734,1e-05,0.0001,0.0001,1.0,0.0,0.0005,exchangeInfo.quotePrecision/baseSizePrecision/quoteAmountPrecision,1,False,0.8054621848739496,0.8420168067226891,0.12436974789915967,67.83823529411765
mexc,SMARTUSDT,SMART-USDT,SMART,USDT,True,1,True,0.005013,170708.827934,33769537.77,0.005001,3111.71,0.005023,7514.51,43.894652833199224,15.561661710000001,1e-06,0.0,0.0,1.0,0.0,0.0005,exchangeInfo.quotePrecision/baseSizePrecision/quoteAmountPrecision,1,False,0.8222689075630252,0.4239495798319328,0.5987394957983193,67.79831932773111
mexc,DAMUSDT,DAM-USDT,DAM,USDT,True,1,True,0.05368,391216.29674,8066729.03,0.05361,242.04,0.05395,242.11,63.22052807735219,12.9757644,1e-05,0.0,0.0,1.0,0.0,0.0005,exchangeInfo.quotePrecision/baseSizePrecision/quoteAmountPrecision,1,False,0.9088235294117647,0.2533613445378151,0.573109243697479,67.78151260504201
mexc,RBTUSDT,RBT-USDT,RBT,USDT,True,1,True,127.64,80071.34,629.11,127.64,0.16,127.9,0.24,20.34906472567935,20.4224,0.01,0.001,0.001,1.0,0.0,0.0005,exchangeInfo.quotePrecision/baseSizePrecision/quoteAmountPrecision,1,False,0.6714285714285714,0.7147058823529412,0.6449579831932774,67.6953781512605
mexc,ETHUSD1,ETH-USD1,ETH,USD1,True,1,True,2055.3,109967.02,53.52297,2050.21,0.00682,2056.58,0.08286,31.021795611657236,13.9824322,0.01,0.0,0.0,1.0,0.0001,0.0001,exchangeInfo.quotePrecision/baseSizePrecision/quoteAmountPrecision,1,False,0.7478991596638656,0.5953781512605042,0.5836134453781513,67.69117647058825
mexc,ESPUSDT,ESP-USDT,ESP,USDT,True,1,True,0.07525,81369.57598,1066558.17,0.07524,1445.6,0.07528,59.2,5.314908317831302,4.456576,1e-05,0.0,0.0,1.0,0.0,0.0005,exchangeInfo.quotePrecision/baseSizePrecision/quoteAmountPrecision,1,False,0.6764705882352942,0.9235294117647059,0.36764705882352944,67.64705882352942
mexc,BLINKYUSDT,BLINKY-USDT,BLINKY,USDT,True,1,True,0.0045,362238.269732,59329435.17,0.0045,35401.77,0.004547,7818.68,103.90184591577355,35.55153796,1e-06,0.0,0.0,1.0,0.0,0.0005,exchangeInfo.quotePrecision/baseSizePrecision/quoteAmountPrecision,1,False,0.9050420168067227,0.1264705882352941,0.7340336134453781,67.61974789915968
mexc,MNSRYUSDT,MNSRY-USDT,MNSRY,USDT,True,1,True,0.008749,82305.244108,9396559.47,0.008738,913.97,0.008748,3242.23,11.437721605857632,7.986269859999999,1e-06,0.0,0.0,1.0,0.0,0.0005,exchangeInfo.quotePrecision/baseSizePrecision/quoteAmountPrecision,1,False,0.6789915966386555,0.8180672268907563,0.4899159663865546,67.59453781512606
mexc,ROAMUSDT,ROAM-USDT,ROAM,USDT,True,1,True,0.0296,493911.97434,15759708.6,0.02946,913.16,0.02965,333.0,64.28692268651639,9.87345,1e-05,0.0,0.0,1.0,0.0,0.0005,exchangeInfo.quotePrecision/baseSizePrecision/quoteAmountPrecision,1,False,0.9252100840336135,0.24705882352941178,0.5239495798319328,67.5420168067227
mexc,MOODENGUSDT,MOODENG-USDT,MOODENG,USDT,True,1,True,0.04505,85542.93648,1870215.58,0.04502,11103.7,0.04509,199.73,15.536566418821577,9.005825699999999,1e-05,0.0,0.0,1.0,0.0,0.0005,exchangeInfo.quotePrecision/baseSizePrecision/quoteAmountPrecision,1,False,0.6899159663865546,0.7710084033613446,0.5138655462184873,67.49789915966386
mexc,GTCUSDT,GTC-USDT,GTC,USDT,True,1,True,0.07315,155415.36495,2061432.16,0.0729,8863.54,0.07359,8188.9,94.20438255170949,602.6211509999999,1e-05,0.0001,0.0001,1.0,0.0,0.0005,exchangeInfo.quotePrecision/baseSizePrecision/quoteAmountPrecision,1,False,0.8092436974789916,0.1432773109243698,0.9697478991596639,67.48529411764706
mexc,WNXUSDT,WNX-USDT,WNX,USDT,True,1,True,0.0004408,1500413.9682274,3675237650.79,0.00042,58796.37,0.0004377,434087.27,412.7317243791534,24.6944754,1e-07,0.0,0.0,1.0,0.0,0.0005,exchangeInfo.quotePrecision/baseSizePrecision/quoteAmountPrecision,1,False,0.9701680672268908,0.02352941176470591,0.6747899159663866,67.44327731092437
mexc,WAXPUSDT,WAXP-USDT,WAXP,USDT,True,1,True,0.006459,105608.978638,16300074.39,0.006456,263.11,0.00646,401.99,6.193868070609574,1.69863816,1e-06,0.001,0.001,1.0,0.0,0.0005,exchangeInfo.quotePrecision/baseSizePrecision/quoteAmountPrecision,1,False,0.7373949579831933,0.9071428571428571,0.2096638655462185,67.42857142857144
mexc,ETHUSDF,ETH-USDF,ETH,USDF,True,1,True,2053.52,74568.53,36.22825,2053.42,0.13344,2061.12,0.14062,37.42824228224695,274.00836480000004,0.01,0.0,0.0,1.0,0.0,0.0005,exchangeInfo.quotePrecision/baseSizePrecision/quoteAmountPrecision,1,False,0.6504201680672269,0.5201680672268907,0.9323529411764706,67.42436974789916
mexc,SUIEUR,SUI-EUR,SUI,EUR,True,1,True,0.7572,142296.8117,188459.02,0.7555,208.11,0.7606,308.53,67.27788404458947,157.227105,0.0001,0.0,0.0,1.0,0.0,0.0,exchangeInfo.quotePrecision/baseSizePrecision/quoteAmountPrecision,1,False,0.7949579831932773,0.2298319327731092,0.8970588235294118,67.40966386554622
mexc,SATSUSDT,SATS-USDT,SATS,USDT,True,1,True,1.083e-08,116429.85388865827,10812306805729.0,1.079e-08,13418404446.0,1.085e-08,29148823524.0,55.452865064695196,144.78458397234,1e-11,0.0,0.0,1.0,0.0,0.0005,exchangeInfo.quotePrecision/baseSizePrecision/quoteAmountPrecision,1,False,0.7617647058823529,0.3063025210084034,0.8915966386554622,67.38655462184875
mexc,BEATUSDT,BEAT-USDT,BEAT,USDT,True,1,True,0.3699,157724.74301,411286.78,0.36859,80.57,0.37027,50.98,45.47546219852245,18.8763646,1e-05,0.0,0.0,1.0,0.0,0.0005,exchangeInfo.quotePrecision/baseSizePrecision/quoteAmountPrecision,1,False,0.8117647058823529,0.4042016806722689,0.630672268907563,67.36554621848741
mexc,SNXUSDT,SNX-USDT,SNX,USDT,True,1,True,0.2792,141418.1714,506340.23,0.2787,2763.04,0.2791,5.73,14.342058085335655,1.5992430000000002,0.0001,0.01,0.01,1.0,0.0,0.0005,exchangeInfo.quotePrecision/baseSizePrecision/quoteAmountPrecision,1,False,0.7941176470588235,0.7831932773109244,0.20294117647058824,67.31512605042016
mexc,DOGUSDT,DOG-USDT,DOG,USDT,True,1,True,0.0007021,205933.9572868,286990585.08,0.0007,35696.43,0.0007041,329444.08,58.40039883199266,24.987500999999998,1e-07,0.0,0.0,1.0,0.0,0.0005,exchangeInfo.quotePrecision/baseSizePrecision/quoteAmountPrecision,1,False,0.8487394957983193,0.2827731092436975,0.6764705882352942,67.27941176470588
mexc,SLXUSDT,SLX-USDT,SLX,USDT,True,1,True,0.003268,65046.274703,19876521.16,0.003265,10209.29,0.00327,30562.31,15.302218821728529,33.33333185,1e-06,0.0,0.0,1.0,0.0,0.0005,exchangeInfo.quotePrecision/baseSizePrecision/quoteAmountPrecision,1,False,0.6054621848739495,0.7739495798319328,0.7256302521008403,67.16176470588235
mexc,KCSUSDT,KCS-USDT,KCS,USDT,True,1,True,8.044,166887.4497,20791.72,8.0161,2.44,8.0548,10.91,48.16158398098476,19.559283999999998,0.0001,0.0001,0.0001,1.0,0.0,0.0005,exchangeInfo.quotePrecision/baseSizePrecision/quoteAmountPrecision,1,False,0.8197478991596638,0.37436974789915967,0.6348739495798319,67.14285714285715
mexc,UCNUSDT,UCN-USDT,UCN,USDT,True,1,True,367.11,261619.2,712.6634,366.06,0.0139,367.62,0.0139,42.52535165194641,5.088234,0.01,0.0,0.0,1.0,0.0,0.0005,exchangeInfo.quotePrecision/baseSizePrecision/quoteAmountPrecision,1,False,0.8773109243697479,0.43907563025210083,0.3911764705882353,67.05252100840336
mexc,LMWRUSDT,LMWR-USDT,LMWR,USDT,True,1,True,0.02007,121383.63878,6041960.46,0.02007,90.0,0.02008,60.0,4.981320049812997,1.2048,1e-05,0.0,0.0,1.0,0.0,0.0005,exchangeInfo.quotePrecision/baseSizePrecision/quoteAmountPrecision,1,False,0.7680672268907563,0.9319327731092437,0.07521008403361344,67.04621848739495
mexc,MEWUSDT,MEW-USDT,MEW,USDT,True,1,True,0.0005503,95379.0658048,172914392.92,0.0005498,64273.3,0.0005512,22301.54,25.431425976383753,12.292608847999999,1e-07,0.0,0.0,1.0,0.0,0.0005,exchangeInfo.quotePrecision/baseSizePrecision/quoteAmountPrecision,1,False,0.711764705882353,0.6630252100840336,0.5638655462184874,67.00000000000001
mexc,FORESTUSDT,FOREST-USDT,FOREST,USDT,True,1,True,0.01788,61375.86713,3423805.73,0.01786,10859.19,0.0179,9679.4,22.371364653242935,173.26126,1e-05,0.0,0.0,1.0,0.0,0.0005,exchangeInfo.quotePrecision/baseSizePrecision/quoteAmountPrecision,1,False,0.5739495798319327,0.6915966386554622,0.9033613445378151,66.92436974789916
mexc,WALLETUSDT,WALLET-USDT,WALLET,USDT,True,1,True,0.01141,149912.78416,12631205.49,0.01141,2925.48,0.01147,110654.52,52.447552447551836,33.3797268,1e-05,0.0,0.0,1.0,0.0,0.0005,exchangeInfo.quotePrecision/baseSizePrecision/quoteAmountPrecision,1,False,0.8016806722689076,0.33109243697478996,0.7264705882352941,66.89915966386555
mexc,BANANAUSDT,BANANA-USDT,BANANA,USDT,True,1,True,3.382,145303.11,43616.25,3.38,1.7,3.384,0.39,11.827321111768196,1.31976,0.001,0.0,0.0,1.0,0.0,0.0005,exchangeInfo.quotePrecision/baseSizePrecision/quoteAmountPrecision,1,False,0.7970588235294118,0.8130252100840336,0.1357142857142857,66.87815126050421
mexc,SGBUSDT,SGB-USDT,SGB,USDT,True,1,True,0.0007764,64402.1357902,79827649.04,0.0007761,11256.11,0.0007764,12105.0,3.8647342995163037,8.735866971000002,1e-07,0.0001,0.0001,1.0,0.0,0.0005,exchangeInfo.quotePrecision/baseSizePrecision/quoteAmountPrecision,1,False,0.5995798319327731,0.9466386554621848,0.5054621848739496,66.75210084033614
mexc,NEWTUSDT,NEWT-USDT,NEWT,USDT,True,1,True,0.06445,151840.04472,2367620.58,0.06441,20.37,0.06449,20.36,12.412723041118792,1.3120317,1e-05,0.0,0.0,1.0,0.0,0.0005,exchangeInfo.quotePrecision/baseSizePrecision/quoteAmountPrecision,1,False,0.8033613445378152,0.8042016806722689,0.11974789915966387,66.68487394957984
mexc,FUNUSDT,FUN-USDT,FUN,USDT,True,1,True,0.03258,70601.82987,2119794.7,0.03253,400.0,0.03257,2523.21,12.288786482334368,13.012,1e-05,0.0,0.0,1.0,0.0,0.0005,exchangeInfo.quotePrecision/baseSizePrecision/quoteAmountPrecision,1,False,0.6361344537815126,0.807563025210084,0.5739495798319327,66.65546218487395
mexc,RIONUSDT,RION-USDT,RION,USDT,True,1,True,0.2989,59739.207,199976.72,0.2989,399.7,0.2994,500.0,16.714023065351842,119.47032999999999,0.0001,0.0,0.0,1.0,0.0,0.0005,exchangeInfo.quotePrecision/baseSizePrecision/quoteAmountPrecision,1,False,0.5474789915966387,0.7571428571428571,0.8802521008403361,66.6449579831933
mexc,ATTUSDT,ATT-USDT,ATT,USDT,True,1,True,0.109,250524.1518,2322460.08,0.109,0.02,0.1092,73.56,18.33180568286029,0.00218,0.0001,0.0,0.0,1.0,0.0,0.0005,exchangeInfo.quotePrecision/baseSizePrecision/quoteAmountPrecision,1,False,0.8714285714285714,0.7394957983193278,0.010924369747899159,66.6344537815126
mexc,AUCTIONUSDT,AUCTION-USDT,AUCTION,USDT,True,1,True,4.655,108865.831,23415.94,4.654,0.32,4.657,0.29,6.443990978412874,1.35053,0.001,0.001,0.001,1.0,0.0,0.0005,exchangeInfo.quotePrecision/baseSizePrecision/quoteAmountPrecision,1,False,0.7457983193277311,0.903781512605042,0.15084033613445377,66.63025210084035
mexc,AFCUSDT,AFC-USDT,AFC,USDT,True,1,True,0.5116,152155.6192,297816.79,0.5105,40.48,0.5121,9.43,31.292783101898024,4.829103,0.0001,0.01,0.01,1.0,0.0,0.0005,exchangeInfo.quotePrecision/baseSizePrecision/quoteAmountPrecision,1,False,0.8046218487394958,0.5936974789915966,0.3764705882352941,66.62605042016807
mexc,ACTUSDT,ACT-USDT,ACT,USDT,True,1,True,0.01206,227851.00587,18805699.79,0.01203,174.21,0.01207,6028.18,33.19502074688805,2.0957463,1e-05,0.0,0.0,1.0,0.0,0.0005,exchangeInfo.quotePrecision/baseSizePrecision/quoteAmountPrecision,1,False,0.861764705882353,0.5722689075630252,0.24411764705882352,66.58613445378153
mexc,RONUSDT,RON-USDT,RON,USDT,True,1,True,0.08622,76811.04811,891955.58,0.08609,492.8,0.08635,9279.12,30.15541637671032,42.425152000000004,1e-05,0.0,0.0,1.0,0.0,0.0005,exchangeInfo.quotePrecision/baseSizePrecision/quoteAmountPrecision,1,False,0.6592436974789916,0.607983193277311,0.7554621848739496,66.5672268907563
mexc,AIOTUSDT,AIOT-USDT,AIOT,USDT,True,1,True,0.034915,1099204.003297,30662510.7,0.034692,606.85,0.035017,246.07,93.24477470627866,8.61663319,1e-06,0.0,0.0,1.0,0.0,0.0005,exchangeInfo.quotePrecision/baseSizePrecision/quoteAmountPrecision,1,False,0.9609243697478992,0.14579831932773113,0.5029411764705882,66.5546218487395
mexc,MXSOLUSDT,MXSOL-USDT,MXSOL,USDT,True,1,True,84.68,61598.76,732.958,84.61,9.139,84.72,0.448,12.992381739797962,37.95456,0.01,0.0,0.0,1.0,0.0,0.0005,exchangeInfo.quotePrecision/baseSizePrecision/quoteAmountPrecision,1,False,0.576890756302521,0.7974789915966387,0.742436974789916,66.51470588235296
mexc,PORTOUSDT,PORTO-USDT,PORTO,USDT,True,1,True,0.9922,69631.1055,70555.28,0.992,32.4,0.9942,51.05,22.15285469741194,32.1408,0.0001,0.01,0.01,1.0,0.0,0.0005,exchangeInfo.quotePrecision/baseSizePrecision/quoteAmountPrecision,1,False,0.6302521008403361,0.6970588235294117,0.7180672268907563,66.4516806722689
mexc,BARUSDT,BAR-USDT,BAR,USDT,True,1,True,0.5244,112083.5182,213510.13,0.5241,13.65,0.5247,3.72,11.44164759725486,1.9518840000000004,0.0001,0.01,0.01,1.0,0.0,0.0005,exchangeInfo.quotePrecision/baseSizePrecision/quoteAmountPrecision,1,False,0.7542016806722689,0.8176470588235294,0.22605042016806723,66.44327731092437
mexc,AGROUSDT,AGRO-USDT,AGRO,USDT,True,1,True,0.0001311,81108.2900246,618340665.95,0.0001309,1065940.0,0.0001312,122583.05,22.892025944294556,16.08289616,1e-07,0.0,0.0,1.0,0.0,0.0005,exchangeInfo.quotePrecision/baseSizePrecision/quoteAmountPrecision,1,False,0.6760504201680673,0.6861344537815126,0.6050420168067226,66.43697478991596
mexc,ALPINEUSDT,ALPINE-USDT,ALPINE,USDT,True,1,True,0.4035,125551.3233,308634.7,0.4032,4.02,0.4037,3.54,12.39310943115629,1.429098,0.0001,0.01,0.01,1.0,0.0,0.0005,exchangeInfo.quotePrecision/baseSizePrecision/quoteAmountPrecision,1,False,0.7756302521008404,0.8050420168067227,0.18025210084033613,66.39075630252101
mexc,HTXUSDT,HTX-USDT,HTX,USDT,True,1,True,1.711e-06,500381.411785883,292337983876.0,1.707e-06,2504124.0,1.716e-06,327735757.0,52.58545135845773,4.274539668,1e-09,0.0,0.0,1.0,0.0,0.0005,exchangeInfo.quotePrecision/baseSizePrecision/quoteAmountPrecision,1,False,0.9260504201680673,0.32815126050420174,0.36134453781512604,66.36344537815127
mexc,GXEUSDT,GXE-USDT,GXE,USDT,True,1,True,0.0003303,74572.6735914,225290220.23,0.0003302,140892.97,0.0003312,276736.65,30.238887208949812,46.522858694,1e-07,0.001,0.001,1.0,0.0,0.0005,exchangeInfo.quotePrecision/baseSizePrecision/quoteAmountPrecision,1,False,0.6508403361344538,0.6071428571428572,0.769327731092437,66.36134453781513
mexc,NOTUSDT,NOT-USDT,NOT,USDT,True,1,True,0.000357,112030.1030342,317054023.54,0.000357,3882.21,0.0003573,3857.55,8.399832003360137,1.3783026150000002,1e-07,0.0,0.0,1.0,0.0,0.0005,exchangeInfo.quotePrecision/baseSizePrecision/quoteAmountPrecision,1,False,0.753781512605042,0.8638655462184874,0.16470588235294117,66.34873949579833
mexc,SOLUSD1,SOL-USD1,SOL,USD1,True,1,True,80.38,78713.58,986.34,80.23,0.45,80.48,0.8,31.111940762864787,36.103500000000004,0.01,0.0,0.0,1.0,0.0001,0.0001,exchangeInfo.quotePrecision/baseSizePrecision/quoteAmountPrecision,1,False,0.6680672268907563,0.5945378151260504,0.7357142857142858,66.32142857142857
mexc,HYPEUSDC,HYPE-USDC,HYPE,USDC,True,1,True,35.65,73051.51,2046.14,35.57,2.36,35.69,28.18,33.67948358125104,83.9452,0.01,0.0,0.0,1.0,0.0,0.0,exchangeInfo.quotePrecision/baseSizePrecision/quoteAmountPrecision,1,False,0.6453781512605042,0.5642857142857143,0.8344537815126051,66.2920168067227
mexc,NOBODYUSDT,NOBODY-USDT,NOBODY,USDT,True,1,True,0.0027,63574.665539,21962898.36,0.002696,16518.0,0.002701,16183.99,18.528812303130614,43.712956989999995,1e-06,0.0,0.0,1.0,0.0,0.0005,exchangeInfo.quotePrecision/baseSizePrecision/quoteAmountPrecision,1,False,0.5932773109243697,0.7373949579831933,0.7609243697478991,66.28361344537815
mexc,PLAIUSDT,PLAI-USDT,PLAI,USDT,True,1,True,0.001977,67194.800187,34026685.15,0.001976,10121.45,0.001977,3332.39,5.05944852011198,6.58813503,1e-06,0.0,0.0,1.0,0.0,0.0005,exchangeInfo.quotePrecision/baseSizePrecision/quoteAmountPrecision,1,False,0.6176470588235294,0.9277310924369748,0.45546218487394957,66.27310924369748
mexc,SPCMUSDT,SPCM-USDT,SPCM,USDT,True,1,True,0.0002424,316594.0482961,1289795129.27,0.0002422,213578.39,0.0002438,48205.72,65.84362139917633,11.752554536,1e-07,0.0,0.0,1.0,0.0,0.0005,exchangeInfo.quotePrecision/baseSizePrecision/quoteAmountPrecision,1,False,0.8936974789915967,0.23991596638655466,0.5558823529411765,66.26890756302522
mexc,XPINUSDT,XPIN-USDT,XPIN,USDT,True,1,True,0.0010465,87062.8006664,81557208.59,0.0010439,22508.8,0.0010472,171977.26,31.562335612836634,23.49693632,1e-07,0.0,0.0,1.0,0.0,0.0005,exchangeInfo.quotePrecision/baseSizePrecision/quoteAmountPrecision,1,False,0.6928571428571428,0.5911764705882353,0.66890756302521,66.26470588235294
mexc,XVSUSDT,XVS-USDT,XVS,USDT,True,1,True,2.5961,129266.5696,49729.817,2.5948,0.516,2.5975,0.506,10.400015407429942,1.314335,0.0001,0.001,0.001,1.0,0.0,0.0005,exchangeInfo.quotePrecision/baseSizePrecision/quoteAmountPrecision,1,False,0.7798319327731092,0.8315126050420167,0.12899159663865548,66.25840336134455
mexc,UBUSDT,UB-USDT,UB,USDT,True,1,True,0.02406,137092.53845,6014116.57,0.02404,33477.02,0.02411,171.19,29.075804776739616,4.1273909,1e-05,0.0,0.0,1.0,0.0,0.0005,exchangeInfo.quotePrecision/baseSizePrecision/quoteAmountPrecision,1,False,0.7915966386554621,0.6205882352941177,0.35714285714285715,66.19537815126051
mexc,CHISAIUSDT,CHISAI-USDT,CHISAI,USDT,True,1,True,0.20757,97593.86144,473004.55,0.20715,554.02,0.20815,545.99,48.157958102576494,113.6478185,1e-05,0.0,0.0,1.0,0.0,0.0005,exchangeInfo.quotePrecision/baseSizePrecision/quoteAmountPrecision,1,False,0.7142857142857143,0.37478991596638656,0.8752100840336134,66.15966386554622
mexc,CSPRUSDT,CSPR-USDT,CSPR,USDT,True,1,True,0.002971,74448.184038,25043243.71,0.002971,31590.4,0.002972,1150.0,3.365303718659596,3.4177999999999997,1e-06,0.0001,0.0001,1.0,0.0,0.0005,exchangeInfo.quotePrecision/baseSizePrecision/quoteAmountPrecision,1,False,0.6495798319327731,0.9550420168067227,0.3273109243697479,66.14915966386555
mexc,STOPUSDT,STOP-USDT,STOP,USDT,True,1,True,0.00975,71920.18117,7286001.39,0.00972,50000.0,0.00976,50000.0,41.067761806981636,486.0,1e-05,0.0,0.0,1.0,0.0,0.0005,exchangeInfo.quotePrecision/baseSizePrecision/quoteAmountPrecision,1,False,0.6415966386554622,0.4613445378151261,0.961764705882353,66.05672268907564
mexc,JOEUSDT,JOE-USDT,JOE,USDT,True,1,True,0.03672,67621.48548,1817440.62,0.03667,6190.54,0.0368,35262.57,35.38859398393852,227.00710180000002,1e-05,0.1,0.1,1.0,0.0,0.0005,exchangeInfo.quotePrecision/baseSizePrecision/quoteAmountPrecision,1,False,0.6189075630252101,0.5441176470588236,0.9193277310924369,66.0294117647059
mexc,WODUSDT,WOD-USDT,WOD,USDT,True,1,True,0.01074,58456.92526,5413119.48,0.01074,6014.87,0.01075,8417.17,9.306654257793944,64.5997038,1e-05,0.0,0.0,1.0,0.0,0.0005,exchangeInfo.quotePrecision/baseSizePrecision/quoteAmountPrecision,1,False,0.5222689075630252,0.8487394957983193,0.8021008403361345,65.98529411764706
mexc,KOMUSDT,KOM-USDT,KOM,USDT,True,1,True,0.0001208,117737.337724,957779746.23,0.0001206,36196.37,0.0001209,87168.56,24.844720496893892,4.365282222,1e-07,0.001,0.001,1.0,0.0,0.0005,exchangeInfo.quotePrecision/baseSizePrecision/quoteAmountPrecision,1,False,0.7634453781512605,0.6678571428571429,0.3638655462184874,65.96323529411765
mexc,SCUSDT,SC-USDT,SC,USDT,True,1,True,0.000922,75497.7429013,82180211.83,0.0009208,117068.8,0.0009221,10000.0,14.108199034130742,9.221,1e-07,0.0001,0.0001,1.0,0.0,0.0005,exchangeInfo.quotePrecision/baseSizePrecision/quoteAmountPrecision,1,False,0.6542016806722689,0.7852941176470588,0.5168067226890757,65.94957983193277
mexc,VRUSDT,VR-USDT,VR,USDT,True,1,True,0.001542,341861.312256,220541901.55,0.001531,21572.66,0.001549,16665.37,116.8831168831169,25.814658129999998,1e-06,0.0,0.0,1.0,0.0,0.0005,exchangeInfo.quotePrecision/baseSizePrecision/quoteAmountPrecision,1,False,0.9004201680672269,0.11092436974789921,0.6810924369747899,65.91806722689077
mexc,SAROSUSDT,SAROS-USDT,SAROS,USDT,True,1,True,0.000468,147957.9790469,311374698.26,0.0004676,60642.27,0.000469,7446.67,29.895366218236898,3.49248823,1e-07,0.0,0.0,1.0,0.0,0.0005,exchangeInfo.quotePrecision/baseSizePrecision/quoteAmountPrecision,1,False,0.7991596638655463,0.6105042016806723,0.33277310924369746,65.8718487394958
mexc,OKMUSDT,OKM-USDT,OKM,USDT,True,1,True,7.496e-06,56763.880434609,7587752759.93,7.494e-06,38180051.95,7.5e-06,65373204.89,8.003201280512807,286.1213093133,1e-09,0.0,0.0,1.0,0.0,0.0005,exchangeInfo.quotePrecision/baseSizePrecision/quoteAmountPrecision,1,False,0.4584033613445378,0.8735294117647059,0.9369747899159664,65.78991596638656
mexc,BXNUSDT,BXN-USDT,BXN,USDT,True,1,True,0.000921,65458.579221,71227539.28,0.00092,39643.45,0.000922,69170.36,21.715526601519436,36.471973999999996,1e-06,0.0,0.0,1.0,0.0,0.0005,exchangeInfo.quotePrecision/baseSizePrecision/quoteAmountPrecision,1,False,0.6079831932773109,0.7021008403361344,0.7378151260504202,65.74789915966387
mexc,WCTUSDT,WCT-USDT,WCT,USDT,True,1,True,0.05401,124555.98334,2315796.94,0.05401,24.3,0.05407,27.38,11.10288675055469,1.312443,1e-05,0.0,0.0,1.0,0.0,0.0005,exchangeInfo.quotePrecision/baseSizePrecision/quoteAmountPrecision,1,False,0.7739495798319328,0.8235294117647058,0.1226890756302521,65.609243697479
mexc,GUIUSDT,GUI-USDT,GUI,USDT,True,1,True,4.28e-07,88068.745010848,204338339619.0,4.28e-07,271197332.0,4.3e-07,276643614.0,46.62004662004641,116.072458096,1e-09,0.0,0.0,1.0,0.0,0.0005,exchangeInfo.quotePrecision/baseSizePrecision/quoteAmountPrecision,1,False,0.6953781512605042,0.3920168067226891,0.8777310924369748,65.60084033613445
mexc,SUPRAUSDT,SUPRA-USDT,SUPRA,USDT,True,1,True,0.0004057,100183.0536656,251123404.99,0.0004046,22886.88,0.0004058,98373.29,29.61500493583354,9.260031648000002,1e-07,0.0,0.0,1.0,0.0,0.0005,exchangeInfo.quotePrecision/baseSizePrecision/quoteAmountPrecision,1,False,0.7252100840336134,0.6126050420168068,0.5176470588235295,65.5546218487395
mexc,CITYUSDT,CITY-USDT,CITY,USDT,True,1,True,0.5068,81990.0497,161636.13,0.5067,310.34,0.5068,2.88,1.9733596447950466,1.459584,0.0001,0.01,0.01,1.0,0.0,0.0005,exchangeInfo.quotePrecision/baseSizePrecision/quoteAmountPrecision,1,False,0.6777310924369748,0.9752100840336134,0.18739495798319328,65.40336134453783
mexc,GOMININGUSDT,GOMINING-USDT,GOMINING,USDT,True,1,True,0.3001,187214.8472,618043.55,0.2987,964.68,0.3013,163.61,86.66666666666637,49.29569300000001,0.0001,0.01,0.01,1.0,0.0,0.0005,exchangeInfo.quotePrecision/baseSizePrecision/quoteAmountPrecision,1,False,0.8352941176470589,0.15588235294117647,0.776890756302521,65.37605042016807
mexc,ACXUSDT,ACX-USDT,ACX,USDT,True,1,True,0.04221,127446.85482,3012315.2,0.04218,10304.72,0.04226,42.08,18.948365703457306,1.7783007999999998,1e-05,0.01,0.01,1.0,0.0,0.0005,exchangeInfo.quotePrecision/baseSizePrecision/quoteAmountPrecision,1,False,0.776890756302521,0.7302521008403362,0.21512605042016808,65.28781512605042
mexc,IOTXUSDT,IOTX-USDT,IOTX,USDT,True,1,True,0.004482,103496.854989,22746280.46,0.00448,401.85,0.004485,400.4,11.154489682098523,1.7957940000000001,1e-06,0.001,0.001,1.0,0.0,0.0005,exchangeInfo.quotePrecision/baseSizePrecision/quoteAmountPrecision,1,False,0.7344537815126051,0.8226890756302521,0.21596638655462186,65.28151260504202
mexc,DAGUSDT,DAG-USDT,DAG,USDT,True,1,True,0.008807,89876.584602,10180904.96,0.008776,2381.17,0.008807,3058.95,35.26133196837829,20.897147920000002,1e-06,0.0,0.0,1.0,0.0,0.0005,exchangeInfo.quotePrecision/baseSizePrecision/quoteAmountPrecision,1,False,0.6983193277310924,0.5470588235294118,0.6487394957983194,65.05882352941177
mexc,CRYPGPTUSDT,CRYPGPT-USDT,CRYPGPT,USDT,True,1,True,0.04451,78693.62544,1768259.3,0.04447,1650.98,0.0446,450.05,29.190524306724637,20.07223,1e-05,0.0,0.0,1.0,0.0,0.0005,exchangeInfo.quotePrecision/baseSizePrecision/quoteAmountPrecision,1,False,0.6676470588235294,0.6189075630252101,0.642436974789916,65.04201680672269
mexc,CLANKERUSDT,CLANKER-USDT,CLANKER,USDT,True,1,True,25.01,65699.19,2622.86,24.96,2.0,25.03,2.8,28.005601120224156,49.92,0.01,0.0,0.0,1.0,0.0,0.0005,exchangeInfo.quotePrecision/baseSizePrecision/quoteAmountPrecision,1,False,0.6092436974789915,0.6357142857142857,0.7794117647058824,64.98949579831933
mexc,ACEUSDT,ACE-USDT,ACE,USDT,True,1,True,0.1154,118154.3345,1022635.8,0.1153,17.38,0.1155,14.38,17.331022530329786,1.6608900000000002,0.0001,0.0,0.0,1.0,0.0,0.0005,exchangeInfo.quotePrecision/baseSizePrecision/quoteAmountPrecision,1,False,0.7642857142857142,0.7516806722689076,0.20798319327731093,64.98739495798318
mexc,ZKJUSDT,ZKJ-USDT,ZKJ,USDT,True,1,True,0.01899,70993.51642,3711042.17,0.01899,1316.55,0.01904,1313.1,26.295030239285527,25.0012845,1e-05,0.0,0.0,1.0,0.0,0.0005,exchangeInfo.quotePrecision/baseSizePrecision/quoteAmountPrecision,1,False,0.638235294117647,0.6533613445378151,0.676890756302521,64.9747899159664
mexc,STETHUSDT,STETH-USDT,STETH,USDT,True,1,True,2052.18,59613.4,29.0259,2049.84,0.7783,2056.01,1.2882,30.05467808127463,1595.390472,0.01,1e-05,1e-05,1.0,0.0,0.0005,exchangeInfo.quotePrecision/baseSizePrecision/quoteAmountPrecision,1,False,0.5453781512605042,0.6092436974789917,0.9861344537815127,64.94957983193278
mexc,BOMEUSDT,BOME-USDT,BOME,USDT,True,1,True,0.0003866,79757.4899128,209425392.85,0.0003858,131752.62,0.0003873,2527486.4,38.80481179666233,50.830160796,1e-07,0.0,0.0,1.0,0.0,0.0005,exchangeInfo.quotePrecision/baseSizePrecision/quoteAmountPrecision,1,False,0.6701680672268907,0.49495798319327733,0.7840336134453781,64.9138655462185
mexc,BRISEUSDT,BRISE-USDT,BRISE,USDT,True,1,True,1.606e-08,185017.64285085362,11497493704942.0,1.597e-08,2154038822.0,1.605e-08,560705437.0,49.96876951905145,8.99932226385,1e-11,10000.0,10000.0,1.0,0.0,0.0005,exchangeInfo.quotePrecision/baseSizePrecision/quoteAmountPrecision,1,False,0.8327731092436975,0.3529411764705882,0.5134453781512605,64.89495798319328
mexc,SONICUSDT,SONIC-USDT,SONIC,USDT,True,1,True,0.03693,77852.36136,2099892.21,0.03683,2291.86,0.03698,2191.91,40.644899065166605,81.0568318,1e-05,0.0,0.0,1.0,0.0,0.0005,exchangeInfo.quotePrecision/baseSizePrecision/quoteAmountPrecision,1,False,0.665126050420168,0.4684873949579832,0.8294117647058824,64.88235294117646
mexc,TAUSDT,TA-USDT,TA,USDT,True,1,True,0.04634,66993.57841,1435964.55,0.04633,430.84,0.04642,1748.3,19.407008086253327,19.9608172,1e-05,0.0,0.0,1.0,0.0,0.0005,exchangeInfo.quotePrecision/baseSizePrecision/quoteAmountPrecision,1,False,0.6159663865546219,0.7264705882352941,0.6394957983193277,64.82983193277312
mexc,VENOMUSDT,VENOM-USDT,VENOM,USDT,True,1,True,0.03004,67568.71322,2252341.46,0.03,500.0,0.03005,646.6,16.6527893422153,15.0,1e-05,0.0,0.0,1.0,0.0,0.0005,exchangeInfo.quotePrecision/baseSizePrecision/quoteAmountPrecision,1,False,0.6184873949579832,0.757563025210084,0.5936974789915966,64.8298319327731
mexc,TXUSDT,TX-USDT,TX,USDT,True,1,True,0.01191,73043.47265,5923893.04,0.0119,420.17,0.01191,25841.6,8.39983200335959,5.0000230000000006,1e-05,0.0,0.0,1.0,0.0,0.0005,exchangeInfo.quotePrecision/baseSizePrecision/quoteAmountPrecision,1,False,0.6449579831932774,0.8642857142857143,0.3840336134453782,64.76050420168067
mexc,KEKIUSUSDT,KEKIUS-USDT,KEKIUS,USDT,True,1,True,0.008928,96090.269287,10629000.78,0.008927,451.98,0.008928,118.8,1.1201344161310558,1.0606464,1e-06,0.0,0.0,1.0,0.0,0.0005,exchangeInfo.quotePrecision/baseSizePrecision/quoteAmountPrecision,1,False,0.7126050420168067,0.9873949579831933,0.04285714285714286,64.73529411764706
mexc,MEZOUSDT,MEZO-USDT,MEZO,USDT,True,1,True,0.05288,92116.90518,1716756.27,0.05285,391.0,0.05303,301.63,34.00075557234598,15.9954389,1e-05,0.0,0.0,1.0,0.0,0.0005,exchangeInfo.quotePrecision/baseSizePrecision/quoteAmountPrecision,1,False,0.7029411764705882,0.5605042016806723,0.6025210084033613,64.7247899159664
mexc,METISUSDT,METIS-USDT,METIS,USDT,True,1,True,2.846,123030.645,43406.624,2.843,0.686,2.849,0.723,21.082220660577047,1.950298,0.001,1e-05,1e-05,1.0,0.0,0.0005,exchangeInfo.quotePrecision/baseSizePrecision/quoteAmountPrecision,1,False,0.7718487394957984,0.707563025210084,0.22521008403361345,64.64495798319328
mexc,DMTRUSDT,DMTR-USDT,DMTR,USDT,True,1,True,0.007289,60304.137803,8173036.65,0.00728,65826.67,0.007292,5533.87,16.469942355201564,40.35298004,1e-06,0.0,0.0,1.0,0.0,0.0005,exchangeInfo.quotePrecision/baseSizePrecision/quoteAmountPrecision,1,False,0.5571428571428572,0.7609243697478991,0.7487394957983193,64.64075630252101
mexc,RLSUSDT,RLS-USDT,RLS,USDT,True,1,True,0.00237,127749.190126,44130012.42,0.002363,2847.0,0.002372,6006.0,38.01478352692669,6.727461,1e-06,0.0,0.0,1.0,0.0,0.0005,exchangeInfo.quotePrecision/baseSizePrecision/quoteAmountPrecision,1,False,0.7773109243697479,0.5079831932773109,0.4588235294117647,64.62815126050421
mexc,NUMIUSDT,NUMI-USDT,NUMI,USDT,True,1,True,0.03595,73076.89047,2041221.63,0.03594,58.91,0.03595,3385.31,2.782028098484646,2.1172253999999997,1e-05,0.0,0.0,1.0,0.0,0.0005,exchangeInfo.quotePrecision/baseSizePrecision/quoteAmountPrecision,1,False,0.6457983193277311,0.9672268907563025,0.24579831932773108,64.61554621848741
mexc,ERGUSDT,ERG-USDT,ERG,USDT,True,1,True,0.285,100125.4346,349682.06,0.2842,126.12,0.2855,222.78,45.63805511672698,35.843304,0.0001,0.0,0.0,1.0,0.0,0.0005,exchangeInfo.quotePrecision/baseSizePrecision/quoteAmountPrecision,1,False,0.7243697478991596,0.401890756302521,0.734873949579832,64.58508403361346
mexc,MAGMAUSDT,MAGMA-USDT,MAGMA,USDT,True,1,True,0.11396,148702.82642,1352871.04,0.11362,171.82,0.11424,174.55,54.4193803212495,19.522188399999997,1e-05,0.0,0.0,1.0,0.0,0.0005,exchangeInfo.quotePrecision/baseSizePrecision/quoteAmountPrecision,1,False,0.8,0.3142857142857143,0.6340336134453781,64.53781512605043
mexc,HOLOUSDT,HOLO-USDT,HOLO,USDT,True,1,True,0.05308,61666.53352,1170169.5,0.05307,4455.2,0.05319,886.01,22.58610954263167,47.1268719,1e-05,0.0,0.0,1.0,0.0,0.0005,exchangeInfo.quotePrecision/baseSizePrecision/quoteAmountPrecision,1,False,0.5794117647058824,0.6899159663865546,0.7710084033613446,64.53571428571429
mexc,MXEUR,MX-EUR,MX,EUR,True,1,True,1.5453,129912.03,83988.21,1.5447,1.03,1.5481,242.94,21.98654940507029,1.591041,0.0001,0.0,0.0,1.0,0.0,0.0,exchangeInfo.quotePrecision/baseSizePrecision/quoteAmountPrecision,1,False,0.7819327731092437,0.6987394957983193,0.20252100840336135,64.52521008403362
mexc,UMAUSDT,UMA-USDT,UMA,USDT,True,1,True,0.4066,130514.7418,330959.98,0.4064,4.59,0.4071,3.23,17.209588199140352,1.3149330000000001,0.0001,0.1,0.1,1.0,0.0,0.0005,exchangeInfo.quotePrecision/baseSizePrecision/quoteAmountPrecision,1,False,0.7831932773109244,0.7529411764705882,0.13025210084033614,64.50420168067227
mexc,ILVUSDT,ILV-USDT,ILV,USDT,True,1,True,3.784,164302.454,43300.8231,3.778,281.7008,3.788,0.3622,26.43404705260319,1.3720136,0.001,0.0001,0.0001,1.0,0.0,0.0005,exchangeInfo.quotePrecision/baseSizePrecision/quoteAmountPrecision,1,False,0.8168067226890756,0.6512605042016807,0.16134453781512606,64.4327731092437
mexc,VANKEDISIUSDT,VANKEDISI-USDT,VANKEDISI,USDT,True,1,True,0.00844,133083.78229,15807964.75,0.00845,6641.93,0.00851,31215.73,70.75471698113329,56.1243085,1e-05,0.0,0.0,1.0,0.0,0.0005,exchangeInfo.quotePrecision/baseSizePrecision/quoteAmountPrecision,1,False,0.7857142857142857,0.2147058823529412,0.7924369747899159,64.43067226890757
mexc,LABUSDT,LAB-USDT,LAB,USDT,True,1,True,0.20059,82791.68478,415088.42,0.2,741.07,0.20069,103.3,34.44058998228037,20.731277,1e-05,0.0,0.0,1.0,0.0,0.0005,exchangeInfo.quotePrecision/baseSizePrecision/quoteAmountPrecision,1,False,0.6823529411764706,0.5563025210084034,0.6466386554621849,64.36974789915968
mexc,AGLDUSDT,AGLD-USDT,AGLD,USDT,True,1,True,0.2408,130776.2737,546688.68,0.241,2171.42,0.242,32.69,41.40786749482405,7.9109799999999995,0.0001,0.0001,0.0001,1.0,0.0,0.0005,exchangeInfo.quotePrecision/baseSizePrecision/quoteAmountPrecision,1,False,0.784453781512605,0.4563025210084034,0.48865546218487393,64.32563025210084
mexc,ELSAUSDT,ELSA-USDT,ELSA,USDT,True,1,True,0.05988,66598.17822,1112736.39,0.05985,200.0,0.05994,200.0,15.026296018031521,11.97,1e-05,0.0,0.0,1.0,0.0,0.0005,exchangeInfo.quotePrecision/baseSizePrecision/quoteAmountPrecision,1,False,0.6130252100840337,0.7756302521008404,0.5584033613445378,64.27521008403362
mexc,OGYUSDT,OGY-USDT,OGY,USDT,True,1,True,0.0007308,130195.9349407,178794289.14,0.000728,137362.62,0.0007309,9091.12,39.755980533278716,6.644699608000001,1e-07,0.001,0.001,1.0,0.0,0.0005,exchangeInfo.quotePrecision/baseSizePrecision/quoteAmountPrecision,1,False,0.7827731092436975,0.48235294117647054,0.45714285714285713,64.25420168067227
mexc,ZECUSDC,ZEC-USDC,ZEC,USDC,True,1,True,233.91,57913.54,245.082902,233.81,2.976,234.39,3.9104,24.775736864587106,695.81856,0.01,0.0,0.0,1.0,0.0,0.0,exchangeInfo.quotePrecision/baseSizePrecision/quoteAmountPrecision,1,False,0.5096638655462185,0.6684873949579833,0.9735294117647059,64.21428571428571
mexc,ALUUSDT,ALU-USDT,ALU,USDT,True,1,True,0.004192,93282.113547,22072186.57,0.004189,1827.4,0.004201,13093.51,28.60548271752052,7.654978600000001,1e-06,0.0,0.0,1.0,0.0,0.0005,exchangeInfo.quotePrecision/baseSizePrecision/quoteAmountPrecision,1,False,0.7071428571428572,0.6256302521008403,0.48025210084033615,64.13865546218487
mexc,XYOUSDT,XYO-USDT,XYO,USDT,True,1,True,0.00357,135614.87892,37445508.79,0.00357,95096.55,0.00358,560.22,27.972027972028044,2.0055876,1e-05,0.001,0.001,1.0,0.0,0.0005,exchangeInfo.quotePrecision/baseSizePrecision/quoteAmountPrecision,1,False,0.7899159663865546,0.6365546218487395,0.23739495798319327,64.10714285714285
mexc,MIUUSDT,MIU-USDT,MIU,USDT,True,1,True,3.02e-09,60140.13844912606,19864925530155.68,3.02e-09,141020026085.19,3.03e-09,228996539559.73,33.05785123966999,425.8804787772738,1e-11,0.0,0.0,1.0,0.0,0.0005,exchangeInfo.quotePrecision/baseSizePrecision/quoteAmountPrecision,1,False,0.5558823529411765,0.5743697478991596,0.9575630252100841,64.08403361344538
mexc,AEROUSDT,AERO-USDT,AERO,USDT,True,1,True,0.3134,73043.0869,231903.98,0.3131,2933.3,0.3137,29.95,19.14486279514963,9.395314999999998,0.0001,0.0,0.0,1.0,0.0,0.0005,exchangeInfo.quotePrecision/baseSizePrecision/quoteAmountPrecision,1,False,0.6445378151260505,0.7289915966386555,0.5201680672268908,64.07773109243699
mexc,CGNUSDT,CGN-USDT,CGN,USDT,True,1,True,0.002595,179136.533705,69047404.13,0.002591,505.79,0.002598,40280.61,26.98015031798058,1.31050189,1e-06,0.0,0.0,1.0,0.0,0.0005,exchangeInfo.quotePrecision/baseSizePrecision/quoteAmountPrecision,1,False,0.8277310924369747,0.645798319327731,0.11722689075630252,64.01470588235294
mexc,APRUSDT,APR-USDT,APR,USDT,True,1,True,0.17745,158503.91548,884407.57,0.17741,49.49,0.17828,128.0,48.91900250217784,8.7800209,1e-05,0.0,0.0,1.0,0.0,0.0005,exchangeInfo.quotePrecision/baseSizePrecision/quoteAmountPrecision,1,False,0.8126050420168067,0.3659663865546219,0.507563025210084,63.99369747899159
mexc,TOKENUSDT,TOKEN-USDT,TOKEN,USDT,True,1,True,0.002436,76145.081394,30995260.52,0.002432,4840.8,0.002438,8203.44,24.640657084188618,11.772825600000001,1e-06,0.0001,0.0001,1.0,0.0,0.0005,exchangeInfo.quotePrecision/baseSizePrecision/quoteAmountPrecision,1,False,0.6554621848739496,0.6701680672268908,0.5567226890756303,63.93907563025212
mexc,XCNUSDC,XCN-USDC,XCN,USDC,True,1,True,0.004733,107804.563076,22700532.81,0.004719,21464.7,0.004751,29812.77,67.58183738120361,101.2919193,1e-06,0.0,0.0,1.0,0.0,0.0,exchangeInfo.quotePrecision/baseSizePrecision/quoteAmountPrecision,1,False,0.7432773109243698,0.22899159663865543,0.865546218487395,63.915966386554636
mexc,GRIFFAINUSDT,GRIFFAIN-USDT,GRIFFAIN,USDT,True,1,True,0.011799,107902.715624,8853858.24,0.011794,361.51,0.011827,334.83,27.94123872825032,3.96003441,1e-06,0.0,0.0,1.0,0.0,0.0005,exchangeInfo.quotePrecision/baseSizePrecision/quoteAmountPrecision,1,False,0.7441176470588236,0.6369747899159663,0.35042016806722687,63.859243697478995
mexc,INUSDT,IN-USDT,IN,USDT,True,1,True,0.05591,65100.51617,1171670.52,0.05578,3223.2,0.05597,1412.45,34.00447427292988,79.0548265,1e-05,0.0,0.0,1.0,0.0,0.0005,exchangeInfo.quotePrecision/baseSizePrecision/quoteAmountPrecision,1,False,0.6058823529411764,0.5600840336134454,0.8264705882352941,63.85504201680672
mexc,A8USDT,A8-USDT,A8,USDT,True,1,True,0.00952,70314.033071,7385104.67,0.00952,4725.15,0.009554,5910.54,35.65062388591728,44.983427999999996,1e-06,0.0,0.0,1.0,0.0,0.0005,exchangeInfo.quotePrecision/baseSizePrecision/quoteAmountPrecision,1,False,0.634453781512605,0.5407563025210085,0.7647058823529411,63.707983193277315
mexc,TURTLEUSDT,TURTLE-USDT,TURTLE,USDT,True,1,True,0.04256,66810.67051,1538746.91,0.04252,400.0,0.04261,400.0,21.144132503230303,17.008000000000003,1e-05,0.0,0.0,1.0,0.0,0.0005,exchangeInfo.quotePrecision/baseSizePrecision/quoteAmountPrecision,1,False,0.6142857142857143,0.7071428571428571,0.6121848739495799,63.707983193277315
mexc,ALEUSDT,ALE-USDT,ALE,USDT,True,1,True,0.2616,107781.6598,411865.4,0.2611,7.65,0.2616,769.22,19.13143294432755,1.9974150000000002,0.0001,0.0,0.0,1.0,0.0,0.0005,exchangeInfo.quotePrecision/baseSizePrecision/quoteAmountPrecision,1,False,0.7428571428571429,0.7294117647058824,0.22857142857142856,63.66386554621849
mexc,RECALLUSDT,RECALL-USDT,RECALL,USDT,True,1,True,0.04023,67845.5185,1679650.46,0.04015,801.31,0.04025,497.51,24.875621890547976,20.0247775,1e-05,0.0,0.0,1.0,0.0,0.0005,exchangeInfo.quotePrecision/baseSizePrecision/quoteAmountPrecision,1,False,0.6205882352941177,0.6668067226890757,0.6420168067226891,63.64285714285715
mexc,AKEUSDT,AKE-USDT,AKE,USDT,True,1,True,0.0002522,68766.359905,281590884.68,0.0002517,1000000.0,0.0002527,390000.0,39.65107057890659,98.55300000000001,1e-07,0.0,0.0,1.0,0.0,0.0005,exchangeInfo.quotePrecision/baseSizePrecision/quoteAmountPrecision,1,False,0.6247899159663866,0.48277310924369743,0.8584033613445378,63.60084033613445
mexc,WUSDUSDT,WUSD-USDT,WUSD,USDT,True,1,True,0.9981,56328.8607,56421.57,0.998,38.0,0.9981,3446.41,1.001953809929252,37.924,0.0001,0.0,0.0,1.0,0.0,0.0005,exchangeInfo.quotePrecision/baseSizePrecision/quoteAmountPrecision,1,False,0.4361344537815126,0.9899159663865547,0.7420168067226891,63.575630252100844
mexc,NAORISUSDT,NAORIS-USDT,NAORIS,USDT,True,1,True,0.06175,176269.42318,2867766.88,0.06161,17.85,0.06175,162.0,22.697795071336127,1.0997385,1e-05,0.0,0.0,1.0,0.0,0.0005,exchangeInfo.quotePrecision/baseSizePrecision/quoteAmountPrecision,1,False,0.8252100840336134,0.6882352941176471,0.046638655462184875,63.52521008403361
mexc,LINKEUR,LINK-EUR,LINK,EUR,True,1,True,7.522,95694.847,12695.13,7.511,64.67,7.535,1.03,31.902166688820977,7.76105,0.001,0.0,0.0,1.0,0.0,0.0,exchangeInfo.quotePrecision/baseSizePrecision/quoteAmountPrecision,1,False,0.7121848739495799,0.5873949579831933,0.4823529411764706,63.50210084033614
mexc,FDUSDT,FD-USDT,FD,USDT,True,1,True,0.0164,624421.8927,40235668.08,0.0163,712.45,0.0168,965.09,302.11480362537793,11.612935,0.0001,0.0,0.0,1.0,0.0,0.0005,exchangeInfo.quotePrecision/baseSizePrecision/quoteAmountPrecision,1,False,0.9390756302521008,0.02857142857142858,0.5546218487394958,63.45588235294118
mexc,SNSYUSDT,SNSY-USDT,SNSY,USDT,True,1,True,0.0001847,172856.6039146,931429792.13,0.0001838,499896.46,0.0001849,66877.19,59.669107675617006,12.365592431,1e-07,0.0,0.0,1.0,0.0,0.0005,exchangeInfo.quotePrecision/baseSizePrecision/quoteAmountPrecision,1,False,0.8235294117647058,0.27268907563025213,0.5659663865546218,63.43067226890757
mexc,FIOUSDT,FIO-USDT,FIO,USDT,True,1,True,0.006311,147326.762311,23027792.49,0.006306,125014.4,0.00632,202.32,22.176461270394622,1.2786624,1e-06,0.001,0.001,1.0,0.0,0.0005,exchangeInfo.quotePrecision/baseSizePrecision/quoteAmountPrecision,1,False,0.7987394957983194,0.696218487394958,0.10378151260504202,63.41176470588237
mexc,SVSAUSDT,SVSA-USDT,SVSA,USDT,True,1,True,0.001144,119092.174392,104014180.79,0.001141,9078.73,0.001146,78181.21,43.725404459991374,10.35883093,1e-06,0.0,0.0,1.0,0.0,0.0005,exchangeInfo.quotePrecision/baseSizePrecision/quoteAmountPrecision,1,False,0.7647058823529411,0.4256302521008404,0.5348739495798319,63.39705882352942
mexc,MGOUSDT,MGO-USDT,MGO,USDT,True,1,True,0.01902,107361.37471,5502073.34,0.01901,1924.13,0.01906,168.27,26.26740215392773,3.2072262000000005,1e-05,0.0,0.0,1.0,0.0,0.0005,exchangeInfo.quotePrecision/baseSizePrecision/quoteAmountPrecision,1,False,0.7415966386554622,0.653781512605042,0.3130252100840336,63.39285714285715
mexc,CAUSDT,CA-USDT,CA,USDT,True,1,True,0.24504,77173.16094,312215.85,0.24457,25.23,0.24505,245.32,19.60704219598793,6.1705011,1e-05,0.0,0.0,1.0,0.0,0.0005,exchangeInfo.quotePrecision/baseSizePrecision/quoteAmountPrecision,1,False,0.6617647058823529,0.7243697478991596,0.44285714285714284,63.36344537815126
mexc,MERLUSDT,MERL-USDT,MERL,USDT,True,1,True,0.0216,77277.94677,3503849.55,0.02157,192.71,0.0216,1581.06,13.898540653232452,4.1567547,1e-05,0.0,0.0,1.0,0.0,0.0005,exchangeInfo.quotePrecision/baseSizePrecision/quoteAmountPrecision,1,False,0.6630252100840336,0.7886554621848739,0.3584033613445378,63.35084033613445
mexc,DTECUSDT,DTEC-USDT,DTEC,USDT,True,1,True,0.006426,66883.632486,10360813.62,0.006424,1235.21,0.006433,1710.0,14.000155557284478,7.9349890400000005,1e-06,0.0,0.0,1.0,0.0,0.0005,exchangeInfo.quotePrecision/baseSizePrecision/quoteAmountPrecision,1,False,0.615546218487395,0.7873949579831933,0.4890756302521008,63.32142857142857
mexc,KITEUSDC,KITE-USDC,KITE,USDC,True,1,True,0.13697,62776.93658,464027.8,0.13666,14582.22,0.13723,4669.25,41.62254919858244,640.7611774999999,1e-05,0.0,0.0,1.0,0.0,0.0,exchangeInfo.quotePrecision/baseSizePrecision/quoteAmountPrecision,1,False,0.5890756302521009,0.4521008403361344,0.9718487394957983,63.13865546218488
mexc,RADUSDT,RAD-USDT,RAD,USDT,True,1,True,0.2151,97992.7282,451817.36,0.2148,83.12,0.2151,7.35,13.956734124215979,1.580985,0.0001,0.001,0.001,1.0,0.0,0.0005,exchangeInfo.quotePrecision/baseSizePrecision/quoteAmountPrecision,1,False,0.7163865546218487,0.788235294117647,0.2008403361344538,63.12394957983194
mexc,OMIUSDT,OMI-USDT,OMI,USDT,True,1,True,0.0001201,62046.5341241,514139441.02,0.0001201,171899.52,0.0001203,137615.13,16.638935108152356,16.555100139,1e-07,0.0,0.0,1.0,0.0,0.0005,exchangeInfo.quotePrecision/baseSizePrecision/quoteAmountPrecision,1,False,0.5819327731092437,0.7579831932773109,0.6079831932773109,63.115546218487395
mexc,BFTUSDT,BFT-USDT,BFT,USDT,True,1,True,0.01988,59040.087128,2978668.47,0.01983,127524.73,0.0199,143718.6,35.23785552479266,2528.8153959,1e-06,0.01,0.01,1.0,0.0,0.0005,exchangeInfo.quotePrecision/baseSizePrecision/quoteAmountPrecision,1,False,0.5365546218487395,0.5474789915966387,0.9894957983193278,62.9873949579832
mexc,MAVIAUSDT,MAVIA-USDT,MAVIA,USDT,True,1,True,0.02786,71307.54629,2553994.65,0.0278,6040.13,0.02793,21677.33,46.65350798492791,167.915614,1e-05,0.0,0.0,1.0,0.0,0.0005,exchangeInfo.quotePrecision/baseSizePrecision/quoteAmountPrecision,1,False,0.6394957983193277,0.39159663865546224,0.9008403361344538,62.978991596638664
mexc,DOP2USDT,DOP2-USDT,DOP2,USDT,True,1,True,0.00345,112486.348758,32541066.6,0.003445,18562.37,0.003459,2259.71,40.55619930474997,7.81633689,1e-06,0.0,0.0,1.0,0.0,0.0005,exchangeInfo.quotePrecision/baseSizePrecision/quoteAmountPrecision,1,False,0.7550420168067227,0.47016806722689075,0.48487394957983193,62.97899159663866
mexc,RLCUSDT,RLC-USDT,RLC,USDT,True,1,True,0.4213,101023.4973,233040.16,0.421,3.12,0.4215,3.47,11.869436201780426,1.31352,0.0001,0.0,0.0,1.0,0.0,0.0005,exchangeInfo.quotePrecision/baseSizePrecision/quoteAmountPrecision,1,False,0.7294117647058823,0.8117647058823529,0.12815126050420167,62.97478991596639
mexc,PEPEUSDE,PEPE-USDE,PEPE,USDE,True,1,True,3.421e-06,276402.115105253,80274488592.0,3.412e-06,1861295.0,3.426e-06,385937.0,40.947645510382515,1.322220162,1e-09,0.0,0.0,1.0,0.0,0.0,exchangeInfo.quotePrecision/baseSizePrecision/quoteAmountPrecision,1,False,0.8840336134453781,0.46302521008403363,0.1369747899159664,62.936974789915965
mexc,ELONUSDT,ELON-USDT,ELON,USDT,True,1,True,3.741e-08,85406.22178978912,2289963131392.0,3.736e-08,243189347.0,3.748e-08,2872139606.0,32.068412613576626,9.08555400392,1e-11,0.001,0.001,1.0,0.0,0.0005,exchangeInfo.quotePrecision/baseSizePrecision/quoteAmountPrecision,1,False,0.6890756302521008,0.5861344537815126,0.5155462184873949,62.86344537815126
mexc,INJUSDC,INJ-USDC,INJ,USDC,True,1,True,2.795,87024.949,31088.41,2.787,4.4,2.797,10.33,35.81661891117562,12.2628,0.001,0.0,0.0,1.0,0.0,0.0,exchangeInfo.quotePrecision/baseSizePrecision/quoteAmountPrecision,1,False,0.692436974789916,0.5394957983193278,0.5630252100840336,62.83193277310926
mexc,BASEDUSDT,BASED-USDT,BASED,USDT,True,1,True,0.07364,222775.46454,2771163.67,0.07359,51.27,0.07396,9378.44,50.152490681124405,3.7729593000000006,1e-05,0.0,0.0,1.0,0.0,0.0005,exchangeInfo.quotePrecision/baseSizePrecision/quoteAmountPrecision,1,False,0.857563025210084,0.35042016806722687,0.3449579831932773,62.82563025210085
mexc,AWEUSDT,AWE-USDT,AWE,USDT,True,1,True,0.04881,79817.35736,1629470.18,0.04879,96.02,0.04888,96.01,18.42940513975628,4.6848158,1e-05,0.0,0.0,1.0,0.0,0.0005,exchangeInfo.quotePrecision/baseSizePrecision/quoteAmountPrecision,1,False,0.6710084033613445,0.7382352941176471,0.3726890756302521,62.81512605042017
mexc,JCTUSDT,JCT-USDT,JCT,USDT,True,1,True,0.002433,92956.062331,39869181.47,0.002419,16836.0,0.002431,48879.91,49.48453608247364,40.726284,1e-06,0.0,0.0,1.0,0.0,0.0005,exchangeInfo.quotePrecision/baseSizePrecision/quoteAmountPrecision,1,False,0.7058823529411765,0.35882352941176465,0.7508403361344538,62.81092436974791
mexc,RKLBONUSDT,RKLBON-USDT,RKLBON,USDT,True,1,True,67.44,57142.97,847.43,67.38,3.07,67.51,4.81,19.274964786123462,206.8566,0.01,0.0,0.0,1.0,0.0,0.0005,exchangeInfo.quotePrecision/baseSizePrecision/quoteAmountPrecision,1,False,0.4785714285714286,0.727310924369748,0.9126050420168067,62.75630252100841
mexc,TICSUSDT,TICS-USDT,TICS,USDT,True,1,True,0.01357,128150.31941,9380829.82,0.01351,5046.69,0.0136,2064.0,66.39616377720384,28.0704,1e-05,0.0,0.0,1.0,0.0,0.0005,exchangeInfo.quotePrecision/baseSizePrecision/quoteAmountPrecision,1,False,0.7781512605042017,0.23697478991596643,0.696218487394958,62.64705882352942
mexc,BASUSDT,BAS-USDT,BAS,USDT,True,1,True,0.004935,175955.34213,32865236.93,0.004922,11007.92,0.004994,9199.23,145.21984671238403,45.94095462,1e-06,0.0,0.0,1.0,0.0,0.0005,exchangeInfo.quotePrecision/baseSizePrecision/quoteAmountPrecision,1,False,0.8247899159663865,0.07563025210084029,0.7676470588235295,62.60714285714286
mexc,INXUSDT,INX-USDT,INX,USDT,True,1,True,0.01205,85252.20768,7088867.1,0.01204,47922.89,0.01206,225.44,16.597510373443306,2.7188064,1e-05,0.0,0.0,1.0,0.0,0.0005,exchangeInfo.quotePrecision/baseSizePrecision/quoteAmountPrecision,1,False,0.6882352941176471,0.759453781512605,0.2861344537815126,62.561974789915965
mexc,XECUSDT,XEC-USDT,XEC,USDT,True,1,True,6.769e-06,96354.163747835,14319908781.66,6.76e-06,137551870.18,6.781e-06,811089.8,31.01691160180239,5.4999999338,1e-09,0.001,0.001,1.0,0.0,0.0005,exchangeInfo.quotePrecision/baseSizePrecision/quoteAmountPrecision,1,False,0.7130252100840336,0.5957983193277311,0.419327731092437,62.49789915966387
mexc,GMXUSDT,GMX-USDT,GMX,USDT,True,1,True,5.974,115139.192,18801.66,5.968,43.41,5.982,0.24,23.430962343096628,1.43568,0.001,1e-05,1e-05,1.0,0.0,0.0005,exchangeInfo.quotePrecision/baseSizePrecision/quoteAmountPrecision,1,False,0.7600840336134453,0.680672268907563,0.1810924369747899,62.44327731092439
mexc,DSYNCUSDT,DSYNC-USDT,DSYNC,USDT,True,1,True,0.01415,60086.63152,4230261.37,0.01413,2135.79,0.01416,3142.36,21.20890774125169,30.1787127,1e-05,0.0,0.0,1.0,0.0,0.0005,exchangeInfo.quotePrecision/baseSizePrecision/quoteAmountPrecision,1,False,0.5554621848739496,0.7067226890756302,0.7088235294117647,62.39495798319328
mexc,XANUSDT,XAN-USDT,XAN,USDT,True,1,True,0.007254,87305.909872,11862829.68,0.007238,1734.61,0.007263,1268.64,34.480380663403515,9.214132320000001,1e-06,0.0,0.0,1.0,0.0,0.0005,exchangeInfo.quotePrecision/baseSizePrecision/quoteAmountPrecision,1,False,0.6932773109243697,0.5558823529411765,0.5163865546218488,62.35504201680673
mexc,AKITAUSDT,AKITA-USDT,AKITA,USDT,True,1,True,0.01583,143455.08792,9457282.38,0.01574,776.01,0.01583,1475.46,57.01615457713006,12.214397400000001,1e-05,0.0,0.0,1.0,0.0,0.0005,exchangeInfo.quotePrecision/baseSizePrecision/quoteAmountPrecision,1,False,0.795798319327731,0.29117647058823526,0.5626050420168067,62.30042016806723
mexc,AIXBTUSDC,AIXBT-USDC,AIXBT,USDC,True,1,True,0.02306,83235.02818,3763741.15,0.02303,176.87,0.02308,177.24,21.687269572761412,4.0733160999999996,1e-05,0.0,0.0,1.0,0.0,0.0,exchangeInfo.quotePrecision/baseSizePrecision/quoteAmountPrecision,1,False,0.6836134453781513,0.7029411764705882,0.3554621848739496,62.281512605042025
mexc,VETUSDC,VET-USDC,VET,USDC,True,1,True,0.007004,58601.178577,8447112.24,0.006979,272568.08,0.007003,83120.0,34.32985266771523,582.0893599999999,1e-06,0.0,0.0,1.0,0.0,0.0,exchangeInfo.quotePrecision/baseSizePrecision/quoteAmountPrecision,1,False,0.5260504201680672,0.5579831932773109,0.9684873949579832,62.25210084033614
mexc,DEODUSDT,DEOD-USDT,DEOD,USDT,True,1,True,0.006658,128537.320969,19050180.07,0.006649,1236.27,0.006681,8414.9,48.01200300075005,8.21995923,1e-06,0.0,0.0,1.0,0.0,0.0005,exchangeInfo.quotePrecision/baseSizePrecision/quoteAmountPrecision,1,False,0.7789915966386555,0.3773109243697479,0.49369747899159666,62.15126050420169
mexc,PROMUSDT,PROM-USDT,PROM,USDT,True,1,True,1.0396,57822.1269,56498.51,1.0378,1384.44,1.0411,692.78,31.747558805135974,721.253258,0.0001,0.0,0.0,1.0,0.0,0.0005,exchangeInfo.quotePrecision/baseSizePrecision/quoteAmountPrecision,1,False,0.5067226890756302,0.5890756302521009,0.9747899159663865,62.09243697478991
mexc,BINDERUSDT,BINDER-USDT,BINDER,USDT,True,1,True,0.000909,78918.363852,85255134.11,0.000909,2200.22,0.00091,20400.05,10.995052226498343,1.9999999799999997,1e-06,0.0,0.0,1.0,0.0,0.0005,exchangeInfo.quotePrecision/baseSizePrecision/quoteAmountPrecision,1,False,0.66890756302521,0.8252100840336134,0.23277310924369748,62.075630252100844
mexc,ELIZAOSUSDT,ELIZAOS-USDT,ELIZAOS,USDT,True,1,True,0.0006794,108712.6774965,160006721.6,0.0006787,83982.41,0.0006816,12818.0,42.63765345879609,8.736748799999999,1e-07,0.0,0.0,1.0,0.0,0.0005,exchangeInfo.quotePrecision/baseSizePrecision/quoteAmountPrecision,1,False,0.7453781512605042,0.4373949579831933,0.5058823529411764,62.04831932773111
mexc,AGTUSDT,AGT-USDT,AGT,USDT,True,1,True,0.006097,83724.156088,13781864.89,0.006067,4596.12,0.006072,217.39,8.237910865804096,1.31999208,1e-06,0.0,0.0,1.0,0.0,0.0005,exchangeInfo.quotePrecision/baseSizePrecision/quoteAmountPrecision,1,False,0.6848739495798319,0.865546218487395,0.1361344537815126,62.02941176470589
mexc,SOLUUSDT,SOLU-USDT,SOLU,USDT,True,1,True,0.043988,590872.237929,8148274.31,0.043097,213.13,0.043992,156.82,205.53686458680198,6.89882544,1e-06,0.0,0.0,1.0,0.0,0.0005,exchangeInfo.quotePrecision/baseSizePrecision/quoteAmountPrecision,1,False,0.9365546218487395,0.0478991596638656,0.4634453781512605,61.976890756302524
mexc,DGMAUSDT,DGMA-USDT,DGMA,USDT,True,1,True,0.04577,78282.09124,1723069.47,0.04575,4220.6,0.0458,43.67,10.922992900054929,2.000086,1e-05,0.0,0.0,1.0,0.0,0.0005,exchangeInfo.quotePrecision/baseSizePrecision/quoteAmountPrecision,1,False,0.6659663865546218,0.8260504201680672,0.23445378151260504,61.96848739495798
mexc,ULTIMAUSDC,ULTIMA-USDC,ULTIMA,USDC,True,1,True,3204.98,192605.23,57.4101,3172.91,0.0544,3216.29,0.0084,135.79164840668662,27.016835999999998,0.01,0.0,0.0,1.0,0.0,0.0,exchangeInfo.quotePrecision/baseSizePrecision/quoteAmountPrecision,1,False,0.8369747899159664,0.08529411764705885,0.6899159663865546,61.964285714285715
mexc,QNTUSDC,QNT-USDC,QNT,USDC,True,1,True,76.58,60479.75,796.09,76.3,7.24,76.61,16.8,40.54672683277775,552.412,0.01,0.0,0.0,1.0,0.0,0.0,exchangeInfo.quotePrecision/baseSizePrecision/quoteAmountPrecision,1,False,0.5605042016806723,0.47100840336134453,0.9676470588235294,61.95588235294118
mexc,TSLAXUSDT,TSLAX-USDT,TSLAX,USDT,True,1,True,362.1,76939.23,212.545,360.82,0.051,362.16,0.155,37.06879858364081,18.401819999999997,0.01,0.0,0.0,1.0,0.0,0.0005,exchangeInfo.quotePrecision/baseSizePrecision/quoteAmountPrecision,1,False,0.6605042016806723,0.5222689075630251,0.6260504201680672,61.90546218487395
mexc,BKNUSDT,BKN-USDT,BKN,USDT,True,1,True,0.09594,208365.33528,2560511.5,0.09582,67.01,0.09645,180.87,65.53284443750888,6.420898200000001,1e-05,0.0,0.0,1.0,0.0,0.0005,exchangeInfo.quotePrecision/baseSizePrecision/quoteAmountPrecision,1,False,0.8508403361344538,0.24159663865546221,0.45,61.83613445378151
mexc,BICOUSDT,BICO-USDT,BICO,USDT,True,1,True,0.02286,195680.16648,8422691.59,0.02282,61.28,0.02291,226913.3,39.361469494861055,1.3984096,1e-05,0.1,0.1,1.0,0.0,0.0005,exchangeInfo.quotePrecision/baseSizePrecision/quoteAmountPrecision,1,False,0.8394957983193277,0.4873949579831933,0.17352941176470588,61.82773109243698
mexc,ICNTUSDT,ICNT-USDT,ICNT,USDT,True,1,True,0.35128,107650.64533,291848.68,0.35088,109.0,0.35253,35.0,46.91431739668144,12.33855,1e-05,0.0,0.0,1.0,0.0,0.0005,exchangeInfo.quotePrecision/baseSizePrecision/quoteAmountPrecision,1,False,0.7420168067226891,0.388235294117647,0.5647058823529412,61.8109243697479
mexc,ESUSDT,ES-USDT,ES,USDT,True,1,True,0.14237,144601.19225,1036349.58,0.14218,36.2,0.14283,112.24,45.612434651416564,5.146916,1e-05,0.0,0.0,1.0,0.0,0.0005,exchangeInfo.quotePrecision/baseSizePrecision/quoteAmountPrecision,1,False,0.7966386554621848,0.40252100840336136,0.3945378151260504,61.76890756302521
mexc,HIPPOUSDT,HIPPO-USDT,HIPPO,USDT,True,1,True,0.000363,111092.119026,284719596.67,0.000363,196041.61,0.000366,249481.95,82.30452674897171,71.16310442999999,1e-06,0.0,0.0,1.0,0.0,0.0005,exchangeInfo.quotePrecision/baseSizePrecision/quoteAmountPrecision,1,False,0.7512605042016807,0.16596638655462181,0.811344537815126,61.69537815126051
mexc,PEUSDT,PE-USDT,PE,USDT,True,1,True,7.4053,1487068.7684,112822.75,7.4166,3.47,7.7797,0.66,477.87948382172,5.134602,0.0001,0.0,0.0,1.0,0.0,0.0005,exchangeInfo.quotePrecision/baseSizePrecision/quoteAmountPrecision,1,False,0.969327731092437,0.020168067226890796,0.3936974789915966,61.69117647058824
mexc,SYSUSDT,SYS-USDT,SYS,USDT,True,1,True,0.010334,76909.823965,7384919.7,0.010329,24097.75,0.010337,135.19,7.742185231782698,1.39745903,1e-06,0.01,0.01,1.0,0.0,0.0005,exchangeInfo.quotePrecision/baseSizePrecision/quoteAmountPrecision,1,False,0.6600840336134454,0.8773109243697479,0.1726890756302521,61.69117647058824
mexc,BIGTIMEUSDT,BIGTIME-USDT,BIGTIME,USDT,True,1,True,0.01221,106390.60379,8696770.04,0.01219,76264.0,0.01221,102.0,16.393442622951575,1.24542,1e-05,0.0,0.0,1.0,0.0,0.0005,exchangeInfo.quotePrecision/baseSizePrecision/quoteAmountPrecision,1,False,0.7394957983193278,0.7630252100840336,0.09159663865546218,61.57983193277312
mexc,DEVVEUSDT,DEVVE-USDT,DEVVE,USDT,True,1,True,0.03098,76645.47319,2692857.51,0.03097,78.07,0.03101,340.31,12.907389480477049,2.4178279,1e-05,0.0,0.0,1.0,0.0,0.0005,exchangeInfo.quotePrecision/baseSizePrecision/quoteAmountPrecision,1,False,0.6571428571428571,0.7995798319327732,0.27058823529411763,61.54411764705882
mexc,HANAUSDT,HANA-USDT,HANA,USDT,True,1,True,0.040614,80457.998375,1968745.64,0.040551,714.4,0.04073,6939.15,44.04473370160445,28.969634399999997,1e-06,0.0,0.0,1.0,0.0,0.0005,exchangeInfo.quotePrecision/baseSizePrecision/quoteAmountPrecision,1,False,0.6726890756302522,0.4214285714285714,0.6995798319327731,61.525210084033624
mexc,BELUSDT,BEL-USDT,BEL,USDT,True,1,True,0.09859,135849.25727,1375847.97,0.09848,12.19,0.09873,5419.68,25.35368389026928,1.2004712,1e-05,0.0001,0.0001,1.0,0.0,0.0005,exchangeInfo.quotePrecision/baseSizePrecision/quoteAmountPrecision,1,False,0.7903361344537815,0.6634453781512605,0.07184873949579831,61.491596638655466
mexc,EATUSDT,EAT-USDT,EAT,USDT,True,1,True,0.02467,67103.08324,2718449.91,0.02461,3142.4,0.0247,1282.21,36.50375177448785,31.670587,1e-05,0.0,0.0,1.0,0.0,0.0005,exchangeInfo.quotePrecision/baseSizePrecision/quoteAmountPrecision,1,False,0.6168067226890757,0.5310924369747899,0.7142857142857143,61.4873949579832
mexc,KISHUUSDT,KISHU-USDT,KISHU,USDT,True,1,True,3.031e-11,61393.20911083184,2120315330915645.0,3.028e-11,208626146716.0,3.031e-11,1631582988058.0,9.902624195413544,6.3171997225604795,1e-14,100.0,100.0,1.0,0.0,0.0005,exchangeInfo.quotePrecision/baseSizePrecision/quoteAmountPrecision,1,False,0.5743697478991596,0.8399159663865546,0.4441176470588235,61.47058823529412
mexc,PENGUUSDC,PENGU-USDC,PENGU,USDC,True,1,True,0.006279,57551.765333,9069612.14,0.006274,705521.6,0.006295,885321.52,33.41554618505877,4426.4425184,1e-06,0.0,0.0,1.0,0.0,0.0,exchangeInfo.quotePrecision/baseSizePrecision/quoteAmountPrecision,1,False,0.4970588235294118,0.5705882352941176,0.9932773109243698,61.46848739495798
mexc,WETUSDT,WET-USDT,WET,USDT,True,1,True,0.10576,67055.16884,645364.22,0.10588,182.25,0.10621,4714.09,31.11886463293856,19.29663,1e-05,0.0,0.0,1.0,0.0,0.0005,exchangeInfo.quotePrecision/baseSizePrecision/quoteAmountPrecision,1,False,0.6163865546218488,0.5941176470588235,0.6323529411764706,61.40126050420168
mexc,FUSDT,F-USDT,F,USDT,True,1,True,0.004908,68244.178704,13877454.85,0.004898,45040.0,0.004912,2638.65,28.542303771661825,12.9610488,1e-06,0.0,0.0,1.0,0.0,0.0005,exchangeInfo.quotePrecision/baseSizePrecision/quoteAmountPrecision,1,False,0.6214285714285714,0.6264705882352941,0.5726890756302521,61.29411764705882
mexc,GOLD(PAXG)USDC,GOLD(PAXG)-USDC,GOLD(PAXG),USDC,True,1,True,4643.82,57392.06,12.32901,4643.73,0.6785,4653.68,0.01865,21.403810308463818,86.791132,0.01,1e-06,1e-06,1.0,0.0,0.0,exchangeInfo.quotePrecision/baseSizePrecision/quoteAmountPrecision,1,False,0.48739495798319327,0.7058823529411764,0.838655462184874,61.226890756302524
mexc,OCTAUSDT,OCTA-USDT,OCTA,USDT,True,1,True,0.11628,138505.73301,1187903.66,0.11605,43.38,0.11659,742.84,46.42365887207693,5.034249,1e-05,0.0,0.0,1.0,0.0,0.0005,exchangeInfo.quotePrecision/baseSizePrecision/quoteAmountPrecision,1,False,0.7924369747899159,0.39537815126050424,0.3878151260504202,61.22478991596639
mexc,HNTUSDT,HNT-USDT,HNT,USDT,True,1,True,1.0218,122775.4664,117052.23,1.0196,1.3,1.0224,1.34,27.424094025464388,1.3254800000000002,0.0001,0.0,0.0,1.0,0.0,0.0005,exchangeInfo.quotePrecision/baseSizePrecision/quoteAmountPrecision,1,False,0.7705882352941177,0.6399159663865546,0.13907563025210085,61.16176470588236
mexc,CTPUSDT,CTP-USDT,CTP,USDT,True,1,True,0.0009231,55704.984938,60561590.95,0.0009231,106140.56,0.0009232,32721.71,1.0832475762329874,30.208682672,1e-07,0.0,0.0,1.0,0.0,0.0005,exchangeInfo.quotePrecision/baseSizePrecision/quoteAmountPrecision,1,False,0.4046218487394958,0.9882352941176471,0.7092436974789916,61.14495798319328
mexc,LUNCUSDC,LUNC-USDC,LUNC,USDC,True,1,True,3.683e-05,92956.31056268,2535533952.87,3.677e-05,159508.0,3.69e-05,1763320.83,35.292520700420916,5.86510916,1e-08,0.001,0.001,1.0,0.0,0.0,exchangeInfo.quotePrecision/baseSizePrecision/quoteAmountPrecision,1,False,0.7063025210084034,0.5466386554621849,0.43025210084033616,61.11764705882354
mexc,WEMIXUSDT,WEMIX-USDT,WEMIX,USDT,True,1,True,0.2468,90428.6919,361104.63,0.2465,21.6,0.2473,79.37,32.40178209801519,5.324400000000001,0.0001,0.0001,0.0001,1.0,0.0,0.0005,exchangeInfo.quotePrecision/baseSizePrecision/quoteAmountPrecision,1,False,0.6995798319327731,0.5823529411764705,0.40252100840336136,61.08613445378152
mexc,CPOOLUSDT,CPOOL-USDT,CPOOL,USDT,True,1,True,0.02198,70043.39144,3306526.59,0.02191,31140.0,0.02202,5097.18,50.07967220578305,112.23990360000002,1e-05,0.0,0.0,1.0,0.0,0.0005,exchangeInfo.quotePrecision/baseSizePrecision/quoteAmountPrecision,1,False,0.6327731092436975,0.35168067226890753,0.8743697478991597,61.08193277310925
mexc,DIAMUSDT,DIAM-USDT,DIAM,USDT,True,1,True,0.007696,58329.920889,7599914.95,0.007694,9871.19,0.007699,1038.57,6.4964594296105975,7.99595043,1e-06,0.0,0.0,1.0,0.0,0.0005,exchangeInfo.quotePrecision/baseSizePrecision/quoteAmountPrecision,1,False,0.519327731092437,0.9029411764705882,0.4903361344537815,60.94327731092437
mexc,LRCUSDT,LRC-USDT,LRC,USDT,True,1,True,0.01765,59115.80416,3283106.65,0.01765,621.77,0.01766,311.43,5.664117813650294,5.4998537999999995,1e-05,1.0,1.0,1.0,0.0,0.0005,exchangeInfo.quotePrecision/baseSizePrecision/quoteAmountPrecision,1,False,0.5378151260504201,0.9180672268907563,0.41596638655462187,60.85084033613446
mexc,ARKUSDT,ARK-USDT,ARK,USDT,True,1,True,0.1661,87640.3916,532761.38,0.1661,7.9,0.1663,69.6,12.033694344164001,1.31219,0.0001,0.01,0.01,1.0,0.0,0.0005,exchangeInfo.quotePrecision/baseSizePrecision/quoteAmountPrecision,1,False,0.6941176470588235,0.8096638655462185,0.12100840336134454,60.83823529411765
mexc,IONUSDT,ION-USDT,ION,USDT,True,1,True,0.001388,104935.395845,77854301.21,0.001387,281157.8,0.001396,21699.81,64.67840459935401,30.292934760000005,1e-06,0.0,0.0,1.0,0.0,0.0005,exchangeInfo.quotePrecision/baseSizePrecision/quoteAmountPrecision,1,False,0.7361344537815127,0.24537815126050422,0.7096638655462185,60.815126050420176
mexc,OBTUSDT,OBT-USDT,OBT,USDT,True,1,True,0.001058,102315.709393,98970045.49,0.001058,1238.21,0.00106,8071.0,18.885741265345125,1.31002618,1e-06,0.0,0.0,1.0,0.0,0.0005,exchangeInfo.quotePrecision/baseSizePrecision/quoteAmountPrecision,1,False,0.7310924369747899,0.73109243697479,0.11638655462184874,60.815126050420176
mexc,ACUUSDT,ACU-USDT,ACU,USDT,True,1,True,0.08175,80072.26038,968055.2,0.08169,122.3,0.08182,24.44,15.90116812427437,1.9996808000000001,1e-05,0.0,0.0,1.0,0.0,0.0005,exchangeInfo.quotePrecision/baseSizePrecision/quoteAmountPrecision,1,False,0.6718487394957983,0.7680672268907562,0.22983193277310923,60.74999999999999
mexc,C98USDT,C98-USDT,C98,USDT,True,1,True,0.02484,111097.06451,4415054.1,0.02482,2835.12,0.02488,52.77,24.144869215292168,1.3129176,1e-05,0.0001,0.0001,1.0,0.0,0.0005,exchangeInfo.quotePrecision/baseSizePrecision/quoteAmountPrecision,1,False,0.7516806722689076,0.6747899159663866,0.12563025210084033,60.72478991596639
mexc,HONEYUSDT,HONEY-USDT,HONEY,USDT,True,1,True,0.00227,152079.62224,75866974.89,0.00224,13595.74,0.00227,30082.42,133.0376940133041,30.454457599999998,1e-05,0.0,0.0,1.0,0.0,0.0005,exchangeInfo.quotePrecision/baseSizePrecision/quoteAmountPrecision,1,False,0.8042016806722689,0.08865546218487397,0.7109243697478992,60.665966386554636
mexc,RENDERUSDC,RENDER-USDC,RENDER,USDC,True,1,True,1.937,59726.689,31315.46,1.933,435.01,1.941,213.3,41.30098089829637,414.0153,0.001,0.0,0.0,1.0,0.0,0.0,exchangeInfo.quotePrecision/baseSizePrecision/quoteAmountPrecision,1,False,0.5466386554621848,0.45882352941176474,0.9558823529411765,60.653361344537814
mexc,SUKUUSDT,SUKU-USDT,SUKU,USDT,True,1,True,0.00697,98193.05452,14190319.71,0.00694,1369.86,0.00697,1369.86,43.134435657799635,9.5068284,1e-05,0.01,0.01,1.0,0.0,0.0005,exchangeInfo.quotePrecision/baseSizePrecision/quoteAmountPrecision,1,False,0.7168067226890756,0.43109243697478994,0.5218487394957984,60.63865546218488
mexc,BDCAUSDT,BDCA-USDT,BDCA,USDT,True,1,True,0.6935,185403.2441,270238.8,0.6904,9.53,0.6951,32.4,67.84554312522609,6.579511999999999,0.0001,0.0,0.0,1.0,0.0,0.0005,exchangeInfo.quotePrecision/baseSizePrecision/quoteAmountPrecision,1,False,0.8336134453781513,0.22731092436974787,0.4550420168067227,60.63235294117647
mexc,THLUSDT,THL-USDT,THL,USDT,True,1,True,0.0149,104642.1272,6983825.14,0.0148,11271.96,0.015,24175.02,134.22818791946227,166.825008,0.0001,0.0,0.0,1.0,0.0,0.0005,exchangeInfo.quotePrecision/baseSizePrecision/quoteAmountPrecision,1,False,0.7352941176470589,0.08697478991596641,0.9004201680672269,60.62394957983194
mexc,OBOLUSDT,OBOL-USDT,OBOL,USDT,True,1,True,0.01319,57689.99392,4345924.64,0.01319,871.92,0.0132,871.26,7.578628268283132,11.500624799999999,1e-05,0.0,0.0,1.0,0.0,0.0005,exchangeInfo.quotePrecision/baseSizePrecision/quoteAmountPrecision,1,False,0.5004201680672269,0.880672268907563,0.553781512605042,60.615546218487395
mexc,MSFTONUSDT,MSFTON-USDT,MSFTON,USDT,True,1,True,372.24,63952.15,171.725,371.75,0.014,372.25,0.819,13.440860215053764,5.2045,0.01,0.0,0.0,1.0,0.0,0.0005,exchangeInfo.quotePrecision/baseSizePrecision/quoteAmountPrecision,1,False,0.5966386554621849,0.792016806722689,0.3978991596638655,60.5735294117647
mexc,SLEEPLESSAIUSDT,SLEEPLESSAI-USDT,SLEEPLESSAI,USDT,True,1,True,0.01967,64985.31661,3280102.52,0.0196,141105.76,0.01971,213297.68,55.96540320529076,2765.672896,1e-05,0.001,0.001,1.0,0.0,0.0005,exchangeInfo.quotePrecision/baseSizePrecision/quoteAmountPrecision,1,False,0.6042016806722689,0.30000000000000004,0.9907563025210084,60.54621848739497
mexc,ARTXUSDT,ARTX-USDT,ARTX,USDT,True,1,True,0.13602,1585097.01361,12218640.98,0.13509,2084.0,0.13596,8.07,64.19479800774836,1.0971972,1e-05,0.0,0.0,1.0,0.0,0.0005,exchangeInfo.quotePrecision/baseSizePrecision/quoteAmountPrecision,1,False,0.9718487394957983,0.24747899159663866,0.0453781512605042,60.54621848739495
mexc,CXTUSDT,CXT-USDT,CXT,USDT,True,1,True,0.004825,58303.166739,12062990.37,0.004815,26146.33,0.004831,26453.05,33.17437279701512,125.89457895000001,1e-06,0.0,0.0,1.0,0.0,0.0005,exchangeInfo.quotePrecision/baseSizePrecision/quoteAmountPrecision,1,False,0.5184873949579832,0.573109243697479,0.884453781512605,60.53361344537815
mexc,PFEONUSDT,PFEON-USDT,PFEON,USDT,True,1,True,29.28,56945.83,1945.39,29.24,11.44,29.32,8.96,27.32240437158533,262.7072,0.01,0.0,0.0,1.0,0.0,0.0005,exchangeInfo.quotePrecision/baseSizePrecision/quoteAmountPrecision,1,False,0.46974789915966386,0.642016806722689,0.9298319327731093,60.48319327731092
mexc,NOSUSDT,NOS-USDT,NOS,USDT,True,1,True,0.21333,78926.00413,371288.45,0.2132,163.64,0.2136,10.64,18.744142455483196,2.272704,1e-05,0.01,0.01,1.0,0.0,0.0005,exchangeInfo.quotePrecision/baseSizePrecision/quoteAmountPrecision,1,False,0.6693277310924369,0.7331932773109244,0.2605042016806723,60.35294117647059
mexc,WEXOUSDC,WEXO-USDC,WEXO,USDC,True,1,True,0.0216,69177.60748,3131846.05,0.02163,86.08,0.02165,1558.3,9.242144177448791,1.8619104,1e-05,0.0,0.0,1.0,0.0,0.0,exchangeInfo.quotePrecision/baseSizePrecision/quoteAmountPrecision,1,False,0.6273109243697479,0.8504201680672269,0.22100840336134453,60.182773109243705
mexc,NEIROCTOUSDT,NEIROCTO-USDT,NEIROCTO,USDT,True,1,True,5.559e-05,60411.68005636,1084185892.28,5.557e-05,656244.8,5.558e-05,38764.0,1.7993702204231399,2.1545031199999998,1e-08,0.0,0.0,1.0,0.0,0.0005,exchangeInfo.quotePrecision/baseSizePrecision/quoteAmountPrecision,1,False,0.5588235294117647,0.976890756302521,0.25,60.157563025210095
mexc,BATUSDT,BAT-USDT,BAT,USDT,True,1,True,0.09595,114750.78235,1198846.07,0.09588,4172.5,0.09611,12.49,23.959581228188355,1.2004139,1e-05,0.001,0.001,1.0,0.0,0.0005,exchangeInfo.quotePrecision/baseSizePrecision/quoteAmountPrecision,1,False,0.7596638655462185,0.676890756302521,0.07142857142857142,60.13235294117647
mexc,PRLUSDC,PRL-USDC,PRL,USDC,True,1,True,0.1457,72511.8602,492394.81,0.1449,2901.04,0.1459,3691.93,68.77579092159566,420.360696,0.0001,0.0,0.0,1.0,0.0,0.0,exchangeInfo.quotePrecision/baseSizePrecision/quoteAmountPrecision,1,False,0.6428571428571429,0.22394957983193275,0.9567226890756303,60.09033613445379
mexc,FCXONUSDT,FCXON-USDT,FCXON,USDT,True,1,True,61.42,57827.65,941.53,61.32,5.55,61.54,4.39,35.813120625101554,270.1606,0.01,0.0,0.0,1.0,0.0,0.0005,exchangeInfo.quotePrecision/baseSizePrecision/quoteAmountPrecision,1,False,0.5071428571428571,0.5399159663865547,0.9315126050420168,60.02100840336135
mexc,NAKAUSDT,NAKA-USDT,NAKA,USDT,True,1,True,0.05835,84955.02288,1456048.16,0.0582,536.51,0.05843,146.0,39.44096716110795,8.53078,1e-05,0.01,0.01,1.0,0.0,0.0005,exchangeInfo.quotePrecision/baseSizePrecision/quoteAmountPrecision,1,False,0.6878151260504202,0.48613445378151265,0.5016806722689076,60.016806722689076
mexc,OVLUSDT,OVL-USDT,OVL,USDT,True,1,True,0.02244,59637.15974,2642060.99,0.02244,6966.5,0.02245,150.28,4.455335263978433,3.3737860000000004,1e-05,0.0,0.0,1.0,0.0,0.0005,exchangeInfo.quotePrecision/baseSizePrecision/quoteAmountPrecision,1,False,0.545798319327731,0.9403361344537815,0.3239495798319328,60.0063025210084
mexc,NIBIUSDT,NIBI-USDT,NIBI,USDT,True,1,True,0.002987,250907.582557,83439854.31,0.002981,1114.28,0.002996,456.12,50.192404216161364,1.36653552,1e-06,0.0,0.0,1.0,0.0,0.0005,exchangeInfo.quotePrecision/baseSizePrecision/quoteAmountPrecision,1,False,0.8722689075630252,0.3495798319327731,0.1584033613445378,59.88235294117648
mexc,RDDTONUSDT,RDDTON-USDT,RDDTON,USDT,True,1,True,135.65,56385.95,416.061,135.4,2.103,135.72,2.224,23.605783416936646,284.74620000000004,0.01,0.0,0.0,1.0,0.0,0.0005,exchangeInfo.quotePrecision/baseSizePrecision/quoteAmountPrecision,1,False,0.43823529411764706,0.6798319327731093,0.9352941176470588,59.804621848739494
mexc,DOODUSDT,DOOD-USDT,DOOD,USDT,True,1,True,0.002887,65540.017202,22686878.31,0.002883,11979.29,0.002894,9003.72,38.08204950666341,26.056765679999998,1e-06,0.0,0.0,1.0,0.0,0.0005,exchangeInfo.quotePrecision/baseSizePrecision/quoteAmountPrecision,1,False,0.6084033613445378,0.5071428571428571,0.6819327731092437,59.779411764705884
mexc,VINUUSDT,VINU-USDT,VINU,USDT,True,1,True,3.66e-09,74771.44884978438,20356707970831.88,3.659e-09,4649915369.01,3.674e-09,11384696840.71,40.91095049775004,17.01404033520759,1e-12,100000.0,100000.0,1.0,0.0,0.0005,exchangeInfo.quotePrecision/baseSizePrecision/quoteAmountPrecision,1,False,0.6521008403361345,0.4638655462184874,0.6126050420168068,59.71428571428572
mexc,ZRCUSDT,ZRC-USDT,ZRC,USDT,True,1,True,0.001425,77265.44611,53848057.15,0.001423,5233.58,0.001428,25861.02,35.07541213609269,7.44738434,1e-06,0.0,0.0,1.0,0.0,0.0005,exchangeInfo.quotePrecision/baseSizePrecision/quoteAmountPrecision,1,False,0.6626050420168067,0.5478991596638656,0.4752100840336134,59.644957983193294
mexc,MLNUSDT,MLN-USDT,MLN,USDT,True,1,True,3.273,85329.822,26008.97,3.269,4.29,3.276,0.49,21.390374331549804,1.6052399999999998,0.001,0.01,0.01,1.0,0.0,0.0005,exchangeInfo.quotePrecision/baseSizePrecision/quoteAmountPrecision,1,False,0.688655462184874,0.7063025210084033,0.2042016806722689,59.61764705882353
mexc,ORCLONUSDT,ORCLON-USDT,ORCLON,USDT,True,1,True,145.65,57214.45,393.418,145.35,0.507,145.7,1.926,24.050850369351956,73.69245,0.01,0.0,0.0,1.0,0.0,0.0005,exchangeInfo.quotePrecision/baseSizePrecision/quoteAmountPrecision,1,False,0.48025210084033615,0.6752100840336135,0.815546218487395,59.60504201680673
mexc,PMMUSDT,PMM-USDT,PMM,USDT,True,1,True,4.45e-05,1395237.294771,22443029770.77,4.45e-05,58698.2,4.61e-05,343800.09,353.2008830022086,2.6120699,1e-07,0.0,0.0,1.0,0.0,0.0005,exchangeInfo.quotePrecision/baseSizePrecision/quoteAmountPrecision,1,False,0.9684873949579832,0.025630252100840356,0.2810924369747899,59.52941176470588
mexc,PSQONUSDT,PSQON-USDT,PSQON,USDT,True,1,True,32.0,54270.32,1698.25,31.99,65.79,32.0,7.09,3.1254883575563572,226.88,0.01,0.0,0.0,1.0,0.0,0.0005,exchangeInfo.quotePrecision/baseSizePrecision/quoteAmountPrecision,1,False,0.31134453781512605,0.9609243697478992,0.91890756302521,59.52521008403362
mexc,ONUSDT,ON-USDT,ON,USDT,True,1,True,0.06849,100447.96771,1293462.46,0.06843,693.04,0.06893,465.0,72.80139778683757,32.05245,1e-05,0.0,0.0,1.0,0.0,0.0005,exchangeInfo.quotePrecision/baseSizePrecision/quoteAmountPrecision,1,False,0.7285714285714285,0.20462184873949585,0.7163865546218487,59.51470588235295
mexc,FAVEUSDT,FAVE-USDT,FAVE,USDT,True,1,True,0.04001,65378.84069,1586898.05,0.04,850.0,0.04001,31.04,2.499687539056649,1.2419103999999999,1e-05,0.0,0.0,1.0,0.0,0.0005,exchangeInfo.quotePrecision/baseSizePrecision/quoteAmountPrecision,1,False,0.6071428571428571,0.9705882352941176,0.09033613445378151,59.464285714285715
mexc,RATSUSDT,RATS-USDT,RATS,USDT,True,1,True,3.629e-05,65838.69235336,1732009040.11,3.619e-05,3368444.4,3.638e-05,6400000.0,52.363235496762655,121.90400283599999,1e-08,0.0,0.0,1.0,0.0,0.0005,exchangeInfo.quotePrecision/baseSizePrecision/quoteAmountPrecision,1,False,0.6096638655462185,0.33151260504201685,0.8819327731092437,59.45798319327732
mexc,HOTUSDT,HOT-USDT,HOT,USDT,True,1,True,0.0004031,93637.6681801,230922064.93,0.0004028,3257.23,0.0004036,3682.85,19.841269841270325,1.312012244,1e-07,0.0001,0.0001,1.0,0.0,0.0005,exchangeInfo.quotePrecision/baseSizePrecision/quoteAmountPrecision,1,False,0.7084033613445379,0.7222689075630252,0.11932773109243698,59.40546218487395
mexc,GLMRUSDT,GLMR-USDT,GLMR,USDT,True,1,True,0.01044,81471.03213,7806159.05,0.01043,19550.14,0.01045,147.96,19.157088122604584,1.546182,1e-05,0.0001,0.0001,1.0,0.0,0.0005,exchangeInfo.quotePrecision/baseSizePrecision/quoteAmountPrecision,1,False,0.676890756302521,0.7285714285714286,0.19705882352941176,59.38445378151261
mexc,VANRYUSDT,VANRY-USDT,VANRY,USDT,True,1,True,0.00458,636035.04016,134437957.56,0.004571,3241.43,0.004599,239.6,61.068702290074974,1.1019204,1e-06,0.0,0.0,1.0,0.0,0.0005,exchangeInfo.quotePrecision/baseSizePrecision/quoteAmountPrecision,1,False,0.9403361344537815,0.26344537815126046,0.053361344537815124,59.3718487394958
mexc,MASUSDT,MAS-USDT,MAS,USDT,True,1,True,0.00385,60041.12069,15562071.21,0.00385,4774.63,0.00386,7000.07,25.940337224383985,18.3823255,1e-05,0.0,0.0,1.0,0.0,0.0005,exchangeInfo.quotePrecision/baseSizePrecision/quoteAmountPrecision,1,False,0.5533613445378152,0.6558823529411765,0.6256302521008403,59.34453781512607
mexc,XCNUSDT,XCN-USDT,XCN,USDT,True,1,True,0.0047424,66814.4881389,14062251.54,0.0047262,4192.46,0.0047442,60984.8,38.01317790167213,19.814404451999998,1e-07,0.001,0.001,1.0,0.0,0.0005,exchangeInfo.quotePrecision/baseSizePrecision/quoteAmountPrecision,1,False,0.6147058823529412,0.5084033613445378,0.6378151260504201,59.27521008403362
mexc,MONUSDC,MON-USDC,MON,USDC,True,1,True,0.02714,61223.05754,2340969.4,0.02707,2350.4,0.02718,7665.78,40.5529953917047,63.625328,1e-05,0.0,0.0,1.0,0.0,0.0,exchangeInfo.quotePrecision/baseSizePrecision/quoteAmountPrecision,1,False,0.5701680672268907,0.47058823529411764,0.8016806722689076,59.157563025210095
mexc,AINUSDT,AIN-USDT,AIN,USDT,True,1,True,0.05872,69647.004,1214076.95,0.05857,217.0,0.05879,235.5,37.49147920927146,12.70969,1e-05,0.0,0.0,1.0,0.0,0.0005,exchangeInfo.quotePrecision/baseSizePrecision/quoteAmountPrecision,1,False,0.630672268907563,0.51890756302521,0.5701680672268907,59.06302521008404
mexc,IRONUSDT,IRON-USDT,IRON,USDT,True,1,True,0.05574,100202.76198,1790920.12,0.05551,1741.44,0.05605,905.99,96.80889207601395,50.7807395,1e-05,0.0,0.0,1.0,0.0,0.0005,exchangeInfo.quotePrecision/baseSizePrecision/quoteAmountPrecision,1,False,0.7260504201680672,0.138235294117647,0.7836134453781513,59.0609243697479
mexc,SKRUSDT,SKR-USDT,SKR,USDT,True,1,True,0.017665,69073.636635,3887031.77,0.017608,2539.0,0.017693,2539.0,48.157275997848075,44.706711999999996,1e-06,0.0,0.0,1.0,0.0,0.0005,exchangeInfo.quotePrecision/baseSizePrecision/quoteAmountPrecision,1,False,0.6256302521008403,0.37521008403361344,0.7634453781512605,59.05882352941176
mexc,VOOIUSDT,VOOI-USDT,VOOI,USDT,True,1,True,0.007872,56808.360884,7077134.74,0.007871,822.28,0.007872,1646.68,1.270405894684622,6.4721658799999995,1e-06,0.0,0.0,1.0,0.0,0.0005,exchangeInfo.quotePrecision/baseSizePrecision/quoteAmountPrecision,1,False,0.46260504201680674,0.9823529411764705,0.45210084033613446,59.044117647058826
mexc,BANUSDT,BAN-USDT,BAN,USDT,True,1,True,0.0555,121296.34789,2245132.71,0.05525,995.33,0.05574,373.12,88.2962429047657,20.7977088,1e-05,0.0,0.0,1.0,0.0,0.0005,exchangeInfo.quotePrecision/baseSizePrecision/quoteAmountPrecision,1,False,0.7676470588235295,0.15252100840336136,0.6474789915966387,58.98319327731094
mexc,IPEPEUSDT,IPEPE-USDT,IPEPE,USDT,True,1,True,0.0005924,527140.4495013,702212917.98,0.0005922,8116.89,0.0006398,8114.9,772.727272727274,4.806822258,1e-07,0.0,0.0,1.0,0.0,0.0005,exchangeInfo.quotePrecision/baseSizePrecision/quoteAmountPrecision,1,False,0.9298319327731093,0.01092436974789912,0.3760504201680672,58.93487394957984
mexc,OFTUSDT,OFT-USDT,OFT,USDT,True,1,True,0.4117,68729.6829,167471.12,0.4165,0.01,0.4166,174.8,2.400672188213768,0.004165,0.0001,0.0,0.0,1.0,0.0,0.0005,exchangeInfo.quotePrecision/baseSizePrecision/quoteAmountPrecision,1,False,0.6243697478991597,0.9718487394957983,0.013865546218487394,58.91386554621849
mexc,BOBUSDT,BOB-USDT,BOB,USDT,True,1,True,0.005538,60883.628474,11107917.2,0.005534,3072.36,0.00555,5471.21,28.870443883075403,17.00244024,1e-06,0.0,0.0,1.0,0.0,0.0005,exchangeInfo.quotePrecision/baseSizePrecision/quoteAmountPrecision,1,False,0.5642857142857143,0.6226890756302521,0.611764705882353,58.838235294117645
mexc,SWARMSUSDT,SWARMS-USDT,SWARMS,USDT,True,1,True,0.008664,86773.516531,9967153.74,0.008622,6318.84,0.008686,6318.84,73.95424081349645,54.481038479999995,1e-06,0.0,0.0,1.0,0.0,0.0005,exchangeInfo.quotePrecision/baseSizePrecision/quoteAmountPrecision,1,False,0.6920168067226891,0.1987394957983193,0.7903361344537815,58.83613445378151
mexc,SIXUSDT,SIX-USDT,SIX,USDT,True,1,True,0.00863,80959.19045,9557788.92,0.0086,232.55,0.00862,1749.75,23.22880371660765,1.9999300000000002,1e-05,0.0,0.0,1.0,0.0,0.0005,exchangeInfo.quotePrecision/baseSizePrecision/quoteAmountPrecision,1,False,0.6752100840336135,0.6831932773109244,0.23067226890756304,58.82983193277311
mexc,XYMUSDT,XYM-USDT,XYM,USDT,True,1,True,0.002691,62648.116146,22773029.78,0.002688,1438.47,0.002692,41464.4,14.869888475836795,3.8666073599999997,1e-06,0.001,0.001,1.0,0.0,0.0005,exchangeInfo.quotePrecision/baseSizePrecision/quoteAmountPrecision,1,False,0.588655462184874,0.7777310924369748,0.34789915966386553,58.77731092436975
mexc,TNKUSDT,TNK-USDT,TNK,USDT,True,1,True,0.15767,78622.96713,571218.3,0.15718,72.48,0.15769,30.23,32.39432146600251,4.7669687,1e-05,0.0,0.0,1.0,0.0,0.0005,exchangeInfo.quotePrecision/baseSizePrecision/quoteAmountPrecision,1,False,0.6668067226890756,0.5827731092436974,0.37521008403361344,58.74789915966387
mexc,EQIXONUSDT,EQIXON-USDT,EQIXON,USDT,True,1,True,1004.34,55937.26,55.712,1003.09,0.401,1005.19,0.202,20.913418447627052,203.04838000000004,0.01,0.0,0.0,1.0,0.0,0.0005,exchangeInfo.quotePrecision/baseSizePrecision/quoteAmountPrecision,1,False,0.4134453781512605,0.7100840336134453,0.9117647058823529,58.72689075630252
mexc,ACMUSDT,ACM-USDT,ACM,USDT,True,1,True,0.4049,109186.9439,267215.89,0.404,2.99,0.4051,1198.96,27.190705722407362,1.2079600000000001,0.0001,0.1,0.1,1.0,0.0,0.0005,exchangeInfo.quotePrecision/baseSizePrecision/quoteAmountPrecision,1,False,0.7466386554621849,0.6432773109243697,0.0773109243697479,58.69327731092437
mexc,CATONUSDT,CATON-USDT,CATON,USDT,True,1,True,720.47,57061.29,79.311,718.41,0.415,720.91,0.583,34.738626573659786,298.14014999999995,0.01,0.0,0.0,1.0,0.0,0.0005,exchangeInfo.quotePrecision/baseSizePrecision/quoteAmountPrecision,1,False,0.47478991596638653,0.5512605042016807,0.9399159663865546,58.69327731092437
mexc,TCOMUSDT,TCOM-USDT,TCOM,USDT,True,1,True,0.01216,70790.89139,5732895.15,0.01216,13633.3,0.01219,302.52,24.640657084187907,3.6877187999999994,1e-05,0.0,0.0,1.0,0.0,0.0005,exchangeInfo.quotePrecision/baseSizePrecision/quoteAmountPrecision,1,False,0.6369747899159663,0.6705882352941177,0.3420168067226891,58.63865546218487
mexc,ROVRUSDT,ROVR-USDT,ROVR,USDT,True,1,True,0.003046,74062.997676,24373068.31,0.003041,7019.37,0.003055,6859.8,45.93175853018413,20.956689,1e-06,0.0,0.0,1.0,0.0,0.0005,exchangeInfo.quotePrecision/baseSizePrecision/quoteAmountPrecision,1,False,0.6474789915966387,0.39873949579831935,0.6504201680672269,58.58823529411765
mexc,BTTUSDT,BTT-USDT,BTT,USDT,True,1,True,3.133e-07,70447.5486568655,225761149187.75,3.128e-07,16766641.9,3.137e-07,53397650.82,28.731045490822492,5.24460558632,1e-10,0.001,0.001,1.0,0.0,0.0005,exchangeInfo.quotePrecision/baseSizePrecision/quoteAmountPrecision,1,False,0.6357142857142857,0.6235294117647059,0.39873949579831935,58.52731092436974
mexc,PAALUSDT,PAAL-USDT,PAAL,USDT,True,1,True,0.01318,70266.81858,5378974.88,0.01317,910.98,0.01321,431.2,30.32600454890076,5.696152,1e-05,0.0,0.0,1.0,0.0,0.0005,exchangeInfo.quotePrecision/baseSizePrecision/quoteAmountPrecision,1,False,0.6340336134453781,0.6050420168067228,0.4264705882352941,58.52731092436974
mexc,PXPUSDT,PXP-USDT,PXP,USDT,True,1,True,0.01673,56738.5807,3402151.37,0.0167,5511.37,0.01674,4660.13,23.923444976077654,78.0105762,1e-05,0.0,0.0,1.0,0.0,0.0005,exchangeInfo.quotePrecision/baseSizePrecision/quoteAmountPrecision,1,False,0.45588235294117646,0.6773109243697479,0.8239495798319327,58.48529411764706
mexc,BLKONUSDT,BLKON-USDT,BLKON,USDT,True,1,True,970.18,57435.99,59.132,970.14,0.299,973.83,0.348,37.963548820198405,290.07185999999996,0.01,0.0,0.0,1.0,0.0,0.0005,exchangeInfo.quotePrecision/baseSizePrecision/quoteAmountPrecision,1,False,0.4903361344537815,0.5096638655462185,0.9382352941176471,58.47478991596638
mexc,龙虾USDT,龙虾-USDT,龙虾,USDT,True,1,True,0.00688,69733.435536,10017346.84,0.006872,461.68,0.006887,536.73,21.80391016789048,3.17266496,1e-06,0.0,0.0,1.0,0.0,0.0005,exchangeInfo.quotePrecision/baseSizePrecision/quoteAmountPrecision,1,False,0.6315126050420168,0.7012605042016806,0.3096638655462185,58.45798319327732
mexc,PSAIUSDT,PSAI-USDT,PSAI,USDT,True,1,True,0.0002758,4106988.440692,22392606948.88,0.00024,6250.0,0.0002922,36350.41,1961.6685456595262,1.5,1e-07,0.0,0.0,1.0,0.0,0.0005,exchangeInfo.quotePrecision/baseSizePrecision/quoteAmountPrecision,1,False,0.9907563025210084,0.002941176470588225,0.19369747899159664,58.43907563025211
mexc,TACUSDT,TAC-USDT,TAC,USDT,True,1,True,0.003813,60396.81269,15715339.03,0.003805,78740.15,0.003821,20498.41,41.961709939681064,78.32442461000001,1e-06,0.0,0.0,1.0,0.0,0.0005,exchangeInfo.quotePrecision/baseSizePrecision/quoteAmountPrecision,1,False,0.5584033613445378,0.4478991596638655,0.8243697478991596,58.39705882352941
mexc,ARGUSDT,ARG-USDT,ARG,USDT,True,1,True,0.6378,60950.3385,93757.0,0.6364,79.73,0.6386,35.59,34.50980392156831,22.727774,0.0001,0.1,0.1,1.0,0.0,0.0005,exchangeInfo.quotePrecision/baseSizePrecision/quoteAmountPrecision,1,False,0.565546218487395,0.5554621848739496,0.6642857142857143,58.27731092436975
mexc,NSUSDT,NS-USDT,NS,USDT,True,1,True,0.0184,61189.57566,3313158.68,0.01839,390.74,0.01843,380.99,21.727322107549362,7.0216457,1e-05,0.0,0.0,1.0,0.0,0.0005,exchangeInfo.quotePrecision/baseSizePrecision/quoteAmountPrecision,1,False,0.569327731092437,0.7016806722689075,0.4676470588235294,58.207983193277315
mexc,RDNTUSDT,RDNT-USDT,RDNT,USDT,True,1,True,0.002591,74735.575661,28262898.86,0.002587,1234.16,0.002594,2074.0,27.021810461301147,3.19277192,1e-06,0.0,0.0,1.0,0.0,0.0005,exchangeInfo.quotePrecision/baseSizePrecision/quoteAmountPrecision,1,False,0.6512605042016807,0.6445378151260504,0.31218487394957983,58.1764705882353
mexc,GOOGLONUSDT,GOOGLON-USDT,GOOGLON,USDT,True,1,True,295.82,57869.39,195.064,295.7,1.123,296.61,0.146,30.727153011093012,43.30506,0.01,0.0,0.0,1.0,0.0,0.0005,exchangeInfo.quotePrecision/baseSizePrecision/quoteAmountPrecision,1,False,0.5079831932773109,0.6008403361344538,0.7596638655462185,58.153361344537814
mexc,RTFUSDT,RTF-USDT,RTF,USDT,True,1,True,0.00791,65878.52461,8281120.78,0.00787,7237.06,0.00791,24568.49,50.69708491761737,56.955662200000006,1e-05,0.0,0.0,1.0,0.0,0.0005,exchangeInfo.quotePrecision/baseSizePrecision/quoteAmountPrecision,1,False,0.6100840336134454,0.3449579831932773,0.7941176470588235,58.0609243697479
mexc,TRUUUSDT,TRUU-USDT,TRUU,USDT,True,1,True,4.397e-05,64697.46875807,1510952989.31,4.396e-05,115171.4,4.406e-05,114341.16,22.72210861167972,5.0378715096,1e-08,0.0,0.0,1.0,0.0,0.0005,exchangeInfo.quotePrecision/baseSizePrecision/quoteAmountPrecision,1,False,0.6012605042016806,0.6878151260504202,0.38907563025210085,58.04621848739496
mexc,BERAUSDC,BERA-USDC,BERA,USDC,True,1,True,0.4023,61589.4919,150868.42,0.401,4529.18,0.4031,397.76,52.23230941425173,160.337056,0.0001,0.0,0.0,1.0,0.0,0.0,exchangeInfo.quotePrecision/baseSizePrecision/quoteAmountPrecision,1,False,0.5764705882352941,0.3327731092436975,0.8983193277310925,57.991596638655466
mexc,CROSSUSDT,CROSS-USDT,CROSS,USDT,True,1,True,0.0651,63137.52367,967239.64,0.06509,35.0,0.06517,500.0,12.283126055582777,2.2781499999999997,1e-05,0.0,0.0,1.0,0.0,0.0005,exchangeInfo.quotePrecision/baseSizePrecision/quoteAmountPrecision,1,False,0.5915966386554622,0.8084033613445378,0.2609243697478992,57.96638655462185
mexc,BAONUSDT,BAON-USDT,BAON,USDT,True,1,True,207.48,56191.18,270.823,207.37,2.178,207.69,0.195,15.41945742784143,40.49955,0.01,0.0,0.0,1.0,0.0,0.0005,exchangeInfo.quotePrecision/baseSizePrecision/quoteAmountPrecision,1,False,0.42857142857142855,0.773109243697479,0.75,57.899159663865554
mexc,NIGHTUSDC,NIGHT-USDC,NIGHT,USDC,True,1,True,0.04381,63021.81478,1404882.88,0.04375,307.26,0.04388,200.0,29.670204267945934,8.776,1e-05,0.0,0.0,1.0,0.0,0.0,exchangeInfo.quotePrecision/baseSizePrecision/quoteAmountPrecision,1,False,0.5899159663865546,0.6121848739495799,0.5071428571428571,57.892857142857146
mexc,ENAUSDE,ENA-USDE,ENA,USDE,True,1,True,0.0799,121480.52488,1494989.36,0.07961,16.57,0.07991,271.7,37.61283851554598,1.3191377,1e-05,0.0,0.0,1.0,0.0,0.0,exchangeInfo.quotePrecision/baseSizePrecision/quoteAmountPrecision,1,False,0.7689075630252101,0.5155462184873949,0.13445378151260504,57.867647058823536
mexc,WOJAKUSDT,WOJAK-USDT,WOJAK,USDT,True,1,True,1.601e-08,167991.20295064445,10312977639629.0,1.584e-08,566721824.0,1.604e-08,2493765586.0,125.47051442910819,8.976873692160002,1e-11,0.0,0.0,1.0,0.0,0.0005,exchangeInfo.quotePrecision/baseSizePrecision/quoteAmountPrecision,1,False,0.8205882352941176,0.09873949579831931,0.5121848739495798,57.84453781512605
mexc,BEAMUSDT,BEAM-USDT,BEAM,USDT,True,1,True,0.02172,61233.37081,2943420.33,0.02171,162.16,0.02173,102.72,9.20810313075469,2.2321055999999997,1e-05,0.001,0.001,1.0,0.0,0.0005,exchangeInfo.quotePrecision/baseSizePrecision/quoteAmountPrecision,1,False,0.5705882352941176,0.8512605042016806,0.2571428571428571,57.80672268907563
mexc,BDXNUSDT,BDXN-USDT,BDXN,USDT,True,1,True,0.001971,166838.982514,82754413.92,0.001968,48500.6,0.001976,556.68,40.56795131845721,1.0999996799999998,1e-06,0.0,0.0,1.0,0.0,0.0005,exchangeInfo.quotePrecision/baseSizePrecision/quoteAmountPrecision,1,False,0.819327731092437,0.46974789915966386,0.04915966386554622,57.78991596638655
mexc,PYPLONUSDT,PYPLON-USDT,PYPLON,USDT,True,1,True,45.63,57313.27,1260.92,45.55,6.85,45.67,0.87,26.310019732515794,39.7329,0.01,0.0,0.0,1.0,0.0,0.0005,exchangeInfo.quotePrecision/baseSizePrecision/quoteAmountPrecision,1,False,0.4827731092436975,0.6525210084033614,0.746218487394958,57.78991596638655
mexc,GRTUSDC,GRT-USDC,GRT,USDC,True,1,True,0.02394,57135.19588,2375039.53,0.02388,11009.28,0.02397,28102.4,37.617554858935534,262.9016064,1e-05,0.0,0.0,1.0,0.0,0.0,exchangeInfo.quotePrecision/baseSizePrecision/quoteAmountPrecision,1,False,0.4777310924369748,0.515126050420168,0.9302521008403362,57.75840336134455
mexc,XU3O8USDT,XU3O8-USDT,XU3O8,USDT,True,1,True,5.292,74749.88,14131.08,5.291,1.05,5.31,18.35,35.84567493632533,5.55555,0.001,0.0,0.0,1.0,0.0,0.0005,exchangeInfo.quotePrecision/baseSizePrecision/quoteAmountPrecision,1,False,0.6516806722689076,0.5390756302521009,0.4218487394957983,57.75630252100841
mexc,VSNUSDT,VSN-USDT,VSN,USDT,True,1,True,0.05851,57463.51103,978536.34,0.05864,1000.0,0.05865,54.73,1.705175206753016,3.2099145,1e-05,0.0,0.0,1.0,0.0,0.0005,exchangeInfo.quotePrecision/baseSizePrecision/quoteAmountPrecision,1,False,0.49159663865546216,0.9777310924369748,0.3134453781512605,57.74999999999999
mexc,MAONUSDT,MAON-USDT,MAON,USDT,True,1,True,494.85,57316.65,116.122,492.96,0.554,494.85,0.524,38.266468247943294,259.3014,0.01,0.0,0.0,1.0,0.0,0.0005,exchangeInfo.quotePrecision/baseSizePrecision/quoteAmountPrecision,1,False,0.4831932773109244,0.503781512605042,0.9277310924369748,57.72478991596639
mexc,ZNDUSDT,ZND-USDT,ZND,USDT,True,1,True,0.003461,340759.930458,82711113.9,0.003454,21204.87,0.003509,974.72,157.9778830963663,3.42029248,1e-06,0.0,0.0,1.0,0.0,0.0005,exchangeInfo.quotePrecision/baseSizePrecision/quoteAmountPrecision,1,False,0.9,0.06638655462184873,0.3281512605042017,57.72268907563025
mexc,U2UUSDT,U2U-USDT,U2U,USDT,True,1,True,0.000458,65131.9862748,141952898.18,0.0004567,83692.84,0.000458,12879.0,28.424620094020586,5.898582,1e-07,0.0,0.0,1.0,0.0,0.0005,exchangeInfo.quotePrecision/baseSizePrecision/quoteAmountPrecision,1,False,0.6063025210084033,0.6289915966386554,0.43067226890756305,57.68487394957983
mexc,NKNUSDT,NKN-USDT,NKN,USDT,True,1,True,0.010148,76783.980896,7616150.64,0.010137,209.8,0.010163,314.8,25.615763546798014,2.1267426,1e-06,0.001,0.001,1.0,0.0,0.0005,exchangeInfo.quotePrecision/baseSizePrecision/quoteAmountPrecision,1,False,0.6588235294117647,0.6596638655462185,0.24747899159663866,57.6764705882353
mexc,AVGOONUSDT,AVGOON-USDT,AVGOON,USDT,True,1,True,313.66,56664.54,180.753,313.03,0.868,314.0,0.41,30.939508476469303,128.73999999999998,0.01,0.0,0.0,1.0,0.0,0.0005,exchangeInfo.quotePrecision/baseSizePrecision/quoteAmountPrecision,1,False,0.4546218487394958,0.5974789915966386,0.8857142857142857,57.655462184873954
mexc,XPUSDT,XP-USDT,XP,USDT,True,1,True,0.00604,71142.104113,11705808.87,0.006036,3508.26,0.006065,5471.74,47.92992314684799,21.175857360000002,1e-06,0.0,0.0,1.0,0.0,0.0005,exchangeInfo.quotePrecision/baseSizePrecision/quoteAmountPrecision,1,False,0.6386554621848739,0.37857142857142856,0.6521008403361345,57.63235294117648
mexc,LWOLFUSDT,LWOLF-USDT,LWOLF,USDT,True,1,True,8.04e-06,122174.386673798,15158061718.0,8.013e-06,18721917.0,8.051e-06,331876.0,47.310756972111946,2.671933676,1e-09,0.0,0.0,1.0,0.0,0.0005,exchangeInfo.quotePrecision/baseSizePrecision/quoteAmountPrecision,1,False,0.769327731092437,0.3848739495798319,0.28319327731092436,57.59873949579831
mexc,SPYXUSDT,SPYX-USDT,SPYX,USDT,True,1,True,655.62,64968.77,98.974,655.17,2.285,655.67,0.002,7.628696103262031,1.31134,0.01,0.0,0.0,1.0,0.0,0.0005,exchangeInfo.quotePrecision/baseSizePrecision/quoteAmountPrecision,1,False,0.603781512605042,0.8794117647058823,0.11890756302521008,57.57142857142858
mexc,MCRTUSDT,MCRT-USDT,MCRT,USDT,True,1,True,0.000122,64845.8714889,531865308.56,0.0001219,41017.22,0.0001222,95887.94,24.580090126996623,4.999999118,1e-07,0.001,0.001,1.0,0.0,0.0005,exchangeInfo.quotePrecision/baseSizePrecision/quoteAmountPrecision,1,False,0.6016806722689075,0.6710084033613446,0.3836134453781513,57.53991596638656
mexc,COPXONUSDT,COPXON-USDT,COPXON,USDT,True,1,True,77.16,57516.73,743.4,76.95,3.04,77.26,5.15,40.204915375138086,233.928,0.01,0.0,0.0,1.0,0.0,0.0005,exchangeInfo.quotePrecision/baseSizePrecision/quoteAmountPrecision,1,False,0.49453781512605044,0.4764705882352941,0.9210084033613445,57.531512605042025
mexc,LINGOUSDT,LINGO-USDT,LINGO,USDT,True,1,True,0.007977,57472.498897,7166238.52,0.007967,3330.3,0.007987,18721.54,25.072082236428717,26.532500100000004,1e-06,0.0,0.0,1.0,0.0,0.0005,exchangeInfo.quotePrecision/baseSizePrecision/quoteAmountPrecision,1,False,0.492436974789916,0.665546218487395,0.6848739495798319,57.420168067226896
mexc,PUNCHUSDT,PUNCH-USDT,PUNCH,USDT,True,1,True,0.01304,165212.272635,12678987.16,0.013005,84.58,0.013059,588.0,41.43646408839797,1.0999629,1e-06,0.0,0.0,1.0,0.0,0.0005,exchangeInfo.quotePrecision/baseSizePrecision/quoteAmountPrecision,1,False,0.8184873949579832,0.4558823529411765,0.04789915966386555,57.3718487394958
mexc,WNCGUSDT,WNCG-USDT,WNCG,USDT,True,1,True,0.005405,62050.364928,11431671.07,0.005405,611.0,0.005414,3861.32,16.637397171643084,3.302455,1e-06,0.0001,0.0001,1.0,0.0,0.0005,exchangeInfo.quotePrecision/baseSizePrecision/quoteAmountPrecision,1,False,0.5823529411764706,0.7584033613445378,0.31890756302521006,57.367647058823536
mexc,OHOUSDT,OHO-USDT,OHO,USDT,True,1,True,0.357396,114689.354728,321437.47,0.355817,38.94,0.358472,28.71,74.33965803757354,10.291731120000001,1e-06,0.0,0.0,1.0,0.0,0.0005,exchangeInfo.quotePrecision/baseSizePrecision/quoteAmountPrecision,1,False,0.7592436974789916,0.1941176470588235,0.5340336134453781,57.29201680672269
mexc,TLTONUSDT,TLTON-USDT,TLTON,USDT,True,1,True,89.23,55169.64,618.56,89.12,4.15,89.3,4.68,20.177110189439816,369.84800000000007,0.01,0.0,0.0,1.0,0.0,0.0005,exchangeInfo.quotePrecision/baseSizePrecision/quoteAmountPrecision,1,False,0.3701680672268908,0.7168067226890756,0.9504201680672268,57.287815126050425
mexc,USFRONUSDT,USFRON-USDT,USFRON,USDT,True,1,True,50.36,55801.61,1108.56,50.29,8.75,50.39,1.72,19.86491855383421,86.6708,0.01,0.0,0.0,1.0,0.0,0.0005,exchangeInfo.quotePrecision/baseSizePrecision/quoteAmountPrecision,1,False,0.4079831932773109,0.7218487394957983,0.8378151260504202,57.241596638655466
mexc,ZKPUSDT,ZKP-USDT,ZKP,USDT,True,1,True,0.06728,58819.74955,867575.4,0.06717,151.07,0.06732,155.98,22.30649118893765,10.147371899999998,1e-05,0.0,0.0,1.0,0.0,0.0005,exchangeInfo.quotePrecision/baseSizePrecision/quoteAmountPrecision,1,False,0.5315126050420168,0.6932773109243697,0.5327731092436975,57.22058823529412
mexc,METANIAUSDT,METANIA-USDT,METANIA,USDT,True,1,True,0.01943,85697.55635,4410396.22,0.01939,464.15,0.01948,356.45,46.308206843323795,6.943646,1e-05,0.0,0.0,1.0,0.0,0.0005,exchangeInfo.quotePrecision/baseSizePrecision/quoteAmountPrecision,1,False,0.6903361344537815,0.3966386554621849,0.4647058823529412,57.17857142857143
mexc,KASUSDC,KAS-USDC,KAS,USDC,True,1,True,0.03098,60866.96201,1959849.38,0.03091,19500.21,0.03102,606.66,35.52397868561246,18.8185932,1e-05,0.0,0.0,1.0,0.0,0.0,exchangeInfo.quotePrecision/baseSizePrecision/quoteAmountPrecision,1,False,0.5634453781512605,0.5432773109243698,0.6285714285714286,57.14285714285714
mexc,GBCKUSDT,GBCK-USDT,GBCK,USDT,True,1,True,0.001597,152349.792374,96014828.97,0.001592,3621.81,0.001605,62719.33,81.32624335314351,5.76592152,1e-06,0.0,0.0,1.0,0.0,0.0005,exchangeInfo.quotePrecision/baseSizePrecision/quoteAmountPrecision,1,False,0.8050420168067227,0.1701680672268907,0.42857142857142855,57.10294117647059
mexc,XOMONUSDT,XOMON-USDT,XOMON,USDT,True,1,True,157.9,64887.57,411.73,157.9,0.05,158.43,1.86,33.50930989789151,7.8950000000000005,0.01,0.0,0.0,1.0,0.0,0.0005,exchangeInfo.quotePrecision/baseSizePrecision/quoteAmountPrecision,1,False,0.6025210084033613,0.5672268907563025,0.48781512605042016,57.07563025210084
mexc,ASMLONUSDT,ASMLON-USDT,ASMLON,USDT,True,1,True,1315.78,56082.31,42.575,1315.77,0.173,1319.65,0.276,29.445022045822746,227.62820999999997,0.01,0.0,0.0,1.0,0.0,0.0005,exchangeInfo.quotePrecision/baseSizePrecision/quoteAmountPrecision,1,False,0.4226890756302521,0.6159663865546219,0.9197478991596638,57.04201680672269
mexc,RIFUSDT,RIF-USDT,RIF,USDT,True,1,True,0.03539,104183.29224,2956632.19,0.03539,2737.05,0.03551,36.98,33.85049365303302,1.3131598,1e-05,0.001,0.001,1.0,0.0,0.0005,exchangeInfo.quotePrecision/baseSizePrecision/quoteAmountPrecision,1,False,0.734873949579832,0.5630252100840336,0.12605042016806722,57.01470588235294
mexc,GIGGLEUSDC,GIGGLE-USDC,GIGGLE,USDC,True,1,True,21.32,58121.99,2657.71,21.29,5.69,21.38,9.0,42.18420435903438,121.1401,0.01,0.0,0.0,1.0,0.0,0.0,exchangeInfo.quotePrecision/baseSizePrecision/quoteAmountPrecision,1,False,0.5138655462184873,0.4453781512605042,0.880672268907563,57.010504201680675
mexc,STORMUSDT,STORM-USDT,STORM,USDT,True,1,True,0.006055,57891.132171,9593181.45,0.006041,9250.15,0.006062,7208.02,34.70213996529674,43.69501724,1e-06,0.0,0.0,1.0,0.0,0.0005,exchangeInfo.quotePrecision/baseSizePrecision/quoteAmountPrecision,1,False,0.5084033613445378,0.5529411764705883,0.7605042016806722,56.995798319327726
mexc,RPLUSDT,RPL-USDT,RPL,USDT,True,1,True,1.757,80800.723,46057.98,1.753,0.96,1.758,1.07,28.481913984620423,1.68288,0.001,0.01,0.01,1.0,0.0,0.0005,exchangeInfo.quotePrecision/baseSizePrecision/quoteAmountPrecision,1,False,0.6747899159663866,0.6277310924369748,0.2092436974789916,56.99159663865547
mexc,QFIUSDT,QFI-USDT,QFI,USDT,True,1,True,64.955,764559.287,12034.81,64.799,0.01,65.331,0.08,81.76438945669662,0.6479900000000001,0.001,0.0,0.0,1.0,0.0,0.0005,exchangeInfo.quotePrecision/baseSizePrecision/quoteAmountPrecision,1,False,0.9491596638655462,0.16806722689075626,0.028991596638655463,56.98529411764706
mexc,TRUSTUSDT,TRUST-USDT,TRUST,USDT,True,1,True,0.06516,66862.83815,1037274.12,0.06491,264.86,0.06519,325.57,43.043812451960406,17.1920626,1e-05,0.0,0.0,1.0,0.0,0.0005,exchangeInfo.quotePrecision/baseSizePrecision/quoteAmountPrecision,1,False,0.6151260504201681,0.43403361344537816,0.6142857142857143,56.96848739495799
mexc,TRXUSDE,TRX-USDE,TRX,USDE,True,1,True,0.3157,114423.6712,363731.21,0.3149,3.94,0.316,3.8,34.87081946425709,1.2007999999999999,0.0001,0.0,0.0,1.0,0.0,0.0,exchangeInfo.quotePrecision/baseSizePrecision/quoteAmountPrecision,1,False,0.7588235294117647,0.5504201680672269,0.073109243697479,56.957983193277315
mexc,TRUFUSDT,TRUF-USDT,TRUF,USDT,True,1,True,0.00384,200869.21357,52376861.07,0.00383,336.45,0.00385,388.54,52.08333333333347,1.2886035,1e-05,0.0,0.0,1.0,0.0,0.0005,exchangeInfo.quotePrecision/baseSizePrecision/quoteAmountPrecision,1,False,0.8441176470588235,0.3344537815126051,0.10840336134453782,56.95588235294118
mexc,LLDUSDT,LLD-USDT,LLD,USDT,True,1,True,0.478,87676.9988,183866.6,0.4758,18.12,0.4782,89.01,50.31446540880532,8.621496,0.0001,0.0,0.0,1.0,0.0,0.0005,exchangeInfo.quotePrecision/baseSizePrecision/quoteAmountPrecision,1,False,0.6945378151260504,0.34747899159663864,0.5033613445378151,56.95378151260504
mexc,PUSHUSDT,PUSH-USDT,PUSH,USDT,True,1,True,0.011703,59951.480326,5152575.33,0.011704,890.04,0.011737,13346.24,28.155795401218644,10.417028160000001,1e-06,0.0001,0.0001,1.0,0.0,0.0005,exchangeInfo.quotePrecision/baseSizePrecision/quoteAmountPrecision,1,False,0.5521008403361345,0.6319327731092437,0.5361344537815126,56.88655462184874
mexc,RACAUSDT,RACA-USDT,RACA,USDT,True,1,True,1.672e-05,59964.27736282,3541399099.47,1.671e-05,1061687.95,1.673e-05,190087.37,11.961722488038163,3.1801617001,1e-08,10.0,10.0,1.0,0.0,0.0005,exchangeInfo.quotePrecision/baseSizePrecision/quoteAmountPrecision,1,False,0.5525210084033614,0.811344537815126,0.3105042016806723,56.88235294117647
mexc,NEOSUSDT,NEOS-USDT,NEOS,USDT,True,1,True,0.1513,1041438.0772,9815668.68,0.1505,7.31,0.1522,9.42,112.32243145028127,1.100155,0.0001,0.0,0.0,1.0,0.0,0.0005,exchangeInfo.quotePrecision/baseSizePrecision/quoteAmountPrecision,1,False,0.9605042016806723,0.11848739495798322,0.052521008403361345,56.840336134453786
mexc,MOCAUSDT,MOCA-USDT,MOCA,USDT,True,1,True,0.01225,56920.9988,4606874.28,0.01223,84879.29,0.01228,49147.06,40.79967360261094,603.5258967999999,1e-05,0.0,0.0,1.0,0.0,0.0005,exchangeInfo.quotePrecision/baseSizePrecision/quoteAmountPrecision,1,False,0.4689075630252101,0.46554621848739497,0.9701680672268908,56.83193277310925
mexc,KTAUSDT,KTA-USDT,KTA,USDT,True,1,True,0.1691,92968.4859,571255.36,0.1687,2801.76,0.1697,64.98,59.101654846335755,11.027106,0.0001,0.0,0.0,1.0,0.0,0.0005,exchangeInfo.quotePrecision/baseSizePrecision/quoteAmountPrecision,1,False,0.7067226890756303,0.276890756302521,0.5504201680672269,56.800420168067234
mexc,CHZUSDC,CHZ-USDC,CHZ,USDC,True,1,True,0.03955,55156.66183,1397323.54,0.03953,88644.17,0.03963,88644.17,25.265285497725092,3504.1040401,1e-05,0.0,0.0,1.0,0.0,0.0,exchangeInfo.quotePrecision/baseSizePrecision/quoteAmountPrecision,1,False,0.369327731092437,0.6642857142857144,0.9915966386554622,56.75210084033615
mexc,FIROUSDT,FIRO-USDT,FIRO,USDT,True,1,True,0.6231,59506.5557,95198.17,0.6224,9504.36,0.6235,8.61,17.65791797094632,5.368335,0.0001,0.001,0.001,1.0,0.0,0.0005,exchangeInfo.quotePrecision/baseSizePrecision/quoteAmountPrecision,1,False,0.5441176470588235,0.7478991596638656,0.4050420168067227,56.72478991596639
mexc,ATTONUSDT,ATTON-USDT,ATTON,USDT,True,1,True,28.45,56590.12,1992.38,28.36,13.11,28.45,3.53,31.68456257701104,100.42849999999999,0.01,0.0,0.0,1.0,0.0,0.0005,exchangeInfo.quotePrecision/baseSizePrecision/quoteAmountPrecision,1,False,0.44873949579831934,0.5899159663865546,0.8638655462184874,56.70588235294118
mexc,ARRRUSDT,ARRR-USDT,ARRR,USDT,True,1,True,0.1862,99955.9667,540540.22,0.1858,16.67,0.1866,343.58,42.96455424274948,3.097286,0.0001,0.0,0.0,1.0,0.0,0.0005,exchangeInfo.quotePrecision/baseSizePrecision/quoteAmountPrecision,1,False,0.7218487394957983,0.4357142857142857,0.30462184873949577,56.686974789915965
mexc,EVAAUSDT,EVAA-USDT,EVAA,USDT,True,1,True,0.4502,63355.0197,136645.74,0.4485,201.56,0.4509,145.12,53.3689126084059,65.43460800000001,0.0001,0.0,0.0,1.0,0.0,0.0005,exchangeInfo.quotePrecision/baseSizePrecision/quoteAmountPrecision,1,False,0.5920168067226891,0.3218487394957983,0.803781512605042,56.6827731092437
mexc,CTCUSDT,CTC-USDT,CTC,USDT,True,1,True,0.1422,63049.5884,444119.44,0.1421,14.0,0.1423,174.0,14.06469760900181,1.9894,0.0001,0.1,0.1,1.0,0.0,0.0005,exchangeInfo.quotePrecision/baseSizePrecision/quoteAmountPrecision,1,False,0.5907563025210084,0.7857142857142857,0.226890756302521,56.67226890756303
mexc,ENPHONUSDT,ENPHON-USDT,ENPHON,USDT,True,1,True,35.07,56221.77,1602.42,35.04,8.53,35.14,2.75,28.498147620405074,96.635,0.01,0.0,0.0,1.0,0.0,0.0005,exchangeInfo.quotePrecision/baseSizePrecision/quoteAmountPrecision,1,False,0.43151260504201683,0.6273109243697479,0.8554621848739495,56.52521008403362
mexc,GOATUSDT,GOAT-USDT,GOAT,USDT,True,1,True,0.01686,72614.2005,4300552.43,0.01683,291.6,0.01689,344.14,35.587188612098196,4.907628000000001,1e-05,0.0,0.0,1.0,0.0,0.0005,exchangeInfo.quotePrecision/baseSizePrecision/quoteAmountPrecision,1,False,0.6432773109243698,0.5415966386554623,0.37857142857142856,56.49159663865547
mexc,OORTUSDT,OORT-USDT,OORT,USDT,True,1,True,0.00669,155759.73167,23294966.43,0.00667,201.05,0.0067,182.43,44.87658937920795,1.2222810000000002,1e-05,0.0,0.0,1.0,0.0,0.0005,exchangeInfo.quotePrecision/baseSizePrecision/quoteAmountPrecision,1,False,0.8096638655462185,0.41134453781512603,0.08235294117647059,56.46218487394958
mexc,HGPTUSDT,HGPT-USDT,HGPT,USDT,True,1,True,0.002077,109968.416505,52357155.99,0.002074,4169.59,0.002089,33306.42,72.06341580591042,8.64772966,1e-06,0.0,0.0,1.0,0.0,0.0005,exchangeInfo.quotePrecision/baseSizePrecision/quoteAmountPrecision,1,False,0.7483193277310924,0.20798319327731096,0.5046218487394958,56.44957983193278
mexc,KASUSD1,KAS-USD1,KAS,USD1,True,1,True,0.031007,105806.837065,3410864.54,0.030891,72.37,0.031026,3203.01,43.60676389360052,2.23558167,1e-06,0.0,0.0,1.0,0.0001,0.0001,exchangeInfo.quotePrecision/baseSizePrecision/quoteAmountPrecision,1,False,0.7382352941176471,0.42689075630252105,0.257563025210084,56.4264705882353
mexc,OVPPUSDT,OVPP-USDT,OVPP,USDT,True,1,True,0.007955,265414.732615,35644964.83,0.007775,643.08,0.008192,3298.79,522.3273000563661,4.999947000000001,1e-06,0.0,0.0,1.0,0.0,0.0005,exchangeInfo.quotePrecision/baseSizePrecision/quoteAmountPrecision,1,False,0.8781512605042017,0.01806722689075635,0.38277310924369745,56.405462184873954
mexc,VANRYUSDC,VANRY-USDC,VANRY,USDC,True,1,True,0.004579,83852.533785,18396881.76,0.004567,13867.82,0.004605,7550.01,82.86088094199704,34.76779605,1e-06,0.0,0.0,1.0,0.0,0.0,exchangeInfo.quotePrecision/baseSizePrecision/quoteAmountPrecision,1,False,0.6852941176470588,0.1621848739495798,0.7315126050420168,56.37605042016807
mexc,SQDUSDT,SQD-USDT,SQD,USDT,True,1,True,0.02891,64231.9437,2216457.31,0.02886,263.35,0.02896,13882.65,34.590107229332204,7.600281000000001,1e-05,0.0,0.0,1.0,0.0,0.0005,exchangeInfo.quotePrecision/baseSizePrecision/quoteAmountPrecision,1,False,0.5978991596638655,0.5542016806722689,0.4789915966386555,56.319327731092436
mexc,CLONEUSDT,CLONE-USDT,CLONE,USDT,True,1,True,0.005062,100065.3603,19685609.69,0.005053,300.2,0.005071,264.72,35.559067562227945,1.3423951200000002,1e-06,0.0,0.0,1.0,0.0,0.0005,exchangeInfo.quotePrecision/baseSizePrecision/quoteAmountPrecision,1,False,0.7239495798319328,0.5420168067226891,0.14663865546218488,56.300420168067234
mexc,NPCUSDC,NPC-USDC,NPC,USDC,True,1,True,0.007193,61084.711624,8500916.34,0.007188,270.0,0.007196,270.0,11.123470522803384,1.94076,1e-06,0.0,0.0,1.0,0.0,0.0,exchangeInfo.quotePrecision/baseSizePrecision/quoteAmountPrecision,1,False,0.5680672268907563,0.823109243697479,0.22394957983193278,56.300420168067234
mexc,NVDAXUSDT,NVDAX-USDT,NVDAX,USDT,True,1,True,176.08,57605.94,327.46,175.54,0.56,176.19,0.3,36.96016831092063,52.857,0.01,0.0,0.0,1.0,0.0,0.0005,exchangeInfo.quotePrecision/baseSizePrecision/quoteAmountPrecision,1,False,0.49831932773109244,0.5247899159663866,0.7869747899159664,56.266806722689076
mexc,WKCUSDT,WKC-USDT,WKC,USDT,True,1,True,1.4116e-07,146121.39510678334,1068984503085.0,1.3961e-07,212776868.0,1.4143e-07,60281958.0,129.51892968972382,8.52567731994,1e-11,0.0,0.0,1.0,0.0,0.0005,exchangeInfo.quotePrecision/baseSizePrecision/quoteAmountPrecision,1,False,0.7978991596638656,0.09243697478991597,0.5012605042016807,56.22058823529412
mexc,WARDUSDT,WARD-USDT,WARD,USDT,True,1,True,0.004067,79798.21738,19669154.18,0.004062,7151.15,0.004078,1005.22,39.31203931204026,4.09928716,1e-06,0.0,0.0,1.0,0.0,0.0005,exchangeInfo.quotePrecision/baseSizePrecision/quoteAmountPrecision,1,False,0.6705882352941176,0.4882352941176471,0.3563025210084034,56.214285714285715
mexc,METAUSDT,META-USDT,META,USDT,True,1,True,0.9009,3469574.2279,2109282.72,0.901,1.33,0.939,25.43,413.04347826086877,1.1983300000000001,0.0001,0.0,0.0,1.0,0.0,0.0005,exchangeInfo.quotePrecision/baseSizePrecision/quoteAmountPrecision,1,False,0.988655462184874,0.02310924369747902,0.06134453781512605,56.18067226890757
mexc,SWGTUSDT,SWGT-USDT,SWGT,USDT,True,1,True,0.01088,106238.52779,9746115.43,0.01083,1183.06,0.01092,1249.82,82.758620689655,12.812539799999998,1e-05,0.0,0.0,1.0,0.0,0.0005,exchangeInfo.quotePrecision/baseSizePrecision/quoteAmountPrecision,1,False,0.7390756302521009,0.16344537815126048,0.5705882352941176,56.14705882352942
mexc,BBUSDT,BB-USDT,BB,USDT,True,1,True,0.02334,183975.74846,7926755.09,0.0233,45.0,0.02341,7914.54,47.09912224363048,1.0485,1e-05,0.0,0.0,1.0,0.0,0.0005,exchangeInfo.quotePrecision/baseSizePrecision/quoteAmountPrecision,1,False,0.8302521008403362,0.3857142857142857,0.04159663865546218,56.138655462184886
mexc,ESEUSDT,ESE-USDT,ESE,USDT,True,1,True,0.005714,76897.363421,12831713.16,0.005712,230.71,0.005725,1742.39,22.733234239748167,1.3178155200000001,1e-06,0.0,0.0,1.0,0.0,0.0005,exchangeInfo.quotePrecision/baseSizePrecision/quoteAmountPrecision,1,False,0.6596638655462185,0.6869747899159664,0.13277310924369748,56.111344537815135
mexc,AURUSDT,AUR-USDT,AUR,USDT,True,1,True,0.2888,62176.9656,215509.03,0.2883,87.56,0.2896,176.4,44.99048278248912,25.243548,0.0001,0.0001,0.0001,1.0,0.0,0.0005,exchangeInfo.quotePrecision/baseSizePrecision/quoteAmountPrecision,1,False,0.5844537815126051,0.41092436974789914,0.6785714285714286,55.98949579831933
mexc,AINETWORKUSDT,AINETWORK-USDT,AINETWORK,USDT,True,1,True,0.010087,62163.741166,6090926.65,0.010087,251.53,0.010106,2760.88,18.818402416678964,2.53718311,1e-06,0.0,0.0,1.0,0.0,0.0005,exchangeInfo.quotePrecision/baseSizePrecision/quoteAmountPrecision,1,False,0.5840336134453782,0.7319327731092438,0.27521008403361347,55.92436974789916
mexc,NFLXONUSDT,NFLXON-USDT,NFLXON,USDT,True,1,True,982.38,56746.9,57.8407,979.85,0.326,982.5,0.0359,27.008433765637907,35.271750000000004,0.01,0.0,0.0,1.0,0.0,0.0005,exchangeInfo.quotePrecision/baseSizePrecision/quoteAmountPrecision,1,False,0.45714285714285713,0.6449579831932772,0.7323529411764705,55.91386554621849
mexc,WNTUSDT,WNT-USDT,WNT,USDT,True,1,True,0.000797,92011.294396,116687971.4,0.000794,2041295.31,0.0008,22374.26,75.28230865746598,17.899408,1e-06,0.01,0.01,1.0,0.0,0.0005,exchangeInfo.quotePrecision/baseSizePrecision/quoteAmountPrecision,1,False,0.7025210084033613,0.19159663865546217,0.6218487394957983,55.865546218487395
mexc,TELUSDT,TEL-USDT,TEL,USDT,True,1,True,0.00213,71318.930427,32973367.62,0.002126,8567.89,0.002136,5099.67,46.92632566870026,10.89289512,1e-06,0.0,0.0,1.0,0.0,0.0005,exchangeInfo.quotePrecision/baseSizePrecision/quoteAmountPrecision,1,False,0.6399159663865546,0.3878151260504201,0.5478991596638656,55.84873949579831
mexc,LOLUSDT,LOL-USDT,LOL,USDT,True,1,True,0.009116,136467.278367,12872708.49,0.009229,847.02,0.009344,833.08,123.8356754428477,7.78429952,1e-06,0.0,0.0,1.0,0.0,0.0005,exchangeInfo.quotePrecision/baseSizePrecision/quoteAmountPrecision,1,False,0.7911764705882353,0.10084033613445376,0.48403361344537815,55.716386554621856
mexc,PLUGONUSDT,PLUGON-USDT,PLUGON,USDT,True,1,True,2.456,62637.75,25549.84,2.451,2.04,2.458,131.77,28.51904664901249,5.00004,0.001,0.0,0.0,1.0,0.0,0.0005,exchangeInfo.quotePrecision/baseSizePrecision/quoteAmountPrecision,1,False,0.5882352941176471,0.626890756302521,0.38445378151260506,55.714285714285715
mexc,PIEVERSEUSDT,PIEVERSE-USDT,PIEVERSE,USDT,True,1,True,0.5286,61403.6545,115595.14,0.5273,460.0,0.5301,110.34,52.96009078872754,58.491234000000006,0.0001,0.0,0.0,1.0,0.0,0.0005,exchangeInfo.quotePrecision/baseSizePrecision/quoteAmountPrecision,1,False,0.5752100840336134,0.3256302521008403,0.7962184873949579,55.70168067226891
mexc,USUSDT,US-USDT,US,USDT,True,1,True,0.00506,59584.23324,11594250.27,0.00504,5058.88,0.00506,16533.62,39.6039603960397,25.496755200000003,1e-05,0.0,0.0,1.0,0.0,0.0005,exchangeInfo.quotePrecision/baseSizePrecision/quoteAmountPrecision,1,False,0.5445378151260504,0.4840336134453781,0.6794117647058824,55.63865546218487
mexc,ACHRONUSDT,ACHRON-USDT,ACHRON,USDT,True,1,True,5.383,55587.239,10310.4,5.379,78.58,5.391,14.76,22.28412256267494,79.57116,0.001,0.0,0.0,1.0,0.0,0.0005,exchangeInfo.quotePrecision/baseSizePrecision/quoteAmountPrecision,1,False,0.3949579831932773,0.6936974789915966,0.8273109243697478,55.611344537815135
mexc,OSMOUSDT,OSMO-USDT,OSMO,USDT,True,1,True,0.03066,62068.49217,2017228.95,0.03059,596.94,0.03072,2890.53,42.40743761213558,18.2603946,1e-05,0.1,0.1,1.0,0.0,0.0005,exchangeInfo.quotePrecision/baseSizePrecision/quoteAmountPrecision,1,False,0.5831932773109244,0.4407563025210084,0.6247899159663866,55.590336134453786
mexc,NVDAONUSDT,NVDAON-USDT,NVDAON,USDT,True,1,True,175.78,54098.22,307.6,175.6,2.325,175.84,2.314,13.658092419759225,406.89376000000004,0.01,0.0,0.0,1.0,0.0,0.0005,exchangeInfo.quotePrecision/baseSizePrecision/quoteAmountPrecision,1,False,0.303781512605042,0.7903361344537815,0.9554621848739496,55.57563025210084
mexc,BSUUSDT,BSU-USDT,BSU,USDT,True,1,True,0.04893,70208.87321,1431716.14,0.04884,78.74,0.04901,181.21,34.74706182932991,3.8456615999999997,1e-05,0.0,0.0,1.0,0.0,0.0005,exchangeInfo.quotePrecision/baseSizePrecision/quoteAmountPrecision,1,False,0.6336134453781512,0.5508403361344538,0.34705882352941175,55.5609243697479
mexc,GAME2USDT,GAME2-USDT,GAME2,USDT,True,1,True,0.001329,100054.000473,75396482.89,0.001327,1007.33,0.001332,1048.85,37.608123354644704,1.33672691,1e-06,0.0,0.0,1.0,0.0,0.0005,exchangeInfo.quotePrecision/baseSizePrecision/quoteAmountPrecision,1,False,0.7235294117647059,0.5163865546218487,0.14201680672268907,55.54411764705882
mexc,CCUSDC,CC-USDC,CC,USDC,True,1,True,0.1392,72009.68791,505551.28,0.139,34.78,0.13953,2052.29,38.056941801599464,4.834420000000001,1e-05,0.0,0.0,1.0,0.0,0.0,exchangeInfo.quotePrecision/baseSizePrecision/quoteAmountPrecision,1,False,0.6420168067226891,0.507563025210084,0.376890756302521,55.537815126050425
mexc,JOCUSDT,JOC-USDT,JOC,USDT,True,1,True,0.0551,100126.2159,1802317.26,0.0551,178.56,0.0555,180.12,72.33273056057823,9.838656,0.0001,0.0,0.0,1.0,0.0,0.0005,exchangeInfo.quotePrecision/baseSizePrecision/quoteAmountPrecision,1,False,0.7247899159663865,0.20756302521008407,0.5235294117647059,55.52310924369749
mexc,ISPUSDT,ISP-USDT,ISP,USDT,True,1,True,5.024e-05,57424.1122919,1160521879.15,5.022e-05,97998.84,5.027e-05,238088.52,9.951238929246932,4.9215017448,1e-08,0.0001,0.0001,1.0,0.0,0.0005,exchangeInfo.quotePrecision/baseSizePrecision/quoteAmountPrecision,1,False,0.4899159663865546,0.8382352941176471,0.37899159663865545,55.48109243697479
mexc,TRUUSDT,TRU-USDT,TRU,USDT,True,1,True,0.004519,135608.495467,30147936.13,0.004505,1367.31,0.004552,2089.0,103.78712597990352,6.15973155,1e-06,0.0001,0.0001,1.0,0.0,0.0005,exchangeInfo.quotePrecision/baseSizePrecision/quoteAmountPrecision,1,False,0.7894957983193277,0.1273109243697479,0.44201680672268906,55.445378151260506
mexc,GHSTUSDT,GHST-USDT,GHST,USDT,True,1,True,0.07213,69624.06727,997335.0,0.07204,37.09,0.07226,169.15,30.49203049203021,2.6719636000000007,1e-05,0.001,0.001,1.0,0.0,0.0005,exchangeInfo.quotePrecision/baseSizePrecision/quoteAmountPrecision,1,False,0.6298319327731092,0.6037815126050421,0.28361344537815125,55.40756302521008
mexc,MYRIAUSDT,MYRIA-USDT,MYRIA,USDT,True,1,True,4.133e-05,58838.53672857,1456207745.92,4.13e-05,370966.73,4.137e-05,100824.38,16.93480101608749,4.1711046006,1e-08,0.0,0.0,1.0,0.0,0.0005,exchangeInfo.quotePrecision/baseSizePrecision/quoteAmountPrecision,1,False,0.5319327731092437,0.7554621848739496,0.3588235294117647,55.319327731092436
mexc,MTRGUSDT,MTRG-USDT,MTRG,USDT,True,1,True,0.02006,59211.27353,2965335.38,0.02005,2127.74,0.02008,154.35,14.95140792424732,3.099348,1e-05,0.1,0.1,1.0,0.0,0.0005,exchangeInfo.quotePrecision/baseSizePrecision/quoteAmountPrecision,1,False,0.5403361344537815,0.7764705882352941,0.3050420168067227,55.231092436974784
mexc,CAPTCHAUSDT,CAPTCHA-USDT,CAPTCHA,USDT,True,1,True,0.0002625,77781.2774201,254002851.86,0.00026,38461.53,0.000261,11892.5,38.38771593090305,3.1039425,1e-07,0.0,0.0,1.0,0.0,0.0005,exchangeInfo.quotePrecision/baseSizePrecision/quoteAmountPrecision,1,False,0.6647058823529411,0.5016806722689076,0.3054621848739496,55.21008403361345
mexc,AFRDUSDT,AFRD-USDT,AFRD,USDT,True,1,True,0.000156,1340839.773984,9681600771.04,0.000156,664599.92,0.00016,7018.51,253.16455696202635,1.1229616000000002,1e-06,0.0,0.0,1.0,0.0,0.0005,exchangeInfo.quotePrecision/baseSizePrecision/quoteAmountPrecision,1,False,0.9668067226890756,0.03445378151260503,0.05672268907563025,55.17016806722689
mexc,MPONUSDT,MPON-USDT,MPON,USDT,True,1,True,49.48,58163.48,1175.34,49.36,7.85,49.63,7.88,54.55096474391416,387.476,0.01,0.0,0.0,1.0,0.0,0.0005,exchangeInfo.quotePrecision/baseSizePrecision/quoteAmountPrecision,1,False,0.5142857142857142,0.3130252100840336,0.9516806722689075,55.14495798319328
mexc,CAMPUSDT,CAMP-USDT,CAMP,USDT,True,1,True,0.002322,117012.911948,51059235.06,0.00232,864.32,0.002332,18184.49,51.59071367153851,2.0052224,1e-06,0.0,0.0,1.0,0.0,0.0005,exchangeInfo.quotePrecision/baseSizePrecision/quoteAmountPrecision,1,False,0.7626050420168067,0.3382352941176471,0.23697478991596638,55.13865546218487
mexc,CFXUSDC,CFX-USDC,CFX,USDC,True,1,True,0.05222,56799.62488,1088119.16,0.0521,15175.2,0.05229,1456.0,36.4019542101739,76.13424,1e-05,0.0,0.0,1.0,0.0,0.0,exchangeInfo.quotePrecision/baseSizePrecision/quoteAmountPrecision,1,False,0.46092436974789913,0.5340336134453781,0.819327731092437,55.08823529411765
mexc,VIRTUALUSDC,VIRTUAL-USDC,VIRTUAL,USDC,True,1,True,0.6361,55175.0263,85880.4,0.6351,3013.76,0.637,836.76,29.87186541938547,533.01612,0.0001,0.0,0.0,1.0,0.0,0.0,exchangeInfo.quotePrecision/baseSizePrecision/quoteAmountPrecision,1,False,0.37100840336134455,0.6109243697478992,0.9659663865546219,54.997899159663866
mexc,ALEXUSDT,ALEX-USDT,ALEX,USDT,True,1,True,0.00054,99814.67438,184364483.02,0.00053,202466.56,0.00054,53065.6,186.91588785046778,28.655424,1e-05,0.0,0.0,1.0,0.0,0.0005,exchangeInfo.quotePrecision/baseSizePrecision/quoteAmountPrecision,1,False,0.7210084033613445,0.055042016806722716,0.6974789915966386,54.9810924369748
mexc,IKAUSDT,IKA-USDT,IKA,USDT,True,1,True,0.004461,92318.318415,20139050.38,0.004453,13421.26,0.004482,1960.71,64.91326245103416,8.78790222,1e-06,0.0,0.0,1.0,0.0,0.0005,exchangeInfo.quotePrecision/baseSizePrecision/quoteAmountPrecision,1,False,0.7037815126050421,0.24411764705882355,0.5079831932773109,54.97058823529413
mexc,WAVESUSDT,WAVES-USDT,WAVES,USDT,True,1,True,0.4051,61602.1045,152718.0,0.4035,93.36,0.4056,153.97,51.909529106414304,37.67076,0.0001,1e-05,1e-05,1.0,0.0,0.0005,exchangeInfo.quotePrecision/baseSizePrecision/quoteAmountPrecision,1,False,0.5773109243697478,0.33571428571428574,0.7411764705882353,54.96848739495799
mexc,MANYUUSDT,MANYU-USDT,MANYU,USDT,True,1,True,6.016e-09,70408.48895762941,11304211935047.0,6.001e-09,25000000000.0,6.056e-09,12304839136.0,91.23330845152111,74.518105807616,1e-12,0.0,0.0,1.0,0.0,0.0005,exchangeInfo.quotePrecision/baseSizePrecision/quoteAmountPrecision,1,False,0.6348739495798319,0.14789915966386558,0.8172268907563025,54.96008403361344
mexc,XOXOUSDT,XOXO-USDT,XOXO,USDT,True,1,True,8.604e-05,63700.48909158,723413578.64,8.591e-05,80980.32,8.613e-05,30242.05,25.57544757033342,2.6047477665,1e-08,0.0,0.0,1.0,0.0,0.0005,exchangeInfo.quotePrecision/baseSizePrecision/quoteAmountPrecision,1,False,0.596218487394958,0.6605042016806723,0.27899159663865547,54.8844537815126
mexc,ORDIUSDC,ORDI-USDC,ORDI,USDC,True,1,True,2.476,56634.979,23649.15,2.47,72.3,2.48,230.8,40.40404040403955,178.58100000000002,0.001,0.0,0.0,1.0,0.0,0.0,exchangeInfo.quotePrecision/baseSizePrecision/quoteAmountPrecision,1,False,0.4533613445378151,0.47289915966386553,0.9046218487394958,54.84978991596638
mexc,DRIFTUSDT,DRIFT-USDT,DRIFT,USDT,True,1,True,0.0401,226045.6553,5531188.19,0.0398,41.66,0.0402,3180.23,99.99999999999939,1.6580679999999999,0.0001,0.0,0.0,1.0,0.0,0.0005,exchangeInfo.quotePrecision/baseSizePrecision/quoteAmountPrecision,1,False,0.8600840336134454,0.13403361344537812,0.20756302521008405,54.806722689075634
mexc,GROKUSDT,GROK-USDT,GROK,USDT,True,1,True,0.0004314,57664.5814533,133666524.16,0.0004309,17442.13,0.0004318,106756.45,20.864727019820744,7.515813817000001,1e-07,0.0,0.0,1.0,0.0,0.0005,exchangeInfo.quotePrecision/baseSizePrecision/quoteAmountPrecision,1,False,0.4995798319327731,0.7105042016806722,0.4764705882352941,54.768907563025216
mexc,LAVAUSDT,LAVA-USDT,LAVA,USDT,True,1,True,0.03344,61316.47381,1815388.9,0.03341,5942.46,0.03344,37.39,8.975317875840034,1.2503216,1e-05,0.0,0.0,1.0,0.0,0.0005,exchangeInfo.quotePrecision/baseSizePrecision/quoteAmountPrecision,1,False,0.5714285714285714,0.8571428571428572,0.0949579831932773,54.75630252100841
mexc,TOMUSDT,TOM-USDT,TOM,USDT,True,1,True,6.351e-05,129287.11089449,2041859860.02,6.273e-05,159413.35,6.399e-05,376991.97,198.86363636363606,9.9999994455,1e-08,0.0,0.0,1.0,0.0,0.0005,exchangeInfo.quotePrecision/baseSizePrecision/quoteAmountPrecision,1,False,0.7802521008403361,0.050420168067226934,0.5273109243697479,54.72058823529413
mexc,SENTUSDC,SENT-USDC,SENT,USDC,True,1,True,0.01625,57740.87235,3481157.01,0.01621,4320.0,0.01628,46234.24,43.0901815943371,70.0272,1e-05,0.0,0.0,1.0,0.0,0.0,exchangeInfo.quotePrecision/baseSizePrecision/quoteAmountPrecision,1,False,0.503781512605042,0.4327731092436975,0.8092436974789916,54.71218487394959
mexc,TMUSONUSDT,TMUSON-USDT,TMUSON,USDT,True,1,True,202.8,55160.46,272.432,202.25,1.514,202.84,2.277,29.129329284850446,306.2065,0.01,0.0,0.0,1.0,0.0,0.0005,exchangeInfo.quotePrecision/baseSizePrecision/quoteAmountPrecision,1,False,0.3697478991596639,0.6201680672268908,0.942436974789916,54.689075630252105
mexc,MONPROUSDT,MONPRO-USDT,MONPRO,USDT,True,1,True,0.003195,56950.034055,17845745.21,0.003185,9088.96,0.003195,144261.11,31.34796238244522,28.948337599999995,1e-06,0.0,0.0,1.0,0.0,0.0005,exchangeInfo.quotePrecision/baseSizePrecision/quoteAmountPrecision,1,False,0.47016806722689075,0.5928571428571429,0.6991596638655462,54.663865546218496
mexc,SAHARAUSD1,SAHARA-USD1,SAHARA,USD1,True,1,True,0.02089,57693.9063,2768703.87,0.02084,3916.16,0.02093,3456.0,43.09312903998075,72.33408,1e-05,0.0,0.0,1.0,0.0001,0.0001,exchangeInfo.quotePrecision/baseSizePrecision/quoteAmountPrecision,1,False,0.5008403361344538,0.43214285714285716,0.8144957983193277,54.63970588235294
mexc,CULTUSDT,CULT-USDT,CULT,USDT,True,1,True,0.000157,71745.7754379,463136109.71,0.0001557,425648.74,0.0001573,1614529.74,102.23642172524036,66.273508818,1e-07,0.0,0.0,1.0,0.0,0.0005,exchangeInfo.quotePrecision/baseSizePrecision/quoteAmountPrecision,1,False,0.6411764705882353,0.12941176470588234,0.8063025210084034,54.626050420168085
mexc,USDPUSDT,USDP-USDT,USDP,USDT,True,1,True,1.0001,27674.9686,27676.17,1.0,3530.4,1.0001,6778.8,0.999950002499765,3530.4,0.0001,0.0001,0.0001,1.0,0.0,0.0005,exchangeInfo.quotePrecision/baseSizePrecision/quoteAmountPrecision,1,False,0.18025210084033613,0.9932773109243698,0.992436974789916,54.59453781512605
mexc,ETHWUSDT,ETHW-USDT,ETHW,USDT,True,1,True,0.2488,70953.7522,279978.0733,0.2485,87.8026,0.2492,5.7682,28.12939521800306,1.43743544,0.0001,0.0001,0.0001,1.0,0.0,0.0005,exchangeInfo.quotePrecision/baseSizePrecision/quoteAmountPrecision,1,False,0.6378151260504201,0.6327731092436975,0.18235294117647058,54.54621848739496
mexc,SOLAXYUSDT,SOLAXY-USDT,SOLAXY,USDT,True,1,True,5.778e-05,100283.99911452,1683004251.44,5.725e-05,385833.87,5.831e-05,389435.88,183.45448251990308,22.0889890575,1e-08,0.0,0.0,1.0,0.0,0.0005,exchangeInfo.quotePrecision/baseSizePrecision/quoteAmountPrecision,1,False,0.7264705882352941,0.05630252100840338,0.6588235294117647,54.539915966386566
mexc,CARVUSDT,CARV-USDT,CARV,USDT,True,1,True,0.05441,63580.61051,1170034.43,0.05427,229.12,0.05451,229.12,44.12575841147345,12.4343424,1e-05,0.0,0.0,1.0,0.0,0.0005,exchangeInfo.quotePrecision/baseSizePrecision/quoteAmountPrecision,1,False,0.5936974789915966,0.4205882352941176,0.5672268907563025,54.512605042016816
mexc,XTZUSDC,XTZ-USDC,XTZ,USDC,True,1,True,0.3489,56780.7596,162102.85,0.3484,1008.0,0.3497,201.6,37.24394785847367,70.49952,0.0001,0.0,0.0,1.0,0.0,0.0,exchangeInfo.quotePrecision/baseSizePrecision/quoteAmountPrecision,1,False,0.45966386554621846,0.5210084033613445,0.8100840336134454,54.508403361344534
mexc,XRBUSDT,XRB-USDT,XRB,USDT,True,1,True,1.2169,77043.1463,62933.11,1.2142,0.84,1.2169,98.95,22.212167331661774,1.019928,0.0001,0.0,0.0,1.0,0.0,0.0005,exchangeInfo.quotePrecision/baseSizePrecision/quoteAmountPrecision,1,False,0.6609243697478991,0.6945378151260504,0.03907563025210084,54.495798319327726
mexc,OZOUSDT,OZO-USDT,OZO,USDT,True,1,True,0.1327,79217.9842,600303.86,0.132,167.0,0.1329,115.43,67.95016987542348,15.340647,0.0001,0.0,0.0,1.0,0.0,0.0005,exchangeInfo.quotePrecision/baseSizePrecision/quoteAmountPrecision,1,False,0.6697478991596638,0.2264705882352941,0.5970588235294118,54.4390756302521
mexc,MELANIAUSD1,MELANIA-USD1,MELANIA,USD1,True,1,True,0.10845,82706.7504,754586.23,0.10793,74.6,0.10856,103.2,58.20130260058252,8.051578,1e-05,0.0,0.0,1.0,0.0001,0.0001,exchangeInfo.quotePrecision/baseSizePrecision/quoteAmountPrecision,1,False,0.6815126050420168,0.28403361344537814,0.49159663865546216,54.41596638655463
mexc,MENGOUSDT,MENGO-USDT,MENGO,USDT,True,1,True,0.04687,56142.08751,1210740.28,0.04683,593.07,0.04694,593.05,23.461661512211993,27.7734681,1e-05,0.0,0.0,1.0,0.0,0.0005,exchangeInfo.quotePrecision/baseSizePrecision/quoteAmountPrecision,1,False,0.4260504201680672,0.6802521008403362,0.6945378151260504,54.32983193277311
mexc,BERTUSDT,BERT-USDT,BERT,USDT,True,1,True,0.00816,63636.995376,7901414.86,0.008153,852.41,0.008185,2443.63,39.172481331863196,6.949698730000001,1e-06,0.0,0.0,1.0,0.0,0.0005,exchangeInfo.quotePrecision/baseSizePrecision/quoteAmountPrecision,1,False,0.5949579831932773,0.49033613445378155,0.4651260504201681,54.28361344537815
mexc,ALUSDT,AL-USDT,AL,USDT,True,1,True,0.0031,66493.469563,21520994.59,0.003092,2290.01,0.003105,10479.34,41.95578505728575,7.080710920000001,1e-06,0.0,0.0,1.0,0.0,0.0005,exchangeInfo.quotePrecision/baseSizePrecision/quoteAmountPrecision,1,False,0.6126050420168068,0.4483193277310924,0.4689075630252101,54.279411764705884
mexc,PIUSD1,PI-USD1,PI,USD1,True,1,True,0.17319,126965.94324,743559.11,0.17304,8.13,0.17389,7.54,49.00123944311474,1.3111305999999998,1e-05,0.0,0.0,1.0,0.0001,0.0001,exchangeInfo.quotePrecision/baseSizePrecision/quoteAmountPrecision,1,False,0.7764705882352941,0.365546218487395,0.11848739495798319,54.21428571428572
mexc,LPTUSDC,LPT-USDC,LPT,USDC,True,1,True,2.023,58581.363,28963.06,2.017,91.42,2.026,19.12,44.521395003709614,38.73712,0.001,0.0,0.0,1.0,0.0,0.0,exchangeInfo.quotePrecision/baseSizePrecision/quoteAmountPrecision,1,False,0.5252100840336135,0.4159663865546218,0.7445378151260504,54.176470588235304
mexc,QCOMONUSDT,QCOMON-USDT,QCOMON,USDT,True,1,True,127.81,57051.21,446.344,127.56,1.796,128.13,1.043,44.58523993898809,133.63959,0.01,0.0,0.0,1.0,0.0,0.0005,exchangeInfo.quotePrecision/baseSizePrecision/quoteAmountPrecision,1,False,0.47352941176470587,0.41428571428571426,0.888235294117647,54.16596638655462
mexc,AVAAIUSDT,AVAAI-USDT,AVAAI,USDT,True,1,True,0.006386,69251.788825,10797161.24,0.00638,7671.05,0.006433,11471.05,82.72847888862887,48.941299,1e-06,0.0,0.0,1.0,0.0,0.0005,exchangeInfo.quotePrecision/baseSizePrecision/quoteAmountPrecision,1,False,0.6277310924369748,0.16386554621848737,0.7756302521008404,54.134453781512605
mexc,BEAMXUSDC,BEAMX-USDC,BEAMX,USDC,True,1,True,0.001762,56981.458591,32684070.88,0.001759,171351.04,0.001767,97140.48,45.377197958025974,171.64722816,1e-06,0.0,0.0,1.0,0.0,0.0,exchangeInfo.quotePrecision/baseSizePrecision/quoteAmountPrecision,1,False,0.4714285714285714,0.4054621848739496,0.9025210084033614,54.115546218487395
mexc,FORTHUSDT,FORTH-USDT,FORTH,USDT,True,1,True,0.2572,66699.9372,274336.86,0.2575,189.59,0.2584,13.43,34.89048265167714,3.4703120000000003,0.0001,0.0001,0.0001,1.0,0.0,0.0005,exchangeInfo.quotePrecision/baseSizePrecision/quoteAmountPrecision,1,False,0.6134453781512605,0.5495798319327732,0.3315126050420168,54.109243697478995
mexc,APTUSDC,APT-USDC,APT,USDC,True,1,True,0.8481,56533.6776,65841.11,0.8471,75.1,0.8501,493.71,35.35234503888761,63.61720999999999,0.0001,0.0,0.0,1.0,0.0,0.0,exchangeInfo.quotePrecision/baseSizePrecision/quoteAmountPrecision,1,False,0.4445378151260504,0.5453781512605043,0.8012605042016807,54.109243697478995
mexc,WOOUSDT,WOO-USDT,WOO,USDT,True,1,True,0.01685,158739.57982,9407701.36,0.0168,71.43,0.01689,56809.94,53.42831700801413,1.200024,1e-05,0.001,0.001,1.0,0.0,0.0005,exchangeInfo.quotePrecision/baseSizePrecision/quoteAmountPrecision,1,False,0.8134453781512605,0.3214285714285714,0.06554621848739496,54.08613445378151
mexc,ARCSOLUSDT,ARCSOL-USDT,ARCSOL,USDT,True,1,True,0.05469,97889.31695,1843241.2,0.05443,71.52,0.05473,9370.81,54.96518871381488,3.8928336,1e-05,0.0,0.0,1.0,0.0,0.0005,exchangeInfo.quotePrecision/baseSizePrecision/quoteAmountPrecision,1,False,0.715546218487395,0.3105042016806723,0.3483193277310924,54.084033613445385
mexc,GEVONUSDT,GEVON-USDT,GEVON,USDT,True,1,True,899.77,57060.9,63.501,896.3,0.452,900.64,0.313,48.3043395995418,281.90032,0.01,0.0,0.0,1.0,0.0,0.0005,exchangeInfo.quotePrecision/baseSizePrecision/quoteAmountPrecision,1,False,0.47436974789915964,0.37184873949579833,0.934453781512605,54.07563025210085
mexc,HOOKUSDT,HOOK-USDT,HOOK,USDT,True,1,True,0.007763,82689.267078,10493673.9,0.007704,3960.07,0.007804,6148.19,128.96569512509706,30.50837928,1e-06,0.01,0.01,1.0,0.0,0.0005,exchangeInfo.quotePrecision/baseSizePrecision/quoteAmountPrecision,1,False,0.680672268907563,0.0953781512605042,0.7113445378151261,54.0483193277311
mexc,TXNONUSDT,TXNON-USDT,TXNON,USDT,True,1,True,194.99,56566.79,290.598,194.35,2.256,195.22,2.045,44.66463023333442,399.2249,0.01,0.0,0.0,1.0,0.0,0.0005,exchangeInfo.quotePrecision/baseSizePrecision/quoteAmountPrecision,1,False,0.4470588235294118,0.4121848739495798,0.9533613445378152,53.960084033613455
mexc,A2ZUSDT,A2Z-USDT,A2Z,USDT,True,1,True,0.0001095,207762.78599884,1721077822.26,0.0001095,2815738.34,0.00011081,17159.4,118.92333530025867,1.9014331140000003,1e-08,0.0,0.0,1.0,0.0,0.0005,exchangeInfo.quotePrecision/baseSizePrecision/quoteAmountPrecision,1,False,0.8504201680672269,0.10798319327731087,0.2235294117647059,53.943277310924366
mexc,LVVAUSDT,LVVA-USDT,LVVA,USDT,True,1,True,0.0004327,113163.8766066,229517040.63,0.0004315,2549.25,0.0004333,61927.3,41.62812210915794,1.1000013750000002,1e-07,0.0,0.0,1.0,0.0,0.0005,exchangeInfo.quotePrecision/baseSizePrecision/quoteAmountPrecision,1,False,0.7563025210084033,0.4516806722689075,0.05126050420168067,53.91386554621849
mexc,SPLDUSDT,SPLD-USDT,SPLD,USDT,True,1,True,0.2721,64076.5393,236956.87,0.2713,36.86,0.2725,268.8,44.133872747334834,10.000117999999999,0.0001,0.0,0.0,1.0,0.0,0.0005,exchangeInfo.quotePrecision/baseSizePrecision/quoteAmountPrecision,1,False,0.5970588235294118,0.4201680672268907,0.5281512605042017,53.905462184873954
mexc,GSONUSDT,GSON-USDT,GSON,USDT,True,1,True,866.1,58741.99,67.899,864.06,0.009,866.68,0.097,30.27606688468522,7.776539999999999,0.01,0.0,0.0,1.0,0.0,0.0005,exchangeInfo.quotePrecision/baseSizePrecision/quoteAmountPrecision,1,False,0.5289915966386555,0.6058823529411765,0.4827731092436975,53.89705882352942
mexc,NIZAUSDT,NIZA-USDT,NIZA,USDT,True,1,True,0.03886,102307.5944,2647769.24,0.03883,72.21,0.03904,260.01,53.93604725824962,2.8039143,1e-05,0.0,0.0,1.0,0.0,0.0005,exchangeInfo.quotePrecision/baseSizePrecision/quoteAmountPrecision,1,False,0.730672268907563,0.3180672268907563,0.28781512605042014,53.89495798319328
mexc,GAMEVIRTUALUSDT,GAMEVIRTUAL-USDT,GAMEVIRTUAL,USDT,True,1,True,0.008576,56812.231348,6562363.98,0.008572,357.27,0.008578,10113.15,6.997084548105885,3.06251844,1e-06,0.0,0.0,1.0,0.0,0.0005,exchangeInfo.quotePrecision/baseSizePrecision/quoteAmountPrecision,1,False,0.4634453781512605,0.8928571428571429,0.3029411764705882,53.86974789915966
mexc,GEMSUSDT,GEMS-USDT,GEMS,USDT,True,1,True,0.00709,82405.06899,11550776.53,0.00706,2615.46,0.00712,5270.26,84.6262341325801,18.4651476,1e-05,0.0,0.0,1.0,0.0,0.0005,exchangeInfo.quotePrecision/baseSizePrecision/quoteAmountPrecision,1,False,0.6794117647058824,0.15756302521008403,0.6264705882352941,53.836134453781526
mexc,NTRNUSDT,NTRN-USDT,NTRN,USDT,True,1,True,0.003708,128347.589573,42601233.99,0.003684,1344.48,0.003708,573.06,64.93506493506416,2.12490648,1e-06,0.0,0.0,1.0,0.0,0.0005,exchangeInfo.quotePrecision/baseSizePrecision/quoteAmountPrecision,1,False,0.7785714285714286,0.24285714285714288,0.24705882352941178,53.834033613445385
mexc,CSCOONUSDT,CSCOON-USDT,CSCOON,USDT,True,1,True,79.48,56403.89,709.11,79.43,4.0,79.69,0.53,32.67973856209036,42.2357,0.01,0.0,0.0,1.0,0.0,0.0005,exchangeInfo.quotePrecision/baseSizePrecision/quoteAmountPrecision,1,False,0.4394957983193277,0.5794117647058823,0.7546218487394958,53.75
mexc,NEOUSDC,NEO-USDC,NEO,USDC,True,1,True,2.835,57197.463,20568.5,2.828,25.92,2.84,87.51,42.34297812279468,73.30176,0.001,0.0,0.0,1.0,0.0,0.0,exchangeInfo.quotePrecision/baseSizePrecision/quoteAmountPrecision,1,False,0.47983193277310926,0.44201680672268906,0.8151260504201681,53.743697478991606
mexc,POWERUSDT,POWER-USDT,POWER,USDT,True,1,True,0.07607,56938.71761,744042.92,0.076,79.0,0.07612,182.62,15.777018143570224,6.004,1e-05,0.0,0.0,1.0,0.0,0.0005,exchangeInfo.quotePrecision/baseSizePrecision/quoteAmountPrecision,1,False,0.469327731092437,0.76890756302521,0.43487394957983194,53.73319327731092
mexc,RABIUSDT,RABI-USDT,RABI,USDT,True,1,True,0.0006965,60870.2072024,87066847.88,0.000694,45672.7,0.0006976,83382.79,51.739005461340724,31.696853799999996,1e-07,0.0,0.0,1.0,0.0,0.0005,exchangeInfo.quotePrecision/baseSizePrecision/quoteAmountPrecision,1,False,0.5638655462184874,0.33613445378151263,0.7147058823529412,53.71008403361345
mexc,AMEUSDT,AME-USDT,AME,USDT,True,1,True,0.0002875,63461.8784987,223740918.59,0.0002872,69.64,0.0002875,72463.75,10.440229685053325,0.020000608,1e-07,0.0001,0.0001,1.0,0.0,0.0005,exchangeInfo.quotePrecision/baseSizePrecision/quoteAmountPrecision,1,False,0.592436974789916,0.8310924369747898,0.017226890756302522,53.70588235294118
mexc,RIVNONUSDT,RIVNON-USDT,RIVNON,USDT,True,1,True,15.37,56443.87,3673.26,15.34,22.28,15.4,6.29,39.037085230969744,96.866,0.01,0.0,0.0,1.0,0.0,0.0005,exchangeInfo.quotePrecision/baseSizePrecision/quoteAmountPrecision,1,False,0.44159663865546217,0.4920168067226891,0.8558823529411764,53.70588235294118
mexc,PGVERSEUSDT,PGVERSE-USDT,PGVERSE,USDT,True,1,True,0.0001081,472291.6745364,3303043452.72,0.0001073,8387.69,0.0001087,97623.1,129.62962962962902,0.8999991370000001,1e-07,0.0,0.0,1.0,0.0,0.0005,exchangeInfo.quotePrecision/baseSizePrecision/quoteAmountPrecision,1,False,0.9218487394957983,0.09201680672268908,0.03361344537815126,53.67436974789916
mexc,MUONUSDT,MUON-USDT,MUON,USDT,True,1,True,362.91,62123.42,170.669,362.85,0.171,364.67,0.054,50.032988783813316,19.69218,0.01,0.0,0.0,1.0,0.0,0.0005,exchangeInfo.quotePrecision/baseSizePrecision/quoteAmountPrecision,1,False,0.5836134453781513,0.3521008403361344,0.6365546218487395,53.63235294117648
mexc,LKTUSDT,LKT-USDT,LKT,USDT,True,1,True,0.1194,585748.37,3700730.27,0.1179,10.18,0.1214,211.88,292.5198495612193,1.2002220000000001,0.0001,0.0,0.0,1.0,0.0,0.0005,exchangeInfo.quotePrecision/baseSizePrecision/quoteAmountPrecision,1,False,0.9361344537815126,0.02941176470588236,0.07016806722689076,53.62605042016807
mexc,AIXTUSDT,AIXT-USDT,AIXT,USDT,True,1,True,0.08757,58382.15969,664698.21,0.08758,350.42,0.08759,0.04,1.1417480162123792,0.0035036,1e-05,0.0,0.0,1.0,0.0,0.0005,exchangeInfo.quotePrecision/baseSizePrecision/quoteAmountPrecision,1,False,0.5210084033613446,0.9865546218487395,0.013445378151260505,53.58823529411766
mexc,IVVONUSDT,IVVON-USDT,IVVON,USDT,True,1,True,662.36,54111.43,81.642,662.31,0.467,663.64,0.464,20.061088276330796,307.92896,0.01,0.0,0.0,1.0,0.0,0.0005,exchangeInfo.quotePrecision/baseSizePrecision/quoteAmountPrecision,1,False,0.30462184873949577,0.7180672268907563,0.9428571428571428,53.563025210084035
mexc,FARTCOINUSDC,FARTCOIN-USDC,FARTCOIN,USDC,True,1,True,0.1635,78646.1414,478062.2,0.1631,76.84,0.1637,8.75,36.719706242351116,1.4323750000000002,0.0001,0.0,0.0,1.0,0.0,0.0,exchangeInfo.quotePrecision/baseSizePrecision/quoteAmountPrecision,1,False,0.6672268907563025,0.5289915966386555,0.18067226890756302,53.535714285714285
mexc,NAPUSDT,NAP-USDT,NAP,USDT,True,1,True,0.3452,69334.3171,198292.31,0.3444,72.0,0.3468,70.08,69.44444444444483,24.303744,0.0001,0.0,0.0,1.0,0.0,0.0005,exchangeInfo.quotePrecision/baseSizePrecision/quoteAmountPrecision,1,False,0.6281512605042017,0.21932773109243697,0.673109243697479,53.4936974789916
mexc,NODEUSDT,NODE-USDT,NODE,USDT,True,1,True,0.01246,56803.8893,4544211.58,0.01242,15863.24,0.01247,5299.84,40.176777822418394,66.0890048,1e-05,0.0,0.0,1.0,0.0,0.0005,exchangeInfo.quotePrecision/baseSizePrecision/quoteAmountPrecision,1,False,0.46176470588235297,0.47773109243697476,0.8054621848739496,53.44957983193278
mexc,FONUSDT,FON-USDT,FON,USDT,True,1,True,11.61,55818.28,4805.02,11.6,32.89,11.64,7.96,34.42340791738461,92.65440000000001,0.01,0.0,0.0,1.0,0.0,0.0005,exchangeInfo.quotePrecision/baseSizePrecision/quoteAmountPrecision,1,False,0.4092436974789916,0.5567226890756303,0.85,53.4264705882353
mexc,RIOTONUSDT,RIOTON-USDT,RIOTON,USDT,True,1,True,12.931,55478.387,4289.4,12.911,20.49,12.958,32.5,36.336928369864005,264.54639,0.001,0.0,0.0,1.0,0.0,0.0005,exchangeInfo.quotePrecision/baseSizePrecision/quoteAmountPrecision,1,False,0.38865546218487396,0.5348739495798319,0.930672268907563,53.36134453781513
mexc,COLLECTUSDT,COLLECT-USDT,COLLECT,USDT,True,1,True,0.04379,164604.47798,3932300.54,0.04362,27.64,0.04388,12819.15,59.428571428572184,1.2056568,1e-05,0.0,0.0,1.0,0.0,0.0005,exchangeInfo.quotePrecision/baseSizePrecision/quoteAmountPrecision,1,False,0.8172268907563025,0.2739495798319328,0.07647058823529412,53.325630252100844
mexc,ALCHUSDT,ALCH-USDT,ALCH,USDT,True,1,True,0.06409,61074.05354,963504.43,0.06398,9906.49,0.06415,44.44,26.535549832202218,2.8508259999999996,1e-05,0.0,0.0,1.0,0.0,0.0005,exchangeInfo.quotePrecision/baseSizePrecision/quoteAmountPrecision,1,False,0.5676470588235294,0.6504201680672269,0.2920168067226891,53.32142857142858
mexc,SOONUSDT,SOON-USDT,SOON,USDT,True,1,True,0.1172,68656.3251,601160.63,0.1169,105.36,0.1172,11.2,25.63007261853863,1.3126399999999998,0.0001,0.0,0.0,1.0,0.0,0.0005,exchangeInfo.quotePrecision/baseSizePrecision/quoteAmountPrecision,1,False,0.6235294117647059,0.6592436974789916,0.12352941176470589,53.24579831932773
mexc,CAWUSDT,CAW-USDT,CAW,USDT,True,1,True,3.1189e-08,68139.96773539345,2187083314094.0,3.1173e-08,440922125.0,3.135e-08,4131553540.0,56.61916414759439,13.744865402624999,1e-12,100000.0,100000.0,1.0,0.0,0.0005,exchangeInfo.quotePrecision/baseSizePrecision/quoteAmountPrecision,1,False,0.6210084033613446,0.29579831932773104,0.58109243697479,53.17226890756302
mexc,BBAIONUSDT,BBAION-USDT,BBAION,USDT,True,1,True,3.574,54775.281,15320.29,3.57,93.87,3.58,66.13,27.972027972028616,236.7454,0.001,0.0,0.0,1.0,0.0,0.0005,exchangeInfo.quotePrecision/baseSizePrecision/quoteAmountPrecision,1,False,0.3415966386554622,0.6361344537815126,0.9226890756302522,53.14495798319327
mexc,FTUSDT,FT-USDT,FT,USDT,True,1,True,0.09394,58465.51089,619602.68,0.09372,284.3,0.09413,1803.81,43.65184988022438,26.644596,1e-05,0.0,0.0,1.0,0.0,0.0005,exchangeInfo.quotePrecision/baseSizePrecision/quoteAmountPrecision,1,False,0.5226890756302521,0.42605042016806727,0.6861344537815126,53.1218487394958
mexc,KASEUR,KAS-EUR,KAS,EUR,True,1,True,0.02688,59453.66064,2207836.84,0.02684,1415.23,0.02693,238.68,33.47591593825546,6.4276524,1e-05,0.0,0.0,1.0,0.0,0.0,exchangeInfo.quotePrecision/baseSizePrecision/quoteAmountPrecision,1,False,0.5436974789915966,0.5680672268907563,0.4504201680672269,53.113445378151255
mexc,HELLOUSDT,HELLO-USDT,HELLO,USDT,True,1,True,0.002116,112470.803103,52589831.83,0.0021,5485.71,0.002129,3500.0,137.14826200047267,7.451499999999999,1e-06,0.0,0.0,1.0,0.0,0.0005,exchangeInfo.quotePrecision/baseSizePrecision/quoteAmountPrecision,1,False,0.7546218487394958,0.0836134453781513,0.4756302521008403,53.10714285714286
mexc,QUBICUSDC,QUBIC-USDC,QUBIC,USDC,True,1,True,8.969e-07,70676.8960615592,77796084555.0,8.99e-07,6039013.0,9.032e-07,5616863698.0,46.6096992564643,5.429072687,1e-10,0.0,0.0,1.0,0.0,0.0,exchangeInfo.quotePrecision/baseSizePrecision/quoteAmountPrecision,1,False,0.6365546218487395,0.392436974789916,0.4092436974789916,53.00630252100841
mexc,FORTUSDT,FORT-USDT,FORT,USDT,True,1,True,0.01358,57180.41902,4356027.34,0.01354,4390.18,0.01358,888.87,29.49852507374639,12.0708546,1e-05,0.01,0.01,1.0,0.0,0.0005,exchangeInfo.quotePrecision/baseSizePrecision/quoteAmountPrecision,1,False,0.47941176470588237,0.6142857142857143,0.5617647058823529,52.960084033613455
mexc,SKYUSDC,SKY-USDC,SKY,USDC,True,1,True,0.07449,55087.28394,740200.6,0.07441,6740.97,0.07467,15635.65,34.88060101958631,501.59557770000004,1e-05,0.0,0.0,1.0,0.0,0.0,exchangeInfo.quotePrecision/baseSizePrecision/quoteAmountPrecision,1,False,0.36176470588235293,0.55,0.9638655462184874,52.924369747899156
mexc,GAGUSDT,GAG-USDT,GAG,USDT,True,1,True,0.004375,61050.071586,13874201.5,0.004366,916.17,0.00438,1598.17,32.014635261834265,3.9999982199999997,1e-06,0.0,0.0,1.0,0.0,0.0005,exchangeInfo.quotePrecision/baseSizePrecision/quoteAmountPrecision,1,False,0.5672268907563025,0.5865546218487395,0.35294117647058826,52.92016806722689
mexc,BPUSDC,BP-USDC,BP,USDC,True,1,True,0.1492,59262.4366,390194.65,0.1486,1218.0,0.1497,1218.0,73.75125712370028,180.9948,0.0001,0.0,0.0,1.0,0.0,0.0,exchangeInfo.quotePrecision/baseSizePrecision/quoteAmountPrecision,1,False,0.542016806722689,0.19999999999999996,0.9054621848739496,52.92016806722689
mexc,PONKEUSDT,PONKE-USDT,PONKE,USDT,True,1,True,0.02692,62287.34406,2335036.56,0.02688,65.72,0.02695,134.89,26.007802340702437,1.7665536,1e-05,0.0,0.0,1.0,0.0,0.0005,exchangeInfo.quotePrecision/baseSizePrecision/quoteAmountPrecision,1,False,0.5857142857142857,0.6554621848739496,0.21386554621848738,52.878151260504204
mexc,PIUSDE,PI-USDE,PI,USDE,True,1,True,0.17325,56401.48331,330323.48,0.17331,300.0,0.17396,4146.51,37.43484896478312,51.992999999999995,1e-05,0.0,0.0,1.0,0.0,0.0,exchangeInfo.quotePrecision/baseSizePrecision/quoteAmountPrecision,1,False,0.43907563025210083,0.5197478991596638,0.7857142857142857,52.85714285714286
mexc,CVXUSDC,CVX-USDC,CVX,USDC,True,1,True,1.706,57402.517,33543.82,1.702,41.76,1.71,41.76,46.89331770222747,71.07552,0.001,0.0,0.0,1.0,0.0,0.0,exchangeInfo.quotePrecision/baseSizePrecision/quoteAmountPrecision,1,False,0.48823529411764705,0.3886554621848739,0.8109243697478992,52.78781512605042
mexc,ZENUSDC,ZEN-USDC,ZEN,USDC,True,1,True,5.175,56423.15,10977.64,5.163,557.68,5.183,12.74,38.66228494103919,66.03142,0.001,0.0,0.0,1.0,0.0,0.0,exchangeInfo.quotePrecision/baseSizePrecision/quoteAmountPrecision,1,False,0.4403361344537815,0.49789915966386555,0.8050420168067227,52.76680672268908
mexc,R2USDT,R2-USDT,R2,USDT,True,1,True,0.003992,73133.18882,18011533.59,0.003982,7057.08,0.003993,300.0,27.586206896551037,1.1979,1e-06,0.0,0.0,1.0,0.0,0.0005,exchangeInfo.quotePrecision/baseSizePrecision/quoteAmountPrecision,1,False,0.646218487394958,0.638235294117647,0.06092436974789916,52.71638655462185
mexc,SGOVONUSDT,SGOVON-USDT,SGOVON,USDT,True,1,True,100.71,54706.99,542.37,100.64,2.15,100.82,0.48,17.86955226843965,48.39359999999999,0.01,0.0,0.0,1.0,0.0,0.0005,exchangeInfo.quotePrecision/baseSizePrecision/quoteAmountPrecision,1,False,0.3373949579831933,0.7453781512605042,0.7752100840336135,52.695378151260506
mexc,JASMYUSDT,JASMY-USDT,JASMY,USDT,True,1,True,0.005305,69100.381349,13024435.05,0.005299,2719.14,0.005313,235.31,26.385224274406564,1.25020203,1e-06,0.0001,0.0001,1.0,0.0,0.0005,exchangeInfo.quotePrecision/baseSizePrecision/quoteAmountPrecision,1,False,0.6264705882352941,0.6521008403361345,0.09453781512605042,52.649159663865554
mexc,BIOUSDC,BIO-USDC,BIO,USDC,True,1,True,0.01714,58812.61729,3467108.08,0.01709,2748.06,0.01718,2510.9,52.52407353370283,43.13726200000001,1e-05,0.0,0.0,1.0,0.0,0.0,exchangeInfo.quotePrecision/baseSizePrecision/quoteAmountPrecision,1,False,0.530672268907563,0.3298319327731093,0.7584033613445378,52.60084033613446
mexc,OMGUSDT,OMG-USDT,OMG,USDT,True,1,True,0.05375,56833.39887,1054157.72,0.0537,15000.0,0.05378,92.64,14.886490509862986,4.9821792,1e-05,0.0001,0.0001,1.0,0.0,0.0005,exchangeInfo.quotePrecision/baseSizePrecision/quoteAmountPrecision,1,False,0.4642857142857143,0.7773109243697479,0.3802521008403361,52.57352941176472
mexc,BOBAUSDT,BOBA-USDT,BOBA,USDT,True,1,True,0.02129,65383.9754,3116834.13,0.02125,12894.16,0.02132,94.0,32.88700963119434,2.00408,1e-05,0.0001,0.0001,1.0,0.0,0.0005,exchangeInfo.quotePrecision/baseSizePrecision/quoteAmountPrecision,1,False,0.607563025210084,0.576890756302521,0.2365546218487395,52.56932773109244
mexc,YGGUSDC,YGG-USDC,YGG,USDC,True,1,True,0.0353,57804.90059,1653674.02,0.03525,2576.7,0.03538,384.0,36.81155316437919,13.585920000000002,1e-05,0.0,0.0,1.0,0.0,0.0,exchangeInfo.quotePrecision/baseSizePrecision/quoteAmountPrecision,1,False,0.5058823529411764,0.5264705882352941,0.5789915966386555,52.565126050420176
mexc,HOMEUSDC,HOME-USDC,HOME,USDC,True,1,True,0.02003,57542.39983,3057125.13,0.02,3744.0,0.0201,4624.64,49.87531172069796,74.88,1e-05,0.0,0.0,1.0,0.0,0.0,exchangeInfo.quotePrecision/baseSizePrecision/quoteAmountPrecision,1,False,0.4966386554621849,0.3558823529411764,0.8176470588235294,52.565126050420176
mexc,IMUUSDT,IMU-USDT,IMU,USDT,True,1,True,0.002915,82644.308287,32317357.22,0.002852,10021.98,0.002911,16497.51,204.7544681589451,28.582686959999997,1e-06,0.0,0.0,1.0,0.0,0.0005,exchangeInfo.quotePrecision/baseSizePrecision/quoteAmountPrecision,1,False,0.6802521008403362,0.04831932773109249,0.6970588235294117,52.56302521008405
mexc,PGONUSDT,PGON-USDT,PGON,USDT,True,1,True,145.45,58269.87,399.46,145.42,1.8,146.43,2.59,69.21363714236898,261.756,0.01,0.0,0.0,1.0,0.0,0.0005,exchangeInfo.quotePrecision/baseSizePrecision/quoteAmountPrecision,1,False,0.5172268907563026,0.22100840336134453,0.9285714285714286,52.54411764705883
mexc,PIPPINUSDC,PIPPIN-USDC,PIPPIN,USDC,True,1,True,0.02825,60074.39209,1334103.35,0.0282,4785.54,0.02837,1582.02,60.10252784161217,44.881907399999996,1e-05,0.0,0.0,1.0,0.0,0.0,exchangeInfo.quotePrecision/baseSizePrecision/quoteAmountPrecision,1,False,0.5546218487394958,0.2697478991596639,0.7642857142857142,52.533613445378144
mexc,WDCONUSDT,WDCON-USDT,WDCON,USDT,True,1,True,294.63,57410.21,195.477,292.89,1.043,294.66,1.612,60.250191473067446,305.48427,0.01,0.0,0.0,1.0,0.0,0.0005,exchangeInfo.quotePrecision/baseSizePrecision/quoteAmountPrecision,1,False,0.4894957983193277,0.26848739495798324,0.9420168067226891,52.47478991596639
mexc,GLQUSDT,GLQ-USDT,GLQ,USDT,True,1,True,0.004242,57318.071423,13834102.13,0.004239,4005.5,0.004244,603.92,11.788282447249,2.56303648,1e-06,0.0001,0.0001,1.0,0.0,0.0005,exchangeInfo.quotePrecision/baseSizePrecision/quoteAmountPrecision,1,False,0.48361344537815126,0.8134453781512605,0.27647058823529413,52.46428571428572
mexc,AAPLXUSDT,AAPLX-USDT,AAPLX,USDT,True,1,True,254.73,58813.87,230.935,254.18,0.16,255.52,0.539,52.57994898960185,40.668800000000005,0.01,0.0,0.0,1.0,0.0,0.0005,exchangeInfo.quotePrecision/baseSizePrecision/quoteAmountPrecision,1,False,0.5310924369747899,0.3289915966386555,0.7504201680672269,52.44327731092437
mexc,FUELUSDT,FUEL-USDT,FUEL,USDT,True,1,True,0.00092,89739.8204,97543332.16,0.00091,142050.43,0.00092,12000.0,109.28961748633907,11.040000000000001,1e-05,0.0,0.0,1.0,0.0,0.0005,exchangeInfo.quotePrecision/baseSizePrecision/quoteAmountPrecision,1,False,0.6974789915966386,0.12142857142857144,0.5512605042016807,52.42226890756303
mexc,XCHUSDT,XCH-USDT,XCH,USDT,True,1,True,2.39,71633.346,29654.4232,2.388,0.5161,2.395,0.592,29.270332427347345,1.2324468,0.001,0.0001,0.0001,1.0,0.0,0.0005,exchangeInfo.quotePrecision/baseSizePrecision/quoteAmountPrecision,1,False,0.6407563025210085,0.6180672268907563,0.0861344537815126,52.415966386554636
mexc,MAPUSDT,MAP-USDT,MAP,USDT,True,1,True,0.00224,82002.81207,36619380.47,0.00225,888.88,0.00226,585374.38,44.3458980044347,1.9999799999999999,1e-05,0.0,0.0,1.0,0.0,0.0005,exchangeInfo.quotePrecision/baseSizePrecision/quoteAmountPrecision,1,False,0.6781512605042017,0.41848739495798315,0.23151260504201682,52.39075630252101
mexc,DAOUSDT,DAO-USDT,DAO,USDT,True,1,True,0.05694,133287.4915,2459387.75,0.05752,1144.43,0.05783,19.32,53.74945817078418,1.1172756,1e-05,0.1,0.1,1.0,0.0,0.0005,exchangeInfo.quotePrecision/baseSizePrecision/quoteAmountPrecision,1,False,0.7865546218487395,0.31974789915966384,0.05588235294117647,52.37184873949581
mexc,OXTUSDT,OXT-USDT,OXT,USDT,True,1,True,0.01503,81106.76112,5301058.99,0.01499,17216.93,0.01505,90.86,39.94673768308875,1.367443,1e-05,0.0001,0.0001,1.0,0.0,0.0005,exchangeInfo.quotePrecision/baseSizePrecision/quoteAmountPrecision,1,False,0.6756302521008404,0.4802521008403361,0.15966386554621848,52.359243697478995
mexc,LDOUSDC,LDO-USDC,LDO,USDC,True,1,True,0.3137,56385.9304,178031.31,0.3131,461.46,0.3143,160.32,38.253108065031384,50.388576,0.0001,0.0,0.0,1.0,0.0,0.0,exchangeInfo.quotePrecision/baseSizePrecision/quoteAmountPrecision,1,False,0.43781512605042017,0.5046218487394958,0.7827731092436975,52.35084033613445
mexc,DASHUSDC,DASH-USDC,DASH,USDC,True,1,True,29.91,55110.56,1827.116376,29.86,14.31168,29.97,26.14912,36.770850743773835,427.3467648,0.01,0.0,0.0,1.0,0.0,0.0,exchangeInfo.quotePrecision/baseSizePrecision/quoteAmountPrecision,1,False,0.3630252100840336,0.5277310924369748,0.957983193277311,52.319327731092436
mexc,AIDOGEUSDT,AIDOGE-USDT,AIDOGE,USDT,True,1,True,9.996e-12,59149.56166081379,5881849377938240.0,9.994e-12,151149153038936.0,1.0001e-11,2870615413.0,7.001750437609677,0.028709024745413,1e-15,0.0,0.0,1.0,0.0,0.0005,exchangeInfo.quotePrecision/baseSizePrecision/quoteAmountPrecision,1,False,0.5386554621848739,0.892016806722689,0.018487394957983194,52.29621848739497
mexc,IJHONUSDT,IJHON-USDT,IJHON,USDT,True,1,True,68.64,57818.81,842.27,68.54,0.13,68.77,6.45,33.500837520936535,8.910200000000001,0.01,0.0,0.0,1.0,0.0,0.0005,exchangeInfo.quotePrecision/baseSizePrecision/quoteAmountPrecision,1,False,0.5063025210084033,0.5676470588235294,0.5105042016806722,52.247899159663866
mexc,HDNUSDT,HDN-USDT,HDN,USDT,True,1,True,0.02818,70177.47746,2493194.55,0.02815,426.05,0.0283,247.34,53.14437555358631,6.999722,1e-05,0.0,0.0,1.0,0.0,0.0005,exchangeInfo.quotePrecision/baseSizePrecision/quoteAmountPrecision,1,False,0.6331932773109243,0.32352941176470584,0.46638655462184875,52.241596638655466
mexc,FREEDOMUSDT,FREEDOM-USDT,FREEDOM,USDT,True,1,True,3.723e-08,32359.38284479521,870736868958.0,3.722e-08,2686294525.0,3.723e-08,2685717355.0,2.686366689054324,99.98388222049999,1e-11,10000000.0,10000000.0,1.0,0.0,0.0005,exchangeInfo.quotePrecision/baseSizePrecision/quoteAmountPrecision,1,False,0.1957983193277311,0.9684873949579832,0.8626050420168068,52.23319327731093
mexc,PUMPBTCUSDT,PUMPBTC-USDT,PUMPBTC,USDT,True,1,True,0.01688,59979.56741,3610635.08,0.01678,5869.12,0.01691,15075.76,77.17423567824378,98.4838336,1e-05,0.0,0.0,1.0,0.0,0.0005,exchangeInfo.quotePrecision/baseSizePrecision/quoteAmountPrecision,1,False,0.5529411764705883,0.18487394957983194,0.8579831932773109,52.193277310924366
mexc,ASMUSDT,ASM-USDT,ASM,USDT,True,1,True,0.08737,60437.60316,677287.79,0.08722,1712.21,0.08761,126.0,44.614768632384326,11.03886,1e-05,0.01,0.01,1.0,0.0,0.0005,exchangeInfo.quotePrecision/baseSizePrecision/quoteAmountPrecision,1,False,0.5596638655462185,0.4134453781512605,0.5508403361344538,52.13445378151261
mexc,BKSUSDT,BKS-USDT,BKS,USDT,True,1,True,0.0007191,97605.6204339,143827768.01,0.0007146,41122.4,0.0007233,12246.88,121.00980596703442,8.858168304,1e-07,0.0,0.0,1.0,0.0,0.0005,exchangeInfo.quotePrecision/baseSizePrecision/quoteAmountPrecision,1,False,0.7147058823529412,0.10462184873949576,0.5100840336134453,52.12605042016807
mexc,ACHUSDC,ACH-USDC,ACH,USDC,True,1,True,0.006233,56770.767317,9355978.08,0.00623,112273.92,0.00626,17414.33,48.038430744595104,109.01370580000001,1e-06,0.0,0.0,1.0,0.0,0.0,exchangeInfo.quotePrecision/baseSizePrecision/quoteAmountPrecision,1,False,0.4592436974789916,0.3764705882352941,0.8726890756302521,52.12394957983193
mexc,BIDUONUSDT,BIDUON-USDT,BIDUON,USDT,True,1,True,110.15,56906.34,515.447,110.11,3.502,110.72,2.421,55.24611692251954,268.05312,0.01,0.0,0.0,1.0,0.0,0.0005,exchangeInfo.quotePrecision/baseSizePrecision/quoteAmountPrecision,1,False,0.4680672268907563,0.30798319327731094,0.9310924369747899,52.065126050420176
mexc,NSTUSDT,NST-USDT,NST,USDT,True,1,True,1.221,58851.868,47532.82,1.221,8.9,1.225,4.48,32.706459525756365,5.488000000000001,0.001,0.0,0.0,1.0,0.0,0.0005,exchangeInfo.quotePrecision/baseSizePrecision/quoteAmountPrecision,1,False,0.5323529411764706,0.5785714285714285,0.4147058823529412,52.037815126050425
mexc,EDGEUSDC,EDGE-USDC,EDGE,USDC,True,1,True,1.1407,58383.5439,63205.78,1.1294,48.0,1.1356,43.18,54.746136865342024,49.035208,0.0001,0.0,0.0,1.0,0.0,0.0,exchangeInfo.quotePrecision/baseSizePrecision/quoteAmountPrecision,1,False,0.5214285714285715,0.31176470588235294,0.7760504201680672,51.993697478991606
mexc,MMTUSDC,MMT-USDC,MMT,USDC,True,1,True,0.11,56649.5,515223.92,0.11,806.4,0.1105,4637.38,45.35147392290253,88.704,0.0001,0.0,0.0,1.0,0.0,0.0,exchangeInfo.quotePrecision/baseSizePrecision/quoteAmountPrecision,1,False,0.4542016806722689,0.40588235294117647,0.8411764705882353,51.95168067226891
mexc,OKLOONUSDT,OKLOON-USDT,OKLOON,USDT,True,1,True,48.43,57709.31,1191.78,48.35,6.86,48.51,0.17,33.037373528803755,8.2467,0.01,0.0,0.0,1.0,0.0,0.0005,exchangeInfo.quotePrecision/baseSizePrecision/quoteAmountPrecision,1,False,0.5021008403361344,0.5747899159663865,0.4953781512605042,51.89285714285714
mexc,PRAIUSDT,PRAI-USDT,PRAI,USDT,True,1,True,0.001404,57329.893046,40504745.7,0.001404,40025.21,0.001406,1838.9,14.234875444838659,2.5854934,1e-06,0.0,0.0,1.0,0.0,0.0005,exchangeInfo.quotePrecision/baseSizePrecision/quoteAmountPrecision,1,False,0.4857142857142857,0.784453781512605,0.2773109243697479,51.87184873949581
mexc,NYMUSDT,NYM-USDT,NYM,USDT,True,1,True,0.03425,57337.81441,1678444.2,0.03418,730.14,0.03432,730.14,40.87591240875948,24.9561852,1e-05,1e-06,1e-06,1.0,0.0,0.0005,exchangeInfo.quotePrecision/baseSizePrecision/quoteAmountPrecision,1,False,0.4861344537815126,0.4642857142857143,0.6760504201680673,51.8655462184874
mexc,XTERUSDT,XTER-USDT,XTER,USDT,True,1,True,0.0179,69409.24437,3841341.83,0.01783,723.84,0.01795,3370.0,67.07657909446733,12.906067199999999,1e-05,0.0,0.0,1.0,0.0,0.0005,exchangeInfo.quotePrecision/baseSizePrecision/quoteAmountPrecision,1,False,0.6294117647058823,0.23109243697478987,0.5718487394957983,51.831932773109244
mexc,MXNUSDT,MXN-USDT,MXN,USDT,True,1,True,0.05319,66392.59155,1244029.39,0.0531,1313456.75,0.05357,592.15,88.12224617980655,31.721475499999997,1e-05,0.0,0.0,1.0,0.0,0.0005,exchangeInfo.quotePrecision/baseSizePrecision/quoteAmountPrecision,1,False,0.6121848739495799,0.15378151260504203,0.715546218487395,51.82563025210085
mexc,SMURFCATUSDT,SMURFCAT-USDT,SMURFCAT,USDT,True,1,True,6.406e-06,56025.929971023,8740829509.74,6.405e-06,682694753.9,6.41e-06,596324.48,7.803355442840348,3.8224399167999996,1e-09,0.0,0.0,1.0,0.0,0.0005,exchangeInfo.quotePrecision/baseSizePrecision/quoteAmountPrecision,1,False,0.4180672268907563,0.8756302521008403,0.34663865546218486,51.81722689075631
mexc,FAIUSDT,FAI-USDT,FAI,USDT,True,1,True,0.003757,61130.303974,15704169.52,0.003752,1950.0,0.003767,1500.0,39.89892272908585,5.6505,1e-06,0.0,0.0,1.0,0.0,0.0005,exchangeInfo.quotePrecision/baseSizePrecision/quoteAmountPrecision,1,False,0.5689075630252101,0.480672268907563,0.42521008403361343,51.8109243697479
mexc,CETUSUSDC,CETUS-USDC,CETUS,USDC,True,1,True,0.01901,59085.22956,3070111.46,0.01896,1210.86,0.01905,1020.83,47.35595895816879,19.446811500000003,1e-05,0.0,0.0,1.0,0.0,0.0,exchangeInfo.quotePrecision/baseSizePrecision/quoteAmountPrecision,1,False,0.5369747899159664,0.384453781512605,0.6331932773109243,51.80882352941176
mexc,UNPONUSDT,UNPON-USDT,UNPON,USDT,True,1,True,241.21,55154.27,228.515,241.04,1.374,241.85,0.426,33.548013005032296,103.0281,0.01,0.0,0.0,1.0,0.0,0.0005,exchangeInfo.quotePrecision/baseSizePrecision/quoteAmountPrecision,1,False,0.3689075630252101,0.5668067226890756,0.8672268907563025,51.804621848739494
mexc,CUDISUSDT,CUDIS-USDT,CUDIS,USDT,True,1,True,0.007714,58887.898575,7624169.14,0.007708,5000.0,0.007751,10629.2,55.63102399896565,38.54,1e-06,0.0,0.0,1.0,0.0,0.0005,exchangeInfo.quotePrecision/baseSizePrecision/quoteAmountPrecision,1,False,0.5331932773109244,0.30378151260504205,0.7436974789915967,51.794117647058826
mexc,PNICUSDT,PNIC-USDT,PNIC,USDT,True,1,True,0.005411,85812.183835,16123848.93,0.005378,16957.77,0.005418,1138.69,74.10151908114135,6.16942242,1e-06,0.0,0.0,1.0,0.0,0.0005,exchangeInfo.quotePrecision/baseSizePrecision/quoteAmountPrecision,1,False,0.6907563025210084,0.19747899159663862,0.44243697478991595,51.77731092436974
mexc,COINXUSDT,COINX-USDT,COINX,USDT,True,1,True,170.6,57758.54,337.49,170.49,0.01,170.72,0.01,13.48143372116818,1.7049,0.01,0.0,0.0,1.0,0.0,0.0005,exchangeInfo.quotePrecision/baseSizePrecision/quoteAmountPrecision,1,False,0.5046218487394958,0.7915966386554621,0.21092436974789916,51.76260504201681
mexc,CESSUSDT,CESS-USDT,CESS,USDT,True,1,True,0.002738,64317.072931,23522333.9,0.002725,9670.44,0.002745,26010.42,73.12614259597825,26.351949,1e-06,0.0,0.0,1.0,0.0,0.0005,exchangeInfo.quotePrecision/baseSizePrecision/quoteAmountPrecision,1,False,0.5987394957983193,0.20378151260504207,0.6831932773109244,51.6890756302521
mexc,TREEUSDT,TREE-USDT,TREE,USDT,True,1,True,0.0563,53793.39926,951238.41,0.05618,13943.84,0.05633,27141.12,26.664296506976687,783.3649312,1e-05,0.0,0.0,1.0,0.0,0.0005,exchangeInfo.quotePrecision/baseSizePrecision/quoteAmountPrecision,1,False,0.28907563025210087,0.6491596638655462,0.9764705882352941,51.657563025210095
mexc,ERAUSDC,ERA-USDC,ERA,USDC,True,1,True,0.1239,55539.749,452454.02,0.1237,1610.43,0.1242,2219.2,40.3388463089956,199.210191,0.0001,0.0,0.0,1.0,0.0,0.0,exchangeInfo.quotePrecision/baseSizePrecision/quoteAmountPrecision,1,False,0.39201680672268907,0.47478991596638653,0.9105042016806723,51.640756302521005
mexc,LBTCUSDT,LBTC-USDT,LBTC,USDT,True,1,True,67308.31,55082.52,0.820455,67308.31,5.3e-05,67308.32,0.000371,0.0014857005422455197,3.56734043,0.01,0.0,0.0,1.0,0.0,0.0005,exchangeInfo.quotePrecision/baseSizePrecision/quoteAmountPrecision,1,False,0.36134453781512604,0.9995798319327731,0.3378151260504202,51.61974789915966
mexc,IMTUSDT,IMT-USDT,IMT,USDT,True,1,True,0.003212,59256.964526,18155717.31,0.0032,31250.0,0.003217,8173.63,52.984260557892014,26.29456771,1e-06,0.0,0.0,1.0,0.0,0.0005,exchangeInfo.quotePrecision/baseSizePrecision/quoteAmountPrecision,1,False,0.5415966386554621,0.3252100840336134,0.6827731092436975,51.57352941176471
mexc,BABAONUSDT,BABAON-USDT,BABAON,USDT,True,1,True,121.71,58045.61,476.763,121.32,3.489,122.0,0.451,55.89347361499316,55.022,0.01,0.0,0.0,1.0,0.0,0.0005,exchangeInfo.quotePrecision/baseSizePrecision/quoteAmountPrecision,1,False,0.5126050420168067,0.3008403361344538,0.7907563025210084,51.52941176470589
mexc,MOVEUSDT,MOVE-USDT,MOVE,USDT,True,1,True,0.01749,123008.42009,6978949.44,0.01742,5741.38,0.01753,75.26,62.94706723891215,1.3193078,1e-05,0.0,0.0,1.0,0.0,0.0005,exchangeInfo.quotePrecision/baseSizePrecision/quoteAmountPrecision,1,False,0.7714285714285715,0.255672268907563,0.13529411764705881,51.52626050420168
mexc,LLYONUSDT,LLYON-USDT,LLYON,USDT,True,1,True,940.62,57707.09,61.515,935.1,0.323,940.95,0.121,62.36507555768794,113.85495,0.01,0.0,0.0,1.0,0.0,0.0005,exchangeInfo.quotePrecision/baseSizePrecision/quoteAmountPrecision,1,False,0.5012605042016807,0.25672268907563023,0.8756302521008403,51.5
mexc,EIGENUSDC,EIGEN-USDC,EIGEN,USDC,True,1,True,0.1516,56909.3889,374900.38,0.151,4272.56,0.1519,2008.7,59.42555298778554,305.12153,0.0001,0.0,0.0,1.0,0.0,0.0,exchangeInfo.quotePrecision/baseSizePrecision/quoteAmountPrecision,1,False,0.4684873949579832,0.2743697478991597,0.9415966386554622,51.45798319327732
mexc,ANETONUSDT,ANETON-USDT,ANETON,USDT,True,1,True,126.08,57032.42,451.812,125.89,2.4,126.66,3.185,60.978024153632624,302.13599999999997,0.01,0.0,0.0,1.0,0.0,0.0005,exchangeInfo.quotePrecision/baseSizePrecision/quoteAmountPrecision,1,False,0.473109243697479,0.26386554621848735,0.9407563025210084,51.4327731092437
mexc,URANUSUSDT,URANUS-USDT,URANUS,USDT,True,1,True,0.009552,61406.374657,6950837.81,0.00955,10415.42,0.009586,376.47,37.62541806020204,3.6088414200000005,1e-06,0.0,0.0,1.0,0.0,0.0005,exchangeInfo.quotePrecision/baseSizePrecision/quoteAmountPrecision,1,False,0.5756302521008403,0.5147058823529411,0.3411764705882353,51.35084033613445
mexc,XINUSDT,XIN-USDT,XIN,USDT,True,1,True,61.15,59402.08,975.528,60.85,0.292,61.15,2.853,49.180327868852,17.7682,0.01,0.0,0.0,1.0,0.0,0.0005,exchangeInfo.quotePrecision/baseSizePrecision/quoteAmountPrecision,1,False,0.5424369747899159,0.36302521008403366,0.6205882352941177,51.32142857142858
mexc,TAKEUSDT,TAKE-USDT,TAKE,USDT,True,1,True,0.01736,64559.36419,3679480.97,0.01732,1635.46,0.01739,190.77,40.33419763756878,3.3174903000000002,1e-05,0.0,0.0,1.0,0.0,0.0005,exchangeInfo.quotePrecision/baseSizePrecision/quoteAmountPrecision,1,False,0.6004201680672269,0.4752100840336134,0.32016806722689073,51.306722689075634
mexc,NEONUSDT,NEON-USDT,NEON,USDT,True,1,True,0.02925,68299.28065,2359762.64,0.02922,37.65,0.0293,985.19,27.341079972658992,1.100133,1e-05,0.0,0.0,1.0,0.0,0.0005,exchangeInfo.quotePrecision/baseSizePrecision/quoteAmountPrecision,1,False,0.6222689075630252,0.6411764705882352,0.052100840336134456,51.29621848739496
mexc,ROBOUSDC,ROBO-USDC,ROBO,USDC,True,1,True,0.0184,55891.77863,2948853.85,0.01836,49827.73,0.01844,8585.6,43.47826086956533,158.318464,1e-05,0.0,0.0,1.0,0.0,0.0,exchangeInfo.quotePrecision/baseSizePrecision/quoteAmountPrecision,1,False,0.41134453781512603,0.4285714285714286,0.8978991596638656,51.29621848739496
mexc,MATUSDT,MAT-USDT,MAT,USDT,True,1,True,0.03865,61664.54019,1639591.82,0.03857,60.68,0.0387,101.95,33.6482464086963,2.3404276,1e-05,0.0,0.0,1.0,0.0,0.0005,exchangeInfo.quotePrecision/baseSizePrecision/quoteAmountPrecision,1,False,0.5789915966386555,0.5659663865546218,0.2642857142857143,51.279411764705884
mexc,ALBONUSDT,ALBON-USDT,ALBON,USDT,True,1,True,178.09,55982.41,314.314,177.77,1.962,178.6,1.455,46.580800853045105,259.863,0.01,0.0,0.0,1.0,0.0,0.0005,exchangeInfo.quotePrecision/baseSizePrecision/quoteAmountPrecision,1,False,0.41596638655462187,0.3928571428571429,0.9281512605042017,51.262605042016816
mexc,DEGENUSDT,DEGEN-USDT,DEGEN,USDT,True,1,True,0.0006577,65323.4433691,97709148.25,0.0006573,10935.0,0.0006607,33435.0,51.59332321699505,7.1875754999999995,1e-07,0.0,0.0,1.0,0.0,0.0005,exchangeInfo.quotePrecision/baseSizePrecision/quoteAmountPrecision,1,False,0.6067226890756302,0.3378151260504202,0.4714285714285714,51.2436974789916
mexc,PPLTONUSDT,PPLTON-USDT,PPLTON,USDT,True,1,True,181.54,56883.03,315.28,180.54,1.87,181.64,2.29,60.743276823678535,337.6098,0.01,0.0,0.0,1.0,0.0,0.0005,exchangeInfo.quotePrecision/baseSizePrecision/quoteAmountPrecision,1,False,0.46596638655462186,0.2659663865546219,0.9478991596638655,51.235294117647065
mexc,RVVUSDT,RVV-USDT,RVV,USDT,True,1,True,0.0001716,54294.5182593,316686461.16,0.0001714,261340.68,0.0001717,1495807.91,17.487612940834,44.793792552,1e-07,0.0,0.0,1.0,0.0,0.0005,exchangeInfo.quotePrecision/baseSizePrecision/quoteAmountPrecision,1,False,0.31218487394957983,0.7508403361344538,0.7638655462184873,51.218487394957975
mexc,USELESSUSDC,USELESS-USDC,USELESS,USDC,True,1,True,0.03453,58018.31892,1714241.59,0.03443,8513.14,0.03471,21613.47,80.99508244142189,293.1074102,1e-05,0.0,0.0,1.0,0.0,0.0,exchangeInfo.quotePrecision/baseSizePrecision/quoteAmountPrecision,1,False,0.511344537815126,0.17184873949579826,0.9390756302521008,51.2016806722689
mexc,MSTRONUSDT,MSTRON-USDT,MSTRON,USDT,True,1,True,120.12,69032.87,575.721,119.78,2.607,120.39,0.045,50.79735187575462,5.417549999999999,0.01,0.0,0.0,1.0,0.0,0.0005,exchangeInfo.quotePrecision/baseSizePrecision/quoteAmountPrecision,1,False,0.6252100840336134,0.34369747899159664,0.4084033613445378,51.14705882352941
mexc,WMONUSDT,WMON-USDT,WMON,USDT,True,1,True,235.76,56578.59,240.712,235.49,1.654,236.76,1.02,53.78507146638356,241.49519999999998,0.01,0.0,0.0,1.0,0.0,0.0005,exchangeInfo.quotePrecision/baseSizePrecision/quoteAmountPrecision,1,False,0.44789915966386556,0.31932773109243695,0.9247899159663866,51.113445378151255
mexc,FWOGUSDT,FWOG-USDT,FWOG,USDT,True,1,True,0.00471,68469.1419,14070192.6,0.004705,1.13,0.004717,11162.45,25.472298874973163,0.005316649999999999,1e-06,0.0,0.0,1.0,0.0,0.0005,exchangeInfo.quotePrecision/baseSizePrecision/quoteAmountPrecision,1,False,0.6226890756302521,0.6617647058823529,0.015126050420168067,51.09453781512605
mexc,QRLUSDT,QRL-USDT,QRL,USDT,True,1,True,1.71365,91391.67963,50328.52,1.71194,1.0,1.72095,4.99,52.49221501417152,1.71194,1e-05,0.0,0.0,1.0,0.0,0.0005,exchangeInfo.quotePrecision/baseSizePrecision/quoteAmountPrecision,1,False,0.7016806722689075,0.33067226890756307,0.21134453781512605,51.08613445378152
mexc,ASSUSDT,ASS-USDT,ASS,USDT,True,1,True,6.848e-10,99852.71335302734,153007448688009.0,6.829e-10,2045106174.0,6.866e-10,3165237808.0,54.034319094560026,1.3966030062246,1e-13,0.0001,0.0001,1.0,0.0,0.0005,exchangeInfo.quotePrecision/baseSizePrecision/quoteAmountPrecision,1,False,0.7214285714285714,0.3172268907563025,0.1722689075630252,51.0546218487395
mexc,HTMUSDT,HTM-USDT,HTM,USDT,True,1,True,0.01414,100285.83493,7084424.53,0.01409,91.11,0.01416,1482.14,49.557522123894245,1.2837399,1e-05,0.0,0.0,1.0,0.0,0.0005,exchangeInfo.quotePrecision/baseSizePrecision/quoteAmountPrecision,1,False,0.726890756302521,0.35840336134453776,0.10546218487394958,51.04831932773109
mexc,GMEONUSDT,GMEON-USDT,GMEON,USDT,True,1,True,23.59,58171.8,2463.18,23.55,0.23,23.62,0.19,29.679881280474998,4.4878,0.01,0.0,0.0,1.0,0.0,0.0005,exchangeInfo.quotePrecision/baseSizePrecision/quoteAmountPrecision,1,False,0.5147058823529411,0.611764705882353,0.3680672268907563,50.964285714285715
mexc,AMIUSDT,AMI-USDT,AMI,USDT,True,1,True,0.006472,58444.266584,8982281.46,0.006463,9678.34,0.006479,392.02,24.725699273683183,2.53989758,1e-06,0.0,0.0,1.0,0.0,0.0005,exchangeInfo.quotePrecision/baseSizePrecision/quoteAmountPrecision,1,False,0.5218487394957984,0.6697478991596639,0.27563025210084036,50.95798319327732
mexc,FUTUONUSDT,FUTUON-USDT,FUTUON,USDT,True,1,True,139.95,55328.15,395.585,139.67,2.71,140.12,0.352,32.166982379643095,49.32224,0.01,0.0,0.0,1.0,0.0,0.0005,exchangeInfo.quotePrecision/baseSizePrecision/quoteAmountPrecision,1,False,0.3777310924369748,0.5852941176470587,0.7773109243697479,50.95378151260505
mexc,ARUSDC,AR-USDC,AR,USDC,True,1,True,1.692,57801.813,33886.03,1.687,8.36,1.694,2581.74,41.40786749482339,14.10332,0.001,0.0,0.0,1.0,0.0,0.0,exchangeInfo.quotePrecision/baseSizePrecision/quoteAmountPrecision,1,False,0.5054621848739496,0.4567226890756303,0.5865546218487395,50.94957983193278
mexc,STABLEUSDC,STABLE-USDC,STABLE,USDC,True,1,True,0.027305,56486.269151,2005505.95,0.027285,960.83,0.027382,764.41,35.48758849031403,20.93107462,1e-06,0.0,0.0,1.0,0.0,0.0,exchangeInfo.quotePrecision/baseSizePrecision/quoteAmountPrecision,1,False,0.44285714285714284,0.5436974789915967,0.6491596638655462,50.9327731092437
mexc,MELANIAUSDT,MELANIA-USDT,MELANIA,USDT,True,1,True,0.10813,60620.70375,553277.44,0.10811,13.12,0.10839,129.0,25.866050808314316,1.4184032,1e-05,0.0,0.0,1.0,0.0,0.0005,exchangeInfo.quotePrecision/baseSizePrecision/quoteAmountPrecision,1,False,0.5617647058823529,0.6567226890756303,0.17857142857142858,50.886554621848745
mexc,ARIUSDT,ARI-USDT,ARI,USDT,True,1,True,0.0006982,57139.2175985,76949512.74,0.0007049,141.86,0.0007051,5171.13,2.836879432624183,0.099997114,1e-07,0.0,0.0,1.0,0.0,0.0005,exchangeInfo.quotePrecision/baseSizePrecision/quoteAmountPrecision,1,False,0.4781512605042017,0.965546218487395,0.02142857142857143,50.8655462184874
mexc,HARRYUSDT,HARRY-USDT,HARRY,USDT,True,1,True,0.01665,61394.44755,3765849.7,0.01654,3586.41,0.01668,2567.42,84.28657435280026,42.8245656,1e-05,0.0,0.0,1.0,0.0,0.0005,exchangeInfo.quotePrecision/baseSizePrecision/quoteAmountPrecision,1,False,0.5747899159663865,0.15966386554621848,0.757563025210084,50.7563025210084
mexc,STRMUSDT,STRM-USDT,STRM,USDT,True,1,True,0.0002959,99806.1490464,327601812.88,0.0002924,31230.47,0.0003007,68387.76,279.8853481706284,9.131789428000001,1e-07,0.01,0.01,1.0,0.0,0.0005,exchangeInfo.quotePrecision/baseSizePrecision/quoteAmountPrecision,1,False,0.7205882352941176,0.031512605042016806,0.5159663865546219,50.73949579831933
mexc,SWEATUSDT,SWEAT-USDT,SWEAT,USDT,True,1,True,0.0003437,57030.3869407,166095833.24,0.0003434,5824.11,0.0003438,5316.29,11.64144353899912,1.827740502,1e-07,0.01,0.01,1.0,0.0,0.0005,exchangeInfo.quotePrecision/baseSizePrecision/quoteAmountPrecision,1,False,0.4726890756302521,0.8151260504201681,0.2180672268907563,50.7373949579832
mexc,MAJORUSDT,MAJOR-USDT,MAJOR,USDT,True,1,True,0.06151,56709.04468,912428.1,0.06138,492.85,0.06163,467.32,40.6471018616373,28.8009316,1e-05,0.0,0.0,1.0,0.0,0.0005,exchangeInfo.quotePrecision/baseSizePrecision/quoteAmountPrecision,1,False,0.45546218487394957,0.4680672268907563,0.6978991596638655,50.71008403361345
mexc,STATUSDT,STAT-USDT,STAT,USDT,True,1,True,0.02608,62608.16514,2409617.56,0.02598,461.9,0.02613,459.33,57.57052389176773,12.000162,1e-05,0.01,0.01,1.0,0.0,0.0005,exchangeInfo.quotePrecision/baseSizePrecision/quoteAmountPrecision,1,False,0.5878151260504202,0.28739495798319326,0.5596638655462185,50.707983193277315
mexc,CHILLGUYUSDT,CHILLGUY-USDT,CHILLGUY,USDT,True,1,True,0.008031,88755.007588,11242907.79,0.008029,2941.72,0.008063,148.83,42.25702212279523,1.2000162900000002,1e-06,0.0,0.0,1.0,0.0,0.0005,exchangeInfo.quotePrecision/baseSizePrecision/quoteAmountPrecision,1,False,0.696218487394958,0.4445378151260504,0.06470588235294118,50.69957983193277
mexc,LAUSDC,LA-USDC,LA,USDC,True,1,True,0.1778,55706.3743,305159.86,0.1774,12030.0,0.1782,1011.28,44.994375703036845,180.210096,0.0001,0.0,0.0,1.0,0.0,0.0,exchangeInfo.quotePrecision/baseSizePrecision/quoteAmountPrecision,1,False,0.4050420168067227,0.41050420168067225,0.9050420168067227,50.640756302521005
mexc,MARS4USDT,MARS4-USDT,MARS4,USDT,True,1,True,8.281e-05,69943.13638096,836378087.74,8.163e-05,1194877.27,8.317e-05,396779.07,186.89320388349543,33.000115251900006,1e-08,0.001,0.001,1.0,0.0,0.0005,exchangeInfo.quotePrecision/baseSizePrecision/quoteAmountPrecision,1,False,0.6319327731092437,0.055462184873949605,0.7226890756302521,50.596638655462186
mexc,BTXUSDT,BTX-USDT,BTX,USDT,True,1,True,0.011001,180235.313838,16304738.44,0.011,100.0,0.011093,14354.32,84.18956230480337,1.0999999999999999,1e-06,0.0,0.0,1.0,0.0,0.0005,exchangeInfo.quotePrecision/baseSizePrecision/quoteAmountPrecision,1,False,0.8285714285714286,0.16008403361344536,0.04978991596638655,50.56932773109245
mexc,XAVAUSDT,XAVA-USDT,XAVA,USDT,True,1,True,0.2557,57056.5327,224372.33,0.2555,15.67,0.256,12.9,19.550342130987307,3.3024,0.0001,0.0001,0.0001,1.0,0.0,0.0005,exchangeInfo.quotePrecision/baseSizePrecision/quoteAmountPrecision,1,False,0.47394957983193275,0.7252100840336134,0.31848739495798317,50.5672268907563
mexc,FRTUSDT,FRT-USDT,FRT,USDT,True,1,True,55.87,58267.48,974.84,55.76,0.18,55.99,0.39,41.163310961969394,10.0368,0.01,0.0,0.0,1.0,0.0,0.0005,exchangeInfo.quotePrecision/baseSizePrecision/quoteAmountPrecision,1,False,0.5168067226890757,0.4596638655462185,0.530672268907563,50.52941176470589
mexc,SAFE4USDT,SAFE4-USDT,SAFE4,USDT,True,1,True,1.502,156108.106,103940.42,1.483,6.74,1.515,1.35,213.47565043362113,2.04525,0.001,0.0,0.0,1.0,0.0,0.0005,exchangeInfo.quotePrecision/baseSizePrecision/quoteAmountPrecision,1,False,0.8100840336134454,0.04663865546218482,0.23991596638655463,50.518907563025216
mexc,RNBWUSDT,RNBW-USDT,RNBW,USDT,True,1,True,0.0165,59101.63813,3554395.99,0.01646,4316.66,0.01653,500.0,42.437102152167704,8.265,1e-05,0.0,0.0,1.0,0.0,0.0005,exchangeInfo.quotePrecision/baseSizePrecision/quoteAmountPrecision,1,False,0.5373949579831933,0.4399159663865546,0.496218487394958,50.47899159663866
mexc,JNJONUSDT,JNJON-USDT,JNJON,USDT,True,1,True,243.67,55402.47,227.116,243.44,1.196,244.51,1.689,43.85695255661413,291.15423999999996,0.01,0.0,0.0,1.0,0.0,0.0005,exchangeInfo.quotePrecision/baseSizePrecision/quoteAmountPrecision,1,False,0.38277310924369745,0.4247899159663866,0.938655462184874,50.44537815126051
mexc,ALLOUSDC,ALLO-USDC,ALLO,USDC,True,1,True,0.10377,55447.27259,530379.81,0.1037,3410.56,0.10415,2198.84,43.30045706038065,229.00918600000003,1e-05,0.0,0.0,1.0,0.0,0.0,exchangeInfo.quotePrecision/baseSizePrecision/quoteAmountPrecision,1,False,0.3869747899159664,0.42983193277310927,0.9201680672268907,50.4327731092437
mexc,FFUSDC,FF-USDC,FF,USDC,True,1,True,0.06921,53944.57941,773870.4,0.06916,23536.43,0.06938,9579.76,31.759780568788504,664.6437488,1e-05,0.0,0.0,1.0,0.0,0.0,exchangeInfo.quotePrecision/baseSizePrecision/quoteAmountPrecision,1,False,0.2949579831932773,0.588655462184874,0.9726890756302521,50.39285714285714
mexc,ROSEUSDC,ROSE-USDC,ROSE,USDC,True,1,True,0.00999,55862.98025,5587324.31,0.00997,33191.34,0.01002,116801.41,50.02501250625282,330.91765979999997,1e-05,0.0,0.0,1.0,0.0,0.0,exchangeInfo.quotePrecision/baseSizePrecision/quoteAmountPrecision,1,False,0.41092436974789914,0.3525210084033613,0.9470588235294117,50.35504201680673
mexc,KMNOUSDC,KMNO-USDC,KMNO,USDC,True,1,True,0.01748,55659.43229,3137205.08,0.01743,4579.78,0.0175,4233.6,40.08016032064163,74.08800000000001,1e-05,0.0,0.0,1.0,0.0,0.0,exchangeInfo.quotePrecision/baseSizePrecision/quoteAmountPrecision,1,False,0.4004201680672269,0.4794117647058823,0.8163865546218487,50.33613445378151
mexc,ARWUSDT,ARW-USDT,ARW,USDT,True,1,True,0.16586,33282.04807,191570.07,0.16584,560.19,0.16596,6139.25,7.233273056058408,92.9019096,1e-05,0.0,0.0,1.0,0.0,0.0005,exchangeInfo.quotePrecision/baseSizePrecision/quoteAmountPrecision,1,False,0.19873949579831932,0.888235294117647,0.8504201680672269,50.14495798319327
mexc,LRCXONUSDT,LRCXON-USDT,LRCXON,USDT,True,1,True,216.54,55064.52,254.209,216.26,1.159,217.09,0.647,38.30621899157782,140.45723,0.01,0.0,0.0,1.0,0.0,0.0005,exchangeInfo.quotePrecision/baseSizePrecision/quoteAmountPrecision,1,False,0.3588235294117647,0.5033613445378151,0.8911764705882353,50.142857142857146
mexc,GOATEDUSDT,GOATED-USDT,GOATED,USDT,True,1,True,0.02018,56809.57832,2823343.2,0.02013,528.57,0.0202,2584.15,34.71361269526438,10.6401141,1e-05,0.0,0.0,1.0,0.0,0.0005,exchangeInfo.quotePrecision/baseSizePrecision/quoteAmountPrecision,1,False,0.46302521008403363,0.5521008403361345,0.5424369747899159,50.117647058823536
mexc,ONDOUSDC,ONDO-USDC,ONDO,USDC,True,1,True,0.2597,54668.7722,209847.13,0.2588,3086.62,0.2597,641.76,34.71552555448455,166.66507199999998,0.0001,0.0,0.0,1.0,0.0,0.0,exchangeInfo.quotePrecision/baseSizePrecision/quoteAmountPrecision,1,False,0.33277310924369746,0.5516806722689076,0.9,50.09453781512605
mexc,PAWSUSDT,PAWS-USDT,PAWS,USDT,True,1,True,4.099e-06,57585.243239301,13850225038.6,4.091e-06,830879.67,4.102e-06,882324.22,26.852190894665092,3.3991287299700006,1e-09,0.0,0.0,1.0,0.0,0.0005,exchangeInfo.quotePrecision/baseSizePrecision/quoteAmountPrecision,1,False,0.49789915966386555,0.6462184873949579,0.326890756302521,50.07773109243697
mexc,COPUSDT,COP-USDT,COP,USDT,True,1,True,0.000259,58717.6122206,230124234.4,0.0002587,471592.25,0.0002613,480718.61,100.00000000000033,122.000915075,1e-07,0.0,0.0,1.0,0.0,0.0005,exchangeInfo.quotePrecision/baseSizePrecision/quoteAmountPrecision,1,False,0.5285714285714286,0.13361344537815123,0.8827731092436975,50.06722689075631
mexc,GORKUSDT,GORK-USDT,GORK,USDT,True,1,True,0.0013078,58704.7951524,43642718.57,0.0013074,6029.56,0.0013114,2251.76,30.548342752404768,2.952958064,1e-07,0.0,0.0,1.0,0.0,0.0005,exchangeInfo.quotePrecision/baseSizePrecision/quoteAmountPrecision,1,False,0.5281512605042017,0.6029411764705883,0.2957983193277311,50.03781512605043
mexc,PUBLICUSDT,PUBLIC-USDT,PUBLIC,USDT,True,1,True,0.01561,56481.08896,3632994.6,0.01559,301.58,0.01562,396.57,19.22460749759725,4.7016322,1e-05,0.0,0.0,1.0,0.0,0.0005,exchangeInfo.quotePrecision/baseSizePrecision/quoteAmountPrecision,1,False,0.44243697478991595,0.7281512605042018,0.3735294117647059,50.00840336134454
mexc,MORIUSDT,MORI-USDT,MORI,USDT,True,1,True,0.005158,83065.65734,16460283.42,0.005151,757.76,0.005187,756.08,69.64596633778211,3.90322176,1e-06,0.0,0.0,1.0,0.0,0.0005,exchangeInfo.quotePrecision/baseSizePrecision/quoteAmountPrecision,1,False,0.6831932773109244,0.2180672268907563,0.3487394957983193,50.00210084033614
mexc,PALUSDT,PAL-USDT,PAL,USDT,True,1,True,0.00132,60464.826569,45897950.24,0.001318,2664.55,0.001323,2497.57,37.864445285876656,3.30428511,1e-06,0.0,0.0,1.0,0.0,0.0005,exchangeInfo.quotePrecision/baseSizePrecision/quoteAmountPrecision,1,False,0.5600840336134454,0.511344537815126,0.31932773109243695,49.97478991596639
mexc,PITUSDT,PIT-USDT,PIT,USDT,True,1,True,1.498e-10,59907.591781082956,425567744576006.0,1.495e-10,54362351239.0,1.502e-10,97215216665.0,46.71338004671391,8.1271715102305,1e-13,10.0,10.0,1.0,0.0,0.0005,exchangeInfo.quotePrecision/baseSizePrecision/quoteAmountPrecision,1,False,0.5512605042016807,0.39075630252100846,0.4928571428571429,49.94537815126051
mexc,我踏马来了USDT,我踏马来了-USDT,我踏马来了,USDT,True,1,True,0.006848,94016.373275,13805860.75,0.006816,476.14,0.006869,1161.0,77.45706978443566,3.2453702399999997,1e-06,0.0,0.0,1.0,0.0,0.0005,exchangeInfo.quotePrecision/baseSizePrecision/quoteAmountPrecision,1,False,0.7092436974789916,0.18403361344537816,0.31596638655462184,49.92857142857143
mexc,LUMIAUSDT,LUMIA-USDT,LUMIA,USDT,True,1,True,0.07429,61654.69726,840615.61,0.0742,378.17,0.07481,982.36,81.87369975169443,28.060214000000002,1e-05,0.0,0.0,1.0,0.0,0.0005,exchangeInfo.quotePrecision/baseSizePrecision/quoteAmountPrecision,1,False,0.5785714285714286,0.1668067226890756,0.6957983193277311,49.90756302521009
mexc,PNGUSDT,PNG-USDT,PNG,USDT,True,1,True,0.0273,57066.54972,2064208.38,0.02728,98.58,0.02733,85.06,18.31166453030633,2.3246898000000003,1e-05,0.01,0.01,1.0,0.0,0.0005,exchangeInfo.quotePrecision/baseSizePrecision/quoteAmountPrecision,1,False,0.4752100840336134,0.7407563025210084,0.26260504201680673,49.90756302521009
mexc,BONEUSDT,BONE-USDT,BONE,USDT,True,1,True,0.05096,77467.41178,1488151.69,0.05068,590.56,0.05111,141.27,84.48767069456721,7.2203097000000005,1e-05,0.01,0.01,1.0,0.0,0.0005,exchangeInfo.quotePrecision/baseSizePrecision/quoteAmountPrecision,1,False,0.6634453781512605,0.1588235294117647,0.4718487394957983,49.897058823529406
mexc,TRUMPUSD1,TRUMP-USD1,TRUMP,USD1,True,1,True,2.793,58370.515,20557.2,2.787,2.36,2.798,250.67,39.3912264995528,6.577319999999999,0.001,0.0,0.0,1.0,0.0001,0.0001,exchangeInfo.quotePrecision/baseSizePrecision/quoteAmountPrecision,1,False,0.5205882352941177,0.48655462184873954,0.4546218487394958,49.888655462184886
mexc,NBISONUSDT,NBISON-USDT,NBISON,USDT,True,1,True,108.23,58071.65,535.77,108.12,2.25,108.69,0.22,52.58060052580537,23.9118,0.01,0.0,0.0,1.0,0.0,0.0005,exchangeInfo.quotePrecision/baseSizePrecision/quoteAmountPrecision,1,False,0.5130252100840336,0.3285714285714286,0.6722689075630253,49.87605042016806
mexc,WALUSDC,WAL-USDC,WAL,USDC,True,1,True,0.07143,56044.25959,787445.56,0.07114,415.02,0.07141,1100.35,37.8814451069809,29.524522799999996,1e-05,0.0,0.0,1.0,0.0,0.0,exchangeInfo.quotePrecision/baseSizePrecision/quoteAmountPrecision,1,False,0.4197478991596639,0.5105042016806722,0.7012605042016806,49.87394957983193
mexc,AALONUSDT,AALON-USDT,AALON,USDT,True,1,True,10.84,56411.06,5211.59,10.8,21.25,10.85,4.8,46.18937644341703,52.08,0.01,0.0,0.0,1.0,0.0,0.0005,exchangeInfo.quotePrecision/baseSizePrecision/quoteAmountPrecision,1,False,0.4399159663865546,0.3978991596638656,0.7861344537815126,49.865546218487395
mexc,PLUMEUSDC,PLUME-USDC,PLUME,USDC,True,1,True,0.009456,55739.720617,5778773.06,0.009442,80463.49,0.009487,16317.39,47.546093296000734,154.80307893,1e-06,0.0,0.0,1.0,0.0,0.0,exchangeInfo.quotePrecision/baseSizePrecision/quoteAmountPrecision,1,False,0.40672268907563025,0.38235294117647056,0.8966386554621849,49.86134453781513
mexc,LMTSUSDT,LMTS-USDT,LMTS,USDT,True,1,True,0.11602,59875.00661,530020.24,0.11602,1292.99,0.11705,453.34,88.38546359462849,53.063447,1e-05,0.0,0.0,1.0,0.0,0.0005,exchangeInfo.quotePrecision/baseSizePrecision/quoteAmountPrecision,1,False,0.5508403361344538,0.15210084033613447,0.7873949579831933,49.84663865546219
mexc,MOMOUSDT,MOMO-USDT,MOMO,USDT,True,1,True,0.001367,60935.502894,43559923.47,0.001361,40844.39,0.001372,23501.88,80.49762166117776,32.24457936,1e-06,0.0,0.0,1.0,0.0,0.0005,exchangeInfo.quotePrecision/baseSizePrecision/quoteAmountPrecision,1,False,0.5651260504201681,0.17310924369747904,0.7197478991596639,49.804621848739494
mexc,NAKAUSDC,NAKA-USDC,NAKA,USDC,True,1,True,0.0584,80677.4428,1382945.46,0.0582,233.6,0.0585,29.52,51.413881748072264,1.72692,0.0001,0.0,0.0,1.0,0.0,0.0,exchangeInfo.quotePrecision/baseSizePrecision/quoteAmountPrecision,1,False,0.6735294117647059,0.33991596638655464,0.21260504201680672,49.79411764705883
mexc,LUMIUSDT,LUMI-USDT,LUMI,USDT,True,1,True,0.001906,56024.801725,29251166.05,0.001898,17173.25,0.001903,5017.0,26.308866087871685,9.547350999999999,1e-06,0.0,0.0,1.0,0.0,0.0005,exchangeInfo.quotePrecision/baseSizePrecision/quoteAmountPrecision,1,False,0.4176470588235294,0.6529411764705882,0.5222689075630252,49.739495798319325
mexc,VRAUSDT,VRA-USDT,VRA,USDT,True,1,True,2.158e-05,82975.04725723,3751736114.19,2.151e-05,4178387.5,2.167e-05,200000.0,74.10838351088553,4.3340000000000005,1e-08,1.0,1.0,1.0,0.0,0.0005,exchangeInfo.quotePrecision/baseSizePrecision/quoteAmountPrecision,1,False,0.6827731092436975,0.19705882352941173,0.3626050420168067,49.73109243697479
mexc,WLFIUSDC,WLFI-USDC,WLFI,USDC,True,1,True,0.0986,56468.81203,571386.23,0.09835,301.92,0.09876,3583.5,41.60113642128697,29.693832000000004,1e-05,0.0,0.0,1.0,0.0,0.0,exchangeInfo.quotePrecision/baseSizePrecision/quoteAmountPrecision,1,False,0.44201680672268906,0.4529411764705882,0.7033613445378152,49.701680672268914
mexc,MAGICUSDC,MAGIC-USDC,MAGIC,USDC,True,1,True,0.05933,56962.1547,958699.55,0.05924,5678.62,0.05945,148.62,35.38630044654172,8.835459,1e-05,0.0,0.0,1.0,0.0,0.0,exchangeInfo.quotePrecision/baseSizePrecision/quoteAmountPrecision,1,False,0.47058823529411764,0.5445378151260505,0.5096638655462185,49.689075630252105
mexc,CRWVONUSDT,CRWVON-USDT,CRWVON,USDT,True,1,True,81.74,56249.81,689.31,81.41,4.16,81.83,1.28,51.45797598627808,104.7424,0.01,0.0,0.0,1.0,0.0,0.0005,exchangeInfo.quotePrecision/baseSizePrecision/quoteAmountPrecision,1,False,0.4323529411764706,0.33949579831932775,0.8680672268907563,49.628151260504204
mexc,PEOPLEUSDC,PEOPLE-USDC,PEOPLE,USDC,True,1,True,0.006566,55966.255,8744345.31,0.006558,25920.0,0.006591,65083.46,50.193931097421924,169.98335999999998,1e-06,0.0,0.0,1.0,0.0,0.0,exchangeInfo.quotePrecision/baseSizePrecision/quoteAmountPrecision,1,False,0.4151260504201681,0.3491596638655462,0.9012605042016807,49.58613445378152
mexc,XPRUSDT,XPR-USDT,XPR,USDT,True,1,True,0.0022495,91452.9265582,40954354.99,0.0022481,573.76,0.0022594,88242.95,50.13865779256845,1.289869856,1e-07,0.001,0.001,1.0,0.0,0.0005,exchangeInfo.quotePrecision/baseSizePrecision/quoteAmountPrecision,1,False,0.7021008403361344,0.35084033613445376,0.10966386554621849,49.57983193277311
mexc,NOCONUSDT,NOCON-USDT,NOCON,USDT,True,1,True,703.59,55942.77,79.387,703.49,0.412,707.17,0.333,52.17415961322998,235.48761,0.01,0.0,0.0,1.0,0.0,0.0005,exchangeInfo.quotePrecision/baseSizePrecision/quoteAmountPrecision,1,False,0.41386554621848737,0.3336134453781513,0.9218487394957983,49.53991596638655
mexc,COMPUSDC,COMP-USDC,COMP,USDC,True,1,True,16.96,55685.05,3316.93,16.92,48.73,16.99,3.35,41.28575641403523,56.9165,0.01,0.0,0.0,1.0,0.0,0.0,exchangeInfo.quotePrecision/baseSizePrecision/quoteAmountPrecision,1,False,0.40252100840336136,0.45924369747899163,0.7936974789915966,49.493697478991606
mexc,ETHFIUSD1,ETHFI-USD1,ETHFI,USD1,True,1,True,0.4412,56115.2885,126927.92,0.4402,89.98,0.442,74.35,40.80707322602638,32.8627,0.0001,0.0,0.0,1.0,0.0001,0.0001,exchangeInfo.quotePrecision/baseSizePrecision/quoteAmountPrecision,1,False,0.42394957983193277,0.4651260504201681,0.721218487394958,49.36974789915966
mexc,WUSDC,W-USDC,W,USDC,True,1,True,0.01321,56198.42346,4127734.13,0.01318,30257.18,0.01326,38380.39,60.514372163387655,398.7896324,1e-05,0.0,0.0,1.0,0.0,0.0,exchangeInfo.quotePrecision/baseSizePrecision/quoteAmountPrecision,1,False,0.42899159663865544,0.26722689075630257,0.9529411764705882,49.334033613445385
mexc,IDEXUSDT,IDEX-USDT,IDEX,USDT,True,1,True,0.00231,61625.300059,25952061.09,0.002304,4331.16,0.002313,977.52,38.986354775828005,2.26100376,1e-06,1.0,1.0,1.0,0.0,0.0005,exchangeInfo.quotePrecision/baseSizePrecision/quoteAmountPrecision,1,False,0.5777310924369747,0.4928571428571429,0.2596638655462185,49.28991596638655
mexc,ELUSDT,EL-USDT,EL,USDT,True,1,True,0.001829,107913.174145,59195196.68,0.001824,716.12,0.001836,777.69,65.57377049180249,1.30620288,1e-06,0.001,0.001,1.0,0.0,0.0005,exchangeInfo.quotePrecision/baseSizePrecision/quoteAmountPrecision,1,False,0.7445378151260504,0.24075630252100844,0.11554621848739496,49.279411764705884
mexc,PENDLEUSDC,PENDLE-USDC,PENDLE,USDC,True,1,True,1.066,55094.14,50924.22,1.064,906.5,1.069,1812.61,46.88232536333702,964.5160000000001,0.001,0.0,0.0,1.0,0.0,0.0,exchangeInfo.quotePrecision/baseSizePrecision/quoteAmountPrecision,1,False,0.3626050420168067,0.3890756302521008,0.9794117647058823,49.25840336134454
mexc,LOTUSDT,LOT-USDT,LOT,USDT,True,1,True,0.006884,64372.780272,9349077.25,0.006854,12974.0,0.006922,2911.61,98.72241579558704,20.15416442,1e-06,0.0,0.0,1.0,0.0,0.0005,exchangeInfo.quotePrecision/baseSizePrecision/quoteAmountPrecision,1,False,0.5991596638655462,0.1348739495798319,0.6428571428571429,49.182773109243705
mexc,114514USDT,114514-USDT,114514,USDT,True,1,True,0.0006993,69337.7419119,96656076.57,0.0006964,38650.71,0.0007158,42003.07,274.74861917575464,26.916354444,1e-07,0.0,0.0,1.0,0.0,0.0005,exchangeInfo.quotePrecision/baseSizePrecision/quoteAmountPrecision,1,False,0.6285714285714286,0.032773109243697474,0.6890756302521008,49.17226890756303
mexc,CPFCUSDT,CPFC-USDT,CPFC,USDT,True,1,True,0.03606,54065.11058,1499965.46,0.03602,2940.54,0.0361,1178.4,22.185246810869867,42.540240000000004,1e-05,0.01,0.01,1.0,0.0,0.0005,exchangeInfo.quotePrecision/baseSizePrecision/quoteAmountPrecision,1,False,0.30210084033613444,0.6957983193277311,0.7567226890756302,49.14495798319327
mexc,GAIBUSDT,GAIB-USDT,GAIB,USDT,True,1,True,0.02867,71563.70462,2366499.68,0.0286,1104.0,0.02871,41.8,38.387715930901756,1.200078,1e-05,0.0,0.0,1.0,0.0,0.0005,exchangeInfo.quotePrecision/baseSizePrecision/quoteAmountPrecision,1,False,0.6403361344537815,0.5021008403361344,0.0684873949579832,49.140756302521005
mexc,CVXONUSDT,CVXON-USDT,CVXON,USDT,True,1,True,202.62,56082.33,277.208,201.67,1.487,202.82,1.274,56.86172711315511,258.39268,0.01,0.0,0.0,1.0,0.0,0.0005,exchangeInfo.quotePrecision/baseSizePrecision/quoteAmountPrecision,1,False,0.423109243697479,0.2924369747899159,0.9273109243697479,49.128151260504204
mexc,SUNRISEUSDT,SUNRISE-USDT,SUNRISE,USDT,True,1,True,0.0015706,76329.3227427,48647256.53,0.0015665,6596.5,0.0015869,225379.6,129.3841567831551,10.33341725,1e-07,0.0,0.0,1.0,0.0,0.0005,exchangeInfo.quotePrecision/baseSizePrecision/quoteAmountPrecision,1,False,0.6563025210084034,0.09327731092436975,0.534453781512605,49.117647058823536
mexc,PONDUSDT,POND-USDT,POND,USDT,True,1,True,0.002227,74302.228188,33167746.41,0.002222,836.2,0.002233,886306.9,49.382716049383426,1.8580364,1e-06,0.001,0.001,1.0,0.0,0.0005,exchangeInfo.quotePrecision/baseSizePrecision/quoteAmountPrecision,1,False,0.6491596638655462,0.36008403361344543,0.22058823529411764,49.117647058823536
mexc,IBMONUSDT,IBMON-USDT,IBMON,USDT,True,1,True,249.61,55955.82,224.263,249.06,1.525,250.17,0.228,44.46848146145004,57.038759999999996,0.01,0.0,0.0,1.0,0.0,0.0005,exchangeInfo.quotePrecision/baseSizePrecision/quoteAmountPrecision,1,False,0.4142857142857143,0.4168067226890756,0.7945378151260504,49.096638655462186
mexc,CHEEMSUSDT,CHEEMS-USDT,CHEEMS,USDT,True,1,True,4.014e-07,199145.8087817034,479438204833.0,3.974e-07,2767992.0,4.034e-07,239119798.0,149.85014985015053,1.1000000208,1e-10,0.0,0.0,1.0,0.0,0.0005,exchangeInfo.quotePrecision/baseSizePrecision/quoteAmountPrecision,1,False,0.8407563025210084,0.07268907563025206,0.05084033613445378,49.075630252100844
mexc,DCUSDT,DC-USDT,DC,USDT,True,1,True,3.491e-06,57921.828139666,16164052439.08,3.484e-06,851653.98,3.494e-06,692592.97,28.661507595299238,2.4199198371799997,1e-09,0.001,0.001,1.0,0.0,0.0005,exchangeInfo.quotePrecision/baseSizePrecision/quoteAmountPrecision,1,False,0.5100840336134453,0.6239495798319328,0.2710084033613445,49.0735294117647
mexc,COPONUSDT,COPON-USDT,COPON,USDT,True,1,True,130.45,56426.94,432.532,130.12,3.228,130.86,0.827,56.70932638516431,108.22122,0.01,0.0,0.0,1.0,0.0,0.0005,exchangeInfo.quotePrecision/baseSizePrecision/quoteAmountPrecision,1,False,0.4407563025210084,0.29537815126050415,0.8722689075630252,49.07142857142857
mexc,CONUSDT,CON-USDT,CON,USDT,True,1,True,115.35,56598.24,491.74,114.82,2.52,115.42,0.5,52.11952744961853,57.71,0.01,0.0,0.0,1.0,0.0,0.0005,exchangeInfo.quotePrecision/baseSizePrecision/quoteAmountPrecision,1,False,0.4504201680672269,0.3340336134453782,0.795798319327731,49.03991596638656
mexc,SOMIUSDC,SOMI-USDC,SOMI,USDC,True,1,True,0.156,55679.997,359128.08,0.1555,3866.24,0.1563,1481.98,51.314945477870126,231.633474,0.0001,0.0,0.0,1.0,0.0,0.0,exchangeInfo.quotePrecision/baseSizePrecision/quoteAmountPrecision,1,False,0.40210084033613447,0.3403361344537815,0.9205882352941176,49.035714285714285
mexc,HVLOUSDT,HVLO-USDT,HVLO,USDT,True,1,True,7.994e-05,30951.62237257,380604633.55,7.993e-05,369797.8,7.994e-05,350167.63,1.2510164508656811,27.9924003422,1e-08,0.0,0.0,1.0,0.0,0.0005,exchangeInfo.quotePrecision/baseSizePrecision/quoteAmountPrecision,1,False,0.1915966386554622,0.9831932773109243,0.6949579831932773,49.016806722689076
mexc,HOUSEUSDT,HOUSE-USDT,HOUSE,USDT,True,1,True,0.001324,57968.582489,45246070.79,0.0013233,2251.69,0.0013274,2273.75,30.935224657638766,2.9796613769999998,1e-07,0.0,0.0,1.0,0.0,0.0005,exchangeInfo.quotePrecision/baseSizePrecision/quoteAmountPrecision,1,False,0.5109243697478991,0.5983193277310924,0.29789915966386554,49.01680672268907
mexc,DEFIUSDT,DEFI-USDT,DEFI,USDT,True,1,True,0.000326,67639.263821,205137346.73,0.000325,41176.45,0.000328,37461.01,91.8836140888214,12.287211280000001,1e-06,0.0,0.0,1.0,0.0,0.0005,exchangeInfo.quotePrecision/baseSizePrecision/quoteAmountPrecision,1,False,0.619327731092437,0.1470588235294118,0.5634453781512605,49.00840336134454
mexc,ESPORTSUSDT,ESPORTS-USDT,ESPORTS,USDT,True,1,True,0.36699,62025.39195,170817.23,0.36454,88.16,0.36891,120.23,119.16286045401979,32.137846399999994,1e-05,0.0,0.0,1.0,0.0,0.0005,exchangeInfo.quotePrecision/baseSizePrecision/quoteAmountPrecision,1,False,0.58109243697479,0.1071428571428571,0.7176470588235294,48.991596638655466
mexc,TLFUSDT,TLF-USDT,TLF,USDT,True,1,True,0.009991,64403.072214,6448487.72,0.009991,744.8,0.010028,133.21,36.964883360807804,1.3358298800000001,1e-06,0.0,0.0,1.0,0.0,0.0005,exchangeInfo.quotePrecision/baseSizePrecision/quoteAmountPrecision,1,False,0.6,0.5243697478991597,0.1411764705882353,48.932773109243705
mexc,ASTSONUSDT,ASTSON-USDT,ASTSON,USDT,True,1,True,91.73,56769.91,616.8,91.66,3.52,92.31,2.36,70.663695167691,217.8516,0.01,0.0,0.0,1.0,0.0,0.0005,exchangeInfo.quotePrecision/baseSizePrecision/quoteAmountPrecision,1,False,0.4588235294117647,0.21512605042016808,0.9142857142857143,48.89915966386555
mexc,EWJONUSDT,EWJON-USDT,EWJON,USDT,True,1,True,85.06,57729.32,679.82,84.84,0.1,85.15,0.06,36.47273369021734,5.109,0.01,0.0,0.0,1.0,0.0,0.0005,exchangeInfo.quotePrecision/baseSizePrecision/quoteAmountPrecision,1,False,0.5033613445378151,0.5323529411764706,0.3915966386554622,48.825630252100844
mexc,SAHARAUSDC,SAHARA-USDC,SAHARA,USDC,True,1,True,0.02089,55583.2802,2666608.66,0.02084,3916.16,0.02093,3456.0,43.09312903998075,72.33408,1e-05,0.0,0.0,1.0,0.0,0.0,exchangeInfo.quotePrecision/baseSizePrecision/quoteAmountPrecision,1,False,0.3941176470588235,0.43214285714285716,0.8144957983193277,48.76995798319328
mexc,ALPHUSDT,ALPH-USDT,ALPH,USDT,True,1,True,0.04813,76305.67073,1604925.37,0.04799,70.15,0.04828,61.93,60.24722135660238,2.9899804000000003,1e-05,0.0,0.0,1.0,0.0,0.0005,exchangeInfo.quotePrecision/baseSizePrecision/quoteAmountPrecision,1,False,0.6558823529411765,0.26890756302521013,0.29831932773109243,48.762605042016816
mexc,ARTYUSDT,ARTY-USDT,ARTY,USDT,True,1,True,0.06697,57609.6547,857082.55,0.06675,320.0,0.06702,109.29,40.36779546983516,7.3246158,1e-05,0.0,0.0,1.0,0.0,0.0005,exchangeInfo.quotePrecision/baseSizePrecision/quoteAmountPrecision,1,False,0.49873949579831933,0.47394957983193275,0.4726890756302521,48.733193277310924
mexc,ECHOUSDT,ECHO-USDT,ECHO,USDT,True,1,True,0.009099,61357.597994,6645277.86,0.009016,4778.04,0.009112,3277.52,105.91350397175707,29.86476224,1e-06,0.0,0.0,1.0,0.0,0.0005,exchangeInfo.quotePrecision/baseSizePrecision/quoteAmountPrecision,1,False,0.573109243697479,0.12436974789915967,0.704201680672269,48.714285714285715
mexc,YBUSDC,YB-USDC,YB,USDC,True,1,True,0.1322,57674.3432,438373.61,0.1322,22.69,0.1326,22.62,30.211480362536527,2.999412,0.0001,0.0,0.0,1.0,0.0,0.0,exchangeInfo.quotePrecision/baseSizePrecision/quoteAmountPrecision,1,False,0.5,0.6075630252100841,0.2995798319327731,48.680672268907564
mexc,ESTVUSDT,ESTV-USDT,ESTV,USDT,True,1,True,1.917,96555.938,49603.15,1.91,2.61,1.939,5.21,150.68849051701812,4.985099999999999,0.001,0.0,0.0,1.0,0.0,0.0005,exchangeInfo.quotePrecision/baseSizePrecision/quoteAmountPrecision,1,False,0.7138655462184874,0.07100840336134451,0.380672268907563,48.65126050420169
mexc,CUSDC,C-USDC,C,USDC,True,1,True,0.08302,57323.06377,786068.27,0.08278,190.49,0.08316,2111.62,45.799686633722004,15.768762200000001,1e-05,0.0,0.0,1.0,0.0,0.0,exchangeInfo.quotePrecision/baseSizePrecision/quoteAmountPrecision,1,False,0.48445378151260504,0.39915966386554624,0.6,48.62394957983194
mexc,SHOPONUSDT,SHOPON-USDT,SHOPON,USDT,True,1,True,117.89,56862.09,482.529,117.51,3.843,118.19,0.456,57.700466694950585,53.89464,0.01,0.0,0.0,1.0,0.0,0.0005,exchangeInfo.quotePrecision/baseSizePrecision/quoteAmountPrecision,1,False,0.46554621848739497,0.28697478991596637,0.7894957983193277,48.569327731092436
mexc,NVOONUSDT,NVOON-USDT,NVOON,USDT,True,1,True,36.72,54936.5,1496.44,36.65,12.09,36.77,1.02,32.688640697358906,37.5054,0.01,0.0,0.0,1.0,0.0,0.0005,exchangeInfo.quotePrecision/baseSizePrecision/quoteAmountPrecision,1,False,0.35042016806722687,0.5789915966386554,0.7403361344537815,48.5546218487395
mexc,BUTTCOINUSDT,BUTTCOIN-USDT,BUTTCOIN,USDT,True,1,True,0.009999,60897.829247,6020323.04,0.009913,6907.0,0.010022,3298.01,109.35540506646572,33.05265622,1e-06,0.0,0.0,1.0,0.0,0.0005,exchangeInfo.quotePrecision/baseSizePrecision/quoteAmountPrecision,1,False,0.5647058823529412,0.12100840336134455,0.723109243697479,48.54621848739496
mexc,SXPUSDT,SXP-USDT,SXP,USDT,True,1,True,0.001688,91021.471035,51832399.48,0.001682,1413.03,0.001695,3244.83,76.99141249629844,2.37671646,1e-06,1.0,1.0,1.0,0.0,0.0005,exchangeInfo.quotePrecision/baseSizePrecision/quoteAmountPrecision,1,False,0.7008403361344537,0.18571428571428572,0.2672268907563025,48.53361344537815
mexc,MATHUSDT,MATH-USDT,MATH,USDT,True,1,True,0.02696,100050.8768,3625555.92,0.0269,41.3,0.02705,196.96,55.60704355885109,1.11097,1e-05,0.0001,0.0001,1.0,0.0,0.0005,exchangeInfo.quotePrecision/baseSizePrecision/quoteAmountPrecision,1,False,0.723109243697479,0.3046218487394958,0.05420168067226891,48.47058823529412
mexc,ADBEONUSDT,ADBEON-USDT,ADBEON,USDT,True,1,True,243.57,55619.55,228.887,242.56,1.491,243.59,0.197,42.37375295690635,47.987230000000004,0.01,0.0,0.0,1.0,0.0,0.0005,exchangeInfo.quotePrecision/baseSizePrecision/quoteAmountPrecision,1,False,0.39915966386554624,0.44159663865546217,0.7735294117647059,48.46428571428572
mexc,HIVEUSDC,HIVE-USDC,HIVE,USDC,True,1,True,0.05992,54657.99541,927575.71,0.05979,2038.88,0.06002,3107.2,38.39412402971273,121.90463520000002,1e-05,0.0,0.0,1.0,0.0,0.0,exchangeInfo.quotePrecision/baseSizePrecision/quoteAmountPrecision,1,False,0.3323529411764706,0.5012605042016807,0.8823529411764706,48.45798319327731
mexc,BLASTUSDT,BLAST-USDT,BLAST,USDT,True,1,True,0.0004492,54034.3839978,119806361.25,0.0004485,120000.0,0.0004497,120000.0,26.720106880426965,53.82,1e-07,0.0,0.0,1.0,0.0,0.0005,exchangeInfo.quotePrecision/baseSizePrecision/quoteAmountPrecision,1,False,0.2987394957983193,0.6483193277310924,0.7890756302521008,48.42016806722689
mexc,GUNUSDC,GUN-USDC,GUN,USDC,True,1,True,0.01529,55329.43561,3577898.63,0.01526,9692.16,0.01533,7737.45,45.76659038901643,118.61510849999999,1e-05,0.0,0.0,1.0,0.0,0.0,exchangeInfo.quotePrecision/baseSizePrecision/quoteAmountPrecision,1,False,0.37815126050420167,0.4004201680672269,0.8794117647058823,48.39705882352941
mexc,METUSDC,MET-USDC,MET,USDC,True,1,True,0.1284,56002.6757,426374.43,0.128,391.17,0.1286,4394.82,46.76539360872872,50.06976,0.0001,0.0,0.0,1.0,0.0,0.0,exchangeInfo.quotePrecision/baseSizePrecision/quoteAmountPrecision,1,False,0.41722689075630254,0.39033613445378146,0.7815126050420168,48.33613445378152
mexc,AMZNONUSDT,AMZNON-USDT,AMZNON,USDT,True,1,True,209.97,56755.47,271.039,209.1,0.07,209.97,1.864,41.520509700050326,14.637,0.01,0.0,0.0,1.0,0.0,0.0005,exchangeInfo.quotePrecision/baseSizePrecision/quoteAmountPrecision,1,False,0.457563025210084,0.45504201680672274,0.5890756302521009,48.3235294117647
mexc,WSDMUSDT,WSDM-USDT,WSDM,USDT,True,1,True,0.0001613,110650.9866645,684987796.99,0.0001594,12766.62,0.0001615,73772.04,130.88189467123695,2.034999228,1e-07,0.0,0.0,1.0,0.0,0.0005,exchangeInfo.quotePrecision/baseSizePrecision/quoteAmountPrecision,1,False,0.7504201680672269,0.08991596638655464,0.23949579831932774,48.3109243697479
mexc,TROLLSOLUSDT,TROLLSOL-USDT,TROLLSOL,USDT,True,1,True,0.011408,77532.448222,6589922.18,0.011387,98.75,0.011437,10108.29,43.81352961794576,1.12446625,1e-06,0.0,0.0,1.0,0.0,0.0005,exchangeInfo.quotePrecision/baseSizePrecision/quoteAmountPrecision,1,False,0.6638655462184874,0.4252100840336135,0.05756302521008403,48.294117647058826
mexc,BMNRONUSDT,BMNRON-USDT,BMNRON,USDT,True,1,True,19.37,55588.86,2867.45,19.35,22.39,19.41,0.7,30.95975232198076,13.587,0.01,0.0,0.0,1.0,0.0,0.0005,exchangeInfo.quotePrecision/baseSizePrecision/quoteAmountPrecision,1,False,0.3953781512605042,0.5970588235294118,0.5794117647058824,48.260504201680675
mexc,ZKPUSDC,ZKP-USDC,ZKP,USDC,True,1,True,0.06727,60084.12668,886647.56,0.06706,125.08,0.06743,5294.28,55.02267826604346,8.3878648,1e-05,0.0,0.0,1.0,0.0,0.0,exchangeInfo.quotePrecision/baseSizePrecision/quoteAmountPrecision,1,False,0.5550420168067227,0.3100840336134454,0.49873949579831933,48.25420168067227
mexc,SN3USDT,SN3-USDT,SN3,USDT,True,1,True,0.0007065,55329.7182484,73911839.93,0.000706,74792.19,0.0007068,5113.4,11.325028312571055,3.61415112,1e-07,0.0,0.0,1.0,0.0,0.0005,exchangeInfo.quotePrecision/baseSizePrecision/quoteAmountPrecision,1,False,0.37857142857142856,0.8197478991596638,0.3415966386554622,48.14705882352941
mexc,AICUSDT,AIC-USDT,AIC,USDT,True,1,True,0.038215,57404.808252,1603199.21,0.03811,70.52,0.03822,99.18,28.822219310886673,2.6875172,1e-06,0.0,0.0,1.0,0.0,0.0005,exchangeInfo.quotePrecision/baseSizePrecision/quoteAmountPrecision,1,False,0.48865546218487393,0.623109243697479,0.28403361344537814,48.13445378151261
mexc,ZSWAPUSDT,ZSWAP-USDT,ZSWAP,USDT,True,1,True,0.001563,77135.67832,48360929.79,0.001561,4044.94,0.001579,740839.26,114.64968152866243,6.3141513400000004,1e-06,0.0,0.0,1.0,0.0,0.0005,exchangeInfo.quotePrecision/baseSizePrecision/quoteAmountPrecision,1,False,0.661344537815126,0.11470588235294121,0.4436974789915966,48.115546218487395
mexc,WLDUSDC,WLD-USDC,WLD,USDC,True,1,True,0.266,53568.6496,198910.34,0.2656,8149.95,0.2666,8311.94,37.57985719654268,2164.6267199999998,0.0001,0.0,0.0,1.0,0.0,0.0,exchangeInfo.quotePrecision/baseSizePrecision/quoteAmountPrecision,1,False,0.28025210084033614,0.5168067226890756,0.9878151260504202,48.09033613445378
mexc,CAKEUSDC,CAKE-USDC,CAKE,USDC,True,1,True,1.345,55120.553,41153.25,1.341,1474.55,1.348,760.88,52.06396429899678,1025.66624,0.001,0.0,0.0,1.0,0.0,0.0,exchangeInfo.quotePrecision/baseSizePrecision/quoteAmountPrecision,1,False,0.36470588235294116,0.33529411764705885,0.980672268907563,48.0546218487395
mexc,BMTUSDC,BMT-USDC,BMT,USDC,True,1,True,0.01461,55920.23566,3852818.69,0.01456,3876.8,0.01463,8618.58,47.961630695444065,56.446208000000006,1e-05,0.0,0.0,1.0,0.0,0.0,exchangeInfo.quotePrecision/baseSizePrecision/quoteAmountPrecision,1,False,0.4130252100840336,0.37815126050420167,0.7932773109243697,48.035714285714285
mexc,MCOINUSDT,MCOIN-USDT,MCOIN,USDT,True,1,True,0.03639,61415.26413,1687128.52,0.0361,4415.48,0.03684,1123.42,202.90649849191047,41.3867928,1e-05,0.0,0.0,1.0,0.0,0.0005,exchangeInfo.quotePrecision/baseSizePrecision/quoteAmountPrecision,1,False,0.5760504201680672,0.049159663865546266,0.7525210084033613,47.962184873949575
mexc,NKEONUSDT,NKEON-USDT,NKEON,USDT,True,1,True,44.08,55496.43,1251.61,44.08,10.56,44.33,8.76,56.55468838366701,388.33079999999995,0.01,0.0,0.0,1.0,0.0,0.0005,exchangeInfo.quotePrecision/baseSizePrecision/quoteAmountPrecision,1,False,0.3899159663865546,0.29621848739495793,0.9525210084033613,47.90126050420168
mexc,BENQIUSDT,BENQI-USDT,BENQI,USDT,True,1,True,0.001408,57907.069281,41199204.3,0.0014,3655082.4,0.00141,24252.58,71.17437722419947,34.1961378,1e-06,0.0001,0.0001,1.0,0.0,0.0005,exchangeInfo.quotePrecision/baseSizePrecision/quoteAmountPrecision,1,False,0.5092436974789916,0.21176470588235297,0.7294117647058823,47.89075630252101
mexc,TLMUSDC,TLM-USDC,TLM,USDC,True,1,True,0.001611,55342.484574,34162345.34,0.001606,44640.0,0.001613,80760.32,43.49176762969905,71.69184,1e-06,0.0,0.0,1.0,0.0,0.0,exchangeInfo.quotePrecision/baseSizePrecision/quoteAmountPrecision,1,False,0.3802521008403361,0.4281512605042017,0.8130252100840336,47.8781512605042
mexc,IEMGONUSDT,IEMGON-USDT,IEMGON,USDT,True,1,True,70.56,55674.83,790.59,70.23,4.78,70.65,5.51,59.62521294718934,335.6994,0.01,0.0,0.0,1.0,0.0,0.0005,exchangeInfo.quotePrecision/baseSizePrecision/quoteAmountPrecision,1,False,0.4016806722689076,0.273109243697479,0.9474789915966386,47.86974789915966
mexc,RSCUSDT,RSC-USDT,RSC,USDT,True,1,True,0.05953,54523.64886,930302.29,0.0595,584.79,0.05953,60.59,5.040746030412879,3.6069227,1e-05,0.0,0.0,1.0,0.0,0.0005,exchangeInfo.quotePrecision/baseSizePrecision/quoteAmountPrecision,1,False,0.3239495798319328,0.9289915966386555,0.3407563025210084,47.85714285714286
mexc,VELODROMEUSDC,VELODROME-USDC,VELODROME,USDC,True,1,True,0.01396,56042.46432,3993941.34,0.01391,4896.0,0.01398,4649.09,50.19720329867256,64.9942782,1e-05,0.0,0.0,1.0,0.0,0.0,exchangeInfo.quotePrecision/baseSizePrecision/quoteAmountPrecision,1,False,0.4189075630252101,0.3487394957983193,0.8029411764705883,47.8172268907563
mexc,TIBBIRUSDT,TIBBIR-USDT,TIBBIR,USDT,True,1,True,0.09979,82133.0172,806419.59,0.09926,22.78,0.09997,96.5,71.27440646489005,2.2611428,1e-05,0.0,0.0,1.0,0.0,0.0005,exchangeInfo.quotePrecision/baseSizePrecision/quoteAmountPrecision,1,False,0.6785714285714286,0.2109243697478992,0.2600840336134454,47.79621848739497
mexc,WILDUSDT,WILD-USDT,WILD,USDT,True,1,True,0.01751,62439.78119,3477401.61,0.01742,372.18,0.01753,1694.72,62.94706723891215,6.4833756000000005,1e-05,1e-05,1e-05,1.0,0.0,0.0005,exchangeInfo.quotePrecision/baseSizePrecision/quoteAmountPrecision,1,False,0.5869747899159664,0.255672268907563,0.45294117647058824,47.734243697478995
mexc,INIUSDT,INI-USDT,INI,USDT,True,1,True,0.10734,56828.87765,530993.2,0.1072,10317.28,0.10795,792.18,69.71880083662568,85.51583099999999,1e-05,0.0,0.0,1.0,0.0,0.0005,exchangeInfo.quotePrecision/baseSizePrecision/quoteAmountPrecision,1,False,0.4638655462184874,0.21722689075630253,0.8361344537815126,47.66596638655463
mexc,MELIONUSDT,MELION-USDT,MELION,USDT,True,1,True,1722.32,56162.57,32.6854,1711.08,0.1384,1722.72,0.2279,67.7966101694921,236.813472,0.01,0.0,0.0,1.0,0.0,0.0005,exchangeInfo.quotePrecision/baseSizePrecision/quoteAmountPrecision,1,False,0.4273109243697479,0.22773109243697476,0.923109243697479,47.65756302521009
mexc,TJRMUSDT,TJRM-USDT,TJRM,USDT,True,1,True,0.0004092,65038.188874,155936485.17,0.0004075,35664.41,0.0004111,22842.51,87.95504519912126,9.390555861,1e-07,0.0,0.0,1.0,0.0,0.0005,exchangeInfo.quotePrecision/baseSizePrecision/quoteAmountPrecision,1,False,0.6050420168067226,0.15420168067226891,0.5197478991596639,47.52731092436975
mexc,LIGHTUSDC,LIGHT-USDC,LIGHT,USDC,True,1,True,0.1594,58648.5632,364747.93,0.1589,443.64,0.1598,72.47,56.47944775650983,11.580706,0.0001,0.0,0.0,1.0,0.0,0.0,exchangeInfo.quotePrecision/baseSizePrecision/quoteAmountPrecision,1,False,0.526890756302521,0.2970588235294118,0.5542016806722689,47.48949579831934
mexc,SKLUSDC,SKL-USDC,SKL,USDC,True,1,True,0.006624,55919.372396,8368695.97,0.006611,2825.29,0.006637,3255.27,39.251207729468575,18.677992189999998,1e-06,0.0,0.0,1.0,0.0,0.0,exchangeInfo.quotePrecision/baseSizePrecision/quoteAmountPrecision,1,False,0.4126050420168067,0.4890756302521009,0.6281512605042017,47.483193277310924
mexc,MEYUSDT,MEY-USDT,MEY,USDT,True,1,True,0.08214,49440.8937,602354.08,0.08213,108.52,0.08214,108.63,1.217507761613198,8.9127476,1e-05,0.0,0.0,1.0,0.0,0.0005,exchangeInfo.quotePrecision/baseSizePrecision/quoteAmountPrecision,1,False,0.22983193277310923,0.9844537815126051,0.5109243697478991,47.470588235294116
mexc,VISTAUSDT,VISTA-USDT,VISTA,USDT,True,1,True,1.18,59828.605,47497.63,1.177,57.31,1.182,2.65,42.39084357778629,3.1323,0.001,0.0,0.0,1.0,0.0,0.0005,exchangeInfo.quotePrecision/baseSizePrecision/quoteAmountPrecision,1,False,0.5495798319327732,0.4411764705882353,0.30798319327731094,47.41596638655463
mexc,ETHFIUSDE,ETHFI-USDE,ETHFI,USDE,True,1,True,0.4411,55450.4448,125404.67,0.4404,89.98,0.4422,74.35,40.78857919782389,32.87757,0.0001,0.0,0.0,1.0,0.0,0.0,exchangeInfo.quotePrecision/baseSizePrecision/quoteAmountPrecision,1,False,0.3878151260504202,0.46596638655462186,0.7218487394957983,47.41596638655462
mexc,TSMONUSDT,TSMON-USDT,TSMON,USDT,True,1,True,337.68,55812.98,165.131,337.23,1.22,339.07,0.279,54.413721721128944,94.60053,0.01,0.0,0.0,1.0,0.0,0.0005,exchangeInfo.quotePrecision/baseSizePrecision/quoteAmountPrecision,1,False,0.4088235294117647,0.31470588235294117,0.8529411764705882,47.411764705882355
mexc,WIFEUR,WIF-EUR,WIF,EUR,True,1,True,0.1573,72907.5691,462399.37,0.1573,581.86,0.1581,8.78,50.729232720354794,1.3881179999999997,0.0001,0.0,0.0,1.0,0.0,0.0,exchangeInfo.quotePrecision/baseSizePrecision/quoteAmountPrecision,1,False,0.6441176470588236,0.34411764705882353,0.1676470588235294,47.38235294117647
mexc,PORUSDT,POR-USDT,POR,USDT,True,1,True,0.5763,65544.396,109594.2,0.576,2.5,0.5786,113.2,45.03724233500861,1.44,0.0001,0.1,0.1,1.0,0.0,0.0005,exchangeInfo.quotePrecision/baseSizePrecision/quoteAmountPrecision,1,False,0.6088235294117647,0.4092436974789916,0.18319327731092436,47.38025210084033
mexc,DEAIUSDT,DEAI-USDT,DEAI,USDT,True,1,True,0.002738,56552.226084,21163487.3,0.002735,504.63,0.002739,1222.94,14.614541468761773,1.38016305,1e-06,0.0,0.0,1.0,0.0,0.0005,exchangeInfo.quotePrecision/baseSizePrecision/quoteAmountPrecision,1,False,0.446218487394958,0.7810924369747899,0.16512605042016806,47.3718487394958
mexc,BCCOINUSDT,BCCOIN-USDT,BCCOIN,USDT,True,1,True,0.04964,58215.99769,1324692.5,0.04953,74.88,0.0497,44.33,34.26383150257049,2.203201,1e-05,0.0,0.0,1.0,0.0,0.0005,exchangeInfo.quotePrecision/baseSizePrecision/quoteAmountPrecision,1,False,0.515126050420168,0.5584033613445378,0.253781512605042,47.36764705882352
mexc,FARTBOYUSDT,FARTBOY-USDT,FARTBOY,USDT,True,1,True,0.007442,64656.389145,8659038.02,0.007388,1099.95,0.007447,3267.11,79.54162453656896,8.126430599999999,1e-06,0.0,0.0,1.0,0.0,0.0005,exchangeInfo.quotePrecision/baseSizePrecision/quoteAmountPrecision,1,False,0.6008403361344538,0.17689075630252105,0.492436974789916,47.3172268907563
mexc,OXYONUSDT,OXYON-USDT,OXYON,USDT,True,1,True,62.66,56580.43,900.89,62.62,6.1,62.99,0.8,58.91250696600662,50.392,0.01,0.0,0.0,1.0,0.0,0.0005,exchangeInfo.quotePrecision/baseSizePrecision/quoteAmountPrecision,1,False,0.44831932773109245,0.27983193277310925,0.7831932773109244,47.3172268907563
mexc,ACAUSDT,ACA-USDT,ACA,USDT,True,1,True,0.0007525,64868.9143149,89335158.73,0.0007509,4601.28,0.0007551,4739.13,55.7768924302788,3.4551011519999997,1e-07,0.0001,0.0001,1.0,0.0,0.0005,exchangeInfo.quotePrecision/baseSizePrecision/quoteAmountPrecision,1,False,0.6021008403361344,0.3016806722689076,0.330672268907563,47.27100840336135
mexc,DYDXUSDC,DYDX-USDC,DYDX,USDC,True,1,True,0.10192,54407.72544,538951.34,0.10192,7178.36,0.10238,11491.99,45.0318159569263,731.6184512,1e-05,0.0,0.0,1.0,0.0,0.0,exchangeInfo.quotePrecision/baseSizePrecision/quoteAmountPrecision,1,False,0.3180672268907563,0.4096638655462185,0.9756302521008403,47.247899159663866
mexc,BLURUSDC,BLUR-USDC,BLUR,USDC,True,1,True,0.01976,54922.08572,2736163.05,0.01972,5110.53,0.0198,3600.0,40.48582995951428,71.28,1e-05,0.0,0.0,1.0,0.0,0.0,exchangeInfo.quotePrecision/baseSizePrecision/quoteAmountPrecision,1,False,0.3491596638655462,0.4718487394957983,0.8121848739495798,47.2436974789916
mexc,HUSDC,H-USDC,H,USDC,True,1,True,0.08069,55436.88483,664278.38,0.08039,1285.34,0.0808,13964.29,50.87164216142363,103.3284826,1e-05,0.0,0.0,1.0,0.0,0.0,exchangeInfo.quotePrecision/baseSizePrecision/quoteAmountPrecision,1,False,0.3861344537815126,0.34285714285714286,0.8676470588235294,47.16176470588236
mexc,GMMTUSDT,GMMT-USDT,GMMT,USDT,True,1,True,0.004071,76521.718741,18466732.8,0.004057,15893.22,0.004106,1339.5,120.053901751808,5.499987,1e-06,0.0,0.0,1.0,0.0,0.0005,exchangeInfo.quotePrecision/baseSizePrecision/quoteAmountPrecision,1,False,0.6567226890756303,0.10588235294117643,0.4176470588235294,47.11974789915966
mexc,JAGERUSDT,JAGER-USDT,JAGER,USDT,True,1,True,2.089e-10,56305.237188152445,271256245806246.0,2.085e-10,174483767193.0,2.094e-10,83293338494.0,43.07250538406278,17.4416250806436,1e-13,0.0,0.0,1.0,0.0,0.0005,exchangeInfo.quotePrecision/baseSizePrecision/quoteAmountPrecision,1,False,0.43487394957983194,0.4331932773109244,0.6176470588235294,47.10084033613445
mexc,XENUSDT,XEN-USDT,XEN,USDT,True,1,True,1.118e-08,64915.487629273506,5756104111543.75,1.114e-08,1962971865.46,1.1197e-08,209952725.02,51.03639700944483,2.35084066204894,1e-12,0.0001,0.0001,1.0,0.0,0.0005,exchangeInfo.quotePrecision/baseSizePrecision/quoteAmountPrecision,1,False,0.6033613445378151,0.3420168067226891,0.26554621848739496,47.04621848739496
mexc,RWAUSDT,RWA-USDT,RWA,USDT,True,1,True,0.001748,52199.004734,29548662.02,0.001746,11139.26,0.001747,5734.9,5.7257371886638,10.0188703,1e-06,0.0,0.0,1.0,0.0,0.0005,exchangeInfo.quotePrecision/baseSizePrecision/quoteAmountPrecision,1,False,0.2453781512605042,0.9168067226890756,0.5298319327731092,47.01260504201681
mexc,SUSDC,S-USDC,S,USDC,True,1,True,0.04202,54888.00241,1300277.08,0.04192,2033.61,0.04207,764.14,35.71853792118211,32.1473698,1e-05,0.0,0.0,1.0,0.0,0.0,exchangeInfo.quotePrecision/baseSizePrecision/quoteAmountPrecision,1,False,0.34747899159663864,0.5403361344537816,0.7184873949579832,46.98949579831934
mexc,WMTONUSDT,WMTON-USDT,WMTON,USDT,True,1,True,125.31,57721.65,461.54,124.85,0.07,125.46,0.22,48.73956294195193,8.7395,0.01,0.0,0.0,1.0,0.0,0.0005,exchangeInfo.quotePrecision/baseSizePrecision/quoteAmountPrecision,1,False,0.5029411764705882,0.3680672268907563,0.5063025210084033,46.989495798319325
mexc,KLIPUSDT,KLIP-USDT,KLIP,USDT,True,1,True,0.00464,56252.07781,12131507.07,0.00464,562.29,0.00465,8810.47,21.528525296016344,2.6090256,1e-05,0.0,0.0,1.0,0.0,0.0005,exchangeInfo.quotePrecision/baseSizePrecision/quoteAmountPrecision,1,False,0.4327731092436975,0.703781512605042,0.27941176470588236,46.98529411764706
mexc,CHEXUSDT,CHEX-USDT,CHEX,USDT,True,1,True,0.01433,60977.50237,4166460.18,0.01429,4284.33,0.01436,241.6,48.86561954624703,3.469376,1e-05,0.0,0.0,1.0,0.0,0.0005,exchangeInfo.quotePrecision/baseSizePrecision/quoteAmountPrecision,1,False,0.5668067226890756,0.36722689075630255,0.3310924369747899,46.976890756302524
mexc,MOLTUSDT,MOLT-USDT,MOLT,USDT,True,1,True,1.695e-05,61218.03069351,3540006831.42,1.689e-05,446736.32,1.7e-05,3364161.37,64.91590439657753,7.5453764448,1e-08,0.0,0.0,1.0,0.0,0.0005,exchangeInfo.quotePrecision/baseSizePrecision/quoteAmountPrecision,1,False,0.5697478991596638,0.24369747899159666,0.4773109243697479,46.97478991596638
mexc,YALAUSDT,YALA-USDT,YALA,USDT,True,1,True,0.0003817,53967.9768485,142445882.06,0.0003815,16139.27,0.0003818,67726.17,7.86060526660572,6.157131505000001,1e-07,0.0,0.0,1.0,0.0,0.0005,exchangeInfo.quotePrecision/baseSizePrecision/quoteAmountPrecision,1,False,0.2953781512605042,0.8747899159663866,0.44159663865546217,46.94747899159664
mexc,COINONUSDT,COINON-USDT,COINON,USDT,True,1,True,171.28,54482.63,318.323,170.86,1.937,171.34,0.137,28.05376972530624,23.473580000000002,0.01,0.0,0.0,1.0,0.0,0.0005,exchangeInfo.quotePrecision/baseSizePrecision/quoteAmountPrecision,1,False,0.32226890756302523,0.6340336134453781,0.6684873949579831,46.945378151260506
mexc,ZKCUSDC,ZKC-USDC,ZKC,USDC,True,1,True,0.06801,54652.53613,803214.27,0.06789,5352.51,0.06821,8364.58,47.02424687729623,363.38190390000005,1e-05,0.0,0.0,1.0,0.0,0.0,exchangeInfo.quotePrecision/baseSizePrecision/quoteAmountPrecision,1,False,0.3315126050420168,0.38697478991596634,0.95,46.90756302521008
mexc,MILLIUSDT,MILLI-USDT,MILLI,USDT,True,1,True,1.361e-06,53287.397098977,42833396640.47,1.36e-06,28196024.74,1.363e-06,26631826.4,22.034520749173808,36.2991793832,1e-09,0.0,0.0,1.0,0.0,0.0005,exchangeInfo.quotePrecision/baseSizePrecision/quoteAmountPrecision,1,False,0.2672268907563025,0.6978991596638655,0.7361344537815127,46.867647058823536
mexc,AXPONUSDT,AXPON-USDT,AXPON,USDT,True,1,True,302.18,54053.41,179.191,301.01,1.032,302.24,0.896,40.77911313717424,270.80704000000003,0.01,0.0,0.0,1.0,0.0,0.0005,exchangeInfo.quotePrecision/baseSizePrecision/quoteAmountPrecision,1,False,0.30084033613445377,0.46638655462184875,0.9319327731092437,46.84453781512605
mexc,OASUSDT,OAS-USDT,OAS,USDT,True,1,True,0.0003452,54827.6551476,162087006.09,0.0003451,6271.85,0.0003453,20287.55,5.793742757821693,2.164415435,1e-07,0.0,0.0,1.0,0.0,0.0005,exchangeInfo.quotePrecision/baseSizePrecision/quoteAmountPrecision,1,False,0.34411764705882353,0.9155462184873949,0.2508403361344538,46.831932773109244
mexc,USDMUSDT,USDM-USDT,USDM,USDT,True,1,True,0.984,100019.9006,101900.34,0.9778,1.29,0.985,5.09,73.36458121051542,1.261362,0.0001,0.0,0.0,1.0,0.0,0.0005,exchangeInfo.quotePrecision/baseSizePrecision/quoteAmountPrecision,1,False,0.7226890756302521,0.2025210084033613,0.1004201680672269,46.81932773109244
mexc,IAUONUSDT,IAUON-USDT,IAUON,USDT,True,1,True,87.23,57392.37,658.63,87.08,4.11,87.4,0.04,36.680421824851834,3.4960000000000004,0.01,0.0,0.0,1.0,0.0,0.0005,exchangeInfo.quotePrecision/baseSizePrecision/quoteAmountPrecision,1,False,0.48781512605042016,0.5302521008403361,0.33319327731092435,46.75000000000001
mexc,NEMONUSDT,NEMON-USDT,NEMON,USDT,True,1,True,113.87,54953.6,483.12,113.49,3.52,114.06,2.44,50.0988793671727,278.3064,0.01,0.0,0.0,1.0,0.0,0.0005,exchangeInfo.quotePrecision/baseSizePrecision/quoteAmountPrecision,1,False,0.35084033613445376,0.35126050420168065,0.9336134453781513,46.75
mexc,MNTUSDC,MNT-USDC,MNT,USDC,True,1,True,0.676,54297.0149,80361.88,0.6742,726.71,0.6766,91.56,35.53449807521406,61.949495999999996,0.0001,0.0,0.0,1.0,0.0,0.0,exchangeInfo.quotePrecision/baseSizePrecision/quoteAmountPrecision,1,False,0.3126050420168067,0.5428571428571429,0.7991596638655463,46.747899159663866
mexc,BNKRUSDT,BNKR-USDT,BNKR,USDT,True,1,True,0.0003359,71291.3304638,214061999.4,0.0003346,7936.47,0.0003368,7710.75,65.53470360440868,2.5969806,1e-07,0.0,0.0,1.0,0.0,0.0005,exchangeInfo.quotePrecision/baseSizePrecision/quoteAmountPrecision,1,False,0.6390756302521008,0.24117647058823533,0.2781512605042017,46.741596638655466
mexc,USADUSDT,USAD-USDT,USAD,USDT,True,1,True,1.0005,1912.1563,1911.79,0.9999,22909.18,1.0005,14948.05,5.998800239951349,14955.524024999999,0.0001,0.0,0.0,1.0,0.0,0.0005,exchangeInfo.quotePrecision/baseSizePrecision/quoteAmountPrecision,1,False,0.07352941176470588,0.9109243697478991,0.996218487394958,46.741596638655466
mexc,ZROUSDC,ZRO-USDC,ZRO,USDC,True,1,True,1.88,54532.337,28749.88,1.875,401.89,1.884,330.93,47.885075818036164,623.47212,0.001,0.0,0.0,1.0,0.0,0.0,exchangeInfo.quotePrecision/baseSizePrecision/quoteAmountPrecision,1,False,0.3243697478991597,0.37899159663865545,0.9710084033613445,46.735294117647065
mexc,KLACONUSDT,KLACON-USDT,KLACON,USDT,True,1,True,1504.83,55509.24,36.7647,1504.61,0.1878,1513.89,0.1877,61.48749378830677,282.56575799999996,0.01,0.0,0.0,1.0,0.0,0.0005,exchangeInfo.quotePrecision/baseSizePrecision/quoteAmountPrecision,1,False,0.3911764705882353,0.26050420168067223,0.9348739495798319,46.72478991596639
mexc,PBRONUSDT,PBRON-USDT,PBRON,USDT,True,1,True,20.91,57005.88,2725.7,20.9,0.07,20.95,0.08,23.894862604540364,1.463,0.01,0.0,0.0,1.0,0.0,0.0005,exchangeInfo.quotePrecision/baseSizePrecision/quoteAmountPrecision,1,False,0.4718487394957983,0.6781512605042017,0.18823529411764706,46.67016806722689
mexc,DHNUSDT,DHN-USDT,DHN,USDT,True,1,True,3.977,47176.519,11836.52,3.973,56.97,3.984,56.68,27.648611285660728,225.81312,0.001,0.0,0.0,1.0,0.0,0.0005,exchangeInfo.quotePrecision/baseSizePrecision/quoteAmountPrecision,1,False,0.22436974789915967,0.6378151260504201,0.9180672268907563,46.64705882352941
mexc,STOOSUSDT,STOOS-USDT,STOOS,USDT,True,1,True,1.6018,39717.3107,24809.39,1.6,155.04,1.602,25.65,12.49219237976266,41.0913,0.0001,0.0,0.0,1.0,0.0,0.0005,exchangeInfo.quotePrecision/baseSizePrecision/quoteAmountPrecision,1,False,0.2088235294117647,0.8033613445378152,0.7516806722689076,46.602941176470594
mexc,PEPECOINUSDT,PEPECOIN-USDT,PEPECOIN,USDT,True,1,True,0.08067,57279.185,705584.41,0.08064,30.68,0.0809,280.82,32.190169617431756,2.4740352,1e-05,0.0,0.0,1.0,0.0,0.0005,exchangeInfo.quotePrecision/baseSizePrecision/quoteAmountPrecision,1,False,0.4819327731092437,0.5848739495798319,0.27310924369747897,46.59033613445378
mexc,CPNGONUSDT,CPNGON-USDT,CPNGON,USDT,True,1,True,18.94,53290.03,2825.42,18.89,15.35,18.96,22.92,36.98811096433304,289.9615,0.01,0.0,0.0,1.0,0.0,0.0005,exchangeInfo.quotePrecision/baseSizePrecision/quoteAmountPrecision,1,False,0.2676470588235294,0.5235294117647059,0.9378151260504202,46.56512605042017
mexc,UNFIUSDT,UNFI-USDT,UNFI,USDT,True,1,True,0.04833,56892.59452,1176203.11,0.04824,48.62,0.04838,422.0,28.979507348375336,2.3454287999999996,1e-05,0.001,0.001,1.0,0.0,0.0005,exchangeInfo.quotePrecision/baseSizePrecision/quoteAmountPrecision,1,False,0.46680672268907564,0.6214285714285714,0.2647058823529412,46.504201680672274
mexc,MOREUSDT,MORE-USDT,MORE,USDT,True,1,True,4.023e-05,55585.86171673,1376987545.86,4.02e-05,186229.08,4.031e-05,150203.93,27.325798037510186,6.0547204183,1e-08,0.0,0.0,1.0,0.0,0.0005,exchangeInfo.quotePrecision/baseSizePrecision/quoteAmountPrecision,1,False,0.3945378151260504,0.6415966386554621,0.43823529411764706,46.50420168067227
mexc,PENGUINUSDT,PENGUIN-USDT,PENGUIN,USDT,True,1,True,0.00261,66156.854431,25357817.0,0.002597,4461.19,0.002613,1251.35,61.420345489443214,3.2697775499999997,1e-06,0.0,0.0,1.0,0.0,0.0005,exchangeInfo.quotePrecision/baseSizePrecision/quoteAmountPrecision,1,False,0.6113445378151261,0.2609243697478991,0.3176470588235294,46.5
mexc,CEREUSDT,CERE-USDT,CERE,USDT,True,1,True,0.0002143,56056.2099951,261532292.44,0.000214,11514.11,0.0002144,9970.03,18.674136321195597,2.137574432,1e-07,0.001,0.001,1.0,0.0,0.0005,exchangeInfo.quotePrecision/baseSizePrecision/quoteAmountPrecision,1,False,0.42058823529411765,0.7340336134453782,0.24789915966386555,46.44117647058824
mexc,TQQQONUSDT,TQQQON-USDT,TQQQON,USDT,True,1,True,43.02,54361.8,1263.78,42.93,8.62,43.1,2.12,39.52109729164285,91.37200000000001,0.01,0.0,0.0,1.0,0.0,0.0005,exchangeInfo.quotePrecision/baseSizePrecision/quoteAmountPrecision,1,False,0.31554621848739495,0.484873949579832,0.8478991596638655,46.43487394957984
mexc,API3USDC,API3-USDC,API3,USDC,True,1,True,0.2699,54637.5662,203441.92,0.2691,511.16,0.2703,623.99,44.493882091211674,137.553156,0.0001,0.0,0.0,1.0,0.0,0.0,exchangeInfo.quotePrecision/baseSizePrecision/quoteAmountPrecision,1,False,0.330672268907563,0.4163865546218487,0.8899159663865546,46.39495798319327
mexc,VELVETUSDT,VELVET-USDT,VELVET,USDT,True,1,True,0.06733,58646.68275,850156.21,0.06733,45.14,0.06761,18688.91,41.49992589298984,3.0392762,1e-05,0.0,0.0,1.0,0.0,0.0005,exchangeInfo.quotePrecision/baseSizePrecision/quoteAmountPrecision,1,False,0.5264705882352941,0.4554621848739496,0.30210084033613444,46.384453781512605
mexc,GIZAUSDT,GIZA-USDT,GIZA,USDT,True,1,True,0.0122,60511.64938,4872610.77,0.01216,273.01,0.01222,271.4,49.22067268252608,3.316508,1e-05,0.0,0.0,1.0,0.0,0.0005,exchangeInfo.quotePrecision/baseSizePrecision/quoteAmountPrecision,1,False,0.5609243697478992,0.3621848739495799,0.31974789915966384,46.30042016806723
mexc,OPENUSDC,OPEN-USDC,OPEN,USDC,True,1,True,0.163,54865.6045,346554.27,0.1625,492.8,0.1632,460.8,42.98434141848365,75.20256,0.0001,0.0,0.0,1.0,0.0,0.0,exchangeInfo.quotePrecision/baseSizePrecision/quoteAmountPrecision,1,False,0.3457983193277311,0.43529411764705883,0.8180672268907563,46.26260504201681
mexc,GLDONUSDT,GLDON-USDT,GLDON,USDT,True,1,True,426.8,56329.85,131.832,426.67,0.012,428.08,0.048,32.9921029540794,5.12004,0.01,0.0,0.0,1.0,0.0,0.0005,exchangeInfo.quotePrecision/baseSizePrecision/quoteAmountPrecision,1,False,0.4365546218487395,0.5756302521008403,0.39243697478991596,46.25
mexc,OZONEUSDT,OZONE-USDT,OZONE,USDT,True,1,True,2.635,43974.065,16670.52,2.641,6.52,2.643,37.82,7.570022710067296,17.21932,0.001,0.0,0.0,1.0,0.0,0.0005,exchangeInfo.quotePrecision/baseSizePrecision/quoteAmountPrecision,1,False,0.21680672268907564,0.8810924369747899,0.6147058823529412,46.24579831932773
mexc,SLCUSDT,SLC-USDT,SLC,USDT,True,1,True,3.704e-05,56975.06576578,1483628343.93,3.697e-05,107707.92,3.708e-05,58170.79,29.709655638081635,2.1569728932,1e-08,0.0,0.0,1.0,0.0,0.0005,exchangeInfo.quotePrecision/baseSizePrecision/quoteAmountPrecision,1,False,0.47100840336134453,0.6113445378151261,0.2504201680672269,46.19747899159664
mexc,TIPONUSDT,TIPON-USDT,TIPON,USDT,True,1,True,112.03,55272.95,494.22,111.52,2.57,112.18,2.34,59.00759946356825,262.5012,0.01,0.0,0.0,1.0,0.0,0.0005,exchangeInfo.quotePrecision/baseSizePrecision/quoteAmountPrecision,1,False,0.37521008403361344,0.2785714285714286,0.9294117647058824,46.189075630252105
mexc,SIGNUSDC,SIGN-USDC,SIGN,USDC,True,1,True,0.03598,53375.09731,1515221.43,0.03589,6556.8,0.03602,4112.64,36.156306494230314,148.13729280000004,1e-05,0.0,0.0,1.0,0.0,0.0,exchangeInfo.quotePrecision/baseSizePrecision/quoteAmountPrecision,1,False,0.2710084033613445,0.5373949579831933,0.8920168067226891,46.180672268907564
mexc,SMTUSDT,SMT-USDT,SMT,USDT,True,1,True,0.0426,61336.555,1452456.62,0.0422,1995.47,0.0427,353.77,117.78563015312143,15.105979,0.0001,0.0,0.0,1.0,0.0,0.0005,exchangeInfo.quotePrecision/baseSizePrecision/quoteAmountPrecision,1,False,0.5726890756302521,0.10924369747899154,0.5949579831932773,46.128151260504204
mexc,MORPHOUSDC,MORPHO-USDC,MORPHO,USDC,True,1,True,1.504,54615.257,36442.56,1.5,126.67,1.507,171.99,46.55803126039172,190.005,0.001,0.0,0.0,1.0,0.0,0.0,exchangeInfo.quotePrecision/baseSizePrecision/quoteAmountPrecision,1,False,0.32941176470588235,0.3932773109243698,0.907563025210084,46.10084033613446
mexc,MASKUSDC,MASK-USDC,MASK,USDC,True,1,True,0.4558,55896.2477,124656.98,0.453,118.69,0.4553,79.97,50.64406033248858,36.410340999999995,0.0001,0.0,0.0,1.0,0.0,0.0,exchangeInfo.quotePrecision/baseSizePrecision/quoteAmountPrecision,1,False,0.4117647058823529,0.346218487394958,0.7373949579831933,46.05042016806723
mexc,ASTRAIUSDT,ASTRAI-USDT,ASTRAI,USDT,True,1,True,0.582,84024.6189,116650.47,0.5826,17.16,0.617,8.34,573.5245081693895,5.14578,0.0001,0.0,0.0,1.0,0.0,0.0005,exchangeInfo.quotePrecision/baseSizePrecision/quoteAmountPrecision,1,False,0.6861344537815126,0.01680672268907568,0.3941176470588235,46.03991596638656
mexc,REDUSDC,RED-USDC,RED,USDC,True,1,True,0.1043,54696.266,526417.3,0.1038,4732.76,0.1043,1847.17,48.053820278712195,192.65983100000003,0.0001,0.0,0.0,1.0,0.0,0.0,exchangeInfo.quotePrecision/baseSizePrecision/quoteAmountPrecision,1,False,0.3357142857142857,0.3760504201680672,0.9079831932773109,46.02521008403361
mexc,KARRATUSDT,KARRAT-USDT,KARRAT,USDT,True,1,True,0.0042,63481.1414,15024337.71,0.0042,33544.21,0.0043,4143.12,235.2941176470594,17.815416,0.0001,0.0,0.0,1.0,0.0,0.0005,exchangeInfo.quotePrecision/baseSizePrecision/quoteAmountPrecision,1,False,0.5928571428571429,0.0394957983193277,0.6210084033613446,46.01470588235295
mexc,TAIUSDT,TAI-USDT,TAI,USDT,True,1,True,0.01599,83559.4913,5201231.53,0.01591,8795.71,0.01601,78.5,62.65664160400964,1.256785,1e-05,0.001,0.001,1.0,0.0,0.0005,exchangeInfo.quotePrecision/baseSizePrecision/quoteAmountPrecision,1,False,0.6840336134453782,0.25630252100840334,0.09747899159663866,45.97899159663866
mexc,FBUSDT,FB-USDT,FB,USDT,True,1,True,0.41,59247.7692,141316.73,0.4094,3.65,0.411,224.92,39.00536323744491,1.4943099999999998,0.0001,0.0,0.0,1.0,0.0,0.0005,exchangeInfo.quotePrecision/baseSizePrecision/quoteAmountPrecision,1,False,0.5411764705882353,0.492436974789916,0.19243697478991598,45.92436974789916
mexc,SNAIUSDT,SNAI-USDT,SNAI,USDT,True,1,True,0.0012369,64988.6294954,47803635.99,0.0012226,85660.81,0.001239,7563.85,133.24666883328064,9.37161015,1e-07,0.0,0.0,1.0,0.0,0.0005,exchangeInfo.quotePrecision/baseSizePrecision/quoteAmountPrecision,1,False,0.6046218487394958,0.08823529411764708,0.519327731092437,45.84663865546219
mexc,MCDXUSDT,MCDX-USDT,MCDX,USDT,True,1,True,308.9,58585.41,188.46,308.58,0.042,310.02,0.013,46.556741028127966,4.030259999999999,0.01,0.0,0.0,1.0,0.0,0.0005,exchangeInfo.quotePrecision/baseSizePrecision/quoteAmountPrecision,1,False,0.5256302521008404,0.3936974789915967,0.3546218487394958,45.84453781512605
mexc,CYPRUSDT,CYPR-USDT,CYPR,USDT,True,1,True,0.009565,54785.424929,5871518.91,0.00956,359.7,0.009571,2000.0,11.499660237309975,3.4387320000000003,1e-06,0.0,0.0,1.0,0.0,0.0005,exchangeInfo.quotePrecision/baseSizePrecision/quoteAmountPrecision,1,False,0.3420168067226891,0.8172268907563025,0.32983193277310924,45.838235294117645
mexc,BADGERUSDT,BADGER-USDT,BADGER,USDT,True,1,True,0.3554,54095.0781,153539.62,0.3554,19.28,0.3555,6.06,2.81333520888983,2.15433,0.0001,0.0001,0.0001,1.0,0.0,0.0005,exchangeInfo.quotePrecision/baseSizePrecision/quoteAmountPrecision,1,False,0.3033613445378151,0.9663865546218487,0.2495798319327731,45.836134453781504
mexc,LUNRONUSDT,LUNRON-USDT,LUNRON,USDT,True,1,True,23.83,57540.52,2415.66,23.78,11.64,23.92,0.55,58.70020964360611,13.156000000000002,0.01,0.0,0.0,1.0,0.0,0.0005,exchangeInfo.quotePrecision/baseSizePrecision/quoteAmountPrecision,1,False,0.496218487394958,0.2815126050420168,0.5752100840336134,45.83403361344538
mexc,REGNONUSDT,REGNON-USDT,REGNON,USDT,True,1,True,760.49,56535.37,74.514,758.16,0.007,760.93,0.007,36.46920195643421,5.30712,0.01,0.0,0.0,1.0,0.0,0.0005,exchangeInfo.quotePrecision/baseSizePrecision/quoteAmountPrecision,1,False,0.4449579831932773,0.5327731092436975,0.4016806722689076,45.825630252100844
mexc,POLUSDC,POL-USDC,POL,USDC,True,1,True,0.09226,54015.13209,583151.01,0.09218,4684.2,0.09253,904.6,37.89724432894842,83.70263800000001,1e-05,0.0,0.0,1.0,0.0,0.0,exchangeInfo.quotePrecision/baseSizePrecision/quoteAmountPrecision,1,False,0.29789915966386554,0.5100840336134453,0.8340336134453782,45.81722689075631
mexc,UNIONUSDT,UNION-USDT,UNION,USDT,True,1,True,0.0005576,58699.1445361,105268114.82,0.0005558,13584.79,0.000559,74427.12,57.40940078938066,7.550426282,1e-07,0.0,0.0,1.0,0.0,0.0005,exchangeInfo.quotePrecision/baseSizePrecision/quoteAmountPrecision,1,False,0.5277310924369748,0.28823529411764703,0.4777310924369748,45.785714285714285
mexc,MAGATRUMPUSDT,MAGATRUMP-USDT,MAGATRUMP,USDT,True,1,True,0.03517,56786.89175,1631315.5,0.0351,115.11,0.03522,95.75,34.12969283276509,3.372315,1e-05,0.0,0.0,1.0,0.0,0.0005,exchangeInfo.quotePrecision/baseSizePrecision/quoteAmountPrecision,1,False,0.46050420168067224,0.5592436974789916,0.3235294117647059,45.779411764705884
mexc,WENUSDT,WEN-USDT,WEN,USDT,True,1,True,4.493e-06,58904.170635762,13276950108.65,4.443e-06,9119003.66,4.49e-06,5012109.22,105.22780700772543,22.5043703978,1e-09,0.0,0.0,1.0,0.0,0.0005,exchangeInfo.quotePrecision/baseSizePrecision/quoteAmountPrecision,1,False,0.5336134453781513,0.12605042016806722,0.6626050420168067,45.752100840336134
mexc,EFCUSDT,EFC-USDT,EFC,USDT,True,1,True,0.08229,59761.13065,729827.85,0.08202,422.73,0.08249,66.67,57.13938362409558,5.499608299999999,1e-05,0.01,0.01,1.0,0.0,0.0005,exchangeInfo.quotePrecision/baseSizePrecision/quoteAmountPrecision,1,False,0.5483193277310925,0.2903361344537815,0.415546218487395,45.726890756302524
mexc,COSTONUSDT,COSTON-USDT,COSTON,USDT,True,1,True,1015.94,55071.56,54.348,1011.06,0.3,1016.11,0.091,49.823152473646196,92.46601,0.01,0.0,0.0,1.0,0.0,0.0005,exchangeInfo.quotePrecision/baseSizePrecision/quoteAmountPrecision,1,False,0.36050420168067226,0.3563025210084033,0.8495798319327731,45.72689075630252
mexc,KLKUSDT,KLK-USDT,KLK,USDT,True,1,True,0.3062,49154.3865,159336.9,0.3061,22.1,0.3062,52.19,3.2663726931257386,6.76481,0.0001,0.0,0.0,1.0,0.0,0.0005,exchangeInfo.quotePrecision/baseSizePrecision/quoteAmountPrecision,1,False,0.22899159663865545,0.9575630252100841,0.4592436974789916,45.71848739495798
mexc,ORAIUSDT,ORAI-USDT,ORAI,USDT,True,1,True,0.4084,73302.722,177886.93,0.4069,5.75,0.4098,5.0,71.01750948940894,2.049,0.0001,0.0,0.0,1.0,0.0,0.0005,exchangeInfo.quotePrecision/baseSizePrecision/quoteAmountPrecision,1,False,0.6466386554621849,0.21344537815126052,0.24033613445378152,45.70798319327732
mexc,QTUMUSDC,QTUM-USDC,QTUM,USDC,True,1,True,0.9717,59766.8434,63651.62,0.9696,91.81,0.9734,1.41,39.11477097272286,1.3724939999999999,0.0001,0.0,0.0,1.0,0.0,0.0,exchangeInfo.quotePrecision/baseSizePrecision/quoteAmountPrecision,1,False,0.5487394957983194,0.4911764705882353,0.16218487394957984,45.70378151260505
mexc,ABTONUSDT,ABTON-USDT,ABTON,USDT,True,1,True,103.32,56080.56,543.14,102.97,0.494,103.59,0.816,60.030983733540324,50.86718,0.01,0.0,0.0,1.0,0.0,0.0005,exchangeInfo.quotePrecision/baseSizePrecision/quoteAmountPrecision,1,False,0.4222689075630252,0.2701680672268908,0.784453781512605,45.66806722689076
mexc,GHIBLIUSDT,GHIBLI-USDT,GHIBLI,USDT,True,1,True,0.0004138,58336.5797302,139987946.01,0.0004124,15525.08,0.0004146,62134.43,53.20435308343408,6.402542992,1e-07,0.0,0.0,1.0,0.0,0.0005,exchangeInfo.quotePrecision/baseSizePrecision/quoteAmountPrecision,1,False,0.5201680672268908,0.32268907563025206,0.44873949579831934,45.65126050420169
mexc,STRKUSDC,STRK-USDC,STRK,USDC,True,1,True,0.03335,54541.8098,1629832.57,0.03324,35826.25,0.0334,6697.87,48.019207683073354,223.708858,1e-05,0.0,0.0,1.0,0.0,0.0,exchangeInfo.quotePrecision/baseSizePrecision/quoteAmountPrecision,1,False,0.32521008403361346,0.376890756302521,0.9159663865546218,45.628151260504204
mexc,CARDSUSDT,CARDS-USDT,CARDS,USDT,True,1,True,0.0375,58938.83269,1654508.11,0.03719,712.6,0.03765,2848.0,122.92891501870712,26.501594,1e-05,0.0,0.0,1.0,0.0,0.0005,exchangeInfo.quotePrecision/baseSizePrecision/quoteAmountPrecision,1,False,0.5340336134453781,0.10168067226890753,0.684453781512605,45.602941176470594
mexc,MRVLONUSDT,MRVLON-USDT,MRVLON,USDT,True,1,True,106.86,59004.26,553.39,106.21,0.16,107.13,3.78,86.24730477172606,16.9936,0.01,0.0,0.0,1.0,0.0,0.0005,exchangeInfo.quotePrecision/baseSizePrecision/quoteAmountPrecision,1,False,0.5352941176470588,0.15672268907563025,0.6113445378151261,45.58613445378151
mexc,ONDSONUSDT,ONDSON-USDT,ONDSON,USDT,True,1,True,9.53,55665.617,5859.74,9.464,41.8,9.534,25.37,73.69196757553456,241.87758000000002,0.001,0.0,0.0,1.0,0.0,0.0005,exchangeInfo.quotePrecision/baseSizePrecision/quoteAmountPrecision,1,False,0.4012605042016807,0.20042016806722684,0.9252100840336135,45.584033613445385
mexc,VIVIUSDT,VIVI-USDT,VIVI,USDT,True,1,True,0.001513,61105.952517,40320587.19,0.001508,2061.05,0.001516,2917.52,52.91005291005277,3.1080634000000003,1e-06,0.0,0.0,1.0,0.0,0.0005,exchangeInfo.quotePrecision/baseSizePrecision/quoteAmountPrecision,1,False,0.5684873949579832,0.32689075630252096,0.3058823529411765,45.556722689075634
mexc,HINTUSDT,HINT-USDT,HINT,USDT,True,1,True,0.000814,61275.911459,74274509.83,0.000813,2647.97,0.000817,3090.74,49.07975460122686,2.1527996099999998,1e-06,0.0,0.0,1.0,0.0,0.0005,exchangeInfo.quotePrecision/baseSizePrecision/quoteAmountPrecision,1,False,0.5710084033613445,0.3647058823529412,0.24915966386554622,45.50630252100841
mexc,PANWONUSDT,PANWON-USDT,PANWON,USDT,True,1,True,162.44,55599.11,342.574,161.76,1.943,162.96,1.686,73.90983000739202,274.75056,0.01,0.0,0.0,1.0,0.0,0.0005,exchangeInfo.quotePrecision/baseSizePrecision/quoteAmountPrecision,1,False,0.39705882352941174,0.19957983193277307,0.9327731092436975,45.483193277310924
mexc,DOGEGOVUSDT,DOGEGOV-USDT,DOGEGOV,USDT,True,1,True,0.001865,60425.27388,31979518.29,0.001846,7046.89,0.001865,10840.37,102.39827539746655,13.00855894,1e-06,0.0,0.0,1.0,0.0,0.0005,exchangeInfo.quotePrecision/baseSizePrecision/quoteAmountPrecision,1,False,0.5592436974789916,0.12857142857142856,0.5735294117647058,45.443277310924366
mexc,VRTONUSDT,VRTON-USDT,VRTON,USDT,True,1,True,261.36,53139.57,203.584,260.69,1.199,261.48,0.213,30.258344983435293,55.695240000000005,0.01,0.0,0.0,1.0,0.0,0.0005,exchangeInfo.quotePrecision/baseSizePrecision/quoteAmountPrecision,1,False,0.26134453781512607,0.6067226890756303,0.792016806722689,45.38235294117647
mexc,RSRUSDC,RSR-USDC,RSR,USDC,True,1,True,0.001434,55116.804157,37542657.29,0.001429,146261.31,0.001436,48960.0,48.86561954624825,70.30656,1e-06,0.0,0.0,1.0,0.0,0.0,exchangeInfo.quotePrecision/baseSizePrecision/quoteAmountPrecision,1,False,0.3638655462184874,0.36680672268907566,0.8096638655462185,45.37605042016807
mexc,SPKUSDC,SPK-USDC,SPK,USDC,True,1,True,0.02017,55616.40763,2768020.61,0.02011,1082.88,0.0202,1216.64,44.65393202679226,21.776716800000003,1e-05,0.0,0.0,1.0,0.0,0.0,exchangeInfo.quotePrecision/baseSizePrecision/quoteAmountPrecision,1,False,0.39873949579831935,0.4130252100840336,0.6558823529411765,45.373949579831944
mexc,GMEEUSDT,GMEE-USDT,GMEE,USDT,True,1,True,0.0014769,61751.6199567,41389847.87,0.0014768,2159.15,0.0014853,12504.86,57.39171533709223,3.1886327199999998,1e-07,0.1,0.1,1.0,0.0,0.0005,exchangeInfo.quotePrecision/baseSizePrecision/quoteAmountPrecision,1,False,0.5802521008403362,0.2886554621848739,0.31176470588235294,45.36554621848741
mexc,MIRAUSDC,MIRA-USDC,MIRA,USDC,True,1,True,0.07596,54581.2056,724198.08,0.07596,8236.22,0.07634,2965.52,49.90151017728238,226.38779680000002,1e-05,0.0,0.0,1.0,0.0,0.0,exchangeInfo.quotePrecision/baseSizePrecision/quoteAmountPrecision,1,False,0.326890756302521,0.35462184873949576,0.9184873949579831,45.214285714285715
mexc,BOBUSDC,BOB-USDC,BOB,USDC,True,1,True,0.005548,57476.759742,10481431.14,0.005525,2457.89,0.005559,4376.97,61.34969325153249,13.57984225,1e-06,0.0,0.0,1.0,0.0,0.0,exchangeInfo.quotePrecision/baseSizePrecision/quoteAmountPrecision,1,False,0.4928571428571429,0.261344537815126,0.5785714285714286,45.21218487394958
mexc,YFIIUSDT,YFII-USDT,YFII,USDT,True,1,True,35.48,58564.7,1663.3068,35.38,0.0657,35.53,0.0919,42.30714990833411,2.324466,0.01,0.0001,0.0001,1.0,0.0,0.0005,exchangeInfo.quotePrecision/baseSizePrecision/quoteAmountPrecision,1,False,0.5247899159663866,0.44285714285714284,0.26218487394957984,45.17857142857144
mexc,MRKONUSDT,MRKON-USDT,MRKON,USDT,True,1,True,121.29,54844.79,453.2,120.71,3.04,121.4,2.68,56.99888480442872,325.35200000000003,0.01,0.0,0.0,1.0,0.0,0.0005,exchangeInfo.quotePrecision/baseSizePrecision/quoteAmountPrecision,1,False,0.3449579831932773,0.29159663865546215,0.9457983193277311,45.17857142857143
mexc,HMNDUSDT,HMND-USDT,HMND,USDT,True,1,True,0.003014,50474.938222,17075096.77,0.003012,13866.87,0.003018,10636.18,19.900497512437575,32.09999124,1e-06,0.0,0.0,1.0,0.0,0.0005,exchangeInfo.quotePrecision/baseSizePrecision/quoteAmountPrecision,1,False,0.23277310924369748,0.7210084033613445,0.7172268907563025,45.17226890756302
mexc,LAUSD1,LA-USD1,LA,USD1,True,1,True,0.1779,58322.66778,320064.47,0.17749,86.92,0.17818,9.55,38.80001124637985,1.7016190000000002,1e-05,0.0,0.0,1.0,0.0001,0.0001,exchangeInfo.quotePrecision/baseSizePrecision/quoteAmountPrecision,1,False,0.5189075630252101,0.4953781512605042,0.21050420168067227,45.134453781512605
mexc,UUSDC,U-USDC,U,USDC,True,1,True,0.9997,53035.8998,53046.2,0.9994,40673.07,0.9999,5.0,5.001750612715011,4.9995,0.0001,0.0,0.0,1.0,0.0,0.0,exchangeInfo.quotePrecision/baseSizePrecision/quoteAmountPrecision,1,False,0.25882352941176473,0.9310924369747899,0.3810924369747899,45.134453781512605
mexc,GEONUSDT,GEON-USDT,GEON,USDT,True,1,True,283.56,55006.8,194.118,283.37,1.066,284.65,0.157,45.068835604379174,44.69005,0.01,0.0,0.0,1.0,0.0,0.0005,exchangeInfo.quotePrecision/baseSizePrecision/quoteAmountPrecision,1,False,0.3550420168067227,0.4084033613445378,0.7630252100840336,44.997899159663866
mexc,USDDUSDT,USDD-USDT,USDD,USDT,True,1,True,0.9982,8291.4682,8303.86,0.9982,419.4,0.9993,162.35,11.013767209011162,162.23635499999997,0.0001,0.0,0.0,1.0,0.0,0.0005,exchangeInfo.quotePrecision/baseSizePrecision/quoteAmountPrecision,1,False,0.11428571428571428,0.8243697478991596,0.8987394957983194,44.86974789915967
mexc,SMXUSDT,SMX-USDT,SMX,USDT,True,1,True,0.001443,69348.424566,48157422.35,0.001431,3520.02,0.001449,298622.27,125.00000000000004,5.03714862,1e-06,0.0,0.0,1.0,0.0,0.0005,exchangeInfo.quotePrecision/baseSizePrecision/quoteAmountPrecision,1,False,0.6289915966386554,0.09999999999999998,0.38865546218487396,44.86764705882353
mexc,CREPE1USDT,CREPE1-USDT,CREPE1,USDT,True,1,True,1.5514e-05,62490.856414466,4072745399.86,1.5342e-05,508408.28,1.552e-05,16179408.65,115.35221307757155,7.79999983176,1e-09,0.0,0.0,1.0,0.0,0.0005,exchangeInfo.quotePrecision/baseSizePrecision/quoteAmountPrecision,1,False,0.5873949579831933,0.11344537815126055,0.48445378151260504,44.83193277310925
mexc,PUMPCADEUSDT,PUMPCADE-USDT,PUMPCADE,USDT,True,1,True,0.01704,69153.76637,4409680.83,0.01696,293.17,0.01716,431.83,117.23329425556992,4.9721632,1e-05,0.0,0.0,1.0,0.0,0.0005,exchangeInfo.quotePrecision/baseSizePrecision/quoteAmountPrecision,1,False,0.626890756302521,0.11008403361344543,0.3798319327731092,44.82773109243698
mexc,LTCEUR,LTC-EUR,LTC,EUR,True,1,True,46.24,44692.52,974.5503,46.14,7.5366,46.3,7.5674,34.617048896580826,347.738724,0.01,0.0,0.0,1.0,0.0,0.0,exchangeInfo.quotePrecision/baseSizePrecision/quoteAmountPrecision,1,False,0.2180672268907563,0.553781512605042,0.9491596638655462,44.82142857142858
mexc,SOUNONUSDT,SOUNON-USDT,SOUNON,USDT,True,1,True,6.76,53564.97,7931.07,6.74,53.83,6.77,57.68,44.41154700221963,362.8142,0.01,0.0,0.0,1.0,0.0,0.0005,exchangeInfo.quotePrecision/baseSizePrecision/quoteAmountPrecision,1,False,0.27899159663865547,0.41806722689075626,0.9495798319327731,44.787815126050425
mexc,MMUIUSDT,MMUI-USDT,MMUI,USDT,True,1,True,0.0407,56781.5742,1402868.99,0.0405,234.17,0.0407,2185.43,49.26108374384207,9.483884999999999,0.0001,0.01,0.01,1.0,0.0,0.0005,exchangeInfo.quotePrecision/baseSizePrecision/quoteAmountPrecision,1,False,0.46008403361344535,0.3613445378151261,0.5214285714285715,44.766806722689076
mexc,DCTUSDT,DCT-USDT,DCT,USDT,True,1,True,0.006001,15377.572382,2562263.86,0.005997,40632.45,0.006008,53122.33,18.32569762599016,243.67280264999997,1e-06,0.0,0.0,1.0,0.0,0.0005,exchangeInfo.quotePrecision/baseSizePrecision/quoteAmountPrecision,1,False,0.1403361344537815,0.7399159663865547,0.9256302521008404,44.72899159663866
mexc,ALMANAKUSDT,ALMANAK-USDT,ALMANAK,USDT,True,1,True,0.002203,56889.671325,25568465.93,0.002197,9068.23,0.002211,13697.97,63.52087114337427,19.92290131,1e-06,0.0,0.0,1.0,0.0,0.0005,exchangeInfo.quotePrecision/baseSizePrecision/quoteAmountPrecision,1,False,0.46638655462184875,0.25126050420168067,0.6390756302521008,44.714285714285715
mexc,BOBOUSDT,BOBO-USDT,BOBO,USDT,True,1,True,6.644e-08,3583.728736334106,54534960249.0,6.644e-08,3652169253.0,6.6447e-08,668224726.0,1.053526680562388,44.401528368522,1e-12,0.0,0.0,1.0,0.0,0.0005,exchangeInfo.quotePrecision/baseSizePrecision/quoteAmountPrecision,1,False,0.08571428571428572,0.9894957983193278,0.7626050420168067,44.70378151260505
mexc,HOODXUSDT,HOODX-USDT,HOODX,USDT,True,1,True,68.68,63700.2,927.02,68.33,0.03,68.73,0.59,58.36859769444122,2.0499,0.01,0.0,0.0,1.0,0.0,0.0005,exchangeInfo.quotePrecision/baseSizePrecision/quoteAmountPrecision,1,False,0.5957983193277311,0.28319327731092436,0.2407563025210084,44.663865546218496
mexc,MARAONUSDT,MARAON-USDT,MARAON,USDT,True,1,True,8.63,51491.62,5955.5,8.63,45.96,8.66,15.47,34.70213996529712,133.9702,0.01,0.0,0.0,1.0,0.0,0.0005,exchangeInfo.quotePrecision/baseSizePrecision/quoteAmountPrecision,1,False,0.23739495798319327,0.5525210084033614,0.8886554621848739,44.64285714285715
mexc,XGZUSDT,XGZ-USDT,XGZ,USDT,True,1,True,149.52,62943.9,419.9,148.11,0.04,149.54,39.81,96.08600705526482,5.9244,0.01,0.0,0.0,1.0,0.0,0.0005,exchangeInfo.quotePrecision/baseSizePrecision/quoteAmountPrecision,1,False,0.5894957983193277,0.14033613445378146,0.4319327731092437,44.56932773109244
mexc,ETHFIUSDC,ETHFI-USDC,ETHFI,USDC,True,1,True,0.4414,53878.2388,121873.7,0.4405,882.35,0.442,74.35,33.994334277620425,32.8627,0.0001,0.0,0.0,1.0,0.0,0.0,exchangeInfo.quotePrecision/baseSizePrecision/quoteAmountPrecision,1,False,0.29285714285714287,0.5609243697478992,0.721218487394958,44.554621848739494
mexc,ZAMAUSDC,ZAMA-USDC,ZAMA,USDC,True,1,True,0.02353,53739.54444,2286866.24,0.02348,3663.36,0.02357,3024.0,38.25717321997866,71.27568000000001,1e-05,0.0,0.0,1.0,0.0,0.0005,exchangeInfo.quotePrecision/baseSizePrecision/quoteAmountPrecision,1,False,0.2857142857142857,0.5042016806722689,0.8117647058823529,44.554621848739494
mexc,BROCCOLIF3BUSDT,BROCCOLIF3B-USDT,BROCCOLIF3B,USDT,True,1,True,0.00318,58987.06185,18398174.88,0.003167,2615.76,0.00319,7952.87,72.36117665565524,8.28411192,1e-06,0.0,0.0,1.0,0.0,0.0005,exchangeInfo.quotePrecision/baseSizePrecision/quoteAmountPrecision,1,False,0.5348739495798319,0.20714285714285718,0.4970588235294118,44.537815126050425
mexc,MBXUSDT,MBX-USDT,MBX,USDT,True,1,True,0.03868,55126.28408,1433907.74,0.03858,537.63,0.03874,755.66,41.38644593895331,20.741765400000002,1e-05,0.1,0.1,1.0,0.0,0.0005,exchangeInfo.quotePrecision/baseSizePrecision/quoteAmountPrecision,1,False,0.3663865546218487,0.4575630252100841,0.6470588235294118,44.531512605042025
mexc,LIQUIDIUMUSDT,LIQUIDIUM-USDT,LIQUIDIUM,USDT,True,1,True,0.0283,56061.4772,1979243.92,0.0281,2246.39,0.0283,2732.18,70.92198581560241,63.12355899999999,0.0001,0.0,0.0,1.0,0.0,0.0005,exchangeInfo.quotePrecision/baseSizePrecision/quoteAmountPrecision,1,False,0.42100840336134454,0.2138655462184874,0.8004201680672269,44.510504201680675
mexc,NUMUSDT,NUM-USDT,NUM,USDT,True,1,True,0.003805,58966.995235,15561598.13,0.003797,3566.0,0.003817,970.59,52.53480430785409,3.7047420300000002,1e-06,0.01,0.01,1.0,0.0,0.0005,exchangeInfo.quotePrecision/baseSizePrecision/quoteAmountPrecision,1,False,0.534453781512605,0.3294117647058824,0.34369747899159664,44.50420168067228
mexc,FORMUSDC,FORM-USDC,FORM,USDC,True,1,True,0.2075,54801.3006,270258.42,0.2067,360.0,0.2077,360.0,48.26254826254831,74.41199999999999,0.0001,0.0,0.0,1.0,0.0,0.0,exchangeInfo.quotePrecision/baseSizePrecision/quoteAmountPrecision,1,False,0.34285714285714286,0.3722689075630252,0.8168067226890756,44.50000000000001
mexc,EYWAUSDT,EYWA-USDT,EYWA,USDT,True,1,True,0.0007731,30630.0908907,39662432.8,0.0007727,125603.16,0.0007731,13896.04,5.175313753396425,10.743028524,1e-07,0.0,0.0,1.0,0.0,0.0005,exchangeInfo.quotePrecision/baseSizePrecision/quoteAmountPrecision,1,False,0.18949579831932772,0.9264705882352942,0.5445378151260504,44.47478991596639
mexc,BIRBUSDT,BIRB-USDT,BIRB,USDT,True,1,True,0.1294,55725.6517,434625.25,0.1293,352.88,0.1297,32.0,30.88803088803177,4.1504,0.0001,0.0,0.0,1.0,0.0,0.0005,exchangeInfo.quotePrecision/baseSizePrecision/quoteAmountPrecision,1,False,0.40588235294117647,0.5987394957983193,0.35798319327731093,44.451680672268914
mexc,COSUSDT,COS-USDT,COS,USDT,True,1,True,0.0011797,56860.5860982,46290971.49,0.0011752,14015.26,0.0011823,50000.0,60.233297985154756,16.470733552,1e-07,0.0,0.0,1.0,0.0,0.0005,exchangeInfo.quotePrecision/baseSizePrecision/quoteAmountPrecision,1,False,0.4647058823529412,0.269327731092437,0.607563025210084,44.443277310924366
mexc,TCAPYUSDT,TCAPY-USDT,TCAPY,USDT,True,1,True,3.1e-06,61319.85178038,19733390553.22,3.08e-06,6143399.08,3.12e-06,3206984.39,129.03225806451627,10.005791296800002,1e-08,0.0,0.0,1.0,0.0,0.0005,exchangeInfo.quotePrecision/baseSizePrecision/quoteAmountPrecision,1,False,0.5718487394957983,0.0949579831932773,0.5289915966386555,44.40546218487395
mexc,AIOUSDT,AIO-USDT,AIO,USDT,True,1,True,0.07739,59668.89972,732536.87,0.07717,51.47,0.07761,508.0,56.85489081276599,3.9719399,1e-05,0.0,0.0,1.0,0.0,0.0005,exchangeInfo.quotePrecision/baseSizePrecision/quoteAmountPrecision,1,False,0.5462184873949579,0.2928571428571428,0.35126050420168065,44.38865546218487
mexc,COOKIEUSDC,COOKIE-USDC,COOKIE,USDC,True,1,True,0.0165,54982.37216,3295455.84,0.01646,61431.68,0.01657,25491.43,66.60611565243866,422.39299510000006,1e-05,0.0,0.0,1.0,0.0,0.0,exchangeInfo.quotePrecision/baseSizePrecision/quoteAmountPrecision,1,False,0.3521008403361345,0.234873949579832,0.9571428571428572,44.38025210084034
mexc,SDUSDT,SD-USDT,SD,USDT,True,1,True,0.1314,58020.6756,450471.94,0.1308,294.22,0.1323,173.68,114.02508551881425,22.977864,0.0001,0.0,0.0,1.0,0.0,0.0005,exchangeInfo.quotePrecision/baseSizePrecision/quoteAmountPrecision,1,False,0.5117647058823529,0.1151260504201681,0.665126050420168,44.32773109243698
mexc,DNUSDT,DN-USDT,DN,USDT,True,1,True,0.09624,63641.44032,670572.8,0.0964,1006.02,0.09727,52.62,89.84354830381533,5.118347399999999,1e-05,0.0,0.0,1.0,0.0,0.0005,exchangeInfo.quotePrecision/baseSizePrecision/quoteAmountPrecision,1,False,0.5953781512605042,0.14957983193277313,0.39201680672268907,44.325630252100844
mexc,MANEKIUSDT,MANEKI-USDT,MANEKI,USDT,True,1,True,0.0002585,56550.8437658,217651423.2,0.0002582,21301.31,0.000259,7949.55,30.935808197989925,2.05893345,1e-07,0.0,0.0,1.0,0.0,0.0005,exchangeInfo.quotePrecision/baseSizePrecision/quoteAmountPrecision,1,False,0.4457983193277311,0.5978991596638655,0.2415966386554622,44.29831932773109
mexc,BABYDOGEUSDC,BABYDOGE-USDC,BABYDOGE,USDC,True,1,True,3.783e-10,56179.30675895044,147888478366909.0,3.768e-10,57624661779.0,3.789e-10,1322510687246.0,55.577610162763634,21.7129725583272,1e-13,0.0,0.0,1.0,0.0,0.0,exchangeInfo.quotePrecision/baseSizePrecision/quoteAmountPrecision,1,False,0.42815126050420166,0.3054621848739496,0.6554621848739496,44.294117647058826
mexc,HMSTRUSDC,HMSTR-USDC,HMSTR,USDC,True,1,True,0.0001419,55966.1459171,395580550.25,0.0001414,669709.44,0.0001421,128000.0,49.38271604938391,18.1888,1e-07,0.0,0.0,1.0,0.0,0.0,exchangeInfo.quotePrecision/baseSizePrecision/quoteAmountPrecision,1,False,0.4147058823529412,0.35966386554621854,0.6243697478991597,44.287815126050425
mexc,PYBOBOUSDT,PYBOBO-USDT,PYBOBO,USDT,True,1,True,0.0007714,54991.9085669,71353204.3,0.0007689,84724.97,0.0007725,54053.92,46.71078240560502,41.756653199999995,1e-07,0.0,0.0,1.0,0.0,0.0005,exchangeInfo.quotePrecision/baseSizePrecision/quoteAmountPrecision,1,False,0.35294117647058826,0.39117647058823535,0.753781512605042,44.26680672268908
mexc,ATOMUSDC,ATOM-USDC,ATOM,USDC,True,1,True,1.69,53153.924,31243.21,1.686,32.99,1.691,19.5,29.612081729346258,32.9745,0.001,0.01,0.01,1.0,0.0,0.0,exchangeInfo.quotePrecision/baseSizePrecision/quoteAmountPrecision,1,False,0.2630252100840336,0.6130252100840337,0.7222689075630252,44.2373949579832
mexc,ECHELONUSDT,ECHELON-USDT,ECHELON,USDT,True,1,True,0.07596,62207.57365,742759.75,0.07566,17.56,0.07603,98.52,48.78370360603802,1.3285896,1e-05,0.0,0.0,1.0,0.0,0.0005,exchangeInfo.quotePrecision/baseSizePrecision/quoteAmountPrecision,1,False,0.584873949579832,0.36764705882352944,0.13991596638655462,44.15756302521009
mexc,GMEUSDT,GME-USDT,GME,USDT,True,1,True,0.0005259,56606.3638734,108097289.07,0.0005251,7264.81,0.000527,5499.32,36.11823971105393,2.89814164,1e-07,0.0,0.0,1.0,0.0,0.0005,exchangeInfo.quotePrecision/baseSizePrecision/quoteAmountPrecision,1,False,0.4512605042016807,0.5378151260504201,0.29411764705882354,44.14705882352942
mexc,FLDUSDT,FLD-USDT,FLD,USDT,True,1,True,3.1e-05,78169.66545,3510801269.67,3.1e-05,115981.51,3.2e-05,915823.67,317.46031746031656,3.59542681,1e-06,0.0,0.0,1.0,0.0,0.0005,exchangeInfo.quotePrecision/baseSizePrecision/quoteAmountPrecision,1,False,0.6655462184873949,0.027310924369747913,0.3403361344537815,44.094537815126046
mexc,LMTONUSDT,LMTON-USDT,LMTON,USDT,True,1,True,631.76,54063.04,85.708,629.56,0.529,632.1,0.079,40.264413550403084,49.935900000000004,0.01,0.0,0.0,1.0,0.0,0.0005,exchangeInfo.quotePrecision/baseSizePrecision/quoteAmountPrecision,1,False,0.30168067226890755,0.4756302521008403,0.7798319327731092,44.07983193277311
mexc,PHNIXUSDT,PHNIX-USDT,PHNIX,USDT,True,1,True,1.2064e-05,60170.884387889,5070807140.94,1.2048e-05,682580.39,1.2162e-05,1064444.96,94.17596034696344,8.22372853872,1e-09,0.0,0.0,1.0,0.0,0.0005,exchangeInfo.quotePrecision/baseSizePrecision/quoteAmountPrecision,1,False,0.5563025210084034,0.14369747899159668,0.49411764705882355,44.07142857142858
mexc,AMDONUSDT,AMDON-USDT,AMDON,USDT,True,1,True,216.04,55001.44,254.128,215.91,1.899,216.99,0.239,49.89604989605048,51.86061,0.01,0.0,0.0,1.0,0.0,0.0005,exchangeInfo.quotePrecision/baseSizePrecision/quoteAmountPrecision,1,False,0.3542016806722689,0.35504201680672265,0.7852941176470588,44.06302521008404
mexc,PARTUSDT,PART-USDT,PART,USDT,True,1,True,0.1956,100194.1167,550804.96,0.1946,5.65,0.1966,118.0,102.24948875255633,1.09949,0.0001,0.0,0.0,1.0,0.0,0.0005,exchangeInfo.quotePrecision/baseSizePrecision/quoteAmountPrecision,1,False,0.7256302521008403,0.12899159663865545,0.046218487394957986,44.05882352941177
mexc,MOODENGETHUSDT,MOODENGETH-USDT,MOODENGETH,USDT,True,1,True,4.103e-06,56804.857975549,13894484514.85,4.097e-06,754545.08,4.106e-06,271884.77,21.9431915152999,1.11635886562,1e-09,0.0,0.0,1.0,0.0,0.0005,exchangeInfo.quotePrecision/baseSizePrecision/quoteAmountPrecision,1,False,0.46218487394957986,0.6995798319327731,0.05546218487394958,44.01890756302521
mexc,AMGNONUSDT,AMGNON-USDT,AMGNON,USDT,True,1,True,349.34,55593.84,159.047,348.76,0.987,350.75,0.111,56.89697073665878,38.93325,0.01,0.0,0.0,1.0,0.0,0.0005,exchangeInfo.quotePrecision/baseSizePrecision/quoteAmountPrecision,1,False,0.39663865546218485,0.29201680672268904,0.7449579831932773,44.01470588235294
mexc,RAREUSDC,RARE-USDC,RARE,USDC,True,1,True,0.01459,55993.79829,3875764.08,0.01452,1600.0,0.0146,34080.63,54.94505494505509,23.232,1e-05,0.0,0.0,1.0,0.0,0.0,exchangeInfo.quotePrecision/baseSizePrecision/quoteAmountPrecision,1,False,0.41638655462184876,0.31092436974789917,0.6668067226890756,44.010504201680675
mexc,TRWAUSDT,TRWA-USDT,TRWA,USDT,True,1,True,0.0004064,54892.0153577,133778201.59,0.0004062,34490.41,0.0004077,90833.39,36.85956505713189,14.010004542,1e-07,0.0,0.0,1.0,0.0,0.0005,exchangeInfo.quotePrecision/baseSizePrecision/quoteAmountPrecision,1,False,0.3483193277310924,0.5260504201680672,0.584873949579832,44.00630252100841
mexc,SUSHIUSDC,SUSHI-USDC,SUSHI,USDC,True,1,True,0.1924,53499.9009,276983.52,0.1919,572.8,0.1927,1534.4,41.601664066563856,109.92031999999999,0.0001,0.0,0.0,1.0,0.0,0.0,exchangeInfo.quotePrecision/baseSizePrecision/quoteAmountPrecision,1,False,0.27521008403361347,0.4525210084033613,0.873109243697479,43.911764705882355
mexc,SPXUSDC,SPX-USDC,SPX,USDC,True,1,True,0.2638,55125.4742,208154.84,0.2632,1652.98,0.2647,289.63,56.82894487592352,76.665061,0.0001,0.0,0.0,1.0,0.0,0.0,exchangeInfo.quotePrecision/baseSizePrecision/quoteAmountPrecision,1,False,0.3659663865546218,0.2932773109243697,0.8218487394957983,43.89705882352941
mexc,CLOREUSDT,CLORE-USDT,CLORE,USDT,True,1,True,0.002264,64292.436879,28695699.69,0.002257,72558.78,0.002277,1819.62,88.22232024702272,4.14327474,1e-06,0.0,0.0,1.0,0.0,0.0005,exchangeInfo.quotePrecision/baseSizePrecision/quoteAmountPrecision,1,False,0.5983193277310924,0.15294117647058825,0.35756302521008404,43.88235294117647
mexc,BTCMTUSDT,BTCMT-USDT,BTCMT,USDT,True,1,True,0.6611,56637.2657,85612.78,0.6611,130.32,0.6649,20.65,57.31523378582241,13.730185,0.0001,0.0,0.0,1.0,0.0,0.0005,exchangeInfo.quotePrecision/baseSizePrecision/quoteAmountPrecision,1,False,0.453781512605042,0.2894957983193277,0.5806722689075631,43.80882352941177
mexc,CELLUSDT,CELL-USDT,CELL,USDT,True,1,True,0.06829,93418.57695,1329978.93,0.06807,271.99,0.0688,18.02,106.6705633082479,1.239776,1e-05,0.0,0.0,1.0,0.0,0.0005,exchangeInfo.quotePrecision/baseSizePrecision/quoteAmountPrecision,1,False,0.7075630252100841,0.123109243697479,0.08991596638655462,43.79201680672269
mexc,ARBUSDC,ARB-USDC,ARB,USDC,True,1,True,0.09238,54040.42357,582221.9,0.09228,267.33,0.0926,4182.59,34.61704889658166,24.6692124,1e-05,0.0,0.0,1.0,0.0,0.0,exchangeInfo.quotePrecision/baseSizePrecision/quoteAmountPrecision,1,False,0.2995798319327731,0.5533613445378152,0.6739495798319328,43.78991596638656
mexc,FITFIUSDT,FITFI-USDT,FITFI,USDT,True,1,True,0.0005491,62402.4418617,105685999.83,0.0005398,18310.0,0.0005522,52613.11,227.10622710622664,9.883738,1e-07,0.0001,0.0001,1.0,0.0,0.0005,exchangeInfo.quotePrecision/baseSizePrecision/quoteAmountPrecision,1,False,0.5865546218487395,0.04159663865546215,0.5243697478991597,43.787815126050425
mexc,IPUSDC,IP-USDC,IP,USDC,True,1,True,0.4955,54676.4565,109825.65,0.4947,102.07,0.4965,32.12,36.319612590799515,15.947579999999999,0.0001,0.0,0.0,1.0,0.0,0.0,exchangeInfo.quotePrecision/baseSizePrecision/quoteAmountPrecision,1,False,0.33361344537815124,0.5352941176470588,0.6012605042016806,43.75630252100841
mexc,SNDKONUSDT,SNDKON-USDT,SNDKON,USDT,True,1,True,699.35,54567.43,78.093,697.52,0.398,700.23,0.034,38.7766052584516,23.807820000000003,0.01,0.0,0.0,1.0,0.0,0.0005,exchangeInfo.quotePrecision/baseSizePrecision/quoteAmountPrecision,1,False,0.32605042016806723,0.4957983193277311,0.6705882352941176,43.739495798319325
mexc,CLAWNCHUSDT,CLAWNCH-USDT,CLAWNCH,USDT,True,1,True,2.654e-05,60964.03471706,2246510508.0,2.622e-05,322070.0,2.654e-05,497371.0,121.30401819560285,8.4446754,1e-08,0.0,0.0,1.0,0.0,0.0005,exchangeInfo.quotePrecision/baseSizePrecision/quoteAmountPrecision,1,False,0.5659663865546218,0.10378151260504198,0.4991596638655462,43.70588235294118
mexc,FLTUSDT,FLT-USDT,FLT,USDT,True,1,True,0.006073,56300.918313,9042905.87,0.006071,17253.87,0.006093,534.13,36.17231173955987,3.2544540900000003,1e-06,0.0,0.0,1.0,0.0,0.0005,exchangeInfo.quotePrecision/baseSizePrecision/quoteAmountPrecision,1,False,0.43445378151260505,0.5369747899159664,0.3163865546218487,43.64705882352942
mexc,HOLOUSDC,HOLO-USDC,HOLO,USDC,True,1,True,0.05318,55378.10224,1051022.77,0.05298,3564.16,0.05327,708.81,54.58823529411738,37.75830869999999,1e-05,0.0,0.0,1.0,0.0,0.0,exchangeInfo.quotePrecision/baseSizePrecision/quoteAmountPrecision,1,False,0.3815126050420168,0.3126050420168067,0.7415966386554622,43.63025210084034
mexc,ARMONUSDT,ARMON-USDT,ARMON,USDT,True,1,True,148.94,58332.47,393.145,147.93,0.084,149.02,0.057,73.41303249705359,8.494140000000002,0.01,0.0,0.0,1.0,0.0,0.0005,exchangeInfo.quotePrecision/baseSizePrecision/quoteAmountPrecision,1,False,0.5197478991596639,0.2016806722689075,0.5,43.62815126050421
mexc,PERPUSDT,PERP-USDT,PERP,USDT,True,1,True,0.02768,62063.48,2285022.2,0.02755,1423.25,0.02789,229.99,122.65512265512265,6.4144211,1e-05,0.01,0.01,1.0,0.0,0.0005,exchangeInfo.quotePrecision/baseSizePrecision/quoteAmountPrecision,1,False,0.5827731092436975,0.1029411764705882,0.44915966386554623,43.609243697479
mexc,TORNUSDT,TORN-USDT,TORN,USDT,True,1,True,7.768,64171.465,8207.191,7.704,5.123,7.79,0.645,111.01071382470673,5.0245500000000005,0.001,0.001,0.001,1.0,0.0,0.0005,exchangeInfo.quotePrecision/baseSizePrecision/quoteAmountPrecision,1,False,0.5974789915966386,0.12016806722689077,0.3869747899159664,43.60504201680673
mexc,TPTUUSDT,TPTU-USDT,TPTU,USDT,True,1,True,0.06877,50517.13779,734227.69,0.06868,990.67,0.06889,727.37,30.52991204477747,50.108519300000005,1e-05,0.0,0.0,1.0,0.0,0.0005,exchangeInfo.quotePrecision/baseSizePrecision/quoteAmountPrecision,1,False,0.23319327731092437,0.6033613445378152,0.7819327731092437,43.54831932773109
mexc,IMGNUSDT,IMGN-USDT,IMGN,USDT,True,1,True,0.0006,38971.25033,64991932.48,0.000599,232511.27,0.000601,347869.0,33.333333333332334,139.27425073,1e-06,0.0,0.0,1.0,0.0,0.0005,exchangeInfo.quotePrecision/baseSizePrecision/quoteAmountPrecision,1,False,0.20798319327731093,0.5714285714285714,0.8907563025210085,43.53991596638656
mexc,SMCIONUSDT,SMCION-USDT,SMCION,USDT,True,1,True,22.91,54727.62,2376.52,22.87,0.25,22.93,1.83,26.20087336244486,5.7175,0.01,0.0,0.0,1.0,0.0,0.0005,exchangeInfo.quotePrecision/baseSizePrecision/quoteAmountPrecision,1,False,0.3382352941176471,0.6550420168067227,0.4273109243697479,43.52521008403362
mexc,XPLUSDC,XPL-USDC,XPL,USDC,True,1,True,0.10947,53792.20252,460706.19,0.10937,32051.88,0.10997,46362.98,54.70958329534087,3505.5141156,1e-05,0.0,0.0,1.0,0.0,0.0,exchangeInfo.quotePrecision/baseSizePrecision/quoteAmountPrecision,1,False,0.2886554621848739,0.31218487394957983,0.9920168067226891,43.52100840336135
mexc,ATUSDC,AT-USDC,AT,USDC,True,1,True,0.15864,53623.26768,334814.15,0.15863,1004.93,0.15926,353.34,39.63635219730217,56.2729284,1e-05,0.0,0.0,1.0,0.0,0.0,exchangeInfo.quotePrecision/baseSizePrecision/quoteAmountPrecision,1,False,0.2823529411764706,0.4831932773109243,0.7928571428571428,43.46638655462185
mexc,SENSOUSDT,SENSO-USDT,SENSO,USDT,True,1,True,0.003039,6769.379029,2226402.05,0.003039,8977.93,0.00304,9434.16,3.290014805067059,27.28392927,1e-06,0.001,0.001,1.0,0.0,0.0005,exchangeInfo.quotePrecision/baseSizePrecision/quoteAmountPrecision,1,False,0.10252100840336134,0.9567226890756303,0.692436974789916,43.405462184873954
mexc,KINUSDT,KIN-USDT,KIN,USDT,True,1,True,0.006266,61371.295496,9549625.76,0.006211,1040.14,0.006284,1350.42,116.84673869547704,6.460309540000001,1e-06,0.0,0.0,1.0,0.0,0.0005,exchangeInfo.quotePrecision/baseSizePrecision/quoteAmountPrecision,1,False,0.5735294117647058,0.11176470588235299,0.4512605042016807,43.36344537815126
mexc,XAIUSDC,XAI-USDC,XAI,USDC,True,1,True,0.009065,54259.820904,5967683.22,0.009022,21769.22,0.009065,9520.0,47.54796262508945,86.2988,1e-06,0.0,0.0,1.0,0.0,0.0,exchangeInfo.quotePrecision/baseSizePrecision/quoteAmountPrecision,1,False,0.3105042016806723,0.3819327731092437,0.8365546218487395,43.35714285714286
mexc,LITUSDC,LIT-USDC,LIT,USDC,True,1,True,0.9891,55916.6896,57443.49,0.9893,46.27,0.9931,5.41,38.337368845843685,5.372671,0.0001,0.0,0.0,1.0,0.0,0.0,exchangeInfo.quotePrecision/baseSizePrecision/quoteAmountPrecision,1,False,0.4121848739495798,0.5025210084033613,0.4054621848739496,43.34243697478992
mexc,KITEAIUSDT,KITEAI-USDT,KITEAI,USDT,True,1,True,6.367e-08,8105.22589670488,127137828862.0,6.366e-08,2331755770.0,6.376e-08,6503141718.0,15.696123057603872,148.4395723182,1e-11,0.0,0.0,1.0,0.0,0.0005,exchangeInfo.quotePrecision/baseSizePrecision/quoteAmountPrecision,1,False,0.11302521008403361,0.7697478991596639,0.892436974789916,43.30882352941177
mexc,UBERONUSDT,UBERON-USDT,UBERON,USDT,True,1,True,71.72,60182.94,843.44,71.43,0.07,71.96,0.72,73.92426250086993,5.000100000000001,0.01,0.0,0.0,1.0,0.0,0.0005,exchangeInfo.quotePrecision/baseSizePrecision/quoteAmountPrecision,1,False,0.5567226890756303,0.19915966386554618,0.38487394957983195,43.29621848739496
mexc,TREATUSDT,TREAT-USDT,TREAT,USDT,True,1,True,0.0001787,60965.5750393,338672822.91,0.0001778,15065.59,0.0001789,14652.96,61.676478833753826,2.621414544,1e-07,0.0,0.0,1.0,0.0,0.0005,exchangeInfo.quotePrecision/baseSizePrecision/quoteAmountPrecision,1,False,0.5663865546218487,0.25924369747899156,0.2823529411764706,43.279411764705884
mexc,FUNTOKENUSDC,FUNTOKEN-USDC,FUNTOKEN,USDC,True,1,True,0.001428,55333.96232,39253538.3,0.001422,45488.64,0.001431,336252.16,63.091482649841524,64.68484608,1e-06,0.0,0.0,1.0,0.0,0.0,exchangeInfo.quotePrecision/baseSizePrecision/quoteAmountPrecision,1,False,0.37899159663865545,0.2546218487394958,0.8025210084033614,43.260504201680675
mexc,QUSDT,Q-USDT,Q,USDT,True,1,True,0.008066,53125.01611,6566957.45,0.008058,1716.0,0.008068,752.0,12.402331638349654,6.0671360000000005,1e-06,0.0,0.0,1.0,0.0,0.0005,exchangeInfo.quotePrecision/baseSizePrecision/quoteAmountPrecision,1,False,0.2609243697478992,0.8046218487394958,0.43865546218487395,43.23949579831933
mexc,THEUSDC,THE-USDC,THE,USDC,True,1,True,0.0968,54355.4551,578233.77,0.0964,6824.51,0.097,7695.1,62.04756980351636,657.8827640000001,0.0001,0.0,0.0,1.0,0.0,0.0,exchangeInfo.quotePrecision/baseSizePrecision/quoteAmountPrecision,1,False,0.31512605042016806,0.2579831932773109,0.9722689075630252,43.226890756302524
mexc,DOTUSDC,DOT-USDC,DOT,USDC,True,1,True,1.239,59423.474,47669.74,1.235,1.09,1.24,0.97,40.40404040403955,1.2027999999999999,0.001,0.0,0.0,1.0,0.0,0.0,exchangeInfo.quotePrecision/baseSizePrecision/quoteAmountPrecision,1,False,0.5432773109243697,0.47289915966386553,0.07436974789915966,43.19012605042017
mexc,MOONEDUSDT,MOONED-USDT,MOONED,USDT,True,1,True,0.001336,35802.707011,26765512.89,0.001335,27566.34,0.001338,38732.81,22.446689113355514,36.8010639,1e-06,0.0,0.0,1.0,0.0,0.0005,exchangeInfo.quotePrecision/baseSizePrecision/quoteAmountPrecision,1,False,0.20252100840336135,0.6907563025210084,0.738655462184874,43.180672268907564
mexc,JETTONUSDT,JETTON-USDT,JETTON,USDT,True,1,True,0.03553,57276.79514,1623420.12,0.03527,948.05,0.03575,2816.25,135.1731906505194,33.437723500000004,1e-05,0.0,0.0,1.0,0.0,0.0005,exchangeInfo.quotePrecision/baseSizePrecision/quoteAmountPrecision,1,False,0.4815126050420168,0.08613445378151263,0.726890756302521,43.17436974789916
mexc,ENJUSDC,ENJ-USDC,ENJ,USDC,True,1,True,0.0199,53566.96842,2638367.27,0.01984,6117.06,0.01993,6814.91,45.260246416897054,121.3624704,1e-05,0.0,0.0,1.0,0.0,0.0,exchangeInfo.quotePrecision/baseSizePrecision/quoteAmountPrecision,1,False,0.27983193277310925,0.40630252100840336,0.8810924369747899,43.170168067226896
mexc,ASTERUSDC,ASTER-USDC,ASTER,USDC,True,1,True,0.6557,52911.2764,80212.91,0.6539,427.54,0.6564,112.64,38.15920018316334,73.936896,0.0001,0.0,0.0,1.0,0.0,0.0,exchangeInfo.quotePrecision/baseSizePrecision/quoteAmountPrecision,1,False,0.257563025210084,0.5063025210084033,0.8159663865546218,43.14285714285714
mexc,CKBUSDC,CKB-USDC,CKB,USDC,True,1,True,0.001482,54997.65588,37985050.67,0.00148,61600.0,0.001486,10094.21,40.45853000674261,14.999996059999997,1e-06,0.0,0.0,1.0,0.0,0.0,exchangeInfo.quotePrecision/baseSizePrecision/quoteAmountPrecision,1,False,0.35336134453781515,0.4722689075630252,0.5928571428571429,43.09873949579832
mexc,IMXUSDC,IMX-USDC,IMX,USDC,True,1,True,0.1338,56601.8618,425921.13,0.1335,590.4,0.1342,63.19,52.29734777736317,8.480098,0.0001,0.0,0.0,1.0,0.0,0.0,exchangeInfo.quotePrecision/baseSizePrecision/quoteAmountPrecision,1,False,0.4508403361344538,0.33235294117647063,0.4995798319327731,43.09663865546219
mexc,SCCPUSDT,SCCP-USDT,SCCP,USDT,True,1,True,0.03342,54476.09845,1630283.74,0.03337,986.38,0.0335,632.76,38.88141169433382,21.19746,1e-05,0.0,0.0,1.0,0.0,0.0005,exchangeInfo.quotePrecision/baseSizePrecision/quoteAmountPrecision,1,False,0.32142857142857145,0.49411764705882355,0.6525210084033614,43.08193277310925
mexc,STXONUSDT,STXON-USDT,STXON,USDT,True,1,True,426.86,57022.77,133.478,426.25,0.029,429.12,0.029,67.10546313291336,12.36125,0.01,0.0,0.0,1.0,0.0,0.0005,exchangeInfo.quotePrecision/baseSizePrecision/quoteAmountPrecision,1,False,0.4722689075630252,0.23067226890756298,0.565546218487395,43.05252100840337
mexc,MCDONUSDT,MCDON-USDT,MCDON,USDT,True,1,True,309.76,54003.49,174.104,309.71,0.088,310.88,0.816,37.706053916434875,27.254479999999997,0.01,0.0,0.0,1.0,0.0,0.0005,exchangeInfo.quotePrecision/baseSizePrecision/quoteAmountPrecision,1,False,0.29747899159663865,0.5130252100840336,0.6915966386554622,43.01890756302521
mexc,ACNONUSDT,ACNON-USDT,ACNON,USDT,True,1,True,202.87,57070.53,281.679,202.24,0.024,203.22,0.561,48.34015685887582,4.85376,0.01,0.0,0.0,1.0,0.0,0.0005,exchangeInfo.quotePrecision/baseSizePrecision/quoteAmountPrecision,1,False,0.4756302521008403,0.37100840336134455,0.3777310924369748,42.989495798319325
mexc,AGIUSDT,AGI-USDT,AGI,USDT,True,1,True,0.01062,55663.69167,5184438.79,0.01059,683.46,0.01062,209.62,28.288543140027137,2.2261644,1e-05,0.0,0.0,1.0,0.0,0.0005,exchangeInfo.quotePrecision/baseSizePrecision/quoteAmountPrecision,1,False,0.4008403361344538,0.630672268907563,0.25630252100840334,42.939075630252105
mexc,BULLISHUSDT,BULLISH-USDT,BULLISH,USDT,True,1,True,0.0023,57797.482133,26068818.85,0.002287,6410.72,0.00231,76458.91,100.06525995214277,14.66131664,1e-06,0.0,0.0,1.0,0.0,0.0005,exchangeInfo.quotePrecision/baseSizePrecision/quoteAmountPrecision,1,False,0.5050420168067227,0.13319327731092434,0.5899159663865546,42.90546218487395
mexc,BBTUSDT,BBT-USDT,BBT,USDT,True,1,True,0.3005,53971.25547,174723.59,0.3002,19.48,0.3008,19.44,19.966722129783342,5.847552,1e-05,0.0,0.0,1.0,0.0,0.0005,exchangeInfo.quotePrecision/baseSizePrecision/quoteAmountPrecision,1,False,0.296218487394958,0.7201680672268908,0.42983193277310927,42.892857142857146
mexc,FLUXUSDC,FLUX-USDC,FLUX,USDC,True,1,True,0.05605,53531.25287,950806.56,0.05591,8667.38,0.0562,8005.25,51.734903220051486,449.89505,1e-05,0.0,0.0,1.0,0.0,0.0,exchangeInfo.quotePrecision/baseSizePrecision/quoteAmountPrecision,1,False,0.2773109243697479,0.3365546218487395,0.9592436974789916,42.85084033613445
mexc,SQTUSDT,SQT-USDT,SQT,USDT,True,1,True,0.0004955,57828.2223861,112200356.39,0.0004945,8654.6,0.000497,6409.27,50.428643469490794,3.1854071900000007,1e-07,0.0,0.0,1.0,0.0,0.0005,exchangeInfo.quotePrecision/baseSizePrecision/quoteAmountPrecision,1,False,0.507563025210084,0.34705882352941175,0.31092436974789917,42.8109243697479
mexc,RSS3USDT,RSS3-USDT,RSS3,USDT,True,1,True,0.006955,59590.869274,10575007.3,0.006914,500.78,0.006955,420.65,59.12466652246051,2.9256207499999998,1e-06,0.001,0.001,1.0,0.0,0.0005,exchangeInfo.quotePrecision/baseSizePrecision/quoteAmountPrecision,1,False,0.5449579831932773,0.27647058823529413,0.2953781512605042,42.792016806722685
mexc,SPGIONUSDT,SPGION-USDT,SPGION,USDT,True,1,True,429.54,59178.66,137.283,429.45,0.012,432.57,0.012,72.38811164474153,5.1533999999999995,0.01,0.0,0.0,1.0,0.0,0.0005,exchangeInfo.quotePrecision/baseSizePrecision/quoteAmountPrecision,1,False,0.5390756302521008,0.2063025210084034,0.3949579831932773,42.705882352941174
mexc,DKAUSDT,DKA-USDT,DKA,USDT,True,1,True,0.005551,60756.264654,10897024.41,0.005494,1257.9,0.005564,4705.7,126.60517272562961,6.9109026,1e-06,0.0,0.0,1.0,0.0,0.0005,exchangeInfo.quotePrecision/baseSizePrecision/quoteAmountPrecision,1,False,0.5626050420168067,0.09789915966386553,0.4642857142857143,42.67647058823529
mexc,BCEUSDT,BCE-USDT,BCE,USDT,True,1,True,0.174864,60769.34825,347567.26,0.174224,37.4,0.176349,223.22,121.2301004355735,6.515977599999999,1e-06,0.0,0.0,1.0,0.0,0.0005,exchangeInfo.quotePrecision/baseSizePrecision/quoteAmountPrecision,1,False,0.5630252100840336,0.10420168067226887,0.4533613445378151,42.63865546218488
mexc,AMZNXUSDT,AMZNX-USDT,AMZNX,USDT,True,1,True,210.33,60334.48,287.895,208.92,0.017,210.42,0.179,71.5409929889827,3.55164,0.01,0.0,0.0,1.0,0.0,0.0005,exchangeInfo.quotePrecision/baseSizePrecision/quoteAmountPrecision,1,False,0.557563025210084,0.20966386554621852,0.3365546218487395,42.63865546218488
mexc,TWTUSDC,TWT-USDC,TWT,USDC,True,1,True,0.3971,52388.7575,131596.08,0.3965,1107.2,0.398,167.68,37.7595972309629,66.73664000000001,0.0001,0.0,0.0,1.0,0.0,0.0,exchangeInfo.quotePrecision/baseSizePrecision/quoteAmountPrecision,1,False,0.24831932773109244,0.5121848739495798,0.8071428571428572,42.60504201680673
mexc,MANTAUSDC,MANTA-USDC,MANTA,USDC,True,1,True,0.06336,53308.1301,850033.77,0.06323,11812.18,0.06349,1137.6,41.03535353535515,72.226224,1e-05,0.0,0.0,1.0,0.0,0.0,exchangeInfo.quotePrecision/baseSizePrecision/quoteAmountPrecision,1,False,0.2684873949579832,0.46176470588235297,0.8138655462184874,42.58823529411765
mexc,QUICKUSDT,QUICK-USDT,QUICK,USDT,True,1,True,0.009471,66747.119712,6971269.53,0.009447,141.56,0.009508,138.45,64.36296491690878,1.3163826,1e-06,0.0001,0.0001,1.0,0.0,0.0005,exchangeInfo.quotePrecision/baseSizePrecision/quoteAmountPrecision,1,False,0.6138655462184874,0.24663865546218489,0.1315126050420168,42.55882352941177
mexc,PEAQUSDC,PEAQ-USDC,PEAQ,USDC,True,1,True,0.01364,58761.8653,4159688.71,0.0136,6603.08,0.01369,342.78,65.95822645657863,4.6926582,1e-05,0.0,0.0,1.0,0.0,0.0,exchangeInfo.quotePrecision/baseSizePrecision/quoteAmountPrecision,1,False,0.5294117647058824,0.23907563025210088,0.373109243697479,42.556722689075634
mexc,COCOUSDT,COCO-USDT,COCO,USDT,True,1,True,0.23834,51898.18251,218923.88,0.23829,73.32,0.23887,963.58,24.3105038142341,17.4714228,1e-05,0.0,0.0,1.0,0.0,0.0005,exchangeInfo.quotePrecision/baseSizePrecision/quoteAmountPrecision,1,False,0.24201680672268908,0.6739495798319328,0.6180672268907563,42.52100840336135
mexc,NOWONUSDT,NOWON-USDT,NOWON,USDT,True,1,True,506.72,55969.55,110.39,505.84,0.093,509.92,0.085,80.33393715050879,43.3432,0.01,0.0,0.0,1.0,0.0,0.0005,exchangeInfo.quotePrecision/baseSizePrecision/quoteAmountPrecision,1,False,0.415546218487395,0.1747899159663866,0.7600840336134453,42.4264705882353
mexc,BANANAS31USDC,BANANAS31-USDC,BANANAS31,USDC,True,1,True,0.012725,54170.2184,4235211.71,0.012719,129491.73,0.012768,1655.68,38.450975006866585,21.13972224,1e-06,0.0,0.0,1.0,0.0,0.0,exchangeInfo.quotePrecision/baseSizePrecision/quoteAmountPrecision,1,False,0.3067226890756303,0.5006302521008403,0.6512605042016807,42.41071428571429
mexc,HEMIUSDC,HEMI-USDC,HEMI,USDC,True,1,True,0.008605,57360.750082,7750937.84,0.008551,5865.6,0.008594,430.71,50.160396617089106,3.7015217399999996,1e-06,0.0,0.0,1.0,0.0,0.0,exchangeInfo.quotePrecision/baseSizePrecision/quoteAmountPrecision,1,False,0.4865546218487395,0.35,0.34327731092436975,42.37605042016806
mexc,FLQLONUSDT,FLQLON-USDT,FLQLON,USDT,True,1,True,68.45,56574.29,827.49,68.18,5.37,68.59,0.16,59.95466842143695,10.974400000000001,0.01,0.0,0.0,1.0,0.0,0.0005,exchangeInfo.quotePrecision/baseSizePrecision/quoteAmountPrecision,1,False,0.4474789915966387,0.2710084033613446,0.5491596638655463,42.36974789915967
mexc,MUBARAKUSDC,MUBARAK-USDC,MUBARAK,USDC,True,1,True,0.011116,53547.402754,4806307.56,0.011111,6480.0,0.011159,15011.52,43.107319263584344,71.99928,1e-06,0.0,0.0,1.0,0.0,0.0,exchangeInfo.quotePrecision/baseSizePrecision/quoteAmountPrecision,1,False,0.2781512605042017,0.43151260504201683,0.8134453781512605,42.355042016806735
mexc,SPOTONUSDT,SPOTON-USDT,SPOTON,USDT,True,1,True,487.24,56667.62,116.466,485.65,0.997,488.02,0.011,48.68179157209331,5.368219999999999,0.01,0.0,0.0,1.0,0.0,0.0005,exchangeInfo.quotePrecision/baseSizePrecision/quoteAmountPrecision,1,False,0.4550420168067227,0.369327731092437,0.4046218487394958,42.352941176470594
mexc,RBNTUSDT,RBNT-USDT,RBNT,USDT,True,1,True,0.003807,58076.112599,15297330.77,0.003796,861.61,0.003817,1851.89,55.16879022724336,3.27067156,1e-06,0.0,0.0,1.0,0.0,0.0005,exchangeInfo.quotePrecision/baseSizePrecision/quoteAmountPrecision,1,False,0.5134453781512605,0.3088235294117647,0.3180672268907563,42.32142857142857
mexc,AAPLONUSDT,AAPLON-USDT,AAPLON,USDT,True,1,True,254.15,56211.38,220.581,254.14,0.118,255.77,0.069,63.93285089525696,17.648130000000002,0.01,0.0,0.0,1.0,0.0,0.0005,exchangeInfo.quotePrecision/baseSizePrecision/quoteAmountPrecision,1,False,0.43067226890756305,0.2495798319327731,0.6189075630252101,42.3046218487395
mexc,SBETONUSDT,SBETON-USDT,SBETON,USDT,True,1,True,6.172,53739.611,8707.54,6.158,31.15,6.184,7.6,42.13255550153914,46.9984,0.001,0.0,0.0,1.0,0.0,0.0005,exchangeInfo.quotePrecision/baseSizePrecision/quoteAmountPrecision,1,False,0.2861344537815126,0.44579831932773106,0.7705882352941177,42.294117647058826
mexc,AZEROUSDT,AZERO-USDT,AZERO,USDT,True,1,True,0.004906,59729.159643,11283688.72,0.004895,490.3,0.004915,98.43,40.77471967380235,0.48378345000000006,1e-06,0.01,0.01,1.0,0.0,0.0005,exchangeInfo.quotePrecision/baseSizePrecision/quoteAmountPrecision,1,False,0.5470588235294118,0.46680672268907564,0.026470588235294117,42.287815126050425
mexc,PTHUSDT,PTH-USDT,PTH,USDT,True,1,True,0.01686,61734.53111,3878498.8,0.01664,407.38,0.01699,793.6,208.1474873624758,6.7788032,1e-05,0.0,0.0,1.0,0.0,0.0005,exchangeInfo.quotePrecision/baseSizePrecision/quoteAmountPrecision,1,False,0.5798319327731093,0.04747899159663871,0.46008403361344535,42.279411764705884
mexc,RIZUSDT,RIZ-USDT,RIZ,USDT,True,1,True,0.000124,32578.6370962,256569309.33,0.0001239,237104.2,0.0001241,138494.25,16.129032258064907,17.187136425000002,1e-07,0.0,0.0,1.0,0.0,0.0005,exchangeInfo.quotePrecision/baseSizePrecision/quoteAmountPrecision,1,False,0.19705882352941176,0.7663865546218487,0.6138655462184874,42.27521008403362
mexc,SWFTCUSDT,SWFTC-USDT,SWFTC,USDT,True,1,True,0.003324,55592.089708,16627986.52,0.003318,8026.87,0.003329,940.67,33.09763803219415,3.13149043,1e-06,0.0,0.0,1.0,0.0,0.0005,exchangeInfo.quotePrecision/baseSizePrecision/quoteAmountPrecision,1,False,0.39621848739495796,0.5735294117647058,0.30714285714285716,42.273109243697476
mexc,FLOKIUSDC,FLOKI-USDC,FLOKI,USDC,True,1,True,2.675e-05,53228.23616194,1978667174.0,2.669e-05,2586975.0,2.68e-05,3132754.0,41.1291830248647,69.04636275,1e-08,0.0,0.0,1.0,0.0,0.0,exchangeInfo.quotePrecision/baseSizePrecision/quoteAmountPrecision,1,False,0.26512605042016807,0.4605042016806723,0.8088235294117647,42.27100840336134
mexc,METAONUSDT,METAON-USDT,METAON,USDT,True,1,True,573.77,57902.7,101.167,570.43,0.475,574.04,0.009,63.085969924943676,5.166359999999999,0.01,0.0,0.0,1.0,0.0,0.0005,exchangeInfo.quotePrecision/baseSizePrecision/quoteAmountPrecision,1,False,0.5088235294117647,0.25504201680672267,0.3953781512605042,42.26890756302521
mexc,GTAIUSDT,GTAI-USDT,GTAI,USDT,True,1,True,0.02257,59825.02654,2638306.76,0.0225,53.93,0.0226,1705.33,44.34589800443432,1.213425,1e-05,0.0,0.0,1.0,0.0,0.0005,exchangeInfo.quotePrecision/baseSizePrecision/quoteAmountPrecision,1,False,0.5491596638655463,0.4191176470588235,0.07857142857142857,42.25315126050421
mexc,PANTHERUSDT,PANTHER-USDT,PANTHER,USDT,True,1,True,0.007783,59924.810755,7793386.05,0.007718,3338.94,0.007825,1036.58,137.68255806472408,8.1112385,1e-06,0.0,0.0,1.0,0.0,0.0005,exchangeInfo.quotePrecision/baseSizePrecision/quoteAmountPrecision,1,False,0.5516806722689076,0.08277310924369752,0.49201680672268905,42.25210084033614
mexc,MELANIAUSDC,MELANIA-USDC,MELANIA,USDC,True,1,True,0.1082,56118.3717,511925.12,0.108,111.32,0.1086,214.55,55.4016620498618,12.022559999999999,0.0001,0.0,0.0,1.0,0.0,0.0,exchangeInfo.quotePrecision/baseSizePrecision/quoteAmountPrecision,1,False,0.42478991596638654,0.3067226890756303,0.5600840336134454,42.23319327731093
mexc,XDCUSDC,XDC-USDC,XDC,USDC,True,1,True,0.03056,53668.79123,1777902.16,0.03052,1392.59,0.03063,722.64,35.977105478332774,22.1344632,1e-05,0.0,0.0,1.0,0.0,0.0,exchangeInfo.quotePrecision/baseSizePrecision/quoteAmountPrecision,1,False,0.28319327731092436,0.538235294117647,0.6592436974789916,42.216386554621856
mexc,SENDUSDT,SEND-USDT,SEND,USDT,True,1,True,0.08973,45504.85693,507794.07,0.08972,26.88,0.08973,89.34,1.114516578435219,2.4116736,1e-05,0.0,0.0,1.0,0.0,0.0005,exchangeInfo.quotePrecision/baseSizePrecision/quoteAmountPrecision,1,False,0.22016806722689075,0.9878151260504202,0.26974789915966385,42.19957983193277
mexc,SPACEMVCUSDT,SPACEMVC-USDT,SPACEMVC,USDT,True,1,True,0.05436,52415.6971,952619.36,0.05431,103.61,0.05438,332.0,12.880669794829444,5.627059099999999,1e-05,0.0,0.0,1.0,0.0,0.0005,exchangeInfo.quotePrecision/baseSizePrecision/quoteAmountPrecision,1,False,0.24915966386554622,0.8,0.42436974789915966,42.191176470588246
mexc,AVNTUSDC,AVNT-USDC,AVNT,USDC,True,1,True,0.1242,52279.1035,416772.86,0.124,6452.1,0.1245,662.4,40.24144869215296,82.4688,0.0001,0.0,0.0,1.0,0.0,0.0,exchangeInfo.quotePrecision/baseSizePrecision/quoteAmountPrecision,1,False,0.24663865546218489,0.4760504201680672,0.8327731092436975,42.1218487394958
mexc,SCCOONUSDT,SCCOON-USDT,SCCOON,USDT,True,1,True,177.17,58262.7,329.24,176.74,0.03,177.94,0.27,67.66662907409432,5.3022,0.01,0.0,0.0,1.0,0.0,0.0005,exchangeInfo.quotePrecision/baseSizePrecision/quoteAmountPrecision,1,False,0.5159663865546219,0.22857142857142854,0.4012605042016807,42.11764705882353
mexc,QORPOUSDT,QORPO-USDT,QORPO,USDT,True,1,True,0.001796,58516.486946,31683001.08,0.001792,16922.82,0.001804,2579.97,66.7408231368191,4.65426588,1e-06,0.0,0.0,1.0,0.0,0.0005,exchangeInfo.quotePrecision/baseSizePrecision/quoteAmountPrecision,1,False,0.5239495798319328,0.2340336134453781,0.37184873949579833,42.105042016806735
mexc,NCTUSDT,NCT-USDT,NCT,USDT,True,1,True,0.006094,53995.624404,8831325.74,0.00609,5170.31,0.006098,460.57,13.127666557269764,2.80855586,1e-06,0.001,0.001,1.0,0.0,0.0005,exchangeInfo.quotePrecision/baseSizePrecision/quoteAmountPrecision,1,False,0.29705882352941176,0.7966386554621849,0.28907563025210087,42.035714285714285
mexc,LYXUSDT,LYX-USDT,LYX,USDT,True,1,True,0.2713,51629.6827,194551.03,0.2701,874.88,0.2712,365.85,40.64289673009384,99.21852,0.0001,0.0,0.0,1.0,0.0,0.0005,exchangeInfo.quotePrecision/baseSizePrecision/quoteAmountPrecision,1,False,0.23823529411764705,0.469327731092437,0.8596638655462185,42.029411764705884
mexc,RTXONUSDT,RTXON-USDT,RTXON,USDT,True,1,True,196.83,54289.31,275.446,196.76,0.491,197.65,0.181,45.13070155422098,35.77465,0.01,0.0,0.0,1.0,0.0,0.0005,exchangeInfo.quotePrecision/baseSizePrecision/quoteAmountPrecision,1,False,0.31176470588235294,0.40756302521008403,0.7344537815126051,42.02521008403362
mexc,BABYUSDC,BABY-USDC,BABY,USDC,True,1,True,0.01423,55370.09511,3853744.06,0.01418,5355.4,0.01425,1107.72,49.24375659514641,15.785010000000002,1e-05,0.0,0.0,1.0,0.0,0.0,exchangeInfo.quotePrecision/baseSizePrecision/quoteAmountPrecision,1,False,0.3810924369747899,0.361764705882353,0.6004201680672269,42.01260504201681
mexc,VONUSDT,VON-USDT,VON,USDT,True,1,True,302.85,55995.35,184.875,302.19,1.298,303.75,0.033,51.490246559065326,10.02375,0.01,0.0,0.0,1.0,0.0,0.0005,exchangeInfo.quotePrecision/baseSizePrecision/quoteAmountPrecision,1,False,0.41680672268907565,0.33907563025210086,0.5302521008403361,42.00630252100841
mexc,THQUSDT,THQ-USDT,THQ,USDT,True,1,True,0.02171,54964.1931,2553479.43,0.02169,115.9,0.02174,133.62,23.025558369789533,2.5138710000000004,1e-05,0.0,0.0,1.0,0.0,0.0005,exchangeInfo.quotePrecision/baseSizePrecision/quoteAmountPrecision,1,False,0.3516806722689076,0.6852941176470588,0.2747899159663866,41.97058823529412
mexc,JTOUSDC,JTO-USDC,JTO,USDC,True,1,True,0.2578,53217.3742,205565.51,0.2569,303.36,0.258,311.85,42.72674305690386,77.93318400000001,0.0001,0.0,0.0,1.0,0.0,0.0,exchangeInfo.quotePrecision/baseSizePrecision/quoteAmountPrecision,1,False,0.2642857142857143,0.4365546218487395,0.8235294117647058,41.920168067226896
mexc,OMIUSDC,OMI-USDC,OMI,USDC,True,1,True,0.0001202,55531.4543107,460168822.79,0.0001199,176858.1,0.0001205,110092.1,49.91680532445932,13.26609805,1e-07,0.0,0.0,1.0,0.0,0.0,exchangeInfo.quotePrecision/baseSizePrecision/quoteAmountPrecision,1,False,0.3915966386554622,0.3533613445378151,0.5773109243697478,41.918067226890756
mexc,COPPERINUUSDT,COPPERINU-USDT,COPPERINU,USDT,True,1,True,0.006277,59142.73161,8831487.71,0.006261,3873.22,0.006349,1412.38,139.57176843774707,8.96720062,1e-06,0.0,0.0,1.0,0.0,0.0005,exchangeInfo.quotePrecision/baseSizePrecision/quoteAmountPrecision,1,False,0.538235294117647,0.08151260504201685,0.5117647058823529,41.87605042016807
mexc,DSTUSDT,DST-USDT,DST,USDT,True,1,True,0.7941,7820.52843,9847.7,0.79395,24.47,0.79437,98.53,5.2886068298576605,19.4279565,1e-05,0.0,0.0,1.0,0.0,0.0005,exchangeInfo.quotePrecision/baseSizePrecision/quoteAmountPrecision,1,False,0.11050420168067226,0.9247899159663866,0.6327731092436975,41.85294117647059
mexc,BTWUSDT,BTW-USDT,BTW,USDT,True,1,True,0.01938,58649.96509,3048455.77,0.019346,206.08,0.019476,3327.75,66.97233527381466,3.98682368,1e-06,0.0,0.0,1.0,0.0,0.0005,exchangeInfo.quotePrecision/baseSizePrecision/quoteAmountPrecision,1,False,0.5273109243697479,0.23151260504201676,0.3516806722689076,41.8235294117647
mexc,MYROUSDT,MYRO-USDT,MYRO,USDT,True,1,True,0.002962,60042.483672,20199467.0,0.002953,1133.93,0.002975,13506.17,74.22402159244372,3.3484952900000002,1e-06,0.0,0.0,1.0,0.0,0.0005,exchangeInfo.quotePrecision/baseSizePrecision/quoteAmountPrecision,1,False,0.553781512605042,0.19621848739495795,0.3226890756302521,41.81722689075631
mexc,BULLSUSDT,BULLS-USDT,BULLS,USDT,True,1,True,322.98,51728.66,160.664,322.35,0.209,323.43,0.1,33.447923441419185,32.343,0.01,0.0,0.0,1.0,0.0,0.0005,exchangeInfo.quotePrecision/baseSizePrecision/quoteAmountPrecision,1,False,0.23907563025210085,0.5689075630252101,0.7205882352941176,41.78361344537815
mexc,SNTUSDT,SNT-USDT,SNT,USDT,True,1,True,0.00962,54595.32647,5681606.65,0.0096,1834.92,0.00964,137614.2,41.58004158004169,17.615232,1e-05,1.0,1.0,1.0,0.0,0.0005,exchangeInfo.quotePrecision/baseSizePrecision/quoteAmountPrecision,1,False,0.3281512605042017,0.45378151260504207,0.6184873949579832,41.76260504201681
mexc,ARKMUSDC,ARKM-USDC,ARKM,USDC,True,1,True,0.09585,54844.27892,568109.05,0.09575,56.73,0.09606,520.58,32.323653615557554,5.4318975,1e-05,0.0,0.0,1.0,0.0,0.0,exchangeInfo.quotePrecision/baseSizePrecision/quoteAmountPrecision,1,False,0.3445378151260504,0.5840336134453781,0.4096638655462185,41.7436974789916
mexc,STXUSDC,STX-USDC,STX,USDC,True,1,True,0.21359,53256.06425,248687.6,0.21345,1881.86,0.21423,124.8,36.47586980920328,26.735904,1e-05,0.0,0.0,1.0,0.0,0.0,exchangeInfo.quotePrecision/baseSizePrecision/quoteAmountPrecision,1,False,0.2668067226890756,0.5319327731092437,0.6869747899159664,41.71218487394958
mexc,AUCUSDT,AUC-USDT,AUC,USDT,True,1,True,0.0001316,26762.851605,197519831.29,0.0001315,62661.59,0.0001316,609657.35,7.601672367921128,8.239999085,1e-07,0.0,0.0,1.0,0.0,0.0005,exchangeInfo.quotePrecision/baseSizePrecision/quoteAmountPrecision,1,False,0.17689075630252102,0.8798319327731092,0.49495798319327733,41.62394957983194
mexc,FLUIDUSDT,FLUID-USDT,FLUID,USDT,True,1,True,1.5112,23627.7437,15815.02,1.5113,15.0,1.5137,15.0,15.86776859504104,22.669500000000003,0.0001,0.0001,0.0001,1.0,0.0,0.0005,exchangeInfo.quotePrecision/baseSizePrecision/quoteAmountPrecision,1,False,0.16638655462184873,0.7684873949579831,0.6630252100840336,41.62394957983193
mexc,ZBCNUSDC,ZBCN-USDC,ZBCN,USDC,True,1,True,0.0025,54479.826013,22256245.12,0.002491,57039.9,0.002505,30574.88,56.04483586869371,76.59007439999999,1e-06,0.0,0.0,1.0,0.0,0.0,exchangeInfo.quotePrecision/baseSizePrecision/quoteAmountPrecision,1,False,0.32184873949579834,0.29957983193277316,0.8214285714285714,41.61974789915966
mexc,AURASOLUSDT,AURASOL-USDT,AURASOL,USDT,True,1,True,0.00678,60066.433636,8517332.9,0.006768,1121.59,0.00688,13848.35,164.1266119577962,7.590921119999999,1e-06,0.0,0.0,1.0,0.0,0.0005,exchangeInfo.quotePrecision/baseSizePrecision/quoteAmountPrecision,1,False,0.5542016806722689,0.061764705882352944,0.4785714285714286,41.59663865546219
mexc,PIEUR,PI-EUR,PI,EUR,True,1,True,0.15013,55135.81196,372474.52,0.15008,250.0,0.151,3455.43,61.113325362030295,37.519999999999996,1e-05,0.0,0.0,1.0,0.0,0.0,exchangeInfo.quotePrecision/baseSizePrecision/quoteAmountPrecision,1,False,0.36722689075630255,0.2626050420168067,0.7407563025210084,41.57773109243698
mexc,RUNEUSDC,RUNE-USDC,RUNE,USDC,True,1,True,0.3966,54845.4824,138065.04,0.3956,81.54,0.3977,3100.16,52.94340098323436,32.257224,0.0001,0.0,0.0,1.0,0.0,0.0,exchangeInfo.quotePrecision/baseSizePrecision/quoteAmountPrecision,1,False,0.3453781512605042,0.32647058823529407,0.7201680672268908,41.560924369747895
mexc,XOUSDT,XO-USDT,XO,USDT,True,1,True,0.0001329,54425.7181293,409978996.74,0.0001325,90536.04,0.000133,136758.11,37.664783427496204,11.9960253,1e-07,0.0,0.0,1.0,0.0,0.0005,exchangeInfo.quotePrecision/baseSizePrecision/quoteAmountPrecision,1,False,0.31848739495798317,0.5138655462184873,0.5588235294117647,41.53991596638655
mexc,MEEUSDT,MEE-USDT,MEE,USDT,True,1,True,0.0005627,66146.093545,115299330.07,0.0005606,2106.01,0.000564,57836.51,60.465943446560246,1.180629206,1e-07,0.0,0.0,1.0,0.0,0.0005,exchangeInfo.quotePrecision/baseSizePrecision/quoteAmountPrecision,1,False,0.6109243697478992,0.26764705882352946,0.05966386554621849,41.485294117647065
mexc,ULTIMAUSDE,ULTIMA-USDE,ULTIMA,USDE,True,1,True,3206.18,56540.07,16.9478,3199.46,0.001,3213.37,0.028,43.38178308172789,3.19946,0.01,0.0,0.0,1.0,0.0,0.0,exchangeInfo.quotePrecision/baseSizePrecision/quoteAmountPrecision,1,False,0.44537815126050423,0.4294117647058824,0.3126050420168067,41.48319327731093
mexc,HOODONUSDT,HOODON-USDT,HOODON,USDT,True,1,True,68.72,55290.36,804.08,68.61,4.13,68.94,0.18,47.982551799345444,12.409199999999998,0.01,0.0,0.0,1.0,0.0,0.0005,exchangeInfo.quotePrecision/baseSizePrecision/quoteAmountPrecision,1,False,0.3764705882352941,0.3777310924369748,0.5663865546218487,41.476890756302524
mexc,LATUSDT,LAT-USDT,LAT,USDT,True,1,True,0.001314,57632.892414,44135779.07,0.001313,913.94,0.001318,221303.72,38.00836183960482,1.20000322,1e-06,0.001,0.001,1.0,0.0,0.0005,exchangeInfo.quotePrecision/baseSizePrecision/quoteAmountPrecision,1,False,0.4991596638655462,0.5088235294117647,0.06386554621848739,41.45168067226891
mexc,SEIUSDC,SEI-USDC,SEI,USDC,True,1,True,0.05445,54268.81648,1012601.9,0.05435,407.46,0.05458,1815.67,42.228954374367774,22.145451,1e-05,0.0,0.0,1.0,0.0,0.0,exchangeInfo.quotePrecision/baseSizePrecision/quoteAmountPrecision,1,False,0.31092436974789917,0.4449579831932773,0.6596638655462185,41.418067226890756
mexc,FUSEUSDT,FUSE-USDT,FUSE,USDT,True,1,True,0.003272,52428.335727,15909193.08,0.003271,647.15,0.003273,977.67,6.112469437652297,2.11682765,1e-06,0.01,0.01,1.0,0.0,0.0005,exchangeInfo.quotePrecision/baseSizePrecision/quoteAmountPrecision,1,False,0.25,0.9084033613445378,0.2453781512605042,41.36764705882353
mexc,BILIONUSDT,BILION-USDT,BILION,USDT,True,1,True,22.88,55082.23,2407.63,22.79,18.3,22.96,3.57,74.31693989071113,81.9672,0.01,0.0,0.0,1.0,0.0,0.0005,exchangeInfo.quotePrecision/baseSizePrecision/quoteAmountPrecision,1,False,0.36092436974789915,0.19495798319327728,0.83109243697479,41.346638655462186
mexc,CHANGEUSDT,CHANGE-USDT,CHANGE,USDT,True,1,True,0.001419,2254.99999032,1589147.28,0.00141857,322860.34,0.00142142,394675.74,20.070493205961906,457.99999251380007,1e-08,0.001,0.001,1.0,0.0,0.0005,exchangeInfo.quotePrecision/baseSizePrecision/quoteAmountPrecision,1,False,0.07605042016806722,0.7176470588235294,0.9605042016806723,41.33403361344538
mexc,ROLLUSDT,ROLL-USDT,ROLL,USDT,True,1,True,0.07408,70426.67944,946696.56,0.07396,74.36,0.07451,16.11,74.08904155721814,1.2003561,1e-05,0.0,0.0,1.0,0.0,0.0005,exchangeInfo.quotePrecision/baseSizePrecision/quoteAmountPrecision,1,False,0.6352941176470588,0.1983193277310924,0.07100840336134454,41.319327731092436
mexc,PROSUSDT,PROS-USDT,PROS,USDT,True,1,True,0.0209,54034.5087,2590423.03,0.02089,111.45,0.02092,475.43,14.350633819661443,2.3281905,1e-05,0.01,0.01,1.0,0.0,0.0005,exchangeInfo.quotePrecision/baseSizePrecision/quoteAmountPrecision,1,False,0.2991596638655462,0.7823529411764706,0.2634453781512605,41.28151260504202
mexc,SNOWONUSDT,SNOWON-USDT,SNOWON,USDT,True,1,True,151.54,57249.54,377.577,151.29,0.036,152.22,0.351,61.28298902836855,5.446439999999999,0.01,0.0,0.0,1.0,0.0,0.0005,exchangeInfo.quotePrecision/baseSizePrecision/quoteAmountPrecision,1,False,0.4810924369747899,0.2617647058823529,0.4134453781512605,41.27310924369748
mexc,IEFAONUSDT,IEFAON-USDT,IEFAON,USDT,True,1,True,94.41,55323.1,587.72,93.75,4.32,94.58,0.87,88.14315297615869,82.2846,0.01,0.0,0.0,1.0,0.0,0.0005,exchangeInfo.quotePrecision/baseSizePrecision/quoteAmountPrecision,1,False,0.3773109243697479,0.15336134453781514,0.8319327731092437,41.22478991596638
mexc,PEPE2USDT,PEPE2-USDT,PEPE2,USDT,True,1,True,1.979e-09,55608.80845219536,27849202413228.0,1.975e-09,5424016941.0,1.982e-09,1368879149.0,35.38033864038453,2.713118473318,1e-12,0.0,0.0,1.0,0.0,0.0005,exchangeInfo.quotePrecision/baseSizePrecision/quoteAmountPrecision,1,False,0.3978991596638655,0.5449579831932774,0.2852941176470588,41.21428571428572
mexc,INTCONUSDT,INTCON-USDT,INTCON,USDT,True,1,True,50.38,57479.72,1139.29,50.35,0.1,50.67,0.24,63.353791328449866,5.035,0.01,0.0,0.0,1.0,0.0,0.0005,exchangeInfo.quotePrecision/baseSizePrecision/quoteAmountPrecision,1,False,0.49327731092436977,0.25252100840336134,0.38823529411764707,41.207983193277315
mexc,BLUEUSDT,BLUE-USDT,BLUE,USDT,True,1,True,0.01628,56072.9163,3402534.56,0.01624,231.29,0.0163,127.46,36.87768899815462,2.0775979999999996,1e-05,0.0,0.0,1.0,0.0,0.0005,exchangeInfo.quotePrecision/baseSizePrecision/quoteAmountPrecision,1,False,0.4218487394957983,0.5256302521008404,0.24285714285714285,41.19957983193277
mexc,SAUBERUSDT,SAUBER-USDT,SAUBER,USDT,True,1,True,0.1485,56199.9957,379390.9,0.1477,333.69,0.1498,392.66,141.17647058823468,49.286013,0.0001,0.0,0.0,1.0,0.0,0.0005,exchangeInfo.quotePrecision/baseSizePrecision/quoteAmountPrecision,1,False,0.42983193277310927,0.0798319327731093,0.7764705882352941,41.16596638655463
mexc,TRVLUSDT,TRVL-USDT,TRVL,USDT,True,1,True,0.0009671,56629.3206429,58484878.39,0.0009597,67087.6,0.0009718,27601.16,125.29122443696632,26.822807288,1e-07,0.001,0.001,1.0,0.0,0.0005,exchangeInfo.quotePrecision/baseSizePrecision/quoteAmountPrecision,1,False,0.45210084033613446,0.0991596638655462,0.688655462184874,41.11764705882353
mexc,COOKUSDT,COOK-USDT,COOK,USDT,True,1,True,0.003082,56358.354352,18338385.29,0.003054,173069.94,0.00309,10043.44,117.18750000000001,31.0342296,1e-06,0.0,0.0,1.0,0.0,0.0005,exchangeInfo.quotePrecision/baseSizePrecision/quoteAmountPrecision,1,False,0.4373949579831933,0.11050420168067232,0.7126050420168067,41.07142857142858
mexc,NAIUSDT,NAI-USDT,NAI,USDT,True,1,True,0.0001395,1609.5132555,11896059.75,0.0001394,285212.69,0.0001395,3092934.67,7.171029042667797,39.758648986,1e-07,0.0,0.0,1.0,0.0,0.0005,exchangeInfo.quotePrecision/baseSizePrecision/quoteAmountPrecision,1,False,0.07058823529411765,0.8890756302521008,0.7466386554621849,41.04201680672269
mexc,ABBVONUSDT,ABBVON-USDT,ABBVON,USDT,True,1,True,209.85,56271.44,269.017,208.85,1.364,209.87,0.025,48.71990829193782,5.2467500000000005,0.01,0.0,0.0,1.0,0.0,0.0005,exchangeInfo.quotePrecision/baseSizePrecision/quoteAmountPrecision,1,False,0.4331932773109244,0.3684873949579832,0.39915966386554624,41.02100840336135
mexc,SNSUSDT,SNS-USDT,SNS,USDT,True,1,True,0.001029,58876.1173781,58686332.29,0.001025,5647.7,0.0010359,144787.64,105.7790285797456,5.7888925,1e-07,0.0,0.0,1.0,0.0,0.0005,exchangeInfo.quotePrecision/baseSizePrecision/quoteAmountPrecision,1,False,0.5327731092436975,0.12478991596638656,0.42899159663865544,41.002100840336134
mexc,DOGINMEUSDT,DOGINME-USDT,DOGINME,USDT,True,1,True,9.82e-05,54745.6717858,553090486.55,9.793e-05,72650.99,9.83e-05,493022.09,37.71084951332601,7.114711450700001,1e-08,0.0,0.0,1.0,0.0,0.0005,exchangeInfo.quotePrecision/baseSizePrecision/quoteAmountPrecision,1,False,0.3403361344537815,0.5126050420168067,0.47016806722689075,40.936974789915965
mexc,CHIBIUSDT,CHIBI-USDT,CHIBI,USDT,True,1,True,0.0003017,59032.2978222,159562801.27,0.0003,17838.0,0.000303,18245.49,99.50248756218967,5.3514,1e-07,0.0,0.0,1.0,0.0,0.0005,exchangeInfo.quotePrecision/baseSizePrecision/quoteAmountPrecision,1,False,0.5361344537815126,0.134453781512605,0.403781512605042,40.924369747899156
mexc,DISONUSDT,DISON-USDT,DISON,USDT,True,1,True,97.3,54081.7,557.44,96.73,4.01,97.44,4.5,73.13179172889672,387.8873,0.01,0.0,0.0,1.0,0.0,0.0005,exchangeInfo.quotePrecision/baseSizePrecision/quoteAmountPrecision,1,False,0.3029411764705882,0.20336134453781518,0.9521008403361344,40.78781512605042
mexc,ADIONUSDT,ADION-USDT,ADION,USDT,True,1,True,321.51,56802.44,177.118,319.45,0.024,321.62,1.2,67.69931520738815,7.6668,0.01,0.0,0.0,1.0,0.0,0.0005,exchangeInfo.quotePrecision/baseSizePrecision/quoteAmountPrecision,1,False,0.4613445378151261,0.22815126050420165,0.48067226890756304,40.69117647058824
mexc,USUALUSDC,USUAL-USDC,USUAL,USDC,True,1,True,0.01262,55564.87945,4372846.16,0.01259,586.37,0.01265,5653.63,47.54358161648121,7.3823983,1e-05,0.0,0.0,1.0,0.0,0.0,exchangeInfo.quotePrecision/baseSizePrecision/quoteAmountPrecision,1,False,0.39327731092436974,0.38277310924369745,0.47394957983193275,40.67857142857143
mexc,SIGMAUSDT,SIGMA-USDT,SIGMA,USDT,True,1,True,0.04938,63619.73742,1282228.4,0.04895,40.86,0.04945,128.16,101.62601626016269,2.000097,1e-05,0.0,0.0,1.0,0.0,0.0005,exchangeInfo.quotePrecision/baseSizePrecision/quoteAmountPrecision,1,False,0.5945378151260504,0.1310924369747899,0.23487394957983193,40.674369747899156
mexc,KAITOUSDC,KAITO-USDC,KAITO,USDC,True,1,True,0.416,53556.7626,125057.74,0.4153,29.01,0.4167,30.96,33.653846153846445,12.047853,0.0001,0.0,0.0,1.0,0.0,0.0,exchangeInfo.quotePrecision/baseSizePrecision/quoteAmountPrecision,1,False,0.2785714285714286,0.5651260504201681,0.5609243697478992,40.668067226890756
mexc,HOPRUSDT,HOPR-USDT,HOPR,USDT,True,1,True,0.02024,55120.06023,2763705.36,0.02024,13736.42,0.02031,175.47,34.52527743526541,3.5637957000000005,1e-05,0.0001,0.0001,1.0,0.0,0.0005,exchangeInfo.quotePrecision/baseSizePrecision/quoteAmountPrecision,1,False,0.36428571428571427,0.5550420168067227,0.3373949579831933,40.65966386554622
mexc,ARTUSDT,ART-USDT,ART,USDT,True,1,True,0.0003397,54351.8237868,158788360.09,0.0003393,5894.49,0.0003399,44130.63,17.667844522968625,2.000000457,1e-07,0.0,0.0,1.0,0.0,0.0005,exchangeInfo.quotePrecision/baseSizePrecision/quoteAmountPrecision,1,False,0.31470588235294117,0.7474789915966387,0.23319327731092437,40.65966386554622
mexc,AEROBUDUSDT,AEROBUD-USDT,AEROBUD,USDT,True,1,True,0.001262,52011.066645,41428996.96,0.001262,156136.56,0.001266,14683.03,31.645569620252218,18.58871598,1e-06,0.0,0.0,1.0,0.0,0.0005,exchangeInfo.quotePrecision/baseSizePrecision/quoteAmountPrecision,1,False,0.24243697478991597,0.5903361344537815,0.6277310924369748,40.64705882352941
mexc,BZZUSDT,BZZ-USDT,BZZ,USDT,True,1,True,0.11729,60682.66294,553916.16,0.11688,31.1,0.11744,0.02,47.797883236599944,0.0023488000000000003,1e-05,0.0001,0.0001,1.0,0.0,0.0005,exchangeInfo.quotePrecision/baseSizePrecision/quoteAmountPrecision,1,False,0.5621848739495798,0.3798319327731092,0.01134453781512605,40.642857142857146
mexc,BDPUSDT,BDP-USDT,BDP,USDT,True,1,True,0.00987,57520.3568,6076048.76,0.00984,60951.27,0.0099,362.03,60.790273556232044,3.584097,1e-05,0.001,0.001,1.0,0.0,0.0005,exchangeInfo.quotePrecision/baseSizePrecision/quoteAmountPrecision,1,False,0.49495798319327733,0.265126050420168,0.33865546218487397,40.62394957983194
mexc,MINUSDT,MIN-USDT,MIN,USDT,True,1,True,0.00518,17812.55209,3485360.09,0.00519,5788.46,0.0052,5994.05,19.249278152068513,30.042107400000003,1e-05,0.0,0.0,1.0,0.0,0.0005,exchangeInfo.quotePrecision/baseSizePrecision/quoteAmountPrecision,1,False,0.15042016806722688,0.7277310924369749,0.7071428571428572,40.609243697478995
mexc,JDONUSDT,JDON-USDT,JDON,USDT,True,1,True,28.41,56146.96,1976.88,28.31,0.19,28.45,10.06,49.33051444679372,5.3789,0.01,0.0,0.0,1.0,0.0,0.0005,exchangeInfo.quotePrecision/baseSizePrecision/quoteAmountPrecision,1,False,0.4264705882352941,0.3609243697478992,0.40588235294117647,40.596638655462186
mexc,WLFIUSD1,WLFI-USD1,WLFI,USD1,True,1,True,0.09772,68686.57957,696569.23,0.09769,14.79,0.09891,3071.57,124.10986775178014,1.4448351,1e-05,0.0,0.0,1.0,0.0001,0.0001,exchangeInfo.quotePrecision/baseSizePrecision/quoteAmountPrecision,1,False,0.6239495798319328,0.10042016806722687,0.18445378151260505,40.51680672268908
mexc,HYDRAUSDT,HYDRA-USDT,HYDRA,USDT,True,1,True,0.03342,58507.70518,1740078.06,0.03336,166.33,0.03369,163.25,98.43400447427203,5.4998925,1e-05,0.0001,0.0001,1.0,0.0,0.0005,exchangeInfo.quotePrecision/baseSizePrecision/quoteAmountPrecision,1,False,0.5235294117647059,0.1352941176470588,0.41680672268907565,40.51260504201681
mexc,ATRUSDT,ATR-USDT,ATR,USDT,True,1,True,0.0006139,27690.0370282,44864673.88,0.0006111,18811.29,0.000612,25727.73,14.716703458426558,11.495579318999999,1e-07,0.0,0.0,1.0,0.0,0.0005,exchangeInfo.quotePrecision/baseSizePrecision/quoteAmountPrecision,1,False,0.18067226890756302,0.7789915966386555,0.5533613445378152,40.47899159663866
mexc,HANDYUSDT,HANDY-USDT,HANDY,USDT,True,1,True,0.0011078,52592.8098068,46116393.33,0.0011078,1101.9,0.0011079,142213.23,0.9026492756244675,1.22068482,1e-07,0.001,0.001,1.0,0.0,0.0005,exchangeInfo.quotePrecision/baseSizePrecision/quoteAmountPrecision,1,False,0.25252100840336134,0.9945378151260504,0.08151260504201681,40.38235294117647
mexc,WMTXUSDT,WMTX-USDT,WMTX,USDT,True,1,True,0.07085,55269.17708,759139.0,0.07059,47.95,0.07085,155.47,36.76470588235242,3.3847905000000003,1e-05,0.0,0.0,1.0,0.0,0.0005,exchangeInfo.quotePrecision/baseSizePrecision/quoteAmountPrecision,1,False,0.37478991596638656,0.5281512605042017,0.32563025210084034,40.32983193277311
mexc,MINDFAKUSDT,MINDFAK-USDT,MINDFAK,USDT,True,1,True,0.0003061,47299.074546,154625482.36,0.0003061,5064.61,0.0003062,50718.74,3.2663726931243646,1.550277121,1e-07,0.0,0.0,1.0,0.0,0.0005,exchangeInfo.quotePrecision/baseSizePrecision/quoteAmountPrecision,1,False,0.22563025210084034,0.957983193277311,0.19831932773109243,40.325630252100844
mexc,SBUXONUSDT,SBUXON-USDT,SBUXON,USDT,True,1,True,91.03,56308.8,617.06,90.94,3.43,91.48,0.08,59.204034645324654,7.3184000000000005,0.01,0.0,0.0,1.0,0.0,0.0005,exchangeInfo.quotePrecision/baseSizePrecision/quoteAmountPrecision,1,False,0.43529411764705883,0.27563025210084036,0.4722689075630252,40.27731092436975
mexc,XXUSDT,XX-USDT,XX,USDT,True,1,True,0.00401,29272.6818,7288893.24,0.004,5939.3,0.00401,25647.02,24.96878901373182,23.7572,1e-05,0.01,0.01,1.0,0.0,0.0005,exchangeInfo.quotePrecision/baseSizePrecision/quoteAmountPrecision,1,False,0.18571428571428572,0.6659663865546219,0.6701680672268907,40.266806722689076
mexc,BOMEUSDC,BOME-USDC,BOME,USDC,True,1,True,0.0003866,54790.1171277,143890027.61,0.0003851,157923.52,0.0003878,265480.6,69.86673567085035,60.816347551999996,1e-07,0.0,0.0,1.0,0.0,0.0,exchangeInfo.quotePrecision/baseSizePrecision/quoteAmountPrecision,1,False,0.34243697478991597,0.21680672268907564,0.7983193277310925,40.220588235294116
mexc,KFIUSDT,KFI-USDT,KFI,USDT,True,1,True,0.3441,4546.4727,13223.61,0.3439,199.94,0.3441,49.48,5.813953488373066,17.026068,0.0001,0.0,0.0,1.0,0.0,0.0005,exchangeInfo.quotePrecision/baseSizePrecision/quoteAmountPrecision,1,False,0.09117647058823529,0.9147058823529411,0.6130252100840337,40.14285714285714
mexc,EPTUSDT,EPT-USDT,EPT,USDT,True,1,True,0.0007285,58263.0680586,79199419.37,0.0007241,46558.5,0.0007293,4629.26,71.55635062611832,3.376119318,1e-07,0.0,0.0,1.0,0.0,0.0005,exchangeInfo.quotePrecision/baseSizePrecision/quoteAmountPrecision,1,False,0.5163865546218488,0.20924369747899163,0.32478991596638657,40.12815126050421
mexc,MEMEUSDC,MEME-USDC,MEME,USDC,True,1,True,0.000511,56615.2467779,110799466.3,0.0005099,221405.44,0.0005118,2524.57,37.19291377116555,1.292074926,1e-07,0.0,0.0,1.0,0.0,0.0,exchangeInfo.quotePrecision/baseSizePrecision/quoteAmountPrecision,1,False,0.45168067226890757,0.5218487394957982,0.11176470588235295,40.12394957983193
mexc,SOFIONUSDT,SOFION-USDT,SOFION,USDT,True,1,True,15.71,53520.64,3403.5,15.7,0.35,15.74,2.85,25.44529262086573,5.494999999999999,0.01,0.0,0.0,1.0,0.0,0.0005,exchangeInfo.quotePrecision/baseSizePrecision/quoteAmountPrecision,1,False,0.276890756302521,0.6621848739495798,0.4151260504201681,40.08613445378152
mexc,EMYCUSDT,EMYC-USDT,EMYC,USDT,True,1,True,0.005152,59752.777346,11848208.71,0.005098,21743.6,0.005168,975.18,136.37249172024107,5.03973024,1e-06,0.0,0.0,1.0,0.0,0.0005,exchangeInfo.quotePrecision/baseSizePrecision/quoteAmountPrecision,1,False,0.5478991596638656,0.08487394957983196,0.38949579831932774,40.04621848739497
mexc,EWTUSDT,EWT-USDT,EWT,USDT,True,1,True,0.4383,22277.2474,49538.79,0.4382,11.41,0.4384,60.52,4.563084645220933,4.999862,0.0001,0.0,0.0,1.0,0.0,0.0005,exchangeInfo.quotePrecision/baseSizePrecision/quoteAmountPrecision,1,False,0.16134453781512606,0.9390756302521008,0.38235294117647056,39.997899159663866
mexc,RHEAUSDT,RHEA-USDT,RHEA,USDT,True,1,True,0.01095,54167.47766,5067263.7,0.01093,182.7,0.01095,182.7,18.28153564899377,1.9969109999999999,1e-05,0.0,0.0,1.0,0.0,0.0005,exchangeInfo.quotePrecision/baseSizePrecision/quoteAmountPrecision,1,False,0.3063025210084034,0.7411764705882353,0.22815126050420168,39.939075630252105
mexc,67USDT,67-USDT,67,USDT,True,1,True,0.001585,59204.915011,40862730.33,0.001569,3896.09,0.001597,28912.54,176.8793430195819,6.1129652100000005,1e-06,0.0,0.0,1.0,0.0,0.0005,exchangeInfo.quotePrecision/baseSizePrecision/quoteAmountPrecision,1,False,0.5394957983193277,0.05798319327731094,0.4407563025210084,39.93697478991597
mexc,VZONUSDT,VZON-USDT,VZON,USDT,True,1,True,50.02,55189.4,1104.31,49.82,6.66,50.16,0.54,68.01360272054337,27.0864,0.01,0.0,0.0,1.0,0.0,0.0005,exchangeInfo.quotePrecision/baseSizePrecision/quoteAmountPrecision,1,False,0.37142857142857144,0.2260504201680672,0.6907563025210084,39.89495798319328
mexc,MYSTUSDT,MYST-USDT,MYST,USDT,True,1,True,0.1506,69687.8596,468988.29,0.1491,666.73,0.1508,8.64,113.37112370790126,1.302912,0.0001,0.01,0.01,1.0,0.0,0.0005,exchangeInfo.quotePrecision/baseSizePrecision/quoteAmountPrecision,1,False,0.6310924369747899,0.11596638655462188,0.1134453781512605,39.878151260504204
mexc,FLOCKUSDT,FLOCK-USDT,FLOCK,USDT,True,1,True,0.05057,34477.77724,685713.24,0.05052,200.0,0.05062,200.0,19.7745699031038,10.104000000000001,1e-05,0.0,0.0,1.0,0.0,0.0005,exchangeInfo.quotePrecision/baseSizePrecision/quoteAmountPrecision,1,False,0.2004201680672269,0.723109243697479,0.5319327731092437,39.73949579831933
mexc,INITUSDC,INIT-USDC,INIT,USDC,True,1,True,0.08219,53054.07043,646458.19,0.08194,2403.52,0.08235,973.78,49.91174143283312,80.19078300000001,1e-05,0.0,0.0,1.0,0.0,0.0,exchangeInfo.quotePrecision/baseSizePrecision/quoteAmountPrecision,1,False,0.2596638655462185,0.35420168067226887,0.8285714285714286,39.707983193277315
mexc,IWMONUSDT,IWMON-USDT,IWMON,USDT,True,1,True,251.27,52761.16,209.662,251.13,1.51,252.41,0.381,50.84005242880412,96.16821,0.01,0.0,0.0,1.0,0.0,0.0005,exchangeInfo.quotePrecision/baseSizePrecision/quoteAmountPrecision,1,False,0.2546218487394958,0.34327731092436975,0.8546218487394958,39.67857142857143
mexc,SANDUSDC,SAND-USDC,SAND,USDC,True,1,True,0.07684,54932.12357,721548.05,0.07657,158.87,0.07685,52.74,36.501108069352426,4.053069,1e-05,0.0,0.0,1.0,0.0,0.0,exchangeInfo.quotePrecision/baseSizePrecision/quoteAmountPrecision,1,False,0.3495798319327731,0.5315126050420168,0.3550420168067227,39.6155462184874
mexc,CRCLXUSDT,CRCLX-USDT,CRCLX,USDT,True,1,True,90.37,56055.0,618.51,90.31,0.17,91.02,2.37,78.3102630563055,15.352700000000002,0.01,0.0,0.0,1.0,0.0,0.0005,exchangeInfo.quotePrecision/baseSizePrecision/quoteAmountPrecision,1,False,0.42016806722689076,0.18109243697478994,0.5974789915966386,39.58613445378151
mexc,LADYSUSDT,LADYS-USDT,LADYS,USDT,True,1,True,9.84e-09,55689.731465513876,5805987185048.0,9.81e-09,319287163.0,9.851e-09,471024329.0,41.706932505976475,3.13220706903,1e-12,0.0,0.0,1.0,0.0,0.0005,exchangeInfo.quotePrecision/baseSizePrecision/quoteAmountPrecision,1,False,0.40294117647058825,0.45084033613445373,0.30756302521008405,39.58403361344538
mexc,NTMPIUSDT,NTMPI-USDT,NTMPI,USDT,True,1,True,0.004272,48521.477645,11389196.48,0.004271,3512.06,0.004284,3535.13,30.391583869082385,15.000008259999998,1e-06,0.0,0.0,1.0,0.0,0.0005,exchangeInfo.quotePrecision/baseSizePrecision/quoteAmountPrecision,1,False,0.22857142857142856,0.6046218487394959,0.5941176470588235,39.56932773109244
mexc,PDDONUSDT,PDDON-USDT,PDDON,USDT,True,1,True,100.81,57078.72,567.67,100.24,0.05,100.93,0.05,68.59869761893044,5.0120000000000005,0.01,0.0,0.0,1.0,0.0,0.0005,exchangeInfo.quotePrecision/baseSizePrecision/quoteAmountPrecision,1,False,0.4760504201680672,0.22478991596638653,0.3861344537815126,39.52521008403361
mexc,GXTUSDT,GXT-USDT,GXT,USDT,True,1,True,0.0010599,20662.9002779,19528398.19,0.0010597,4845.21,0.0010603,20274.67,5.66037735848968,5.134469037,1e-07,0.0,0.0,1.0,0.0,0.0005,exchangeInfo.quotePrecision/baseSizePrecision/quoteAmountPrecision,1,False,0.15798319327731092,0.9184873949579831,0.39327731092436974,39.516806722689076
mexc,XEPUSDT,XEP-USDT,XEP,USDT,True,1,True,0.0002012,60557.7786411,304815083.65,0.0002,10361.93,0.0002018,34503.96,89.59681433548977,2.0723860000000003,1e-07,0.0001,0.0001,1.0,0.0,0.0005,exchangeInfo.quotePrecision/baseSizePrecision/quoteAmountPrecision,1,False,0.561344537815126,0.15000000000000002,0.24243697478991597,39.47268907563026
mexc,MDAOUSDT,MDAO-USDT,MDAO,USDT,True,1,True,0.008673,12127.114266,1362116.71,0.008653,4993.11,0.008673,7499.02,23.0866905229146,43.205380829999996,1e-06,0.0,0.0,1.0,0.0,0.0005,exchangeInfo.quotePrecision/baseSizePrecision/quoteAmountPrecision,1,False,0.12983193277310925,0.6848739495798319,0.7592436974789916,39.44747899159664
mexc,FARUSDT,FAR-USDT,FAR,USDT,True,1,True,0.003252,9861.946042,3019762.91,0.003253,1844.0,0.003254,5000.0,3.073613032119664,5.998532,1e-06,0.0,0.0,1.0,0.0,0.0005,exchangeInfo.quotePrecision/baseSizePrecision/quoteAmountPrecision,1,False,0.12142857142857143,0.9613445378151261,0.43403361344537816,39.392857142857146
mexc,HLKUSDT,HLK-USDT,HLK,USDT,True,1,True,0.2504,23289.0065,93990.99,0.2505,34.49,0.2508,119.61,11.968880909635844,8.639745000000001,0.0001,0.0,0.0,1.0,0.0,0.0005,exchangeInfo.quotePrecision/baseSizePrecision/quoteAmountPrecision,1,False,0.16428571428571428,0.8109243697478992,0.503781512605042,39.384453781512605
mexc,MAVUSDC,MAV-USDC,MAV,USDC,True,1,True,0.01382,54214.95066,3839241.91,0.01378,1866.88,0.01385,7966.08,50.66956207021273,25.725606400000004,1e-05,0.0,0.0,1.0,0.0,0.0,exchangeInfo.quotePrecision/baseSizePrecision/quoteAmountPrecision,1,False,0.3092436974789916,0.3457983193277311,0.6802521008403362,39.25840336134454
mexc,ABXUSDT,ABX-USDT,ABX,USDT,True,1,True,0.011107,35731.793389,3227322.99,0.011087,4622.86,0.01113,14261.87,38.70909663770953,51.253648819999995,1e-06,0.0,0.0,1.0,0.0,0.0005,exchangeInfo.quotePrecision/baseSizePrecision/quoteAmountPrecision,1,False,0.20210084033613446,0.4970588235294118,0.7848739495798319,39.23949579831933
mexc,BOMBUSDT,BOMB-USDT,BOMB,USDT,True,1,True,1.577e-05,56525.16569695,3573567995.3,1.567e-05,4187051.16,1.584e-05,886250.86,107.90225325293562,14.0382136224,1e-08,0.0,0.0,1.0,0.0,0.0005,exchangeInfo.quotePrecision/baseSizePrecision/quoteAmountPrecision,1,False,0.4436974789915966,0.12226890756302522,0.5857142857142857,39.17436974789916
mexc,XVGUSDC,XVG-USDC,XVG,USDC,True,1,True,0.004224,52262.480875,12388725.18,0.004217,8385.92,0.004235,13121.92,42.59346900141927,35.363424640000005,1e-06,0.0,0.0,1.0,0.0,0.0,exchangeInfo.quotePrecision/baseSizePrecision/quoteAmountPrecision,1,False,0.246218487394958,0.43823529411764706,0.7331932773109243,39.16176470588235
mexc,SAPIENUSDC,SAPIEN-USDC,SAPIEN,USDC,True,1,True,0.06869,56315.96056,784950.87,0.06848,58.32,0.06877,23.28,42.25865209471747,1.6009656,1e-05,0.0,0.0,1.0,0.0,0.0,exchangeInfo.quotePrecision/baseSizePrecision/quoteAmountPrecision,1,False,0.4357142857142857,0.4441176470588235,0.20378151260504201,39.142857142857146
mexc,VFYUSDT,VFY-USDT,VFY,USDT,True,1,True,0.008069,52552.959529,6527567.3,0.008063,268.4,0.008072,249.19,11.155872327237176,2.01146168,1e-06,0.0,0.0,1.0,0.0,0.0005,exchangeInfo.quotePrecision/baseSizePrecision/quoteAmountPrecision,1,False,0.25126050420168067,0.8222689075630252,0.23781512605042016,39.13235294117647
mexc,PZPUSDT,PZP-USDT,PZP,USDT,True,1,True,0.002664,53498.911666,20188267.78,0.002653,6915.57,0.002664,26173.03,41.3767161933427,18.347007209999997,1e-06,0.0,0.0,1.0,0.0,0.0005,exchangeInfo.quotePrecision/baseSizePrecision/quoteAmountPrecision,1,False,0.2747899159663866,0.45840336134453785,0.6252100840336134,39.07773109243698
mexc,GODSUSDT,GODS-USDT,GODS,USDT,True,1,True,0.03117,54693.5414,1729133.59,0.03109,2193.4,0.03117,52.47,25.698682942499264,1.6354899,1e-05,0.0001,0.0001,1.0,0.0,0.0005,exchangeInfo.quotePrecision/baseSizePrecision/quoteAmountPrecision,1,False,0.3352941176470588,0.6588235294117647,0.20588235294117646,39.029411764705884
mexc,LSMUSDT,LSM-USDT,LSM,USDT,True,1,True,0.0094,61787.142,3398808.5,0.0092,322.58,0.0094,2168.39,215.0537634408608,2.967736,0.0001,0.0,0.0,1.0,0.0,0.0005,exchangeInfo.quotePrecision/baseSizePrecision/quoteAmountPrecision,1,False,0.5806722689075631,0.04579831932773104,0.296218487394958,39.00630252100841
mexc,DADDYUSDT,DADDY-USDT,DADDY,USDT,True,1,True,0.009339,53836.003105,5784045.35,0.009331,258.87,0.009351,467.86,21.41098383470633,2.4155159700000004,1e-06,0.0,0.0,1.0,0.0,0.0005,exchangeInfo.quotePrecision/baseSizePrecision/quoteAmountPrecision,1,False,0.28991596638655465,0.7054621848739495,0.27016806722689074,38.985294117647065
mexc,CEGONUSDT,CEGON-USDT,CEGON,USDT,True,1,True,271.08,57440.18,211.168,270.86,0.04,273.14,0.019,83.8235294117637,5.18966,0.01,0.0,0.0,1.0,0.0,0.0005,exchangeInfo.quotePrecision/baseSizePrecision/quoteAmountPrecision,1,False,0.4907563025210084,0.16050420168067225,0.39663865546218485,38.936974789915965
mexc,PEPONUSDT,PEPON-USDT,PEPON,USDT,True,1,True,158.69,54990.57,346.197,158.45,0.324,159.11,0.034,41.56694797833637,5.409740000000001,0.01,0.0,0.0,1.0,0.0,0.0005,exchangeInfo.quotePrecision/baseSizePrecision/quoteAmountPrecision,1,False,0.35252100840336137,0.45420168067226896,0.4079831932773109,38.90336134453782
mexc,STREAMUSDT,STREAM-USDT,STREAM,USDT,True,1,True,0.006014,57408.691892,9585107.28,0.006,200.0,0.006026,196.86,43.23964743056707,1.1862783600000002,1e-06,0.0,0.0,1.0,0.0,0.0005,exchangeInfo.quotePrecision/baseSizePrecision/quoteAmountPrecision,1,False,0.4890756302521008,0.43067226890756305,0.06008403361344538,38.86764705882353
mexc,LINONUSDT,LINON-USDT,LINON,USDT,True,1,True,508.74,51798.8,102.048,506.52,0.094,508.81,0.632,45.10848689588647,47.61288,0.01,0.0,0.0,1.0,0.0,0.0005,exchangeInfo.quotePrecision/baseSizePrecision/quoteAmountPrecision,1,False,0.24033613445378152,0.4079831932773109,0.7722689075630252,38.86344537815126
mexc,RAILUSDT,RAIL-USDT,RAIL,USDT,True,1,True,0.9302,54681.7036,58259.31,0.9272,526.71,0.9311,7.41,41.97384706452149,6.899451,0.0001,0.0,0.0,1.0,0.0,0.0005,exchangeInfo.quotePrecision/baseSizePrecision/quoteAmountPrecision,1,False,0.334453781512605,0.4474789915966386,0.4638655462184874,38.85924369747899
mexc,ANDYETHUSDT,ANDYETH-USDT,ANDYETH,USDT,True,1,True,7.699e-06,57382.685595475,7431985364.33,7.694e-06,239866.12,7.737e-06,319546.67,55.731968116131306,1.8455299272799999,1e-09,0.0,0.0,1.0,0.0,0.0005,exchangeInfo.quotePrecision/baseSizePrecision/quoteAmountPrecision,1,False,0.4869747899159664,0.3021008403361345,0.21974789915966386,38.73109243697479
mexc,VSYSUSDT,VSYS-USDT,VSYS,USDT,True,1,True,0.0002367,51428.223387,217370052.1,0.0002367,11130.73,0.000237,295797.32,12.666244458517214,2.634643791,1e-07,0.001,0.001,1.0,0.0,0.0005,exchangeInfo.quotePrecision/baseSizePrecision/quoteAmountPrecision,1,False,0.2361344537815126,0.8025210084033614,0.2827731092436975,38.70588235294118
mexc,MAPOUSDT,MAPO-USDT,MAPO,USDT,True,1,True,0.003237,16582.197312,5124467.4,0.003229,8959.35,0.003237,10639.69,24.744819053509932,28.92974115,1e-06,0.0,0.0,1.0,0.0,0.0005,exchangeInfo.quotePrecision/baseSizePrecision/quoteAmountPrecision,1,False,0.14495798319327732,0.6689075630252102,0.6987394957983193,38.670168067226896
mexc,ASRUSDT,ASR-USDT,ASR,USDT,True,1,True,1.224,53097.078,43055.88,1.222,4.09,1.225,3.98,24.519820187986216,4.875500000000001,0.001,0.0,0.0,1.0,0.0,0.0005,exchangeInfo.quotePrecision/baseSizePrecision/quoteAmountPrecision,1,False,0.2600840336134454,0.6718487394957984,0.37815126050420167,38.663865546218496
mexc,CRETAUSDT,CRETA-USDT,CRETA,USDT,True,1,True,0.002143,42669.892663,19902219.14,0.002141,2610.1,0.002145,32880.81,18.66542230518011,5.5882241,1e-06,0.001,0.001,1.0,0.0,0.0005,exchangeInfo.quotePrecision/baseSizePrecision/quoteAmountPrecision,1,False,0.21512605042016808,0.7344537815126051,0.4226890756302521,38.64705882352941
mexc,STOUSDC,STO-USDC,STO,USDC,True,1,True,0.14296,53546.27068,376628.01,0.14196,538.9,0.1428,605.82,58.99705014749315,76.502244,1e-05,0.0,0.0,1.0,0.0,0.0,exchangeInfo.quotePrecision/baseSizePrecision/quoteAmountPrecision,1,False,0.2777310924369748,0.27899159663865547,0.8197478991596638,38.64495798319329
mexc,ITOTONUSDT,ITOTON-USDT,ITOTON,USDT,True,1,True,146.58,56739.74,387.05,146.22,0.03,147.16,0.03,64.08071443179479,4.3866,0.01,0.0,0.0,1.0,0.0,0.0005,exchangeInfo.quotePrecision/baseSizePrecision/quoteAmountPrecision,1,False,0.45630252100840335,0.24873949579831933,0.36470588235294116,38.609243697478995
mexc,GAIAUSDT,GAIA-USDT,GAIA,USDT,True,1,True,0.0121,56295.2696,4653899.56,0.01204,507.62,0.01212,2104.31,66.22516556291409,6.1117448,1e-05,0.0,0.0,1.0,0.0,0.0005,exchangeInfo.quotePrecision/baseSizePrecision/quoteAmountPrecision,1,False,0.43403361344537816,0.23739495798319332,0.4399159663865546,38.60504201680673
mexc,ESPUSDC,ESP-USDC,ESP,USDC,True,1,True,0.07524,54959.50865,720064.58,0.07511,1283.84,0.0754,47.36,38.535645472061475,3.570944,1e-05,0.0,0.0,1.0,0.0,0.0,exchangeInfo.quotePrecision/baseSizePrecision/quoteAmountPrecision,1,False,0.35126050420168065,0.4991596638655462,0.3382352941176471,38.563025210084035
mexc,ARSUSDT,ARS-USDT,ARS,USDT,True,1,True,0.0006835,55136.8972422,80594256.7,0.0006814,40235.51,0.0006868,61733.87,78.93582809530803,27.416476514,1e-07,0.0,0.0,1.0,0.0,0.0005,exchangeInfo.quotePrecision/baseSizePrecision/quoteAmountPrecision,1,False,0.36764705882352944,0.17815126050420171,0.6928571428571428,38.53151260504202
mexc,MELANIAEUR,MELANIA-EUR,MELANIA,EUR,True,1,True,0.09405,57132.04836,601119.46,0.09379,14.2,0.0942,12.9,43.61934145433349,1.2151800000000001,1e-05,0.0,0.0,1.0,0.0,0.0,exchangeInfo.quotePrecision/baseSizePrecision/quoteAmountPrecision,1,False,0.4773109243697479,0.42647058823529416,0.07941176470588235,38.50210084033614
mexc,POPCATUSDC,POPCAT-USDC,POPCAT,USDC,True,1,True,0.04809,55050.80452,1146494.02,0.04798,206.93,0.04821,142.83,47.82201892088597,6.885834300000001,1e-05,0.0,0.0,1.0,0.0,0.0,exchangeInfo.quotePrecision/baseSizePrecision/quoteAmountPrecision,1,False,0.3584033613445378,0.37941176470588234,0.46302521008403363,38.457983193277315
mexc,SXTUSDC,SXT-USDC,SXT,USDC,True,1,True,0.01617,56390.29247,3442308.48,0.0161,446.05,0.01622,923.06,74.25742574257337,7.181405,1e-05,0.0,0.0,1.0,0.0,0.0,exchangeInfo.quotePrecision/baseSizePrecision/quoteAmountPrecision,1,False,0.43865546218487395,0.19579831932773106,0.47100840336134453,38.44117647058824
mexc,POLSUSDT,POLS-USDT,POLS,USDT,True,1,True,0.05224,56762.61444,1074640.41,0.05215,93.23,0.05242,38.42,51.640049727455185,2.0139764,1e-05,0.01,0.01,1.0,0.0,0.0005,exchangeInfo.quotePrecision/baseSizePrecision/quoteAmountPrecision,1,False,0.4579831932773109,0.3369747899159664,0.23823529411764705,38.378151260504204
mexc,HAMUSDT,HAM-USDT,HAM,USDT,True,1,True,1.171e-10,53781.46768462347,457427726295174.0,1.179e-10,9329000000.0,1.18e-10,23218571991.0,8.47816871555785,1.0998891,1e-13,1000000.0,1000000.0,1.0,0.0,0.0005,exchangeInfo.quotePrecision/baseSizePrecision/quoteAmountPrecision,1,False,0.28823529411764703,0.8626050420168068,0.04747899159663865,38.367647058823536
mexc,INTUONUSDT,INTUON-USDT,INTUON,USDT,True,1,True,423.03,54740.56,128.94,422.98,0.91,426.71,0.129,87.79672586472623,55.04559,0.01,0.0,0.0,1.0,0.0,0.0005,exchangeInfo.quotePrecision/baseSizePrecision/quoteAmountPrecision,1,False,0.33949579831932775,0.1546218487394958,0.7911764705882353,38.36134453781513
mexc,MAGAETHUSDT,MAGAETH-USDT,MAGAETH,USDT,True,1,True,1.188e-06,58043.636323941,48075762986.29,1.181e-06,4604386.04,1.198e-06,7615875.45,142.91719209752003,5.43777991324,1e-09,0.0,0.0,1.0,0.0,0.0005,exchangeInfo.quotePrecision/baseSizePrecision/quoteAmountPrecision,1,False,0.5121848739495798,0.07773109243697474,0.41134453781512603,38.34033613445378
mexc,NILUSDC,NIL-USDC,NIL,USDC,True,1,True,0.0335,54747.79416,1561146.25,0.0334,500.0,0.03359,6165.12,56.72488431109201,16.7,1e-05,0.0,0.0,1.0,0.0,0.0,exchangeInfo.quotePrecision/baseSizePrecision/quoteAmountPrecision,1,False,0.3407563025210084,0.29495798319327726,0.6092436974789915,38.30042016806723
mexc,WIFUSDC,WIF-USDC,WIF,USDC,True,1,True,0.1815,55215.8877,303800.21,0.1812,23.76,0.182,24.27,44.05286343612308,4.305312000000001,0.0001,0.0,0.0,1.0,0.0,0.0,exchangeInfo.quotePrecision/baseSizePrecision/quoteAmountPrecision,1,False,0.3722689075630252,0.4210084033613445,0.36176470588235293,38.23529411764706
mexc,HOLDSTATIONUSDT,HOLDSTATION-USDT,HOLDSTATION,USDT,True,1,True,0.1969,54211.8081,272628.25,0.1967,1.07,0.1969,0.15,10.16260162601514,0.029535,0.0001,0.0,0.0,1.0,0.0,0.0005,exchangeInfo.quotePrecision/baseSizePrecision/quoteAmountPrecision,1,False,0.3088235294117647,0.8344537815126051,0.018907563025210083,38.22478991596638
mexc,BONKUSDC,BONK-USDC,BONK,USDC,True,1,True,5.734e-06,51787.532548582,9019266925.0,5.712e-06,3785356.0,5.735e-06,19488000.0,40.18520136280328,21.621953471999998,1e-09,0.0,0.0,1.0,0.0,0.0,exchangeInfo.quotePrecision/baseSizePrecision/quoteAmountPrecision,1,False,0.23991596638655463,0.476890756302521,0.6550420168067227,38.21848739495799
mexc,AASTUSDT,AAST-USDT,AAST,USDT,True,1,True,0.001663,5122.877273,3120551.57,0.001664,11785.14,0.001666,13573.48,12.012012012012306,19.61047296,1e-06,0.0,0.0,1.0,0.0,0.0005,exchangeInfo.quotePrecision/baseSizePrecision/quoteAmountPrecision,1,False,0.0953781512605042,0.8100840336134454,0.6357142857142857,38.21218487394958
mexc,EDGENUSDT,EDGEN-USDT,EDGEN,USDT,True,1,True,0.001965,55290.569083,28157021.17,0.00196,1435.65,0.001968,16594.87,40.73319755600914,2.813874,1e-06,0.0,0.0,1.0,0.0,0.0005,exchangeInfo.quotePrecision/baseSizePrecision/quoteAmountPrecision,1,False,0.376890756302521,0.4672268907563025,0.28949579831932776,38.19957983193278
mexc,PAYAIUSDT,PAYAI-USDT,PAYAI,USDT,True,1,True,0.002737,58294.522651,21962900.73,0.002724,2207.99,0.002789,2243.05,235.80627607473232,6.014564759999999,1e-06,0.0,0.0,1.0,0.0,0.0005,exchangeInfo.quotePrecision/baseSizePrecision/quoteAmountPrecision,1,False,0.5176470588235295,0.03907563025210081,0.4357142857142857,38.161764705882355
mexc,VPRUSDT,VPR-USDT,VPR,USDT,True,1,True,0.0003001,28072.8776287,93340398.61,0.0002997,50050.05,0.0003005,73784.56,26.65778073975226,14.999999985000002,1e-07,0.0,0.0,1.0,0.0,0.0005,exchangeInfo.quotePrecision/baseSizePrecision/quoteAmountPrecision,1,False,0.1815126050420168,0.6495798319327731,0.5932773109243697,38.088235294117645
mexc,DINUSDT,DIN-USDT,DIN,USDT,True,1,True,0.005301,11189.717336,1846890.78,0.0053,662.13,0.005301,2239.12,1.886614470333238,3.509289,1e-06,0.0,0.0,1.0,0.0,0.0005,exchangeInfo.quotePrecision/baseSizePrecision/quoteAmountPrecision,1,False,0.1273109243697479,0.9760504201680672,0.33403361344537813,38.08403361344538
mexc,BLUMUSDT,BLUM-USDT,BLUM,USDT,True,1,True,0.003078,55339.149421,17681880.5,0.003048,15631.24,0.003095,36762.84,153.01969721634435,47.64401952,1e-06,0.0,0.0,1.0,0.0,0.0005,exchangeInfo.quotePrecision/baseSizePrecision/quoteAmountPrecision,1,False,0.37941176470588234,0.06974789915966384,0.7726890756302521,38.065126050420176
mexc,PIXELUSDC,PIXEL-USDC,PIXEL,USDC,True,1,True,0.00662,53968.609353,7954381.36,0.006612,2413.77,0.006643,20042.62,46.77480196152362,15.95984724,1e-06,0.0,0.0,1.0,0.0,0.0,exchangeInfo.quotePrecision/baseSizePrecision/quoteAmountPrecision,1,False,0.2957983193277311,0.38991596638655457,0.6016806722689075,38.05042016806723
mexc,PIGUSDT,PIG-USDT,PIG,USDT,True,1,True,1.28e-08,55549.63300216874,4282971757473.0,1.269e-08,3152088258.0,1.29e-08,2999993837.0,164.12661195779592,38.6999204973,1e-11,1000.0,1000.0,1.0,0.0,0.0005,exchangeInfo.quotePrecision/baseSizePrecision/quoteAmountPrecision,1,False,0.39285714285714285,0.06218487394957983,0.7441176470588236,38.044117647058826
mexc,COQUSDT,COQ-USDT,COQ,USDT,True,1,True,9.696e-08,58301.97047556154,598988961528.73,9.591e-08,106607847.46,9.739e-08,51856461.31,153.12984997413318,5.0503007669809,1e-11,0.0,0.0,1.0,0.0,0.0005,exchangeInfo.quotePrecision/baseSizePrecision/quoteAmountPrecision,1,False,0.5180672268907563,0.06932773109243695,0.3899159663865546,38.025210084033624
mexc,M87USDT,M87-USDT,M87,USDT,True,1,True,6.2e-06,39999.95416876,6447541553.05,6.19e-06,3014486.0,6.2e-06,712159.0,16.14205004035497,4.4153858,1e-08,0.0,0.0,1.0,0.0,0.0005,exchangeInfo.quotePrecision/baseSizePrecision/quoteAmountPrecision,1,False,0.2096638655462185,0.7659663865546218,0.3663865546218487,38.008403361344534
mexc,DSYNCUSDC,DSYNC-USDC,DSYNC,USDC,True,1,True,0.01416,54683.98108,3848473.59,0.0141,1645.74,0.01419,2868.47,63.62672322375384,23.204933999999998,1e-05,0.0,0.0,1.0,0.0,0.0,exchangeInfo.quotePrecision/baseSizePrecision/quoteAmountPrecision,1,False,0.3348739495798319,0.2504201680672269,0.6663865546218487,38.00630252100841
mexc,SPAUSDT,SPA-USDT,SPA,USDT,True,1,True,0.003006,53710.978091,17721512.43,0.003002,921.23,0.003008,600.0,19.96672212978346,1.8048,1e-06,1.0,1.0,1.0,0.0,0.0005,exchangeInfo.quotePrecision/baseSizePrecision/quoteAmountPrecision,1,False,0.2848739495798319,0.7197478991596639,0.21680672268907564,37.997899159663866
mexc,ULTIMAEUR,ULTIMA-EUR,ULTIMA,EUR,True,1,True,2788.99,56034.99,19.4098,2777.2,0.0006,2789.24,0.0115,43.25924648428786,1.6663199999999998,0.01,0.0,0.0,1.0,0.0,0.0,exchangeInfo.quotePrecision/baseSizePrecision/quoteAmountPrecision,1,False,0.4184873949579832,0.43025210084033616,0.20840336134453782,37.941176470588246
mexc,MEMESUSDT,MEMES-USDT,MEMES,USDT,True,1,True,0.0007585,58765.7991233,77860245.79,0.0007471,5897.04,0.0007609,15749.98,183.0238726790452,4.405678584,1e-07,0.0,0.0,1.0,0.0,0.0005,exchangeInfo.quotePrecision/baseSizePrecision/quoteAmountPrecision,1,False,0.5298319327731092,0.05672268907563027,0.36554621848739494,37.86974789915967
mexc,ARCUSDT,ARC-USDT,ARC,USDT,True,1,True,0.00097,1235.895326,1279166.02,0.000971,25821.62,0.000972,36941.21,10.29336078229567,25.07279302,1e-06,0.001,0.001,1.0,0.0,0.0005,exchangeInfo.quotePrecision/baseSizePrecision/quoteAmountPrecision,1,False,0.06302521008403361,0.8323529411764706,0.6777310924369748,37.82983193277312
mexc,GATAUSDT,GATA-USDT,GATA,USDT,True,1,True,0.001597,55004.220501,34347580.72,0.001595,1503.11,0.001601,3259.83,37.54693366708341,2.39746045,1e-06,0.0,0.0,1.0,0.0,0.0005,exchangeInfo.quotePrecision/baseSizePrecision/quoteAmountPrecision,1,False,0.3546218487394958,0.5176470588235293,0.2680672268907563,37.806722689075634
mexc,AKIUSDT,AKI-USDT,AKI,USDT,True,1,True,6.6e-05,55265.562285,802417630.17,6.6e-05,916424.1,6.7e-05,687534.89,150.37593984962365,46.06483763,1e-06,0.0,0.0,1.0,0.0,0.0005,exchangeInfo.quotePrecision/baseSizePrecision/quoteAmountPrecision,1,False,0.3739495798319328,0.07184873949579829,0.7684873949579832,37.73319327731093
mexc,DISTORTEDUSDT,DISTORTED-USDT,DISTORTED,USDT,True,1,True,0.0001521,60390.3297703,386280185.24,0.0001512,39992.63,0.000153,11699.24,118.34319526627328,1.78998372,1e-07,0.0,0.0,1.0,0.0,0.0005,exchangeInfo.quotePrecision/baseSizePrecision/quoteAmountPrecision,1,False,0.5579831932773109,0.10840336134453776,0.21554621848739497,37.71008403361345
mexc,TNSRUSDC,TNSR-USDC,TNSR,USDC,True,1,True,0.03666,53429.17842,1424026.3,0.03656,364.17,0.03671,320.0,40.94445202674966,11.7472,1e-05,0.0,0.0,1.0,0.0,0.0,exchangeInfo.quotePrecision/baseSizePrecision/quoteAmountPrecision,1,False,0.2726890756302521,0.4634453781512605,0.5554621848739496,37.69327731092437
mexc,SOLXUSDT,SOLX-USDT,SOLX,USDT,True,1,True,5.918e-06,29887.962310983,5064275495.79,5.913e-06,676475.56,5.92e-06,4519962.66,11.83131919209009,3.99999998628,1e-09,0.01,0.01,1.0,0.0,0.0005,exchangeInfo.quotePrecision/baseSizePrecision/quoteAmountPrecision,1,False,0.18739495798319328,0.8126050420168067,0.35336134453781515,37.6890756302521
mexc,JELLYJELLYUSDC,JELLYJELLY-USDC,JELLYJELLY,USDC,True,1,True,0.04191,54452.77784,1289918.78,0.04173,754.84,0.04201,1411.07,66.87365655600561,31.499473200000004,1e-05,0.0,0.0,1.0,0.0,0.0,exchangeInfo.quotePrecision/baseSizePrecision/quoteAmountPrecision,1,False,0.31974789915966384,0.23235294117647054,0.7134453781512605,37.66386554621849
mexc,BLZUSDT,BLZ-USDT,BLZ,USDT,True,1,True,0.00996,55341.05847,5532577.28,0.00995,204.39,0.00999,264.33,40.120361083249854,2.0336805,1e-05,1.0,1.0,1.0,0.0,0.0005,exchangeInfo.quotePrecision/baseSizePrecision/quoteAmountPrecision,1,False,0.3798319327731092,0.47857142857142854,0.23907563025210085,37.63655462184874
mexc,FTUSDC,FT-USDC,FT,USDC,True,1,True,0.09381,61328.37413,650088.47,0.09357,227.44,0.09428,12.73,75.59222784136303,1.2001844000000002,1e-05,0.0,0.0,1.0,0.0,0.0,exchangeInfo.quotePrecision/baseSizePrecision/quoteAmountPrecision,1,False,0.5722689075630252,0.1903361344537815,0.06932773109243698,37.61974789915967
mexc,ATLBRYUSDT,ATLBRY-USDT,ATLBRY,USDT,True,1,True,0.0001,7145.6242912,69352950.34,9.96e-05,82589858.0,0.0001,65896329.42,40.08016032064226,6589.632942,1e-07,0.0,0.0,1.0,0.0,0.0005,exchangeInfo.quotePrecision/baseSizePrecision/quoteAmountPrecision,1,False,0.1046218487394958,0.4789915966386554,0.9945378151260504,37.61974789915966
mexc,ZEUSUSDT,ZEUS-USDT,ZEUS,USDT,True,1,True,0.007349,63061.690443,8421499.69,0.00725,216.64,0.007409,681.66,216.93157787024955,1.57064,1e-06,0.0,0.0,1.0,0.0,0.0005,exchangeInfo.quotePrecision/baseSizePrecision/quoteAmountPrecision,1,False,0.5911764705882353,0.043697478991596594,0.2,37.60714285714286
mexc,AVICIUSDT,AVICI-USDT,AVICI,USDT,True,1,True,0.5912,57537.7763,106262.9,0.5894,15.36,0.6024,11.42,218.15740896123526,6.879408000000001,0.0001,0.0,0.0,1.0,0.0,0.0005,exchangeInfo.quotePrecision/baseSizePrecision/quoteAmountPrecision,1,False,0.4957983193277311,0.043277310924369705,0.46260504201680674,37.60294117647059
mexc,TIVAUSDT,TIVA-USDT,TIVA,USDT,True,1,True,0.09075,33167.43407,366772.9,0.09074,520.1,0.09112,2963.88,41.790388210712116,47.193874,1e-05,0.0,0.0,1.0,0.0,0.0005,exchangeInfo.quotePrecision/baseSizePrecision/quoteAmountPrecision,1,False,0.19831932773109243,0.44999999999999996,0.7718487394957984,37.59453781512605
mexc,BACONUSDT,BACON-USDT,BACON,USDT,True,1,True,49.5,57714.53,1164.22,49.42,0.03,49.74,0.07,64.54215409439296,1.4826,0.01,0.0,0.0,1.0,0.0,0.0005,exchangeInfo.quotePrecision/baseSizePrecision/quoteAmountPrecision,1,False,0.5025210084033613,0.246218487394958,0.1899159663865546,37.59243697478992
mexc,LINGOUSDC,LINGO-USDC,LINGO,USDC,True,1,True,0.007959,58545.868701,7303781.86,0.007954,2997.27,0.007999,150.02,56.41572118096898,1.20000998,1e-06,0.0,0.0,1.0,0.0,0.0,exchangeInfo.quotePrecision/baseSizePrecision/quoteAmountPrecision,1,False,0.5243697478991597,0.2974789915966387,0.06428571428571428,37.56302521008404
mexc,METAXUSDT,METAX-USDT,METAX,USDT,True,1,True,574.28,57511.84,100.105,571.38,0.003,575.1,0.005,64.89428511618217,1.71414,0.01,0.0,0.0,1.0,0.0,0.0005,exchangeInfo.quotePrecision/baseSizePrecision/quoteAmountPrecision,1,False,0.49411764705882355,0.24453781512605044,0.21176470588235294,37.52521008403362
mexc,SRXUSDT,SRX-USDT,SRX,USDT,True,1,True,0.0548,7903.9479,144246.0,0.05471,5968.43,0.05492,5365.0,38.310681382832236,294.6458,1e-05,0.0,0.0,1.0,0.0,0.0005,exchangeInfo.quotePrecision/baseSizePrecision/quoteAmountPrecision,1,False,0.11134453781512606,0.5029411764705882,0.9394957983193277,37.48739495798319
mexc,AUSDC,A-USDC,A,USDC,True,1,True,0.07979,56633.15309,716852.86,0.07947,3181.18,0.07982,15.76,43.945005963965485,1.2579632,1e-05,0.0,0.0,1.0,0.0,0.0,exchangeInfo.quotePrecision/baseSizePrecision/quoteAmountPrecision,1,False,0.45294117647058824,0.42226890756302526,0.09831932773109243,37.43487394957984
mexc,ADXUSDT,ADX-USDT,ADX,USDT,True,1,True,0.0738,10480.7495,140494.6,0.0736,451.87,0.0738,6774.0,27.137042062415976,33.257632,0.0001,0.0,0.0,1.0,0.0,0.0005,exchangeInfo.quotePrecision/baseSizePrecision/quoteAmountPrecision,1,False,0.12436974789915967,0.6436974789915966,0.7247899159663865,37.42857142857143
mexc,FLKUSDT,FLK-USDT,FLK,USDT,True,1,True,0.02673,57521.06477,2388297.96,0.02666,56.27,0.02683,55.91,63.56328285660872,1.5000653,1e-05,0.0,0.0,1.0,0.0,0.0005,exchangeInfo.quotePrecision/baseSizePrecision/quoteAmountPrecision,1,False,0.4953781512605042,0.2508403361344538,0.19411764705882353,37.39915966386555
mexc,NAVIUSDT,NAVI-USDT,NAVI,USDT,True,1,True,0.00472,27308.410406,5789087.77,0.0047,4862.44,0.004712,2314.77,25.4993625159368,10.90719624,1e-06,0.0,0.0,1.0,0.0,0.0005,exchangeInfo.quotePrecision/baseSizePrecision/quoteAmountPrecision,1,False,0.17941176470588235,0.661344537815126,0.5483193277310925,37.36764705882353
mexc,DRNUSDT,DRN-USDT,DRN,USDT,True,1,True,0.132,59207.374,449625.61,0.1314,10.21,0.1324,23.39,75.81501137225179,1.341594,0.0001,0.0,0.0,1.0,0.0,0.0005,exchangeInfo.quotePrecision/baseSizePrecision/quoteAmountPrecision,1,False,0.5399159663865546,0.1899159663865546,0.1457983193277311,37.359243697478995
mexc,ASPUSDT,ASP-USDT,ASP,USDT,True,1,True,0.02536,56897.46071,2231256.03,0.02526,297.1,0.02548,197.54,86.71659440283719,5.033319199999999,1e-05,0.0,0.0,1.0,0.0,0.0005,exchangeInfo.quotePrecision/baseSizePrecision/quoteAmountPrecision,1,False,0.4676470588235294,0.15546218487394958,0.3873949579831933,37.35504201680672
mexc,PEAQUSDT,PEAQ-USDT,PEAQ,USDT,True,1,True,0.01363,41263.4756,2933762.75,0.01363,7336.75,0.01366,395.62,21.986075485526207,5.4041692,1e-05,0.0,0.0,1.0,0.0,0.0005,exchangeInfo.quotePrecision/baseSizePrecision/quoteAmountPrecision,1,False,0.2130252100840336,0.6991596638655462,0.40756302521008403,37.346638655462186
mexc,BXEUSDT,BXE-USDT,BXE,USDT,True,1,True,0.0122,48014.90465,3890975.77,0.01216,5028.42,0.01221,1828.29,41.034058268362486,22.3234209,1e-05,0.0,0.0,1.0,0.0,0.0005,exchangeInfo.quotePrecision/baseSizePrecision/quoteAmountPrecision,1,False,0.22815126050420168,0.46218487394957986,0.6609243697478991,37.32142857142857
mexc,DOGEUSDC,DOGE-USDC,DOGE,USDC,True,1,True,0.0915,34321.18644,375503.15,0.09141,772978.03,0.09159,59.36,19.67213114754094,5.4367824,1e-05,0.001,0.001,1.0,0.0,0.0,exchangeInfo.quotePrecision/baseSizePrecision/quoteAmountPrecision,1,False,0.2,0.7235294117647059,0.41092436974789914,37.306722689075634
mexc,XELSUSDT,XELS-USDT,XELS,USDT,True,1,True,0.027726,14248.266401,513958.13,0.0277,1021.91,0.027761,622.47,21.99743964227188,17.28038967,1e-06,0.0001,0.0001,1.0,0.0,0.0005,exchangeInfo.quotePrecision/baseSizePrecision/quoteAmountPrecision,1,False,0.1361344537815126,0.6983193277310924,0.615546218487395,37.2563025210084
mexc,PALLONUSDT,PALLON-USDT,PALLON,USDT,True,1,True,136.52,53577.55,393.183,136.26,1.884,136.79,0.052,38.8207288042484,7.113079999999999,0.01,0.0,0.0,1.0,0.0,0.0005,exchangeInfo.quotePrecision/baseSizePrecision/quoteAmountPrecision,1,False,0.280672268907563,0.49453781512605044,0.46974789915966386,37.195378151260506
mexc,SAIUSDT,SAI-USDT,SAI,USDT,True,1,True,0.0009316,43644.6704571,46888572.93,0.0009299,7196.74,0.0009324,20090.05,26.84852064651245,6.692248526,1e-07,0.0,0.0,1.0,0.0,0.0005,exchangeInfo.quotePrecision/baseSizePrecision/quoteAmountPrecision,1,False,0.21554621848739497,0.6466386554621848,0.457563025210084,37.17226890756303
mexc,DORAFACTORYUSDT,DORAFACTORY-USDT,DORAFACTORY,USDT,True,1,True,0.004219,56895.570493,13476501.27,0.004162,1988.29,0.004232,1999.43,166.7857993805093,8.275262979999999,1e-06,0.01,0.01,1.0,0.0,0.0005,exchangeInfo.quotePrecision/baseSizePrecision/quoteAmountPrecision,1,False,0.4672268907563025,0.060924369747899165,0.4966386554621849,37.153361344537814
mexc,RDWONUSDT,RDWON-USDT,RDWON,USDT,True,1,True,9.657,55790.769,5764.82,9.634,1.03,9.713,37.54,81.66640822866474,9.923020000000001,0.001,0.0,0.0,1.0,0.0,0.0005,exchangeInfo.quotePrecision/baseSizePrecision/quoteAmountPrecision,1,False,0.40756302521008403,0.16890756302521004,0.5252100840336135,37.142857142857146
mexc,WINGUSDT,WING-USDT,WING,USDT,True,1,True,0.04194,53745.60181,1280136.95,0.04189,196.93,0.04201,62.12,28.605482717521348,2.6096611999999997,1e-05,0.0001,0.0001,1.0,0.0,0.0005,exchangeInfo.quotePrecision/baseSizePrecision/quoteAmountPrecision,1,False,0.28697478991596637,0.6252100840336134,0.27983193277310925,37.010504201680675
mexc,KAIAUSDC,KAIA-USDC,KAIA,USDC,True,1,True,0.04918,55483.50008,1130700.95,0.0489,45912.64,0.04919,121.63,59.129370985829055,5.9829797,1e-05,1e-05,1e-05,1.0,0.0,0.0,exchangeInfo.quotePrecision/baseSizePrecision/quoteAmountPrecision,1,False,0.38949579831932774,0.27605042016806725,0.4336134453781513,36.99579831932773
mexc,DCKUSDT,DCK-USDT,DCK,USDT,True,1,True,0.0001346,32691.2361474,238471746.46,0.0001345,11824.94,0.0001346,68144.12,7.432181345225005,1.5904544299999999,1e-07,0.0,0.0,1.0,0.0,0.0005,exchangeInfo.quotePrecision/baseSizePrecision/quoteAmountPrecision,1,False,0.19747899159663865,0.8840336134453781,0.20168067226890757,36.99579831932773
mexc,MGTUSDT,MGT-USDT,MGT,USDT,True,1,True,0.00010599,12189.13454784,115340788.9,0.00010571,330871.45,0.00010599,236326.62,26.452527161077384,25.048258453800003,1e-08,0.0,0.0,1.0,0.0,0.0005,exchangeInfo.quotePrecision/baseSizePrecision/quoteAmountPrecision,1,False,0.13025210084033614,0.6508403361344538,0.6773109243697479,36.98109243697479
mexc,LLUSDT,LL-USDT,LL,USDT,True,1,True,0.003254,45203.042374,13819033.64,0.003254,18273.75,0.003258,614.06,12.285012285012582,2.0006074799999998,1e-06,0.0,0.0,1.0,0.0,0.0005,exchangeInfo.quotePrecision/baseSizePrecision/quoteAmountPrecision,1,False,0.21932773109243697,0.8079831932773109,0.23529411764705882,36.96848739495798
mexc,CAPTAINBNBUSDT,CAPTAINBNB-USDT,CAPTAINBNB,USDT,True,1,True,0.0006975,55016.0007434,83011517.84,0.0006964,7897.75,0.0006998,7757.41,48.703624122618166,5.428635518,1e-07,0.0,0.0,1.0,0.0,0.0005,exchangeInfo.quotePrecision/baseSizePrecision/quoteAmountPrecision,1,False,0.3554621848739496,0.3689075630252101,0.4088235294117647,36.94957983193278
mexc,IOUSDC,IO-USDC,IO,USDC,True,1,True,0.0995,54470.9458,541951.52,0.0991,501.6,0.1,1186.08,90.40683073832365,49.70856,0.0001,0.0,0.0,1.0,0.0,0.0,exchangeInfo.quotePrecision/baseSizePrecision/quoteAmountPrecision,1,False,0.3205882352941177,0.14873949579831935,0.7789915966386555,36.93067226890757
mexc,NMRUSDC,NMR-USDC,NMR,USDC,True,1,True,7.196,55283.537,7562.5,7.194,0.19,7.221,0.23,37.46097814776294,1.36686,0.001,0.0,0.0,1.0,0.0,0.0,exchangeInfo.quotePrecision/baseSizePrecision/quoteAmountPrecision,1,False,0.37563025210084033,0.5193277310924369,0.15924369747899159,36.82773109243697
mexc,AOUSDT,AO-USDT,AO,USDT,True,1,True,2.432,55266.62,22495.93,2.428,9.49,2.456,32.68,114.66011466011476,23.04172,0.001,0.0,0.0,1.0,0.0,0.0005,exchangeInfo.quotePrecision/baseSizePrecision/quoteAmountPrecision,1,False,0.37436974789915967,0.11428571428571432,0.6655462184873949,36.75840336134454
mexc,PEPUUSDT,PEPU-USDT,PEPU,USDT,True,1,True,0.0001197,53869.2406153,443799379.89,0.0001194,27830.43,0.0001198,799700.14,33.44481605351138,3.322953342,1e-07,0.0,0.0,1.0,0.0,0.0005,exchangeInfo.quotePrecision/baseSizePrecision/quoteAmountPrecision,1,False,0.2920168067226891,0.569327731092437,0.32100840336134456,36.71428571428572
mexc,AGGONUSDT,AGGON-USDT,AGGON,USDT,True,1,True,101.24,55418.99,547.82,100.84,0.1,101.59,0.36,74.09968878130712,10.084000000000001,0.01,0.0,0.0,1.0,0.0,0.0005,exchangeInfo.quotePrecision/baseSizePrecision/quoteAmountPrecision,1,False,0.3831932773109244,0.1978991596638655,0.5310924369747899,36.64495798319328
mexc,AAVEUSDC,AAVE-USDC,AAVE,USDC,True,1,True,94.91,26379.53,278.048,94.7,0.132,94.97,0.134,28.470501397163073,12.5004,0.01,1e-06,1e-06,1.0,0.0,0.0,exchangeInfo.quotePrecision/baseSizePrecision/quoteAmountPrecision,1,False,0.17394957983193277,0.6281512605042017,0.5684873949579832,36.64075630252101
mexc,LONGUSDT,LONG-USDT,LONG,USDT,True,1,True,0.001525,40826.337837,26750257.55,0.001521,1454.45,0.001523,2550.95,13.14060446780584,2.21221845,1e-06,0.0,0.0,1.0,0.0,0.0005,exchangeInfo.quotePrecision/baseSizePrecision/quoteAmountPrecision,1,False,0.21134453781512605,0.796218487394958,0.25546218487394956,36.63865546218488
mexc,ZTCUSDT,ZTC-USDT,ZTC,USDT,True,1,True,0.0007161,53928.0764698,74721913.18,0.0007139,75905.87,0.000719,59433.96,71.18431153604675,42.73301724,1e-07,0.0,0.0,1.0,0.0,0.0005,exchangeInfo.quotePrecision/baseSizePrecision/quoteAmountPrecision,1,False,0.29453781512605043,0.21134453781512608,0.7571428571428571,36.62605042016807
mexc,CGPTUSDC,CGPT-USDC,CGPT,USDC,True,1,True,0.01858,57556.0976,3096908.21,0.01853,64.76,0.01863,27258.98,53.821313240042734,1.2000028000000003,1e-05,0.0,0.0,1.0,0.0,0.0,exchangeInfo.quotePrecision/baseSizePrecision/quoteAmountPrecision,1,False,0.49747899159663866,0.31890756302521006,0.0634453781512605,36.602941176470594
mexc,KILOUSDT,KILO-USDT,KILO,USDT,True,1,True,0.006284,59420.807525,9446307.53,0.006243,192.22,0.006287,1094.58,70.23144453312014,1.20002946,1e-06,0.0,0.0,1.0,0.0,0.0005,exchangeInfo.quotePrecision/baseSizePrecision/quoteAmountPrecision,1,False,0.5428571428571428,0.21596638655462186,0.06638655462184874,36.584033613445385
mexc,ALEPHUSDT,ALEPH-USDT,ALEPH,USDT,True,1,True,0.02154,52121.62656,2549312.86,0.02153,58.06,0.02155,58.01,9.285051067780495,1.2500318000000001,1e-05,5.0,5.0,1.0,0.0,0.0005,exchangeInfo.quotePrecision/baseSizePrecision/quoteAmountPrecision,1,False,0.2445378151260504,0.85,0.09411764705882353,36.58193277310924
mexc,AXMUSDT,AXM-USDT,AXM,USDT,True,1,True,0.0027,41467.22654,14906866.01,0.0027,5185.18,0.00271,26911.79,36.96857670979677,13.999986000000002,1e-05,0.0,0.0,1.0,0.0,0.0005,exchangeInfo.quotePrecision/baseSizePrecision/quoteAmountPrecision,1,False,0.21386554621848738,0.5239495798319328,0.5840336134453782,36.54201680672269
mexc,USDCUSDF,USDC-USDF,USDC,USDF,True,1,True,1.0017,53742.4732,53711.88,0.9952,105.94,1.005,222.94,97.99020097990122,105.431488,0.0001,0.0,0.0,1.0,0.0,0.0005,exchangeInfo.quotePrecision/baseSizePrecision/quoteAmountPrecision,1,False,0.2865546218487395,0.13613445378151257,0.8689075630252101,36.542016806722685
mexc,MTCUSDT,MTC-USDT,MTC,USDT,True,1,True,0.00804,39794.07086,4921287.72,0.00803,3057.94,0.00805,683.22,24.87562189054625,5.4999210000000005,1e-05,0.0,0.0,1.0,0.0,0.0005,exchangeInfo.quotePrecision/baseSizePrecision/quoteAmountPrecision,1,False,0.2092436974789916,0.6672268907563026,0.41722689075630254,36.53361344537815
mexc,BIDUSDT,BID-USDT,BID,USDT,True,1,True,0.007023,52223.415003,7295024.25,0.007018,181.68,0.007025,603.8,9.969379762159171,1.27503024,1e-06,0.0,0.0,1.0,0.0,0.0005,exchangeInfo.quotePrecision/baseSizePrecision/quoteAmountPrecision,1,False,0.24579831932773108,0.8373949579831933,0.10294117647058823,36.5126050420168
mexc,KULAUSDT,KULA-USDT,KULA,USDT,True,1,True,0.18449,17350.90886,95036.92,0.1842,176.4,0.18449,35.36,15.73137324039083,6.523566399999999,1e-05,0.0,0.0,1.0,0.0,0.0005,exchangeInfo.quotePrecision/baseSizePrecision/quoteAmountPrecision,1,False,0.14831932773109244,0.7693277310924369,0.453781512605042,36.46638655462185
mexc,ONIUSDT,ONI-USDT,ONI,USDT,True,1,True,0.008576,27502.761002,3212178.92,0.008561,3879.54,0.008595,7033.44,39.636278852880686,33.212741939999994,1e-06,0.0,0.0,1.0,0.0,0.0005,exchangeInfo.quotePrecision/baseSizePrecision/quoteAmountPrecision,1,False,0.17983193277310924,0.4836134453781512,0.7239495798319328,36.46008403361344
mexc,SPECUSDT,SPEC-USDT,SPEC,USDT,True,1,True,0.0851,56490.48096,670159.33,0.08444,1184.27,0.08601,117.92,184.21824581988878,10.1422992,1e-05,0.0,0.0,1.0,0.0,0.0005,exchangeInfo.quotePrecision/baseSizePrecision/quoteAmountPrecision,1,False,0.4432773109243697,0.055882352941176494,0.5323529411764706,36.42436974789916
mexc,DUPEUSDT,DUPE-USDT,DUPE,USDT,True,1,True,0.010508,56205.657463,5386229.23,0.010478,4916.12,0.010579,643.05,95.93009450539051,6.802825949999999,1e-06,0.0,0.0,1.0,0.0,0.0005,exchangeInfo.quotePrecision/baseSizePrecision/quoteAmountPrecision,1,False,0.43025210084033616,0.14075630252100846,0.46092436974789913,36.40126050420168
mexc,MINIMAUSDT,MINIMA-USDT,MINIMA,USDT,True,1,True,0.00392,34245.38446,8651747.72,0.00391,126794.41,0.00392,1611.74,25.542784163472778,6.3180208,1e-05,0.0,0.0,1.0,0.0,0.0005,exchangeInfo.quotePrecision/baseSizePrecision/quoteAmountPrecision,1,False,0.19957983193277312,0.6609243697478991,0.4445378151260504,36.39075630252101
mexc,DBRUSDT,DBR-USDT,DBR,USDT,True,1,True,0.01437,54869.61346,3815229.26,0.0143,696.0,0.01438,552.0,55.78800557880071,7.93776,1e-05,0.0,0.0,1.0,0.0,0.0005,exchangeInfo.quotePrecision/baseSizePrecision/quoteAmountPrecision,1,False,0.34663865546218486,0.3012605042016807,0.4894957983193277,36.386554621848745
mexc,HEUUSDT,HEU-USDT,HEU,USDT,True,1,True,0.00535,16037.7372,2964671.66,0.00533,1876.28,0.00534,1653.03,18.744142455483527,8.8271802,1e-05,0.0,0.0,1.0,0.0,0.0005,exchangeInfo.quotePrecision/baseSizePrecision/quoteAmountPrecision,1,False,0.14327731092436974,0.7327731092436975,0.5092436974789916,36.384453781512605
mexc,RHUSDT,RH-USDT,RH,USDT,True,1,True,0.007612,52596.104505,7135955.8,0.007599,3635.26,0.007615,262.89,21.033258840542118,2.0019073499999998,1e-06,0.0,0.0,1.0,0.0,0.0005,exchangeInfo.quotePrecision/baseSizePrecision/quoteAmountPrecision,1,False,0.2529411764705882,0.7084033613445377,0.2357142857142857,36.33613445378151
mexc,EWYONUSDT,EWYON-USDT,EWYON,USDT,True,1,True,122.16,57299.0,469.08,121.85,0.01,122.5,0.04,53.20237364436306,1.2185,0.01,0.0,0.0,1.0,0.0,0.0005,exchangeInfo.quotePrecision/baseSizePrecision/quoteAmountPrecision,1,False,0.4823529411764706,0.32310924369747895,0.08109243697478992,36.22899159663866
mexc,LOBSTARUSDT,LOBSTAR-USDT,LOBSTAR,USDT,True,1,True,0.003658,67827.236122,18739033.8,0.003631,2010.98,0.00371,296.49,215.2295327612044,1.0999779,1e-06,0.0,0.0,1.0,0.0,0.0005,exchangeInfo.quotePrecision/baseSizePrecision/quoteAmountPrecision,1,False,0.6201680672268908,0.04537815126050415,0.04831932773109244,36.21008403361345
mexc,CRWDONUSDT,CRWDON-USDT,CRWDON,USDT,True,1,True,397.03,55440.5,140.081,394.57,0.027,397.85,0.136,82.7843820196368,10.65339,0.01,0.0,0.0,1.0,0.0,0.0005,exchangeInfo.quotePrecision/baseSizePrecision/quoteAmountPrecision,1,False,0.3865546218487395,0.1630252100840336,0.5428571428571428,36.193277310924366
mexc,PUNDIXUSDT,PUNDIX-USDT,PUNDIX,USDT,True,1,True,0.1429,53462.6387,373617.79,0.1429,894.8,0.1431,8.39,13.986013986014385,1.200609,0.0001,0.0,0.0,1.0,0.0,0.0005,exchangeInfo.quotePrecision/baseSizePrecision/quoteAmountPrecision,1,False,0.2735294117647059,0.7878151260504201,0.07226890756302522,36.18487394957984
mexc,ATMUSDT,ATM-USDT,ATM,USDT,True,1,True,1.0055,55141.8981,54592.69,1.0034,99.66,1.0087,4.96,52.68127826648636,5.003152,0.0001,0.0,0.0,1.0,0.0,0.0005,exchangeInfo.quotePrecision/baseSizePrecision/quoteAmountPrecision,1,False,0.3684873949579832,0.32773109243697474,0.38571428571428573,36.17436974789916
mexc,AMATONUSDT,AMATON-USDT,AMATON,USDT,True,1,True,347.95,53811.89,154.608,347.01,0.048,348.89,0.295,54.03075154476205,16.65648,0.01,0.0,0.0,1.0,0.0,0.0005,exchangeInfo.quotePrecision/baseSizePrecision/quoteAmountPrecision,1,False,0.28949579831932776,0.3176470588235294,0.6088235294117647,36.03991596638656
mexc,WBAIUSDT,WBAI-USDT,WBAI,USDT,True,1,True,0.002679,55069.355929,20405247.14,0.00267,43783.93,0.002683,1467.91,48.57089482533155,3.9384025300000003,1e-06,0.0,0.0,1.0,0.0,0.0005,exchangeInfo.quotePrecision/baseSizePrecision/quoteAmountPrecision,1,False,0.3596638655462185,0.3701680672268908,0.35,36.035714285714285
mexc,FREEDOMOFMONEYUSDT,FREEDOMOFMONEY-USDT,FREEDOMOFMONEY,USDT,True,1,True,0.012775,63047.451915,5210495.39,0.012517,105.19,0.012826,289.87,243.85431874679418,1.31666323,1e-06,0.0,0.0,1.0,0.0,0.0005,exchangeInfo.quotePrecision/baseSizePrecision/quoteAmountPrecision,1,False,0.5903361344537815,0.036974789915966366,0.1319327731092437,36.03151260504202
mexc,MTPUSDT,MTP-USDT,MTP,USDT,True,1,True,0.000223,59221.9806577,261448174.92,0.0002225,8601.33,0.0002254,6873.82,129.49319044429632,1.549359028,1e-07,0.0,0.0,1.0,0.0,0.0005,exchangeInfo.quotePrecision/baseSizePrecision/quoteAmountPrecision,1,False,0.5407563025210084,0.09285714285714286,0.19789915966386554,36.02100840336135
mexc,SAFEUSDT,SAFE-USDT,SAFE,USDT,True,1,True,0.1127,14069.1744,125570.08,0.1126,153.09,0.1129,4982.98,26.607538802660287,17.237934000000003,0.0001,0.0001,0.0001,1.0,0.0,0.0005,exchangeInfo.quotePrecision/baseSizePrecision/quoteAmountPrecision,1,False,0.1357142857142857,0.65,0.6151260504201681,36.016806722689076
mexc,FLMUSDT,FLM-USDT,FLM,USDT,True,1,True,0.002852,55125.414722,19664244.26,0.002842,1048.35,0.002855,1013.88,45.63805511672807,2.8946274,1e-06,0.0001,0.0001,1.0,0.0,0.0005,exchangeInfo.quotePrecision/baseSizePrecision/quoteAmountPrecision,1,False,0.36554621848739494,0.4012605042016807,0.29369747899159665,36.010504201680675
mexc,SAMOUSDT,SAMO-USDT,SAMO,USDT,True,1,True,0.0004299,52120.6340612,124198479.96,0.0004295,17964.62,0.0004306,7168.86,25.5784211138246,3.086911116,1e-07,0.0001,0.0001,1.0,0.0,0.0005,exchangeInfo.quotePrecision/baseSizePrecision/quoteAmountPrecision,1,False,0.24411764705882352,0.6600840336134454,0.303781512605042,36.00420168067227
mexc,ZKUSDC,ZK-USDC,ZK,USDC,True,1,True,0.01545,56561.0569,3455720.98,0.01535,78.18,0.01542,2251.9,45.498862528436064,1.200063,1e-05,0.0,0.0,1.0,0.0,0.0,exchangeInfo.quotePrecision/baseSizePrecision/quoteAmountPrecision,1,False,0.4466386554621849,0.40294117647058825,0.0680672268907563,36.0
mexc,IRCUSDT,IRC-USDT,IRC,USDT,True,1,True,0.0011297,58791.9428411,45750683.88,0.0011,18181.81,0.0011137,1588.0,123.77467588200709,1.7685556,1e-07,0.0,0.0,1.0,0.0,0.0005,exchangeInfo.quotePrecision/baseSizePrecision/quoteAmountPrecision,1,False,0.5302521008403361,0.10126050420168065,0.21428571428571427,35.9810924369748
mexc,ETHUSDE,ETH-USDE,ETH,USDE,True,1,True,2050.89,54369.18,26.45027,2051.03,0.0432,2057.41,0.0007,31.058017154928166,1.4401869999999999,0.01,0.0,0.0,1.0,0.0,0.0,exchangeInfo.quotePrecision/baseSizePrecision/quoteAmountPrecision,1,False,0.3163865546218487,0.5949579831932773,0.18361344537815127,35.94747899159664
mexc,GSTUSDT,GST-USDT,GST,USDT,True,1,True,0.001642,57505.873794,33961297.35,0.001634,3059.97,0.001656,2043.19,133.7386018237075,3.38352264,1e-06,0.1,0.1,1.0,0.0,0.0005,exchangeInfo.quotePrecision/baseSizePrecision/quoteAmountPrecision,1,False,0.49369747899159666,0.08781512605042019,0.32521008403361346,35.8529411764706
mexc,WHITEUSDT,WHITE-USDT,WHITE,USDT,True,1,True,7.611e-05,55807.1756934,728692553.95,7.571e-05,132082.94,7.66e-05,310800.31,116.86691615783599,9.9999993874,1e-08,0.0,0.0,1.0,0.0,0.0005,exchangeInfo.quotePrecision/baseSizePrecision/quoteAmountPrecision,1,False,0.4084033613445378,0.1113445378151261,0.526890756302521,35.78361344537815
mexc,LIKEUSDT,LIKE-USDT,LIKE,USDT,True,1,True,0.001092,52892.104977,48990282.96,0.001091,3137.93,0.001094,2376.16,27.459954233409288,2.5995190399999997,1e-06,0.0001,0.0001,1.0,0.0,0.0005,exchangeInfo.quotePrecision/baseSizePrecision/quoteAmountPrecision,1,False,0.2571428571428571,0.6394957983193277,0.2785714285714286,35.70168067226891
mexc,BNCUSDT,BNC-USDT,BNC,USDT,True,1,True,0.02858,47421.42258,1657046.75,0.02858,554.87,0.0287,555.01,41.89944134078163,15.858184600000001,1e-05,0.0001,0.0001,1.0,0.0,0.0005,exchangeInfo.quotePrecision/baseSizePrecision/quoteAmountPrecision,1,False,0.22647058823529412,0.4491596638655462,0.6008403361344538,35.70168067226891
mexc,SPONUSDT,SPON-USDT,SPON,USDT,True,1,True,0.002029,53706.878684,26535196.73,0.002027,1421.43,0.00203,321.17,14.789253142716118,0.6519751,1e-06,0.0,0.0,1.0,0.0,0.0005,exchangeInfo.quotePrecision/baseSizePrecision/quoteAmountPrecision,1,False,0.28445378151260503,0.7785714285714286,0.029411764705882353,35.69747899159664
mexc,GALAUSDC,GALA-USDC,GALA,USDC,True,1,True,0.002897,54699.217639,18785708.62,0.00289,478.43,0.0029,27842.48,34.54231433505904,1.3826627,1e-06,0.0,0.0,1.0,0.0,0.0,exchangeInfo.quotePrecision/baseSizePrecision/quoteAmountPrecision,1,False,0.33613445378151263,0.5546218487394958,0.16638655462184873,35.68067226890757
mexc,DOLOUSDC,DOLO-USDC,DOLO,USDC,True,1,True,0.03314,54104.99398,1574185.39,0.0331,1067.46,0.03323,106.11,39.19794964571238,3.5260353,1e-05,0.0,0.0,1.0,0.0,0.0,exchangeInfo.quotePrecision/baseSizePrecision/quoteAmountPrecision,1,False,0.3042016806722689,0.48949579831932777,0.3352941176470588,35.67436974789916
mexc,BSWUSDT,BSW-USDT,BSW,USDT,True,1,True,0.001566,56276.322682,35678844.96,0.001559,12116.83,0.001569,1650.84,63.93861892583136,2.59016796,1e-06,0.0001,0.0001,1.0,0.0,0.0005,exchangeInfo.quotePrecision/baseSizePrecision/quoteAmountPrecision,1,False,0.4336134453781513,0.24915966386554622,0.2777310924369748,35.63235294117647
mexc,SUPERFORMUSDT,SUPERFORM-USDT,SUPERFORM,USDT,True,1,True,0.0571,56223.58821,993797.93,0.05662,154.81,0.05751,596.25,155.96249890475806,8.7653422,1e-05,0.0,0.0,1.0,0.0,0.0005,exchangeInfo.quotePrecision/baseSizePrecision/quoteAmountPrecision,1,False,0.4319327731092437,0.0672268907563025,0.5067226890756302,35.57142857142857
mexc,SNEKUSDT,SNEK-USDT,SNEK,USDT,True,1,True,0.0004341,55235.7762006,126124369.26,0.0004329,7670.39,0.0004351,7868.02,50.69124423963132,3.320511831,1e-07,0.0,0.0,1.0,0.0,0.0005,exchangeInfo.quotePrecision/baseSizePrecision/quoteAmountPrecision,1,False,0.373109243697479,0.3453781512605042,0.3205882352941177,35.5672268907563
mexc,BITBOARDUSDT,BITBOARD-USDT,BITBOARD,USDT,True,1,True,0.0004853,52770.8963296,105600104.48,0.0004842,2807.31,0.0004851,52356.42,18.57010213556108,1.359299502,1e-07,0.0,0.0,1.0,0.0,0.0005,exchangeInfo.quotePrecision/baseSizePrecision/quoteAmountPrecision,1,False,0.25546218487394956,0.7361344537815127,0.15546218487394958,35.563025210084035
mexc,ANIUSDT,ANI-USDT,ANI,USDT,True,1,True,0.0005837,56861.5391436,97337066.45,0.0005817,13335.66,0.0005913,9360.24,163.68286445012816,5.534709912,1e-07,0.0,0.0,1.0,0.0,0.0005,exchangeInfo.quotePrecision/baseSizePrecision/quoteAmountPrecision,1,False,0.4651260504201681,0.06260504201680672,0.42058823529411765,35.55882352941177
mexc,AIPOUSDT,AIPO-USDT,AIPO,USDT,True,1,True,0.001057,53149.969439,50162011.74,0.001055,1267.32,0.001057,7513.01,18.939393939394396,1.3370225999999998,1e-06,0.0,0.0,1.0,0.0,0.0005,exchangeInfo.quotePrecision/baseSizePrecision/quoteAmountPrecision,1,False,0.26260504201680673,0.7306722689075631,0.14243697478991596,35.55882352941177
mexc,KLVUSDT,KLV-USDT,KLV,USDT,True,1,True,0.001081,54671.5244939,50515542.22,0.0010804,53306.59,0.0010868,8288.15,59.06238464377942,9.00756142,1e-07,0.0001,0.0001,1.0,0.0,0.0005,exchangeInfo.quotePrecision/baseSizePrecision/quoteAmountPrecision,1,False,0.33319327731092435,0.2777310924369748,0.5142857142857142,35.5546218487395
mexc,PNUTUSDC,PNUT-USDC,PNUT,USDC,True,1,True,0.0406,55035.70793,1363118.87,0.04054,270.23,0.0407,35.33,39.389463318562385,1.4379309999999998,1e-05,0.0,0.0,1.0,0.0,0.0,exchangeInfo.quotePrecision/baseSizePrecision/quoteAmountPrecision,1,False,0.35798319327731093,0.48697478991596643,0.18277310924369747,35.518907563025216
mexc,PUMPUSDC,PUMP-USDC,PUMP,USDC,True,1,True,0.00165,55856.904983,33740993.39,0.001646,762.13,0.001653,370023.36,42.437102152167704,1.25446598,1e-06,0.0,0.0,1.0,0.0,0.0,exchangeInfo.quotePrecision/baseSizePrecision/quoteAmountPrecision,1,False,0.41050420168067225,0.4399159663865546,0.09705882352941177,35.516806722689076
mexc,BBUSDC,BB-USDC,BB,USDC,True,1,True,0.02334,59007.55327,2548761.96,0.02326,53.12,0.02345,6747.47,81.3530293299076,1.2355711999999999,1e-05,0.0,0.0,1.0,0.0,0.0,exchangeInfo.quotePrecision/baseSizePrecision/quoteAmountPrecision,1,False,0.5357142857142857,0.16974789915966382,0.08823529411764706,35.47268907563026
mexc,GPUUSDT,GPU-USDT,GPU,USDT,True,1,True,0.02323,56043.83399,2409144.6,0.02318,307.85,0.02331,89.48,55.92600559260126,2.0857788000000004,1e-05,0.0,0.0,1.0,0.0,0.0005,exchangeInfo.quotePrecision/baseSizePrecision/quoteAmountPrecision,1,False,0.419327731092437,0.30042016806722693,0.24369747899159663,35.44747899159664
mexc,LINEAUSDC,LINEA-USDC,LINEA,USDC,True,1,True,0.00307,55067.505721,18239478.93,0.003063,453.89,0.003075,10665.4,39.100684261974116,1.39026507,1e-06,0.0,0.0,1.0,0.0,0.0,exchangeInfo.quotePrecision/baseSizePrecision/quoteAmountPrecision,1,False,0.3592436974789916,0.4915966386554622,0.1689075630252101,35.4264705882353
mexc,MTVUSDT,MTV-USDT,MTV,USDT,True,1,True,0.0001811,44750.6139407,247283116.02,0.0001808,119522.59,0.0001811,10106.0,16.57916551533613,1.8301966,1e-07,0.001,0.001,1.0,0.0,0.0005,exchangeInfo.quotePrecision/baseSizePrecision/quoteAmountPrecision,1,False,0.2184873949579832,0.7600840336134453,0.2184873949579832,35.38865546218488
mexc,MEMEFIUSDT,MEMEFI-USDT,MEMEFI,USDT,True,1,True,0.0001161,55088.0203731,447547527.37,0.0001155,203569.38,0.0001171,589451.23,137.5752364574375,23.51226339,1e-07,0.0,0.0,1.0,0.0,0.0005,exchangeInfo.quotePrecision/baseSizePrecision/quoteAmountPrecision,1,False,0.3621848739495798,0.08319327731092441,0.6693277310924369,35.386554621848745
mexc,WCOUSDT,WCO-USDT,WCO,USDT,True,1,True,0.0001866,43927.5871463,234423516.54,0.0001865,6502.87,0.0001866,328.62,5.360493165371344,0.061320492000000004,1e-07,0.0,0.0,1.0,0.0,0.0005,exchangeInfo.quotePrecision/baseSizePrecision/quoteAmountPrecision,1,False,0.21638655462184875,0.923109243697479,0.020168067226890758,35.38235294117648
mexc,GFIUSDT,GFI-USDT,GFI,USDT,True,1,True,0.1198,53209.9858,450543.46,0.1195,28.78,0.1199,29.48,33.416875522139634,3.43921,0.0001,0.1,0.1,1.0,0.0,0.0005,exchangeInfo.quotePrecision/baseSizePrecision/quoteAmountPrecision,1,False,0.2638655462184874,0.5701680672268907,0.3302521008403361,35.371848739495796
mexc,POLYXUSDT,POLYX-USDT,POLYX,USDT,True,1,True,0.0453,6231.4781,137308.57,0.045,12118.5,0.0452,12042.53,44.34589800443432,544.322356,0.0001,0.0,0.0,1.0,0.0,0.0005,exchangeInfo.quotePrecision/baseSizePrecision/quoteAmountPrecision,1,False,0.10084033613445378,0.4191176470588235,0.9672268907563025,35.36869747899159
mexc,GHXUSDT,GHX-USDT,GHX,USDT,True,1,True,0.007509,53412.068788,7092971.48,0.007499,362.25,0.007523,658.48,31.953135401412037,2.7165127499999997,1e-06,0.0,0.0,1.0,0.0,0.0005,exchangeInfo.quotePrecision/baseSizePrecision/quoteAmountPrecision,1,False,0.2718487394957983,0.5869747899159664,0.2857142857142857,35.340336134453786
mexc,CLOUDUSDT,CLOUD-USDT,CLOUD,USDT,True,1,True,0.02997,54368.63936,1754886.77,0.02984,581.63,0.03003,462.79,63.47085351595212,13.897583700000002,1e-05,0.0,0.0,1.0,0.0,0.0005,exchangeInfo.quotePrecision/baseSizePrecision/quoteAmountPrecision,1,False,0.31596638655462184,0.25168067226890756,0.5827731092436975,35.325630252100844
mexc,EGLDUSDC,EGLD-USDC,EGLD,USDC,True,1,True,3.756,54344.987,14389.52,3.745,1.07,3.761,20.78,42.632560618172164,4.00715,0.001,0.0,0.0,1.0,0.0,0.0,exchangeInfo.quotePrecision/baseSizePrecision/quoteAmountPrecision,1,False,0.3142857142857143,0.43781512605042017,0.35378151260504204,35.306722689075634
mexc,MLXCUSDT,MLXC-USDT,MLXC,USDT,True,1,True,7.33e-07,57952.412128446,79007719076.52,7.3e-07,1856657.33,7.36e-07,38784868.75,81.85538881309724,1.3553598509,1e-09,0.0,0.0,1.0,0.0,0.0005,exchangeInfo.quotePrecision/baseSizePrecision/quoteAmountPrecision,1,False,0.5105042016806722,0.16722689075630248,0.15210084033613444,35.30042016806723
mexc,SNXUSDC,SNX-USDC,SNX,USDC,True,1,True,0.2792,56126.7227,201210.92,0.2782,5.18,0.2796,4.88,50.19720329867379,1.364448,0.0001,0.0,0.0,1.0,0.0,0.0,exchangeInfo.quotePrecision/baseSizePrecision/quoteAmountPrecision,1,False,0.4256302521008403,0.3483193277310924,0.15756302521008403,35.26890756302521
mexc,TOWERUSDT,TOWER-USDT,TOWER,USDT,True,1,True,0.0002468,47244.3320543,191404821.88,0.0002467,1206999.38,0.000247,5339.87,12.153129430828736,1.31894789,1e-07,0.0,0.0,1.0,0.0,0.0005,exchangeInfo.quotePrecision/baseSizePrecision/quoteAmountPrecision,1,False,0.22478991596638656,0.8088235294117647,0.13403361344537815,35.26470588235294
mexc,CRMONUSDT,CRMON-USDT,CRMON,USDT,True,1,True,187.47,56118.13,300.786,185.83,0.029,187.49,0.535,88.93174756241275,5.38907,0.01,0.0,0.0,1.0,0.0,0.0005,exchangeInfo.quotePrecision/baseSizePrecision/quoteAmountPrecision,1,False,0.42436974789915966,0.15168067226890758,0.40630252100840336,35.25840336134454
mexc,TROLLUSDT,TROLL-USDT,TROLL,USDT,True,1,True,1.303e-09,56088.35522690488,42963334843035.0,1.293e-09,51243651407.0,1.321e-09,7987697795.0,214.23106350420895,10.551748787195,1e-12,0.0,0.0,1.0,0.0,0.0005,exchangeInfo.quotePrecision/baseSizePrecision/quoteAmountPrecision,1,False,0.4235294117647059,0.04621848739495793,0.5399159663865546,35.247899159663866
mexc,AVLUSDT,AVL-USDT,AVL,USDT,True,1,True,0.03366,55630.60231,1620369.97,0.03347,333.0,0.03374,187.96,80.34518672816529,6.3417704,1e-05,0.0,0.0,1.0,0.0,0.0005,exchangeInfo.quotePrecision/baseSizePrecision/quoteAmountPrecision,1,False,0.39957983193277313,0.1743697478991597,0.44537815126050423,35.243697478991606
mexc,PSYOPANIMEUSDT,PSYOPANIME-USDT,PSYOPANIME,USDT,True,1,True,0.003114,55033.127343,17506332.91,0.003106,12727.08,0.003126,2261.24,64.1848523748397,7.068636239999999,1e-06,0.0,0.0,1.0,0.0,0.0005,exchangeInfo.quotePrecision/baseSizePrecision/quoteAmountPrecision,1,False,0.35714285714285715,0.24789915966386555,0.4684873949579832,35.21008403361345
mexc,ENSUSDC,ENS-USDC,ENS,USDC,True,1,True,5.51,52111.759,9342.34,5.506,0.24,5.515,0.24,16.33245621994275,1.32144,0.001,0.0001,0.0001,1.0,0.0,0.0,exchangeInfo.quotePrecision/baseSizePrecision/quoteAmountPrecision,1,False,0.24327731092436974,0.7638655462184873,0.13655462184873948,35.207983193277315
mexc,PACKUSDT,PACK-USDT,PACK,USDT,True,1,True,0.00819,7198.13716,876915.92,0.00816,9203.57,0.00819,8110.99,36.69724770642053,66.42900809999999,1e-05,0.0,0.0,1.0,0.0,0.0005,exchangeInfo.quotePrecision/baseSizePrecision/quoteAmountPrecision,1,False,0.10588235294117647,0.5298319327731092,0.8067226890756303,35.20378151260505
mexc,URAONUSDT,URAON-USDT,URAON,USDT,True,1,True,48.33,54774.7,1130.57,48.3,0.2,48.62,0.84,66.03384234420147,9.66,0.01,0.0,0.0,1.0,0.0,0.0005,exchangeInfo.quotePrecision/baseSizePrecision/quoteAmountPrecision,1,False,0.3411764705882353,0.238655462184874,0.5226890756302521,35.18487394957984
mexc,UPCUSDT,UPC-USDT,UPC,USDT,True,1,True,0.236,39150.8915,165567.42,0.236,785.0,0.237,79.49,42.283298097251624,18.839129999999997,0.0001,0.0,0.0,1.0,0.0,0.0005,exchangeInfo.quotePrecision/baseSizePrecision/quoteAmountPrecision,1,False,0.20840336134453782,0.4436974789915966,0.6298319327731092,35.15126050420169
mexc,IOTAUSDC,IOTA-USDC,IOTA,USDC,True,1,True,0.06372,55433.69971,892036.13,0.06354,20.01,0.06379,19.35,39.26804366606459,1.2343365000000002,1e-05,0.0,0.0,1.0,0.0,0.0,exchangeInfo.quotePrecision/baseSizePrecision/quoteAmountPrecision,1,False,0.38487394957983195,0.488655462184874,0.08697478991596638,35.123949579831944
mexc,IRENONUSDT,IRENON-USDT,IRENON,USDT,True,1,True,34.59,55449.24,1603.84,34.46,0.15,34.69,0.15,66.52205350686822,5.169,0.01,0.0,0.0,1.0,0.0,0.0005,exchangeInfo.quotePrecision/baseSizePrecision/quoteAmountPrecision,1,False,0.3873949579831933,0.23529411764705888,0.3957983193277311,35.10504201680673
mexc,DOGSUSDC,DOGS-USDC,DOGS,USDC,True,1,True,2.726e-05,55500.41146664,2038629080.0,2.716e-05,470735.0,2.729e-05,59968.0,47.750229568411555,1.63652672,1e-08,0.0,0.0,1.0,0.0,0.0,exchangeInfo.quotePrecision/baseSizePrecision/quoteAmountPrecision,1,False,0.3903361344537815,0.3802521008403361,0.20630252100840335,35.10084033613445
mexc,REEFUSDT,REEF-USDT,REEF,USDT,True,1,True,6.838e-05,52774.77964925,770854290.65,6.824e-05,406044.1,6.864e-05,421343.51,58.4453535943887,27.708449383999998,1e-08,0.001,0.001,1.0,0.0,0.0005,exchangeInfo.quotePrecision/baseSizePrecision/quoteAmountPrecision,1,False,0.25588235294117645,0.2823529411764706,0.6936974789915966,35.0063025210084
mexc,VADERUSDT,VADER-USDT,VADER,USDT,True,1,True,0.001055,54627.901989,50562373.81,0.001051,4132.84,0.001056,4158.35,47.46084480303762,4.343614840000001,1e-06,0.0,0.0,1.0,0.0,0.0005,exchangeInfo.quotePrecision/baseSizePrecision/quoteAmountPrecision,1,False,0.32983193277310924,0.38361344537815123,0.3634453781512605,35.0
mexc,RICEUSDT,RICE-USDT,RICE,USDT,True,1,True,0.002965,54919.716824,18879741.94,0.002951,30803.77,0.002973,3643.31,74.27413909520554,10.83156063,1e-06,0.0,0.0,1.0,0.0,0.0005,exchangeInfo.quotePrecision/baseSizePrecision/quoteAmountPrecision,1,False,0.3487394957983193,0.19537815126050417,0.5462184873949579,34.989495798319325
mexc,ZBTUSDC,ZBT-USDC,ZBT,USDC,True,1,True,0.09714,55726.96384,561272.85,0.09664,8724.29,0.09705,12.5,42.33569105271244,1.213125,1e-05,0.0,0.0,1.0,0.0,0.0,exchangeInfo.quotePrecision/baseSizePrecision/quoteAmountPrecision,1,False,0.40630252100840336,0.44243697478991595,0.07815126050420168,34.97058823529412
mexc,BANKUSDC,BANK-USDC,BANK,USDC,True,1,True,0.02899,53491.01414,1846357.66,0.02886,1259.2,0.02907,40625.02,72.50129466597562,36.340512000000004,1e-05,0.0,0.0,1.0,0.0,0.0,exchangeInfo.quotePrecision/baseSizePrecision/quoteAmountPrecision,1,False,0.2743697478991597,0.20546218487394963,0.7365546218487395,34.957983193277315
mexc,COTIUSDC,COTI-USDC,COTI,USDC,True,1,True,0.01378,53462.31012,3988991.07,0.01371,2000.0,0.0138,2000.0,65.43075245365307,27.42,1e-05,0.0,0.0,1.0,0.0,0.0,exchangeInfo.quotePrecision/baseSizePrecision/quoteAmountPrecision,1,False,0.27310924369747897,0.2420168067226891,0.6932773109243697,34.936974789915965
mexc,HASHAIUSDT,HASHAI-USDT,HASHAI,USDT,True,1,True,2.842e-05,57172.24600835,1998309154.48,2.827e-05,193168.93,2.85e-05,62166.79,81.02871234807218,1.7717535150000001,1e-08,0.0,0.0,1.0,0.0,0.0005,exchangeInfo.quotePrecision/baseSizePrecision/quoteAmountPrecision,1,False,0.4789915966386555,0.17100840336134449,0.21470588235294116,34.91386554621849
mexc,BOTTOUSDT,BOTTO-USDT,BOTTO,USDT,True,1,True,0.0608,56592.46169,940688.52,0.06002,299.82,0.0609,90.31,145.55077737347102,5.499879,1e-05,0.0,0.0,1.0,0.0,0.0005,exchangeInfo.quotePrecision/baseSizePrecision/quoteAmountPrecision,1,False,0.44915966386554623,0.0752100840336134,0.41638655462184876,34.911764705882355
mexc,ALKIMIUSDT,ALKIMI-USDT,ALKIMI,USDT,True,1,True,0.00615,11219.58474,1759864.53,0.00615,58788.51,0.00616,978.08,16.246953696181304,6.0249728,1e-05,0.0,0.0,1.0,0.0,0.0005,exchangeInfo.quotePrecision/baseSizePrecision/quoteAmountPrecision,1,False,0.12773109243697478,0.7647058823529411,0.4365546218487395,34.87394957983193
mexc,PVTUSDT,PVT-USDT,PVT,USDT,True,1,True,0.0004622,53505.8484282,116894787.63,0.0004608,22515.18,0.0004631,22900.06,49.78893819677459,10.374994943999999,1e-07,0.0,0.0,1.0,0.0,0.0005,exchangeInfo.quotePrecision/baseSizePrecision/quoteAmountPrecision,1,False,0.27605042016806725,0.3571428571428571,0.5352941176470588,34.8172268907563
mexc,MASKSOLUSDT,MASKSOL-USDT,MASKSOL,USDT,True,1,True,0.001246,55138.881325,45154790.54,0.001243,4424.77,0.001251,5046.55,64.1539695268643,5.4999891100000005,1e-06,0.0,0.0,1.0,0.0,0.0005,exchangeInfo.quotePrecision/baseSizePrecision/quoteAmountPrecision,1,False,0.3680672268907563,0.24831932773109244,0.4180672268907563,34.813025210084035
mexc,HYPERUSDC,HYPER-USDC,HYPER,USDC,True,1,True,0.08526,55070.5807,652556.27,0.08521,15.79,0.08555,2204.54,39.82197235886706,1.3454658999999998,1e-05,0.0,0.0,1.0,0.0,0.0,exchangeInfo.quotePrecision/baseSizePrecision/quoteAmountPrecision,1,False,0.3600840336134454,0.48151260504201676,0.14789915966386555,34.80042016806723
mexc,MAMOUSDT,MAMO-USDT,MAMO,USDT,True,1,True,0.01264,55500.67389,4347915.97,0.01256,938.52,0.01273,1749.79,134.44049031237645,11.7878112,1e-05,0.0,0.0,1.0,0.0,0.0005,exchangeInfo.quotePrecision/baseSizePrecision/quoteAmountPrecision,1,False,0.3907563025210084,0.08655462184873952,0.5571428571428572,34.7983193277311
mexc,CVNAONUSDT,CVNAON-USDT,CVNAON,USDT,True,1,True,314.66,55658.75,176.902,313.61,0.017,316.0,0.351,75.9200139769059,5.331370000000001,0.01,0.0,0.0,1.0,0.0,0.0005,exchangeInfo.quotePrecision/baseSizePrecision/quoteAmountPrecision,1,False,0.4,0.18907563025210083,0.40336134453781514,34.794117647058826
mexc,GFALUSDT,GFAL-USDT,GFAL,USDT,True,1,True,0.001011,56631.192353,55514827.54,0.001003,223460.87,0.001017,4980.07,138.61386138613767,5.064731189999999,1e-06,0.0,0.0,1.0,0.0,0.0005,exchangeInfo.quotePrecision/baseSizePrecision/quoteAmountPrecision,1,False,0.45252100840336135,0.08235294117647063,0.3907563025210084,34.76260504201681
mexc,PRCLUSDT,PRCL-USDT,PRCL,USDT,True,1,True,0.01414,8025.99342,562103.5,0.0141,1416.43,0.01414,1416.43,28.328611898017073,19.971663,1e-05,0.0,0.0,1.0,0.0,0.0005,exchangeInfo.quotePrecision/baseSizePrecision/quoteAmountPrecision,1,False,0.11176470588235295,0.6302521008403361,0.6399159663865546,34.70168067226891
mexc,FHEUSDC,FHE-USDC,FHE,USDC,True,1,True,0.01799,52757.7743,2878418.75,0.01794,1861.59,0.01804,1190.71,55.58643690939377,21.4804084,1e-05,0.0,0.0,1.0,0.0,0.0,exchangeInfo.quotePrecision/baseSizePrecision/quoteAmountPrecision,1,False,0.2542016806722689,0.3050420168067227,0.6546218487394958,34.69957983193277
mexc,PHAUSDC,PHA-USDC,PHA,USDC,True,1,True,0.03862,54052.44684,1416826.67,0.0386,413.75,0.03885,11019.16,64.55777921239515,15.97075,1e-05,0.0,0.0,1.0,0.0,0.0,exchangeInfo.quotePrecision/baseSizePrecision/quoteAmountPrecision,1,False,0.3,0.2457983193277311,0.6021008403361344,34.68697478991597
mexc,XRUSDT,XR-USDT,XR,USDT,True,1,True,0.005036,35099.317296,6946178.39,0.005025,3461.0,0.005046,3446.85,41.703902293715,17.391525,1e-06,0.0,0.0,1.0,0.0,0.0005,exchangeInfo.quotePrecision/baseSizePrecision/quoteAmountPrecision,1,False,0.20126050420168068,0.4512605042016806,0.6168067226890757,34.68697478991597
mexc,BUTTHOLEUSDT,BUTTHOLE-USDT,BUTTHOLE,USDT,True,1,True,0.0004546,56199.8005555,122729553.06,0.0004539,343697.08,0.0004583,10778.18,96.47007235255543,4.939639894000001,1e-07,0.0,0.0,1.0,0.0,0.0005,exchangeInfo.quotePrecision/baseSizePrecision/quoteAmountPrecision,1,False,0.4294117647058823,0.1390756302521008,0.37941176470588234,34.6827731092437
mexc,XYZUSDT,XYZ-USDT,XYZ,USDT,True,1,True,8.92e-05,20423.59624512,228483005.22,8.916e-05,40246.76,8.93e-05,8179880.46,15.689790429228827,3.5884011216,1e-08,0.0,0.0,1.0,0.0,0.0005,exchangeInfo.quotePrecision/baseSizePrecision/quoteAmountPrecision,1,False,0.15714285714285714,0.7701680672268908,0.33907563025210086,34.67857142857143
mexc,RVNUSDC,RVN-USDC,RVN,USDC,True,1,True,0.00568,51877.629124,9111904.68,0.00567,25938.84,0.005696,2209.49,45.75048389934891,12.585255039999998,1e-06,0.0,0.0,1.0,0.0,0.0,exchangeInfo.quotePrecision/baseSizePrecision/quoteAmountPrecision,1,False,0.2411764705882353,0.4008403361344538,0.5689075630252101,34.66386554621849
mexc,GOCHUUSDT,GOCHU-USDT,GOCHU,USDT,True,1,True,1.986e-07,46715.8314773626,238361053808.0,1.984e-07,15936608.0,1.989e-07,14102715.0,25.169896803422333,2.8050300134999997,1e-10,0.0,0.0,1.0,0.0,0.0005,exchangeInfo.quotePrecision/baseSizePrecision/quoteAmountPrecision,1,False,0.223109243697479,0.6651260504201681,0.28823529411764703,34.66386554621849
mexc,ACSUSDT,ACS-USDT,ACS,USDT,True,1,True,0.0001718,53336.2396609,311274246.71,0.0001714,18338.8,0.000172,17977.61,34.94467093768286,3.09214892,1e-07,0.001,0.001,1.0,0.0,0.0005,exchangeInfo.quotePrecision/baseSizePrecision/quoteAmountPrecision,1,False,0.26974789915966385,0.5487394957983194,0.3042016806722689,34.63865546218487
mexc,SBTCUSDT,SBTC-USDT,SBTC,USDT,True,1,True,66920.11,21154.87,0.317643,66902.83,0.037238,66940.4,2e-05,5.6140306835082265,1.338808,0.01,0.0,0.0,1.0,0.0,0.0005,exchangeInfo.quotePrecision/baseSizePrecision/quoteAmountPrecision,1,False,0.15966386554621848,0.9193277310924369,0.14369747899159663,34.63865546218487
mexc,FNTIOUSDT,FNTIO-USDT,FNTIO,USDT,True,1,True,0.0007591,51120.9688404,67360703.38,0.0007559,60725.83,0.0007607,172338.17,63.29948569167887,45.902654897,1e-07,0.0,0.0,1.0,0.0,0.0005,exchangeInfo.quotePrecision/baseSizePrecision/quoteAmountPrecision,1,False,0.23487394957983193,0.2529411764705882,0.7672268907563026,34.58613445378151
mexc,KEYCATUSDT,KEYCAT-USDT,KEYCAT,USDT,True,1,True,0.0005212,54054.7794959,107601117.54,0.00052,15105.44,0.0005226,12680.06,49.87531172069948,6.626599356,1e-07,0.0,0.0,1.0,0.0,0.0005,exchangeInfo.quotePrecision/baseSizePrecision/quoteAmountPrecision,1,False,0.30126050420168066,0.35546218487394954,0.45630252100840335,34.581932773109244
mexc,CYSUSDC,CYS-USDC,CYS,USDC,True,1,True,0.2557,54567.7602,219403.14,0.2546,371.17,0.2566,62.45,78.24726134585296,16.02467,0.0001,0.0,0.0,1.0,0.0,0.0,exchangeInfo.quotePrecision/baseSizePrecision/quoteAmountPrecision,1,False,0.3264705882352941,0.18151260504201683,0.6033613445378151,34.5609243697479
mexc,OMNOMUSDT,OMNOM-USDT,OMNOM,USDT,True,1,True,1.8953e-09,55121.79964574148,28892864622160.0,1.8948e-09,16173190111.0,1.9151e-09,6490174384.0,106.56447675792027,12.429332962798401,1e-13,1000.0,1000.0,1.0,0.0,0.0005,exchangeInfo.quotePrecision/baseSizePrecision/quoteAmountPrecision,1,False,0.36512605042016805,0.12394957983193278,0.5668067226890756,34.516806722689076
mexc,ENFUSDT,ENF-USDT,ENF,USDT,True,1,True,0.01004,22367.69999,2342253.22,0.01003,498.5,0.01004,199.2,9.965122072744986,1.999968,1e-05,0.0,0.0,1.0,0.0,0.0005,exchangeInfo.quotePrecision/baseSizePrecision/quoteAmountPrecision,1,False,0.16218487394957984,0.8378151260504202,0.23109243697478993,34.48739495798319
mexc,SURGEUSDT,SURGE-USDT,SURGE,USDT,True,1,True,0.01744,57083.08837,4314187.25,0.01734,222.63,0.01768,426.73,194.17475728155338,3.8604042,1e-05,0.0,0.0,1.0,0.0,0.0005,exchangeInfo.quotePrecision/baseSizePrecision/quoteAmountPrecision,1,False,0.4764705882352941,0.05252100840336138,0.34747899159663864,34.46848739495799
mexc,BAYUSDT,BAY-USDT,BAY,USDT,True,1,True,0.02964,57447.601,1906790.44,0.0294,385.6,0.02965,47.37,84.6740050804404,1.4045204999999998,1e-05,0.0,0.0,1.0,0.0,0.0005,exchangeInfo.quotePrecision/baseSizePrecision/quoteAmountPrecision,1,False,0.49117647058823527,0.15714285714285714,0.17605042016806724,34.464285714285715
mexc,NEROUSDT,NERO-USDT,NERO,USDT,True,1,True,0.003506,14805.201708,4223384.22,0.003501,72349.07,0.003509,2193.62,22.824536376604165,7.69741258,1e-06,0.0,0.0,1.0,0.0,0.0005,exchangeInfo.quotePrecision/baseSizePrecision/quoteAmountPrecision,1,False,0.13865546218487396,0.6865546218487395,0.4810924369747899,34.411764705882355
mexc,TAGUSDT,TAG-USDT,TAG,USDT,True,1,True,0.0007827,59845.4380759,79080756.32,0.0007802,1538.07,0.0007891,1520.72,113.42636844453008,1.200000152,1e-07,0.0,0.0,1.0,0.0,0.0005,exchangeInfo.quotePrecision/baseSizePrecision/quoteAmountPrecision,1,False,0.5504201680672269,0.11554621848739499,0.06218487394957983,34.405462184873954
mexc,MEZOUSDC,MEZO-USDC,MEZO,USDC,True,1,True,0.05278,57322.82065,1066821.36,0.05276,23.58,0.05311,276.38,66.11882497402402,1.2440807999999999,1e-05,0.0,0.0,1.0,0.0,0.0,exchangeInfo.quotePrecision/baseSizePrecision/quoteAmountPrecision,1,False,0.48403361344537815,0.2382352941176471,0.0907563025210084,34.392857142857146
mexc,LANDSHAREUSDT,LANDSHARE-USDT,LANDSHARE,USDT,True,1,True,0.1782,8785.2401,49302.81,0.1782,281.64,0.1786,56.0,22.421524663677772,10.0016,0.0001,0.0,0.0,1.0,0.0,0.0005,exchangeInfo.quotePrecision/baseSizePrecision/quoteAmountPrecision,1,False,0.11722689075630252,0.6911764705882353,0.5285714285714286,34.29831932773109
mexc,TRADEUSDT,TRADE-USDT,TRADE,USDT,True,1,True,0.03442,55694.2495,1632877.44,0.03432,92.23,0.03455,95.71,66.79250762305622,3.1653336000000003,1e-05,0.01,0.01,1.0,0.0,0.0005,exchangeInfo.quotePrecision/baseSizePrecision/quoteAmountPrecision,1,False,0.4042016806722689,0.2336134453781512,0.3092436974789916,34.2563025210084
mexc,TESTICLEUSDT,TESTICLE-USDT,TESTICLE,USDT,True,1,True,0.007328,54434.703784,7136207.48,0.007314,3691.55,0.007399,4322.08,115.54407666689323,26.9999967,1e-06,0.0,0.0,1.0,0.0,0.0005,exchangeInfo.quotePrecision/baseSizePrecision/quoteAmountPrecision,1,False,0.31932773109243695,0.11302521008403366,0.6894957983193277,34.17857142857143
mexc,EPICUSDC,EPIC-USDC,EPIC,USDC,True,1,True,0.2603,55707.9797,212810.45,0.2598,5.16,0.2611,5.29,49.9136110577855,1.340568,0.0001,0.0,0.0,1.0,0.0,0.0,exchangeInfo.quotePrecision/baseSizePrecision/quoteAmountPrecision,1,False,0.4054621848739496,0.353781512605042,0.14495798319327732,34.044117647058826
mexc,DINGOUSDT,DINGO-USDT,DINGO,USDT,True,1,True,9.17e-06,7682.33974795,839104337.78,9.17e-06,1911842.15,9.18e-06,495000.0,10.899182561307798,4.5441,1e-08,0.0,0.0,1.0,0.0,0.0005,exchangeInfo.quotePrecision/baseSizePrecision/quoteAmountPrecision,1,False,0.10882352941176471,0.8264705882352941,0.369327731092437,34.03361344537815
mexc,AURORAUSDT,AURORA-USDT,AURORA,USDT,True,1,True,0.02577,55001.18272,2114585.458,0.02569,130.617,0.02582,112.057,50.4756357988733,2.89331174,1e-05,0.001,0.001,1.0,0.0,0.0005,exchangeInfo.quotePrecision/baseSizePrecision/quoteAmountPrecision,1,False,0.35378151260504204,0.34663865546218486,0.29327731092436976,33.98949579831933
mexc,HIMSONUSDT,HIMSON-USDT,HIMSON,USDT,True,1,True,18.91,53704.95,2835.55,18.88,0.23,18.96,0.29,42.28329809725256,4.3424,0.01,0.0,0.0,1.0,0.0,0.0005,exchangeInfo.quotePrecision/baseSizePrecision/quoteAmountPrecision,1,False,0.28403361344537814,0.4432773109243697,0.3630252100840336,33.964285714285715
mexc,CBKUSDT,CBK-USDT,CBK,USDT,True,1,True,0.2418,55455.9217,229605.64,0.2409,10.21,0.2423,86.43,57.94701986754904,2.4595890000000002,0.0001,0.0001,0.0001,1.0,0.0,0.0005,exchangeInfo.quotePrecision/baseSizePrecision/quoteAmountPrecision,1,False,0.38823529411764707,0.2861344537815126,0.2722689075630252,33.951680672268914
mexc,BOBMEMEUSDT,BOBMEME-USDT,BOBMEME,USDT,True,1,True,8.986e-07,58242.9543405575,63257191019.07,8.854e-07,1816606.52,9.007e-07,7527918.98,171.32299423324542,1.6084234128080002,1e-10,0.0,0.0,1.0,0.0,0.0005,exchangeInfo.quotePrecision/baseSizePrecision/quoteAmountPrecision,1,False,0.5155462184873949,0.0596638655462185,0.20504201680672268,33.94747899159663
mexc,XPASSUSDT,XPASS-USDT,XPASS,USDT,True,1,True,0.00603,24667.8338,4209214.08,0.00602,534.89,0.00603,449.26,16.597510373443306,2.7090378,1e-05,0.0,0.0,1.0,0.0,0.0005,exchangeInfo.quotePrecision/baseSizePrecision/quoteAmountPrecision,1,False,0.1676470588235294,0.759453781512605,0.2848739495798319,33.904411764705884
mexc,HUMAUSDC,HUMA-USDC,HUMA,USDC,True,1,True,0.01462,56592.64484,4057234.25,0.01463,15323.52,0.01471,81.58,54.53306066803013,1.2000418,1e-05,0.0,0.0,1.0,0.0,0.0,exchangeInfo.quotePrecision/baseSizePrecision/quoteAmountPrecision,1,False,0.4495798319327731,0.3134453781512605,0.06680672268907563,33.899159663865554
mexc,UFDUSDT,UFD-USDT,UFD,USDT,True,1,True,0.008454,56149.326639,6640372.42,0.008441,3125.79,0.008533,518.67,108.40108401084018,4.42581111,1e-06,0.0,0.0,1.0,0.0,0.0005,exchangeInfo.quotePrecision/baseSizePrecision/quoteAmountPrecision,1,False,0.426890756302521,0.12184873949579833,0.36722689075630255,33.86974789915966
mexc,RMVUSDT,RMV-USDT,RMV,USDT,True,1,True,0.00409,28748.64096,7224671.46,0.00409,3429.0,0.0041,920.0,24.420024420025545,3.7720000000000002,1e-05,0.0,0.0,1.0,0.0,0.0005,exchangeInfo.quotePrecision/baseSizePrecision/quoteAmountPrecision,1,False,0.18445378151260505,0.673109243697479,0.3445378151260504,33.863445378151255
mexc,SPACEUSDT,SPACE-USDT,SPACE,USDT,True,1,True,0.00573,11352.288953,1993632.44,0.005719,62854.65,0.005724,410.0,8.73896705409385,2.34684,1e-06,0.0,0.0,1.0,0.0,0.0005,exchangeInfo.quotePrecision/baseSizePrecision/quoteAmountPrecision,1,False,0.12857142857142856,0.8592436974789917,0.26512605042016807,33.85504201680673
mexc,CEEKUSDT,CEEK-USDT,CEEK,USDT,True,1,True,0.002761,57757.863199,20937667.56,0.00273,10850.87,0.002774,683.1,159.8837209302333,1.8949194,1e-06,0.0001,0.0001,1.0,0.0,0.0005,exchangeInfo.quotePrecision/baseSizePrecision/quoteAmountPrecision,1,False,0.5042016806722689,0.06596638655462184,0.223109243697479,33.84243697478992
mexc,MLUSDT,ML-USDT,ML,USDT,True,1,True,0.00664,23165.39017,3493104.37,0.00663,14028.85,0.00665,1132.02,30.120481927710923,7.527932999999999,1e-05,0.0,0.0,1.0,0.0,0.0005,exchangeInfo.quotePrecision/baseSizePrecision/quoteAmountPrecision,1,False,0.1634453781512605,0.6084033613445379,0.47689075630252103,33.7373949579832
mexc,ARXUSDT,ARX-USDT,ARX,USDT,True,1,True,0.01699,30046.01869,1809022.87,0.01697,28.71,0.01698,726.33,5.891016200294312,0.4872087,1e-05,0.0,0.0,1.0,0.0,0.0005,exchangeInfo.quotePrecision/baseSizePrecision/quoteAmountPrecision,1,False,0.18781512605042017,0.9130252100840336,0.02689075630252101,33.69327731092437
mexc,UNHONUSDT,UNHON-USDT,UNHON,USDT,True,1,True,282.0,54879.44,195.341,280.34,0.019,282.07,0.019,61.52095446382597,5.326459999999999,0.01,0.0,0.0,1.0,0.0,0.0005,exchangeInfo.quotePrecision/baseSizePrecision/quoteAmountPrecision,1,False,0.34705882352941175,0.26008403361344534,0.40294117647058825,33.64915966386555
mexc,EFFECTUSDT,EFFECT-USDT,EFFECT,USDT,True,1,True,0.00306,13589.464594,4381062.96,0.00306,4619.11,0.00307,22034.05,32.626427406199106,14.134476599999998,1e-06,0.0,0.0,1.0,0.0,0.0005,exchangeInfo.quotePrecision/baseSizePrecision/quoteAmountPrecision,1,False,0.13361344537815126,0.5802521008403361,0.5873949579831933,33.602941176470594
mexc,INXUSDC,INX-USDC,INX,USDC,True,1,True,0.01206,55027.3148,4564471.55,0.01202,3369.25,0.01208,180.35,49.7925311203328,2.1786280000000002,1e-05,0.0,0.0,1.0,0.0,0.0,exchangeInfo.quotePrecision/baseSizePrecision/quoteAmountPrecision,1,False,0.35672268907563026,0.3567226890756302,0.25252100840336134,33.588235294117645
mexc,UDSUSDT,UDS-USDT,UDS,USDT,True,1,True,1.6733,26264.1331,15496.42,1.6719,0.77,1.6732,16.06,7.772562853128928,1.287363,0.0001,0.0,0.0,1.0,0.0,0.0005,exchangeInfo.quotePrecision/baseSizePrecision/quoteAmountPrecision,1,False,0.173109243697479,0.8764705882352941,0.10756302521008404,33.58403361344537
mexc,COHRONUSDT,COHRON-USDT,COHRON,USDT,True,1,True,258.96,55127.89,213.642,257.27,0.021,259.14,1.191,72.42307468871651,5.40267,0.01,0.0,0.0,1.0,0.0,0.0005,exchangeInfo.quotePrecision/baseSizePrecision/quoteAmountPrecision,1,False,0.3668067226890756,0.20588235294117652,0.40714285714285714,33.464285714285715
mexc,ROUTEUSDT,ROUTE-USDT,ROUTE,USDT,True,1,True,0.000934,30921.007528,33182154.03,0.000933,5848.08,0.000936,7075.44,32.10272873194183,5.45625864,1e-06,0.1,0.1,1.0,0.0,0.0005,exchangeInfo.quotePrecision/baseSizePrecision/quoteAmountPrecision,1,False,0.19117647058823528,0.5857142857142856,0.41386554621848737,33.43487394957983
mexc,MIRRORUSDT,MIRROR-USDT,MIRROR,USDT,True,1,True,0.001184,45859.786152,38692770.81,0.001184,1689.19,0.001187,1780.38,25.3057781526779,2.00000096,1e-06,0.0,0.0,1.0,0.0,0.0005,exchangeInfo.quotePrecision/baseSizePrecision/quoteAmountPrecision,1,False,0.22100840336134453,0.6638655462184874,0.23361344537815126,33.42436974789916
mexc,TMOONUSDT,TMOON-USDT,TMOON,USDT,True,1,True,488.27,53428.72,109.071,488.26,0.026,491.15,0.212,59.01512134856672,12.694759999999999,0.01,0.0,0.0,1.0,0.0,0.0005,exchangeInfo.quotePrecision/baseSizePrecision/quoteAmountPrecision,1,False,0.2722689075630252,0.2781512605042017,0.5697478991596638,33.32352941176471
mexc,NWSUSDT,NWS-USDT,NWS,USDT,True,1,True,0.000339,3848.014152,11439913.52,0.000339,2583578.94,0.00034,64348.02,29.45508100147347,21.8783268,1e-06,0.0,0.0,1.0,0.0,0.0005,exchangeInfo.quotePrecision/baseSizePrecision/quoteAmountPrecision,1,False,0.08697478991596638,0.6147058823529412,0.657563025210084,33.30252100840336
mexc,VICSUSDT,VICS-USDT,VICS,USDT,True,1,True,0.02377,54211.33618,2280680.66,0.02373,54.43,0.02381,1492.37,33.65586874211199,1.2916239,1e-05,0.01,0.01,1.0,0.0,0.0005,exchangeInfo.quotePrecision/baseSizePrecision/quoteAmountPrecision,1,False,0.30840336134453783,0.5647058823529412,0.11092436974789915,33.29831932773109
mexc,PARTIUSDC,PARTI-USDC,PARTI,USDC,True,1,True,0.08524,55590.35589,657389.69,0.08492,1184.0,0.08533,15.09,48.164464023495746,1.2876297,1e-05,0.0,0.0,1.0,0.0,0.0,exchangeInfo.quotePrecision/baseSizePrecision/quoteAmountPrecision,1,False,0.3957983193277311,0.3739495798319328,0.10798319327731093,33.27731092436974
mexc,SVNUSDT,SVN-USDT,SVN,USDT,True,1,True,4.188e-05,22315.78638585,537463344.44,4.188e-05,298471.82,4.202e-05,204970.34,33.37306317044149,8.6128536868,1e-08,0.0,0.0,1.0,0.0,0.0005,exchangeInfo.quotePrecision/baseSizePrecision/quoteAmountPrecision,1,False,0.16176470588235295,0.5710084033613445,0.5025210084033613,33.22268907563025
mexc,NMTUSDT,NMT-USDT,NMT,USDT,True,1,True,0.084,50010.259,588393.3,0.084,1562.15,0.085,2108.4,118.34319526627229,131.22060000000002,0.001,0.0,0.0,1.0,0.0,0.0005,exchangeInfo.quotePrecision/baseSizePrecision/quoteAmountPrecision,1,False,0.23151260504201682,0.10882352941176465,0.8869747899159663,33.193277310924366
mexc,VSTONUSDT,VSTON-USDT,VSTON,USDT,True,1,True,152.0,54867.79,361.893,151.1,0.036,152.11,1.951,66.62049404703139,5.4395999999999995,0.01,0.0,0.0,1.0,0.0,0.0005,exchangeInfo.quotePrecision/baseSizePrecision/quoteAmountPrecision,1,False,0.346218487394958,0.2344537815126051,0.4121848739495798,33.14705882352941
mexc,NLINKUSDT,NLINK-USDT,NLINK,USDT,True,1,True,3.4e-13,594.5198816495598,1828069227277583.0,3.4e-13,15831632015476.0,3.401e-13,9372699875978.0,2.9407440082331795,3.187655227820118,1e-16,0.0,0.0,1.0,0.0,0.0005,exchangeInfo.quotePrecision/baseSizePrecision/quoteAmountPrecision,1,False,0.05,0.9634453781512605,0.31134453781512605,33.063025210084035
mexc,NXPCUSDC,NXPC-USDC,NXPC,USDC,True,1,True,0.285,54053.0408,189770.0,0.2842,132.29,0.2855,11.71,45.63805511672698,3.3432049999999998,0.0001,0.0,0.0,1.0,0.0,0.0,exchangeInfo.quotePrecision/baseSizePrecision/quoteAmountPrecision,1,False,0.3004201680672269,0.401890756302521,0.32184873949579834,33.00735294117647
mexc,LETSBONKUSDT,LETSBONK-USDT,LETSBONK,USDT,True,1,True,0.005979,55543.380335,9226198.42,0.005937,1285.0,0.006023,1229.98,143.8127090301006,7.408169539999999,1e-06,0.0,0.0,1.0,0.0,0.0005,exchangeInfo.quotePrecision/baseSizePrecision/quoteAmountPrecision,1,False,0.39243697478991596,0.07647058823529407,0.47478991596638653,32.991596638655466
mexc,STARHEROESUSDT,STARHEROES-USDT,STARHEROES,USDT,True,1,True,0.001447,55399.285469,38292207.74,0.001442,487.46,0.001448,20729.72,41.522491349481975,0.70291732,1e-06,0.001,0.001,1.0,0.0,0.0005,exchangeInfo.quotePrecision/baseSizePrecision/quoteAmountPrecision,1,False,0.3819327731092437,0.45462184873949585,0.030252100840336135,32.976890756302524
mexc,NAVUSDT,NAV-USDT,NAV,USDT,True,1,True,0.0329,54742.38153,1672337.25,0.0328,152.43,0.033,1110.09,60.79027355623064,4.999704,1e-05,0.0,0.0,1.0,0.0,0.0005,exchangeInfo.quotePrecision/baseSizePrecision/quoteAmountPrecision,1,False,0.33991596638655464,0.2655462184873949,0.3819327731092437,32.97268907563025
mexc,SISUSDT,SIS-USDT,SIS,USDT,True,1,True,0.0374,26323.23546,705584.4,0.03731,1732.75,0.03749,787.75,48.128342245989195,29.532747500000003,1e-05,0.0,0.0,1.0,0.0,0.0005,exchangeInfo.quotePrecision/baseSizePrecision/quoteAmountPrecision,1,False,0.17352941176470588,0.37563025210084033,0.7016806722689075,32.96848739495798
mexc,LUNAIUSDT,LUNAI-USDT,LUNAI,USDT,True,1,True,0.0059,55690.749569,9411435.79,0.005874,219.69,0.005904,5971.28,50.94243504839618,1.2904590599999999,1e-06,0.0,0.0,1.0,0.0,0.0005,exchangeInfo.quotePrecision/baseSizePrecision/quoteAmountPrecision,1,False,0.40336134453781514,0.34243697478991597,0.11050420168067226,32.95588235294118
mexc,TIAUSDC,TIA-USDC,TIA,USDC,True,1,True,0.2904,54392.1321,186526.88,0.2894,290.72,0.2906,5.4,41.37931034482877,1.5692400000000002,0.0001,0.0,0.0,1.0,0.0,0.0,exchangeInfo.quotePrecision/baseSizePrecision/quoteAmountPrecision,1,False,0.3176470588235294,0.45798319327731096,0.1991596638655462,32.90336134453782
mexc,REZUSDC,REZ-USDC,REZ,USDC,True,1,True,0.003305,53605.828969,15593215.45,0.003293,6095.21,0.003317,5175.4,72.61724659606702,17.1668018,1e-06,0.0,0.0,1.0,0.0,0.0,exchangeInfo.quotePrecision/baseSizePrecision/quoteAmountPrecision,1,False,0.2819327731092437,0.20504201680672274,0.6134453781512605,32.90126050420169
mexc,WHITEWHALEUSDT,WHITEWHALE-USDT,WHITEWHALE,USDT,True,1,True,0.007094,20937.551445,3010744.46,0.00707,1398.78,0.007095,14158.29,35.29827038475093,9.8893746,1e-06,0.0,0.0,1.0,0.0,0.0005,exchangeInfo.quotePrecision/baseSizePrecision/quoteAmountPrecision,1,False,0.1588235294117647,0.546218487394958,0.5247899159663866,32.88655462184874
mexc,SNFTUSDT,SNFT-USDT,SNFT,USDT,True,1,True,0.03729,57326.9267,1582104.38,0.037,2307.24,0.0377,54.96,187.41633199464508,2.071992,1e-05,0.01,0.01,1.0,0.0,0.0005,exchangeInfo.quotePrecision/baseSizePrecision/quoteAmountPrecision,1,False,0.48487394957983193,0.054621848739495826,0.24201680672268908,32.87394957983194
mexc,ZENTUSDT,ZENT-USDT,ZENT,USDT,True,1,True,0.003257,51160.410353,15778302.21,0.00325,866.22,0.003261,866.22,33.78897250806377,2.815215,1e-06,0.0,0.0,1.0,0.0,0.0005,exchangeInfo.quotePrecision/baseSizePrecision/quoteAmountPrecision,1,False,0.23529411764705882,0.5638655462184874,0.29033613445378154,32.84453781512606
mexc,ANIMEUSDC,ANIME-USDC,ANIME,USDC,True,1,True,0.004522,54810.183671,12152975.23,0.004511,283.82,0.004529,276.12,39.823008849557056,1.25054748,1e-06,0.0,0.0,1.0,0.0,0.0,exchangeInfo.quotePrecision/baseSizePrecision/quoteAmountPrecision,1,False,0.34327731092436975,0.48109243697478987,0.0953781512605042,32.81512605042017
mexc,ZLWUSDT,ZLW-USDT,ZLW,USDT,True,1,True,0.001196,7716.106021,6433559.86,0.001196,42889.82,0.001201,40128.9,41.71881518564884,48.194808900000005,1e-06,0.0,0.0,1.0,0.0,0.0005,exchangeInfo.quotePrecision/baseSizePrecision/quoteAmountPrecision,1,False,0.1092436974789916,0.45042016806722684,0.7743697478991597,32.75630252100841
mexc,MUMUUSDT,MUMU-USDT,MUMU,USDT,True,1,True,5.331e-07,55217.4532857136,104087777760.29,5.319e-07,14853309.37,5.386e-07,27032628.62,125.17515179822462,7.900475253903,1e-10,0.0,0.0,1.0,0.0,0.0005,exchangeInfo.quotePrecision/baseSizePrecision/quoteAmountPrecision,1,False,0.3726890756302521,0.09957983193277309,0.48823529411764705,32.75210084033614
mexc,0GUSDC,0G-USDC,0G,USDC,True,1,True,0.5251,52765.1746,100478.87,0.5237,9.04,0.5259,3008.43,41.92073170731668,4.734248,0.0001,0.0,0.0,1.0,0.0,0.0,exchangeInfo.quotePrecision/baseSizePrecision/quoteAmountPrecision,1,False,0.25504201680672267,0.4487394957983193,0.3739495798319328,32.72478991596638
mexc,YACHTUSDT,YACHT-USDT,YACHT,USDT,True,1,True,0.01454,40981.42651,2816020.65,0.01452,689.0,0.01457,274.53,34.37607425232018,3.9999020999999995,1e-05,0.0,0.0,1.0,0.0,0.0005,exchangeInfo.quotePrecision/baseSizePrecision/quoteAmountPrecision,1,False,0.21218487394957983,0.557563025210084,0.35252100840336137,32.65966386554622
mexc,HAIUSDT,HAI-USDT,HAI,USDT,True,1,True,0.003652,38419.125307,10492589.17,0.003648,25577.85,0.003665,3518.92,46.492547518117476,12.896841799999999,1e-06,0.0001,0.0001,1.0,0.0,0.0005,exchangeInfo.quotePrecision/baseSizePrecision/quoteAmountPrecision,1,False,0.20630252100840335,0.39495798319327735,0.5714285714285714,32.64915966386555
mexc,HUNDUSDT,HUND-USDT,HUND,USDT,True,1,True,0.0005117,40879.1730568,80479953.54,0.0005094,140035.9,0.0005132,127957.0,74.32035986700535,65.6675324,1e-07,0.0,0.0,1.0,0.0,0.0005,exchangeInfo.quotePrecision/baseSizePrecision/quoteAmountPrecision,1,False,0.21176470588235294,0.1945378151260504,0.8046218487394958,32.60294117647059
mexc,OWLUSDT,OWL-USDT,OWL,USDT,True,1,True,0.003569,53504.619294,14900366.9,0.003563,902.43,0.003578,3529.0,42.010922839937884,3.21535809,1e-06,0.0,0.0,1.0,0.0,0.0005,exchangeInfo.quotePrecision/baseSizePrecision/quoteAmountPrecision,1,False,0.27563025210084036,0.44621848739495795,0.3138655462184874,32.59243697478992
mexc,AERGOUSDT,AERGO-USDT,AERGO,USDT,True,1,True,0.05296,57709.15919,1086883.53,0.05268,379.67,0.05328,23.94,113.25028312570844,1.2755232,1e-05,0.001,0.001,1.0,0.0,0.0005,exchangeInfo.quotePrecision/baseSizePrecision/quoteAmountPrecision,1,False,0.5016806722689076,0.11638655462184877,0.10336134453781512,32.56932773109244
mexc,RNBWUSDC,RNBW-USDC,RNBW,USDC,True,1,True,0.0165,57329.54626,3449611.27,0.01643,73.04,0.01656,400.0,78.81176113973822,1.2000472000000002,1e-05,0.0,0.0,1.0,0.0,0.0,exchangeInfo.quotePrecision/baseSizePrecision/quoteAmountPrecision,1,False,0.4852941176470588,0.17941176470588238,0.06722689075630252,32.52100840336134
mexc,AXSUSDC,AXS-USDC,AXS,USDC,True,1,True,1.1157,54389.8659,48387.62,1.1146,1.11,1.1187,1.17,36.71696592486449,1.2372060000000002,0.0001,0.0,0.0,1.0,0.0,0.0,exchangeInfo.quotePrecision/baseSizePrecision/quoteAmountPrecision,1,False,0.3172268907563025,0.5294117647058824,0.08907563025210084,32.464285714285715
mexc,ATSUSDT,ATS-USDT,ATS,USDT,True,1,True,0.05826,41884.03924,717784.92,0.05809,154.85,0.05835,289.03,44.65819306080322,8.9952365,1e-05,0.0,0.0,1.0,0.0,0.0005,exchangeInfo.quotePrecision/baseSizePrecision/quoteAmountPrecision,1,False,0.21428571428571427,0.4126050420168067,0.5126050420168067,32.35294117647059
mexc,SKIUSDT,SKI-USDT,SKI,USDT,True,1,True,0.010187,55841.055113,5504221.15,0.010129,557.97,0.010188,129.4,58.07944086233035,1.3183272,1e-06,0.0,0.0,1.0,0.0,0.0005,exchangeInfo.quotePrecision/baseSizePrecision/quoteAmountPrecision,1,False,0.4096638655462185,0.2852941176470588,0.13361344537815126,32.33613445378151
mexc,BAKEUSDT,BAKE-USDT,BAKE,USDT,True,1,True,0.0006464,56596.1923301,87026949.68,0.000646,2151.58,0.0006513,123969.68,81.708163107993,1.38992068,1e-07,0.001,0.001,1.0,0.0,0.0005,exchangeInfo.quotePrecision/baseSizePrecision/quoteAmountPrecision,1,False,0.45,0.16848739495798315,0.16806722689075632,32.32352941176471
mexc,SOILUSDT,SOIL-USDT,SOIL,USDT,True,1,True,0.09313,15373.04673,165273.84,0.09282,224.11,0.0932,224.11,40.85582195462911,20.801890200000003,1e-05,0.0,0.0,1.0,0.0,0.0005,exchangeInfo.quotePrecision/baseSizePrecision/quoteAmountPrecision,1,False,0.13991596638655462,0.4647058823529412,0.6478991596638656,32.27100840336134
mexc,B3USDT,B3-USDT,B3,USDT,True,1,True,0.000288,51484.791744,176556133.83,0.000287,234723.94,0.000289,92688.55,69.44444444444426,26.78699095,1e-06,0.0,0.0,1.0,0.0,0.0005,exchangeInfo.quotePrecision/baseSizePrecision/quoteAmountPrecision,1,False,0.2365546218487395,0.21974789915966386,0.6873949579831933,32.252100840336134
mexc,ZCXUSDT,ZCX-USDT,ZCX,USDT,True,1,True,0.002504,57469.543547,22804715.27,0.002485,10060.36,0.002509,484.0,96.1153384060879,1.214356,1e-06,0.0001,0.0001,1.0,0.0,0.0005,exchangeInfo.quotePrecision/baseSizePrecision/quoteAmountPrecision,1,False,0.49201680672268905,0.13991596638655457,0.07899159663865546,32.13865546218487
mexc,MINDHIVEUSDT,MINDHIVE-USDT,MINDHIVE,USDT,True,1,True,0.0007925,609.7680147,772613.84,0.0007982,126545.99,0.0008014,795731.94,40.01000250062477,101.009009218,1e-07,0.0,0.0,1.0,0.0,0.0005,exchangeInfo.quotePrecision/baseSizePrecision/quoteAmountPrecision,1,False,0.05042016806722689,0.4798319327731092,0.8651260504201681,32.07142857142857
mexc,PORKUSDT,PORK-USDT,PORK,USDT,True,1,True,1.918e-08,55431.69950300197,2887133644677.0,1.89e-08,368347593.0,1.921e-08,653411073.0,162.68695880346405,6.961769507700001,1e-11,0.0,0.0,1.0,0.0,0.0005,exchangeInfo.quotePrecision/baseSizePrecision/quoteAmountPrecision,1,False,0.38445378151260506,0.06386554621848739,0.46596638655462186,32.0609243697479
mexc,VRTXONUSDT,VRTXON-USDT,VRTXON,USDT,True,1,True,439.81,54933.07,125.379,436.96,0.009,439.89,0.078,66.83013058105735,3.9326399999999997,0.01,0.0,0.0,1.0,0.0,0.0005,exchangeInfo.quotePrecision/baseSizePrecision/quoteAmountPrecision,1,False,0.35,0.23277310924369743,0.3495798319327731,32.0609243697479
mexc,NAVXUSDT,NAVX-USDT,NAVX,USDT,True,1,True,0.00899,55400.871722,6236350.37,0.008954,139.5,0.008998,501.12,49.019607843137955,1.249083,1e-06,0.0,0.0,1.0,0.0,0.0005,exchangeInfo.quotePrecision/baseSizePrecision/quoteAmountPrecision,1,False,0.38235294117647056,0.3651260504201681,0.09369747899159664,32.031512605042025
mexc,MIGGLESUSDT,MIGGLES-USDT,MIGGLES,USDT,True,1,True,0.002898,53244.316592,18376845.82,0.002893,994.29,0.002905,1262.43,41.393583994480366,2.8764809700000002,1e-06,0.0,0.0,1.0,0.0,0.0005,exchangeInfo.quotePrecision/baseSizePrecision/quoteAmountPrecision,1,False,0.26638655462184874,0.4571428571428572,0.292436974789916,31.928571428571434
mexc,AZENUSDT,AZEN-USDT,AZEN,USDT,True,1,True,0.000582,2419.211964,4143949.64,0.000581,10520.17,0.000582,15480.35,17.196904557180126,6.11221877,1e-06,0.0,0.0,1.0,0.0,0.0005,exchangeInfo.quotePrecision/baseSizePrecision/quoteAmountPrecision,1,False,0.07773109243697479,0.7533613445378151,0.4403361344537815,31.915966386554622
mexc,VAMEONUSDT,VAMEON-USDT,VAMEON,USDT,True,1,True,1.033e-05,50010.16812147,4861481821.22,1.03e-05,842402.57,1.034e-05,347395.33,38.75968992248025,3.5920677122,1e-08,0.0,0.0,1.0,0.0,0.0005,exchangeInfo.quotePrecision/baseSizePrecision/quoteAmountPrecision,1,False,0.23109243697478993,0.496218487394958,0.33949579831932775,31.90546218487395
mexc,ADOUSDT,ADO-USDT,ADO,USDT,True,1,True,0.01678,27228.39695,1638011.52,0.01683,130.72,0.01687,942.83,23.738872403559863,2.2000176000000002,1e-05,0.0,0.0,1.0,0.0,0.0005,exchangeInfo.quotePrecision/baseSizePrecision/quoteAmountPrecision,1,False,0.17899159663865546,0.6794117647058824,0.2533613445378151,31.897058823529417
mexc,KASUSDE,KAS-USDE,KAS,USDE,True,1,True,0.031115,54457.144578,1757548.43,0.030644,1648.28,0.031148,628.9,163.1279129984456,19.5889772,1e-06,0.0,0.0,1.0,0.0,0.0,exchangeInfo.quotePrecision/baseSizePrecision/quoteAmountPrecision,1,False,0.32016806722689073,0.06302521008403361,0.6352941176470588,31.890756302521005
mexc,SUPRAUSDC,SUPRA-USDC,SUPRA,USDC,True,1,True,0.0004058,54209.4492682,135888969.06,0.0004023,35384.0,0.0004065,1359222.23,103.85756676557847,14.2349832,1e-07,0.0,0.0,1.0,0.0,0.0,exchangeInfo.quotePrecision/baseSizePrecision/quoteAmountPrecision,1,False,0.30798319327731094,0.126890756302521,0.5878151260504202,31.867647058823533
mexc,TSTUSDC,TST-USDC,TST,USDC,True,1,True,0.00875,55482.908122,6340577.03,0.008724,8898.11,0.008767,136.88,49.168143616716755,1.20002696,1e-06,0.0,0.0,1.0,0.0,0.0,exchangeInfo.quotePrecision/baseSizePrecision/quoteAmountPrecision,1,False,0.38907563025210085,0.36386554621848743,0.06596638655462185,31.815126050420172
mexc,IDEXUSDC,IDEX-USDC,IDEX,USDC,True,1,True,0.002307,55692.491739,23553385.87,0.0023,3464.93,0.002317,782.02,73.64089235434304,1.81194034,1e-06,0.0,0.0,1.0,0.0,0.0,exchangeInfo.quotePrecision/baseSizePrecision/quoteAmountPrecision,1,False,0.403781512605042,0.20084033613445373,0.21722689075630253,31.57352941176471
mexc,BTCBAMUSDT,BTCBAM-USDT,BTCBAM,USDT,True,1,True,0.05476,30894.92562,568374.9,0.05469,23.22,0.05478,50.42,16.442861057824025,1.2699018,1e-05,0.01,0.01,1.0,0.0,0.0005,exchangeInfo.quotePrecision/baseSizePrecision/quoteAmountPrecision,1,False,0.1903361344537815,0.7617647058823529,0.10126050420168067,31.53781512605042
mexc,PHYUSDT,PHY-USDT,PHY,USDT,True,1,True,0.0005897,58502.5515003,100054509.21,0.0005884,1869.48,0.0005975,9102.45,153.46993844337732,1.100002032,1e-07,0.0,0.0,1.0,0.0,0.0005,exchangeInfo.quotePrecision/baseSizePrecision/quoteAmountPrecision,1,False,0.523109243697479,0.06890756302521006,0.05168067226890756,31.52731092436975
mexc,1R0RUSDT,1R0R-USDT,1R0R,USDT,True,1,True,0.000638,34894.129626,54636208.65,0.000636,16603.77,0.000639,16525.82,47.058823529412905,10.55999772,1e-06,0.0,0.0,1.0,0.0,0.0005,exchangeInfo.quotePrecision/baseSizePrecision/quoteAmountPrecision,1,False,0.2008403361344538,0.38613445378151257,0.5407563025210084,31.514705882352946
mexc,IRYSUSDC,IRYS-USDC,IRYS,USDC,True,1,True,0.02202,52378.76451,2560067.88,0.02198,1004.06,0.0221,385.39,54.44646098003722,8.517119000000001,1e-05,0.0,0.0,1.0,0.0,0.0,exchangeInfo.quotePrecision/baseSizePrecision/quoteAmountPrecision,1,False,0.24789915966386555,0.3138655462184874,0.5008403361344538,31.497899159663866
mexc,RAIUSDT,RAI-USDT,RAI,USDT,True,1,True,0.05027,55436.58377,1096856.24,0.04946,128.24,0.05043,143.27,194.21363499849946,6.3427504,1e-05,0.0,0.0,1.0,0.0,0.0005,exchangeInfo.quotePrecision/baseSizePrecision/quoteAmountPrecision,1,False,0.38571428571428573,0.05210084033613449,0.446218487394958,31.44117647058824
mexc,ETCUSDC,ETC-USDC,ETC,USDC,True,1,True,8.09,55021.167,6862.889,8.067,0.149,8.103,175.405,44.526901669758296,1.201983,0.001,0.0,0.0,1.0,0.0,0.0,exchangeInfo.quotePrecision/baseSizePrecision/quoteAmountPrecision,1,False,0.3558823529411765,0.4155462184873949,0.07394957983193277,31.44117647058824
mexc,AZTECUSDC,AZTEC-USDC,AZTEC,USDC,True,1,True,0.01871,56068.42485,2985755.16,0.01864,4942.18,0.01875,64.0,58.83926183471462,1.2,1e-05,0.0,0.0,1.0,0.0,0.0,exchangeInfo.quotePrecision/baseSizePrecision/quoteAmountPrecision,1,False,0.42142857142857143,0.28025210084033614,0.061764705882352944,31.420168067226896
mexc,CAPUSDT,CAP-USDT,CAP,USDT,True,1,True,0.09514,38729.69153,405172.01,0.09506,318.1,0.09526,13.69,21.017234131987376,1.3041094,1e-05,0.0,0.0,1.0,0.0,0.0005,exchangeInfo.quotePrecision/baseSizePrecision/quoteAmountPrecision,1,False,0.20714285714285716,0.7092436974789915,0.11470588235294117,31.418067226890756
mexc,PYTHUSDC,PYTH-USDC,PYTH,USDC,True,1,True,0.04086,53234.93423,1296707.51,0.04079,60.27,0.04096,6070.08,41.59021406727914,2.4584133,1e-05,0.0,0.0,1.0,0.0,0.0,exchangeInfo.quotePrecision/baseSizePrecision/quoteAmountPrecision,1,False,0.26596638655462185,0.4533613445378152,0.2718487394957983,31.399159663865543
mexc,NTHUSDT,NTH-USDT,NTH,USDT,True,1,True,0.005881,40617.148625,6664603.83,0.005861,16121.85,0.00588,393.39,32.36521591005863,2.3131332,1e-06,0.0,0.0,1.0,0.0,0.0005,exchangeInfo.quotePrecision/baseSizePrecision/quoteAmountPrecision,1,False,0.21050420168067227,0.5831932773109243,0.26176470588235295,31.392857142857146
mexc,XFIUSDT,XFI-USDT,XFI,USDT,True,1,True,0.03881,32158.85698,822121.08,0.03878,253.06,0.03886,34.19,20.607934054610183,1.3286234,1e-05,0.0001,0.0001,1.0,0.0,0.0005,exchangeInfo.quotePrecision/baseSizePrecision/quoteAmountPrecision,1,False,0.1953781512605042,0.7134453781512605,0.1403361344537815,31.38865546218487
mexc,SN64USDT,SN64-USDT,SN64,USDT,True,1,True,26.7,4572.09,169.45,26.7,0.79,26.79,0.63,33.65114974761633,16.8777,0.01,0.0,0.0,1.0,0.0,0.0005,exchangeInfo.quotePrecision/baseSizePrecision/quoteAmountPrecision,1,False,0.09159663865546218,0.565546218487395,0.6100840336134454,31.378151260504204
mexc,OSAKUSDT,OSAK-USDT,OSAK,USDT,True,1,True,4.407e-08,9121.18453885794,207106370793.0,4.407e-08,161667647.0,4.42e-08,1869357724.0,29.455081001473168,7.12469320329,1e-11,0.0,0.0,1.0,0.0,0.0005,exchangeInfo.quotePrecision/baseSizePrecision/quoteAmountPrecision,1,False,0.11932773109243698,0.6151260504201681,0.47058823529411764,31.35294117647059
mexc,LOFIUSDT,LOFI-USDT,LOFI,USDT,True,1,True,0.00309,8080.13031,2649648.54,0.00313,157383.65,0.00314,2992.26,31.897926634768826,9.3956964,1e-05,0.0,0.0,1.0,0.0,0.0005,exchangeInfo.quotePrecision/baseSizePrecision/quoteAmountPrecision,1,False,0.11260504201680673,0.5878151260504202,0.5205882352941177,31.300420168067227
mexc,XDAGUSDT,XDAG-USDT,XDAG,USDT,True,1,True,0.0013383,55434.0469677,40604616.36,0.0013301,36317.04,0.0013644,4977.09,254.59268881053936,6.790741596,1e-07,0.0,0.0,1.0,0.0,0.0005,exchangeInfo.quotePrecision/baseSizePrecision/quoteAmountPrecision,1,False,0.38529411764705884,0.03403361344537814,0.46050420168067224,31.25210084033614
mexc,3KDSUSDT,3KDS-USDT,3KDS,USDT,True,1,True,0.0010551,55173.6321589,51662377.48,0.0010478,3533.8,0.001056,3052.83,77.95417815381776,3.22378848,1e-07,0.0,0.0,1.0,0.0,0.0005,exchangeInfo.quotePrecision/baseSizePrecision/quoteAmountPrecision,1,False,0.37058823529411766,0.18193277310924372,0.3142857142857143,31.216386554621856
mexc,ISRGONUSDT,ISRGON-USDT,ISRGON,USDT,True,1,True,453.1,54636.47,120.226,452.97,0.012,456.39,0.123,75.21773555027622,5.43564,0.01,0.0,0.0,1.0,0.0,0.0005,exchangeInfo.quotePrecision/baseSizePrecision/quoteAmountPrecision,1,False,0.3302521008403361,0.19285714285714284,0.41050420168067225,31.195378151260506
mexc,LEARNUSDT,LEARN-USDT,LEARN,USDT,True,1,True,0.006606,20119.189928,3054628.96,0.006595,2384.97,0.006624,2464.61,43.876238747257,15.728877149999999,1e-06,0.0,0.0,1.0,0.0,0.0005,exchangeInfo.quotePrecision/baseSizePrecision/quoteAmountPrecision,1,False,0.15546218487394958,0.4243697478991597,0.5995798319327731,31.151260504201684
mexc,TXCUSDT,TXC-USDT,TXC,USDT,True,1,True,0.179,28711.073,158696.8,0.179,652.32,0.18,131.0,55.71030640668529,23.58,0.001,0.0,0.0,1.0,0.0,0.0005,exchangeInfo.quotePrecision/baseSizePrecision/quoteAmountPrecision,1,False,0.18403361344537816,0.30336134453781516,0.6697478991596638,31.10084033613445
mexc,LCAPUSDT,LCAP-USDT,LCAP,USDT,True,1,True,5.924,4904.219,833.09,5.884,8455.31,5.911,10.0,45.782111064008895,59.11,0.001,0.0,0.0,1.0,0.0,0.0005,exchangeInfo.quotePrecision/baseSizePrecision/quoteAmountPrecision,1,False,0.09369747899159664,0.4,0.7966386554621848,31.08613445378151
mexc,FTTUSDC,FTT-USDC,FTT,USDC,True,1,True,0.2915,25939.9616,88106.86,0.2909,42.46,0.2922,50.9,44.58926427714023,12.351614,0.0001,0.0001,0.0001,1.0,0.0,0.0,exchangeInfo.quotePrecision/baseSizePrecision/quoteAmountPrecision,1,False,0.17100840336134454,0.41386554621848737,0.5651260504201681,31.054621848739494
mexc,UQCUSDT,UQC-USDT,UQC,USDT,True,1,True,2.79,28115.866,10069.76,2.79,0.88,2.798,4.39,28.632784538296374,2.4552,0.001,0.0,0.0,1.0,0.0,0.0005,exchangeInfo.quotePrecision/baseSizePrecision/quoteAmountPrecision,1,False,0.1819327731092437,0.6245798319327731,0.2714285714285714,31.049369747899156
mexc,HEARTUSDT,HEART-USDT,HEART,USDT,True,1,True,0.0005971,33748.952368,52527821.56,0.0005971,23119.76,0.0005993,6169.03,36.776997659644685,3.697099679,1e-07,0.01,0.01,1.0,0.0,0.0005,exchangeInfo.quotePrecision/baseSizePrecision/quoteAmountPrecision,1,False,0.1991596638655462,0.526890756302521,0.34285714285714286,30.98319327731092
mexc,FIGONUSDT,FIGON-USDT,FIGON,USDT,True,1,True,21.16,53644.09,2538.08,21.08,20.24,21.2,0.25,56.764427625355246,5.3,0.01,0.0,0.0,1.0,0.0,0.0005,exchangeInfo.quotePrecision/baseSizePrecision/quoteAmountPrecision,1,False,0.2827731092436975,0.2945378151260504,0.4008403361344538,30.932773109243694
mexc,UMAUSDC,UMA-USDC,UMA,USDC,True,1,True,0.4065,54734.1587,139075.32,0.4057,3.67,0.4078,3.66,51.62876459741833,1.4889189999999999,0.0001,0.0,0.0,1.0,0.0,0.0,exchangeInfo.quotePrecision/baseSizePrecision/quoteAmountPrecision,1,False,0.33907563025210086,0.3373949579831933,0.19117647058823528,30.907563025210084
mexc,BGSCUSDT,BGSC-USDT,BGSC,USDT,True,1,True,0.0008093,54605.7990016,68679933.15,0.0008079,17751.17,0.0008124,2771.15,55.545269394557245,2.25128226,1e-07,0.0,0.0,1.0,0.0,0.0005,exchangeInfo.quotePrecision/baseSizePrecision/quoteAmountPrecision,1,False,0.32899159663865546,0.3058823529411765,0.25798319327731095,30.901260504201684
mexc,IVPAYUSDT,IVPAY-USDT,IVPAY,USDT,True,1,True,0.000561,49418.571933,87941146.46,0.000561,53475.93,0.000563,3558.71,35.58718861210051,2.00355373,1e-06,0.0,0.0,1.0,0.0,0.0005,exchangeInfo.quotePrecision/baseSizePrecision/quoteAmountPrecision,1,False,0.22941176470588234,0.5411764705882354,0.2361344537815126,30.869747899159666
mexc,SN75USDT,SN75-USDT,SN75,USDT,True,1,True,8.235,21524.935,2698.24,8.195,7.52,8.242,4.43,57.18805134757023,36.51206,0.001,0.0,0.0,1.0,0.0,0.0005,exchangeInfo.quotePrecision/baseSizePrecision/quoteAmountPrecision,1,False,0.16050420168067228,0.2899159663865546,0.7382352941176471,30.840336134453782
mexc,OPENXUSDT,OPENX-USDT,OPENX,USDT,True,1,True,0.02218,25159.72666,1120444.37,0.02216,322.21,0.02218,0.01,9.021199819575637,0.0002218,1e-05,0.0,0.0,1.0,0.0,0.0005,exchangeInfo.quotePrecision/baseSizePrecision/quoteAmountPrecision,1,False,0.16932773109243698,0.8563025210084034,0.0058823529411764705,30.83823529411765
mexc,CALCIFYUSDT,CALCIFY-USDT,CALCIFY,USDT,True,1,True,0.02054,8367.51585,400332.44,0.02052,68.0,0.02054,1047.98,9.741841207987914,1.39536,1e-05,0.0,0.0,1.0,0.0,0.0005,exchangeInfo.quotePrecision/baseSizePrecision/quoteAmountPrecision,1,False,0.11512605042016806,0.8415966386554622,0.17184873949579832,30.80882352941176
mexc,1INCHUSDC,1INCH-USDC,1INCH,USDC,True,1,True,0.08792,53852.86616,611376.34,0.08761,179.0,0.08795,14.83,38.73319662793426,1.3042985,1e-05,0.0,0.0,1.0,0.0,0.0,exchangeInfo.quotePrecision/baseSizePrecision/quoteAmountPrecision,1,False,0.2915966386554622,0.4966386554621849,0.11512605042016806,30.75630252100841
mexc,PROVEUSDC,PROVE-USDC,PROVE,USDC,True,1,True,0.2219,54303.8788,241390.85,0.2216,67.31,0.2225,5.52,40.53141184417977,1.2282,0.0001,0.0,0.0,1.0,0.0,0.0,exchangeInfo.quotePrecision/baseSizePrecision/quoteAmountPrecision,1,False,0.3130252100840336,0.4714285714285714,0.08529411764705883,30.70798319327731
mexc,NOTUSDC,NOT-USDC,NOT,USDC,True,1,True,0.0003573,54489.5389408,154523358.22,0.0003564,3426.36,0.0003579,3491.78,41.99916001680069,1.221154704,1e-07,0.0,0.0,1.0,0.0,0.0,exchangeInfo.quotePrecision/baseSizePrecision/quoteAmountPrecision,1,False,0.323109243697479,0.44663865546218484,0.0819327731092437,30.575630252100844
mexc,SN51USDT,SN51-USDT,SN51,USDT,True,1,True,12.69,14881.97,1183.82,12.64,13.54,12.69,0.83,39.47887879984124,10.532699999999998,0.01,0.0,0.0,1.0,0.0,0.0005,exchangeInfo.quotePrecision/baseSizePrecision/quoteAmountPrecision,1,False,0.13907563025210085,0.4852941176470589,0.5390756302521008,30.56302521008403
mexc,TSUKAUSDT,TSUKA-USDT,TSUKA,USDT,True,1,True,0.001158,54702.43129,47625886.65,0.001149,7247.43,0.001164,6761.0,129.70168612191992,7.869804000000001,1e-06,0.001,0.001,1.0,0.0,0.0005,exchangeInfo.quotePrecision/baseSizePrecision/quoteAmountPrecision,1,False,0.3365546218487395,0.09159663865546219,0.4865546218487395,30.53151260504202
mexc,P2PUSDT,P2P-USDT,P2P,USDT,True,1,True,0.0001525,33103.4189101,203829679.94,0.0001523,9012.92,0.0001527,19607.84,26.229508196721948,1.3726677159999998,1e-07,0.0,0.0,1.0,0.0,0.0005,exchangeInfo.quotePrecision/baseSizePrecision/quoteAmountPrecision,1,False,0.19789915966386554,0.6546218487394958,0.16260504201680673,30.502100840336137
mexc,XWGTUSDT,XWGT-USDT,XWGT,USDT,True,1,True,0.015722,15507.974998,985642.32,0.015651,1707.56,0.015729,3568.71,49.713193116633654,26.725021560000002,1e-06,0.0,0.0,1.0,0.0,0.0005,exchangeInfo.quotePrecision/baseSizePrecision/quoteAmountPrecision,1,False,0.14201680672268907,0.357563025210084,0.6865546218487395,30.481092436974787
mexc,OBORTECHUSDT,OBORTECH-USDT,OBORTECH,USDT,True,1,True,0.003403,4344.7553,1284580.37,0.003401,387.02,0.003403,4810.56,5.878894767784438,1.3162550199999998,1e-06,0.0,0.0,1.0,0.0,0.0005,exchangeInfo.quotePrecision/baseSizePrecision/quoteAmountPrecision,1,False,0.09033613445378151,0.9134453781512605,0.13109243697478992,30.426470588235293
mexc,COFONUSDT,COFON-USDT,COFON,USDT,True,1,True,183.02,53040.94,290.063,182.36,0.043,183.5,0.48,62.31891980538929,7.84148,0.01,0.0,0.0,1.0,0.0,0.0005,exchangeInfo.quotePrecision/baseSizePrecision/quoteAmountPrecision,1,False,0.2592436974789916,0.2571428571428571,0.4861344537815126,30.40966386554622
mexc,CPHUSDT,CPH-USDT,CPH,USDT,True,1,True,0.004636,56170.441005,11820935.89,0.00463,261.97,0.004663,1188.02,71.02119875174873,1.2129211,1e-06,0.001,0.001,1.0,0.0,0.0005,exchangeInfo.quotePrecision/baseSizePrecision/quoteAmountPrecision,1,False,0.42773109243697477,0.21302521008403363,0.07773109243697479,30.40546218487395
mexc,SAGAUSDC,SAGA-USDC,SAGA,USDC,True,1,True,0.02816,53148.32874,1905470.12,0.02811,849.7,0.02824,106.1,46.140195208518776,2.996264,1e-05,0.0,0.0,1.0,0.0,0.0,exchangeInfo.quotePrecision/baseSizePrecision/quoteAmountPrecision,1,False,0.26176470588235295,0.39831932773109247,0.2991596638655462,30.33823529411765
mexc,CTXCUSDT,CTXC-USDT,CTXC,USDT,True,1,True,0.0022652,55111.7545752,23998419.13,0.0022309,2977.32,0.0022789,3184.91,212.86975032152145,6.642103188000001,1e-07,0.001,0.001,1.0,0.0,0.0005,exchangeInfo.quotePrecision/baseSizePrecision/quoteAmountPrecision,1,False,0.3634453781512605,0.04705882352941182,0.45672268907563024,30.300420168067234
mexc,HIFIUSDT,HIFI-USDT,HIFI,USDT,True,1,True,0.005526,52887.134354,9135027.87,0.005561,436.36,0.005585,418.64,43.064776601470875,2.3381043999999997,1e-06,0.0,0.0,1.0,0.0,0.0005,exchangeInfo.quotePrecision/baseSizePrecision/quoteAmountPrecision,1,False,0.25672268907563023,0.4336134453781513,0.2638655462184874,30.237394957983195
mexc,PLNUSDT,PLN-USDT,PLN,USDT,True,1,True,0.00578,15158.68216,2622612.7,0.00577,250.48,0.00578,2395.41,17.316017316018108,1.4452695999999998,1e-05,0.0,0.0,1.0,0.0,0.0005,exchangeInfo.quotePrecision/baseSizePrecision/quoteAmountPrecision,1,False,0.13949579831932774,0.7521008403361344,0.18529411764705883,30.180672268907564
mexc,BARDUSDC,BARD-USDC,BARD,USDC,True,1,True,0.2993,53351.8407,177195.62,0.2986,217.86,0.2997,4.29,36.77085074377554,1.285713,0.0001,0.0,0.0,1.0,0.0,0.0,exchangeInfo.quotePrecision/baseSizePrecision/quoteAmountPrecision,1,False,0.27016806722689074,0.5273109243697479,0.10672268907563025,30.1764705882353
mexc,MXNAUSDT,MXNA-USDT,MXNA,USDT,True,1,True,0.00335,56433.603717,15890687.05,0.003349,207.28,0.003373,300.45,71.4073192502236,0.69418072,1e-06,0.0,0.0,1.0,0.0,0.0005,exchangeInfo.quotePrecision/baseSizePrecision/quoteAmountPrecision,1,False,0.4411764705882353,0.2100840336134454,0.029831932773109245,30.113445378151265
mexc,SUNCATUSDT,SUNCAT-USDT,SUNCAT,USDT,True,1,True,0.0003499,56217.3879345,159229761.61,0.0003484,119027.66,0.0003537,5509.41,150.97564449508522,1.948678317,1e-07,0.0,0.0,1.0,0.0,0.0005,exchangeInfo.quotePrecision/baseSizePrecision/quoteAmountPrecision,1,False,0.43109243697478994,0.07058823529411762,0.22478991596638656,29.97058823529412
mexc,ASTRAAIUSDT,ASTRAAI-USDT,ASTRAAI,USDT,True,1,True,0.2011,23029.0327,113749.89,0.2009,51.03,0.2018,53.77,44.69828656568224,10.251927,0.0001,0.0,0.0,1.0,0.0,0.0005,exchangeInfo.quotePrecision/baseSizePrecision/quoteAmountPrecision,1,False,0.16302521008403362,0.4117647058823529,0.5336134453781513,29.932773109243698
mexc,MOBILEUSDT,MOBILE-USDT,MOBILE,USDT,True,1,True,0.0001366,55359.683986,395284730.19,0.0001352,112457.1,0.0001384,37823.96,233.91812865497047,5.234836064,1e-07,0.0,0.0,1.0,0.0,0.0005,exchangeInfo.quotePrecision/baseSizePrecision/quoteAmountPrecision,1,False,0.380672268907563,0.04033613445378148,0.3983193277310924,29.911764705882348
mexc,FRTSUSDT,FRTS-USDT,FRTS,USDT,True,1,True,1.1761e-05,49772.570123783,4177170526.53,1.1744e-05,2870479.6,1.1885e-05,3851071.39,119.34487282576566,33.7109124224,1e-09,0.01,0.01,1.0,0.0,0.0005,exchangeInfo.quotePrecision/baseSizePrecision/quoteAmountPrecision,1,False,0.23025210084033612,0.1067226890756302,0.7285714285714285,29.903361344537814
mexc,KZENUSDT,KZEN-USDT,KZEN,USDT,True,1,True,0.0003408,26972.6179973,79482116.75,0.0003403,5877.16,0.0003413,314452.66,29.34272300469555,1.9999975479999998,1e-07,0.001,0.001,1.0,0.0,0.0005,exchangeInfo.quotePrecision/baseSizePrecision/quoteAmountPrecision,1,False,0.1781512605042017,0.6168067226890757,0.2319327731092437,29.85714285714286
mexc,ECORUSDT,ECOR-USDT,ECOR,USDT,True,1,True,0.02468,38910.01274,1582581.58,0.02449,5034.93,0.02473,1651.27,97.521332791547,40.8359071,1e-05,0.0,0.0,1.0,0.0,0.0005,exchangeInfo.quotePrecision/baseSizePrecision/quoteAmountPrecision,1,False,0.20756302521008405,0.13655462184873945,0.7512605042016807,29.85504201680672
mexc,XEMPIREUSDT,XEMPIRE-USDT,XEMPIRE,USDT,True,1,True,1.204e-05,54488.22502232,4517785705.33,1.197e-05,570062.5,1.208e-05,455298.01,91.4760914760906,5.4999999608,1e-08,0.0,0.0,1.0,0.0,0.0005,exchangeInfo.quotePrecision/baseSizePrecision/quoteAmountPrecision,1,False,0.3226890756302521,0.1474789915966387,0.4197478991596639,29.829831932773114
mexc,VELOUSDT,VELO-USDT,VELO,USDT,True,1,True,0.003788,17192.629455,4489272.54,0.003793,2000.0,0.003808,2000.0,39.46849098802856,7.586,1e-06,0.0001,0.0001,1.0,0.0,0.0005,exchangeInfo.quotePrecision/baseSizePrecision/quoteAmountPrecision,1,False,0.14747899159663866,0.48571428571428577,0.4781512605042017,29.817226890756306
mexc,ABUSDT,AB-USDT,AB,USDT,True,1,True,0.001559,26784.926812,17039988.24,0.001565,0.01,0.001567,5180.17,12.771392081737218,1.565e-05,1e-06,0.001,0.001,1.0,0.0,0.0005,exchangeInfo.quotePrecision/baseSizePrecision/quoteAmountPrecision,1,False,0.1773109243697479,0.8008403361344538,0.0008403361344537816,29.78991596638656
mexc,WAVESUSDC,WAVES-USDC,WAVES,USDC,True,1,True,0.4038,26915.6517,66693.9,0.4028,74.69,0.4055,793.0,66.80687863417137,30.085131999999998,0.0001,1e-06,1e-06,1.0,0.0,0.0,exchangeInfo.quotePrecision/baseSizePrecision/quoteAmountPrecision,1,False,0.1777310924369748,0.23319327731092432,0.7084033613445379,29.773109243697483
mexc,WNXMUSDT,WNXM-USDT,WNXM,USDT,True,1,True,52.69,55283.69,1042.23,52.01,0.11,53.22,0.1,229.97244131901567,5.322,0.01,0.1,0.1,1.0,0.0,0.0005,exchangeInfo.quotePrecision/baseSizePrecision/quoteAmountPrecision,1,False,0.3760504201680672,0.04117647058823526,0.40210084033613447,29.75420168067227
mexc,INSPUSDT,INSP-USDT,INSP,USDT,True,1,True,0.0012,54558.15115,43600696.66,0.0012,1002310.55,0.00121,4176.55,82.98755186722015,5.0536255,1e-05,0.0,0.0,1.0,0.0,0.0005,exchangeInfo.quotePrecision/baseSizePrecision/quoteAmountPrecision,1,False,0.32563025210084034,0.16134453781512603,0.3903361344537815,29.750000000000004
mexc,CMGONUSDT,CMGON-USDT,CMGON,USDT,True,1,True,33.07,54317.79,1644.26,32.91,0.16,33.17,2.48,78.69249394673278,5.265599999999999,0.01,0.0,0.0,1.0,0.0,0.0005,exchangeInfo.quotePrecision/baseSizePrecision/quoteAmountPrecision,1,False,0.3134453781512605,0.17983193277310927,0.4,29.735294117647058
mexc,LBUSDT,LB-USDT,LB,USDT,True,1,True,2.013e-07,1129.7676342506,5812758807.61,2.013e-07,18827620.46,2.016e-07,79440812.02,14.892032762471882,3.789999998598,1e-10,0.0,0.0,1.0,0.0,0.0005,exchangeInfo.quotePrecision/baseSizePrecision/quoteAmountPrecision,1,False,0.06050420168067227,0.776890756302521,0.3457983193277311,29.665966386554622
mexc,CYBROUSDT,CYBRO-USDT,CYBRO,USDT,True,1,True,0.002815,38083.467171,13817287.34,0.002804,1649.61,0.002816,11867.59,42.70462633451906,4.62550644,1e-06,0.0,0.0,1.0,0.0,0.0005,exchangeInfo.quotePrecision/baseSizePrecision/quoteAmountPrecision,1,False,0.20546218487394957,0.4369747899159664,0.37100840336134455,29.644957983193276
mexc,AZURUSDT,AZUR-USDT,AZUR,USDT,True,1,True,0.001073,7177.786768,6690446.43,0.001071,2312.41,0.001073,31794.12,18.6567164179109,2.4765911099999998,1e-06,0.0,0.0,1.0,0.0,0.0005,exchangeInfo.quotePrecision/baseSizePrecision/quoteAmountPrecision,1,False,0.10504201680672269,0.7352941176470589,0.2735294117647059,29.630252100840337
mexc,YEEUSDT,YEE-USDT,YEE,USDT,True,1,True,0.005983,56124.023527,10338738.13,0.005923,506.5,0.006468,2151.87,879.6707287547406,2.9999995000000004,1e-06,0.0,0.0,1.0,0.0,0.0005,exchangeInfo.quotePrecision/baseSizePrecision/quoteAmountPrecision,1,False,0.42521008403361343,0.008823529411764675,0.3004201680672269,29.615546218487392
mexc,BUSD1,B-USD1,B,USD1,True,1,True,0.18302,53226.17073,287114.98,0.18271,201.28,0.18385,30.98,62.199912701877025,5.695673,1e-05,0.0,0.0,1.0,0.0001,0.0001,exchangeInfo.quotePrecision/baseSizePrecision/quoteAmountPrecision,1,False,0.2647058823529412,0.257563025210084,0.4260504201680672,29.51890756302521
mexc,GRIFFAINUSDC,GRIFFAIN-USDC,GRIFFAIN,USDC,True,1,True,0.011802,54034.333229,4447700.2,0.011775,289.21,0.011845,267.86,59.27180355630726,3.1728017,1e-06,0.0,0.0,1.0,0.0,0.0,exchangeInfo.quotePrecision/baseSizePrecision/quoteAmountPrecision,1,False,0.29831932773109243,0.27521008403361347,0.3100840336134454,29.489495798319332
mexc,AEVOUSDC,AEVO-USDC,AEVO,USDC,True,1,True,0.02264,54646.44862,2341124.2,0.02259,265.87,0.02272,70.01,57.3824762745538,1.5906272000000001,1e-05,0.0,0.0,1.0,0.0,0.0,exchangeInfo.quotePrecision/baseSizePrecision/quoteAmountPrecision,1,False,0.3310924369747899,0.2890756302521008,0.20210084033613446,29.47899159663866
mexc,COLSUSDT,COLS-USDT,COLS,USDT,True,1,True,0.01365,35672.17399,2635511.46,0.01363,2170.8,0.01374,5431.33,80.37997807818833,29.588004,1e-05,0.0,0.0,1.0,0.0,0.0005,exchangeInfo.quotePrecision/baseSizePrecision/quoteAmountPrecision,1,False,0.20168067226890757,0.17352941176470593,0.7021008403361344,29.472689075630253
mexc,VOWUSDT,VOW-USDT,VOW,USDT,True,1,True,0.02074,250.02692,12198.05,0.02084,9655.96,0.02085,70.27,4.7973135044373185,1.4651295,1e-05,0.0,0.0,1.0,0.0,0.0005,exchangeInfo.quotePrecision/baseSizePrecision/quoteAmountPrecision,1,False,0.041176470588235294,0.9352941176470588,0.18907563025210083,29.428571428571427
mexc,NCUSDT,NC-USDT,NC,USDT,True,1,True,0.000854,37735.01523,44219708.82,0.000854,2576.12,0.000856,1303.19,23.391812865496373,1.11553064,1e-06,0.0,0.0,1.0,0.0,0.0005,exchangeInfo.quotePrecision/baseSizePrecision/quoteAmountPrecision,1,False,0.20504201680672268,0.6819327731092437,0.05504201680672269,29.426470588235297
mexc,PLTRONUSDT,PLTRON-USDT,PLTRON,USDT,True,1,True,147.4,53704.83,363.849,147.11,0.037,148.13,0.354,69.09632841078322,5.4430700000000005,0.01,0.0,0.0,1.0,0.0,0.0005,exchangeInfo.quotePrecision/baseSizePrecision/quoteAmountPrecision,1,False,0.28361344537815125,0.2226890756302521,0.4130252100840336,29.426470588235293
mexc,FFUSDF,FF-USDF,FF,USDF,True,1,True,0.06978,55034.08879,801152.02,0.06429,116.6,0.06988,143.63,833.2712230752027,7.496213999999999,1e-05,0.0,0.0,1.0,0.0,0.0005,exchangeInfo.quotePrecision/baseSizePrecision/quoteAmountPrecision,1,False,0.35756302521008404,0.009243697478991564,0.4760504201680672,29.418067226890756
mexc,YNEUSDT,YNE-USDT,YNE,USDT,True,1,True,0.0006596,55599.4447049,83261819.29,0.0006563,45710.8,0.00066,0.12,56.21818734331135,7.92e-05,1e-07,0.0,0.0,1.0,0.0,0.0005,exchangeInfo.quotePrecision/baseSizePrecision/quoteAmountPrecision,1,False,0.39747899159663863,0.2978991596638656,0.004201680672268907,29.392857142857142
mexc,PURRUSDT,PURR-USDT,PURR,USDT,True,1,True,0.07263,55428.27877,746580.67,0.07253,41.38,0.0735,401.0,132.8494145038689,3.0012914,1e-05,0.0,0.0,1.0,0.0,0.0005,exchangeInfo.quotePrecision/baseSizePrecision/quoteAmountPrecision,1,False,0.3840336134453782,0.08907563025210086,0.30084033613445377,29.3655462184874
mexc,JPMONUSDT,JPMON-USDT,JPMON,USDT,True,1,True,295.01,51815.02,175.365,294.53,0.121,296.73,0.041,74.4173460068344,12.165930000000001,0.01,0.0,0.0,1.0,0.0,0.0005,exchangeInfo.quotePrecision/baseSizePrecision/quoteAmountPrecision,1,False,0.2407563025210084,0.19369747899159662,0.5621848739495798,29.327731092436977
mexc,DIMEUSDT,DIME-USDT,DIME,USDT,True,1,True,0.02695,244.30334,9071.17,0.02695,785.5,0.02696,51.46,3.7098868484509713,1.3873616000000002,1e-05,0.0,0.0,1.0,0.0,0.0005,exchangeInfo.quotePrecision/baseSizePrecision/quoteAmountPrecision,1,False,0.040756302521008404,0.9491596638655462,0.16680672268907562,29.30672268907563
mexc,3ULLUSDT,3ULL-USDT,3ULL,USDT,True,1,True,0.0001036,52424.0046366,508698807.32,0.0001031,302650.59,0.0001039,103868.41,77.29468599033873,10.791927799000002,1e-07,0.0,0.0,1.0,0.0,0.0005,exchangeInfo.quotePrecision/baseSizePrecision/quoteAmountPrecision,1,False,0.2495798319327731,0.18445378151260505,0.545798319327731,29.25420168067227
mexc,SVLUSDT,SVL-USDT,SVL,USDT,True,1,True,0.013606,51394.355368,3790937.29,0.013491,2624.94,0.013711,29071.47,161.75281229321354,35.41306554,1e-06,0.0,0.0,1.0,0.0,0.0005,exchangeInfo.quotePrecision/baseSizePrecision/quoteAmountPrecision,1,False,0.2357142857142857,0.06470588235294117,0.7336134453781512,29.254201680672264
mexc,XRPHUSDT,XRPH-USDT,XRPH,USDT,True,1,True,0.01848,28603.13922,1522253.11,0.01853,237.91,0.0186,175.0,37.70535954753415,3.255,1e-05,0.0,0.0,1.0,0.0,0.0005,exchangeInfo.quotePrecision/baseSizePrecision/quoteAmountPrecision,1,False,0.18319327731092436,0.5134453781512605,0.3168067226890756,29.247899159663866
mexc,TIXUSDT,TIX-USDT,TIX,USDT,True,1,True,0.001766,24737.040683,14084437.88,0.00176,1704.54,0.001766,52540.64,34.032898468519164,2.9999904,1e-06,0.0,0.0,1.0,0.0,0.0005,exchangeInfo.quotePrecision/baseSizePrecision/quoteAmountPrecision,1,False,0.16806722689075632,0.5596638655462185,0.3,29.235294117647058
mexc,RAVEUSDT,RAVE-USDT,RAVE,USDT,True,1,True,0.2545,2778.6937,10980.42,0.256,23.08,0.2567,134.63,27.30641700799604,5.90848,0.0001,0.0,0.0,1.0,0.0,0.0005,exchangeInfo.quotePrecision/baseSizePrecision/quoteAmountPrecision,1,False,0.08151260504201681,0.6428571428571428,0.43109243697478994,29.176470588235293
mexc,DONTUSDT,DONT-USDT,DONT,USDT,True,1,True,1.059e-06,54114.65624908,53322850876.0,1.049e-06,8855857.0,1.064e-06,52571485.0,141.97823000473326,9.289793993,1e-09,0.0,0.0,1.0,0.0,0.0005,exchangeInfo.quotePrecision/baseSizePrecision/quoteAmountPrecision,1,False,0.3054621848739496,0.0794117647058824,0.5184873949579832,29.155462184873954
mexc,SABAIUSDT,SABAI-USDT,SABAI,USDT,True,1,True,0.001896,29275.397538,15563220.46,0.001895,7447.83,0.001906,13000.16,57.87950539331725,14.11363785,1e-06,0.0,0.0,1.0,0.0,0.0005,exchangeInfo.quotePrecision/baseSizePrecision/quoteAmountPrecision,1,False,0.1861344537815126,0.2865546218487395,0.5869747899159664,29.14075630252101
mexc,PHTUSDT,PHT-USDT,PHT,USDT,True,1,True,0.01646,5278.54563,320876.55,0.01646,1754.03,0.01653,1228.57,42.437102152167704,20.308262099999997,1e-05,0.0,0.0,1.0,0.0,0.0005,exchangeInfo.quotePrecision/baseSizePrecision/quoteAmountPrecision,1,False,0.0957983193277311,0.4399159663865546,0.6436974789915967,29.14075630252101
mexc,FCT2USDT,FCT2-USDT,FCT2,USDT,True,1,True,0.01177,5775.29064,490193.27,0.01177,32973.5,0.01181,658.66,33.92705682782028,7.778774599999999,1e-05,0.001,0.001,1.0,0.0,0.0005,exchangeInfo.quotePrecision/baseSizePrecision/quoteAmountPrecision,1,False,0.09831932773109243,0.5621848739495798,0.4831932773109244,29.12605042016807
mexc,KERNELUSDC,KERNEL-USDC,KERNEL,USDC,True,1,True,0.11225,53848.67558,481860.46,0.11248,12.77,0.11296,11.39,42.583392476934726,1.2866144000000002,1e-05,0.0,0.0,1.0,0.0,0.0,exchangeInfo.quotePrecision/baseSizePrecision/quoteAmountPrecision,1,False,0.2911764705882353,0.43865546218487395,0.10714285714285714,29.123949579831937
mexc,BIGTIMEUSDC,BIGTIME-USDC,BIGTIME,USDC,True,1,True,0.0122,54703.72467,4479012.45,0.01217,462.07,0.01223,98.4,49.18032786885188,1.203432,1e-05,0.0,0.0,1.0,0.0,0.0,exchangeInfo.quotePrecision/baseSizePrecision/quoteAmountPrecision,1,False,0.3369747899159664,0.36344537815126055,0.07478991596638655,29.1155462184874
mexc,METALUSDT,METAL-USDT,METAL,USDT,True,1,True,0.12156,3386.10604,27377.72,0.12155,2431.12,0.12167,11.31,9.867609571580882,1.3760877,1e-05,0.1,0.1,1.0,0.0,0.0005,exchangeInfo.quotePrecision/baseSizePrecision/quoteAmountPrecision,1,False,0.08487394957983194,0.8407563025210084,0.16428571428571428,28.972689075630253
mexc,IMOUSDT,IMO-USDT,IMO,USDT,True,1,True,0.4629,17468.8669,36787.46,0.4622,14.65,0.4641,52.24,41.02342653567986,6.77123,0.0001,0.0,0.0,1.0,0.0,0.0005,exchangeInfo.quotePrecision/baseSizePrecision/quoteAmountPrecision,1,False,0.14915966386554622,0.46260504201680674,0.45966386554621846,28.96218487394958
mexc,WCTUSDC,WCT-USDC,WCT,USDC,True,1,True,0.05404,54223.00182,1008408.64,0.05392,26.16,0.05416,22.19,44.41154700222005,1.2018104,1e-05,0.0,0.0,1.0,0.0,0.0,exchangeInfo.quotePrecision/baseSizePrecision/quoteAmountPrecision,1,False,0.3096638655462185,0.41764705882352937,0.07352941176470588,28.94327731092437
mexc,WLUSDT,WL-USDT,WL,USDT,True,1,True,0.01191,47645.62219,3800280.96,0.01191,3267.51,0.012,1157.01,75.28230865746534,13.88412,1e-05,0.0,0.0,1.0,0.0,0.0005,exchangeInfo.quotePrecision/baseSizePrecision/quoteAmountPrecision,1,False,0.226890756302521,0.19201680672268906,0.5823529411764706,28.926470588235297
mexc,CWEBUSDT,CWEB-USDT,CWEB,USDT,True,1,True,0.00105,53919.138585,51132328.65,0.001048,16363.94,0.001054,2355.17,57.088487155089716,2.48234918,1e-06,0.0001,0.0001,1.0,0.0,0.0005,exchangeInfo.quotePrecision/baseSizePrecision/quoteAmountPrecision,1,False,0.29369747899159665,0.29075630252100837,0.2739495798319328,28.90126050420168
mexc,PENGUSDT,PENG-USDT,PENG,USDT,True,1,True,0.003676,198.000977,54972.4,0.00368,2415.43,0.003682,402.95,5.4333061668020415,1.4836619,1e-06,0.0,0.0,1.0,0.0,0.0005,exchangeInfo.quotePrecision/baseSizePrecision/quoteAmountPrecision,1,False,0.0365546218487395,0.9218487394957984,0.1903361344537815,28.863445378151265
mexc,CHMPZUSDT,CHMPZ-USDT,CHMPZ,USDT,True,1,True,1.266e-05,29285.54233794,2315246188.46,1.261e-05,3151792.28,1.27e-05,1794501.4,71.1181351244574,22.79016778,1e-08,0.0,0.0,1.0,0.0,0.0005,exchangeInfo.quotePrecision/baseSizePrecision/quoteAmountPrecision,1,False,0.1865546218487395,0.21218487394957986,0.6647058823529411,28.85924369747899
mexc,SHIROUSDT,SHIRO-USDT,SHIRO,USDT,True,1,True,7.5e-10,50152.73143839223,65307008276688.0,7.477e-10,21885663420.0,7.517e-10,7004779985.0,53.354675203414516,5.2654931147245,1e-13,0.0,0.0,1.0,0.0,0.0005,exchangeInfo.quotePrecision/baseSizePrecision/quoteAmountPrecision,1,False,0.2319327731092437,0.3222689075630252,0.39957983193277313,28.804621848739497
mexc,TOWNSUSDC,TOWNS-USDC,TOWNS,USDC,True,1,True,0.003516,54494.16613,16075735.44,0.003502,115423.41,0.003521,385.05,54.107931083582294,1.35576105,1e-06,0.0,0.0,1.0,0.0,0.0,exchangeInfo.quotePrecision/baseSizePrecision/quoteAmountPrecision,1,False,0.3235294117647059,0.3168067226890756,0.15336134453781514,28.78151260504202
mexc,LBAIUSDT,LBAI-USDT,LBAI,USDT,True,1,True,1.318e-06,8049.645963832,5733751841.34,1.318e-06,2097065.4,1.319e-06,402291.48,7.584376185059349,0.53062246212,1e-09,0.0,0.0,1.0,0.0,0.0005,exchangeInfo.quotePrecision/baseSizePrecision/quoteAmountPrecision,1,False,0.11218487394957984,0.8802521008403361,0.02773109243697479,28.731092436974787
mexc,GOHOMEUSDT,GOHOME-USDT,GOHOME,USDT,True,1,True,87.9,52859.66,618.496,87.47,0.074,88.09,0.076,70.63112326270273,6.472779999999999,0.01,0.0,0.0,1.0,0.0,0.0005,exchangeInfo.quotePrecision/baseSizePrecision/quoteAmountPrecision,1,False,0.25630252100840334,0.21554621848739497,0.45252100840336135,28.535714285714285
mexc,BIRBUSDC,BIRB-USDC,BIRB,USDC,True,1,True,0.1294,54078.0001,421578.16,0.129,282.3,0.1299,25.6,69.5249130938574,3.32544,0.0001,0.0,0.0,1.0,0.0,0.0,exchangeInfo.quotePrecision/baseSizePrecision/quoteAmountPrecision,1,False,0.3025210084033613,0.2184873949579832,0.32142857142857145,28.52941176470588
mexc,RIOEUR,RIO-EUR,RIO,EUR,True,1,True,0.03693,55778.47057,1442232.3,0.03688,125.06,0.03718,33.49,81.01539292465426,1.2451582,1e-05,0.0,0.0,1.0,0.0,0.0,exchangeInfo.quotePrecision/baseSizePrecision/quoteAmountPrecision,1,False,0.40714285714285714,0.17142857142857137,0.09117647058823529,28.502100840336137
mexc,WATTUSDT,WATT-USDT,WATT,USDT,True,1,True,0.19987,16787.55121,83970.94,0.19982,3.78,0.20009,437.32,13.503038183590931,0.7553196,1e-05,0.0,0.0,1.0,0.0,0.0005,exchangeInfo.quotePrecision/baseSizePrecision/quoteAmountPrecision,1,False,0.1453781512605042,0.7911764705882353,0.031512605042016806,28.405462184873947
mexc,MIHUSDT,MIH-USDT,MIH,USDT,True,1,True,0.1728,3000.6516,17392.23,0.1727,19.9,0.1731,53.96,23.1347599768659,3.4367299999999994,0.0001,0.0,0.0,1.0,0.0,0.0005,exchangeInfo.quotePrecision/baseSizePrecision/quoteAmountPrecision,1,False,0.08319327731092437,0.6836134453781513,0.32941176470588235,28.25420168067227
mexc,SRMUSDT,SRM-USDT,SRM,USDT,True,1,True,0.002677,52093.103466,18840706.36,0.002667,979.01,0.00268,10583.94,48.62539741911348,2.61101967,1e-06,0.0001,0.0001,1.0,0.0,0.0005,exchangeInfo.quotePrecision/baseSizePrecision/quoteAmountPrecision,1,False,0.24285714285714285,0.3697478991596639,0.28025210084033614,28.20588235294118
mexc,PORT3USDT,PORT3-USDT,PORT3,USDT,True,1,True,0.002635,55421.1005348,21634218.52,0.0025878,1491.59,0.0026383,1064.45,193.26074893323968,2.808338435,1e-07,0.0,0.0,1.0,0.0,0.0005,exchangeInfo.quotePrecision/baseSizePrecision/quoteAmountPrecision,1,False,0.3836134453781513,0.05294117647058827,0.2886554621848739,28.19537815126051
mexc,KOONUSDT,KOON-USDT,KOON,USDT,True,1,True,77.25,53362.55,689.94,77.1,0.07,77.66,0.66,72.3701214784185,5.397,0.01,0.0,0.0,1.0,0.0,0.0005,exchangeInfo.quotePrecision/baseSizePrecision/quoteAmountPrecision,1,False,0.27058823529411763,0.2067226890756303,0.40672268907563025,28.184873949579835
mexc,FEGUSDT,FEG-USDT,FEG,USDT,True,1,True,3.237e-05,30910.6721282,940789444.06,3.233e-05,262740.61,3.248e-05,154464.0,46.2891529085029,5.01699072,1e-08,1000.0,1000.0,1.0,0.0,0.0005,exchangeInfo.quotePrecision/baseSizePrecision/quoteAmountPrecision,1,False,0.1907563025210084,0.3970588235294118,0.3865546218487395,28.149159663865547
mexc,BCUTUSDT,BCUT-USDT,BCUT,USDT,True,1,True,0.001449,45458.115403,29822905.29,0.001445,2968.01,0.001452,2422.36,48.325854332066584,3.51726672,1e-06,0.0,0.0,1.0,0.0,0.0005,exchangeInfo.quotePrecision/baseSizePrecision/quoteAmountPrecision,1,False,0.21974789915966386,0.37142857142857144,0.334453781512605,28.060924369747898
mexc,LNQUSDT,LNQ-USDT,LNQ,USDT,True,1,True,0.002359,28409.696336,12016067.67,0.00235,1025.36,0.002359,38401.35,38.224676152048815,2.409596,1e-06,0.0,0.0,1.0,0.0,0.0005,exchangeInfo.quotePrecision/baseSizePrecision/quoteAmountPrecision,1,False,0.18235294117647058,0.5050420168067227,0.26932773109243696,28.042016806722685
mexc,ROGUSDT,ROG-USDT,ROG,USDT,True,1,True,0.2494,2932.6367,11782.46,0.2484,54.95,0.2494,283.46,40.17677782241868,13.649580000000002,0.0001,0.01,0.01,1.0,0.0,0.0005,exchangeInfo.quotePrecision/baseSizePrecision/quoteAmountPrecision,1,False,0.0819327731092437,0.47731092436974787,0.5798319327731093,28.035714285714285
mexc,SAUCEUSDT,SAUCE-USDT,SAUCE,USDT,True,1,True,0.01993,5372.44978,265354.98,0.01993,1996.02,0.02004,2812.97,55.04128096072003,39.7806786,1e-05,0.001,0.001,1.0,0.0,0.0005,exchangeInfo.quotePrecision/baseSizePrecision/quoteAmountPrecision,1,False,0.09663865546218488,0.3096638655462185,0.7470588235294118,27.997899159663863
mexc,CULTDAOUSDT,CULTDAO-USDT,CULTDAO,USDT,True,1,True,8.942e-07,54678.4985966026,61220010582.0,8.858e-07,5869183.0,9.002e-07,6868144.0,161.25419932810777,5.1989223014,1e-10,0.0001,0.0001,1.0,0.0,0.0005,exchangeInfo.quotePrecision/baseSizePrecision/quoteAmountPrecision,1,False,0.33403361344537813,0.06512605042016806,0.39705882352941174,27.941176470588236
mexc,VERTUSDT,VERT-USDT,VERT,USDT,True,1,True,0.000823,51782.1248848,62973971.19,0.0008161,88333.84,0.0008239,14605.74,95.12195121951186,12.033669186000001,1e-07,0.0,0.0,1.0,0.0,0.0005,exchangeInfo.quotePrecision/baseSizePrecision/quoteAmountPrecision,1,False,0.23949579831932774,0.14159663865546224,0.5605042016806723,27.92226890756303
mexc,OOBUSDT,OOB-USDT,OOB,USDT,True,1,True,0.0128,1290.9629,100879.66,0.0128,196305.31,0.0129,712937.44,77.82101167315128,2512.707968,0.0001,0.0,0.0,1.0,0.0,0.0005,exchangeInfo.quotePrecision/baseSizePrecision/quoteAmountPrecision,1,False,0.06470588235294118,0.18319327731092439,0.9890756302521009,27.920168067226893
mexc,HTRUSDT,HTR-USDT,HTR,USDT,True,1,True,0.00481,51490.72577,10716170.07,0.00481,2195.42,0.00485,2679.49,82.81573498964825,10.5599702,1e-05,0.0,0.0,1.0,0.0,0.0005,exchangeInfo.quotePrecision/baseSizePrecision/quoteAmountPrecision,1,False,0.23697478991596638,0.1626050420168067,0.5403361344537815,27.905462184873947
mexc,MPCUSDT,MPC-USDT,MPC,USDT,True,1,True,0.01048,1578.6044,154625.52,0.01041,129.41,0.01042,143.29,9.601536245798936,1.3471581000000001,1e-05,0.0,0.0,1.0,0.0,0.0005,exchangeInfo.quotePrecision/baseSizePrecision/quoteAmountPrecision,1,False,0.06932773109243698,0.8445378151260504,0.14873949579831933,27.90126050420168
mexc,POPUSDT,POP-USDT,POP,USDT,True,1,True,0.0021354,53838.3246111,25760515.69,0.0021341,1323.9,0.002148,44476.0,64.92141706172336,2.82533499,1e-07,0.0,0.0,1.0,0.0,0.0005,exchangeInfo.quotePrecision/baseSizePrecision/quoteAmountPrecision,1,False,0.29033613445378154,0.24327731092436977,0.2907563025210084,27.865546218487403
mexc,QUANTUMUSDT,QUANTUM-USDT,QUANTUM,USDT,True,1,True,0.0027,31047.893025,11503250.11,0.002682,4875.26,0.0027,110490.74,66.88963210702424,13.07544732,1e-06,0.0,0.0,1.0,0.0,0.0005,exchangeInfo.quotePrecision/baseSizePrecision/quoteAmountPrecision,1,False,0.1920168067226891,0.23193277310924365,0.5743697478991596,27.846638655462186
mexc,ABNBONUSDT,ABNBON-USDT,ABNBON,USDT,True,1,True,124.2,54708.23,441.636,123.61,0.206,124.42,0.011,65.31467967584585,1.36862,0.01,0.0,0.0,1.0,0.0,0.0005,exchangeInfo.quotePrecision/baseSizePrecision/quoteAmountPrecision,1,False,0.3378151260504202,0.242436974789916,0.16008403361344536,27.84243697478992
mexc,GFUSDT,GF-USDT,GF,USDT,True,1,True,0.0018545,9288.7198773,5019704.63,0.0018556,3082.07,0.0018627,32027.64,38.18949519941856,5.719089092,1e-07,0.0,0.0,1.0,0.0,0.0005,exchangeInfo.quotePrecision/baseSizePrecision/quoteAmountPrecision,1,False,0.12016806722689076,0.5054621848739496,0.42773109243697477,27.80042016806723
mexc,XTMUSDT,XTM-USDT,XTM,USDT,True,1,True,0.000747,29306.707275,39791881.6,0.000745,63852.26,0.000752,36911.22,93.5203740814957,27.75723744,1e-06,0.0,0.0,1.0,0.0,0.0005,exchangeInfo.quotePrecision/baseSizePrecision/quoteAmountPrecision,1,False,0.1869747899159664,0.14495798319327735,0.6941176470588235,27.78991596638656
mexc,TYCOONUSDT,TYCOON-USDT,TYCOON,USDT,True,1,True,0.001913,55197.035974,28891233.97,0.001897,1298.3,0.001925,1386.3,146.52014652014668,2.4628750999999998,1e-06,0.0,0.0,1.0,0.0,0.0005,exchangeInfo.quotePrecision/baseSizePrecision/quoteAmountPrecision,1,False,0.37184873949579833,0.07478991596638651,0.2726890756302521,27.775210084033613
mexc,PGPTUSDT,PGPT-USDT,PGPT,USDT,True,1,True,0.001824,18550.981841,10244002.5,0.001821,1189.78,0.001827,194393.86,32.894736842106056,2.16658938,1e-06,0.0,0.0,1.0,0.0,0.0005,exchangeInfo.quotePrecision/baseSizePrecision/quoteAmountPrecision,1,False,0.15126050420168066,0.5764705882352941,0.25168067226890756,27.764705882352935
mexc,CLAWDONBASEUSDT,CLAWDONBASE-USDT,CLAWDONBASE,USDT,True,1,True,2.596e-05,54535.39708951,2131443884.0,2.578e-05,218694.0,2.627e-05,1315932.0,188.28049951969274,5.63793132,1e-08,0.0,0.0,1.0,0.0,0.0005,exchangeInfo.quotePrecision/baseSizePrecision/quoteAmountPrecision,1,False,0.32478991596638657,0.05420168067226894,0.42478991596638654,27.71428571428572
mexc,GMXUSDC,GMX-USDC,GMX,USDC,True,1,True,5.968,54588.846,8892.79,5.958,34.73,5.991,0.21,55.23474767762905,1.2581099999999998,0.001,0.0,0.0,1.0,0.0,0.0,exchangeInfo.quotePrecision/baseSizePrecision/quoteAmountPrecision,1,False,0.3277310924369748,0.30840336134453783,0.09873949579831932,27.710084033613448
mexc,RBCUSDT,RBC-USDT,RBC,USDT,True,1,True,0.003502,54330.854668,15510438.01,0.003486,1573.22,0.003535,5683.09,139.5812562313061,5.48424492,1e-06,0.001,0.001,1.0,0.0,0.0005,exchangeInfo.quotePrecision/baseSizePrecision/quoteAmountPrecision,1,False,0.3138655462184874,0.08109243697478996,0.4142857142857143,27.57563025210084
mexc,ORCAUSDC,ORCA-USDC,ORCA,USDC,True,1,True,0.8273,52699.4041,63538.04,0.8249,1.64,0.8285,1.62,43.546631184227024,1.34217,0.0001,0.0,0.0,1.0,0.0,0.0,exchangeInfo.quotePrecision/baseSizePrecision/quoteAmountPrecision,1,False,0.253781512605042,0.4277310924369748,0.146218487394958,27.57563025210084
mexc,REKTCOINUSDT,REKTCOIN-USDT,REKTCOIN,USDT,True,1,True,1.3612e-07,3402.59096562678,24892089753.0,1.3601e-07,663650535.0,1.3666e-07,170095115.0,47.67667876920789,23.245198415900003,1e-11,0.0,0.0,1.0,0.0,0.0005,exchangeInfo.quotePrecision/baseSizePrecision/quoteAmountPrecision,1,False,0.08529411764705883,0.380672268907563,0.6676470588235294,27.560924369747898
mexc,TREEUSDC,TREE-USDC,TREE,USDC,True,1,True,0.0563,54891.03332,970378.59,0.05609,11155.07,0.05642,21.27,58.66145231534921,1.2000533999999998,1e-05,0.0,0.0,1.0,0.0,0.0,exchangeInfo.quotePrecision/baseSizePrecision/quoteAmountPrecision,1,False,0.34789915966386553,0.2819327731092437,0.06764705882352941,27.535714285714285
mexc,ESXUSDT,ESX-USDT,ESX,USDT,True,1,True,0.000733,20235.191105,28688608.91,0.000732,31694.0,0.000737,140147.0,68.0735194009532,23.200008,1e-06,0.0,0.0,1.0,0.0,0.0005,exchangeInfo.quotePrecision/baseSizePrecision/quoteAmountPrecision,1,False,0.15588235294117647,0.2256302521008403,0.6659663865546218,27.533613445378148
mexc,RIZOUSDT,RIZO-USDT,RIZO,USDT,True,1,True,1.39e-06,16564.16561918,11652284549.62,1.37e-06,172740446.54,1.4e-06,773893141.17,216.60649819494532,236.65441175979998,1e-08,0.0,0.0,1.0,0.0,0.0005,exchangeInfo.quotePrecision/baseSizePrecision/quoteAmountPrecision,1,False,0.14453781512605043,0.044117647058823484,0.9222689075630253,27.49789915966387
mexc,CYBERUSDC,CYBER-USDC,CYBER,USDC,True,1,True,0.4864,51694.0087,106573.62,0.4851,371.7,0.4873,3.49,45.24886877828128,1.7006770000000002,0.0001,0.0,0.0,1.0,0.0,0.0,exchangeInfo.quotePrecision/baseSizePrecision/quoteAmountPrecision,1,False,0.23865546218487396,0.40672268907563025,0.21008403361344538,27.495798319327736
mexc,SQGROWUSDT,SQGROW-USDT,SQGROW,USDT,True,1,True,0.004719,36781.007823,7913640.73,0.0047,1202.59,0.004726,1419.45,55.16656057712705,5.6521729999999994,1e-06,0.0,0.0,1.0,0.0,0.0005,exchangeInfo.quotePrecision/baseSizePrecision/quoteAmountPrecision,1,False,0.2042016806722689,0.3092436974789916,0.4256302521008403,27.47478991596639
mexc,ILVUSDC,ILV-USDC,ILV,USDC,True,1,True,3.786,54733.758,14459.19,3.771,225.36,3.794,0.34,60.80634500991443,1.28996,0.001,0.0,0.0,1.0,0.0,0.0,exchangeInfo.quotePrecision/baseSizePrecision/quoteAmountPrecision,1,False,0.33865546218487397,0.2647058823529411,0.11008403361344538,27.445378151260506
mexc,GOOGLXUSDT,GOOGLX-USDT,GOOGLX,USDT,True,1,True,292.68,54586.95,185.843,292.68,0.387,295.11,0.008,82.68259072117617,2.3608800000000003,0.01,0.0,0.0,1.0,0.0,0.0005,exchangeInfo.quotePrecision/baseSizePrecision/quoteAmountPrecision,1,False,0.3273109243697479,0.16470588235294115,0.26596638655462185,27.439075630252102
mexc,TPTUSDT,TPT-USDT,TPT,USDT,True,1,True,0.005984,53752.126453,9061114.94,0.005908,3541.99,0.006017,1462.06,182.8092243186578,8.79721502,1e-06,0.001,0.001,1.0,0.0,0.0005,exchangeInfo.quotePrecision/baseSizePrecision/quoteAmountPrecision,1,False,0.28739495798319326,0.05714285714285716,0.5088235294117647,27.41176470588235
mexc,STOSUSDT,STOS-USDT,STOS,USDT,True,1,True,0.02302,52995.66965,2316300.07,0.02293,91.61,0.02305,202.79,52.19660722053156,2.1006172999999997,1e-05,0.1,0.1,1.0,0.0,0.0005,exchangeInfo.quotePrecision/baseSizePrecision/quoteAmountPrecision,1,False,0.25798319327731095,0.3331932773109244,0.2445378151260504,27.409663865546225
mexc,OPNUSDC,OPN-USDC,OPN,USDC,True,1,True,0.1823,52122.0139,282540.49,0.1817,786.56,0.1824,6.58,38.450975006866585,1.2001920000000001,0.0001,0.0,0.0,1.0,0.0,0.0,exchangeInfo.quotePrecision/baseSizePrecision/quoteAmountPrecision,1,False,0.2449579831932773,0.5006302521008403,0.06974789915966387,27.383403361344538
mexc,EDENUSDC,EDEN-USDC,EDEN,USDC,True,1,True,0.03394,54654.32299,1608884.59,0.03379,38.95,0.03398,35.98,56.072008263244115,1.2226004,1e-05,0.0,0.0,1.0,0.0,0.0,exchangeInfo.quotePrecision/baseSizePrecision/quoteAmountPrecision,1,False,0.3319327731092437,0.2987394957983194,0.08277310924369748,27.38025210084034
mexc,LITRUSDT,LITR-USDT,LITR,USDT,True,1,True,6.35e-06,45060.72573781,7261427652.73,6.34e-06,66361.26,6.36e-06,201510.08,31.49606299212568,0.4207303884,1e-08,0.0,0.0,1.0,0.0,0.0005,exchangeInfo.quotePrecision/baseSizePrecision/quoteAmountPrecision,1,False,0.21890756302521008,0.592436974789916,0.026050420168067228,27.371848739495796
mexc,NEXMUSDT,NEXM-USDT,NEXM,USDT,True,1,True,0.007064,2726.395377,386928.76,0.007054,193.75,0.007064,1876.43,14.166312508853368,1.3667125,1e-06,0.0,0.0,1.0,0.0,0.0005,exchangeInfo.quotePrecision/baseSizePrecision/quoteAmountPrecision,1,False,0.08109243697478992,0.7848739495798319,0.1588235294117647,27.258403361344534
mexc,NEWTUSDC,NEWT-USDC,NEWT,USDC,True,1,True,0.06446,52686.05737,819186.55,0.0643,22.27,0.06459,20.95,44.9996120723095,1.3531604999999998,1e-05,0.0,0.0,1.0,0.0,0.0,exchangeInfo.quotePrecision/baseSizePrecision/quoteAmountPrecision,1,False,0.2533613445378151,0.41008403361344536,0.15126050420168066,27.212184873949578
mexc,CMC20USDT,CMC20-USDT,CMC20,USDT,True,1,True,136.76,15480.9,113.074,136.83,0.3,137.2,0.01,27.004342590225605,1.3719999999999999,0.01,0.0,0.0,1.0,0.0,0.0005,exchangeInfo.quotePrecision/baseSizePrecision/quoteAmountPrecision,1,False,0.1411764705882353,0.6453781512605041,0.16092436974789917,27.117647058823525
mexc,SALUSDT,SAL-USDT,SAL,USDT,True,1,True,0.01526,4300.45807,264005.45,0.01525,1099.31,0.01532,1223.77,45.79653254825032,16.764477499999998,1e-05,0.0,0.0,1.0,0.0,0.0005,exchangeInfo.quotePrecision/baseSizePrecision/quoteAmountPrecision,1,False,0.08949579831932773,0.39957983193277313,0.6096638655462185,27.105042016806724
mexc,VEEUSDT,VEE-USDT,VEE,USDT,True,1,True,4.228e-05,27887.58071869,659439653.88,4.211e-05,33485.56,4.226e-05,319149.24,35.557662676306,1.4100769316,1e-08,0.0,0.0,1.0,0.0,0.0005,exchangeInfo.quotePrecision/baseSizePrecision/quoteAmountPrecision,1,False,0.1810924369747899,0.542436974789916,0.1777310924369748,27.075630252100847
mexc,EDENAUSDT,EDENA-USDT,EDENA,USDT,True,1,True,0.089,46922.6264,527013.1,0.0886,72.57,0.0892,1068.85,67.49156355455605,6.429701999999999,0.0001,0.0,0.0,1.0,0.0,0.0005,exchangeInfo.quotePrecision/baseSizePrecision/quoteAmountPrecision,1,False,0.2235294117647059,0.22941176470588232,0.4508403361344538,27.046218487394956
mexc,MEAUSDT,MEA-USDT,MEA,USDT,True,1,True,0.003158,25990.301464,8210616.65,0.003156,1638.3,0.003171,2287.08,47.41583688952191,5.1704748,1e-06,0.0,0.0,1.0,0.0,0.0005,exchangeInfo.quotePrecision/baseSizePrecision/quoteAmountPrecision,1,False,0.17142857142857143,0.3840336134453781,0.39621848739495796,26.953781512605048
mexc,BLUBUSDT,BLUB-USDT,BLUB,USDT,True,1,True,3.204e-09,52309.70282653879,16181211379433.0,3.18e-09,2926363501.0,3.216e-09,8311314974.0,112.57035647279511,9.305835933180001,1e-12,0.0,0.0,1.0,0.0,0.0005,exchangeInfo.quotePrecision/baseSizePrecision/quoteAmountPrecision,1,False,0.24747899159663866,0.11680672268907566,0.5189075630252101,26.909663865546225
mexc,WAGMIGAMESUSDT,WAGMIGAMES-USDT,WAGMIGAMES,USDT,True,1,True,1.18e-06,10723.70437461,9008346777.12,1.17e-06,341880341.0,1.2e-06,432013135.04,253.16455696202465,399.99999897000004,1e-08,0.0,0.0,1.0,0.0,0.0005,exchangeInfo.quotePrecision/baseSizePrecision/quoteAmountPrecision,1,False,0.12605042016806722,0.03487394957983192,0.9550420168067227,26.90546218487395
mexc,MYXUSDC,MYX-USDC,MYX,USDC,True,1,True,0.2072,53922.3436,258614.28,0.207,62.6,0.208,5.77,48.192771084337394,1.20016,0.0001,0.0,0.0,1.0,0.0,0.0,exchangeInfo.quotePrecision/baseSizePrecision/quoteAmountPrecision,1,False,0.29411764705882354,0.3735294117647059,0.06890756302521009,26.89285714285714
mexc,NCNUSDT,NCN-USDT,NCN,USDT,True,1,True,5.334e-05,25055.27511441,472744260.74,5.34e-05,270166.35,5.357e-05,24961.46,31.78461250817988,1.3371854122,1e-08,0.0,0.0,1.0,0.0,0.0005,exchangeInfo.quotePrecision/baseSizePrecision/quoteAmountPrecision,1,False,0.1689075630252101,0.5882352941176471,0.14285714285714285,26.85294117647059
mexc,OPULUSDT,OPUL-USDT,OPUL,USDT,True,1,True,0.0009019,56350.7838628,58747797.19,0.0009,27969.27,0.0009129,1132.98,142.3134204865138,1.034297442,1e-07,0.01,0.01,1.0,0.0,0.0005,exchangeInfo.quotePrecision/baseSizePrecision/quoteAmountPrecision,1,False,0.4369747899159664,0.07899159663865551,0.03991596638655462,26.806722689075634
mexc,SCOTTYUSDT,SCOTTY-USDT,SCOTTY,USDT,True,1,True,0.0001936,20619.7066898,106928300.63,0.0001931,54052.27,0.0001942,171583.55,56.80351148980117,10.437493337,1e-07,0.01,0.01,1.0,0.0,0.0005,exchangeInfo.quotePrecision/baseSizePrecision/quoteAmountPrecision,1,False,0.15756302521008403,0.2941176470588235,0.5373949579831933,26.766806722689076
mexc,BTWUSDC,BTW-USDC,BTW,USDC,True,1,True,0.019501,53149.227428,2754799.63,0.019315,328.66,0.019506,2590.97,98.40035032585467,6.3480679,1e-06,0.0,0.0,1.0,0.0,0.0,exchangeInfo.quotePrecision/baseSizePrecision/quoteAmountPrecision,1,False,0.26218487394957984,0.13571428571428568,0.4466386554621849,26.745798319327736
mexc,VEREMUSDT,VEREM-USDT,VEREM,USDT,True,1,True,10.19,38419.76,3729.2,10.11,0.78,10.18,4.43,68.99950714637781,7.8858,0.01,0.0,0.0,1.0,0.0,0.0005,exchangeInfo.quotePrecision/baseSizePrecision/quoteAmountPrecision,1,False,0.20672268907563024,0.22310924369747898,0.48739495798319327,26.695378151260503
mexc,RIOUSDT,RIO-USDT,RIO,USDT,True,1,True,0.04286,51888.32746,1152910.21,0.04252,1250.6,0.04278,84.01,60.961313012894806,3.5939478,1e-05,0.0,0.0,1.0,0.0,0.0005,exchangeInfo.quotePrecision/baseSizePrecision/quoteAmountPrecision,1,False,0.2415966386554622,0.26428571428571423,0.33991596638655464,26.69327731092437
mexc,APTMUSDT,APTM-USDT,APTM,USDT,True,1,True,0.19901,41077.55823,202014.95,0.19775,193.96,0.19934,50.21,80.08260092170441,10.008861399999999,1e-05,0.0,0.0,1.0,0.0,0.0005,exchangeInfo.quotePrecision/baseSizePrecision/quoteAmountPrecision,1,False,0.21260504201680672,0.17563025210084038,0.5294117647058824,26.67226890756303
mexc,MEERUSDT,MEER-USDT,MEER,USDT,True,1,True,0.002705,9008.182349,3330895.62,0.002701,490.52,0.002707,2400.52,22.18934911242738,1.32489452,1e-06,0.0,0.0,1.0,0.0,0.0005,exchangeInfo.quotePrecision/baseSizePrecision/quoteAmountPrecision,1,False,0.11848739495798319,0.6953781512605042,0.13823529411764707,26.66596638655462
mexc,CARROTUSDT,CARROT-USDT,CARROT,USDT,True,1,True,0.000107,56740.123679,395234597.33,0.000105,10253.4,0.00011,26148.69,465.11627906976736,1.076607,1e-06,0.0,0.0,1.0,0.0,0.0005,exchangeInfo.quotePrecision/baseSizePrecision/quoteAmountPrecision,1,False,0.45672268907563024,0.021848739495798353,0.04411764705882353,26.5483193277311
mexc,RUJIUSDT,RUJI-USDT,RUJI,USDT,True,1,True,0.181,15499.4833,81834.62,0.182,505.29,0.1835,183.38,82.07934336525315,33.65023,0.0001,0.0,0.0,1.0,0.0,0.0005,exchangeInfo.quotePrecision/baseSizePrecision/quoteAmountPrecision,1,False,0.14159663865546218,0.1663865546218487,0.7277310924369748,26.502100840336134
mexc,EPHUSDT,EPH-USDT,EPH,USDT,True,1,True,0.005189,54377.110899,10644309.06,0.005096,1096.32,0.005299,1057.73,390.5723905723907,5.58684672,1e-06,0.0,0.0,1.0,0.0,0.0005,exchangeInfo.quotePrecision/baseSizePrecision/quoteAmountPrecision,1,False,0.3168067226890756,0.0239495798319328,0.4222689075630252,26.468487394957986
mexc,GIGAUSDT,GIGA-USDT,GIGA,USDT,True,1,True,0.00182,4698.59294,2601570.94,0.00178,175471.77,0.0018,125104.95,111.73184357541929,225.18891,1e-05,0.0,0.0,1.0,0.0,0.0005,exchangeInfo.quotePrecision/baseSizePrecision/quoteAmountPrecision,1,False,0.09285714285714286,0.119327731092437,0.9172268907563025,26.434873949579828
mexc,HOPPYUSDT,HOPPY-USDT,HOPPY,USDT,True,1,True,3.37e-06,127.878592512,37336449.0,3.368e-06,45003057.0,3.381e-06,5000000.0,38.52422581123042,16.905,1e-09,0.0,0.0,1.0,0.0,0.0005,exchangeInfo.quotePrecision/baseSizePrecision/quoteAmountPrecision,1,False,0.031512605042016806,0.4995798319327731,0.6105042016806723,26.4327731092437
mexc,SKATEUSDT,SKATE-USDT,SKATE,USDT,True,1,True,0.002196,54248.624016,24967244.36,0.002183,1303.23,0.002204,1382.25,95.73740597218942,2.84495109,1e-06,0.0,0.0,1.0,0.0,0.0005,exchangeInfo.quotePrecision/baseSizePrecision/quoteAmountPrecision,1,False,0.3100840336134454,0.14117647058823535,0.2915966386554622,26.415966386554622
mexc,BOSONUSDT,BOSON-USDT,BOSON,USDT,True,1,True,0.03572,3370.50737,95379.82,0.03568,32.98,0.03572,32.93,11.204481792716628,1.1762596,1e-05,0.001,0.001,1.0,0.0,0.0005,exchangeInfo.quotePrecision/baseSizePrecision/quoteAmountPrecision,1,False,0.08445378151260505,0.8205882352941176,0.059243697478991594,26.344537815126053
mexc,MUBIUSDT,MUBI-USDT,MUBI,USDT,True,1,True,0.0002487,54202.1600795,207297730.12,0.0002461,29136.49,0.000252,21825.39,236.90022083918814,5.49999828,1e-07,0.0,0.0,1.0,0.0,0.0005,exchangeInfo.quotePrecision/baseSizePrecision/quoteAmountPrecision,1,False,0.30756302521008405,0.03865546218487392,0.4189075630252101,26.260504201680675
mexc,UDAOUSDT,UDAO-USDT,UDAO,USDT,True,1,True,0.07976,19465.28483,245246.11,0.07951,53.29,0.07986,55.09,43.92294660224673,4.2370879,1e-05,0.0,0.0,1.0,0.0,0.0005,exchangeInfo.quotePrecision/baseSizePrecision/quoteAmountPrecision,1,False,0.15420168067226891,0.42268907563025215,0.36050420168067226,26.25840336134454
mexc,MNTXUSDT,MNTX-USDT,MNTX,USDT,True,1,True,0.13136,31236.76608,235729.07,0.13083,340.94,0.13168,56.02,64.75943773570451,7.3767135999999995,1e-05,0.0,0.0,1.0,0.0,0.0005,exchangeInfo.quotePrecision/baseSizePrecision/quoteAmountPrecision,1,False,0.19327731092436976,0.24495798319327733,0.47352941176470587,26.22478991596639
mexc,XCXUSDT,XCX-USDT,XCX,USDT,True,1,True,0.000848,44328.69536,48031194.63,0.000843,19092.0,0.00085,10348.8,82.69344359125756,8.796479999999999,1e-06,0.0,0.0,1.0,0.0,0.0005,exchangeInfo.quotePrecision/baseSizePrecision/quoteAmountPrecision,1,False,0.21722689075630253,0.16428571428571426,0.5084033613445378,26.222689075630257
mexc,ACTUSDC,ACT-USDC,ACT,USDC,True,1,True,0.01203,52117.81143,4324716.19,0.01201,224.69,0.01208,4199.63,58.115400581154525,2.6985269,1e-05,0.0,0.0,1.0,0.0,0.0,exchangeInfo.quotePrecision/baseSizePrecision/quoteAmountPrecision,1,False,0.24369747899159663,0.2848739495798319,0.28445378151260503,26.21428571428571
mexc,REDOUSDT,REDO-USDT,REDO,USDT,True,1,True,0.02561,53190.65833,2068617.61,0.02553,304.42,0.02572,138.45,74.14634146341432,3.5609339999999996,1e-05,0.0,0.0,1.0,0.0,0.0005,exchangeInfo.quotePrecision/baseSizePrecision/quoteAmountPrecision,1,False,0.2634453781512605,0.19663865546218484,0.3369747899159664,26.14495798319328
mexc,PUNDIAIUSDT,PUNDIAI-USDT,PUNDIAI,USDT,True,1,True,0.5168,1135.9166,2207.8,0.515,60.94,0.5174,39.32,46.49360712901894,20.344168,0.0001,0.0,0.0,1.0,0.0,0.0005,exchangeInfo.quotePrecision/baseSizePrecision/quoteAmountPrecision,1,False,0.06092436974789916,0.39453781512605046,0.6441176470588236,26.09663865546219
mexc,ZYNUSDT,ZYN-USDT,ZYN,USDT,True,1,True,8.5e-05,47798.940977,521300559.66,8.3e-05,228257.95,8.5e-05,9575434.97,238.095238095239,18.94540985,1e-06,0.0,0.0,1.0,0.0,0.0005,exchangeInfo.quotePrecision/baseSizePrecision/quoteAmountPrecision,1,False,0.2273109243697479,0.037815126050420145,0.6315126050420168,26.077731092436974
mexc,LUMUSDT,LUM-USDT,LUM,USDT,True,1,True,0.2715,53512.874,196972.39,0.2613,34.51,0.2738,457.79,467.2023920762479,9.017463,0.0001,0.0,0.0,1.0,0.0,0.0005,exchangeInfo.quotePrecision/baseSizePrecision/quoteAmountPrecision,1,False,0.27647058823529413,0.021008403361344574,0.5147058823529411,26.025210084033613
mexc,TITUSDT,TIT-USDT,TIT,USDT,True,1,True,0.000515,49851.905822,97177277.91,0.000513,2144.24,0.000515,48602.98,38.910505836576824,1.09999512,1e-06,0.0,0.0,1.0,0.0,0.0005,exchangeInfo.quotePrecision/baseSizePrecision/quoteAmountPrecision,1,False,0.23067226890756304,0.49327731092436977,0.04873949579831933,25.993697478991596
mexc,VERSEWORLDUSDT,VERSEWORLD-USDT,VERSEWORLD,USDT,True,1,True,0.0255,46385.59313,1824951.77,0.0254,90.55,0.02553,88.31,51.05046141763269,2.2545543,1e-05,0.0,0.0,1.0,0.0,0.0005,exchangeInfo.quotePrecision/baseSizePrecision/quoteAmountPrecision,1,False,0.22268907563025211,0.3415966386554622,0.2592436974789916,25.972689075630257
mexc,AVAILUSDT,AVAIL-USDT,AVAIL,USDT,True,1,True,0.004658,55610.936188,11870422.62,0.004653,2154.64,0.004708,254.89,117.50881316098784,1.20002212,1e-06,0.0,0.0,1.0,0.0,0.0005,exchangeInfo.quotePrecision/baseSizePrecision/quoteAmountPrecision,1,False,0.3983193277310924,0.10966386554621854,0.06512605042016807,25.951680672268907
mexc,VEXUSDT,VEX-USDT,VEX,USDT,True,1,True,0.001671,53588.169621,32097141.33,0.001669,860.26,0.001679,2992.22,59.73715651135022,1.4357739399999998,1e-06,0.001,0.001,1.0,0.0,0.0005,exchangeInfo.quotePrecision/baseSizePrecision/quoteAmountPrecision,1,False,0.2810924369747899,0.27226890756302524,0.1815126050420168,25.897058823529413
mexc,BDCUSDT,BDC-USDT,BDC,USDT,True,1,True,0.002084,123.813579,59113.6,0.00208,2343.87,0.002082,652.17,9.610764055743706,1.35781794,1e-06,0.0,0.0,1.0,0.0,0.0005,exchangeInfo.quotePrecision/baseSizePrecision/quoteAmountPrecision,1,False,0.031092436974789917,0.8436974789915966,0.15420168067226891,25.886554621848738
mexc,RISEUSDT,RISE-USDT,RISE,USDT,True,1,True,0.003401,988.107004,297803.79,0.003397,5347.95,0.003411,3441.94,41.128084606345844,11.74045734,1e-06,0.0,0.0,1.0,0.0,0.0005,exchangeInfo.quotePrecision/baseSizePrecision/quoteAmountPrecision,1,False,0.058823529411764705,0.4609243697478992,0.5550420168067227,25.859243697478995
mexc,XUSDT,X-USDT,X,USDT,True,1,True,0.014096,40275.033284,2871840.3,0.014068,5289.55,0.014146,242.9,55.29169915644711,3.4360634,1e-06,0.0,0.0,1.0,0.0,0.0005,exchangeInfo.quotePrecision/baseSizePrecision/quoteAmountPrecision,1,False,0.21008403361344538,0.30714285714285716,0.32899159663865546,25.813025210084035
mexc,OLASUSDT,OLAS-USDT,OLAS,USDT,True,1,True,0.0449,51576.1724,1140257.13,0.0449,28.93,0.0451,950.22,44.44444444444417,1.2989570000000001,0.0001,0.0,0.0,1.0,0.0,0.0005,exchangeInfo.quotePrecision/baseSizePrecision/quoteAmountPrecision,1,False,0.23781512605042016,0.4172268907563025,0.11260504201680673,25.762605042016805
mexc,EAIUSDT,EAI-USDT,EAI,USDT,True,1,True,0.002499,12036.727901,4473113.84,0.002492,530.66,0.002499,3437.8,28.050490883590715,1.3224047199999998,1e-06,0.0,0.0,1.0,0.0,0.0005,exchangeInfo.quotePrecision/baseSizePrecision/quoteAmountPrecision,1,False,0.12941176470588237,0.634453781512605,0.1373949579831933,25.726890756302524
mexc,BIOFIUSDT,BIOFI-USDT,BIOFI,USDT,True,1,True,8.29e-05,52473.3257421,637597431.81,8.27e-05,66505.44,8.31e-05,15802.5,48.250904704462734,1.31318775,1e-07,0.0001,0.0001,1.0,0.0,0.0005,exchangeInfo.quotePrecision/baseSizePrecision/quoteAmountPrecision,1,False,0.2508403361344538,0.3726890756302521,0.1273109243697479,25.65966386554622
mexc,PEPPERUSDT,PEPPER-USDT,PEPPER,USDT,True,1,True,8.46e-10,10.249405678728,12015457336.0,8.49e-10,50000000000.0,8.53e-10,50000000000.0,47.003525264394675,42.449999999999996,1e-12,0.0,0.0,1.0,0.0,0.0005,exchangeInfo.quotePrecision/baseSizePrecision/quoteAmountPrecision,1,False,0.015546218487394958,0.38739495798319323,0.7558823529411764,25.657563025210084
mexc,RWAINCUSDT,RWAINC-USDT,RWAINC,USDT,True,1,True,0.00156,1853.1854,1239234.04,0.00154,340462.0,0.00156,340462.0,129.03225806451647,524.31148,1e-05,0.0,0.0,1.0,0.0,0.0005,exchangeInfo.quotePrecision/baseSizePrecision/quoteAmountPrecision,1,False,0.0726890756302521,0.09453781512605042,0.9647058823529412,25.65546218487395
mexc,MINAUSDC,MINA-USDC,MINA,USDC,True,1,True,0.05656,24950.55511,438415.67,0.05644,31.13,0.05666,27.46,38.90362511052253,1.5558836,1e-05,0.001,0.001,1.0,0.0,0.0,exchangeInfo.quotePrecision/baseSizePrecision/quoteAmountPrecision,1,False,0.1684873949579832,0.49369747899159666,0.19873949579831932,25.584033613445378
mexc,ETANUSDT,ETAN-USDT,ETAN,USDT,True,1,True,0.001005,28877.404701,28201982.34,0.001001,10989.01,0.001009,29412.35,79.60199004975102,10.99999901,1e-06,0.0,0.0,1.0,0.0,0.0005,exchangeInfo.quotePrecision/baseSizePrecision/quoteAmountPrecision,1,False,0.18487394957983194,0.17647058823529416,0.5495798319327732,25.571428571428577
mexc,PXUSDT,PX-USDT,PX,USDT,True,1,True,0.0158,7657.961,480488.56,0.0156,16552.14,0.0158,6288.29,127.38853503184858,99.354982,0.0001,0.0,0.0,1.0,0.0,0.0005,exchangeInfo.quotePrecision/baseSizePrecision/quoteAmountPrecision,1,False,0.10798319327731093,0.09663865546218486,0.8600840336134454,25.556722689075634
mexc,BANANAUSDC,BANANA-USDC,BANANA,USDC,True,1,True,3.385,50760.847,15279.52,3.374,1.36,3.39,0.4,47.30928444707278,1.356,0.001,0.0,0.0,1.0,0.0,0.0,exchangeInfo.quotePrecision/baseSizePrecision/quoteAmountPrecision,1,False,0.23361344537815126,0.3852941176470588,0.15378151260504203,25.556722689075627
mexc,POKTUSDT,POKT-USDT,POKT,USDT,True,1,True,0.012971,1783.338669,140430.76,0.012935,3753.77,0.012974,251.97,30.105368790766992,3.26905878,1e-06,0.1,0.1,1.0,0.0,0.0005,exchangeInfo.quotePrecision/baseSizePrecision/quoteAmountPrecision,1,False,0.07226890756302522,0.6088235294117648,0.3172268907563025,25.539915966386555
mexc,GVLUSDT,GVL-USDT,GVL,USDT,True,1,True,0.0009775,4078.7256571,4185871.31,0.0009701,61792.83,0.0009775,252044.41,75.990963236805,59.945224383,1e-07,0.0,0.0,1.0,0.0,0.0005,exchangeInfo.quotePrecision/baseSizePrecision/quoteAmountPrecision,1,False,0.08823529411764706,0.18781512605042017,0.7970588235294118,25.48949579831933
mexc,LOBOUSDT,LOBO-USDT,LOBO,USDT,True,1,True,6.289e-05,26628.52344113,435428454.54,6.279e-05,7602713.14,6.301e-05,20396.69,34.976152623210574,1.2851954368999998,1e-08,0.0,0.0,1.0,0.0,0.0005,exchangeInfo.quotePrecision/baseSizePrecision/quoteAmountPrecision,1,False,0.17563025210084032,0.5483193277310925,0.10588235294117647,25.48529411764706
mexc,UNIT0USDT,UNIT0-USDT,UNIT0,USDT,True,1,True,0.028499,47252.948371,1651497.11,0.028392,574.85,0.028594,174.89,70.89460569262653,5.00080466,1e-06,0.0,0.0,1.0,0.0,0.0005,exchangeInfo.quotePrecision/baseSizePrecision/quoteAmountPrecision,1,False,0.22521008403361345,0.2142857142857143,0.38529411764705884,25.449579831932777
mexc,BLEND1USDT,BLEND1-USDT,BLEND1,USDT,True,1,True,6.812e-05,53326.41297193,801738120.99,6.618e-05,151103.05,6.816e-05,120743.78,294.77445288074904,8.2298960448,1e-08,0.0,0.0,1.0,0.0,0.0005,exchangeInfo.quotePrecision/baseSizePrecision/quoteAmountPrecision,1,False,0.26932773109243696,0.02899159663865547,0.49453781512605044,25.428571428571434
mexc,SHRUSDT,SHR-USDT,SHR,USDT,True,1,True,0.0001721,4914.4722547,28230262.09,0.0001717,278008.17,0.000173,369629.09,75.42790832608091,47.734002788999994,1e-07,0.0,0.0,1.0,0.0,0.0005,exchangeInfo.quotePrecision/baseSizePrecision/quoteAmountPrecision,1,False,0.09411764705882353,0.1907563025210084,0.773109243697479,25.407563025210084
mexc,CAWUSDC,CAW-USDC,CAW,USDC,True,1,True,3.157e-08,27113.43284810989,873909438884.0,3.084e-08,1180389868.0,3.167e-08,2214093931.0,265.55751079827274,36.40322352912,1e-11,100000.0,100000.0,1.0,0.0,0.0,exchangeInfo.quotePrecision/baseSizePrecision/quoteAmountPrecision,1,False,0.17857142857142858,0.03319327731092436,0.7369747899159664,25.390756302521012
mexc,PORTUMAUSDT,PORTUMA-USDT,PORTUMA,USDT,True,1,True,0.0001107,26250.5616739,238870288.44,0.0001104,124121.94,0.0001113,847856.22,81.19079837618357,13.703062176,1e-07,0.0,0.0,1.0,0.0,0.0005,exchangeInfo.quotePrecision/baseSizePrecision/quoteAmountPrecision,1,False,0.1726890756302521,0.1705882352941176,0.5802521008403362,25.36764705882353
mexc,KOMAUSDT,KOMA-USDT,KOMA,USDT,True,1,True,0.00635,2707.99848,423489.92,0.00629,102096.72,0.0064,97462.99,173.3648542159192,623.763136,1e-05,0.0,0.0,1.0,0.0,0.0005,exchangeInfo.quotePrecision/baseSizePrecision/quoteAmountPrecision,1,False,0.08067226890756303,0.05882352941176472,0.9714285714285714,25.33613445378151
mexc,LUFCUSDT,LUFC-USDT,LUFC,USDT,True,1,True,0.03819,54193.15753,1423143.89,0.03799,54.77,0.03835,54.77,94.31490699502206,2.0807123,1e-05,0.01,0.01,1.0,0.0,0.0005,exchangeInfo.quotePrecision/baseSizePrecision/quoteAmountPrecision,1,False,0.30714285714285716,0.1428571428571429,0.24327731092436974,25.32983193277311
mexc,DIONEUSDT,DIONE-USDT,DIONE,USDT,True,1,True,0.0001,13853.166162,138960922.24,0.0001,813605.15,0.000102,1243390.22,198.01980198019746,81.360515,1e-06,0.01,0.01,1.0,0.0,0.0005,exchangeInfo.quotePrecision/baseSizePrecision/quoteAmountPrecision,1,False,0.13445378151260504,0.05084033613445382,0.8306722689075631,25.279411764705884
mexc,EPIKOUSDT,EPIKO-USDT,EPIKO,USDT,True,1,True,0.0010302,16793.647012,16388975.24,0.0010292,4372.35,0.001034,9746.58,46.529662659944734,4.500022620000001,1e-07,0.0,0.0,1.0,0.0,0.0005,exchangeInfo.quotePrecision/baseSizePrecision/quoteAmountPrecision,1,False,0.1457983193277311,0.3941176470588236,0.3684873949579832,25.241596638655462
mexc,VFARMUSDT,VFARM-USDT,VFARM,USDT,True,1,True,0.03252,8729.19795,267726.24,0.03239,1486.8,0.03272,3697.32,101.36691752418889,48.157452,1e-05,0.0,0.0,1.0,0.0,0.0005,exchangeInfo.quotePrecision/baseSizePrecision/quoteAmountPrecision,1,False,0.11680672268907563,0.13151260504201678,0.7739495798319328,25.19117647058824
mexc,BCATUSDT,BCAT-USDT,BCAT,USDT,True,1,True,2.895e-05,5933.6543917,204539985.36,2.893e-05,36925.81,2.898e-05,27742161.31,17.26817475392893,1.0682636832999999,1e-08,0.0,0.0,1.0,0.0,0.0005,exchangeInfo.quotePrecision/baseSizePrecision/quoteAmountPrecision,1,False,0.0995798319327731,0.7525210084033613,0.04327731092436975,25.15546218487395
mexc,HAROLDUSDT,HAROLD-USDT,HAROLD,USDT,True,1,True,0.000829,16183.10652,19507474.32,0.000827,96417.25,0.00083,1744.84,36.21001810500862,1.4482172,1e-06,0.0,0.0,1.0,0.0,0.0005,exchangeInfo.quotePrecision/baseSizePrecision/quoteAmountPrecision,1,False,0.14369747899159663,0.5357142857142857,0.18571428571428572,25.01050420168067
mexc,GAMEUSDT,GAME-USDT,GAME,USDT,True,1,True,25.602,6875.3217,264.72,25.583,0.11,25.675,1.86,35.89683561590476,2.81413,0.0001,0.0,0.0,1.0,0.0,0.0005,exchangeInfo.quotePrecision/baseSizePrecision/quoteAmountPrecision,1,False,0.10378151260504202,0.5386554621848739,0.28991596638655465,24.972689075630257
mexc,CHEQUSDT,CHEQ-USDT,CHEQ,USDT,True,1,True,0.002942,21369.741001,7333053.79,0.002931,10656.0,0.002975,34364.22,149.0010159160183,31.232736,1e-06,0.0,0.0,1.0,0.0,0.0005,exchangeInfo.quotePrecision/baseSizePrecision/quoteAmountPrecision,1,False,0.16008403361344536,0.07352941176470584,0.7130252100840336,24.903361344537817
mexc,MVRKUSDT,MVRK-USDT,MVRK,USDT,True,1,True,0.01829,11288.82456,609222.17,0.01829,7140.35,0.01843,1184.0,76.25272331154562,21.821119999999997,1e-05,0.0,0.0,1.0,0.0,0.0005,exchangeInfo.quotePrecision/baseSizePrecision/quoteAmountPrecision,1,False,0.12815126050420167,0.1865546218487395,0.6567226890756303,24.846638655462186
mexc,TEAFIUSDT,TEAFI-USDT,TEAFI,USDT,True,1,True,0.003692,55258.886988,14352020.47,0.003667,1690.4,0.0037,73.2,89.58870639337597,0.27084,1e-06,0.0,0.0,1.0,0.0,0.0005,exchangeInfo.quotePrecision/baseSizePrecision/quoteAmountPrecision,1,False,0.3735294117647059,0.1504201680672269,0.023949579831932775,24.783613445378155
mexc,RAYUSDC,RAY-USDC,RAY,USDC,True,1,True,0.6394,26125.7219,40295.15,0.6383,2.5,0.6407,2.04,37.52931978108005,1.307028,0.0001,0.0001,0.0001,1.0,0.0,0.0,exchangeInfo.quotePrecision/baseSizePrecision/quoteAmountPrecision,1,False,0.1722689075630252,0.5180672268907562,0.11596638655462185,24.74579831932773
mexc,COLLATUSDT,COLLAT-USDT,COLLAT,USDT,True,1,True,0.001713,53228.618316,29849512.31,0.001706,1406.54,0.001719,4964.24,75.91240875912403,2.39955724,1e-06,0.0,0.0,1.0,0.0,0.0005,exchangeInfo.quotePrecision/baseSizePrecision/quoteAmountPrecision,1,False,0.26554621848739496,0.18949579831932772,0.2684873949579832,24.71218487394958
mexc,CARFIUSDT,CARFI-USDT,CARFI,USDT,True,1,True,0.4536,51029.977,112412.64,0.449,18.58,0.4557,59.73,148.11539736929333,8.342419999999999,0.0001,0.0,0.0,1.0,0.0,0.0005,exchangeInfo.quotePrecision/baseSizePrecision/quoteAmountPrecision,1,False,0.23445378151260504,0.07394957983193273,0.49789915966386555,24.701680672268907
mexc,RBNTUSDC,RBNT-USDC,RBNT,USDC,True,1,True,0.003795,55023.273754,14496578.51,0.003789,689.29,0.003823,313.89,89.33263268523432,1.20000147,1e-06,0.0,0.0,1.0,0.0,0.0,exchangeInfo.quotePrecision/baseSizePrecision/quoteAmountPrecision,1,False,0.3563025210084034,0.1512605042016807,0.06302521008403361,24.63865546218488
mexc,QBXUSDT,QBX-USDT,QBX,USDT,True,1,True,0.001025,7868.220906,7605302.74,0.001023,9335.28,0.001025,55.27,19.531250000000473,0.05665175000000001,1e-06,0.0,0.0,1.0,0.0,0.0005,exchangeInfo.quotePrecision/baseSizePrecision/quoteAmountPrecision,1,False,0.11092436974789915,0.7256302521008403,0.019747899159663865,24.636554621848738
mexc,PAIUSDT,PAI-USDT,PAI,USDT,True,1,True,0.005785,53395.247809,9390200.77,0.005773,758.97,0.005849,1118.46,130.78643951127117,4.3815338100000005,1e-06,0.0,0.0,1.0,0.0,0.0005,exchangeInfo.quotePrecision/baseSizePrecision/quoteAmountPrecision,1,False,0.2714285714285714,0.09033613445378152,0.36428571428571427,24.472689075630257
mexc,PIUSDC,PI-USDC,PI,USDC,True,1,True,0.1733,54428.3528,318901.29,0.1727,6.95,0.1739,7.03,69.24408540103904,1.200265,0.0001,0.0,0.0,1.0,0.0,0.0,exchangeInfo.quotePrecision/baseSizePrecision/quoteAmountPrecision,1,False,0.31890756302521006,0.22058823529411764,0.07058823529411765,24.46638655462185
mexc,CLASHUSDT,CLASH-USDT,CLASH,USDT,True,1,True,0.020054,53105.462384,2681211.02,0.020002,331.42,0.020291,267.7,143.4492343583258,5.4319007,1e-06,0.0,0.0,1.0,0.0,0.0005,exchangeInfo.quotePrecision/baseSizePrecision/quoteAmountPrecision,1,False,0.2605042016806723,0.07689075630252096,0.41008403361344536,24.451680672268907
mexc,MRSOONUSDT,MRSOON-USDT,MRSOON,USDT,True,1,True,5.965e-06,53589.618122033,9025908669.28,5.891e-06,1230737.25,5.976e-06,664562.22,143.2544029662089,3.9714238267199997,1e-09,0.0,0.0,1.0,0.0,0.0005,exchangeInfo.quotePrecision/baseSizePrecision/quoteAmountPrecision,1,False,0.2815126050420168,0.07731092436974785,0.35084033613445376,24.432773109243698
mexc,ALVAUSDT,ALVA-USDT,ALVA,USDT,True,1,True,0.00678,53033.34494,8207397.06,0.00668,713.48,0.00676,916.82,119.04761904761935,4.7660464000000005,1e-05,0.0,0.0,1.0,0.0,0.0005,exchangeInfo.quotePrecision/baseSizePrecision/quoteAmountPrecision,1,False,0.25840336134453784,0.10756302521008398,0.37478991596638656,24.397058823529413
mexc,BANKUSD1,BANK-USD1,BANK,USD1,True,1,True,0.02909,54595.48166,1886018.36,0.02882,944.4,0.02911,46.18,100.12083549111068,1.3442998,1e-05,0.0,0.0,1.0,0.0001,0.0001,exchangeInfo.quotePrecision/baseSizePrecision/quoteAmountPrecision,1,False,0.32857142857142857,0.13235294117647056,0.14705882352941177,24.321428571428573
mexc,BSTUSDT,BST-USDT,BST,USDT,True,1,True,0.01687,43686.88739,2587400.22,0.0168,439.67,0.01699,1031.09,112.45930748742389,7.386456,1e-05,0.001,0.001,1.0,0.0,0.0005,exchangeInfo.quotePrecision/baseSizePrecision/quoteAmountPrecision,1,False,0.21596638655462186,0.11764705882352944,0.47436974789915964,24.306722689075634
mexc,AUKIUSDT,AUKI-USDT,AUKI,USDT,True,1,True,0.006528,8593.914104,1287767.61,0.00648,16703.5,0.006529,3375.42,75.33246214159495,22.03811718,1e-06,0.0,0.0,1.0,0.0,0.0005,exchangeInfo.quotePrecision/baseSizePrecision/quoteAmountPrecision,1,False,0.11554621848739496,0.19117647058823528,0.6579831932773109,24.294117647058826
mexc,A1XUSDT,A1X-USDT,A1X,USDT,True,1,True,0.0003325,15829.2019404,47610022.4,0.0003323,9469.77,0.0003338,14321.0,45.0382825401586,3.146804571,1e-07,0.0,0.0,1.0,0.0,0.0005,exchangeInfo.quotePrecision/baseSizePrecision/quoteAmountPrecision,1,False,0.14285714285714285,0.4088235294117647,0.30840336134453783,24.245798319327733
mexc,GAMESTOPUSDT,GAMESTOP-USDT,GAMESTOP,USDT,True,1,True,1.295e-05,23365.83591243,1773040910.97,1.294e-05,461404.83,1.302e-05,646597.0,61.633281972265735,5.9705785002,1e-08,0.0,0.0,1.0,0.0,0.0005,exchangeInfo.quotePrecision/baseSizePrecision/quoteAmountPrecision,1,False,0.16470588235294117,0.25966386554621845,0.4331932773109244,24.21428571428571
mexc,RXDUSDT,RXD-USDT,RXD,USDT,True,1,True,8.7e-05,50201.08038,570743194.55,8.6e-05,3396744.52,8.9e-05,114942.52,342.8571428571419,10.22988428,1e-06,0.0,0.0,1.0,0.0,0.0005,exchangeInfo.quotePrecision/baseSizePrecision/quoteAmountPrecision,1,False,0.2323529411764706,0.026050420168067245,0.5331932773109244,24.094537815126053
mexc,WAXLUSDT,WAXL-USDT,WAXL,USDT,True,1,True,0.04328,4598.46071,104691.45,0.04321,67.62,0.04337,243.35,36.960036960037066,2.9218602000000002,1e-05,0.01,0.01,1.0,0.0,0.0005,exchangeInfo.quotePrecision/baseSizePrecision/quoteAmountPrecision,1,False,0.09201680672268908,0.5252100840336135,0.2949579831932773,24.090336134453782
mexc,RNGRUSDT,RNGR-USDT,RNGR,USDT,True,1,True,0.2734,52415.1489,189865.29,0.2712,22.01,0.2754,23.28,153.67727771679407,5.969112,0.0001,0.0,0.0,1.0,0.0,0.0005,exchangeInfo.quotePrecision/baseSizePrecision/quoteAmountPrecision,1,False,0.24873949579831933,0.06848739495798317,0.4327731092436975,24.048319327731093
mexc,HOSKYUSDT,HOSKY-USDT,HOSKY,USDT,True,1,True,1.0845e-08,273.548499055375,24701275882.37,1.0835e-08,646268389.72,1.0845e-08,11079297.65,9.225092250922287,0.12015498301425001,1e-12,1000.0,1000.0,1.0,0.0,0.0005,exchangeInfo.quotePrecision/baseSizePrecision/quoteAmountPrecision,1,False,0.04243697478991597,0.8508403361344538,0.021848739495798318,24.04201680672269
mexc,TITNUSDT,TITN-USDT,TITN,USDT,True,1,True,0.0267,47982.44118,1778778.49,0.02659,217.23,0.02676,85.24,63.73008434864106,2.2810224,1e-05,0.0,0.0,1.0,0.0,0.0005,exchangeInfo.quotePrecision/baseSizePrecision/quoteAmountPrecision,1,False,0.22773109243697479,0.25,0.26134453781512607,24.002100840336134
mexc,OPTIMUSUSDT,OPTIMUS-USDT,OPTIMUS,USDT,True,1,True,0.00565,50968.55025,9375898.0,0.00564,239.34,0.00567,289.11,53.05039787798346,1.3498776000000001,1e-05,0.0,0.0,1.0,0.0,0.0005,exchangeInfo.quotePrecision/baseSizePrecision/quoteAmountPrecision,1,False,0.23403361344537815,0.3243697478991596,0.15,23.98109243697479
mexc,ANYONEUSDT,ANYONE-USDT,ANYONE,USDT,True,1,True,0.0873,13191.9989,151100.02,0.0866,648.63,0.0873,204.47,80.50603795284718,17.850231,0.0001,0.0,0.0,1.0,0.0,0.0005,exchangeInfo.quotePrecision/baseSizePrecision/quoteAmountPrecision,1,False,0.1315126050420168,0.17268907563025215,0.6214285714285714,23.97899159663866
mexc,DEFACTORUSDT,DEFACTOR-USDT,DEFACTOR,USDT,True,1,True,0.0055,28560.27425,5213887.55,0.00548,652.99,0.0055,102.84,36.42987249544636,0.56562,1e-05,0.0,0.0,1.0,0.0,0.0005,exchangeInfo.quotePrecision/baseSizePrecision/quoteAmountPrecision,1,False,0.18277310924369747,0.5336134453781513,0.02815126050420168,23.955882352941178
mexc,LIMEUSDT,LIME-USDT,LIME,USDT,True,1,True,0.002748,19744.096186,7186759.18,0.002747,2306.56,0.002764,2921.91,61.69479223371471,6.336120319999999,1e-06,0.0,0.0,1.0,0.0,0.0005,exchangeInfo.quotePrecision/baseSizePrecision/quoteAmountPrecision,1,False,0.1546218487394958,0.2588235294117647,0.4449579831932773,23.873949579831933
mexc,FAKTUSDT,FAKT-USDT,FAKT,USDT,True,1,True,0.0008782,13570.953979,15510026.83,0.0008688,57547.53,0.0008907,230537.7,248.93435635123663,49.997294063999995,1e-07,0.0,0.0,1.0,0.0,0.0005,exchangeInfo.quotePrecision/baseSizePrecision/quoteAmountPrecision,1,False,0.13319327731092437,0.03613445378151259,0.7802521008403361,23.83403361344538
mexc,EDELUSDT,EDEL-USDT,EDEL,USDT,True,1,True,0.0075,26721.90728,3556255.8,0.00742,1741.31,0.00751,17746.8,120.56262558606805,12.9205202,1e-05,0.0,0.0,1.0,0.0,0.0005,exchangeInfo.quotePrecision/baseSizePrecision/quoteAmountPrecision,1,False,0.17647058823529413,0.10504201680672265,0.5722689075630252,23.77731092436975
mexc,CHIRPUSDT,CHIRP-USDT,CHIRP,USDT,True,1,True,0.00661,47378.04707,6858669.36,0.00658,303.96,0.00662,303.96,60.606060606060765,2.0000568,1e-05,0.0,0.0,1.0,0.0,0.0005,exchangeInfo.quotePrecision/baseSizePrecision/quoteAmountPrecision,1,False,0.22605042016806723,0.2663865546218488,0.23403361344537815,23.77310924369748
mexc,PEIPEIUSDT,PEIPEI-USDT,PEIPEI,USDT,True,1,True,7.22e-09,1918.38548799314,265084724307.0,7.2e-09,17474003351.0,7.25e-09,3976921695.0,69.20415224913556,28.83268228875,1e-11,0.0,0.0,1.0,0.0,0.0005,exchangeInfo.quotePrecision/baseSizePrecision/quoteAmountPrecision,1,False,0.07394957983193277,0.2218487394957983,0.6983193277310924,23.57983193277311
mexc,DANGNNUSDT,DANGNN-USDT,DANGNN,USDT,True,1,True,0.00018157,44410.5816069,244850308.27,0.000181,5524.87,0.00018178,44631.73,43.00126798610742,1.00000147,1e-08,0.001,0.001,1.0,0.0,0.0005,exchangeInfo.quotePrecision/baseSizePrecision/quoteAmountPrecision,1,False,0.21764705882352942,0.43487394957983194,0.03529411764705882,23.548319327731093
mexc,DEFXUSDT,DEFX-USDT,DEFX,USDT,True,1,True,0.00984,53773.78275,5417521.53,0.00979,146.18,0.00987,141.67,81.38351983723317,1.3982828999999999,1e-05,0.0,0.0,1.0,0.0,0.0005,exchangeInfo.quotePrecision/baseSizePrecision/quoteAmountPrecision,1,False,0.28781512605042014,0.16932773109243693,0.173109243697479,23.525210084033613
mexc,TAIXUSDT,TAIX-USDT,TAIX,USDT,True,1,True,4.592e-05,52445.71204708,1133178543.41,4.589e-05,47171.27,4.624e-05,71578.95,75.97959405188212,2.1646895803,1e-08,0.0,0.0,1.0,0.0,0.0005,exchangeInfo.quotePrecision/baseSizePrecision/quoteAmountPrecision,1,False,0.2504201680672269,0.18865546218487395,0.25126050420168067,23.514705882352942
mexc,RIOUSDC,RIO-USDC,RIO,USDC,True,1,True,0.04269,52305.01117,1172501.81,0.04245,1125.54,0.04285,75.61,93.7866354044543,3.2398884999999997,1e-05,0.0,0.0,1.0,0.0,0.0,exchangeInfo.quotePrecision/baseSizePrecision/quoteAmountPrecision,1,False,0.24705882352941178,0.14453781512605046,0.31512605042016806,23.50420168067227
mexc,COTUSDT,COT-USDT,COT,USDT,True,1,True,0.000765,23436.340522,29294236.83,0.000761,10791.48,0.000767,11693.8,78.53403141361306,8.21231628,1e-06,0.0,0.0,1.0,0.0,0.0005,exchangeInfo.quotePrecision/baseSizePrecision/quoteAmountPrecision,1,False,0.16596638655462184,0.18025210084033616,0.49327731092436977,23.500000000000004
mexc,ZKWASMUSDT,ZKWASM-USDT,ZKWASM,USDT,True,1,True,0.003589,52567.002077,14657191.46,0.003568,8299.19,0.003601,825.29,92.06304923978252,2.97186929,1e-06,0.0,0.0,1.0,0.0,0.0005,exchangeInfo.quotePrecision/baseSizePrecision/quoteAmountPrecision,1,False,0.25168067226890756,0.1466386554621849,0.29705882352941176,23.449579831932777
mexc,DOVUUSDT,DOVU-USDT,DOVU,USDT,True,1,True,0.0026616,203.3560073,74510.03,0.002703,713.3,0.0027087,533.39,21.065469261045425,1.444793493,1e-07,0.0,0.0,1.0,0.0,0.0005,exchangeInfo.quotePrecision/baseSizePrecision/quoteAmountPrecision,1,False,0.037394957983193276,0.7079831932773109,0.18403361344537816,23.436974789915965
mexc,HANDLUSDT,HANDL-USDT,HANDL,USDT,True,1,True,0.001044,4425.174425,4651741.75,0.001039,95383.07,0.00106,95383.07,200.09528346831794,99.10300973000001,1e-06,0.0,0.0,1.0,0.0,0.0005,exchangeInfo.quotePrecision/baseSizePrecision/quoteAmountPrecision,1,False,0.0907563025210084,0.050000000000000044,0.8592436974789915,23.426470588235297
mexc,LTTUSDT,LTT-USDT,LTT,USDT,True,1,True,0.0040406,1.1947246,295.68,0.0040406,1396.04,0.0040446,309.44,9.894622272793903,1.251561024,1e-07,0.0,0.0,1.0,0.0,0.0005,exchangeInfo.quotePrecision/baseSizePrecision/quoteAmountPrecision,1,False,0.007563025210084034,0.8403361344537815,0.09621848739495799,23.34873949579832
mexc,BELLSUSDT,BELLS-USDT,BELLS,USDT,True,1,True,0.05,1922.172,38113.37,0.049,5499.3,0.05,3285.68,202.02020202020216,164.284,0.001,0.0,0.0,1.0,0.0,0.0005,exchangeInfo.quotePrecision/baseSizePrecision/quoteAmountPrecision,1,False,0.07436974789915966,0.049579831932773155,0.8995798319327731,23.321428571428573
mexc,TRCLUSDT,TRCL-USDT,TRCL,USDT,True,1,True,0.0007515,136.8640964,180992.52,0.0007514,20568.32,0.0007524,1625.12,13.29964090969432,1.2227402879999998,1e-07,0.0001,0.0001,1.0,0.0,0.0005,exchangeInfo.quotePrecision/baseSizePrecision/quoteAmountPrecision,1,False,0.03277310924369748,0.7928571428571428,0.08319327731092437,23.287815126050422
mexc,TONNYUSDT,TONNY-USDT,TONNY,USDT,True,1,True,0.04273,19316.63273,451194.92,0.04264,51.78,0.04284,64.76,46.794571829669096,2.2078992,1e-05,0.0,0.0,1.0,0.0,0.0005,exchangeInfo.quotePrecision/baseSizePrecision/quoteAmountPrecision,1,False,0.15336134453781514,0.3894957983193277,0.2546218487394958,23.26470588235294
mexc,BRNUSDT,BRN-USDT,BRN,USDT,True,1,True,0.09831,40637.51668,391618.95,0.09832,108.72,0.10147,681.98,315.3310976525351,10.6893504,1e-05,0.1,0.1,1.0,0.0,0.0005,exchangeInfo.quotePrecision/baseSizePrecision/quoteAmountPrecision,1,False,0.21092436974789916,0.027731092436974802,0.5441176470588235,23.176470588235297
mexc,SOHUSDT,SOH-USDT,SOH,USDT,True,1,True,0.007129,1637.62349,230179.65,0.007101,4313.22,0.007121,194.88,28.12543945999164,1.38774048,1e-06,0.0,0.0,1.0,0.0,0.0005,exchangeInfo.quotePrecision/baseSizePrecision/quoteAmountPrecision,1,False,0.07100840336134454,0.6331932773109243,0.1672268907563025,23.07983193277311
mexc,MOCHIUSDT,MOCHI-USDT,MOCHI,USDT,True,1,True,9.802e-07,26.8224813054,28011476.0,9.812e-07,1488467.0,9.825e-07,1303514.0,13.240311656565524,1.2807025049999998,1e-10,0.0,0.0,1.0,0.0,0.0005,exchangeInfo.quotePrecision/baseSizePrecision/quoteAmountPrecision,1,False,0.020588235294117647,0.7936974789915967,0.1046218487394958,23.067226890756302
mexc,WETUSDC,WET-USDC,WET,USDC,True,1,True,0.10622,53305.03356,513278.62,0.1057,11.81,0.10637,11.82,63.186683642193984,1.2483170000000001,1e-05,0.0,0.0,1.0,0.0,0.0,exchangeInfo.quotePrecision/baseSizePrecision/quoteAmountPrecision,1,False,0.2680672268907563,0.253781512605042,0.09327731092436975,22.953781512605044
mexc,ITHACAUSDT,ITHACA-USDT,ITHACA,USDT,True,1,True,0.002621,21107.7667,7725640.17,0.002615,6887.89,0.002659,6767.85,166.85627607129226,17.99571315,1e-06,0.0,0.0,1.0,0.0,0.0005,exchangeInfo.quotePrecision/baseSizePrecision/quoteAmountPrecision,1,False,0.15924369747899159,0.060504201680672276,0.623109243697479,22.733193277310924
mexc,FACTUSDT,FACT-USDT,FACT,USDT,True,1,True,0.38,317.3017,835.01,0.38,0.03,0.3805,3.65,13.1492439184747,0.0114,0.0001,0.0,0.0,1.0,0.0,0.0005,exchangeInfo.quotePrecision/baseSizePrecision/quoteAmountPrecision,1,False,0.04495798319327731,0.7957983193277312,0.01638655462184874,22.695378151260506
mexc,ALIUSDT,ALI-USDT,ALI,USDT,True,1,True,0.00144,5384.89288,3659025.74,0.00144,17123.27,0.00145,9662.79,69.20415224913363,14.0110455,1e-05,0.0,0.0,1.0,0.0,0.0005,exchangeInfo.quotePrecision/baseSizePrecision/quoteAmountPrecision,1,False,0.09705882352941177,0.2222689075630252,0.5852941176470589,22.600840336134453
mexc,BABYBONKUSDT,BABYBONK-USDT,BABYBONK,USDT,True,1,True,3.79e-06,223.02369116,58103242.0,3.806e-06,330825.0,3.813e-06,371924.0,18.375114844468044,1.25911995,1e-09,0.0,0.0,1.0,0.0,0.0005,exchangeInfo.quotePrecision/baseSizePrecision/quoteAmountPrecision,1,False,0.03865546218487395,0.7390756302521009,0.0995798319327731,22.594537815126053
mexc,PIBUSDT,PIB-USDT,PIB,USDT,True,1,True,9.05e-05,2434.1342667,26413399.08,9.05e-05,605888.74,9.08e-05,16370.13,33.09431880860383,1.486407804,1e-07,0.0001,0.0001,1.0,0.0,0.0005,exchangeInfo.quotePrecision/baseSizePrecision/quoteAmountPrecision,1,False,0.07857142857142857,0.5739495798319327,0.1907563025210084,22.485294117647054
mexc,GODEUSDT,GODE-USDT,GODE,USDT,True,1,True,0.0001054,28975.7016093,159928412.08,9.47e-05,160946.7,0.0001015,165700.2,693.1702344546384,15.24165249,1e-07,0.0,0.0,1.0,0.0,0.0005,exchangeInfo.quotePrecision/baseSizePrecision/quoteAmountPrecision,1,False,0.18529411764705883,0.013865546218487346,0.596218487394958,22.46218487394958
mexc,NSGUSDT,NSG-USDT,NSG,USDT,True,1,True,0.03132,7561.22664,239347.08,0.0313,188.78,0.03147,322.16,54.16600286761083,5.9088140000000005,1e-05,0.0,0.0,1.0,0.0,0.0005,exchangeInfo.quotePrecision/baseSizePrecision/quoteAmountPrecision,1,False,0.10756302521008404,0.3163865546218487,0.43151260504201683,22.455882352941174
mexc,DNXUSDT,DNX-USDT,DNX,USDT,True,1,True,0.01979,18298.91733,918655.44,0.01969,172.38,0.0198,4026.91,55.710306406686485,3.3941622,1e-05,0.0,0.0,1.0,0.0,0.0005,exchangeInfo.quotePrecision/baseSizePrecision/quoteAmountPrecision,1,False,0.15084033613445377,0.3025210084033614,0.3264705882352941,22.388655462184875
mexc,TATSUUSDT,TATSU-USDT,TATSU,USDT,True,1,True,1.008,16549.911,16516.02,1.008,9.48,1.013,2.37,49.480455220186975,2.40081,0.001,0.0,0.0,1.0,0.0,0.0005,exchangeInfo.quotePrecision/baseSizePrecision/quoteAmountPrecision,1,False,0.14411764705882352,0.35924369747899154,0.2689075630252101,22.285714285714285
mexc,ETHBTC,ETH-BTC,ETH,BTC,True,1,True,0.030683,8.046948,261.9,0.030673,0.014,0.030701,0.5,9.124384918695293,0.000429422,1e-06,0.001,0.001,5e-06,0.0,0.0005,exchangeInfo.quotePrecision/baseSizePrecision/quoteAmountPrecision,1,False,0.013865546218487394,0.853781512605042,0.007142857142857143,22.249999999999996
mexc,4EVERUSDT,4EVER-USDT,4EVER,USDT,True,1,True,0.0001583,7290.4257622,46134565.58,0.0001579,66819.15,0.000159,1262738.5,69.4225307668034,10.550743784999998,1e-07,0.0,0.0,1.0,0.0,0.0005,exchangeInfo.quotePrecision/baseSizePrecision/quoteAmountPrecision,1,False,0.10672268907563025,0.22016806722689075,0.5394957983193277,22.163865546218485
mexc,FOGUSDT,FOG-USDT,FOG,USDT,True,1,True,0.01403,685.23071,50098.47,0.01406,99.17,0.0141,14468.82,28.409090909090988,1.3943302,1e-05,0.0,0.0,1.0,0.0,0.0005,exchangeInfo.quotePrecision/baseSizePrecision/quoteAmountPrecision,1,False,0.052941176470588235,0.6294117647058823,0.17142857142857143,22.07563025210084
mexc,CHOUSDT,CHO-USDT,CHO,USDT,True,1,True,0.00155,37167.9930599,23284793.95,0.0015285,61705.47,0.00155,3938.23,139.6784148124089,6.1042565,1e-07,0.1,0.1,1.0,0.0,0.0005,exchangeInfo.quotePrecision/baseSizePrecision/quoteAmountPrecision,1,False,0.2046218487394958,0.08067226890756307,0.43907563025210083,22.052521008403364
mexc,FRCUSDT,FRC-USDT,FRC,USDT,True,1,True,0.0002037,5735.0325206,28070051.11,0.0002037,299314.87,0.0002049,37588.89,58.73715124816457,7.7019635609999995,1e-07,0.0,0.0,1.0,0.0,0.0005,exchangeInfo.quotePrecision/baseSizePrecision/quoteAmountPrecision,1,False,0.09789915966386555,0.280672268907563,0.4815126050420168,22.031512605042018
mexc,SWELLUSDT,SWELL-USDT,SWELL,USDT,True,1,True,0.001267,54474.923004,46963528.94,0.001239,14111.9,0.001284,1125.48,356.7181926278232,1.44511632,1e-06,0.0,0.0,1.0,0.0,0.0005,exchangeInfo.quotePrecision/baseSizePrecision/quoteAmountPrecision,1,False,0.32100840336134456,0.02436974789915969,0.18487394957983194,21.96218487394958
mexc,DUCKUSDT,DUCK-USDT,DUCK,USDT,True,1,True,0.000361,26392.184547,75305304.39,0.000346,43783.35,0.000364,55555.54,507.04225352112684,15.1490391,1e-06,0.0,0.0,1.0,0.0,0.0005,exchangeInfo.quotePrecision/baseSizePrecision/quoteAmountPrecision,1,False,0.17436974789915966,0.01848739495798324,0.5953781512605042,21.960084033613448
mexc,BCHBTC,BCH-BTC,BCH,BTC,True,1,True,0.006622,0.825683,125.044,0.006618,0.3,0.006624,0.22,9.06207521522418,0.00145728,1e-06,0.001,0.001,5e-06,0.0,0.0005,exchangeInfo.quotePrecision/baseSizePrecision/quoteAmountPrecision,1,False,0.0058823529411764705,0.8558823529411765,0.01050420168067227,21.930672268907564
mexc,DPNUSDT,DPN-USDT,DPN,USDT,True,1,True,2.05,17736.124,8421.26,2.05,157.46,2.101,9.42,245.72392194651965,19.79142,0.001,0.0,0.0,1.0,0.0,0.0005,exchangeInfo.quotePrecision/baseSizePrecision/quoteAmountPrecision,1,False,0.15,0.03655462184873948,0.6373949579831932,21.91176470588235
mexc,ETNUSDT,ETN-USDT,ETN,USDT,True,1,True,0.000998,41317.02769,41013299.18,0.001001,1388.55,0.001007,124956.06,59.76095617530025,1.3899385499999999,1e-06,0.0,0.0,1.0,0.0,0.0005,exchangeInfo.quotePrecision/baseSizePrecision/quoteAmountPrecision,1,False,0.2134453781512605,0.27184873949579835,0.1684873949579832,21.905462184873954
mexc,XNAUSDT,XNA-USDT,XNA,USDT,True,1,True,3.6e-05,9266.8637449,259986995.54,3.6e-05,7614277.11,3.63e-05,329256.41,82.98755186722008,11.952007683,1e-07,0.0,0.0,1.0,0.0,0.0005,exchangeInfo.quotePrecision/baseSizePrecision/quoteAmountPrecision,1,False,0.11974789915966387,0.16176470588235292,0.5579831932773109,21.789915966386555
mexc,REACTUSDT,REACT-USDT,REACT,USDT,True,1,True,0.01534,7768.2354,507905.09,0.0153,1962.74,0.01555,2994.77,162.07455429497583,30.029922,1e-05,0.0,0.0,1.0,0.0,0.0005,exchangeInfo.quotePrecision/baseSizePrecision/quoteAmountPrecision,1,False,0.10966386554621849,0.06428571428571428,0.7067226890756303,21.77310924369748
mexc,AMOREUSDT,AMORE-USDT,AMORE,USDT,True,1,True,0.001517,31105.200733,19786258.91,0.001509,1192.59,0.001518,109855.11,59.46481665014939,1.7996183099999998,1e-06,0.0,0.0,1.0,0.0,0.0005,exchangeInfo.quotePrecision/baseSizePrecision/quoteAmountPrecision,1,False,0.19243697478991598,0.2735294117647059,0.21638655462184875,21.750000000000004
mexc,SYLUSDT,SYL-USDT,SYL,USDT,True,1,True,5.24e-05,20260.2869851,387772558.36,5.19e-05,2346441.2,5.26e-05,205145.91,133.97129186602808,10.790674866,1e-07,0.0,0.0,1.0,0.0,0.0005,exchangeInfo.quotePrecision/baseSizePrecision/quoteAmountPrecision,1,False,0.15630252100840336,0.0873949579831933,0.5453781512605042,21.689075630252102
mexc,NTXUSDT,NTX-USDT,NTX,USDT,True,1,True,0.00415,36332.0629,8902058.41,0.00414,1238.78,0.00419,12690.16,120.04801920768442,5.128549199999999,1e-05,0.001,0.001,1.0,0.0,0.0005,exchangeInfo.quotePrecision/baseSizePrecision/quoteAmountPrecision,1,False,0.20294117647058824,0.10630252100840332,0.39285714285714285,21.676470588235293
mexc,SKXUSDT,SKX-USDT,SKX,USDT,True,1,True,0.07162,5996.2059,87938.96,0.0712,2766.97,0.07227,438.6,149.16010315745473,31.697622000000003,1e-05,0.0,0.0,1.0,0.0,0.0005,exchangeInfo.quotePrecision/baseSizePrecision/quoteAmountPrecision,1,False,0.1,0.07310924369747895,0.7151260504201681,21.630252100840337
mexc,ELAUSDT,ELA-USDT,ELA,USDT,True,1,True,0.454,1674.289,3731.17,0.446,354.04,0.453,137.79,155.72858731924373,62.41887,0.001,0.0,0.0,1.0,0.0,0.0005,exchangeInfo.quotePrecision/baseSizePrecision/quoteAmountPrecision,1,False,0.07142857142857142,0.0676470588235294,0.8,21.619747899159666
mexc,BRETTETHUSDT,BRETTETH-USDT,BRETTETH,USDT,True,1,True,0.01788,31910.37318,1787128.73,0.01779,78.17,0.01789,1392.51,56.05381165919248,1.3906443,1e-05,0.0,0.0,1.0,0.0,0.0005,exchangeInfo.quotePrecision/baseSizePrecision/quoteAmountPrecision,1,False,0.19453781512605042,0.29915966386554627,0.16932773109243698,21.565126050420172
mexc,TRIOUSDT,TRIO-USDT,TRIO,USDT,True,1,True,0.02064,18856.67023,953274.12,0.0205,555.93,0.02078,5905.14,135.6589147286817,11.396564999999999,1e-05,0.0,0.0,1.0,0.0,0.0005,exchangeInfo.quotePrecision/baseSizePrecision/quoteAmountPrecision,1,False,0.15168067226890755,0.08571428571428574,0.5529411764705883,21.544117647058826
mexc,AGRSUSDT,AGRS-USDT,AGRS,USDT,True,1,True,0.3947,2413.9988,6062.63,0.3914,3.31,0.3926,42.59,30.612244897958643,1.2955340000000002,0.0001,0.0,0.0,1.0,0.0,0.0005,exchangeInfo.quotePrecision/baseSizePrecision/quoteAmountPrecision,1,False,0.0773109243697479,0.6012605042016806,0.11218487394957984,21.527310924369747
mexc,EGOUSDT,EGO-USDT,EGO,USDT,True,1,True,0.0004226,45904.4757998,109031039.74,0.0004194,14823.61,0.0004241,7646.16,111.44042679312402,3.242736456,1e-07,0.0,0.0,1.0,0.0,0.0005,exchangeInfo.quotePrecision/baseSizePrecision/quoteAmountPrecision,1,False,0.22142857142857142,0.11974789915966388,0.31554621848739495,21.483193277310924
mexc,XRPBTC,XRP-BTC,XRP,BTC,True,1,True,1.9691e-05,8.881849276,450227.73,1.968e-05,381.09,1.9702e-05,17.54,11.172616931591802,0.00034557307999999996,1e-09,10.0,10.0,5e-06,0.0,0.0005,exchangeInfo.quotePrecision/baseSizePrecision/quoteAmountPrecision,1,False,0.014285714285714285,0.8210084033613445,0.0063025210084033615,21.436974789915965
mexc,SERUSDT,SER-USDT,SER,USDT,True,1,True,8.4e-05,26055.0505118,310168868.54,8.38e-05,68127.97,8.42e-05,15583.25,47.61904761904715,1.31210965,1e-07,0.01,0.01,1.0,0.0,0.0005,exchangeInfo.quotePrecision/baseSizePrecision/quoteAmountPrecision,1,False,0.17184873949579832,0.3810924369747899,0.12058823529411765,21.39075630252101
mexc,NXRAUSDT,NXRA-USDT,NXRA,USDT,True,1,True,0.00184,6566.98347,3669207.5,0.00183,75689.19,0.00187,18391.55,216.2162162162156,34.3921985,1e-05,0.0,0.0,1.0,0.0,0.0005,exchangeInfo.quotePrecision/baseSizePrecision/quoteAmountPrecision,1,False,0.10210084033613445,0.04453781512605037,0.730672268907563,21.342436974789912
mexc,EDOMUSDT,EDOM-USDT,EDOM,USDT,True,1,True,0.000608,14384.501233,20808770.75,0.000608,64496.89,0.00063,35181.73,355.4119547657511,22.164489900000003,1e-06,0.0,0.0,1.0,0.0,0.0005,exchangeInfo.quotePrecision/baseSizePrecision/quoteAmountPrecision,1,False,0.13655462184873948,0.024789915966386578,0.6600840336134454,21.331932773109248
mexc,EMRUSDT,EMR-USDT,EMR,USDT,True,1,True,0.000514,32502.887106,63753513.38,0.000513,2693.39,0.000516,2852.32,58.309037900873946,1.3817090699999999,1e-06,0.0,0.0,1.0,0.0,0.0005,exchangeInfo.quotePrecision/baseSizePrecision/quoteAmountPrecision,1,False,0.19663865546218487,0.28361344537815125,0.16554621848739495,21.21638655462185
mexc,MAIVUSDT,MAIV-USDT,MAIV,USDT,True,1,True,0.00078,866.3904808,1112585.4,0.0007776,1747.48,0.00078,82653.79,30.816640986131866,1.358840448,1e-07,0.0,0.0,1.0,0.0,0.0005,exchangeInfo.quotePrecision/baseSizePrecision/quoteAmountPrecision,1,False,0.05630252100840336,0.6004201680672269,0.1550420168067227,21.207983193277315
mexc,PUSSUSDT,PUSS-USDT,PUSS,USDT,True,1,True,0.004559,10791.387844,2376266.88,0.004533,995.62,0.00456,2309.69,59.3863411415377,4.51314546,1e-06,0.0,0.0,1.0,0.0,0.0005,exchangeInfo.quotePrecision/baseSizePrecision/quoteAmountPrecision,1,False,0.1264705882352941,0.2747899159663866,0.3689075630252101,21.20378151260504
mexc,RJVUSDT,RJV-USDT,RJV,USDT,True,1,True,0.00122,1592.070339,1298568.2,0.001218,44161.73,0.001238,60598.19,162.8664495114011,53.788987139999996,1e-06,0.0,0.0,1.0,0.0,0.0005,exchangeInfo.quotePrecision/baseSizePrecision/quoteAmountPrecision,1,False,0.06974789915966387,0.0634453781512605,0.7886554621848739,21.195378151260506
mexc,WOLFTONUSDT,WOLFTON-USDT,WOLFTON,USDT,True,1,True,0.0002868,8158.4201486,28425608.68,0.0002857,10970.01,0.0002871,9629.27,48.8826815642451,2.764563417,1e-07,0.0,0.0,1.0,0.0,0.0005,exchangeInfo.quotePrecision/baseSizePrecision/quoteAmountPrecision,1,False,0.11386554621848739,0.36638655462184877,0.28697478991596637,21.16176470588235
mexc,BOBERUSDT,BOBER-USDT,BOBER,USDT,True,1,True,5.12e-05,8878.0780593,179745002.27,5.1e-05,25702.75,5.12e-05,5619621.17,39.138943248531916,1.31084025,1e-07,0.0,0.0,1.0,0.0,0.0005,exchangeInfo.quotePrecision/baseSizePrecision/quoteAmountPrecision,1,False,0.1180672268907563,0.49075630252100844,0.11764705882352941,21.115546218487395
mexc,SINUSDT,SIN-USDT,SIN,USDT,True,1,True,0.0001548,30202.5084887,184757692.35,0.0001544,105698.8,0.0001553,9254.71,58.12076202776848,1.437256463,1e-07,0.0001,0.0001,1.0,0.0,0.0005,exchangeInfo.quotePrecision/baseSizePrecision/quoteAmountPrecision,1,False,0.18823529411764706,0.28445378151260503,0.1819327731092437,21.10294117647059
mexc,TRCRUSDT,TRCR-USDT,TRCR,USDT,True,1,True,0.002624,17252.6063349,6573904.58,0.0026186,1373.22,0.0026292,426.17,40.397881016806785,1.1204861640000001,1e-07,0.0,0.0,1.0,0.0,0.0005,exchangeInfo.quotePrecision/baseSizePrecision/quoteAmountPrecision,1,False,0.14789915966386555,0.47352941176470587,0.05630252100840336,21.09873949579832
mexc,ANTUSDT,ANT-USDT,ANT,USDT,True,1,True,0.000228276,9040.115826663,39470875.61,0.000227709,26837.69,0.000229245,42983.76,67.22777347391553,6.11118355221,1e-09,0.0,0.0,1.0,0.0,0.0005,exchangeInfo.quotePrecision/baseSizePrecision/quoteAmountPrecision,1,False,0.11890756302521008,0.2302521008403361,0.4394957983193277,21.08613445378151
mexc,GAINUSDT,GAIN-USDT,GAIN,USDT,True,1,True,0.0005727,10084.8290013,16884592.65,0.0005728,9601.95,0.0005766,9538.67,66.1214546720025,5.499996960000001,1e-07,0.0,0.0,1.0,0.0,0.0005,exchangeInfo.quotePrecision/baseSizePrecision/quoteAmountPrecision,1,False,0.1222689075630252,0.2378151260504202,0.4184873949579832,21.03991596638656
mexc,KILOUSDC,KILO-USDC,KILO,USDC,True,1,True,0.006283,53842.773894,8577177.72,0.006233,198.86,0.006297,875.66,102.15482841181137,1.23949438,1e-06,0.0,0.0,1.0,0.0,0.0,exchangeInfo.quotePrecision/baseSizePrecision/quoteAmountPrecision,1,False,0.2907563025210084,0.12983193277310923,0.08949579831932773,21.02731092436975
mexc,VOLTUSDT,VOLT-USDT,VOLT,USDT,True,1,True,4.55e-08,19076.105963499,422541868451.0,4.54e-08,28185664.0,4.56e-08,1981064274.0,43.95604395604289,1.2796291456000002,1e-10,10000.0,10000.0,1.0,0.0,0.0005,exchangeInfo.quotePrecision/baseSizePrecision/quoteAmountPrecision,1,False,0.15252100840336136,0.42184873949579826,0.10420168067226891,21.018907563025213
mexc,B3TRUSDT,B3TR-USDT,B3TR,USDT,True,1,True,0.01011,23807.93197,2413677.06,0.01012,702.8,0.01025,1294.16,127.63868433971518,7.112336,1e-05,0.0,0.0,1.0,0.0,0.0005,exchangeInfo.quotePrecision/baseSizePrecision/quoteAmountPrecision,1,False,0.16680672268907562,0.09621848739495797,0.469327731092437,20.96638655462185
mexc,SVTSUSDT,SVTS-USDT,SVTS,USDT,True,1,True,0.14588,10115.73039,69582.06,0.1446,571.25,0.14648,96.17,129.17411021025097,14.0869816,1e-05,0.0,0.0,1.0,0.0,0.0005,exchangeInfo.quotePrecision/baseSizePrecision/quoteAmountPrecision,1,False,0.1226890756302521,0.09411764705882353,0.5861344537815126,20.823529411764707
mexc,TETUSDT,TET-USDT,TET,USDT,True,1,True,0.2499,7668.6444,30281.2,0.2475,606.3,0.2499,50.7,96.50180940892695,12.66993,0.0001,0.0,0.0,1.0,0.0,0.0005,exchangeInfo.quotePrecision/baseSizePrecision/quoteAmountPrecision,1,False,0.10840336134453782,0.1386554621848739,0.569327731092437,20.81512605042017
mexc,MTTUSDT,MTT-USDT,MTT,USDT,True,1,True,17.8,20794.96,1168.21,17.72,0.31,17.87,0.3,84.29334082607593,5.361,0.01,0.0,0.0,1.0,0.0,0.0005,exchangeInfo.quotePrecision/baseSizePrecision/quoteAmountPrecision,1,False,0.1584033613445378,0.15924369747899159,0.4042016806722689,20.77731092436975
mexc,RVFUSDT,RVF-USDT,RVF,USDT,True,1,True,0.02701,15789.05241,572262.45,0.02701,41.83,0.02712,2188.16,40.642896730093845,1.1298283,1e-05,0.0,0.0,1.0,0.0,0.0005,exchangeInfo.quotePrecision/baseSizePrecision/quoteAmountPrecision,1,False,0.14243697478991596,0.4689075630252101,0.05798319327731093,20.716386554621845
mexc,QIEUSDT,QIE-USDT,QIE,USDT,True,1,True,0.1395,11569.0436,75510.64,0.138,144.92,0.1419,2848.39,278.67095391211046,19.99896,0.0001,0.0,0.0,1.0,0.0,0.0005,exchangeInfo.quotePrecision/baseSizePrecision/quoteAmountPrecision,1,False,0.12899159663865548,0.031932773109243695,0.6407563025210085,20.707983193277315
mexc,NEXIUSDT,NEXI-USDT,NEXI,USDT,True,1,True,0.00945,1520.8151,161047.49,0.00946,639.9,0.00951,4333.54,52.71481286241402,6.0534539999999994,1e-05,0.0,0.0,1.0,0.0,0.0005,exchangeInfo.quotePrecision/baseSizePrecision/quoteAmountPrecision,1,False,0.0684873949579832,0.32731092436974785,0.43781512605042017,20.705882352941174
mexc,NEXFIUSDT,NEXFI-USDT,NEXFI,USDT,True,1,True,4.2e-07,142.0832055,366213079.4,4.2e-07,355531048.44,4.3e-07,1243062465.39,235.29411764705907,149.3230403448,1e-08,0.0,0.0,1.0,0.0,0.0005,exchangeInfo.quotePrecision/baseSizePrecision/quoteAmountPrecision,1,False,0.03319327731092437,0.03991596638655459,0.8932773109243698,20.689075630252102
mexc,RIZEUSDT,RIZE-USDT,RIZE,USDT,True,1,True,0.004044,36475.332512,9148674.23,0.004024,2334.24,0.004044,82.75,49.578582052553436,0.33464099999999997,1e-06,0.0,0.0,1.0,0.0,0.0005,exchangeInfo.quotePrecision/baseSizePrecision/quoteAmountPrecision,1,False,0.20336134453781513,0.3579831932773109,0.024789915966386553,20.630252100840334
mexc,AVTUSDT,AVT-USDT,AVT,USDT,True,1,True,0.569,6242.2943,10747.51,0.569,15.53,0.5713,2.39,40.34026133473788,1.365407,0.0001,0.0,0.0,1.0,0.0,0.0005,exchangeInfo.quotePrecision/baseSizePrecision/quoteAmountPrecision,1,False,0.10126050420168067,0.47436974789915964,0.15798319327731092,20.58823529411765
mexc,MBOOMUSDT,MBOOM-USDT,MBOOM,USDT,True,1,True,0.0027052,53565.8716981,19693913.81,0.0026944,473.94,0.002716,375.26,79.84622209078844,1.01920616,1e-07,0.0,0.0,1.0,0.0,0.0005,exchangeInfo.quotePrecision/baseSizePrecision/quoteAmountPrecision,1,False,0.27941176470588236,0.17605042016806727,0.03865546218487395,20.54201680672269
mexc,DPENGUUSDT,DPENGU-USDT,DPENGU,USDT,True,1,True,0.001132,8292.009583,7311691.83,0.001129,2896.07,0.001135,2685.74,53.00353356890396,3.0483148999999994,1e-06,0.0,0.0,1.0,0.0,0.0005,exchangeInfo.quotePrecision/baseSizePrecision/quoteAmountPrecision,1,False,0.11470588235294117,0.3247899159663865,0.3025210084033613,20.478991596638657
mexc,MLCUSDT,MLC-USDT,MLC,USDT,True,1,True,0.0127,13361.9072,1056665.11,0.0126,1993.57,0.0127,468.53,79.05138339920902,5.950330999999999,0.0001,0.0,0.0,1.0,0.0,0.0005,exchangeInfo.quotePrecision/baseSizePrecision/quoteAmountPrecision,1,False,0.1323529411764706,0.17773109243697482,0.4323529411764706,20.36974789915967
mexc,ELPUSDT,ELP-USDT,ELP,USDT,True,1,True,0.0009,6070.490526,5457810.75,0.0009,427057.29,0.000914,23418.78,154.35501653803766,21.404764919999998,1e-06,0.0,0.0,1.0,0.0,0.0005,exchangeInfo.quotePrecision/baseSizePrecision/quoteAmountPrecision,1,False,0.1004201680672269,0.06806722689075628,0.653781512605042,20.30042016806723
mexc,IXFIUSDT,IXFI-USDT,IXFI,USDT,True,1,True,0.000787,32020.10388,40702064.1,0.000783,5214.63,0.000793,165761.8,126.90355329949273,4.08305529,1e-06,0.0,0.0,1.0,0.0,0.0005,exchangeInfo.quotePrecision/baseSizePrecision/quoteAmountPrecision,1,False,0.1949579831932773,0.09747899159663864,0.3558823529411765,20.277310924369747
mexc,VESUSDT,VES-USDT,VES,USDT,True,1,True,0.000695,2262.334212,3236754.19,0.000693,15052.99,0.000698,349023.21,71.89072609633375,10.431722070000001,1e-06,0.0,0.0,1.0,0.0,0.0005,exchangeInfo.quotePrecision/baseSizePrecision/quoteAmountPrecision,1,False,0.07647058823529412,0.20840336134453785,0.5369747899159664,20.15546218487395
mexc,BDXBTC,BDX-BTC,BDX,BTC,True,1,True,1.2001e-06,30.7228826714,25673949.0,1.1997e-06,3709.0,1.2018e-06,327.0,17.489069331669025,0.00039298860000000003,1e-10,0.0,0.0,5e-06,0.0,0.0005,exchangeInfo.quotePrecision/baseSizePrecision/quoteAmountPrecision,1,False,0.02226890756302521,0.7504201680672269,0.0067226890756302525,20.119747899159666
mexc,XDBUSDT,XDB-USDT,XDB,USDT,True,1,True,0.000107,5796.3650323,53364393.75,0.0001071,195672.55,0.0001088,402541.48,157.48031496062998,20.956530105,1e-07,0.0,0.0,1.0,0.0,0.0005,exchangeInfo.quotePrecision/baseSizePrecision/quoteAmountPrecision,1,False,0.09873949579831932,0.06680672268907561,0.65,20.100840336134453
mexc,MOEWUSDT,MOEW-USDT,MOEW,USDT,True,1,True,0.0002214,38190.4534787,171556441.47,0.0002207,5561.15,0.000222,151830.0,58.73051728032548,1.227345805,1e-07,0.0,0.0,1.0,0.0,0.0005,exchangeInfo.quotePrecision/baseSizePrecision/quoteAmountPrecision,1,False,0.20588235294117646,0.2810924369747899,0.08487394957983194,20.048319327731093
mexc,OGPUUSDT,OGPU-USDT,OGPU,USDT,True,1,True,0.072,8659.5764,120502.17,0.0718,267.89,0.0725,120.0,97.02009702009596,8.7,0.0001,0.0,0.0,1.0,0.0,0.0005,exchangeInfo.quotePrecision/baseSizePrecision/quoteAmountPrecision,1,False,0.11638655462184874,0.13739495798319323,0.5050420168067227,19.936974789915965
mexc,CLSUSDT,CLS-USDT,CLS,USDT,True,1,True,0.009489,32427.132462,3388463.87,0.009419,1361.38,0.00951,275.58,96.14876644302294,2.6207657999999996,1e-06,0.1,0.1,1.0,0.0,0.0005,exchangeInfo.quotePrecision/baseSizePrecision/quoteAmountPrecision,1,False,0.19621848739495798,0.13949579831932768,0.2819327731092437,19.918067226890756
mexc,SOEXUSDT,SOEX-USDT,SOEX,USDT,True,1,True,0.0022,10982.87342,4662885.99,0.0022,1539.23,0.002214,1563.65,63.4345265065686,3.3863060000000003,1e-06,0.0,0.0,1.0,0.0,0.0005,exchangeInfo.quotePrecision/baseSizePrecision/quoteAmountPrecision,1,False,0.126890756302521,0.25210084033613445,0.32605042016806723,19.80252100840336
mexc,TRUSTSWAPUSDT,TRUSTSWAP-USDT,TRUSTSWAP,USDT,True,1,True,0.05845,1776.30382,28082.98,0.05892,60.0,0.05921,60.0,49.09845085922265,3.5352,1e-05,1.0,1.0,1.0,0.0,0.0005,exchangeInfo.quotePrecision/baseSizePrecision/quoteAmountPrecision,1,False,0.07184873949579831,0.3642857142857143,0.3357142857142857,19.77310924369748
mexc,MINXUSDT,MINX-USDT,MINX,USDT,True,1,True,0.02172,46075.29009,2006245.32,0.02169,226.96,0.02187,63.62,82.64462809917336,1.3913694,1e-05,0.0,0.0,1.0,0.0,0.0005,exchangeInfo.quotePrecision/baseSizePrecision/quoteAmountPrecision,1,False,0.2222689075630252,0.16512605042016804,0.16974789915966387,19.747899159663866
mexc,HILOUSDT,HILO-USDT,HILO,USDT,True,1,True,0.0076,151.9403,20047.67,0.0076,12157.89,0.00764,1000.0,52.49343832021011,7.64,1e-05,0.0,0.0,1.0,0.0,0.0005,exchangeInfo.quotePrecision/baseSizePrecision/quoteAmountPrecision,1,False,0.03403361344537815,0.3302521008403362,0.47983193277310926,19.72478991596639
mexc,JYAIUSDT,JYAI-USDT,JYAI,USDT,True,1,True,1.5023e-05,31323.626111059,2193999818.76,1.4819e-05,1831489.87,1.5023e-05,251855.65,136.72005897728042,3.78362742995,1e-09,0.0,0.0,1.0,0.0,0.0005,exchangeInfo.quotePrecision/baseSizePrecision/quoteAmountPrecision,1,False,0.19369747899159664,0.08403361344537819,0.3453781512605042,19.661764705882355
mexc,APUUSDT,APU-USDT,APU,USDT,True,1,True,2.69e-05,1398.8162285,54486966.77,2.64e-05,2788883.1,2.68e-05,1111407.2,150.37593984962388,29.78571296,1e-07,0.0,0.0,1.0,0.0,0.0005,exchangeInfo.quotePrecision/baseSizePrecision/quoteAmountPrecision,1,False,0.06722689075630252,0.0714285714285714,0.7037815126050421,19.558823529411768
mexc,VCUSDT,VC-USDT,VC,USDT,True,1,True,0.000494,42485.167994,87356961.48,0.000493,3783.92,0.000498,75000.0,100.90817356205879,1.86547256,1e-06,0.0,0.0,1.0,0.0,0.0005,exchangeInfo.quotePrecision/baseSizePrecision/quoteAmountPrecision,1,False,0.21470588235294116,0.13193277310924367,0.2218487394957983,19.544117647058822
mexc,TAGUSD1,TAG-USD1,TAG,USD1,True,1,True,0.0007908,54152.2727722,71785252.33,0.0007777,2934.57,0.0007915,1516.11,175.88580168238607,1.200001065,1e-07,0.0,0.0,1.0,0.0001,0.0001,exchangeInfo.quotePrecision/baseSizePrecision/quoteAmountPrecision,1,False,0.3058823529411765,0.05840336134453783,0.06260504201680672,19.53571428571429
mexc,WBTCBTC,WBTC-BTC,WBTC,BTC,True,1,True,0.9995,2.8492,3.34053,0.9984,0.06607,1.0002,0.00238,18.012608826178564,0.0023804760000000003,0.0001,0.0,0.0,5e-06,0.0,0.0005,exchangeInfo.quotePrecision/baseSizePrecision/quoteAmountPrecision,1,False,0.01134453781512605,0.7436974789915967,0.011764705882352941,19.45168067226891
mexc,CNGUSDT,CNG-USDT,CNG,USDT,True,1,True,0.004389,95.138713,21557.89,0.004389,12003.98,0.004434,7715.89,102.00612036722183,34.21225626,1e-06,0.0,0.0,1.0,0.0,0.0005,exchangeInfo.quotePrecision/baseSizePrecision/quoteAmountPrecision,1,False,0.02773109243697479,0.130672268907563,0.7298319327731092,19.38865546218487
mexc,WQUILUSDT,WQUIL-USDT,WQUIL,USDT,True,1,True,0.013,396.2568,30286.81,0.0131,50456.88,0.0132,1241.02,76.0456273764254,16.381464,0.0001,0.0,0.0,1.0,0.0,0.0005,exchangeInfo.quotePrecision/baseSizePrecision/quoteAmountPrecision,1,False,0.046638655462184875,0.1869747899159664,0.6067226890756302,19.373949579831933
mexc,STBUUSDT,STBU-USDT,STBU,USDT,True,1,True,0.001764,1443.204961,826485.52,0.001755,811.83,0.001762,2966.9,39.80665339778131,1.4247616500000002,1e-06,0.0,0.0,1.0,0.0,0.0005,exchangeInfo.quotePrecision/baseSizePrecision/quoteAmountPrecision,1,False,0.06764705882352941,0.48193277310924365,0.17941176470588235,19.357142857142858
mexc,VPEPEUSDT,VPEPE-USDT,VPEPE,USDT,True,1,True,0.00677,10133.88912,1492828.9,0.00676,368.47,0.0068,518.93,58.99705014749151,2.4908572,1e-05,0.0,0.0,1.0,0.0,0.0005,exchangeInfo.quotePrecision/baseSizePrecision/quoteAmountPrecision,1,False,0.123109243697479,0.27941176470588236,0.2743697478991597,19.2436974789916
mexc,MOVEUSDC,MOVE-USDC,MOVE,USDC,True,1,True,0.01749,52569.33576,2983764.65,0.01739,5184.98,0.01756,71.25,97.2818311874106,1.25115,1e-05,0.0,0.0,1.0,0.0,0.0,exchangeInfo.quotePrecision/baseSizePrecision/quoteAmountPrecision,1,False,0.25210084033613445,0.13697478991596634,0.0957983193277311,19.205882352941174
mexc,PBXUSDT,PBX-USDT,PBX,USDT,True,1,True,0.00505,31766.75757,6197590.77,0.00505,311.01,0.00509,3083.25,78.89546351084834,1.5706004999999998,1e-05,0.0,0.0,1.0,0.0,0.0005,exchangeInfo.quotePrecision/baseSizePrecision/quoteAmountPrecision,1,False,0.19411764705882353,0.1785714285714286,0.19957983193277312,19.13235294117647
mexc,PIGGYUSDT,PIGGY-USDT,PIGGY,USDT,True,1,True,0.05332,4861.76449,90805.99,0.05265,452.24,0.05503,631.25,442.05052005943537,23.810436000000003,1e-05,0.0,0.0,1.0,0.0,0.0005,exchangeInfo.quotePrecision/baseSizePrecision/quoteAmountPrecision,1,False,0.09327731092436975,0.02268907563025213,0.6710084033613445,19.11764705882353
mexc,SDBUSDT,SDB-USDT,SDB,USDT,True,1,True,0.00155,4172.846468,2735284.71,0.00153,10000.0,0.00155,3560819.06,129.87012987013023,15.299999999999999,1e-06,0.0,0.0,1.0,0.0,0.0005,exchangeInfo.quotePrecision/baseSizePrecision/quoteAmountPrecision,1,False,0.08907563025210084,0.0911764705882353,0.5966386554621849,19.11134453781513
mexc,JSKUSDT,JSK-USDT,JSK,USDT,True,1,True,0.000591,16892.948624,16734733.19,0.000589,7486.15,0.000594,6723.78,84.5308537616232,3.99392532,1e-06,0.0,0.0,1.0,0.0,0.0005,exchangeInfo.quotePrecision/baseSizePrecision/quoteAmountPrecision,1,False,0.146218487394958,0.1584033613445378,0.3521008403361345,19.044117647058826
mexc,LEOXUSDT,LEOX-USDT,LEOX,USDT,True,1,True,0.00671,107.67945,15551.45,0.00678,187.4,0.0068,195.38,29.455081001472834,1.270572,1e-05,0.0,0.0,1.0,0.0,0.0005,exchangeInfo.quotePrecision/baseSizePrecision/quoteAmountPrecision,1,False,0.028991596638655463,0.615546218487395,0.10168067226890756,19.01680672268908
mexc,FITUSDT,FIT-USDT,FIT,USDT,True,1,True,4.737e-05,10570.94078678,220534183.45,4.719e-05,90295.11,4.755e-05,88953.38,75.99746675110757,4.229733219,1e-08,0.0,0.0,1.0,0.0,0.0005,exchangeInfo.quotePrecision/baseSizePrecision/quoteAmountPrecision,1,False,0.12521008403361344,0.18739495798319328,0.3600840336134454,18.773109243697476
mexc,SWCHUSDT,SWCH-USDT,SWCH,USDT,True,1,True,0.0524,10458.7828,203246.04,0.0506,848.27,0.0538,245.9,613.0268199233719,13.229420000000001,0.0001,0.0,0.0,1.0,0.0,0.0005,exchangeInfo.quotePrecision/baseSizePrecision/quoteAmountPrecision,1,False,0.12394957983193278,0.015126050420168013,0.576890756302521,18.73319327731092
mexc,GRAMPUSUSDT,GRAMPUS-USDT,GRAMPUS,USDT,True,1,True,0.000665,45790.788683,68768115.46,0.000662,1926.59,0.000667,1854.26,75.24454477050271,1.2367914199999999,1e-06,0.0,0.0,1.0,0.0,0.0005,exchangeInfo.quotePrecision/baseSizePrecision/quoteAmountPrecision,1,False,0.22058823529411764,0.19243697478991595,0.08865546218487395,18.71638655462185
mexc,SUNDOGUSDT,SUNDOG-USDT,SUNDOG,USDT,True,1,True,0.00477,2952.3322,611438.88,0.00476,45045.11,0.00484,3902.96,166.66666666666526,18.8903264,1e-05,0.0,0.0,1.0,0.0,0.0005,exchangeInfo.quotePrecision/baseSizePrecision/quoteAmountPrecision,1,False,0.08235294117647059,0.061344537815126055,0.6310924369747899,18.68487394957983
mexc,SUTUSDT,SUT-USDT,SUT,USDT,True,1,True,0.71,1340.042,1902.48,0.71,150.0,0.777,47.5,901.1432414256901,36.9075,0.001,0.0,0.0,1.0,0.0,0.0005,exchangeInfo.quotePrecision/baseSizePrecision/quoteAmountPrecision,1,False,0.06638655462184874,0.008403361344537785,0.7390756302521009,18.642857142857146
mexc,XIONUSDT,XION-USDT,XION,USDT,True,1,True,0.1038,20289.2964,206098.12,0.1026,37.0,0.1037,37.0,106.64081434803721,3.7962,0.0001,0.0,0.0,1.0,0.0,0.0005,exchangeInfo.quotePrecision/baseSizePrecision/quoteAmountPrecision,1,False,0.15672268907563025,0.12352941176470589,0.346218487394958,18.63235294117647
mexc,MCNUSDT,MCN-USDT,MCN,USDT,True,1,True,0.0897,6916.9359,76241.03,0.089,4008.73,0.0901,102.35,122.83640424343986,9.221734999999999,0.0001,0.0,0.0,1.0,0.0,0.0005,exchangeInfo.quotePrecision/baseSizePrecision/quoteAmountPrecision,1,False,0.10420168067226891,0.10210084033613442,0.5172268907563026,18.628151260504204
mexc,MLTUSDT,MLT-USDT,MLT,USDT,True,1,True,0.01937,295.4415,15252.53,0.01937,2328.78,0.01986,2817.37,249.80881978078045,45.1084686,1e-05,0.01,0.01,1.0,0.0,0.0005,exchangeInfo.quotePrecision/baseSizePrecision/quoteAmountPrecision,1,False,0.043697478991596636,0.0357142857142857,0.7655462184873949,18.607142857142858
mexc,XELUSDT,XEL-USDT,XEL,USDT,True,1,True,0.3,22515.89,72944.02,0.3,4.83,0.302,76.43,66.44518272425256,1.449,0.001,0.0,0.0,1.0,0.0,0.0005,exchangeInfo.quotePrecision/baseSizePrecision/quoteAmountPrecision,1,False,0.16260504201680673,0.23655462184873954,0.1861344537815126,18.57983193277311
mexc,CTAUSDT,CTA-USDT,CTA,USDT,True,1,True,0.01231,1174.12685,88989.8,0.01227,113.43,0.01232,569.57,40.66693777958495,1.3917861,1e-05,0.0,0.0,1.0,0.0,0.0005,exchangeInfo.quotePrecision/baseSizePrecision/quoteAmountPrecision,1,False,0.06218487394957983,0.4676470588235294,0.17016806722689076,18.514705882352946
mexc,CRVETH,CRV-ETH,CRV,ETH,True,1,True,0.000102,41.26087123,400753.925,0.00010192,239.268,0.00010217,228.316,24.498995541183408,0.02332704572,1e-08,0.001,0.001,0.0001,0.0,0.0005,exchangeInfo.quotePrecision/baseSizePrecision/quoteAmountPrecision,1,False,0.024369747899159664,0.6722689075630253,0.018067226890756304,18.508403361344538
mexc,KPCUSDT,KPC-USDT,KPC,USDT,True,1,True,0.001817,13517.685494,7443249.74,0.001806,552.6,0.001814,760.59,44.19889502762418,0.9979956000000001,1e-06,0.01,0.01,1.0,0.0,0.0005,exchangeInfo.quotePrecision/baseSizePrecision/quoteAmountPrecision,1,False,0.13277310924369748,0.4197478991596638,0.034873949579831934,18.493697478991596
mexc,UBXUSDT,UBX-USDT,UBX,USDT,True,1,True,2.37e-07,47121.6302240907,197504709013.0,2.311e-07,10295748.0,2.378e-07,42881646.0,285.7752185967158,2.3793473628,1e-10,0.0,0.0,1.0,0.0,0.0005,exchangeInfo.quotePrecision/baseSizePrecision/quoteAmountPrecision,1,False,0.22394957983193278,0.030672268907563027,0.2676470588235294,18.436974789915965
mexc,CKBTCBTC,CKBTC-BTC,CKBTC,BTC,True,1,True,0.9992,0.0041,0.0042,0.999,0.00326,1.001,0.00326,19.999999999998906,0.0032567399999999997,0.0001,0.0,0.0,5e-06,0.0,0.0005,exchangeInfo.quotePrecision/baseSizePrecision/quoteAmountPrecision,1,False,0.0033613445378151263,0.719327731092437,0.013025210084033614,18.428571428571427
mexc,GWEIUSDT,GWEI-USDT,GWEI,USDT,True,1,True,0.0533,9706.39798,184442.22,0.0533,28.03,0.05359,972.5,54.26139021423868,1.493999,1e-05,0.0,0.0,1.0,0.0,0.0005,exchangeInfo.quotePrecision/baseSizePrecision/quoteAmountPrecision,1,False,0.12100840336134454,0.31596638655462184,0.1920168067226891,18.394957983193276
mexc,JASMYUSDC,JASMY-USDC,JASMY,USDC,True,1,True,0.005301,17190.251232,3239999.43,0.005291,2368.43,0.005321,251.09,56.53976630230025,1.33604989,1e-06,0.0001,0.0001,1.0,0.0,0.0,exchangeInfo.quotePrecision/baseSizePrecision/quoteAmountPrecision,1,False,0.14705882352941177,0.2966386554621848,0.14159663865546218,18.336134453781515
mexc,ARTFIUSDT,ARTFI-USDT,ARTFI,USDT,True,1,True,0.000546,25542.250492,44793977.96,0.000544,12811.68,0.000548,2725.52,73.26007326007306,1.49358496,1e-06,0.0,0.0,1.0,0.0,0.0005,exchangeInfo.quotePrecision/baseSizePrecision/quoteAmountPrecision,1,False,0.17058823529411765,0.20294117647058818,0.1915966386554622,18.287815126050422
mexc,MICHIUSDT,MICHI-USDT,MICHI,USDT,True,1,True,0.001802,307.686263,162096.04,0.001798,771.42,0.001804,669.17,33.31482509716905,1.20718268,1e-06,0.0,0.0,1.0,0.0,0.0005,exchangeInfo.quotePrecision/baseSizePrecision/quoteAmountPrecision,1,False,0.04411764705882353,0.5718487394957983,0.07689075630252101,18.26050420168067
mexc,ABEYUSDT,ABEY-USDT,ABEY,USDT,True,1,True,0.01384,10497.34354,769268.46,0.01377,96.26,0.01384,94.99,50.70626584570853,1.3146616,1e-05,0.0,0.0,1.0,0.0,0.0005,exchangeInfo.quotePrecision/baseSizePrecision/quoteAmountPrecision,1,False,0.12478991596638656,0.3445378151260504,0.12941176470588237,18.06512605042017
mexc,NCDTUSDT,NCDT-USDT,NCDT,USDT,True,1,True,0.0106,0.0,0.0,0.0106,7965.36,0.0107,2994.0,93.8967136150229,32.0358,0.0001,0.0,0.0,1.0,0.0,0.0005,exchangeInfo.quotePrecision/baseSizePrecision/quoteAmountPrecision,1,False,0.0016806722689075631,0.14411764705882357,0.7159663865546219,18.014705882352942
mexc,RFRMUSDT,RFRM-USDT,RFRM,USDT,True,1,True,0.00177,0.0,0.0,0.00177,22597.74,0.00179,27790.78,112.35955056179684,39.9979998,1e-05,0.0,0.0,1.0,0.0,0.0005,exchangeInfo.quotePrecision/baseSizePrecision/quoteAmountPrecision,1,False,0.0016806722689075631,0.11806722689075633,0.7478991596638656,18.002100840336137
mexc,QLINDOUSDT,QLINDO-USDT,QLINDO,USDT,True,1,True,0.0002045,21614.4412087,94130940.21,0.0002048,36349.77,0.0002277,28117.01,1058.9595375722552,6.402243177,1e-07,0.0,0.0,1.0,0.0,0.0005,exchangeInfo.quotePrecision/baseSizePrecision/quoteAmountPrecision,1,False,0.16092436974789917,0.006722689075630228,0.44831932773109245,17.98529411764706
mexc,XL1USDT,XL1-USDT,XL1,USDT,True,1,True,0.0002768,257.6014106,917608.92,0.0002733,15000.0,0.0002747,15000.0,51.094890510950144,4.0995,1e-07,0.0,0.0,1.0,0.0,0.0005,exchangeInfo.quotePrecision/baseSizePrecision/quoteAmountPrecision,1,False,0.04159663865546218,0.3407563025210084,0.35672268907563026,17.941176470588236
mexc,REALTOKENUSDT,REALTOKEN-USDT,REALTOKEN,USDT,True,1,True,0.006059,7333.13562,1209080.3,0.006028,829.46,0.006077,2929.24,80.9582817017754,4.99998488,1e-06,0.0,0.0,1.0,0.0,0.0005,exchangeInfo.quotePrecision/baseSizePrecision/quoteAmountPrecision,1,False,0.10714285714285714,0.17226890756302526,0.3831932773109244,17.863445378151262
mexc,ATLASUSDT,ATLAS-USDT,ATLAS,USDT,True,1,True,0.000163,2426.464096,14967634.71,0.000162,67638.95,0.000164,172428.14,122.69938650306715,10.9575099,1e-06,0.0001,0.0001,1.0,0.0,0.0005,exchangeInfo.quotePrecision/baseSizePrecision/quoteAmountPrecision,1,False,0.07815126050420168,0.10252100840336131,0.5487394957983194,17.83613445378151
mexc,MXETH,MX-ETH,MX,ETH,True,1,True,0.00086863,276.03364815,318181.7,0.00086596,13.88,0.0008686,42.21,30.439996310302718,0.0120195248,1e-08,0.0,0.0,0.0001,0.0,0.0005,exchangeInfo.quotePrecision/baseSizePrecision/quoteAmountPrecision,1,False,0.04285714285714286,0.604201680672269,0.01680672268907563,17.798319327731093
mexc,OTKUSDT,OTK-USDT,OTK,USDT,True,1,True,0.0004689,30437.8736545,63887567.71,0.0004689,772796.89,0.000475,4576.03,129.25097997669215,2.17361425,1e-07,0.0,0.0,1.0,0.0,0.0005,exchangeInfo.quotePrecision/baseSizePrecision/quoteAmountPrecision,1,False,0.18907563025210083,0.09369747899159664,0.25210084033613445,17.783613445378148
mexc,MONIEUSDT,MONIE-USDT,MONIE,USDT,True,1,True,0.01005,23376.56111,2145991.28,0.01001,136.23,0.01008,142.45,69.6864111498264,1.3636622999999999,1e-05,0.0,0.0,1.0,0.0,0.0005,exchangeInfo.quotePrecision/baseSizePrecision/quoteAmountPrecision,1,False,0.16512605042016806,0.21764705882352942,0.15714285714285714,17.665966386554622
mexc,POLISUSDT,POLIS-USDT,POLIS,USDT,True,1,True,0.01108,1261.28708,112004.61,0.01106,2113.71,0.01123,1575.36,152.53476895468822,17.6912928,1e-05,0.0001,0.0001,1.0,0.0,0.0005,exchangeInfo.quotePrecision/baseSizePrecision/quoteAmountPrecision,1,False,0.0634453781512605,0.07016806722689073,0.6201680672268908,17.647058823529413
mexc,RCUSDT,RC-USDT,RC,USDT,True,1,True,0.00361,2660.52478,734961.98,0.00361,1882.16,0.00363,712.14,55.248618784530535,2.5850682,1e-05,0.0,0.0,1.0,0.0,0.0005,exchangeInfo.quotePrecision/baseSizePrecision/quoteAmountPrecision,1,False,0.08025210084033614,0.30756302521008405,0.276890756302521,17.64075630252101
mexc,KIMAUSDT,KIMA-USDT,KIMA,USDT,True,1,True,0.01687,4954.61645,306834.73,0.01652,713.8,0.01685,1034.46,197.78243931675186,11.791976,1e-05,0.0,0.0,1.0,0.0,0.0005,exchangeInfo.quotePrecision/baseSizePrecision/quoteAmountPrecision,1,False,0.09453781512605042,0.05126050420168071,0.557563025210084,17.632352941176475
mexc,KASPYUSDT,KASPY-USDT,KASPY,USDT,True,1,True,2.287e-06,4301.866308422,1866989401.46,2.273e-06,560330.98,2.283e-06,5416985.74,43.89815627743592,1.27363231754,1e-09,0.0,0.0,1.0,0.0,0.0005,exchangeInfo.quotePrecision/baseSizePrecision/quoteAmountPrecision,1,False,0.08991596638655462,0.42352941176470593,0.10252100840336134,17.584033613445378
mexc,SFUNDUSDT,SFUND-USDT,SFUND,USDT,True,1,True,0.02518,3063.71861,121040.64,0.02493,2548.78,0.0256,626.96,265.18899663566214,16.050176,1e-05,0.1,0.1,1.0,0.0,0.0005,exchangeInfo.quotePrecision/baseSizePrecision/quoteAmountPrecision,1,False,0.08361344537815125,0.03361344537815125,0.6042016806722689,17.523109243697476
mexc,IDOSUSDT,IDOS-USDT,IDOS,USDT,True,1,True,0.01278,2211.87232,170779.04,0.01278,778.21,0.01293,2500.73,116.6861143523927,9.9455238,1e-05,0.0,0.0,1.0,0.0,0.0005,exchangeInfo.quotePrecision/baseSizePrecision/quoteAmountPrecision,1,False,0.07563025210084033,0.11218487394957988,0.5256302521008404,17.47689075630252
mexc,XRPETH,XRP-ETH,XRP,ETH,True,1,True,0.000642,122.7095833,191320.03,0.000641,341.73,0.0006429,563.5,29.59732066360296,0.21904893,1e-07,0.0001,0.0001,0.0001,0.0,0.0005,exchangeInfo.quotePrecision/baseSizePrecision/quoteAmountPrecision,1,False,0.030252100840336135,0.6134453781512605,0.023529411764705882,17.47058823529412
mexc,NRGUSDT,NRG-USDT,NRG,USDT,True,1,True,0.01215,30403.5088,2512884.93,0.0121,110.61,0.0122,450.81,82.30452674897212,1.338381,1e-05,0.0,0.0,1.0,0.0,0.0005,exchangeInfo.quotePrecision/baseSizePrecision/quoteAmountPrecision,1,False,0.18865546218487395,0.16554621848739492,0.14327731092436974,17.380252100840334
mexc,SPCFINUSDT,SPCFIN-USDT,SPCFIN,USDT,True,1,True,0.0002742,13964.2998089,50909826.69,0.0002709,51169.08,0.0002773,22870.55,233.49142648668345,6.342003515,1e-07,0.0,0.0,1.0,0.0,0.0005,exchangeInfo.quotePrecision/baseSizePrecision/quoteAmountPrecision,1,False,0.13529411764705881,0.04075630252100837,0.4457983193277311,17.376050420168067
mexc,SELOUSDT,SELO-USDT,SELO,USDT,True,1,True,7.9e-05,13.5035673,168908.27,7.9e-05,17211.67,7.929e-05,17728.07,36.64160717670085,1.3597219299999999,1e-08,0.0,0.0,1.0,0.0,0.0005,exchangeInfo.quotePrecision/baseSizePrecision/quoteAmountPrecision,1,False,0.01764705882352941,0.530672268907563,0.15588235294117647,17.355042016806724
mexc,GWCUSDT,GWC-USDT,GWC,USDT,True,1,True,0.01097,28676.42269,2633045.85,0.01091,2749.77,0.01106,199.73,136.5498406918533,2.2090138,1e-05,0.0,0.0,1.0,0.0,0.0005,exchangeInfo.quotePrecision/baseSizePrecision/quoteAmountPrecision,1,False,0.18361344537815127,0.08445378151260508,0.25504201680672267,17.3109243697479
mexc,SCAUSDT,SCA-USDT,SCA,USDT,True,1,True,0.0181,1486.2984,80677.25,0.0178,1114.01,0.0181,884.14,167.13091922005663,16.002934,0.0001,0.0,0.0,1.0,0.0,0.0005,exchangeInfo.quotePrecision/baseSizePrecision/quoteAmountPrecision,1,False,0.0680672268907563,0.06008403361344539,0.6029411764705882,17.304621848739497
mexc,LTCBTC,LTC-BTC,LTC,BTC,True,1,True,0.0007955,10.4793935,13234.67,0.0007944,0.22,0.0007965,45.837,26.40015085800486,0.000174768,1e-07,0.01,0.01,5e-06,0.0,0.0005,exchangeInfo.quotePrecision/baseSizePrecision/quoteAmountPrecision,1,False,0.015966386554621848,0.6516806722689076,0.005042016806722689,17.271008403361343
mexc,ETCBTC,ETC-BTC,ETC,BTC,True,1,True,0.0001208,1.5343117,12764.96,0.0001206,167.47,0.0001209,1.74,24.844720496893892,0.000210366,1e-07,0.0,0.0,5e-06,0.0,0.0005,exchangeInfo.quotePrecision/baseSizePrecision/quoteAmountPrecision,1,False,0.008403361344537815,0.6678571428571429,0.0054621848739495795,17.267857142857146
mexc,ASTRAUSDT,ASTRA-USDT,ASTRA,USDT,True,1,True,4.87e-05,582.4284245,11202821.24,4.85e-05,27937.4,4.87e-05,63332.03,41.1522633744852,1.3549639,1e-07,0.0,0.0,1.0,0.0,0.0005,exchangeInfo.quotePrecision/baseSizePrecision/quoteAmountPrecision,1,False,0.04957983193277311,0.4600840336134454,0.15168067226890755,17.26260504201681
mexc,PENDULUMUSDT,PENDULUM-USDT,PENDULUM,USDT,True,1,True,0.0231,24161.68972,1045063.87,0.02301,60.85,0.02319,87.11,77.92207792207776,1.4001585,1e-05,0.0,0.0,1.0,0.0,0.0005,exchangeInfo.quotePrecision/baseSizePrecision/quoteAmountPrecision,1,False,0.1672268907563025,0.1827731092436975,0.17394957983193277,17.245798319327733
mexc,CREPEUSDT,CREPE-USDT,CREPE,USDT,True,1,True,0.0001851,3291.4865657,16102144.24,0.0001851,14383.38,0.0001861,10746.91,53.87931034482743,1.999999951,1e-07,0.0,0.0,1.0,0.0,0.0005,exchangeInfo.quotePrecision/baseSizePrecision/quoteAmountPrecision,1,False,0.08403361344537816,0.31848739495798317,0.2323529411764706,17.23109243697479
mexc,CSIGMAUSDT,CSIGMA-USDT,CSIGMA,USDT,True,1,True,0.01011,1.35534,134.06,0.01011,1597.51,0.01019,1705.95,78.817733990148,16.1508261,1e-05,0.0,0.0,1.0,0.0,0.0005,exchangeInfo.quotePrecision/baseSizePrecision/quoteAmountPrecision,1,False,0.007983193277310924,0.1789915966386555,0.6054621848739495,17.02310924369748
mexc,UNIETH,UNI-ETH,UNI,ETH,True,1,True,0.001543,200.931939,129028.89,0.00154,42.11,0.001545,13.25,32.41491085899522,0.02047125,1e-06,0.001,0.001,0.0001,0.0,0.0005,exchangeInfo.quotePrecision/baseSizePrecision/quoteAmountPrecision,1,False,0.03697478991596639,0.5819327731092436,0.01764705882352941,16.93487394957983
mexc,PHLUSDT,PHL-USDT,PHL,USDT,True,1,True,0.0183,12189.26723,673489.1,0.01803,634.94,0.019,361.99,523.8995409127726,6.87781,1e-05,0.0,0.0,1.0,0.0,0.0005,exchangeInfo.quotePrecision/baseSizePrecision/quoteAmountPrecision,1,False,0.13067226890756303,0.01764705882352946,0.46218487394957986,16.8718487394958
mexc,OOEUSDT,OOE-USDT,OOE,USDT,True,1,True,0.000373,857.259398,2294305.84,0.00037,99478.41,0.000376,43069.23,160.85790884718455,16.19403048,1e-06,0.0001,0.0001,1.0,0.0,0.0005,exchangeInfo.quotePrecision/baseSizePrecision/quoteAmountPrecision,1,False,0.05546218487394958,0.06554621848739495,0.6058823529411764,16.806722689075627
mexc,NATIXUSDT,NATIX-USDT,NATIX,USDT,True,1,True,8.745e-05,950.82910091,10882266.84,8.753e-05,201996.06,8.933e-05,492988.5,203.5508311658943,17.6807151318,1e-08,0.0,0.0,1.0,0.0,0.0005,exchangeInfo.quotePrecision/baseSizePrecision/quoteAmountPrecision,1,False,0.05798319327731093,0.04873949579831938,0.6197478991596639,16.802521008403364
mexc,SCARCITYUSDT,SCARCITY-USDT,SCARCITY,USDT,True,1,True,0.00718,6830.7288,954233.45,0.00716,196.58,0.0072,763.88,55.71030640668538,1.4075128000000001,1e-05,0.0,0.0,1.0,0.0,0.0005,exchangeInfo.quotePrecision/baseSizePrecision/quoteAmountPrecision,1,False,0.10294117647058823,0.30294117647058827,0.17689075630252102,16.77310924369748
mexc,ABELUSDT,ABEL-USDT,ABEL,USDT,True,1,True,0.08784,13935.61189,158325.89,0.08768,13.28,0.08815,285.71,53.460729113349494,1.1643903999999998,1e-05,0.0,0.0,1.0,0.0,0.0005,exchangeInfo.quotePrecision/baseSizePrecision/quoteAmountPrecision,1,False,0.13487394957983193,0.3210084033613445,0.058823529411764705,16.619747899159666
mexc,TRTUSDT,TRT-USDT,TRT,USDT,True,1,True,0.0913,10306.0081,119164.93,0.091,13.84,0.0915,393.17,54.79452054794526,1.25944,0.0001,0.0,0.0,1.0,0.0,0.0005,exchangeInfo.quotePrecision/baseSizePrecision/quoteAmountPrecision,1,False,0.12352941176470589,0.31134453781512605,0.1,16.577731092436977
mexc,NUSDUSDT,NUSD-USDT,NUSD,USDT,True,1,True,0.64,23230.901,35605.02,0.639,2.11,0.644,49.52,77.94232268121598,1.34829,0.001,0.0,0.0,1.0,0.0,0.0005,exchangeInfo.quotePrecision/baseSizePrecision/quoteAmountPrecision,1,False,0.1638655462184874,0.1823529411764706,0.14915966386554622,16.554621848739497
mexc,VAIUSDT,VAI-USDT,VAI,USDT,True,1,True,0.00521,17167.26078,3410319.85,0.00519,503.24,0.00525,2102.92,114.94252873563248,2.6118156000000003,1e-05,0.0,0.0,1.0,0.0,0.0005,exchangeInfo.quotePrecision/baseSizePrecision/quoteAmountPrecision,1,False,0.14663865546218488,0.11386554621848743,0.280672268907563,16.525210084033613
mexc,AZEROUSDC,AZERO-USDC,AZERO,USDC,True,1,True,0.004894,26661.179457,5035365.41,0.004887,392.24,0.004923,249.92,73.39449541284495,1.23035616,1e-06,0.01,0.01,1.0,0.0,0.0,exchangeInfo.quotePrecision/baseSizePrecision/quoteAmountPrecision,1,False,0.17605042016806724,0.2021008403361344,0.08571428571428572,16.449579831932773
mexc,DLBUSDT,DLB-USDT,DLB,USDT,True,1,True,9.336e-05,8631.65460061,91734478.99,9.289e-05,15080.11,9.346e-05,207922.67,61.175207942044864,1.4007914179,1e-08,0.0,0.0,1.0,0.0,0.0005,exchangeInfo.quotePrecision/baseSizePrecision/quoteAmountPrecision,1,False,0.11596638655462185,0.2621848739495798,0.17436974789915966,16.420168067226893
mexc,PAXIUSDT,PAXI-USDT,PAXI,USDT,True,1,True,0.02638,19461.29296,718786.04,0.02638,2850.6,0.02686,125.69,180.31555221637785,3.3760334,1e-05,0.0,0.0,1.0,0.0,0.0005,exchangeInfo.quotePrecision/baseSizePrecision/quoteAmountPrecision,1,False,0.15378151260504203,0.05756302521008405,0.3243697478991597,16.384453781512605
mexc,PAWUSDT,PAW-USDT,PAW,USDT,True,1,True,3.833e-10,53308.9702472547,132952900192456.0,3.78e-10,2910052911.0,3.953e-10,5377675443.0,447.4330790120273,1.100000000358,1e-13,0.0,0.0,1.0,0.0,0.0005,exchangeInfo.quotePrecision/baseSizePrecision/quoteAmountPrecision,1,False,0.2689075630252101,0.022268907563025242,0.05042016806722689,16.355042016806724
mexc,NODLUSDT,NODL-USDT,NODL,USDT,True,1,True,0.0005982,25453.3022376,44670972.19,0.0005946,2255.79,0.0005996,2356.04,83.73806732540635,1.341292734,1e-07,0.01,0.01,1.0,0.0,0.0005,exchangeInfo.quotePrecision/baseSizePrecision/quoteAmountPrecision,1,False,0.17016806722689076,0.16092436974789914,0.1453781512605042,16.28991596638656
mexc,NOMOXUSDT,NOMOX-USDT,NOMOX,USDT,True,1,True,0.003941,8834.707151,2371790.72,0.003917,366.98,0.003941,348.18,61.08424535505145,1.3721773800000001,1e-06,0.0,0.0,1.0,0.0,0.0005,exchangeInfo.quotePrecision/baseSizePrecision/quoteAmountPrecision,1,False,0.11764705882352941,0.26302521008403357,0.16176470588235295,16.281512605042014
mexc,AREAUSDT,AREA-USDT,AREA,USDT,True,1,True,0.01452,679.20523,50358.18,0.01344,2157.73,0.01452,1469.94,772.5321888412012,21.3435288,1e-05,0.0,0.0,1.0,0.0,0.0005,exchangeInfo.quotePrecision/baseSizePrecision/quoteAmountPrecision,1,False,0.052521008403361345,0.01134453781512601,0.6533613445378151,16.23949579831933
mexc,READYUSDT,READY-USDT,READY,USDT,True,1,True,0.009928,4110.706995,431431.57,0.009742,853.27,0.009928,6287.07,189.12048805287105,8.31255634,1e-06,0.0,0.0,1.0,0.0,0.0005,exchangeInfo.quotePrecision/baseSizePrecision/quoteAmountPrecision,1,False,0.08865546218487395,0.05378151260504205,0.49747899159663866,16.170168067226893
mexc,NIMUSDT,NIM-USDT,NIM,USDT,True,1,True,0.000433,12323.781162,28869700.7,0.000428,8623.71,0.000434,8575.86,139.2111368909509,3.6909478799999995,1e-06,0.0,0.0,1.0,0.0,0.0005,exchangeInfo.quotePrecision/baseSizePrecision/quoteAmountPrecision,1,False,0.13109243697478992,0.08193277310924374,0.34243697478991597,16.107142857142858
mexc,BATTERYUSDT,BATTERY-USDT,BATTERY,USDT,True,1,True,0.0001355,19267.324013,141199844.29,0.000135,7534.57,0.0001358,5903066.96,59.08419497784287,1.01716695,1e-07,0.0,0.0,1.0,0.0,0.0005,exchangeInfo.quotePrecision/baseSizePrecision/quoteAmountPrecision,1,False,0.15294117647058825,0.2773109243697479,0.037815126050420166,16.100840336134457
mexc,BASEDAIUSDT,BASEDAI-USDT,BASEDAI,USDT,True,1,True,0.0228,4026.2065,182921.02,0.0228,438.59,0.0235,1199.58,302.37580993520487,9.999852,0.0001,0.0,0.0,1.0,0.0,0.0005,exchangeInfo.quotePrecision/baseSizePrecision/quoteAmountPrecision,1,False,0.08781512605042016,0.02815126050420169,0.5260504201680672,16.054621848739497
mexc,LINKETH,LINK-ETH,LINK,ETH,True,1,True,0.004219,67.605495,16001.51,0.004212,64.84,0.004226,1.03,33.1832187722212,0.00435278,1e-06,0.0,0.0,0.0001,0.0,0.0005,exchangeInfo.quotePrecision/baseSizePrecision/quoteAmountPrecision,1,False,0.026050420168067228,0.5726890756302521,0.014285714285714285,16.035714285714285
mexc,OPTUSDT,OPT-USDT,OPT,USDT,True,1,True,0.001308,14618.806224,11198145.36,0.001294,2343.32,0.001311,2508.34,130.51823416506784,3.0322560800000002,1e-06,0.0,0.0,1.0,0.0,0.0005,exchangeInfo.quotePrecision/baseSizePrecision/quoteAmountPrecision,1,False,0.13781512605042018,0.09075630252100841,0.30168067226890755,15.882352941176473
mexc,BELUGAUSDT,BELUGA-USDT,BELUGA,USDT,True,1,True,92.7546,7196.2897,77.77,92.6535,0.02,93.2843,0.02,67.85064682920932,1.85307,0.0001,0.0,0.0,1.0,0.0,0.0005,exchangeInfo.quotePrecision/baseSizePrecision/quoteAmountPrecision,1,False,0.10546218487394958,0.22689075630252098,0.22016806722689075,15.876050420168067
mexc,AGIALPHAUSDT,AGIALPHA-USDT,AGIALPHA,USDT,True,1,True,0.0007803,40.8975371,55461.54,0.0007774,1550.48,0.0007803,1774.72,37.234384027733405,1.205343152,1e-07,0.0,0.0,1.0,0.0,0.0005,exchangeInfo.quotePrecision/baseSizePrecision/quoteAmountPrecision,1,False,0.023949579831932775,0.5214285714285714,0.07605042016806722,15.873949579831931
mexc,KIBSHIUSDT,KIBSHI-USDT,KIBSHI,USDT,True,1,True,3.532e-06,10682.707320294,3047860605.7,3.513e-06,390809.13,3.537e-06,2460205.86,68.08510638297902,1.37291247369,1e-09,0.0,0.0,1.0,0.0,0.0005,exchangeInfo.quotePrecision/baseSizePrecision/quoteAmountPrecision,1,False,0.12563025210084033,0.22521008403361342,0.16302521008403362,15.800420168067228
mexc,SOLVEXUSDT,SOLVEX-USDT,SOLVEX,USDT,True,1,True,0.021,5913.5016,284373.83,0.0207,906.82,0.021,264.16,143.88489208633172,5.547360000000001,0.0001,0.0,0.0,1.0,0.0,0.0005,exchangeInfo.quotePrecision/baseSizePrecision/quoteAmountPrecision,1,False,0.09915966386554621,0.07605042016806718,0.42100840336134454,15.775210084033613
mexc,SYMMUSDT,SYMM-USDT,SYMM,USDT,True,1,True,0.0557,3867.1301,72829.77,0.0551,5556.55,0.0563,143.0,215.43985637342902,8.0509,0.0001,0.0,0.0,1.0,0.0,0.0005,exchangeInfo.quotePrecision/baseSizePrecision/quoteAmountPrecision,1,False,0.08739495798319327,0.04495798319327726,0.49117647058823527,15.754201680672269
mexc,PEPUSDT,PEP-USDT,PEP,USDT,True,1,True,0.000151,5324.4047556,34553624.26,0.0001517,12137.58,0.0001527,174330.83,65.7030223390274,1.841270886,1e-07,0.0,0.0,1.0,0.0,0.0005,exchangeInfo.quotePrecision/baseSizePrecision/quoteAmountPrecision,1,False,0.09621848739495799,0.24033613445378155,0.21890756302521008,15.67857142857143
mexc,MANUSDT,MAN-USDT,MAN,USDT,True,1,True,0.00165,1337.337,867030.63,0.00163,5692.72,0.00165,4458.48,121.95121951219544,7.356491999999999,1e-05,0.0,0.0,1.0,0.0,0.0005,exchangeInfo.quotePrecision/baseSizePrecision/quoteAmountPrecision,1,False,0.06596638655462185,0.10336134453781509,0.473109243697479,15.674369747899158
mexc,ORTAUSDT,ORTA-USDT,ORTA,USDT,True,1,True,0.075,4696.3951,61645.38,0.075,6004.12,0.0804,111.46,694.9806949806953,8.961383999999999,0.0001,0.0,0.0,1.0,0.0,0.0005,exchangeInfo.quotePrecision/baseSizePrecision/quoteAmountPrecision,1,False,0.09243697478991597,0.013445378151260456,0.511344537815126,15.647058823529411
mexc,WHSPRUSDT,WHSPR-USDT,WHSPR,USDT,True,1,True,3.89e-06,2568.73569764,612363765.4,3.78e-06,2865506.2,4.08e-06,9153700.52,763.3587786259545,10.831613436,1e-08,0.0,0.0,1.0,0.0,0.0005,exchangeInfo.quotePrecision/baseSizePrecision/quoteAmountPrecision,1,False,0.07899159663865546,0.0117647058823529,0.5466386554621848,15.57142857142857
mexc,SOLBTC,SOL-BTC,SOL,BTC,True,1,True,0.0012012,0.34150569,286.04,0.00119857,4.82,0.00120233,14.8,31.321587737931647,0.0057771074,1e-08,1.0,1.0,5e-06,0.0,0.0005,exchangeInfo.quotePrecision/baseSizePrecision/quoteAmountPrecision,1,False,0.005042016806722689,0.5932773109243697,0.015546218487394958,15.420168067226891
mexc,ADABTC,ADA-BTC,ADA,BTC,True,1,True,3.674e-06,4.35594618,1184779.312,3.669e-06,14960.544,3.681e-06,389.068,32.653061224489946,0.001432159308,1e-09,0.001,0.001,5e-06,0.0,0.0005,exchangeInfo.quotePrecision/baseSizePrecision/quoteAmountPrecision,1,False,0.012184873949579832,0.5798319327731092,0.010084033613445379,15.367647058823527
mexc,EXSUSDT,EXS-USDT,EXS,USDT,True,1,True,0.002934,14460.857416,4928545.26,0.002923,3553.8,0.002953,675.58,102.11027910142982,1.99498774,1e-06,0.0,0.0,1.0,0.0,0.0005,exchangeInfo.quotePrecision/baseSizePrecision/quoteAmountPrecision,1,False,0.1369747899159664,0.13025210084033612,0.2273109243697479,15.336134453781513
mexc,FORUUSDT,FORU-USDT,FORU,USDT,True,1,True,0.0146,153.02031,10387.06,0.01414,4807.97,0.0146,1357.77,320.1113430758527,19.823442,1e-05,0.0,0.0,1.0,0.0,0.0005,exchangeInfo.quotePrecision/baseSizePrecision/quoteAmountPrecision,1,False,0.034453781512605045,0.026890756302521024,0.638235294117647,15.331932773109244
mexc,TTMUSDT,TTM-USDT,TTM,USDT,True,1,True,0.002602,909.276891,351357.49,0.002582,1874.01,0.002602,2452.77,77.16049382716069,4.8386938200000005,1e-06,0.0,0.0,1.0,0.0,0.0005,exchangeInfo.quotePrecision/baseSizePrecision/quoteAmountPrecision,1,False,0.05714285714285714,0.18529411764705883,0.3773109243697479,15.321428571428571
mexc,BIT1USDT,BIT1-USDT,BIT1,USDT,True,1,True,3.181e-06,1858.668434523,616500381.19,3.181e-06,228550.31,3.195e-06,416199.3,43.91468005018752,0.72701853611,1e-09,0.0001,0.0001,1.0,0.0,0.0005,exchangeInfo.quotePrecision/baseSizePrecision/quoteAmountPrecision,1,False,0.073109243697479,0.42310924369747904,0.031092436974789917,15.22058823529412
mexc,MXBTC,MX-BTC,MX,BTC,True,1,True,2.662e-05,11.25550416,421630.13,2.656e-05,40.66,2.665e-05,215.94,33.82822777673401,0.0010799295999999999,1e-08,0.0,0.0,5e-06,0.0,0.0005,exchangeInfo.quotePrecision/baseSizePrecision/quoteAmountPrecision,1,False,0.01680672268907563,0.5634453781512605,0.009663865546218488,15.20378151260504
mexc,FNCTUSDT,FNCT-USDT,FNCT,USDT,True,1,True,0.0003302,31175.8550758,93947997.74,0.0003293,3036.75,0.0003322,30408.94,87.67951625094531,1.0000017749999999,1e-07,0.0,0.0,1.0,0.0,0.0005,exchangeInfo.quotePrecision/baseSizePrecision/quoteAmountPrecision,1,False,0.19285714285714287,0.1550420168067227,0.03571428571428571,15.197478991596638
mexc,TPROUSDT,TPRO-USDT,TPRO,USDT,True,1,True,0.000761,17457.559095,22904059.89,0.000754,1988.36,0.000762,538612.93,105.54089709762503,1.49922344,1e-06,0.0,0.0,1.0,0.0,0.0005,exchangeInfo.quotePrecision/baseSizePrecision/quoteAmountPrecision,1,False,0.14873949579831933,0.12563025210084033,0.19327731092436976,15.186974789915968
mexc,TRXBTC,TRX-BTC,TRX,BTC,True,1,True,4.712e-06,3.143215082,668207.449,4.703e-06,19928.546,4.719e-06,22773.435,33.96306516663205,0.09372395183799999,1e-09,0.1,0.1,5e-06,0.0,0.0005,exchangeInfo.quotePrecision/baseSizePrecision/quoteAmountPrecision,1,False,0.011764705882352941,0.561344537815126,0.02100840336134454,15.100840336134455
mexc,BAXUSDT,BAX-USDT,BAX,USDT,True,1,True,1.445e-05,242.433927222,16717121.14,1.4486e-05,94778.62,1.4555e-05,102860.19,47.51902482696912,1.37296308932,1e-09,1000.0,1000.0,1.0,0.0,0.0005,exchangeInfo.quotePrecision/baseSizePrecision/quoteAmountPrecision,1,False,0.040336134453781515,0.38319327731092434,0.1634453781512605,15.067226890756302
mexc,PACTUSDT,PACT-USDT,PACT,USDT,True,1,True,3.24e-05,309.2337245,9543724.84,3.23e-05,594753.03,3.25e-05,96153.85,61.7283950617278,3.125000125,1e-07,0.0,0.0,1.0,0.0,0.0005,exchangeInfo.quotePrecision/baseSizePrecision/quoteAmountPrecision,1,False,0.04453781512605042,0.2584033613445378,0.3067226890756303,15.044117647058824
mexc,XLMBTC,XLM-BTC,XLM,BTC,True,1,True,2.434e-06,0.895463667,364460.708,2.43e-06,1055.386,2.438e-06,3536.5,32.86770747740418,0.00256458798,1e-09,0.1,0.1,5e-06,0.0,0.0005,exchangeInfo.quotePrecision/baseSizePrecision/quoteAmountPrecision,1,False,0.0063025210084033615,0.5777310924369747,0.012184873949579832,15.03361344537815
mexc,GRAMUSDT,GRAM-USDT,GRAM,USDT,True,1,True,0.0015,168.30719,110671.57,0.0015,2685.2,0.00151,7376.9,66.44518272425266,4.0278,1e-05,0.0,0.0,1.0,0.0,0.0005,exchangeInfo.quotePrecision/baseSizePrecision/quoteAmountPrecision,1,False,0.03529411764705882,0.23613445378151265,0.3542016806722689,14.92857142857143
mexc,DASHBTC,DASH-BTC,DASH,BTC,True,1,True,0.0004469,2.6182159,5808.74,0.0004461,3.246,0.0004476,1.515,33.56831151393045,0.000678114,1e-07,0.01,0.01,5e-06,0.0,0.0005,exchangeInfo.quotePrecision/baseSizePrecision/quoteAmountPrecision,1,False,0.01050420168067227,0.5663865546218487,0.008403361344537815,14.905462184873949
mexc,SKYAUSDT,SKYA-USDT,SKYA,USDT,True,1,True,0.0006964,13613.5374609,18659451.52,0.0006945,1990.02,0.0007004,2042.2,84.59387769732568,1.38206889,1e-07,0.0,0.0,1.0,0.0,0.0005,exchangeInfo.quotePrecision/baseSizePrecision/quoteAmountPrecision,1,False,0.13403361344537815,0.15798319327731092,0.16596638655462184,14.640756302521007
mexc,NMRETH,NMR-ETH,NMR,ETH,True,1,True,0.003512,47.311303,13228.03,0.003503,0.22,0.003516,77.38,37.04231371990309,0.00077066,1e-06,0.01,0.01,0.0001,0.0,0.0005,exchangeInfo.quotePrecision/baseSizePrecision/quoteAmountPrecision,1,False,0.024789915966386553,0.5231092436974789,0.008823529411764706,14.617647058823527
mexc,PIRATEUSDT,PIRATE-USDT,PIRATE,USDT,True,1,True,0.00418,2376.016657,561966.72,0.004144,1045.0,0.004188,2587.0,105.61689870379207,4.3304800000000006,1e-06,0.0,0.0,1.0,0.0,0.0005,exchangeInfo.quotePrecision/baseSizePrecision/quoteAmountPrecision,1,False,0.07689075630252101,0.12521008403361344,0.3621848739495798,14.60294117647059
mexc,DRGUSDT,DRG-USDT,DRG,USDT,True,1,True,0.01522,773.86554,51932.17,0.01488,609.31,0.01522,1198.36,225.91362126245733,9.0665328,1e-05,0.0,0.0,1.0,0.0,0.0005,exchangeInfo.quotePrecision/baseSizePrecision/quoteAmountPrecision,1,False,0.0546218487394958,0.04243697478991593,0.515126050420168,14.367647058823529
mexc,BADGERBTC,BADGER-BTC,BADGER,BTC,True,1,True,5.31e-06,0.1243758,23583.98,5.301e-06,11.57,5.319e-06,3.64,33.89830508474672,1.936116e-05,1e-09,0.001,0.001,5e-06,0.0,0.0005,exchangeInfo.quotePrecision/baseSizePrecision/quoteAmountPrecision,1,False,0.003781512605042017,0.5626050420168067,0.0016806722689075631,14.30672268907563
mexc,ARETH,AR-ETH,AR,ETH,True,1,True,0.0008235,22.0567731,26617.48,0.0008217,5.51,0.0008248,1490.64,37.655633161251394,0.004527567,1e-07,0.1,0.1,0.0001,0.0,0.0005,exchangeInfo.quotePrecision/baseSizePrecision/quoteAmountPrecision,1,False,0.019327731092436976,0.5142857142857142,0.014705882352941176,14.214285714285712
mexc,JAMUSDT,JAM-USDT,JAM,USDT,True,1,True,1.79e-05,1021.6046532,53829703.15,1.77e-05,564971.75,1.88e-05,793641.31,602.7397260273971,9.999999975,1e-07,0.001,0.001,1.0,0.0,0.0005,exchangeInfo.quotePrecision/baseSizePrecision/quoteAmountPrecision,1,False,0.059243697478991594,0.015966386554621903,0.5277310924369748,14.212184873949582
mexc,LOOPUSDT,LOOP-USDT,LOOP,USDT,True,1,True,0.005401,1279.915962,236482.99,0.005405,243.26,0.005434,265.15,53.510471445704425,1.3148203,1e-06,0.001,0.001,1.0,0.0,0.0005,exchangeInfo.quotePrecision/baseSizePrecision/quoteAmountPrecision,1,False,0.06428571428571428,0.3205882352941176,0.12983193277310925,14.147058823529413
mexc,LUNAMUSDT,LUNAM-USDT,LUNAM,USDT,True,1,True,0.0002104,9922.8461752,47238400.79,0.0002095,10768.11,0.0002122,10126.08,128.0531183305673,2.148754176,1e-07,0.0,0.0,1.0,0.0,0.0005,exchangeInfo.quotePrecision/baseSizePrecision/quoteAmountPrecision,1,False,0.12184873949579832,0.09579831932773109,0.24873949579831933,14.071428571428571
mexc,CAUUSDT,CAU-USDT,CAU,USDT,True,1,True,0.0209,1152.7162,47947.2,0.021,476.19,0.0237,421.94,1208.0536912751666,9.999977999999999,0.0001,0.0,0.0,1.0,0.0,0.0005,exchangeInfo.quotePrecision/baseSizePrecision/quoteAmountPrecision,1,False,0.061764705882352944,0.00546218487394956,0.5264705882352941,14.063025210084035
mexc,IPETH,IP-ETH,IP,ETH,True,1,True,0.0002416,5.363669,22140.01,0.0002409,87.49,0.0002418,27.53,37.2902423865753,0.006656754,1e-07,0.0,0.0,0.0001,0.0,0.0005,exchangeInfo.quotePrecision/baseSizePrecision/quoteAmountPrecision,1,False,0.013025210084033614,0.5205882352941176,0.015966386554621848,14.050420168067223
mexc,XSWAPUSDT,XSWAP-USDT,XSWAP,USDT,True,1,True,0.00647,7200.67685,1093345.54,0.00648,226.25,0.00653,214.79,76.86395080707234,1.4025787,1e-05,0.0,0.0,1.0,0.0,0.0005,exchangeInfo.quotePrecision/baseSizePrecision/quoteAmountPrecision,1,False,0.10630252100840336,0.1861344537815126,0.17521008403361343,14.00420168067227
mexc,SACHICOINUSDT,SACHICOIN-USDT,SACHICOIN,USDT,True,1,True,0.000159,2986.403721,19233246.46,0.000154,187039.5,0.000162,38352.72,506.32911392405094,6.213140640000001,1e-06,0.0,0.0,1.0,0.0,0.0005,exchangeInfo.quotePrecision/baseSizePrecision/quoteAmountPrecision,1,False,0.08277310924369748,0.018907563025210128,0.4432773109243697,13.890756302521009
mexc,MNTCUSDT,MNTC-USDT,MNTC,USDT,True,1,True,0.129,177.0409,1390.24,0.129,9.81,0.1296,10.17,46.40371229698294,1.26549,0.0001,0.0,0.0,1.0,0.0,0.0005,exchangeInfo.quotePrecision/baseSizePrecision/quoteAmountPrecision,1,False,0.03571428571428571,0.396218487394958,0.10084033613445378,13.88655462184874
mexc,KRLUSDT,KRL-USDT,KRL,USDT,True,1,True,0.1452,229.1254,1578.07,0.1438,37.83,0.1452,1629.67,96.88581314878785,5.439954,0.0001,0.0,0.0,1.0,0.0,0.0005,exchangeInfo.quotePrecision/baseSizePrecision/quoteAmountPrecision,1,False,0.03949579831932773,0.13781512605042012,0.4126050420168067,13.869747899159663
mexc,ANKRBTC,ANKR-BTC,ANKR,BTC,True,1,True,7.458e-08,1.17620109614,15762110.2646,7.448e-08,3006.6162,7.475e-08,421.4457,36.185753534812264,3.1503066075000004e-05,1e-11,0.01,0.01,5e-06,0.0,0.0005,exchangeInfo.quotePrecision/baseSizePrecision/quoteAmountPrecision,1,False,0.007142857142857143,0.5361344537815126,0.0025210084033613447,13.846638655462185
mexc,ONTBTC,ONT-BTC,ONT,BTC,True,1,True,1.6174e-06,16.4376123713,10208081.43,1.6074e-06,179.84,1.6135e-06,38.8,37.87761184762045,6.26038e-05,1e-10,0.01,0.01,5e-06,0.0,0.0005,exchangeInfo.quotePrecision/baseSizePrecision/quoteAmountPrecision,1,False,0.018067226890756304,0.5109243697478991,0.003781512605042017,13.842436974789917
mexc,WEETHUSDT,WEETH-USDT,WEETH,USDT,True,1,True,2244.34,2.68,0.0012,2232.51,0.0554,2242.68,0.0006,45.450584221003425,1.3456079999999997,0.01,0.0,0.0,1.0,0.0,0.0005,exchangeInfo.quotePrecision/baseSizePrecision/quoteAmountPrecision,1,False,0.010924369747899159,0.4046218487394958,0.14831932773109244,13.682773109243698
mexc,FLDTUSDT,FLDT-USDT,FLDT,USDT,True,1,True,0.06392,25422.62107,398624.01,0.06363,22.08,0.06447,19.9,131.14754098360555,1.2829529999999998,1e-05,0.0,0.0,1.0,0.0,0.0005,exchangeInfo.quotePrecision/baseSizePrecision/quoteAmountPrecision,1,False,0.16974789915966387,0.08949579831932775,0.10504201680672269,13.674369747899162
mexc,KORIUSDT,KORI-USDT,KORI,USDT,True,1,True,0.000845,634.9717488,723159.6,0.0008065,11158.01,0.000845,71979.83,466.24280956706036,8.998935065000001,1e-07,0.0,0.0,1.0,0.0,0.0005,exchangeInfo.quotePrecision/baseSizePrecision/quoteAmountPrecision,1,False,0.052100840336134456,0.021428571428571463,0.5130252100840336,13.661764705882353
mexc,RSRETH,RSR-ETH,RSR,ETH,True,1,True,6.983e-07,9.1419053874,12778051.79,6.962e-07,146261.31,6.989e-07,48960.0,38.7069027309869,0.034218144,1e-10,5.0,5.0,0.0001,0.0,0.0005,exchangeInfo.quotePrecision/baseSizePrecision/quoteAmountPrecision,1,False,0.014705882352941176,0.49747899159663866,0.019327731092436976,13.632352941176471
mexc,PALMAIUSDT,PALMAI-USDT,PALMAI,USDT,True,1,True,0.0342,1140.6189,38309.86,0.0302,281.42,0.034,2941.17,1183.8006230529597,8.498884,0.0001,0.0,0.0,1.0,0.0,0.0005,exchangeInfo.quotePrecision/baseSizePrecision/quoteAmountPrecision,1,False,0.06134453781512605,0.006302521008403339,0.5004201680672269,13.539915966386554
mexc,DOTBTC,DOT-BTC,DOT,BTC,True,1,True,1.849e-05,1.82569602,97776.376,1.846e-05,142.2212,1.853e-05,923.434,37.84806704514789,0.002625403352,1e-08,0.0001,0.0001,5e-06,0.0,0.0005,exchangeInfo.quotePrecision/baseSizePrecision/quoteAmountPrecision,1,False,0.008823529411764706,0.5117647058823529,0.012605042016806723,13.531512605042014
mexc,PECHUSDT,PECH-USDT,PECH,USDT,True,1,True,2.976e-09,278.026175916043,104986832322.0,2.976e-09,456546298.0,2.992e-09,454326668.0,53.61930294906147,1.358681782848,1e-12,0.0,0.0,1.0,0.0,0.0005,exchangeInfo.quotePrecision/baseSizePrecision/quoteAmountPrecision,1,False,0.04327731092436975,0.32016806722689073,0.1546218487394958,13.47689075630252
mexc,RXSUSDT,RXS-USDT,RXS,USDT,True,1,True,0.000993,26410.345601,22160232.13,0.000991,1204.24,0.001003,1119.96,120.36108324974998,1.12331988,1e-06,0.0,0.0,1.0,0.0,0.0005,exchangeInfo.quotePrecision/baseSizePrecision/quoteAmountPrecision,1,False,0.17521008403361343,0.10546218487394954,0.05714285714285714,13.41596638655462
mexc,DEXEBTC,DEXE-BTC,DEXE,BTC,True,1,True,0.00012052,1.12660833,9269.59,0.00012032,0.16,0.00012078,7.45,38.15844048112864,1.92512e-05,1e-08,0.1,0.1,5e-06,0.0,0.0005,exchangeInfo.quotePrecision/baseSizePrecision/quoteAmountPrecision,1,False,0.0067226890756302525,0.5067226890756302,0.0012605042016806723,13.063025210084033
mexc,XPMUSDT,XPM-USDT,XPM,USDT,True,1,True,0.00666,19908.3922,2988671.15,0.00661,209.04,0.00671,196.02,150.15015015014924,1.3152942,1e-05,0.0,0.0,1.0,0.0,0.0005,exchangeInfo.quotePrecision/baseSizePrecision/quoteAmountPrecision,1,False,0.1550420168067227,0.07226890756302518,0.13067226890756303,12.94747899159664
mexc,RAXUSDT,RAX-USDT,RAX,USDT,True,1,True,0.0003303,867.9595459,2093147.71,0.0003304,60532.68,0.00035,20000.0,576.131687242798,7.0,1e-07,0.0,0.0,1.0,0.0,0.0005,exchangeInfo.quotePrecision/baseSizePrecision/quoteAmountPrecision,1,False,0.05672268907563025,0.016386554621848792,0.4672268907563025,12.873949579831933
mexc,CARRUSDT,CARR-USDT,CARR,USDT,True,1,True,0.0005028,2074.110976,4081060.83,0.0005012,2848.35,0.0005048,2776.18,71.57057654075506,1.401415664,1e-07,0.0,0.0,1.0,0.0,0.0005,exchangeInfo.quotePrecision/baseSizePrecision/quoteAmountPrecision,1,False,0.07521008403361344,0.20882352941176474,0.17478991596638654,12.852941176470589
mexc,SERVUSDT,SERV-USDT,SERV,USDT,True,1,True,0.01096,1029.43322,99890.75,0.01065,17859.8,0.01096,549.46,286.9042110134193,6.0220816,1e-05,0.0,0.0,1.0,0.0,0.0005,exchangeInfo.quotePrecision/baseSizePrecision/quoteAmountPrecision,1,False,0.05966386554621849,0.030252100840336138,0.4361344537815126,12.760504201680673
mexc,MBDUSDT,MBD-USDT,MBD,USDT,True,1,True,3.88e-06,23394.43155773,6453353519.0,3.87e-06,598141.0,4.01e-06,335428.0,355.32994923857746,1.34506628,1e-08,0.0,0.0,1.0,0.0,0.0005,exchangeInfo.quotePrecision/baseSizePrecision/quoteAmountPrecision,1,False,0.16554621848739495,0.025210084033613467,0.14747899159663866,12.684873949579833
mexc,REMUSDT,REM-USDT,REM,USDT,True,1,True,0.001404,8115.097421,5798474.13,0.001394,952.52,0.001407,2289.7,92.82399143163148,1.32781288,1e-06,0.0,0.0,1.0,0.0,0.0005,exchangeInfo.quotePrecision/baseSizePrecision/quoteAmountPrecision,1,False,0.1134453781512605,0.14621848739495802,0.13949579831932774,12.684873949579833
mexc,NEOBTC,NEO-BTC,NEO,BTC,True,1,True,4.235e-05,1.85724736,44099.304,4.225e-05,19.44,4.242e-05,65.63,40.155899374040416,0.00082134,1e-08,0.1,0.1,5e-06,0.0,0.0005,exchangeInfo.quotePrecision/baseSizePrecision/quoteAmountPrecision,1,False,0.009243697478991597,0.47815126050420165,0.009243697478991597,12.647058823529411
mexc,LITASUSDT,LITAS-USDT,LITAS,USDT,True,1,True,0.056,26407.1685,466036.57,0.0556,369.57,0.0564,19.68,142.85714285714326,1.109952,0.0001,0.0,0.0,1.0,0.0,0.0005,exchangeInfo.quotePrecision/baseSizePrecision/quoteAmountPrecision,1,False,0.17478991596638654,0.07815126050420174,0.05378151260504202,12.642857142857144
mexc,APADUSDT,APAD-USDT,APAD,USDT,True,1,True,1.9e-05,1112.091012,50676169.69,1.9e-05,348509.86,2.1e-05,2405511.71,999.999999999999,6.62168734,1e-06,0.0,0.0,1.0,0.0,0.0005,exchangeInfo.quotePrecision/baseSizePrecision/quoteAmountPrecision,1,False,0.06008403361344538,0.0071428571428571175,0.45588235294117646,12.600840336134455
mexc,IPBTC,IP-BTC,IP,BTC,True,1,True,7.405e-06,0.285283723,38281.52,7.388e-06,72.91,7.417e-06,22.95,39.17595406957117,0.00017022015,1e-09,0.0,0.0,5e-06,0.0,0.0005,exchangeInfo.quotePrecision/baseSizePrecision/quoteAmountPrecision,1,False,0.004621848739495798,0.48991596638655466,0.004621848739495798,12.594537815126053
mexc,MEEPUSDT,MEEP-USDT,MEEP,USDT,True,1,True,0.00063,30794.889131,41652429.32,0.000625,1840.0,0.00064,8742.87,237.15415019762906,1.1500000000000001,1e-06,0.0,0.0,1.0,0.0,0.0005,exchangeInfo.quotePrecision/baseSizePrecision/quoteAmountPrecision,1,False,0.1899159663865546,0.038235294117647034,0.058403361344537816,12.569327731092436
mexc,PPTAIUSDT,PPTAI-USDT,PPTAI,USDT,True,1,True,9.04e-06,90.88135944,9747253.25,9.04e-06,1153189.74,9.98e-06,1454597.41,988.4332281808618,10.4248352496,1e-08,0.0,0.0,1.0,0.0,0.0005,exchangeInfo.quotePrecision/baseSizePrecision/quoteAmountPrecision,1,False,0.0273109243697479,0.007563025210084007,0.5365546218487395,12.422268907563025
mexc,TADAUSDT,TADA-USDT,TADA,USDT,True,1,True,0.000467,19069.697018,40079557.56,0.000464,2368.6,0.000469,130537.33,107.18113612004315,1.0990304,1e-06,0.0,0.0,1.0,0.0,0.0005,exchangeInfo.quotePrecision/baseSizePrecision/quoteAmountPrecision,1,False,0.15210084033613444,0.12268907563025211,0.04579831932773109,12.34873949579832
mexc,EVRYUSDT,EVRY-USDT,EVRY,USDT,True,1,True,0.0004288,435.5666197,1029311.74,0.0004133,3016.09,0.0004155,2927.63,53.08880308880307,1.216430265,1e-07,0.0001,0.0001,1.0,0.0,0.0005,exchangeInfo.quotePrecision/baseSizePrecision/quoteAmountPrecision,1,False,0.047058823529411764,0.32394957983193273,0.07983193277310924,12.28361344537815
mexc,BXXUSDT,BXX-USDT,BXX,USDT,True,1,True,0.006214,1305.028423,202896.25,0.006214,358.74,0.006273,4559.03,94.49827820933776,2.22921036,1e-06,0.0001,0.0001,1.0,0.0,0.0005,exchangeInfo.quotePrecision/baseSizePrecision/quoteAmountPrecision,1,False,0.06512605042016807,0.14243697478991602,0.25672268907563023,12.27731092436975
mexc,VARAUSDT,VARA-USDT,VARA,USDT,True,1,True,0.000778,5085.444224,6777090.1,0.000773,40000.0,0.000781,1855.64,102.96010296010266,1.44925484,1e-06,0.0,0.0,1.0,0.0,0.0005,exchangeInfo.quotePrecision/baseSizePrecision/quoteAmountPrecision,1,False,0.0949579831932773,0.12815126050420167,0.1869747899159664,12.165966386554622
mexc,SFINUSDT,SFIN-USDT,SFIN,USDT,True,1,True,78.61,15460.27,197.46488,78.61,0.01257,79.33,0.01862,91.17386349246534,0.9881276999999999,0.01,1e-06,1e-06,1.0,0.0,0.0005,exchangeInfo.quotePrecision/baseSizePrecision/quoteAmountPrecision,1,False,0.1407563025210084,0.14831932773109247,0.034453781512605045,12.138655462184875
mexc,BOSUSDT,BOS-USDT,BOS,USDT,True,1,True,0.000522,1602.445733,3004484.88,0.000523,32894.93,0.000535,7889.3,226.8431001890353,4.2207755,1e-06,0.0,0.0,1.0,0.0,0.0005,exchangeInfo.quotePrecision/baseSizePrecision/quoteAmountPrecision,1,False,0.07016806722689076,0.04201680672268904,0.3596638655462185,12.102941176470589
mexc,ACQUSDT,ACQ-USDT,ACQ,USDT,True,1,True,0.000671,1315.532812,1889982.8,0.000659,1861.8,0.000663,2222.44,60.51437216338864,1.2269261999999999,1e-06,0.0,0.0,1.0,0.0,0.0005,exchangeInfo.quotePrecision/baseSizePrecision/quoteAmountPrecision,1,False,0.06554621848739496,0.2668067226890757,0.08403361344537816,11.955882352941178
mexc,CSIXUSDT,CSIX-USDT,CSIX,USDT,True,1,True,0.0003519,3757.9854868,8929599.33,0.0003495,3837.08,0.000352,3538.27,71.27583749109071,1.24547104,1e-07,0.0,0.0,1.0,0.0,0.0005,exchangeInfo.quotePrecision/baseSizePrecision/quoteAmountPrecision,1,False,0.0861344537815126,0.2105042016806723,0.09201680672268908,11.840336134453782
mexc,ABTC,A-BTC,A,BTC,True,1,True,1.188e-06,1.923588991,1609682.0,1.188e-06,862.0,1.193e-06,6.0,41.99916001679926,7.158e-06,1e-09,0.0,0.0,5e-06,0.0,0.0005,exchangeInfo.quotePrecision/baseSizePrecision/quoteAmountPrecision,1,False,0.009663865546218488,0.44705882352941173,0.0004201680672268908,11.716386554621847
mexc,NDCUSDT,NDC-USDT,NDC,USDT,True,1,True,0.001003,227.151996,217342.62,0.000997,1327.61,0.001003,1362.99,59.99999999999929,1.32362717,1e-06,0.0,0.0,1.0,0.0,0.0005,exchangeInfo.quotePrecision/baseSizePrecision/quoteAmountPrecision,1,False,0.03907563025210084,0.2705882352941177,0.13781512605042018,11.670168067226893
mexc,DUELUSDT,DUEL-USDT,DUEL,USDT,True,1,True,5.037e-05,566.59633448,12021556.76,4.708e-05,124194.29,5.036e-05,1999895.29,673.2348111658447,5.8470671732,1e-08,0.01,0.01,1.0,0.0,0.0005,exchangeInfo.quotePrecision/baseSizePrecision/quoteAmountPrecision,1,False,0.04915966386554622,0.014285714285714235,0.4294117647058823,11.649159663865545
mexc,ASIUSDT,ASI-USDT,ASI,USDT,True,1,True,0.001155,112.795597,95945.82,0.001149,1212.87,0.001155,1053.52,52.08333333333272,1.2168155999999999,1e-06,0.0,0.0,1.0,0.0,0.0005,exchangeInfo.quotePrecision/baseSizePrecision/quoteAmountPrecision,1,False,0.029831932773109245,0.33487394957983196,0.08025210084033614,11.617647058823529
mexc,NUTXUSDT,NUTX-USDT,NUTX,USDT,True,1,True,2.4747e-08,24.973725454939,1003569761.0,2.4747e-08,191942457.0,2.5027e-08,3742334859.0,112.50853859444683,4.749999983379,1e-12,0.0,0.0,1.0,0.0,0.0005,exchangeInfo.quotePrecision/baseSizePrecision/quoteAmountPrecision,1,False,0.020168067226890758,0.11722689075630255,0.37436974789915967,11.527310924369749
mexc,AIWUSDT,AIW-USDT,AIW,USDT,True,1,True,0.0007021,2048.0844646,2764912.16,0.0006973,1769.39,0.0007021,1937.37,68.600828926683,1.233795647,1e-07,0.0,0.0,1.0,0.0,0.0005,exchangeInfo.quotePrecision/baseSizePrecision/quoteAmountPrecision,1,False,0.07478991596638655,0.22436974789915964,0.0865546218487395,11.453781512605042
mexc,RENTAUSDT,RENTA-USDT,RENTA,USDT,True,1,True,0.000671,7814.97776,11858280.93,0.000668,1861.97,0.000674,1805.74,89.41877794336868,1.21706876,1e-06,0.0,0.0,1.0,0.0,0.0005,exchangeInfo.quotePrecision/baseSizePrecision/quoteAmountPrecision,1,False,0.11008403361344538,0.1508403361344538,0.08067226890756303,11.439075630252104
mexc,EURRUSDT,EURR-USDT,EURR,USDT,True,1,True,1.148,0.0,0.0,1.094,9.67,1.148,1606.69,481.7127564674382,10.578980000000001,0.001,0.0,0.0,1.0,0.0,0.0005,exchangeInfo.quotePrecision/baseSizePrecision/quoteAmountPrecision,1,False,0.0016806722689075631,0.019747899159663906,0.5415966386554621,11.418067226890756
mexc,TEMUSDT,TEM-USDT,TEM,USDT,True,1,True,0.000589,235.458837,374613.62,0.000586,625.69,0.000589,554.19,51.06382978723343,0.32641791000000003,1e-06,0.0,0.0,1.0,0.0,0.0005,exchangeInfo.quotePrecision/baseSizePrecision/quoteAmountPrecision,1,False,0.03991596638655462,0.3411764705882353,0.024369747899159664,11.21218487394958
mexc,SIDUSUSDT,SIDUS-USDT,SIDUS,USDT,True,1,True,7.409e-05,16.57136268,223285.52,7.3e-05,95890.41,7.504e-05,199907.74,275.60118886787365,6.99999993,1e-08,0.0,0.0,1.0,0.0,0.0005,exchangeInfo.quotePrecision/baseSizePrecision/quoteAmountPrecision,1,False,0.018487394957983194,0.032352941176470584,0.46680672268907564,11.161764705882355
mexc,TENUSDT,TEN-USDT,TEN,USDT,True,1,True,0.0006574,128.9140507,195967.69,0.0006536,1976.59,0.0006574,47943.5,57.97101449275503,1.2918992239999998,1e-07,0.0,0.0,1.0,0.0,0.0005,exchangeInfo.quotePrecision/baseSizePrecision/quoteAmountPrecision,1,False,0.031932773109243695,0.2857142857142857,0.11134453781512606,11.126050420168067
mexc,ROOTUSDT,ROOT-USDT,ROOT,USDT,True,1,True,6.2e-05,209.968622,3593353.56,5.9e-05,127797.49,6.4e-05,94339.62,813.0081300813007,6.037735679999999,1e-06,0.0,0.0,1.0,0.0,0.0005,exchangeInfo.quotePrecision/baseSizePrecision/quoteAmountPrecision,1,False,0.037815126050420166,0.010084033613445342,0.4369747899159664,11.071428571428571
mexc,HGGUSDT,HGG-USDT,HGG,USDT,True,1,True,0.0002344,617.3879982,2754586.74,0.0002331,111072.06,0.0002344,3322.3,55.61497326203227,0.77874712,1e-07,0.0,0.0,1.0,0.0,0.0005,exchangeInfo.quotePrecision/baseSizePrecision/quoteAmountPrecision,1,False,0.05084033613445378,0.30420168067226894,0.03235294117647059,11.048319327731093
mexc,LAIKAL2USDT,LAIKAL2-USDT,LAIKAL2,USDT,True,1,True,0.0302,146.51993,4882.29,0.03017,40.67,0.03034,44.55,56.189059659560414,1.2270139,1e-05,0.0,0.0,1.0,0.0,0.0005,exchangeInfo.quotePrecision/baseSizePrecision/quoteAmountPrecision,1,False,0.03361344537815126,0.2983193277310925,0.08445378151260505,10.995798319327733
mexc,OMGBTC,OMG-BTC,OMG,BTC,True,1,True,8.021e-07,0.1291966294,160169.9,8.012e-07,1447.84,8.047e-07,46.32,43.589264586836684,3.7273704e-05,1e-10,1e-06,1e-06,5e-06,0.0,0.0005,exchangeInfo.quotePrecision/baseSizePrecision/quoteAmountPrecision,1,False,0.004201680672268907,0.42731092436974794,0.0029411764705882353,10.972689075630255
mexc,LKYUSDT,LKY-USDT,LKY,USDT,True,1,True,0.09523,2603.4426,27532.93,0.09467,13.05,0.09538,13.82,74.71717968955562,1.2354435000000001,1e-05,0.0,0.0,1.0,0.0,0.0005,exchangeInfo.quotePrecision/baseSizePrecision/quoteAmountPrecision,1,False,0.07941176470588235,0.19327731092436973,0.08781512605042016,10.955882352941176
mexc,VTRADINGUSDT,VTRADING-USDT,VTRADING,USDT,True,1,True,0.001454,5471.513205,3693563.0,0.0015,16666.66,0.001595,1394.5,613.8933764135704,2.2242275,1e-06,0.0,0.0,1.0,0.0,0.0005,exchangeInfo.quotePrecision/baseSizePrecision/quoteAmountPrecision,1,False,0.09747899159663866,0.014705882352941124,0.25588235294117645,10.846638655462185
mexc,AFKUSDT,AFK-USDT,AFK,USDT,True,1,True,0.00223,2622.7123,1018141.62,0.00223,1301.11,0.0024,5375.47,734.3412526997821,2.9014753,1e-05,0.0,0.0,1.0,0.0,0.0005,exchangeInfo.quotePrecision/baseSizePrecision/quoteAmountPrecision,1,False,0.07983193277310924,0.012605042016806678,0.29453781512605043,10.596638655462185
mexc,DRAGON404USDT,DRAGON404-USDT,DRAGON404,USDT,True,1,True,4.54e-07,270.259704264,558806369.42,4.54e-07,2870425.91,4.57e-07,2931614.64,65.86169045005401,1.3031733631400002,1e-09,0.0,0.0,1.0,0.0,0.0005,exchangeInfo.quotePrecision/baseSizePrecision/quoteAmountPrecision,1,False,0.04201680672268908,0.23949579831932777,0.11386554621848739,10.575630252100842
mexc,XCHNGUSDT,XCHNG-USDT,XCHNG,USDT,True,1,True,0.0003157,28.3738778,91757.87,0.0003156,4420.4,0.0003176,4216.37,63.17119393556692,1.3391191120000001,1e-07,0.0,0.0,1.0,0.0,0.0005,exchangeInfo.quotePrecision/baseSizePrecision/quoteAmountPrecision,1,False,0.021848739495798318,0.2542016806722689,0.14411764705882352,10.4390756302521
mexc,DEXTFUSDT,DEXTF-USDT,DEXTF,USDT,True,1,True,0.03291,64.31734,1950.04,0.03275,305.81,0.03298,43.21,69.98326487144409,1.4250658,1e-05,0.0,0.0,1.0,0.0,0.0005,exchangeInfo.quotePrecision/baseSizePrecision/quoteAmountPrecision,1,False,0.025630252100840335,0.21638655462184875,0.17983193277310924,10.415966386554622
mexc,CSWAPUSDT,CSWAP-USDT,CSWAP,USDT,True,1,True,0.00206,5.24055,2543.96,0.00205,4102.4,0.0021,2678.27,240.9638554216853,5.6243669999999995,1e-05,0.0,0.0,1.0,0.0,0.0005,exchangeInfo.quotePrecision/baseSizePrecision/quoteAmountPrecision,1,False,0.012605042016806723,0.037394957983193255,0.42394957983193277,10.107142857142858
mexc,TRCUSDT,TRC-USDT,TRC,USDT,True,1,True,0.015351,524.130039,33339.93,0.015339,88.03,0.015461,1258.25,79.22077922077959,1.3502921700000001,1e-06,0.0,0.0,1.0,0.0,0.0005,exchangeInfo.quotePrecision/baseSizePrecision/quoteAmountPrecision,1,False,0.04789915966386555,0.17731092436974794,0.15042016806722688,10.07563025210084
mexc,KATAUSDT,KATA-USDT,KATA,USDT,True,1,True,3.9e-05,699.85417376,18074526.11,3.9e-05,349560.0,3.968e-05,64502.38,172.85205897305548,2.5594544384,1e-08,0.0001,0.0001,1.0,0.0,0.0005,exchangeInfo.quotePrecision/baseSizePrecision/quoteAmountPrecision,1,False,0.053361344537815124,0.05924369747899161,0.27605042016806725,9.936974789915967
mexc,QTUMBTC,QTUM-BTC,QTUM,BTC,True,1,True,1.453e-05,2.55823694,178677.115,1.448e-05,1.404,1.455e-05,1.47,48.22597313124308,2.0329919999999998e-05,1e-08,0.01,0.01,5e-06,0.0,0.0005,exchangeInfo.quotePrecision/baseSizePrecision/quoteAmountPrecision,1,False,0.010084033613445379,0.373109243697479,0.0021008403361344537,9.92436974789916
mexc,ATOMBTC,ATOM-BTC,ATOM,BTC,True,1,True,2.52e-05,0.56794815,22284.66,2.516e-05,1.89,2.528e-05,1.91,47.5812846946863,4.7552399999999996e-05,1e-08,0.001,0.001,5e-06,0.0,0.0005,exchangeInfo.quotePrecision/baseSizePrecision/quoteAmountPrecision,1,False,0.0054621848739495795,0.3815126050420168,0.0033613445378151263,9.905462184873949
mexc,UBUUSDT,UBU-USDT,UBU,USDT,True,1,True,0.003339,33.212281,9927.2,0.00333,370.7,0.00335,399.43,59.88023952095824,1.234431,1e-06,0.0,0.0,1.0,0.0,0.0005,exchangeInfo.quotePrecision/baseSizePrecision/quoteAmountPrecision,1,False,0.0226890756302521,0.27142857142857146,0.08739495798319327,9.781512605042018
mexc,BOBACATUSDT,BOBACAT-USDT,BOBACAT,USDT,True,1,True,0.0007467,1184.9989526,1577135.4,0.0007456,1809.05,0.0007531,1983.84,100.0867418429308,1.34882768,1e-07,0.0,0.0,1.0,0.0,0.0005,exchangeInfo.quotePrecision/baseSizePrecision/quoteAmountPrecision,1,False,0.06260504201680672,0.13277310924369745,0.1495798319327731,9.754201680672269
mexc,A47USDT,A47-USDT,A47,USDT,True,1,True,0.00411,445.37106,101478.12,0.003916,1809.74,0.0047,833.33,1819.8700092850509,3.9166510000000003,1e-06,0.0,0.0,1.0,0.0,0.0005,exchangeInfo.quotePrecision/baseSizePrecision/quoteAmountPrecision,1,False,0.04747899159663865,0.0037815126050420034,0.3491596638655462,9.6890756302521
mexc,SNXETH,SNX-ETH,SNX,ETH,True,1,True,0.0001358,17.1562813,126292.52,0.0001355,481.59,0.0001362,4.96,51.52741994847383,0.000675552,1e-07,0.1,0.1,0.0001,0.0,0.0005,exchangeInfo.quotePrecision/baseSizePrecision/quoteAmountPrecision,1,False,0.018907563025210083,0.33865546218487397,0.007983193277310924,9.665966386554622
mexc,TRNUSDT,TRN-USDT,TRN,USDT,True,1,True,0.00207,14521.78137,6569424.22,0.00205,487.81,0.00209,6702.22,193.23671497584385,1.0000105000000001,1e-05,0.0,0.0,1.0,0.0,0.0005,exchangeInfo.quotePrecision/baseSizePrecision/quoteAmountPrecision,1,False,0.1373949579831933,0.05336134453781516,0.03613445378151261,9.613445378151262
mexc,REPAIUSDT,REPAI-USDT,REPAI,USDT,True,1,True,0.000178,17722.3301073,87969226.99,0.0001811,5577.03,0.0001917,21601.68,568.669527896995,1.010000133,1e-07,0.0,0.0,1.0,0.0,0.0005,exchangeInfo.quotePrecision/baseSizePrecision/quoteAmountPrecision,1,False,0.1495798319327731,0.01722689075630257,0.03697478991596639,9.397058823529413
mexc,STRAWBERRYAIUSDT,STRAWBERRYAI-USDT,STRAWBERRYAI,USDT,True,1,True,0.01312,109.45229,8269.61,0.01311,100.12,0.01321,108.14,75.9878419452883,1.3125732,1e-05,0.0,0.0,1.0,0.0,0.0005,exchangeInfo.quotePrecision/baseSizePrecision/quoteAmountPrecision,1,False,0.029411764705882353,0.18823529411764706,0.123109243697479,8.785714285714285
mexc,USDRUSDT,USDR-USDT,USDR,USDT,True,1,True,0.999,0.0,0.0,0.992,1.51,1.0,38.33,80.32128514056232,1.49792,0.001,0.0,0.0,1.0,0.0,0.0005,exchangeInfo.quotePrecision/baseSizePrecision/quoteAmountPrecision,1,False,0.0016806722689075631,0.1752100840336135,0.19285714285714287,8.32983193277311
mexc,MOVAUSDT,MOVA-USDT,MOVA,USDT,True,1,True,0.6822,861.0057,1258.84,0.6821,64.86,0.6955,2.16,194.5412311265965,1.50228,0.0001,0.0,0.0,1.0,0.0,0.0005,exchangeInfo.quotePrecision/baseSizePrecision/quoteAmountPrecision,1,False,0.05588235294117647,0.0516806722689076,0.1953781512605042,8.27310924369748
mexc,SUMMITUSDT,SUMMIT-USDT,SUMMIT,USDT,True,1,True,3.9e-06,14758.3231539,3302673791.35,3.4e-06,100866.97,3.9e-06,9401372.45,1369.8630136986299,0.342947698,1e-07,0.0,0.0,1.0,0.0,0.0005,exchangeInfo.quotePrecision/baseSizePrecision/quoteAmountPrecision,1,False,0.13823529411764707,0.004201680672268893,0.025210084033613446,8.21218487394958
mexc,GCBUSDT,GCB-USDT,GCB,USDT,True,1,True,0.01704,100.10711,5867.78,0.01704,14355.16,0.01718,75.9,81.82349503214566,1.303962,1e-05,0.0,0.0,1.0,0.0,0.0005,exchangeInfo.quotePrecision/baseSizePrecision/quoteAmountPrecision,1,False,0.02815126050420168,0.16764705882352937,0.11428571428571428,8.025210084033613
mexc,MNFTUSDT,MNFT-USDT,MNFT,USDT,True,1,True,1.1657e-05,9306.310162321,805596429.0,1.159e-05,1294219.0,1.1993e-05,60572.0,341.7716151465033,0.726439996,1e-09,0.0,0.0,1.0,0.0,0.0005,exchangeInfo.quotePrecision/baseSizePrecision/quoteAmountPrecision,1,False,0.12058823529411765,0.026470588235294135,0.030672268907563024,7.907563025210084
mexc,MVPUSDT,MVP-USDT,MVP,USDT,True,1,True,0.0003045,36.6201333,124090.59,0.0003046,4595.27,0.000307,4095.92,78.4826684107261,1.25744744,1e-07,0.0,0.0,1.0,0.0,0.0005,exchangeInfo.quotePrecision/baseSizePrecision/quoteAmountPrecision,1,False,0.023529411764705882,0.18067226890756305,0.09789915966386555,7.768907563025211
mexc,PRTGUSDT,PRTG-USDT,PRTG,USDT,True,1,True,1.2125,85.8898,71.53,1.2041,1.15,1.2125,0.74,69.51915914921761,0.8972499999999999,0.0001,0.1,0.1,1.0,0.0,0.0005,exchangeInfo.quotePrecision/baseSizePrecision/quoteAmountPrecision,1,False,0.02689075630252101,0.21890756302521008,0.03319327731092437,7.615546218487395
mexc,SERAPHUSDT,SERAPH-USDT,SERAPH,USDT,True,1,True,0.004089,83.534914,20521.16,0.004059,356.89,0.004089,158.38,73.63770250368103,0.64761582,1e-06,0.0,0.0,1.0,0.0,0.0005,exchangeInfo.quotePrecision/baseSizePrecision/quoteAmountPrecision,1,False,0.026470588235294117,0.20126050420168062,0.02857142857142857,7.058823529411764
mexc,YURUUSDT,YURU-USDT,YURU,USDT,True,1,True,0.1791,10.7573,60.0,0.1792,1148.75,0.1947,13.45,829.0986894891689,2.618715,0.0001,0.0,0.0,1.0,0.0,0.0005,exchangeInfo.quotePrecision/baseSizePrecision/quoteAmountPrecision,1,False,0.01638655462184874,0.009663865546218453,0.2815126050420168,6.773109243697478
mexc,SUMRUSDT,SUMR-USDT,SUMR,USDT,True,1,True,0.002875,9.716062,3410.99,0.002874,437.9,0.002899,432.41,86.6100814134775,1.25355659,1e-06,0.0,0.0,1.0,0.0,0.0005,exchangeInfo.quotePrecision/baseSizePrecision/quoteAmountPrecision,1,False,0.015126050420168067,0.15630252100840336,0.09663865546218488,6.6722689075630255
mexc,AIVUSDT,AIV-USDT,AIV,USDT,True,1,True,1.79e-06,853.86512139,474276811.45,1.59e-06,884354.79,2.01e-06,847368.43,2333.333333333332,1.4061241161,1e-08,0.0,0.0,1.0,0.0,0.0005,exchangeInfo.quotePrecision/baseSizePrecision/quoteAmountPrecision,1,False,0.05504201680672269,0.0012605042016806678,0.17647058823529413,6.588235294117648
mexc,CLGOUSDT,CLGO-USDT,CLGO,USDT,True,1,True,0.01464,6390.22581,406497.57,0.0139,67.56,0.01504,574.96,787.8369039391847,0.939084,1e-05,0.0,0.0,1.0,0.0,0.0005,exchangeInfo.quotePrecision/baseSizePrecision/quoteAmountPrecision,1,False,0.10168067226890756,0.010504201680672232,0.03403361344537815,6.535714285714285
mexc,OXTETH,OXT-ETH,OXT,ETH,True,1,True,7.332e-06,11.542082857,1550172.25,7.288e-06,16872.59,7.34e-06,89.04,71.09652720809362,0.0006535536000000001,1e-09,0.1,0.1,0.0001,0.0,0.0005,exchangeInfo.quotePrecision/baseSizePrecision/quoteAmountPrecision,1,False,0.017226890756302522,0.21260504201680674,0.007563025210084034,6.413865546218488
mexc,ICECREAMUSDT,ICECREAM-USDT,ICECREAM,USDT,True,1,True,0.002587,0.0,0.0,0.002551,642.39,0.002587,56118.26,140.1323472168159,1.63873689,1e-06,0.0,0.0,1.0,0.0,0.0005,exchangeInfo.quotePrecision/baseSizePrecision/quoteAmountPrecision,1,False,0.0016806722689075631,0.08025210084033618,0.20672268907563024,6.233193277310925
mexc,AI3USDT,AI3-USDT,AI3,USDT,True,1,True,0.00641,535.11386,84349.73,0.00616,1623.37,0.00663,205.33,734.9491790461298,1.3613379,1e-05,0.0,0.0,1.0,0.0,0.0005,exchangeInfo.quotePrecision/baseSizePrecision/quoteAmountPrecision,1,False,0.04831932773109244,0.012184873949579789,0.15630252100840336,6.088235294117647
mexc,CATCOINUSDT,CATCOIN-USDT,CATCOIN,USDT,True,1,True,2.978e-11,369.3273457111993,12671122142886.0,2.898e-11,45729857145.0,2.984e-11,6378172180444.0,292.41754505270234,1.3252512600621,1e-14,0.0,0.0,1.0,0.0,0.0005,exchangeInfo.quotePrecision/baseSizePrecision/quoteAmountPrecision,1,False,0.04579831932773109,0.02983193277310925,0.13865546218487396,6.037815126050421
mexc,TERRAUSDT,TERRA-USDT,TERRA,USDT,True,1,True,0.00138,161.023979,116755.72,0.001367,931.24,0.00138,363.91,94.6487076811066,0.5021958,1e-06,0.0,0.0,1.0,0.0,0.0005,exchangeInfo.quotePrecision/baseSizePrecision/quoteAmountPrecision,1,False,0.034873949579831934,0.14201680672268913,0.0273109243697479,6.014705882352943
mexc,SNPTUSDT,SNPT-USDT,SNPT,USDT,True,1,True,0.00237,222.13987,93372.65,0.00237,3902.18,0.0024,417.0,125.7861635220111,1.0008,1e-05,0.0,0.0,1.0,0.0,0.0005,exchangeInfo.quotePrecision/baseSizePrecision/quoteAmountPrecision,1,False,0.03823529411764706,0.09831932773109242,0.0365546218487395,5.29201680672269
mexc,TFIUSDT,TFI-USDT,TFI,USDT,True,1,True,0.002799,0.0,0.0,0.002771,487.17,0.002797,430.77,93.39080459770109,1.20486369,1e-06,0.0001,0.0001,1.0,0.0,0.0005,exchangeInfo.quotePrecision/baseSizePrecision/quoteAmountPrecision,1,False,0.0016806722689075631,0.14537815126050424,0.07563025210084033,5.239495798319329
mexc,LCGUSDT,LCG-USDT,LCG,USDT,True,1,True,0.0001641,0.0,0.0,0.0001645,72948.32,0.000177,9090.9,732.0644216691072,1.6090893,1e-07,0.0,0.0,1.0,0.0,0.0005,exchangeInfo.quotePrecision/baseSizePrecision/quoteAmountPrecision,1,False,0.0016806722689075631,0.013025210084033567,0.20546218487394957,4.527310924369747
mexc,SYNAUSDT,SYNA-USDT,SYNA,USDT,True,1,True,1.6e-05,620.731839,35207230.65,1.6e-05,68750.0,1.7e-05,1812478.38,606.0606060606063,1.0999999999999999,1e-06,0.0,0.0,1.0,0.0,0.0005,exchangeInfo.quotePrecision/baseSizePrecision/quoteAmountPrecision,1,False,0.05126050420168067,0.015546218487394903,0.04978991596638655,4.203781512605041
mexc,CRTAIUSDT,CRTAI-USDT,CRTAI,USDT,True,1,True,9.51e-05,630.298036,6337106.4,9.51e-05,1610336.04,9.98e-05,10536.02,482.2986146741925,1.051494796,1e-07,0.0,0.0,1.0,0.0,0.0005,exchangeInfo.quotePrecision/baseSizePrecision/quoteAmountPrecision,1,False,0.05168067226890756,0.019327731092437017,0.04243697478991597,4.174369747899162
mexc,BTSLRUSDT,BTSLR-USDT,BTSLR,USDT,True,1,True,2e-06,1380.913113,708056375.37,1.601e-06,6246096.18,2e-06,75960.88,2216.0510969175225,0.15192176,1e-09,0.0,0.0,1.0,0.0,0.0005,exchangeInfo.quotePrecision/baseSizePrecision/quoteAmountPrecision,1,False,0.06680672268907563,0.001680672268907557,0.02226890756302521,4.161764705882353
mexc,XP8USDT,XP8-USDT,XP8,USDT,True,1,True,0.00146,702.70518,498538.2,0.00131,771.76,0.0015,7499.4,1352.313167259787,1.0110056,1e-05,0.0,0.0,1.0,0.0,0.0005,exchangeInfo.quotePrecision/baseSizePrecision/quoteAmountPrecision,1,False,0.05378151260504202,0.004621848739495782,0.037394957983193276,3.8214285714285716
mexc,SOMNUSUSDT,SOMNUS-USDT,SOMNUS,USDT,True,1,True,7e-06,751.3621961,101225964.45,6.4e-06,158976.63,7.8e-06,1691644.77,1971.830985915493,1.017450432,1e-07,0.0,0.0,1.0,0.0,0.0005,exchangeInfo.quotePrecision/baseSizePrecision/quoteAmountPrecision,1,False,0.05420168067226891,0.0025210084033613356,0.03823529411764706,3.8088235294117645
mexc,OBIUSDT,OBI-USDT,OBI,USDT,True,1,True,0.000494,55.9435354,122486.15,0.00045,286648.44,0.000494,708.8,932.2033898305082,0.35014719999999994,1e-07,0.0,0.0,1.0,0.0,0.0005,exchangeInfo.quotePrecision/baseSizePrecision/quoteAmountPrecision,1,False,0.025210084033613446,0.007983193277310896,0.025630252100840335,2.0987394957983185
