symbol,session,n_probes,n_miss,max_n,has_min_month_file,has_session_bars,has_regular_bars,prior_close,prior_adv,has_quote_month_file,daily_eligible,first_trade_et,category
AACI,2025-08-27,10,7,2,1,1,1,10.29,2386781.0,1,1,13:54,intra_session_sparse
AAL,2025-08-27,10,0,376,1,1,1,13.15,800627544.0,1,1,04:00,intra_session_sparse
AAOI,2025-08-27,10,10,0,0,0,0,25.07,130641038.0,0,0,,no_minute_file
AARD,2025-08-27,10,2,98,1,1,1,9.53,644814.0,1,0,09:30,intra_session_sparse
AAUC,2025-08-27,10,0,94,1,1,1,13.89,2374141.0,1,1,08:00,intra_session_sparse
ABAT,2025-08-27,10,0,364,1,1,1,2.75,11738908.0,1,1,04:02,intra_session_sparse
ABCL,2025-08-27,10,0,360,1,1,1,4.37,23164297.0,1,1,04:02,intra_session_sparse
ABEO,2025-08-27,10,2,260,1,1,1,7.11,4846097.0,1,1,09:30,intra_session_sparse
ABEV,2025-08-27,10,0,376,1,1,1,2.2,57866857.0,1,1,04:44,intra_session_sparse
ABOS,2025-08-27,10,2,148,1,1,1,1.46,370025.0,1,0,07:10,intra_session_sparse
ABSI,2025-08-27,10,0,356,1,1,1,2.55,13978343.0,1,1,04:00,intra_session_sparse
ABTC,2025-08-27,10,0,310,1,1,1,6.2,6294225.0,1,1,04:03,intra_session_sparse
ABTS,2025-08-27,10,10,0,0,0,0,3.83,54143.0,0,0,,no_minute_file
ABUS,2025-08-27,10,0,298,1,1,1,3.65,2842207.0,1,1,08:58,intra_session_sparse
ABX,2025-08-27,10,1,245,1,1,1,6.97,4184831.0,1,1,09:30,intra_session_sparse
ACB,2025-08-27,10,0,287,1,1,1,5.3,9919401.0,1,1,08:00,intra_session_sparse
ACCL,2025-08-27,10,10,0,0,0,0,,,0,0,,no_daily_history
ACCO,2025-08-27,10,1,231,1,1,1,3.92,2245999.0,1,1,07:00,intra_session_sparse
ACDC,2025-08-27,10,0,332,1,1,1,4.03,9031034.0,1,1,08:00,intra_session_sparse
ACEL,2025-08-27,10,2,167,1,1,1,11.48,5107403.0,1,1,09:30,intra_session_sparse
ACET,2025-08-27,10,1,164,1,1,1,11.79,453872.0,1,0,06:46,intra_session_sparse
ACH,2025-08-27,10,0,351,1,1,1,5.01,11481014.0,1,1,09:05,intra_session_sparse
ACHC,2025-08-27,10,10,0,1,0,0,21.55,52272030.0,1,0,,no_session_bars_has_month_file
ACHR,2025-08-27,10,0,376,1,1,1,9.27,279430120.0,1,1,04:00,intra_session_sparse
ACHV,2025-08-27,10,0,331,1,1,1,3.12,3053330.0,1,1,04:07,intra_session_sparse
ACI,2025-08-27,10,0,376,1,1,1,19.4,105416255.0,1,1,08:17,intra_session_sparse
ACIC,2025-08-27,10,2,111,1,1,1,10.49,2358128.0,1,1,09:30,intra_session_sparse
ACIU,2025-08-27,10,1,99,1,1,1,2.1,240268.0,1,0,09:21,intra_session_sparse
ACNT,2025-08-27,10,0,62,1,1,1,12.0,606479.0,1,0,09:30,intra_session_sparse
ACON,2025-08-27,10,10,0,0,0,0,7.208,81738.0,0,0,,no_minute_file
ACRE,2025-08-27,10,0,223,1,1,1,4.6,2158921.0,1,1,07:00,intra_session_sparse
ACRS,2025-08-27,10,0,229,1,1,1,1.81,1773930.0,1,0,08:00,intra_session_sparse
ACRV,2025-08-27,10,2,123,1,1,1,1.33,270343.0,1,0,09:30,intra_session_sparse
ACTG,2025-08-27,10,2,99,1,1,1,3.29,791167.0,1,0,09:30,intra_session_sparse
ACVA,2025-08-27,10,0,354,1,1,1,11.55,37141188.0,1,1,09:30,intra_session_sparse
ACXP,2025-08-27,10,2,37,1,1,1,5.1,367218.0,1,0,09:30,intra_session_sparse
ADCT,2025-08-27,10,2,217,1,1,1,3.17,2185938.0,1,1,09:30,intra_session_sparse
ADEA,2025-08-27,10,2,216,1,1,1,15.36,8042782.0,1,1,09:30,intra_session_sparse
ADMA,2025-08-27,10,0,366,1,1,1,17.1,58563376.0,1,1,08:00,intra_session_sparse
ADNT,2025-08-27,10,10,0,0,0,0,25.18,28834642.0,0,0,,no_minute_file
ADPT,2025-08-27,10,0,367,1,1,1,12.8,26680286.0,1,1,09:30,intra_session_sparse
ADT,2025-08-27,10,0,364,1,1,1,8.68,91845811.0,1,1,08:26,intra_session_sparse
ADTN,2025-08-27,10,0,202,1,1,1,9.28,8863175.0,1,1,04:00,intra_session_sparse
ADUR,2025-08-27,10,0,166,1,1,1,11.96,2565263.0,1,1,08:00,intra_session_sparse
ADVB,2025-08-27,10,2,31,1,1,1,8.858,880738.0,1,0,05:35,intra_session_sparse
AEAQ,2025-08-27,10,10,0,0,0,0,,,0,0,,no_daily_history
AEBI,2025-08-27,10,2,174,1,1,1,12.02,4704151.0,1,1,09:30,intra_session_sparse
AEC,2025-08-27,10,10,0,0,0,0,,,0,0,,no_daily_history
AEG,2025-08-27,10,0,351,1,1,1,7.86,36619999.0,1,1,04:00,intra_session_sparse
AEHL,2025-08-27,10,0,52,1,1,1,18.39,335790.0,1,0,09:30,intra_session_sparse
AEHR,2025-08-27,10,10,0,1,0,0,25.89,37091933.0,1,0,,no_session_bars_has_month_file
AEI,2025-08-27,10,10,0,0,0,0,1.45,75634.0,0,0,,no_minute_file
AEO,2025-08-27,10,0,376,1,1,1,12.18,197871786.0,1,1,05:00,intra_session_sparse
AES,2025-08-27,10,0,376,1,1,1,13.34,117349673.0,1,1,08:00,intra_session_sparse
AESI,2025-08-27,10,0,291,1,1,1,11.6,18761967.0,1,1,08:00,intra_session_sparse
AEVA,2025-08-27,10,0,373,1,1,1,14.99,41619926.0,1,1,04:16,intra_session_sparse
AEXA,2025-08-27,10,10,0,0,0,0,,,0,0,,no_daily_history
AFYA,2025-08-27,10,2,47,1,1,1,15.04,1556876.0,1,0,09:30,intra_session_sparse
AG,2025-08-27,10,0,373,1,1,1,9.01,132668124.0,1,1,04:03,intra_session_sparse
AGBK,2025-08-27,10,10,0,0,0,0,,,0,0,,no_daily_history
AGCC,2025-08-27,10,10,0,0,0,0,,,0,0,,no_daily_history
AGEN,2025-08-27,10,0,204,1,1,1,4.63,2503512.0,1,1,09:30,intra_session_sparse
AGIG,2025-08-27,10,0,133,1,1,1,8.95,1338742.0,1,0,09:01,intra_session_sparse
AGL,2025-08-27,10,10,0,0,0,0,30.75,22253665.0,0,0,,no_minute_file
AGMH,2025-08-27,10,10,0,1,0,0,2.6,183909.0,1,0,,no_session_bars_has_month_file
AGNC,2025-08-27,10,0,376,1,1,1,9.8,161065561.0,1,1,04:09,intra_session_sparse
AGNT,2025-08-27,10,0,311,1,1,1,10.9,11597240.0,1,1,07:24,intra_session_sparse
AGPU,2025-08-27,10,10,0,0,0,0,13.35,144064.0,0,0,,no_minute_file
AGRO,2025-08-27,10,0,239,1,1,1,8.43,4910234.0,1,1,09:27,intra_session_sparse
AGRZ,2025-08-27,10,10,0,0,0,0,,,0,0,,no_daily_history
AHCO,2025-08-27,10,1,264,1,1,1,9.21,11253182.0,1,1,07:58,intra_session_sparse
AHMA,2025-08-27,10,10,0,0,0,0,,,0,0,,no_daily_history
AI,2025-08-27,10,0,376,1,1,1,16.91,203734655.0,1,1,04:00,intra_session_sparse
AIAI,2025-08-27,10,10,0,0,0,0,,,0,0,,no_daily_history
AIB,2025-08-27,10,10,0,0,0,0,11.73,4967.0,0,0,,no_minute_file
AIDX,2025-08-27,10,10,0,0,0,0,,,0,0,,no_daily_history
AIFA,2025-08-27,10,10,0,0,0,0,1.25,31817.0,0,0,,no_minute_file
AIFC,2025-08-27,10,0,376,1,1,1,7.15,73951912.0,1,1,04:00,intra_session_sparse
AIFF,2025-08-27,10,0,328,1,1,1,2.71,11852887.0,1,1,04:00,intra_session_sparse
AIHS,2025-08-27,10,10,0,0,0,0,2.2,90832.0,0,0,,no_minute_file
AII,2025-08-27,10,2,69,1,1,1,18.93,1353307.0,1,0,09:30,intra_session_sparse
AIIA,2025-08-27,10,10,0,0,0,0,,,0,0,,no_daily_history
AIIO,2025-08-27,10,10,0,0,0,0,256.0,397517.0,0,0,,no_minute_file
AIM,2025-08-27,10,0,36,1,1,1,2.58,323267.0,1,0,09:35,intra_session_sparse
AIMD,2025-08-27,10,2,87,1,1,1,4.11,23384342.0,1,1,06:16,intra_session_sparse
AIOS,2025-08-27,10,10,0,0,0,0,76.0,81334.0,0,0,,no_minute_file
AIOT,2025-08-27,10,2,318,1,1,1,4.68,8134332.0,1,1,08:50,intra_session_sparse
AIP,2025-08-27,10,0,197,1,1,1,9.79,24707960.0,1,1,05:15,intra_session_sparse
AIRE,2025-08-27,10,0,301,1,1,1,9.248,2844532.0,1,1,04:01,intra_session_sparse
AIRJ,2025-08-27,10,0,114,1,1,1,4.76,438000.0,1,0,09:30,intra_session_sparse
AIRO,2025-08-27,10,10,0,0,0,0,23.53,16537522.0,0,0,,no_minute_file
AIRS,2025-08-27,10,2,168,1,1,1,6.36,5655813.0,1,1,08:29,intra_session_sparse
AISP,2025-08-27,10,0,230,1,1,1,4.78,3142523.0,1,1,04:03,intra_session_sparse
AIV,2025-08-27,10,0,280,1,1,1,7.79,16642704.0,1,1,09:30,intra_session_sparse
AIXC,2025-08-27,10,10,0,1,0,0,1.851,121946.0,1,0,,no_session_bars_has_month_file
AKBA,2025-08-27,10,0,376,1,1,1,3.09,13797712.0,1,1,04:00,intra_session_sparse
AKTS,2025-08-27,10,10,0,0,0,0,0.037,3065789.0,0,0,,no_minute_file
ALBT,2025-08-27,10,2,27,1,1,1,2.1,248070.0,1,0,07:24,intra_session_sparse
ALDX,2025-08-27,10,0,250,1,1,1,5.89,4758011.0,1,1,09:30,intra_session_sparse
ALEC,2025-08-27,10,0,282,1,1,1,2.36,3437022.0,1,1,04:43,intra_session_sparse
ALGS,2025-08-27,10,0,99,1,1,1,10.98,661585.0,1,0,08:08,intra_session_sparse
ALH,2025-08-27,10,10,0,0,0,0,,,0,0,,no_daily_history
ALHC,2025-08-27,10,0,333,1,1,1,15.68,56706240.0,1,1,09:30,intra_session_sparse
ALIS,2025-08-27,10,10,0,0,0,0,,,0,0,,no_daily_history
ALIT,2025-08-27,10,0,375,1,1,1,3.84,40644575.0,1,1,04:37,intra_session_sparse
ALKT,2025-08-27,10,10,0,0,0,0,24.785,45731769.0,0,0,,no_minute_file
ALLO,2025-08-27,10,0,304,1,1,1,1.16,6537156.0,1,1,05:20,intra_session_sparse
ALLR,2025-08-27,10,0,376,1,1,1,1.43,27939892.0,1,1,04:00,intra_session_sparse
ALLT,2025-08-27,10,0,170,1,1,1,7.89,4178670.0,1,1,09:30,intra_session_sparse
ALM,2025-08-27,10,0,188,1,1,1,4.28,3441983.0,1,1,04:48,intra_session_sparse
ALMS,2025-08-27,10,0,267,1,1,1,4.78,3107221.0,1,1,09:30,intra_session_sparse
ALMU,2025-08-27,10,10,0,1,0,0,20.85,5815556.0,1,0,,no_session_bars_has_month_file
ALOY,2025-08-27,10,2,53,1,1,1,6.215,306392.0,1,0,09:32,intra_session_sparse
ALP,2025-08-27,10,2,25,1,1,1,7.85,423093.0,1,0,09:36,intra_session_sparse
ALPS,2025-08-27,10,10,0,0,0,0,,,0,0,,no_daily_history
ALT,2025-08-27,10,0,364,1,1,1,3.44,10083453.0,1,1,07:00,intra_session_sparse
ALTG,2025-08-27,10,2,179,1,1,1,8.48,1932651.0,1,0,09:30,intra_session_sparse
ALTO,2025-08-27,10,2,103,1,1,1,1.05,251369.0,1,0,09:30,intra_session_sparse
ALVO,2025-08-27,10,0,194,1,1,1,8.12,4175081.0,1,1,04:52,intra_session_sparse
ALXO,2025-08-27,10,1,293,1,1,1,1.1,1545672.0,1,0,04:13,intra_session_sparse
AM,2025-08-27,10,0,348,1,1,1,17.77,52813209.0,1,1,09:30,intra_session_sparse
AMBO,2025-08-27,10,10,0,0,0,0,3.642,138478.0,0,0,,no_minute_file
AMBP,2025-08-27,10,2,273,1,1,1,3.67,4544176.0,1,1,09:30,intra_session_sparse
AMC,2025-08-27,10,0,376,1,1,1,2.86,34419829.0,1,1,04:00,intra_session_sparse
AMCI,2025-08-27,10,10,0,0,0,0,11.97,169506.0,0,0,,no_minute_file
AMCX,2025-08-27,10,1,185,1,1,1,7.15,5601449.0,1,1,09:30,intra_session_sparse
AMIX,2025-08-27,10,2,136,1,1,1,1.16,332071.0,1,0,04:02,intra_session_sparse
AMLX,2025-08-27,10,0,299,1,1,1,9.16,9238394.0,1,1,07:00,intra_session_sparse
AMN,2025-08-27,10,10,0,1,0,0,20.35,21895043.0,1,0,,no_session_bars_has_month_file
AMOD,2025-08-27,10,2,60,1,1,1,1.07,246979.0,1,0,04:23,intra_session_sparse
AMPG,2025-08-27,10,0,148,1,1,1,3.18,2397669.0,1,1,05:54,intra_session_sparse
AMPH,2025-08-27,10,10,0,0,0,0,30.34,17555805.0,0,0,,no_minute_file
AMPL,2025-08-27,10,0,339,1,1,1,11.04,22503727.0,1,1,08:32,intra_session_sparse
AMPX,2025-08-27,10,0,371,1,1,1,7.81,58891289.0,1,1,04:00,intra_session_sparse
AMPY,2025-08-27,10,2,196,1,1,1,3.99,2445906.0,1,1,07:28,intra_session_sparse
AMRN,2025-08-27,10,0,55,1,1,1,15.54,1044774.0,1,0,09:30,intra_session_sparse
AMRX,2025-08-27,10,0,267,1,1,1,9.38,15082780.0,1,1,09:28,intra_session_sparse
AMST,2025-08-27,10,10,0,1,0,0,2.704,55476.0,1,0,,no_session_bars_has_month_file
AMTB,2025-08-27,10,10,0,1,0,0,21.37,3793090.0,1,0,,no_session_bars_has_month_file
AMTX,2025-08-27,10,1,217,1,1,1,2.64,1955256.0,1,0,06:14,intra_session_sparse
ANAB,2025-08-27,10,10,0,1,0,0,19.96,9913916.0,1,1,,no_session_bars_has_month_file
ANDG,2025-08-27,10,10,0,0,0,0,,,0,0,,no_daily_history
ANGH,2025-08-27,10,10,0,1,0,0,3.226,110866.0,1,0,,no_session_bars_has_month_file
ANGI,2025-08-27,10,0,233,1,1,1,17.31,14207786.0,1,1,09:30,intra_session_sparse
ANGO,2025-08-27,10,1,153,1,1,1,9.79,3365615.0,1,1,09:30,intra_session_sparse
ANGX,2025-08-27,10,10,0,0,0,0,,,0,0,,no_daily_history
ANIK,2025-08-27,10,2,116,1,1,1,9.33,1442285.0,1,0,09:30,intra_session_sparse
ANIX,2025-08-27,10,2,45,1,1,1,2.99,238257.0,1,0,09:30,intra_session_sparse
ANNA,2025-08-27,10,10,0,0,0,0,4.248,107648.0,0,0,,no_minute_file
ANNX,2025-08-27,10,0,354,1,1,1,2.15,2817501.0,1,1,06:21,intra_session_sparse
ANPA,2025-08-27,10,10,0,0,0,0,52.88,1629874.0,0,0,,no_minute_file
ANRO,2025-08-27,10,2,73,1,1,1,4.15,349558.0,1,0,08:09,intra_session_sparse
ANSC,2025-08-27,10,10,0,1,0,0,10.882,79969.0,1,0,,no_session_bars_has_month_file
ANTX,2025-08-27,10,10,0,0,0,0,1.15,100878.0,0,0,,no_minute_file
ANVS,2025-08-27,10,2,72,1,1,1,2.43,670287.0,1,0,09:03,intra_session_sparse
ANY,2025-08-27,10,2,97,1,1,1,5.989,621868.0,1,0,08:00,intra_session_sparse
AOMR,2025-08-27,10,2,157,1,1,1,9.77,2069170.0,1,1,08:42,intra_session_sparse
AOSL,2025-08-27,10,10,0,0,0,0,29.15,6270982.0,0,0,,no_minute_file
AP,2025-08-27,10,10,0,1,0,0,2.92,170626.0,1,0,,no_session_bars_has_month_file
APC,2025-08-27,10,10,0,0,0,0,,,0,0,,no_daily_history
APLD,2025-08-27,10,0,376,1,1,1,16.47,520283491.0,1,1,04:00,intra_session_sparse
APLE,2025-08-27,10,0,361,1,1,1,12.73,38167439.0,1,1,06:56,intra_session_sparse
APLM,2025-08-27,10,10,0,1,0,0,6.2,81079.0,1,0,,no_session_bars_has_month_file
APM,2025-08-27,10,0,200,1,1,1,2.5,86984254.0,1,1,04:06,intra_session_sparse
APPN,2025-08-27,10,10,0,0,0,0,28.62,33734517.0,0,0,,no_minute_file
APPS,2025-08-27,10,0,335,1,1,1,4.27,20428473.0,1,1,05:59,intra_session_sparse
APVO,2025-08-27,10,10,0,0,0,0,33.3,285666.0,0,0,,no_minute_file
APXT,2025-08-27,10,10,0,0,0,0,,,0,0,,no_daily_history
AQB,2025-08-27,10,10,0,1,0,0,0.764,16576.0,1,0,,no_session_bars_has_month_file
AQMS,2025-08-27,10,2,16,1,1,1,3.88,204632.0,1,0,08:00,intra_session_sparse
AQN,2025-08-27,10,0,366,1,1,1,5.77,39056530.0,1,1,09:30,intra_session_sparse
AQST,2025-08-27,10,0,335,1,1,1,3.9,5452624.0,1,1,09:12,intra_session_sparse
ARAI,2025-08-27,10,0,122,1,1,1,5.47,1186748.0,1,0,07:00,intra_session_sparse
ARBB,2025-08-27,10,10,0,0,0,0,4.11,109594.0,0,0,,no_minute_file
ARBE,2025-08-27,10,0,301,1,1,1,1.38,1459912.0,1,0,04:02,intra_session_sparse
ARCC,2025-08-27,10,10,0,0,0,0,22.25,77064497.0,0,0,,no_minute_file
ARCO,2025-08-27,10,0,297,1,1,1,6.93,11359455.0,1,1,09:30,intra_session_sparse
ARCT,2025-08-27,10,0,176,1,1,1,17.54,11993792.0,1,1,08:00,intra_session_sparse
ARDT,2025-08-27,10,2,158,1,1,1,12.53,4910476.0,1,1,09:30,intra_session_sparse
ARDX,2025-08-27,10,0,372,1,1,1,6.2,24832701.0,1,1,05:01,intra_session_sparse
AREC,2025-08-27,10,0,366,1,1,1,2.1,6689571.0,1,1,04:02,intra_session_sparse
ARHS,2025-08-27,10,0,332,1,1,1,11.82,27924402.0,1,1,09:30,intra_session_sparse
ARI,2025-08-27,10,0,221,1,1,1,10.36,9022471.0,1,1,09:30,intra_session_sparse
ARIS,2025-08-27,10,0,347,1,1,1,7.95,11045933.0,1,1,07:42,intra_session_sparse
ARKO,2025-08-27,10,2,157,1,1,1,5.02,2507713.0,1,1,09:30,intra_session_sparse
ARLO,2025-08-27,10,0,321,1,1,1,17.23,30213672.0,1,1,08:12,intra_session_sparse
ARMP,2025-08-27,10,10,0,0,0,0,2.595,25256.0,0,0,,no_minute_file
ARQ,2025-08-27,10,0,220,1,1,1,7.35,2342492.0,1,1,09:30,intra_session_sparse
ARQQ,2025-08-27,10,10,0,0,0,0,31.57,12443596.0,0,0,,no_minute_file
ARQT,2025-08-27,10,0,327,1,1,1,15.83,27180993.0,1,1,08:05,intra_session_sparse
ARR,2025-08-27,10,0,349,1,1,1,15.14,76082651.0,1,1,04:26,intra_session_sparse
ARRY,2025-08-27,10,0,372,1,1,1,9.56,71092046.0,1,1,07:00,intra_session_sparse
ARTL,2025-08-27,10,10,0,0,0,0,27.09,1137609.0,0,0,,no_minute_file
ARTV,2025-08-27,10,2,73,1,1,1,2.84,202489.0,1,0,09:30,intra_session_sparse
ARVN,2025-08-27,10,1,335,1,1,1,7.54,13908501.0,1,1,09:30,intra_session_sparse
ARX,2025-08-27,10,10,0,0,0,0,29.23,24986476.0,0,0,,no_minute_file
ASAN,2025-08-27,10,0,368,1,1,1,14.04,48157581.0,1,1,06:08,intra_session_sparse
ASBP,2025-08-27,10,10,0,0,0,0,637.56,15902841.0,0,0,,no_minute_file
ASC,2025-08-27,10,0,211,1,1,1,11.44,6687506.0,1,1,08:00,intra_session_sparse
ASIC,2025-08-27,10,10,0,1,0,0,22.8,2523821.0,1,0,,no_session_bars_has_month_file
ASIX,2025-08-27,10,10,0,1,0,0,20.58,4883166.0,1,0,,no_session_bars_has_month_file
ASLE,2025-08-27,10,0,252,1,1,1,9.0,4874581.0,1,1,09:30,intra_session_sparse
ASM,2025-08-27,10,0,366,1,1,1,4.28,18253212.0,1,1,07:30,intra_session_sparse
ASPC,2025-08-27,10,10,0,0,0,0,10.31,2055.0,0,0,,no_minute_file
ASPI,2025-08-27,10,0,374,1,1,1,10.47,41875410.0,1,1,07:14,intra_session_sparse
ASPN,2025-08-27,10,0,320,1,1,1,7.12,19900293.0,1,1,04:23,intra_session_sparse
ASRT,2025-08-27,10,10,0,1,0,0,11.71,191322.0,1,0,,no_session_bars_has_month_file
ASST,2025-08-27,10,10,0,0,0,0,111.8,14078436.0,0,0,,no_minute_file
ASTC,2025-08-27,10,10,0,0,0,0,5.0,24250.0,0,0,,no_minute_file
ASTH,2025-08-27,10,10,0,0,0,0,30.29,13732045.0,0,0,,no_minute_file
ASTI,2025-08-27,10,0,59,1,1,1,2.13,341337.0,1,0,08:00,intra_session_sparse
ASTL,2025-08-27,10,0,249,1,1,1,4.96,5983079.0,1,1,09:30,intra_session_sparse
ASX,2025-08-27,10,0,371,1,1,1,10.04,71358630.0,1,1,08:00,intra_session_sparse
ASYS,2025-08-27,10,2,59,1,1,1,5.97,372493.0,1,0,09:30,intra_session_sparse
ATAI,2025-08-27,10,0,370,1,1,1,4.83,28503154.0,1,1,04:27,intra_session_sparse
ATCH,2025-08-27,10,10,0,0,0,0,0.187,7261658.0,0,0,,no_minute_file
ATCX,2025-08-27,10,10,0,0,0,0,,,0,0,,no_daily_history
ATEC,2025-08-27,10,0,343,1,1,1,16.05,47696969.0,1,1,09:30,intra_session_sparse
ATEN,2025-08-27,10,0,237,1,1,1,17.23,14396013.0,1,1,09:30,intra_session_sparse
ATER,2025-08-27,10,10,0,0,0,0,1.02,130565.0,0,0,,no_minute_file
ATEX,2025-08-27,10,10,0,0,0,0,22.76,4743112.0,0,0,,no_minute_file
ATII,2025-08-27,10,8,1,1,1,1,10.21,627378.0,1,0,09:30,intra_session_sparse
ATLX,2025-08-27,10,0,216,1,1,1,5.39,3660572.0,1,1,08:00,intra_session_sparse
ATOM,2025-08-27,10,1,171,1,1,1,3.38,1664436.0,1,0,04:01,intra_session_sparse
ATPC,2025-08-27,10,10,0,0,0,0,67.5,59481.0,0,0,,no_minute_file
ATRA,2025-08-27,10,2,36,1,1,1,12.64,630157.0,1,0,09:30,intra_session_sparse
ATYR,2025-08-27,10,0,368,1,1,1,5.14,20915760.0,1,1,04:01,intra_session_sparse
AUID,2025-08-27,10,2,22,1,1,1,4.38,250970.0,1,0,09:30,intra_session_sparse
AUNA,2025-08-27,10,10,0,0,0,0,6.15,150652.0,0,0,,no_minute_file
AUPH,2025-08-27,10,0,275,1,1,1,12.21,32803595.0,1,1,05:30,intra_session_sparse
AUR,2025-08-27,10,0,376,1,1,1,5.82,144729947.0,1,1,04:01,intra_session_sparse
AURA,2025-08-27,10,2,105,1,1,1,6.5,1060921.0,1,0,07:17,intra_session_sparse
AURE,2025-08-27,10,2,19,1,1,1,5.199,448663.0,1,0,09:25,intra_session_sparse
AUST,2025-08-27,10,10,0,0,0,0,1.59,136727.0,0,0,,no_minute_file
AUUD,2025-08-27,10,0,88,1,1,1,19.4,15261393.0,1,1,04:02,intra_session_sparse
AVAH,2025-08-27,10,0,336,1,1,1,7.67,12268341.0,1,1,08:00,intra_session_sparse
AVBC,2025-08-27,10,10,0,1,0,0,15.15,6868756.0,1,1,,no_session_bars_has_month_file
AVBP,2025-08-27,10,0,155,1,1,1,19.59,5360794.0,1,1,09:30,intra_session_sparse
AVIR,2025-08-27,10,0,155,1,1,1,3.65,1264942.0,1,0,09:30,intra_session_sparse
AVNS,2025-08-27,10,0,194,1,1,1,11.58,8991971.0,1,1,09:30,intra_session_sparse
AVNW,2025-08-27,10,10,0,0,0,0,23.53,2024148.0,0,0,,no_minute_file
AVO,2025-08-27,10,1,148,1,1,1,12.46,2907517.0,1,1,09:29,intra_session_sparse
AVPT,2025-08-27,10,0,332,1,1,1,15.36,26839483.0,1,1,04:28,intra_session_sparse
AVR,2025-08-27,10,2,72,1,1,1,3.78,424911.0,1,0,09:30,intra_session_sparse
AVTR,2025-08-27,10,0,375,1,1,1,13.3,204336570.0,1,1,08:00,intra_session_sparse
AVTX,2025-08-27,10,2,118,1,1,1,9.5,2931639.0,1,1,07:00,intra_session_sparse
AVX,2025-08-27,10,0,290,1,1,1,2.8,1468916.0,1,0,04:00,intra_session_sparse
AVXL,2025-08-27,10,0,332,1,1,1,9.53,9545469.0,1,1,04:08,intra_session_sparse
AWX,2025-08-27,10,10,0,0,0,0,2.54,9219.0,0,0,,no_minute_file
AXG,2025-08-27,10,0,179,1,1,1,3.86,2935719.0,1,1,04:51,intra_session_sparse
AXGN,2025-08-27,10,0,329,1,1,1,16.21,24589454.0,1,1,08:00,intra_session_sparse
AXIL,2025-08-27,10,10,0,0,0,0,6.28,140799.0,0,0,,no_minute_file
AXTI,2025-08-27,10,2,255,1,1,1,2.77,1367528.0,1,0,09:12,intra_session_sparse
AYA,2025-08-27,10,10,0,0,0,0,,,0,0,,no_daily_history
AZ,2025-08-27,10,1,157,1,1,1,9.23,1618808.0,1,0,09:30,intra_session_sparse
AZI,2025-08-27,10,10,0,0,0,0,117.05,455638.0,0,0,,no_minute_file
AZTA,2025-08-27,10,10,0,0,0,0,30.57,21508040.0,0,0,,no_minute_file
AZTR,2025-08-27,10,0,376,1,1,1,0.758,2041118.0,1,0,04:03,intra_session_sparse
BACC,2025-08-27,10,10,0,0,0,0,9.965,2133459.0,0,1,,no_minute_file
BAER,2025-08-27,10,1,127,1,1,1,2.06,532674.0,1,0,08:00,intra_session_sparse
BALY,2025-08-27,10,2,19,1,1,1,9.89,439903.0,1,0,09:51,intra_session_sparse
BANC,2025-08-27,10,0,357,1,1,1,16.6,30564330.0,1,1,08:00,intra_session_sparse
BAND,2025-08-27,10,2,118,1,1,1,14.25,3233387.0,1,1,09:30,intra_session_sparse
BAOS,2025-08-27,10,10,0,0,0,0,2.79,100886.0,0,0,,no_minute_file
BARK,2025-08-27,10,0,222,1,1,1,17.39,659720.0,1,0,04:00,intra_session_sparse
BATL,2025-08-27,10,2,73,1,1,1,1.18,422431.0,1,0,04:04,intra_session_sparse
BAX,2025-08-27,10,10,0,0,0,0,24.5,250363548.0,0,0,,no_minute_file
BB,2025-08-27,10,0,370,1,1,1,3.81,26003106.0,1,1,04:47,intra_session_sparse
BBAI,2025-08-27,10,0,376,1,1,1,5.35,486049451.0,1,1,04:00,intra_session_sparse
BBAR,2025-08-27,10,0,357,1,1,1,12.86,9565991.0,1,1,04:00,intra_session_sparse
BBBY,2025-08-27,10,0,364,1,1,1,9.51,24941505.0,1,1,06:37,intra_session_sparse
BBCQ,2025-08-27,10,10,0,0,0,0,,,0,0,,no_daily_history
BBDC,2025-08-27,10,0,229,1,1,1,9.8,3583372.0,1,1,09:03,intra_session_sparse
BBGI,2025-08-27,10,10,0,1,0,0,4.79,26439.0,1,0,,no_session_bars_has_month_file
BBLG,2025-08-27,10,10,0,1,0,0,2.16,96007.0,1,0,,no_session_bars_has_month_file
BBNX,2025-08-27,10,0,212,1,1,1,18.33,12735715.0,1,1,09:30,intra_session_sparse
BBOT,2025-08-27,10,2,106,1,1,1,9.585,1379283.0,1,0,09:53,intra_session_sparse
BBVA,2025-08-27,10,0,348,1,1,1,18.46,28372061.0,1,1,04:00,intra_session_sparse
BBWI,2025-08-27,10,10,0,0,0,0,31.35,140063653.0,0,0,,no_minute_file
BCAL,2025-08-27,10,1,71,1,1,1,16.82,1572534.0,1,0,09:30,intra_session_sparse
BCAR,2025-08-27,10,10,0,0,0,0,9.91,2673241.0,0,1,,no_minute_file
BCAX,2025-08-27,10,2,114,1,1,1,12.04,3428941.0,1,1,09:30,intra_session_sparse
BCDA,2025-08-27,10,2,56,1,1,1,1.96,1259940.0,1,0,09:50,intra_session_sparse
BCG,2025-08-27,10,10,0,0,0,0,1.99,24954.0,0,0,,no_minute_file
BCHT,2025-08-27,10,10,0,0,0,0,,,0,0,,no_daily_history
BCRX,2025-08-27,10,0,334,1,1,1,8.58,27091059.0,1,1,08:00,intra_session_sparse
BCS,2025-08-27,10,10,0,1,0,0,20.4,233855518.0,1,0,,no_session_bars_has_month_file
BCSF,2025-08-27,10,2,160,1,1,1,15.5,4010068.0,1,1,09:30,intra_session_sparse
BCTX,2025-08-27,10,0,84,1,1,1,8.21,764883.0,1,0,07:40,intra_session_sparse
BDCI,2025-08-27,10,10,0,0,0,0,,,0,0,,no_daily_history
BDMD,2025-08-27,10,2,113,1,1,1,2.55,640751.0,1,0,09:05,intra_session_sparse
BDRX,2025-08-27,10,10,0,0,0,0,27.9,225553.0,0,0,,no_minute_file
BDSX,2025-08-27,10,1,150,1,1,1,9.3,523456.0,1,0,04:03,intra_session_sparse
BDTX,2025-08-27,10,0,185,1,1,1,2.9,2399269.0,1,1,06:32,intra_session_sparse
BEAG,2025-08-27,10,8,8,1,1,1,10.36,941890.0,1,0,14:05,intra_session_sparse
BEAM,2025-08-27,10,0,370,1,1,1,16.64,44605774.0,1,1,05:11,intra_session_sparse
BEAT,2025-08-27,10,10,0,0,0,0,1.15,131141.0,0,0,,no_minute_file
BEEM,2025-08-27,10,0,117,1,1,1,2.92,517980.0,1,0,04:06,intra_session_sparse
BENF,2025-08-27,10,0,335,1,1,1,3.331,2819884.0,1,1,04:00,intra_session_sparse
BETA,2025-08-27,10,10,0,0,0,0,,,0,0,,no_daily_history
BFLY,2025-08-27,10,0,359,1,1,1,1.59,5830686.0,1,1,06:41,intra_session_sparse
BFRG,2025-08-27,10,10,0,1,0,0,1.25,149362.0,1,0,,no_session_bars_has_month_file
BGC,2025-08-27,10,0,299,1,1,1,10.19,29986369.0,1,1,09:30,intra_session_sparse
BGDE,2025-08-27,10,10,0,1,0,0,8.642,87230.0,1,0,,no_session_bars_has_month_file
BGI,2025-08-27,10,10,0,0,0,0,0.676,105887.0,0,0,,no_minute_file
BGIN,2025-08-27,10,10,0,0,0,0,,,0,0,,no_daily_history
BGL,2025-08-27,10,2,74,1,1,1,11.3,1380359.0,1,0,08:00,intra_session_sparse
BGLC,2025-08-27,10,2,43,1,1,1,5.59,21954771.0,1,1,07:46,intra_session_sparse
BGMS,2025-08-27,10,2,83,1,1,1,7.49,1796480.0,1,0,09:30,intra_session_sparse
BGS,2025-08-27,10,0,327,1,1,1,4.39,11170262.0,1,1,09:30,intra_session_sparse
BGSF,2025-08-27,10,10,0,1,0,0,6.14,172301.0,1,0,,no_session_bars_has_month_file
BHAV,2025-08-27,10,10,0,0,0,0,,,0,0,,no_daily_history
BHC,2025-08-27,10,0,323,1,1,1,7.17,34078149.0,1,1,08:11,intra_session_sparse
BHK,2025-08-27,10,0,131,1,1,1,9.63,2559576.0,1,1,09:30,intra_session_sparse
BHR,2025-08-27,10,0,347,1,1,1,2.25,460880.0,1,0,06:33,intra_session_sparse
BHVN,2025-08-27,10,0,317,1,1,1,15.73,36062266.0,1,1,07:00,intra_session_sparse
BIAF,2025-08-27,10,10,0,1,0,0,7.566,137712.0,1,0,,no_session_bars_has_month_file
BIII,2025-08-27,10,10,0,0,0,0,,,0,0,,no_daily_history
BIOA,2025-08-27,10,0,86,1,1,1,4.61,374910.0,1,0,08:00,intra_session_sparse
BIOX,2025-08-27,10,2,167,1,1,1,2.81,707848.0,1,0,09:28,intra_session_sparse
BIRD,2025-08-27,10,2,49,1,1,1,6.48,540664.0,1,0,09:30,intra_session_sparse
BIYA,2025-08-27,10,10,0,1,0,0,14.25,164139.0,1,0,,no_session_bars_has_month_file
BJDX,2025-08-27,10,2,41,1,1,1,5.44,9716667.0,1,1,08:04,intra_session_sparse
BKD,2025-08-27,10,0,337,1,1,1,7.73,22084326.0,1,1,09:30,intra_session_sparse
BKKT,2025-08-27,10,0,262,1,1,1,8.89,13947388.0,1,1,04:00,intra_session_sparse
BKSY,2025-08-27,10,0,346,1,1,1,18.21,29579531.0,1,1,04:00,intra_session_sparse
BLCO,2025-08-27,10,0,244,1,1,1,14.44,11785113.0,1,1,09:30,intra_session_sparse
BLDP,2025-08-27,10,0,315,1,1,1,2.06,7756973.0,1,1,04:01,intra_session_sparse
BLFS,2025-08-27,10,10,0,0,0,0,25.65,13949490.0,0,0,,no_minute_file
BLMN,2025-08-27,10,0,350,1,1,1,7.17,25123588.0,1,1,04:01,intra_session_sparse
BLND,2025-08-27,10,0,373,1,1,1,3.47,11432484.0,1,1,08:02,intra_session_sparse
BLNE,2025-08-27,10,0,362,1,1,1,1.46,2050382.0,1,1,04:00,intra_session_sparse
BLNK,2025-08-27,10,0,356,1,1,1,1.01,2149117.0,1,1,04:03,intra_session_sparse
BLUW,2025-08-27,10,10,0,1,0,0,9.96,1400853.0,1,0,,no_session_bars_has_month_file
BLZE,2025-08-27,10,0,218,1,1,1,8.12,5221046.0,1,1,08:04,intra_session_sparse
BLZR,2025-08-27,10,10,0,0,0,0,,,0,0,,no_daily_history
BMBL,2025-08-27,10,0,358,1,1,1,6.45,31204402.0,1,1,08:35,intra_session_sparse
BMEA,2025-08-27,10,0,192,1,1,1,1.83,1081747.0,1,0,05:16,intra_session_sparse
BMNR,2025-08-27,10,10,0,0,0,0,49.95,3236391913.0,0,0,,no_minute_file
BMR,2025-08-27,10,2,201,1,1,1,2.99,964347.0,1,0,04:46,intra_session_sparse
BMRA,2025-08-27,10,2,42,1,1,1,3.29,7253175.0,1,1,08:34,intra_session_sparse
BNAI,2025-08-27,10,10,0,1,0,0,3.13,90787.0,1,0,,no_session_bars_has_month_file
BNBX,2025-08-27,10,2,37,1,1,1,3.35,308999.0,1,0,04:26,intra_session_sparse
BNC,2025-08-27,10,10,0,1,0,0,22.62,10417681.0,1,0,,no_session_bars_has_month_file
BNED,2025-08-27,10,0,183,1,1,1,8.71,2660763.0,1,1,09:30,intra_session_sparse
BNGO,2025-08-27,10,0,98,1,1,1,3.99,514207.0,1,0,08:00,intra_session_sparse
BNKK,2025-08-27,10,0,355,1,1,1,15.63,6719105.0,1,1,06:37,intra_session_sparse
BNL,2025-08-27,10,0,339,1,1,1,18.31,31482390.0,1,1,09:30,intra_session_sparse
BNTC,2025-08-27,10,1,53,1,1,1,12.76,518469.0,1,0,09:30,intra_session_sparse
BOBS,2025-08-27,10,10,0,0,0,0,,,0,0,,no_daily_history
BOC,2025-08-27,10,2,209,1,1,1,13.59,2950414.0,1,1,09:30,intra_session_sparse
BODI,2025-08-27,10,10,0,0,0,0,5.62,133937.0,0,0,,no_minute_file
BOF,2025-08-27,10,0,29,1,1,1,2.14,272058.0,1,0,04:19,intra_session_sparse
BON,2025-08-27,10,10,0,1,0,0,1.39,99160.0,1,0,,no_session_bars_has_month_file
BOOM,2025-08-27,10,1,95,1,1,1,6.6,1494834.0,1,0,09:30,intra_session_sparse
BORR,2025-08-27,10,0,373,1,1,1,2.83,14142884.0,1,1,04:24,intra_session_sparse
BOXL,2025-08-27,10,10,0,0,0,0,10.81,44218.0,0,0,,no_minute_file
BPAC,2025-08-27,10,10,0,0,0,0,,,0,0,,no_daily_history
BQ,2025-08-27,10,10,0,1,0,0,2.671,58943.0,1,0,,no_session_bars_has_month_file
BRAI,2025-08-27,10,10,0,0,0,0,,,0,0,,no_daily_history
BRBI,2025-08-27,10,10,0,0,0,0,,,0,0,,no_daily_history
BRBR,2025-08-27,10,10,0,0,0,0,39.77,177001870.0,0,0,,no_minute_file
BRBS,2025-08-27,10,2,232,1,1,1,3.88,1817657.0,1,0,09:30,intra_session_sparse
BRCB,2025-08-27,10,10,0,0,0,0,,,0,0,,no_daily_history
BRIA,2025-08-27,10,10,0,0,0,0,2.64,7212.0,0,0,,no_minute_file
BRLS,2025-08-27,10,10,0,0,0,0,3.001,35016.0,0,0,,no_minute_file
BRLT,2025-08-27,10,0,284,1,1,1,2.76,6430391.0,1,1,04:13,intra_session_sparse
BRR,2025-08-27,10,1,53,1,1,1,10.145,3323850.0,1,1,09:25,intra_session_sparse
BRSL,2025-08-27,10,0,342,1,1,1,16.36,33034735.0,1,1,09:30,intra_session_sparse
BRSP,2025-08-27,10,1,210,1,1,1,5.73,4032095.0,1,1,09:30,intra_session_sparse
BRUN,2025-08-27,10,10,0,0,0,0,10.27,46876.0,0,0,,no_minute_file
BRZE,2025-08-27,10,10,0,0,0,0,25.8,29524890.0,0,0,,no_minute_file
BSBR,2025-08-27,10,0,283,1,1,1,5.12,3726139.0,1,1,09:30,intra_session_sparse
BSM,2025-08-27,10,0,326,1,1,1,12.12,5934163.0,1,1,09:30,intra_session_sparse
BTAI,2025-08-27,10,0,376,1,1,1,5.24,96214550.0,1,1,04:00,intra_session_sparse
BTBD,2025-08-27,10,2,49,1,1,1,1.77,18193975.0,1,1,08:00,intra_session_sparse
BTBT,2025-08-27,10,0,376,1,1,1,2.81,90326282.0,1,1,04:00,intra_session_sparse
BTCS,2025-08-27,10,0,363,1,1,1,4.4,22425483.0,1,1,04:02,intra_session_sparse
BTDR,2025-08-27,10,0,372,1,1,1,12.95,40667623.0,1,1,08:12,intra_session_sparse
BTE,2025-08-27,10,0,375,1,1,1,2.13,44736146.0,1,1,08:08,intra_session_sparse
BTG,2025-08-27,10,0,376,1,1,1,4.05,119542868.0,1,1,05:22,intra_session_sparse
BTGO,2025-08-27,10,10,0,0,0,0,,,0,0,,no_daily_history
BTOC,2025-08-27,10,10,0,0,0,0,1.4,29166.0,0,0,,no_minute_file
BTOG,2025-08-27,10,10,0,1,0,0,27.66,8234603.0,1,0,,no_session_bars_has_month_file
BTQ,2025-08-27,10,10,0,0,0,0,,,0,0,,no_daily_history
BTTC,2025-08-27,10,0,95,1,1,1,5.0,358932.0,1,0,04:00,intra_session_sparse
BTU,2025-08-27,10,0,370,1,1,1,16.91,83196960.0,1,1,05:38,intra_session_sparse
BUDA,2025-08-27,10,10,0,0,0,0,,,0,0,,no_daily_history
BULL,2025-08-27,10,0,376,1,1,1,15.0,171839797.0,1,1,04:01,intra_session_sparse
BUR,2025-08-27,10,0,335,1,1,1,13.94,19024632.0,1,1,04:56,intra_session_sparse
BURU,2025-08-27,10,10,0,1,0,0,0.877,2546142.0,1,0,,no_session_bars_has_month_file
BV,2025-08-27,10,1,303,1,1,1,14.61,14138792.0,1,1,09:30,intra_session_sparse
BVC,2025-08-27,10,10,0,0,0,0,6.501,26669.0,0,0,,no_minute_file
BVN,2025-08-27,10,0,307,1,1,1,18.95,17570700.0,1,1,04:16,intra_session_sparse
BVS,2025-08-27,10,1,290,1,1,1,7.27,4257471.0,1,1,09:30,intra_session_sparse
BW,2025-08-27,10,0,345,1,1,1,1.71,2461266.0,1,1,06:30,intra_session_sparse
BWB,2025-08-27,10,0,34,1,1,1,16.38,855915.0,1,0,09:30,intra_session_sparse
BWEN,2025-08-27,10,2,36,1,1,1,2.21,534208.0,1,0,09:30,intra_session_sparse
BWIN,2025-08-27,10,10,0,0,0,0,32.82,35591651.0,0,0,,no_minute_file
BWLP,2025-08-27,10,0,318,1,1,1,15.1,5414051.0,1,1,04:00,intra_session_sparse
BWMX,2025-08-27,10,2,44,1,1,1,13.32,924823.0,1,0,08:50,intra_session_sparse
BYAH,2025-08-27,10,10,0,0,0,0,26.65,520730.0,0,0,,no_minute_file
BYND,2025-08-27,10,0,332,1,1,1,2.49,6677728.0,1,1,04:13,intra_session_sparse
BYRN,2025-08-27,10,10,0,1,0,0,19.88,9300486.0,1,1,,no_session_bars_has_month_file
BZ,2025-08-27,10,10,0,1,0,0,22.93,101482266.0,1,0,,no_session_bars_has_month_file
BZAI,2025-08-27,10,0,320,1,1,1,3.87,4415682.0,1,1,08:00,intra_session_sparse
BZFD,2025-08-27,10,2,54,1,1,1,2.0,659772.0,1,0,09:30,intra_session_sparse
BZH,2025-08-27,10,10,0,0,0,0,25.31,9657660.0,0,0,,no_minute_file
CAAP,2025-08-27,10,10,0,1,0,0,20.9,2663378.0,1,0,,no_session_bars_has_month_file
CABA,2025-08-27,10,0,269,1,1,1,1.53,2097263.0,1,1,04:02,intra_session_sparse
CABR,2025-08-27,10,10,0,0,0,0,,,0,0,,no_daily_history
CADL,2025-08-27,10,0,227,1,1,1,5.96,3705241.0,1,1,04:46,intra_session_sparse
CAG,2025-08-27,10,0,376,1,1,1,18.79,242773433.0,1,1,05:25,intra_session_sparse
CAI,2025-08-27,10,10,0,0,0,0,38.39,26093221.0,0,0,,no_minute_file
CAL,2025-08-27,10,0,320,1,1,1,15.05,8435721.0,1,1,09:30,intra_session_sparse
CALC,2025-08-27,10,10,0,1,0,0,2.87,140579.0,1,0,,no_session_bars_has_month_file
CALY,2025-08-27,10,0,366,1,1,1,9.89,28713560.0,1,1,09:30,intra_session_sparse
CAMP,2025-08-27,10,10,0,0,0,0,1.53,160255.0,0,0,,no_minute_file
CANG,2025-08-27,10,2,97,1,1,1,4.91,2208614.0,1,1,09:30,intra_session_sparse
CAPR,2025-08-27,10,0,338,1,1,1,6.47,13523780.0,1,1,04:13,intra_session_sparse
CAPS,2025-08-27,10,0,211,1,1,1,1.42,9321009.0,1,1,04:03,intra_session_sparse
CARE,2025-08-27,10,2,104,1,1,1,19.39,1448969.0,1,0,09:30,intra_session_sparse
CARL,2025-08-27,10,0,144,1,1,1,13.75,2252466.0,1,1,09:30,intra_session_sparse
CARS,2025-08-27,10,0,216,1,1,1,13.1,12171533.0,1,1,09:30,intra_session_sparse
CAST,2025-08-27,10,10,0,0,0,0,,,0,0,,no_daily_history
CATX,2025-08-27,10,0,223,1,1,1,3.6,2446513.0,1,1,06:25,intra_session_sparse
CBAN,2025-08-27,10,2,51,1,1,1,17.13,948218.0,1,0,09:30,intra_session_sparse
CBIO,2025-08-27,10,2,61,1,1,1,14.47,1364730.0,1,0,09:48,intra_session_sparse
CBLL,2025-08-27,10,2,130,1,1,1,11.46,5006758.0,1,1,09:26,intra_session_sparse
CBUS,2025-08-27,10,2,78,1,1,1,1.36,296091.0,1,0,09:30,intra_session_sparse
CC,2025-08-27,10,0,360,1,1,1,15.19,60437636.0,1,1,08:51,intra_session_sparse
CCAP,2025-08-27,10,1,227,1,1,1,15.63,3233058.0,1,1,08:30,intra_session_sparse
CCC,2025-08-27,10,0,370,1,1,1,9.68,79678940.0,1,1,09:30,intra_session_sparse
CCCC,2025-08-27,10,0,220,1,1,1,2.57,4075519.0,1,1,08:00,intra_session_sparse
CCHH,2025-08-27,10,10,0,0,0,0,,,0,0,,no_daily_history
CCII,2025-08-27,10,10,0,0,0,0,10.12,7075.0,0,0,,no_minute_file
CCIX,2025-08-27,10,2,10,1,1,1,10.56,458925.0,1,0,10:20,intra_session_sparse
CCLD,2025-08-27,10,0,305,1,1,1,3.68,1678256.0,1,0,07:37,intra_session_sparse
CCO,2025-08-27,10,0,350,1,1,1,1.26,4474059.0,1,1,08:42,intra_session_sparse
CCOI,2025-08-27,10,10,0,0,0,0,37.41,72487494.0,0,0,,no_minute_file
CCRN,2025-08-27,10,0,172,1,1,1,13.23,3667868.0,1,1,09:30,intra_session_sparse
CCTG,2025-08-27,10,10,0,0,0,0,11.1,8851.0,0,0,,no_minute_file
CCU,2025-08-27,10,0,130,1,1,1,12.22,2563883.0,1,1,09:30,intra_session_sparse
CD,2025-08-27,10,0,115,1,1,1,5.18,1015683.0,1,0,09:30,intra_session_sparse
CDE,2025-08-27,10,0,376,1,1,1,12.3,152567973.0,1,1,04:15,intra_session_sparse
CDIO,2025-08-27,10,10,0,0,0,0,3.67,142923.0,0,0,,no_minute_file
CDLX,2025-08-27,10,0,371,1,1,1,1.03,1963051.0,1,0,08:49,intra_session_sparse
CDNA,2025-08-27,10,0,365,1,1,1,12.81,16606123.0,1,1,09:26,intra_session_sparse
CDTG,2025-08-27,10,10,0,0,0,0,14.85,29766.0,0,0,,no_minute_file
CDXS,2025-08-27,10,0,329,1,1,1,2.63,3547891.0,1,1,08:14,intra_session_sparse
CDZI,2025-08-27,10,1,204,1,1,1,3.7,1607869.0,1,0,08:00,intra_session_sparse
CENN,2025-08-27,10,10,0,0,0,0,31.69,171379.0,0,0,,no_minute_file
CEPF,2025-08-27,10,10,0,0,0,0,10.135,47586233.0,0,1,,no_minute_file
CEPO,2025-08-27,10,0,147,1,1,1,10.47,3703384.0,1,1,09:28,intra_session_sparse
CEPS,2025-08-27,10,10,0,0,0,0,,,0,0,,no_daily_history
CEPT,2025-08-27,10,2,19,1,1,1,10.62,1642519.0,1,0,09:56,intra_session_sparse
CEPV,2025-08-27,10,10,0,0,0,0,,,0,0,,no_daily_history
CERS,2025-08-27,10,1,221,1,1,1,1.33,1673690.0,1,0,05:11,intra_session_sparse
CERT,2025-08-27,10,0,301,1,1,1,10.87,14962663.0,1,1,09:30,intra_session_sparse
CETY,2025-08-27,10,10,0,1,0,0,3.602,164349.0,1,0,,no_session_bars_has_month_file
CEVA,2025-08-27,10,10,0,0,0,0,22.97,6351191.0,0,0,,no_minute_file
CFFN,2025-08-27,10,0,294,1,1,1,6.42,4056364.0,1,1,08:00,intra_session_sparse
CGAU,2025-08-27,10,0,274,1,1,1,7.86,10880704.0,1,1,05:40,intra_session_sparse
CGBD,2025-08-27,10,0,218,1,1,1,13.81,6629950.0,1,1,09:30,intra_session_sparse
CGC,2025-08-27,10,0,369,1,1,1,1.47,35692396.0,1,1,04:00,intra_session_sparse
CGCT,2025-08-27,10,10,0,1,0,0,10.02,1134081.0,1,0,,no_session_bars_has_month_file
CGEM,2025-08-27,10,0,210,1,1,1,7.64,3063856.0,1,1,09:30,intra_session_sparse
CGNT,2025-08-27,10,2,108,1,1,1,8.64,1678630.0,1,0,07:00,intra_session_sparse
CGTL,2025-08-27,10,10,0,1,0,0,0.622,258153.0,1,0,,no_session_bars_has_month_file
CGTX,2025-08-27,10,0,363,1,1,1,2.855,19870273.0,1,1,04:01,intra_session_sparse
CHAI,2025-08-27,10,2,146,1,1,1,11.68,2216390.0,1,1,05:10,intra_session_sparse
CHEC,2025-08-27,10,10,0,0,0,0,,,0,0,,no_daily_history
CHGG,2025-08-27,10,0,337,1,1,1,1.37,2986035.0,1,1,04:54,intra_session_sparse
CHNR,2025-08-27,10,10,0,1,0,0,3.878,110389.0,1,0,,no_session_bars_has_month_file
CHOW,2025-08-27,10,10,0,0,0,0,,,0,0,,no_daily_history
CHPT,2025-08-27,10,0,203,1,1,1,11.58,6483456.0,1,1,08:00,intra_session_sparse
CHR,2025-08-27,10,10,0,0,0,0,180.0,106816.0,0,0,,no_minute_file
CHRN,2025-08-27,10,10,0,1,0,0,3.74,185116.0,1,0,,no_session_bars_has_month_file
CHRS,2025-08-27,10,0,294,1,1,1,1.13,1468459.0,1,0,06:04,intra_session_sparse
CHYM,2025-08-27,10,10,0,0,0,0,27.12,71636483.0,0,0,,no_minute_file
CIFR,2025-08-27,10,0,376,1,1,1,7.12,123402985.0,1,1,04:00,intra_session_sparse
CIG,2025-08-27,10,0,335,1,1,1,1.99,4495163.0,1,1,09:19,intra_session_sparse
CIIT,2025-08-27,10,10,0,0,0,0,5.6,68458.0,0,0,,no_minute_file
CIM,2025-08-27,10,0,239,1,1,1,14.06,7181051.0,1,1,08:34,intra_session_sparse
CING,2025-08-27,10,0,78,1,1,1,4.3,681845.0,1,0,08:00,intra_session_sparse
CINT,2025-08-27,10,0,185,1,1,1,5.18,730982.0,1,0,09:30,intra_session_sparse
CION,2025-08-27,10,0,170,1,1,1,10.86,2666657.0,1,1,09:30,intra_session_sparse
CISS,2025-08-27,10,10,0,0,0,0,420.0,886334.0,0,0,,no_minute_file
CIVB,2025-08-27,10,10,0,1,0,0,21.0,2075707.0,1,0,,no_session_bars_has_month_file
CJMB,2025-08-27,10,10,0,0,0,0,4.925,32410.0,0,0,,no_minute_file
CLB,2025-08-27,10,0,233,1,1,1,11.12,4968417.0,1,1,09:30,intra_session_sparse
CLBK,2025-08-27,10,2,100,1,1,1,15.25,1714066.0,1,0,09:30,intra_session_sparse
CLBT,2025-08-27,10,0,371,1,1,1,15.8,35111802.0,1,1,07:46,intra_session_sparse
CLF,2025-08-27,10,0,376,1,1,1,10.54,178678585.0,1,1,04:29,intra_session_sparse
CLIK,2025-08-27,10,0,78,1,1,1,10.05,887780.0,1,0,07:23,intra_session_sparse
CLMB,2025-08-27,10,10,0,0,0,0,30.81,8234588.0,0,0,,no_minute_file
CLMT,2025-08-27,10,0,243,1,1,1,16.0,14610814.0,1,1,09:30,intra_session_sparse
CLNE,2025-08-27,10,0,325,1,1,1,2.59,4829011.0,1,1,08:00,intra_session_sparse
CLNN,2025-08-27,10,2,31,1,1,1,5.38,495702.0,1,0,09:26,intra_session_sparse
CLOV,2025-08-27,10,0,346,1,1,1,2.67,21362270.0,1,1,05:26,intra_session_sparse
CLPT,2025-08-27,10,0,138,1,1,1,10.64,4362796.0,1,1,08:29,intra_session_sparse
CLRB,2025-08-27,10,2,126,1,1,1,4.76,658015.0,1,0,07:25,intra_session_sparse
CLSK,2025-08-27,10,0,376,1,1,1,9.68,195112698.0,1,1,04:00,intra_session_sparse
CLVT,2025-08-27,10,0,367,1,1,1,4.47,20205012.0,1,1,05:23,intra_session_sparse
CLW,2025-08-27,10,10,0,0,0,0,21.42,6911694.0,0,0,,no_minute_file
CLYM,2025-08-27,10,0,255,1,1,1,2.33,1627203.0,1,0,04:51,intra_session_sparse
CMBT,2025-08-27,10,0,370,1,1,1,8.54,17164341.0,1,1,06:45,intra_session_sparse
CMCO,2025-08-27,10,2,165,1,1,1,15.22,5332456.0,1,1,09:30,intra_session_sparse
CMII,2025-08-27,10,10,0,0,0,0,,,0,0,,no_daily_history
CMND,2025-08-27,10,10,0,0,0,0,404.0,64342.0,0,0,,no_minute_file
CMP,2025-08-27,10,1,191,1,1,1,19.64,9022993.0,1,1,09:30,intra_session_sparse
CMPS,2025-08-27,10,0,321,1,1,1,4.76,8269749.0,1,1,06:57,intra_session_sparse
CMPX,2025-08-27,10,0,331,1,1,1,3.15,4332215.0,1,1,04:32,intra_session_sparse
CMRC,2025-08-27,10,0,180,1,1,1,4.59,4630500.0,1,1,09:25,intra_session_sparse
CMRE,2025-08-27,10,1,337,1,1,1,11.82,6667972.0,1,1,09:30,intra_session_sparse
CMTL,2025-08-27,10,2,66,1,1,1,1.97,269743.0,1,0,09:30,intra_session_sparse
CNCK,2025-08-27,10,2,61,1,1,1,4.9,277016.0,1,0,09:30,intra_session_sparse
CNDT,2025-08-27,10,0,276,1,1,1,2.83,2891188.0,1,1,09:30,intra_session_sparse
CNEY,2025-08-27,10,10,0,0,0,0,2.48,30377.0,0,0,,no_minute_file
CNH,2025-08-27,10,0,376,1,1,1,12.07,145794933.0,1,1,05:31,intra_session_sparse
CNNE,2025-08-27,10,0,295,1,1,1,18.76,14540343.0,1,1,09:30,intra_session_sparse
CNSP,2025-08-27,10,0,13,1,1,1,6.12,528136.0,1,0,09:30,intra_session_sparse
CNTN,2025-08-27,10,0,367,1,1,1,6.11,131001336.0,1,1,04:00,intra_session_sparse
CNTX,2025-08-27,10,10,0,0,0,0,0.86,146108.0,0,0,,no_minute_file
CNVS,2025-08-27,10,0,170,1,1,1,5.05,1661271.0,1,0,09:30,intra_session_sparse
COCH,2025-08-27,10,2,49,1,1,1,1.17,934495.0,1,0,07:00,intra_session_sparse
COCP,2025-08-27,10,2,27,1,1,1,1.545,309428.0,1,0,09:30,intra_session_sparse
CODA,2025-08-27,10,2,53,1,1,1,7.95,286354.0,1,0,08:00,intra_session_sparse
CODI,2025-08-27,10,1,195,1,1,1,7.49,6326830.0,1,1,08:48,intra_session_sparse
CODX,2025-08-27,10,0,104,1,1,1,9.372,1553433.0,1,0,07:12,intra_session_sparse
COGT,2025-08-27,10,1,286,1,1,1,12.23,15871554.0,1,1,09:30,intra_session_sparse
COHU,2025-08-27,10,10,0,1,0,0,20.2,7706945.0,1,0,,no_session_bars_has_month_file
COMP,2025-08-27,10,0,371,1,1,1,9.36,75336468.0,1,1,08:00,intra_session_sparse
CON,2025-08-27,10,10,0,1,0,0,22.86,20304789.0,1,0,,no_session_bars_has_month_file
COOT,2025-08-27,10,10,0,0,0,0,0.58,23389.0,0,0,,no_minute_file
CORZ,2025-08-27,10,0,374,1,1,1,14.04,255626463.0,1,1,04:00,intra_session_sparse
COTY,2025-08-27,10,0,376,1,1,1,3.69,44983956.0,1,1,04:00,intra_session_sparse
COUR,2025-08-27,10,0,358,1,1,1,11.12,36566327.0,1,1,08:00,intra_session_sparse
COYA,2025-08-27,10,2,113,1,1,1,6.73,451480.0,1,0,09:30,intra_session_sparse
CPAC,2025-08-27,10,10,0,0,0,0,6.33,23998.0,0,0,,no_minute_file
CPB,2025-08-27,10,10,0,0,0,0,31.97,193791788.0,0,0,,no_minute_file
CPIX,2025-08-27,10,2,30,1,1,1,3.4,226977.0,1,0,09:30,intra_session_sparse
CPNG,2025-08-27,10,10,0,0,0,0,28.42,321375385.0,0,0,,no_minute_file
CPOP,2025-08-27,10,2,46,1,1,1,1.17,4447984.0,1,1,09:30,intra_session_sparse
CPRI,2025-08-27,10,10,0,1,0,0,21.46,76230845.0,1,0,,no_session_bars_has_month_file
CPRX,2025-08-27,10,10,0,1,0,0,19.94,30688049.0,1,1,,no_session_bars_has_month_file
CPSH,2025-08-27,10,0,83,1,1,1,3.63,409607.0,1,0,09:30,intra_session_sparse
CRAC,2025-08-27,10,10,0,0,0,0,,,0,0,,no_daily_history
CRAN,2025-08-27,10,10,0,0,0,0,,,0,0,,no_daily_history
CRBP,2025-08-27,10,0,125,1,1,1,10.03,949949.0,1,0,04:17,intra_session_sparse
CRBU,2025-08-27,10,0,272,1,1,1,2.0,2031872.0,1,1,04:26,intra_session_sparse
CRCT,2025-08-27,10,0,299,1,1,1,5.7,4452338.0,1,1,09:30,intra_session_sparse
CRDF,2025-08-27,10,0,309,1,1,1,2.21,5862501.0,1,1,08:00,intra_session_sparse
CRE,2025-08-27,10,0,234,1,1,1,8.069,11356432.0,1,1,04:01,intra_session_sparse
CREG,2025-08-27,10,1,76,1,1,1,1.62,7289541.0,1,1,08:00,intra_session_sparse
CRGY,2025-08-27,10,0,376,1,1,1,9.02,35930434.0,1,1,07:00,intra_session_sparse
CRK,2025-08-27,10,0,366,1,1,1,15.87,45508921.0,1,1,08:00,intra_session_sparse
CRMD,2025-08-27,10,0,363,1,1,1,13.99,40591599.0,1,1,08:00,intra_session_sparse
CRML,2025-08-27,10,0,376,1,1,1,6.87,32664107.0,1,1,04:00,intra_session_sparse
CRMT,2025-08-27,10,10,0,0,0,0,46.1,4108780.0,0,0,,no_minute_file
CRNC,2025-08-27,10,0,331,1,1,1,10.33,29898467.0,1,1,06:19,intra_session_sparse
CRNT,2025-08-27,10,0,248,1,1,1,2.02,2015872.0,1,1,08:14,intra_session_sparse
CRON,2025-08-27,10,0,355,1,1,1,2.55,8900477.0,1,1,08:00,intra_session_sparse
CRSR,2025-08-27,10,0,247,1,1,1,8.77,6325644.0,1,1,09:30,intra_session_sparse
CRVS,2025-08-27,10,0,267,1,1,1,5.54,2365553.0,1,1,08:00,intra_session_sparse
CSAI,2025-08-27,10,2,86,1,1,1,1.61,666761.0,1,0,04:51,intra_session_sparse
CSHR,2025-08-27,10,10,0,0,0,0,10.42,113341.0,0,0,,no_minute_file
CSIQ,2025-08-27,10,0,355,1,1,1,11.39,13099311.0,1,1,07:15,intra_session_sparse
CSQ,2025-08-27,10,2,138,1,1,1,18.51,3805809.0,1,1,09:30,intra_session_sparse
CSTE,2025-08-27,10,10,0,0,0,0,1.41,120514.0,0,0,,no_minute_file
CSTL,2025-08-27,10,10,0,1,0,0,21.35,13600316.0,1,0,,no_session_bars_has_month_file
CSTM,2025-08-27,10,0,318,1,1,1,14.56,19193608.0,1,1,09:29,intra_session_sparse
CSWC,2025-08-27,10,10,0,0,0,0,22.62,13750076.0,0,0,,no_minute_file
CTAA,2025-08-27,10,10,0,0,0,0,,,0,0,,no_daily_history
CTEV,2025-08-27,10,10,0,0,0,0,72.58,8706324.0,0,0,,no_minute_file
CTGO,2025-08-27,10,10,0,1,0,0,21.14,1778607.0,1,0,,no_session_bars_has_month_file
CTKB,2025-08-27,10,1,267,1,1,1,4.16,4743290.0,1,1,09:30,intra_session_sparse
CTM,2025-08-27,10,0,250,1,1,1,1.02,2875467.0,1,1,04:01,intra_session_sparse
CTMX,2025-08-27,10,0,304,1,1,1,2.03,7807475.0,1,1,04:35,intra_session_sparse
CTNM,2025-08-27,10,0,132,1,1,1,9.8,1688707.0,1,0,08:02,intra_session_sparse
CTO,2025-08-27,10,0,133,1,1,1,16.96,5005269.0,1,1,09:30,intra_session_sparse
CTOS,2025-08-27,10,0,197,1,1,1,6.01,4567180.0,1,1,09:30,intra_session_sparse
CTRI,2025-08-27,10,10,0,1,0,0,20.39,35948590.0,1,0,,no_session_bars_has_month_file
CTXR,2025-08-27,10,0,102,1,1,1,1.32,470044.0,1,0,04:23,intra_session_sparse
CUE,2025-08-27,10,10,0,0,0,0,25.2,107350.0,0,0,,no_minute_file
CUPR,2025-08-27,10,1,155,1,1,1,7.84,10783216.0,1,1,04:04,intra_session_sparse
CURI,2025-08-27,10,1,227,1,1,1,4.44,3498947.0,1,1,09:30,intra_session_sparse
CURR,2025-08-27,10,1,64,1,1,1,1.74,557753.0,1,0,07:00,intra_session_sparse
CURV,2025-08-27,10,1,150,1,1,1,2.18,1216294.0,1,0,07:46,intra_session_sparse
CURX,2025-08-27,10,10,0,0,0,0,4.02,21146716.0,0,1,,no_minute_file
CV,2025-08-27,10,10,0,1,0,0,3.93,153205.0,1,0,,no_session_bars_has_month_file
CVBF,2025-08-27,10,10,0,1,0,0,20.26,12460434.0,1,0,,no_session_bars_has_month_file
CVE,2025-08-27,10,0,376,1,1,1,16.72,221965016.0,1,1,06:45,intra_session_sparse
CVGI,2025-08-27,10,1,71,1,1,1,1.76,273128.0,1,0,09:30,intra_session_sparse
CVLG,2025-08-27,10,10,0,0,0,0,24.55,1974185.0,0,0,,no_minute_file
CVM,2025-08-27,10,0,236,1,1,1,11.3,2687624.0,1,1,08:00,intra_session_sparse
CVRX,2025-08-27,10,0,125,1,1,1,7.58,2212435.0,1,1,09:06,intra_session_sparse
CVU,2025-08-27,10,10,0,0,0,0,2.38,125066.0,0,0,,no_minute_file
CVV,2025-08-27,10,10,0,0,0,0,2.8,94202.0,0,0,,no_minute_file
CWAN,2025-08-27,10,10,0,1,0,0,19.97,102521982.0,1,1,,no_session_bars_has_month_file
CWD,2025-08-27,10,2,44,1,1,1,1.72,16079341.0,1,1,04:49,intra_session_sparse
CWH,2025-08-27,10,0,348,1,1,1,17.47,41355566.0,1,1,09:30,intra_session_sparse
CWK,2025-08-27,10,0,350,1,1,1,15.85,38588963.0,1,1,04:38,intra_session_sparse
CX,2025-08-27,10,0,363,1,1,1,8.97,110396778.0,1,1,04:00,intra_session_sparse
CXDO,2025-08-27,10,2,64,1,1,1,6.1,1587059.0,1,0,09:30,intra_session_sparse
CXM,2025-08-27,10,0,332,1,1,1,8.37,13297787.0,1,1,08:43,intra_session_sparse
CXW,2025-08-27,10,10,0,1,0,0,20.37,22598662.0,1,0,,no_session_bars_has_month_file
CYCN,2025-08-27,10,10,0,0,0,0,2.76,79121.0,0,0,,no_minute_file
CYCU,2025-08-27,10,0,324,1,1,1,8.445,8229663.0,1,1,04:00,intra_session_sparse
CYH,2025-08-27,10,0,354,1,1,1,2.72,5324537.0,1,1,09:30,intra_session_sparse
CYN,2025-08-27,10,0,195,1,1,1,5.75,2601603.0,1,1,08:00,intra_session_sparse
CYPH,2025-08-27,10,10,0,0,0,0,0.296,657959.0,0,0,,no_minute_file
CYRX,2025-08-27,10,1,227,1,1,1,8.79,9098488.0,1,1,09:30,intra_session_sparse
CZR,2025-08-27,10,10,0,0,0,0,26.14,173828773.0,0,0,,no_minute_file
DAAQ,2025-08-27,10,2,8,1,1,1,10.19,653422.0,1,0,09:38,intra_session_sparse
DAIC,2025-08-27,10,10,0,0,0,0,103.25,315790.0,0,0,,no_minute_file
DAKT,2025-08-27,10,0,154,1,1,1,16.96,4726996.0,1,1,09:30,intra_session_sparse
DAN,2025-08-27,10,10,0,1,0,0,20.35,40701649.0,1,0,,no_session_bars_has_month_file
DARE,2025-08-27,10,2,62,1,1,1,2.04,504726.0,1,0,07:21,intra_session_sparse
DBCA,2025-08-27,10,10,0,0,0,0,,,0,0,,no_daily_history
DBGI,2025-08-27,10,2,60,1,1,1,9.91,439299.0,1,0,08:02,intra_session_sparse
DBI,2025-08-27,10,0,289,1,1,1,3.59,3060083.0,1,1,09:30,intra_session_sparse
DBRG,2025-08-27,10,0,356,1,1,1,11.26,22063019.0,1,1,06:31,intra_session_sparse
DC,2025-08-27,10,0,244,1,1,1,4.17,2257187.0,1,1,07:00,intra_session_sparse
DCBO,2025-08-27,10,10,0,0,0,0,30.44,3240490.0,0,0,,no_minute_file
DCGO,2025-08-27,10,2,165,1,1,1,1.65,803677.0,1,0,09:14,intra_session_sparse
DCH,2025-08-27,10,0,348,1,1,1,5.9,19797987.0,1,1,06:42,intra_session_sparse
DCOY,2025-08-27,10,10,0,0,0,0,69.12,838700.0,0,0,,no_minute_file
DCTH,2025-08-27,10,0,213,1,1,1,11.12,8865696.0,1,1,07:00,intra_session_sparse
DCX,2025-08-27,10,10,0,0,0,0,2028.0,78936.0,0,0,,no_minute_file
DDD,2025-08-27,10,0,376,1,1,1,2.15,8318600.0,1,1,04:10,intra_session_sparse
DDI,2025-08-27,10,0,39,1,1,1,9.5,551987.0,1,0,09:30,intra_session_sparse
DEC,2025-08-27,10,0,179,1,1,1,16.37,4797890.0,1,1,07:00,intra_session_sparse
DEFT,2025-08-27,10,0,340,1,1,1,2.2,10955325.0,1,1,04:16,intra_session_sparse
DEI,2025-08-27,10,0,350,1,1,1,15.48,24814966.0,1,1,09:30,intra_session_sparse
DERM,2025-08-27,10,2,101,1,1,1,7.42,1525203.0,1,0,09:30,intra_session_sparse
DETX,2025-08-27,10,10,0,0,0,0,,,0,0,,no_daily_history
DEVS,2025-08-27,10,0,375,1,1,1,2.205,608474.0,1,0,05:17,intra_session_sparse
DFDV,2025-08-27,10,0,371,1,1,1,16.0,54602225.0,1,1,04:00,intra_session_sparse
DFH,2025-08-27,10,10,0,0,0,0,28.54,10215059.0,0,0,,no_minute_file
DFLI,2025-08-27,10,0,313,1,1,1,3.335,7448767.0,1,1,04:01,intra_session_sparse
DFNS,2025-08-27,10,0,370,1,1,1,5.8,14367970.0,1,1,04:00,intra_session_sparse
DFSC,2025-08-27,10,0,43,1,1,1,3.38,404399.0,1,0,08:21,intra_session_sparse
DFTX,2025-08-27,10,0,273,1,1,1,9.99,11495498.0,1,1,07:09,intra_session_sparse
DGICA,2025-08-27,10,2,73,1,1,1,17.41,2584716.0,1,1,09:20,intra_session_sparse
DGNX,2025-08-27,10,10,0,0,0,0,61.5,1993390.0,0,0,,no_minute_file
DGXX,2025-08-27,10,0,225,1,1,1,2.32,2338643.0,1,1,07:56,intra_session_sparse
DHT,2025-08-27,10,1,318,1,1,1,11.42,15478912.0,1,1,07:30,intra_session_sparse
DHX,2025-08-27,10,0,104,1,1,1,2.83,241785.0,1,0,08:11,intra_session_sparse
DIBS,2025-08-27,10,10,0,0,0,0,2.68,138494.0,0,0,,no_minute_file
DJT,2025-08-27,10,0,376,1,1,1,18.12,112845967.0,1,1,04:00,intra_session_sparse
DKI,2025-08-27,10,10,0,0,0,0,97.28,2691079.0,0,0,,no_minute_file
DLO,2025-08-27,10,0,324,1,1,1,14.61,43476982.0,1,1,04:58,intra_session_sparse
DLTH,2025-08-27,10,10,0,0,0,0,2.25,58207.0,0,0,,no_minute_file
DLX,2025-08-27,10,1,147,1,1,1,20.08,7991877.0,1,0,09:30,intra_session_sparse
DLXY,2025-08-27,10,10,0,1,0,0,5.0,121700.0,1,0,,no_session_bars_has_month_file
DMAA,2025-08-27,10,2,4,1,1,1,10.255,316560.0,1,0,09:56,intra_session_sparse
DMAC,2025-08-27,10,2,151,1,1,1,6.045,1764994.0,1,0,08:03,intra_session_sparse
DMII,2025-08-27,10,10,0,0,0,0,,,0,0,,no_daily_history
DMRA,2025-08-27,10,10,0,0,0,0,3.357,64908.0,0,0,,no_minute_file
DMRC,2025-08-27,10,2,136,1,1,1,8.41,2338152.0,1,1,08:00,intra_session_sparse
DNA,2025-08-27,10,0,305,1,1,1,12.78,19973751.0,1,1,04:04,intra_session_sparse
DNLI,2025-08-27,10,1,302,1,1,1,15.55,26615490.0,1,1,09:30,intra_session_sparse
DNN,2025-08-27,10,0,376,1,1,1,2.22,122354704.0,1,1,04:00,intra_session_sparse
DNOW,2025-08-27,10,0,264,1,1,1,15.9,19118629.0,1,1,09:06,intra_session_sparse
DNUT,2025-08-27,10,0,372,1,1,1,3.73,15889866.0,1,1,04:00,intra_session_sparse
DOC,2025-08-27,10,0,373,1,1,1,17.53,131788312.0,1,1,08:41,intra_session_sparse
DOCS,2025-08-27,10,10,0,0,0,0,67.08,116449140.0,0,0,,no_minute_file
DOGZ,2025-08-27,10,2,131,1,1,1,10.25,4007360.0,1,1,04:12,intra_session_sparse
DOLE,2025-08-27,10,0,217,1,1,1,14.49,10584106.0,1,1,09:30,intra_session_sparse
DOMH,2025-08-27,10,0,119,1,1,1,6.39,2646049.0,1,1,08:00,intra_session_sparse
DOMO,2025-08-27,10,0,331,1,1,1,16.11,9736043.0,1,1,04:00,intra_session_sparse
DOUG,2025-08-27,10,0,234,1,1,1,2.67,1575038.0,1,0,09:26,intra_session_sparse
DPRO,2025-08-27,10,0,349,1,1,1,4.77,10133692.0,1,1,04:07,intra_session_sparse
DRCT,2025-08-27,10,10,0,0,0,0,102.74,412591.0,0,0,,no_minute_file
DRD,2025-08-27,10,0,281,1,1,1,18.58,6978953.0,1,1,04:00,intra_session_sparse
DRDB,2025-08-27,10,8,3,1,1,1,10.275,1063701.0,1,0,14:41,intra_session_sparse
DRH,2025-08-27,10,0,353,1,1,1,8.37,21883868.0,1,1,09:30,intra_session_sparse
DRIO,2025-08-27,10,10,0,0,0,0,10.48,119369.0,0,0,,no_minute_file
DRMA,2025-08-27,10,10,0,0,0,0,5.5,194101.0,0,0,,no_minute_file
DRTS,2025-08-27,10,2,25,1,1,1,3.32,206031.0,1,0,10:16,intra_session_sparse
DRVN,2025-08-27,10,1,236,1,1,1,18.17,17400815.0,1,1,09:30,intra_session_sparse
DSGN,2025-08-27,10,2,177,1,1,1,5.41,722707.0,1,0,08:00,intra_session_sparse
DSGR,2025-08-27,10,10,0,0,0,0,33.06,1970333.0,0,0,,no_minute_file
DSP,2025-08-27,10,0,164,1,1,1,10.1,4108447.0,1,1,08:00,intra_session_sparse
DSX,2025-08-27,10,1,142,1,1,1,1.66,525010.0,1,0,09:28,intra_session_sparse
DTCX,2025-08-27,10,1,257,1,1,1,5.58,9337659.0,1,1,07:55,intra_session_sparse
DTI,2025-08-27,10,10,0,0,0,0,1.86,84065.0,0,0,,no_minute_file
DTIL,2025-08-27,10,1,106,1,1,1,5.04,394576.0,1,0,09:30,intra_session_sparse
DUKR,2025-08-27,10,10,0,0,0,0,,,0,0,,no_daily_history
DUO,2025-08-27,10,1,112,1,1,1,1.54,2015954.0,1,1,04:17,intra_session_sparse
DUOT,2025-08-27,10,2,183,1,1,1,6.47,3112048.0,1,1,08:00,intra_session_sparse
DV,2025-08-27,10,0,334,1,1,1,16.02,37691968.0,1,1,09:30,intra_session_sparse
DVLT,2025-08-27,10,10,0,0,0,0,0.421,1863178.0,0,0,,no_minute_file
DWTX,2025-08-27,10,10,0,0,0,0,4.99,79506.0,0,0,,no_minute_file
DX,2025-08-27,10,0,354,1,1,1,12.53,46399036.0,1,1,05:03,intra_session_sparse
DXC,2025-08-27,10,0,345,1,1,1,14.15,26300298.0,1,1,08:44,intra_session_sparse
DXST,2025-08-27,10,10,0,0,0,0,29.0,26849.0,0,0,,no_minute_file
DYN,2025-08-27,10,0,350,1,1,1,13.38,36253738.0,1,1,09:30,intra_session_sparse
DYNC,2025-08-27,10,0,203,1,1,1,11.16,10560728.0,1,1,04:00,intra_session_sparse
DYOR,2025-08-27,10,10,0,0,0,0,,,0,0,,no_daily_history
EAF,2025-08-27,10,0,313,1,1,1,10.1,2405072.0,1,1,08:59,intra_session_sparse
EARN,2025-08-27,10,2,158,1,1,1,5.88,2302776.0,1,1,04:07,intra_session_sparse
EBC,2025-08-27,10,0,354,1,1,1,16.66,19933347.0,1,1,04:05,intra_session_sparse
EBF,2025-08-27,10,1,74,1,1,1,18.44,2832788.0,1,1,09:30,intra_session_sparse
EBS,2025-08-27,10,0,299,1,1,1,8.71,11973597.0,1,1,08:00,intra_session_sparse
EC,2025-08-27,10,0,301,1,1,1,9.15,18576207.0,1,1,09:30,intra_session_sparse
ECC,2025-08-27,10,0,355,1,1,1,7.24,12706557.0,1,1,07:52,intra_session_sparse
ECVT,2025-08-27,10,0,286,1,1,1,9.17,14704599.0,1,1,09:30,intra_session_sparse
ECX,2025-08-27,10,0,336,1,1,1,1.52,6154420.0,1,1,04:13,intra_session_sparse
EDBL,2025-08-27,10,10,0,1,0,0,18.98,176040.0,1,0,,no_session_bars_has_month_file
EDHL,2025-08-27,10,0,231,1,1,1,7.192,266604.0,1,0,04:03,intra_session_sparse
EDIT,2025-08-27,10,1,293,1,1,1,2.73,5113480.0,1,1,04:49,intra_session_sparse
EDN,2025-08-27,10,10,0,0,0,0,21.74,3475254.0,0,0,,no_minute_file
EDSA,2025-08-27,10,10,0,0,0,0,2.43,49302.0,0,0,,no_minute_file
EEIQ,2025-08-27,10,0,321,1,1,1,8.934,13606860.0,1,1,04:05,intra_session_sparse
EEX,2025-08-27,10,2,25,1,1,1,5.16,239451.0,1,0,09:30,intra_session_sparse
EFC,2025-08-27,10,0,312,1,1,1,13.88,17278743.0,1,1,07:36,intra_session_sparse
EFOI,2025-08-27,10,10,0,0,0,0,2.57,57582.0,0,0,,no_minute_file
EFOR,2025-08-27,10,10,0,0,0,0,52.54,28683941.0,0,0,,no_minute_file
EFTY,2025-08-27,10,10,0,0,0,0,7.25,4224571.0,0,1,,no_minute_file
EFXT,2025-08-27,10,0,198,1,1,1,9.8,5628246.0,1,1,09:30,intra_session_sparse
EGAN,2025-08-27,10,2,37,1,1,1,6.27,204457.0,1,0,09:30,intra_session_sparse
EGBN,2025-08-27,10,0,172,1,1,1,19.36,11025638.0,1,1,09:30,intra_session_sparse
EGHA,2025-08-27,10,9,1,1,1,1,10.01,763478.0,1,0,15:56,intra_session_sparse
EGHT,2025-08-27,10,0,277,1,1,1,1.86,1737676.0,1,0,09:30,intra_session_sparse
EGY,2025-08-27,10,0,256,1,1,1,3.8,3166044.0,1,1,08:58,intra_session_sparse
EH,2025-08-27,10,0,366,1,1,1,16.45,24184802.0,1,1,04:00,intra_session_sparse
EHTH,2025-08-27,10,0,173,1,1,1,3.84,2831387.0,1,1,09:14,intra_session_sparse
EIC,2025-08-27,10,0,134,1,1,1,13.72,3105430.0,1,1,09:30,intra_session_sparse
EIKN,2025-08-27,10,10,0,0,0,0,,,0,0,,no_daily_history
ELA,2025-08-27,10,2,47,1,1,1,7.57,341254.0,1,0,09:30,intra_session_sparse
ELAB,2025-08-27,10,10,0,0,0,0,170.52,19052551.0,0,0,,no_minute_file
ELAN,2025-08-27,10,0,376,1,1,1,17.9,106999514.0,1,1,04:01,intra_session_sparse
ELBM,2025-08-27,10,10,0,0,0,0,0.91,145389.0,0,0,,no_minute_file
ELDN,2025-08-27,10,2,299,1,1,1,2.615,2762305.0,1,1,06:22,intra_session_sparse
ELE,2025-08-27,10,10,0,0,0,0,,,0,0,,no_daily_history
ELME,2025-08-27,10,1,241,1,1,1,16.97,25178818.0,1,1,09:30,intra_session_sparse
ELMT,2025-08-27,10,10,0,0,0,0,,,0,0,,no_daily_history
ELOG,2025-08-27,10,10,0,0,0,0,,,0,0,,no_daily_history
ELPW,2025-08-27,10,10,0,0,0,0,385.66,4409282.0,0,0,,no_minute_file
ELTX,2025-08-27,10,1,98,1,1,1,10.6,1541667.0,1,0,09:01,intra_session_sparse
ELVA,2025-08-27,10,0,116,1,1,1,5.48,1146330.0,1,0,08:23,intra_session_sparse
ELVN,2025-08-27,10,10,0,1,0,0,20.32,7895893.0,1,0,,no_session_bars_has_month_file
ELVR,2025-08-27,10,10,0,0,0,0,,,0,0,,no_daily_history
ELWT,2025-08-27,10,10,0,0,0,0,,,0,0,,no_daily_history
EMAT,2025-08-27,10,10,0,0,0,0,,,0,0,,no_daily_history
EMBC,2025-08-27,10,0,176,1,1,1,14.21,9103688.0,1,1,09:03,intra_session_sparse
EMIS,2025-08-27,10,10,0,0,0,0,,,0,0,,no_daily_history
EMPD,2025-08-27,10,0,309,1,1,1,6.91,4492862.0,1,1,07:15,intra_session_sparse
EMPG,2025-08-27,10,1,107,1,1,1,9.8,3638983.0,1,1,08:13,intra_session_sparse
ENGN,2025-08-27,10,0,46,1,1,1,4.36,412628.0,1,0,08:00,intra_session_sparse
ENGS,2025-08-27,10,0,41,1,1,1,4.31,788808.0,1,0,09:30,intra_session_sparse
ENHA,2025-08-27,10,10,0,0,0,0,,,0,0,,no_daily_history
ENLV,2025-08-27,10,2,140,1,1,1,1.08,1734154.0,1,0,05:21,intra_session_sparse
ENR,2025-08-27,10,10,0,0,0,0,27.82,32375346.0,0,0,,no_minute_file
ENTA,2025-08-27,10,2,82,1,1,1,8.65,1275718.0,1,0,09:30,intra_session_sparse
ENVB,2025-08-27,10,10,0,1,0,0,15.95,116625.0,1,0,,no_session_bars_has_month_file
ENVX,2025-08-27,10,0,376,1,1,1,10.49,75946355.0,1,1,07:39,intra_session_sparse
EOLS,2025-08-27,10,0,286,1,1,1,7.65,16377234.0,1,1,09:21,intra_session_sparse
EONR,2025-08-27,10,10,0,0,0,0,0.356,359449.0,0,0,,no_minute_file
EOSE,2025-08-27,10,0,376,1,1,1,6.92,78174737.0,1,1,04:00,intra_session_sparse
EPC,2025-08-27,10,10,0,0,0,0,23.15,22034808.0,0,0,,no_minute_file
EPM,2025-08-27,10,0,105,1,1,1,5.09,746972.0,1,0,09:30,intra_session_sparse
EPOW,2025-08-27,10,10,0,0,0,0,0.878,10678.0,0,0,,no_minute_file
EPRX,2025-08-27,10,10,0,0,0,0,5.05,47024.0,0,0,,no_minute_file
EPSM,2025-08-27,10,10,0,1,0,0,25.61,10502131.0,1,0,,no_session_bars_has_month_file
EQ,2025-08-27,10,0,294,1,1,1,1.95,20637919.0,1,1,04:32,intra_session_sparse
EQPT,2025-08-27,10,10,0,0,0,0,,,0,0,,no_daily_history
EQX,2025-08-27,10,0,373,1,1,1,8.23,100438873.0,1,1,04:00,intra_session_sparse
ERAS,2025-08-27,10,0,264,1,1,1,1.6,1105038.0,1,0,08:35,intra_session_sparse
ERII,2025-08-27,10,1,198,1,1,1,14.52,6117241.0,1,1,09:30,intra_session_sparse
ERNA,2025-08-27,10,10,0,0,0,0,37.25,61142.0,0,0,,no_minute_file
ERO,2025-08-27,10,0,242,1,1,1,14.58,7607225.0,1,1,08:35,intra_session_sparse
ESOA,2025-08-27,10,2,86,1,1,1,10.43,2116164.0,1,1,09:30,intra_session_sparse
ESPR,2025-08-27,10,0,309,1,1,1,2.19,9677604.0,1,1,04:01,intra_session_sparse
ETD,2025-08-27,10,10,0,0,0,0,29.91,9505606.0,0,0,,no_minute_file
ETON,2025-08-27,10,0,145,1,1,1,17.46,5436259.0,1,1,09:30,intra_session_sparse
ETS,2025-08-27,10,10,0,0,0,0,1.28,10299289.0,0,1,,no_minute_file
EU,2025-08-27,10,0,320,1,1,1,2.35,9549474.0,1,1,04:40,intra_session_sparse
EUDA,2025-08-27,10,10,0,0,0,0,45.0,185971.0,0,0,,no_minute_file
EVAC,2025-08-27,10,10,0,0,0,0,9.951,18268.0,0,0,,no_minute_file
EVC,2025-08-27,10,2,136,1,1,1,2.43,466201.0,1,0,09:30,intra_session_sparse
EVCM,2025-08-27,10,1,181,1,1,1,11.25,2838636.0,1,1,09:30,intra_session_sparse
EVER,2025-08-27,10,10,0,0,0,0,23.48,12279220.0,0,0,,no_minute_file
EVEX,2025-08-27,10,0,287,1,1,1,4.15,5313888.0,1,1,04:36,intra_session_sparse
EVGO,2025-08-27,10,0,370,1,1,1,3.98,18037090.0,1,1,05:31,intra_session_sparse
EVH,2025-08-27,10,0,350,1,1,1,9.27,32863446.0,1,1,08:36,intra_session_sparse
EVLV,2025-08-27,10,0,368,1,1,1,8.3,27330616.0,1,1,07:00,intra_session_sparse
EVMN,2025-08-27,10,10,0,0,0,0,,,0,0,,no_daily_history
EVTL,2025-08-27,10,0,295,1,1,1,5.02,5762557.0,1,1,05:28,intra_session_sparse
EVTV,2025-08-27,10,2,36,1,1,1,2.32,323827.0,1,0,08:00,intra_session_sparse
EWTX,2025-08-27,10,0,214,1,1,1,14.6,10152038.0,1,1,04:16,intra_session_sparse
EXK,2025-08-27,10,0,371,1,1,1,5.84,52696483.0,1,1,07:00,intra_session_sparse
EXOD,2025-08-27,10,10,0,0,0,0,26.98,3701536.0,0,0,,no_minute_file
EXTR,2025-08-27,10,10,0,1,0,0,21.17,28776877.0,1,0,,no_session_bars_has_month_file
EXYN,2025-08-27,10,10,0,0,0,0,,,0,0,,no_daily_history
EYE,2025-08-27,10,10,0,0,0,0,24.55,53978369.0,0,0,,no_minute_file
EYPT,2025-08-27,10,1,299,1,1,1,12.04,7606381.0,1,1,08:44,intra_session_sparse
EZGO,2025-08-27,10,10,0,0,0,0,1320.38,961195.0,0,0,,no_minute_file
EZPW,2025-08-27,10,0,295,1,1,1,16.53,12430797.0,1,1,07:45,intra_session_sparse
EZRA,2025-08-27,10,10,0,0,0,0,37.6,124653.0,0,0,,no_minute_file
F,2025-08-27,10,0,376,1,1,1,11.84,680560556.0,1,1,04:02,intra_session_sparse
FA,2025-08-27,10,0,204,1,1,1,16.39,14602506.0,1,1,09:30,intra_session_sparse
FABC,2025-08-27,10,2,43,1,1,1,6.21,909986.0,1,0,04:01,intra_session_sparse
FATE,2025-08-27,10,0,304,1,1,1,1.11,1642422.0,1,0,07:00,intra_session_sparse
FATN,2025-08-27,10,10,0,1,0,0,6.0,185719.0,1,0,,no_session_bars_has_month_file
FBGL,2025-08-27,10,10,0,0,0,0,0.673,315255.0,0,0,,no_minute_file
FBIO,2025-08-27,10,0,186,1,1,1,2.35,704690.0,1,0,08:00,intra_session_sparse
FBLA,2025-08-27,10,1,67,1,1,1,11.86,717635.0,1,0,09:30,intra_session_sparse
FBP,2025-08-27,10,10,0,0,0,0,22.3,24642582.0,0,0,,no_minute_file
FBYD,2025-08-27,10,10,0,0,0,0,7.44,35511.0,0,0,,no_minute_file
FC,2025-08-27,10,2,56,1,1,1,19.54,2367588.0,1,1,09:30,intra_session_sparse
FCEL,2025-08-27,10,1,294,1,1,1,4.34,6014342.0,1,1,04:02,intra_session_sparse
FCF,2025-08-27,10,0,217,1,1,1,17.68,10281536.0,1,1,09:30,intra_session_sparse
FCHL,2025-08-27,10,10,0,0,0,0,,,0,0,,no_daily_history
FCRS,2025-08-27,10,10,0,0,0,0,,,0,0,,no_daily_history
FCUV,2025-08-27,10,10,0,0,0,0,18.2,51539.0,0,0,,no_minute_file
FDMT,2025-08-27,10,0,253,1,1,1,6.53,16489890.0,1,1,09:07,intra_session_sparse
FDUS,2025-08-27,10,10,0,0,0,0,21.35,3590631.0,0,0,,no_minute_file
FEAM,2025-08-27,10,0,65,1,1,1,3.57,290959.0,1,0,07:00,intra_session_sparse
FEED,2025-08-27,10,2,42,1,1,1,5.87,336630.0,1,0,09:30,intra_session_sparse
FEMY,2025-08-27,10,0,348,1,1,1,7.52,531219.0,1,0,04:00,intra_session_sparse
FENC,2025-08-27,10,2,47,1,1,1,8.68,571159.0,1,0,09:30,intra_session_sparse
FERA,2025-08-27,10,10,0,1,0,0,10.15,352443.0,1,0,,no_session_bars_has_month_file
FF,2025-08-27,10,1,218,1,1,1,3.91,1101423.0,1,0,09:30,intra_session_sparse
FFAI,2025-08-27,10,0,362,1,1,1,2.29,35126080.0,1,1,04:00,intra_session_sparse
FGI,2025-08-27,10,3,14,1,1,1,4.19,291908.0,1,0,10:35,intra_session_sparse
FGL,2025-08-27,10,10,0,0,0,0,126.0,270309.0,0,0,,no_minute_file
FGNX,2025-08-27,10,10,0,0,0,0,61.55,9697649.0,0,0,,no_minute_file
FHN,2025-08-27,10,10,0,0,0,0,22.69,208564816.0,0,0,,no_minute_file
FIG,2025-08-27,10,10,0,0,0,0,70.13,1591619729.0,0,0,,no_minute_file
FIGS,2025-08-27,10,0,342,1,1,1,7.0,14841184.0,1,1,09:30,intra_session_sparse
FIP,2025-08-27,10,0,357,1,1,1,5.07,19502583.0,1,1,09:06,intra_session_sparse
FIVN,2025-08-27,10,10,0,0,0,0,25.99,62629749.0,0,0,,no_minute_file
FJET,2025-08-27,10,10,0,0,0,0,,,0,0,,no_daily_history
FLD,2025-08-27,10,0,317,1,1,1,3.59,866048.0,1,0,09:30,intra_session_sparse
FLG,2025-08-27,10,0,372,1,1,1,13.0,74280105.0,1,1,07:05,intra_session_sparse
FLGT,2025-08-27,10,10,0,1,0,0,21.47,6524044.0,1,0,,no_session_bars_has_month_file
FLNA,2025-08-27,10,0,259,1,1,1,2.25,1643240.0,1,0,07:34,intra_session_sparse
FLNC,2025-08-27,10,0,374,1,1,1,7.58,33233661.0,1,1,04:05,intra_session_sparse
FLNT,2025-08-27,10,0,370,1,1,1,2.2,566888.0,1,0,08:30,intra_session_sparse
FLO,2025-08-27,10,0,369,1,1,1,14.84,46170869.0,1,1,07:00,intra_session_sparse
FLOC,2025-08-27,10,0,197,1,1,1,16.23,6327866.0,1,1,09:30,intra_session_sparse
FLUX,2025-08-27,10,10,0,1,0,0,1.64,171694.0,1,0,,no_session_bars_has_month_file
FLWS,2025-08-27,10,0,164,1,1,1,5.65,2227140.0,1,1,08:53,intra_session_sparse
FLY,2025-08-27,10,10,0,0,0,0,45.05,222836483.0,0,0,,no_minute_file
FLYE,2025-08-27,10,1,212,1,1,1,15.36,20208598.0,1,1,04:11,intra_session_sparse
FLYW,2025-08-27,10,0,339,1,1,1,13.04,31345209.0,1,1,09:30,intra_session_sparse
FLYX,2025-08-27,10,10,0,0,0,0,4.5,112234.0,0,0,,no_minute_file
FMC,2025-08-27,10,10,0,0,0,0,39.55,75701481.0,0,0,,no_minute_file
FMFC,2025-08-27,10,2,113,1,1,1,10.6,7268212.0,1,1,05:50,intra_session_sparse
FMNB,2025-08-27,10,1,85,1,1,1,14.91,1373639.0,1,0,09:30,intra_session_sparse
FMST,2025-08-27,10,1,164,1,1,1,3.19,1355001.0,1,0,07:00,intra_session_sparse
FNB,2025-08-27,10,0,371,1,1,1,16.53,118653775.0,1,1,08:28,intra_session_sparse
FNKO,2025-08-27,10,2,312,1,1,1,3.12,6698206.0,1,1,07:00,intra_session_sparse
FNUC,2025-08-27,10,0,184,1,1,1,3.88,984985.0,1,0,07:19,intra_session_sparse
FOA,2025-08-27,10,10,0,0,0,0,28.17,3059527.0,0,0,,no_minute_file
FOFO,2025-08-27,10,10,0,0,0,0,,,0,0,,no_daily_history
FOSL,2025-08-27,10,0,205,1,1,1,2.98,3094211.0,1,1,07:00,intra_session_sparse
FOXF,2025-08-27,10,10,0,0,0,0,29.61,19389447.0,0,0,,no_minute_file
FOXX,2025-08-27,10,10,0,0,0,0,6.23,161980.0,0,0,,no_minute_file
FPI,2025-08-27,10,2,192,1,1,1,11.0,3943695.0,1,1,09:30,intra_session_sparse
FRGT,2025-08-27,10,10,0,0,0,0,32.24,93181.0,0,0,,no_minute_file
FRMI,2025-08-27,10,10,0,0,0,0,,,0,0,,no_daily_history
FRMM,2025-08-27,10,10,0,0,0,0,31.0,210798073.0,0,0,,no_minute_file
FRSH,2025-08-27,10,0,374,1,1,1,13.18,73584616.0,1,1,08:00,intra_session_sparse
FRST,2025-08-27,10,1,47,1,1,1,11.26,1298007.0,1,0,09:30,intra_session_sparse
FSCO,2025-08-27,10,0,193,1,1,1,7.34,5996197.0,1,1,04:09,intra_session_sparse
FSK,2025-08-27,10,0,345,1,1,1,17.93,49588062.0,1,1,07:00,intra_session_sparse
FSLY,2025-08-27,10,0,363,1,1,1,7.27,21081003.0,1,1,07:00,intra_session_sparse
FSM,2025-08-27,10,0,368,1,1,1,7.54,85653523.0,1,1,04:00,intra_session_sparse
FTCI,2025-08-27,10,2,91,1,1,1,6.98,728292.0,1,0,09:30,intra_session_sparse
FTHM,2025-08-27,10,2,110,1,1,1,1.93,1965967.0,1,0,04:05,intra_session_sparse
FTK,2025-08-27,10,2,180,1,1,1,12.65,6010554.0,1,1,04:04,intra_session_sparse
FTRE,2025-08-27,10,0,352,1,1,1,8.98,14307147.0,1,1,09:30,intra_session_sparse
FUBO,2025-08-27,10,10,0,0,0,0,41.4,68268121.0,0,0,,no_minute_file
FUFU,2025-08-27,10,2,133,1,1,1,3.85,3291398.0,1,1,06:38,intra_session_sparse
FULC,2025-08-27,10,0,193,1,1,1,6.52,4318704.0,1,1,09:30,intra_session_sparse
FULT,2025-08-27,10,0,340,1,1,1,19.76,29334569.0,1,1,07:30,intra_session_sparse
FUN,2025-08-27,10,10,0,0,0,0,24.0,136650396.0,0,0,,no_minute_file
FUSE,2025-08-27,10,10,0,0,0,0,,,0,0,,no_daily_history
FVAV,2025-08-27,10,10,0,0,0,0,,,0,0,,no_daily_history
FVCB,2025-08-27,10,2,55,1,1,1,13.59,411214.0,1,0,09:30,intra_session_sparse
FVR,2025-08-27,10,0,76,1,1,1,13.24,2622977.0,1,1,09:30,intra_session_sparse
FVRR,2025-08-27,10,10,0,0,0,0,22.97,27287817.0,0,0,,no_minute_file
FWDI,2025-08-27,10,1,61,1,1,1,11.61,589118.0,1,0,09:30,intra_session_sparse
FWRD,2025-08-27,10,10,0,0,0,0,29.93,18819568.0,0,0,,no_minute_file
FWRG,2025-08-27,10,0,257,1,1,1,19.17,25214466.0,1,1,09:30,intra_session_sparse
GAIN,2025-08-27,10,2,91,1,1,1,14.04,1885353.0,1,0,09:30,intra_session_sparse
GALT,2025-08-27,10,2,144,1,1,1,4.16,1030844.0,1,0,04:29,intra_session_sparse
GAMB,2025-08-27,10,0,259,1,1,1,8.48,8182673.0,1,1,07:06,intra_session_sparse
GANX,2025-08-27,10,0,171,1,1,1,1.92,635824.0,1,0,08:32,intra_session_sparse
GAP,2025-08-27,10,10,0,1,0,0,21.58,158322331.0,1,0,,no_session_bars_has_month_file
GASS,2025-08-27,10,2,189,1,1,1,7.57,1053456.0,1,0,08:00,intra_session_sparse
GAU,2025-08-27,10,0,355,1,1,1,2.14,4407518.0,1,1,08:23,intra_session_sparse
GBDC,2025-08-27,10,0,315,1,1,1,14.73,15468210.0,1,1,07:02,intra_session_sparse
GBR,2025-08-27,10,10,0,1,0,0,0.857,64489.0,1,0,,no_session_bars_has_month_file
GBTG,2025-08-27,10,0,262,1,1,1,8.17,7542097.0,1,1,09:30,intra_session_sparse
GCDT,2025-08-27,10,10,0,0,0,0,,,0,0,,no_daily_history
GCL,2025-08-27,10,1,15,1,1,1,3.53,322056.0,1,0,09:30,intra_session_sparse
GCMG,2025-08-27,10,0,208,1,1,1,12.98,7531308.0,1,1,08:41,intra_session_sparse
GCTK,2025-08-27,10,2,16,1,1,1,4.29,222976.0,1,0,07:28,intra_session_sparse
GCTS,2025-08-27,10,0,191,1,1,1,1.28,299128.0,1,0,07:40,intra_session_sparse
GDOT,2025-08-27,10,0,164,1,1,1,13.43,11805342.0,1,1,09:30,intra_session_sparse
GDRX,2025-08-27,10,0,362,1,1,1,4.33,27464960.0,1,1,07:21,intra_session_sparse
GDYN,2025-08-27,10,0,230,1,1,1,8.0,12823055.0,1,1,08:00,intra_session_sparse
GECC,2025-08-27,10,2,57,1,1,1,11.25,456161.0,1,0,09:25,intra_session_sparse
GEG,2025-08-27,10,10,0,0,0,0,2.46,21174.0,0,0,,no_minute_file
GEL,2025-08-27,10,2,252,1,1,1,16.75,7041922.0,1,1,09:30,intra_session_sparse
GELS,2025-08-27,10,10,0,1,0,0,1.28,135258.0,1,0,,no_session_bars_has_month_file
GEMI,2025-08-27,10,10,0,0,0,0,,,0,0,,no_daily_history
GEN,2025-08-27,10,10,0,0,0,0,30.77,129176414.0,0,0,,no_minute_file
GENB,2025-08-27,10,10,0,0,0,0,,,0,0,,no_daily_history
GENI,2025-08-27,10,0,366,1,1,1,13.04,79311835.0,1,1,08:00,intra_session_sparse
GEO,2025-08-27,10,10,0,0,0,0,20.71,83570612.0,0,0,,no_minute_file
GEOS,2025-08-27,10,10,0,1,0,0,20.19,3525086.0,1,0,,no_session_bars_has_month_file
GERN,2025-08-27,10,0,371,1,1,1,1.46,14427756.0,1,1,05:00,intra_session_sparse
GETY,2025-08-27,10,0,244,1,1,1,1.91,1241107.0,1,0,09:30,intra_session_sparse
GEVO,2025-08-27,10,0,347,1,1,1,1.77,16366189.0,1,1,04:08,intra_session_sparse
GGB,2025-08-27,10,0,350,1,1,1,3.01,27986226.0,1,1,08:35,intra_session_sparse
GHRS,2025-08-27,10,0,151,1,1,1,13.39,3494980.0,1,1,09:30,intra_session_sparse
GIBO,2025-08-27,10,0,123,1,1,1,3.2,4115383.0,1,1,04:00,intra_session_sparse
GILT,2025-08-27,10,0,320,1,1,1,9.95,7596588.0,1,1,06:06,intra_session_sparse
GIPR,2025-08-27,10,10,0,0,0,0,1.0,78197.0,0,0,,no_minute_file
GITS,2025-08-27,10,10,0,1,0,0,2.17,71723.0,1,0,,no_session_bars_has_month_file
GIW,2025-08-27,10,10,0,0,0,0,,,0,0,,no_daily_history
GIX,2025-08-27,10,10,0,0,0,0,,,0,0,,no_daily_history
GLAD,2025-08-27,10,10,0,0,0,0,26.35,2563434.0,0,0,,no_minute_file
GLDG,2025-08-27,10,10,0,0,0,0,0.897,502050.0,0,0,,no_minute_file
GLE,2025-08-27,10,10,0,1,0,0,0.71,1683960.0,1,0,,no_session_bars_has_month_file
GLED,2025-08-27,10,10,0,0,0,0,,,0,0,,no_daily_history
GLMD,2025-08-27,10,2,50,1,1,1,1.39,270623.0,1,0,09:30,intra_session_sparse
GLND,2025-08-27,10,10,0,0,0,0,10.03,42768.0,0,0,,no_minute_file
GLOO,2025-08-27,10,10,0,0,0,0,,,0,0,,no_daily_history
GLRE,2025-08-27,10,2,74,1,1,1,12.73,1426276.0,1,0,09:30,intra_session_sparse
GLSI,2025-08-27,10,2,27,1,1,1,11.93,548304.0,1,0,08:12,intra_session_sparse
GLUE,2025-08-27,10,0,139,1,1,1,4.67,1872312.0,1,0,08:10,intra_session_sparse
GLXG,2025-08-27,10,10,0,0,0,0,5.0,42207.0,0,0,,no_minute_file
GLXY,2025-08-27,10,10,0,0,0,0,24.72,246090020.0,0,0,,no_minute_file
GME,2025-08-27,10,10,0,0,0,0,22.3,130406418.0,0,0,,no_minute_file
GMHS,2025-08-27,10,2,25,1,1,1,1.16,3269281.0,1,1,05:14,intra_session_sparse
GMRS,2025-08-27,10,10,0,0,0,0,,,0,0,,no_daily_history
GNE,2025-08-27,10,1,109,1,1,1,15.35,3809364.0,1,1,09:30,intra_session_sparse
GNK,2025-08-27,10,0,237,1,1,1,17.07,9991716.0,1,1,08:00,intra_session_sparse
GNL,2025-08-27,10,0,313,1,1,1,7.7,12091178.0,1,1,09:30,intra_session_sparse
GNLX,2025-08-27,10,2,67,1,1,1,3.79,333557.0,1,0,09:30,intra_session_sparse
GNPX,2025-08-27,10,0,244,1,1,1,8.475,1215987.0,1,0,04:00,intra_session_sparse
GNS,2025-08-27,10,10,0,1,0,0,0.9,3427516.0,1,0,,no_session_bars_has_month_file
GNW,2025-08-27,10,0,371,1,1,1,8.61,45823040.0,1,1,06:55,intra_session_sparse
GO,2025-08-27,10,0,357,1,1,1,18.63,72282558.0,1,1,09:27,intra_session_sparse
GOAI,2025-08-27,10,10,0,0,0,0,,,0,0,,no_daily_history
GOGO,2025-08-27,10,0,279,1,1,1,11.23,25545254.0,1,1,07:54,intra_session_sparse
GOOS,2025-08-27,10,0,375,1,1,1,12.17,16805219.0,1,1,04:00,intra_session_sparse
GORO,2025-08-27,10,10,0,0,0,0,0.462,1258312.0,0,0,,no_minute_file
GOSS,2025-08-27,10,0,367,1,1,1,2.53,6234612.0,1,1,04:42,intra_session_sparse
GOVX,2025-08-27,10,2,118,1,1,1,19.57,629873.0,1,0,04:00,intra_session_sparse
GP,2025-08-27,10,0,110,1,1,1,3.438,1826971.0,1,0,07:07,intra_session_sparse
GPAT,2025-08-27,10,10,0,1,0,0,10.575,1372584.0,1,0,,no_session_bars_has_month_file
GPGI,2025-08-27,10,0,288,1,1,1,19.79,21621178.0,1,1,08:22,intra_session_sparse
GPK,2025-08-27,10,10,0,0,0,0,22.39,84369524.0,0,0,,no_minute_file
GPRE,2025-08-27,10,0,373,1,1,1,10.11,15406280.0,1,1,04:58,intra_session_sparse
GPRK,2025-08-27,10,2,258,1,1,1,6.33,4533181.0,1,1,09:30,intra_session_sparse
GPRO,2025-08-27,10,0,373,1,1,1,1.8,12612272.0,1,1,04:00,intra_session_sparse
GRAB,2025-08-27,10,0,376,1,1,1,5.0,151455633.0,1,1,04:00,intra_session_sparse
GRCE,2025-08-27,10,0,95,1,1,1,3.215,274295.0,1,0,08:00,intra_session_sparse
GRDX,2025-08-27,10,0,56,1,1,1,1.9,9557634.0,1,1,08:01,intra_session_sparse
GREE,2025-08-27,10,10,0,1,0,0,1.34,179265.0,1,0,,no_session_bars_has_month_file
GRI,2025-08-27,10,10,0,0,0,0,39.48,284408.0,0,0,,no_minute_file
GRND,2025-08-27,10,0,313,1,1,1,15.88,40466734.0,1,1,09:29,intra_session_sparse
GRNT,2025-08-27,10,2,266,1,1,1,5.67,3276745.0,1,1,09:04,intra_session_sparse
GRO,2025-08-27,10,0,186,1,1,1,1.77,3407053.0,1,1,04:09,intra_session_sparse
GROY,2025-08-27,10,0,350,1,1,1,3.37,7132639.0,1,1,06:37,intra_session_sparse
GRPN,2025-08-27,10,10,0,0,0,0,26.25,49563556.0,0,0,,no_minute_file
GRRR,2025-08-27,10,0,299,1,1,1,16.97,23871512.0,1,1,05:35,intra_session_sparse
GRWG,2025-08-27,10,0,208,1,1,1,1.82,1342522.0,1,0,09:30,intra_session_sparse
GSBD,2025-08-27,10,0,220,1,1,1,11.39,6811092.0,1,1,04:26,intra_session_sparse
GSIT,2025-08-27,10,2,182,1,1,1,3.2,966366.0,1,0,08:00,intra_session_sparse
GSIW,2025-08-27,10,0,191,1,1,1,20.0,896914.0,1,0,04:01,intra_session_sparse
GSM,2025-08-27,10,0,273,1,1,1,4.37,5862872.0,1,1,09:30,intra_session_sparse
GSRF,2025-08-27,10,10,0,0,0,0,,,0,0,,no_daily_history
GT,2025-08-27,10,0,372,1,1,1,8.48,84648332.0,1,1,07:18,intra_session_sparse
GTBP,2025-08-27,10,10,0,1,0,0,1.14,152104.0,1,0,,no_session_bars_has_month_file
GTE,2025-08-27,10,0,109,1,1,1,4.04,1472630.0,1,0,09:30,intra_session_sparse
GTEN,2025-08-27,10,0,60,1,1,1,10.17,1386237.0,1,0,09:43,intra_session_sparse
GTERA,2025-08-27,10,4,3,1,1,1,9.955,2584760.0,1,1,11:34,intra_session_sparse
GTLB,2025-08-27,10,10,0,0,0,0,43.77,187475067.0,0,0,,no_minute_file
GTM,2025-08-27,10,0,367,1,1,1,10.23,58436804.0,1,1,09:06,intra_session_sparse
GTN,2025-08-27,10,0,283,1,1,1,6.05,9408949.0,1,1,09:25,intra_session_sparse
GTX,2025-08-27,10,0,353,1,1,1,13.26,48975234.0,1,1,08:43,intra_session_sparse
GURE,2025-08-27,10,10,0,0,0,0,,,0,0,,no_daily_history
GUTS,2025-08-27,10,10,0,1,0,0,1.01,1642246.0,1,0,,no_session_bars_has_month_file
GV,2025-08-27,10,2,27,1,1,1,1.61,6655307.0,1,1,04:15,intra_session_sparse
GVH,2025-08-27,10,2,60,1,1,1,4.45,433046.0,1,0,04:56,intra_session_sparse
GWAV,2025-08-27,10,0,61,1,1,1,8.185,654418.0,1,0,08:09,intra_session_sparse
GWH,2025-08-27,10,2,65,1,1,1,1.55,340403.0,1,0,05:17,intra_session_sparse
GXAI,2025-08-27,10,0,231,1,1,1,2.05,32114908.0,1,1,04:00,intra_session_sparse
HAFN,2025-08-27,10,0,338,1,1,1,5.84,7386073.0,1,1,04:11,intra_session_sparse
HAIN,2025-08-27,10,0,204,1,1,1,1.765,1913398.0,1,0,09:30,intra_session_sparse
HAO,2025-08-27,10,10,0,0,0,0,156.16,46956.0,0,0,,no_minute_file
HAVA,2025-08-27,10,10,0,0,0,0,,,0,0,,no_daily_history
HAYW,2025-08-27,10,0,342,1,1,1,16.23,46610508.0,1,1,09:30,intra_session_sparse
HBAN,2025-08-27,10,0,376,1,1,1,17.49,450332104.0,1,1,08:10,intra_session_sparse
HBIO,2025-08-27,10,1,117,1,1,1,5.435,258365.0,1,0,04:12,intra_session_sparse
HBM,2025-08-27,10,0,364,1,1,1,11.75,77985773.0,1,1,06:50,intra_session_sparse
HBNC,2025-08-27,10,0,269,1,1,1,16.35,7164652.0,1,1,09:27,intra_session_sparse
HCAC,2025-08-27,10,10,0,0,0,0,,,0,0,,no_daily_history
HCAI,2025-08-27,10,10,0,0,0,0,18.81,80101.0,0,0,,no_minute_file
HCAT,2025-08-27,10,0,285,1,1,1,3.5,3251788.0,1,1,05:01,intra_session_sparse
HCHL,2025-08-27,10,4,14,1,1,1,3.48,436209.0,1,0,11:45,intra_session_sparse
HCKT,2025-08-27,10,10,0,1,0,0,20.92,8196813.0,1,0,,no_session_bars_has_month_file
HCSG,2025-08-27,10,0,252,1,1,1,15.47,12565794.0,1,1,09:30,intra_session_sparse
HCTI,2025-08-27,10,10,0,0,0,0,160.2,6989250.0,0,0,,no_minute_file
HCWB,2025-08-27,10,1,220,1,1,1,5.89,24860913.0,1,1,04:38,intra_session_sparse
HDRN,2025-08-27,10,8,2,1,1,1,10.36,706287.0,1,0,14:38,intra_session_sparse
HDSN,2025-08-27,10,0,184,1,1,1,9.96,5782499.0,1,1,09:26,intra_session_sparse
HE,2025-08-27,10,0,368,1,1,1,12.2,22132039.0,1,1,08:00,intra_session_sparse
HELE,2025-08-27,10,10,0,0,0,0,24.33,15600117.0,0,0,,no_minute_file
HELP,2025-08-27,10,1,219,1,1,1,7.45,2681766.0,1,1,06:32,intra_session_sparse
HGTY,2025-08-27,10,0,120,1,1,1,10.85,2783990.0,1,1,06:31,intra_session_sparse
HIHO,2025-08-27,10,10,0,0,0,0,1.67,12734.0,0,0,,no_minute_file
HIMS,2025-08-27,10,10,0,0,0,0,45.35,1725429293.0,0,0,,no_minute_file
HIND,2025-08-27,10,2,74,1,1,1,11.24,10449097.0,1,1,09:27,intra_session_sparse
HIT,2025-08-27,10,1,210,1,1,1,3.05,2942157.0,1,1,08:00,intra_session_sparse
HITI,2025-08-27,10,0,277,1,1,1,3.49,2692982.0,1,1,07:13,intra_session_sparse
HIVE,2025-08-27,10,0,376,1,1,1,2.85,39025653.0,1,1,04:00,intra_session_sparse
HKPD,2025-08-27,10,0,327,1,1,1,1.42,10820431.0,1,1,04:00,intra_session_sparse
HL,2025-08-27,10,0,376,1,1,1,8.0,157838519.0,1,1,04:36,intra_session_sparse
HLF,2025-08-27,10,0,329,1,1,1,9.23,17571217.0,1,1,08:11,intra_session_sparse
HLIT,2025-08-27,10,0,256,1,1,1,9.42,10558610.0,1,1,09:30,intra_session_sparse
HLLY,2025-08-27,10,0,254,1,1,1,3.89,2689827.0,1,1,09:23,intra_session_sparse
HLMN,2025-08-27,10,0,290,1,1,1,9.94,18425657.0,1,1,08:51,intra_session_sparse
HLX,2025-08-27,10,0,309,1,1,1,6.32,9077481.0,1,1,06:24,intra_session_sparse
HLXC,2025-08-27,10,10,0,0,0,0,,,0,0,,no_daily_history
HMH,2025-08-27,10,10,0,0,0,0,,,0,0,,no_daily_history
HMY,2025-08-27,10,0,372,1,1,1,15.11,52890874.0,1,1,04:00,intra_session_sparse
HNRG,2025-08-27,10,0,231,1,1,1,16.43,16418575.0,1,1,09:30,intra_session_sparse
HNST,2025-08-27,10,0,374,1,1,1,3.9,19885197.0,1,1,04:00,intra_session_sparse
HOG,2025-08-27,10,10,0,0,0,0,28.72,68872265.0,0,0,,no_minute_file
HOPE,2025-08-27,10,0,268,1,1,1,11.05,9882485.0,1,1,09:27,intra_session_sparse
HOUR,2025-08-27,10,10,0,0,0,0,1.52,39713.0,0,0,,no_minute_file
HOVR,2025-08-27,10,0,192,1,1,1,1.85,1328819.0,1,0,07:00,intra_session_sparse
HOWL,2025-08-27,10,10,0,1,0,0,1.36,183935.0,1,0,,no_session_bars_has_month_file
HP,2025-08-27,10,0,367,1,1,1,18.95,41606826.0,1,1,09:30,intra_session_sparse
HPAI,2025-08-27,10,10,0,0,0,0,4.016,17235.0,0,0,,no_minute_file
HPE,2025-08-27,10,10,0,1,0,0,22.5,320389886.0,1,0,,no_session_bars_has_month_file
HPK,2025-08-27,10,0,186,1,1,1,7.42,4991124.0,1,1,08:55,intra_session_sparse
HPP,2025-08-27,10,10,0,1,0,0,18.69,17116087.0,1,1,,no_session_bars_has_month_file
HPQ,2025-08-27,10,10,0,0,0,0,27.01,204601127.0,0,0,,no_minute_file
HQ,2025-08-27,10,10,0,0,0,0,,,0,0,,no_daily_history
HQH,2025-08-27,10,0,216,1,1,1,16.23,3372905.0,1,1,09:30,intra_session_sparse
HQL,2025-08-27,10,2,73,1,1,1,13.82,1309116.0,1,0,09:30,intra_session_sparse
HRL,2025-08-27,10,10,0,0,0,0,28.76,94329735.0,0,0,,no_minute_file
HRTX,2025-08-27,10,0,321,1,1,1,1.41,3540570.0,1,1,08:00,intra_session_sparse
HRZN,2025-08-27,10,1,221,1,1,1,6.9,4845290.0,1,1,07:56,intra_session_sparse
HSDT,2025-08-27,10,1,24,1,1,1,6.27,299833.0,1,0,09:08,intra_session_sparse
HSHP,2025-08-27,10,0,116,1,1,1,7.71,729233.0,1,0,07:18,intra_session_sparse
HST,2025-08-27,10,0,375,1,1,1,16.93,179422671.0,1,1,04:32,intra_session_sparse
HSTM,2025-08-27,10,10,0,0,0,0,28.0,5690499.0,0,0,,no_minute_file
HTCO,2025-08-27,10,0,102,1,1,1,11.54,442346.0,1,0,04:26,intra_session_sparse
HTCR,2025-08-27,10,10,0,0,0,0,25.8,2274627.0,0,0,,no_minute_file
HTGC,2025-08-27,10,0,265,1,1,1,19.31,22051366.0,1,1,08:24,intra_session_sparse
HTLD,2025-08-27,10,0,249,1,1,1,8.59,5842516.0,1,1,07:00,intra_session_sparse
HTLM,2025-08-27,10,10,0,0,0,0,3.949,24753.0,0,0,,no_minute_file
HTOO,2025-08-27,10,2,47,1,1,1,3.81,347667.0,1,0,08:11,intra_session_sparse
HTT,2025-08-27,10,2,233,1,1,1,4.84,3367605.0,1,1,09:30,intra_session_sparse
HTZ,2025-08-27,10,0,373,1,1,1,5.68,53561909.0,1,1,04:02,intra_session_sparse
HUBC,2025-08-27,10,10,0,0,0,0,1710.0,1069641.0,0,0,,no_minute_file
HUMA,2025-08-27,10,0,357,1,1,1,1.47,12085362.0,1,1,04:17,intra_session_sparse
HUN,2025-08-27,10,0,371,1,1,1,10.86,51675247.0,1,1,09:30,intra_session_sparse
HURA,2025-08-27,10,2,131,1,1,1,3.0,2417138.0,1,1,09:30,intra_session_sparse
HUYA,2025-08-27,10,0,329,1,1,1,3.29,4337283.0,1,1,07:00,intra_session_sparse
HVII,2025-08-27,10,10,0,1,0,0,10.18,263188.0,1,0,,no_session_bars_has_month_file
HVT,2025-08-27,10,10,0,0,0,0,22.94,2236214.0,0,0,,no_minute_file
HWH,2025-08-27,10,2,28,1,1,1,1.43,266429.0,1,0,09:30,intra_session_sparse
HXHX,2025-08-27,10,10,0,0,0,0,0.97,142907.0,0,0,,no_minute_file
HYFT,2025-08-27,10,0,204,1,1,1,2.75,4145738.0,1,1,05:52,intra_session_sparse
HYLN,2025-08-27,10,0,231,1,1,1,1.83,1781063.0,1,0,07:00,intra_session_sparse
HYMC,2025-08-27,10,0,334,1,1,1,4.09,2090751.0,1,1,07:03,intra_session_sparse
HYNE,2025-08-27,10,10,0,0,0,0,,,0,0,,no_daily_history
HYPD,2025-08-27,10,0,235,1,1,1,6.98,3468228.0,1,1,04:04,intra_session_sparse
IAG,2025-08-27,10,0,373,1,1,1,9.08,98893500.0,1,1,07:00,intra_session_sparse
IART,2025-08-27,10,0,264,1,1,1,14.76,20417609.0,1,1,09:30,intra_session_sparse
IAUX,2025-08-27,10,10,0,0,0,0,0.764,3213443.0,0,0,,no_minute_file
IBG,2025-08-27,10,2,94,1,1,1,14.48,287943.0,1,0,06:45,intra_session_sparse
IBIO,2025-08-27,10,10,0,0,0,0,0.787,1583393.0,0,0,,no_minute_file
IBRX,2025-08-27,10,0,375,1,1,1,2.38,22718339.0,1,1,04:22,intra_session_sparse
IBTA,2025-08-27,10,10,0,0,0,0,25.46,24067904.0,0,0,,no_minute_file
ICHR,2025-08-27,10,1,257,1,1,1,17.7,22450479.0,1,1,04:00,intra_session_sparse
ICL,2025-08-27,10,2,192,1,1,1,6.43,4982287.0,1,1,07:58,intra_session_sparse
ICON,2025-08-27,10,10,0,1,0,0,10.95,120127.0,1,0,,no_session_bars_has_month_file
ICU,2025-08-27,10,0,210,1,1,1,8.991,1496603.0,1,0,04:14,intra_session_sparse
IDAI,2025-08-27,10,10,0,0,0,0,2.94,72965.0,0,0,,no_minute_file
IDN,2025-08-27,10,0,117,1,1,1,5.37,938508.0,1,0,09:30,intra_session_sparse
IE,2025-08-27,10,0,280,1,1,1,9.01,10232187.0,1,1,08:00,intra_session_sparse
IEAG,2025-08-27,10,10,0,0,0,0,,,0,0,,no_daily_history
IEP,2025-08-27,10,0,189,1,1,1,8.36,7860803.0,1,1,08:00,intra_session_sparse
IFRX,2025-08-27,10,0,310,1,1,1,0.92,235440.0,1,0,09:25,intra_session_sparse
IHRT,2025-08-27,10,2,231,1,1,1,2.29,2265555.0,1,1,09:30,intra_session_sparse
IHS,2025-08-27,10,2,264,1,1,1,7.33,4621176.0,1,1,09:29,intra_session_sparse
III,2025-08-27,10,2,89,1,1,1,5.0,1282815.0,1,0,09:30,intra_session_sparse
IIIV,2025-08-27,10,10,0,0,0,0,30.74,8829518.0,0,0,,no_minute_file
IKT,2025-08-27,10,10,0,1,0,0,1.84,186287.0,1,0,,no_session_bars_has_month_file
ILLR,2025-08-27,10,10,0,0,0,0,0.524,743498.0,0,0,,no_minute_file
IMA,2025-08-27,10,3,2,1,1,1,13.63,283923.0,1,0,11:07,intra_session_sparse
IMCC,2025-08-27,10,10,0,1,0,0,2.24,115577.0,1,0,,no_session_bars_has_month_file
IMDX,2025-08-27,10,10,0,0,0,0,2.51,77580.0,0,0,,no_minute_file
IMMR,2025-08-27,10,0,199,1,1,1,6.93,2792914.0,1,1,09:30,intra_session_sparse
IMMX,2025-08-27,10,0,115,1,1,1,2.12,608721.0,1,0,06:20,intra_session_sparse
IMNM,2025-08-27,10,2,263,1,1,1,10.16,6645608.0,1,1,09:30,intra_session_sparse
IMPP,2025-08-27,10,2,75,1,1,1,3.28,392663.0,1,0,08:43,intra_session_sparse
IMRX,2025-08-27,10,0,270,1,1,1,5.92,3692433.0,1,1,07:03,intra_session_sparse
IMSR,2025-08-27,10,0,143,1,1,1,11.6,7280749.0,1,1,08:00,intra_session_sparse
IMTE,2025-08-27,10,10,0,0,0,0,0.95,23210.0,0,0,,no_minute_file
IMTX,2025-08-27,10,2,216,1,1,1,5.35,3781597.0,1,1,08:00,intra_session_sparse
IMUX,2025-08-27,10,0,309,1,1,1,8.8,978801.0,1,0,04:14,intra_session_sparse
IMVT,2025-08-27,10,0,333,1,1,1,15.08,17766775.0,1,1,09:30,intra_session_sparse
IMXI,2025-08-27,10,2,236,1,1,1,14.42,18221436.0,1,1,08:09,intra_session_sparse
INBS,2025-08-27,10,10,0,1,0,0,14.63,176390.0,1,0,,no_session_bars_has_month_file
INDI,2025-08-27,10,0,326,1,1,1,4.64,17356759.0,1,1,08:00,intra_session_sparse
INDO,2025-08-27,10,2,108,1,1,1,2.9,1458139.0,1,0,08:16,intra_session_sparse
INDP,2025-08-27,10,10,0,1,0,0,6.52,57675.0,1,0,,no_session_bars_has_month_file
INFQ,2025-08-27,10,7,7,1,1,1,10.115,657230.0,1,0,13:23,intra_session_sparse
INFU,2025-08-27,10,0,275,1,1,1,9.92,2551330.0,1,1,05:46,intra_session_sparse
INGM,2025-08-27,10,0,159,1,1,1,19.43,7435942.0,1,1,09:30,intra_session_sparse
INGN,2025-08-27,10,2,112,1,1,1,7.99,1953010.0,1,0,09:30,intra_session_sparse
INHD,2025-08-27,10,10,0,0,0,0,1900.8,47640633.0,0,0,,no_minute_file
INKT,2025-08-27,10,2,57,1,1,1,15.15,1980309.0,1,0,04:36,intra_session_sparse
INLF,2025-08-27,10,2,49,1,1,1,19.36,207865.0,1,0,09:30,intra_session_sparse
INMB,2025-08-27,10,0,285,1,1,1,2.16,5627461.0,1,1,06:31,intra_session_sparse
INMD,2025-08-27,10,0,326,1,1,1,14.88,15922985.0,1,1,07:01,intra_session_sparse
INN,2025-08-27,10,1,252,1,1,1,5.35,4768096.0,1,1,09:30,intra_session_sparse
INNV,2025-08-27,10,10,0,0,0,0,3.88,75644.0,0,0,,no_minute_file
INO,2025-08-27,10,0,372,1,1,1,2.04,3273627.0,1,1,04:12,intra_session_sparse
INR,2025-08-27,10,0,210,1,1,1,14.15,4557275.0,1,1,09:30,intra_session_sparse
INSG,2025-08-27,10,0,246,1,1,1,11.57,2795905.0,1,1,09:06,intra_session_sparse
INTA,2025-08-27,10,10,0,0,0,0,45.04,56274010.0,0,0,,no_minute_file
INTR,2025-08-27,10,0,336,1,1,1,8.21,23146618.0,1,1,08:07,intra_session_sparse
INTS,2025-08-27,10,1,237,1,1,1,7.548,1423455.0,1,0,04:37,intra_session_sparse
INTT,2025-08-27,10,2,53,1,1,1,7.39,279565.0,1,0,09:30,intra_session_sparse
INV,2025-08-27,10,2,50,1,1,1,4.39,2265881.0,1,1,09:30,intra_session_sparse
INVA,2025-08-27,10,0,239,1,1,1,19.93,16135912.0,1,1,08:00,intra_session_sparse
INVX,2025-08-27,10,0,133,1,1,1,16.71,5796675.0,1,1,09:30,intra_session_sparse
INVZ,2025-08-27,10,0,339,1,1,1,1.7,12231935.0,1,1,04:00,intra_session_sparse
IOTR,2025-08-27,10,10,0,1,0,0,4.01,87968.0,1,0,,no_session_bars_has_month_file
IOVA,2025-08-27,10,0,375,1,1,1,2.45,39664890.0,1,1,04:01,intra_session_sparse
IPCX,2025-08-27,10,2,30,1,1,1,10.14,2296992.0,1,1,10:00,intra_session_sparse
IPDN,2025-08-27,10,2,21,1,1,1,1.98,4013026.0,1,1,10:04,intra_session_sparse
IPM,2025-08-27,10,10,0,0,0,0,1.995,102641.0,0,0,,no_minute_file
IPSC,2025-08-27,10,10,0,0,0,0,0.509,401255.0,0,0,,no_minute_file
IPST,2025-08-27,10,10,0,0,0,0,172.0,1976770.0,0,0,,no_minute_file
IPW,2025-08-27,10,10,0,0,0,0,148.27,52496.0,0,0,,no_minute_file
IPWR,2025-08-27,10,2,33,1,1,1,4.92,581383.0,1,0,09:30,intra_session_sparse
IRD,2025-08-27,10,1,76,1,1,1,1.205,214954.0,1,0,09:30,intra_session_sparse
IRDM,2025-08-27,10,10,0,0,0,0,24.69,36589392.0,0,0,,no_minute_file
IRWD,2025-08-27,10,0,217,1,1,1,1.27,1531603.0,1,0,09:10,intra_session_sparse
ISPC,2025-08-27,10,10,0,0,0,0,32.0,1353645.0,0,0,,no_minute_file
ISSC,2025-08-27,10,0,252,1,1,1,13.94,14594815.0,1,1,04:00,intra_session_sparse
ITHA,2025-08-27,10,10,0,0,0,0,,,0,0,,no_daily_history
ITOC,2025-08-27,10,0,272,1,1,1,10.7,3212894.0,1,1,04:01,intra_session_sparse
ITRG,2025-08-27,10,0,313,1,1,1,2.13,2432432.0,1,1,07:00,intra_session_sparse
IVA,2025-08-27,10,10,0,1,0,0,4.59,124145.0,1,0,,no_session_bars_has_month_file
IVDA,2025-08-27,10,0,42,1,1,1,1.615,345161.0,1,0,04:41,intra_session_sparse
IVF,2025-08-27,10,10,0,0,0,0,40.4,1700136.0,0,0,,no_minute_file
IVVD,2025-08-27,10,10,0,1,0,0,1.03,10639789.0,1,1,,no_session_bars_has_month_file
IXHL,2025-08-27,10,10,0,1,0,0,21.29,106019646.0,1,0,,no_session_bars_has_month_file
JACK,2025-08-27,10,0,293,1,1,1,18.67,21827597.0,1,1,08:00,intra_session_sparse
JAGU,2025-08-27,10,10,0,0,0,0,,,0,0,,no_daily_history
JAKK,2025-08-27,10,2,84,1,1,1,17.91,2310945.0,1,1,09:30,intra_session_sparse
JANX,2025-08-27,10,10,0,0,0,0,23.64,20652729.0,0,0,,no_minute_file
JATT,2025-08-27,10,10,0,0,0,0,,,0,0,,no_daily_history
JBGS,2025-08-27,10,10,0,1,0,0,20.82,24841732.0,1,0,,no_session_bars_has_month_file
JBI,2025-08-27,10,1,239,1,1,1,10.38,13262721.0,1,1,09:29,intra_session_sparse
JBIO,2025-08-27,10,2,81,1,1,1,8.03,868633.0,1,0,09:30,intra_session_sparse
JBLU,2025-08-27,10,0,375,1,1,1,5.32,86673295.0,1,1,05:31,intra_session_sparse
JBS,2025-08-27,10,0,372,1,1,1,15.99,78935613.0,1,1,04:30,intra_session_sparse
JCAP,2025-08-27,10,1,136,1,1,1,19.69,3142959.0,1,1,08:00,intra_session_sparse
JDZG,2025-08-27,10,10,0,0,0,0,490.0,240108.0,0,0,,no_minute_file
JELD,2025-08-27,10,0,356,1,1,1,6.2,8451142.0,1,1,09:04,intra_session_sparse
JEM,2025-08-27,10,10,0,0,0,0,51.8,2619240.0,0,0,,no_minute_file
JENA,2025-08-27,10,7,6,1,1,1,10.125,1029836.0,1,0,09:30,intra_session_sparse
JFB,2025-08-27,10,2,15,1,1,1,3.59,394520.0,1,0,09:55,intra_session_sparse
JHX,2025-08-27,10,10,0,1,0,0,20.1,239135593.0,1,0,,no_session_bars_has_month_file
JILL,2025-08-27,10,2,57,1,1,1,16.58,1516598.0,1,0,09:30,intra_session_sparse
JLHL,2025-08-27,10,10,0,1,0,0,4.03,114097.0,1,0,,no_session_bars_has_month_file
JMG,2025-08-27,10,10,0,0,0,0,,,0,0,,no_daily_history
JMIA,2025-08-27,10,0,375,1,1,1,8.94,38879730.0,1,1,04:00,intra_session_sparse
JOBY,2025-08-27,10,0,376,1,1,1,14.73,553898557.0,1,1,04:00,intra_session_sparse
JRVR,2025-08-27,10,2,181,1,1,1,5.69,1171056.0,1,0,09:25,intra_session_sparse
JSPR,2025-08-27,10,2,75,1,1,1,2.92,696861.0,1,0,09:30,intra_session_sparse
JTAI,2025-08-27,10,10,0,0,0,0,652.0,200515.0,0,0,,no_minute_file
JXG,2025-08-27,10,10,0,1,0,0,15.3,138664.0,1,0,,no_session_bars_has_month_file
JZXN,2025-08-27,10,10,0,0,0,0,34.07,207547.0,0,0,,no_minute_file
KALA,2025-08-27,10,10,0,0,0,0,465.5,959183.0,0,0,,no_minute_file
KALV,2025-08-27,10,0,190,1,1,1,13.16,9168396.0,1,1,09:30,intra_session_sparse
KAPA,2025-08-27,10,1,123,1,1,1,1.2,840192.0,1,0,06:10,intra_session_sparse
KBDC,2025-08-27,10,2,112,1,1,1,14.97,2049908.0,1,1,09:32,intra_session_sparse
KBON,2025-08-27,10,10,0,0,0,0,,,0,0,,no_daily_history
KD,2025-08-27,10,10,0,0,0,0,31.27,116166132.0,0,0,,no_minute_file
KDK,2025-08-27,10,2,124,1,1,1,11.4,2929130.0,1,1,04:49,intra_session_sparse
KEEL,2025-08-27,10,0,376,1,1,1,1.3,34054694.0,1,1,04:00,intra_session_sparse
KELYA,2025-08-27,10,0,175,1,1,1,14.17,4948488.0,1,1,09:30,intra_session_sparse
KELYB,2025-08-27,10,10,0,0,0,0,14.6,10120.0,0,0,,no_minute_file
KEP,2025-08-27,10,2,128,1,1,1,13.37,8522122.0,1,1,09:29,intra_session_sparse
KEY,2025-08-27,10,0,375,1,1,1,19.3,529471763.0,1,1,05:32,intra_session_sparse
KIDS,2025-08-27,10,10,0,1,0,0,22.12,3678599.0,1,0,,no_session_bars_has_month_file
KIDZ,2025-08-27,10,10,0,0,0,0,65.0,852119.0,0,0,,no_minute_file
KIM,2025-08-27,10,10,0,0,0,0,22.11,91218633.0,0,0,,no_minute_file
KINS,2025-08-27,10,2,138,1,1,1,13.54,3713700.0,1,1,09:30,intra_session_sparse
KITT,2025-08-27,10,10,0,0,0,0,68.82,1233835.0,0,0,,no_minute_file
KLAR,2025-08-27,10,10,0,0,0,0,,,0,0,,no_daily_history
KLC,2025-08-27,10,1,266,1,1,1,7.27,10002911.0,1,1,08:50,intra_session_sparse
KLRA,2025-08-27,10,10,0,0,0,0,,,0,0,,no_daily_history
KLRS,2025-08-27,10,10,0,1,0,0,2.56,115451.0,1,0,,no_session_bars_has_month_file
KLTR,2025-08-27,10,2,178,1,1,1,1.6,468520.0,1,0,09:30,intra_session_sparse
KMTS,2025-08-27,10,2,120,1,1,1,18.535,3379993.0,1,1,09:30,intra_session_sparse
KNRX,2025-08-27,10,10,0,0,0,0,,,0,0,,no_daily_history
KOD,2025-08-27,10,1,230,1,1,1,9.68,5982598.0,1,1,09:30,intra_session_sparse
KODK,2025-08-27,10,0,311,1,1,1,5.81,12486603.0,1,1,06:08,intra_session_sparse
KOPN,2025-08-27,10,0,366,1,1,1,2.2,5146687.0,1,1,04:01,intra_session_sparse
KORE,2025-08-27,10,10,0,0,0,0,2.35,28839.0,0,0,,no_minute_file
KOS,2025-08-27,10,0,349,1,1,1,1.8,18634504.0,1,1,04:17,intra_session_sparse
KOYN,2025-08-27,10,10,0,0,0,0,,,0,0,,no_daily_history
KPLT,2025-08-27,10,2,26,1,1,1,14.67,416440.0,1,0,09:30,intra_session_sparse
KPRX,2025-08-27,10,2,30,1,1,1,2.841,225663.0,1,0,06:20,intra_session_sparse
KPTI,2025-08-27,10,0,157,1,1,1,7.46,1122365.0,1,0,06:15,intra_session_sparse
KRNT,2025-08-27,10,2,186,1,1,1,15.25,6418783.0,1,1,09:30,intra_session_sparse
KRNY,2025-08-27,10,0,205,1,1,1,6.58,2372920.0,1,1,09:30,intra_session_sparse
KRO,2025-08-27,10,0,287,1,1,1,6.38,2766321.0,1,1,06:14,intra_session_sparse
KROS,2025-08-27,10,1,165,1,1,1,14.91,7036298.0,1,1,09:08,intra_session_sparse
KRRO,2025-08-27,10,10,0,1,0,0,20.26,2336656.0,1,0,,no_session_bars_has_month_file
KSCP,2025-08-27,10,1,314,1,1,1,5.86,2468110.0,1,1,07:30,intra_session_sparse
KSS,2025-08-27,10,0,376,1,1,1,13.04,86947116.0,1,1,04:04,intra_session_sparse
KT,2025-08-27,10,10,0,0,0,0,20.41,30268060.0,0,0,,no_minute_file
KTTA,2025-08-27,10,10,0,0,0,0,0.704,55977.0,0,0,,no_minute_file
KTWO,2025-08-27,10,10,0,0,0,0,,,0,0,,no_daily_history
KULR,2025-08-27,10,0,320,1,1,1,4.76,10388619.0,1,1,04:00,intra_session_sparse
KURA,2025-08-27,10,0,303,1,1,1,7.58,12192728.0,1,1,08:52,intra_session_sparse
KUST,2025-08-27,10,10,0,0,0,0,27.3,194157.0,0,0,,no_minute_file
KVUE,2025-08-27,10,10,0,0,0,0,20.79,387455480.0,0,0,,no_minute_file
KVYO,2025-08-27,10,10,0,0,0,0,31.53,89437275.0,0,0,,no_minute_file
KW,2025-08-27,10,0,223,1,1,1,8.45,6641137.0,1,1,09:30,intra_session_sparse
KXIN,2025-08-27,10,10,0,0,0,0,321.75,160593.0,0,0,,no_minute_file
KYIV,2025-08-27,10,0,310,1,1,1,11.82,24762321.0,1,1,04:23,intra_session_sparse
KYTX,2025-08-27,10,2,127,1,1,1,3.78,942878.0,1,0,07:00,intra_session_sparse
LAB,2025-08-27,10,0,320,1,1,1,1.29,1606531.0,1,0,04:53,intra_session_sparse
LABT,2025-08-27,10,10,0,0,0,0,,,0,0,,no_daily_history
LAC,2025-08-27,10,0,363,1,1,1,2.88,21234268.0,1,1,04:24,intra_session_sparse
LADR,2025-08-27,10,0,206,1,1,1,11.5,6571706.0,1,1,09:30,intra_session_sparse
LAES,2025-08-27,10,0,357,1,1,1,2.83,16265743.0,1,1,04:00,intra_session_sparse
LAKE,2025-08-27,10,0,92,1,1,1,15.47,1175155.0,1,0,09:30,intra_session_sparse
LAND,2025-08-27,10,0,243,1,1,1,9.09,4300599.0,1,1,08:00,intra_session_sparse
LAR,2025-08-27,10,0,311,1,1,1,3.21,5971963.0,1,1,09:10,intra_session_sparse
LASE,2025-08-27,10,0,328,1,1,1,5.52,31153568.0,1,1,04:05,intra_session_sparse
LAW,2025-08-27,10,2,116,1,1,1,5.14,712589.0,1,0,09:30,intra_session_sparse
LAWR,2025-08-27,10,2,30,1,1,1,1.94,786216.0,1,0,08:33,intra_session_sparse
LBGJ,2025-08-27,10,10,0,0,0,0,124.0,14961.0,0,0,,no_minute_file
LBRT,2025-08-27,10,0,373,1,1,1,11.11,31522190.0,1,1,07:00,intra_session_sparse
LBRX,2025-08-27,10,10,0,0,0,0,,,0,0,,no_daily_history
LBTYA,2025-08-27,10,0,314,1,1,1,11.67,24774442.0,1,1,09:30,intra_session_sparse
LBTYB,2025-08-27,10,10,0,0,0,0,11.7,10947.0,0,0,,no_minute_file
LBTYK,2025-08-27,10,0,258,1,1,1,11.82,13149812.0,1,1,09:30,intra_session_sparse
LC,2025-08-27,10,0,308,1,1,1,16.55,35942811.0,1,1,07:02,intra_session_sparse
LCFY,2025-08-27,10,10,0,1,0,0,4.243,135175.0,1,0,,no_session_bars_has_month_file
LCID,2025-08-27,10,10,0,1,0,0,21.1,180529997.0,1,0,,no_session_bars_has_month_file
LCTX,2025-08-27,10,0,286,1,1,1,1.25,1703714.0,1,0,04:02,intra_session_sparse
LCUT,2025-08-27,10,10,0,0,0,0,3.9,120319.0,0,0,,no_minute_file
LDI,2025-08-27,10,0,336,1,1,1,2.03,3924916.0,1,1,05:14,intra_session_sparse
LE,2025-08-27,10,1,186,1,1,1,13.86,4974265.0,1,1,09:30,intra_session_sparse
LEG,2025-08-27,10,0,349,1,1,1,9.85,17328322.0,1,1,09:25,intra_session_sparse
LEGH,2025-08-27,10,10,0,0,0,0,27.6,1737609.0,0,0,,no_minute_file
LENZ,2025-08-27,10,10,0,0,0,0,38.64,27990989.0,0,0,,no_minute_file
LEO,2025-08-27,10,1,70,1,1,1,5.91,815921.0,1,0,09:30,intra_session_sparse
LESL,2025-08-27,10,0,305,1,1,1,6.854,1132394.0,1,0,08:00,intra_session_sparse
LEVI,2025-08-27,10,10,0,1,0,0,21.97,42683332.0,1,0,,no_session_bars_has_month_file
LFCR,2025-08-27,10,2,79,1,1,1,7.5,852739.0,1,0,09:30,intra_session_sparse
LFMD,2025-08-27,10,0,317,1,1,1,6.5,21627491.0,1,1,06:57,intra_session_sparse
LFST,2025-08-27,10,0,339,1,1,1,5.4,15658645.0,1,1,08:42,intra_session_sparse
LFVN,2025-08-27,10,2,59,1,1,1,12.93,1151097.0,1,0,09:30,intra_session_sparse
LGCL,2025-08-27,10,10,0,1,0,0,20.82,411374.0,1,0,,no_session_bars_has_month_file
LGO,2025-08-27,10,0,66,1,1,1,1.51,204679.0,1,0,04:31,intra_session_sparse
LGVN,2025-08-27,10,10,0,1,0,0,0.818,1620744.0,1,0,,no_session_bars_has_month_file
LHAI,2025-08-27,10,0,199,1,1,1,8.31,3780350.0,1,1,04:02,intra_session_sparse
LIDR,2025-08-27,10,0,364,1,1,1,3.29,33745746.0,1,1,04:01,intra_session_sparse
LIFE,2025-08-27,10,10,0,0,0,0,1.9,963346.0,0,0,,no_minute_file
LILA,2025-08-27,10,1,199,1,1,1,8.08,4009769.0,1,1,09:18,intra_session_sparse
LILAK,2025-08-27,10,1,284,1,1,1,8.29,15505152.0,1,1,09:30,intra_session_sparse
LIMN,2025-08-27,10,0,190,1,1,1,3.25,8043812.0,1,1,04:00,intra_session_sparse
LINC,2025-08-27,10,0,234,1,1,1,19.77,10302620.0,1,1,08:54,intra_session_sparse
LIND,2025-08-27,10,2,255,1,1,1,14.68,5987759.0,1,1,09:30,intra_session_sparse
LINK,2025-08-27,10,2,83,1,1,1,5.78,310941.0,1,0,09:30,intra_session_sparse
LION,2025-08-27,10,0,347,1,1,1,6.15,14525620.0,1,1,08:50,intra_session_sparse
LITS,2025-08-27,10,0,290,1,1,1,5.28,2447224.0,1,1,04:00,intra_session_sparse
LKSP,2025-08-27,10,10,0,0,0,0,,,0,0,,no_daily_history
LMFA,2025-08-27,10,2,142,1,1,1,1.26,880452.0,1,0,04:17,intra_session_sparse
LMRI,2025-08-27,10,10,0,0,0,0,,,0,0,,no_daily_history
LNAI,2025-08-27,10,10,0,1,0,0,18.42,205276.0,1,0,,no_session_bars_has_month_file
LNKS,2025-08-27,10,10,0,0,0,0,131.28,67991.0,0,0,,no_minute_file
LOCL,2025-08-27,10,10,0,0,0,0,2.51,35690.0,0,0,,no_minute_file
LOCO,2025-08-27,10,2,100,1,1,1,10.59,2114154.0,1,1,09:30,intra_session_sparse
LODE,2025-08-27,10,1,300,1,1,1,2.46,2305389.0,1,1,04:41,intra_session_sparse
LOKV,2025-08-27,10,5,16,1,1,1,10.18,1371601.0,1,0,08:16,intra_session_sparse
LONA,2025-08-27,10,10,0,0,0,0,4.05,51306.0,0,0,,no_minute_file
LOVE,2025-08-27,10,0,157,1,1,1,18.52,5087535.0,1,1,07:00,intra_session_sparse
LPCN,2025-08-27,10,10,0,0,0,0,3.1,59998.0,0,0,,no_minute_file
LPCV,2025-08-27,10,10,0,0,0,0,,,0,0,,no_daily_history
LPL,2025-08-27,10,0,365,1,1,1,4.34,2603246.0,1,1,07:22,intra_session_sparse
LPSN,2025-08-27,10,0,252,1,1,1,16.05,9464037.0,1,1,04:49,intra_session_sparse
LPTH,2025-08-27,10,0,266,1,1,1,4.92,2824728.0,1,1,07:01,intra_session_sparse
LRHC,2025-08-27,10,10,0,0,0,0,603.0,1142618.0,0,0,,no_minute_file
LRMR,2025-08-27,10,0,330,1,1,1,3.87,7016378.0,1,1,08:00,intra_session_sparse
LSPD,2025-08-27,10,0,268,1,1,1,12.13,7424989.0,1,1,09:30,intra_session_sparse
LTBR,2025-08-27,10,0,252,1,1,1,15.86,22501223.0,1,1,07:50,intra_session_sparse
LTRN,2025-08-27,10,2,75,1,1,1,4.39,782302.0,1,0,08:00,intra_session_sparse
LTRX,2025-08-27,10,2,253,1,1,1,3.68,1025506.0,1,0,08:00,intra_session_sparse
LUCD,2025-08-27,10,0,287,1,1,1,1.18,776441.0,1,0,07:50,intra_session_sparse
LUCK,2025-08-27,10,1,148,1,1,1,10.56,1236202.0,1,0,09:30,intra_session_sparse
LUCY,2025-08-27,10,2,101,1,1,1,1.97,222709.0,1,0,08:41,intra_session_sparse
LUMN,2025-08-27,10,0,376,1,1,1,4.69,55132246.0,1,1,07:31,intra_session_sparse
LUNG,2025-08-27,10,0,224,1,1,1,1.77,1890744.0,1,0,08:20,intra_session_sparse
LUNR,2025-08-27,10,0,373,1,1,1,8.91,82465885.0,1,1,04:00,intra_session_sparse
LVLU,2025-08-27,10,2,56,1,1,1,4.07,408815.0,1,0,08:00,intra_session_sparse
LWLG,2025-08-27,10,0,370,1,1,1,3.21,4828582.0,1,1,04:01,intra_session_sparse
LXEO,2025-08-27,10,1,132,1,1,1,4.89,1833250.0,1,0,09:30,intra_session_sparse
LXFR,2025-08-27,10,2,116,1,1,1,13.48,1750297.0,1,0,09:30,intra_session_sparse
LXRX,2025-08-27,10,0,305,1,1,1,1.14,2603546.0,1,1,07:07,intra_session_sparse
LXU,2025-08-27,10,0,183,1,1,1,8.22,3650244.0,1,1,09:30,intra_session_sparse
LYEL,2025-08-27,10,3,23,1,1,1,10.96,358669.0,1,0,09:30,intra_session_sparse
LYFT,2025-08-27,10,0,376,1,1,1,16.8,328433863.0,1,1,04:30,intra_session_sparse
LYG,2025-08-27,10,0,369,1,1,1,4.55,41008648.0,1,1,04:07,intra_session_sparse
LYTS,2025-08-27,10,10,0,1,0,0,23.16,3865180.0,1,0,,no_session_bars_has_month_file
LZ,2025-08-27,10,0,356,1,1,1,11.05,32329714.0,1,1,09:13,intra_session_sparse
LZM,2025-08-27,10,2,41,1,1,1,4.7,421541.0,1,0,09:30,intra_session_sparse
LZMH,2025-08-27,10,10,0,0,0,0,72.8,2053329.0,0,0,,no_minute_file
M,2025-08-27,10,0,376,1,1,1,13.36,80883749.0,1,1,07:00,intra_session_sparse
MAAS,2025-08-27,10,10,0,0,0,0,3.83,46337.0,0,0,,no_minute_file
MAC,2025-08-27,10,0,352,1,1,1,18.24,32479575.0,1,1,09:30,intra_session_sparse
MAGH,2025-08-27,10,10,0,0,0,0,1.32,2156666.0,0,1,,no_minute_file
MAGN,2025-08-27,10,1,182,1,1,1,12.75,6798925.0,1,1,08:00,intra_session_sparse
MAIA,2025-08-27,10,0,330,1,1,1,1.54,324819.0,1,0,08:00,intra_session_sparse
MAMA,2025-08-27,10,1,97,1,1,1,8.45,1258750.0,1,0,04:00,intra_session_sparse
MAMK,2025-08-27,10,2,29,1,1,1,2.15,307246.0,1,0,09:34,intra_session_sparse
MANU,2025-08-27,10,2,115,1,1,1,17.21,2876180.0,1,1,09:30,intra_session_sparse
MARA,2025-08-27,10,0,376,1,1,1,15.84,669379583.0,1,1,04:00,intra_session_sparse
MASK,2025-08-27,10,0,214,1,1,1,14.25,374616.0,1,0,04:00,intra_session_sparse
MASS,2025-08-27,10,2,178,1,1,1,6.37,1881990.0,1,0,09:30,intra_session_sparse
MAT,2025-08-27,10,0,373,1,1,1,18.53,66796172.0,1,1,09:30,intra_session_sparse
MATV,2025-08-27,10,2,252,1,1,1,12.25,8130948.0,1,1,05:59,intra_session_sparse
MAX,2025-08-27,10,0,204,1,1,1,10.19,5534376.0,1,1,09:30,intra_session_sparse
MAZE,2025-08-27,10,2,245,1,1,1,14.05,2982399.0,1,1,09:30,intra_session_sparse
MB,2025-08-27,10,1,95,1,1,1,7.67,4805583.0,1,1,08:29,intra_session_sparse
MBAI,2025-08-27,10,10,0,0,0,0,0.633,17324.0,0,0,,no_minute_file
MBAV,2025-08-27,10,2,45,1,1,1,10.555,1672396.0,1,0,06:21,intra_session_sparse
MBC,2025-08-27,10,0,267,1,1,1,13.28,24003431.0,1,1,08:38,intra_session_sparse
MBI,2025-08-27,10,0,214,1,1,1,7.9,4092420.0,1,1,09:30,intra_session_sparse
MBLY,2025-08-27,10,0,368,1,1,1,13.94,64402244.0,1,1,06:18,intra_session_sparse
MBOT,2025-08-27,10,0,347,1,1,1,3.88,10328676.0,1,1,04:00,intra_session_sparse
MBRX,2025-08-27,10,0,375,1,1,1,13.64,990883.0,1,0,04:11,intra_session_sparse
MBX,2025-08-27,10,0,132,1,1,1,15.37,5650485.0,1,1,04:10,intra_session_sparse
MCFT,2025-08-27,10,10,0,1,0,0,20.9,2260055.0,1,0,,no_session_bars_has_month_file
MCGA,2025-08-27,10,0,314,1,1,1,10.4,4961997.0,1,1,04:00,intra_session_sparse
MCHB,2025-08-27,10,0,147,1,1,1,13.92,1790530.0,1,0,09:30,intra_session_sparse
MCRB,2025-08-27,10,0,89,1,1,1,19.35,2102658.0,1,1,09:30,intra_session_sparse
MCS,2025-08-27,10,0,128,1,1,1,15.44,4462405.0,1,1,09:30,intra_session_sparse
MD,2025-08-27,10,0,261,1,1,1,17.03,13816501.0,1,1,09:30,intra_session_sparse
MDAI,2025-08-27,10,0,166,1,1,1,2.05,780807.0,1,0,04:02,intra_session_sparse
MDU,2025-08-27,10,0,335,1,1,1,16.33,29751344.0,1,1,09:30,intra_session_sparse
MDWD,2025-08-27,10,0,157,1,1,1,16.84,1534905.0,1,0,09:29,intra_session_sparse
MDXG,2025-08-27,10,0,179,1,1,1,7.16,5669427.0,1,1,09:30,intra_session_sparse
MEC,2025-08-27,10,0,92,1,1,1,14.61,2405668.0,1,1,09:30,intra_session_sparse
MED,2025-08-27,10,2,83,1,1,1,13.97,2758911.0,1,1,09:30,intra_session_sparse
MEHA,2025-08-27,10,10,0,0,0,0,,,0,0,,no_daily_history
MEI,2025-08-27,10,0,217,1,1,1,7.64,2809430.0,1,1,08:00,intra_session_sparse
MENS,2025-08-27,10,10,0,1,0,0,50.2,5451753.0,1,0,,no_session_bars_has_month_file
MERC,2025-08-27,10,0,186,1,1,1,3.24,3846281.0,1,1,09:25,intra_session_sparse
MESH,2025-08-27,10,10,0,0,0,0,,,0,0,,no_daily_history
METC,2025-08-27,10,10,0,1,0,0,25.54,86825526.0,1,0,,no_session_bars_has_month_file
METCB,2025-08-27,10,2,54,1,1,1,16.51,2818093.0,1,1,07:26,intra_session_sparse
MFA,2025-08-27,10,0,266,1,1,1,10.08,12342835.0,1,1,08:50,intra_session_sparse
MFI,2025-08-27,10,10,0,0,0,0,35.74,1060049.0,0,0,,no_minute_file
MFIC,2025-08-27,10,0,193,1,1,1,13.12,4494926.0,1,1,09:30,intra_session_sparse
MG,2025-08-27,10,2,106,1,1,1,9.52,1101868.0,1,0,09:30,intra_session_sparse
MGIH,2025-08-27,10,10,0,0,0,0,2.0,33620.0,0,0,,no_minute_file
MGN,2025-08-27,10,10,0,0,0,0,,,0,0,,no_daily_history
MGNI,2025-08-27,10,10,0,0,0,0,25.14,69875341.0,0,0,,no_minute_file
MGNX,2025-08-27,10,0,306,1,1,1,1.81,1038766.0,1,0,08:00,intra_session_sparse
MGPI,2025-08-27,10,10,0,0,0,0,28.65,5953424.0,0,0,,no_minute_file
MGRT,2025-08-27,10,2,23,1,1,1,3.38,594257.0,1,0,09:12,intra_session_sparse
MGRX,2025-08-27,10,10,0,1,0,0,1.87,178282.0,1,0,,no_session_bars_has_month_file
MGTX,2025-08-27,10,0,144,1,1,1,7.5,3832578.0,1,1,09:30,intra_session_sparse
MGX,2025-08-27,10,2,108,1,1,1,1.87,663149.0,1,0,09:17,intra_session_sparse
MH,2025-08-27,10,0,206,1,1,1,14.89,15731650.0,1,1,08:00,intra_session_sparse
MICC,2025-08-27,10,10,0,0,0,0,,,0,0,,no_daily_history
MIMI,2025-08-27,10,10,0,0,0,0,83.4,7537192.0,0,0,,no_minute_file
MIND,2025-08-27,10,1,158,1,1,1,10.73,1959250.0,1,0,07:47,intra_session_sparse
MINE,2025-08-27,10,10,0,0,0,0,,,0,0,,no_daily_history
MIR,2025-08-27,10,10,0,1,0,0,20.94,61903949.0,1,0,,no_session_bars_has_month_file
MIRA,2025-08-27,10,2,106,1,1,1,1.39,345293.0,1,0,07:01,intra_session_sparse
MIST,2025-08-27,10,0,298,1,1,1,1.69,1557368.0,1,0,07:00,intra_session_sparse
MITK,2025-08-27,10,1,210,1,1,1,10.1,4468981.0,1,1,09:30,intra_session_sparse
MKDW,2025-08-27,10,2,68,1,1,1,6.246,289067.0,1,0,05:27,intra_session_sparse
MKLY,2025-08-27,10,10,0,0,0,0,,,0,0,,no_daily_history
MLAA,2025-08-27,10,10,0,0,0,0,,,0,0,,no_daily_history
MLAC,2025-08-27,10,10,0,0,0,0,10.3,25868.0,0,0,,no_minute_file
MLEC,2025-08-27,10,1,86,1,1,1,19.05,386097.0,1,0,04:11,intra_session_sparse
MLKN,2025-08-27,10,10,0,1,0,0,21.52,7943324.0,1,0,,no_session_bars_has_month_file
MLTX,2025-08-27,10,10,0,0,0,0,54.5,25546384.0,0,0,,no_minute_file
MLYS,2025-08-27,10,0,273,1,1,1,15.11,13271983.0,1,1,08:02,intra_session_sparse
MMA,2025-08-27,10,10,0,1,0,0,0.945,611755.0,1,0,,no_session_bars_has_month_file
MMED,2025-08-27,10,10,0,0,0,0,,,0,0,,no_daily_history
MNDR,2025-08-27,10,2,44,1,1,1,5.35,478289.0,1,0,08:00,intra_session_sparse
MNKD,2025-08-27,10,0,368,1,1,1,4.07,12379836.0,1,1,04:00,intra_session_sparse
MNOV,2025-08-27,10,10,0,0,0,0,1.36,65416.0,0,0,,no_minute_file
MNRO,2025-08-27,10,1,282,1,1,1,16.8,17325693.0,1,1,09:30,intra_session_sparse
MNTN,2025-08-27,10,10,0,0,0,0,20.76,20852821.0,0,0,,no_minute_file
MNTS,2025-08-27,10,10,0,1,0,0,24.1,32695146.0,1,0,,no_session_bars_has_month_file
MOB,2025-08-27,10,0,296,1,1,1,5.44,1581515.0,1,0,08:12,intra_session_sparse
MOBI,2025-08-27,10,10,0,0,0,0,,,0,0,,no_daily_history
MOBX,2025-08-27,10,0,116,1,1,1,9.4,246350.0,1,0,05:05,intra_session_sparse
MOV,2025-08-27,10,0,143,1,1,1,17.06,2147135.0,1,1,09:30,intra_session_sparse
MOVE,2025-08-27,10,2,43,1,1,1,5.053,200403.0,1,0,05:47,intra_session_sparse
MPAA,2025-08-27,10,2,152,1,1,1,14.89,2613375.0,1,1,09:30,intra_session_sparse
MPLT,2025-08-27,10,10,0,0,0,0,,,0,0,,no_daily_history
MPU,2025-08-27,10,1,212,1,1,1,2.8,3705466.0,1,1,04:52,intra_session_sparse
MQ,2025-08-27,10,0,347,1,1,1,6.24,32280212.0,1,1,08:00,intra_session_sparse
MRAM,2025-08-27,10,2,53,1,1,1,6.51,403774.0,1,0,09:06,intra_session_sparse
MRBK,2025-08-27,10,0,135,1,1,1,15.69,732223.0,1,0,09:30,intra_session_sparse
MRKR,2025-08-27,10,10,0,1,0,0,1.0,2447033.0,1,1,,no_session_bars_has_month_file
MRLN,2025-08-27,10,0,7,1,1,1,10.38,1365889.0,1,0,09:45,intra_session_sparse
MRNO,2025-08-27,10,10,0,1,0,0,6.14,51526.0,1,0,,no_session_bars_has_month_file
MRTN,2025-08-27,10,0,257,1,1,1,11.98,7965728.0,1,1,09:30,intra_session_sparse
MRVI,2025-08-27,10,0,301,1,1,1,2.42,3586395.0,1,1,09:30,intra_session_sparse
MSBI,2025-08-27,10,2,80,1,1,1,18.51,2171728.0,1,1,09:30,intra_session_sparse
MSGM,2025-08-27,10,10,0,0,0,0,3.0,100458.0,0,0,,no_minute_file
MSGY,2025-08-27,10,2,29,1,1,1,12.5,1452998.0,1,0,04:28,intra_session_sparse
MSS,2025-08-27,10,10,0,0,0,0,8.253,23622.0,0,0,,no_minute_file
MTA,2025-08-27,10,0,273,1,1,1,4.83,1650394.0,1,0,08:00,intra_session_sparse
MTAL,2025-08-27,10,0,295,1,1,1,12.13,12512209.0,1,1,09:30,intra_session_sparse
MTC,2025-08-27,10,10,0,0,0,0,0.98,71688.0,0,0,,no_minute_file
MTEK,2025-08-27,10,10,0,0,0,0,2.685,124738.0,0,0,,no_minute_file
MTEN,2025-08-27,10,10,0,0,0,0,2550.0,1142770.0,0,0,,no_minute_file
MTNB,2025-08-27,10,1,55,1,1,1,2.1,3148259.0,1,1,08:14,intra_session_sparse
MTRX,2025-08-27,10,0,129,1,1,1,15.23,1728294.0,1,0,09:30,intra_session_sparse
MTUS,2025-08-27,10,2,146,1,1,1,16.76,5221333.0,1,1,09:30,intra_session_sparse
MTVA,2025-08-27,10,10,0,0,0,0,6.929,101499.0,0,0,,no_minute_file
MTW,2025-08-27,10,2,160,1,1,1,9.98,3910664.0,1,1,09:30,intra_session_sparse
MUFG,2025-08-27,10,0,376,1,1,1,15.54,53316295.0,1,1,04:02,intra_session_sparse
MUX,2025-08-27,10,0,256,1,1,1,11.13,11230740.0,1,1,07:00,intra_session_sparse
MVIS,2025-08-27,10,0,375,1,1,1,1.12,5378279.0,1,1,04:20,intra_session_sparse
MVST,2025-08-27,10,0,365,1,1,1,2.72,23055201.0,1,1,04:00,intra_session_sparse
MWG,2025-08-27,10,10,0,0,0,0,2.39,87469.0,0,0,,no_minute_file
MWYN,2025-08-27,10,10,0,1,0,0,0.792,7350257.0,1,0,,no_session_bars_has_month_file
MX,2025-08-27,10,0,236,1,1,1,2.88,1235410.0,1,0,07:17,intra_session_sparse
MXCT,2025-08-27,10,0,217,1,1,1,1.39,1785598.0,1,0,08:22,intra_session_sparse
MXL,2025-08-27,10,0,302,1,1,1,17.22,24165427.0,1,1,09:16,intra_session_sparse
MYE,2025-08-27,10,0,149,1,1,1,16.8,3750245.0,1,1,09:30,intra_session_sparse
MYGN,2025-08-27,10,1,264,1,1,1,5.81,13298995.0,1,1,08:00,intra_session_sparse
MYO,2025-08-27,10,0,345,1,1,1,1.12,2184331.0,1,1,04:00,intra_session_sparse
MYSE,2025-08-27,10,2,35,1,1,1,2.12,211800.0,1,0,10:22,intra_session_sparse
MYX,2025-08-27,10,10,0,0,0,0,,,0,0,,no_daily_history
NA,2025-08-27,10,0,161,1,1,1,5.98,2846389.0,1,1,07:38,intra_session_sparse
NABL,2025-08-27,10,0,232,1,1,1,7.8,7297382.0,1,1,09:30,intra_session_sparse
NAGE,2025-08-27,10,0,245,1,1,1,10.04,11401460.0,1,1,07:02,intra_session_sparse
NAK,2025-08-27,10,10,0,0,0,0,0.899,4996767.0,0,0,,no_minute_file
NAKA,2025-08-27,10,10,0,0,0,0,322.8,8107495.0,0,0,,no_minute_file
NAMM,2025-08-27,10,2,97,1,1,1,2.93,5111396.0,1,1,04:42,intra_session_sparse
NAT,2025-08-27,10,0,353,1,1,1,3.02,4952511.0,1,1,08:00,intra_session_sparse
NATR,2025-08-27,10,1,83,1,1,1,16.5,1944783.0,1,0,09:30,intra_session_sparse
NAVI,2025-08-27,10,0,233,1,1,1,13.67,11739605.0,1,1,09:30,intra_session_sparse
NAVN,2025-08-27,10,10,0,0,0,0,,,0,0,,no_daily_history
NB,2025-08-27,10,0,371,1,1,1,4.58,22937965.0,1,1,04:37,intra_session_sparse
NBBK,2025-08-27,10,0,106,1,1,1,19.03,3426508.0,1,1,09:30,intra_session_sparse
NCDL,2025-08-27,10,2,114,1,1,1,15.85,1934623.0,1,0,09:30,intra_session_sparse
NCEL,2025-08-27,10,10,0,1,0,0,21.4,435918.0,1,0,,no_session_bars_has_month_file
NCI,2025-08-27,10,10,0,0,0,0,12.97,82270.0,0,0,,no_minute_file
NCLH,2025-08-27,10,10,0,0,0,0,24.76,365914156.0,0,0,,no_minute_file
NCMI,2025-08-27,10,1,181,1,1,1,4.32,2850397.0,1,1,08:00,intra_session_sparse
NCNO,2025-08-27,10,10,0,0,0,0,28.69,39936908.0,0,0,,no_minute_file
NCRA,2025-08-27,10,10,0,0,0,0,1.55,40692.0,0,0,,no_minute_file
NDRA,2025-08-27,10,2,14,1,1,1,4.09,283456.0,1,0,04:02,intra_session_sparse
NEO,2025-08-27,10,0,339,1,1,1,6.7,13948481.0,1,1,08:00,intra_session_sparse
NEOG,2025-08-27,10,0,359,1,1,1,5.63,30229603.0,1,1,09:30,intra_session_sparse
NEON,2025-08-27,10,10,0,0,0,0,23.43,6024804.0,0,0,,no_minute_file
NEOV,2025-08-27,10,2,116,1,1,1,3.77,773564.0,1,0,06:41,intra_session_sparse
NERV,2025-08-27,10,10,0,0,0,0,2.352,90884.0,0,0,,no_minute_file
NESR,2025-08-27,10,0,345,1,1,1,8.72,5292487.0,1,1,08:32,intra_session_sparse
NEUP,2025-08-27,10,10,0,1,0,0,8.27,194232.0,1,0,,no_session_bars_has_month_file
NEWP,2025-08-27,10,2,76,1,1,1,1.7,281504.0,1,0,08:00,intra_session_sparse
NEWT,2025-08-27,10,2,99,1,1,1,12.29,2715997.0,1,1,09:06,intra_session_sparse
NEXA,2025-08-27,10,10,0,0,0,0,4.89,63773.0,0,0,,no_minute_file
NEXN,2025-08-27,10,2,220,1,1,1,9.86,3812148.0,1,1,09:25,intra_session_sparse
NEXR,2025-08-27,10,10,0,0,0,0,74.48,326448.0,0,0,,no_minute_file
NEXT,2025-08-27,10,0,374,1,1,1,10.35,25912359.0,1,1,09:24,intra_session_sparse
NFBK,2025-08-27,10,0,162,1,1,1,11.81,2000204.0,1,1,09:30,intra_session_sparse
NFE,2025-08-27,10,0,372,1,1,1,2.57,22770511.0,1,1,04:47,intra_session_sparse
NFGC,2025-08-27,10,1,189,1,1,1,1.67,780519.0,1,0,09:02,intra_session_sparse
NG,2025-08-27,10,0,350,1,1,1,6.56,17714120.0,1,1,05:26,intra_session_sparse
NGEN,2025-08-27,10,10,0,0,0,0,,,0,0,,no_daily_history
NGL,2025-08-27,10,2,50,1,1,1,5.07,3852161.0,1,1,09:30,intra_session_sparse
NGNE,2025-08-27,10,2,105,1,1,1,20.02,2402923.0,1,0,09:30,intra_session_sparse
NHP,2025-08-27,10,10,0,0,0,0,,,0,0,,no_daily_history
NIQ,2025-08-27,10,1,267,1,1,1,16.51,26455966.0,1,1,09:30,intra_session_sparse
NIVF,2025-08-27,10,10,0,0,0,0,108.6,463843.0,0,0,,no_minute_file
NKLR,2025-08-27,10,2,66,1,1,1,10.38,6080718.0,1,1,08:30,intra_session_sparse
NKTX,2025-08-27,10,2,200,1,1,1,2.21,1249997.0,1,0,08:19,intra_session_sparse
NLOP,2025-08-27,10,10,0,0,0,0,30.14,4996860.0,0,0,,no_minute_file
NMAX,2025-08-27,10,0,306,1,1,1,15.62,13386053.0,1,1,05:31,intra_session_sparse
NMFC,2025-08-27,10,2,149,1,1,1,10.42,4776371.0,1,1,09:30,intra_session_sparse
NMG,2025-08-27,10,10,0,1,0,0,1.94,155677.0,1,0,,no_session_bars_has_month_file
NMP,2025-08-27,10,10,0,0,0,0,,,0,0,,no_daily_history
NMR,2025-08-27,10,0,176,1,1,1,7.32,3462352.0,1,1,08:01,intra_session_sparse
NMRA,2025-08-27,10,0,205,1,1,1,1.74,1257734.0,1,0,04:48,intra_session_sparse
NMRK,2025-08-27,10,0,345,1,1,1,18.32,27316870.0,1,1,09:21,intra_session_sparse
NN,2025-08-27,10,0,347,1,1,1,16.95,16946378.0,1,1,08:00,intra_session_sparse
NNBR,2025-08-27,10,2,126,1,1,1,2.42,256662.0,1,0,09:30,intra_session_sparse
NNE,2025-08-27,10,10,0,0,0,0,32.33,107797426.0,0,0,,no_minute_file
NNOX,2025-08-27,10,0,283,1,1,1,3.97,6180453.0,1,1,04:24,intra_session_sparse
NOA,2025-08-27,10,1,86,1,1,1,13.15,2699598.0,1,1,08:39,intra_session_sparse
NOK,2025-08-27,10,0,375,1,1,1,4.29,68218550.0,1,1,04:00,intra_session_sparse
NOMA,2025-08-27,10,10,0,0,0,0,,,0,0,,no_daily_history
NOMD,2025-08-27,10,0,237,1,1,1,15.43,19937957.0,1,1,09:30,intra_session_sparse
NOV,2025-08-27,10,0,371,1,1,1,12.87,42963689.0,1,1,07:31,intra_session_sparse
NP,2025-08-27,10,10,0,0,0,0,,,0,0,,no_daily_history
NPAC,2025-08-27,10,2,15,1,1,1,10.11,859592.0,1,0,10:05,intra_session_sparse
NPB,2025-08-27,10,2,162,1,1,1,17.72,2823521.0,1,1,09:30,intra_session_sparse
NPCE,2025-08-27,10,1,148,1,1,1,8.97,1850489.0,1,0,09:30,intra_session_sparse
NPKI,2025-08-27,10,0,229,1,1,1,10.35,9146314.0,1,1,09:30,intra_session_sparse
NPT,2025-08-27,10,10,0,0,0,0,,,0,0,,no_daily_history
NPWR,2025-08-27,10,0,250,1,1,1,2.52,3853780.0,1,1,08:53,intra_session_sparse
NRC,2025-08-27,10,0,50,1,1,1,15.38,1711928.0,1,0,09:30,intra_session_sparse
NRDS,2025-08-27,10,1,188,1,1,1,10.26,6142186.0,1,1,09:04,intra_session_sparse
NRDY,2025-08-27,10,0,128,1,1,1,1.35,705236.0,1,0,07:16,intra_session_sparse
NRGV,2025-08-27,10,0,305,1,1,1,1.7,3010742.0,1,1,06:14,intra_session_sparse
NRIM,2025-08-27,10,10,0,0,0,0,23.73,3877181.0,0,0,,no_minute_file
NRIX,2025-08-27,10,0,214,1,1,1,9.53,6918473.0,1,1,09:30,intra_session_sparse
NRXP,2025-08-27,10,1,183,1,1,1,2.63,1130234.0,1,0,08:00,intra_session_sparse
NRXS,2025-08-27,10,10,0,1,0,0,2.45,137896.0,1,0,,no_session_bars_has_month_file
NSP,2025-08-27,10,10,0,0,0,0,53.62,44039714.0,0,0,,no_minute_file
NTGR,2025-08-27,10,10,0,0,0,0,27.09,14854758.0,0,0,,no_minute_file
NTIP,2025-08-27,10,10,0,0,0,0,1.455,29856.0,0,0,,no_minute_file
NTLA,2025-08-27,10,0,370,1,1,1,11.36,51972049.0,1,1,04:02,intra_session_sparse
NTSK,2025-08-27,10,10,0,0,0,0,,,0,0,,no_daily_history
NTST,2025-08-27,10,0,348,1,1,1,18.43,21079687.0,1,1,09:21,intra_session_sparse
NU,2025-08-27,10,0,376,1,1,1,14.24,695042287.0,1,1,04:49,intra_session_sparse
NUAI,2025-08-27,10,10,0,0,0,0,0.489,576907.0,0,0,,no_minute_file
NUCL,2025-08-27,10,10,0,0,0,0,,,0,0,,no_daily_history
NUS,2025-08-27,10,2,229,1,1,1,12.21,7074978.0,1,1,08:00,intra_session_sparse
NUTR,2025-08-27,10,10,0,0,0,0,4.47,5522705.0,0,1,,no_minute_file
NUVB,2025-08-27,10,1,372,1,1,1,2.98,12026184.0,1,1,06:10,intra_session_sparse
NUWE,2025-08-27,10,2,25,1,1,1,5.2,1508269.0,1,0,08:30,intra_session_sparse
NVAX,2025-08-27,10,0,375,1,1,1,7.5,72195665.0,1,1,04:00,intra_session_sparse
NVCR,2025-08-27,10,0,294,1,1,1,11.83,21358328.0,1,1,08:00,intra_session_sparse
NVGS,2025-08-27,10,0,216,1,1,1,16.45,5060396.0,1,1,09:30,intra_session_sparse
NVNI,2025-08-27,10,0,228,1,1,1,5.974,4373356.0,1,1,04:00,intra_session_sparse
NVRI,2025-08-27,10,0,271,1,1,1,11.4,11214834.0,1,1,08:42,intra_session_sparse
NVST,2025-08-27,10,10,0,1,0,0,21.14,50520713.0,1,0,,no_session_bars_has_month_file
NVTS,2025-08-27,10,0,376,1,1,1,6.09,138930844.0,1,1,04:00,intra_session_sparse
NVVE,2025-08-27,10,2,99,1,1,1,18.72,428330.0,1,0,04:04,intra_session_sparse
NVX,2025-08-27,10,1,67,1,1,1,1.37,219910.0,1,0,07:14,intra_session_sparse
NWAX,2025-08-27,10,10,0,0,0,0,,,0,0,,no_daily_history
NWBI,2025-08-27,10,0,284,1,1,1,12.61,12633733.0,1,1,08:00,intra_session_sparse
NWL,2025-08-27,10,0,374,1,1,1,5.78,46951469.0,1,1,08:00,intra_session_sparse
NX,2025-08-27,10,10,0,1,0,0,21.94,8052263.0,1,0,,no_session_bars_has_month_file
NXB,2025-08-27,10,10,0,0,0,0,,,0,0,,no_daily_history
NXDR,2025-08-27,10,0,315,1,1,1,2.05,4585926.0,1,1,08:00,intra_session_sparse
NXE,2025-08-27,10,0,356,1,1,1,7.31,46339755.0,1,1,07:00,intra_session_sparse
NXL,2025-08-27,10,10,0,0,0,0,0.847,2753864.0,0,0,,no_minute_file
NXP,2025-08-27,10,2,57,1,1,1,13.94,1415081.0,1,0,09:30,intra_session_sparse
NXTS,2025-08-27,10,10,0,0,0,0,53.41,184081.0,0,0,,no_minute_file
NXXT,2025-08-27,10,2,75,1,1,1,1.75,201835.0,1,0,09:30,intra_session_sparse
OBA,2025-08-27,10,10,0,0,0,0,9.94,2644346.0,0,1,,no_minute_file
OBAI,2025-08-27,10,10,0,0,0,0,,,0,0,,no_daily_history
OBDC,2025-08-27,10,0,347,1,1,1,14.17,36685911.0,1,1,08:00,intra_session_sparse
OBE,2025-08-27,10,0,148,1,1,1,6.02,1458327.0,1,0,09:30,intra_session_sparse
OCC,2025-08-27,10,1,81,1,1,1,6.13,368607.0,1,0,08:00,intra_session_sparse
OCCI,2025-08-27,10,2,80,1,1,1,5.91,1706866.0,1,0,07:35,intra_session_sparse
OCFC,2025-08-27,10,0,215,1,1,1,18.2,5149901.0,1,1,09:30,intra_session_sparse
OCG,2025-08-27,10,10,0,0,0,0,2541.0,306683.0,0,0,,no_minute_file
OCGN,2025-08-27,10,0,294,1,1,1,1.04,2280999.0,1,1,06:36,intra_session_sparse
OCS,2025-08-27,10,10,0,1,0,0,17.53,179726.0,1,0,,no_session_bars_has_month_file
OCSL,2025-08-27,10,0,195,1,1,1,13.8,8409543.0,1,1,09:11,intra_session_sparse
OCUL,2025-08-27,10,0,347,1,1,1,12.32,24669308.0,1,1,08:00,intra_session_sparse
ODD,2025-08-27,10,10,0,0,0,0,59.06,69663609.0,0,0,,no_minute_file
ODTX,2025-08-27,10,10,0,0,0,0,,,0,0,,no_daily_history
ODV,2025-08-27,10,0,244,1,1,1,2.87,2573927.0,1,1,07:10,intra_session_sparse
ODYS,2025-08-27,10,10,0,0,0,0,3.75,24454.0,0,0,,no_minute_file
OEC,2025-08-27,10,2,208,1,1,1,10.48,7070300.0,1,1,09:30,intra_session_sparse
OFAL,2025-08-27,10,2,101,1,1,1,1.55,603230.0,1,0,06:27,intra_session_sparse
OFIX,2025-08-27,10,0,227,1,1,1,14.51,6872879.0,1,1,09:30,intra_session_sparse
OFRM,2025-08-27,10,10,0,0,0,0,,,0,0,,no_daily_history
OGI,2025-08-27,10,0,181,1,1,1,1.65,1564174.0,1,0,07:18,intra_session_sparse
OGN,2025-08-27,10,0,360,1,1,1,9.07,44788512.0,1,1,08:37,intra_session_sparse
OI,2025-08-27,10,0,340,1,1,1,13.26,23589277.0,1,1,09:30,intra_session_sparse
OIS,2025-08-27,10,0,228,1,1,1,5.39,3517071.0,1,1,08:11,intra_session_sparse
OKUR,2025-08-27,10,2,46,1,1,1,2.75,321785.0,1,0,09:30,intra_session_sparse
OLB,2025-08-27,10,2,23,1,1,1,1.15,244699.0,1,0,07:12,intra_session_sparse
OLMA,2025-08-27,10,0,242,1,1,1,5.73,2608919.0,1,1,09:30,intra_session_sparse
OLN,2025-08-27,10,10,0,1,0,0,23.22,54324434.0,1,0,,no_session_bars_has_month_file
OLOX,2025-08-27,10,10,0,0,0,0,115.52,30239945.0,0,0,,no_minute_file
OLP,2025-08-27,10,10,0,0,0,0,23.02,1498734.0,0,0,,no_minute_file
OLPX,2025-08-27,10,0,288,1,1,1,1.46,1640119.0,1,0,08:00,intra_session_sparse
OM,2025-08-27,10,0,130,1,1,1,14.1,4404161.0,1,1,09:30,intra_session_sparse
OMDA,2025-08-27,10,10,0,1,0,0,21.64,8445242.0,1,0,,no_session_bars_has_month_file
OMER,2025-08-27,10,0,258,1,1,1,4.38,5035577.0,1,1,09:30,intra_session_sparse
OMEX,2025-08-27,10,0,318,1,1,1,1.76,3665842.0,1,1,04:00,intra_session_sparse
ONB,2025-08-27,10,10,0,0,0,0,22.76,57375793.0,0,0,,no_minute_file
ONCO,2025-08-27,10,10,0,0,0,0,154.5,5085973.0,0,0,,no_minute_file
ONCY,2025-08-27,10,1,112,1,1,1,1.03,645464.0,1,0,04:02,intra_session_sparse
ONDS,2025-08-27,10,0,376,1,1,1,4.97,164486388.0,1,1,04:00,intra_session_sparse
ONEG,2025-08-27,10,0,116,1,1,1,11.32,1390156.0,1,0,09:30,intra_session_sparse
ONEW,2025-08-27,10,2,153,1,1,1,17.08,2316693.0,1,1,09:30,intra_session_sparse
ONFO,2025-08-27,10,10,0,0,0,0,1.05,41391.0,0,0,,no_minute_file
ONMD,2025-08-27,10,10,0,0,0,0,0.669,17580680.0,0,0,,no_minute_file
ONT,2025-08-27,10,10,0,0,0,0,29.17,15747271.0,0,0,,no_minute_file
OOMA,2025-08-27,10,0,239,1,1,1,12.24,1518487.0,1,0,04:15,intra_session_sparse
OPAD,2025-08-27,10,0,373,1,1,1,3.73,40319940.0,1,1,04:00,intra_session_sparse
OPCH,2025-08-27,10,10,0,0,0,0,27.92,54974240.0,0,0,,no_minute_file
OPEN,2025-08-27,10,0,376,1,1,1,4.7,988789741.0,1,1,04:00,intra_session_sparse
OPFI,2025-08-27,10,0,339,1,1,1,10.73,13407273.0,1,1,04:00,intra_session_sparse
OPK,2025-08-27,10,0,359,1,1,1,1.39,3694898.0,1,1,04:54,intra_session_sparse
OPRT,2025-08-27,10,0,244,1,1,1,6.58,3573022.0,1,1,08:00,intra_session_sparse
OPRX,2025-08-27,10,1,193,1,1,1,17.61,7171071.0,1,1,08:20,intra_session_sparse
OPTU,2025-08-27,10,0,348,1,1,1,2.38,7438174.0,1,1,08:30,intra_session_sparse
OPTX,2025-08-27,10,10,0,1,0,0,1.69,113015.0,1,0,,no_session_bars_has_month_file
ORBS,2025-08-27,10,10,0,1,0,0,1.505,108037.0,1,0,,no_session_bars_has_month_file
ORC,2025-08-27,10,0,376,1,1,1,7.13,27949141.0,1,1,04:34,intra_session_sparse
ORGN,2025-08-27,10,0,236,1,1,1,17.69,1240870.0,1,0,04:00,intra_session_sparse
ORGO,2025-08-27,10,0,214,1,1,1,4.82,3292715.0,1,1,09:30,intra_session_sparse
ORIC,2025-08-27,10,0,278,1,1,1,9.85,7349163.0,1,1,09:30,intra_session_sparse
ORIQ,2025-08-27,10,10,0,0,0,0,,,0,0,,no_daily_history
ORIS,2025-08-27,10,1,264,1,1,1,2.21,8926964.0,1,1,04:00,intra_session_sparse
ORKA,2025-08-27,10,1,135,1,1,1,14.81,2120190.0,1,1,09:30,intra_session_sparse
ORKT,2025-08-27,10,10,0,1,0,0,2.806,90149.0,1,0,,no_session_bars_has_month_file
ORLA,2025-08-27,10,0,323,1,1,1,11.07,13509484.0,1,1,04:00,intra_session_sparse
ORN,2025-08-27,10,0,162,1,1,1,7.19,3567061.0,1,1,09:30,intra_session_sparse
OSBC,2025-08-27,10,1,114,1,1,1,18.4,3273102.0,1,1,09:30,intra_session_sparse
OSCR,2025-08-27,10,0,376,1,1,1,17.08,296095867.0,1,1,04:00,intra_session_sparse
OSG,2025-08-27,10,0,237,1,1,1,8.71,6327792.0,1,1,09:30,intra_session_sparse
OSPN,2025-08-27,10,0,245,1,1,1,14.44,6437991.0,1,1,09:30,intra_session_sparse
OSS,2025-08-27,10,0,333,1,1,1,6.2,2728886.0,1,1,07:00,intra_session_sparse
OSUR,2025-08-27,10,0,287,1,1,1,3.48,1856604.0,1,0,04:57,intra_session_sparse
OSW,2025-08-27,10,10,0,0,0,0,22.82,10887468.0,0,0,,no_minute_file
OTF,2025-08-27,10,2,96,1,1,1,14.94,2076476.0,1,1,09:30,intra_session_sparse
OTGA,2025-08-27,10,10,0,0,0,0,,,0,0,,no_daily_history
OTLK,2025-08-27,10,0,373,1,1,1,2.7,6260409.0,1,1,04:00,intra_session_sparse
OUST,2025-08-27,10,10,0,0,0,0,30.9,82485177.0,0,0,,no_minute_file
OUT,2025-08-27,10,0,317,1,1,1,18.54,32246479.0,1,1,09:29,intra_session_sparse
OVID,2025-08-27,10,0,295,1,1,1,1.22,1474608.0,1,0,04:06,intra_session_sparse
OWL,2025-08-27,10,0,376,1,1,1,18.67,131552337.0,1,1,06:46,intra_session_sparse
OWLS,2025-08-27,10,10,0,0,0,0,,,0,0,,no_daily_history
OWLT,2025-08-27,10,1,44,1,1,1,7.48,778574.0,1,0,09:30,intra_session_sparse
OXBR,2025-08-27,10,10,0,1,0,0,1.95,67020.0,1,0,,no_session_bars_has_month_file
OXLC,2025-08-27,10,0,329,1,1,1,18.45,22827531.0,1,1,04:00,intra_session_sparse
OXSQ,2025-08-27,10,1,270,1,1,1,2.21,1507527.0,1,0,06:51,intra_session_sparse
PACB,2025-08-27,10,0,342,1,1,1,1.32,10168178.0,1,1,08:18,intra_session_sparse
PACH,2025-08-27,10,10,0,0,0,0,9.95,3374010.0,0,1,,no_minute_file
PACK,2025-08-27,10,0,350,1,1,1,5.57,5243934.0,1,1,04:49,intra_session_sparse
PACS,2025-08-27,10,0,218,1,1,1,11.66,5053918.0,1,1,09:30,intra_session_sparse
PAGS,2025-08-27,10,0,359,1,1,1,8.55,37607889.0,1,1,09:30,intra_session_sparse
PAII,2025-08-27,10,10,0,0,0,0,,,0,0,,no_daily_history
PAL,2025-08-27,10,0,101,1,1,1,8.28,1378656.0,1,0,09:30,intra_session_sparse
PALI,2025-08-27,10,10,0,1,0,0,0.678,4692347.0,1,0,,no_session_bars_has_month_file
PANL,2025-08-27,10,2,158,1,1,1,5.38,1153495.0,1,0,06:08,intra_session_sparse
PAPL,2025-08-27,10,1,53,1,1,1,3.47,28221962.0,1,1,04:09,intra_session_sparse
PAR,2025-08-27,10,10,0,0,0,0,51.1,57854018.0,0,0,,no_minute_file
PASW,2025-08-27,10,1,159,1,1,1,1.3,635146.0,1,0,04:09,intra_session_sparse
PATH,2025-08-27,10,0,376,1,1,1,10.82,123079244.0,1,1,04:00,intra_session_sparse
PAVM,2025-08-27,10,10,0,0,0,0,15.57,151195.0,0,0,,no_minute_file
PAVS,2025-08-27,10,10,0,0,0,0,834.0,3706.0,0,0,,no_minute_file
PAX,2025-08-27,10,0,266,1,1,1,13.28,6681797.0,1,1,09:30,intra_session_sparse
PAYO,2025-08-27,10,0,350,1,1,1,6.76,26959437.0,1,1,07:13,intra_session_sparse
PAYP,2025-08-27,10,10,0,0,0,0,,,0,0,,no_daily_history
PAYS,2025-08-27,10,0,208,1,1,1,5.45,4998593.0,1,1,04:39,intra_session_sparse
PBI,2025-08-27,10,0,360,1,1,1,12.24,48108682.0,1,1,07:23,intra_session_sparse
PBK,2025-08-27,10,0,203,1,1,1,2.23,1017859.0,1,0,07:00,intra_session_sparse
PBM,2025-08-27,10,2,43,1,1,1,19.94,23181116.0,1,1,08:00,intra_session_sparse
PBR,2025-08-27,10,0,376,1,1,1,12.09,287877567.0,1,1,04:33,intra_session_sparse
PBR.A,2025-08-27,10,0,354,1,1,1,11.21,71700775.0,1,1,04:12,intra_session_sparse
PBYI,2025-08-27,10,0,263,1,1,1,5.18,4489606.0,1,1,09:30,intra_session_sparse
PC,2025-08-27,10,2,14,1,1,1,6.8,1092874.0,1,0,09:54,intra_session_sparse
PCG,2025-08-27,10,0,376,1,1,1,15.05,421947474.0,1,1,08:00,intra_session_sparse
PCRX,2025-08-27,10,10,0,0,0,0,25.99,19426748.0,0,0,,no_minute_file
PCSA,2025-08-27,10,1,172,1,1,1,5.59,1220049.0,1,0,05:03,intra_session_sparse
PCSC,2025-08-27,10,10,0,0,0,0,10.56,6137.0,0,0,,no_minute_file
PCT,2025-08-27,10,0,369,1,1,1,13.6,37133968.0,1,1,08:42,intra_session_sparse
PD,2025-08-27,10,0,356,1,1,1,16.18,36580717.0,1,1,04:08,intra_session_sparse
PDFS,2025-08-27,10,0,170,1,1,1,20.03,6684898.0,1,0,09:30,intra_session_sparse
PDYN,2025-08-27,10,0,332,1,1,1,7.87,14670958.0,1,1,04:01,intra_session_sparse
PENG,2025-08-27,10,10,0,0,0,0,24.43,18139574.0,0,0,,no_minute_file
PENN,2025-08-27,10,0,369,1,1,1,19.67,70779116.0,1,1,08:00,intra_session_sparse
PEPG,2025-08-27,10,2,129,1,1,1,1.27,410739.0,1,0,09:22,intra_session_sparse
PERI,2025-08-27,10,0,150,1,1,1,9.2,4317146.0,1,1,07:10,intra_session_sparse
PESI,2025-08-27,10,2,72,1,1,1,12.07,1352246.0,1,0,09:30,intra_session_sparse
PETS,2025-08-27,10,0,97,1,1,1,3.05,426784.0,1,0,09:30,intra_session_sparse
PEW,2025-08-27,10,0,265,1,1,1,5.53,10030599.0,1,1,04:00,intra_session_sparse
PFAI,2025-08-27,10,10,0,0,0,0,1.69,37840.0,0,0,,no_minute_file
PFLT,2025-08-27,10,0,284,1,1,1,10.14,9063101.0,1,1,04:00,intra_session_sparse
PFS,2025-08-27,10,0,220,1,1,1,19.88,11044245.0,1,1,09:30,intra_session_sparse
PFSA,2025-08-27,10,10,0,0,0,0,32.27,3009085.0,0,0,,no_minute_file
PGEN,2025-08-27,10,0,375,1,1,1,4.26,48996672.0,1,1,04:08,intra_session_sparse
PGNY,2025-08-27,10,10,0,0,0,0,22.64,26850294.0,0,0,,no_minute_file
PGY,2025-08-27,10,10,0,0,0,0,34.48,126030896.0,0,0,,no_minute_file
PHAT,2025-08-27,10,0,259,1,1,1,12.58,11434858.0,1,1,04:32,intra_session_sparse
PHGE,2025-08-27,10,0,82,1,1,1,10.6,7752366.0,1,1,07:25,intra_session_sparse
PHI,2025-08-27,10,10,0,0,0,0,22.51,1693615.0,0,0,,no_minute_file
PHIO,2025-08-27,10,2,32,1,1,1,2.04,352645.0,1,0,08:48,intra_session_sparse
PHOE,2025-08-27,10,10,0,1,0,0,8.302,124860.0,1,0,,no_session_bars_has_month_file
PHR,2025-08-27,10,10,0,0,0,0,30.8,19007311.0,0,0,,no_minute_file
PICS,2025-08-27,10,10,0,0,0,0,,,0,0,,no_daily_history
PIII,2025-08-27,10,10,0,0,0,0,7.99,96288.0,0,0,,no_minute_file
PINS,2025-08-27,10,10,0,0,0,0,36.06,436734869.0,0,0,,no_minute_file
PK,2025-08-27,10,0,363,1,1,1,11.7,42953592.0,1,1,08:13,intra_session_sparse
PKE,2025-08-27,10,1,205,1,1,1,19.23,2516529.0,1,1,08:19,intra_session_sparse
PL,2025-08-27,10,0,376,1,1,1,6.98,35441633.0,1,1,04:00,intra_session_sparse
PLAY,2025-08-27,10,10,0,0,0,0,25.89,19152946.0,0,0,,no_minute_file
PLBY,2025-08-27,10,1,145,1,1,1,1.69,527627.0,1,0,08:00,intra_session_sparse
PLCE,2025-08-27,10,0,280,1,1,1,4.41,1942603.0,1,0,04:03,intra_session_sparse
PLG,2025-08-27,10,0,160,1,1,1,1.5,893372.0,1,0,07:00,intra_session_sparse
PLGO,2025-08-27,10,1,298,1,1,1,16.86,12018909.0,1,1,09:30,intra_session_sparse
PLRX,2025-08-27,10,1,144,1,1,1,1.62,1644475.0,1,0,05:20,intra_session_sparse
PLRZ,2025-08-27,10,2,94,1,1,1,6.3,821500.0,1,0,06:41,intra_session_sparse
PLSE,2025-08-27,10,1,79,1,1,1,16.91,2679946.0,1,1,09:30,intra_session_sparse
PLTK,2025-08-27,10,1,340,1,1,1,3.68,7627890.0,1,1,08:00,intra_session_sparse
PLTS,2025-08-27,10,10,0,0,0,0,,,0,0,,no_daily_history
PLUG,2025-08-27,10,0,376,1,1,1,1.65,71266878.0,1,1,04:01,intra_session_sparse
PLX,2025-08-27,10,0,284,1,1,1,1.62,893976.0,1,0,09:30,intra_session_sparse
PLYX,2025-08-27,10,10,0,0,0,0,,,0,0,,no_daily_history
PMAX,2025-08-27,10,10,0,0,0,0,26.42,64795.0,0,0,,no_minute_file
PMI,2025-08-27,10,10,0,0,0,0,,,0,0,,no_daily_history
PMN,2025-08-27,10,2,82,1,1,1,13.73,467260.0,1,0,04:25,intra_session_sparse
PMVP,2025-08-27,10,2,239,1,1,1,1.44,382724.0,1,0,09:30,intra_session_sparse
PN,2025-08-27,10,10,0,1,0,0,22.2,554902.0,1,0,,no_session_bars_has_month_file
PNNT,2025-08-27,10,0,186,1,1,1,7.17,3477089.0,1,1,09:30,intra_session_sparse
POAS,2025-08-27,10,10,0,0,0,0,,,0,0,,no_daily_history
POET,2025-08-27,10,0,307,1,1,1,5.42,8091831.0,1,1,07:00,intra_session_sparse
POLA,2025-08-27,10,10,0,0,0,0,2.12,45689.0,0,0,,no_minute_file
PONO,2025-08-27,10,10,0,0,0,0,,,0,0,,no_daily_history
PPHC,2025-08-27,10,10,0,0,0,0,,,0,0,,no_daily_history
PPSI,2025-08-27,10,0,125,1,1,1,3.65,21988738.0,1,1,08:00,intra_session_sparse
PPTA,2025-08-27,10,0,324,1,1,1,18.51,31366244.0,1,1,06:13,intra_session_sparse
PR,2025-08-27,10,0,376,1,1,1,13.87,144246515.0,1,1,07:21,intra_session_sparse
PRAA,2025-08-27,10,0,110,1,1,1,17.14,5090038.0,1,1,09:30,intra_session_sparse
PRCH,2025-08-27,10,0,338,1,1,1,15.87,32189622.0,1,1,09:30,intra_session_sparse
PRE,2025-08-27,10,4,4,1,1,1,7.25,279370.0,1,0,09:30,intra_session_sparse
PRFX,2025-08-27,10,0,106,1,1,1,8.15,20234342.0,1,1,04:04,intra_session_sparse
PRGO,2025-08-27,10,10,0,0,0,0,23.73,48537864.0,0,0,,no_minute_file
PRHI,2025-08-27,10,10,0,0,0,0,5.776,8354.0,0,0,,no_minute_file
PRLD,2025-08-27,10,10,0,1,0,0,1.22,196800.0,1,0,,no_session_bars_has_month_file
PRMB,2025-08-27,10,10,0,0,0,0,24.86,178972014.0,0,0,,no_minute_file
PRME,2025-08-27,10,0,366,1,1,1,3.63,14699487.0,1,1,04:14,intra_session_sparse
PROF,2025-08-27,10,2,50,1,1,1,4.505,755564.0,1,0,09:30,intra_session_sparse
PROK,2025-08-27,10,0,273,1,1,1,2.38,6335103.0,1,1,05:08,intra_session_sparse
PROP,2025-08-27,10,0,333,1,1,1,2.67,7763840.0,1,1,07:00,intra_session_sparse
PRSO,2025-08-27,10,10,0,0,0,0,0.839,81292.0,0,0,,no_minute_file
PRTA,2025-08-27,10,0,294,1,1,1,8.35,9070079.0,1,1,09:03,intra_session_sparse
PRTH,2025-08-27,10,0,216,1,1,1,8.39,4191984.0,1,1,07:56,intra_session_sparse
PRZO,2025-08-27,10,0,174,1,1,1,1.45,1323765.0,1,0,06:22,intra_session_sparse
PSEC,2025-08-27,10,0,371,1,1,1,2.83,13217647.0,1,1,04:00,intra_session_sparse
PSFE,2025-08-27,10,0,145,1,1,1,13.94,5114732.0,1,1,09:13,intra_session_sparse
PSIG,2025-08-27,10,10,0,0,0,0,3.915,158826.0,0,0,,no_minute_file
PSKY,2025-08-27,10,10,0,0,0,0,15.84,440208833.0,0,1,,no_minute_file
PSNL,2025-08-27,10,0,299,1,1,1,4.88,5218005.0,1,1,08:00,intra_session_sparse
PSNY,2025-08-27,10,10,0,0,0,0,33.3,2198789.0,0,0,,no_minute_file
PSNYW,2025-08-27,10,10,0,1,0,0,5.097,11725.0,1,0,,no_session_bars_has_month_file
PSO,2025-08-27,10,1,191,1,1,1,14.68,10489756.0,1,1,04:26,intra_session_sparse
PSQH,2025-08-27,10,2,227,1,1,1,1.75,2399907.0,1,1,04:59,intra_session_sparse
PSTV,2025-08-27,10,0,326,1,1,1,12.63,9093337.0,1,1,04:00,intra_session_sparse
PTEN,2025-08-27,10,0,374,1,1,1,5.67,44515350.0,1,1,07:10,intra_session_sparse
PTLE,2025-08-27,10,10,0,1,0,0,13.8,104148.0,1,0,,no_session_bars_has_month_file
PTLO,2025-08-27,10,0,366,1,1,1,7.11,32428453.0,1,1,06:17,intra_session_sparse
PTN,2025-08-27,10,10,0,0,0,0,,,0,0,,no_daily_history
PTNM,2025-08-27,10,10,0,1,0,0,0.991,106826.0,1,0,,no_session_bars_has_month_file
PTON,2025-08-27,10,0,376,1,1,1,7.57,128338433.0,1,1,04:00,intra_session_sparse
PTRN,2025-08-27,10,10,0,0,0,0,,,0,0,,no_daily_history
PUBM,2025-08-27,10,2,232,1,1,1,8.33,8797655.0,1,1,09:30,intra_session_sparse
PUMP,2025-08-27,10,0,331,1,1,1,4.85,12160262.0,1,1,09:05,intra_session_sparse
PURR,2025-08-27,10,10,0,0,0,0,,,0,0,,no_daily_history
PUSA,2025-08-27,10,0,97,1,1,1,3.08,1582767.0,1,0,08:00,intra_session_sparse
PWP,2025-08-27,10,10,0,0,0,0,22.67,28059105.0,0,0,,no_minute_file
PXLW,2025-08-27,10,2,52,1,1,1,7.93,601621.0,1,0,09:30,intra_session_sparse
PYXS,2025-08-27,10,0,145,1,1,1,1.37,562064.0,1,0,07:48,intra_session_sparse
PZG,2025-08-27,10,10,0,1,0,0,0.889,412021.0,1,0,,no_session_bars_has_month_file
QBTS,2025-08-27,10,0,376,1,1,1,15.45,660908792.0,1,1,04:00,intra_session_sparse
QCLS,2025-08-27,10,0,376,1,1,1,7.79,5944592.0,1,1,04:00,intra_session_sparse
QDEL,2025-08-27,10,10,0,0,0,0,27.92,35827595.0,0,0,,no_minute_file
QH,2025-08-27,10,2,85,1,1,1,5.1,1435342.0,1,0,08:00,intra_session_sparse
QMCO,2025-08-27,10,0,242,1,1,1,7.94,3804490.0,1,1,04:00,intra_session_sparse
QNC,2025-08-27,10,10,0,0,0,0,,,0,0,,no_daily_history
QNCX,2025-08-27,10,1,57,1,1,1,16.0,331110.0,1,0,08:56,intra_session_sparse
QNST,2025-08-27,10,1,194,1,1,1,15.69,9317705.0,1,1,09:30,intra_session_sparse
QNTM,2025-08-27,10,2,85,1,1,1,16.35,4181171.0,1,1,07:00,intra_session_sparse
QRED,2025-08-27,10,10,0,0,0,0,,,0,0,,no_daily_history
QS,2025-08-27,10,0,376,1,1,1,8.33,230792839.0,1,1,04:00,intra_session_sparse
QSI,2025-08-27,10,0,361,1,1,1,1.17,8668648.0,1,1,04:00,intra_session_sparse
QTRX,2025-08-27,10,0,259,1,1,1,4.69,4162406.0,1,1,04:50,intra_session_sparse
QTTB,2025-08-27,10,1,74,1,1,1,1.82,304384.0,1,0,08:09,intra_session_sparse
QUAD,2025-08-27,10,1,111,1,1,1,6.48,2384975.0,1,1,09:30,intra_session_sparse
QUBT,2025-08-27,10,0,376,1,1,1,15.23,239975703.0,1,1,04:01,intra_session_sparse
QUCY,2025-08-27,10,2,36,1,1,1,1.65,270588.0,1,0,08:17,intra_session_sparse
QUIK,2025-08-27,10,0,79,1,1,1,5.38,1315408.0,1,0,09:12,intra_session_sparse
QUMS,2025-08-27,10,10,0,0,0,0,,,0,0,,no_daily_history
QURE,2025-08-27,10,0,305,1,1,1,15.79,14187338.0,1,1,09:30,intra_session_sparse
QXO,2025-08-27,10,10,0,1,0,0,20.93,152944791.0,1,0,,no_session_bars_has_month_file
RAAQ,2025-08-27,10,9,1,1,1,1,10.12,528838.0,1,0,15:59,intra_session_sparse
RAIL,2025-08-27,10,2,98,1,1,1,8.63,2201786.0,1,1,09:30,intra_session_sparse
RANI,2025-08-27,10,10,0,0,0,0,0.593,396292.0,0,0,,no_minute_file
RAPP,2025-08-27,10,0,131,1,1,1,16.01,2442977.0,1,1,09:30,intra_session_sparse
RARE,2025-08-27,10,10,0,0,0,0,29.56,46027945.0,0,0,,no_minute_file
RAY,2025-08-27,10,0,375,1,1,1,40.8,22540945.0,1,0,04:00,intra_session_sparse
RAYA,2025-08-27,10,10,0,0,0,0,94.82,6873461.0,0,0,,no_minute_file
RBBN,2025-08-27,10,0,175,1,1,1,3.95,1892674.0,1,0,09:30,intra_session_sparse
RBNE,2025-08-27,10,2,65,1,1,1,10.0,1036438.0,1,0,04:39,intra_session_sparse
RC,2025-08-27,10,0,354,1,1,1,4.09,8519400.0,1,1,04:14,intra_session_sparse
RCAT,2025-08-27,10,0,376,1,1,1,9.39,69252596.0,1,1,04:00,intra_session_sparse
RCEL,2025-08-27,10,1,158,1,1,1,4.56,2337684.0,1,1,07:32,intra_session_sparse
RCKT,2025-08-27,10,0,372,1,1,1,3.39,20757023.0,1,1,04:02,intra_session_sparse
RCON,2025-08-27,10,0,24,1,1,1,2.3,2133326.0,1,1,07:08,intra_session_sparse
RCT,2025-08-27,10,10,0,1,0,0,2.05,169161.0,1,0,,no_session_bars_has_month_file
RCUS,2025-08-27,10,0,268,1,1,1,10.38,7447196.0,1,1,09:30,intra_session_sparse
RDAC,2025-08-27,10,10,0,0,0,0,10.36,2987.0,0,0,,no_minute_file
RDAG,2025-08-27,10,9,1,1,1,1,10.22,1043209.0,1,0,15:53,intra_session_sparse
RDCM,2025-08-27,10,3,43,1,1,1,13.33,902103.0,1,0,09:30,intra_session_sparse
RDGT,2025-08-27,10,10,0,0,0,0,183.0,27710.0,0,0,,no_minute_file
RDNW,2025-08-27,10,2,144,1,1,1,3.48,6845430.0,1,1,09:30,intra_session_sparse
RDW,2025-08-27,10,0,376,1,1,1,9.29,53661967.0,1,1,04:00,intra_session_sparse
REA,2025-08-27,10,10,0,0,0,0,,,0,0,,no_daily_history
REAL,2025-08-27,10,0,372,1,1,1,7.56,30999468.0,1,1,07:00,intra_session_sparse
REAX,2025-08-27,10,0,341,1,1,1,5.13,8914978.0,1,1,04:23,intra_session_sparse
RECT,2025-08-27,10,10,0,0,0,0,4.39,7552.0,0,0,,no_minute_file
REFI,2025-08-27,10,0,68,1,1,1,14.28,1419588.0,1,0,09:30,intra_session_sparse
REI,2025-08-27,10,0,327,1,1,1,1.06,3017030.0,1,1,04:30,intra_session_sparse
REKR,2025-08-27,10,0,293,1,1,1,1.18,2175617.0,1,1,04:00,intra_session_sparse
RELL,2025-08-27,10,2,39,1,1,1,9.9,407553.0,1,0,09:30,intra_session_sparse
RELY,2025-08-27,10,0,367,1,1,1,18.15,83433255.0,1,1,08:00,intra_session_sparse
RENT,2025-08-27,10,0,44,1,1,1,5.43,830361.0,1,0,08:00,intra_session_sparse
RENX,2025-08-27,10,10,0,0,0,0,22.8,6750633.0,0,0,,no_minute_file
REPL,2025-08-27,10,0,329,1,1,1,5.68,110804641.0,1,1,04:53,intra_session_sparse
RES,2025-08-27,10,0,298,1,1,1,4.66,8360557.0,1,1,09:30,intra_session_sparse
RETO,2025-08-27,10,10,0,0,0,0,38.0,32875.0,0,0,,no_minute_file
REVB,2025-08-27,10,0,45,1,1,1,11.15,317082.0,1,0,09:26,intra_session_sparse
RFIL,2025-08-27,10,1,113,1,1,1,6.83,921693.0,1,0,09:30,intra_session_sparse
RGNX,2025-08-27,10,0,286,1,1,1,9.12,6093528.0,1,1,08:00,intra_session_sparse
RGP,2025-08-27,10,1,193,1,1,1,4.85,1350341.0,1,0,08:42,intra_session_sparse
RGTI,2025-08-27,10,0,376,1,1,1,15.3,595206092.0,1,1,04:00,intra_session_sparse
RIG,2025-08-27,10,0,376,1,1,1,3.04,65409985.0,1,1,05:05,intra_session_sparse
RILY,2025-08-27,10,0,318,1,1,1,5.04,7127698.0,1,1,08:24,intra_session_sparse
RIME,2025-08-27,10,2,22,1,1,1,2.06,249443.0,1,0,08:13,intra_session_sparse
RIOT,2025-08-27,10,0,376,1,1,1,13.69,383888307.0,1,1,04:00,intra_session_sparse
RITM,2025-08-27,10,0,364,1,1,1,12.46,62630871.0,1,1,05:33,intra_session_sparse
RITR,2025-08-27,10,0,116,1,1,1,4.71,372903.0,1,0,08:00,intra_session_sparse
RIVN,2025-08-27,10,0,376,1,1,1,13.21,551688061.0,1,1,04:00,intra_session_sparse
RJET,2025-08-27,10,10,0,0,0,0,17.93,100149.0,0,0,,no_minute_file
RKDA,2025-08-27,10,10,0,0,0,0,3.97,21631.0,0,0,,no_minute_file
RKT,2025-08-27,10,0,376,1,1,1,18.94,373418836.0,1,1,04:21,intra_session_sparse
RKTO,2025-08-27,10,2,57,1,1,1,1.23,273780.0,1,0,08:00,intra_session_sparse
RLAY,2025-08-27,10,0,277,1,1,1,3.54,6079493.0,1,1,09:30,intra_session_sparse
RLGT,2025-08-27,10,0,66,1,1,1,6.38,548933.0,1,0,09:30,intra_session_sparse
RLMD,2025-08-27,10,10,0,0,0,0,0.661,90660.0,0,0,,no_minute_file
RLYB,2025-08-27,10,1,59,1,1,1,4.773,249345.0,1,0,08:00,intra_session_sparse
RMAX,2025-08-27,10,1,158,1,1,1,9.29,2636902.0,1,1,09:30,intra_session_sparse
RMIX,2025-08-27,10,10,0,1,0,0,11.2,575408.0,1,0,,no_session_bars_has_month_file
RMR,2025-08-27,10,0,61,1,1,1,16.51,1695062.0,1,0,09:30,intra_session_sparse
RMSG,2025-08-27,10,0,20,1,1,1,3.34,6059730.0,1,1,08:00,intra_session_sparse
RMTI,2025-08-27,10,0,361,1,1,1,1.24,1018375.0,1,0,04:03,intra_session_sparse
RNA,2025-08-27,10,10,0,0,0,0,47.05,159588933.0,0,0,,no_minute_file
RNAC,2025-08-27,10,0,62,1,1,1,10.78,630746.0,1,0,09:30,intra_session_sparse
RNAZ,2025-08-27,10,2,13,1,1,1,10.29,208412.0,1,0,09:30,intra_session_sparse
RNGR,2025-08-27,10,0,129,1,1,1,13.72,2116632.0,1,1,09:30,intra_session_sparse
RNGT,2025-08-27,10,10,0,0,0,0,,,0,0,,no_daily_history
RNTX,2025-08-27,10,10,0,0,0,0,1.15,86074.0,0,0,,no_minute_file
RNW,2025-08-27,10,1,181,1,1,1,7.83,5664304.0,1,1,07:00,intra_session_sparse
ROC,2025-08-27,10,10,0,0,0,0,,,0,0,,no_daily_history
ROIV,2025-08-27,10,0,374,1,1,1,11.84,52797419.0,1,1,04:00,intra_session_sparse
ROLR,2025-08-27,10,10,0,0,0,0,2.68,56594.0,0,0,,no_minute_file
ROMA,2025-08-27,10,10,0,1,0,0,2.53,125362.0,1,0,,no_session_bars_has_month_file
RPAY,2025-08-27,10,0,250,1,1,1,5.83,5555643.0,1,1,09:16,intra_session_sparse
RPC,2025-08-27,10,0,197,1,1,1,12.47,6305581.0,1,1,09:30,intra_session_sparse
RPD,2025-08-27,10,10,0,1,0,0,20.14,20893788.0,1,0,,no_session_bars_has_month_file
RPGL,2025-08-27,10,10,0,0,0,0,,,0,0,,no_daily_history
RR,2025-08-27,10,0,376,1,1,1,3.15,37596438.0,1,1,04:00,intra_session_sparse
RRGB,2025-08-27,10,0,166,1,1,1,6.66,2222141.0,1,1,07:26,intra_session_sparse
RSI,2025-08-27,10,10,0,1,0,0,21.65,44060492.0,1,0,,no_session_bars_has_month_file
RSKD,2025-08-27,10,0,206,1,1,1,4.56,4196225.0,1,1,09:30,intra_session_sparse
RTAC,2025-08-27,10,2,132,1,1,1,10.6,3657938.0,1,1,09:37,intra_session_sparse
RTB,2025-08-27,10,2,114,1,1,1,11.03,2215363.0,1,1,04:01,intra_session_sparse
RUBI,2025-08-27,10,10,0,0,0,0,6481.8,2211928.0,0,0,,no_minute_file
RUM,2025-08-27,10,0,370,1,1,1,7.71,22141419.0,1,1,04:03,intra_session_sparse
RUN,2025-08-27,10,0,376,1,1,1,16.61,258771118.0,1,1,04:25,intra_session_sparse
RVLV,2025-08-27,10,10,0,1,0,0,22.2,30807148.0,1,0,,no_session_bars_has_month_file
RVSN,2025-08-27,10,0,138,1,1,1,12.26,712082.0,1,0,04:01,intra_session_sparse
RWAY,2025-08-27,10,0,152,1,1,1,10.65,2762117.0,1,1,09:30,intra_session_sparse
RXO,2025-08-27,10,0,281,1,1,1,16.19,31849627.0,1,1,09:30,intra_session_sparse
RXRX,2025-08-27,10,0,376,1,1,1,4.83,100713168.0,1,1,04:00,intra_session_sparse
RXST,2025-08-27,10,0,305,1,1,1,8.5,9809037.0,1,1,09:30,intra_session_sparse
RXT,2025-08-27,10,1,221,1,1,1,1.23,961036.0,1,0,09:27,intra_session_sparse
RYAM,2025-08-27,10,1,202,1,1,1,5.42,3888151.0,1,1,09:30,intra_session_sparse
RYN,2025-08-27,10,10,0,0,0,0,26.47,28075636.0,0,0,,no_minute_file
RYOJ,2025-08-27,10,10,0,0,0,0,2.11,395609.0,0,0,,no_minute_file
RYZ,2025-08-27,10,10,0,0,0,0,22.96,5214547.0,0,0,,no_minute_file
RZLT,2025-08-27,10,0,293,1,1,1,7.2,4242171.0,1,1,08:14,intra_session_sparse
RZLV,2025-08-27,10,0,373,1,1,1,3.07,26894240.0,1,1,04:01,intra_session_sparse
S,2025-08-27,10,0,376,1,1,1,16.42,102817520.0,1,1,04:01,intra_session_sparse
SA,2025-08-27,10,0,313,1,1,1,16.85,12399066.0,1,1,08:00,intra_session_sparse
SABR,2025-08-27,10,0,371,1,1,1,1.73,24858342.0,1,1,08:00,intra_session_sparse
SABS,2025-08-27,10,0,42,1,1,1,2.165,278219.0,1,0,07:43,intra_session_sparse
SAFE,2025-08-27,10,1,128,1,1,1,15.88,7358913.0,1,1,09:30,intra_session_sparse
SAFX,2025-08-27,10,0,193,1,1,1,1.31,866534.0,1,0,04:02,intra_session_sparse
SAGT,2025-08-27,10,2,30,1,1,1,1.9,358417.0,1,0,05:19,intra_session_sparse
SAIL,2025-08-27,10,10,0,1,0,0,20.11,52905560.0,1,0,,no_session_bars_has_month_file
SAN,2025-08-27,10,0,370,1,1,1,9.57,36890482.0,1,1,04:00,intra_session_sparse
SANA,2025-08-27,10,0,363,1,1,1,3.22,19975941.0,1,1,04:13,intra_session_sparse
SATL,2025-08-27,10,0,297,1,1,1,3.75,5144424.0,1,1,04:01,intra_session_sparse
SB,2025-08-27,10,0,258,1,1,1,4.34,1703901.0,1,0,09:30,intra_session_sparse
SBET,2025-08-27,10,0,376,1,1,1,19.92,1024702680.0,1,1,04:00,intra_session_sparse
SBEV,2025-08-27,10,0,41,1,1,1,1.85,2420258.0,1,1,04:01,intra_session_sparse
SBFM,2025-08-27,10,10,0,0,0,0,14.5,64552.0,0,0,,no_minute_file
SBGI,2025-08-27,10,1,177,1,1,1,14.14,9633469.0,1,1,09:30,intra_session_sparse
SBH,2025-08-27,10,0,363,1,1,1,13.59,24400323.0,1,1,09:29,intra_session_sparse
SBLK,2025-08-27,10,0,307,1,1,1,19.28,17547472.0,1,1,07:27,intra_session_sparse
SBMT,2025-08-27,10,10,0,0,0,0,,,0,0,,no_daily_history
SBRA,2025-08-27,10,0,366,1,1,1,19.19,52118845.0,1,1,08:00,intra_session_sparse
SBS,2025-08-27,10,1,335,1,1,1,4.3,24679236.0,1,1,09:10,intra_session_sparse
SCII,2025-08-27,10,10,0,0,0,0,,,0,0,,no_daily_history
SCLX,2025-08-27,10,0,127,1,1,1,18.02,4702775.0,1,1,06:40,intra_session_sparse
SCM,2025-08-27,10,0,89,1,1,1,14.56,2243727.0,1,1,09:30,intra_session_sparse
SCNX,2025-08-27,10,2,74,1,1,1,1.04,575109.0,1,0,04:32,intra_session_sparse
SCVL,2025-08-27,10,10,0,1,0,0,21.3,6992443.0,1,0,,no_session_bars_has_month_file
SCWO,2025-08-27,10,0,326,1,1,1,2.702,319236.0,1,0,04:01,intra_session_sparse
SCZM,2025-08-27,10,10,0,0,0,0,,,0,0,,no_daily_history
SD,2025-08-27,10,0,168,1,1,1,11.52,3591125.0,1,1,09:30,intra_session_sparse
SDEV,2025-08-27,10,0,376,1,1,1,4.494,10908025.0,1,1,04:00,intra_session_sparse
SDGR,2025-08-27,10,0,266,1,1,1,19.64,27709892.0,1,1,07:26,intra_session_sparse
SDHC,2025-08-27,10,2,52,1,1,1,19.73,1266568.0,1,0,09:30,intra_session_sparse
SDOT,2025-08-27,10,10,0,0,0,0,185.16,161813.0,0,0,,no_minute_file
SDST,2025-08-27,10,0,217,1,1,1,4.134,482374.0,1,0,04:03,intra_session_sparse
SEAT,2025-08-27,10,2,92,1,1,1,16.76,5748810.0,1,1,09:30,intra_session_sparse
SEED,2025-08-27,10,10,0,0,0,0,1.22,59032.0,0,0,,no_minute_file
SEG,2025-08-27,10,10,0,0,0,0,26.07,3422462.0,0,0,,no_minute_file
SEGG,2025-08-27,10,2,198,1,1,1,7.51,406505.0,1,0,07:29,intra_session_sparse
SELX,2025-08-27,10,10,0,0,0,0,1.04,8037.0,0,0,,no_minute_file
SEM,2025-08-27,10,0,296,1,1,1,12.84,16177184.0,1,1,09:30,intra_session_sparse
SENS,2025-08-27,10,0,345,1,1,1,9.176,2244202.0,1,1,04:40,intra_session_sparse
SEPN,2025-08-27,10,2,163,1,1,1,12.7,2719259.0,1,1,09:30,intra_session_sparse
SER,2025-08-27,10,0,125,1,1,1,5.49,1660269.0,1,0,04:00,intra_session_sparse
SERV,2025-08-27,10,0,376,1,1,1,10.27,43489864.0,1,1,04:00,intra_session_sparse
SES,2025-08-27,10,0,335,1,1,1,1.12,7203994.0,1,1,04:02,intra_session_sparse
SEV,2025-08-27,10,10,0,0,0,0,,,0,0,,no_daily_history
SFIX,2025-08-27,10,0,362,1,1,1,5.23,8709009.0,1,1,08:00,intra_session_sparse
SFL,2025-08-27,10,0,308,1,1,1,8.12,14567097.0,1,1,09:30,intra_session_sparse
SFNC,2025-08-27,10,10,0,1,0,0,20.68,19458650.0,1,0,,no_session_bars_has_month_file
SG,2025-08-27,10,0,375,1,1,1,9.14,75507393.0,1,1,08:00,intra_session_sparse
SGHC,2025-08-27,10,0,357,1,1,1,12.3,20795473.0,1,1,08:00,intra_session_sparse
SGHT,2025-08-27,10,2,97,1,1,1,4.23,509247.0,1,0,09:30,intra_session_sparse
SGML,2025-08-27,10,0,375,1,1,1,6.02,20084049.0,1,1,04:04,intra_session_sparse
SGMT,2025-08-27,10,0,283,1,1,1,7.07,5337185.0,1,1,07:00,intra_session_sparse
SGRY,2025-08-27,10,10,0,0,0,0,22.69,38363599.0,0,0,,no_minute_file
SHAZ,2025-08-27,10,10,0,0,0,0,,,0,0,,no_daily_history
SHBI,2025-08-27,10,0,94,1,1,1,16.91,2022084.0,1,1,09:30,intra_session_sparse
SHC,2025-08-27,10,0,327,1,1,1,16.4,24389671.0,1,1,09:30,intra_session_sparse
SHEN,2025-08-27,10,1,147,1,1,1,13.25,4578546.0,1,1,09:30,intra_session_sparse
SHFS,2025-08-27,10,2,19,1,1,1,2.57,341537.0,1,0,09:26,intra_session_sparse
SHIP,2025-08-27,10,2,149,1,1,1,8.03,831429.0,1,0,07:37,intra_session_sparse
SHLS,2025-08-27,10,0,367,1,1,1,6.84,32905996.0,1,1,05:36,intra_session_sparse
SHMD,2025-08-27,10,10,0,0,0,0,2.75,45578.0,0,0,,no_minute_file
SHO,2025-08-27,10,0,356,1,1,1,9.25,21899582.0,1,1,09:13,intra_session_sparse
SI,2025-08-27,10,10,0,1,0,0,14.93,4179487.0,1,1,,no_session_bars_has_month_file
SIBN,2025-08-27,10,0,167,1,1,1,16.42,8390527.0,1,1,09:30,intra_session_sparse
SID,2025-08-27,10,1,325,1,1,1,1.36,4337455.0,1,1,04:44,intra_session_sparse
SIDU,2025-08-27,10,0,224,1,1,1,1.24,1246638.0,1,0,04:02,intra_session_sparse
SIGA,2025-08-27,10,0,212,1,1,1,8.49,5591942.0,1,1,04:01,intra_session_sparse
SILO,2025-08-27,10,2,29,1,1,1,9.665,295709.0,1,0,09:30,intra_session_sparse
SIMA,2025-08-27,10,10,0,1,0,0,10.44,827246.0,1,0,,no_session_bars_has_month_file
SINT,2025-08-27,10,1,148,1,1,1,3.805,215923.0,1,0,04:46,intra_session_sparse
SIRI,2025-08-27,10,10,0,0,0,0,23.135,112039789.0,0,0,,no_minute_file
SITC,2025-08-27,10,0,239,1,1,1,12.04,11751479.0,1,1,09:06,intra_session_sparse
SKBL,2025-08-27,10,10,0,1,0,0,0.538,271765.0,1,0,,no_session_bars_has_month_file
SKE,2025-08-27,10,2,194,1,1,1,15.89,5789167.0,1,1,08:00,intra_session_sparse
SKIL,2025-08-27,10,0,28,1,1,1,16.17,414424.0,1,0,09:30,intra_session_sparse
SKIN,2025-08-27,10,0,244,1,1,1,2.03,2828787.0,1,1,09:30,intra_session_sparse
SKK,2025-08-27,10,2,100,1,1,1,3.989,325336.0,1,0,04:33,intra_session_sparse
SKLZ,2025-08-27,10,2,60,1,1,1,8.84,788923.0,1,0,09:22,intra_session_sparse
SKYA,2025-08-27,10,0,368,1,1,1,9.73,14007250.0,1,1,04:00,intra_session_sparse
SKYE,2025-08-27,10,0,88,1,1,1,3.575,1028096.0,1,0,08:00,intra_session_sparse
SKYQ,2025-08-27,10,10,0,1,0,0,3.84,70502.0,1,0,,no_session_bars_has_month_file
SKYT,2025-08-27,10,0,327,1,1,1,12.06,17656460.0,1,1,04:03,intra_session_sparse
SKYX,2025-08-27,10,0,140,1,1,1,1.21,472781.0,1,0,08:00,intra_session_sparse
SLDB,2025-08-27,10,1,191,1,1,1,5.71,6636937.0,1,1,08:00,intra_session_sparse
SLDE,2025-08-27,10,0,367,1,1,1,12.92,10654593.0,1,1,08:00,intra_session_sparse
SLDP,2025-08-27,10,0,376,1,1,1,4.71,45544860.0,1,1,04:00,intra_session_sparse
SLE,2025-08-27,10,10,0,0,0,0,40.08,396098.0,0,0,,no_minute_file
SLGB,2025-08-27,10,10,0,0,0,0,,,0,0,,no_daily_history
SLI,2025-08-27,10,0,299,1,1,1,2.86,4685935.0,1,1,06:04,intra_session_sparse
SLM,2025-08-27,10,10,0,0,0,0,31.85,60048073.0,0,0,,no_minute_file
SLMT,2025-08-27,10,10,0,0,0,0,65.0,39050.0,0,0,,no_minute_file
SLN,2025-08-27,10,2,18,1,1,1,5.16,379247.0,1,0,09:31,intra_session_sparse
SLNH,2025-08-27,10,10,0,0,0,0,0.498,595141.0,0,0,,no_minute_file
SLP,2025-08-27,10,0,244,1,1,1,13.97,5809970.0,1,1,09:30,intra_session_sparse
SLQT,2025-08-27,10,0,350,1,1,1,2.51,6399791.0,1,1,04:39,intra_session_sparse
SLRC,2025-08-27,10,2,107,1,1,1,16.4,2657663.0,1,1,09:30,intra_session_sparse
SLS,2025-08-27,10,0,304,1,1,1,1.82,3143087.0,1,1,06:23,intra_session_sparse
SLSR,2025-08-27,10,10,0,1,0,0,5.36,192175.0,1,0,,no_session_bars_has_month_file
SM,2025-08-27,10,10,0,0,0,0,27.5,55428893.0,0,0,,no_minute_file
SMJF,2025-08-27,10,10,0,0,0,0,,,0,0,,no_daily_history
SMMT,2025-08-27,10,10,0,0,0,0,26.98,81384346.0,0,0,,no_minute_file
SMPL,2025-08-27,10,10,0,0,0,0,28.74,37097897.0,0,0,,no_minute_file
SMR,2025-08-27,10,10,0,0,0,0,36.02,524956388.0,0,0,,no_minute_file
SMRT,2025-08-27,10,0,222,1,1,1,1.49,2050783.0,1,1,08:12,intra_session_sparse
SMTK,2025-08-27,10,10,0,0,0,0,0.65,81094.0,0,0,,no_minute_file
SMWB,2025-08-27,10,0,333,1,1,1,9.35,4413606.0,1,1,09:30,intra_session_sparse
SMX,2025-08-27,10,10,0,0,0,0,75689.49,4326034.0,0,0,,no_minute_file
SMXT,2025-08-27,10,0,133,1,1,1,1.24,28345017.0,1,1,06:41,intra_session_sparse
SNAL,2025-08-27,10,10,0,1,0,0,0.905,224134.0,1,0,,no_session_bars_has_month_file
SNAP,2025-08-27,10,0,376,1,1,1,7.02,452110494.0,1,1,04:00,intra_session_sparse
SNBR,2025-08-27,10,0,218,1,1,1,10.84,8257157.0,1,1,09:30,intra_session_sparse
SND,2025-08-27,10,10,0,1,0,0,1.96,188735.0,1,0,,no_session_bars_has_month_file
SNDL,2025-08-27,10,0,369,1,1,1,2.47,10053694.0,1,1,04:00,intra_session_sparse
SNDX,2025-08-27,10,0,365,1,1,1,15.85,39277940.0,1,1,07:07,intra_session_sparse
SNGX,2025-08-27,10,1,157,1,1,1,3.14,112760894.0,1,1,04:53,intra_session_sparse
SNOA,2025-08-27,10,1,52,1,1,1,4.82,20008073.0,1,1,08:45,intra_session_sparse
SNTG,2025-08-27,10,10,0,0,0,0,1.66,5957.0,0,0,,no_minute_file
SNTI,2025-08-27,10,10,0,1,0,0,1.575,173472.0,1,0,,no_session_bars_has_month_file
SNWV,2025-08-27,10,10,0,0,0,0,41.99,1930972.0,0,0,,no_minute_file
SOAR,2025-08-27,10,0,119,1,1,1,1.72,1619805.0,1,0,05:15,intra_session_sparse
SOBR,2025-08-27,10,10,0,1,0,0,3.49,101543.0,1,0,,no_session_bars_has_month_file
SOC,2025-08-27,10,10,0,0,0,0,28.4,51307703.0,0,0,,no_minute_file
SOCA,2025-08-27,10,10,0,0,0,0,,,0,0,,no_daily_history
SOFI,2025-08-27,10,10,0,0,0,0,25.62,1746639550.0,0,0,,no_minute_file
SONO,2025-08-27,10,0,347,1,1,1,13.64,30990102.0,1,1,09:25,intra_session_sparse
SOUN,2025-08-27,10,0,376,1,1,1,12.02,736409083.0,1,1,04:00,intra_session_sparse
SOWG,2025-08-27,10,10,0,1,0,0,10.1,185758.0,1,0,,no_session_bars_has_month_file
SPAI,2025-08-27,10,0,254,1,1,1,6.11,2173296.0,1,1,07:20,intra_session_sparse
SPCE,2025-08-27,10,0,306,1,1,1,3.14,9681616.0,1,1,04:00,intra_session_sparse
SPEG,2025-08-27,10,10,0,0,0,0,,,0,0,,no_daily_history
SPH,2025-08-27,10,0,65,1,1,1,18.57,2831362.0,1,1,09:30,intra_session_sparse
SPHL,2025-08-27,10,10,0,0,0,0,3.839,40668.0,0,0,,no_minute_file
SPIR,2025-08-27,10,0,187,1,1,1,9.14,5610072.0,1,1,04:00,intra_session_sparse
SPNT,2025-08-27,10,1,273,1,1,1,18.29,15590585.0,1,1,07:41,intra_session_sparse
SPOK,2025-08-27,10,2,90,1,1,1,17.81,3214516.0,1,1,09:30,intra_session_sparse
SPPL,2025-08-27,10,10,0,0,0,0,3.17,56634.0,0,0,,no_minute_file
SPRC,2025-08-27,10,10,0,0,0,0,38.07,531321.0,0,0,,no_minute_file
SPRO,2025-08-27,10,2,177,1,1,1,1.85,1575285.0,1,0,07:23,intra_session_sparse
SPRU,2025-08-27,10,2,55,1,1,1,1.54,6189605.0,1,1,04:03,intra_session_sparse
SPRY,2025-08-27,10,0,343,1,1,1,13.89,29132814.0,1,1,09:09,intra_session_sparse
SPT,2025-08-27,10,0,311,1,1,1,15.24,15068556.0,1,1,09:30,intra_session_sparse
SPTX,2025-08-27,10,10,0,0,0,0,,,0,0,,no_daily_history
SPWH,2025-08-27,10,2,138,1,1,1,2.74,1098725.0,1,0,09:30,intra_session_sparse
SPWR,2025-08-27,10,0,209,1,1,1,1.59,1219626.0,1,0,09:21,intra_session_sparse
SRAD,2025-08-27,10,10,0,0,0,0,31.79,59880999.0,0,0,,no_minute_file
SRFM,2025-08-27,10,0,348,1,1,1,4.88,13202515.0,1,1,04:01,intra_session_sparse
SRI,2025-08-27,10,0,153,1,1,1,8.29,2272830.0,1,1,08:00,intra_session_sparse
SRPT,2025-08-27,10,0,376,1,1,1,18.26,220734948.0,1,1,04:04,intra_session_sparse
SRTA,2025-08-27,10,0,265,1,1,1,4.57,8104014.0,1,1,05:58,intra_session_sparse
SRZN,2025-08-27,10,10,0,0,0,0,11.1,169070.0,0,0,,no_minute_file
SSAC,2025-08-27,10,10,0,0,0,0,,,0,0,,no_daily_history
SSEA,2025-08-27,10,10,0,0,0,0,,,0,0,,no_daily_history
SSL,2025-08-27,10,0,314,1,1,1,6.69,7938491.0,1,1,04:06,intra_session_sparse
SSM,2025-08-27,10,10,0,0,0,0,,,0,0,,no_daily_history
SSP,2025-08-27,10,0,212,1,1,1,3.11,2502128.0,1,1,09:30,intra_session_sparse
SSRM,2025-08-27,10,0,364,1,1,1,18.32,56987548.0,1,1,04:00,intra_session_sparse
SSSS,2025-08-27,10,2,102,1,1,1,8.7,2283114.0,1,1,08:00,intra_session_sparse
SST,2025-08-27,10,1,57,1,1,1,7.27,345421.0,1,0,09:30,intra_session_sparse
SSTK,2025-08-27,10,10,0,1,0,0,20.89,5325271.0,1,0,,no_session_bars_has_month_file
SSYS,2025-08-27,10,0,318,1,1,1,10.75,11870859.0,1,1,04:00,intra_session_sparse
STAA,2025-08-27,10,10,0,1,0,0,27.47,90978895.0,1,0,,no_session_bars_has_month_file
STAK,2025-08-27,10,2,102,1,1,1,1.5,1372178.0,1,0,04:32,intra_session_sparse
STEM,2025-08-27,10,1,103,1,1,1,16.78,5067455.0,1,1,09:24,intra_session_sparse
STEX,2025-08-27,10,1,232,1,1,1,5.27,3983067.0,1,1,06:43,intra_session_sparse
STFS,2025-08-27,10,0,284,1,1,1,5.836,5161144.0,1,1,04:09,intra_session_sparse
STGW,2025-08-27,10,0,275,1,1,1,5.6,7850344.0,1,1,09:30,intra_session_sparse
STI,2025-08-27,10,10,0,1,0,0,3.35,94560.0,1,0,,no_session_bars_has_month_file
STIM,2025-08-27,10,0,340,1,1,1,3.38,5928135.0,1,1,08:00,intra_session_sparse
STKE,2025-08-27,10,10,0,0,0,0,,,0,0,,no_daily_history
STLA,2025-08-27,10,0,375,1,1,1,9.83,124092794.0,1,1,04:03,intra_session_sparse
STNE,2025-08-27,10,0,363,1,1,1,15.67,72882591.0,1,1,08:00,intra_session_sparse
STOK,2025-08-27,10,2,325,1,1,1,19.37,15575470.0,1,1,09:30,intra_session_sparse
STRO,2025-08-27,10,2,171,1,1,1,8.995,314792.0,1,0,08:00,intra_session_sparse
STRZ,2025-08-27,10,0,81,1,1,1,13.3,2510303.0,1,1,09:30,intra_session_sparse
STTK,2025-08-27,10,1,83,1,1,1,1.02,5238364.0,1,1,05:03,intra_session_sparse
STUB,2025-08-27,10,10,0,0,0,0,,,0,0,,no_daily_history
STVN,2025-08-27,10,10,0,0,0,0,21.65,8359497.0,0,0,,no_minute_file
SUGP,2025-08-27,10,1,56,1,1,1,5.6,226898.0,1,0,08:46,intra_session_sparse
SUIG,2025-08-27,10,0,215,1,1,1,5.83,5542892.0,1,1,06:22,intra_session_sparse
SUJA,2025-08-27,10,10,0,0,0,0,,,0,0,,no_daily_history
SUNE,2025-08-27,10,2,43,1,1,1,1.52,218099.0,1,0,04:38,intra_session_sparse
SUPV,2025-08-27,10,0,372,1,1,1,8.33,14522150.0,1,1,08:14,intra_session_sparse
SUPX,2025-08-27,10,10,0,0,0,0,62.2,15702005.0,0,0,,no_minute_file
SVAC,2025-08-27,10,10,0,0,0,0,,,0,0,,no_daily_history
SVAQ,2025-08-27,10,10,0,0,0,0,,,0,0,,no_daily_history
SVCO,2025-08-27,10,2,132,1,1,1,4.65,553757.0,1,0,09:30,intra_session_sparse
SVM,2025-08-27,10,0,372,1,1,1,4.67,19664105.0,1,1,07:00,intra_session_sparse
SVRA,2025-08-27,10,0,308,1,1,1,3.31,4042680.0,1,1,07:35,intra_session_sparse
SVRN,2025-08-27,10,10,0,0,0,0,31.2,7841272.0,0,0,,no_minute_file
SVV,2025-08-27,10,0,253,1,1,1,11.44,12475017.0,1,1,07:18,intra_session_sparse
SWBI,2025-08-27,10,0,290,1,1,1,8.11,5847510.0,1,1,08:00,intra_session_sparse
SWIM,2025-08-27,10,0,211,1,1,1,8.25,5908423.0,1,1,09:30,intra_session_sparse
SWVL,2025-08-27,10,10,0,0,0,0,3.59,60663.0,0,0,,no_minute_file
SXC,2025-08-27,10,0,283,1,1,1,7.4,9457991.0,1,1,08:49,intra_session_sparse
SXTC,2025-08-27,10,10,0,0,0,0,225.0,51859.0,0,0,,no_minute_file
SXTP,2025-08-27,10,10,0,1,0,0,5.08,129958.0,1,0,,no_session_bars_has_month_file
SY,2025-08-27,10,0,238,1,1,1,4.27,7909078.0,1,1,05:25,intra_session_sparse
SYNX,2025-08-27,10,10,0,0,0,0,1.74,52223.0,0,0,,no_minute_file
SYRE,2025-08-27,10,1,193,1,1,1,17.06,8445062.0,1,1,09:30,intra_session_sparse
SZZL,2025-08-27,10,5,1,1,1,1,10.09,276812.0,1,0,12:05,intra_session_sparse
TAC,2025-08-27,10,0,281,1,1,1,12.26,15426485.0,1,1,09:30,intra_session_sparse
TACO,2025-08-27,10,2,40,1,1,1,10.31,1750673.0,1,0,09:26,intra_session_sparse
TAL,2025-08-27,10,0,353,1,1,1,10.88,60739290.0,1,1,08:00,intra_session_sparse
TALK,2025-08-27,10,0,266,1,1,1,2.67,4131002.0,1,1,09:20,intra_session_sparse
TALO,2025-08-27,10,0,350,1,1,1,9.68,22755202.0,1,1,08:57,intra_session_sparse
TANH,2025-08-27,10,10,0,0,0,0,2.01,78227.0,0,0,,no_minute_file
TAOP,2025-08-27,10,10,0,0,0,0,3.385,81358.0,0,0,,no_minute_file
TAOX,2025-08-27,10,1,131,1,1,1,6.96,2015595.0,1,1,08:34,intra_session_sparse
TARA,2025-08-27,10,0,156,1,1,1,3.13,591374.0,1,0,04:41,intra_session_sparse
TASK,2025-08-27,10,0,129,1,1,1,17.63,4033856.0,1,1,07:18,intra_session_sparse
TBCH,2025-08-27,10,0,207,1,1,1,15.44,3859650.0,1,1,09:27,intra_session_sparse
TBH,2025-08-27,10,10,0,1,0,0,9.68,172410.0,1,0,,no_session_bars_has_month_file
TBI,2025-08-27,10,1,91,1,1,1,6.18,1231481.0,1,0,09:30,intra_session_sparse
TBLA,2025-08-27,10,0,264,1,1,1,3.32,4458426.0,1,1,08:00,intra_session_sparse
TBPH,2025-08-27,10,1,233,1,1,1,13.8,5744900.0,1,1,09:30,intra_session_sparse
TBRG,2025-08-27,10,10,0,1,0,0,20.01,2490770.0,1,0,,no_session_bars_has_month_file
TCGL,2025-08-27,10,10,0,0,0,0,,,0,0,,no_daily_history
TCMD,2025-08-27,10,1,160,1,1,1,13.0,3247500.0,1,1,09:30,intra_session_sparse
TCPC,2025-08-27,10,0,243,1,1,1,7.05,3835553.0,1,1,07:00,intra_session_sparse
TCRT,2025-08-27,10,2,40,1,1,1,1.87,629459.0,1,0,08:00,intra_session_sparse
TDAY,2025-08-27,10,0,319,1,1,1,4.05,8428937.0,1,1,08:00,intra_session_sparse
TDIC,2025-08-27,10,10,0,1,0,0,19.8,98541.0,1,0,,no_session_bars_has_month_file
TDOC,2025-08-27,10,0,371,1,1,1,7.81,49290250.0,1,1,04:02,intra_session_sparse
TDUP,2025-08-27,10,0,368,1,1,1,11.62,27642344.0,1,1,07:11,intra_session_sparse
TE,2025-08-27,10,0,262,1,1,1,1.61,2389062.0,1,1,04:19,intra_session_sparse
TECX,2025-08-27,10,10,0,0,0,0,25.69,4993128.0,0,0,,no_minute_file
TELO,2025-08-27,10,0,70,1,1,1,1.49,591059.0,1,0,06:35,intra_session_sparse
TENB,2025-08-27,10,10,0,0,0,0,29.56,50418853.0,0,0,,no_minute_file
TENX,2025-08-27,10,10,0,0,0,0,5.9,143901.0,0,0,,no_minute_file
TEO,2025-08-27,10,0,151,1,1,1,8.82,1610814.0,1,0,09:30,intra_session_sparse
TFSL,2025-08-27,10,1,269,1,1,1,14.04,4584611.0,1,1,09:30,intra_session_sparse
TGB,2025-08-27,10,0,359,1,1,1,3.19,13838529.0,1,1,06:36,intra_session_sparse
TGE,2025-08-27,10,10,0,1,0,0,3.44,193061.0,1,0,,no_session_bars_has_month_file
TGEN,2025-08-27,10,0,265,1,1,1,8.33,9069200.0,1,1,07:04,intra_session_sparse
TGHL,2025-08-27,10,10,0,0,0,0,,,0,0,,no_daily_history
TGL,2025-08-27,10,10,0,1,0,0,27.0,1280368.0,1,0,,no_session_bars_has_month_file
TH,2025-08-27,10,1,178,1,1,1,8.835,4028473.0,1,1,09:30,intra_session_sparse
THH,2025-08-27,10,10,0,0,0,0,,,0,0,,no_daily_history
THM,2025-08-27,10,0,81,1,1,1,1.35,621086.0,1,0,08:57,intra_session_sparse
THRY,2025-08-27,10,0,215,1,1,1,13.1,7385233.0,1,1,08:52,intra_session_sparse
TIC,2025-08-27,10,0,322,1,1,1,10.75,33412454.0,1,1,09:30,intra_session_sparse
TII,2025-08-27,10,10,0,0,0,0,,,0,0,,no_daily_history
TIL,2025-08-27,10,10,0,0,0,0,28.41,3542264.0,0,0,,no_minute_file
TIPT,2025-08-27,10,10,0,0,0,0,23.17,2869930.0,0,0,,no_minute_file
TITN,2025-08-27,10,10,0,1,0,0,20.68,2368094.0,1,0,,no_session_bars_has_month_file
TK,2025-08-27,10,2,237,1,1,1,8.01,5191354.0,1,1,09:10,intra_session_sparse
TKC,2025-08-27,10,0,287,1,1,1,6.12,3806913.0,1,1,09:07,intra_session_sparse
TKNO,2025-08-27,10,0,114,1,1,1,4.57,1134799.0,1,0,09:30,intra_session_sparse
TLIH,2025-08-27,10,1,71,1,1,1,6.073,369146.0,1,0,04:07,intra_session_sparse
TLK,2025-08-27,10,1,279,1,1,1,19.85,17667882.0,1,1,04:37,intra_session_sparse
TLRY,2025-08-27,10,0,376,1,1,1,14.5,92046476.0,1,1,04:00,intra_session_sparse
TLS,2025-08-27,10,0,314,1,1,1,5.9,13407837.0,1,1,07:09,intra_session_sparse
TLYS,2025-08-27,10,2,60,1,1,1,1.81,248984.0,1,0,07:56,intra_session_sparse
TMC,2025-08-27,10,0,374,1,1,1,5.37,59997364.0,1,1,04:10,intra_session_sparse
TMCI,2025-08-27,10,0,285,1,1,1,7.44,2728682.0,1,1,08:30,intra_session_sparse
TMCR,2025-08-27,10,10,0,0,0,0,,,0,0,,no_daily_history
TMDE,2025-08-27,10,10,0,0,0,0,0.856,42176.0,0,0,,no_minute_file
TMQ,2025-08-27,10,1,85,1,1,1,1.62,617625.0,1,0,09:30,intra_session_sparse
TMTS,2025-08-27,10,10,0,0,0,0,,,0,0,,no_daily_history
TNDM,2025-08-27,10,0,359,1,1,1,12.24,33888988.0,1,1,07:00,intra_session_sparse
TNGX,2025-08-27,10,2,304,1,1,1,6.68,12565761.0,1,1,09:30,intra_session_sparse
TNMG,2025-08-27,10,10,0,0,0,0,8.904,89834.0,0,0,,no_minute_file
TNON,2025-08-27,10,0,105,1,1,1,1.31,20021461.0,1,1,04:40,intra_session_sparse
TNXP,2025-08-27,10,10,0,0,0,0,34.01,94888189.0,0,0,,no_minute_file
TNYA,2025-08-27,10,1,346,1,1,1,1.08,4246912.0,1,1,04:36,intra_session_sparse
TOI,2025-08-27,10,0,310,1,1,1,3.49,7433152.0,1,1,05:47,intra_session_sparse
TONX,2025-08-27,10,0,288,1,1,1,20.06,41269550.0,1,0,09:30,intra_session_sparse
TORO,2025-08-27,10,10,0,1,0,0,2.77,111993.0,1,0,,no_session_bars_has_month_file
TOYO,2025-08-27,10,2,8,1,1,1,5.3,213457.0,1,0,08:02,intra_session_sparse
TPET,2025-08-27,10,10,0,1,0,0,1.11,179835.0,1,0,,no_session_bars_has_month_file
TPVG,2025-08-27,10,0,244,1,1,1,6.48,2514796.0,1,1,04:00,intra_session_sparse
TRAD,2025-08-27,10,10,0,0,0,0,,,0,0,,no_daily_history
TRAW,2025-08-27,10,2,32,1,1,1,1.41,235814.0,1,0,09:30,intra_session_sparse
TRAX,2025-08-27,10,10,0,0,0,0,,,0,0,,no_daily_history
TRC,2025-08-27,10,2,54,1,1,1,17.4,2145618.0,1,1,09:30,intra_session_sparse
TRDA,2025-08-27,10,2,85,1,1,1,5.61,1567372.0,1,0,09:30,intra_session_sparse
TRIN,2025-08-27,10,0,260,1,1,1,15.97,10629729.0,1,1,09:30,intra_session_sparse
TRIP,2025-08-27,10,0,366,1,1,1,17.14,54555664.0,1,1,09:29,intra_session_sparse
TRMD,2025-08-27,10,10,0,1,0,0,20.51,16532911.0,1,0,,no_session_bars_has_month_file
TRNR,2025-08-27,10,10,0,0,0,0,39.5,470250.0,0,0,,no_minute_file
TRON,2025-08-27,10,0,301,1,1,1,4.99,15923819.0,1,1,04:02,intra_session_sparse
TROO,2025-08-27,10,10,0,0,0,0,1.12,186235.0,0,0,,no_minute_file
TROX,2025-08-27,10,0,351,1,1,1,4.12,23743462.0,1,1,07:08,intra_session_sparse
TRT,2025-08-27,10,10,0,0,0,0,2.625,15995.0,0,0,,no_minute_file
TRVI,2025-08-27,10,0,369,1,1,1,7.42,10546508.0,1,1,09:05,intra_session_sparse
TRX,2025-08-27,10,10,0,0,0,0,0.35,186889.0,0,0,,no_minute_file
TSHA,2025-08-27,10,0,339,1,1,1,2.96,8383452.0,1,1,08:00,intra_session_sparse
TSLX,2025-08-27,10,10,0,0,0,0,24.15,10427650.0,0,0,,no_minute_file
TSSI,2025-08-27,10,0,355,1,1,1,16.0,69628952.0,1,1,04:04,intra_session_sparse
TTAM,2025-08-27,10,1,274,1,1,1,15.67,5392840.0,1,1,09:30,intra_session_sparse
TTEC,2025-08-27,10,2,164,1,1,1,3.72,2254429.0,1,1,07:00,intra_session_sparse
TTGT,2025-08-27,10,2,234,1,1,1,6.17,3730899.0,1,1,09:30,intra_session_sparse
TTI,2025-08-27,10,0,310,1,1,1,4.49,7756972.0,1,1,08:00,intra_session_sparse
TTRX,2025-08-27,10,10,0,0,0,0,,,0,0,,no_daily_history
TU,2025-08-27,10,0,311,1,1,1,16.41,47715765.0,1,1,08:37,intra_session_sparse
TV,2025-08-27,10,0,311,1,1,1,2.47,3977964.0,1,1,04:38,intra_session_sparse
TVA,2025-08-27,10,10,0,1,0,0,10.11,186828.0,1,0,,no_session_bars_has_month_file
TVRD,2025-08-27,10,10,0,0,0,0,29.21,592688.0,0,0,,no_minute_file
TVTX,2025-08-27,10,0,289,1,1,1,17.44,27503808.0,1,1,09:30,intra_session_sparse
TWFG,2025-08-27,10,10,0,0,0,0,27.43,4867722.0,0,0,,no_minute_file
TWG,2025-08-27,10,2,45,1,1,1,5.25,340865.0,1,0,09:22,intra_session_sparse
TWI,2025-08-27,10,0,184,1,1,1,8.99,4133439.0,1,1,07:46,intra_session_sparse
TWO,2025-08-27,10,0,325,1,1,1,9.86,22004302.0,1,1,07:00,intra_session_sparse
TXG,2025-08-27,10,0,346,1,1,1,14.03,42497790.0,1,1,04:31,intra_session_sparse
TXO,2025-08-27,10,2,126,1,1,1,13.92,2996530.0,1,1,09:30,intra_session_sparse
TYGO,2025-08-27,10,2,139,1,1,1,1.4,3668585.0,1,1,04:00,intra_session_sparse
TYRA,2025-08-27,10,0,145,1,1,1,12.64,2359445.0,1,1,09:30,intra_session_sparse
TZOO,2025-08-27,10,2,93,1,1,1,9.82,1258262.0,1,0,09:30,intra_session_sparse
U,2025-08-27,10,10,0,0,0,0,40.07,527620150.0,0,0,,no_minute_file
UA,2025-08-27,10,0,375,1,1,1,4.91,37327697.0,1,1,07:29,intra_session_sparse
UAA,2025-08-27,10,0,376,1,1,1,4.99,92893115.0,1,1,04:02,intra_session_sparse
UAMY,2025-08-27,10,0,375,1,1,1,4.94,25036782.0,1,1,04:00,intra_session_sparse
UAVS,2025-08-27,10,0,317,1,1,1,2.1,10294288.0,1,1,04:00,intra_session_sparse
UBXG,2025-08-27,10,10,0,0,0,0,71.25,478168.0,0,0,,no_minute_file
UE,2025-08-27,10,10,0,1,0,0,20.25,27250302.0,1,0,,no_session_bars_has_month_file
UEC,2025-08-27,10,0,376,1,1,1,10.7,127838150.0,1,1,04:02,intra_session_sparse
UFG,2025-08-27,10,0,60,1,1,1,4.35,9565443.0,1,1,09:30,intra_session_sparse
UGP,2025-08-27,10,1,320,1,1,1,3.34,5152256.0,1,1,09:30,intra_session_sparse
UGRO,2025-08-27,10,2,79,1,1,1,10.01,1440428.0,1,0,07:01,intra_session_sparse
UIS,2025-08-27,10,0,249,1,1,1,3.99,3693421.0,1,1,08:00,intra_session_sparse
ULCC,2025-08-27,10,0,363,1,1,1,4.85,20971685.0,1,1,07:00,intra_session_sparse
UMAC,2025-08-27,10,0,348,1,1,1,10.76,27597698.0,1,1,04:00,intra_session_sparse
UMC,2025-08-27,10,0,364,1,1,1,6.74,54026790.0,1,1,04:03,intra_session_sparse
UMH,2025-08-27,10,0,258,1,1,1,15.58,8322679.0,1,1,07:50,intra_session_sparse
UNCY,2025-08-27,10,0,152,1,1,1,4.25,2052649.0,1,1,08:00,intra_session_sparse
UNIT,2025-08-27,10,0,354,1,1,1,6.49,21144004.0,1,1,09:30,intra_session_sparse
UONE,2025-08-27,10,10,0,0,0,0,16.1,19069.0,0,0,,no_minute_file
UP,2025-08-27,10,10,0,0,0,0,60.0,10702302.0,0,0,,no_minute_file
UPB,2025-08-27,10,2,171,1,1,1,17.3,7947126.0,1,1,09:30,intra_session_sparse
UPBD,2025-08-27,10,10,0,0,0,0,25.57,18645172.0,0,0,,no_minute_file
UPC,2025-08-27,10,1,21,1,1,1,3.77,225873.0,1,0,04:24,intra_session_sparse
UPLD,2025-08-27,10,1,107,1,1,1,2.83,2385019.0,1,1,08:02,intra_session_sparse
UPWK,2025-08-27,10,0,366,1,1,1,15.09,48706745.0,1,1,04:34,intra_session_sparse
UPXI,2025-08-27,10,0,376,1,1,1,8.555,53238997.0,1,1,04:00,intra_session_sparse
URG,2025-08-27,10,0,365,1,1,1,1.4,5504699.0,1,1,04:48,intra_session_sparse
URGN,2025-08-27,10,0,341,1,1,1,19.5,20493097.0,1,1,04:23,intra_session_sparse
UROY,2025-08-27,10,0,321,1,1,1,3.07,7147154.0,1,1,04:05,intra_session_sparse
USAR,2025-08-27,10,0,369,1,1,1,15.68,123956450.0,1,1,04:10,intra_session_sparse
USAS,2025-08-27,10,0,284,1,1,1,2.43,2150551.0,1,1,08:00,intra_session_sparse
USAU,2025-08-27,10,0,222,1,1,1,13.13,3191967.0,1,1,07:00,intra_session_sparse
USEG,2025-08-27,10,0,89,1,1,1,1.21,305687.0,1,0,04:48,intra_session_sparse
USGO,2025-08-27,10,0,55,1,1,1,9.02,419971.0,1,0,09:30,intra_session_sparse
USNA,2025-08-27,10,10,0,0,0,0,31.7,3236022.0,0,0,,no_minute_file
UTZ,2025-08-27,10,0,278,1,1,1,13.29,14088437.0,1,1,07:00,intra_session_sparse
UUU,2025-08-27,10,10,0,1,0,0,3.31,154138.0,1,0,,no_session_bars_has_month_file
UUUU,2025-08-27,10,0,376,1,1,1,12.31,144560466.0,1,1,04:00,intra_session_sparse
UWMC,2025-08-27,10,0,375,1,1,1,5.77,54122482.0,1,1,04:01,intra_session_sparse
UZX,2025-08-27,10,10,0,0,0,0,2.242,15322.0,0,0,,no_minute_file
VACH,2025-08-27,10,10,0,0,0,0,10.42,62660.0,0,0,,no_minute_file
VACI,2025-08-27,10,10,0,0,0,0,,,0,0,,no_daily_history
VALE,2025-08-27,10,0,376,1,1,1,10.22,331609073.0,1,1,04:08,intra_session_sparse
VBIO,2025-08-27,10,2,35,1,1,1,3.12,11050144.0,1,1,04:59,intra_session_sparse
VCIG,2025-08-27,10,10,0,0,0,0,1701.9,7462271.0,0,0,,no_minute_file
VEEE,2025-08-27,10,10,0,0,0,0,75.11,301675.0,0,0,,no_minute_file
VEL,2025-08-27,10,2,59,1,1,1,19.08,2040170.0,1,1,09:30,intra_session_sparse
VELO,2025-08-27,10,10,0,0,0,0,3.98,14319636.0,0,1,,no_minute_file
VENU,2025-08-27,10,0,280,1,1,1,12.28,1087617.0,1,0,04:02,intra_session_sparse
VERI,2025-08-27,10,0,361,1,1,1,2.92,6471769.0,1,1,04:00,intra_session_sparse
VERX,2025-08-27,10,10,0,0,0,0,24.87,51167277.0,0,0,,no_minute_file
VET,2025-08-27,10,0,255,1,1,1,7.54,6673422.0,1,1,09:30,intra_session_sparse
VFC,2025-08-27,10,0,376,1,1,1,14.52,130490286.0,1,1,04:00,intra_session_sparse
VFF,2025-08-27,10,0,289,1,1,1,2.96,7924168.0,1,1,04:01,intra_session_sparse
VFS,2025-08-27,10,0,199,1,1,1,3.46,1463869.0,1,0,08:00,intra_session_sparse
VG,2025-08-27,10,0,374,1,1,1,12.88,91449707.0,1,1,05:05,intra_session_sparse
VGZ,2025-08-27,10,1,194,1,1,1,1.13,933778.0,1,0,04:00,intra_session_sparse
VHC,2025-08-27,10,10,0,1,0,0,13.28,167225.0,1,0,,no_session_bars_has_month_file
VHCP,2025-08-27,10,10,0,0,0,0,,,0,0,,no_daily_history
VHUB,2025-08-27,10,10,0,0,0,0,,,0,0,,no_daily_history
VIA,2025-08-27,10,10,0,0,0,0,10.995,200241.0,0,0,,no_minute_file
VIAV,2025-08-27,10,0,355,1,1,1,11.19,40816277.0,1,1,04:50,intra_session_sparse
VIDA,2025-08-27,10,10,0,0,0,0,,,0,0,,no_daily_history
VIPS,2025-08-27,10,0,330,1,1,1,17.11,43820391.0,1,1,06:16,intra_session_sparse
VIR,2025-08-27,10,0,373,1,1,1,4.44,5075958.0,1,1,06:01,intra_session_sparse
VISN,2025-08-27,10,0,375,1,1,1,16.46,170432651.0,1,1,04:06,intra_session_sparse
VITL,2025-08-27,10,10,0,0,0,0,51.23,55396475.0,0,0,,no_minute_file
VIVK,2025-08-27,10,10,0,0,0,0,,,0,0,,no_daily_history
VIVO,2025-08-27,10,0,234,1,1,1,6.24,10414231.0,1,1,04:01,intra_session_sparse
VIVS,2025-08-27,10,10,0,0,0,0,1.77,64645.0,0,0,,no_minute_file
VLN,2025-08-27,10,0,305,1,1,1,2.04,1464388.0,1,0,04:49,intra_session_sparse
VLRS,2025-08-27,10,0,286,1,1,1,6.11,3180386.0,1,1,09:30,intra_session_sparse
VLY,2025-08-27,10,0,375,1,1,1,10.41,76677283.0,1,1,09:30,intra_session_sparse
VMAR,2025-08-27,10,10,0,0,0,0,62.4,2926772.0,0,0,,no_minute_file
VMD,2025-08-27,10,1,193,1,1,1,7.05,2250022.0,1,1,09:30,intra_session_sparse
VMET,2025-08-27,10,10,0,0,0,0,,,0,0,,no_daily_history
VNCE,2025-08-27,10,10,0,0,0,0,1.45,29265.0,0,0,,no_minute_file
VNDA,2025-08-27,10,1,139,1,1,1,4.67,2476275.0,1,1,08:55,intra_session_sparse
VNME,2025-08-27,10,10,0,0,0,0,9.92,591884.0,0,0,,no_minute_file
VNRX,2025-08-27,10,10,0,0,0,0,13.2,115672.0,0,0,,no_minute_file
VNTG,2025-08-27,10,0,246,1,1,1,5.64,6140673.0,1,1,08:00,intra_session_sparse
VOR,2025-08-27,10,10,0,0,0,0,41.6,9367500.0,0,0,,no_minute_file
VOXR,2025-08-27,10,2,174,1,1,1,3.61,988047.0,1,0,09:06,intra_session_sparse
VOYG,2025-08-27,10,10,0,0,0,0,31.43,32511308.0,0,0,,no_minute_file
VRA,2025-08-27,10,0,77,1,1,1,2.03,249648.0,1,0,09:40,intra_session_sparse
VRCA,2025-08-27,10,2,23,1,1,1,5.97,297713.0,1,0,09:30,intra_session_sparse
VRDN,2025-08-27,10,0,246,1,1,1,18.66,16162161.0,1,1,09:30,intra_session_sparse
VREX,2025-08-27,10,2,197,1,1,1,11.28,5431805.0,1,1,09:30,intra_session_sparse
VRME,2025-08-27,10,10,0,1,0,0,0.944,13535404.0,1,0,,no_session_bars_has_month_file
VRRM,2025-08-27,10,10,0,0,0,0,24.96,24853625.0,0,0,,no_minute_file
VSEE,2025-08-27,10,10,0,1,0,0,0.838,161897.0,1,0,,no_session_bars_has_month_file
VSH,2025-08-27,10,0,337,1,1,1,15.43,30703612.0,1,1,07:40,intra_session_sparse
VSME,2025-08-27,10,10,0,0,0,0,34.8,1022981.0,0,0,,no_minute_file
VSTD,2025-08-27,10,1,62,1,1,1,1.44,548605.0,1,0,07:01,intra_session_sparse
VSTM,2025-08-27,10,0,357,1,1,1,8.9,23258486.0,1,1,07:55,intra_session_sparse
VSTS,2025-08-27,10,0,309,1,1,1,4.54,11511070.0,1,1,09:31,intra_session_sparse
VTAK,2025-08-27,10,2,181,1,1,1,2.79,13223209.0,1,1,04:14,intra_session_sparse
VTEX,2025-08-27,10,0,342,1,1,1,4.11,7121923.0,1,1,07:06,intra_session_sparse
VTGN,2025-08-27,10,0,109,1,1,1,3.1,1878737.0,1,0,07:46,intra_session_sparse
VTIX,2025-08-27,10,10,0,0,0,0,,,0,0,,no_daily_history
VTRS,2025-08-27,10,0,375,1,1,1,10.41,95908880.0,1,1,08:40,intra_session_sparse
VTS,2025-08-27,10,10,0,0,0,0,26.48,8257214.0,0,0,,no_minute_file
VUZI,2025-08-27,10,0,290,1,1,1,2.09,2839831.0,1,1,06:40,intra_session_sparse
VWAV,2025-08-27,10,0,212,1,1,1,9.38,18463338.0,1,1,04:13,intra_session_sparse
VYGR,2025-08-27,10,0,199,1,1,1,3.42,2947585.0,1,1,08:00,intra_session_sparse
VYX,2025-08-27,10,0,329,1,1,1,13.51,24711899.0,1,1,08:36,intra_session_sparse
VZLA,2025-08-27,10,0,341,1,1,1,3.55,10995535.0,1,1,07:31,intra_session_sparse
WAI,2025-08-27,10,0,376,1,1,1,2.828,364810.0,1,0,04:02,intra_session_sparse
WALD,2025-08-27,10,1,158,1,1,1,1.585,931896.0,1,0,07:00,intra_session_sparse
WATT,2025-08-27,10,2,40,1,1,1,8.16,478343.0,1,0,04:45,intra_session_sparse
WAY,2025-08-27,10,10,0,0,0,0,37.16,62832282.0,0,0,,no_minute_file
WBD,2025-08-27,10,0,376,1,1,1,11.8,586454263.0,1,1,04:01,intra_session_sparse
WBI,2025-08-27,10,10,0,0,0,0,,,0,0,,no_daily_history
WBTN,2025-08-27,10,0,241,1,1,1,14.54,20859237.0,1,1,05:21,intra_session_sparse
WBUY,2025-08-27,10,0,61,1,1,1,3.09,820438.0,1,0,08:00,intra_session_sparse
WEAV,2025-08-27,10,0,245,1,1,1,7.52,9902698.0,1,1,09:30,intra_session_sparse
WEN,2025-08-27,10,0,372,1,1,1,10.27,70831951.0,1,1,04:01,intra_session_sparse
WENC,2025-08-27,10,10,0,0,0,0,,,0,0,,no_daily_history
WENN,2025-08-27,10,3,25,1,1,1,10.13,1390047.0,1,0,10:55,intra_session_sparse
WEST,2025-08-27,10,0,259,1,1,1,5.93,3774777.0,1,1,07:11,intra_session_sparse
WGRX,2025-08-27,10,10,0,0,0,0,86.5,6419296.0,0,0,,no_minute_file
WHWK,2025-08-27,10,10,0,1,0,0,1.81,164596.0,1,0,,no_session_bars_has_month_file
WIT,2025-08-27,10,0,376,1,1,1,2.78,21272738.0,1,1,06:46,intra_session_sparse
WKHS,2025-08-27,10,0,197,1,1,1,16.68,2310209.0,1,1,07:42,intra_session_sparse
WKSP,2025-08-27,10,1,109,1,1,1,3.01,931581.0,1,0,08:13,intra_session_sparse
WLDS,2025-08-27,10,1,64,1,1,1,3.24,1775962.0,1,0,06:39,intra_session_sparse
WLKP,2025-08-27,10,10,0,0,0,0,22.32,756539.0,0,0,,no_minute_file
WLTH,2025-08-27,10,10,0,0,0,0,,,0,0,,no_daily_history
WNC,2025-08-27,10,0,304,1,1,1,11.24,7044827.0,1,1,09:30,intra_session_sparse
WNW,2025-08-27,10,10,0,0,0,0,175.0,23397.0,0,0,,no_minute_file
WOK,2025-08-27,10,10,0,0,0,0,15662.0,19577.0,0,0,,no_minute_file
WOLF,2025-08-27,10,0,372,1,1,1,1.33,11977773.0,1,1,04:00,intra_session_sparse
WOOF,2025-08-27,10,0,374,1,1,1,3.18,8776744.0,1,1,04:00,intra_session_sparse
WPAC,2025-08-27,10,10,0,0,0,0,,,0,0,,no_daily_history
WPP,2025-08-27,10,10,0,0,0,0,26.31,12728718.0,0,0,,no_minute_file
WRBY,2025-08-27,10,10,0,0,0,0,26.69,46334504.0,0,0,,no_minute_file
WRN,2025-08-27,10,1,126,1,1,1,1.42,522822.0,1,0,07:58,intra_session_sparse
WSC,2025-08-27,10,10,0,0,0,0,24.54,72782357.0,0,0,,no_minute_file
WSE,2025-08-27,10,10,0,0,0,0,,,0,0,,no_daily_history
WSHP,2025-08-27,10,10,0,0,0,0,,,0,0,,no_daily_history
WSR,2025-08-27,10,0,112,1,1,1,12.83,2507211.0,1,1,09:30,intra_session_sparse
WTI,2025-08-27,10,0,277,1,1,1,1.8,2100841.0,1,1,07:18,intra_session_sparse
WTO,2025-08-27,10,10,0,0,0,0,455.0,43331.0,0,0,,no_minute_file
WTTR,2025-08-27,10,0,290,1,1,1,8.24,9037321.0,1,1,08:27,intra_session_sparse
WU,2025-08-27,10,0,373,1,1,1,8.58,79030385.0,1,1,04:11,intra_session_sparse
WULF,2025-08-27,10,0,376,1,1,1,9.24,517977907.0,1,1,04:00,intra_session_sparse
WVE,2025-08-27,10,0,351,1,1,1,9.97,15259944.0,1,1,07:47,intra_session_sparse
WW,2025-08-27,10,10,0,0,0,0,31.0,14411836.0,0,0,,no_minute_file
WWR,2025-08-27,10,10,0,0,0,0,0.751,851393.0,0,0,,no_minute_file
WWW,2025-08-27,10,10,0,0,0,0,31.5,57892886.0,0,0,,no_minute_file
WYFI,2025-08-27,10,10,0,0,0,0,16.68,33302018.0,0,1,,no_minute_file
XAIR,2025-08-27,10,2,69,1,1,1,2.25,477047.0,1,0,08:00,intra_session_sparse
XBIO,2025-08-27,10,10,0,0,0,0,2.89,107563.0,0,0,,no_minute_file
XBP,2025-08-27,10,2,89,1,1,1,5.97,13995204.0,1,1,04:03,intra_session_sparse
XCUR,2025-08-27,10,2,31,1,1,1,5.89,543763.0,1,0,08:51,intra_session_sparse
XELB,2025-08-27,10,2,67,1,1,1,3.93,1899395.0,1,0,04:04,intra_session_sparse
XERS,2025-08-27,10,0,335,1,1,1,7.95,24210294.0,1,1,08:20,intra_session_sparse
XFLH,2025-08-27,10,10,0,0,0,0,,,0,0,,no_daily_history
XFOR,2025-08-27,10,0,263,1,1,1,4.58,29302202.0,1,1,04:01,intra_session_sparse
XGN,2025-08-27,10,2,245,1,1,1,9.9,2604322.0,1,1,09:30,intra_session_sparse
XHLD,2025-08-27,10,10,0,0,0,0,4.797,113903.0,0,0,,no_minute_file
XHR,2025-08-27,10,0,269,1,1,1,13.94,14366978.0,1,1,09:30,intra_session_sparse
XIFR,2025-08-27,10,2,262,1,1,1,10.14,12225126.0,1,1,09:29,intra_session_sparse
XMAX,2025-08-27,10,0,39,1,1,1,2.01,1212686.0,1,0,09:10,intra_session_sparse
XNCR,2025-08-27,10,0,258,1,1,1,7.9,5802468.0,1,1,08:00,intra_session_sparse
XNDU,2025-08-27,10,2,3,1,1,1,10.03,705074.0,1,0,09:47,intra_session_sparse
XOS,2025-08-27,10,1,73,1,1,1,3.05,4811554.0,1,1,08:09,intra_session_sparse
XP,2025-08-27,10,0,375,1,1,1,16.76,102537154.0,1,1,07:58,intra_session_sparse
XPER,2025-08-27,10,2,212,1,1,1,6.01,3760227.0,1,1,08:00,intra_session_sparse
XPOF,2025-08-27,10,1,300,1,1,1,8.66,8474447.0,1,1,09:30,intra_session_sparse
XPON,2025-08-27,10,0,220,1,1,1,1.59,43885026.0,1,1,04:59,intra_session_sparse
XPRO,2025-08-27,10,0,349,1,1,1,12.17,15205201.0,1,1,09:30,intra_session_sparse
XRAY,2025-08-27,10,0,355,1,1,1,14.34,57888843.0,1,1,08:30,intra_session_sparse
XRPN,2025-08-27,10,7,2,1,1,1,10.29,2386781.0,1,1,13:54,intra_session_sparse
XRTX,2025-08-27,10,10,0,1,0,0,4.049,77263.0,1,0,,no_session_bars_has_month_file
XRX,2025-08-27,10,0,376,1,1,1,3.82,19667103.0,1,1,07:54,intra_session_sparse
XTIA,2025-08-27,10,1,239,1,1,1,1.84,1705743.0,1,0,06:21,intra_session_sparse
XWEL,2025-08-27,10,10,0,0,0,0,1.08,13373.0,0,0,,no_minute_file
XXI,2025-08-27,10,10,0,0,0,0,23.56,8652263.0,0,0,,no_minute_file
XXII,2025-08-27,10,10,0,0,0,0,27.75,730415.0,0,0,,no_minute_file
XZO,2025-08-27,10,10,0,0,0,0,,,0,0,,no_daily_history
YAAS,2025-08-27,10,10,0,0,0,0,25.99,147974.0,0,0,,no_minute_file
YCBD,2025-08-27,10,10,0,0,0,0,0.71,108276.0,0,0,,no_minute_file
YCY,2025-08-27,10,10,0,0,0,0,,,0,0,,no_daily_history
YDDL,2025-08-27,10,10,0,0,0,0,,,0,0,,no_daily_history
YDES,2025-08-27,10,10,0,0,0,0,,,0,0,,no_daily_history
YDKG,2025-08-27,10,10,0,0,0,0,279.0,3527979.0,0,0,,no_minute_file
YELP,2025-08-27,10,10,0,0,0,0,31.43,33521157.0,0,0,,no_minute_file
YEXT,2025-08-27,10,0,324,1,1,1,9.0,9031305.0,1,1,08:18,intra_session_sparse
YHGJ,2025-08-27,10,10,0,0,0,0,5.304,16012.0,0,0,,no_minute_file
YMAT,2025-08-27,10,0,224,1,1,1,2.03,4383496.0,1,1,04:00,intra_session_sparse
YOOV,2025-08-27,10,10,0,1,0,0,1.69,87142.0,1,0,,no_session_bars_has_month_file
YSS,2025-08-27,10,10,0,0,0,0,,,0,0,,no_daily_history
YSXT,2025-08-27,10,1,61,1,1,1,2.44,1595800.0,1,0,08:05,intra_session_sparse
YYGH,2025-08-27,10,10,0,0,0,0,108.5,1037385.0,0,0,,no_minute_file
ZBIO,2025-08-27,10,0,161,1,1,1,17.0,2644959.0,1,1,09:30,intra_session_sparse
ZDAI,2025-08-27,10,2,36,1,1,1,8.72,402522.0,1,0,09:30,intra_session_sparse
ZDGE,2025-08-27,10,10,0,1,0,0,3.02,128300.0,1,0,,no_session_bars_has_month_file
ZENA,2025-08-27,10,0,216,1,1,1,4.94,10045506.0,1,1,04:01,intra_session_sparse
ZETA,2025-08-27,10,0,376,1,1,1,19.72,207645670.0,1,1,04:01,intra_session_sparse
ZGN,2025-08-27,10,0,294,1,1,1,8.26,6192881.0,1,1,09:26,intra_session_sparse
ZIM,2025-08-27,10,0,364,1,1,1,14.47,102720501.0,1,1,05:03,intra_session_sparse
ZIP,2025-08-27,10,1,317,1,1,1,5.03,6817133.0,1,1,09:30,intra_session_sparse
ZNTL,2025-08-27,10,0,271,1,1,1,1.85,1319840.0,1,0,06:45,intra_session_sparse
ZONE,2025-08-27,10,2,47,1,1,1,6.49,286815.0,1,0,07:11,intra_session_sparse
ZSQR,2025-08-27,10,0,38,1,1,1,13.21,595407.0,1,0,08:00,intra_session_sparse
ZSTK,2025-08-27,10,10,0,1,0,0,22.222,388206.0,1,0,,no_session_bars_has_month_file
ZTG,2025-08-27,10,10,0,0,0,0,,,0,0,,no_daily_history
ZUMZ,2025-08-27,10,1,195,1,1,1,16.9,2363444.0,1,1,09:30,intra_session_sparse
ZURA,2025-08-27,10,0,167,1,1,1,2.03,641063.0,1,0,08:45,intra_session_sparse
ZVIA,2025-08-27,10,0,281,1,1,1,2.76,2548753.0,1,1,04:49,intra_session_sparse
ZVRA,2025-08-27,10,0,224,1,1,1,9.41,16469411.0,1,1,04:00,intra_session_sparse
ZYBT,2025-08-27,10,2,51,1,1,1,8.42,1201980.0,1,0,09:47,intra_session_sparse
ZYME,2025-08-27,10,0,268,1,1,1,14.83,6021556.0,1,1,09:30,intra_session_sparse
AACI,2025-08-28,11,4,1,1,1,1,10.27,2371588.0,1,1,11:13,intra_session_sparse
AAL,2025-08-28,11,0,376,1,1,1,13.13,793286122.0,1,1,04:01,intra_session_sparse
AAOI,2025-08-28,11,11,0,0,0,0,24.05,130440328.0,0,0,,no_minute_file
AARD,2025-08-28,11,2,111,1,1,1,8.99,661417.0,1,0,08:20,intra_session_sparse
AAUC,2025-08-28,11,0,123,1,1,1,13.95,2357028.0,1,1,09:30,intra_session_sparse
ABAT,2025-08-28,11,0,368,1,1,1,2.62,11427199.0,1,1,04:02,intra_session_sparse
ABCL,2025-08-28,11,0,373,1,1,1,4.35,22762299.0,1,1,04:00,intra_session_sparse
ABEO,2025-08-28,11,0,259,1,1,1,6.9,4888508.0,1,1,08:28,intra_session_sparse
ABEV,2025-08-28,11,0,376,1,1,1,2.21,56720086.0,1,1,04:02,intra_session_sparse
ABOS,2025-08-28,11,1,133,1,1,1,1.39,349094.0,1,0,08:03,intra_session_sparse
ABSI,2025-08-28,11,0,358,1,1,1,2.55,13007650.0,1,1,04:02,intra_session_sparse
ABTC,2025-08-28,11,0,375,1,1,1,6.05,6395021.0,1,1,04:00,intra_session_sparse
ABTS,2025-08-28,11,11,0,0,0,0,3.79,54082.0,0,0,,no_minute_file
ABUS,2025-08-28,11,0,288,1,1,1,3.65,2876746.0,1,1,09:30,intra_session_sparse
ABX,2025-08-28,11,1,217,1,1,1,6.91,4233698.0,1,1,09:30,intra_session_sparse
ACB,2025-08-28,11,0,364,1,1,1,5.33,10131584.0,1,1,07:53,intra_session_sparse
ACCL,2025-08-28,11,11,0,0,0,0,,,0,0,,no_daily_history
ACCO,2025-08-28,11,2,192,1,1,1,3.97,2216777.0,1,1,09:30,intra_session_sparse
ACDC,2025-08-28,11,0,335,1,1,1,4.15,9206209.0,1,1,05:08,intra_session_sparse
ACEL,2025-08-28,11,0,126,1,1,1,11.55,4963686.0,1,1,08:34,intra_session_sparse
ACET,2025-08-28,11,0,147,1,1,1,12.09,455052.0,1,0,07:01,intra_session_sparse
ACH,2025-08-28,11,0,351,1,1,1,4.89,11630301.0,1,1,07:03,intra_session_sparse
ACHC,2025-08-28,11,11,0,1,0,0,22.185,52971746.0,1,0,,no_session_bars_has_month_file
ACHR,2025-08-28,11,0,376,1,1,1,9.15,280986737.0,1,1,04:00,intra_session_sparse
ACHV,2025-08-28,11,0,285,1,1,1,2.98,3286251.0,1,1,04:01,intra_session_sparse
ACI,2025-08-28,11,0,370,1,1,1,19.53,105191724.0,1,1,09:08,intra_session_sparse
ACIC,2025-08-28,11,0,178,1,1,1,10.7,2391966.0,1,1,09:30,intra_session_sparse
ACIU,2025-08-28,11,2,61,1,1,1,2.07,233233.0,1,0,09:30,intra_session_sparse
ACNT,2025-08-28,11,2,35,1,1,1,12.06,605097.0,1,0,09:32,intra_session_sparse
ACON,2025-08-28,11,11,0,0,0,0,7.05,75880.0,0,0,,no_minute_file
ACRE,2025-08-28,11,2,155,1,1,1,4.63,2156664.0,1,1,09:30,intra_session_sparse
ACRS,2025-08-28,11,0,326,1,1,1,1.82,1327559.0,1,0,08:00,intra_session_sparse
ACRV,2025-08-28,11,0,79,1,1,1,1.36,256274.0,1,0,08:00,intra_session_sparse
ACTG,2025-08-28,11,2,80,1,1,1,3.29,768297.0,1,0,09:30,intra_session_sparse
ACVA,2025-08-28,11,0,352,1,1,1,11.51,36746423.0,1,1,08:00,intra_session_sparse
ACXP,2025-08-28,11,2,134,1,1,1,4.87,327616.0,1,0,09:30,intra_session_sparse
ADCT,2025-08-28,11,1,234,1,1,1,3.22,2128019.0,1,1,09:30,intra_session_sparse
ADEA,2025-08-28,11,1,232,1,1,1,15.56,8062578.0,1,1,08:00,intra_session_sparse
ADMA,2025-08-28,11,0,343,1,1,1,17.25,59307546.0,1,1,08:00,intra_session_sparse
ADNT,2025-08-28,11,11,0,0,0,0,25.56,28997569.0,0,0,,no_minute_file
ADPT,2025-08-28,11,0,362,1,1,1,12.97,27071032.0,1,1,08:31,intra_session_sparse
ADT,2025-08-28,11,0,374,1,1,1,8.76,90108674.0,1,1,08:00,intra_session_sparse
ADTN,2025-08-28,11,0,249,1,1,1,9.34,8830672.0,1,1,04:00,intra_session_sparse
ADUR,2025-08-28,11,1,136,1,1,1,11.64,2511130.0,1,1,08:00,intra_session_sparse
ADVB,2025-08-28,11,2,17,1,1,1,8.16,878589.0,1,0,09:30,intra_session_sparse
AEAQ,2025-08-28,11,11,0,0,0,0,,,0,0,,no_daily_history
AEBI,2025-08-28,11,0,184,1,1,1,11.83,4639490.0,1,1,09:30,intra_session_sparse
AEC,2025-08-28,11,11,0,0,0,0,,,0,0,,no_daily_history
AEG,2025-08-28,11,0,328,1,1,1,7.81,36779140.0,1,1,06:00,intra_session_sparse
AEHL,2025-08-28,11,0,18,1,1,1,19.26,283645.0,1,0,09:35,intra_session_sparse
AEHR,2025-08-28,11,11,0,1,0,0,24.3,38666307.0,1,0,,no_session_bars_has_month_file
AEI,2025-08-28,11,11,0,0,0,0,1.45,83226.0,0,0,,no_minute_file
AEO,2025-08-28,11,0,375,1,1,1,13.22,202177427.0,1,1,04:01,intra_session_sparse
AES,2025-08-28,11,0,376,1,1,1,13.36,116075719.0,1,1,08:05,intra_session_sparse
AESI,2025-08-28,11,0,309,1,1,1,11.7,18164647.0,1,1,09:30,intra_session_sparse
AEVA,2025-08-28,11,0,375,1,1,1,15.77,41545859.0,1,1,04:00,intra_session_sparse
AEXA,2025-08-28,11,11,0,0,0,0,,,0,0,,no_daily_history
AFYA,2025-08-28,11,2,70,1,1,1,15.1,1486060.0,1,0,09:30,intra_session_sparse
AG,2025-08-28,11,0,375,1,1,1,9.08,130663449.0,1,1,04:00,intra_session_sparse
AGBK,2025-08-28,11,11,0,0,0,0,,,0,0,,no_daily_history
AGCC,2025-08-28,11,11,0,0,0,0,,,0,0,,no_daily_history
AGEN,2025-08-28,11,0,266,1,1,1,4.54,2420670.0,1,1,08:00,intra_session_sparse
AGIG,2025-08-28,11,0,174,1,1,1,8.58,1304551.0,1,0,04:07,intra_session_sparse
AGL,2025-08-28,11,11,0,0,0,0,32.5,22285855.0,0,0,,no_minute_file
AGMH,2025-08-28,11,1,88,1,1,1,2.03,236985.0,1,0,05:45,intra_session_sparse
AGNC,2025-08-28,11,0,376,1,1,1,9.8,157663521.0,1,1,04:00,intra_session_sparse
AGNT,2025-08-28,11,0,310,1,1,1,10.77,11395539.0,1,1,09:10,intra_session_sparse
AGPU,2025-08-28,11,11,0,0,0,0,13.71,143305.0,0,0,,no_minute_file
AGRO,2025-08-28,11,2,291,1,1,1,8.42,4984528.0,1,1,09:30,intra_session_sparse
AGRZ,2025-08-28,11,11,0,0,0,0,,,0,0,,no_daily_history
AHCO,2025-08-28,11,0,292,1,1,1,9.21,11082765.0,1,1,09:30,intra_session_sparse
AHMA,2025-08-28,11,11,0,0,0,0,,,0,0,,no_daily_history
AI,2025-08-28,11,0,376,1,1,1,17.31,200845475.0,1,1,04:00,intra_session_sparse
AIAI,2025-08-28,11,11,0,0,0,0,,,0,0,,no_daily_history
AIB,2025-08-28,11,11,0,0,0,0,11.73,4967.0,0,0,,no_minute_file
AIDX,2025-08-28,11,11,0,0,0,0,,,0,0,,no_daily_history
AIFA,2025-08-28,11,11,0,0,0,0,1.15,32502.0,0,0,,no_minute_file
AIFC,2025-08-28,11,0,376,1,1,1,6.85,78138130.0,1,1,04:00,intra_session_sparse
AIFF,2025-08-28,11,0,280,1,1,1,2.63,12103617.0,1,1,04:12,intra_session_sparse
AIHS,2025-08-28,11,11,0,0,0,0,2.23,90152.0,0,0,,no_minute_file
AII,2025-08-28,11,2,109,1,1,1,19.47,1357531.0,1,0,09:30,intra_session_sparse
AIIA,2025-08-28,11,11,0,0,0,0,,,0,0,,no_daily_history
AIIO,2025-08-28,11,11,0,0,0,0,270.0,382984.0,0,0,,no_minute_file
AIM,2025-08-28,11,0,38,1,1,1,2.5,254173.0,1,0,08:00,intra_session_sparse
AIMD,2025-08-28,11,0,46,1,1,1,3.8,23389439.0,1,1,08:01,intra_session_sparse
AIOS,2025-08-28,11,11,0,0,0,0,78.51,78552.0,0,0,,no_minute_file
AIOT,2025-08-28,11,0,305,1,1,1,4.8,8279616.0,1,1,07:00,intra_session_sparse
AIP,2025-08-28,11,2,153,1,1,1,9.7,24488904.0,1,1,07:33,intra_session_sparse
AIRE,2025-08-28,11,0,351,1,1,1,8.628,2783127.0,1,1,04:00,intra_session_sparse
AIRJ,2025-08-28,11,1,72,1,1,1,4.87,447564.0,1,0,09:30,intra_session_sparse
AIRO,2025-08-28,11,11,0,0,0,0,24.09,16678987.0,0,0,,no_minute_file
AIRS,2025-08-28,11,1,256,1,1,1,6.37,5571381.0,1,1,06:12,intra_session_sparse
AISP,2025-08-28,11,0,284,1,1,1,4.64,3089261.0,1,1,04:34,intra_session_sparse
AIV,2025-08-28,11,0,294,1,1,1,7.89,16443349.0,1,1,09:20,intra_session_sparse
AIXC,2025-08-28,11,11,0,1,0,0,1.82,119243.0,1,0,,no_session_bars_has_month_file
AKBA,2025-08-28,11,0,373,1,1,1,3.01,13875956.0,1,1,04:23,intra_session_sparse
AKTS,2025-08-28,11,11,0,0,0,0,0.037,3065789.0,0,0,,no_minute_file
ALBT,2025-08-28,11,0,36,1,1,1,2.07,214305.0,1,0,09:00,intra_session_sparse
ALDX,2025-08-28,11,0,275,1,1,1,5.85,4653392.0,1,1,07:01,intra_session_sparse
ALEC,2025-08-28,11,0,291,1,1,1,2.4,3466503.0,1,1,08:10,intra_session_sparse
ALGS,2025-08-28,11,2,75,1,1,1,11.33,700468.0,1,0,08:31,intra_session_sparse
ALH,2025-08-28,11,11,0,0,0,0,,,0,0,,no_daily_history
ALHC,2025-08-28,11,0,351,1,1,1,16.14,52139566.0,1,1,09:30,intra_session_sparse
ALIS,2025-08-28,11,11,0,0,0,0,,,0,0,,no_daily_history
ALIT,2025-08-28,11,0,373,1,1,1,3.91,40500863.0,1,1,07:17,intra_session_sparse
ALKT,2025-08-28,11,11,0,0,0,0,25.27,45177981.0,0,0,,no_minute_file
ALLO,2025-08-28,11,0,330,1,1,1,1.16,6033110.0,1,1,07:00,intra_session_sparse
ALLR,2025-08-28,11,0,364,1,1,1,1.59,29158091.0,1,1,04:00,intra_session_sparse
ALLT,2025-08-28,11,0,210,1,1,1,7.74,4106639.0,1,1,06:44,intra_session_sparse
ALM,2025-08-28,11,1,247,1,1,1,4.21,3405940.0,1,1,05:00,intra_session_sparse
ALMS,2025-08-28,11,0,246,1,1,1,4.92,3072359.0,1,1,06:12,intra_session_sparse
ALMU,2025-08-28,11,11,0,1,0,0,20.585,5342220.0,1,0,,no_session_bars_has_month_file
ALOY,2025-08-28,11,2,43,1,1,1,5.71,294970.0,1,0,09:31,intra_session_sparse
ALP,2025-08-28,11,2,12,1,1,1,7.36,424203.0,1,0,09:55,intra_session_sparse
ALPS,2025-08-28,11,11,0,0,0,0,,,0,0,,no_daily_history
ALT,2025-08-28,11,0,340,1,1,1,3.67,10431504.0,1,1,04:00,intra_session_sparse
ALTG,2025-08-28,11,2,201,1,1,1,8.34,1952084.0,1,0,04:57,intra_session_sparse
ALTO,2025-08-28,11,1,156,1,1,1,1.05,236259.0,1,0,08:00,intra_session_sparse
ALVO,2025-08-28,11,2,145,1,1,1,8.03,4205448.0,1,1,08:50,intra_session_sparse
ALXO,2025-08-28,11,0,180,1,1,1,1.2,1585413.0,1,0,06:35,intra_session_sparse
AM,2025-08-28,11,0,332,1,1,1,17.71,51003948.0,1,1,08:53,intra_session_sparse
AMBO,2025-08-28,11,11,0,0,0,0,3.626,138397.0,0,0,,no_minute_file
AMBP,2025-08-28,11,0,305,1,1,1,3.69,4287683.0,1,1,09:30,intra_session_sparse
AMC,2025-08-28,11,0,376,1,1,1,2.84,33959738.0,1,1,04:10,intra_session_sparse
AMCI,2025-08-28,11,11,0,0,0,0,11.97,169506.0,0,0,,no_minute_file
AMCX,2025-08-28,11,0,184,1,1,1,6.99,5530404.0,1,1,09:30,intra_session_sparse
AMIX,2025-08-28,11,0,85,1,1,1,1.18,323247.0,1,0,04:40,intra_session_sparse
AMLX,2025-08-28,11,0,314,1,1,1,9.45,9849827.0,1,1,04:12,intra_session_sparse
AMN,2025-08-28,11,11,0,1,0,0,20.11,21949767.0,1,0,,no_session_bars_has_month_file
AMOD,2025-08-28,11,1,72,1,1,1,1.09,230025.0,1,0,07:36,intra_session_sparse
AMPG,2025-08-28,11,0,243,1,1,1,3.06,2369678.0,1,1,05:10,intra_session_sparse
AMPH,2025-08-28,11,11,0,0,0,0,30.49,17727864.0,0,0,,no_minute_file
AMPL,2025-08-28,11,0,313,1,1,1,11.45,22859426.0,1,1,09:28,intra_session_sparse
AMPX,2025-08-28,11,0,372,1,1,1,7.3,58537821.0,1,1,04:21,intra_session_sparse
AMPY,2025-08-28,11,2,166,1,1,1,4.07,2361345.0,1,1,09:22,intra_session_sparse
AMRN,2025-08-28,11,2,76,1,1,1,15.47,1019470.0,1,0,08:59,intra_session_sparse
AMRX,2025-08-28,11,0,306,1,1,1,9.36,14913327.0,1,1,09:25,intra_session_sparse
AMST,2025-08-28,11,11,0,1,0,0,2.71,50849.0,1,0,,no_session_bars_has_month_file
AMTB,2025-08-28,11,11,0,1,0,0,21.43,3715274.0,1,0,,no_session_bars_has_month_file
AMTX,2025-08-28,11,0,259,1,1,1,2.58,1901735.0,1,0,09:30,intra_session_sparse
ANAB,2025-08-28,11,11,0,1,0,0,20.4,9640006.0,1,0,,no_session_bars_has_month_file
ANDG,2025-08-28,11,11,0,0,0,0,,,0,0,,no_daily_history
ANGH,2025-08-28,11,11,0,1,0,0,3.375,90796.0,1,0,,no_session_bars_has_month_file
ANGI,2025-08-28,11,0,254,1,1,1,17.49,14219385.0,1,1,09:30,intra_session_sparse
ANGO,2025-08-28,11,2,163,1,1,1,10.01,3256814.0,1,1,09:30,intra_session_sparse
ANGX,2025-08-28,11,11,0,0,0,0,,,0,0,,no_daily_history
ANIK,2025-08-28,11,1,128,1,1,1,9.18,1173845.0,1,0,09:30,intra_session_sparse
ANIX,2025-08-28,11,1,40,1,1,1,2.95,230875.0,1,0,09:30,intra_session_sparse
ANNA,2025-08-28,11,11,0,0,0,0,4.244,93392.0,0,0,,no_minute_file
ANNX,2025-08-28,11,0,320,1,1,1,2.11,2792924.0,1,1,08:02,intra_session_sparse
ANPA,2025-08-28,11,11,0,0,0,0,48.0,1637572.0,0,0,,no_minute_file
ANRO,2025-08-28,11,0,94,1,1,1,4.12,350048.0,1,0,04:44,intra_session_sparse
ANSC,2025-08-28,11,11,0,1,0,0,10.89,98318.0,1,0,,no_session_bars_has_month_file
ANTX,2025-08-28,11,11,0,0,0,0,1.14,100502.0,0,0,,no_minute_file
ANVS,2025-08-28,11,2,61,1,1,1,2.35,649225.0,1,0,08:00,intra_session_sparse
ANY,2025-08-28,11,0,200,1,1,1,5.864,619107.0,1,0,04:10,intra_session_sparse
AOMR,2025-08-28,11,2,119,1,1,1,9.64,2140011.0,1,1,09:30,intra_session_sparse
AOSL,2025-08-28,11,11,0,0,0,0,29.61,6289007.0,0,0,,no_minute_file
AP,2025-08-28,11,11,0,1,0,0,2.76,172961.0,1,0,,no_session_bars_has_month_file
APC,2025-08-28,11,11,0,0,0,0,,,0,0,,no_daily_history
APLD,2025-08-28,11,0,376,1,1,1,16.7,526812224.0,1,1,04:00,intra_session_sparse
APLE,2025-08-28,11,0,363,1,1,1,13.17,38905464.0,1,1,04:01,intra_session_sparse
APLM,2025-08-28,11,11,0,1,0,0,6.23,77753.0,1,0,,no_session_bars_has_month_file
APM,2025-08-28,11,0,166,1,1,1,2.25,87043763.0,1,1,04:00,intra_session_sparse
APPN,2025-08-28,11,11,0,0,0,0,29.5,34585732.0,0,0,,no_minute_file
APPS,2025-08-28,11,0,344,1,1,1,4.19,20265661.0,1,1,07:46,intra_session_sparse
APVO,2025-08-28,11,11,0,0,0,0,32.22,294990.0,0,0,,no_minute_file
APXT,2025-08-28,11,11,0,0,0,0,,,0,0,,no_daily_history
AQB,2025-08-28,11,0,376,1,1,1,0.908,490236.0,1,0,04:00,intra_session_sparse
AQMS,2025-08-28,11,2,22,1,1,1,3.79,201082.0,1,0,10:06,intra_session_sparse
AQN,2025-08-28,11,0,345,1,1,1,5.81,37780200.0,1,1,08:52,intra_session_sparse
AQST,2025-08-28,11,0,278,1,1,1,3.85,5768177.0,1,1,08:41,intra_session_sparse
ARAI,2025-08-28,11,2,89,1,1,1,5.13,1192617.0,1,0,08:00,intra_session_sparse
ARBB,2025-08-28,11,11,0,0,0,0,4.248,109246.0,0,0,,no_minute_file
ARBE,2025-08-28,11,1,220,1,1,1,1.39,1523656.0,1,0,04:16,intra_session_sparse
ARCC,2025-08-28,11,11,0,0,0,0,22.31,74820860.0,0,0,,no_minute_file
ARCO,2025-08-28,11,1,321,1,1,1,6.96,11300205.0,1,1,08:09,intra_session_sparse
ARCT,2025-08-28,11,1,263,1,1,1,17.29,11871514.0,1,1,08:25,intra_session_sparse
ARDT,2025-08-28,11,1,133,1,1,1,12.71,4883684.0,1,1,09:30,intra_session_sparse
ARDX,2025-08-28,11,0,374,1,1,1,6.19,24732383.0,1,1,04:02,intra_session_sparse
AREC,2025-08-28,11,0,360,1,1,1,2.18,7541707.0,1,1,04:00,intra_session_sparse
ARHS,2025-08-28,11,1,327,1,1,1,11.99,27817385.0,1,1,09:30,intra_session_sparse
ARI,2025-08-28,11,0,257,1,1,1,10.36,8536308.0,1,1,09:30,intra_session_sparse
ARIS,2025-08-28,11,0,340,1,1,1,8.14,11851912.0,1,1,07:14,intra_session_sparse
ARKO,2025-08-28,11,0,194,1,1,1,5.05,2530898.0,1,1,09:30,intra_session_sparse
ARLO,2025-08-28,11,0,294,1,1,1,17.58,30258191.0,1,1,09:30,intra_session_sparse
ARMP,2025-08-28,11,11,0,0,0,0,2.44,26259.0,0,0,,no_minute_file
ARQ,2025-08-28,11,2,205,1,1,1,7.61,2410530.0,1,1,07:45,intra_session_sparse
ARQQ,2025-08-28,11,11,0,0,0,0,30.41,12102380.0,0,0,,no_minute_file
ARQT,2025-08-28,11,0,345,1,1,1,15.65,26787847.0,1,1,07:16,intra_session_sparse
ARR,2025-08-28,11,0,364,1,1,1,15.08,75238772.0,1,1,08:00,intra_session_sparse
ARRY,2025-08-28,11,0,367,1,1,1,9.03,71700123.0,1,1,04:12,intra_session_sparse
ARTL,2025-08-28,11,11,0,0,0,0,27.0,1099786.0,0,0,,no_minute_file
ARTV,2025-08-28,11,11,0,1,0,0,3.27,194663.0,1,0,,no_session_bars_has_month_file
ARVN,2025-08-28,11,0,321,1,1,1,8.08,13627368.0,1,1,07:01,intra_session_sparse
ARX,2025-08-28,11,11,0,0,0,0,29.29,20636088.0,0,0,,no_minute_file
ASAN,2025-08-28,11,0,374,1,1,1,14.33,47491201.0,1,1,07:00,intra_session_sparse
ASBP,2025-08-28,11,11,0,0,0,0,639.36,15910209.0,0,0,,no_minute_file
ASC,2025-08-28,11,0,220,1,1,1,11.58,6195077.0,1,1,04:56,intra_session_sparse
ASIC,2025-08-28,11,11,0,1,0,0,23.37,2465335.0,1,0,,no_session_bars_has_month_file
ASIX,2025-08-28,11,11,0,1,0,0,20.82,4835022.0,1,0,,no_session_bars_has_month_file
ASLE,2025-08-28,11,0,258,1,1,1,8.77,4964589.0,1,1,08:07,intra_session_sparse
ASM,2025-08-28,11,0,367,1,1,1,4.39,18767705.0,1,1,04:00,intra_session_sparse
ASPC,2025-08-28,11,11,0,0,0,0,10.3,17516.0,0,0,,no_minute_file
ASPI,2025-08-28,11,0,376,1,1,1,10.08,41335767.0,1,1,04:31,intra_session_sparse
ASPN,2025-08-28,11,0,303,1,1,1,7.02,18889937.0,1,1,04:04,intra_session_sparse
ASRT,2025-08-28,11,11,0,1,0,0,11.55,192547.0,1,0,,no_session_bars_has_month_file
ASST,2025-08-28,11,11,0,0,0,0,118.2,15806974.0,0,0,,no_minute_file
ASTC,2025-08-28,11,11,0,0,0,0,5.183,25102.0,0,0,,no_minute_file
ASTH,2025-08-28,11,11,0,0,0,0,31.21,13634911.0,0,0,,no_minute_file
ASTI,2025-08-28,11,0,302,1,1,1,2.1,324796.0,1,0,07:06,intra_session_sparse
ASTL,2025-08-28,11,0,297,1,1,1,4.93,5410239.0,1,1,08:32,intra_session_sparse
ASX,2025-08-28,11,0,369,1,1,1,10.02,69814689.0,1,1,06:41,intra_session_sparse
ASYS,2025-08-28,11,2,108,1,1,1,5.97,387595.0,1,0,09:30,intra_session_sparse
ATAI,2025-08-28,11,0,357,1,1,1,4.57,28402602.0,1,1,04:05,intra_session_sparse
ATCH,2025-08-28,11,11,0,0,0,0,0.193,7265249.0,0,0,,no_minute_file
ATCX,2025-08-28,11,11,0,0,0,0,,,0,0,,no_daily_history
ATEC,2025-08-28,11,0,359,1,1,1,16.18,48462454.0,1,1,09:25,intra_session_sparse
ATEN,2025-08-28,11,0,214,1,1,1,17.45,13862586.0,1,1,04:56,intra_session_sparse
ATER,2025-08-28,11,11,0,0,0,0,1.01,128458.0,0,0,,no_minute_file
ATEX,2025-08-28,11,11,0,0,0,0,23.64,4855815.0,0,0,,no_minute_file
ATII,2025-08-28,11,3,2,1,1,1,10.2,627949.0,1,0,09:39,intra_session_sparse
ATLX,2025-08-28,11,0,232,1,1,1,5.28,3670372.0,1,1,07:00,intra_session_sparse
ATOM,2025-08-28,11,0,175,1,1,1,3.39,1645824.0,1,0,09:30,intra_session_sparse
ATPC,2025-08-28,11,11,0,0,0,0,69.25,64689.0,0,0,,no_minute_file
ATRA,2025-08-28,11,2,57,1,1,1,12.35,596495.0,1,0,09:30,intra_session_sparse
ATYR,2025-08-28,11,0,367,1,1,1,5.17,19873214.0,1,1,04:00,intra_session_sparse
AUID,2025-08-28,11,2,16,1,1,1,4.42,242968.0,1,0,09:36,intra_session_sparse
AUNA,2025-08-28,11,11,0,0,0,0,6.29,151712.0,0,0,,no_minute_file
AUPH,2025-08-28,11,1,293,1,1,1,12.11,32242115.0,1,1,04:50,intra_session_sparse
AUR,2025-08-28,11,0,376,1,1,1,5.72,145296029.0,1,1,04:04,intra_session_sparse
AURA,2025-08-28,11,0,133,1,1,1,6.44,1021522.0,1,0,08:04,intra_session_sparse
AURE,2025-08-28,11,2,19,1,1,1,5.148,449246.0,1,0,04:27,intra_session_sparse
AUST,2025-08-28,11,11,0,0,0,0,1.56,139125.0,0,0,,no_minute_file
AUUD,2025-08-28,11,2,65,1,1,1,18.56,15280469.0,1,1,04:00,intra_session_sparse
AVAH,2025-08-28,11,0,281,1,1,1,7.85,12697224.0,1,1,07:52,intra_session_sparse
AVBC,2025-08-28,11,11,0,1,0,0,15.26,6658501.0,1,1,,no_session_bars_has_month_file
AVBP,2025-08-28,11,2,107,1,1,1,19.21,5351469.0,1,1,09:30,intra_session_sparse
AVIR,2025-08-28,11,0,141,1,1,1,3.6,1233223.0,1,0,04:24,intra_session_sparse
AVNS,2025-08-28,11,0,212,1,1,1,11.87,9048563.0,1,1,09:30,intra_session_sparse
AVNW,2025-08-28,11,11,0,0,0,0,22.96,2007181.0,0,0,,no_minute_file
AVO,2025-08-28,11,0,207,1,1,1,12.48,2909014.0,1,1,09:30,intra_session_sparse
AVPT,2025-08-28,11,0,317,1,1,1,15.8,26239037.0,1,1,08:56,intra_session_sparse
AVR,2025-08-28,11,2,69,1,1,1,3.66,326686.0,1,0,09:30,intra_session_sparse
AVTR,2025-08-28,11,0,376,1,1,1,13.19,203109814.0,1,1,08:56,intra_session_sparse
AVTX,2025-08-28,11,1,58,1,1,1,9.65,2984461.0,1,1,09:30,intra_session_sparse
AVX,2025-08-28,11,1,131,1,1,1,2.45,2464879.0,1,1,04:43,intra_session_sparse
AVXL,2025-08-28,11,1,327,1,1,1,9.45,9532722.0,1,1,08:03,intra_session_sparse
AWX,2025-08-28,11,11,0,0,0,0,2.48,8944.0,0,0,,no_minute_file
AXG,2025-08-28,11,0,184,1,1,1,3.92,3054907.0,1,1,08:00,intra_session_sparse
AXGN,2025-08-28,11,0,273,1,1,1,16.14,24766888.0,1,1,08:00,intra_session_sparse
AXIL,2025-08-28,11,11,0,0,0,0,6.2,144331.0,0,0,,no_minute_file
AXTI,2025-08-28,11,0,179,1,1,1,2.87,1394658.0,1,0,07:00,intra_session_sparse
AYA,2025-08-28,11,11,0,0,0,0,,,0,0,,no_daily_history
AZ,2025-08-28,11,0,189,1,1,1,8.9,1566465.0,1,0,09:30,intra_session_sparse
AZI,2025-08-28,11,11,0,0,0,0,113.05,412503.0,0,0,,no_minute_file
AZTA,2025-08-28,11,11,0,0,0,0,30.2,21398313.0,0,0,,no_minute_file
AZTR,2025-08-28,11,11,0,1,0,0,1.03,7733836.0,1,1,,no_session_bars_has_month_file
BACC,2025-08-28,11,11,0,0,0,0,9.96,2018628.0,0,1,,no_minute_file
BAER,2025-08-28,11,0,76,1,1,1,2.04,531696.0,1,0,08:46,intra_session_sparse
BALY,2025-08-28,11,2,29,1,1,1,10.09,420931.0,1,0,09:30,intra_session_sparse
BANC,2025-08-28,11,0,368,1,1,1,16.74,29939936.0,1,1,09:30,intra_session_sparse
BAND,2025-08-28,11,0,89,1,1,1,14.85,2926189.0,1,1,09:30,intra_session_sparse
BAOS,2025-08-28,11,11,0,0,0,0,2.77,95594.0,0,0,,no_minute_file
BARK,2025-08-28,11,2,217,1,1,1,17.67,653134.0,1,0,05:03,intra_session_sparse
BATL,2025-08-28,11,0,63,1,1,1,1.18,430721.0,1,0,04:02,intra_session_sparse
BAX,2025-08-28,11,11,0,0,0,0,24.53,246244811.0,0,0,,no_minute_file
BB,2025-08-28,11,0,360,1,1,1,3.85,26058051.0,1,1,04:03,intra_session_sparse
BBAI,2025-08-28,11,0,376,1,1,1,5.13,478815584.0,1,1,04:00,intra_session_sparse
BBAR,2025-08-28,11,1,337,1,1,1,12.32,9909830.0,1,1,09:03,intra_session_sparse
BBBY,2025-08-28,11,0,340,1,1,1,9.12,24172666.0,1,1,06:45,intra_session_sparse
BBCQ,2025-08-28,11,11,0,0,0,0,,,0,0,,no_daily_history
BBDC,2025-08-28,11,0,195,1,1,1,9.83,3720255.0,1,1,08:00,intra_session_sparse
BBGI,2025-08-28,11,11,0,1,0,0,4.6,26556.0,1,0,,no_session_bars_has_month_file
BBLG,2025-08-28,11,11,0,1,0,0,2.15,90220.0,1,0,,no_session_bars_has_month_file
BBNX,2025-08-28,11,2,249,1,1,1,18.97,10647060.0,1,1,07:00,intra_session_sparse
BBOT,2025-08-28,11,1,80,1,1,1,9.3,1393556.0,1,0,09:30,intra_session_sparse
BBVA,2025-08-28,11,0,344,1,1,1,17.96,29204385.0,1,1,04:10,intra_session_sparse
BBWI,2025-08-28,11,11,0,0,0,0,31.54,147135756.0,0,0,,no_minute_file
BCAL,2025-08-28,11,2,73,1,1,1,16.94,1495548.0,1,0,09:30,intra_session_sparse
BCAR,2025-08-28,11,11,0,0,0,0,9.895,2557902.0,0,1,,no_minute_file
BCAX,2025-08-28,11,1,143,1,1,1,12.02,3464763.0,1,1,09:30,intra_session_sparse
BCDA,2025-08-28,11,2,42,1,1,1,1.94,1262805.0,1,0,09:35,intra_session_sparse
BCG,2025-08-28,11,11,0,0,0,0,1.96,24473.0,0,0,,no_minute_file
BCHT,2025-08-28,11,11,0,0,0,0,,,0,0,,no_daily_history
BCRX,2025-08-28,11,0,374,1,1,1,8.52,26427961.0,1,1,07:10,intra_session_sparse
BCS,2025-08-28,11,11,0,1,0,0,20.13,229741043.0,1,0,,no_session_bars_has_month_file
BCSF,2025-08-28,11,2,153,1,1,1,15.57,3990112.0,1,1,09:27,intra_session_sparse
BCTX,2025-08-28,11,2,57,1,1,1,7.6,773724.0,1,0,07:25,intra_session_sparse
BDCI,2025-08-28,11,11,0,0,0,0,,,0,0,,no_daily_history
BDMD,2025-08-28,11,2,63,1,1,1,2.46,630143.0,1,0,07:36,intra_session_sparse
BDRX,2025-08-28,11,11,0,0,0,0,28.55,222650.0,0,0,,no_minute_file
BDSX,2025-08-28,11,0,158,1,1,1,9.4,518064.0,1,0,04:51,intra_session_sparse
BDTX,2025-08-28,11,1,233,1,1,1,2.87,2370654.0,1,1,06:25,intra_session_sparse
BEAG,2025-08-28,11,2,19,1,1,1,10.36,942482.0,1,0,09:33,intra_session_sparse
BEAM,2025-08-28,11,0,363,1,1,1,16.86,43090080.0,1,1,04:14,intra_session_sparse
BEAT,2025-08-28,11,11,0,0,0,0,1.18,131053.0,0,0,,no_minute_file
BEEM,2025-08-28,11,1,96,1,1,1,2.8,510563.0,1,0,09:30,intra_session_sparse
BENF,2025-08-28,11,0,201,1,1,1,2.801,2872457.0,1,1,04:02,intra_session_sparse
BETA,2025-08-28,11,11,0,0,0,0,,,0,0,,no_daily_history
BFLY,2025-08-28,11,0,365,1,1,1,1.57,5953579.0,1,1,04:00,intra_session_sparse
BFRG,2025-08-28,11,11,0,1,0,0,1.26,145459.0,1,0,,no_session_bars_has_month_file
BGC,2025-08-28,11,0,341,1,1,1,10.04,29160359.0,1,1,08:00,intra_session_sparse
BGDE,2025-08-28,11,11,0,1,0,0,8.474,82088.0,1,0,,no_session_bars_has_month_file
BGI,2025-08-28,11,11,0,0,0,0,0.723,106820.0,0,0,,no_minute_file
BGIN,2025-08-28,11,11,0,0,0,0,,,0,0,,no_daily_history
BGL,2025-08-28,11,2,55,1,1,1,11.0,1336442.0,1,0,09:30,intra_session_sparse
BGLC,2025-08-28,11,2,34,1,1,1,5.59,838433.0,1,0,08:00,intra_session_sparse
BGMS,2025-08-28,11,2,32,1,1,1,8.07,1746045.0,1,0,07:46,intra_session_sparse
BGS,2025-08-28,11,0,352,1,1,1,4.53,11086158.0,1,1,08:00,intra_session_sparse
BGSF,2025-08-28,11,11,0,1,0,0,6.23,169113.0,1,0,,no_session_bars_has_month_file
BHAV,2025-08-28,11,11,0,0,0,0,,,0,0,,no_daily_history
BHC,2025-08-28,11,0,304,1,1,1,7.27,33829371.0,1,1,08:21,intra_session_sparse
BHK,2025-08-28,11,1,192,1,1,1,9.64,2604938.0,1,1,09:30,intra_session_sparse
BHR,2025-08-28,11,0,291,1,1,1,2.73,1312460.0,1,0,07:11,intra_session_sparse
BHVN,2025-08-28,11,0,327,1,1,1,15.6,31651313.0,1,1,06:29,intra_session_sparse
BIAF,2025-08-28,11,11,0,1,0,0,7.44,135774.0,1,0,,no_session_bars_has_month_file
BIII,2025-08-28,11,11,0,0,0,0,,,0,0,,no_daily_history
BIOA,2025-08-28,11,2,122,1,1,1,4.74,383326.0,1,0,08:30,intra_session_sparse
BIOX,2025-08-28,11,1,209,1,1,1,2.7,727955.0,1,0,09:30,intra_session_sparse
BIRD,2025-08-28,11,2,33,1,1,1,6.52,549485.0,1,0,09:30,intra_session_sparse
BIYA,2025-08-28,11,11,0,1,0,0,14.68,185147.0,1,0,,no_session_bars_has_month_file
BJDX,2025-08-28,11,1,49,1,1,1,5.48,9716338.0,1,1,08:00,intra_session_sparse
BKD,2025-08-28,11,0,347,1,1,1,7.84,21880546.0,1,1,09:30,intra_session_sparse
BKKT,2025-08-28,11,0,311,1,1,1,8.61,13021056.0,1,1,04:24,intra_session_sparse
BKSY,2025-08-28,11,0,319,1,1,1,18.16,29988746.0,1,1,05:33,intra_session_sparse
BLCO,2025-08-28,11,0,272,1,1,1,14.55,10369348.0,1,1,09:30,intra_session_sparse
BLDP,2025-08-28,11,0,315,1,1,1,2.02,7541801.0,1,1,04:02,intra_session_sparse
BLFS,2025-08-28,11,11,0,0,0,0,25.43,14083014.0,0,0,,no_minute_file
BLMN,2025-08-28,11,0,357,1,1,1,7.26,24880123.0,1,1,08:00,intra_session_sparse
BLND,2025-08-28,11,1,346,1,1,1,3.6,11891796.0,1,1,08:00,intra_session_sparse
BLNE,2025-08-28,11,0,339,1,1,1,1.54,3022089.0,1,1,04:04,intra_session_sparse
BLNK,2025-08-28,11,1,351,1,1,1,1.04,2185675.0,1,1,04:25,intra_session_sparse
BLUW,2025-08-28,11,2,11,1,1,1,9.955,1337889.0,1,0,09:31,intra_session_sparse
BLZE,2025-08-28,11,1,221,1,1,1,8.2,5395987.0,1,1,07:00,intra_session_sparse
BLZR,2025-08-28,11,11,0,0,0,0,,,0,0,,no_daily_history
BMBL,2025-08-28,11,0,359,1,1,1,6.29,31276675.0,1,1,08:00,intra_session_sparse
BMEA,2025-08-28,11,0,282,1,1,1,1.86,1068937.0,1,0,05:02,intra_session_sparse
BMNR,2025-08-28,11,11,0,0,0,0,46.03,3319867779.0,0,0,,no_minute_file
BMR,2025-08-28,11,0,155,1,1,1,3.03,1496560.0,1,0,04:07,intra_session_sparse
BMRA,2025-08-28,11,2,27,1,1,1,3.15,7253791.0,1,1,08:05,intra_session_sparse
BNAI,2025-08-28,11,11,0,1,0,0,3.066,89671.0,1,0,,no_session_bars_has_month_file
BNBX,2025-08-28,11,2,63,1,1,1,3.25,309766.0,1,0,07:58,intra_session_sparse
BNC,2025-08-28,11,11,0,1,0,0,21.6,9671787.0,1,0,,no_session_bars_has_month_file
BNED,2025-08-28,11,0,232,1,1,1,8.72,2625855.0,1,1,09:02,intra_session_sparse
BNGO,2025-08-28,11,2,87,1,1,1,3.9,514891.0,1,0,08:23,intra_session_sparse
BNKK,2025-08-28,11,0,365,1,1,1,14.58,6610374.0,1,1,04:10,intra_session_sparse
BNL,2025-08-28,11,0,293,1,1,1,18.38,31045439.0,1,1,09:30,intra_session_sparse
BNTC,2025-08-28,11,2,60,1,1,1,12.86,521282.0,1,0,09:48,intra_session_sparse
BOBS,2025-08-28,11,11,0,0,0,0,,,0,0,,no_daily_history
BOC,2025-08-28,11,1,167,1,1,1,13.56,3126923.0,1,1,04:00,intra_session_sparse
BODI,2025-08-28,11,11,0,0,0,0,5.58,134609.0,0,0,,no_minute_file
BOF,2025-08-28,11,2,36,1,1,1,2.1,229980.0,1,0,08:38,intra_session_sparse
BON,2025-08-28,11,11,0,1,0,0,1.39,96362.0,1,0,,no_session_bars_has_month_file
BOOM,2025-08-28,11,1,122,1,1,1,6.55,1486072.0,1,0,09:30,intra_session_sparse
BORR,2025-08-28,11,0,351,1,1,1,2.93,14629917.0,1,1,07:25,intra_session_sparse
BOXL,2025-08-28,11,11,0,0,0,0,11.1,43347.0,0,0,,no_minute_file
BPAC,2025-08-28,11,11,0,0,0,0,,,0,0,,no_daily_history
BQ,2025-08-28,11,11,0,1,0,0,2.78,58303.0,1,0,,no_session_bars_has_month_file
BRAI,2025-08-28,11,11,0,0,0,0,,,0,0,,no_daily_history
BRBI,2025-08-28,11,11,0,0,0,0,,,0,0,,no_daily_history
BRBR,2025-08-28,11,11,0,0,0,0,40.71,177795661.0,0,0,,no_minute_file
BRBS,2025-08-28,11,0,184,1,1,1,3.98,1906691.0,1,0,08:00,intra_session_sparse
BRCB,2025-08-28,11,11,0,0,0,0,,,0,0,,no_daily_history
BRIA,2025-08-28,11,11,0,0,0,0,2.58,7577.0,0,0,,no_minute_file
BRLS,2025-08-28,11,11,0,0,0,0,2.9,35061.0,0,0,,no_minute_file
BRLT,2025-08-28,11,0,128,1,1,1,2.83,6524630.0,1,1,07:00,intra_session_sparse
BRR,2025-08-28,11,1,47,1,1,1,10.14,3268674.0,1,1,07:37,intra_session_sparse
BRSL,2025-08-28,11,0,345,1,1,1,16.35,30480615.0,1,1,09:30,intra_session_sparse
BRSP,2025-08-28,11,1,193,1,1,1,5.71,3679272.0,1,1,09:30,intra_session_sparse
BRUN,2025-08-28,11,11,0,0,0,0,10.27,60691.0,0,0,,no_minute_file
BRZE,2025-08-28,11,11,0,0,0,0,26.63,30231361.0,0,0,,no_minute_file
BSBR,2025-08-28,11,0,345,1,1,1,5.15,3815119.0,1,1,09:30,intra_session_sparse
BSM,2025-08-28,11,0,326,1,1,1,12.07,6066489.0,1,1,09:30,intra_session_sparse
BTAI,2025-08-28,11,0,369,1,1,1,3.96,104046336.0,1,1,04:00,intra_session_sparse
BTBD,2025-08-28,11,2,34,1,1,1,1.83,18198087.0,1,1,05:50,intra_session_sparse
BTBT,2025-08-28,11,0,376,1,1,1,2.74,87888280.0,1,1,04:00,intra_session_sparse
BTCS,2025-08-28,11,0,332,1,1,1,4.26,21614092.0,1,1,04:03,intra_session_sparse
BTDR,2025-08-28,11,0,375,1,1,1,13.55,41226559.0,1,1,05:56,intra_session_sparse
BTE,2025-08-28,11,0,368,1,1,1,2.18,42532493.0,1,1,07:03,intra_session_sparse
BTG,2025-08-28,11,0,376,1,1,1,4.06,116333718.0,1,1,04:03,intra_session_sparse
BTGO,2025-08-28,11,11,0,0,0,0,,,0,0,,no_daily_history
BTOC,2025-08-28,11,11,0,0,0,0,1.42,32373.0,0,0,,no_minute_file
BTOG,2025-08-28,11,11,0,1,0,0,25.29,8137985.0,1,0,,no_session_bars_has_month_file
BTQ,2025-08-28,11,11,0,0,0,0,,,0,0,,no_daily_history
BTTC,2025-08-28,11,0,56,1,1,1,4.73,410908.0,1,0,04:22,intra_session_sparse
BTU,2025-08-28,11,0,363,1,1,1,16.76,82368252.0,1,1,04:02,intra_session_sparse
BUDA,2025-08-28,11,11,0,0,0,0,,,0,0,,no_daily_history
BULL,2025-08-28,11,0,376,1,1,1,14.44,167979772.0,1,1,04:00,intra_session_sparse
BUR,2025-08-28,11,0,352,1,1,1,13.76,19213609.0,1,1,04:01,intra_session_sparse
BURU,2025-08-28,11,11,0,1,0,0,0.838,2504283.0,1,0,,no_session_bars_has_month_file
BV,2025-08-28,11,0,298,1,1,1,14.84,14042066.0,1,1,08:14,intra_session_sparse
BVC,2025-08-28,11,11,0,0,0,0,6.541,27021.0,0,0,,no_minute_file
BVN,2025-08-28,11,1,271,1,1,1,18.62,17358318.0,1,1,09:00,intra_session_sparse
BVS,2025-08-28,11,0,251,1,1,1,7.49,4112212.0,1,1,09:30,intra_session_sparse
BW,2025-08-28,11,0,326,1,1,1,1.84,2667209.0,1,1,04:46,intra_session_sparse
BWB,2025-08-28,11,3,41,1,1,1,16.45,816201.0,1,0,09:30,intra_session_sparse
BWEN,2025-08-28,11,2,64,1,1,1,2.16,501023.0,1,0,08:00,intra_session_sparse
BWIN,2025-08-28,11,11,0,0,0,0,32.09,35397996.0,0,0,,no_minute_file
BWLP,2025-08-28,11,0,218,1,1,1,15.17,5561274.0,1,1,04:00,intra_session_sparse
BWMX,2025-08-28,11,2,29,1,1,1,13.43,830000.0,1,0,09:32,intra_session_sparse
BYAH,2025-08-28,11,11,0,0,0,0,28.16,545461.0,0,0,,no_minute_file
BYND,2025-08-28,11,0,298,1,1,1,2.59,6529094.0,1,1,04:03,intra_session_sparse
BYRN,2025-08-28,11,0,230,1,1,1,20.28,9096795.0,1,0,09:30,intra_session_sparse
BZ,2025-08-28,11,11,0,1,0,0,22.85,104059689.0,1,0,,no_session_bars_has_month_file
BZAI,2025-08-28,11,0,328,1,1,1,4.04,4329581.0,1,1,04:11,intra_session_sparse
BZFD,2025-08-28,11,0,136,1,1,1,1.99,648519.0,1,0,08:05,intra_session_sparse
BZH,2025-08-28,11,11,0,0,0,0,25.39,9723370.0,0,0,,no_minute_file
CAAP,2025-08-28,11,11,0,1,0,0,20.75,2687211.0,1,0,,no_session_bars_has_month_file
CABA,2025-08-28,11,0,277,1,1,1,1.5,2082747.0,1,1,08:00,intra_session_sparse
CABR,2025-08-28,11,11,0,0,0,0,,,0,0,,no_daily_history
CADL,2025-08-28,11,0,236,1,1,1,5.91,3602588.0,1,1,08:00,intra_session_sparse
CAG,2025-08-28,11,0,376,1,1,1,19.16,240397126.0,1,1,08:00,intra_session_sparse
CAI,2025-08-28,11,11,0,0,0,0,38.22,25445098.0,0,0,,no_minute_file
CAL,2025-08-28,11,1,308,1,1,1,15.5,8798710.0,1,1,06:50,intra_session_sparse
CALC,2025-08-28,11,11,0,1,0,0,2.9,130377.0,1,0,,no_session_bars_has_month_file
CALY,2025-08-28,11,0,360,1,1,1,9.8,28721440.0,1,1,07:00,intra_session_sparse
CAMP,2025-08-28,11,11,0,0,0,0,1.51,161630.0,0,0,,no_minute_file
CANG,2025-08-28,11,1,119,1,1,1,4.87,2188762.0,1,1,09:30,intra_session_sparse
CAPR,2025-08-28,11,0,322,1,1,1,6.25,11425327.0,1,1,08:00,intra_session_sparse
CAPS,2025-08-28,11,2,105,1,1,1,1.23,9326163.0,1,1,04:42,intra_session_sparse
CARE,2025-08-28,11,2,54,1,1,1,19.47,1415165.0,1,0,09:30,intra_session_sparse
CARL,2025-08-28,11,0,129,1,1,1,13.9,2079918.0,1,1,09:30,intra_session_sparse
CARS,2025-08-28,11,0,233,1,1,1,13.17,12102803.0,1,1,09:30,intra_session_sparse
CAST,2025-08-28,11,11,0,0,0,0,,,0,0,,no_daily_history
CATX,2025-08-28,11,0,193,1,1,1,3.61,2420929.0,1,1,09:30,intra_session_sparse
CBAN,2025-08-28,11,2,33,1,1,1,17.12,936709.0,1,0,09:30,intra_session_sparse
CBIO,2025-08-28,11,1,48,1,1,1,14.25,1331070.0,1,0,09:30,intra_session_sparse
CBLL,2025-08-28,11,0,131,1,1,1,11.6,4947796.0,1,1,09:30,intra_session_sparse
CBUS,2025-08-28,11,2,84,1,1,1,1.32,284625.0,1,0,09:30,intra_session_sparse
CC,2025-08-28,11,0,371,1,1,1,15.23,59116535.0,1,1,04:00,intra_session_sparse
CCAP,2025-08-28,11,2,181,1,1,1,15.62,3250860.0,1,1,09:24,intra_session_sparse
CCC,2025-08-28,11,0,372,1,1,1,9.83,79920546.0,1,1,07:47,intra_session_sparse
CCCC,2025-08-28,11,1,289,1,1,1,2.58,4026386.0,1,1,08:00,intra_session_sparse
CCHH,2025-08-28,11,11,0,0,0,0,,,0,0,,no_daily_history
CCII,2025-08-28,11,11,0,0,0,0,10.1,2653764.0,0,1,,no_minute_file
CCIX,2025-08-28,11,8,5,1,1,1,10.58,457773.0,1,0,08:29,intra_session_sparse
CCLD,2025-08-28,11,0,334,1,1,1,3.71,1924956.0,1,0,04:03,intra_session_sparse
CCO,2025-08-28,11,0,266,1,1,1,1.27,4387666.0,1,1,04:02,intra_session_sparse
CCOI,2025-08-28,11,11,0,0,0,0,37.79,73048837.0,0,0,,no_minute_file
CCRN,2025-08-28,11,1,87,1,1,1,13.2,3502646.0,1,1,09:30,intra_session_sparse
CCTG,2025-08-28,11,11,0,0,0,0,10.79,8964.0,0,0,,no_minute_file
CCU,2025-08-28,11,1,103,1,1,1,12.28,2526122.0,1,1,09:30,intra_session_sparse
CD,2025-08-28,11,0,168,1,1,1,5.68,810007.0,1,0,08:00,intra_session_sparse
CDE,2025-08-28,11,0,376,1,1,1,12.47,154089771.0,1,1,04:00,intra_session_sparse
CDIO,2025-08-28,11,11,0,0,0,0,3.745,137817.0,0,0,,no_minute_file
CDLX,2025-08-28,11,0,189,1,1,1,1.03,1948696.0,1,0,04:18,intra_session_sparse
CDNA,2025-08-28,11,0,361,1,1,1,13.29,17586195.0,1,1,09:05,intra_session_sparse
CDTG,2025-08-28,11,11,0,0,0,0,15.25,28925.0,0,0,,no_minute_file
CDXS,2025-08-28,11,0,310,1,1,1,2.67,3828790.0,1,1,08:00,intra_session_sparse
CDZI,2025-08-28,11,0,262,1,1,1,3.66,1599604.0,1,0,08:07,intra_session_sparse
CENN,2025-08-28,11,11,0,0,0,0,32.22,159533.0,0,0,,no_minute_file
CEPF,2025-08-28,11,11,0,0,0,0,10.14,39720983.0,0,1,,no_minute_file
CEPO,2025-08-28,11,1,75,1,1,1,10.46,3469997.0,1,1,09:27,intra_session_sparse
CEPS,2025-08-28,11,11,0,0,0,0,,,0,0,,no_daily_history
CEPT,2025-08-28,11,2,106,1,1,1,10.63,1337403.0,1,0,09:44,intra_session_sparse
CEPV,2025-08-28,11,11,0,0,0,0,,,0,0,,no_daily_history
CERS,2025-08-28,11,0,237,1,1,1,1.31,1630748.0,1,0,05:55,intra_session_sparse
CERT,2025-08-28,11,0,316,1,1,1,10.97,14828292.0,1,1,09:30,intra_session_sparse
CETY,2025-08-28,11,11,0,1,0,0,3.78,170229.0,1,0,,no_session_bars_has_month_file
CEVA,2025-08-28,11,11,0,0,0,0,22.59,6476925.0,0,0,,no_minute_file
CFFN,2025-08-28,11,0,232,1,1,1,6.45,3994203.0,1,1,08:00,intra_session_sparse
CGAU,2025-08-28,11,0,318,1,1,1,7.8,10834270.0,1,1,08:11,intra_session_sparse
CGBD,2025-08-28,11,1,225,1,1,1,13.85,6461108.0,1,1,09:25,intra_session_sparse
CGC,2025-08-28,11,0,376,1,1,1,1.51,36680604.0,1,1,04:10,intra_session_sparse
CGCT,2025-08-28,11,2,4,1,1,1,10.02,1133103.0,1,0,09:31,intra_session_sparse
CGEM,2025-08-28,11,2,148,1,1,1,7.93,2752490.0,1,1,08:38,intra_session_sparse
CGNT,2025-08-28,11,1,182,1,1,1,8.72,1655010.0,1,0,09:30,intra_session_sparse
CGTL,2025-08-28,11,11,0,1,0,0,0.623,246702.0,1,0,,no_session_bars_has_month_file
CGTX,2025-08-28,11,0,376,1,1,1,3.06,20616696.0,1,1,04:00,intra_session_sparse
CHAI,2025-08-28,11,1,134,1,1,1,12.16,2173433.0,1,1,04:11,intra_session_sparse
CHEC,2025-08-28,11,11,0,0,0,0,,,0,0,,no_daily_history
CHGG,2025-08-28,11,0,262,1,1,1,1.32,3111154.0,1,1,05:26,intra_session_sparse
CHNR,2025-08-28,11,11,0,1,0,0,3.788,83920.0,1,0,,no_session_bars_has_month_file
CHOW,2025-08-28,11,11,0,0,0,0,,,0,0,,no_daily_history
CHPT,2025-08-28,11,0,278,1,1,1,11.46,6144467.0,1,1,08:34,intra_session_sparse
CHR,2025-08-28,11,11,0,0,0,0,172.5,98639.0,0,0,,no_minute_file
CHRN,2025-08-28,11,11,0,1,0,0,3.8,168563.0,1,0,,no_session_bars_has_month_file
CHRS,2025-08-28,11,0,197,1,1,1,1.14,1447416.0,1,0,09:09,intra_session_sparse
CHYM,2025-08-28,11,11,0,0,0,0,26.22,71687572.0,0,0,,no_minute_file
CIFR,2025-08-28,11,0,376,1,1,1,6.99,126399484.0,1,1,04:00,intra_session_sparse
CIG,2025-08-28,11,0,343,1,1,1,2.01,4525107.0,1,1,08:00,intra_session_sparse
CIIT,2025-08-28,11,11,0,0,0,0,5.04,70108.0,0,0,,no_minute_file
CIM,2025-08-28,11,1,196,1,1,1,14.03,7135115.0,1,1,09:30,intra_session_sparse
CING,2025-08-28,11,0,142,1,1,1,4.18,673331.0,1,0,08:00,intra_session_sparse
CINT,2025-08-28,11,2,133,1,1,1,5.4,748080.0,1,0,09:30,intra_session_sparse
CION,2025-08-28,11,0,146,1,1,1,10.77,2765649.0,1,1,09:30,intra_session_sparse
CISS,2025-08-28,11,11,0,0,0,0,420.24,887253.0,0,0,,no_minute_file
CIVB,2025-08-28,11,11,0,1,0,0,20.88,1950820.0,1,0,,no_session_bars_has_month_file
CJMB,2025-08-28,11,11,0,0,0,0,4.81,36579.0,0,0,,no_minute_file
CLB,2025-08-28,11,0,178,1,1,1,11.14,4970176.0,1,1,09:26,intra_session_sparse
CLBK,2025-08-28,11,2,91,1,1,1,15.2,1678854.0,1,0,09:30,intra_session_sparse
CLBT,2025-08-28,11,0,364,1,1,1,16.47,35937613.0,1,1,08:00,intra_session_sparse
CLF,2025-08-28,11,0,376,1,1,1,10.79,177558391.0,1,1,04:08,intra_session_sparse
CLIK,2025-08-28,11,2,133,1,1,1,9.684,878969.0,1,0,04:21,intra_session_sparse
CLMB,2025-08-28,11,11,0,0,0,0,31.19,8138328.0,0,0,,no_minute_file
CLMT,2025-08-28,11,2,208,1,1,1,16.18,14527280.0,1,1,09:30,intra_session_sparse
CLNE,2025-08-28,11,0,323,1,1,1,2.64,4828832.0,1,1,08:09,intra_session_sparse
CLNN,2025-08-28,11,0,34,1,1,1,5.38,487802.0,1,0,08:49,intra_session_sparse
CLOV,2025-08-28,11,0,364,1,1,1,2.69,21004528.0,1,1,08:00,intra_session_sparse
CLPT,2025-08-28,11,2,145,1,1,1,10.64,4263720.0,1,1,05:50,intra_session_sparse
CLRB,2025-08-28,11,2,61,1,1,1,4.82,705339.0,1,0,07:37,intra_session_sparse
CLSK,2025-08-28,11,0,376,1,1,1,9.58,193242668.0,1,1,04:00,intra_session_sparse
CLVT,2025-08-28,11,0,358,1,1,1,4.48,19497040.0,1,1,04:06,intra_session_sparse
CLW,2025-08-28,11,11,0,0,0,0,21.45,5421893.0,0,0,,no_minute_file
CLYM,2025-08-28,11,2,132,1,1,1,2.285,1690493.0,1,0,05:10,intra_session_sparse
CMBT,2025-08-28,11,0,371,1,1,1,7.91,20922844.0,1,1,04:02,intra_session_sparse
CMCO,2025-08-28,11,0,142,1,1,1,15.15,4435723.0,1,1,09:30,intra_session_sparse
CMII,2025-08-28,11,11,0,0,0,0,,,0,0,,no_daily_history
CMND,2025-08-28,11,11,0,0,0,0,408.0,58521.0,0,0,,no_minute_file
CMP,2025-08-28,11,0,171,1,1,1,19.06,8901217.0,1,1,09:30,intra_session_sparse
CMPS,2025-08-28,11,0,344,1,1,1,4.72,8056823.0,1,1,05:22,intra_session_sparse
CMPX,2025-08-28,11,0,357,1,1,1,3.28,4328288.0,1,1,09:25,intra_session_sparse
CMRC,2025-08-28,11,0,217,1,1,1,4.72,4455104.0,1,1,09:30,intra_session_sparse
CMRE,2025-08-28,11,0,205,1,1,1,11.73,6830051.0,1,1,09:30,intra_session_sparse
CMTL,2025-08-28,11,2,70,1,1,1,2.02,267756.0,1,0,09:32,intra_session_sparse
CNCK,2025-08-28,11,2,40,1,1,1,5.16,282549.0,1,0,08:53,intra_session_sparse
CNDT,2025-08-28,11,1,294,1,1,1,2.85,2912087.0,1,1,04:37,intra_session_sparse
CNEY,2025-08-28,11,11,0,0,0,0,2.3,31708.0,0,0,,no_minute_file
CNH,2025-08-28,11,0,373,1,1,1,12.07,140842267.0,1,1,05:03,intra_session_sparse
CNNE,2025-08-28,11,1,304,1,1,1,18.67,14620358.0,1,1,09:30,intra_session_sparse
CNSP,2025-08-28,11,0,18,1,1,1,6.29,517786.0,1,0,07:26,intra_session_sparse
CNTN,2025-08-28,11,0,375,1,1,1,4.96,132050139.0,1,1,04:00,intra_session_sparse
CNTX,2025-08-28,11,11,0,0,0,0,0.86,144977.0,0,0,,no_minute_file
CNVS,2025-08-28,11,2,130,1,1,1,5.05,1701519.0,1,0,07:38,intra_session_sparse
COCH,2025-08-28,11,2,55,1,1,1,1.17,939147.0,1,0,08:08,intra_session_sparse
COCP,2025-08-28,11,2,15,1,1,1,1.55,308562.0,1,0,09:28,intra_session_sparse
CODA,2025-08-28,11,0,39,1,1,1,7.67,332204.0,1,0,09:30,intra_session_sparse
CODI,2025-08-28,11,0,219,1,1,1,7.53,6228487.0,1,1,07:53,intra_session_sparse
CODX,2025-08-28,11,0,94,1,1,1,9.78,1551478.0,1,0,07:49,intra_session_sparse
COGT,2025-08-28,11,0,314,1,1,1,12.37,15128369.0,1,1,08:00,intra_session_sparse
COHU,2025-08-28,11,11,0,1,0,0,20.29,8041233.0,1,0,,no_session_bars_has_month_file
COMP,2025-08-28,11,0,375,1,1,1,9.28,75877928.0,1,1,04:02,intra_session_sparse
CON,2025-08-28,11,11,0,1,0,0,23.35,20033716.0,1,0,,no_session_bars_has_month_file
COOT,2025-08-28,11,11,0,0,0,0,0.615,23493.0,0,0,,no_minute_file
CORZ,2025-08-28,11,0,376,1,1,1,14.2,254025506.0,1,1,04:05,intra_session_sparse
COTY,2025-08-28,11,0,376,1,1,1,4.2,50552228.0,1,1,04:00,intra_session_sparse
COUR,2025-08-28,11,0,365,1,1,1,11.3,35036696.0,1,1,08:00,intra_session_sparse
COYA,2025-08-28,11,2,68,1,1,1,6.56,445957.0,1,0,09:30,intra_session_sparse
CPAC,2025-08-28,11,11,0,0,0,0,6.32,24016.0,0,0,,no_minute_file
CPB,2025-08-28,11,11,0,0,0,0,32.09,191469154.0,0,0,,no_minute_file
CPIX,2025-08-28,11,2,20,1,1,1,3.4,225140.0,1,0,09:30,intra_session_sparse
CPNG,2025-08-28,11,11,0,0,0,0,28.24,302681846.0,0,0,,no_minute_file
CPOP,2025-08-28,11,2,59,1,1,1,1.16,4449517.0,1,1,08:18,intra_session_sparse
CPRI,2025-08-28,11,11,0,1,0,0,21.55,76234646.0,1,0,,no_session_bars_has_month_file
CPRX,2025-08-28,11,11,0,1,0,0,20.19,30767943.0,1,0,,no_session_bars_has_month_file
CPSH,2025-08-28,11,1,63,1,1,1,3.4,418462.0,1,0,09:30,intra_session_sparse
CRAC,2025-08-28,11,11,0,0,0,0,,,0,0,,no_daily_history
CRAN,2025-08-28,11,11,0,0,0,0,,,0,0,,no_daily_history
CRBP,2025-08-28,11,0,84,1,1,1,10.47,964949.0,1,0,08:23,intra_session_sparse
CRBU,2025-08-28,11,0,251,1,1,1,1.98,1990471.0,1,0,08:00,intra_session_sparse
CRCT,2025-08-28,11,1,260,1,1,1,5.79,4534419.0,1,1,09:30,intra_session_sparse
CRDF,2025-08-28,11,0,311,1,1,1,2.17,4138321.0,1,1,07:55,intra_session_sparse
CRE,2025-08-28,11,0,156,1,1,1,9.6,10782500.0,1,1,04:03,intra_session_sparse
CREG,2025-08-28,11,2,60,1,1,1,1.62,7306470.0,1,1,04:36,intra_session_sparse
CRGY,2025-08-28,11,0,374,1,1,1,9.3,40454307.0,1,1,07:29,intra_session_sparse
CRK,2025-08-28,11,0,360,1,1,1,15.77,44628852.0,1,1,08:00,intra_session_sparse
CRMD,2025-08-28,11,0,353,1,1,1,14.14,42151270.0,1,1,06:04,intra_session_sparse
CRML,2025-08-28,11,0,370,1,1,1,6.51,35758452.0,1,1,04:00,intra_session_sparse
CRMT,2025-08-28,11,11,0,0,0,0,46.71,3978990.0,0,0,,no_minute_file
CRNC,2025-08-28,11,0,336,1,1,1,10.48,29931000.0,1,1,04:12,intra_session_sparse
CRNT,2025-08-28,11,2,223,1,1,1,2.01,1985111.0,1,0,08:33,intra_session_sparse
CRON,2025-08-28,11,0,357,1,1,1,2.56,9077850.0,1,1,08:00,intra_session_sparse
CRSR,2025-08-28,11,0,265,1,1,1,8.84,6378049.0,1,1,04:07,intra_session_sparse
CRVS,2025-08-28,11,0,272,1,1,1,5.5,2469898.0,1,1,09:03,intra_session_sparse
CSAI,2025-08-28,11,1,151,1,1,1,1.6,664707.0,1,0,07:51,intra_session_sparse
CSHR,2025-08-28,11,11,0,0,0,0,10.41,115888.0,0,0,,no_minute_file
CSIQ,2025-08-28,11,0,371,1,1,1,10.34,13870255.0,1,1,05:13,intra_session_sparse
CSQ,2025-08-28,11,2,153,1,1,1,18.59,3726695.0,1,1,09:30,intra_session_sparse
CSTE,2025-08-28,11,11,0,0,0,0,1.48,96213.0,0,0,,no_minute_file
CSTL,2025-08-28,11,11,0,1,0,0,22.28,14256811.0,1,0,,no_session_bars_has_month_file
CSTM,2025-08-28,11,0,291,1,1,1,14.6,17893854.0,1,1,09:30,intra_session_sparse
CSWC,2025-08-28,11,11,0,0,0,0,22.65,13654680.0,0,0,,no_minute_file
CTAA,2025-08-28,11,11,0,0,0,0,,,0,0,,no_daily_history
CTEV,2025-08-28,11,11,0,0,0,0,71.85,8877076.0,0,0,,no_minute_file
CTGO,2025-08-28,11,11,0,1,0,0,21.08,1723268.0,1,0,,no_session_bars_has_month_file
CTKB,2025-08-28,11,0,342,1,1,1,4.09,4662240.0,1,1,09:30,intra_session_sparse
CTM,2025-08-28,11,2,241,1,1,1,1.02,2813602.0,1,1,04:15,intra_session_sparse
CTMX,2025-08-28,11,0,245,1,1,1,2.07,7770829.0,1,1,08:00,intra_session_sparse
CTNM,2025-08-28,11,1,122,1,1,1,10.01,2164172.0,1,1,09:30,intra_session_sparse
CTO,2025-08-28,11,2,139,1,1,1,17.14,4519821.0,1,1,09:03,intra_session_sparse
CTOS,2025-08-28,11,0,224,1,1,1,5.99,4442858.0,1,1,09:30,intra_session_sparse
CTRI,2025-08-28,11,11,0,1,0,0,20.4,36490611.0,1,0,,no_session_bars_has_month_file
CTXR,2025-08-28,11,2,100,1,1,1,1.37,451964.0,1,0,05:56,intra_session_sparse
CUE,2025-08-28,11,11,0,0,0,0,24.77,106836.0,0,0,,no_minute_file
CUPR,2025-08-28,11,0,174,1,1,1,7.72,10761539.0,1,1,06:03,intra_session_sparse
CURI,2025-08-28,11,0,274,1,1,1,4.37,3464443.0,1,1,08:45,intra_session_sparse
CURR,2025-08-28,11,0,61,1,1,1,1.6,533114.0,1,0,07:29,intra_session_sparse
CURV,2025-08-28,11,2,161,1,1,1,2.21,1156994.0,1,0,09:11,intra_session_sparse
CURX,2025-08-28,11,11,0,0,0,0,4.66,12439003.0,0,1,,no_minute_file
CV,2025-08-28,11,11,0,1,0,0,3.96,143647.0,1,0,,no_session_bars_has_month_file
CVBF,2025-08-28,11,11,0,1,0,0,20.43,12324669.0,1,0,,no_session_bars_has_month_file
CVE,2025-08-28,11,0,376,1,1,1,16.93,220672017.0,1,1,06:14,intra_session_sparse
CVGI,2025-08-28,11,2,65,1,1,1,1.78,267848.0,1,0,09:30,intra_session_sparse
CVLG,2025-08-28,11,11,0,0,0,0,24.4,1906177.0,0,0,,no_minute_file
CVM,2025-08-28,11,0,307,1,1,1,13.04,2668275.0,1,1,04:00,intra_session_sparse
CVRX,2025-08-28,11,2,113,1,1,1,7.56,2113079.0,1,1,09:30,intra_session_sparse
CVU,2025-08-28,11,11,0,0,0,0,2.43,127658.0,0,0,,no_minute_file
CVV,2025-08-28,11,11,0,0,0,0,2.9,96995.0,0,0,,no_minute_file
CWAN,2025-08-28,11,11,0,1,0,0,20.24,102590743.0,1,0,,no_session_bars_has_month_file
CWD,2025-08-28,11,0,376,1,1,1,1.7,16082281.0,1,1,04:10,intra_session_sparse
CWH,2025-08-28,11,0,360,1,1,1,17.71,37188894.0,1,1,09:29,intra_session_sparse
CWK,2025-08-28,11,0,342,1,1,1,15.96,38627960.0,1,1,08:00,intra_session_sparse
CX,2025-08-28,11,0,370,1,1,1,8.93,108417030.0,1,1,08:00,intra_session_sparse
CXDO,2025-08-28,11,2,80,1,1,1,6.26,1572365.0,1,0,08:29,intra_session_sparse
CXM,2025-08-28,11,0,317,1,1,1,8.66,13358776.0,1,1,08:00,intra_session_sparse
CXW,2025-08-28,11,11,0,1,0,0,20.54,22670360.0,1,0,,no_session_bars_has_month_file
CYCN,2025-08-28,11,11,0,0,0,0,2.57,78604.0,0,0,,no_minute_file
CYCU,2025-08-28,11,0,341,1,1,1,8.25,8303718.0,1,1,04:00,intra_session_sparse
CYH,2025-08-28,11,1,307,1,1,1,2.79,5286676.0,1,1,09:30,intra_session_sparse
CYN,2025-08-28,11,0,126,1,1,1,6.01,2613461.0,1,1,07:00,intra_session_sparse
CYPH,2025-08-28,11,11,0,0,0,0,0.291,659286.0,0,0,,no_minute_file
CYRX,2025-08-28,11,1,222,1,1,1,8.77,9148578.0,1,1,09:30,intra_session_sparse
CZR,2025-08-28,11,11,0,0,0,0,26.97,164549066.0,0,0,,no_minute_file
DAAQ,2025-08-28,11,2,2,1,1,1,10.15,641020.0,1,0,08:49,intra_session_sparse
DAIC,2025-08-28,11,11,0,0,0,0,104.75,311269.0,0,0,,no_minute_file
DAKT,2025-08-28,11,1,132,1,1,1,17.27,4727259.0,1,1,09:30,intra_session_sparse
DAN,2025-08-28,11,11,0,1,0,0,20.51,40264777.0,1,0,,no_session_bars_has_month_file
DARE,2025-08-28,11,1,59,1,1,1,2.02,481788.0,1,0,09:30,intra_session_sparse
DBCA,2025-08-28,11,11,0,0,0,0,,,0,0,,no_daily_history
DBGI,2025-08-28,11,0,131,1,1,1,10.2,469789.0,1,0,09:32,intra_session_sparse
DBI,2025-08-28,11,0,252,1,1,1,3.79,3034495.0,1,1,09:30,intra_session_sparse
DBRG,2025-08-28,11,0,352,1,1,1,11.44,21847033.0,1,1,09:30,intra_session_sparse
DC,2025-08-28,11,2,173,1,1,1,4.18,2246452.0,1,1,08:00,intra_session_sparse
DCBO,2025-08-28,11,11,0,0,0,0,30.97,3289010.0,0,0,,no_minute_file
DCGO,2025-08-28,11,2,173,1,1,1,1.62,786141.0,1,0,08:21,intra_session_sparse
DCH,2025-08-28,11,0,360,1,1,1,6.01,19893000.0,1,1,08:35,intra_session_sparse
DCOY,2025-08-28,11,11,0,0,0,0,71.4,954704.0,0,0,,no_minute_file
DCTH,2025-08-28,11,1,190,1,1,1,10.94,8821816.0,1,1,09:25,intra_session_sparse
DCX,2025-08-28,11,11,0,0,0,0,2088.48,80136.0,0,0,,no_minute_file
DDD,2025-08-28,11,0,362,1,1,1,2.56,10307803.0,1,1,04:01,intra_session_sparse
DDI,2025-08-28,11,2,45,1,1,1,9.48,541362.0,1,0,09:49,intra_session_sparse
DEC,2025-08-28,11,2,160,1,1,1,16.43,4657249.0,1,1,04:30,intra_session_sparse
DEFT,2025-08-28,11,0,356,1,1,1,2.15,10728628.0,1,1,04:03,intra_session_sparse
DEI,2025-08-28,11,0,343,1,1,1,16.09,23931028.0,1,1,09:30,intra_session_sparse
DERM,2025-08-28,11,2,85,1,1,1,7.48,1501173.0,1,0,09:30,intra_session_sparse
DETX,2025-08-28,11,11,0,0,0,0,,,0,0,,no_daily_history
DEVS,2025-08-28,11,0,198,1,1,1,2.64,3623228.0,1,1,04:00,intra_session_sparse
DFDV,2025-08-28,11,0,370,1,1,1,15.26,55271980.0,1,1,04:02,intra_session_sparse
DFH,2025-08-28,11,11,0,0,0,0,28.09,10055597.0,0,0,,no_minute_file
DFLI,2025-08-28,11,0,342,1,1,1,3.237,7291640.0,1,1,04:00,intra_session_sparse
DFNS,2025-08-28,11,0,364,1,1,1,4.33,15485786.0,1,1,04:00,intra_session_sparse
DFSC,2025-08-28,11,1,41,1,1,1,3.33,397469.0,1,0,04:03,intra_session_sparse
DFTX,2025-08-28,11,0,284,1,1,1,9.85,11541039.0,1,1,08:00,intra_session_sparse
DGICA,2025-08-28,11,2,85,1,1,1,17.56,2547487.0,1,1,09:30,intra_session_sparse
DGNX,2025-08-28,11,11,0,0,0,0,58.45,1851739.0,0,0,,no_minute_file
DGXX,2025-08-28,11,0,172,1,1,1,2.25,2257614.0,1,1,04:00,intra_session_sparse
DHT,2025-08-28,11,0,286,1,1,1,11.56,14940004.0,1,1,08:00,intra_session_sparse
DHX,2025-08-28,11,0,154,1,1,1,2.7,257746.0,1,0,07:00,intra_session_sparse
DIBS,2025-08-28,11,11,0,0,0,0,2.72,137316.0,0,0,,no_minute_file
DJT,2025-08-28,11,0,375,1,1,1,17.92,115243610.0,1,1,04:00,intra_session_sparse
DKI,2025-08-28,11,11,0,0,0,0,116.16,2658778.0,0,0,,no_minute_file
DLO,2025-08-28,11,0,364,1,1,1,14.48,43868800.0,1,1,08:00,intra_session_sparse
DLTH,2025-08-28,11,11,0,0,0,0,2.28,59886.0,0,0,,no_minute_file
DLX,2025-08-28,11,0,167,1,1,1,19.8,7958447.0,1,1,09:30,intra_session_sparse
DLXY,2025-08-28,11,11,0,1,0,0,5.19,121812.0,1,0,,no_session_bars_has_month_file
DMAA,2025-08-28,11,3,6,1,1,1,10.26,367706.0,1,0,10:57,intra_session_sparse
DMAC,2025-08-28,11,2,214,1,1,1,5.98,1735201.0,1,0,07:17,intra_session_sparse
DMII,2025-08-28,11,11,0,0,0,0,,,0,0,,no_daily_history
DMRA,2025-08-28,11,11,0,0,0,0,3.36,62451.0,0,0,,no_minute_file
DMRC,2025-08-28,11,0,132,1,1,1,8.44,2296760.0,1,1,04:40,intra_session_sparse
DNA,2025-08-28,11,0,292,1,1,1,12.35,20048281.0,1,1,04:26,intra_session_sparse
DNLI,2025-08-28,11,0,298,1,1,1,15.6,26212134.0,1,1,08:00,intra_session_sparse
DNN,2025-08-28,11,0,376,1,1,1,2.17,120400405.0,1,1,04:04,intra_session_sparse
DNOW,2025-08-28,11,1,267,1,1,1,15.95,18927877.0,1,1,09:30,intra_session_sparse
DNUT,2025-08-28,11,0,362,1,1,1,3.6,15464526.0,1,1,04:26,intra_session_sparse
DOC,2025-08-28,11,0,371,1,1,1,17.9,127589797.0,1,1,05:15,intra_session_sparse
DOCS,2025-08-28,11,11,0,0,0,0,67.99,116527893.0,0,0,,no_minute_file
DOGZ,2025-08-28,11,2,70,1,1,1,10.65,4190315.0,1,1,09:30,intra_session_sparse
DOLE,2025-08-28,11,0,195,1,1,1,14.66,10398607.0,1,1,09:30,intra_session_sparse
DOMH,2025-08-28,11,2,131,1,1,1,6.47,2647242.0,1,1,08:03,intra_session_sparse
DOMO,2025-08-28,11,0,356,1,1,1,17.57,10923724.0,1,1,04:38,intra_session_sparse
DOUG,2025-08-28,11,1,140,1,1,1,2.66,1539343.0,1,0,09:10,intra_session_sparse
DPRO,2025-08-28,11,0,343,1,1,1,4.61,8249479.0,1,1,04:24,intra_session_sparse
DRCT,2025-08-28,11,11,0,0,0,0,97.68,414442.0,0,0,,no_minute_file
DRD,2025-08-28,11,0,286,1,1,1,18.07,7403723.0,1,1,06:14,intra_session_sparse
DRDB,2025-08-28,11,3,4,1,1,1,10.27,986836.0,1,0,09:36,intra_session_sparse
DRH,2025-08-28,11,0,367,1,1,1,8.59,21953506.0,1,1,09:29,intra_session_sparse
DRIO,2025-08-28,11,11,0,0,0,0,9.61,125046.0,0,0,,no_minute_file
DRMA,2025-08-28,11,11,0,0,0,0,5.29,188490.0,0,0,,no_minute_file
DRTS,2025-08-28,11,1,26,1,1,1,3.37,208334.0,1,0,09:30,intra_session_sparse
DRVN,2025-08-28,11,0,238,1,1,1,18.38,17802307.0,1,1,09:30,intra_session_sparse
DSGN,2025-08-28,11,2,237,1,1,1,5.29,772828.0,1,0,09:30,intra_session_sparse
DSGR,2025-08-28,11,11,0,0,0,0,32.76,1952183.0,0,0,,no_minute_file
DSP,2025-08-28,11,0,106,1,1,1,10.02,3995578.0,1,1,07:32,intra_session_sparse
DSX,2025-08-28,11,0,210,1,1,1,1.64,518312.0,1,0,04:39,intra_session_sparse
DTCX,2025-08-28,11,0,242,1,1,1,4.9,9399620.0,1,1,07:38,intra_session_sparse
DTI,2025-08-28,11,11,0,0,0,0,1.9,86546.0,0,0,,no_minute_file
DTIL,2025-08-28,11,2,154,1,1,1,5.01,380191.0,1,0,09:57,intra_session_sparse
DUKR,2025-08-28,11,11,0,0,0,0,,,0,0,,no_daily_history
DUO,2025-08-28,11,0,192,1,1,1,1.51,2015654.0,1,1,04:17,intra_session_sparse
DUOT,2025-08-28,11,2,133,1,1,1,6.41,3173355.0,1,1,09:30,intra_session_sparse
DV,2025-08-28,11,0,354,1,1,1,16.26,37625744.0,1,1,09:30,intra_session_sparse
DVLT,2025-08-28,11,11,0,0,0,0,0.425,1830365.0,0,0,,no_minute_file
DWTX,2025-08-28,11,11,0,0,0,0,4.65,79047.0,0,0,,no_minute_file
DX,2025-08-28,11,0,357,1,1,1,12.49,45898039.0,1,1,07:00,intra_session_sparse
DXC,2025-08-28,11,1,317,1,1,1,14.31,26035043.0,1,1,09:30,intra_session_sparse
DXST,2025-08-28,11,11,0,0,0,0,30.0,27550.0,0,0,,no_minute_file
DYN,2025-08-28,11,0,362,1,1,1,13.64,36256291.0,1,1,07:06,intra_session_sparse
DYNC,2025-08-28,11,0,168,1,1,1,10.93,10361307.0,1,1,06:10,intra_session_sparse
DYOR,2025-08-28,11,11,0,0,0,0,,,0,0,,no_daily_history
EAF,2025-08-28,11,2,183,1,1,1,9.951,2286596.0,1,1,07:43,intra_session_sparse
EARN,2025-08-28,11,0,213,1,1,1,5.85,2239671.0,1,1,08:51,intra_session_sparse
EBC,2025-08-28,11,0,344,1,1,1,17.11,20224494.0,1,1,04:00,intra_session_sparse
EBF,2025-08-28,11,2,70,1,1,1,18.51,2716922.0,1,1,09:30,intra_session_sparse
EBS,2025-08-28,11,0,336,1,1,1,8.59,11775642.0,1,1,09:30,intra_session_sparse
EC,2025-08-28,11,0,274,1,1,1,9.23,17744516.0,1,1,08:00,intra_session_sparse
ECC,2025-08-28,11,0,245,1,1,1,7.21,12857863.0,1,1,07:49,intra_session_sparse
ECVT,2025-08-28,11,1,257,1,1,1,9.1,13906471.0,1,1,09:30,intra_session_sparse
ECX,2025-08-28,11,0,321,1,1,1,1.6,5937851.0,1,1,08:00,intra_session_sparse
EDBL,2025-08-28,11,11,0,1,0,0,18.3,175673.0,1,0,,no_session_bars_has_month_file
EDHL,2025-08-28,11,1,260,1,1,1,6.968,264840.0,1,0,06:54,intra_session_sparse
EDIT,2025-08-28,11,0,316,1,1,1,2.67,4903834.0,1,1,09:30,intra_session_sparse
EDN,2025-08-28,11,11,0,0,0,0,21.12,3323820.0,0,0,,no_minute_file
EDSA,2025-08-28,11,11,0,0,0,0,2.4,46188.0,0,0,,no_minute_file
EEIQ,2025-08-28,11,0,337,1,1,1,8.352,13643427.0,1,1,04:00,intra_session_sparse
EEX,2025-08-28,11,2,38,1,1,1,5.12,230207.0,1,0,09:30,intra_session_sparse
EFC,2025-08-28,11,0,343,1,1,1,13.79,17111291.0,1,1,05:39,intra_session_sparse
EFOI,2025-08-28,11,11,0,0,0,0,2.56,59301.0,0,0,,no_minute_file
EFOR,2025-08-28,11,11,0,0,0,0,53.35,28293083.0,0,0,,no_minute_file
EFTY,2025-08-28,11,11,0,0,0,0,6.77,4061489.0,0,1,,no_minute_file
EFXT,2025-08-28,11,2,213,1,1,1,9.77,5647923.0,1,1,09:30,intra_session_sparse
EGAN,2025-08-28,11,2,19,1,1,1,6.3,204253.0,1,0,09:30,intra_session_sparse
EGBN,2025-08-28,11,1,180,1,1,1,19.42,10846108.0,1,1,09:30,intra_session_sparse
EGHA,2025-08-28,11,4,1,1,1,1,10.01,609606.0,1,0,11:28,intra_session_sparse
EGHT,2025-08-28,11,1,231,1,1,1,1.91,1746440.0,1,0,08:00,intra_session_sparse
EGY,2025-08-28,11,0,246,1,1,1,3.87,3199400.0,1,1,07:45,intra_session_sparse
EH,2025-08-28,11,0,349,1,1,1,15.91,25893280.0,1,1,04:10,intra_session_sparse
EHTH,2025-08-28,11,2,184,1,1,1,3.89,2727759.0,1,1,04:01,intra_session_sparse
EIC,2025-08-28,11,0,111,1,1,1,13.73,3064469.0,1,1,08:53,intra_session_sparse
EIKN,2025-08-28,11,11,0,0,0,0,,,0,0,,no_daily_history
ELA,2025-08-28,11,2,20,1,1,1,7.35,349818.0,1,0,09:48,intra_session_sparse
ELAB,2025-08-28,11,11,0,0,0,0,167.16,19074222.0,0,0,,no_minute_file
ELAN,2025-08-28,11,0,376,1,1,1,18.49,123112136.0,1,1,08:01,intra_session_sparse
ELBM,2025-08-28,11,11,0,0,0,0,0.9,143191.0,0,0,,no_minute_file
ELDN,2025-08-28,11,2,239,1,1,1,2.58,2754686.0,1,1,06:15,intra_session_sparse
ELE,2025-08-28,11,11,0,0,0,0,,,0,0,,no_daily_history
ELME,2025-08-28,11,0,249,1,1,1,17.11,25101029.0,1,1,09:30,intra_session_sparse
ELMT,2025-08-28,11,11,0,0,0,0,,,0,0,,no_daily_history
ELOG,2025-08-28,11,11,0,0,0,0,,,0,0,,no_daily_history
ELPW,2025-08-28,11,11,0,0,0,0,401.66,4033058.0,0,0,,no_minute_file
ELTX,2025-08-28,11,0,49,1,1,1,10.38,1551620.0,1,0,09:30,intra_session_sparse
ELVA,2025-08-28,11,1,184,1,1,1,5.51,1141611.0,1,0,05:30,intra_session_sparse
ELVN,2025-08-28,11,11,0,1,0,0,20.68,8106688.0,1,0,,no_session_bars_has_month_file
ELVR,2025-08-28,11,11,0,0,0,0,,,0,0,,no_daily_history
ELWT,2025-08-28,11,11,0,0,0,0,,,0,0,,no_daily_history
EMAT,2025-08-28,11,11,0,0,0,0,,,0,0,,no_daily_history
EMBC,2025-08-28,11,1,224,1,1,1,14.59,9052968.0,1,1,08:00,intra_session_sparse
EMIS,2025-08-28,11,11,0,0,0,0,,,0,0,,no_daily_history
EMPD,2025-08-28,11,0,308,1,1,1,7.02,4454024.0,1,1,07:46,intra_session_sparse
EMPG,2025-08-28,11,2,115,1,1,1,9.83,3544355.0,1,1,08:00,intra_session_sparse
ENGN,2025-08-28,11,1,73,1,1,1,4.34,411289.0,1,0,07:34,intra_session_sparse
ENGS,2025-08-28,11,2,39,1,1,1,4.23,783177.0,1,0,09:30,intra_session_sparse
ENHA,2025-08-28,11,11,0,0,0,0,9.9,2307.0,0,0,,no_minute_file
ENLV,2025-08-28,11,2,136,1,1,1,1.09,1680127.0,1,0,08:00,intra_session_sparse
ENR,2025-08-28,11,11,0,0,0,0,28.13,31696350.0,0,0,,no_minute_file
ENTA,2025-08-28,11,2,99,1,1,1,8.53,1194046.0,1,0,09:30,intra_session_sparse
ENVB,2025-08-28,11,11,0,1,0,0,17.4,131122.0,1,0,,no_session_bars_has_month_file
ENVX,2025-08-28,11,0,376,1,1,1,10.52,76729716.0,1,1,04:03,intra_session_sparse
EOLS,2025-08-28,11,0,315,1,1,1,7.58,16009563.0,1,1,09:30,intra_session_sparse
EONR,2025-08-28,11,11,0,0,0,0,0.348,359975.0,0,0,,no_minute_file
EOSE,2025-08-28,11,0,375,1,1,1,7.12,77500148.0,1,1,04:00,intra_session_sparse
EPC,2025-08-28,11,11,0,0,0,0,23.51,21873727.0,0,0,,no_minute_file
EPM,2025-08-28,11,2,118,1,1,1,5.1,750954.0,1,0,09:30,intra_session_sparse
EPOW,2025-08-28,11,11,0,0,0,0,0.894,10573.0,0,0,,no_minute_file
EPRX,2025-08-28,11,11,0,0,0,0,5.28,44828.0,0,0,,no_minute_file
EPSM,2025-08-28,11,11,0,1,0,0,23.7,10773641.0,1,0,,no_session_bars_has_month_file
EQ,2025-08-28,11,0,253,1,1,1,1.91,20810450.0,1,1,05:02,intra_session_sparse
EQPT,2025-08-28,11,11,0,0,0,0,,,0,0,,no_daily_history
EQX,2025-08-28,11,0,374,1,1,1,8.2,99728839.0,1,1,06:05,intra_session_sparse
ERAS,2025-08-28,11,2,171,1,1,1,1.58,1094329.0,1,0,04:00,intra_session_sparse
ERII,2025-08-28,11,1,161,1,1,1,14.57,6040026.0,1,1,09:30,intra_session_sparse
ERNA,2025-08-28,11,11,0,0,0,0,34.75,61078.0,0,0,,no_minute_file
ERO,2025-08-28,11,0,319,1,1,1,14.51,7377053.0,1,1,09:30,intra_session_sparse
ESOA,2025-08-28,11,2,110,1,1,1,10.36,2028633.0,1,1,09:30,intra_session_sparse
ESPR,2025-08-28,11,0,318,1,1,1,2.18,9843899.0,1,1,05:20,intra_session_sparse
ETD,2025-08-28,11,11,0,0,0,0,29.96,9300675.0,0,0,,no_minute_file
ETON,2025-08-28,11,2,153,1,1,1,17.28,5438795.0,1,1,09:30,intra_session_sparse
ETS,2025-08-28,11,11,0,0,0,0,1.145,8565065.0,0,1,,no_minute_file
EU,2025-08-28,11,0,366,1,1,1,2.28,9574644.0,1,1,07:00,intra_session_sparse
EUDA,2025-08-28,11,11,0,0,0,0,45.8,183713.0,0,0,,no_minute_file
EVAC,2025-08-28,11,11,0,0,0,0,9.93,581054.0,0,0,,no_minute_file
EVC,2025-08-28,11,2,81,1,1,1,2.58,497813.0,1,0,05:12,intra_session_sparse
EVCM,2025-08-28,11,2,141,1,1,1,11.41,2889209.0,1,1,09:30,intra_session_sparse
EVER,2025-08-28,11,11,0,0,0,0,23.69,12081832.0,0,0,,no_minute_file
EVEX,2025-08-28,11,0,291,1,1,1,4.04,5436042.0,1,1,04:14,intra_session_sparse
EVGO,2025-08-28,11,0,372,1,1,1,4.03,17954914.0,1,1,08:00,intra_session_sparse
EVH,2025-08-28,11,0,322,1,1,1,9.62,35071446.0,1,1,08:00,intra_session_sparse
EVLV,2025-08-28,11,0,361,1,1,1,8.38,28318567.0,1,1,08:01,intra_session_sparse
EVMN,2025-08-28,11,11,0,0,0,0,,,0,0,,no_daily_history
EVTL,2025-08-28,11,0,276,1,1,1,4.96,5632761.0,1,1,04:58,intra_session_sparse
EVTV,2025-08-28,11,0,23,1,1,1,2.39,321320.0,1,0,09:45,intra_session_sparse
EWTX,2025-08-28,11,0,222,1,1,1,14.45,9795122.0,1,1,04:32,intra_session_sparse
EXK,2025-08-28,11,0,372,1,1,1,5.94,52631044.0,1,1,04:00,intra_session_sparse
EXOD,2025-08-28,11,11,0,0,0,0,27.25,3438886.0,0,0,,no_minute_file
EXTR,2025-08-28,11,11,0,1,0,0,21.51,29426237.0,1,0,,no_session_bars_has_month_file
EXYN,2025-08-28,11,11,0,0,0,0,,,0,0,,no_daily_history
EYE,2025-08-28,11,11,0,0,0,0,24.39,54500462.0,0,0,,no_minute_file
EYPT,2025-08-28,11,0,231,1,1,1,11.84,7670477.0,1,1,09:30,intra_session_sparse
EZGO,2025-08-28,11,11,0,0,0,0,1275.0,979928.0,0,0,,no_minute_file
EZPW,2025-08-28,11,0,241,1,1,1,16.4,11940471.0,1,1,08:00,intra_session_sparse
EZRA,2025-08-28,11,11,0,0,0,0,38.4,115599.0,0,0,,no_minute_file
F,2025-08-28,11,0,376,1,1,1,11.91,661200180.0,1,1,04:00,intra_session_sparse
FA,2025-08-28,11,0,219,1,1,1,16.48,14421482.0,1,1,09:30,intra_session_sparse
FABC,2025-08-28,11,2,43,1,1,1,5.9,856525.0,1,0,04:00,intra_session_sparse
FATE,2025-08-28,11,0,294,1,1,1,1.12,1626287.0,1,0,04:25,intra_session_sparse
FATN,2025-08-28,11,11,0,1,0,0,5.86,167590.0,1,0,,no_session_bars_has_month_file
FBGL,2025-08-28,11,11,0,0,0,0,0.633,322384.0,0,0,,no_minute_file
FBIO,2025-08-28,11,0,255,1,1,1,2.34,747248.0,1,0,05:10,intra_session_sparse
FBLA,2025-08-28,11,0,52,1,1,1,11.97,715677.0,1,0,09:30,intra_session_sparse
FBP,2025-08-28,11,11,0,0,0,0,22.49,24227540.0,0,0,,no_minute_file
FBYD,2025-08-28,11,11,0,0,0,0,7.12,36667.0,0,0,,no_minute_file
FC,2025-08-28,11,0,69,1,1,1,19.68,2224016.0,1,1,09:30,intra_session_sparse
FCEL,2025-08-28,11,0,278,1,1,1,4.36,5952253.0,1,1,08:00,intra_session_sparse
FCF,2025-08-28,11,0,249,1,1,1,17.82,9512735.0,1,1,09:30,intra_session_sparse
FCHL,2025-08-28,11,11,0,0,0,0,,,0,0,,no_daily_history
FCRS,2025-08-28,11,11,0,0,0,0,,,0,0,,no_daily_history
FCUV,2025-08-28,11,11,0,0,0,0,18.4,52136.0,0,0,,no_minute_file
FDMT,2025-08-28,11,1,247,1,1,1,6.46,16548005.0,1,1,07:53,intra_session_sparse
FDUS,2025-08-28,11,11,0,0,0,0,21.38,3616106.0,0,0,,no_minute_file
FEAM,2025-08-28,11,0,229,1,1,1,3.42,298023.0,1,0,07:42,intra_session_sparse
FEED,2025-08-28,11,2,21,1,1,1,5.82,332647.0,1,0,09:04,intra_session_sparse
FEMY,2025-08-28,11,1,206,1,1,1,7.206,602638.0,1,0,04:03,intra_session_sparse
FENC,2025-08-28,11,3,20,1,1,1,9.04,593032.0,1,0,04:04,intra_session_sparse
FERA,2025-08-28,11,3,1,1,1,1,10.15,347142.0,1,0,10:55,intra_session_sparse
FF,2025-08-28,11,0,86,1,1,1,3.94,1104951.0,1,0,09:30,intra_session_sparse
FFAI,2025-08-28,11,0,366,1,1,1,2.38,34315664.0,1,1,04:00,intra_session_sparse
FGI,2025-08-28,11,2,7,1,1,1,4.28,291310.0,1,0,10:24,intra_session_sparse
FGL,2025-08-28,11,11,0,0,0,0,132.0,293407.0,0,0,,no_minute_file
FGNX,2025-08-28,11,11,0,0,0,0,63.05,7682611.0,0,0,,no_minute_file
FHN,2025-08-28,11,11,0,0,0,0,22.83,217205403.0,0,0,,no_minute_file
FIG,2025-08-28,11,11,0,0,0,0,69.88,1525718891.0,0,0,,no_minute_file
FIGS,2025-08-28,11,0,350,1,1,1,7.08,15000496.0,1,1,09:30,intra_session_sparse
FIP,2025-08-28,11,0,348,1,1,1,5.17,19330395.0,1,1,09:30,intra_session_sparse
FIVN,2025-08-28,11,11,0,0,0,0,27.01,60852294.0,0,0,,no_minute_file
FJET,2025-08-28,11,11,0,0,0,0,,,0,0,,no_daily_history
FLD,2025-08-28,11,0,307,1,1,1,3.735,916350.0,1,0,09:30,intra_session_sparse
FLG,2025-08-28,11,0,365,1,1,1,12.86,73508071.0,1,1,04:28,intra_session_sparse
FLGT,2025-08-28,11,11,0,1,0,0,21.64,6447856.0,1,0,,no_session_bars_has_month_file
FLNA,2025-08-28,11,0,218,1,1,1,2.31,1664897.0,1,0,08:00,intra_session_sparse
FLNC,2025-08-28,11,0,369,1,1,1,7.28,32938462.0,1,1,04:09,intra_session_sparse
FLNT,2025-08-28,11,1,146,1,1,1,2.41,4750489.0,1,1,04:02,intra_session_sparse
FLO,2025-08-28,11,0,368,1,1,1,15.08,47044706.0,1,1,08:00,intra_session_sparse
FLOC,2025-08-28,11,0,190,1,1,1,16.16,6268345.0,1,1,08:00,intra_session_sparse
FLUX,2025-08-28,11,11,0,1,0,0,1.66,170674.0,1,0,,no_session_bars_has_month_file
FLWS,2025-08-28,11,1,173,1,1,1,5.6,2105647.0,1,1,08:14,intra_session_sparse
FLY,2025-08-28,11,11,0,0,0,0,47.03,210025186.0,0,0,,no_minute_file
FLYE,2025-08-28,11,0,185,1,1,1,15.52,19353120.0,1,1,04:08,intra_session_sparse
FLYW,2025-08-28,11,0,342,1,1,1,13.07,30721944.0,1,1,09:30,intra_session_sparse
FLYX,2025-08-28,11,11,0,0,0,0,4.23,127998.0,0,0,,no_minute_file
FMC,2025-08-28,11,11,0,0,0,0,39.74,72005479.0,0,0,,no_minute_file
FMFC,2025-08-28,11,0,181,1,1,1,10.23,7362453.0,1,1,07:45,intra_session_sparse
FMNB,2025-08-28,11,1,71,1,1,1,14.99,1386513.0,1,0,09:09,intra_session_sparse
FMST,2025-08-28,11,0,159,1,1,1,3.12,1358886.0,1,0,08:00,intra_session_sparse
FNB,2025-08-28,11,0,375,1,1,1,16.79,119155550.0,1,1,07:09,intra_session_sparse
FNKO,2025-08-28,11,0,318,1,1,1,3.35,6764013.0,1,1,08:00,intra_session_sparse
FNUC,2025-08-28,11,0,156,1,1,1,4.16,1198205.0,1,0,04:06,intra_session_sparse
FOA,2025-08-28,11,11,0,0,0,0,26.35,3066642.0,0,0,,no_minute_file
FOFO,2025-08-28,11,11,0,0,0,0,,,0,0,,no_daily_history
FOSL,2025-08-28,11,0,192,1,1,1,3.06,3197364.0,1,1,09:25,intra_session_sparse
FOXF,2025-08-28,11,11,0,0,0,0,29.7,18421732.0,0,0,,no_minute_file
FOXX,2025-08-28,11,11,0,0,0,0,6.0,138917.0,0,0,,no_minute_file
FPI,2025-08-28,11,1,170,1,1,1,11.06,3841122.0,1,1,09:30,intra_session_sparse
FRGT,2025-08-28,11,11,0,0,0,0,32.25,86780.0,0,0,,no_minute_file
FRMI,2025-08-28,11,11,0,0,0,0,,,0,0,,no_daily_history
FRMM,2025-08-28,11,11,0,0,0,0,29.8,211973902.0,0,0,,no_minute_file
FRSH,2025-08-28,11,0,360,1,1,1,13.61,68647762.0,1,1,08:29,intra_session_sparse
FRST,2025-08-28,11,2,107,1,1,1,11.22,1235860.0,1,0,09:30,intra_session_sparse
FSCO,2025-08-28,11,0,289,1,1,1,7.4,5853469.0,1,1,08:53,intra_session_sparse
FSK,2025-08-28,11,0,346,1,1,1,18.02,49453903.0,1,1,09:30,intra_session_sparse
FSLY,2025-08-28,11,0,356,1,1,1,7.49,21223777.0,1,1,05:42,intra_session_sparse
FSM,2025-08-28,11,0,375,1,1,1,7.58,85969940.0,1,1,04:08,intra_session_sparse
FTCI,2025-08-28,11,0,57,1,1,1,6.46,713624.0,1,0,08:17,intra_session_sparse
FTHM,2025-08-28,11,0,355,1,1,1,1.72,1987858.0,1,0,04:26,intra_session_sparse
FTK,2025-08-28,11,2,129,1,1,1,12.19,5993041.0,1,1,09:30,intra_session_sparse
FTRE,2025-08-28,11,0,369,1,1,1,9.03,14620337.0,1,1,09:30,intra_session_sparse
FUBO,2025-08-28,11,11,0,0,0,0,40.92,56966724.0,0,0,,no_minute_file
FUFU,2025-08-28,11,0,84,1,1,1,3.91,3313753.0,1,1,04:45,intra_session_sparse
FULC,2025-08-28,11,0,151,1,1,1,6.63,3779700.0,1,1,09:30,intra_session_sparse
FULT,2025-08-28,11,0,332,1,1,1,19.86,29698587.0,1,1,07:38,intra_session_sparse
FUN,2025-08-28,11,11,0,0,0,0,23.73,135801704.0,0,0,,no_minute_file
FUSE,2025-08-28,11,11,0,0,0,0,,,0,0,,no_daily_history
FVAV,2025-08-28,11,11,0,0,0,0,,,0,0,,no_daily_history
FVCB,2025-08-28,11,3,30,1,1,1,13.64,561965.0,1,0,09:30,intra_session_sparse
FVR,2025-08-28,11,2,149,1,1,1,13.42,2547985.0,1,1,09:30,intra_session_sparse
FVRR,2025-08-28,11,11,0,0,0,0,23.19,23967809.0,0,0,,no_minute_file
FWDI,2025-08-28,11,1,50,1,1,1,13.345,617763.0,1,0,07:14,intra_session_sparse
FWRD,2025-08-28,11,11,0,0,0,0,31.76,19156914.0,0,0,,no_minute_file
FWRG,2025-08-28,11,1,288,1,1,1,18.835,25043732.0,1,1,09:30,intra_session_sparse
GAIN,2025-08-28,11,2,153,1,1,1,14.02,1822564.0,1,0,09:30,intra_session_sparse
GALT,2025-08-28,11,2,157,1,1,1,3.98,955207.0,1,0,08:53,intra_session_sparse
GAMB,2025-08-28,11,0,283,1,1,1,8.56,8281532.0,1,1,08:00,intra_session_sparse
GANX,2025-08-28,11,1,96,1,1,1,1.86,645416.0,1,0,08:00,intra_session_sparse
GAP,2025-08-28,11,11,0,1,0,0,22.3,162737008.0,1,0,,no_session_bars_has_month_file
GASS,2025-08-28,11,0,227,1,1,1,7.66,1096530.0,1,0,08:01,intra_session_sparse
GAU,2025-08-28,11,0,363,1,1,1,2.13,4499499.0,1,1,08:00,intra_session_sparse
GBDC,2025-08-28,11,0,326,1,1,1,14.72,15129395.0,1,1,07:56,intra_session_sparse
GBR,2025-08-28,11,11,0,1,0,0,0.858,64059.0,1,0,,no_session_bars_has_month_file
GBTG,2025-08-28,11,0,231,1,1,1,8.24,7405821.0,1,1,09:30,intra_session_sparse
GCDT,2025-08-28,11,11,0,0,0,0,,,0,0,,no_daily_history
GCL,2025-08-28,11,2,104,1,1,1,3.549,311742.0,1,0,09:58,intra_session_sparse
GCMG,2025-08-28,11,0,168,1,1,1,13.05,7614463.0,1,1,09:30,intra_session_sparse
GCTK,2025-08-28,11,2,30,1,1,1,4.44,219141.0,1,0,08:33,intra_session_sparse
GCTS,2025-08-28,11,0,92,1,1,1,1.3,306737.0,1,0,04:09,intra_session_sparse
GDOT,2025-08-28,11,2,189,1,1,1,13.4,11603073.0,1,1,07:00,intra_session_sparse
GDRX,2025-08-28,11,0,347,1,1,1,4.5,27759521.0,1,1,06:15,intra_session_sparse
GDYN,2025-08-28,11,0,284,1,1,1,8.07,12850087.0,1,1,08:00,intra_session_sparse
GECC,2025-08-28,11,2,66,1,1,1,11.25,480537.0,1,0,07:28,intra_session_sparse
GEG,2025-08-28,11,11,0,0,0,0,2.4,24009.0,0,0,,no_minute_file
GEL,2025-08-28,11,0,216,1,1,1,16.93,6941766.0,1,1,09:30,intra_session_sparse
GELS,2025-08-28,11,11,0,1,0,0,1.33,133612.0,1,0,,no_session_bars_has_month_file
GEMI,2025-08-28,11,11,0,0,0,0,,,0,0,,no_daily_history
GEN,2025-08-28,11,11,0,0,0,0,30.74,131061402.0,0,0,,no_minute_file
GENB,2025-08-28,11,11,0,0,0,0,,,0,0,,no_daily_history
GENI,2025-08-28,11,0,360,1,1,1,12.82,75523015.0,1,1,07:00,intra_session_sparse
GEO,2025-08-28,11,11,0,0,0,0,20.81,83203916.0,0,0,,no_minute_file
GEOS,2025-08-28,11,11,0,1,0,0,20.31,3738950.0,1,0,,no_session_bars_has_month_file
GERN,2025-08-28,11,0,372,1,1,1,1.41,14257542.0,1,1,04:06,intra_session_sparse
GETY,2025-08-28,11,0,192,1,1,1,1.88,1254802.0,1,0,07:16,intra_session_sparse
GEVO,2025-08-28,11,0,356,1,1,1,1.78,16621967.0,1,1,04:15,intra_session_sparse
GGB,2025-08-28,11,0,361,1,1,1,3.06,27548041.0,1,1,04:46,intra_session_sparse
GHRS,2025-08-28,11,1,75,1,1,1,13.63,3524001.0,1,1,09:30,intra_session_sparse
GIBO,2025-08-28,11,0,117,1,1,1,3.35,3350546.0,1,1,04:48,intra_session_sparse
GILT,2025-08-28,11,0,245,1,1,1,9.82,7857231.0,1,1,04:25,intra_session_sparse
GIPR,2025-08-28,11,11,0,0,0,0,0.93,66991.0,0,0,,no_minute_file
GITS,2025-08-28,11,11,0,1,0,0,2.31,66661.0,1,0,,no_session_bars_has_month_file
GIW,2025-08-28,11,11,0,0,0,0,,,0,0,,no_daily_history
GIX,2025-08-28,11,11,0,0,0,0,,,0,0,,no_daily_history
GLAD,2025-08-28,11,11,0,0,0,0,26.27,2561777.0,0,0,,no_minute_file
GLDG,2025-08-28,11,11,0,0,0,0,0.925,548854.0,0,0,,no_minute_file
GLE,2025-08-28,11,11,0,1,0,0,0.683,1694665.0,1,0,,no_session_bars_has_month_file
GLED,2025-08-28,11,11,0,0,0,0,,,0,0,,no_daily_history
GLMD,2025-08-28,11,1,190,1,1,1,1.39,250344.0,1,0,08:00,intra_session_sparse
GLND,2025-08-28,11,11,0,0,0,0,10.01,86814.0,0,0,,no_minute_file
GLOO,2025-08-28,11,11,0,0,0,0,,,0,0,,no_daily_history
GLRE,2025-08-28,11,0,81,1,1,1,12.99,1375189.0,1,0,09:30,intra_session_sparse
GLSI,2025-08-28,11,0,32,1,1,1,11.67,529949.0,1,0,09:30,intra_session_sparse
GLUE,2025-08-28,11,1,240,1,1,1,4.67,1735061.0,1,0,07:38,intra_session_sparse
GLXG,2025-08-28,11,11,0,0,0,0,5.05,53664.0,0,0,,no_minute_file
GLXY,2025-08-28,11,11,0,0,0,0,24.41,236512725.0,0,0,,no_minute_file
GME,2025-08-28,11,11,0,0,0,0,22.5,129228872.0,0,0,,no_minute_file
GMHS,2025-08-28,11,2,47,1,1,1,1.12,3268755.0,1,1,05:54,intra_session_sparse
GMRS,2025-08-28,11,11,0,0,0,0,,,0,0,,no_daily_history
GNE,2025-08-28,11,1,147,1,1,1,15.12,3802407.0,1,1,09:30,intra_session_sparse
GNK,2025-08-28,11,0,210,1,1,1,17.03,9856473.0,1,1,04:22,intra_session_sparse
GNL,2025-08-28,11,0,276,1,1,1,7.77,11620264.0,1,1,09:30,intra_session_sparse
GNLX,2025-08-28,11,2,71,1,1,1,3.64,321054.0,1,0,09:30,intra_session_sparse
GNPX,2025-08-28,11,0,214,1,1,1,8.635,1231264.0,1,0,04:02,intra_session_sparse
GNS,2025-08-28,11,11,0,1,0,0,0.799,3439390.0,1,0,,no_session_bars_has_month_file
GNW,2025-08-28,11,0,369,1,1,1,8.67,44579072.0,1,1,08:23,intra_session_sparse
GO,2025-08-28,11,0,367,1,1,1,18.5,72729983.0,1,1,09:11,intra_session_sparse
GOAI,2025-08-28,11,11,0,0,0,0,,,0,0,,no_daily_history
GOGO,2025-08-28,11,0,338,1,1,1,11.25,25276068.0,1,1,05:20,intra_session_sparse
GOOS,2025-08-28,11,0,366,1,1,1,14.14,23576355.0,1,1,07:00,intra_session_sparse
GORO,2025-08-28,11,11,0,0,0,0,0.46,1243928.0,0,0,,no_minute_file
GOSS,2025-08-28,11,0,335,1,1,1,2.46,6352103.0,1,1,08:00,intra_session_sparse
GOVX,2025-08-28,11,0,162,1,1,1,18.95,577307.0,1,0,04:01,intra_session_sparse
GP,2025-08-28,11,0,76,1,1,1,3.461,1827083.0,1,0,08:34,intra_session_sparse
GPAT,2025-08-28,11,9,2,1,1,1,10.575,1372584.0,1,0,15:26,intra_session_sparse
GPGI,2025-08-28,11,1,255,1,1,1,19.855,21953352.0,1,1,09:30,intra_session_sparse
GPK,2025-08-28,11,11,0,0,0,0,22.43,83252122.0,0,0,,no_minute_file
GPRE,2025-08-28,11,0,370,1,1,1,9.95,16060720.0,1,1,04:00,intra_session_sparse
GPRK,2025-08-28,11,0,195,1,1,1,6.45,4585003.0,1,1,09:30,intra_session_sparse
GPRO,2025-08-28,11,0,365,1,1,1,1.7,12971046.0,1,1,04:14,intra_session_sparse
GRAB,2025-08-28,11,0,376,1,1,1,4.95,144319906.0,1,1,04:02,intra_session_sparse
GRCE,2025-08-28,11,2,73,1,1,1,3.07,296724.0,1,0,07:30,intra_session_sparse
GRDX,2025-08-28,11,2,91,1,1,1,1.91,9560079.0,1,1,08:15,intra_session_sparse
GREE,2025-08-28,11,11,0,1,0,0,1.31,175983.0,1,0,,no_session_bars_has_month_file
GRI,2025-08-28,11,11,0,0,0,0,40.04,268561.0,0,0,,no_minute_file
GRND,2025-08-28,11,0,324,1,1,1,15.57,40130604.0,1,1,09:29,intra_session_sparse
GRNT,2025-08-28,11,0,280,1,1,1,5.51,3341181.0,1,1,09:30,intra_session_sparse
GRO,2025-08-28,11,0,244,1,1,1,1.79,3400058.0,1,1,04:03,intra_session_sparse
GROY,2025-08-28,11,0,330,1,1,1,3.29,7208532.0,1,1,07:28,intra_session_sparse
GRPN,2025-08-28,11,11,0,0,0,0,26.25,48466434.0,0,0,,no_minute_file
GRRR,2025-08-28,11,0,287,1,1,1,16.16,23958961.0,1,1,04:08,intra_session_sparse
GRWG,2025-08-28,11,0,202,1,1,1,1.68,1386747.0,1,0,07:09,intra_session_sparse
GSBD,2025-08-28,11,2,216,1,1,1,11.39,6793138.0,1,1,08:00,intra_session_sparse
GSIT,2025-08-28,11,0,169,1,1,1,3.01,933012.0,1,0,08:53,intra_session_sparse
GSIW,2025-08-28,11,11,0,1,0,0,20.0,786215.0,1,0,,no_session_bars_has_month_file
GSM,2025-08-28,11,0,313,1,1,1,4.25,5693126.0,1,1,08:50,intra_session_sparse
GSRF,2025-08-28,11,11,0,0,0,0,,,0,0,,no_daily_history
GT,2025-08-28,11,0,370,1,1,1,8.56,82721128.0,1,1,04:32,intra_session_sparse
GTBP,2025-08-28,11,11,0,1,0,0,1.14,145922.0,1,0,,no_session_bars_has_month_file
GTE,2025-08-28,11,0,130,1,1,1,4.16,1412309.0,1,0,08:00,intra_session_sparse
GTEN,2025-08-28,11,0,12,1,1,1,10.16,1860129.0,1,0,09:35,intra_session_sparse
GTERA,2025-08-28,11,4,7,1,1,1,9.965,2514803.0,1,1,11:48,intra_session_sparse
GTLB,2025-08-28,11,11,0,0,0,0,47.26,190863311.0,0,0,,no_minute_file
GTM,2025-08-28,11,0,366,1,1,1,10.75,58405097.0,1,1,08:45,intra_session_sparse
GTN,2025-08-28,11,0,257,1,1,1,6.24,9529645.0,1,1,09:30,intra_session_sparse
GTX,2025-08-28,11,1,360,1,1,1,13.17,49597442.0,1,1,08:00,intra_session_sparse
GURE,2025-08-28,11,11,0,0,0,0,,,0,0,,no_daily_history
GUTS,2025-08-28,11,11,0,1,0,0,0.99,1664562.0,1,0,,no_session_bars_has_month_file
GV,2025-08-28,11,1,31,1,1,1,1.69,6651973.0,1,1,09:30,intra_session_sparse
GVH,2025-08-28,11,2,29,1,1,1,4.54,401490.0,1,0,06:49,intra_session_sparse
GWAV,2025-08-28,11,2,74,1,1,1,7.75,662948.0,1,0,08:22,intra_session_sparse
GWH,2025-08-28,11,2,81,1,1,1,1.51,334959.0,1,0,04:30,intra_session_sparse
GXAI,2025-08-28,11,0,282,1,1,1,2.01,32193314.0,1,1,04:02,intra_session_sparse
HAFN,2025-08-28,11,0,295,1,1,1,6.04,7711302.0,1,1,04:09,intra_session_sparse
HAIN,2025-08-28,11,0,274,1,1,1,1.81,1882971.0,1,0,09:22,intra_session_sparse
HAO,2025-08-28,11,11,0,0,0,0,153.09,47385.0,0,0,,no_minute_file
HAVA,2025-08-28,11,11,0,0,0,0,,,0,0,,no_daily_history
HAYW,2025-08-28,11,0,355,1,1,1,16.27,42969666.0,1,1,09:30,intra_session_sparse
HBAN,2025-08-28,11,0,375,1,1,1,17.8,443250528.0,1,1,08:15,intra_session_sparse
HBIO,2025-08-28,11,1,93,1,1,1,5.341,262062.0,1,0,04:59,intra_session_sparse
HBM,2025-08-28,11,0,367,1,1,1,11.59,73801202.0,1,1,08:14,intra_session_sparse
HBNC,2025-08-28,11,1,230,1,1,1,16.6,7510245.0,1,1,09:30,intra_session_sparse
HCAC,2025-08-28,11,11,0,0,0,0,,,0,0,,no_daily_history
HCAI,2025-08-28,11,11,0,0,0,0,18.93,78571.0,0,0,,no_minute_file
HCAT,2025-08-28,11,0,265,1,1,1,3.69,3424564.0,1,1,04:33,intra_session_sparse
HCHL,2025-08-28,11,2,5,1,1,1,3.3,423274.0,1,0,07:45,intra_session_sparse
HCKT,2025-08-28,11,11,0,1,0,0,20.67,8197265.0,1,0,,no_session_bars_has_month_file
HCSG,2025-08-28,11,1,201,1,1,1,15.58,12374754.0,1,1,09:30,intra_session_sparse
HCTI,2025-08-28,11,11,0,0,0,0,156.6,5898184.0,0,0,,no_minute_file
HCWB,2025-08-28,11,1,147,1,1,1,6.02,25087362.0,1,1,04:04,intra_session_sparse
HDRN,2025-08-28,11,11,0,1,0,0,10.37,324726.0,1,0,,no_session_bars_has_month_file
HDSN,2025-08-28,11,0,191,1,1,1,10.25,5783521.0,1,1,04:03,intra_session_sparse
HE,2025-08-28,11,0,367,1,1,1,12.61,22638371.0,1,1,07:00,intra_session_sparse
HELE,2025-08-28,11,11,0,0,0,0,25.06,15553110.0,0,0,,no_minute_file
HELP,2025-08-28,11,0,214,1,1,1,7.67,2746047.0,1,1,04:00,intra_session_sparse
HGTY,2025-08-28,11,0,147,1,1,1,11.14,2829012.0,1,1,09:30,intra_session_sparse
HIHO,2025-08-28,11,11,0,0,0,0,1.75,17889.0,0,0,,no_minute_file
HIMS,2025-08-28,11,11,0,0,0,0,44.01,1588198415.0,0,0,,no_minute_file
HIND,2025-08-28,11,2,107,1,1,1,10.63,10452299.0,1,1,08:00,intra_session_sparse
HIT,2025-08-28,11,2,148,1,1,1,2.77,2995683.0,1,1,08:00,intra_session_sparse
HITI,2025-08-28,11,1,285,1,1,1,3.6,2827102.0,1,1,06:31,intra_session_sparse
HIVE,2025-08-28,11,0,376,1,1,1,2.94,40792084.0,1,1,04:00,intra_session_sparse
HKPD,2025-08-28,11,0,298,1,1,1,1.57,11048492.0,1,1,04:00,intra_session_sparse
HL,2025-08-28,11,0,376,1,1,1,8.03,159272227.0,1,1,04:24,intra_session_sparse
HLF,2025-08-28,11,0,362,1,1,1,9.48,17585235.0,1,1,04:01,intra_session_sparse
HLIT,2025-08-28,11,0,302,1,1,1,9.49,10366250.0,1,1,04:18,intra_session_sparse
HLLY,2025-08-28,11,0,226,1,1,1,3.98,2763398.0,1,1,05:52,intra_session_sparse
HLMN,2025-08-28,11,0,273,1,1,1,9.98,17899660.0,1,1,09:25,intra_session_sparse
HLX,2025-08-28,11,0,296,1,1,1,6.44,8617503.0,1,1,04:00,intra_session_sparse
HLXC,2025-08-28,11,11,0,0,0,0,,,0,0,,no_daily_history
HMH,2025-08-28,11,11,0,0,0,0,,,0,0,,no_daily_history
HMY,2025-08-28,11,0,376,1,1,1,14.67,55269241.0,1,1,04:00,intra_session_sparse
HNRG,2025-08-28,11,0,194,1,1,1,16.31,16341416.0,1,1,09:30,intra_session_sparse
HNST,2025-08-28,11,0,371,1,1,1,3.98,19510510.0,1,1,07:00,intra_session_sparse
HOG,2025-08-28,11,11,0,0,0,0,29.17,53295440.0,0,0,,no_minute_file
HOPE,2025-08-28,11,0,281,1,1,1,11.14,9468763.0,1,1,09:30,intra_session_sparse
HOUR,2025-08-28,11,11,0,0,0,0,1.483,38457.0,0,0,,no_minute_file
HOVR,2025-08-28,11,0,213,1,1,1,1.83,1340562.0,1,0,04:45,intra_session_sparse
HOWL,2025-08-28,11,11,0,1,0,0,1.33,173924.0,1,0,,no_session_bars_has_month_file
HP,2025-08-28,11,11,0,1,0,0,19.77,42266657.0,1,1,,no_session_bars_has_month_file
HPAI,2025-08-28,11,11,0,0,0,0,3.97,14382.0,0,0,,no_minute_file
HPE,2025-08-28,11,11,0,1,0,0,22.73,332325646.0,1,0,,no_session_bars_has_month_file
HPK,2025-08-28,11,0,170,1,1,1,7.55,4927059.0,1,1,07:00,intra_session_sparse
HPP,2025-08-28,11,0,372,1,1,1,20.02,17532046.0,1,0,09:30,intra_session_sparse
HPQ,2025-08-28,11,11,0,0,0,0,27.11,211455031.0,0,0,,no_minute_file
HQ,2025-08-28,11,11,0,0,0,0,,,0,0,,no_daily_history
HQH,2025-08-28,11,0,139,1,1,1,16.37,3386985.0,1,1,06:17,intra_session_sparse
HQL,2025-08-28,11,0,95,1,1,1,13.86,1317516.0,1,0,09:30,intra_session_sparse
HRL,2025-08-28,11,11,0,0,0,0,29.02,96961895.0,0,0,,no_minute_file
HRTX,2025-08-28,11,1,333,1,1,1,1.36,3537896.0,1,1,04:02,intra_session_sparse
HRZN,2025-08-28,11,0,313,1,1,1,6.9,4948683.0,1,1,04:41,intra_session_sparse
HSDT,2025-08-28,11,2,20,1,1,1,6.19,284822.0,1,0,09:51,intra_session_sparse
HSHP,2025-08-28,11,0,149,1,1,1,7.62,748562.0,1,0,08:19,intra_session_sparse
HST,2025-08-28,11,0,376,1,1,1,17.37,172711959.0,1,1,07:50,intra_session_sparse
HSTM,2025-08-28,11,11,0,0,0,0,28.36,5554046.0,0,0,,no_minute_file
HTCO,2025-08-28,11,0,96,1,1,1,11.74,502889.0,1,0,07:58,intra_session_sparse
HTCR,2025-08-28,11,11,0,0,0,0,23.4,2332925.0,0,0,,no_minute_file
HTGC,2025-08-28,11,0,304,1,1,1,19.4,21597145.0,1,1,06:27,intra_session_sparse
HTLD,2025-08-28,11,0,255,1,1,1,8.56,5690334.0,1,1,09:27,intra_session_sparse
HTLM,2025-08-28,11,11,0,0,0,0,3.9,25323.0,0,0,,no_minute_file
HTOO,2025-08-28,11,2,38,1,1,1,4.04,324411.0,1,0,06:48,intra_session_sparse
HTT,2025-08-28,11,0,189,1,1,1,4.64,3157945.0,1,1,09:30,intra_session_sparse
HTZ,2025-08-28,11,0,370,1,1,1,5.85,53028387.0,1,1,04:00,intra_session_sparse
HUBC,2025-08-28,11,11,0,0,0,0,1642.5,1004212.0,0,0,,no_minute_file
HUMA,2025-08-28,11,0,367,1,1,1,1.53,12049599.0,1,1,04:00,intra_session_sparse
HUN,2025-08-28,11,0,373,1,1,1,10.99,50481377.0,1,1,04:00,intra_session_sparse
HURA,2025-08-28,11,2,151,1,1,1,2.9,2409815.0,1,1,08:52,intra_session_sparse
HUYA,2025-08-28,11,0,336,1,1,1,3.35,4121378.0,1,1,05:03,intra_session_sparse
HVII,2025-08-28,11,7,1,1,1,1,10.18,263131.0,1,0,09:35,intra_session_sparse
HVT,2025-08-28,11,11,0,0,0,0,22.89,2246509.0,0,0,,no_minute_file
HWH,2025-08-28,11,11,0,1,0,0,1.41,188901.0,1,0,,no_session_bars_has_month_file
HXHX,2025-08-28,11,11,0,0,0,0,0.98,142692.0,0,0,,no_minute_file
HYFT,2025-08-28,11,0,261,1,1,1,2.65,4179903.0,1,1,08:00,intra_session_sparse
HYLN,2025-08-28,11,0,278,1,1,1,1.69,1753670.0,1,0,08:00,intra_session_sparse
HYMC,2025-08-28,11,1,299,1,1,1,4.17,2131155.0,1,1,08:35,intra_session_sparse
HYNE,2025-08-28,11,11,0,0,0,0,,,0,0,,no_daily_history
HYPD,2025-08-28,11,1,178,1,1,1,6.9,3639533.0,1,1,05:14,intra_session_sparse
IAG,2025-08-28,11,0,376,1,1,1,9.16,99261277.0,1,1,07:00,intra_session_sparse
IART,2025-08-28,11,2,257,1,1,1,14.87,21360484.0,1,1,09:30,intra_session_sparse
IAUX,2025-08-28,11,11,0,0,0,0,0.761,3156497.0,0,0,,no_minute_file
IBG,2025-08-28,11,0,67,1,1,1,15.25,287209.0,1,0,08:00,intra_session_sparse
IBIO,2025-08-28,11,11,0,0,0,0,0.807,1627464.0,0,0,,no_minute_file
IBRX,2025-08-28,11,0,376,1,1,1,2.34,22525533.0,1,1,04:06,intra_session_sparse
IBTA,2025-08-28,11,11,0,0,0,0,25.59,24120836.0,0,0,,no_minute_file
ICHR,2025-08-28,11,0,276,1,1,1,17.39,22429868.0,1,1,08:00,intra_session_sparse
ICL,2025-08-28,11,0,261,1,1,1,6.45,4969034.0,1,1,04:00,intra_session_sparse
ICON,2025-08-28,11,11,0,1,0,0,10.95,111527.0,1,0,,no_session_bars_has_month_file
ICU,2025-08-28,11,0,172,1,1,1,8.477,1459670.0,1,0,06:06,intra_session_sparse
IDAI,2025-08-28,11,11,0,0,0,0,2.9,74870.0,0,0,,no_minute_file
IDN,2025-08-28,11,2,145,1,1,1,5.32,958673.0,1,0,07:39,intra_session_sparse
IE,2025-08-28,11,0,258,1,1,1,8.92,9309364.0,1,1,08:36,intra_session_sparse
IEAG,2025-08-28,11,11,0,0,0,0,,,0,0,,no_daily_history
IEP,2025-08-28,11,1,219,1,1,1,8.41,7707777.0,1,1,08:00,intra_session_sparse
IFRX,2025-08-28,11,0,327,1,1,1,1.0,258865.0,1,0,08:00,intra_session_sparse
IHRT,2025-08-28,11,0,204,1,1,1,2.23,2266145.0,1,1,09:30,intra_session_sparse
IHS,2025-08-28,11,0,256,1,1,1,7.23,4576754.0,1,1,07:51,intra_session_sparse
III,2025-08-28,11,1,120,1,1,1,4.96,1279978.0,1,0,09:30,intra_session_sparse
IIIV,2025-08-28,11,11,0,0,0,0,30.96,8596618.0,0,0,,no_minute_file
IKT,2025-08-28,11,11,0,1,0,0,1.79,180495.0,1,0,,no_session_bars_has_month_file
ILLR,2025-08-28,11,11,0,0,0,0,0.482,755607.0,0,0,,no_minute_file
IMA,2025-08-28,11,2,18,1,1,1,13.64,268549.0,1,0,09:59,intra_session_sparse
IMCC,2025-08-28,11,11,0,1,0,0,2.26,101653.0,1,0,,no_session_bars_has_month_file
IMDX,2025-08-28,11,11,0,0,0,0,2.48,74760.0,0,0,,no_minute_file
IMMR,2025-08-28,11,2,160,1,1,1,6.99,2741234.0,1,1,07:33,intra_session_sparse
IMMX,2025-08-28,11,0,227,1,1,1,1.96,613502.0,1,0,09:21,intra_session_sparse
IMNM,2025-08-28,11,1,244,1,1,1,9.95,6625517.0,1,1,09:30,intra_session_sparse
IMPP,2025-08-28,11,2,61,1,1,1,3.3,407906.0,1,0,09:30,intra_session_sparse
IMRX,2025-08-28,11,0,245,1,1,1,5.19,3868452.0,1,1,04:09,intra_session_sparse
IMSR,2025-08-28,11,1,205,1,1,1,11.7,7378733.0,1,1,09:30,intra_session_sparse
IMTE,2025-08-28,11,11,0,0,0,0,0.96,23742.0,0,0,,no_minute_file
IMTX,2025-08-28,11,2,217,1,1,1,5.4,3822151.0,1,1,07:51,intra_session_sparse
IMUX,2025-08-28,11,0,259,1,1,1,8.549,990304.0,1,0,04:09,intra_session_sparse
IMVT,2025-08-28,11,0,285,1,1,1,15.18,18107450.0,1,1,09:30,intra_session_sparse
IMXI,2025-08-28,11,0,206,1,1,1,14.42,18502242.0,1,1,06:14,intra_session_sparse
INBS,2025-08-28,11,11,0,1,0,0,15.9,184671.0,1,0,,no_session_bars_has_month_file
INDI,2025-08-28,11,0,366,1,1,1,4.64,17037258.0,1,1,04:01,intra_session_sparse
INDO,2025-08-28,11,2,104,1,1,1,2.86,1324244.0,1,0,08:00,intra_session_sparse
INDP,2025-08-28,11,11,0,1,0,0,6.4,52341.0,1,0,,no_session_bars_has_month_file
INFQ,2025-08-28,11,3,9,1,1,1,10.1,629487.0,1,0,09:30,intra_session_sparse
INFU,2025-08-28,11,0,290,1,1,1,10.34,2820100.0,1,1,07:00,intra_session_sparse
INGM,2025-08-28,11,0,135,1,1,1,19.8,7383752.0,1,1,09:30,intra_session_sparse
INGN,2025-08-28,11,2,89,1,1,1,7.93,1958481.0,1,0,09:30,intra_session_sparse
INHD,2025-08-28,11,11,0,0,0,0,2582.4,66260966.0,0,0,,no_minute_file
INKT,2025-08-28,11,0,56,1,1,1,15.98,1903579.0,1,0,09:18,intra_session_sparse
INLF,2025-08-28,11,2,42,1,1,1,19.3,204117.0,1,0,04:02,intra_session_sparse
INMB,2025-08-28,11,0,287,1,1,1,2.045,5489393.0,1,1,04:50,intra_session_sparse
INMD,2025-08-28,11,0,349,1,1,1,15.19,15268073.0,1,1,07:04,intra_session_sparse
INN,2025-08-28,11,0,236,1,1,1,5.51,4735490.0,1,1,09:30,intra_session_sparse
INNV,2025-08-28,11,11,0,0,0,0,3.96,73836.0,0,0,,no_minute_file
INO,2025-08-28,11,0,366,1,1,1,2.46,4080670.0,1,1,04:02,intra_session_sparse
INR,2025-08-28,11,2,188,1,1,1,14.65,4548684.0,1,1,09:30,intra_session_sparse
INSG,2025-08-28,11,0,248,1,1,1,12.37,3158973.0,1,1,07:30,intra_session_sparse
INTA,2025-08-28,11,11,0,0,0,0,47.42,58811050.0,0,0,,no_minute_file
INTR,2025-08-28,11,0,353,1,1,1,8.39,24038754.0,1,1,07:11,intra_session_sparse
INTS,2025-08-28,11,0,229,1,1,1,7.548,1366985.0,1,0,04:12,intra_session_sparse
INTT,2025-08-28,11,2,42,1,1,1,7.13,287477.0,1,0,08:35,intra_session_sparse
INV,2025-08-28,11,2,34,1,1,1,4.77,2273311.0,1,1,09:31,intra_session_sparse
INVA,2025-08-28,11,11,0,1,0,0,19.84,16122231.0,1,1,,no_session_bars_has_month_file
INVX,2025-08-28,11,2,193,1,1,1,16.64,5685592.0,1,1,09:30,intra_session_sparse
INVZ,2025-08-28,11,0,358,1,1,1,1.69,11979964.0,1,1,04:02,intra_session_sparse
IOTR,2025-08-28,11,11,0,1,0,0,4.55,90059.0,1,0,,no_session_bars_has_month_file
IOVA,2025-08-28,11,0,376,1,1,1,2.42,38232126.0,1,1,04:02,intra_session_sparse
IPCX,2025-08-28,11,2,36,1,1,1,10.11,2309341.0,1,1,09:37,intra_session_sparse
IPDN,2025-08-28,11,2,13,1,1,1,1.92,4014557.0,1,1,09:11,intra_session_sparse
IPM,2025-08-28,11,11,0,0,0,0,1.97,103211.0,0,0,,no_minute_file
IPSC,2025-08-28,11,11,0,0,0,0,0.515,391361.0,0,0,,no_minute_file
IPST,2025-08-28,11,11,0,0,0,0,164.04,1753290.0,0,0,,no_minute_file
IPW,2025-08-28,11,11,0,0,0,0,137.06,54118.0,0,0,,no_minute_file
IPWR,2025-08-28,11,2,96,1,1,1,5.15,579882.0,1,0,09:30,intra_session_sparse
IRD,2025-08-28,11,1,97,1,1,1,1.2,217365.0,1,0,05:30,intra_session_sparse
IRDM,2025-08-28,11,11,0,0,0,0,25.02,36811538.0,0,0,,no_minute_file
IRWD,2025-08-28,11,0,254,1,1,1,1.26,1502326.0,1,0,06:09,intra_session_sparse
ISPC,2025-08-28,11,11,0,0,0,0,29.61,1255586.0,0,0,,no_minute_file
ISSC,2025-08-28,11,0,235,1,1,1,13.42,14741374.0,1,1,08:23,intra_session_sparse
ITHA,2025-08-28,11,11,0,0,0,0,,,0,0,,no_daily_history
ITOC,2025-08-28,11,0,202,1,1,1,11.52,2313682.0,1,1,04:08,intra_session_sparse
ITRG,2025-08-28,11,0,289,1,1,1,2.11,2555828.0,1,1,05:05,intra_session_sparse
IVA,2025-08-28,11,11,0,1,0,0,5.23,155395.0,1,0,,no_session_bars_has_month_file
IVDA,2025-08-28,11,2,22,1,1,1,1.63,346017.0,1,0,09:28,intra_session_sparse
IVF,2025-08-28,11,11,0,0,0,0,40.4,1624324.0,0,0,,no_minute_file
IVVD,2025-08-28,11,11,0,1,0,0,0.871,11598144.0,1,0,,no_session_bars_has_month_file
IXHL,2025-08-28,11,0,376,1,1,1,20.11,89667105.0,1,0,04:00,intra_session_sparse
JACK,2025-08-28,11,0,316,1,1,1,18.28,21754901.0,1,1,08:00,intra_session_sparse
JAGU,2025-08-28,11,11,0,0,0,0,,,0,0,,no_daily_history
JAKK,2025-08-28,11,2,114,1,1,1,18.09,2171756.0,1,1,09:30,intra_session_sparse
JANX,2025-08-28,11,11,0,0,0,0,23.35,20279644.0,0,0,,no_minute_file
JATT,2025-08-28,11,11,0,0,0,0,,,0,0,,no_daily_history
JBGS,2025-08-28,11,11,0,1,0,0,21.28,24393044.0,1,0,,no_session_bars_has_month_file
JBI,2025-08-28,11,0,243,1,1,1,10.45,13172252.0,1,1,09:30,intra_session_sparse
JBIO,2025-08-28,11,2,51,1,1,1,7.95,845502.0,1,0,09:30,intra_session_sparse
JBLU,2025-08-28,11,0,376,1,1,1,5.29,83008368.0,1,1,04:01,intra_session_sparse
JBS,2025-08-28,11,0,371,1,1,1,16.53,84618405.0,1,1,06:50,intra_session_sparse
JCAP,2025-08-28,11,1,136,1,1,1,19.37,3260841.0,1,1,09:30,intra_session_sparse
JDZG,2025-08-28,11,11,0,0,0,0,480.15,243509.0,0,0,,no_minute_file
JELD,2025-08-28,11,0,359,1,1,1,6.0,9592412.0,1,1,09:30,intra_session_sparse
JEM,2025-08-28,11,11,0,0,0,0,47.0,2524829.0,0,0,,no_minute_file
JENA,2025-08-28,11,2,45,1,1,1,10.12,986538.0,1,0,09:30,intra_session_sparse
JFB,2025-08-28,11,3,9,1,1,1,3.575,394228.0,1,0,09:37,intra_session_sparse
JHX,2025-08-28,11,11,0,1,0,0,20.37,240883869.0,1,0,,no_session_bars_has_month_file
JILL,2025-08-28,11,1,72,1,1,1,17.09,1485510.0,1,0,09:30,intra_session_sparse
JLHL,2025-08-28,11,11,0,1,0,0,4.09,118701.0,1,0,,no_session_bars_has_month_file
JMG,2025-08-28,11,11,0,0,0,0,,,0,0,,no_daily_history
JMIA,2025-08-28,11,0,369,1,1,1,9.18,41029679.0,1,1,04:00,intra_session_sparse
JOBY,2025-08-28,11,0,376,1,1,1,14.41,551449347.0,1,1,04:00,intra_session_sparse
JRVR,2025-08-28,11,2,207,1,1,1,5.64,1247891.0,1,0,09:30,intra_session_sparse
JSPR,2025-08-28,11,2,104,1,1,1,2.9,653363.0,1,0,09:30,intra_session_sparse
JTAI,2025-08-28,11,11,0,0,0,0,676.0,194828.0,0,0,,no_minute_file
JXG,2025-08-28,11,11,0,1,0,0,15.3,133750.0,1,0,,no_session_bars_has_month_file
JZXN,2025-08-28,11,11,0,0,0,0,33.6,220562.0,0,0,,no_minute_file
KALA,2025-08-28,11,11,0,0,0,0,482.5,900386.0,0,0,,no_minute_file
KALV,2025-08-28,11,0,231,1,1,1,13.59,8761616.0,1,1,09:30,intra_session_sparse
KAPA,2025-08-28,11,1,178,1,1,1,1.18,773414.0,1,0,04:05,intra_session_sparse
KBDC,2025-08-28,11,0,164,1,1,1,15.02,2008003.0,1,1,09:30,intra_session_sparse
KBON,2025-08-28,11,11,0,0,0,0,,,0,0,,no_daily_history
KD,2025-08-28,11,11,0,0,0,0,31.53,117643739.0,0,0,,no_minute_file
KDK,2025-08-28,11,1,33,1,1,1,11.3,1905695.0,1,0,09:29,intra_session_sparse
KEEL,2025-08-28,11,0,375,1,1,1,1.34,34444436.0,1,1,04:00,intra_session_sparse
KELYA,2025-08-28,11,0,164,1,1,1,14.17,4925567.0,1,1,09:30,intra_session_sparse
KELYB,2025-08-28,11,11,0,0,0,0,14.6,10120.0,0,0,,no_minute_file
KEP,2025-08-28,11,1,128,1,1,1,13.39,8278919.0,1,1,09:30,intra_session_sparse
KEY,2025-08-28,11,0,375,1,1,1,19.39,513209364.0,1,1,07:05,intra_session_sparse
KIDS,2025-08-28,11,11,0,1,0,0,21.63,3648891.0,1,0,,no_session_bars_has_month_file
KIDZ,2025-08-28,11,11,0,0,0,0,62.5,844251.0,0,0,,no_minute_file
KIM,2025-08-28,11,11,0,0,0,0,22.38,85605375.0,0,0,,no_minute_file
KINS,2025-08-28,11,1,175,1,1,1,13.29,3739385.0,1,1,09:30,intra_session_sparse
KITT,2025-08-28,11,11,0,0,0,0,70.07,1738262.0,0,0,,no_minute_file
KLAR,2025-08-28,11,11,0,0,0,0,,,0,0,,no_daily_history
KLC,2025-08-28,11,1,262,1,1,1,7.2,10045687.0,1,1,08:35,intra_session_sparse
KLRA,2025-08-28,11,11,0,0,0,0,,,0,0,,no_daily_history
KLRS,2025-08-28,11,11,0,1,0,0,3.08,179619.0,1,0,,no_session_bars_has_month_file
KLTR,2025-08-28,11,1,228,1,1,1,1.59,468714.0,1,0,09:30,intra_session_sparse
KMTS,2025-08-28,11,0,107,1,1,1,18.0,3338490.0,1,1,09:30,intra_session_sparse
KNRX,2025-08-28,11,11,0,0,0,0,,,0,0,,no_daily_history
KOD,2025-08-28,11,0,246,1,1,1,9.34,5937496.0,1,1,09:30,intra_session_sparse
KODK,2025-08-28,11,0,307,1,1,1,5.86,12250368.0,1,1,08:00,intra_session_sparse
KOPN,2025-08-28,11,0,356,1,1,1,2.16,5370241.0,1,1,04:02,intra_session_sparse
KORE,2025-08-28,11,11,0,0,0,0,2.38,26763.0,0,0,,no_minute_file
KOS,2025-08-28,11,0,364,1,1,1,1.83,18334466.0,1,1,08:00,intra_session_sparse
KOYN,2025-08-28,11,11,0,0,0,0,,,0,0,,no_daily_history
KPLT,2025-08-28,11,2,41,1,1,1,13.81,417850.0,1,0,09:30,intra_session_sparse
KPRX,2025-08-28,11,2,29,1,1,1,2.86,223159.0,1,0,06:46,intra_session_sparse
KPTI,2025-08-28,11,2,73,1,1,1,7.81,1185155.0,1,0,09:23,intra_session_sparse
KRNT,2025-08-28,11,0,183,1,1,1,15.1,6472975.0,1,1,09:30,intra_session_sparse
KRNY,2025-08-28,11,1,210,1,1,1,6.61,2366365.0,1,1,09:30,intra_session_sparse
KRO,2025-08-28,11,1,233,1,1,1,6.24,2843978.0,1,1,08:40,intra_session_sparse
KROS,2025-08-28,11,2,164,1,1,1,15.52,7131575.0,1,1,06:25,intra_session_sparse
KRRO,2025-08-28,11,11,0,1,0,0,21.58,2433390.0,1,0,,no_session_bars_has_month_file
KSCP,2025-08-28,11,0,220,1,1,1,6.16,2591676.0,1,1,07:00,intra_session_sparse
KSS,2025-08-28,11,0,376,1,1,1,16.17,120521847.0,1,1,04:01,intra_session_sparse
KT,2025-08-28,11,11,0,0,0,0,20.19,30574572.0,0,0,,no_minute_file
KTTA,2025-08-28,11,11,0,0,0,0,0.753,67990.0,0,0,,no_minute_file
KTWO,2025-08-28,11,11,0,0,0,0,,,0,0,,no_daily_history
KULR,2025-08-28,11,0,341,1,1,1,4.74,10348240.0,1,1,04:14,intra_session_sparse
KURA,2025-08-28,11,0,366,1,1,1,7.86,12477975.0,1,1,04:17,intra_session_sparse
KUST,2025-08-28,11,11,0,0,0,0,28.2,187668.0,0,0,,no_minute_file
KVUE,2025-08-28,11,11,0,0,0,0,20.75,387900698.0,0,0,,no_minute_file
KVYO,2025-08-28,11,11,0,0,0,0,32.08,87537825.0,0,0,,no_minute_file
KW,2025-08-28,11,1,265,1,1,1,8.68,6691277.0,1,1,09:16,intra_session_sparse
KXIN,2025-08-28,11,11,0,0,0,0,331.11,163605.0,0,0,,no_minute_file
KYIV,2025-08-28,11,0,276,1,1,1,12.22,24577977.0,1,1,08:00,intra_session_sparse
KYTX,2025-08-28,11,2,114,1,1,1,3.69,961336.0,1,0,08:17,intra_session_sparse
LAB,2025-08-28,11,0,240,1,1,1,1.28,1614514.0,1,0,08:00,intra_session_sparse
LABT,2025-08-28,11,11,0,0,0,0,,,0,0,,no_daily_history
LAC,2025-08-28,11,0,374,1,1,1,2.98,21794031.0,1,1,04:29,intra_session_sparse
LADR,2025-08-28,11,0,225,1,1,1,11.5,6258224.0,1,1,09:30,intra_session_sparse
LAES,2025-08-28,11,0,365,1,1,1,2.73,15304520.0,1,1,04:00,intra_session_sparse
LAKE,2025-08-28,11,2,76,1,1,1,15.45,1193589.0,1,0,09:30,intra_session_sparse
LAND,2025-08-28,11,0,188,1,1,1,9.14,4089742.0,1,1,05:08,intra_session_sparse
LAR,2025-08-28,11,0,356,1,1,1,3.23,5984283.0,1,1,09:14,intra_session_sparse
LASE,2025-08-28,11,0,250,1,1,1,4.53,31473842.0,1,1,04:50,intra_session_sparse
LAW,2025-08-28,11,2,54,1,1,1,5.15,708343.0,1,0,09:30,intra_session_sparse
LAWR,2025-08-28,11,2,61,1,1,1,1.95,678639.0,1,0,09:37,intra_session_sparse
LBGJ,2025-08-28,11,11,0,0,0,0,130.0,17106.0,0,0,,no_minute_file
LBRT,2025-08-28,11,0,368,1,1,1,11.28,31404333.0,1,1,09:24,intra_session_sparse
LBRX,2025-08-28,11,11,0,0,0,0,,,0,0,,no_daily_history
LBTYA,2025-08-28,11,0,282,1,1,1,11.79,24330739.0,1,1,09:30,intra_session_sparse
LBTYB,2025-08-28,11,11,0,0,0,0,11.7,10630.0,0,0,,no_minute_file
LBTYK,2025-08-28,11,0,268,1,1,1,12.01,13267474.0,1,1,09:30,intra_session_sparse
LC,2025-08-28,11,0,350,1,1,1,16.81,29741083.0,1,1,04:00,intra_session_sparse
LCFY,2025-08-28,11,11,0,1,0,0,4.31,105670.0,1,0,,no_session_bars_has_month_file
LCID,2025-08-28,11,11,0,1,0,0,20.8,173938127.0,1,0,,no_session_bars_has_month_file
LCTX,2025-08-28,11,0,268,1,1,1,1.22,1742056.0,1,0,08:00,intra_session_sparse
LCUT,2025-08-28,11,11,0,0,0,0,3.99,119027.0,0,0,,no_minute_file
LDI,2025-08-28,11,0,340,1,1,1,2.1,4187269.0,1,1,07:00,intra_session_sparse
LE,2025-08-28,11,1,147,1,1,1,14.7,5099547.0,1,1,09:30,intra_session_sparse
LEG,2025-08-28,11,0,343,1,1,1,9.73,17152143.0,1,1,05:45,intra_session_sparse
LEGH,2025-08-28,11,11,0,0,0,0,27.91,1776728.0,0,0,,no_minute_file
LENZ,2025-08-28,11,11,0,0,0,0,37.37,28660748.0,0,0,,no_minute_file
LEO,2025-08-28,11,0,102,1,1,1,5.88,849701.0,1,0,09:30,intra_session_sparse
LESL,2025-08-28,11,2,310,1,1,1,7.052,1051254.0,1,0,07:43,intra_session_sparse
LEVI,2025-08-28,11,11,0,1,0,0,22.16,41806056.0,1,0,,no_session_bars_has_month_file
LFCR,2025-08-28,11,2,75,1,1,1,7.53,858046.0,1,0,09:00,intra_session_sparse
LFMD,2025-08-28,11,0,333,1,1,1,6.41,21490392.0,1,1,04:02,intra_session_sparse
LFST,2025-08-28,11,0,349,1,1,1,5.49,15826752.0,1,1,07:00,intra_session_sparse
LFVN,2025-08-28,11,2,180,1,1,1,13.41,1147604.0,1,0,09:12,intra_session_sparse
LGCL,2025-08-28,11,11,0,1,0,0,20.94,408778.0,1,0,,no_session_bars_has_month_file
LGO,2025-08-28,11,11,0,1,0,0,1.5,199025.0,1,0,,no_session_bars_has_month_file
LGVN,2025-08-28,11,11,0,1,0,0,0.822,1625338.0,1,0,,no_session_bars_has_month_file
LHAI,2025-08-28,11,0,141,1,1,1,8.28,3854620.0,1,1,04:45,intra_session_sparse
LIDR,2025-08-28,11,0,341,1,1,1,3.02,29296029.0,1,1,04:04,intra_session_sparse
LIFE,2025-08-28,11,11,0,0,0,0,1.9,963346.0,0,0,,no_minute_file
LILA,2025-08-28,11,0,305,1,1,1,8.04,4050959.0,1,1,09:29,intra_session_sparse
LILAK,2025-08-28,11,0,339,1,1,1,8.22,15358062.0,1,1,09:30,intra_session_sparse
LIMN,2025-08-28,11,1,206,1,1,1,3.02,8034866.0,1,1,04:52,intra_session_sparse
LINC,2025-08-28,11,2,250,1,1,1,19.64,10514975.0,1,1,09:30,intra_session_sparse
LIND,2025-08-28,11,2,173,1,1,1,15.0,6204000.0,1,1,09:30,intra_session_sparse
LINK,2025-08-28,11,0,70,1,1,1,5.28,366061.0,1,0,09:30,intra_session_sparse
LION,2025-08-28,11,0,342,1,1,1,6.45,14505002.0,1,1,08:00,intra_session_sparse
LITS,2025-08-28,11,2,191,1,1,1,5.16,2456422.0,1,1,06:09,intra_session_sparse
LKSP,2025-08-28,11,11,0,0,0,0,,,0,0,,no_daily_history
LMFA,2025-08-28,11,0,113,1,1,1,1.27,855133.0,1,0,07:22,intra_session_sparse
LMRI,2025-08-28,11,11,0,0,0,0,,,0,0,,no_daily_history
LNAI,2025-08-28,11,11,0,1,0,0,20.64,213239.0,1,0,,no_session_bars_has_month_file
LNKS,2025-08-28,11,11,0,0,0,0,142.5,69533.0,0,0,,no_minute_file
LOCL,2025-08-28,11,11,0,0,0,0,2.4,34742.0,0,0,,no_minute_file
LOCO,2025-08-28,11,1,127,1,1,1,10.68,2048589.0,1,1,09:30,intra_session_sparse
LODE,2025-08-28,11,0,267,1,1,1,2.44,2377814.0,1,1,08:00,intra_session_sparse
LOKV,2025-08-28,11,2,11,1,1,1,10.18,1401532.0,1,0,09:35,intra_session_sparse
LONA,2025-08-28,11,11,0,0,0,0,4.0,44658.0,0,0,,no_minute_file
LOVE,2025-08-28,11,1,170,1,1,1,18.94,5202463.0,1,1,09:30,intra_session_sparse
LPCN,2025-08-28,11,11,0,0,0,0,3.01,62537.0,0,0,,no_minute_file
LPCV,2025-08-28,11,11,0,0,0,0,,,0,0,,no_daily_history
LPL,2025-08-28,11,0,328,1,1,1,4.36,2640672.0,1,1,06:45,intra_session_sparse
LPSN,2025-08-28,11,0,351,1,1,1,16.35,9457915.0,1,1,04:00,intra_session_sparse
LPTH,2025-08-28,11,0,354,1,1,1,4.8,3075894.0,1,1,07:08,intra_session_sparse
LRHC,2025-08-28,11,11,0,0,0,0,554.04,1113527.0,0,0,,no_minute_file
LRMR,2025-08-28,11,0,329,1,1,1,3.9,6420023.0,1,1,08:00,intra_session_sparse
LSPD,2025-08-28,11,1,262,1,1,1,12.21,6893316.0,1,1,09:30,intra_session_sparse
LTBR,2025-08-28,11,0,295,1,1,1,15.56,22504864.0,1,1,04:02,intra_session_sparse
LTRN,2025-08-28,11,2,50,1,1,1,4.05,796364.0,1,0,08:00,intra_session_sparse
LTRX,2025-08-28,11,0,373,1,1,1,3.71,1192519.0,1,0,04:00,intra_session_sparse
LUCD,2025-08-28,11,0,237,1,1,1,1.26,808711.0,1,0,05:50,intra_session_sparse
LUCK,2025-08-28,11,0,185,1,1,1,10.67,1296872.0,1,0,07:38,intra_session_sparse
LUCY,2025-08-28,11,1,53,1,1,1,1.95,229751.0,1,0,08:50,intra_session_sparse
LUMN,2025-08-28,11,0,376,1,1,1,5.27,58442672.0,1,1,04:00,intra_session_sparse
LUNG,2025-08-28,11,0,286,1,1,1,1.86,1859104.0,1,0,06:52,intra_session_sparse
LUNR,2025-08-28,11,0,373,1,1,1,8.99,81901554.0,1,1,04:01,intra_session_sparse
LVLU,2025-08-28,11,2,16,1,1,1,4.69,424082.0,1,0,07:00,intra_session_sparse
LWLG,2025-08-28,11,0,351,1,1,1,3.6,5704140.0,1,1,04:57,intra_session_sparse
LXEO,2025-08-28,11,1,150,1,1,1,4.85,1565799.0,1,0,08:40,intra_session_sparse
LXFR,2025-08-28,11,2,125,1,1,1,13.51,1724686.0,1,0,06:01,intra_session_sparse
LXRX,2025-08-28,11,0,303,1,1,1,1.13,2595086.0,1,1,07:00,intra_session_sparse
LXU,2025-08-28,11,1,168,1,1,1,8.27,3290946.0,1,1,09:30,intra_session_sparse
LYEL,2025-08-28,11,2,20,1,1,1,11.28,338923.0,1,0,09:31,intra_session_sparse
LYFT,2025-08-28,11,0,376,1,1,1,16.25,330255163.0,1,1,04:09,intra_session_sparse
LYG,2025-08-28,11,0,374,1,1,1,4.49,41439608.0,1,1,04:04,intra_session_sparse
LYTS,2025-08-28,11,11,0,1,0,0,22.61,4145899.0,1,0,,no_session_bars_has_month_file
LZ,2025-08-28,11,0,336,1,1,1,11.18,32380829.0,1,1,07:00,intra_session_sparse
LZM,2025-08-28,11,2,75,1,1,1,4.55,414563.0,1,0,09:30,intra_session_sparse
LZMH,2025-08-28,11,11,0,0,0,0,71.0,2124023.0,0,0,,no_minute_file
M,2025-08-28,11,0,376,1,1,1,13.6,83535975.0,1,1,07:00,intra_session_sparse
MAAS,2025-08-28,11,11,0,0,0,0,4.05,41501.0,0,0,,no_minute_file
MAC,2025-08-28,11,1,317,1,1,1,18.4,32383018.0,1,1,09:30,intra_session_sparse
MAGH,2025-08-28,11,11,0,0,0,0,1.19,1993473.0,0,0,,no_minute_file
MAGN,2025-08-28,11,0,207,1,1,1,12.46,6871121.0,1,1,09:30,intra_session_sparse
MAIA,2025-08-28,11,1,184,1,1,1,1.65,474376.0,1,0,07:12,intra_session_sparse
MAMA,2025-08-28,11,0,139,1,1,1,8.55,1182846.0,1,0,05:41,intra_session_sparse
MAMK,2025-08-28,11,4,17,1,1,1,2.15,237752.0,1,0,09:40,intra_session_sparse
MANU,2025-08-28,11,0,159,1,1,1,17.09,2875355.0,1,1,09:30,intra_session_sparse
MARA,2025-08-28,11,0,376,1,1,1,15.85,660064715.0,1,1,04:00,intra_session_sparse
MASK,2025-08-28,11,1,73,1,1,1,16.25,400641.0,1,0,04:09,intra_session_sparse
MASS,2025-08-28,11,1,172,1,1,1,6.3,1843805.0,1,0,09:30,intra_session_sparse
MAT,2025-08-28,11,0,368,1,1,1,18.53,64981295.0,1,1,08:00,intra_session_sparse
MATV,2025-08-28,11,1,314,1,1,1,12.32,8314151.0,1,1,09:14,intra_session_sparse
MAX,2025-08-28,11,1,210,1,1,1,10.37,5594950.0,1,1,09:30,intra_session_sparse
MAZE,2025-08-28,11,2,269,1,1,1,13.87,3191872.0,1,1,08:23,intra_session_sparse
MB,2025-08-28,11,0,165,1,1,1,8.67,4848621.0,1,1,08:04,intra_session_sparse
MBAI,2025-08-28,11,11,0,0,0,0,0.65,17477.0,0,0,,no_minute_file
MBAV,2025-08-28,11,0,52,1,1,1,10.55,1639703.0,1,0,09:30,intra_session_sparse
MBC,2025-08-28,11,0,294,1,1,1,13.08,24238947.0,1,1,09:30,intra_session_sparse
MBI,2025-08-28,11,0,260,1,1,1,8.13,4255414.0,1,1,08:00,intra_session_sparse
MBLY,2025-08-28,11,0,365,1,1,1,13.99,60361225.0,1,1,04:05,intra_session_sparse
MBOT,2025-08-28,11,0,334,1,1,1,4.07,10607520.0,1,1,04:00,intra_session_sparse
MBRX,2025-08-28,11,0,365,1,1,1,15.18,1958683.0,1,0,04:00,intra_session_sparse
MBX,2025-08-28,11,2,154,1,1,1,14.31,5159531.0,1,1,09:19,intra_session_sparse
MCFT,2025-08-28,11,11,0,1,0,0,22.9,3019089.0,1,0,,no_session_bars_has_month_file
MCGA,2025-08-28,11,0,327,1,1,1,10.76,5959478.0,1,1,04:00,intra_session_sparse
MCHB,2025-08-28,11,3,94,1,1,1,13.97,1853395.0,1,0,09:30,intra_session_sparse
MCRB,2025-08-28,11,0,95,1,1,1,18.88,2097330.0,1,1,09:30,intra_session_sparse
MCS,2025-08-28,11,2,143,1,1,1,15.6,4439147.0,1,1,09:30,intra_session_sparse
MD,2025-08-28,11,1,304,1,1,1,17.18,14121159.0,1,1,09:30,intra_session_sparse
MDAI,2025-08-28,11,1,186,1,1,1,2.1,793421.0,1,0,08:00,intra_session_sparse
MDU,2025-08-28,11,1,309,1,1,1,16.45,30213435.0,1,1,09:30,intra_session_sparse
MDWD,2025-08-28,11,0,131,1,1,1,17.0,1608564.0,1,0,09:30,intra_session_sparse
MDXG,2025-08-28,11,1,221,1,1,1,7.17,5326951.0,1,1,09:30,intra_session_sparse
MEC,2025-08-28,11,2,59,1,1,1,14.58,2394074.0,1,1,04:02,intra_session_sparse
MED,2025-08-28,11,1,99,1,1,1,14.26,2730413.0,1,1,09:30,intra_session_sparse
MEHA,2025-08-28,11,11,0,0,0,0,,,0,0,,no_daily_history
MEI,2025-08-28,11,1,230,1,1,1,7.76,2800375.0,1,1,09:30,intra_session_sparse
MENS,2025-08-28,11,11,0,1,0,0,51.2,5540383.0,1,0,,no_session_bars_has_month_file
MERC,2025-08-28,11,0,207,1,1,1,3.25,3686379.0,1,1,09:30,intra_session_sparse
MESH,2025-08-28,11,11,0,0,0,0,,,0,0,,no_daily_history
METC,2025-08-28,11,11,0,1,0,0,25.36,87819779.0,1,0,,no_session_bars_has_month_file
METCB,2025-08-28,11,2,56,1,1,1,16.54,2761594.0,1,1,09:30,intra_session_sparse
MFA,2025-08-28,11,0,270,1,1,1,10.03,11880217.0,1,1,08:13,intra_session_sparse
MFI,2025-08-28,11,11,0,0,0,0,37.0,1035012.0,0,0,,no_minute_file
MFIC,2025-08-28,11,1,186,1,1,1,13.31,4486433.0,1,1,09:30,intra_session_sparse
MG,2025-08-28,11,2,69,1,1,1,9.64,1130975.0,1,0,09:30,intra_session_sparse
MGIH,2025-08-28,11,11,0,0,0,0,1.821,32390.0,0,0,,no_minute_file
MGN,2025-08-28,11,11,0,0,0,0,,,0,0,,no_daily_history
MGNI,2025-08-28,11,11,0,0,0,0,25.57,71499408.0,0,0,,no_minute_file
MGNX,2025-08-28,11,0,259,1,1,1,1.72,972099.0,1,0,06:05,intra_session_sparse
MGPI,2025-08-28,11,11,0,0,0,0,29.77,5736444.0,0,0,,no_minute_file
MGRT,2025-08-28,11,2,33,1,1,1,3.55,611957.0,1,0,09:31,intra_session_sparse
MGRX,2025-08-28,11,2,165,1,1,1,1.96,201005.0,1,0,07:04,intra_session_sparse
MGTX,2025-08-28,11,0,160,1,1,1,7.44,2804840.0,1,1,09:30,intra_session_sparse
MGX,2025-08-28,11,0,84,1,1,1,1.86,628178.0,1,0,04:15,intra_session_sparse
MH,2025-08-28,11,0,237,1,1,1,15.45,13092440.0,1,1,07:25,intra_session_sparse
MICC,2025-08-28,11,11,0,0,0,0,,,0,0,,no_daily_history
MIMI,2025-08-28,11,11,0,0,0,0,80.4,7736773.0,0,0,,no_minute_file
MIND,2025-08-28,11,1,132,1,1,1,10.09,1917928.0,1,0,08:04,intra_session_sparse
MINE,2025-08-28,11,11,0,0,0,0,,,0,0,,no_daily_history
MIR,2025-08-28,11,11,0,1,0,0,20.42,59815646.0,1,0,,no_session_bars_has_month_file
MIRA,2025-08-28,11,2,55,1,1,1,1.37,321310.0,1,0,07:01,intra_session_sparse
MIST,2025-08-28,11,0,352,1,1,1,1.77,1579275.0,1,0,07:24,intra_session_sparse
MITK,2025-08-28,11,1,192,1,1,1,10.29,4544477.0,1,1,07:02,intra_session_sparse
MKDW,2025-08-28,11,2,52,1,1,1,6.234,283129.0,1,0,04:02,intra_session_sparse
MKLY,2025-08-28,11,11,0,0,0,0,,,0,0,,no_daily_history
MLAA,2025-08-28,11,11,0,0,0,0,,,0,0,,no_daily_history
MLAC,2025-08-28,11,11,0,0,0,0,10.3,51692.0,0,0,,no_minute_file
MLEC,2025-08-28,11,2,57,1,1,1,19.8,387629.0,1,0,04:18,intra_session_sparse
MLKN,2025-08-28,11,11,0,1,0,0,21.52,8025609.0,1,0,,no_session_bars_has_month_file
MLTX,2025-08-28,11,11,0,0,0,0,55.42,23442660.0,0,0,,no_minute_file
MLYS,2025-08-28,11,0,283,1,1,1,15.21,13194567.0,1,1,09:01,intra_session_sparse
MMA,2025-08-28,11,11,0,1,0,0,0.95,585316.0,1,0,,no_session_bars_has_month_file
MMED,2025-08-28,11,11,0,0,0,0,,,0,0,,no_daily_history
MNDR,2025-08-28,11,0,46,1,1,1,5.45,475246.0,1,0,08:38,intra_session_sparse
MNKD,2025-08-28,11,0,374,1,1,1,4.52,13847056.0,1,1,07:51,intra_session_sparse
MNOV,2025-08-28,11,11,0,0,0,0,1.34,83319.0,0,0,,no_minute_file
MNRO,2025-08-28,11,0,274,1,1,1,17.18,16195329.0,1,1,09:30,intra_session_sparse
MNTN,2025-08-28,11,11,0,0,0,0,20.98,20129541.0,0,0,,no_minute_file
MNTS,2025-08-28,11,11,0,1,0,0,25.53,32748333.0,1,0,,no_session_bars_has_month_file
MOB,2025-08-28,11,0,339,1,1,1,5.88,1820148.0,1,0,06:05,intra_session_sparse
MOBI,2025-08-28,11,11,0,0,0,0,,,0,0,,no_daily_history
MOBX,2025-08-28,11,0,354,1,1,1,9.5,262706.0,1,0,07:04,intra_session_sparse
MOV,2025-08-28,11,2,168,1,1,1,17.52,2174363.0,1,1,09:30,intra_session_sparse
MOVE,2025-08-28,11,1,55,1,1,1,4.58,201701.0,1,0,05:27,intra_session_sparse
MPAA,2025-08-28,11,2,143,1,1,1,15.03,2679621.0,1,1,08:55,intra_session_sparse
MPLT,2025-08-28,11,11,0,0,0,0,,,0,0,,no_daily_history
MPU,2025-08-28,11,0,114,1,1,1,2.59,3540675.0,1,1,08:32,intra_session_sparse
MQ,2025-08-28,11,0,369,1,1,1,6.275,31680688.0,1,1,04:39,intra_session_sparse
MRAM,2025-08-28,11,2,88,1,1,1,6.39,412863.0,1,0,08:57,intra_session_sparse
MRBK,2025-08-28,11,0,84,1,1,1,15.74,776033.0,1,0,09:25,intra_session_sparse
MRKR,2025-08-28,11,11,0,1,0,0,0.94,2538620.0,1,0,,no_session_bars_has_month_file
MRLN,2025-08-28,11,0,2,1,1,1,10.38,1373499.0,1,0,09:30,intra_session_sparse
MRNO,2025-08-28,11,11,0,1,0,0,5.93,49910.0,1,0,,no_session_bars_has_month_file
MRTN,2025-08-28,11,1,239,1,1,1,11.94,7587605.0,1,1,09:30,intra_session_sparse
MRVI,2025-08-28,11,1,268,1,1,1,2.33,3587548.0,1,1,09:30,intra_session_sparse
MSBI,2025-08-28,11,2,118,1,1,1,18.56,2171799.0,1,1,09:30,intra_session_sparse
MSGM,2025-08-28,11,11,0,0,0,0,2.91,97370.0,0,0,,no_minute_file
MSGY,2025-08-28,11,2,40,1,1,1,12.22,1372450.0,1,0,09:30,intra_session_sparse
MSS,2025-08-28,11,11,0,0,0,0,8.533,20478.0,0,0,,no_minute_file
MTA,2025-08-28,11,0,351,1,1,1,5.02,1753287.0,1,0,04:03,intra_session_sparse
MTAL,2025-08-28,11,0,266,1,1,1,12.15,12272821.0,1,1,09:30,intra_session_sparse
MTC,2025-08-28,11,11,0,0,0,0,0.95,71741.0,0,0,,no_minute_file
MTEK,2025-08-28,11,11,0,0,0,0,2.641,126963.0,0,0,,no_minute_file
MTEN,2025-08-28,11,11,0,0,0,0,2479.76,1110230.0,0,0,,no_minute_file
MTNB,2025-08-28,11,2,47,1,1,1,1.98,3157054.0,1,1,07:11,intra_session_sparse
MTRX,2025-08-28,11,2,127,1,1,1,15.37,1731882.0,1,0,09:30,intra_session_sparse
MTUS,2025-08-28,11,0,136,1,1,1,16.56,5018608.0,1,1,09:30,intra_session_sparse
MTVA,2025-08-28,11,11,0,0,0,0,6.974,100411.0,0,0,,no_minute_file
MTW,2025-08-28,11,1,148,1,1,1,10.11,3890540.0,1,1,05:41,intra_session_sparse
MUFG,2025-08-28,11,0,370,1,1,1,15.28,53350545.0,1,1,08:33,intra_session_sparse
MUX,2025-08-28,11,0,296,1,1,1,10.98,10980465.0,1,1,09:30,intra_session_sparse
MVIS,2025-08-28,11,0,353,1,1,1,1.12,5196743.0,1,1,04:02,intra_session_sparse
MVST,2025-08-28,11,0,366,1,1,1,2.67,22656821.0,1,1,04:20,intra_session_sparse
MWG,2025-08-28,11,11,0,0,0,0,2.376,87479.0,0,0,,no_minute_file
MWYN,2025-08-28,11,11,0,1,0,0,0.791,7345128.0,1,0,,no_session_bars_has_month_file
MX,2025-08-28,11,1,202,1,1,1,3.17,1317630.0,1,0,06:47,intra_session_sparse
MXCT,2025-08-28,11,1,181,1,1,1,1.4,1772195.0,1,0,06:29,intra_session_sparse
MXL,2025-08-28,11,0,355,1,1,1,16.74,24114226.0,1,1,09:30,intra_session_sparse
MYE,2025-08-28,11,0,154,1,1,1,16.94,3810962.0,1,1,09:30,intra_session_sparse
MYGN,2025-08-28,11,1,330,1,1,1,5.93,13163787.0,1,1,09:30,intra_session_sparse
MYO,2025-08-28,11,2,318,1,1,1,1.12,2233046.0,1,1,07:04,intra_session_sparse
MYSE,2025-08-28,11,2,43,1,1,1,2.03,208675.0,1,0,09:30,intra_session_sparse
MYX,2025-08-28,11,11,0,0,0,0,,,0,0,,no_daily_history
NA,2025-08-28,11,1,179,1,1,1,6.11,2752041.0,1,1,04:40,intra_session_sparse
NABL,2025-08-28,11,0,238,1,1,1,7.98,7242213.0,1,1,09:30,intra_session_sparse
NAGE,2025-08-28,11,0,228,1,1,1,9.765,11178570.0,1,1,08:36,intra_session_sparse
NAK,2025-08-28,11,11,0,0,0,0,0.888,4555777.0,0,0,,no_minute_file
NAKA,2025-08-28,11,11,0,0,0,0,252.8,8795812.0,0,0,,no_minute_file
NAMM,2025-08-28,11,1,53,1,1,1,2.92,5104923.0,1,1,04:02,intra_session_sparse
NAT,2025-08-28,11,0,357,1,1,1,3.06,4933209.0,1,1,04:02,intra_session_sparse
NATR,2025-08-28,11,2,111,1,1,1,16.875,2020201.0,1,1,09:30,intra_session_sparse
NAVI,2025-08-28,11,0,215,1,1,1,13.59,10906516.0,1,1,09:30,intra_session_sparse
NAVN,2025-08-28,11,11,0,0,0,0,,,0,0,,no_daily_history
NB,2025-08-28,11,0,364,1,1,1,4.63,23997011.0,1,1,04:42,intra_session_sparse
NBBK,2025-08-28,11,2,92,1,1,1,19.0,3398562.0,1,1,09:30,intra_session_sparse
NCDL,2025-08-28,11,0,71,1,1,1,15.91,1942884.0,1,0,09:30,intra_session_sparse
NCEL,2025-08-28,11,11,0,1,0,0,22.2,436760.0,1,0,,no_session_bars_has_month_file
NCI,2025-08-28,11,11,0,0,0,0,13.12,41362.0,0,0,,no_minute_file
NCLH,2025-08-28,11,11,0,0,0,0,24.88,359607771.0,0,0,,no_minute_file
NCMI,2025-08-28,11,1,167,1,1,1,4.32,2785040.0,1,1,09:30,intra_session_sparse
NCNO,2025-08-28,11,11,0,0,0,0,32.69,51934330.0,0,0,,no_minute_file
NCRA,2025-08-28,11,11,0,0,0,0,1.5,36457.0,0,0,,no_minute_file
NDRA,2025-08-28,11,0,22,1,1,1,4.11,278845.0,1,0,06:33,intra_session_sparse
NEO,2025-08-28,11,0,349,1,1,1,7.08,12706264.0,1,1,09:30,intra_session_sparse
NEOG,2025-08-28,11,0,369,1,1,1,5.74,29033919.0,1,1,09:30,intra_session_sparse
NEON,2025-08-28,11,11,0,0,0,0,23.24,5875158.0,0,0,,no_minute_file
NEOV,2025-08-28,11,2,80,1,1,1,3.5,767356.0,1,0,08:17,intra_session_sparse
NERV,2025-08-28,11,11,0,0,0,0,2.37,91169.0,0,0,,no_minute_file
NESR,2025-08-28,11,1,311,1,1,1,9.03,5595341.0,1,1,08:50,intra_session_sparse
NEUP,2025-08-28,11,0,156,1,1,1,10.22,403598.0,1,0,04:56,intra_session_sparse
NEWP,2025-08-28,11,0,140,1,1,1,1.77,295369.0,1,0,04:00,intra_session_sparse
NEWT,2025-08-28,11,2,88,1,1,1,12.39,2560176.0,1,1,09:30,intra_session_sparse
NEXA,2025-08-28,11,11,0,0,0,0,4.76,57637.0,0,0,,no_minute_file
NEXN,2025-08-28,11,0,207,1,1,1,9.86,3833819.0,1,1,09:30,intra_session_sparse
NEXR,2025-08-28,11,11,0,0,0,0,74.34,315544.0,0,0,,no_minute_file
NEXT,2025-08-28,11,0,363,1,1,1,10.61,26781703.0,1,1,08:00,intra_session_sparse
NFBK,2025-08-28,11,2,136,1,1,1,11.91,1894521.0,1,0,09:30,intra_session_sparse
NFE,2025-08-28,11,0,356,1,1,1,2.6,21772120.0,1,1,06:10,intra_session_sparse
NFGC,2025-08-28,11,1,206,1,1,1,1.69,776176.0,1,0,04:47,intra_session_sparse
NG,2025-08-28,11,0,355,1,1,1,6.59,17720814.0,1,1,07:21,intra_session_sparse
NGEN,2025-08-28,11,11,0,0,0,0,,,0,0,,no_daily_history
NGL,2025-08-28,11,2,258,1,1,1,5.08,3807143.0,1,1,09:30,intra_session_sparse
NGNE,2025-08-28,11,1,83,1,1,1,19.695,2276144.0,1,1,09:30,intra_session_sparse
NHP,2025-08-28,11,11,0,0,0,0,,,0,0,,no_daily_history
NIQ,2025-08-28,11,0,287,1,1,1,16.7,25361366.0,1,1,09:30,intra_session_sparse
NIVF,2025-08-28,11,11,0,0,0,0,112.2,440657.0,0,0,,no_minute_file
NKLR,2025-08-28,11,1,66,1,1,1,10.38,6000104.0,1,1,07:00,intra_session_sparse
NKTX,2025-08-28,11,1,257,1,1,1,2.24,1191142.0,1,0,08:00,intra_session_sparse
NLOP,2025-08-28,11,11,0,0,0,0,30.1,5028973.0,0,0,,no_minute_file
NMAX,2025-08-28,11,0,295,1,1,1,15.35,13748374.0,1,1,05:04,intra_session_sparse
NMFC,2025-08-28,11,0,174,1,1,1,10.46,4676558.0,1,1,09:30,intra_session_sparse
NMG,2025-08-28,11,11,0,1,0,0,1.93,149043.0,1,0,,no_session_bars_has_month_file
NMP,2025-08-28,11,11,0,0,0,0,,,0,0,,no_daily_history
NMR,2025-08-28,11,0,175,1,1,1,7.22,3291630.0,1,1,05:12,intra_session_sparse
NMRA,2025-08-28,11,0,169,1,1,1,1.76,1177606.0,1,0,04:02,intra_session_sparse
NMRK,2025-08-28,11,0,326,1,1,1,18.25,25715960.0,1,1,09:30,intra_session_sparse
NN,2025-08-28,11,0,328,1,1,1,17.79,18458883.0,1,1,08:00,intra_session_sparse
NNBR,2025-08-28,11,2,128,1,1,1,2.55,258098.0,1,0,09:30,intra_session_sparse
NNE,2025-08-28,11,11,0,0,0,0,32.89,103386269.0,0,0,,no_minute_file
NNOX,2025-08-28,11,0,321,1,1,1,3.94,6004373.0,1,1,04:34,intra_session_sparse
NOA,2025-08-28,11,2,80,1,1,1,13.44,2701480.0,1,1,09:30,intra_session_sparse
NOK,2025-08-28,11,0,376,1,1,1,4.32,69573715.0,1,1,04:00,intra_session_sparse
NOMA,2025-08-28,11,11,0,0,0,0,,,0,0,,no_daily_history
NOMD,2025-08-28,11,0,245,1,1,1,15.56,19884539.0,1,1,09:30,intra_session_sparse
NOV,2025-08-28,11,0,375,1,1,1,13.11,41090876.0,1,1,09:29,intra_session_sparse
NP,2025-08-28,11,11,0,0,0,0,,,0,0,,no_daily_history
NPAC,2025-08-28,11,3,8,1,1,1,10.11,1088111.0,1,0,10:56,intra_session_sparse
NPB,2025-08-28,11,0,137,1,1,1,17.77,2870896.0,1,1,09:30,intra_session_sparse
NPCE,2025-08-28,11,2,127,1,1,1,8.88,1840723.0,1,0,09:30,intra_session_sparse
NPKI,2025-08-28,11,0,211,1,1,1,10.3,8954953.0,1,1,09:30,intra_session_sparse
NPT,2025-08-28,11,11,0,0,0,0,,,0,0,,no_daily_history
NPWR,2025-08-28,11,0,231,1,1,1,2.63,3283324.0,1,1,08:27,intra_session_sparse
NRC,2025-08-28,11,2,83,1,1,1,15.48,1653183.0,1,0,09:30,intra_session_sparse
NRDS,2025-08-28,11,2,243,1,1,1,10.47,6097180.0,1,1,08:00,intra_session_sparse
NRDY,2025-08-28,11,0,123,1,1,1,1.36,685584.0,1,0,08:17,intra_session_sparse
NRGV,2025-08-28,11,0,353,1,1,1,1.64,3107528.0,1,1,07:12,intra_session_sparse
NRIM,2025-08-28,11,11,0,0,0,0,23.74,3850789.0,0,0,,no_minute_file
NRIX,2025-08-28,11,1,264,1,1,1,9.55,6654710.0,1,1,09:30,intra_session_sparse
NRXP,2025-08-28,11,0,158,1,1,1,2.58,1207101.0,1,0,04:01,intra_session_sparse
NRXS,2025-08-28,11,11,0,1,0,0,2.42,127989.0,1,0,,no_session_bars_has_month_file
NSP,2025-08-28,11,11,0,0,0,0,55.05,43323479.0,0,0,,no_minute_file
NTGR,2025-08-28,11,11,0,0,0,0,27.12,14337345.0,0,0,,no_minute_file
NTIP,2025-08-28,11,11,0,0,0,0,1.46,28741.0,0,0,,no_minute_file
NTLA,2025-08-28,11,0,375,1,1,1,11.42,50785788.0,1,1,04:18,intra_session_sparse
NTSK,2025-08-28,11,11,0,0,0,0,,,0,0,,no_daily_history
NTST,2025-08-28,11,0,309,1,1,1,18.35,20987089.0,1,1,09:30,intra_session_sparse
NU,2025-08-28,11,0,376,1,1,1,14.64,706938774.0,1,1,04:00,intra_session_sparse
NUAI,2025-08-28,11,11,0,0,0,0,0.5,584208.0,0,0,,no_minute_file
NUCL,2025-08-28,11,11,0,0,0,0,,,0,0,,no_daily_history
NUS,2025-08-28,11,1,266,1,1,1,12.19,7182054.0,1,1,09:30,intra_session_sparse
NUTR,2025-08-28,11,11,0,0,0,0,4.58,5165333.0,0,1,,no_minute_file
NUVB,2025-08-28,11,0,373,1,1,1,2.95,12333159.0,1,1,04:00,intra_session_sparse
NUWE,2025-08-28,11,2,24,1,1,1,5.15,1418320.0,1,0,06:15,intra_session_sparse
NVAX,2025-08-28,11,0,374,1,1,1,7.58,75458523.0,1,1,04:00,intra_session_sparse
NVCR,2025-08-28,11,0,333,1,1,1,11.91,20196538.0,1,1,07:00,intra_session_sparse
NVGS,2025-08-28,11,0,224,1,1,1,16.25,5114516.0,1,1,08:00,intra_session_sparse
NVNI,2025-08-28,11,0,311,1,1,1,6.11,4086883.0,1,1,04:00,intra_session_sparse
NVRI,2025-08-28,11,0,311,1,1,1,11.35,11896214.0,1,1,09:30,intra_session_sparse
NVST,2025-08-28,11,11,0,1,0,0,21.24,51104611.0,1,0,,no_session_bars_has_month_file
NVTS,2025-08-28,11,0,376,1,1,1,6.07,135483179.0,1,1,04:01,intra_session_sparse
NVVE,2025-08-28,11,2,117,1,1,1,18.29,401686.0,1,0,09:03,intra_session_sparse
NVX,2025-08-28,11,0,50,1,1,1,1.47,223103.0,1,0,04:10,intra_session_sparse
NWAX,2025-08-28,11,11,0,0,0,0,,,0,0,,no_daily_history
NWBI,2025-08-28,11,0,263,1,1,1,12.73,11839735.0,1,1,09:30,intra_session_sparse
NWL,2025-08-28,11,0,374,1,1,1,5.95,46741066.0,1,1,09:11,intra_session_sparse
NX,2025-08-28,11,11,0,1,0,0,21.91,7958274.0,1,0,,no_session_bars_has_month_file
NXB,2025-08-28,11,11,0,0,0,0,,,0,0,,no_daily_history
NXDR,2025-08-28,11,0,333,1,1,1,2.11,4782886.0,1,1,06:24,intra_session_sparse
NXE,2025-08-28,11,0,376,1,1,1,7.24,46347634.0,1,1,08:00,intra_session_sparse
NXL,2025-08-28,11,11,0,0,0,0,0.805,2771034.0,0,0,,no_minute_file
NXP,2025-08-28,11,2,121,1,1,1,13.98,1385324.0,1,0,09:30,intra_session_sparse
NXTS,2025-08-28,11,11,0,0,0,0,52.06,175306.0,0,0,,no_minute_file
NXXT,2025-08-28,11,11,0,1,0,0,1.76,198868.0,1,0,,no_session_bars_has_month_file
OBA,2025-08-28,11,11,0,0,0,0,9.94,2350759.0,0,1,,no_minute_file
OBAI,2025-08-28,11,11,0,0,0,0,,,0,0,,no_daily_history
OBDC,2025-08-28,11,0,356,1,1,1,14.21,36541753.0,1,1,09:00,intra_session_sparse
OBE,2025-08-28,11,0,170,1,1,1,6.11,1410965.0,1,0,09:30,intra_session_sparse
OCC,2025-08-28,11,1,101,1,1,1,6.36,392628.0,1,0,09:20,intra_session_sparse
OCCI,2025-08-28,11,2,107,1,1,1,5.91,1673193.0,1,0,07:40,intra_session_sparse
OCFC,2025-08-28,11,2,188,1,1,1,18.53,5267285.0,1,1,09:30,intra_session_sparse
OCG,2025-08-28,11,11,0,0,0,0,2785.2,325201.0,0,0,,no_minute_file
OCGN,2025-08-28,11,0,321,1,1,1,1.04,2239151.0,1,1,04:00,intra_session_sparse
OCS,2025-08-28,11,11,0,1,0,0,17.325,173571.0,1,0,,no_session_bars_has_month_file
OCSL,2025-08-28,11,0,195,1,1,1,13.93,8325128.0,1,1,09:25,intra_session_sparse
OCUL,2025-08-28,11,0,355,1,1,1,12.32,25046528.0,1,1,06:47,intra_session_sparse
ODD,2025-08-28,11,11,0,0,0,0,60.48,68075963.0,0,0,,no_minute_file
ODTX,2025-08-28,11,11,0,0,0,0,,,0,0,,no_daily_history
ODV,2025-08-28,11,0,263,1,1,1,2.8,2631709.0,1,1,09:30,intra_session_sparse
ODYS,2025-08-28,11,11,0,0,0,0,3.81,23820.0,0,0,,no_minute_file
OEC,2025-08-28,11,1,238,1,1,1,10.42,7061253.0,1,1,09:30,intra_session_sparse
OFAL,2025-08-28,11,2,86,1,1,1,1.52,603396.0,1,0,06:56,intra_session_sparse
OFIX,2025-08-28,11,0,307,1,1,1,14.84,7074537.0,1,1,09:30,intra_session_sparse
OFRM,2025-08-28,11,11,0,0,0,0,,,0,0,,no_daily_history
OGI,2025-08-28,11,0,261,1,1,1,1.67,1590206.0,1,0,08:00,intra_session_sparse
OGN,2025-08-28,11,0,372,1,1,1,9.2,44235872.0,1,1,09:25,intra_session_sparse
OI,2025-08-28,11,0,350,1,1,1,13.05,19608957.0,1,1,09:30,intra_session_sparse
OIS,2025-08-28,11,1,216,1,1,1,5.53,3488832.0,1,1,09:30,intra_session_sparse
OKUR,2025-08-28,11,1,28,1,1,1,2.8,324438.0,1,0,08:00,intra_session_sparse
OLB,2025-08-28,11,0,41,1,1,1,1.13,230111.0,1,0,08:16,intra_session_sparse
OLMA,2025-08-28,11,1,218,1,1,1,5.74,2522084.0,1,1,09:30,intra_session_sparse
OLN,2025-08-28,11,11,0,1,0,0,23.29,52822390.0,1,0,,no_session_bars_has_month_file
OLOX,2025-08-28,11,11,0,0,0,0,115.2,30170413.0,0,0,,no_minute_file
OLP,2025-08-28,11,11,0,0,0,0,23.15,1500631.0,0,0,,no_minute_file
OLPX,2025-08-28,11,0,263,1,1,1,1.46,1650810.0,1,0,04:43,intra_session_sparse
OM,2025-08-28,11,1,106,1,1,1,13.96,4056784.0,1,1,09:30,intra_session_sparse
OMDA,2025-08-28,11,11,0,1,0,0,23.32,8790643.0,1,0,,no_session_bars_has_month_file
OMER,2025-08-28,11,0,230,1,1,1,4.25,4856459.0,1,1,06:19,intra_session_sparse
OMEX,2025-08-28,11,0,360,1,1,1,1.92,3918679.0,1,1,04:17,intra_session_sparse
ONB,2025-08-28,11,11,0,0,0,0,23.02,57011400.0,0,0,,no_minute_file
ONCO,2025-08-28,11,11,0,0,0,0,147.0,5053096.0,0,0,,no_minute_file
ONCY,2025-08-28,11,0,187,1,1,1,1.06,633033.0,1,0,07:34,intra_session_sparse
ONDS,2025-08-28,11,0,376,1,1,1,5.07,173809816.0,1,1,04:00,intra_session_sparse
ONEG,2025-08-28,11,0,116,1,1,1,11.41,1704852.0,1,0,09:30,intra_session_sparse
ONEW,2025-08-28,11,2,192,1,1,1,17.46,2270916.0,1,1,09:30,intra_session_sparse
ONFO,2025-08-28,11,11,0,0,0,0,1.04,41562.0,0,0,,no_minute_file
ONMD,2025-08-28,11,11,0,0,0,0,0.816,17641790.0,0,0,,no_minute_file
ONT,2025-08-28,11,11,0,0,0,0,30.05,16094124.0,0,0,,no_minute_file
OOMA,2025-08-28,11,1,165,1,1,1,13.22,1828563.0,1,0,09:30,intra_session_sparse
OPAD,2025-08-28,11,0,376,1,1,1,3.36,41715907.0,1,1,04:00,intra_session_sparse
OPCH,2025-08-28,11,11,0,0,0,0,28.59,52141079.0,0,0,,no_minute_file
OPEN,2025-08-28,11,0,376,1,1,1,4.02,1036111898.0,1,1,04:00,intra_session_sparse
OPFI,2025-08-28,11,0,302,1,1,1,10.15,13509960.0,1,1,04:00,intra_session_sparse
OPK,2025-08-28,11,0,354,1,1,1,1.42,3639118.0,1,1,04:02,intra_session_sparse
OPRT,2025-08-28,11,0,254,1,1,1,6.54,3673341.0,1,1,08:38,intra_session_sparse
OPRX,2025-08-28,11,1,267,1,1,1,17.53,7358089.0,1,1,07:04,intra_session_sparse
OPTU,2025-08-28,11,1,343,1,1,1,2.42,7208013.0,1,1,08:00,intra_session_sparse
OPTX,2025-08-28,11,11,0,1,0,0,1.59,89459.0,1,0,,no_session_bars_has_month_file
ORBS,2025-08-28,11,11,0,1,0,0,1.49,88341.0,1,0,,no_session_bars_has_month_file
ORC,2025-08-28,11,0,370,1,1,1,7.05,28078368.0,1,1,04:00,intra_session_sparse
ORGN,2025-08-28,11,0,316,1,1,1,16.99,1238305.0,1,0,07:03,intra_session_sparse
ORGO,2025-08-28,11,0,291,1,1,1,4.84,3308878.0,1,1,09:30,intra_session_sparse
ORIC,2025-08-28,11,0,294,1,1,1,10.26,7470972.0,1,1,09:08,intra_session_sparse
ORIQ,2025-08-28,11,11,0,0,0,0,,,0,0,,no_daily_history
ORIS,2025-08-28,11,0,361,1,1,1,2.2,8889452.0,1,1,04:00,intra_session_sparse
ORKA,2025-08-28,11,2,90,1,1,1,15.18,2173455.0,1,1,09:30,intra_session_sparse
ORKT,2025-08-28,11,11,0,1,0,0,2.84,86866.0,1,0,,no_session_bars_has_month_file
ORLA,2025-08-28,11,0,340,1,1,1,10.7,13363889.0,1,1,07:16,intra_session_sparse
ORN,2025-08-28,11,0,235,1,1,1,7.23,3130729.0,1,1,05:02,intra_session_sparse
OSBC,2025-08-28,11,0,141,1,1,1,18.57,3156594.0,1,1,09:05,intra_session_sparse
OSCR,2025-08-28,11,0,376,1,1,1,17.02,294687078.0,1,1,04:01,intra_session_sparse
OSG,2025-08-28,11,0,219,1,1,1,8.85,6343628.0,1,1,09:30,intra_session_sparse
OSPN,2025-08-28,11,0,256,1,1,1,14.82,6536940.0,1,1,09:30,intra_session_sparse
OSS,2025-08-28,11,0,281,1,1,1,6.27,3326628.0,1,1,04:48,intra_session_sparse
OSUR,2025-08-28,11,0,224,1,1,1,3.34,1916788.0,1,0,09:30,intra_session_sparse
OSW,2025-08-28,11,11,0,0,0,0,22.925,10892626.0,0,0,,no_minute_file
OTF,2025-08-28,11,2,75,1,1,1,15.05,2051684.0,1,1,09:30,intra_session_sparse
OTGA,2025-08-28,11,11,0,0,0,0,,,0,0,,no_daily_history
OTLK,2025-08-28,11,0,376,1,1,1,2.375,7347446.0,1,1,04:00,intra_session_sparse
OUST,2025-08-28,11,11,0,0,0,0,30.28,82469212.0,0,0,,no_minute_file
OUT,2025-08-28,11,0,319,1,1,1,18.94,32176885.0,1,1,09:30,intra_session_sparse
OVID,2025-08-28,11,0,251,1,1,1,1.26,1617559.0,1,0,04:30,intra_session_sparse
OWL,2025-08-28,11,0,376,1,1,1,18.59,130363283.0,1,1,06:45,intra_session_sparse
OWLS,2025-08-28,11,11,0,0,0,0,,,0,0,,no_daily_history
OWLT,2025-08-28,11,2,60,1,1,1,7.21,758414.0,1,0,07:21,intra_session_sparse
OXBR,2025-08-28,11,11,0,1,0,0,2.13,94724.0,1,0,,no_session_bars_has_month_file
OXLC,2025-08-28,11,0,328,1,1,1,18.3,22241705.0,1,1,06:08,intra_session_sparse
OXSQ,2025-08-28,11,2,275,1,1,1,2.19,1535227.0,1,0,07:10,intra_session_sparse
PACB,2025-08-28,11,0,350,1,1,1,1.33,9974286.0,1,1,07:51,intra_session_sparse
PACH,2025-08-28,11,11,0,0,0,0,9.95,3056832.0,0,1,,no_minute_file
PACK,2025-08-28,11,0,331,1,1,1,5.39,5665983.0,1,1,04:00,intra_session_sparse
PACS,2025-08-28,11,0,165,1,1,1,11.86,5010827.0,1,1,09:30,intra_session_sparse
PAGS,2025-08-28,11,0,367,1,1,1,8.66,41160379.0,1,1,04:01,intra_session_sparse
PAII,2025-08-28,11,11,0,0,0,0,,,0,0,,no_daily_history
PAL,2025-08-28,11,1,129,1,1,1,8.17,1386274.0,1,0,04:41,intra_session_sparse
PALI,2025-08-28,11,11,0,1,0,0,0.663,4693082.0,1,0,,no_session_bars_has_month_file
PANL,2025-08-28,11,2,122,1,1,1,5.43,1216039.0,1,0,09:30,intra_session_sparse
PAPL,2025-08-28,11,2,78,1,1,1,3.58,28221116.0,1,1,08:17,intra_session_sparse
PAR,2025-08-28,11,11,0,0,0,0,52.3,58071750.0,0,0,,no_minute_file
PASW,2025-08-28,11,0,309,1,1,1,1.26,615443.0,1,0,04:13,intra_session_sparse
PATH,2025-08-28,11,0,376,1,1,1,11.14,113477355.0,1,1,04:00,intra_session_sparse
PAVM,2025-08-28,11,11,0,0,0,0,14.46,154879.0,0,0,,no_minute_file
PAVS,2025-08-28,11,11,0,0,0,0,853.2,3877.0,0,0,,no_minute_file
PAX,2025-08-28,11,0,263,1,1,1,13.42,6676935.0,1,1,09:30,intra_session_sparse
PAYO,2025-08-28,11,0,346,1,1,1,6.79,26868857.0,1,1,04:00,intra_session_sparse
PAYP,2025-08-28,11,11,0,0,0,0,,,0,0,,no_daily_history
PAYS,2025-08-28,11,0,232,1,1,1,5.28,4936136.0,1,1,07:12,intra_session_sparse
PBI,2025-08-28,11,0,340,1,1,1,12.3,47737114.0,1,1,07:59,intra_session_sparse
PBK,2025-08-28,11,2,164,1,1,1,2.1,1055109.0,1,0,07:00,intra_session_sparse
PBM,2025-08-28,11,0,66,1,1,1,19.44,23166775.0,1,1,07:03,intra_session_sparse
PBR,2025-08-28,11,0,376,1,1,1,12.2,280518241.0,1,1,06:26,intra_session_sparse
PBR.A,2025-08-28,11,0,349,1,1,1,11.29,70495307.0,1,1,04:00,intra_session_sparse
PBYI,2025-08-28,11,1,267,1,1,1,5.1,4602038.0,1,1,08:00,intra_session_sparse
PC,2025-08-28,11,4,11,1,1,1,7.03,789393.0,1,0,11:35,intra_session_sparse
PCG,2025-08-28,11,0,376,1,1,1,15.08,413713927.0,1,1,04:28,intra_session_sparse
PCRX,2025-08-28,11,11,0,0,0,0,26.13,19711217.0,0,0,,no_minute_file
PCSA,2025-08-28,11,2,139,1,1,1,5.323,1200934.0,1,0,04:37,intra_session_sparse
PCSC,2025-08-28,11,11,0,0,0,0,10.54,12158.0,0,0,,no_minute_file
PCT,2025-08-28,11,0,367,1,1,1,14.86,40230534.0,1,1,07:00,intra_session_sparse
PD,2025-08-28,11,0,353,1,1,1,16.95,37197656.0,1,1,05:18,intra_session_sparse
PDFS,2025-08-28,11,1,173,1,1,1,19.755,6778456.0,1,1,09:30,intra_session_sparse
PDYN,2025-08-28,11,0,314,1,1,1,7.8,14187486.0,1,1,04:04,intra_session_sparse
PENG,2025-08-28,11,11,0,0,0,0,24.26,17650521.0,0,0,,no_minute_file
PENN,2025-08-28,11,11,0,1,0,0,19.91,71979138.0,1,1,,no_session_bars_has_month_file
PEPG,2025-08-28,11,0,102,1,1,1,1.24,429927.0,1,0,09:30,intra_session_sparse
PERI,2025-08-28,11,0,139,1,1,1,9.27,4218648.0,1,1,06:25,intra_session_sparse
PESI,2025-08-28,11,1,77,1,1,1,11.96,1283458.0,1,0,09:30,intra_session_sparse
PETS,2025-08-28,11,2,84,1,1,1,3.16,411040.0,1,0,09:30,intra_session_sparse
PEW,2025-08-28,11,2,202,1,1,1,5.5,9577504.0,1,1,07:00,intra_session_sparse
PFAI,2025-08-28,11,11,0,0,0,0,1.82,35986.0,0,0,,no_minute_file
PFLT,2025-08-28,11,1,275,1,1,1,10.15,9071794.0,1,1,07:00,intra_session_sparse
PFS,2025-08-28,11,0,258,1,1,1,19.87,10977219.0,1,1,09:30,intra_session_sparse
PFSA,2025-08-28,11,11,0,0,0,0,30.67,2991734.0,0,0,,no_minute_file
PGEN,2025-08-28,11,0,376,1,1,1,4.59,51633112.0,1,1,04:00,intra_session_sparse
PGNY,2025-08-28,11,11,0,0,0,0,23.02,27043827.0,0,0,,no_minute_file
PGY,2025-08-28,11,11,0,0,0,0,34.71,126782099.0,0,0,,no_minute_file
PHAT,2025-08-28,11,0,284,1,1,1,12.44,11640035.0,1,1,08:52,intra_session_sparse
PHGE,2025-08-28,11,2,77,1,1,1,10.33,7754716.0,1,1,06:12,intra_session_sparse
PHI,2025-08-28,11,11,0,0,0,0,20.23,1818214.0,0,0,,no_minute_file
PHIO,2025-08-28,11,2,49,1,1,1,2.03,334734.0,1,0,08:37,intra_session_sparse
PHOE,2025-08-28,11,11,0,1,0,0,8.34,146552.0,1,0,,no_session_bars_has_month_file
PHR,2025-08-28,11,11,0,0,0,0,31.99,20877673.0,0,0,,no_minute_file
PICS,2025-08-28,11,11,0,0,0,0,,,0,0,,no_daily_history
PIII,2025-08-28,11,11,0,0,0,0,7.85,65470.0,0,0,,no_minute_file
PINS,2025-08-28,11,11,0,0,0,0,36.16,437704037.0,0,0,,no_minute_file
PK,2025-08-28,11,0,366,1,1,1,11.95,43719586.0,1,1,08:00,intra_session_sparse
PKE,2025-08-28,11,2,59,1,1,1,18.89,2307014.0,1,1,09:30,intra_session_sparse
PL,2025-08-28,11,0,373,1,1,1,7.08,35788839.0,1,1,04:14,intra_session_sparse
PLAY,2025-08-28,11,11,0,0,0,0,25.43,19431777.0,0,0,,no_minute_file
PLBY,2025-08-28,11,1,135,1,1,1,1.68,522987.0,1,0,07:46,intra_session_sparse
PLCE,2025-08-28,11,2,239,1,1,1,4.63,1985026.0,1,0,09:19,intra_session_sparse
PLG,2025-08-28,11,2,156,1,1,1,1.48,840720.0,1,0,07:00,intra_session_sparse
PLGO,2025-08-28,11,0,299,1,1,1,17.2,12010560.0,1,1,09:30,intra_session_sparse
PLRX,2025-08-28,11,0,174,1,1,1,1.69,1652943.0,1,0,09:30,intra_session_sparse
PLRZ,2025-08-28,11,2,106,1,1,1,6.3,752013.0,1,0,08:00,intra_session_sparse
PLSE,2025-08-28,11,0,100,1,1,1,15.85,2731144.0,1,1,09:30,intra_session_sparse
PLTK,2025-08-28,11,0,339,1,1,1,3.72,7748486.0,1,1,05:02,intra_session_sparse
PLTS,2025-08-28,11,11,0,0,0,0,,,0,0,,no_daily_history
PLUG,2025-08-28,11,0,376,1,1,1,1.62,70887937.0,1,1,04:00,intra_session_sparse
PLX,2025-08-28,11,0,310,1,1,1,1.6,890432.0,1,0,09:30,intra_session_sparse
PLYX,2025-08-28,11,11,0,0,0,0,,,0,0,,no_daily_history
PMAX,2025-08-28,11,11,0,0,0,0,28.62,395893.0,0,0,,no_minute_file
PMI,2025-08-28,11,11,0,0,0,0,,,0,0,,no_daily_history
PMN,2025-08-28,11,1,110,1,1,1,13.34,434132.0,1,0,04:40,intra_session_sparse
PMVP,2025-08-28,11,2,125,1,1,1,1.42,407987.0,1,0,04:03,intra_session_sparse
PN,2025-08-28,11,11,0,1,0,0,21.8,527016.0,1,0,,no_session_bars_has_month_file
PNNT,2025-08-28,11,1,244,1,1,1,7.17,3478459.0,1,1,09:29,intra_session_sparse
POAS,2025-08-28,11,11,0,0,0,0,,,0,0,,no_daily_history
POET,2025-08-28,11,0,338,1,1,1,5.38,7630294.0,1,1,08:00,intra_session_sparse
POLA,2025-08-28,11,11,0,0,0,0,2.07,46929.0,0,0,,no_minute_file
PONO,2025-08-28,11,11,0,0,0,0,,,0,0,,no_daily_history
PPHC,2025-08-28,11,11,0,0,0,0,,,0,0,,no_daily_history
PPSI,2025-08-28,11,1,183,1,1,1,3.44,22019846.0,1,1,07:33,intra_session_sparse
PPTA,2025-08-28,11,0,346,1,1,1,18.61,31454578.0,1,1,06:48,intra_session_sparse
PR,2025-08-28,11,0,376,1,1,1,14.15,140139852.0,1,1,04:00,intra_session_sparse
PRAA,2025-08-28,11,1,145,1,1,1,17.09,5026853.0,1,1,09:30,intra_session_sparse
PRCH,2025-08-28,11,0,346,1,1,1,16.275,32398699.0,1,1,07:00,intra_session_sparse
PRE,2025-08-28,11,2,14,1,1,1,7.4,270230.0,1,0,09:30,intra_session_sparse
PRFX,2025-08-28,11,2,115,1,1,1,8.05,20251991.0,1,1,04:01,intra_session_sparse
PRGO,2025-08-28,11,11,0,0,0,0,23.89,48418605.0,0,0,,no_minute_file
PRHI,2025-08-28,11,11,0,0,0,0,5.565,8542.0,0,0,,no_minute_file
PRLD,2025-08-28,11,2,79,1,1,1,1.28,220913.0,1,0,09:18,intra_session_sparse
PRMB,2025-08-28,11,11,0,0,0,0,25.48,179750766.0,0,0,,no_minute_file
PRME,2025-08-28,11,0,363,1,1,1,3.43,14656281.0,1,1,04:19,intra_session_sparse
PROF,2025-08-28,11,2,56,1,1,1,4.52,755697.0,1,0,09:30,intra_session_sparse
PROK,2025-08-28,11,0,264,1,1,1,2.49,6365397.0,1,1,04:24,intra_session_sparse
PROP,2025-08-28,11,0,350,1,1,1,2.49,7678147.0,1,1,04:01,intra_session_sparse
PRSO,2025-08-28,11,11,0,0,0,0,0.865,77270.0,0,0,,no_minute_file
PRTA,2025-08-28,11,0,357,1,1,1,8.56,9080346.0,1,1,05:33,intra_session_sparse
PRTH,2025-08-28,11,2,176,1,1,1,8.33,4172811.0,1,1,04:19,intra_session_sparse
PRZO,2025-08-28,11,0,178,1,1,1,1.35,1272152.0,1,0,04:34,intra_session_sparse
PSEC,2025-08-28,11,0,375,1,1,1,2.9,13470953.0,1,1,07:00,intra_session_sparse
PSFE,2025-08-28,11,2,170,1,1,1,14.05,5058042.0,1,1,09:30,intra_session_sparse
PSIG,2025-08-28,11,11,0,0,0,0,3.928,177112.0,0,0,,no_minute_file
PSKY,2025-08-28,11,11,0,0,0,0,14.81,422873571.0,0,1,,no_minute_file
PSNL,2025-08-28,11,0,242,1,1,1,4.78,5105182.0,1,1,07:00,intra_session_sparse
PSNY,2025-08-28,11,11,0,0,0,0,39.0,4426721.0,0,0,,no_minute_file
PSNYW,2025-08-28,11,0,313,1,1,1,14.1,3036852.0,1,1,04:00,intra_session_sparse
PSO,2025-08-28,11,0,212,1,1,1,14.77,10134194.0,1,1,08:36,intra_session_sparse
PSQH,2025-08-28,11,1,159,1,1,1,1.66,2298742.0,1,1,07:01,intra_session_sparse
PSTV,2025-08-28,11,1,311,1,1,1,12.37,8989902.0,1,1,04:06,intra_session_sparse
PTEN,2025-08-28,11,0,369,1,1,1,5.71,44047058.0,1,1,08:00,intra_session_sparse
PTLE,2025-08-28,11,11,0,1,0,0,13.94,165795.0,1,0,,no_session_bars_has_month_file
PTLO,2025-08-28,11,0,370,1,1,1,7.0,33015057.0,1,1,05:03,intra_session_sparse
PTN,2025-08-28,11,11,0,0,0,0,,,0,0,,no_daily_history
PTNM,2025-08-28,11,0,366,1,1,1,1.61,4319680.0,1,1,04:00,intra_session_sparse
PTON,2025-08-28,11,0,375,1,1,1,7.68,114320787.0,1,1,04:01,intra_session_sparse
PTRN,2025-08-28,11,11,0,0,0,0,,,0,0,,no_daily_history
PUBM,2025-08-28,11,0,243,1,1,1,8.53,8610728.0,1,1,07:00,intra_session_sparse
PUMP,2025-08-28,11,0,331,1,1,1,4.9,10329772.0,1,1,09:30,intra_session_sparse
PURR,2025-08-28,11,11,0,0,0,0,,,0,0,,no_daily_history
PUSA,2025-08-28,11,0,187,1,1,1,3.12,1537714.0,1,0,09:06,intra_session_sparse
PWP,2025-08-28,11,11,0,0,0,0,22.42,28129120.0,0,0,,no_minute_file
PXLW,2025-08-28,11,0,216,1,1,1,7.99,587782.0,1,0,07:48,intra_session_sparse
PYXS,2025-08-28,11,2,223,1,1,1,1.36,563043.0,1,0,09:03,intra_session_sparse
PZG,2025-08-28,11,11,0,1,0,0,0.95,456692.0,1,0,,no_session_bars_has_month_file
QBTS,2025-08-28,11,0,376,1,1,1,15.23,649608775.0,1,1,04:01,intra_session_sparse
QCLS,2025-08-28,11,0,376,1,1,1,9.0,6845303.0,1,1,04:00,intra_session_sparse
QDEL,2025-08-28,11,11,0,0,0,0,27.77,36020697.0,0,0,,no_minute_file
QH,2025-08-28,11,2,36,1,1,1,4.59,1100829.0,1,0,05:04,intra_session_sparse
QMCO,2025-08-28,11,0,279,1,1,1,7.33,3895467.0,1,1,04:24,intra_session_sparse
QNC,2025-08-28,11,11,0,0,0,0,,,0,0,,no_daily_history
QNCX,2025-08-28,11,1,98,1,1,1,15.6,330550.0,1,0,07:33,intra_session_sparse
QNST,2025-08-28,11,2,183,1,1,1,15.57,9287349.0,1,1,09:30,intra_session_sparse
QNTM,2025-08-28,11,1,95,1,1,1,16.75,4177882.0,1,1,07:08,intra_session_sparse
QRED,2025-08-28,11,11,0,0,0,0,,,0,0,,no_daily_history
QS,2025-08-28,11,0,376,1,1,1,8.04,208286107.0,1,1,04:00,intra_session_sparse
QSI,2025-08-28,11,0,349,1,1,1,1.16,8609982.0,1,1,04:02,intra_session_sparse
QTRX,2025-08-28,11,0,263,1,1,1,4.61,4079110.0,1,1,08:20,intra_session_sparse
QTTB,2025-08-28,11,2,66,1,1,1,1.72,294296.0,1,0,09:30,intra_session_sparse
QUAD,2025-08-28,11,2,193,1,1,1,6.41,2202016.0,1,1,09:30,intra_session_sparse
QUBT,2025-08-28,11,0,376,1,1,1,14.81,240130973.0,1,1,04:00,intra_session_sparse
QUCY,2025-08-28,11,2,35,1,1,1,1.62,271236.0,1,0,07:14,intra_session_sparse
QUIK,2025-08-28,11,0,185,1,1,1,5.44,1312099.0,1,0,08:31,intra_session_sparse
QUMS,2025-08-28,11,11,0,0,0,0,,,0,0,,no_daily_history
QURE,2025-08-28,11,0,346,1,1,1,15.75,12448817.0,1,1,07:00,intra_session_sparse
QXO,2025-08-28,11,11,0,1,0,0,20.9,154678896.0,1,0,,no_session_bars_has_month_file
RAAQ,2025-08-28,11,11,0,1,0,0,10.12,575259.0,1,0,,no_session_bars_has_month_file
RAIL,2025-08-28,11,0,122,1,1,1,8.63,2139878.0,1,1,09:30,intra_session_sparse
RANI,2025-08-28,11,11,0,0,0,0,0.563,393690.0,0,0,,no_minute_file
RAPP,2025-08-28,11,2,208,1,1,1,14.97,2463250.0,1,1,04:00,intra_session_sparse
RARE,2025-08-28,11,11,0,0,0,0,30.08,44618323.0,0,0,,no_minute_file
RAY,2025-08-28,11,0,375,1,1,1,16.8,24000409.0,1,1,04:00,intra_session_sparse
RAYA,2025-08-28,11,11,0,0,0,0,103.4,6852888.0,0,0,,no_minute_file
RBBN,2025-08-28,11,2,209,1,1,1,3.99,1842561.0,1,0,08:00,intra_session_sparse
RBNE,2025-08-28,11,1,72,1,1,1,9.9,1004882.0,1,0,04:45,intra_session_sparse
RC,2025-08-28,11,0,338,1,1,1,4.22,8912184.0,1,1,08:25,intra_session_sparse
RCAT,2025-08-28,11,0,376,1,1,1,8.975,70735892.0,1,1,04:00,intra_session_sparse
RCEL,2025-08-28,11,1,196,1,1,1,4.53,2300056.0,1,1,08:32,intra_session_sparse
RCKT,2025-08-28,11,0,365,1,1,1,3.32,20566305.0,1,1,04:41,intra_session_sparse
RCON,2025-08-28,11,2,31,1,1,1,2.26,1228644.0,1,0,09:30,intra_session_sparse
RCT,2025-08-28,11,11,0,1,0,0,2.06,172855.0,1,0,,no_session_bars_has_month_file
RCUS,2025-08-28,11,0,232,1,1,1,10.56,7463557.0,1,1,08:45,intra_session_sparse
RDAC,2025-08-28,11,11,0,0,0,0,10.36,2987.0,0,0,,no_minute_file
RDAG,2025-08-28,11,2,4,1,1,1,10.22,975224.0,1,0,09:51,intra_session_sparse
RDCM,2025-08-28,11,2,40,1,1,1,13.14,848228.0,1,0,09:30,intra_session_sparse
RDGT,2025-08-28,11,11,0,0,0,0,180.06,17554.0,0,0,,no_minute_file
RDNW,2025-08-28,11,2,47,1,1,1,3.41,6862382.0,1,1,09:30,intra_session_sparse
RDW,2025-08-28,11,0,373,1,1,1,8.99,52498044.0,1,1,04:00,intra_session_sparse
REA,2025-08-28,11,11,0,0,0,0,,,0,0,,no_daily_history
REAL,2025-08-28,11,0,367,1,1,1,7.63,31588024.0,1,1,08:05,intra_session_sparse
REAX,2025-08-28,11,0,320,1,1,1,5.17,10175862.0,1,1,07:45,intra_session_sparse
RECT,2025-08-28,11,11,0,0,0,0,4.61,7338.0,0,0,,no_minute_file
REFI,2025-08-28,11,2,65,1,1,1,14.3,1400257.0,1,0,08:40,intra_session_sparse
REI,2025-08-28,11,0,289,1,1,1,1.1,3166592.0,1,1,04:03,intra_session_sparse
REKR,2025-08-28,11,0,251,1,1,1,1.2,2124250.0,1,1,04:00,intra_session_sparse
RELL,2025-08-28,11,2,44,1,1,1,9.87,407801.0,1,0,09:30,intra_session_sparse
RELY,2025-08-28,11,0,369,1,1,1,18.39,85076898.0,1,1,06:32,intra_session_sparse
RENT,2025-08-28,11,1,28,1,1,1,5.62,839693.0,1,0,09:30,intra_session_sparse
RENX,2025-08-28,11,11,0,0,0,0,22.8,2373858.0,0,0,,no_minute_file
REPL,2025-08-28,11,0,333,1,1,1,5.53,34895776.0,1,1,06:14,intra_session_sparse
RES,2025-08-28,11,0,296,1,1,1,4.68,8066860.0,1,1,09:30,intra_session_sparse
RETO,2025-08-28,11,11,0,0,0,0,37.8,28237.0,0,0,,no_minute_file
REVB,2025-08-28,11,1,20,1,1,1,10.92,243092.0,1,0,08:00,intra_session_sparse
RFIL,2025-08-28,11,2,96,1,1,1,7.355,913872.0,1,0,09:29,intra_session_sparse
RGNX,2025-08-28,11,0,256,1,1,1,8.82,5948936.0,1,1,09:30,intra_session_sparse
RGP,2025-08-28,11,1,167,1,1,1,5.05,1355422.0,1,0,09:30,intra_session_sparse
RGTI,2025-08-28,11,0,376,1,1,1,15.39,611672215.0,1,1,04:00,intra_session_sparse
RIG,2025-08-28,11,0,374,1,1,1,3.17,66200610.0,1,1,04:01,intra_session_sparse
RILY,2025-08-28,11,0,320,1,1,1,5.61,7431033.0,1,1,07:04,intra_session_sparse
RIME,2025-08-28,11,0,336,1,1,1,2.05,243231.0,1,0,04:00,intra_session_sparse
RIOT,2025-08-28,11,0,376,1,1,1,13.55,389200981.0,1,1,04:00,intra_session_sparse
RITM,2025-08-28,11,0,370,1,1,1,12.35,62850142.0,1,1,06:48,intra_session_sparse
RITR,2025-08-28,11,0,121,1,1,1,4.72,632099.0,1,0,07:08,intra_session_sparse
RIVN,2025-08-28,11,0,376,1,1,1,13.22,552916923.0,1,1,04:00,intra_session_sparse
RJET,2025-08-28,11,11,0,0,0,0,18.3,103724.0,0,0,,no_minute_file
RKDA,2025-08-28,11,11,0,0,0,0,3.84,20420.0,0,0,,no_minute_file
RKT,2025-08-28,11,0,376,1,1,1,18.08,381919027.0,1,1,04:09,intra_session_sparse
RKTO,2025-08-28,11,0,61,1,1,1,1.21,246919.0,1,0,07:00,intra_session_sparse
RLAY,2025-08-28,11,1,281,1,1,1,3.57,5879514.0,1,1,08:01,intra_session_sparse
RLGT,2025-08-28,11,2,64,1,1,1,6.46,525817.0,1,0,09:30,intra_session_sparse
RLMD,2025-08-28,11,11,0,0,0,0,0.669,98827.0,0,0,,no_minute_file
RLYB,2025-08-28,11,2,116,1,1,1,4.718,247273.0,1,0,07:12,intra_session_sparse
RMAX,2025-08-28,11,2,128,1,1,1,9.37,2495669.0,1,1,08:32,intra_session_sparse
RMIX,2025-08-28,11,3,2,1,1,1,11.2,575408.0,1,0,10:30,intra_session_sparse
RMR,2025-08-28,11,2,37,1,1,1,16.76,1670699.0,1,0,09:30,intra_session_sparse
RMSG,2025-08-28,11,0,23,1,1,1,3.28,6048932.0,1,1,08:49,intra_session_sparse
RMTI,2025-08-28,11,0,372,1,1,1,1.47,1371533.0,1,0,04:00,intra_session_sparse
RNA,2025-08-28,11,11,0,0,0,0,47.82,155703690.0,0,0,,no_minute_file
RNAC,2025-08-28,11,2,76,1,1,1,10.625,595752.0,1,0,09:30,intra_session_sparse
RNAZ,2025-08-28,11,11,0,1,0,0,10.05,199551.0,1,0,,no_session_bars_has_month_file
RNGR,2025-08-28,11,0,125,1,1,1,13.97,2017551.0,1,1,09:30,intra_session_sparse
RNGT,2025-08-28,11,11,0,0,0,0,,,0,0,,no_daily_history
RNTX,2025-08-28,11,11,0,0,0,0,1.1,87037.0,0,0,,no_minute_file
RNW,2025-08-28,11,0,225,1,1,1,7.71,5584373.0,1,1,07:15,intra_session_sparse
ROC,2025-08-28,11,11,0,0,0,0,,,0,0,,no_daily_history
ROIV,2025-08-28,11,0,372,1,1,1,11.99,53934879.0,1,1,08:00,intra_session_sparse
ROLR,2025-08-28,11,11,0,0,0,0,2.54,56029.0,0,0,,no_minute_file
ROMA,2025-08-28,11,11,0,1,0,0,2.52,119621.0,1,0,,no_session_bars_has_month_file
RPAY,2025-08-28,11,1,230,1,1,1,5.88,5651849.0,1,1,09:23,intra_session_sparse
RPC,2025-08-28,11,0,186,1,1,1,12.43,6116571.0,1,1,09:30,intra_session_sparse
RPD,2025-08-28,11,11,0,1,0,0,20.67,20295893.0,1,0,,no_session_bars_has_month_file
RPGL,2025-08-28,11,11,0,0,0,0,,,0,0,,no_daily_history
RR,2025-08-28,11,0,376,1,1,1,3.31,57913271.0,1,1,04:00,intra_session_sparse
RRGB,2025-08-28,11,1,181,1,1,1,6.48,2232951.0,1,1,07:18,intra_session_sparse
RSI,2025-08-28,11,11,0,1,0,0,21.8,43151586.0,1,0,,no_session_bars_has_month_file
RSKD,2025-08-28,11,0,221,1,1,1,4.65,4195454.0,1,1,07:10,intra_session_sparse
RTAC,2025-08-28,11,0,113,1,1,1,10.51,3705471.0,1,1,07:54,intra_session_sparse
RTB,2025-08-28,11,1,129,1,1,1,11.12,2216010.0,1,1,04:15,intra_session_sparse
RUBI,2025-08-28,11,11,0,0,0,0,6622.2,2097872.0,0,0,,no_minute_file
RUM,2025-08-28,11,0,344,1,1,1,7.55,22169512.0,1,1,07:37,intra_session_sparse
RUN,2025-08-28,11,0,376,1,1,1,15.8,260322766.0,1,1,04:03,intra_session_sparse
RVLV,2025-08-28,11,11,0,1,0,0,22.96,31037078.0,1,0,,no_session_bars_has_month_file
RVSN,2025-08-28,11,0,169,1,1,1,12.33,700776.0,1,0,04:10,intra_session_sparse
RWAY,2025-08-28,11,1,133,1,1,1,10.79,2744671.0,1,1,09:30,intra_session_sparse
RXO,2025-08-28,11,0,334,1,1,1,16.23,31876215.0,1,1,09:30,intra_session_sparse
RXRX,2025-08-28,11,0,376,1,1,1,4.89,97571624.0,1,1,04:02,intra_session_sparse
RXST,2025-08-28,11,0,348,1,1,1,8.55,9795472.0,1,1,09:25,intra_session_sparse
RXT,2025-08-28,11,0,286,1,1,1,1.21,954644.0,1,0,05:49,intra_session_sparse
RYAM,2025-08-28,11,2,240,1,1,1,5.28,3918164.0,1,1,09:30,intra_session_sparse
RYN,2025-08-28,11,11,0,0,0,0,26.4,28047303.0,0,0,,no_minute_file
RYOJ,2025-08-28,11,11,0,0,0,0,2.2,413243.0,0,0,,no_minute_file
RYZ,2025-08-28,11,11,0,0,0,0,22.79,4839513.0,0,0,,no_minute_file
RZLT,2025-08-28,11,0,278,1,1,1,7.2,4517310.0,1,1,09:30,intra_session_sparse
RZLV,2025-08-28,11,0,375,1,1,1,3.11,27103001.0,1,1,04:00,intra_session_sparse
S,2025-08-28,11,0,376,1,1,1,17.15,100790109.0,1,1,04:04,intra_session_sparse
SA,2025-08-28,11,0,314,1,1,1,16.61,12531811.0,1,1,04:10,intra_session_sparse
SABR,2025-08-28,11,0,374,1,1,1,1.77,24622813.0,1,1,04:38,intra_session_sparse
SABS,2025-08-28,11,2,34,1,1,1,2.12,267922.0,1,0,09:58,intra_session_sparse
SAFE,2025-08-28,11,2,158,1,1,1,16.12,7205420.0,1,1,09:30,intra_session_sparse
SAFX,2025-08-28,11,2,193,1,1,1,1.28,794650.0,1,0,04:20,intra_session_sparse
SAGT,2025-08-28,11,2,71,1,1,1,1.93,354981.0,1,0,08:13,intra_session_sparse
SAIL,2025-08-28,11,11,0,1,0,0,20.37,48097841.0,1,0,,no_session_bars_has_month_file
SAN,2025-08-28,11,0,375,1,1,1,9.37,36511697.0,1,1,04:01,intra_session_sparse
SANA,2025-08-28,11,0,373,1,1,1,3.37,20030584.0,1,1,08:11,intra_session_sparse
SATL,2025-08-28,11,0,269,1,1,1,3.66,5257396.0,1,1,04:01,intra_session_sparse
SB,2025-08-28,11,0,249,1,1,1,4.31,1541974.0,1,0,09:30,intra_session_sparse
SBET,2025-08-28,11,0,376,1,1,1,19.27,1017417710.0,1,1,04:00,intra_session_sparse
SBEV,2025-08-28,11,2,29,1,1,1,1.74,2421147.0,1,1,08:31,intra_session_sparse
SBFM,2025-08-28,11,11,0,0,0,0,14.8,66832.0,0,0,,no_minute_file
SBGI,2025-08-28,11,0,191,1,1,1,14.55,9568322.0,1,1,08:37,intra_session_sparse
SBH,2025-08-28,11,0,371,1,1,1,14.1,25825397.0,1,1,06:53,intra_session_sparse
SBLK,2025-08-28,11,0,336,1,1,1,19.01,17680111.0,1,1,06:12,intra_session_sparse
SBMT,2025-08-28,11,11,0,0,0,0,,,0,0,,no_daily_history
SBRA,2025-08-28,11,0,374,1,1,1,19.61,52014492.0,1,1,09:30,intra_session_sparse
SBS,2025-08-28,11,0,360,1,1,1,4.432,23727351.0,1,1,09:19,intra_session_sparse
SCII,2025-08-28,11,11,0,0,0,0,,,0,0,,no_daily_history
SCLX,2025-08-28,11,1,132,1,1,1,18.02,4598636.0,1,1,08:00,intra_session_sparse
SCM,2025-08-28,11,2,123,1,1,1,14.69,2224178.0,1,1,09:30,intra_session_sparse
SCNX,2025-08-28,11,0,96,1,1,1,1.03,572213.0,1,0,08:00,intra_session_sparse
SCVL,2025-08-28,11,11,0,1,0,0,21.99,7062866.0,1,0,,no_session_bars_has_month_file
SCWO,2025-08-28,11,0,305,1,1,1,3.0,343262.0,1,0,04:08,intra_session_sparse
SCZM,2025-08-28,11,11,0,0,0,0,,,0,0,,no_daily_history
SD,2025-08-28,11,2,151,1,1,1,11.69,3557775.0,1,1,09:30,intra_session_sparse
SDEV,2025-08-28,11,0,375,1,1,1,7.75,21871737.0,1,1,04:00,intra_session_sparse
SDGR,2025-08-28,11,1,264,1,1,1,19.79,27524142.0,1,1,08:00,intra_session_sparse
SDHC,2025-08-28,11,11,0,1,0,0,19.68,1283425.0,1,0,,no_session_bars_has_month_file
SDOT,2025-08-28,11,11,0,0,0,0,188.3,149899.0,0,0,,no_minute_file
SDST,2025-08-28,11,0,168,1,1,1,4.004,463313.0,1,0,04:28,intra_session_sparse
SEAT,2025-08-28,11,1,114,1,1,1,17.35,5730528.0,1,1,09:30,intra_session_sparse
SEED,2025-08-28,11,11,0,0,0,0,1.229,55861.0,0,0,,no_minute_file
SEG,2025-08-28,11,11,0,0,0,0,24.63,3380535.0,0,0,,no_minute_file
SEGG,2025-08-28,11,0,246,1,1,1,6.32,408971.0,1,0,04:07,intra_session_sparse
SELX,2025-08-28,11,11,0,0,0,0,1.01,9014.0,0,0,,no_minute_file
SEM,2025-08-28,11,0,309,1,1,1,13.05,16138679.0,1,1,09:30,intra_session_sparse
SENS,2025-08-28,11,0,314,1,1,1,9.304,2291760.0,1,1,04:00,intra_session_sparse
SEPN,2025-08-28,11,0,115,1,1,1,12.625,2690044.0,1,1,09:30,intra_session_sparse
SER,2025-08-28,11,2,124,1,1,1,4.99,1694534.0,1,0,06:16,intra_session_sparse
SERV,2025-08-28,11,0,376,1,1,1,11.61,59168957.0,1,1,04:00,intra_session_sparse
SES,2025-08-28,11,0,331,1,1,1,1.12,7058866.0,1,1,04:01,intra_session_sparse
SEV,2025-08-28,11,11,0,0,0,0,,,0,0,,no_daily_history
SFIX,2025-08-28,11,0,341,1,1,1,5.47,9148775.0,1,1,09:30,intra_session_sparse
SFL,2025-08-28,11,0,311,1,1,1,8.25,14520106.0,1,1,08:00,intra_session_sparse
SFNC,2025-08-28,11,11,0,1,0,0,20.85,19427367.0,1,0,,no_session_bars_has_month_file
SG,2025-08-28,11,0,376,1,1,1,9.04,73481721.0,1,1,04:02,intra_session_sparse
SGHC,2025-08-28,11,0,355,1,1,1,12.14,21734041.0,1,1,09:30,intra_session_sparse
SGHT,2025-08-28,11,2,71,1,1,1,4.23,533837.0,1,0,09:30,intra_session_sparse
SGML,2025-08-28,11,0,362,1,1,1,6.71,20581271.0,1,1,04:24,intra_session_sparse
SGMT,2025-08-28,11,0,262,1,1,1,7.78,5453242.0,1,1,05:51,intra_session_sparse
SGRY,2025-08-28,11,11,0,0,0,0,22.82,38518055.0,0,0,,no_minute_file
SHAZ,2025-08-28,11,11,0,0,0,0,,,0,0,,no_daily_history
SHBI,2025-08-28,11,2,90,1,1,1,17.1,1997861.0,1,0,09:30,intra_session_sparse
SHC,2025-08-28,11,0,340,1,1,1,16.5,25123683.0,1,1,09:30,intra_session_sparse
SHEN,2025-08-28,11,2,154,1,1,1,13.42,4517338.0,1,1,09:30,intra_session_sparse
SHFS,2025-08-28,11,0,60,1,1,1,2.26,342434.0,1,0,07:45,intra_session_sparse
SHIP,2025-08-28,11,0,120,1,1,1,7.99,863738.0,1,0,09:30,intra_session_sparse
SHLS,2025-08-28,11,0,355,1,1,1,6.5,34088131.0,1,1,08:28,intra_session_sparse
SHMD,2025-08-28,11,11,0,0,0,0,2.64,47857.0,0,0,,no_minute_file
SHO,2025-08-28,11,0,340,1,1,1,9.57,22846082.0,1,1,09:30,intra_session_sparse
SI,2025-08-28,11,1,121,1,1,1,15.77,4079683.0,1,1,07:08,intra_session_sparse
SIBN,2025-08-28,11,1,156,1,1,1,16.59,8284578.0,1,1,09:30,intra_session_sparse
SID,2025-08-28,11,0,323,1,1,1,1.39,4250148.0,1,1,08:25,intra_session_sparse
SIDU,2025-08-28,11,0,217,1,1,1,1.24,1129982.0,1,0,04:00,intra_session_sparse
SIGA,2025-08-28,11,2,181,1,1,1,8.25,5656744.0,1,1,09:30,intra_session_sparse
SILO,2025-08-28,11,0,42,1,1,1,9.606,275111.0,1,0,06:26,intra_session_sparse
SIMA,2025-08-28,11,11,0,1,0,0,10.44,827246.0,1,0,,no_session_bars_has_month_file
SINT,2025-08-28,11,2,157,1,1,1,3.78,246067.0,1,0,05:27,intra_session_sparse
SIRI,2025-08-28,11,11,0,0,0,0,23.66,110716490.0,0,0,,no_minute_file
SITC,2025-08-28,11,1,223,1,1,1,12.25,11586351.0,1,1,09:30,intra_session_sparse
SKBL,2025-08-28,11,11,0,1,0,0,0.819,4469508.0,1,0,,no_session_bars_has_month_file
SKE,2025-08-28,11,0,215,1,1,1,15.76,5539997.0,1,1,04:37,intra_session_sparse
SKIL,2025-08-28,11,2,20,1,1,1,16.03,399628.0,1,0,09:30,intra_session_sparse
SKIN,2025-08-28,11,0,213,1,1,1,2.05,2864235.0,1,1,08:00,intra_session_sparse
SKK,2025-08-28,11,2,86,1,1,1,4.549,336997.0,1,0,04:00,intra_session_sparse
SKLZ,2025-08-28,11,2,113,1,1,1,8.77,780419.0,1,0,07:56,intra_session_sparse
SKYA,2025-08-28,11,0,361,1,1,1,14.84,33029964.0,1,1,04:00,intra_session_sparse
SKYE,2025-08-28,11,0,100,1,1,1,3.46,1013762.0,1,0,08:00,intra_session_sparse
SKYQ,2025-08-28,11,11,0,1,0,0,3.794,64927.0,1,0,,no_session_bars_has_month_file
SKYT,2025-08-28,11,0,349,1,1,1,12.0,18204001.0,1,1,06:32,intra_session_sparse
SKYX,2025-08-28,11,2,148,1,1,1,1.19,465220.0,1,0,09:30,intra_session_sparse
SLDB,2025-08-28,11,0,236,1,1,1,5.62,6181226.0,1,1,08:00,intra_session_sparse
SLDE,2025-08-28,11,0,287,1,1,1,14.08,11628618.0,1,1,09:30,intra_session_sparse
SLDP,2025-08-28,11,0,374,1,1,1,4.43,44801696.0,1,1,04:00,intra_session_sparse
SLE,2025-08-28,11,11,0,0,0,0,42.0,356001.0,0,0,,no_minute_file
SLGB,2025-08-28,11,11,0,0,0,0,,,0,0,,no_daily_history
SLI,2025-08-28,11,0,318,1,1,1,2.96,4752131.0,1,1,06:46,intra_session_sparse
SLM,2025-08-28,11,11,0,0,0,0,31.71,58352072.0,0,0,,no_minute_file
SLMT,2025-08-28,11,11,0,0,0,0,62.1,35472.0,0,0,,no_minute_file
SLN,2025-08-28,11,2,28,1,1,1,5.2,363182.0,1,0,09:30,intra_session_sparse
SLNH,2025-08-28,11,11,0,0,0,0,0.476,597964.0,0,0,,no_minute_file
SLP,2025-08-28,11,1,165,1,1,1,14.36,5764078.0,1,1,09:30,intra_session_sparse
SLQT,2025-08-28,11,0,343,1,1,1,2.41,6573147.0,1,1,07:07,intra_session_sparse
SLRC,2025-08-28,11,2,96,1,1,1,16.44,2659206.0,1,1,08:00,intra_session_sparse
SLS,2025-08-28,11,0,287,1,1,1,1.92,3244125.0,1,1,07:11,intra_session_sparse
SLSR,2025-08-28,11,11,0,1,0,0,5.58,188125.0,1,0,,no_session_bars_has_month_file
SM,2025-08-28,11,11,0,0,0,0,28.02,54899209.0,0,0,,no_minute_file
SMJF,2025-08-28,11,11,0,0,0,0,,,0,0,,no_daily_history
SMMT,2025-08-28,11,11,0,0,0,0,24.805,84268640.0,0,0,,no_minute_file
SMPL,2025-08-28,11,11,0,0,0,0,29.12,35279594.0,0,0,,no_minute_file
SMR,2025-08-28,11,11,0,0,0,0,35.16,511884754.0,0,0,,no_minute_file
SMRT,2025-08-28,11,0,158,1,1,1,1.47,2081221.0,1,1,09:09,intra_session_sparse
SMTK,2025-08-28,11,11,0,0,0,0,0.649,81098.0,0,0,,no_minute_file
SMWB,2025-08-28,11,0,335,1,1,1,9.77,4822843.0,1,1,09:19,intra_session_sparse
SMX,2025-08-28,11,11,0,0,0,0,70241.41,4168974.0,0,0,,no_minute_file
SMXT,2025-08-28,11,0,108,1,1,1,1.26,28364057.0,1,1,04:57,intra_session_sparse
SNAL,2025-08-28,11,11,0,1,0,0,0.911,222533.0,1,0,,no_session_bars_has_month_file
SNAP,2025-08-28,11,0,376,1,1,1,6.99,448416586.0,1,1,04:00,intra_session_sparse
SNBR,2025-08-28,11,2,216,1,1,1,10.61,7763235.0,1,1,09:30,intra_session_sparse
SND,2025-08-28,11,11,0,1,0,0,1.98,178470.0,1,0,,no_session_bars_has_month_file
SNDL,2025-08-28,11,0,376,1,1,1,2.53,10526948.0,1,1,04:00,intra_session_sparse
SNDX,2025-08-28,11,0,367,1,1,1,16.26,41496506.0,1,1,08:06,intra_session_sparse
SNGX,2025-08-28,11,0,151,1,1,1,3.0,112803634.0,1,1,04:08,intra_session_sparse
SNOA,2025-08-28,11,2,33,1,1,1,4.57,19984902.0,1,1,04:25,intra_session_sparse
SNTG,2025-08-28,11,11,0,0,0,0,1.65,5879.0,0,0,,no_minute_file
SNTI,2025-08-28,11,11,0,1,0,0,1.56,171770.0,1,0,,no_session_bars_has_month_file
SNWV,2025-08-28,11,11,0,0,0,0,44.34,2005607.0,0,0,,no_minute_file
SOAR,2025-08-28,11,2,170,1,1,1,1.76,1523651.0,1,0,07:34,intra_session_sparse
SOBR,2025-08-28,11,11,0,1,0,0,3.39,96854.0,1,0,,no_session_bars_has_month_file
SOC,2025-08-28,11,11,0,0,0,0,28.36,50852183.0,0,0,,no_minute_file
SOCA,2025-08-28,11,11,0,0,0,0,,,0,0,,no_daily_history
SOFI,2025-08-28,11,11,0,0,0,0,24.96,1614026483.0,0,0,,no_minute_file
SONO,2025-08-28,11,0,365,1,1,1,13.94,30915179.0,1,1,04:05,intra_session_sparse
SOUN,2025-08-28,11,0,376,1,1,1,11.91,757042639.0,1,1,04:00,intra_session_sparse
SOWG,2025-08-28,11,11,0,1,0,0,10.38,171229.0,1,0,,no_session_bars_has_month_file
SPAI,2025-08-28,11,0,201,1,1,1,6.91,2329725.0,1,1,07:07,intra_session_sparse
SPCE,2025-08-28,11,0,312,1,1,1,3.09,9697223.0,1,1,05:04,intra_session_sparse
SPEG,2025-08-28,11,11,0,0,0,0,,,0,0,,no_daily_history
SPH,2025-08-28,11,2,75,1,1,1,18.67,2813354.0,1,1,09:29,intra_session_sparse
SPHL,2025-08-28,11,11,0,0,0,0,3.753,26171.0,0,0,,no_minute_file
SPIR,2025-08-28,11,0,183,1,1,1,9.11,5579943.0,1,1,08:55,intra_session_sparse
SPNT,2025-08-28,11,2,192,1,1,1,18.61,15840603.0,1,1,09:30,intra_session_sparse
SPOK,2025-08-28,11,0,124,1,1,1,17.73,3261231.0,1,1,09:30,intra_session_sparse
SPPL,2025-08-28,11,11,0,0,0,0,3.1,55455.0,0,0,,no_minute_file
SPRC,2025-08-28,11,11,0,0,0,0,38.34,514376.0,0,0,,no_minute_file
SPRO,2025-08-28,11,2,128,1,1,1,1.98,1577522.0,1,0,09:25,intra_session_sparse
SPRU,2025-08-28,11,2,39,1,1,1,1.47,6176201.0,1,1,08:00,intra_session_sparse
SPRY,2025-08-28,11,0,359,1,1,1,13.44,29213816.0,1,1,08:34,intra_session_sparse
SPT,2025-08-28,11,0,294,1,1,1,15.69,15193829.0,1,1,05:05,intra_session_sparse
SPTX,2025-08-28,11,11,0,0,0,0,,,0,0,,no_daily_history
SPWH,2025-08-28,11,2,100,1,1,1,2.72,1084221.0,1,0,07:00,intra_session_sparse
SPWR,2025-08-28,11,1,237,1,1,1,1.51,1191668.0,1,0,09:30,intra_session_sparse
SRAD,2025-08-28,11,11,0,0,0,0,31.29,58871861.0,0,0,,no_minute_file
SRFM,2025-08-28,11,0,322,1,1,1,4.5,12984735.0,1,1,04:04,intra_session_sparse
SRI,2025-08-28,11,0,187,1,1,1,8.6,2197045.0,1,1,09:30,intra_session_sparse
SRPT,2025-08-28,11,0,376,1,1,1,18.07,193940357.0,1,1,04:16,intra_session_sparse
SRTA,2025-08-28,11,0,242,1,1,1,4.58,8149118.0,1,1,07:02,intra_session_sparse
SRZN,2025-08-28,11,11,0,0,0,0,11.4,173086.0,0,0,,no_minute_file
SSAC,2025-08-28,11,11,0,0,0,0,,,0,0,,no_daily_history
SSEA,2025-08-28,11,11,0,0,0,0,,,0,0,,no_daily_history
SSL,2025-08-28,11,0,301,1,1,1,6.57,8127738.0,1,1,04:14,intra_session_sparse
SSM,2025-08-28,11,11,0,0,0,0,,,0,0,,no_daily_history
SSP,2025-08-28,11,1,219,1,1,1,3.09,2508758.0,1,1,08:16,intra_session_sparse
SSRM,2025-08-28,11,0,373,1,1,1,18.44,57841297.0,1,1,04:18,intra_session_sparse
SSSS,2025-08-28,11,0,118,1,1,1,8.73,2240554.0,1,1,08:00,intra_session_sparse
SST,2025-08-28,11,2,58,1,1,1,7.59,347856.0,1,0,08:47,intra_session_sparse
SSTK,2025-08-28,11,11,0,1,0,0,20.57,5304985.0,1,0,,no_session_bars_has_month_file
SSYS,2025-08-28,11,0,327,1,1,1,11.04,12380416.0,1,1,04:01,intra_session_sparse
STAA,2025-08-28,11,11,0,1,0,0,27.51,91560363.0,1,0,,no_session_bars_has_month_file
STAK,2025-08-28,11,2,199,1,1,1,1.41,462155.0,1,0,05:42,intra_session_sparse
STEM,2025-08-28,11,2,129,1,1,1,16.25,4795695.0,1,1,09:30,intra_session_sparse
STEX,2025-08-28,11,0,264,1,1,1,4.78,3964358.0,1,1,05:28,intra_session_sparse
STFS,2025-08-28,11,0,263,1,1,1,5.932,5186517.0,1,1,04:00,intra_session_sparse
STGW,2025-08-28,11,0,236,1,1,1,5.58,7470769.0,1,1,09:30,intra_session_sparse
STI,2025-08-28,11,11,0,1,0,0,3.15,94446.0,1,0,,no_session_bars_has_month_file
STIM,2025-08-28,11,0,361,1,1,1,3.36,5888359.0,1,1,06:53,intra_session_sparse
STKE,2025-08-28,11,11,0,0,0,0,,,0,0,,no_daily_history
STLA,2025-08-28,11,0,376,1,1,1,9.52,120097302.0,1,1,04:00,intra_session_sparse
STNE,2025-08-28,11,0,373,1,1,1,15.92,72033220.0,1,1,04:04,intra_session_sparse
STOK,2025-08-28,11,2,285,1,1,1,19.3,15793748.0,1,1,05:07,intra_session_sparse
STRO,2025-08-28,11,0,122,1,1,1,9.036,322857.0,1,0,09:30,intra_session_sparse
STRZ,2025-08-28,11,2,56,1,1,1,13.56,2445463.0,1,1,09:30,intra_session_sparse
STTK,2025-08-28,11,11,0,1,0,0,1.0,5242117.0,1,1,,no_session_bars_has_month_file
STUB,2025-08-28,11,11,0,0,0,0,,,0,0,,no_daily_history
STVN,2025-08-28,11,11,0,0,0,0,22.4,8263616.0,0,0,,no_minute_file
SUGP,2025-08-28,11,1,44,1,1,1,6.02,240693.0,1,0,09:24,intra_session_sparse
SUIG,2025-08-28,11,0,248,1,1,1,6.2,5084990.0,1,1,06:05,intra_session_sparse
SUJA,2025-08-28,11,11,0,0,0,0,,,0,0,,no_daily_history
SUNE,2025-08-28,11,2,49,1,1,1,1.5,210421.0,1,0,08:52,intra_session_sparse
SUPV,2025-08-28,11,0,334,1,1,1,7.93,14567572.0,1,1,09:08,intra_session_sparse
SUPX,2025-08-28,11,11,0,0,0,0,42.5,10423113.0,0,0,,no_minute_file
SVAC,2025-08-28,11,11,0,0,0,0,,,0,0,,no_daily_history
SVAQ,2025-08-28,11,11,0,0,0,0,,,0,0,,no_daily_history
SVCO,2025-08-28,11,1,104,1,1,1,4.92,623774.0,1,0,08:23,intra_session_sparse
SVM,2025-08-28,11,0,363,1,1,1,4.68,19535087.0,1,1,06:42,intra_session_sparse
SVRA,2025-08-28,11,1,313,1,1,1,3.29,4122069.0,1,1,08:49,intra_session_sparse
SVRN,2025-08-28,11,11,0,0,0,0,31.6,3776280.0,0,0,,no_minute_file
SVV,2025-08-28,11,0,280,1,1,1,11.62,12543810.0,1,1,09:30,intra_session_sparse
SWBI,2025-08-28,11,0,295,1,1,1,8.21,5832878.0,1,1,08:11,intra_session_sparse
SWIM,2025-08-28,11,0,275,1,1,1,8.22,5582006.0,1,1,09:30,intra_session_sparse
SWVL,2025-08-28,11,11,0,0,0,0,3.53,63406.0,0,0,,no_minute_file
SXC,2025-08-28,11,0,265,1,1,1,7.49,9159360.0,1,1,09:30,intra_session_sparse
SXTC,2025-08-28,11,11,0,0,0,0,222.0,47123.0,0,0,,no_minute_file
SXTP,2025-08-28,11,11,0,1,0,0,4.96,115942.0,1,0,,no_session_bars_has_month_file
SY,2025-08-28,11,0,221,1,1,1,3.93,7617457.0,1,1,04:10,intra_session_sparse
SYNX,2025-08-28,11,11,0,0,0,0,1.655,52274.0,0,0,,no_minute_file
SYRE,2025-08-28,11,2,195,1,1,1,17.14,7962773.0,1,1,09:30,intra_session_sparse
SZZL,2025-08-28,11,11,0,1,0,0,10.085,275324.0,1,0,,no_session_bars_has_month_file
TAC,2025-08-28,11,1,285,1,1,1,12.07,14956808.0,1,1,09:30,intra_session_sparse
TACO,2025-08-28,11,0,56,1,1,1,10.31,1738807.0,1,0,09:31,intra_session_sparse
TAL,2025-08-28,11,0,338,1,1,1,10.79,57603580.0,1,1,08:00,intra_session_sparse
TALK,2025-08-28,11,0,324,1,1,1,2.71,4141393.0,1,1,09:25,intra_session_sparse
TALO,2025-08-28,11,0,361,1,1,1,9.55,22786257.0,1,1,09:30,intra_session_sparse
TANH,2025-08-28,11,11,0,0,0,0,1.965,77829.0,0,0,,no_minute_file
TAOP,2025-08-28,11,11,0,0,0,0,3.18,76708.0,0,0,,no_minute_file
TAOX,2025-08-28,11,0,147,1,1,1,6.92,2038655.0,1,1,08:00,intra_session_sparse
TARA,2025-08-28,11,1,112,1,1,1,3.23,555517.0,1,0,09:07,intra_session_sparse
TASK,2025-08-28,11,2,103,1,1,1,17.39,4136767.0,1,1,09:30,intra_session_sparse
TBCH,2025-08-28,11,2,150,1,1,1,15.57,3912534.0,1,1,09:30,intra_session_sparse
TBH,2025-08-28,11,11,0,1,0,0,9.2,170305.0,1,0,,no_session_bars_has_month_file
TBI,2025-08-28,11,2,96,1,1,1,6.07,1166935.0,1,0,09:30,intra_session_sparse
TBLA,2025-08-28,11,1,298,1,1,1,3.38,4427080.0,1,1,09:24,intra_session_sparse
TBPH,2025-08-28,11,0,208,1,1,1,13.8,5825768.0,1,1,09:30,intra_session_sparse
TBRG,2025-08-28,11,2,59,1,1,1,20.12,2370247.0,1,0,09:30,intra_session_sparse
TCGL,2025-08-28,11,11,0,0,0,0,,,0,0,,no_daily_history
TCMD,2025-08-28,11,0,131,1,1,1,13.15,3261306.0,1,1,09:30,intra_session_sparse
TCPC,2025-08-28,11,0,177,1,1,1,7.15,3824550.0,1,1,09:25,intra_session_sparse
TCRT,2025-08-28,11,1,50,1,1,1,1.89,626215.0,1,0,05:49,intra_session_sparse
TDAY,2025-08-28,11,0,281,1,1,1,4.1,7829655.0,1,1,09:30,intra_session_sparse
TDIC,2025-08-28,11,11,0,1,0,0,19.0,96922.0,1,0,,no_session_bars_has_month_file
TDOC,2025-08-28,11,0,373,1,1,1,7.74,45100278.0,1,1,04:01,intra_session_sparse
TDUP,2025-08-28,11,0,357,1,1,1,11.49,27916555.0,1,1,07:21,intra_session_sparse
TE,2025-08-28,11,0,234,1,1,1,1.58,2402070.0,1,1,07:00,intra_session_sparse
TECX,2025-08-28,11,11,0,0,0,0,26.56,4805003.0,0,0,,no_minute_file
TELO,2025-08-28,11,0,376,1,1,1,1.48,1312812.0,1,0,04:00,intra_session_sparse
TENB,2025-08-28,11,11,0,0,0,0,30.58,48629435.0,0,0,,no_minute_file
TENX,2025-08-28,11,11,0,0,0,0,5.92,140238.0,0,0,,no_minute_file
TEO,2025-08-28,11,0,197,1,1,1,8.47,1630048.0,1,0,09:30,intra_session_sparse
TFSL,2025-08-28,11,1,248,1,1,1,14.23,4808604.0,1,1,09:30,intra_session_sparse
TGB,2025-08-28,11,0,364,1,1,1,3.18,11873974.0,1,1,07:45,intra_session_sparse
TGE,2025-08-28,11,11,0,1,0,0,3.3,189644.0,1,0,,no_session_bars_has_month_file
TGEN,2025-08-28,11,0,215,1,1,1,7.89,8830918.0,1,1,07:34,intra_session_sparse
TGHL,2025-08-28,11,11,0,0,0,0,,,0,0,,no_daily_history
TGL,2025-08-28,11,11,0,1,0,0,25.2,1310788.0,1,0,,no_session_bars_has_month_file
TH,2025-08-28,11,1,264,1,1,1,8.88,4070033.0,1,1,09:30,intra_session_sparse
THH,2025-08-28,11,11,0,0,0,0,,,0,0,,no_daily_history
THM,2025-08-28,11,1,76,1,1,1,1.38,609553.0,1,0,08:36,intra_session_sparse
THRY,2025-08-28,11,0,192,1,1,1,13.09,6803876.0,1,1,09:28,intra_session_sparse
TIC,2025-08-28,11,0,358,1,1,1,10.6,33629079.0,1,1,06:11,intra_session_sparse
TII,2025-08-28,11,11,0,0,0,0,,,0,0,,no_daily_history
TIL,2025-08-28,11,11,0,0,0,0,28.0,3518758.0,0,0,,no_minute_file
TIPT,2025-08-28,11,11,0,0,0,0,23.57,2951513.0,0,0,,no_minute_file
TITN,2025-08-28,11,1,232,1,1,1,21.01,2578169.0,1,0,08:00,intra_session_sparse
TK,2025-08-28,11,0,178,1,1,1,8.1,5099411.0,1,1,09:30,intra_session_sparse
TKC,2025-08-28,11,0,268,1,1,1,6.18,4002214.0,1,1,04:00,intra_session_sparse
TKNO,2025-08-28,11,2,174,1,1,1,4.45,1041630.0,1,0,09:30,intra_session_sparse
TLIH,2025-08-28,11,1,53,1,1,1,6.05,339451.0,1,0,04:00,intra_session_sparse
TLK,2025-08-28,11,0,205,1,1,1,19.53,17420110.0,1,1,09:30,intra_session_sparse
TLRY,2025-08-28,11,0,376,1,1,1,13.7,96272267.0,1,1,04:00,intra_session_sparse
TLS,2025-08-28,11,0,308,1,1,1,5.83,13658770.0,1,1,04:06,intra_session_sparse
TLYS,2025-08-28,11,2,66,1,1,1,1.87,244418.0,1,0,09:30,intra_session_sparse
TMC,2025-08-28,11,0,375,1,1,1,5.31,57822430.0,1,1,04:02,intra_session_sparse
TMCI,2025-08-28,11,0,240,1,1,1,7.42,2780033.0,1,1,09:30,intra_session_sparse
TMCR,2025-08-28,11,11,0,0,0,0,,,0,0,,no_daily_history
TMDE,2025-08-28,11,11,0,0,0,0,0.844,35924.0,0,0,,no_minute_file
TMQ,2025-08-28,11,2,127,1,1,1,1.67,576350.0,1,0,08:20,intra_session_sparse
TMTS,2025-08-28,11,11,0,0,0,0,,,0,0,,no_daily_history
TNDM,2025-08-28,11,0,370,1,1,1,12.25,33786527.0,1,1,08:00,intra_session_sparse
TNGX,2025-08-28,11,0,259,1,1,1,6.9,11943752.0,1,1,09:30,intra_session_sparse
TNMG,2025-08-28,11,11,0,0,0,0,8.874,89802.0,0,0,,no_minute_file
TNON,2025-08-28,11,2,99,1,1,1,1.31,20025000.0,1,1,07:15,intra_session_sparse
TNXP,2025-08-28,11,11,0,0,0,0,32.18,92041221.0,0,0,,no_minute_file
TNYA,2025-08-28,11,0,341,1,1,1,1.1,4238783.0,1,1,05:04,intra_session_sparse
TOI,2025-08-28,11,0,320,1,1,1,3.46,7289753.0,1,1,09:30,intra_session_sparse
TONX,2025-08-28,11,0,232,1,1,1,15.03,41623572.0,1,1,04:50,intra_session_sparse
TORO,2025-08-28,11,11,0,1,0,0,2.76,104620.0,1,0,,no_session_bars_has_month_file
TOYO,2025-08-28,11,11,0,1,0,0,5.21,172533.0,1,0,,no_session_bars_has_month_file
TPET,2025-08-28,11,11,0,1,0,0,1.13,165406.0,1,0,,no_session_bars_has_month_file
TPVG,2025-08-28,11,1,140,1,1,1,6.63,2634979.0,1,1,04:15,intra_session_sparse
TRAD,2025-08-28,11,11,0,0,0,0,,,0,0,,no_daily_history
TRAW,2025-08-28,11,1,23,1,1,1,1.42,229313.0,1,0,07:04,intra_session_sparse
TRAX,2025-08-28,11,11,0,0,0,0,,,0,0,,no_daily_history
TRC,2025-08-28,11,1,64,1,1,1,17.38,2083901.0,1,1,09:30,intra_session_sparse
TRDA,2025-08-28,11,2,127,1,1,1,5.68,1498478.0,1,0,09:30,intra_session_sparse
TRIN,2025-08-28,11,2,252,1,1,1,16.03,10518719.0,1,1,08:09,intra_session_sparse
TRIP,2025-08-28,11,0,343,1,1,1,17.11,53810792.0,1,1,09:30,intra_session_sparse
TRMD,2025-08-28,11,11,0,1,0,0,21.24,17505095.0,1,0,,no_session_bars_has_month_file
TRNR,2025-08-28,11,11,0,0,0,0,39.7,408879.0,0,0,,no_minute_file
TRON,2025-08-28,11,0,338,1,1,1,4.95,15104371.0,1,1,04:12,intra_session_sparse
TROO,2025-08-28,11,11,0,0,0,0,1.13,189842.0,0,0,,no_minute_file
TROX,2025-08-28,11,0,353,1,1,1,4.15,23008700.0,1,1,06:36,intra_session_sparse
TRT,2025-08-28,11,11,0,0,0,0,2.65,16130.0,0,0,,no_minute_file
TRVI,2025-08-28,11,0,371,1,1,1,8.0,13548098.0,1,1,07:00,intra_session_sparse
TRX,2025-08-28,11,11,0,0,0,0,0.357,189570.0,0,0,,no_minute_file
TSHA,2025-08-28,11,0,324,1,1,1,2.97,8077188.0,1,1,08:02,intra_session_sparse
TSLX,2025-08-28,11,11,0,0,0,0,24.25,10078251.0,0,0,,no_minute_file
TSSI,2025-08-28,11,0,350,1,1,1,15.6,68914884.0,1,1,04:38,intra_session_sparse
TTAM,2025-08-28,11,2,173,1,1,1,15.57,4968663.0,1,1,09:30,intra_session_sparse
TTEC,2025-08-28,11,0,155,1,1,1,3.67,2234474.0,1,1,08:17,intra_session_sparse
TTGT,2025-08-28,11,0,255,1,1,1,6.08,3727760.0,1,1,08:00,intra_session_sparse
TTI,2025-08-28,11,0,342,1,1,1,4.51,6903189.0,1,1,08:44,intra_session_sparse
TTRX,2025-08-28,11,11,0,0,0,0,,,0,0,,no_daily_history
TU,2025-08-28,11,0,352,1,1,1,16.51,47899043.0,1,1,09:01,intra_session_sparse
TV,2025-08-28,11,2,339,1,1,1,2.69,3601289.0,1,1,08:09,intra_session_sparse
TVA,2025-08-28,11,11,0,1,0,0,10.13,187239.0,1,0,,no_session_bars_has_month_file
TVRD,2025-08-28,11,11,0,0,0,0,30.595,620181.0,0,0,,no_minute_file
TVTX,2025-08-28,11,0,362,1,1,1,17.44,27571287.0,1,1,04:29,intra_session_sparse
TWFG,2025-08-28,11,11,0,0,0,0,27.97,4833582.0,0,0,,no_minute_file
TWG,2025-08-28,11,2,17,1,1,1,5.29,212250.0,1,0,09:30,intra_session_sparse
TWI,2025-08-28,11,0,166,1,1,1,9.07,4036081.0,1,1,06:45,intra_session_sparse
TWO,2025-08-28,11,0,329,1,1,1,9.82,20972354.0,1,1,09:30,intra_session_sparse
TXG,2025-08-28,11,0,362,1,1,1,14.02,41867047.0,1,1,09:06,intra_session_sparse
TXO,2025-08-28,11,2,87,1,1,1,14.1,3006191.0,1,1,09:30,intra_session_sparse
TYGO,2025-08-28,11,2,90,1,1,1,1.36,576087.0,1,0,08:00,intra_session_sparse
TYRA,2025-08-28,11,2,138,1,1,1,12.88,2381233.0,1,1,09:30,intra_session_sparse
TZOO,2025-08-28,11,2,85,1,1,1,9.77,1145499.0,1,0,07:05,intra_session_sparse
U,2025-08-28,11,11,0,0,0,0,40.34,534084990.0,0,0,,no_minute_file
UA,2025-08-28,11,0,364,1,1,1,4.95,37546744.0,1,1,04:00,intra_session_sparse
UAA,2025-08-28,11,0,375,1,1,1,5.04,94138830.0,1,1,04:01,intra_session_sparse
UAMY,2025-08-28,11,0,371,1,1,1,4.59,25726420.0,1,1,06:01,intra_session_sparse
UAVS,2025-08-28,11,0,334,1,1,1,1.94,9902784.0,1,1,04:53,intra_session_sparse
UBXG,2025-08-28,11,11,0,0,0,0,66.25,505466.0,0,0,,no_minute_file
UE,2025-08-28,11,11,0,1,0,0,20.71,26453938.0,1,0,,no_session_bars_has_month_file
UEC,2025-08-28,11,0,376,1,1,1,10.37,127635391.0,1,1,04:01,intra_session_sparse
UFG,2025-08-28,11,2,77,1,1,1,4.32,9370874.0,1,1,07:18,intra_session_sparse
UGP,2025-08-28,11,0,330,1,1,1,3.44,4778037.0,1,1,07:26,intra_session_sparse
UGRO,2025-08-28,11,0,45,1,1,1,10.71,1444583.0,1,0,07:15,intra_session_sparse
UIS,2025-08-28,11,0,286,1,1,1,3.93,3687109.0,1,1,08:00,intra_session_sparse
ULCC,2025-08-28,11,0,368,1,1,1,4.79,21377340.0,1,1,08:25,intra_session_sparse
UMAC,2025-08-28,11,0,356,1,1,1,10.23,27650864.0,1,1,04:10,intra_session_sparse
UMC,2025-08-28,11,0,329,1,1,1,6.72,48710299.0,1,1,04:00,intra_session_sparse
UMH,2025-08-28,11,0,258,1,1,1,15.75,8547023.0,1,1,09:30,intra_session_sparse
UNCY,2025-08-28,11,0,150,1,1,1,4.27,2029578.0,1,1,08:00,intra_session_sparse
UNIT,2025-08-28,11,0,332,1,1,1,6.63,21116309.0,1,1,08:00,intra_session_sparse
UONE,2025-08-28,11,11,0,0,0,0,16.2,17232.0,0,0,,no_minute_file
UP,2025-08-28,11,11,0,0,0,0,58.2,12736219.0,0,0,,no_minute_file
UPB,2025-08-28,11,2,223,1,1,1,16.7,7499781.0,1,1,08:49,intra_session_sparse
UPBD,2025-08-28,11,11,0,0,0,0,26.07,18355937.0,0,0,,no_minute_file
UPC,2025-08-28,11,2,20,1,1,1,3.68,225242.0,1,0,08:27,intra_session_sparse
UPLD,2025-08-28,11,1,87,1,1,1,2.81,2392130.0,1,1,09:30,intra_session_sparse
UPWK,2025-08-28,11,0,367,1,1,1,14.8,48170339.0,1,1,04:00,intra_session_sparse
UPXI,2025-08-28,11,0,372,1,1,1,8.22,55543366.0,1,1,04:00,intra_session_sparse
URG,2025-08-28,11,0,371,1,1,1,1.36,5541399.0,1,1,07:37,intra_session_sparse
URGN,2025-08-28,11,0,328,1,1,1,19.54,20482693.0,1,1,09:30,intra_session_sparse
UROY,2025-08-28,11,0,343,1,1,1,3.03,7166425.0,1,1,08:00,intra_session_sparse
USAR,2025-08-28,11,0,375,1,1,1,15.69,125370393.0,1,1,04:09,intra_session_sparse
USAS,2025-08-28,11,0,305,1,1,1,2.4,2165323.0,1,1,07:00,intra_session_sparse
USAU,2025-08-28,11,0,166,1,1,1,13.34,3253332.0,1,1,08:00,intra_session_sparse
USEG,2025-08-28,11,2,80,1,1,1,1.18,286809.0,1,0,04:01,intra_session_sparse
USGO,2025-08-28,11,2,108,1,1,1,8.66,474207.0,1,0,09:30,intra_session_sparse
USNA,2025-08-28,11,11,0,0,0,0,32.11,3172572.0,0,0,,no_minute_file
UTZ,2025-08-28,11,0,234,1,1,1,13.49,13678812.0,1,1,09:30,intra_session_sparse
UUU,2025-08-28,11,11,0,1,0,0,3.4,145527.0,1,0,,no_session_bars_has_month_file
UUUU,2025-08-28,11,0,376,1,1,1,11.4,149229632.0,1,1,04:00,intra_session_sparse
UWMC,2025-08-28,11,0,376,1,1,1,5.69,54076521.0,1,1,04:15,intra_session_sparse
UZX,2025-08-28,11,11,0,0,0,0,2.26,15011.0,0,0,,no_minute_file
VACH,2025-08-28,11,11,0,0,0,0,10.42,79580.0,0,0,,no_minute_file
VACI,2025-08-28,11,11,0,0,0,0,,,0,0,,no_daily_history
VALE,2025-08-28,11,0,340,1,1,1,10.25,305895748.0,1,1,04:01,intra_session_sparse
VBIO,2025-08-28,11,1,57,1,1,1,3.07,11052414.0,1,1,06:51,intra_session_sparse
VCIG,2025-08-28,11,11,0,0,0,0,1502.1,7505632.0,0,0,,no_minute_file
VEEE,2025-08-28,11,11,0,0,0,0,75.11,263237.0,0,0,,no_minute_file
VEL,2025-08-28,11,2,40,1,1,1,19.05,2047624.0,1,1,09:30,intra_session_sparse
VELO,2025-08-28,11,11,0,0,0,0,4.58,12907804.0,0,1,,no_minute_file
VENU,2025-08-28,11,1,139,1,1,1,12.88,1774982.0,1,0,08:21,intra_session_sparse
VERI,2025-08-28,11,0,351,1,1,1,3.04,7105558.0,1,1,04:19,intra_session_sparse
VERX,2025-08-28,11,11,0,0,0,0,25.27,50944936.0,0,0,,no_minute_file
VET,2025-08-28,11,0,275,1,1,1,7.68,6511843.0,1,1,09:30,intra_session_sparse
VFC,2025-08-28,11,0,376,1,1,1,14.94,118856037.0,1,1,04:29,intra_session_sparse
VFF,2025-08-28,11,0,355,1,1,1,3.03,8139925.0,1,1,06:59,intra_session_sparse
VFS,2025-08-28,11,0,176,1,1,1,3.48,1477010.0,1,0,08:11,intra_session_sparse
VG,2025-08-28,11,0,376,1,1,1,13.0,90625070.0,1,1,04:58,intra_session_sparse
VGZ,2025-08-28,11,0,126,1,1,1,1.15,934699.0,1,0,07:23,intra_session_sparse
VHC,2025-08-28,11,11,0,1,0,0,13.74,155083.0,1,0,,no_session_bars_has_month_file
VHCP,2025-08-28,11,11,0,0,0,0,,,0,0,,no_daily_history
VHUB,2025-08-28,11,11,0,0,0,0,,,0,0,,no_daily_history
VIA,2025-08-28,11,11,0,0,0,0,10.995,200241.0,0,0,,no_minute_file
VIAV,2025-08-28,11,0,357,1,1,1,11.14,41420839.0,1,1,06:44,intra_session_sparse
VIDA,2025-08-28,11,11,0,0,0,0,,,0,0,,no_daily_history
VIPS,2025-08-28,11,0,331,1,1,1,16.86,44528116.0,1,1,09:29,intra_session_sparse
VIR,2025-08-28,11,0,346,1,1,1,5.23,6776313.0,1,1,05:53,intra_session_sparse
VISN,2025-08-28,11,0,373,1,1,1,16.13,172859632.0,1,1,04:13,intra_session_sparse
VITL,2025-08-28,11,11,0,0,0,0,52.41,56016415.0,0,0,,no_minute_file
VIVK,2025-08-28,11,11,0,0,0,0,,,0,0,,no_daily_history
VIVO,2025-08-28,11,0,201,1,1,1,5.62,10445071.0,1,1,04:00,intra_session_sparse
VIVS,2025-08-28,11,11,0,0,0,0,1.84,57572.0,0,0,,no_minute_file
VLN,2025-08-28,11,0,251,1,1,1,2.02,1456602.0,1,0,07:09,intra_session_sparse
VLRS,2025-08-28,11,1,210,1,1,1,6.11,3069209.0,1,1,09:30,intra_session_sparse
VLY,2025-08-28,11,0,373,1,1,1,10.49,76157675.0,1,1,09:25,intra_session_sparse
VMAR,2025-08-28,11,11,0,0,0,0,57.6,2955448.0,0,0,,no_minute_file
VMD,2025-08-28,11,0,165,1,1,1,7.18,2241198.0,1,1,09:30,intra_session_sparse
VMET,2025-08-28,11,11,0,0,0,0,,,0,0,,no_daily_history
VNCE,2025-08-28,11,11,0,0,0,0,1.42,27779.0,0,0,,no_minute_file
VNDA,2025-08-28,11,0,210,1,1,1,4.62,2289451.0,1,1,07:00,intra_session_sparse
VNME,2025-08-28,11,11,0,0,0,0,9.92,443913.0,0,0,,no_minute_file
VNRX,2025-08-28,11,11,0,0,0,0,13.32,119219.0,0,0,,no_minute_file
VNTG,2025-08-28,11,0,178,1,1,1,5.59,6840876.0,1,1,08:24,intra_session_sparse
VOR,2025-08-28,11,11,0,0,0,0,40.0,9458504.0,0,0,,no_minute_file
VOXR,2025-08-28,11,2,147,1,1,1,3.62,985121.0,1,0,09:24,intra_session_sparse
VOYG,2025-08-28,11,11,0,0,0,0,31.96,32455543.0,0,0,,no_minute_file
VRA,2025-08-28,11,1,62,1,1,1,2.07,239091.0,1,0,08:09,intra_session_sparse
VRCA,2025-08-28,11,2,26,1,1,1,5.66,285264.0,1,0,09:33,intra_session_sparse
VRDN,2025-08-28,11,1,267,1,1,1,18.56,15632569.0,1,1,09:30,intra_session_sparse
VREX,2025-08-28,11,1,195,1,1,1,11.45,5507198.0,1,1,07:43,intra_session_sparse
VRME,2025-08-28,11,11,0,1,0,0,0.912,12975917.0,1,0,,no_session_bars_has_month_file
VRRM,2025-08-28,11,11,0,0,0,0,25.37,24143787.0,0,0,,no_minute_file
VSEE,2025-08-28,11,11,0,1,0,0,0.845,165069.0,1,0,,no_session_bars_has_month_file
VSH,2025-08-28,11,0,342,1,1,1,15.54,30440237.0,1,1,09:30,intra_session_sparse
VSME,2025-08-28,11,11,0,0,0,0,34.8,1517083.0,0,0,,no_minute_file
VSTD,2025-08-28,11,2,49,1,1,1,1.34,371767.0,1,0,08:00,intra_session_sparse
VSTM,2025-08-28,11,0,360,1,1,1,9.29,23293035.0,1,1,04:13,intra_session_sparse
VSTS,2025-08-28,11,1,316,1,1,1,4.6,11259230.0,1,1,09:17,intra_session_sparse
VTAK,2025-08-28,11,0,58,1,1,1,2.45,13235248.0,1,1,04:32,intra_session_sparse
VTEX,2025-08-28,11,0,334,1,1,1,4.03,7150106.0,1,1,08:28,intra_session_sparse
VTGN,2025-08-28,11,0,144,1,1,1,3.18,1876158.0,1,0,08:12,intra_session_sparse
VTIX,2025-08-28,11,11,0,0,0,0,,,0,0,,no_daily_history
VTRS,2025-08-28,11,0,374,1,1,1,10.42,97619274.0,1,1,04:35,intra_session_sparse
VTS,2025-08-28,11,11,0,0,0,0,26.82,8375072.0,0,0,,no_minute_file
VUZI,2025-08-28,11,0,309,1,1,1,2.08,2763566.0,1,1,04:18,intra_session_sparse
VWAV,2025-08-28,11,1,162,1,1,1,9.27,5212601.0,1,1,04:12,intra_session_sparse
VYGR,2025-08-28,11,2,169,1,1,1,3.42,2693459.0,1,1,07:00,intra_session_sparse
VYX,2025-08-28,11,0,329,1,1,1,13.55,24350755.0,1,1,09:29,intra_session_sparse
VZLA,2025-08-28,11,0,348,1,1,1,3.52,10953738.0,1,1,07:05,intra_session_sparse
WAI,2025-08-28,11,0,376,1,1,1,3.5,2936664.0,1,1,04:00,intra_session_sparse
WALD,2025-08-28,11,2,90,1,1,1,1.62,937668.0,1,0,08:00,intra_session_sparse
WATT,2025-08-28,11,1,46,1,1,1,8.07,467053.0,1,0,08:00,intra_session_sparse
WAY,2025-08-28,11,11,0,0,0,0,37.17,61817245.0,0,0,,no_minute_file
WBD,2025-08-28,11,0,376,1,1,1,12.15,579257047.0,1,1,04:00,intra_session_sparse
WBI,2025-08-28,11,11,0,0,0,0,,,0,0,,no_daily_history
WBTN,2025-08-28,11,0,275,1,1,1,15.18,21255228.0,1,1,05:13,intra_session_sparse
WBUY,2025-08-28,11,1,37,1,1,1,3.17,369645.0,1,0,07:17,intra_session_sparse
WEAV,2025-08-28,11,0,262,1,1,1,7.75,9828835.0,1,1,09:30,intra_session_sparse
WEN,2025-08-28,11,0,376,1,1,1,10.46,70762012.0,1,1,07:26,intra_session_sparse
WENC,2025-08-28,11,11,0,0,0,0,,,0,0,,no_daily_history
WENN,2025-08-28,11,2,43,1,1,1,10.13,1549986.0,1,0,08:19,intra_session_sparse
WEST,2025-08-28,11,0,246,1,1,1,5.72,3947531.0,1,1,08:00,intra_session_sparse
WGRX,2025-08-28,11,11,0,0,0,0,77.5,6548164.0,0,0,,no_minute_file
WHWK,2025-08-28,11,11,0,1,0,0,1.81,165992.0,1,0,,no_session_bars_has_month_file
WIT,2025-08-28,11,0,357,1,1,1,2.81,20730198.0,1,1,04:41,intra_session_sparse
WKHS,2025-08-28,11,0,226,1,1,1,16.32,2257963.0,1,1,08:00,intra_session_sparse
WKSP,2025-08-28,11,2,107,1,1,1,3.08,951552.0,1,0,08:16,intra_session_sparse
WLDS,2025-08-28,11,2,67,1,1,1,3.27,1777135.0,1,0,04:07,intra_session_sparse
WLKP,2025-08-28,11,11,0,0,0,0,22.19,774368.0,0,0,,no_minute_file
WLTH,2025-08-28,11,11,0,0,0,0,,,0,0,,no_daily_history
WNC,2025-08-28,11,1,210,1,1,1,11.47,6758149.0,1,1,09:30,intra_session_sparse
WNW,2025-08-28,11,11,0,0,0,0,172.0,22788.0,0,0,,no_minute_file
WOK,2025-08-28,11,11,0,0,0,0,16000.0,18025.0,0,0,,no_minute_file
WOLF,2025-08-28,11,0,371,1,1,1,1.29,11675584.0,1,1,04:00,intra_session_sparse
WOOF,2025-08-28,11,0,375,1,1,1,3.2,9024546.0,1,1,07:00,intra_session_sparse
WPAC,2025-08-28,11,11,0,0,0,0,,,0,0,,no_daily_history
WPP,2025-08-28,11,11,0,0,0,0,26.53,12460149.0,0,0,,no_minute_file
WRBY,2025-08-28,11,11,0,0,0,0,26.53,46692852.0,0,0,,no_minute_file
WRN,2025-08-28,11,0,128,1,1,1,1.42,517809.0,1,0,08:00,intra_session_sparse
WSC,2025-08-28,11,11,0,0,0,0,24.91,70705789.0,0,0,,no_minute_file
WSE,2025-08-28,11,11,0,0,0,0,,,0,0,,no_daily_history
WSHP,2025-08-28,11,11,0,0,0,0,,,0,0,,no_daily_history
WSR,2025-08-28,11,2,140,1,1,1,13.0,2406878.0,1,1,09:30,intra_session_sparse
WTI,2025-08-28,11,0,272,1,1,1,1.81,1993087.0,1,0,07:00,intra_session_sparse
WTO,2025-08-28,11,11,0,0,0,0,431.55,41596.0,0,0,,no_minute_file
WTTR,2025-08-28,11,0,315,1,1,1,8.29,8868231.0,1,1,09:30,intra_session_sparse
WU,2025-08-28,11,0,372,1,1,1,8.55,76977956.0,1,1,04:01,intra_session_sparse
WULF,2025-08-28,11,0,376,1,1,1,9.13,523948009.0,1,1,04:00,intra_session_sparse
WVE,2025-08-28,11,0,351,1,1,1,10.08,15231816.0,1,1,09:30,intra_session_sparse
WW,2025-08-28,11,11,0,0,0,0,32.57,13149357.0,0,0,,no_minute_file
WWR,2025-08-28,11,11,0,0,0,0,0.74,828420.0,0,0,,no_minute_file
WWW,2025-08-28,11,11,0,0,0,0,31.72,59100916.0,0,0,,no_minute_file
WYFI,2025-08-28,11,11,0,0,0,0,16.9,31266573.0,0,1,,no_minute_file
XAIR,2025-08-28,11,0,60,1,1,1,2.28,463945.0,1,0,07:03,intra_session_sparse
XBIO,2025-08-28,11,11,0,0,0,0,2.84,39240.0,0,0,,no_minute_file
XBP,2025-08-28,11,0,82,1,1,1,6.003,1061262.0,1,0,04:19,intra_session_sparse
XCUR,2025-08-28,11,2,20,1,1,1,5.71,547336.0,1,0,09:47,intra_session_sparse
XELB,2025-08-28,11,2,59,1,1,1,4.05,1905120.0,1,0,08:00,intra_session_sparse
XERS,2025-08-28,11,0,342,1,1,1,7.99,24610125.0,1,1,08:00,intra_session_sparse
XFLH,2025-08-28,11,11,0,0,0,0,,,0,0,,no_daily_history
XFOR,2025-08-28,11,0,234,1,1,1,4.23,29516198.0,1,1,04:03,intra_session_sparse
XGN,2025-08-28,11,0,155,1,1,1,9.55,2322816.0,1,1,09:30,intra_session_sparse
XHLD,2025-08-28,11,11,0,0,0,0,4.728,101722.0,0,0,,no_minute_file
XHR,2025-08-28,11,0,286,1,1,1,14.27,14263326.0,1,1,09:30,intra_session_sparse
XIFR,2025-08-28,11,0,261,1,1,1,10.24,12209593.0,1,1,04:58,intra_session_sparse
XMAX,2025-08-28,11,0,138,1,1,1,1.95,1191076.0,1,0,05:49,intra_session_sparse
XNCR,2025-08-28,11,0,246,1,1,1,8.02,5916458.0,1,1,09:30,intra_session_sparse
XNDU,2025-08-28,11,3,3,1,1,1,10.04,854381.0,1,0,09:31,intra_session_sparse
XOS,2025-08-28,11,1,65,1,1,1,2.99,4827911.0,1,1,08:18,intra_session_sparse
XP,2025-08-28,11,0,376,1,1,1,17.1,103867079.0,1,1,04:47,intra_session_sparse
XPER,2025-08-28,11,0,199,1,1,1,6.09,3579854.0,1,1,09:30,intra_session_sparse
XPOF,2025-08-28,11,2,244,1,1,1,8.54,8581937.0,1,1,09:30,intra_session_sparse
XPON,2025-08-28,11,0,196,1,1,1,1.66,43935695.0,1,1,04:02,intra_session_sparse
XPRO,2025-08-28,11,0,342,1,1,1,12.41,13820720.0,1,1,09:30,intra_session_sparse
XRAY,2025-08-28,11,0,361,1,1,1,14.33,58051858.0,1,1,07:00,intra_session_sparse
XRPN,2025-08-28,11,4,1,1,1,1,10.27,2371588.0,1,1,11:13,intra_session_sparse
XRTX,2025-08-28,11,11,0,1,0,0,3.96,76445.0,1,0,,no_session_bars_has_month_file
XRX,2025-08-28,11,0,362,1,1,1,3.88,19735485.0,1,1,08:00,intra_session_sparse
XTIA,2025-08-28,11,0,327,1,1,1,1.84,1670392.0,1,0,04:47,intra_session_sparse
XWEL,2025-08-28,11,11,0,0,0,0,1.07,13261.0,0,0,,no_minute_file
XXI,2025-08-28,11,11,0,0,0,0,23.2,8043700.0,0,0,,no_minute_file
XXII,2025-08-28,11,11,0,0,0,0,27.15,690133.0,0,0,,no_minute_file
XZO,2025-08-28,11,11,0,0,0,0,,,0,0,,no_daily_history
YAAS,2025-08-28,11,11,0,0,0,0,26.26,141489.0,0,0,,no_minute_file
YCBD,2025-08-28,11,11,0,0,0,0,0.695,97465.0,0,0,,no_minute_file
YCY,2025-08-28,11,11,0,0,0,0,,,0,0,,no_daily_history
YDDL,2025-08-28,11,11,0,0,0,0,,,0,0,,no_daily_history
YDES,2025-08-28,11,11,0,0,0,0,,,0,0,,no_daily_history
YDKG,2025-08-28,11,11,0,0,0,0,336.0,3635270.0,0,0,,no_minute_file
YELP,2025-08-28,11,11,0,0,0,0,31.51,33648301.0,0,0,,no_minute_file
YEXT,2025-08-28,11,0,308,1,1,1,9.12,9263406.0,1,1,09:30,intra_session_sparse
YHGJ,2025-08-28,11,11,0,0,0,0,6.15,89871.0,0,0,,no_minute_file
YMAT,2025-08-28,11,0,126,1,1,1,1.62,4241356.0,1,1,04:04,intra_session_sparse
YOOV,2025-08-28,11,11,0,1,0,0,1.68,82248.0,1,0,,no_session_bars_has_month_file
YSS,2025-08-28,11,11,0,0,0,0,,,0,0,,no_daily_history
YSXT,2025-08-28,11,2,31,1,1,1,2.41,1619380.0,1,0,07:34,intra_session_sparse
YYGH,2025-08-28,11,11,0,0,0,0,112.5,1008254.0,0,0,,no_minute_file
ZBIO,2025-08-28,11,2,143,1,1,1,16.71,2663816.0,1,1,09:30,intra_session_sparse
ZDAI,2025-08-28,11,3,33,1,1,1,8.32,401896.0,1,0,07:05,intra_session_sparse
ZDGE,2025-08-28,11,11,0,1,0,0,3.06,127542.0,1,0,,no_session_bars_has_month_file
ZENA,2025-08-28,11,0,316,1,1,1,4.88,10075647.0,1,1,04:41,intra_session_sparse
ZETA,2025-08-28,11,0,376,1,1,1,19.92,210860023.0,1,1,04:00,intra_session_sparse
ZGN,2025-08-28,11,2,275,1,1,1,8.3,5961009.0,1,1,09:30,intra_session_sparse
ZIM,2025-08-28,11,0,373,1,1,1,14.21,102084679.0,1,1,04:03,intra_session_sparse
ZIP,2025-08-28,11,0,301,1,1,1,5.05,6907502.0,1,1,05:00,intra_session_sparse
ZNTL,2025-08-28,11,0,225,1,1,1,1.82,1354750.0,1,0,05:46,intra_session_sparse
ZONE,2025-08-28,11,1,61,1,1,1,6.29,285750.0,1,0,08:02,intra_session_sparse
ZSQR,2025-08-28,11,2,38,1,1,1,13.32,575193.0,1,0,08:00,intra_session_sparse
ZSTK,2025-08-28,11,11,0,1,0,0,22.074,388367.0,1,0,,no_session_bars_has_month_file
ZTG,2025-08-28,11,11,0,0,0,0,,,0,0,,no_daily_history
ZUMZ,2025-08-28,11,1,159,1,1,1,18.24,2551643.0,1,1,09:30,intra_session_sparse
ZURA,2025-08-28,11,1,172,1,1,1,2.16,663657.0,1,0,04:16,intra_session_sparse
ZVIA,2025-08-28,11,0,279,1,1,1,2.7,2599448.0,1,1,08:14,intra_session_sparse
ZVRA,2025-08-28,11,0,323,1,1,1,9.36,16274087.0,1,1,09:30,intra_session_sparse
ZYBT,2025-08-28,11,3,49,1,1,1,8.76,1261434.0,1,0,09:30,intra_session_sparse
ZYME,2025-08-28,11,0,278,1,1,1,14.93,5941885.0,1,1,09:30,intra_session_sparse
AACI,2025-08-29,12,2,5,1,1,1,10.29,2369056.0,1,1,09:30,intra_session_sparse
AAL,2025-08-29,12,0,376,1,1,1,13.25,788943136.0,1,1,04:00,intra_session_sparse
AAOI,2025-08-29,12,12,0,0,0,0,25.49,131596059.0,0,0,,no_minute_file
AARD,2025-08-29,12,1,72,1,1,1,8.49,695415.0,1,0,08:12,intra_session_sparse
AAUC,2025-08-29,12,2,107,1,1,1,13.85,2462584.0,1,1,09:30,intra_session_sparse
ABAT,2025-08-29,12,0,363,1,1,1,2.52,11467754.0,1,1,04:00,intra_session_sparse
ABCL,2025-08-29,12,0,369,1,1,1,4.3,22238423.0,1,1,04:20,intra_session_sparse
ABEO,2025-08-29,12,0,243,1,1,1,6.88,4911833.0,1,1,09:25,intra_session_sparse
ABEV,2025-08-29,12,0,368,1,1,1,2.23,52440058.0,1,1,04:46,intra_session_sparse
ABOS,2025-08-29,12,1,73,1,1,1,1.31,355848.0,1,0,08:00,intra_session_sparse
ABSI,2025-08-29,12,0,367,1,1,1,2.47,12703178.0,1,1,04:01,intra_session_sparse
ABTC,2025-08-29,12,0,376,1,1,1,8.6,10359348.0,1,1,04:00,intra_session_sparse
ABTS,2025-08-29,12,12,0,0,0,0,3.67,51903.0,0,0,,no_minute_file
ABUS,2025-08-29,12,2,270,1,1,1,3.67,2865059.0,1,1,08:55,intra_session_sparse
ABX,2025-08-29,12,1,224,1,1,1,6.93,4198117.0,1,1,09:30,intra_session_sparse
ACB,2025-08-29,12,0,329,1,1,1,5.62,10603956.0,1,1,05:21,intra_session_sparse
ACCL,2025-08-29,12,12,0,0,0,0,,,0,0,,no_daily_history
ACCO,2025-08-29,12,0,218,1,1,1,3.98,2189041.0,1,1,09:30,intra_session_sparse
ACDC,2025-08-29,12,0,311,1,1,1,4.23,9325224.0,1,1,07:42,intra_session_sparse
ACEL,2025-08-29,12,0,143,1,1,1,11.56,4930781.0,1,1,08:38,intra_session_sparse
ACET,2025-08-29,12,2,104,1,1,1,12.14,452742.0,1,0,08:00,intra_session_sparse
ACH,2025-08-29,12,0,329,1,1,1,4.96,11595945.0,1,1,09:09,intra_session_sparse
ACHC,2025-08-29,12,12,0,1,0,0,22.62,53940782.0,1,0,,no_session_bars_has_month_file
ACHR,2025-08-29,12,0,376,1,1,1,9.2,276575183.0,1,1,04:00,intra_session_sparse
ACHV,2025-08-29,12,0,275,1,1,1,3.16,3436210.0,1,1,04:01,intra_session_sparse
ACI,2025-08-29,12,0,368,1,1,1,19.26,103977811.0,1,1,08:00,intra_session_sparse
ACIC,2025-08-29,12,2,114,1,1,1,10.87,2436638.0,1,1,09:30,intra_session_sparse
ACIU,2025-08-29,12,2,68,1,1,1,2.05,237434.0,1,0,09:30,intra_session_sparse
ACNT,2025-08-29,12,2,40,1,1,1,11.94,604465.0,1,0,09:30,intra_session_sparse
ACON,2025-08-29,12,12,0,0,0,0,7.04,78476.0,0,0,,no_minute_file
ACRE,2025-08-29,12,0,188,1,1,1,4.67,2172827.0,1,1,08:17,intra_session_sparse
ACRS,2025-08-29,12,0,279,1,1,1,1.84,1265769.0,1,0,08:00,intra_session_sparse
ACRV,2025-08-29,12,2,43,1,1,1,1.33,247636.0,1,0,09:30,intra_session_sparse
ACTG,2025-08-29,12,2,94,1,1,1,3.28,765327.0,1,0,09:30,intra_session_sparse
ACVA,2025-08-29,12,0,368,1,1,1,11.69,36095461.0,1,1,04:58,intra_session_sparse
ACXP,2025-08-29,12,1,75,1,1,1,4.77,424896.0,1,0,04:05,intra_session_sparse
ADCT,2025-08-29,12,0,178,1,1,1,3.25,2149731.0,1,1,09:30,intra_session_sparse
ADEA,2025-08-29,12,1,233,1,1,1,15.48,8157980.0,1,1,09:30,intra_session_sparse
ADMA,2025-08-29,12,0,357,1,1,1,17.38,58855239.0,1,1,07:24,intra_session_sparse
ADNT,2025-08-29,12,12,0,0,0,0,25.08,29086142.0,0,0,,no_minute_file
ADPT,2025-08-29,12,0,330,1,1,1,13.31,27399854.0,1,1,08:12,intra_session_sparse
ADT,2025-08-29,12,0,375,1,1,1,8.68,88402876.0,1,1,08:00,intra_session_sparse
ADTN,2025-08-29,12,1,218,1,1,1,9.45,8669061.0,1,1,04:00,intra_session_sparse
ADUR,2025-08-29,12,2,164,1,1,1,11.67,2474927.0,1,1,08:00,intra_session_sparse
ADVB,2025-08-29,12,2,47,1,1,1,8.602,876884.0,1,0,09:25,intra_session_sparse
AEAQ,2025-08-29,12,12,0,0,0,0,,,0,0,,no_daily_history
AEBI,2025-08-29,12,2,125,1,1,1,12.16,4721981.0,1,1,09:30,intra_session_sparse
AEC,2025-08-29,12,12,0,0,0,0,,,0,0,,no_daily_history
AEG,2025-08-29,12,0,333,1,1,1,7.8,36379166.0,1,1,05:33,intra_session_sparse
AEHL,2025-08-29,12,12,0,1,0,0,19.92,253213.0,1,0,,no_session_bars_has_month_file
AEHR,2025-08-29,12,12,0,1,0,0,27.05,41901058.0,1,0,,no_session_bars_has_month_file
AEI,2025-08-29,12,12,0,0,0,0,1.48,87072.0,0,0,,no_minute_file
AEO,2025-08-29,12,0,376,1,1,1,13.17,200728225.0,1,1,04:31,intra_session_sparse
AES,2025-08-29,12,0,374,1,1,1,13.48,111230212.0,1,1,04:02,intra_session_sparse
AESI,2025-08-29,12,1,304,1,1,1,11.69,17868210.0,1,1,09:30,intra_session_sparse
AEVA,2025-08-29,12,0,374,1,1,1,16.63,42283978.0,1,1,04:00,intra_session_sparse
AEXA,2025-08-29,12,12,0,0,0,0,,,0,0,,no_daily_history
AFYA,2025-08-29,12,2,60,1,1,1,15.27,1430934.0,1,0,09:30,intra_session_sparse
AG,2025-08-29,12,0,376,1,1,1,8.96,133690557.0,1,1,05:00,intra_session_sparse
AGBK,2025-08-29,12,12,0,0,0,0,,,0,0,,no_daily_history
AGCC,2025-08-29,12,12,0,0,0,0,,,0,0,,no_daily_history
AGEN,2025-08-29,12,0,202,1,1,1,4.25,2338782.0,1,1,09:30,intra_session_sparse
AGIG,2025-08-29,12,0,121,1,1,1,8.16,1225495.0,1,0,08:00,intra_session_sparse
AGL,2025-08-29,12,12,0,0,0,0,31.75,22258128.0,0,0,,no_minute_file
AGMH,2025-08-29,12,0,50,1,1,1,2.03,244300.0,1,0,05:14,intra_session_sparse
AGNC,2025-08-29,12,0,376,1,1,1,9.79,155583344.0,1,1,04:00,intra_session_sparse
AGNT,2025-08-29,12,0,278,1,1,1,10.72,10951807.0,1,1,09:04,intra_session_sparse
AGPU,2025-08-29,12,12,0,0,0,0,13.72,140904.0,0,0,,no_minute_file
AGRO,2025-08-29,12,0,251,1,1,1,8.51,4997663.0,1,1,09:10,intra_session_sparse
AGRZ,2025-08-29,12,12,0,0,0,0,,,0,0,,no_daily_history
AHCO,2025-08-29,12,0,290,1,1,1,9.24,10962474.0,1,1,08:00,intra_session_sparse
AHMA,2025-08-29,12,12,0,0,0,0,,,0,0,,no_daily_history
AI,2025-08-29,12,0,376,1,1,1,17.31,197635681.0,1,1,04:00,intra_session_sparse
AIAI,2025-08-29,12,12,0,0,0,0,,,0,0,,no_daily_history
AIB,2025-08-29,12,12,0,0,0,0,11.73,4967.0,0,0,,no_minute_file
AIDX,2025-08-29,12,12,0,0,0,0,,,0,0,,no_daily_history
AIFA,2025-08-29,12,12,0,0,0,0,1.16,30904.0,0,0,,no_minute_file
AIFC,2025-08-29,12,0,376,1,1,1,8.35,86951112.0,1,1,04:00,intra_session_sparse
AIFF,2025-08-29,12,2,188,1,1,1,2.64,12182869.0,1,1,04:07,intra_session_sparse
AIHS,2025-08-29,12,12,0,0,0,0,2.18,79350.0,0,0,,no_minute_file
AII,2025-08-29,12,2,107,1,1,1,19.5,1419647.0,1,0,09:30,intra_session_sparse
AIIA,2025-08-29,12,12,0,0,0,0,,,0,0,,no_daily_history
AIIO,2025-08-29,12,12,0,0,0,0,274.0,375628.0,0,0,,no_minute_file
AIM,2025-08-29,12,2,36,1,1,1,2.543,225480.0,1,0,07:57,intra_session_sparse
AIMD,2025-08-29,12,2,52,1,1,1,3.98,23399009.0,1,1,09:30,intra_session_sparse
AIOS,2025-08-29,12,12,0,0,0,0,77.4,79213.0,0,0,,no_minute_file
AIOT,2025-08-29,12,0,280,1,1,1,4.66,7921219.0,1,1,04:05,intra_session_sparse
AIP,2025-08-29,12,0,189,1,1,1,9.79,24352244.0,1,1,09:30,intra_session_sparse
AIRE,2025-08-29,12,0,373,1,1,1,9.75,2946917.0,1,1,04:00,intra_session_sparse
AIRJ,2025-08-29,12,2,54,1,1,1,4.76,443772.0,1,0,09:30,intra_session_sparse
AIRO,2025-08-29,12,12,0,0,0,0,25.79,18120911.0,0,0,,no_minute_file
AIRS,2025-08-29,12,0,267,1,1,1,6.66,5366892.0,1,1,07:29,intra_session_sparse
AISP,2025-08-29,12,0,259,1,1,1,4.74,3086183.0,1,1,04:02,intra_session_sparse
AIV,2025-08-29,12,0,283,1,1,1,7.84,15877099.0,1,1,09:30,intra_session_sparse
AIXC,2025-08-29,12,12,0,1,0,0,1.76,105243.0,1,0,,no_session_bars_has_month_file
AKBA,2025-08-29,12,0,374,1,1,1,3.13,13905694.0,1,1,04:00,intra_session_sparse
AKTS,2025-08-29,12,12,0,0,0,0,0.037,3065789.0,0,0,,no_minute_file
ALBT,2025-08-29,12,1,85,1,1,1,2.13,205557.0,1,0,09:30,intra_session_sparse
ALDX,2025-08-29,12,0,225,1,1,1,5.86,4750488.0,1,1,04:04,intra_session_sparse
ALEC,2025-08-29,12,0,296,1,1,1,2.39,3503182.0,1,1,08:12,intra_session_sparse
ALGS,2025-08-29,12,2,95,1,1,1,11.06,725355.0,1,0,04:01,intra_session_sparse
ALH,2025-08-29,12,12,0,0,0,0,,,0,0,,no_daily_history
ALHC,2025-08-29,12,0,331,1,1,1,16.32,43752978.0,1,1,09:30,intra_session_sparse
ALIS,2025-08-29,12,12,0,0,0,0,,,0,0,,no_daily_history
ALIT,2025-08-29,12,0,364,1,1,1,3.89,40158723.0,1,1,04:00,intra_session_sparse
ALKT,2025-08-29,12,12,0,0,0,0,25.69,41980193.0,0,0,,no_minute_file
ALLO,2025-08-29,12,0,342,1,1,1,1.18,6151688.0,1,1,04:01,intra_session_sparse
ALLR,2025-08-29,12,0,323,1,1,1,1.5,29647409.0,1,1,04:00,intra_session_sparse
ALLT,2025-08-29,12,0,186,1,1,1,7.97,4126308.0,1,1,08:00,intra_session_sparse
ALM,2025-08-29,12,0,194,1,1,1,4.46,3415581.0,1,1,04:58,intra_session_sparse
ALMS,2025-08-29,12,1,205,1,1,1,4.7,3110230.0,1,1,09:29,intra_session_sparse
ALMU,2025-08-29,12,12,0,1,0,0,21.38,5115362.0,1,0,,no_session_bars_has_month_file
ALOY,2025-08-29,12,2,33,1,1,1,6.37,311463.0,1,0,09:30,intra_session_sparse
ALP,2025-08-29,12,3,30,1,1,1,7.27,417945.0,1,0,09:35,intra_session_sparse
ALPS,2025-08-29,12,12,0,0,0,0,,,0,0,,no_daily_history
ALT,2025-08-29,12,0,372,1,1,1,3.71,10686793.0,1,1,06:28,intra_session_sparse
ALTG,2025-08-29,12,2,162,1,1,1,8.21,1992275.0,1,0,09:30,intra_session_sparse
ALTO,2025-08-29,12,0,63,1,1,1,1.14,247827.0,1,0,07:34,intra_session_sparse
ALVO,2025-08-29,12,0,123,1,1,1,8.05,4183883.0,1,1,09:30,intra_session_sparse
ALXO,2025-08-29,12,0,163,1,1,1,1.14,1612225.0,1,0,08:00,intra_session_sparse
AM,2025-08-29,12,0,353,1,1,1,17.84,45441163.0,1,1,09:30,intra_session_sparse
AMBO,2025-08-29,12,12,0,0,0,0,3.54,135774.0,0,0,,no_minute_file
AMBP,2025-08-29,12,1,270,1,1,1,3.64,4068928.0,1,1,09:30,intra_session_sparse
AMC,2025-08-29,12,0,376,1,1,1,2.83,33522462.0,1,1,04:01,intra_session_sparse
AMCI,2025-08-29,12,12,0,0,0,0,11.98,170165.0,0,0,,no_minute_file
AMCX,2025-08-29,12,1,222,1,1,1,7.06,5372088.0,1,1,09:03,intra_session_sparse
AMIX,2025-08-29,12,0,93,1,1,1,1.1,302520.0,1,0,05:13,intra_session_sparse
AMLX,2025-08-29,12,0,295,1,1,1,9.42,10088325.0,1,1,07:00,intra_session_sparse
AMN,2025-08-29,12,12,0,1,0,0,20.05,21688332.0,1,0,,no_session_bars_has_month_file
AMOD,2025-08-29,12,2,92,1,1,1,1.09,211734.0,1,0,04:24,intra_session_sparse
AMPG,2025-08-29,12,0,364,1,1,1,3.42,2597133.0,1,1,04:00,intra_session_sparse
AMPH,2025-08-29,12,12,0,0,0,0,30.26,17636172.0,0,0,,no_minute_file
AMPL,2025-08-29,12,0,310,1,1,1,11.72,23124762.0,1,1,08:00,intra_session_sparse
AMPX,2025-08-29,12,0,372,1,1,1,7.38,57959498.0,1,1,04:00,intra_session_sparse
AMPY,2025-08-29,12,0,181,1,1,1,4.07,2312843.0,1,1,08:47,intra_session_sparse
AMRN,2025-08-29,12,0,74,1,1,1,15.405,1015529.0,1,0,09:30,intra_session_sparse
AMRX,2025-08-29,12,0,331,1,1,1,9.55,14798002.0,1,1,09:11,intra_session_sparse
AMST,2025-08-29,12,12,0,1,0,0,2.86,53210.0,1,0,,no_session_bars_has_month_file
AMTB,2025-08-29,12,12,0,1,0,0,21.5,3683110.0,1,0,,no_session_bars_has_month_file
AMTX,2025-08-29,12,0,216,1,1,1,2.71,1891841.0,1,0,08:31,intra_session_sparse
ANAB,2025-08-29,12,12,0,1,0,0,20.13,9524101.0,1,0,,no_session_bars_has_month_file
ANDG,2025-08-29,12,12,0,0,0,0,,,0,0,,no_daily_history
ANGH,2025-08-29,12,12,0,1,0,0,3.235,84998.0,1,0,,no_session_bars_has_month_file
ANGI,2025-08-29,12,0,191,1,1,1,17.55,14078151.0,1,1,05:20,intra_session_sparse
ANGO,2025-08-29,12,0,174,1,1,1,10.13,3184373.0,1,1,08:39,intra_session_sparse
ANGX,2025-08-29,12,12,0,0,0,0,,,0,0,,no_daily_history
ANIK,2025-08-29,12,1,137,1,1,1,9.23,1104812.0,1,0,09:30,intra_session_sparse
ANIX,2025-08-29,12,0,40,1,1,1,3.01,221104.0,1,0,08:00,intra_session_sparse
ANNA,2025-08-29,12,12,0,0,0,0,4.21,63490.0,0,0,,no_minute_file
ANNX,2025-08-29,12,0,361,1,1,1,2.12,2800038.0,1,1,08:27,intra_session_sparse
ANPA,2025-08-29,12,12,0,0,0,0,46.29,1685929.0,0,0,,no_minute_file
ANRO,2025-08-29,12,2,73,1,1,1,3.81,338350.0,1,0,09:30,intra_session_sparse
ANSC,2025-08-29,12,12,0,1,0,0,10.92,77081.0,1,0,,no_session_bars_has_month_file
ANTX,2025-08-29,12,12,0,0,0,0,1.1,95559.0,0,0,,no_minute_file
ANVS,2025-08-29,12,2,83,1,1,1,2.32,638997.0,1,0,09:30,intra_session_sparse
ANY,2025-08-29,12,1,112,1,1,1,6.45,647108.0,1,0,07:38,intra_session_sparse
AOMR,2025-08-29,12,0,198,1,1,1,9.7,2172527.0,1,1,09:30,intra_session_sparse
AOSL,2025-08-29,12,12,0,0,0,0,29.92,6183534.0,0,0,,no_minute_file
AP,2025-08-29,12,12,0,1,0,0,2.82,159236.0,1,0,,no_session_bars_has_month_file
APC,2025-08-29,12,12,0,0,0,0,,,0,0,,no_daily_history
APLD,2025-08-29,12,0,376,1,1,1,16.6,461922760.0,1,1,04:00,intra_session_sparse
APLE,2025-08-29,12,0,352,1,1,1,13.15,38445380.0,1,1,04:00,intra_session_sparse
APLM,2025-08-29,12,12,0,1,0,0,4.185,95571.0,1,0,,no_session_bars_has_month_file
APM,2025-08-29,12,1,214,1,1,1,2.215,87081137.0,1,1,04:02,intra_session_sparse
APPN,2025-08-29,12,12,0,0,0,0,30.71,35489222.0,0,0,,no_minute_file
APPS,2025-08-29,12,0,353,1,1,1,4.26,19610180.0,1,1,04:01,intra_session_sparse
APVO,2025-08-29,12,12,0,0,0,0,30.6,306193.0,0,0,,no_minute_file
APXT,2025-08-29,12,12,0,0,0,0,,,0,0,,no_daily_history
AQB,2025-08-29,12,0,270,1,1,1,1.24,7334865.0,1,1,04:00,intra_session_sparse
AQMS,2025-08-29,12,12,0,1,0,0,3.61,182402.0,1,0,,no_session_bars_has_month_file
AQN,2025-08-29,12,0,366,1,1,1,5.8,36643418.0,1,1,09:30,intra_session_sparse
AQST,2025-08-29,12,0,302,1,1,1,3.83,5842762.0,1,1,08:00,intra_session_sparse
ARAI,2025-08-29,12,1,157,1,1,1,5.07,1121615.0,1,0,06:44,intra_session_sparse
ARBB,2025-08-29,12,12,0,0,0,0,4.135,106676.0,0,0,,no_minute_file
ARBE,2025-08-29,12,0,241,1,1,1,1.36,1486185.0,1,0,04:29,intra_session_sparse
ARCC,2025-08-29,12,12,0,0,0,0,22.25,72521443.0,0,0,,no_minute_file
ARCO,2025-08-29,12,0,258,1,1,1,7.15,11284049.0,1,1,09:25,intra_session_sparse
ARCT,2025-08-29,12,2,235,1,1,1,17.3,12136520.0,1,1,07:20,intra_session_sparse
ARDT,2025-08-29,12,1,113,1,1,1,12.53,4814108.0,1,1,09:30,intra_session_sparse
ARDX,2025-08-29,12,0,357,1,1,1,6.38,24982418.0,1,1,04:00,intra_session_sparse
AREC,2025-08-29,12,0,334,1,1,1,2.09,7968500.0,1,1,04:16,intra_session_sparse
ARHS,2025-08-29,12,1,328,1,1,1,11.75,28267694.0,1,1,09:30,intra_session_sparse
ARI,2025-08-29,12,1,316,1,1,1,10.45,7757206.0,1,1,09:29,intra_session_sparse
ARIS,2025-08-29,12,0,369,1,1,1,8.2,12247435.0,1,1,07:14,intra_session_sparse
ARKO,2025-08-29,12,0,173,1,1,1,4.98,2547460.0,1,1,08:00,intra_session_sparse
ARLO,2025-08-29,12,0,278,1,1,1,17.85,30010973.0,1,1,04:05,intra_session_sparse
ARMP,2025-08-29,12,12,0,0,0,0,2.56,23017.0,0,0,,no_minute_file
ARQ,2025-08-29,12,1,214,1,1,1,7.64,2499811.0,1,1,09:30,intra_session_sparse
ARQQ,2025-08-29,12,12,0,0,0,0,31.89,11604388.0,0,0,,no_minute_file
ARQT,2025-08-29,12,0,341,1,1,1,15.49,26977842.0,1,1,08:00,intra_session_sparse
ARR,2025-08-29,12,0,358,1,1,1,15.14,74566387.0,1,1,05:20,intra_session_sparse
ARRY,2025-08-29,12,0,375,1,1,1,9.11,71186573.0,1,1,07:00,intra_session_sparse
ARTL,2025-08-29,12,12,0,0,0,0,27.12,1076927.0,0,0,,no_minute_file
ARTV,2025-08-29,12,12,0,1,0,0,3.16,194604.0,1,0,,no_session_bars_has_month_file
ARVN,2025-08-29,12,0,308,1,1,1,7.76,13540614.0,1,1,07:00,intra_session_sparse
ARX,2025-08-29,12,12,0,0,0,0,21.57,26621409.0,0,0,,no_minute_file
ASAN,2025-08-29,12,0,374,1,1,1,14.56,47552282.0,1,1,04:59,intra_session_sparse
ASBP,2025-08-29,12,12,0,0,0,0,667.92,15942703.0,0,0,,no_minute_file
ASC,2025-08-29,12,2,189,1,1,1,11.7,5912892.0,1,1,08:00,intra_session_sparse
ASIC,2025-08-29,12,12,0,1,0,0,22.41,2407953.0,1,0,,no_session_bars_has_month_file
ASIX,2025-08-29,12,12,0,1,0,0,21.08,4787656.0,1,0,,no_session_bars_has_month_file
ASLE,2025-08-29,12,2,182,1,1,1,8.88,5118139.0,1,1,09:30,intra_session_sparse
ASM,2025-08-29,12,0,372,1,1,1,4.35,19024024.0,1,1,06:47,intra_session_sparse
ASPC,2025-08-29,12,12,0,0,0,0,10.3,17516.0,0,0,,no_minute_file
ASPI,2025-08-29,12,0,375,1,1,1,10.535,42215788.0,1,1,04:00,intra_session_sparse
ASPN,2025-08-29,12,0,313,1,1,1,6.96,18539629.0,1,1,04:04,intra_session_sparse
ASRT,2025-08-29,12,2,134,1,1,1,12.17,200266.0,1,0,07:27,intra_session_sparse
ASST,2025-08-29,12,12,0,0,0,0,133.8,17022906.0,0,0,,no_minute_file
ASTC,2025-08-29,12,12,0,0,0,0,5.38,25228.0,0,0,,no_minute_file
ASTH,2025-08-29,12,12,0,0,0,0,31.33,13830614.0,0,0,,no_minute_file
ASTI,2025-08-29,12,0,171,1,1,1,2.04,2058234.0,1,1,04:03,intra_session_sparse
ASTL,2025-08-29,12,0,311,1,1,1,5.08,5179522.0,1,1,09:30,intra_session_sparse
ASX,2025-08-29,12,0,369,1,1,1,9.97,65056650.0,1,1,06:20,intra_session_sparse
ASYS,2025-08-29,12,0,81,1,1,1,6.39,438951.0,1,0,07:00,intra_session_sparse
ATAI,2025-08-29,12,0,356,1,1,1,4.65,25844911.0,1,1,04:04,intra_session_sparse
ATCH,2025-08-29,12,12,0,0,0,0,0.195,4081005.0,0,0,,no_minute_file
ATCX,2025-08-29,12,12,0,0,0,0,,,0,0,,no_daily_history
ATEC,2025-08-29,12,0,361,1,1,1,16.03,49497076.0,1,1,09:30,intra_session_sparse
ATEN,2025-08-29,12,0,240,1,1,1,17.59,13758223.0,1,1,09:12,intra_session_sparse
ATER,2025-08-29,12,12,0,0,0,0,1.01,125293.0,0,0,,no_minute_file
ATEX,2025-08-29,12,12,0,0,0,0,23.32,4960220.0,0,0,,no_minute_file
ATII,2025-08-29,12,12,0,1,0,0,10.207,624685.0,1,0,,no_session_bars_has_month_file
ATLX,2025-08-29,12,0,210,1,1,1,5.45,3755153.0,1,1,08:00,intra_session_sparse
ATOM,2025-08-29,12,0,142,1,1,1,3.33,1596968.0,1,0,08:31,intra_session_sparse
ATPC,2025-08-29,12,12,0,0,0,0,67.25,64819.0,0,0,,no_minute_file
ATRA,2025-08-29,12,1,54,1,1,1,12.36,604259.0,1,0,09:30,intra_session_sparse
ATYR,2025-08-29,12,0,376,1,1,1,5.35,19422881.0,1,1,04:00,intra_session_sparse
AUID,2025-08-29,12,2,9,1,1,1,4.515,218720.0,1,0,10:13,intra_session_sparse
AUNA,2025-08-29,12,12,0,0,0,0,6.29,150070.0,0,0,,no_minute_file
AUPH,2025-08-29,12,0,287,1,1,1,12.08,30158593.0,1,1,09:13,intra_session_sparse
AUR,2025-08-29,12,0,376,1,1,1,5.77,137479215.0,1,1,04:00,intra_session_sparse
AURA,2025-08-29,12,2,81,1,1,1,6.43,990182.0,1,0,08:00,intra_session_sparse
AURE,2025-08-29,12,3,13,1,1,1,5.2,446478.0,1,0,07:31,intra_session_sparse
AUST,2025-08-29,12,12,0,0,0,0,1.645,144868.0,0,0,,no_minute_file
AUUD,2025-08-29,12,2,68,1,1,1,17.94,15284051.0,1,1,08:00,intra_session_sparse
AVAH,2025-08-29,12,0,280,1,1,1,7.84,12964417.0,1,1,07:00,intra_session_sparse
AVBC,2025-08-29,12,0,57,1,1,1,15.56,6411836.0,1,1,07:19,intra_session_sparse
AVBP,2025-08-29,12,2,177,1,1,1,19.21,5250671.0,1,1,09:30,intra_session_sparse
AVIR,2025-08-29,12,1,114,1,1,1,3.47,1222110.0,1,0,09:30,intra_session_sparse
AVNS,2025-08-29,12,0,266,1,1,1,11.87,8967161.0,1,1,09:30,intra_session_sparse
AVNW,2025-08-29,12,12,0,0,0,0,23.25,2207734.0,0,0,,no_minute_file
AVO,2025-08-29,12,0,189,1,1,1,12.65,2943805.0,1,1,09:30,intra_session_sparse
AVPT,2025-08-29,12,0,338,1,1,1,16.1,25900821.0,1,1,07:24,intra_session_sparse
AVR,2025-08-29,12,1,187,1,1,1,3.6,326932.0,1,0,09:30,intra_session_sparse
AVTR,2025-08-29,12,0,376,1,1,1,13.21,198181080.0,1,1,08:00,intra_session_sparse
AVTX,2025-08-29,12,2,55,1,1,1,9.34,2742988.0,1,1,09:30,intra_session_sparse
AVX,2025-08-29,12,1,88,1,1,1,2.48,2455001.0,1,1,04:17,intra_session_sparse
AVXL,2025-08-29,12,0,331,1,1,1,9.22,9050779.0,1,1,08:00,intra_session_sparse
AWX,2025-08-29,12,12,0,0,0,0,2.548,9509.0,0,0,,no_minute_file
AXG,2025-08-29,12,0,104,1,1,1,3.99,3099729.0,1,1,05:59,intra_session_sparse
AXGN,2025-08-29,12,0,271,1,1,1,16.22,24887835.0,1,1,04:05,intra_session_sparse
AXIL,2025-08-29,12,12,0,0,0,0,5.75,139885.0,0,0,,no_minute_file
AXTI,2025-08-29,12,0,166,1,1,1,2.92,1410983.0,1,0,04:00,intra_session_sparse
AYA,2025-08-29,12,12,0,0,0,0,,,0,0,,no_daily_history
AZ,2025-08-29,12,0,175,1,1,1,8.68,1630813.0,1,0,09:30,intra_session_sparse
AZI,2025-08-29,12,12,0,0,0,0,111.55,398800.0,0,0,,no_minute_file
AZTA,2025-08-29,12,12,0,0,0,0,29.92,21356191.0,0,0,,no_minute_file
AZTR,2025-08-29,12,0,318,1,1,1,0.98,7849327.0,1,0,04:06,intra_session_sparse
BACC,2025-08-29,12,12,0,0,0,0,9.96,1914397.0,0,0,,no_minute_file
BAER,2025-08-29,12,2,62,1,1,1,2.03,533313.0,1,0,09:30,intra_session_sparse
BALY,2025-08-29,12,2,40,1,1,1,10.0,408241.0,1,0,09:30,intra_session_sparse
BANC,2025-08-29,12,0,363,1,1,1,16.83,30504626.0,1,1,09:30,intra_session_sparse
BAND,2025-08-29,12,0,180,1,1,1,15.04,2762381.0,1,1,09:30,intra_session_sparse
BAOS,2025-08-29,12,12,0,0,0,0,2.77,95917.0,0,0,,no_minute_file
BARK,2025-08-29,12,1,177,1,1,1,17.83,643132.0,1,0,04:00,intra_session_sparse
BATL,2025-08-29,12,2,49,1,1,1,1.173,434482.0,1,0,04:43,intra_session_sparse
BAX,2025-08-29,12,12,0,0,0,0,24.4,200568928.0,0,0,,no_minute_file
BB,2025-08-29,12,0,371,1,1,1,3.83,25827064.0,1,1,04:01,intra_session_sparse
BBAI,2025-08-29,12,0,376,1,1,1,5.16,470356402.0,1,1,04:00,intra_session_sparse
BBAR,2025-08-29,12,0,222,1,1,1,12.58,10050330.0,1,1,07:00,intra_session_sparse
BBBY,2025-08-29,12,0,356,1,1,1,9.44,23131028.0,1,1,04:38,intra_session_sparse
BBCQ,2025-08-29,12,12,0,0,0,0,,,0,0,,no_daily_history
BBDC,2025-08-29,12,0,191,1,1,1,9.85,3821237.0,1,1,08:45,intra_session_sparse
BBGI,2025-08-29,12,12,0,1,0,0,4.6,26163.0,1,0,,no_session_bars_has_month_file
BBLG,2025-08-29,12,12,0,1,0,0,2.16,89711.0,1,0,,no_session_bars_has_month_file
BBNX,2025-08-29,12,2,246,1,1,1,18.71,9990026.0,1,1,05:01,intra_session_sparse
BBOT,2025-08-29,12,2,89,1,1,1,9.45,1437018.0,1,0,09:37,intra_session_sparse
BBVA,2025-08-29,12,0,337,1,1,1,18.15,28092319.0,1,1,04:04,intra_session_sparse
BBWI,2025-08-29,12,12,0,0,0,0,29.36,165708955.0,0,0,,no_minute_file
BCAL,2025-08-29,12,2,63,1,1,1,16.79,1421551.0,1,0,09:30,intra_session_sparse
BCAR,2025-08-29,12,12,0,0,0,0,9.9,2192702.0,0,1,,no_minute_file
BCAX,2025-08-29,12,2,126,1,1,1,11.91,3395180.0,1,1,09:30,intra_session_sparse
BCDA,2025-08-29,12,2,33,1,1,1,1.96,1261521.0,1,0,08:39,intra_session_sparse
BCG,2025-08-29,12,12,0,0,0,0,1.96,24356.0,0,0,,no_minute_file
BCHT,2025-08-29,12,12,0,0,0,0,,,0,0,,no_daily_history
BCRX,2025-08-29,12,0,366,1,1,1,8.47,24991798.0,1,1,08:00,intra_session_sparse
BCS,2025-08-29,12,0,373,1,1,1,20.03,220862794.0,1,0,04:00,intra_session_sparse
BCSF,2025-08-29,12,2,152,1,1,1,15.66,3812645.0,1,1,08:00,intra_session_sparse
BCTX,2025-08-29,12,2,77,1,1,1,7.3,725143.0,1,0,09:29,intra_session_sparse
BDCI,2025-08-29,12,12,0,0,0,0,,,0,0,,no_daily_history
BDMD,2025-08-29,12,2,78,1,1,1,2.33,601141.0,1,0,09:02,intra_session_sparse
BDRX,2025-08-29,12,12,0,0,0,0,27.35,190013.0,0,0,,no_minute_file
BDSX,2025-08-29,12,2,153,1,1,1,8.928,516579.0,1,0,08:00,intra_session_sparse
BDTX,2025-08-29,12,0,243,1,1,1,2.85,2323113.0,1,1,04:02,intra_session_sparse
BEAG,2025-08-29,12,2,7,1,1,1,10.365,947939.0,1,0,10:21,intra_session_sparse
BEAM,2025-08-29,12,0,357,1,1,1,16.85,42197797.0,1,1,04:01,intra_session_sparse
BEAT,2025-08-29,12,12,0,0,0,0,1.27,133199.0,0,0,,no_minute_file
BEEM,2025-08-29,12,2,103,1,1,1,2.85,517556.0,1,0,08:31,intra_session_sparse
BENF,2025-08-29,12,0,196,1,1,1,3.041,2899761.0,1,1,04:19,intra_session_sparse
BETA,2025-08-29,12,12,0,0,0,0,,,0,0,,no_daily_history
BFLY,2025-08-29,12,0,357,1,1,1,1.63,5556741.0,1,1,05:50,intra_session_sparse
BFRG,2025-08-29,12,12,0,1,0,0,1.23,139433.0,1,0,,no_session_bars_has_month_file
BGC,2025-08-29,12,0,355,1,1,1,9.97,26174980.0,1,1,08:32,intra_session_sparse
BGDE,2025-08-29,12,12,0,1,0,0,8.26,78541.0,1,0,,no_session_bars_has_month_file
BGI,2025-08-29,12,12,0,0,0,0,0.808,184980.0,0,0,,no_minute_file
BGIN,2025-08-29,12,12,0,0,0,0,,,0,0,,no_daily_history
BGL,2025-08-29,12,1,69,1,1,1,10.9,1298590.0,1,0,04:54,intra_session_sparse
BGLC,2025-08-29,12,2,20,1,1,1,5.77,520915.0,1,0,04:15,intra_session_sparse
BGMS,2025-08-29,12,1,100,1,1,1,7.82,1690532.0,1,0,08:00,intra_session_sparse
BGS,2025-08-29,12,0,339,1,1,1,4.45,10781763.0,1,1,08:22,intra_session_sparse
BGSF,2025-08-29,12,12,0,1,0,0,6.1,169137.0,1,0,,no_session_bars_has_month_file
BHAV,2025-08-29,12,12,0,0,0,0,,,0,0,,no_daily_history
BHC,2025-08-29,12,0,331,1,1,1,7.15,33101404.0,1,1,08:00,intra_session_sparse
BHK,2025-08-29,12,0,146,1,1,1,9.7,2651322.0,1,1,09:30,intra_session_sparse
BHR,2025-08-29,12,0,275,1,1,1,2.7,1427515.0,1,0,09:08,intra_session_sparse
BHVN,2025-08-29,12,0,342,1,1,1,15.52,30328951.0,1,1,08:00,intra_session_sparse
BIAF,2025-08-29,12,12,0,1,0,0,7.335,133280.0,1,0,,no_session_bars_has_month_file
BIII,2025-08-29,12,12,0,0,0,0,,,0,0,,no_daily_history
BIOA,2025-08-29,12,0,119,1,1,1,4.8,397786.0,1,0,07:45,intra_session_sparse
BIOX,2025-08-29,12,1,149,1,1,1,2.87,806558.0,1,0,09:30,intra_session_sparse
BIRD,2025-08-29,12,2,25,1,1,1,6.62,544716.0,1,0,09:30,intra_session_sparse
BIYA,2025-08-29,12,12,0,1,0,0,15.45,186211.0,1,0,,no_session_bars_has_month_file
BJDX,2025-08-29,12,2,38,1,1,1,5.48,9718145.0,1,1,06:37,intra_session_sparse
BKD,2025-08-29,12,0,369,1,1,1,7.64,21745946.0,1,1,09:30,intra_session_sparse
BKKT,2025-08-29,12,0,280,1,1,1,8.69,12573695.0,1,1,04:01,intra_session_sparse
BKSY,2025-08-29,12,0,356,1,1,1,18.08,29646102.0,1,1,04:23,intra_session_sparse
BLCO,2025-08-29,12,0,218,1,1,1,14.55,9821870.0,1,1,09:30,intra_session_sparse
BLDP,2025-08-29,12,0,332,1,1,1,2.03,6882913.0,1,1,04:02,intra_session_sparse
BLFS,2025-08-29,12,12,0,0,0,0,24.92,14458984.0,0,0,,no_minute_file
BLMN,2025-08-29,12,0,354,1,1,1,7.29,24619298.0,1,1,08:00,intra_session_sparse
BLND,2025-08-29,12,0,370,1,1,1,3.54,11882283.0,1,1,09:30,intra_session_sparse
BLNE,2025-08-29,12,0,267,1,1,1,1.72,3119058.0,1,1,04:02,intra_session_sparse
BLNK,2025-08-29,12,0,333,1,1,1,1.22,2751918.0,1,1,04:00,intra_session_sparse
BLUW,2025-08-29,12,2,4,1,1,1,9.95,1320452.0,1,0,10:23,intra_session_sparse
BLZE,2025-08-29,12,1,223,1,1,1,8.4,5505982.0,1,1,08:08,intra_session_sparse
BLZR,2025-08-29,12,12,0,0,0,0,,,0,0,,no_daily_history
BMBL,2025-08-29,12,0,355,1,1,1,6.33,30621001.0,1,1,08:11,intra_session_sparse
BMEA,2025-08-29,12,0,171,1,1,1,1.92,1138975.0,1,0,05:44,intra_session_sparse
BMNR,2025-08-29,12,12,0,0,0,0,45.57,3361067296.0,0,0,,no_minute_file
BMR,2025-08-29,12,1,134,1,1,1,2.91,1553102.0,1,0,08:18,intra_session_sparse
BMRA,2025-08-29,12,2,31,1,1,1,3.16,7245812.0,1,1,08:03,intra_session_sparse
BNAI,2025-08-29,12,12,0,1,0,0,3.135,86749.0,1,0,,no_session_bars_has_month_file
BNBX,2025-08-29,12,1,73,1,1,1,3.19,304655.0,1,0,08:00,intra_session_sparse
BNC,2025-08-29,12,12,0,1,0,0,21.3,9327962.0,1,0,,no_session_bars_has_month_file
BNED,2025-08-29,12,2,203,1,1,1,8.59,2674914.0,1,1,09:30,intra_session_sparse
BNGO,2025-08-29,12,2,89,1,1,1,3.85,526673.0,1,0,09:30,intra_session_sparse
BNKK,2025-08-29,12,0,357,1,1,1,14.02,6327900.0,1,1,05:44,intra_session_sparse
BNL,2025-08-29,12,0,319,1,1,1,18.45,29787207.0,1,1,09:30,intra_session_sparse
BNTC,2025-08-29,12,2,50,1,1,1,13.03,519949.0,1,0,09:30,intra_session_sparse
BOBS,2025-08-29,12,12,0,0,0,0,,,0,0,,no_daily_history
BOC,2025-08-29,12,2,109,1,1,1,13.44,3182804.0,1,1,09:30,intra_session_sparse
BODI,2025-08-29,12,12,0,0,0,0,5.56,135386.0,0,0,,no_minute_file
BOF,2025-08-29,12,2,37,1,1,1,2.14,207396.0,1,0,08:44,intra_session_sparse
BON,2025-08-29,12,12,0,1,0,0,1.417,91280.0,1,0,,no_session_bars_has_month_file
BOOM,2025-08-29,12,0,169,1,1,1,6.31,1609892.0,1,0,09:30,intra_session_sparse
BORR,2025-08-29,12,0,367,1,1,1,2.96,14995279.0,1,1,04:16,intra_session_sparse
BOXL,2025-08-29,12,12,0,0,0,0,11.1,36959.0,0,0,,no_minute_file
BPAC,2025-08-29,12,12,0,0,0,0,,,0,0,,no_daily_history
BQ,2025-08-29,12,12,0,1,0,0,2.86,63963.0,1,0,,no_session_bars_has_month_file
BRAI,2025-08-29,12,12,0,0,0,0,,,0,0,,no_daily_history
BRBI,2025-08-29,12,12,0,0,0,0,,,0,0,,no_daily_history
BRBR,2025-08-29,12,12,0,0,0,0,40.87,182780756.0,0,0,,no_minute_file
BRBS,2025-08-29,12,1,176,1,1,1,3.98,1738309.0,1,0,09:03,intra_session_sparse
BRCB,2025-08-29,12,12,0,0,0,0,,,0,0,,no_daily_history
BRIA,2025-08-29,12,12,0,0,0,0,2.58,7626.0,0,0,,no_minute_file
BRLS,2025-08-29,12,12,0,0,0,0,2.815,34837.0,0,0,,no_minute_file
BRLT,2025-08-29,12,1,136,1,1,1,2.69,6553094.0,1,1,09:15,intra_session_sparse
BRR,2025-08-29,12,2,77,1,1,1,10.14,3229828.0,1,1,08:00,intra_session_sparse
BRSL,2025-08-29,12,0,311,1,1,1,16.52,29235585.0,1,1,09:30,intra_session_sparse
BRSP,2025-08-29,12,2,237,1,1,1,5.71,3547897.0,1,1,09:30,intra_session_sparse
BRUN,2025-08-29,12,12,0,0,0,0,10.27,57433.0,0,0,,no_minute_file
BRZE,2025-08-29,12,12,0,0,0,0,27.4,30679663.0,0,0,,no_minute_file
BSBR,2025-08-29,12,0,241,1,1,1,5.27,4177281.0,1,1,09:30,intra_session_sparse
BSM,2025-08-29,12,0,278,1,1,1,12.21,6085182.0,1,1,09:30,intra_session_sparse
BTAI,2025-08-29,12,0,351,1,1,1,4.1,105283878.0,1,1,04:00,intra_session_sparse
BTBD,2025-08-29,12,0,41,1,1,1,1.8,18204054.0,1,1,07:30,intra_session_sparse
BTBT,2025-08-29,12,0,376,1,1,1,2.61,86708878.0,1,1,04:00,intra_session_sparse
BTCS,2025-08-29,12,0,342,1,1,1,4.35,21113541.0,1,1,04:11,intra_session_sparse
BTDR,2025-08-29,12,0,371,1,1,1,13.68,42956148.0,1,1,04:00,intra_session_sparse
BTE,2025-08-29,12,0,370,1,1,1,2.21,39923897.0,1,1,08:00,intra_session_sparse
BTG,2025-08-29,12,0,376,1,1,1,4.04,114534978.0,1,1,04:52,intra_session_sparse
BTGO,2025-08-29,12,12,0,0,0,0,,,0,0,,no_daily_history
BTOC,2025-08-29,12,12,0,0,0,0,1.41,32683.0,0,0,,no_minute_file
BTOG,2025-08-29,12,12,0,1,0,0,25.32,8105770.0,1,0,,no_session_bars_has_month_file
BTQ,2025-08-29,12,12,0,0,0,0,,,0,0,,no_daily_history
BTTC,2025-08-29,12,0,23,1,1,1,3.99,422944.0,1,0,07:40,intra_session_sparse
BTU,2025-08-29,12,0,369,1,1,1,16.84,73582932.0,1,1,05:15,intra_session_sparse
BUDA,2025-08-29,12,12,0,0,0,0,,,0,0,,no_daily_history
BULL,2025-08-29,12,0,376,1,1,1,14.67,168628439.0,1,1,04:00,intra_session_sparse
BUR,2025-08-29,12,0,321,1,1,1,13.74,18834913.0,1,1,05:07,intra_session_sparse
BURU,2025-08-29,12,12,0,1,0,0,0.804,2521586.0,1,0,,no_session_bars_has_month_file
BV,2025-08-29,12,0,265,1,1,1,14.55,14670308.0,1,1,06:14,intra_session_sparse
BVC,2025-08-29,12,12,0,0,0,0,6.7,26738.0,0,0,,no_minute_file
BVN,2025-08-29,12,0,348,1,1,1,18.86,17003160.0,1,1,09:30,intra_session_sparse
BVS,2025-08-29,12,1,195,1,1,1,7.25,4038678.0,1,1,09:30,intra_session_sparse
BW,2025-08-29,12,0,368,1,1,1,2.05,2985038.0,1,1,07:10,intra_session_sparse
BWB,2025-08-29,12,3,25,1,1,1,16.38,791827.0,1,0,09:30,intra_session_sparse
BWEN,2025-08-29,12,2,76,1,1,1,2.12,490726.0,1,0,05:25,intra_session_sparse
BWIN,2025-08-29,12,12,0,0,0,0,31.61,35556900.0,0,0,,no_minute_file
BWLP,2025-08-29,12,0,267,1,1,1,15.49,5765619.0,1,1,04:17,intra_session_sparse
BWMX,2025-08-29,12,0,48,1,1,1,13.32,756772.0,1,0,09:30,intra_session_sparse
BYAH,2025-08-29,12,12,0,0,0,0,25.81,541723.0,0,0,,no_minute_file
BYND,2025-08-29,12,0,289,1,1,1,2.54,6305936.0,1,1,04:36,intra_session_sparse
BYRN,2025-08-29,12,12,0,1,0,0,19.7,9136541.0,1,1,,no_session_bars_has_month_file
BZ,2025-08-29,12,12,0,1,0,0,23.1,104445928.0,1,0,,no_session_bars_has_month_file
BZAI,2025-08-29,12,0,305,1,1,1,3.74,4166374.0,1,1,05:11,intra_session_sparse
BZFD,2025-08-29,12,0,109,1,1,1,2.01,643872.0,1,0,09:30,intra_session_sparse
BZH,2025-08-29,12,12,0,0,0,0,25.2,9455545.0,0,0,,no_minute_file
CAAP,2025-08-29,12,12,0,1,0,0,21.78,2743094.0,1,0,,no_session_bars_has_month_file
CABA,2025-08-29,12,0,307,1,1,1,1.5,2094225.0,1,1,04:00,intra_session_sparse
CABR,2025-08-29,12,12,0,0,0,0,,,0,0,,no_daily_history
CADL,2025-08-29,12,0,180,1,1,1,5.82,3586284.0,1,1,09:30,intra_session_sparse
CAG,2025-08-29,12,0,376,1,1,1,18.79,232036188.0,1,1,04:06,intra_session_sparse
CAI,2025-08-29,12,12,0,0,0,0,38.23,25178495.0,0,0,,no_minute_file
CAL,2025-08-29,12,0,292,1,1,1,15.37,9145850.0,1,1,09:29,intra_session_sparse
CALC,2025-08-29,12,12,0,1,0,0,2.73,104797.0,1,0,,no_session_bars_has_month_file
CALY,2025-08-29,12,0,348,1,1,1,9.76,28584484.0,1,1,04:04,intra_session_sparse
CAMP,2025-08-29,12,12,0,0,0,0,1.48,163240.0,0,0,,no_minute_file
CANG,2025-08-29,12,2,153,1,1,1,4.89,2152041.0,1,1,08:00,intra_session_sparse
CAPR,2025-08-29,12,0,287,1,1,1,6.26,10990974.0,1,1,06:14,intra_session_sparse
CAPS,2025-08-29,12,2,95,1,1,1,1.22,9297975.0,1,1,04:00,intra_session_sparse
CARE,2025-08-29,12,2,45,1,1,1,19.46,1339913.0,1,0,09:30,intra_session_sparse
CARL,2025-08-29,12,0,173,1,1,1,13.69,1944512.0,1,0,09:30,intra_session_sparse
CARS,2025-08-29,12,0,223,1,1,1,13.04,12173267.0,1,1,09:30,intra_session_sparse
CAST,2025-08-29,12,12,0,0,0,0,,,0,0,,no_daily_history
CATX,2025-08-29,12,2,259,1,1,1,3.38,2371226.0,1,1,08:17,intra_session_sparse
CBAN,2025-08-29,12,2,41,1,1,1,17.09,963305.0,1,0,09:30,intra_session_sparse
CBIO,2025-08-29,12,2,62,1,1,1,14.15,1322806.0,1,0,08:35,intra_session_sparse
CBLL,2025-08-29,12,0,157,1,1,1,11.97,4825228.0,1,1,09:30,intra_session_sparse
CBUS,2025-08-29,12,2,87,1,1,1,1.36,286025.0,1,0,08:01,intra_session_sparse
CC,2025-08-29,12,0,364,1,1,1,15.07,56751523.0,1,1,04:57,intra_session_sparse
CCAP,2025-08-29,12,1,187,1,1,1,15.74,3144504.0,1,1,09:30,intra_session_sparse
CCC,2025-08-29,12,0,373,1,1,1,10.03,79626497.0,1,1,09:25,intra_session_sparse
CCCC,2025-08-29,12,1,311,1,1,1,2.55,4082106.0,1,1,07:32,intra_session_sparse
CCHH,2025-08-29,12,12,0,0,0,0,,,0,0,,no_daily_history
CCII,2025-08-29,12,12,0,0,0,0,10.09,2125093.0,0,1,,no_minute_file
CCIX,2025-08-29,12,0,23,1,1,1,10.565,430283.0,1,0,09:35,intra_session_sparse
CCLD,2025-08-29,12,0,243,1,1,1,3.78,2202708.0,1,1,08:00,intra_session_sparse
CCO,2025-08-29,12,0,315,1,1,1,1.26,4249443.0,1,1,08:00,intra_session_sparse
CCOI,2025-08-29,12,12,0,0,0,0,37.51,73267228.0,0,0,,no_minute_file
CCRN,2025-08-29,12,2,71,1,1,1,13.37,3394752.0,1,1,09:30,intra_session_sparse
CCTG,2025-08-29,12,12,0,0,0,0,11.1,8965.0,0,0,,no_minute_file
CCU,2025-08-29,12,0,92,1,1,1,12.31,2407049.0,1,1,09:30,intra_session_sparse
CD,2025-08-29,12,0,122,1,1,1,6.5,799642.0,1,0,07:50,intra_session_sparse
CDE,2025-08-29,12,0,376,1,1,1,12.56,157311916.0,1,1,04:06,intra_session_sparse
CDIO,2025-08-29,12,12,0,0,0,0,3.79,134570.0,0,0,,no_minute_file
CDLX,2025-08-29,12,2,136,1,1,1,1.06,1877772.0,1,0,04:43,intra_session_sparse
CDNA,2025-08-29,12,0,368,1,1,1,13.11,18007446.0,1,1,09:30,intra_session_sparse
CDTG,2025-08-29,12,12,0,0,0,0,14.7,28120.0,0,0,,no_minute_file
CDXS,2025-08-29,12,0,277,1,1,1,2.72,3799606.0,1,1,09:25,intra_session_sparse
CDZI,2025-08-29,12,2,206,1,1,1,3.6,1549535.0,1,0,09:30,intra_session_sparse
CENN,2025-08-29,12,12,0,0,0,0,33.6,155740.0,0,0,,no_minute_file
CEPF,2025-08-29,12,12,0,0,0,0,10.15,33585954.0,0,1,,no_minute_file
CEPO,2025-08-29,12,2,129,1,1,1,10.52,3170809.0,1,1,04:00,intra_session_sparse
CEPS,2025-08-29,12,12,0,0,0,0,,,0,0,,no_daily_history
CEPT,2025-08-29,12,2,36,1,1,1,10.76,1276324.0,1,0,08:23,intra_session_sparse
CEPV,2025-08-29,12,12,0,0,0,0,,,0,0,,no_daily_history
CERS,2025-08-29,12,0,220,1,1,1,1.31,1591383.0,1,0,07:14,intra_session_sparse
CERT,2025-08-29,12,1,296,1,1,1,10.87,14470277.0,1,1,09:30,intra_session_sparse
CETY,2025-08-29,12,12,0,1,0,0,3.71,166722.0,1,0,,no_session_bars_has_month_file
CEVA,2025-08-29,12,12,0,0,0,0,22.93,6244119.0,0,0,,no_minute_file
CFFN,2025-08-29,12,2,188,1,1,1,6.45,3896719.0,1,1,08:20,intra_session_sparse
CGAU,2025-08-29,12,0,340,1,1,1,7.83,11469578.0,1,1,07:00,intra_session_sparse
CGBD,2025-08-29,12,1,178,1,1,1,13.81,6443972.0,1,1,09:30,intra_session_sparse
CGC,2025-08-29,12,0,376,1,1,1,1.88,42401092.0,1,1,04:00,intra_session_sparse
CGCT,2025-08-29,12,8,1,1,1,1,10.019,1176391.0,1,0,14:15,intra_session_sparse
CGEM,2025-08-29,12,2,138,1,1,1,7.61,2752811.0,1,1,09:27,intra_session_sparse
CGNT,2025-08-29,12,2,163,1,1,1,8.87,1624383.0,1,0,09:30,intra_session_sparse
CGTL,2025-08-29,12,12,0,1,0,0,0.625,242388.0,1,0,,no_session_bars_has_month_file
CGTX,2025-08-29,12,0,375,1,1,1,2.48,22281570.0,1,1,04:00,intra_session_sparse
CHAI,2025-08-29,12,1,103,1,1,1,11.84,2068012.0,1,1,08:00,intra_session_sparse
CHEC,2025-08-29,12,12,0,0,0,0,,,0,0,,no_daily_history
CHGG,2025-08-29,12,0,301,1,1,1,1.41,3121584.0,1,1,04:02,intra_session_sparse
CHNR,2025-08-29,12,12,0,1,0,0,3.75,80936.0,1,0,,no_session_bars_has_month_file
CHOW,2025-08-29,12,12,0,0,0,0,,,0,0,,no_daily_history
CHPT,2025-08-29,12,0,253,1,1,1,11.61,5993965.0,1,1,07:00,intra_session_sparse
CHR,2025-08-29,12,12,0,0,0,0,171.0,93462.0,0,0,,no_minute_file
CHRN,2025-08-29,12,12,0,1,0,0,3.89,161507.0,1,0,,no_session_bars_has_month_file
CHRS,2025-08-29,12,1,146,1,1,1,1.18,1439539.0,1,0,07:40,intra_session_sparse
CHYM,2025-08-29,12,12,0,0,0,0,26.57,71302854.0,0,0,,no_minute_file
CIFR,2025-08-29,12,0,376,1,1,1,7.02,128356213.0,1,1,04:00,intra_session_sparse
CIG,2025-08-29,12,1,302,1,1,1,2.04,4782979.0,1,1,09:03,intra_session_sparse
CIIT,2025-08-29,12,12,0,0,0,0,4.76,71529.0,0,0,,no_minute_file
CIM,2025-08-29,12,0,224,1,1,1,14.0,6767521.0,1,1,09:30,intra_session_sparse
CING,2025-08-29,12,2,76,1,1,1,3.94,704925.0,1,0,08:00,intra_session_sparse
CINT,2025-08-29,12,2,137,1,1,1,5.41,675277.0,1,0,09:30,intra_session_sparse
CION,2025-08-29,12,0,261,1,1,1,10.72,2772399.0,1,1,07:03,intra_session_sparse
CISS,2025-08-29,12,12,0,0,0,0,418.6,885742.0,0,0,,no_minute_file
CIVB,2025-08-29,12,12,0,1,0,0,20.87,1873250.0,1,0,,no_session_bars_has_month_file
CJMB,2025-08-29,12,12,0,0,0,0,4.82,33895.0,0,0,,no_minute_file
CLB,2025-08-29,12,1,202,1,1,1,11.32,4936716.0,1,1,09:30,intra_session_sparse
CLBK,2025-08-29,12,2,70,1,1,1,15.08,1614621.0,1,0,09:30,intra_session_sparse
CLBT,2025-08-29,12,0,359,1,1,1,16.71,36536498.0,1,1,05:10,intra_session_sparse
CLF,2025-08-29,12,0,376,1,1,1,10.88,174269455.0,1,1,04:06,intra_session_sparse
CLIK,2025-08-29,12,2,157,1,1,1,9.423,873619.0,1,0,04:22,intra_session_sparse
CLMB,2025-08-29,12,12,0,0,0,0,31.07,7295538.0,0,0,,no_minute_file
CLMT,2025-08-29,12,0,297,1,1,1,16.33,14231074.0,1,1,09:30,intra_session_sparse
CLNE,2025-08-29,12,0,305,1,1,1,2.64,4832492.0,1,1,08:40,intra_session_sparse
CLNN,2025-08-29,12,0,45,1,1,1,5.41,484484.0,1,0,08:15,intra_session_sparse
CLOV,2025-08-29,12,0,362,1,1,1,2.63,20637308.0,1,1,05:02,intra_session_sparse
CLPT,2025-08-29,12,0,147,1,1,1,10.49,4145281.0,1,1,09:30,intra_session_sparse
CLRB,2025-08-29,12,2,76,1,1,1,4.69,697354.0,1,0,08:00,intra_session_sparse
CLSK,2025-08-29,12,0,376,1,1,1,9.55,189678163.0,1,1,04:00,intra_session_sparse
CLVT,2025-08-29,12,0,361,1,1,1,4.31,19308335.0,1,1,07:14,intra_session_sparse
CLW,2025-08-29,12,12,0,0,0,0,21.38,4737752.0,0,0,,no_minute_file
CLYM,2025-08-29,12,1,149,1,1,1,2.3,1707081.0,1,0,04:58,intra_session_sparse
CMBT,2025-08-29,12,0,373,1,1,1,8.35,25227738.0,1,1,04:00,intra_session_sparse
CMCO,2025-08-29,12,2,144,1,1,1,15.22,4202943.0,1,1,09:30,intra_session_sparse
CMII,2025-08-29,12,12,0,0,0,0,,,0,0,,no_daily_history
CMND,2025-08-29,12,12,0,0,0,0,408.0,60332.0,0,0,,no_minute_file
CMP,2025-08-29,12,0,151,1,1,1,19.26,8828001.0,1,1,09:30,intra_session_sparse
CMPS,2025-08-29,12,0,357,1,1,1,4.81,7266657.0,1,1,07:00,intra_session_sparse
CMPX,2025-08-29,12,0,264,1,1,1,3.49,4468636.0,1,1,08:00,intra_session_sparse
CMRC,2025-08-29,12,1,227,1,1,1,4.66,4267415.0,1,1,09:30,intra_session_sparse
CMRE,2025-08-29,12,0,197,1,1,1,11.57,6349233.0,1,1,09:30,intra_session_sparse
CMTL,2025-08-29,12,0,125,1,1,1,2.0,252816.0,1,0,08:00,intra_session_sparse
CNCK,2025-08-29,12,2,31,1,1,1,5.15,271462.0,1,0,09:27,intra_session_sparse
CNDT,2025-08-29,12,0,227,1,1,1,2.8,2927968.0,1,1,09:30,intra_session_sparse
CNEY,2025-08-29,12,12,0,0,0,0,2.33,31157.0,0,0,,no_minute_file
CNH,2025-08-29,12,0,376,1,1,1,11.93,126853158.0,1,1,04:08,intra_session_sparse
CNNE,2025-08-29,12,1,260,1,1,1,18.67,14855733.0,1,1,09:30,intra_session_sparse
CNSP,2025-08-29,12,2,13,1,1,1,6.265,501424.0,1,0,09:30,intra_session_sparse
CNTN,2025-08-29,12,0,366,1,1,1,6.05,138185347.0,1,1,04:00,intra_session_sparse
CNTX,2025-08-29,12,12,0,0,0,0,0.852,139661.0,0,0,,no_minute_file
CNVS,2025-08-29,12,2,172,1,1,1,5.18,1665478.0,1,0,09:30,intra_session_sparse
COCH,2025-08-29,12,2,76,1,1,1,1.21,948886.0,1,0,08:06,intra_session_sparse
COCP,2025-08-29,12,2,17,1,1,1,1.57,295823.0,1,0,10:11,intra_session_sparse
CODA,2025-08-29,12,3,19,1,1,1,8.01,354801.0,1,0,09:30,intra_session_sparse
CODI,2025-08-29,12,0,315,1,1,1,7.19,6197549.0,1,1,05:27,intra_session_sparse
CODX,2025-08-29,12,1,86,1,1,1,10.05,1553231.0,1,0,04:23,intra_session_sparse
COGT,2025-08-29,12,2,307,1,1,1,12.08,14244212.0,1,1,08:00,intra_session_sparse
COHU,2025-08-29,12,0,288,1,1,1,20.34,7974715.0,1,0,09:30,intra_session_sparse
COMP,2025-08-29,12,0,375,1,1,1,9.02,73453356.0,1,1,04:37,intra_session_sparse
CON,2025-08-29,12,12,0,1,0,0,23.74,20513175.0,1,0,,no_session_bars_has_month_file
COOT,2025-08-29,12,12,0,0,0,0,0.65,172352.0,0,0,,no_minute_file
CORZ,2025-08-29,12,0,375,1,1,1,14.35,247183990.0,1,1,07:00,intra_session_sparse
COTY,2025-08-29,12,0,376,1,1,1,4.33,52348729.0,1,1,04:00,intra_session_sparse
COUR,2025-08-29,12,0,340,1,1,1,11.61,32983717.0,1,1,04:00,intra_session_sparse
COYA,2025-08-29,12,2,40,1,1,1,6.71,440502.0,1,0,09:30,intra_session_sparse
CPAC,2025-08-29,12,12,0,0,0,0,6.35,25120.0,0,0,,no_minute_file
CPB,2025-08-29,12,12,0,0,0,0,31.64,185828101.0,0,0,,no_minute_file
CPIX,2025-08-29,12,2,20,1,1,1,3.47,221735.0,1,0,09:30,intra_session_sparse
CPNG,2025-08-29,12,12,0,0,0,0,28.63,298085926.0,0,0,,no_minute_file
CPOP,2025-08-29,12,2,83,1,1,1,1.25,2758862.0,1,1,04:12,intra_session_sparse
CPRI,2025-08-29,12,12,0,1,0,0,21.57,74549758.0,1,0,,no_session_bars_has_month_file
CPRX,2025-08-29,12,12,0,1,0,0,20.38,30789629.0,1,0,,no_session_bars_has_month_file
CPSH,2025-08-29,12,0,40,1,1,1,3.45,388741.0,1,0,09:33,intra_session_sparse
CRAC,2025-08-29,12,12,0,0,0,0,,,0,0,,no_daily_history
CRAN,2025-08-29,12,12,0,0,0,0,,,0,0,,no_daily_history
CRBP,2025-08-29,12,0,86,1,1,1,9.9,957836.0,1,0,08:00,intra_session_sparse
CRBU,2025-08-29,12,0,229,1,1,1,1.94,1936387.0,1,0,08:06,intra_session_sparse
CRCT,2025-08-29,12,1,184,1,1,1,5.75,4567328.0,1,1,09:30,intra_session_sparse
CRDF,2025-08-29,12,0,279,1,1,1,2.08,3692103.0,1,1,04:14,intra_session_sparse
CRE,2025-08-29,12,0,94,1,1,1,8.435,10661725.0,1,1,04:02,intra_session_sparse
CREG,2025-08-29,12,2,50,1,1,1,1.517,6172209.0,1,1,05:33,intra_session_sparse
CRGY,2025-08-29,12,0,369,1,1,1,9.61,42124414.0,1,1,07:59,intra_session_sparse
CRK,2025-08-29,12,0,351,1,1,1,16.35,38816307.0,1,1,08:33,intra_session_sparse
CRMD,2025-08-29,12,0,365,1,1,1,14.35,44353439.0,1,1,07:59,intra_session_sparse
CRML,2025-08-29,12,0,367,1,1,1,6.46,36224933.0,1,1,04:05,intra_session_sparse
CRMT,2025-08-29,12,12,0,0,0,0,46.48,4038677.0,0,0,,no_minute_file
CRNC,2025-08-29,12,0,328,1,1,1,10.61,30052650.0,1,1,04:12,intra_session_sparse
CRNT,2025-08-29,12,1,175,1,1,1,2.01,1973006.0,1,0,08:00,intra_session_sparse
CRON,2025-08-29,12,0,348,1,1,1,2.6,9806102.0,1,1,04:08,intra_session_sparse
CRSR,2025-08-29,12,2,283,1,1,1,8.88,6485030.0,1,1,09:30,intra_session_sparse
CRVS,2025-08-29,12,0,228,1,1,1,5.41,2579450.0,1,1,08:00,intra_session_sparse
CSAI,2025-08-29,12,0,97,1,1,1,1.65,656006.0,1,0,07:50,intra_session_sparse
CSHR,2025-08-29,12,12,0,0,0,0,10.42,117106.0,0,0,,no_minute_file
CSIQ,2025-08-29,12,0,366,1,1,1,9.51,14970671.0,1,1,04:00,intra_session_sparse
CSQ,2025-08-29,12,0,140,1,1,1,18.66,3720152.0,1,1,09:30,intra_session_sparse
CSTE,2025-08-29,12,12,0,0,0,0,1.4,88026.0,0,0,,no_minute_file
CSTL,2025-08-29,12,12,0,1,0,0,23.46,14680960.0,1,0,,no_session_bars_has_month_file
CSTM,2025-08-29,12,0,279,1,1,1,14.53,17173011.0,1,1,09:30,intra_session_sparse
CSWC,2025-08-29,12,12,0,0,0,0,22.86,13715616.0,0,0,,no_minute_file
CTAA,2025-08-29,12,12,0,0,0,0,,,0,0,,no_daily_history
CTEV,2025-08-29,12,12,0,0,0,0,71.29,9145914.0,0,0,,no_minute_file
CTGO,2025-08-29,12,12,0,1,0,0,21.15,1715987.0,1,0,,no_session_bars_has_month_file
CTKB,2025-08-29,12,2,329,1,1,1,4.17,4650909.0,1,1,09:30,intra_session_sparse
CTM,2025-08-29,12,0,345,1,1,1,1.03,2748470.0,1,1,04:02,intra_session_sparse
CTMX,2025-08-29,12,0,360,1,1,1,2.05,7762855.0,1,1,07:00,intra_session_sparse
CTNM,2025-08-29,12,1,120,1,1,1,10.05,2203333.0,1,1,09:30,intra_session_sparse
CTO,2025-08-29,12,2,133,1,1,1,17.19,4274086.0,1,1,09:30,intra_session_sparse
CTOS,2025-08-29,12,1,187,1,1,1,6.11,4002637.0,1,1,09:30,intra_session_sparse
CTRI,2025-08-29,12,12,0,1,0,0,21.16,37172818.0,1,0,,no_session_bars_has_month_file
CTXR,2025-08-29,12,0,299,1,1,1,1.4,447658.0,1,0,05:11,intra_session_sparse
CUE,2025-08-29,12,12,0,0,0,0,24.05,102652.0,0,0,,no_minute_file
CUPR,2025-08-29,12,0,97,1,1,1,7.353,10757857.0,1,1,04:02,intra_session_sparse
CURI,2025-08-29,12,0,317,1,1,1,4.4,3449033.0,1,1,04:56,intra_session_sparse
CURR,2025-08-29,12,2,58,1,1,1,1.73,517423.0,1,0,09:30,intra_session_sparse
CURV,2025-08-29,12,0,148,1,1,1,2.19,1122833.0,1,0,09:30,intra_session_sparse
CURX,2025-08-29,12,12,0,0,0,0,5.19,19601841.0,0,1,,no_minute_file
CV,2025-08-29,12,12,0,1,0,0,3.93,123539.0,1,0,,no_session_bars_has_month_file
CVBF,2025-08-29,12,12,0,1,0,0,20.21,12078110.0,1,0,,no_session_bars_has_month_file
CVE,2025-08-29,12,0,374,1,1,1,16.95,215977899.0,1,1,08:48,intra_session_sparse
CVGI,2025-08-29,12,2,51,1,1,1,1.79,269894.0,1,0,08:00,intra_session_sparse
CVLG,2025-08-29,12,12,0,0,0,0,24.15,1843945.0,0,0,,no_minute_file
CVM,2025-08-29,12,1,256,1,1,1,9.31,3051765.0,1,1,07:30,intra_session_sparse
CVRX,2025-08-29,12,2,94,1,1,1,7.88,1960447.0,1,0,07:18,intra_session_sparse
CVU,2025-08-29,12,12,0,0,0,0,2.52,130975.0,0,0,,no_minute_file
CVV,2025-08-29,12,12,0,0,0,0,2.87,94380.0,0,0,,no_minute_file
CWAN,2025-08-29,12,12,0,1,0,0,20.53,103012431.0,1,0,,no_session_bars_has_month_file
CWD,2025-08-29,12,0,368,1,1,1,4.46,56845962.0,1,1,04:00,intra_session_sparse
CWH,2025-08-29,12,0,365,1,1,1,17.45,34190492.0,1,1,09:30,intra_session_sparse
CWK,2025-08-29,12,0,323,1,1,1,15.84,38150941.0,1,1,09:30,intra_session_sparse
CX,2025-08-29,12,0,369,1,1,1,9.04,110524926.0,1,1,08:00,intra_session_sparse
CXDO,2025-08-29,12,2,89,1,1,1,6.32,1556069.0,1,0,09:30,intra_session_sparse
CXM,2025-08-29,12,0,333,1,1,1,8.75,13411631.0,1,1,09:29,intra_session_sparse
CXW,2025-08-29,12,12,0,1,0,0,20.18,22680618.0,1,0,,no_session_bars_has_month_file
CYCN,2025-08-29,12,12,0,0,0,0,2.571,76382.0,0,0,,no_minute_file
CYCU,2025-08-29,12,0,361,1,1,1,7.722,8461868.0,1,1,04:00,intra_session_sparse
CYH,2025-08-29,12,1,313,1,1,1,2.8,5067093.0,1,1,09:30,intra_session_sparse
CYN,2025-08-29,12,0,135,1,1,1,5.94,2547876.0,1,1,07:53,intra_session_sparse
CYPH,2025-08-29,12,12,0,0,0,0,0.295,662598.0,0,0,,no_minute_file
CYRX,2025-08-29,12,0,206,1,1,1,8.69,9155858.0,1,1,09:30,intra_session_sparse
CZR,2025-08-29,12,12,0,0,0,0,27.25,155461504.0,0,0,,no_minute_file
DAAQ,2025-08-29,12,0,15,1,1,1,10.16,605873.0,1,0,09:45,intra_session_sparse
DAIC,2025-08-29,12,12,0,0,0,0,107.0,305091.0,0,0,,no_minute_file
DAKT,2025-08-29,12,0,126,1,1,1,17.45,4732722.0,1,1,09:30,intra_session_sparse
DAN,2025-08-29,12,12,0,1,0,0,20.35,40684031.0,1,0,,no_session_bars_has_month_file
DARE,2025-08-29,12,0,121,1,1,1,2.025,467965.0,1,0,08:10,intra_session_sparse
DBCA,2025-08-29,12,12,0,0,0,0,,,0,0,,no_daily_history
DBGI,2025-08-29,12,2,104,1,1,1,9.555,534377.0,1,0,09:30,intra_session_sparse
DBI,2025-08-29,12,0,261,1,1,1,3.76,3027323.0,1,1,09:30,intra_session_sparse
DBRG,2025-08-29,12,0,299,1,1,1,11.27,22321695.0,1,1,09:30,intra_session_sparse
DC,2025-08-29,12,2,309,1,1,1,4.14,2217649.0,1,1,09:20,intra_session_sparse
DCBO,2025-08-29,12,12,0,0,0,0,31.29,3277448.0,0,0,,no_minute_file
DCGO,2025-08-29,12,0,183,1,1,1,1.63,777841.0,1,0,09:26,intra_session_sparse
DCH,2025-08-29,12,0,363,1,1,1,5.97,20022499.0,1,1,08:16,intra_session_sparse
DCOY,2025-08-29,12,12,0,0,0,0,68.16,914826.0,0,0,,no_minute_file
DCTH,2025-08-29,12,2,191,1,1,1,10.88,8721090.0,1,1,08:00,intra_session_sparse
DCX,2025-08-29,12,12,0,0,0,0,2104.56,80399.0,0,0,,no_minute_file
DDD,2025-08-29,12,0,363,1,1,1,2.41,10708176.0,1,1,04:00,intra_session_sparse
DDI,2025-08-29,12,2,37,1,1,1,9.44,538268.0,1,0,09:53,intra_session_sparse
DEC,2025-08-29,12,2,163,1,1,1,16.61,4655869.0,1,1,04:21,intra_session_sparse
DEFT,2025-08-29,12,0,376,1,1,1,2.15,10510271.0,1,1,04:14,intra_session_sparse
DEI,2025-08-29,12,0,327,1,1,1,16.02,23799593.0,1,1,09:30,intra_session_sparse
DERM,2025-08-29,12,2,91,1,1,1,7.27,1501168.0,1,0,09:30,intra_session_sparse
DETX,2025-08-29,12,12,0,0,0,0,,,0,0,,no_daily_history
DEVS,2025-08-29,12,0,108,1,1,1,2.53,3636754.0,1,1,04:05,intra_session_sparse
DFDV,2025-08-29,12,0,359,1,1,1,16.47,57101020.0,1,1,04:00,intra_session_sparse
DFH,2025-08-29,12,12,0,0,0,0,27.91,9650266.0,0,0,,no_minute_file
DFLI,2025-08-29,12,0,303,1,1,1,3.038,7304124.0,1,1,04:02,intra_session_sparse
DFNS,2025-08-29,12,0,376,1,1,1,3.69,15944159.0,1,1,04:02,intra_session_sparse
DFSC,2025-08-29,12,0,60,1,1,1,3.28,355898.0,1,0,07:34,intra_session_sparse
DFTX,2025-08-29,12,0,352,1,1,1,9.78,11745706.0,1,1,04:00,intra_session_sparse
DGICA,2025-08-29,12,2,90,1,1,1,17.67,2508446.0,1,1,09:30,intra_session_sparse
DGNX,2025-08-29,12,12,0,0,0,0,62.73,1768957.0,0,0,,no_minute_file
DGXX,2025-08-29,12,0,223,1,1,1,2.28,2174232.0,1,1,07:52,intra_session_sparse
DHT,2025-08-29,12,0,299,1,1,1,11.73,15086281.0,1,1,09:29,intra_session_sparse
DHX,2025-08-29,12,0,120,1,1,1,2.72,294065.0,1,0,08:00,intra_session_sparse
DIBS,2025-08-29,12,12,0,0,0,0,2.73,132201.0,0,0,,no_minute_file
DJT,2025-08-29,12,0,376,1,1,1,17.955,114030918.0,1,1,04:00,intra_session_sparse
DKI,2025-08-29,12,12,0,0,0,0,108.96,2639744.0,0,0,,no_minute_file
DLO,2025-08-29,12,0,361,1,1,1,14.56,44544792.0,1,1,04:49,intra_session_sparse
DLTH,2025-08-29,12,12,0,0,0,0,2.33,59979.0,0,0,,no_minute_file
DLX,2025-08-29,12,1,175,1,1,1,19.39,7816627.0,1,1,07:00,intra_session_sparse
DLXY,2025-08-29,12,12,0,1,0,0,5.26,148542.0,1,0,,no_session_bars_has_month_file
DMAA,2025-08-29,12,6,1,1,1,1,10.253,386907.0,1,0,13:19,intra_session_sparse
DMAC,2025-08-29,12,0,97,1,1,1,5.87,1752087.0,1,0,06:00,intra_session_sparse
DMII,2025-08-29,12,12,0,0,0,0,,,0,0,,no_daily_history
DMRA,2025-08-29,12,12,0,0,0,0,3.22,48380.0,0,0,,no_minute_file
DMRC,2025-08-29,12,1,159,1,1,1,8.53,2291454.0,1,1,09:19,intra_session_sparse
DNA,2025-08-29,12,0,337,1,1,1,12.17,20239637.0,1,1,08:00,intra_session_sparse
DNLI,2025-08-29,12,0,283,1,1,1,15.65,26114141.0,1,1,08:00,intra_session_sparse
DNN,2025-08-29,12,0,376,1,1,1,2.2,117926910.0,1,1,04:00,intra_session_sparse
DNOW,2025-08-29,12,1,236,1,1,1,16.2,18275682.0,1,1,09:30,intra_session_sparse
DNUT,2025-08-29,12,0,363,1,1,1,3.565,14886677.0,1,1,06:58,intra_session_sparse
DOC,2025-08-29,12,0,374,1,1,1,17.86,122902406.0,1,1,07:54,intra_session_sparse
DOCS,2025-08-29,12,12,0,0,0,0,68.39,116235400.0,0,0,,no_minute_file
DOGZ,2025-08-29,12,2,78,1,1,1,10.58,4210828.0,1,1,09:01,intra_session_sparse
DOLE,2025-08-29,12,0,181,1,1,1,14.57,10296659.0,1,1,09:30,intra_session_sparse
DOMH,2025-08-29,12,2,139,1,1,1,6.25,2678615.0,1,1,09:30,intra_session_sparse
DOMO,2025-08-29,12,0,347,1,1,1,15.32,12304071.0,1,1,08:00,intra_session_sparse
DOUG,2025-08-29,12,2,174,1,1,1,2.64,1494097.0,1,0,08:21,intra_session_sparse
DPRO,2025-08-29,12,0,308,1,1,1,5.05,8117730.0,1,1,04:02,intra_session_sparse
DRCT,2025-08-29,12,12,0,0,0,0,102.32,415412.0,0,0,,no_minute_file
DRD,2025-08-29,12,0,262,1,1,1,17.86,7838677.0,1,1,04:33,intra_session_sparse
DRDB,2025-08-29,12,11,1,1,1,1,10.28,993214.0,1,0,15:58,intra_session_sparse
DRH,2025-08-29,12,0,320,1,1,1,8.58,21511238.0,1,1,09:30,intra_session_sparse
DRIO,2025-08-29,12,12,0,0,0,0,10.18,148526.0,0,0,,no_minute_file
DRMA,2025-08-29,12,12,0,0,0,0,5.35,182292.0,0,0,,no_minute_file
DRTS,2025-08-29,12,0,24,1,1,1,3.36,207108.0,1,0,09:25,intra_session_sparse
DRVN,2025-08-29,12,0,231,1,1,1,18.15,17420078.0,1,1,08:50,intra_session_sparse
DSGN,2025-08-29,12,1,190,1,1,1,5.64,807397.0,1,0,09:30,intra_session_sparse
DSGR,2025-08-29,12,12,0,0,0,0,32.6,1863783.0,0,0,,no_minute_file
DSP,2025-08-29,12,1,172,1,1,1,10.03,3689587.0,1,1,06:24,intra_session_sparse
DSX,2025-08-29,12,2,107,1,1,1,1.65,518792.0,1,0,09:30,intra_session_sparse
DTCX,2025-08-29,12,1,176,1,1,1,5.09,9458243.0,1,1,04:22,intra_session_sparse
DTI,2025-08-29,12,12,0,0,0,0,1.95,88561.0,0,0,,no_minute_file
DTIL,2025-08-29,12,2,50,1,1,1,5.02,403502.0,1,0,09:30,intra_session_sparse
DUKR,2025-08-29,12,12,0,0,0,0,,,0,0,,no_daily_history
DUO,2025-08-29,12,0,376,1,1,1,1.56,2044822.0,1,1,06:21,intra_session_sparse
DUOT,2025-08-29,12,2,115,1,1,1,6.45,2602873.0,1,1,08:00,intra_session_sparse
DV,2025-08-29,12,0,338,1,1,1,16.27,37481527.0,1,1,09:30,intra_session_sparse
DVLT,2025-08-29,12,12,0,0,0,0,0.394,1831262.0,0,0,,no_minute_file
DWTX,2025-08-29,12,12,0,0,0,0,4.795,81497.0,0,0,,no_minute_file
DX,2025-08-29,12,0,358,1,1,1,12.49,44630005.0,1,1,05:14,intra_session_sparse
DXC,2025-08-29,12,0,331,1,1,1,14.19,24786344.0,1,1,07:00,intra_session_sparse
DXST,2025-08-29,12,12,0,0,0,0,30.0,25754.0,0,0,,no_minute_file
DYN,2025-08-29,12,0,368,1,1,1,13.75,37478252.0,1,1,04:18,intra_session_sparse
DYNC,2025-08-29,12,0,140,1,1,1,10.8,9967647.0,1,1,05:25,intra_session_sparse
DYOR,2025-08-29,12,12,0,0,0,0,,,0,0,,no_daily_history
EAF,2025-08-29,12,1,158,1,1,1,10.1,2176841.0,1,1,09:30,intra_session_sparse
EARN,2025-08-29,12,0,215,1,1,1,5.88,2202111.0,1,1,06:26,intra_session_sparse
EBC,2025-08-29,12,1,353,1,1,1,16.99,19641257.0,1,1,09:30,intra_session_sparse
EBF,2025-08-29,12,0,75,1,1,1,18.41,2575935.0,1,1,09:30,intra_session_sparse
EBS,2025-08-29,12,0,284,1,1,1,8.39,11901625.0,1,1,09:06,intra_session_sparse
EC,2025-08-29,12,0,319,1,1,1,9.31,17491190.0,1,1,08:00,intra_session_sparse
ECC,2025-08-29,12,0,361,1,1,1,7.34,12704359.0,1,1,08:00,intra_session_sparse
ECVT,2025-08-29,12,0,214,1,1,1,9.11,13578353.0,1,1,09:30,intra_session_sparse
ECX,2025-08-29,12,0,357,1,1,1,1.58,5962850.0,1,1,07:17,intra_session_sparse
EDBL,2025-08-29,12,12,0,1,0,0,18.2,169694.0,1,0,,no_session_bars_has_month_file
EDHL,2025-08-29,12,0,189,1,1,1,7.36,259036.0,1,0,07:34,intra_session_sparse
EDIT,2025-08-29,12,0,295,1,1,1,2.65,4736110.0,1,1,04:27,intra_session_sparse
EDN,2025-08-29,12,12,0,0,0,0,22.36,3282828.0,0,0,,no_minute_file
EDSA,2025-08-29,12,12,0,0,0,0,2.39,50172.0,0,0,,no_minute_file
EEIQ,2025-08-29,12,0,214,1,1,1,8.813,13896448.0,1,1,04:01,intra_session_sparse
EEX,2025-08-29,12,2,28,1,1,1,5.17,211398.0,1,0,09:30,intra_session_sparse
EFC,2025-08-29,12,0,338,1,1,1,13.75,17213280.0,1,1,07:00,intra_session_sparse
EFOI,2025-08-29,12,12,0,0,0,0,2.57,59439.0,0,0,,no_minute_file
EFOR,2025-08-29,12,12,0,0,0,0,53.25,27322215.0,0,0,,no_minute_file
EFTY,2025-08-29,12,12,0,0,0,0,5.71,3975504.0,0,1,,no_minute_file
EFXT,2025-08-29,12,0,264,1,1,1,10.07,5982481.0,1,1,09:30,intra_session_sparse
EGAN,2025-08-29,12,12,0,1,0,0,6.34,198485.0,1,0,,no_session_bars_has_month_file
EGBN,2025-08-29,12,0,152,1,1,1,19.25,10555393.0,1,1,09:30,intra_session_sparse
EGHA,2025-08-29,12,3,1,1,1,1,10.01,591164.0,1,0,11:05,intra_session_sparse
EGHT,2025-08-29,12,0,298,1,1,1,2.02,1769708.0,1,0,09:25,intra_session_sparse
EGY,2025-08-29,12,0,265,1,1,1,3.9,3193746.0,1,1,08:01,intra_session_sparse
EH,2025-08-29,12,0,364,1,1,1,16.15,26449086.0,1,1,04:54,intra_session_sparse
EHTH,2025-08-29,12,2,165,1,1,1,3.89,2709456.0,1,1,08:02,intra_session_sparse
EIC,2025-08-29,12,1,106,1,1,1,13.85,3056231.0,1,1,09:30,intra_session_sparse
EIKN,2025-08-29,12,12,0,0,0,0,,,0,0,,no_daily_history
ELA,2025-08-29,12,2,32,1,1,1,7.34,362283.0,1,0,09:30,intra_session_sparse
ELAB,2025-08-29,12,12,0,0,0,0,157.08,19134684.0,0,0,,no_minute_file
ELAN,2025-08-29,12,0,376,1,1,1,18.45,131163020.0,1,1,09:24,intra_session_sparse
ELBM,2025-08-29,12,12,0,0,0,0,0.9,146092.0,0,0,,no_minute_file
ELDN,2025-08-29,12,0,213,1,1,1,2.57,2702810.0,1,1,07:00,intra_session_sparse
ELE,2025-08-29,12,12,0,0,0,0,,,0,0,,no_daily_history
ELME,2025-08-29,12,0,213,1,1,1,17.03,25068985.0,1,1,09:30,intra_session_sparse
ELMT,2025-08-29,12,12,0,0,0,0,,,0,0,,no_daily_history
ELOG,2025-08-29,12,12,0,0,0,0,2.96,2313844.0,0,1,,no_minute_file
ELPW,2025-08-29,12,12,0,0,0,0,409.22,3727916.0,0,0,,no_minute_file
ELTX,2025-08-29,12,0,66,1,1,1,10.34,1574262.0,1,0,08:20,intra_session_sparse
ELVA,2025-08-29,12,0,138,1,1,1,6.04,1288188.0,1,0,08:46,intra_session_sparse
ELVN,2025-08-29,12,12,0,1,0,0,20.36,8197724.0,1,0,,no_session_bars_has_month_file
ELVR,2025-08-29,12,12,0,0,0,0,,,0,0,,no_daily_history
ELWT,2025-08-29,12,12,0,0,0,0,,,0,0,,no_daily_history
EMAT,2025-08-29,12,12,0,0,0,0,,,0,0,,no_daily_history
EMBC,2025-08-29,12,2,228,1,1,1,14.5,8990635.0,1,1,09:28,intra_session_sparse
EMIS,2025-08-29,12,12,0,0,0,0,,,0,0,,no_daily_history
EMPD,2025-08-29,12,2,236,1,1,1,6.99,4574204.0,1,1,09:30,intra_session_sparse
EMPG,2025-08-29,12,0,192,1,1,1,9.5,3380651.0,1,1,08:27,intra_session_sparse
ENGN,2025-08-29,12,2,59,1,1,1,4.75,274838.0,1,0,09:30,intra_session_sparse
ENGS,2025-08-29,12,2,137,1,1,1,4.25,765679.0,1,0,09:35,intra_session_sparse
ENHA,2025-08-29,12,12,0,0,0,0,9.9,325245.0,0,0,,no_minute_file
ENLV,2025-08-29,12,0,94,1,1,1,1.04,1672586.0,1,0,04:19,intra_session_sparse
ENR,2025-08-29,12,12,0,0,0,0,27.31,31515212.0,0,0,,no_minute_file
ENTA,2025-08-29,12,0,70,1,1,1,8.69,1166835.0,1,0,09:30,intra_session_sparse
ENVB,2025-08-29,12,0,166,1,1,1,15.12,357491.0,1,0,04:05,intra_session_sparse
ENVX,2025-08-29,12,0,376,1,1,1,9.93,75499588.0,1,1,04:02,intra_session_sparse
EOLS,2025-08-29,12,1,291,1,1,1,7.52,15711523.0,1,1,09:12,intra_session_sparse
EONR,2025-08-29,12,12,0,0,0,0,0.362,359797.0,0,0,,no_minute_file
EOSE,2025-08-29,12,0,374,1,1,1,7.13,74375560.0,1,1,04:00,intra_session_sparse
EPC,2025-08-29,12,12,0,0,0,0,23.63,21715596.0,0,0,,no_minute_file
EPM,2025-08-29,12,1,130,1,1,1,5.13,748759.0,1,0,09:30,intra_session_sparse
EPOW,2025-08-29,12,12,0,0,0,0,0.886,10411.0,0,0,,no_minute_file
EPRX,2025-08-29,12,12,0,0,0,0,5.27,40978.0,0,0,,no_minute_file
EPSM,2025-08-29,12,12,0,1,0,0,23.99,10533611.0,1,0,,no_session_bars_has_month_file
EQ,2025-08-29,12,2,285,1,1,1,1.82,20939714.0,1,1,06:43,intra_session_sparse
EQPT,2025-08-29,12,12,0,0,0,0,,,0,0,,no_daily_history
EQX,2025-08-29,12,0,376,1,1,1,8.27,100644245.0,1,1,04:00,intra_session_sparse
ERAS,2025-08-29,12,1,176,1,1,1,1.57,1049016.0,1,0,09:30,intra_session_sparse
ERII,2025-08-29,12,2,140,1,1,1,14.41,5926457.0,1,1,09:30,intra_session_sparse
ERNA,2025-08-29,12,12,0,0,0,0,34.5,60072.0,0,0,,no_minute_file
ERO,2025-08-29,12,0,319,1,1,1,14.03,7864317.0,1,1,09:30,intra_session_sparse
ESOA,2025-08-29,12,0,83,1,1,1,10.28,2004081.0,1,1,09:30,intra_session_sparse
ESPR,2025-08-29,12,0,375,1,1,1,2.21,10026977.0,1,1,04:01,intra_session_sparse
ETD,2025-08-29,12,12,0,0,0,0,29.55,8983299.0,0,0,,no_minute_file
ETON,2025-08-29,12,1,131,1,1,1,17.28,5476311.0,1,1,09:30,intra_session_sparse
ETS,2025-08-29,12,12,0,0,0,0,1.02,7363312.0,0,1,,no_minute_file
EU,2025-08-29,12,0,361,1,1,1,2.35,10133083.0,1,1,07:55,intra_session_sparse
EUDA,2025-08-29,12,12,0,0,0,0,44.3,228048.0,0,0,,no_minute_file
EVAC,2025-08-29,12,12,0,0,0,0,9.948,470454.0,0,0,,no_minute_file
EVC,2025-08-29,12,2,102,1,1,1,2.56,501586.0,1,0,09:30,intra_session_sparse
EVCM,2025-08-29,12,0,217,1,1,1,11.4,2905779.0,1,1,09:30,intra_session_sparse
EVER,2025-08-29,12,12,0,0,0,0,23.15,12056532.0,0,0,,no_minute_file
EVEX,2025-08-29,12,0,319,1,1,1,3.96,5440139.0,1,1,04:05,intra_session_sparse
EVGO,2025-08-29,12,0,375,1,1,1,4.11,18053622.0,1,1,04:48,intra_session_sparse
EVH,2025-08-29,12,0,328,1,1,1,9.64,35079595.0,1,1,06:40,intra_session_sparse
EVLV,2025-08-29,12,0,360,1,1,1,8.36,28500055.0,1,1,04:01,intra_session_sparse
EVMN,2025-08-29,12,12,0,0,0,0,,,0,0,,no_daily_history
EVTL,2025-08-29,12,0,306,1,1,1,5.13,5455491.0,1,1,04:02,intra_session_sparse
EVTV,2025-08-29,12,2,31,1,1,1,2.29,318229.0,1,0,09:30,intra_session_sparse
EWTX,2025-08-29,12,1,303,1,1,1,14.65,10226928.0,1,1,08:20,intra_session_sparse
EXK,2025-08-29,12,0,375,1,1,1,5.89,53495026.0,1,1,04:02,intra_session_sparse
EXOD,2025-08-29,12,12,0,0,0,0,26.16,3393124.0,0,0,,no_minute_file
EXTR,2025-08-29,12,12,0,1,0,0,22.08,30236329.0,1,0,,no_session_bars_has_month_file
EXYN,2025-08-29,12,12,0,0,0,0,,,0,0,,no_daily_history
EYE,2025-08-29,12,12,0,0,0,0,23.4,57153129.0,0,0,,no_minute_file
EYPT,2025-08-29,12,0,221,1,1,1,11.6,7722068.0,1,1,09:25,intra_session_sparse
EZGO,2025-08-29,12,12,0,0,0,0,769.13,1048237.0,0,0,,no_minute_file
EZPW,2025-08-29,12,0,234,1,1,1,16.52,11242956.0,1,1,08:00,intra_session_sparse
EZRA,2025-08-29,12,12,0,0,0,0,38.55,82260.0,0,0,,no_minute_file
F,2025-08-29,12,0,376,1,1,1,11.71,633188583.0,1,1,04:00,intra_session_sparse
FA,2025-08-29,12,2,225,1,1,1,16.33,14042491.0,1,1,09:30,intra_session_sparse
FABC,2025-08-29,12,1,37,1,1,1,6.29,864038.0,1,0,08:10,intra_session_sparse
FATE,2025-08-29,12,0,265,1,1,1,1.08,1613736.0,1,0,08:25,intra_session_sparse
FATN,2025-08-29,12,12,0,1,0,0,6.23,157616.0,1,0,,no_session_bars_has_month_file
FBGL,2025-08-29,12,12,0,0,0,0,0.623,323347.0,0,0,,no_minute_file
FBIO,2025-08-29,12,1,281,1,1,1,2.42,844923.0,1,0,04:13,intra_session_sparse
FBLA,2025-08-29,12,2,38,1,1,1,12.0,694397.0,1,0,09:30,intra_session_sparse
FBP,2025-08-29,12,12,0,0,0,0,22.14,24049325.0,0,0,,no_minute_file
FBYD,2025-08-29,12,12,0,0,0,0,7.33,35854.0,0,0,,no_minute_file
FC,2025-08-29,12,0,146,1,1,1,19.68,2178428.0,1,1,09:30,intra_session_sparse
FCEL,2025-08-29,12,0,290,1,1,1,4.34,5820686.0,1,1,07:00,intra_session_sparse
FCF,2025-08-29,12,0,196,1,1,1,17.81,9142749.0,1,1,09:30,intra_session_sparse
FCHL,2025-08-29,12,12,0,0,0,0,,,0,0,,no_daily_history
FCRS,2025-08-29,12,12,0,0,0,0,,,0,0,,no_daily_history
FCUV,2025-08-29,12,12,0,0,0,0,18.7,48057.0,0,0,,no_minute_file
FDMT,2025-08-29,12,0,191,1,1,1,6.18,16179299.0,1,1,05:08,intra_session_sparse
FDUS,2025-08-29,12,12,0,0,0,0,21.44,3747962.0,0,0,,no_minute_file
FEAM,2025-08-29,12,2,126,1,1,1,3.68,341436.0,1,0,07:08,intra_session_sparse
FEED,2025-08-29,12,0,25,1,1,1,5.57,327272.0,1,0,09:45,intra_session_sparse
FEMY,2025-08-29,12,0,161,1,1,1,7.134,623807.0,1,0,07:02,intra_session_sparse
FENC,2025-08-29,12,2,33,1,1,1,8.87,580061.0,1,0,09:30,intra_session_sparse
FERA,2025-08-29,12,4,1,1,1,1,10.14,339576.0,1,0,11:45,intra_session_sparse
FF,2025-08-29,12,1,112,1,1,1,3.94,1072604.0,1,0,09:30,intra_session_sparse
FFAI,2025-08-29,12,0,374,1,1,1,2.38,33216349.0,1,1,04:04,intra_session_sparse
FGI,2025-08-29,12,3,16,1,1,1,4.167,263146.0,1,0,11:12,intra_session_sparse
FGL,2025-08-29,12,12,0,0,0,0,126.0,293218.0,0,0,,no_minute_file
FGNX,2025-08-29,12,12,0,0,0,0,65.5,7327376.0,0,0,,no_minute_file
FHN,2025-08-29,12,12,0,0,0,0,22.7,220596969.0,0,0,,no_minute_file
FIG,2025-08-29,12,12,0,0,0,0,71.26,1164937290.0,0,0,,no_minute_file
FIGS,2025-08-29,12,0,331,1,1,1,7.16,14529778.0,1,1,07:29,intra_session_sparse
FIP,2025-08-29,12,0,311,1,1,1,4.83,18869977.0,1,1,04:08,intra_session_sparse
FIVN,2025-08-29,12,12,0,0,0,0,26.69,59268966.0,0,0,,no_minute_file
FJET,2025-08-29,12,12,0,0,0,0,,,0,0,,no_daily_history
FLD,2025-08-29,12,1,321,1,1,1,3.64,971965.0,1,0,09:30,intra_session_sparse
FLG,2025-08-29,12,0,358,1,1,1,12.78,72050168.0,1,1,09:21,intra_session_sparse
FLGT,2025-08-29,12,12,0,1,0,0,22.03,6266760.0,1,0,,no_session_bars_has_month_file
FLNA,2025-08-29,12,0,248,1,1,1,2.38,1661755.0,1,0,07:00,intra_session_sparse
FLNC,2025-08-29,12,0,373,1,1,1,7.75,32804954.0,1,1,04:00,intra_session_sparse
FLNT,2025-08-29,12,0,115,1,1,1,2.26,4819458.0,1,1,04:14,intra_session_sparse
FLO,2025-08-29,12,0,365,1,1,1,14.91,46830246.0,1,1,09:19,intra_session_sparse
FLOC,2025-08-29,12,0,240,1,1,1,16.16,6329413.0,1,1,09:29,intra_session_sparse
FLUX,2025-08-29,12,12,0,1,0,0,1.62,173133.0,1,0,,no_session_bars_has_month_file
FLWS,2025-08-29,12,1,135,1,1,1,5.6,2033103.0,1,1,09:30,intra_session_sparse
FLY,2025-08-29,12,12,0,0,0,0,47.15,198580288.0,0,0,,no_minute_file
FLYE,2025-08-29,12,0,166,1,1,1,15.27,18597404.0,1,1,04:03,intra_session_sparse
FLYW,2025-08-29,12,0,319,1,1,1,13.16,30572929.0,1,1,09:30,intra_session_sparse
FLYX,2025-08-29,12,12,0,0,0,0,4.01,124999.0,0,0,,no_minute_file
FMC,2025-08-29,12,12,0,0,0,0,39.31,65202601.0,0,0,,no_minute_file
FMFC,2025-08-29,12,1,124,1,1,1,10.1,7480287.0,1,1,07:05,intra_session_sparse
FMNB,2025-08-29,12,0,92,1,1,1,15.16,1384965.0,1,0,09:30,intra_session_sparse
FMST,2025-08-29,12,0,112,1,1,1,3.22,1365147.0,1,0,07:03,intra_session_sparse
FNB,2025-08-29,12,0,376,1,1,1,16.71,120119175.0,1,1,09:30,intra_session_sparse
FNKO,2025-08-29,12,0,309,1,1,1,3.51,6833028.0,1,1,08:00,intra_session_sparse
FNUC,2025-08-29,12,0,103,1,1,1,4.21,1244851.0,1,0,07:00,intra_session_sparse
FOA,2025-08-29,12,12,0,0,0,0,26.41,3087877.0,0,0,,no_minute_file
FOFO,2025-08-29,12,12,0,0,0,0,,,0,0,,no_daily_history
FOSL,2025-08-29,12,0,183,1,1,1,3.02,3261010.0,1,1,09:22,intra_session_sparse
FOXF,2025-08-29,12,12,0,0,0,0,28.98,18220973.0,0,0,,no_minute_file
FOXX,2025-08-29,12,12,0,0,0,0,5.5,132649.0,0,0,,no_minute_file
FPI,2025-08-29,12,2,171,1,1,1,11.01,3719373.0,1,1,09:30,intra_session_sparse
FRGT,2025-08-29,12,12,0,0,0,0,31.71,84459.0,0,0,,no_minute_file
FRMI,2025-08-29,12,12,0,0,0,0,,,0,0,,no_daily_history
FRMM,2025-08-29,12,12,0,0,0,0,28.7,212789424.0,0,0,,no_minute_file
FRSH,2025-08-29,12,0,363,1,1,1,13.53,64603956.0,1,1,04:00,intra_session_sparse
FRST,2025-08-29,12,2,44,1,1,1,11.12,1190116.0,1,0,09:30,intra_session_sparse
FSCO,2025-08-29,12,0,231,1,1,1,7.52,5899805.0,1,1,09:24,intra_session_sparse
FSK,2025-08-29,12,0,363,1,1,1,17.99,48487716.0,1,1,07:38,intra_session_sparse
FSLY,2025-08-29,12,0,351,1,1,1,7.72,21765499.0,1,1,04:53,intra_session_sparse
FSM,2025-08-29,12,0,374,1,1,1,7.45,88687516.0,1,1,07:00,intra_session_sparse
FTCI,2025-08-29,12,2,64,1,1,1,6.59,709185.0,1,0,09:30,intra_session_sparse
FTHM,2025-08-29,12,0,188,1,1,1,2.3,2389738.0,1,1,04:00,intra_session_sparse
FTK,2025-08-29,12,2,154,1,1,1,12.14,5952642.0,1,1,06:20,intra_session_sparse
FTRE,2025-08-29,12,0,350,1,1,1,9.65,15185763.0,1,1,08:42,intra_session_sparse
FUBO,2025-08-29,12,12,0,0,0,0,41.76,52935000.0,0,0,,no_minute_file
FUFU,2025-08-29,12,0,112,1,1,1,3.95,3329354.0,1,1,07:00,intra_session_sparse
FULC,2025-08-29,12,1,128,1,1,1,6.65,3517358.0,1,1,09:30,intra_session_sparse
FULT,2025-08-29,12,0,327,1,1,1,19.67,29517936.0,1,1,07:50,intra_session_sparse
FUN,2025-08-29,12,12,0,0,0,0,23.17,135054027.0,0,0,,no_minute_file
FUSE,2025-08-29,12,12,0,0,0,0,,,0,0,,no_daily_history
FVAV,2025-08-29,12,12,0,0,0,0,,,0,0,,no_daily_history
FVCB,2025-08-29,12,2,22,1,1,1,13.55,549819.0,1,0,09:30,intra_session_sparse
FVR,2025-08-29,12,0,69,1,1,1,13.5,2596288.0,1,1,09:31,intra_session_sparse
FVRR,2025-08-29,12,12,0,0,0,0,23.62,22640550.0,0,0,,no_minute_file
FWDI,2025-08-29,12,2,66,1,1,1,13.89,613484.0,1,0,09:30,intra_session_sparse
FWRD,2025-08-29,12,12,0,0,0,0,30.41,19181141.0,0,0,,no_minute_file
FWRG,2025-08-29,12,0,226,1,1,1,18.83,24476243.0,1,1,09:26,intra_session_sparse
GAIN,2025-08-29,12,0,99,1,1,1,14.1,1821786.0,1,0,08:00,intra_session_sparse
GALT,2025-08-29,12,1,175,1,1,1,4.25,955139.0,1,0,09:30,intra_session_sparse
GAMB,2025-08-29,12,0,275,1,1,1,8.58,8331017.0,1,1,04:41,intra_session_sparse
GANX,2025-08-29,12,0,199,1,1,1,1.88,638091.0,1,0,08:00,intra_session_sparse
GAP,2025-08-29,12,12,0,1,0,0,21.68,182990377.0,1,0,,no_session_bars_has_month_file
GASS,2025-08-29,12,0,169,1,1,1,7.9,1151705.0,1,0,07:38,intra_session_sparse
GAU,2025-08-29,12,0,366,1,1,1,2.12,4785098.0,1,1,05:20,intra_session_sparse
GBDC,2025-08-29,12,0,312,1,1,1,14.78,14972126.0,1,1,09:30,intra_session_sparse
GBR,2025-08-29,12,0,136,1,1,1,1.11,260971.0,1,0,04:02,intra_session_sparse
GBTG,2025-08-29,12,0,248,1,1,1,8.25,7360161.0,1,1,08:00,intra_session_sparse
GCDT,2025-08-29,12,12,0,0,0,0,,,0,0,,no_daily_history
GCL,2025-08-29,12,2,40,1,1,1,3.374,271505.0,1,0,09:00,intra_session_sparse
GCMG,2025-08-29,12,2,129,1,1,1,13.03,7578180.0,1,1,09:30,intra_session_sparse
GCTK,2025-08-29,12,1,24,1,1,1,4.3,214646.0,1,0,08:00,intra_session_sparse
GCTS,2025-08-29,12,0,180,1,1,1,1.35,304299.0,1,0,06:53,intra_session_sparse
GDOT,2025-08-29,12,0,220,1,1,1,13.54,11421473.0,1,1,07:44,intra_session_sparse
GDRX,2025-08-29,12,0,347,1,1,1,4.36,27895018.0,1,1,07:35,intra_session_sparse
GDYN,2025-08-29,12,0,358,1,1,1,8.07,12845358.0,1,1,09:30,intra_session_sparse
GECC,2025-08-29,12,2,45,1,1,1,11.245,501178.0,1,0,08:28,intra_session_sparse
GEG,2025-08-29,12,12,0,0,0,0,2.515,24790.0,0,0,,no_minute_file
GEL,2025-08-29,12,0,284,1,1,1,17.14,6450399.0,1,1,09:30,intra_session_sparse
GELS,2025-08-29,12,12,0,1,0,0,1.3,130280.0,1,0,,no_session_bars_has_month_file
GEMI,2025-08-29,12,12,0,0,0,0,,,0,0,,no_daily_history
GEN,2025-08-29,12,12,0,0,0,0,30.21,132420196.0,0,0,,no_minute_file
GENB,2025-08-29,12,12,0,0,0,0,,,0,0,,no_daily_history
GENI,2025-08-29,12,1,353,1,1,1,12.83,74861624.0,1,1,08:00,intra_session_sparse
GEO,2025-08-29,12,12,0,0,0,0,20.6,81897736.0,0,0,,no_minute_file
GEOS,2025-08-29,12,0,129,1,1,1,20.13,3845515.0,1,0,08:00,intra_session_sparse
GERN,2025-08-29,12,0,372,1,1,1,1.43,13809939.0,1,1,07:02,intra_session_sparse
GETY,2025-08-29,12,0,227,1,1,1,1.83,1222683.0,1,0,08:00,intra_session_sparse
GEVO,2025-08-29,12,0,352,1,1,1,1.73,16749175.0,1,1,04:46,intra_session_sparse
GGB,2025-08-29,12,0,359,1,1,1,3.07,26572201.0,1,1,09:30,intra_session_sparse
GHRS,2025-08-29,12,2,97,1,1,1,13.84,3297847.0,1,1,08:20,intra_session_sparse
GIBO,2025-08-29,12,0,92,1,1,1,3.35,2992593.0,1,1,06:11,intra_session_sparse
GILT,2025-08-29,12,1,266,1,1,1,9.56,8023119.0,1,1,04:15,intra_session_sparse
GIPR,2025-08-29,12,12,0,0,0,0,0.941,66336.0,0,0,,no_minute_file
GITS,2025-08-29,12,12,0,1,0,0,2.28,65243.0,1,0,,no_session_bars_has_month_file
GIW,2025-08-29,12,12,0,0,0,0,,,0,0,,no_daily_history
GIX,2025-08-29,12,12,0,0,0,0,,,0,0,,no_daily_history
GLAD,2025-08-29,12,12,0,0,0,0,26.32,2589894.0,0,0,,no_minute_file
GLDG,2025-08-29,12,12,0,0,0,0,0.924,570583.0,0,0,,no_minute_file
GLE,2025-08-29,12,12,0,1,0,0,0.69,1537369.0,1,0,,no_session_bars_has_month_file
GLED,2025-08-29,12,12,0,0,0,0,,,0,0,,no_daily_history
GLMD,2025-08-29,12,2,90,1,1,1,1.38,340364.0,1,0,04:28,intra_session_sparse
GLND,2025-08-29,12,12,0,0,0,0,10.02,100191.0,0,0,,no_minute_file
GLOO,2025-08-29,12,12,0,0,0,0,,,0,0,,no_daily_history
GLRE,2025-08-29,12,2,83,1,1,1,13.12,1356121.0,1,0,09:30,intra_session_sparse
GLSI,2025-08-29,12,1,41,1,1,1,11.46,536248.0,1,0,08:41,intra_session_sparse
GLUE,2025-08-29,12,0,226,1,1,1,4.83,1697574.0,1,0,09:30,intra_session_sparse
GLXG,2025-08-29,12,12,0,0,0,0,4.95,55907.0,0,0,,no_minute_file
GLXY,2025-08-29,12,12,0,0,0,0,24.51,230199315.0,0,0,,no_minute_file
GME,2025-08-29,12,12,0,0,0,0,22.79,121181196.0,0,0,,no_minute_file
GMHS,2025-08-29,12,0,376,1,1,1,1.13,3269417.0,1,1,04:00,intra_session_sparse
GMRS,2025-08-29,12,12,0,0,0,0,,,0,0,,no_daily_history
GNE,2025-08-29,12,2,128,1,1,1,15.08,3784550.0,1,1,09:30,intra_session_sparse
GNK,2025-08-29,12,0,220,1,1,1,17.11,9601147.0,1,1,07:57,intra_session_sparse
GNL,2025-08-29,12,1,260,1,1,1,7.77,11216254.0,1,1,09:30,intra_session_sparse
GNLX,2025-08-29,12,1,77,1,1,1,3.53,316443.0,1,0,04:49,intra_session_sparse
GNPX,2025-08-29,12,0,212,1,1,1,8.735,1256758.0,1,0,04:00,intra_session_sparse
GNS,2025-08-29,12,12,0,1,0,0,0.942,3553263.0,1,0,,no_session_bars_has_month_file
GNW,2025-08-29,12,0,343,1,1,1,8.58,42930059.0,1,1,08:00,intra_session_sparse
GO,2025-08-29,12,0,365,1,1,1,18.08,74080026.0,1,1,09:25,intra_session_sparse
GOAI,2025-08-29,12,12,0,0,0,0,,,0,0,,no_daily_history
GOGO,2025-08-29,12,0,334,1,1,1,10.97,25130792.0,1,1,09:30,intra_session_sparse
GOOS,2025-08-29,12,0,305,1,1,1,13.18,21959505.0,1,1,04:09,intra_session_sparse
GORO,2025-08-29,12,12,0,0,0,0,0.467,1244345.0,0,0,,no_minute_file
GOSS,2025-08-29,12,0,365,1,1,1,2.4,6558954.0,1,1,07:31,intra_session_sparse
GOVX,2025-08-29,12,0,110,1,1,1,18.61,571520.0,1,0,06:56,intra_session_sparse
GP,2025-08-29,12,2,41,1,1,1,3.39,1826062.0,1,0,07:06,intra_session_sparse
GPAT,2025-08-29,12,6,5,1,1,1,10.58,1375161.0,1,0,12:56,intra_session_sparse
GPGI,2025-08-29,12,0,302,1,1,1,19.75,22118595.0,1,1,07:00,intra_session_sparse
GPK,2025-08-29,12,12,0,0,0,0,22.19,76394058.0,0,0,,no_minute_file
GPRE,2025-08-29,12,0,362,1,1,1,11.1,17920965.0,1,1,07:50,intra_session_sparse
GPRK,2025-08-29,12,0,184,1,1,1,6.49,4578955.0,1,1,09:30,intra_session_sparse
GPRO,2025-08-29,12,0,373,1,1,1,1.66,13419178.0,1,1,05:16,intra_session_sparse
GRAB,2025-08-29,12,0,376,1,1,1,4.97,129121661.0,1,1,04:00,intra_session_sparse
GRCE,2025-08-29,12,0,51,1,1,1,2.99,309745.0,1,0,09:30,intra_session_sparse
GRDX,2025-08-29,12,0,52,1,1,1,2.15,9587661.0,1,1,08:03,intra_session_sparse
GREE,2025-08-29,12,12,0,1,0,0,1.25,175637.0,1,0,,no_session_bars_has_month_file
GRI,2025-08-29,12,12,0,0,0,0,38.92,135842.0,0,0,,no_minute_file
GRND,2025-08-29,12,0,348,1,1,1,15.7,39928371.0,1,1,04:00,intra_session_sparse
GRNT,2025-08-29,12,2,204,1,1,1,5.66,3386168.0,1,1,07:19,intra_session_sparse
GRO,2025-08-29,12,0,164,1,1,1,1.85,3610516.0,1,1,04:03,intra_session_sparse
GROY,2025-08-29,12,0,371,1,1,1,3.28,7150800.0,1,1,04:00,intra_session_sparse
GRPN,2025-08-29,12,12,0,0,0,0,26.39,48053861.0,0,0,,no_minute_file
GRRR,2025-08-29,12,0,322,1,1,1,16.05,23866822.0,1,1,04:05,intra_session_sparse
GRWG,2025-08-29,12,0,154,1,1,1,1.77,1433302.0,1,0,06:09,intra_session_sparse
GSBD,2025-08-29,12,0,233,1,1,1,11.42,6701538.0,1,1,05:17,intra_session_sparse
GSIT,2025-08-29,12,0,133,1,1,1,3.08,907416.0,1,0,09:30,intra_session_sparse
GSIW,2025-08-29,12,0,311,1,1,1,21.14,1222754.0,1,0,04:00,intra_session_sparse
GSM,2025-08-29,12,1,285,1,1,1,4.13,5665630.0,1,1,09:30,intra_session_sparse
GSRF,2025-08-29,12,12,0,0,0,0,,,0,0,,no_daily_history
GT,2025-08-29,12,0,376,1,1,1,8.52,81596550.0,1,1,04:13,intra_session_sparse
GTBP,2025-08-29,12,12,0,1,0,0,0.967,144358.0,1,0,,no_session_bars_has_month_file
GTE,2025-08-29,12,2,140,1,1,1,4.15,1285001.0,1,0,09:30,intra_session_sparse
GTEN,2025-08-29,12,2,24,1,1,1,10.15,1845332.0,1,0,10:11,intra_session_sparse
GTERA,2025-08-29,12,2,16,1,1,1,9.97,2501574.0,1,1,09:32,intra_session_sparse
GTLB,2025-08-29,12,12,0,0,0,0,49.025,195820368.0,0,0,,no_minute_file
GTM,2025-08-29,12,0,363,1,1,1,10.895,57803514.0,1,1,09:30,intra_session_sparse
GTN,2025-08-29,12,0,262,1,1,1,6.09,9425314.0,1,1,09:09,intra_session_sparse
GTX,2025-08-29,12,0,360,1,1,1,13.05,49318297.0,1,1,08:00,intra_session_sparse
GURE,2025-08-29,12,12,0,0,0,0,,,0,0,,no_daily_history
GUTS,2025-08-29,12,12,0,1,0,0,0.99,1681210.0,1,0,,no_session_bars_has_month_file
GV,2025-08-29,12,2,35,1,1,1,1.63,6645758.0,1,1,08:00,intra_session_sparse
GVH,2025-08-29,12,1,94,1,1,1,4.605,372020.0,1,0,05:24,intra_session_sparse
GWAV,2025-08-29,12,2,51,1,1,1,7.13,668682.0,1,0,05:21,intra_session_sparse
GWH,2025-08-29,12,2,72,1,1,1,1.48,311286.0,1,0,08:16,intra_session_sparse
GXAI,2025-08-29,12,0,165,1,1,1,1.85,32281031.0,1,1,04:23,intra_session_sparse
HAFN,2025-08-29,12,0,293,1,1,1,6.14,7702718.0,1,1,04:43,intra_session_sparse
HAIN,2025-08-29,12,2,274,1,1,1,1.78,1767799.0,1,0,09:07,intra_session_sparse
HAO,2025-08-29,12,12,0,0,0,0,152.32,48651.0,0,0,,no_minute_file
HAVA,2025-08-29,12,12,0,0,0,0,,,0,0,,no_daily_history
HAYW,2025-08-29,12,0,360,1,1,1,16.2,42089213.0,1,1,09:30,intra_session_sparse
HBAN,2025-08-29,12,0,376,1,1,1,17.8,424623457.0,1,1,09:26,intra_session_sparse
HBIO,2025-08-29,12,2,100,1,1,1,5.202,261844.0,1,0,05:50,intra_session_sparse
HBM,2025-08-29,12,0,367,1,1,1,11.8,73765969.0,1,1,05:30,intra_session_sparse
HBNC,2025-08-29,12,0,208,1,1,1,16.88,7636958.0,1,1,09:30,intra_session_sparse
HCAC,2025-08-29,12,12,0,0,0,0,,,0,0,,no_daily_history
HCAI,2025-08-29,12,12,0,0,0,0,19.44,76869.0,0,0,,no_minute_file
HCAT,2025-08-29,12,0,250,1,1,1,3.65,3494204.0,1,1,08:00,intra_session_sparse
HCHL,2025-08-29,12,2,56,1,1,1,3.24,391716.0,1,0,09:34,intra_session_sparse
HCKT,2025-08-29,12,12,0,1,0,0,20.65,7922316.0,1,0,,no_session_bars_has_month_file
HCSG,2025-08-29,12,1,217,1,1,1,15.67,12271788.0,1,1,09:30,intra_session_sparse
HCTI,2025-08-29,12,12,0,0,0,0,142.2,5189360.0,0,0,,no_minute_file
HCWB,2025-08-29,12,2,158,1,1,1,5.68,25149384.0,1,1,04:02,intra_session_sparse
HDRN,2025-08-29,12,12,0,1,0,0,10.37,322760.0,1,0,,no_session_bars_has_month_file
HDSN,2025-08-29,12,0,173,1,1,1,10.28,4550194.0,1,1,08:34,intra_session_sparse
HE,2025-08-29,12,0,373,1,1,1,12.89,23628516.0,1,1,04:20,intra_session_sparse
HELE,2025-08-29,12,12,0,0,0,0,24.31,15406227.0,0,0,,no_minute_file
HELP,2025-08-29,12,0,229,1,1,1,7.64,2704876.0,1,1,07:40,intra_session_sparse
HGTY,2025-08-29,12,2,129,1,1,1,11.24,2899348.0,1,1,09:30,intra_session_sparse
HIHO,2025-08-29,12,12,0,0,0,0,1.7,17859.0,0,0,,no_minute_file
HIMS,2025-08-29,12,12,0,0,0,0,44.12,1501049237.0,0,0,,no_minute_file
HIND,2025-08-29,12,1,53,1,1,1,9.6,10468665.0,1,1,09:22,intra_session_sparse
HIT,2025-08-29,12,2,127,1,1,1,2.8,2772429.0,1,1,07:00,intra_session_sparse
HITI,2025-08-29,12,0,301,1,1,1,3.57,2951503.0,1,1,06:34,intra_session_sparse
HIVE,2025-08-29,12,0,376,1,1,1,2.94,41278026.0,1,1,04:00,intra_session_sparse
HKPD,2025-08-29,12,0,185,1,1,1,1.61,11196433.0,1,1,04:04,intra_session_sparse
HL,2025-08-29,12,0,376,1,1,1,8.07,162213930.0,1,1,04:01,intra_session_sparse
HLF,2025-08-29,12,0,367,1,1,1,9.17,17711893.0,1,1,04:00,intra_session_sparse
HLIT,2025-08-29,12,0,244,1,1,1,9.72,10395081.0,1,1,08:03,intra_session_sparse
HLLY,2025-08-29,12,0,225,1,1,1,4.03,2894804.0,1,1,09:30,intra_session_sparse
HLMN,2025-08-29,12,1,292,1,1,1,9.97,16848556.0,1,1,09:30,intra_session_sparse
HLX,2025-08-29,12,1,303,1,1,1,6.58,8416501.0,1,1,09:21,intra_session_sparse
HLXC,2025-08-29,12,12,0,0,0,0,,,0,0,,no_daily_history
HMH,2025-08-29,12,12,0,0,0,0,,,0,0,,no_daily_history
HMY,2025-08-29,12,0,375,1,1,1,12.61,62255827.0,1,1,04:00,intra_session_sparse
HNRG,2025-08-29,12,1,208,1,1,1,16.38,16046981.0,1,1,04:00,intra_session_sparse
HNST,2025-08-29,12,0,366,1,1,1,3.96,19401148.0,1,1,04:08,intra_session_sparse
HOG,2025-08-29,12,12,0,0,0,0,28.82,51725223.0,0,0,,no_minute_file
HOPE,2025-08-29,12,1,243,1,1,1,11.19,9118119.0,1,1,09:30,intra_session_sparse
HOUR,2025-08-29,12,12,0,0,0,0,1.515,38414.0,0,0,,no_minute_file
HOVR,2025-08-29,12,1,192,1,1,1,1.85,1351481.0,1,0,04:01,intra_session_sparse
HOWL,2025-08-29,12,12,0,1,0,0,1.39,171004.0,1,0,,no_session_bars_has_month_file
HP,2025-08-29,12,12,0,1,0,0,20.22,42404406.0,1,0,,no_session_bars_has_month_file
HPAI,2025-08-29,12,12,0,0,0,0,3.85,11690.0,0,0,,no_minute_file
HPE,2025-08-29,12,12,0,1,0,0,23.16,349579021.0,1,0,,no_session_bars_has_month_file
HPK,2025-08-29,12,0,209,1,1,1,7.76,4781013.0,1,1,08:44,intra_session_sparse
HPP,2025-08-29,12,0,374,1,1,1,19.74,17820236.0,1,1,09:30,intra_session_sparse
HPQ,2025-08-29,12,12,0,0,0,0,28.35,224322200.0,0,0,,no_minute_file
HQ,2025-08-29,12,12,0,0,0,0,,,0,0,,no_daily_history
HQH,2025-08-29,12,2,172,1,1,1,16.38,3413261.0,1,1,09:30,intra_session_sparse
HQL,2025-08-29,12,0,85,1,1,1,13.91,1355206.0,1,0,09:30,intra_session_sparse
HRL,2025-08-29,12,12,0,0,0,0,25.22,112254111.0,0,0,,no_minute_file
HRTX,2025-08-29,12,0,322,1,1,1,1.39,3544163.0,1,1,07:06,intra_session_sparse
HRZN,2025-08-29,12,0,273,1,1,1,6.88,4866102.0,1,1,07:00,intra_session_sparse
HSDT,2025-08-29,12,2,19,1,1,1,6.215,245472.0,1,0,09:48,intra_session_sparse
HSHP,2025-08-29,12,2,63,1,1,1,7.64,760128.0,1,0,04:12,intra_session_sparse
HST,2025-08-29,12,0,374,1,1,1,17.29,162546093.0,1,1,09:11,intra_session_sparse
HSTM,2025-08-29,12,12,0,0,0,0,28.08,5527502.0,0,0,,no_minute_file
HTCO,2025-08-29,12,2,94,1,1,1,11.26,522917.0,1,0,08:00,intra_session_sparse
HTCR,2025-08-29,12,12,0,0,0,0,25.0,2368393.0,0,0,,no_minute_file
HTGC,2025-08-29,12,0,289,1,1,1,19.43,20952627.0,1,1,07:04,intra_session_sparse
HTLD,2025-08-29,12,0,211,1,1,1,8.58,5780083.0,1,1,09:30,intra_session_sparse
HTLM,2025-08-29,12,12,0,0,0,0,3.8,23339.0,0,0,,no_minute_file
HTOO,2025-08-29,12,0,23,1,1,1,4.056,285682.0,1,0,07:32,intra_session_sparse
HTT,2025-08-29,12,0,166,1,1,1,4.58,2962548.0,1,1,09:30,intra_session_sparse
HTZ,2025-08-29,12,0,373,1,1,1,5.73,51644739.0,1,1,05:43,intra_session_sparse
HUBC,2025-08-29,12,12,0,0,0,0,1695.0,961822.0,0,0,,no_minute_file
HUMA,2025-08-29,12,0,369,1,1,1,1.58,11356774.0,1,1,04:00,intra_session_sparse
HUN,2025-08-29,12,0,373,1,1,1,10.89,47537820.0,1,1,09:30,intra_session_sparse
HURA,2025-08-29,12,2,149,1,1,1,2.81,2427053.0,1,1,07:00,intra_session_sparse
HUYA,2025-08-29,12,0,361,1,1,1,3.4,3988180.0,1,1,08:00,intra_session_sparse
HVII,2025-08-29,12,8,1,1,1,1,10.175,271193.0,1,0,14:15,intra_session_sparse
HVT,2025-08-29,12,12,0,0,0,0,22.52,2189222.0,0,0,,no_minute_file
HWH,2025-08-29,12,12,0,1,0,0,1.445,170384.0,1,0,,no_session_bars_has_month_file
HXHX,2025-08-29,12,12,0,0,0,0,0.971,143626.0,0,0,,no_minute_file
HYFT,2025-08-29,12,0,250,1,1,1,2.49,4246167.0,1,1,05:43,intra_session_sparse
HYLN,2025-08-29,12,0,245,1,1,1,1.72,1737132.0,1,0,07:28,intra_session_sparse
HYMC,2025-08-29,12,0,302,1,1,1,4.24,2214149.0,1,1,08:00,intra_session_sparse
HYNE,2025-08-29,12,12,0,0,0,0,,,0,0,,no_daily_history
HYPD,2025-08-29,12,0,176,1,1,1,6.63,3563139.0,1,1,05:14,intra_session_sparse
IAG,2025-08-29,12,0,376,1,1,1,8.95,98982372.0,1,1,04:59,intra_session_sparse
IART,2025-08-29,12,2,296,1,1,1,14.84,20105107.0,1,1,09:30,intra_session_sparse
IAUX,2025-08-29,12,12,0,0,0,0,0.768,3207958.0,0,0,,no_minute_file
IBG,2025-08-29,12,2,48,1,1,1,14.56,277843.0,1,0,06:33,intra_session_sparse
IBIO,2025-08-29,12,12,0,0,0,0,0.825,1657605.0,0,0,,no_minute_file
IBRX,2025-08-29,12,0,374,1,1,1,2.33,22301716.0,1,1,04:33,intra_session_sparse
IBTA,2025-08-29,12,12,0,0,0,0,25.47,24063643.0,0,0,,no_minute_file
ICHR,2025-08-29,12,0,299,1,1,1,17.58,22283460.0,1,1,05:16,intra_session_sparse
ICL,2025-08-29,12,0,268,1,1,1,6.54,4692112.0,1,1,09:30,intra_session_sparse
ICON,2025-08-29,12,12,0,1,0,0,10.45,99536.0,1,0,,no_session_bars_has_month_file
ICU,2025-08-29,12,0,237,1,1,1,8.46,1202903.0,1,0,04:23,intra_session_sparse
IDAI,2025-08-29,12,12,0,0,0,0,2.905,74880.0,0,0,,no_minute_file
IDN,2025-08-29,12,0,93,1,1,1,5.41,952791.0,1,0,09:30,intra_session_sparse
IE,2025-08-29,12,0,281,1,1,1,8.89,8606420.0,1,1,08:00,intra_session_sparse
IEAG,2025-08-29,12,12,0,0,0,0,,,0,0,,no_daily_history
IEP,2025-08-29,12,0,222,1,1,1,8.62,7497344.0,1,1,07:00,intra_session_sparse
IFRX,2025-08-29,12,0,326,1,1,1,1.17,356218.0,1,0,05:20,intra_session_sparse
IHRT,2025-08-29,12,0,231,1,1,1,2.21,2260123.0,1,1,08:00,intra_session_sparse
IHS,2025-08-29,12,1,206,1,1,1,7.26,4523930.0,1,1,08:39,intra_session_sparse
III,2025-08-29,12,2,153,1,1,1,5.12,1282809.0,1,0,08:00,intra_session_sparse
IIIV,2025-08-29,12,12,0,0,0,0,31.38,8288925.0,0,0,,no_minute_file
IKT,2025-08-29,12,12,0,1,0,0,1.84,173748.0,1,0,,no_session_bars_has_month_file
ILLR,2025-08-29,12,12,0,0,0,0,0.476,750484.0,0,0,,no_minute_file
IMA,2025-08-29,12,12,0,1,0,0,13.46,169510.0,1,0,,no_session_bars_has_month_file
IMCC,2025-08-29,12,12,0,1,0,0,2.44,109132.0,1,0,,no_session_bars_has_month_file
IMDX,2025-08-29,12,12,0,0,0,0,2.51,74848.0,0,0,,no_minute_file
IMMR,2025-08-29,12,0,196,1,1,1,7.01,2603712.0,1,1,09:30,intra_session_sparse
IMMX,2025-08-29,12,0,159,1,1,1,2.29,647352.0,1,0,08:00,intra_session_sparse
IMNM,2025-08-29,12,0,273,1,1,1,9.9,6534929.0,1,1,09:30,intra_session_sparse
IMPP,2025-08-29,12,1,146,1,1,1,3.33,410708.0,1,0,08:00,intra_session_sparse
IMRX,2025-08-29,12,0,182,1,1,1,5.6,4002711.0,1,1,04:25,intra_session_sparse
IMSR,2025-08-29,12,0,121,1,1,1,11.77,7797882.0,1,1,08:00,intra_session_sparse
IMTE,2025-08-29,12,12,0,0,0,0,0.88,12849.0,0,0,,no_minute_file
IMTX,2025-08-29,12,0,291,1,1,1,5.28,3731456.0,1,1,09:30,intra_session_sparse
IMUX,2025-08-29,12,2,269,1,1,1,8.7,988990.0,1,0,07:00,intra_session_sparse
IMVT,2025-08-29,12,0,307,1,1,1,14.82,17693036.0,1,1,08:54,intra_session_sparse
IMXI,2025-08-29,12,0,205,1,1,1,14.5,18645304.0,1,1,09:30,intra_session_sparse
INBS,2025-08-29,12,12,0,1,0,0,16.5,193922.0,1,0,,no_session_bars_has_month_file
INDI,2025-08-29,12,0,357,1,1,1,4.72,17171792.0,1,1,05:23,intra_session_sparse
INDO,2025-08-29,12,1,185,1,1,1,2.92,1275048.0,1,0,04:01,intra_session_sparse
INDP,2025-08-29,12,12,0,1,0,0,6.39,50705.0,1,0,,no_session_bars_has_month_file
INFQ,2025-08-29,12,2,7,1,1,1,10.1,613393.0,1,0,10:15,intra_session_sparse
INFU,2025-08-29,12,0,190,1,1,1,10.73,3187599.0,1,1,04:00,intra_session_sparse
INGM,2025-08-29,12,1,129,1,1,1,19.67,7349159.0,1,1,09:30,intra_session_sparse
INGN,2025-08-29,12,0,203,1,1,1,7.96,1903368.0,1,0,05:01,intra_session_sparse
INHD,2025-08-29,12,12,0,0,0,0,2404.8,67176198.0,0,0,,no_minute_file
INKT,2025-08-29,12,2,48,1,1,1,14.82,1797023.0,1,0,08:00,intra_session_sparse
INLF,2025-08-29,12,2,41,1,1,1,19.04,206815.0,1,0,04:18,intra_session_sparse
INMB,2025-08-29,12,2,274,1,1,1,2.09,5414932.0,1,1,04:01,intra_session_sparse
INMD,2025-08-29,12,2,306,1,1,1,14.92,16021632.0,1,1,04:22,intra_session_sparse
INN,2025-08-29,12,0,226,1,1,1,5.44,4737603.0,1,1,09:30,intra_session_sparse
INNV,2025-08-29,12,12,0,0,0,0,3.83,69750.0,0,0,,no_minute_file
INO,2025-08-29,12,0,322,1,1,1,2.46,4386757.0,1,1,04:00,intra_session_sparse
INR,2025-08-29,12,1,152,1,1,1,14.8,4552590.0,1,1,08:32,intra_session_sparse
INSG,2025-08-29,12,0,154,1,1,1,12.28,3402100.0,1,1,09:30,intra_session_sparse
INTA,2025-08-29,12,12,0,0,0,0,46.42,60287062.0,0,0,,no_minute_file
INTR,2025-08-29,12,0,331,1,1,1,8.61,24648084.0,1,1,08:01,intra_session_sparse
INTS,2025-08-29,12,0,234,1,1,1,7.275,1321730.0,1,0,04:00,intra_session_sparse
INTT,2025-08-29,12,0,51,1,1,1,7.18,289056.0,1,0,09:30,intra_session_sparse
INV,2025-08-29,12,2,78,1,1,1,4.83,2272616.0,1,1,09:30,intra_session_sparse
INVA,2025-08-29,12,12,0,1,0,0,20.03,16080620.0,1,0,,no_session_bars_has_month_file
INVX,2025-08-29,12,2,133,1,1,1,17.23,5847716.0,1,1,09:30,intra_session_sparse
INVZ,2025-08-29,12,0,370,1,1,1,1.71,11769096.0,1,1,04:01,intra_session_sparse
IOTR,2025-08-29,12,12,0,1,0,0,4.415,87268.0,1,0,,no_session_bars_has_month_file
IOVA,2025-08-29,12,0,375,1,1,1,2.23,37717885.0,1,1,04:13,intra_session_sparse
IPCX,2025-08-29,12,1,21,1,1,1,10.11,2347459.0,1,1,09:46,intra_session_sparse
IPDN,2025-08-29,12,0,372,1,1,1,1.93,4011720.0,1,1,09:00,intra_session_sparse
IPM,2025-08-29,12,12,0,0,0,0,1.95,102065.0,0,0,,no_minute_file
IPSC,2025-08-29,12,12,0,0,0,0,0.5,378839.0,0,0,,no_minute_file
IPST,2025-08-29,12,12,0,0,0,0,180.44,1696161.0,0,0,,no_minute_file
IPW,2025-08-29,12,12,0,0,0,0,118.03,62018.0,0,0,,no_minute_file
IPWR,2025-08-29,12,2,22,1,1,1,5.51,554998.0,1,0,09:30,intra_session_sparse
IRD,2025-08-29,12,0,73,1,1,1,1.19,218673.0,1,0,09:25,intra_session_sparse
IRDM,2025-08-29,12,12,0,0,0,0,24.61,36773708.0,0,0,,no_minute_file
IRWD,2025-08-29,12,0,175,1,1,1,1.32,1519466.0,1,0,08:29,intra_session_sparse
ISPC,2025-08-29,12,12,0,0,0,0,28.8,1246868.0,0,0,,no_minute_file
ISSC,2025-08-29,12,1,316,1,1,1,13.42,14803677.0,1,1,07:00,intra_session_sparse
ITHA,2025-08-29,12,12,0,0,0,0,,,0,0,,no_daily_history
ITOC,2025-08-29,12,0,102,1,1,1,12.01,2186888.0,1,1,04:12,intra_session_sparse
ITRG,2025-08-29,12,0,335,1,1,1,2.16,2694386.0,1,1,07:02,intra_session_sparse
IVA,2025-08-29,12,1,140,1,1,1,6.35,229629.0,1,0,04:00,intra_session_sparse
IVDA,2025-08-29,12,2,36,1,1,1,1.62,338865.0,1,0,05:23,intra_session_sparse
IVF,2025-08-29,12,12,0,0,0,0,38.06,1564750.0,0,0,,no_minute_file
IVVD,2025-08-29,12,12,0,1,0,0,0.99,12305108.0,1,0,,no_session_bars_has_month_file
IXHL,2025-08-29,12,0,376,1,1,1,18.54,82041058.0,1,1,04:00,intra_session_sparse
JACK,2025-08-29,12,1,265,1,1,1,18.74,21606154.0,1,1,08:00,intra_session_sparse
JAGU,2025-08-29,12,12,0,0,0,0,,,0,0,,no_daily_history
JAKK,2025-08-29,12,1,68,1,1,1,18.12,2017628.0,1,1,09:30,intra_session_sparse
JANX,2025-08-29,12,12,0,0,0,0,23.05,19691918.0,0,0,,no_minute_file
JATT,2025-08-29,12,12,0,0,0,0,,,0,0,,no_daily_history
JBGS,2025-08-29,12,12,0,1,0,0,21.19,23435259.0,1,0,,no_session_bars_has_month_file
JBI,2025-08-29,12,0,242,1,1,1,10.41,13285097.0,1,1,09:30,intra_session_sparse
JBIO,2025-08-29,12,2,54,1,1,1,8.08,816361.0,1,0,09:30,intra_session_sparse
JBLU,2025-08-29,12,0,374,1,1,1,5.23,82251107.0,1,1,05:02,intra_session_sparse
JBS,2025-08-29,12,0,374,1,1,1,16.33,86437354.0,1,1,06:11,intra_session_sparse
JCAP,2025-08-29,12,2,108,1,1,1,19.49,3356261.0,1,1,09:20,intra_session_sparse
JDZG,2025-08-29,12,12,0,0,0,0,442.5,244958.0,0,0,,no_minute_file
JELD,2025-08-29,12,0,343,1,1,1,6.05,11034210.0,1,1,08:00,intra_session_sparse
JEM,2025-08-29,12,12,0,0,0,0,44.0,2558824.0,0,0,,no_minute_file
JENA,2025-08-29,12,12,0,1,0,0,10.14,989339.0,1,0,,no_session_bars_has_month_file
JFB,2025-08-29,12,5,37,1,1,1,3.47,392992.0,1,0,08:53,intra_session_sparse
JHX,2025-08-29,12,12,0,1,0,0,20.59,245507341.0,1,0,,no_session_bars_has_month_file
JILL,2025-08-29,12,0,74,1,1,1,17.06,1461651.0,1,0,09:30,intra_session_sparse
JLHL,2025-08-29,12,12,0,1,0,0,4.15,123177.0,1,0,,no_session_bars_has_month_file
JMG,2025-08-29,12,12,0,0,0,0,,,0,0,,no_daily_history
JMIA,2025-08-29,12,0,369,1,1,1,9.13,41977243.0,1,1,06:32,intra_session_sparse
JOBY,2025-08-29,12,0,376,1,1,1,14.27,550578980.0,1,1,04:00,intra_session_sparse
JRVR,2025-08-29,12,2,217,1,1,1,5.62,1771980.0,1,0,09:30,intra_session_sparse
JSPR,2025-08-29,12,2,78,1,1,1,2.84,638678.0,1,0,09:30,intra_session_sparse
JTAI,2025-08-29,12,12,0,0,0,0,662.0,182550.0,0,0,,no_minute_file
JXG,2025-08-29,12,12,0,1,0,0,15.27,127972.0,1,0,,no_session_bars_has_month_file
JZXN,2025-08-29,12,12,0,0,0,0,34.3,233265.0,0,0,,no_minute_file
KALA,2025-08-29,12,12,0,0,0,0,529.5,1054492.0,0,0,,no_minute_file
KALV,2025-08-29,12,2,243,1,1,1,13.51,8521097.0,1,1,09:30,intra_session_sparse
KAPA,2025-08-29,12,1,208,1,1,1,1.26,767772.0,1,0,04:01,intra_session_sparse
KBDC,2025-08-29,12,0,118,1,1,1,15.03,2070966.0,1,1,08:54,intra_session_sparse
KBON,2025-08-29,12,12,0,0,0,0,,,0,0,,no_daily_history
KD,2025-08-29,12,12,0,0,0,0,31.51,117043130.0,0,0,,no_minute_file
KDK,2025-08-29,12,0,91,1,1,1,11.37,1845112.0,1,0,04:06,intra_session_sparse
KEEL,2025-08-29,12,0,375,1,1,1,1.32,33596330.0,1,1,04:00,intra_session_sparse
KELYA,2025-08-29,12,1,142,1,1,1,14.1,4832750.0,1,1,09:30,intra_session_sparse
KELYB,2025-08-29,12,12,0,0,0,0,14.6,9310.0,0,0,,no_minute_file
KEP,2025-08-29,12,0,161,1,1,1,13.49,8164204.0,1,1,04:26,intra_session_sparse
KEY,2025-08-29,12,0,376,1,1,1,19.35,492777515.0,1,1,07:35,intra_session_sparse
KIDS,2025-08-29,12,12,0,1,0,0,21.44,3585534.0,1,0,,no_session_bars_has_month_file
KIDZ,2025-08-29,12,12,0,0,0,0,65.0,648150.0,0,0,,no_minute_file
KIM,2025-08-29,12,12,0,0,0,0,22.4,84059788.0,0,0,,no_minute_file
KINS,2025-08-29,12,1,115,1,1,1,13.68,3748721.0,1,1,08:14,intra_session_sparse
KITT,2025-08-29,12,12,0,0,0,0,66.38,1867841.0,0,0,,no_minute_file
KLAR,2025-08-29,12,12,0,0,0,0,,,0,0,,no_daily_history
KLC,2025-08-29,12,2,234,1,1,1,7.14,10084625.0,1,1,09:18,intra_session_sparse
KLRA,2025-08-29,12,12,0,0,0,0,,,0,0,,no_daily_history
KLRS,2025-08-29,12,2,93,1,1,1,3.56,235560.0,1,0,04:32,intra_session_sparse
KLTR,2025-08-29,12,0,188,1,1,1,1.61,442294.0,1,0,08:00,intra_session_sparse
KMTS,2025-08-29,12,0,149,1,1,1,17.71,3247482.0,1,1,09:30,intra_session_sparse
KNRX,2025-08-29,12,12,0,0,0,0,,,0,0,,no_daily_history
KOD,2025-08-29,12,2,221,1,1,1,8.97,5934197.0,1,1,09:25,intra_session_sparse
KODK,2025-08-29,12,0,284,1,1,1,5.79,12174249.0,1,1,07:00,intra_session_sparse
KOPN,2025-08-29,12,0,356,1,1,1,2.18,5489990.0,1,1,04:43,intra_session_sparse
KORE,2025-08-29,12,12,0,0,0,0,2.5,24526.0,0,0,,no_minute_file
KOS,2025-08-29,12,0,373,1,1,1,1.83,17997485.0,1,1,07:17,intra_session_sparse
KOYN,2025-08-29,12,12,0,0,0,0,,,0,0,,no_daily_history
KPLT,2025-08-29,12,2,60,1,1,1,13.64,436368.0,1,0,09:30,intra_session_sparse
KPRX,2025-08-29,12,2,9,1,1,1,2.78,218837.0,1,0,09:30,intra_session_sparse
KPTI,2025-08-29,12,2,118,1,1,1,7.68,1190982.0,1,0,09:30,intra_session_sparse
KRNT,2025-08-29,12,0,199,1,1,1,15.14,6404112.0,1,1,09:30,intra_session_sparse
KRNY,2025-08-29,12,1,214,1,1,1,6.58,2358152.0,1,1,09:28,intra_session_sparse
KRO,2025-08-29,12,1,231,1,1,1,6.18,2820537.0,1,1,05:02,intra_session_sparse
KROS,2025-08-29,12,0,156,1,1,1,15.25,7011733.0,1,1,08:00,intra_session_sparse
KRRO,2025-08-29,12,12,0,1,0,0,23.67,2519992.0,1,0,,no_session_bars_has_month_file
KSCP,2025-08-29,12,2,175,1,1,1,5.92,2489303.0,1,1,04:03,intra_session_sparse
KSS,2025-08-29,12,0,374,1,1,1,15.37,129112607.0,1,1,05:30,intra_session_sparse
KT,2025-08-29,12,12,0,0,0,0,20.43,30800474.0,0,0,,no_minute_file
KTTA,2025-08-29,12,12,0,0,0,0,0.841,92449.0,0,0,,no_minute_file
KTWO,2025-08-29,12,12,0,0,0,0,,,0,0,,no_daily_history
KULR,2025-08-29,12,0,329,1,1,1,4.86,10250532.0,1,1,04:00,intra_session_sparse
KURA,2025-08-29,12,0,338,1,1,1,8.07,13425807.0,1,1,04:00,intra_session_sparse
KUST,2025-08-29,12,12,0,0,0,0,28.58,185078.0,0,0,,no_minute_file
KVUE,2025-08-29,12,12,0,0,0,0,20.54,370615617.0,0,0,,no_minute_file
KVYO,2025-08-29,12,12,0,0,0,0,32.51,86505364.0,0,0,,no_minute_file
KW,2025-08-29,12,2,285,1,1,1,8.79,6689512.0,1,1,09:30,intra_session_sparse
KXIN,2025-08-29,12,12,0,0,0,0,310.5,171419.0,0,0,,no_minute_file
KYIV,2025-08-29,12,0,264,1,1,1,12.74,24717499.0,1,1,07:03,intra_session_sparse
KYTX,2025-08-29,12,0,177,1,1,1,3.7,960000.0,1,0,08:21,intra_session_sparse
LAB,2025-08-29,12,0,227,1,1,1,1.29,1547982.0,1,0,09:30,intra_session_sparse
LABT,2025-08-29,12,12,0,0,0,0,,,0,0,,no_daily_history
LAC,2025-08-29,12,0,350,1,1,1,2.97,21428789.0,1,1,04:16,intra_session_sparse
LADR,2025-08-29,12,0,275,1,1,1,11.53,6092450.0,1,1,09:30,intra_session_sparse
LAES,2025-08-29,12,0,363,1,1,1,2.79,14865951.0,1,1,04:00,intra_session_sparse
LAKE,2025-08-29,12,0,119,1,1,1,15.47,1213667.0,1,0,09:30,intra_session_sparse
LAND,2025-08-29,12,0,196,1,1,1,9.2,3916875.0,1,1,08:16,intra_session_sparse
LAR,2025-08-29,12,0,332,1,1,1,3.43,6122994.0,1,1,08:38,intra_session_sparse
LASE,2025-08-29,12,0,227,1,1,1,4.6,31667441.0,1,1,04:06,intra_session_sparse
LAW,2025-08-29,12,1,112,1,1,1,5.17,715170.0,1,0,08:41,intra_session_sparse
LAWR,2025-08-29,12,2,39,1,1,1,2.04,665161.0,1,0,05:15,intra_session_sparse
LBGJ,2025-08-29,12,12,0,0,0,0,121.0,17770.0,0,0,,no_minute_file
LBRT,2025-08-29,12,0,376,1,1,1,11.32,30146264.0,1,1,09:12,intra_session_sparse
LBRX,2025-08-29,12,12,0,0,0,0,,,0,0,,no_daily_history
LBTYA,2025-08-29,12,0,304,1,1,1,11.73,23392212.0,1,1,09:30,intra_session_sparse
LBTYB,2025-08-29,12,12,0,0,0,0,11.7,10033.0,0,0,,no_minute_file
LBTYK,2025-08-29,12,0,221,1,1,1,11.92,12950255.0,1,1,07:35,intra_session_sparse
LC,2025-08-29,12,0,348,1,1,1,17.25,27438721.0,1,1,05:30,intra_session_sparse
LCFY,2025-08-29,12,12,0,1,0,0,4.115,91563.0,1,0,,no_session_bars_has_month_file
LCID,2025-08-29,12,0,376,1,1,1,20.7,174549509.0,1,0,04:00,intra_session_sparse
LCTX,2025-08-29,12,0,250,1,1,1,1.21,1744420.0,1,0,07:36,intra_session_sparse
LCUT,2025-08-29,12,12,0,0,0,0,3.86,119910.0,0,0,,no_minute_file
LDI,2025-08-29,12,0,278,1,1,1,2.04,4316546.0,1,1,08:00,intra_session_sparse
LE,2025-08-29,12,0,181,1,1,1,14.56,5154582.0,1,1,05:01,intra_session_sparse
LEG,2025-08-29,12,0,331,1,1,1,9.73,16466136.0,1,1,09:07,intra_session_sparse
LEGH,2025-08-29,12,12,0,0,0,0,27.96,1807771.0,0,0,,no_minute_file
LENZ,2025-08-29,12,12,0,0,0,0,38.2,28794313.0,0,0,,no_minute_file
LEO,2025-08-29,12,2,56,1,1,1,5.89,870444.0,1,0,09:30,intra_session_sparse
LESL,2025-08-29,12,2,244,1,1,1,6.914,972577.0,1,0,08:08,intra_session_sparse
LEVI,2025-08-29,12,12,0,1,0,0,22.26,41327054.0,1,0,,no_session_bars_has_month_file
LFCR,2025-08-29,12,2,70,1,1,1,7.62,840437.0,1,0,09:07,intra_session_sparse
LFMD,2025-08-29,12,0,340,1,1,1,6.46,21267477.0,1,1,04:02,intra_session_sparse
LFST,2025-08-29,12,1,347,1,1,1,5.48,15749499.0,1,1,09:30,intra_session_sparse
LFVN,2025-08-29,12,2,89,1,1,1,13.1,1175138.0,1,0,09:30,intra_session_sparse
LGCL,2025-08-29,12,2,20,1,1,1,20.6,405480.0,1,0,09:51,intra_session_sparse
LGO,2025-08-29,12,12,0,1,0,0,1.56,195221.0,1,0,,no_session_bars_has_month_file
LGVN,2025-08-29,12,12,0,1,0,0,0.83,1634820.0,1,0,,no_session_bars_has_month_file
LHAI,2025-08-29,12,0,223,1,1,1,8.05,3782893.0,1,1,07:00,intra_session_sparse
LIDR,2025-08-29,12,0,355,1,1,1,2.93,24737782.0,1,1,04:00,intra_session_sparse
LIFE,2025-08-29,12,12,0,0,0,0,1.9,963346.0,0,0,,no_minute_file
LILA,2025-08-29,12,1,229,1,1,1,8.07,4115436.0,1,1,09:30,intra_session_sparse
LILAK,2025-08-29,12,1,311,1,1,1,8.28,15206392.0,1,1,09:30,intra_session_sparse
LIMN,2025-08-29,12,0,165,1,1,1,2.76,8042842.0,1,1,04:02,intra_session_sparse
LINC,2025-08-29,12,1,225,1,1,1,19.11,10804261.0,1,1,09:30,intra_session_sparse
LIND,2025-08-29,12,1,191,1,1,1,14.83,6255769.0,1,1,09:28,intra_session_sparse
LINK,2025-08-29,12,1,167,1,1,1,5.607,398465.0,1,0,09:30,intra_session_sparse
LION,2025-08-29,12,0,336,1,1,1,6.37,14295095.0,1,1,07:00,intra_session_sparse
LITS,2025-08-29,12,0,200,1,1,1,5.2,2469970.0,1,1,06:36,intra_session_sparse
LKSP,2025-08-29,12,12,0,0,0,0,,,0,0,,no_daily_history
LMFA,2025-08-29,12,0,97,1,1,1,1.3,860268.0,1,0,08:11,intra_session_sparse
LMRI,2025-08-29,12,12,0,0,0,0,,,0,0,,no_daily_history
LNAI,2025-08-29,12,0,123,1,1,1,20.28,201235.0,1,0,04:15,intra_session_sparse
LNKS,2025-08-29,12,12,0,0,0,0,133.78,70343.0,0,0,,no_minute_file
LOCL,2025-08-29,12,12,0,0,0,0,2.46,34799.0,0,0,,no_minute_file
LOCO,2025-08-29,12,1,111,1,1,1,10.74,1963616.0,1,0,08:00,intra_session_sparse
LODE,2025-08-29,12,0,285,1,1,1,2.36,2443930.0,1,1,07:38,intra_session_sparse
LOKV,2025-08-29,12,3,10,1,1,1,10.16,1323224.0,1,0,08:34,intra_session_sparse
LONA,2025-08-29,12,12,0,0,0,0,3.955,44518.0,0,0,,no_minute_file
LOVE,2025-08-29,12,0,176,1,1,1,18.97,5339711.0,1,1,09:30,intra_session_sparse
LPCN,2025-08-29,12,12,0,0,0,0,2.98,64045.0,0,0,,no_minute_file
LPCV,2025-08-29,12,12,0,0,0,0,,,0,0,,no_daily_history
LPL,2025-08-29,12,1,238,1,1,1,4.44,2676393.0,1,1,07:40,intra_session_sparse
LPSN,2025-08-29,12,1,249,1,1,1,14.16,9850155.0,1,1,04:58,intra_session_sparse
LPTH,2025-08-29,12,0,293,1,1,1,5.44,3540384.0,1,1,04:06,intra_session_sparse
LRHC,2025-08-29,12,12,0,0,0,0,583.17,271242.0,0,0,,no_minute_file
LRMR,2025-08-29,12,0,294,1,1,1,3.91,6399979.0,1,1,04:29,intra_session_sparse
LSPD,2025-08-29,12,0,178,1,1,1,12.42,5932749.0,1,1,07:59,intra_session_sparse
LTBR,2025-08-29,12,0,293,1,1,1,15.54,22745409.0,1,1,05:06,intra_session_sparse
LTRN,2025-08-29,12,2,96,1,1,1,4.06,648475.0,1,0,09:07,intra_session_sparse
LTRX,2025-08-29,12,0,340,1,1,1,4.65,2012675.0,1,1,04:30,intra_session_sparse
LUCD,2025-08-29,12,2,198,1,1,1,1.2,801624.0,1,0,07:59,intra_session_sparse
LUCK,2025-08-29,12,0,199,1,1,1,10.51,1424567.0,1,0,04:01,intra_session_sparse
LUCY,2025-08-29,12,1,48,1,1,1,1.94,215046.0,1,0,09:30,intra_session_sparse
LUMN,2025-08-29,12,0,376,1,1,1,5.02,61329366.0,1,1,04:00,intra_session_sparse
LUNG,2025-08-29,12,0,183,1,1,1,1.76,1508873.0,1,0,09:30,intra_session_sparse
LUNR,2025-08-29,12,0,375,1,1,1,8.9,80459896.0,1,1,04:00,intra_session_sparse
LVLU,2025-08-29,12,2,31,1,1,1,4.18,249576.0,1,0,07:54,intra_session_sparse
LWLG,2025-08-29,12,0,335,1,1,1,3.71,6255718.0,1,1,07:25,intra_session_sparse
LXEO,2025-08-29,12,1,174,1,1,1,4.76,1445987.0,1,0,09:30,intra_session_sparse
LXFR,2025-08-29,12,2,115,1,1,1,13.7,1715997.0,1,0,09:30,intra_session_sparse
LXRX,2025-08-29,12,0,303,1,1,1,1.15,2589800.0,1,1,04:25,intra_session_sparse
LXU,2025-08-29,12,0,168,1,1,1,8.42,3183413.0,1,1,09:30,intra_session_sparse
LYEL,2025-08-29,12,2,19,1,1,1,11.1,321910.0,1,0,09:30,intra_session_sparse
LYFT,2025-08-29,12,0,376,1,1,1,16.135,327767282.0,1,1,04:00,intra_session_sparse
LYG,2025-08-29,12,0,376,1,1,1,4.47,40111115.0,1,1,04:00,intra_session_sparse
LYTS,2025-08-29,12,12,0,1,0,0,22.94,4321910.0,1,0,,no_session_bars_has_month_file
LZ,2025-08-29,12,0,353,1,1,1,11.15,32530547.0,1,1,09:30,intra_session_sparse
LZM,2025-08-29,12,2,115,1,1,1,4.36,410378.0,1,0,09:06,intra_session_sparse
LZMH,2025-08-29,12,12,0,0,0,0,72.6,2196559.0,0,0,,no_minute_file
M,2025-08-29,12,0,376,1,1,1,13.36,84838496.0,1,1,08:00,intra_session_sparse
MAAS,2025-08-29,12,12,0,0,0,0,3.87,44170.0,0,0,,no_minute_file
MAC,2025-08-29,12,0,319,1,1,1,18.49,30622210.0,1,1,09:27,intra_session_sparse
MAGH,2025-08-29,12,12,0,0,0,0,1.24,1848863.0,0,0,,no_minute_file
MAGN,2025-08-29,12,2,216,1,1,1,12.32,6845638.0,1,1,09:30,intra_session_sparse
MAIA,2025-08-29,12,0,145,1,1,1,1.52,498574.0,1,0,07:26,intra_session_sparse
MAMA,2025-08-29,12,2,322,1,1,1,8.08,1229233.0,1,0,04:00,intra_session_sparse
MAMK,2025-08-29,12,3,9,1,1,1,2.18,214008.0,1,0,09:37,intra_session_sparse
MANU,2025-08-29,12,0,187,1,1,1,17.44,2944073.0,1,1,09:30,intra_session_sparse
MARA,2025-08-29,12,0,376,1,1,1,15.96,658484267.0,1,1,04:00,intra_session_sparse
MASK,2025-08-29,12,0,148,1,1,1,16.0,401314.0,1,0,04:22,intra_session_sparse
MASS,2025-08-29,12,2,207,1,1,1,6.26,1784801.0,1,0,09:30,intra_session_sparse
MAT,2025-08-29,12,0,374,1,1,1,18.46,62811547.0,1,1,08:03,intra_session_sparse
MATV,2025-08-29,12,0,318,1,1,1,12.32,8714441.0,1,1,08:00,intra_session_sparse
MAX,2025-08-29,12,2,150,1,1,1,10.28,5718173.0,1,1,09:30,intra_session_sparse
MAZE,2025-08-29,12,0,251,1,1,1,14.27,3893303.0,1,1,08:54,intra_session_sparse
MB,2025-08-29,12,0,103,1,1,1,12.69,4993525.0,1,1,05:08,intra_session_sparse
MBAI,2025-08-29,12,12,0,0,0,0,0.643,18700.0,0,0,,no_minute_file
MBAV,2025-08-29,12,2,42,1,1,1,10.55,1622547.0,1,0,09:26,intra_session_sparse
MBC,2025-08-29,12,0,269,1,1,1,12.8,24535066.0,1,1,09:30,intra_session_sparse
MBI,2025-08-29,12,0,195,1,1,1,8.07,4360959.0,1,1,09:30,intra_session_sparse
MBLY,2025-08-29,12,0,368,1,1,1,14.05,56237063.0,1,1,04:17,intra_session_sparse
MBOT,2025-08-29,12,0,353,1,1,1,4.0,10784775.0,1,1,04:00,intra_session_sparse
MBRX,2025-08-29,12,0,346,1,1,1,9.828,2143859.0,1,1,04:00,intra_session_sparse
MBX,2025-08-29,12,2,105,1,1,1,14.27,4752057.0,1,1,09:30,intra_session_sparse
MCFT,2025-08-29,12,12,0,1,0,0,22.05,3279402.0,1,0,,no_session_bars_has_month_file
MCGA,2025-08-29,12,0,275,1,1,1,11.4,7479623.0,1,1,04:15,intra_session_sparse
MCHB,2025-08-29,12,0,110,1,1,1,13.62,1933908.0,1,0,09:30,intra_session_sparse
MCRB,2025-08-29,12,0,72,1,1,1,18.99,2093937.0,1,1,09:30,intra_session_sparse
MCS,2025-08-29,12,0,148,1,1,1,15.32,4380516.0,1,1,09:30,intra_session_sparse
MD,2025-08-29,12,1,232,1,1,1,17.1,14459116.0,1,1,04:26,intra_session_sparse
MDAI,2025-08-29,12,2,190,1,1,1,1.99,784160.0,1,0,04:15,intra_session_sparse
MDU,2025-08-29,12,0,296,1,1,1,16.42,29998460.0,1,1,09:30,intra_session_sparse
MDWD,2025-08-29,12,1,165,1,1,1,16.82,1684680.0,1,0,08:34,intra_session_sparse
MDXG,2025-08-29,12,1,161,1,1,1,7.18,4476621.0,1,1,09:30,intra_session_sparse
MEC,2025-08-29,12,0,99,1,1,1,14.58,2348218.0,1,1,09:30,intra_session_sparse
MED,2025-08-29,12,1,110,1,1,1,14.02,2726246.0,1,1,09:30,intra_session_sparse
MEHA,2025-08-29,12,12,0,0,0,0,,,0,0,,no_daily_history
MEI,2025-08-29,12,2,198,1,1,1,7.8,2835195.0,1,1,04:27,intra_session_sparse
MENS,2025-08-29,12,12,0,1,0,0,55.52,5444512.0,1,0,,no_session_bars_has_month_file
MERC,2025-08-29,12,0,204,1,1,1,3.24,3362764.0,1,1,08:00,intra_session_sparse
MESH,2025-08-29,12,12,0,0,0,0,,,0,0,,no_daily_history
METC,2025-08-29,12,12,0,1,0,0,25.44,86548283.0,1,0,,no_session_bars_has_month_file
METCB,2025-08-29,12,0,82,1,1,1,16.33,2643999.0,1,1,09:41,intra_session_sparse
MFA,2025-08-29,12,0,270,1,1,1,10.07,11112924.0,1,1,07:14,intra_session_sparse
MFI,2025-08-29,12,12,0,0,0,0,36.11,1029471.0,0,0,,no_minute_file
MFIC,2025-08-29,12,0,175,1,1,1,13.21,4516887.0,1,1,09:30,intra_session_sparse
MG,2025-08-29,12,2,67,1,1,1,9.49,1146035.0,1,0,09:30,intra_session_sparse
MGIH,2025-08-29,12,12,0,0,0,0,1.88,30342.0,0,0,,no_minute_file
MGN,2025-08-29,12,12,0,0,0,0,,,0,0,,no_daily_history
MGNI,2025-08-29,12,12,0,0,0,0,26.52,73593574.0,0,0,,no_minute_file
MGNX,2025-08-29,12,0,312,1,1,1,1.7,976426.0,1,0,09:30,intra_session_sparse
MGPI,2025-08-29,12,12,0,0,0,0,29.35,5520384.0,0,0,,no_minute_file
MGRT,2025-08-29,12,0,19,1,1,1,3.63,609201.0,1,0,09:45,intra_session_sparse
MGRX,2025-08-29,12,1,133,1,1,1,2.25,279052.0,1,0,08:00,intra_session_sparse
MGTX,2025-08-29,12,0,151,1,1,1,7.49,2636362.0,1,1,09:30,intra_session_sparse
MGX,2025-08-29,12,2,130,1,1,1,1.87,596008.0,1,0,07:32,intra_session_sparse
MH,2025-08-29,12,0,172,1,1,1,15.16,12474773.0,1,1,09:30,intra_session_sparse
MICC,2025-08-29,12,12,0,0,0,0,,,0,0,,no_daily_history
MIMI,2025-08-29,12,12,0,0,0,0,71.4,7017340.0,0,0,,no_minute_file
MIND,2025-08-29,12,0,87,1,1,1,9.86,1891417.0,1,0,07:15,intra_session_sparse
MINE,2025-08-29,12,12,0,0,0,0,,,0,0,,no_daily_history
MIR,2025-08-29,12,12,0,1,0,0,20.86,55880974.0,1,0,,no_session_bars_has_month_file
MIRA,2025-08-29,12,2,67,1,1,1,1.4,306883.0,1,0,08:00,intra_session_sparse
MIST,2025-08-29,12,0,351,1,1,1,1.81,1632371.0,1,0,08:00,intra_session_sparse
MITK,2025-08-29,12,2,142,1,1,1,10.17,4512338.0,1,1,09:30,intra_session_sparse
MKDW,2025-08-29,12,2,50,1,1,1,6.387,273717.0,1,0,04:27,intra_session_sparse
MKLY,2025-08-29,12,12,0,0,0,0,,,0,0,,no_daily_history
MLAA,2025-08-29,12,12,0,0,0,0,,,0,0,,no_daily_history
MLAC,2025-08-29,12,12,0,0,0,0,10.3,51633.0,0,0,,no_minute_file
MLEC,2025-08-29,12,2,39,1,1,1,19.8,379407.0,1,0,08:00,intra_session_sparse
MLKN,2025-08-29,12,12,0,1,0,0,21.26,7989643.0,1,0,,no_session_bars_has_month_file
MLTX,2025-08-29,12,12,0,0,0,0,54.8,22481200.0,0,0,,no_minute_file
MLYS,2025-08-29,12,0,255,1,1,1,15.22,13322954.0,1,1,09:30,intra_session_sparse
MMA,2025-08-29,12,12,0,1,0,0,0.915,573791.0,1,0,,no_session_bars_has_month_file
MMED,2025-08-29,12,12,0,0,0,0,,,0,0,,no_daily_history
MNDR,2025-08-29,12,2,18,1,1,1,5.05,473970.0,1,0,09:30,intra_session_sparse
MNKD,2025-08-29,12,0,368,1,1,1,4.49,14810763.0,1,1,04:00,intra_session_sparse
MNOV,2025-08-29,12,12,0,0,0,0,1.34,85953.0,0,0,,no_minute_file
MNRO,2025-08-29,12,0,250,1,1,1,17.01,15512224.0,1,1,09:30,intra_session_sparse
MNTN,2025-08-29,12,12,0,0,0,0,20.4,19928305.0,0,0,,no_minute_file
MNTS,2025-08-29,12,12,0,1,0,0,24.81,32774925.0,1,0,,no_session_bars_has_month_file
MOB,2025-08-29,12,0,233,1,1,1,6.4,2134103.0,1,1,07:35,intra_session_sparse
MOBI,2025-08-29,12,12,0,0,0,0,,,0,0,,no_daily_history
MOBX,2025-08-29,12,0,271,1,1,1,11.0,690895.0,1,0,04:00,intra_session_sparse
MOV,2025-08-29,12,2,147,1,1,1,17.84,2269579.0,1,1,09:30,intra_session_sparse
MOVE,2025-08-29,12,0,376,1,1,1,4.548,568070.0,1,0,04:00,intra_session_sparse
MPAA,2025-08-29,12,2,127,1,1,1,15.1,2736497.0,1,1,09:30,intra_session_sparse
MPLT,2025-08-29,12,12,0,0,0,0,,,0,0,,no_daily_history
MPU,2025-08-29,12,0,100,1,1,1,2.54,3341048.0,1,1,08:00,intra_session_sparse
MQ,2025-08-29,12,0,358,1,1,1,6.37,31841652.0,1,1,08:43,intra_session_sparse
MRAM,2025-08-29,12,2,69,1,1,1,6.57,426684.0,1,0,08:00,intra_session_sparse
MRBK,2025-08-29,12,0,95,1,1,1,15.74,800251.0,1,0,09:30,intra_session_sparse
MRKR,2025-08-29,12,12,0,1,0,0,0.896,2590232.0,1,0,,no_session_bars_has_month_file
MRLN,2025-08-29,12,0,5,1,1,1,10.38,1368062.0,1,0,09:36,intra_session_sparse
MRNO,2025-08-29,12,12,0,1,0,0,5.93,47476.0,1,0,,no_session_bars_has_month_file
MRTN,2025-08-29,12,0,215,1,1,1,11.86,7366677.0,1,1,09:30,intra_session_sparse
MRVI,2025-08-29,12,0,257,1,1,1,2.38,3519202.0,1,1,09:30,intra_session_sparse
MSBI,2025-08-29,12,2,86,1,1,1,18.4,2190595.0,1,1,09:30,intra_session_sparse
MSGM,2025-08-29,12,12,0,0,0,0,2.91,93896.0,0,0,,no_minute_file
MSGY,2025-08-29,12,1,77,1,1,1,12.89,1331070.0,1,0,09:30,intra_session_sparse
MSS,2025-08-29,12,12,0,0,0,0,8.928,18524.0,0,0,,no_minute_file
MTA,2025-08-29,12,0,311,1,1,1,5.19,2311988.0,1,1,04:00,intra_session_sparse
MTAL,2025-08-29,12,0,322,1,1,1,12.14,12028879.0,1,1,09:30,intra_session_sparse
MTC,2025-08-29,12,12,0,0,0,0,0.976,72560.0,0,0,,no_minute_file
MTEK,2025-08-29,12,12,0,0,0,0,3.085,164799.0,0,0,,no_minute_file
MTEN,2025-08-29,12,12,0,0,0,0,2440.0,1042775.0,0,0,,no_minute_file
MTNB,2025-08-29,12,0,57,1,1,1,2.04,3159624.0,1,1,08:00,intra_session_sparse
MTRX,2025-08-29,12,1,120,1,1,1,15.74,1761410.0,1,0,09:30,intra_session_sparse
MTUS,2025-08-29,12,0,112,1,1,1,16.61,5021412.0,1,1,09:30,intra_session_sparse
MTVA,2025-08-29,12,12,0,0,0,0,7.117,99312.0,0,0,,no_minute_file
MTW,2025-08-29,12,0,178,1,1,1,10.07,3897385.0,1,1,09:30,intra_session_sparse
MUFG,2025-08-29,12,0,369,1,1,1,15.4,48963708.0,1,1,08:00,intra_session_sparse
MUX,2025-08-29,12,2,330,1,1,1,11.0,11156841.0,1,1,09:30,intra_session_sparse
MVIS,2025-08-29,12,0,342,1,1,1,1.16,5068698.0,1,1,06:03,intra_session_sparse
MVST,2025-08-29,12,0,362,1,1,1,2.8,22512978.0,1,1,05:54,intra_session_sparse
MWG,2025-08-29,12,12,0,0,0,0,2.3,87472.0,0,0,,no_minute_file
MWYN,2025-08-29,12,12,0,1,0,0,0.81,7314190.0,1,0,,no_session_bars_has_month_file
MX,2025-08-29,12,0,141,1,1,1,3.14,1314487.0,1,0,08:14,intra_session_sparse
MXCT,2025-08-29,12,0,214,1,1,1,1.39,1756435.0,1,0,08:27,intra_session_sparse
MXL,2025-08-29,12,0,324,1,1,1,16.76,24488581.0,1,1,08:31,intra_session_sparse
MYE,2025-08-29,12,2,129,1,1,1,16.8,3619605.0,1,1,09:30,intra_session_sparse
MYGN,2025-08-29,12,0,286,1,1,1,6.22,13051654.0,1,1,07:23,intra_session_sparse
MYO,2025-08-29,12,2,283,1,1,1,1.07,2258349.0,1,1,04:19,intra_session_sparse
MYSE,2025-08-29,12,0,36,1,1,1,2.03,207350.0,1,0,09:13,intra_session_sparse
MYX,2025-08-29,12,12,0,0,0,0,,,0,0,,no_daily_history
NA,2025-08-29,12,2,124,1,1,1,5.675,2703410.0,1,1,04:09,intra_session_sparse
NABL,2025-08-29,12,1,242,1,1,1,8.04,7025069.0,1,1,09:30,intra_session_sparse
NAGE,2025-08-29,12,0,269,1,1,1,9.82,11037432.0,1,1,07:00,intra_session_sparse
NAK,2025-08-29,12,12,0,0,0,0,0.906,4375893.0,0,0,,no_minute_file
NAKA,2025-08-29,12,12,0,0,0,0,237.2,9101781.0,0,0,,no_minute_file
NAMM,2025-08-29,12,0,75,1,1,1,2.9,4873181.0,1,1,08:42,intra_session_sparse
NAT,2025-08-29,12,0,350,1,1,1,3.01,5062478.0,1,1,08:00,intra_session_sparse
NATR,2025-08-29,12,1,75,1,1,1,16.52,2037846.0,1,1,09:30,intra_session_sparse
NAVI,2025-08-29,12,0,208,1,1,1,13.66,10413324.0,1,1,07:57,intra_session_sparse
NAVN,2025-08-29,12,12,0,0,0,0,,,0,0,,no_daily_history
NB,2025-08-29,12,0,337,1,1,1,4.58,24370441.0,1,1,04:02,intra_session_sparse
NBBK,2025-08-29,12,0,127,1,1,1,18.9,3352731.0,1,1,09:30,intra_session_sparse
NCDL,2025-08-29,12,2,80,1,1,1,15.86,1882261.0,1,0,09:30,intra_session_sparse
NCEL,2025-08-29,12,12,0,1,0,0,22.0,430452.0,1,0,,no_session_bars_has_month_file
NCI,2025-08-29,12,12,0,0,0,0,13.28,37495.0,0,0,,no_minute_file
NCLH,2025-08-29,12,12,0,0,0,0,25.39,325252654.0,0,0,,no_minute_file
NCMI,2025-08-29,12,0,180,1,1,1,4.25,2611204.0,1,1,09:30,intra_session_sparse
NCNO,2025-08-29,12,12,0,0,0,0,32.1,54898439.0,0,0,,no_minute_file
NCRA,2025-08-29,12,12,0,0,0,0,1.51,35135.0,0,0,,no_minute_file
NDRA,2025-08-29,12,3,11,1,1,1,4.14,277980.0,1,0,09:11,intra_session_sparse
NEO,2025-08-29,12,0,376,1,1,1,7.21,12559209.0,1,1,04:05,intra_session_sparse
NEOG,2025-08-29,12,0,363,1,1,1,5.75,29301989.0,1,1,09:30,intra_session_sparse
NEON,2025-08-29,12,12,0,0,0,0,22.06,5793729.0,0,0,,no_minute_file
NEOV,2025-08-29,12,2,90,1,1,1,3.57,761287.0,1,0,07:27,intra_session_sparse
NERV,2025-08-29,12,12,0,0,0,0,2.38,91457.0,0,0,,no_minute_file
NESR,2025-08-29,12,0,310,1,1,1,9.07,5734925.0,1,1,09:28,intra_session_sparse
NEUP,2025-08-29,12,0,80,1,1,1,12.21,508996.0,1,0,08:31,intra_session_sparse
NEWP,2025-08-29,12,0,139,1,1,1,1.7,349345.0,1,0,07:00,intra_session_sparse
NEWT,2025-08-29,12,2,101,1,1,1,12.27,2357119.0,1,1,07:35,intra_session_sparse
NEXA,2025-08-29,12,12,0,0,0,0,4.88,58732.0,0,0,,no_minute_file
NEXN,2025-08-29,12,0,171,1,1,1,9.84,3701399.0,1,1,09:30,intra_session_sparse
NEXR,2025-08-29,12,12,0,0,0,0,72.52,307940.0,0,0,,no_minute_file
NEXT,2025-08-29,12,0,367,1,1,1,10.61,27015850.0,1,1,08:00,intra_session_sparse
NFBK,2025-08-29,12,2,128,1,1,1,11.86,1839401.0,1,0,09:30,intra_session_sparse
NFE,2025-08-29,12,0,367,1,1,1,2.63,21088820.0,1,1,08:00,intra_session_sparse
NFGC,2025-08-29,12,0,292,1,1,1,1.75,787653.0,1,0,06:37,intra_session_sparse
NG,2025-08-29,12,0,374,1,1,1,6.46,17899267.0,1,1,07:26,intra_session_sparse
NGEN,2025-08-29,12,12,0,0,0,0,,,0,0,,no_daily_history
NGL,2025-08-29,12,1,203,1,1,1,5.36,3993851.0,1,1,09:30,intra_session_sparse
NGNE,2025-08-29,12,1,96,1,1,1,18.84,2282177.0,1,1,09:30,intra_session_sparse
NHP,2025-08-29,12,12,0,0,0,0,,,0,0,,no_daily_history
NIQ,2025-08-29,12,0,269,1,1,1,16.93,24406013.0,1,1,09:30,intra_session_sparse
NIVF,2025-08-29,12,12,0,0,0,0,112.8,428846.0,0,0,,no_minute_file
NKLR,2025-08-29,12,2,101,1,1,1,10.36,5836618.0,1,1,08:00,intra_session_sparse
NKTX,2025-08-29,12,0,248,1,1,1,2.2,1180730.0,1,0,09:30,intra_session_sparse
NLOP,2025-08-29,12,12,0,0,0,0,29.7,5038795.0,0,0,,no_minute_file
NMAX,2025-08-29,12,0,316,1,1,1,15.36,14012300.0,1,1,08:13,intra_session_sparse
NMFC,2025-08-29,12,0,248,1,1,1,10.54,4845662.0,1,1,09:12,intra_session_sparse
NMG,2025-08-29,12,12,0,1,0,0,1.91,145539.0,1,0,,no_session_bars_has_month_file
NMP,2025-08-29,12,12,0,0,0,0,,,0,0,,no_daily_history
NMR,2025-08-29,12,0,226,1,1,1,7.31,3269836.0,1,1,05:36,intra_session_sparse
NMRA,2025-08-29,12,2,108,1,1,1,1.76,1120942.0,1,0,08:47,intra_session_sparse
NMRK,2025-08-29,12,0,343,1,1,1,18.1,25075779.0,1,1,07:14,intra_session_sparse
NN,2025-08-29,12,0,297,1,1,1,17.94,18739705.0,1,1,04:00,intra_session_sparse
NNBR,2025-08-29,12,2,58,1,1,1,2.46,251569.0,1,0,08:20,intra_session_sparse
NNE,2025-08-29,12,12,0,0,0,0,34.5,96911117.0,0,0,,no_minute_file
NNOX,2025-08-29,12,0,273,1,1,1,3.88,5911885.0,1,1,05:03,intra_session_sparse
NOA,2025-08-29,12,2,111,1,1,1,13.61,2709218.0,1,1,09:30,intra_session_sparse
NOK,2025-08-29,12,0,376,1,1,1,4.29,69411692.0,1,1,04:00,intra_session_sparse
NOMA,2025-08-29,12,12,0,0,0,0,,,0,0,,no_daily_history
NOMD,2025-08-29,12,2,201,1,1,1,15.39,19816258.0,1,1,09:30,intra_session_sparse
NOV,2025-08-29,12,0,370,1,1,1,13.2,39981797.0,1,1,04:18,intra_session_sparse
NP,2025-08-29,12,12,0,0,0,0,,,0,0,,no_daily_history
NPAC,2025-08-29,12,2,22,1,1,1,10.1,1069698.0,1,0,09:32,intra_session_sparse
NPB,2025-08-29,12,0,121,1,1,1,17.7,2907691.0,1,1,09:30,intra_session_sparse
NPCE,2025-08-29,12,2,100,1,1,1,9.11,1862770.0,1,0,09:30,intra_session_sparse
NPKI,2025-08-29,12,0,218,1,1,1,10.44,8707048.0,1,1,09:30,intra_session_sparse
NPT,2025-08-29,12,12,0,0,0,0,,,0,0,,no_daily_history
NPWR,2025-08-29,12,0,207,1,1,1,2.56,3123154.0,1,1,04:19,intra_session_sparse
NRC,2025-08-29,12,2,85,1,1,1,14.65,1589946.0,1,0,09:30,intra_session_sparse
NRDS,2025-08-29,12,0,169,1,1,1,10.46,6046512.0,1,1,08:00,intra_session_sparse
NRDY,2025-08-29,12,0,142,1,1,1,1.36,667601.0,1,0,07:00,intra_session_sparse
NRGV,2025-08-29,12,0,350,1,1,1,1.9,3508917.0,1,1,04:09,intra_session_sparse
NRIM,2025-08-29,12,12,0,0,0,0,23.69,4026867.0,0,0,,no_minute_file
NRIX,2025-08-29,12,0,248,1,1,1,9.41,6193789.0,1,1,09:30,intra_session_sparse
NRXP,2025-08-29,12,0,230,1,1,1,2.52,1215664.0,1,0,04:11,intra_session_sparse
NRXS,2025-08-29,12,12,0,1,0,0,2.48,129026.0,1,0,,no_session_bars_has_month_file
NSP,2025-08-29,12,12,0,0,0,0,54.39,42205886.0,0,0,,no_minute_file
NTGR,2025-08-29,12,12,0,0,0,0,26.77,13174146.0,0,0,,no_minute_file
NTIP,2025-08-29,12,12,0,0,0,0,1.475,27863.0,0,0,,no_minute_file
NTLA,2025-08-29,12,0,376,1,1,1,11.6,49003897.0,1,1,04:00,intra_session_sparse
NTSK,2025-08-29,12,12,0,0,0,0,,,0,0,,no_daily_history
NTST,2025-08-29,12,0,329,1,1,1,18.2,20194219.0,1,1,08:00,intra_session_sparse
NU,2025-08-29,12,0,376,1,1,1,14.77,722304888.0,1,1,04:00,intra_session_sparse
NUAI,2025-08-29,12,12,0,0,0,0,0.504,581793.0,0,0,,no_minute_file
NUCL,2025-08-29,12,12,0,0,0,0,,,0,0,,no_daily_history
NUS,2025-08-29,12,0,222,1,1,1,11.94,7265494.0,1,1,09:30,intra_session_sparse
NUTR,2025-08-29,12,12,0,0,0,0,4.71,4851021.0,0,1,,no_minute_file
NUVB,2025-08-29,12,0,361,1,1,1,2.92,12611433.0,1,1,04:14,intra_session_sparse
NUWE,2025-08-29,12,1,28,1,1,1,5.18,1341645.0,1,0,07:43,intra_session_sparse
NVAX,2025-08-29,12,0,375,1,1,1,7.58,76252192.0,1,1,04:01,intra_session_sparse
NVCR,2025-08-29,12,0,312,1,1,1,12.025,18647321.0,1,1,04:33,intra_session_sparse
NVGS,2025-08-29,12,2,167,1,1,1,16.05,5157155.0,1,1,09:30,intra_session_sparse
NVNI,2025-08-29,12,0,234,1,1,1,6.421,2688263.0,1,1,04:00,intra_session_sparse
NVRI,2025-08-29,12,0,296,1,1,1,11.07,12529984.0,1,1,09:30,intra_session_sparse
NVST,2025-08-29,12,12,0,1,0,0,21.25,44364084.0,1,0,,no_session_bars_has_month_file
NVTS,2025-08-29,12,0,376,1,1,1,6.04,131348055.0,1,1,04:00,intra_session_sparse
NVVE,2025-08-29,12,0,206,1,1,1,17.24,370690.0,1,0,08:00,intra_session_sparse
NVX,2025-08-29,12,2,118,1,1,1,1.42,207960.0,1,0,06:16,intra_session_sparse
NWAX,2025-08-29,12,12,0,0,0,0,,,0,0,,no_daily_history
NWBI,2025-08-29,12,0,261,1,1,1,12.63,11232416.0,1,1,09:30,intra_session_sparse
NWL,2025-08-29,12,0,372,1,1,1,5.92,45643443.0,1,1,07:00,intra_session_sparse
NX,2025-08-29,12,12,0,1,0,0,21.37,7809227.0,1,0,,no_session_bars_has_month_file
NXB,2025-08-29,12,12,0,0,0,0,,,0,0,,no_daily_history
NXDR,2025-08-29,12,0,319,1,1,1,2.05,4802313.0,1,1,08:04,intra_session_sparse
NXE,2025-08-29,12,0,376,1,1,1,7.44,46862847.0,1,1,04:23,intra_session_sparse
NXL,2025-08-29,12,12,0,0,0,0,0.918,2795986.0,0,0,,no_minute_file
NXP,2025-08-29,12,2,65,1,1,1,13.94,1373662.0,1,0,09:30,intra_session_sparse
NXTS,2025-08-29,12,12,0,0,0,0,55.37,154540.0,0,0,,no_minute_file
NXXT,2025-08-29,12,12,0,1,0,0,1.74,194622.0,1,0,,no_session_bars_has_month_file
OBA,2025-08-29,12,12,0,0,0,0,9.94,2121459.0,0,1,,no_minute_file
OBAI,2025-08-29,12,12,0,0,0,0,,,0,0,,no_daily_history
OBDC,2025-08-29,12,0,355,1,1,1,14.22,36627733.0,1,1,04:05,intra_session_sparse
OBE,2025-08-29,12,0,172,1,1,1,6.27,1364126.0,1,0,09:30,intra_session_sparse
OCC,2025-08-29,12,0,92,1,1,1,6.95,417045.0,1,0,08:00,intra_session_sparse
OCCI,2025-08-29,12,2,168,1,1,1,5.89,1644696.0,1,0,07:32,intra_session_sparse
OCFC,2025-08-29,12,0,144,1,1,1,18.43,5215743.0,1,1,09:30,intra_session_sparse
OCG,2025-08-29,12,12,0,0,0,0,2679.6,330482.0,0,0,,no_minute_file
OCGN,2025-08-29,12,0,254,1,1,1,1.05,2191482.0,1,1,08:00,intra_session_sparse
OCS,2025-08-29,12,12,0,1,0,0,16.35,176571.0,1,0,,no_session_bars_has_month_file
OCSL,2025-08-29,12,0,262,1,1,1,13.93,8146302.0,1,1,09:30,intra_session_sparse
OCUL,2025-08-29,12,0,364,1,1,1,12.52,25269558.0,1,1,09:30,intra_session_sparse
ODD,2025-08-29,12,12,0,0,0,0,61.05,66680595.0,0,0,,no_minute_file
ODTX,2025-08-29,12,12,0,0,0,0,,,0,0,,no_daily_history
ODV,2025-08-29,12,0,279,1,1,1,2.78,2734579.0,1,1,08:00,intra_session_sparse
ODYS,2025-08-29,12,12,0,0,0,0,3.81,21099.0,0,0,,no_minute_file
OEC,2025-08-29,12,0,257,1,1,1,10.46,6934235.0,1,1,09:30,intra_session_sparse
OFAL,2025-08-29,12,1,69,1,1,1,1.42,597812.0,1,0,07:54,intra_session_sparse
OFIX,2025-08-29,12,0,234,1,1,1,14.74,7191052.0,1,1,09:30,intra_session_sparse
OFRM,2025-08-29,12,12,0,0,0,0,,,0,0,,no_daily_history
OGI,2025-08-29,12,0,188,1,1,1,1.73,1680950.0,1,0,06:51,intra_session_sparse
OGN,2025-08-29,12,0,369,1,1,1,9.18,43518882.0,1,1,09:30,intra_session_sparse
OI,2025-08-29,12,0,295,1,1,1,13.03,18501276.0,1,1,09:30,intra_session_sparse
OIS,2025-08-29,12,1,224,1,1,1,5.56,3236803.0,1,1,09:30,intra_session_sparse
OKUR,2025-08-29,12,1,26,1,1,1,2.81,322255.0,1,0,09:30,intra_session_sparse
OLB,2025-08-29,12,2,26,1,1,1,1.083,209534.0,1,0,09:35,intra_session_sparse
OLMA,2025-08-29,12,0,167,1,1,1,5.52,2503559.0,1,1,07:46,intra_session_sparse
OLN,2025-08-29,12,12,0,1,0,0,22.86,51435394.0,1,0,,no_session_bars_has_month_file
OLOX,2025-08-29,12,12,0,0,0,0,116.67,30157991.0,0,0,,no_minute_file
OLP,2025-08-29,12,12,0,0,0,0,23.28,1498649.0,0,0,,no_minute_file
OLPX,2025-08-29,12,1,208,1,1,1,1.45,1642155.0,1,0,09:30,intra_session_sparse
OM,2025-08-29,12,0,121,1,1,1,13.92,3886558.0,1,1,07:00,intra_session_sparse
OMDA,2025-08-29,12,12,0,1,0,0,23.63,9103339.0,1,0,,no_session_bars_has_month_file
OMER,2025-08-29,12,0,263,1,1,1,4.23,4712435.0,1,1,07:07,intra_session_sparse
OMEX,2025-08-29,12,0,312,1,1,1,2.06,4469479.0,1,1,04:00,intra_session_sparse
ONB,2025-08-29,12,12,0,0,0,0,22.77,56064883.0,0,0,,no_minute_file
ONCO,2025-08-29,12,12,0,0,0,0,150.0,414832.0,0,0,,no_minute_file
ONCY,2025-08-29,12,0,118,1,1,1,1.07,667121.0,1,0,04:40,intra_session_sparse
ONDS,2025-08-29,12,0,376,1,1,1,5.7,188680324.0,1,1,04:00,intra_session_sparse
ONEG,2025-08-29,12,0,109,1,1,1,11.74,1844038.0,1,0,09:30,intra_session_sparse
ONEW,2025-08-29,12,2,107,1,1,1,17.08,2199541.0,1,1,09:30,intra_session_sparse
ONFO,2025-08-29,12,12,0,0,0,0,1.01,28167.0,0,0,,no_minute_file
ONMD,2025-08-29,12,12,0,0,0,0,0.793,17659294.0,0,0,,no_minute_file
ONT,2025-08-29,12,12,0,0,0,0,30.13,16316946.0,0,0,,no_minute_file
OOMA,2025-08-29,12,2,125,1,1,1,12.95,1888632.0,1,0,09:30,intra_session_sparse
OPAD,2025-08-29,12,0,376,1,1,1,6.23,76610573.0,1,1,04:00,intra_session_sparse
OPCH,2025-08-29,12,12,0,0,0,0,28.75,50841384.0,0,0,,no_minute_file
OPEN,2025-08-29,12,0,376,1,1,1,4.27,1074288551.0,1,1,04:00,intra_session_sparse
OPFI,2025-08-29,12,0,315,1,1,1,10.16,13543917.0,1,1,04:02,intra_session_sparse
OPK,2025-08-29,12,0,328,1,1,1,1.42,3452633.0,1,1,08:15,intra_session_sparse
OPRT,2025-08-29,12,0,271,1,1,1,6.62,3739066.0,1,1,09:30,intra_session_sparse
OPRX,2025-08-29,12,0,206,1,1,1,18.23,7759914.0,1,1,08:32,intra_session_sparse
OPTU,2025-08-29,12,0,325,1,1,1,2.35,6850546.0,1,1,09:30,intra_session_sparse
OPTX,2025-08-29,12,12,0,1,0,0,1.62,81681.0,1,0,,no_session_bars_has_month_file
ORBS,2025-08-29,12,12,0,1,0,0,1.57,82943.0,1,0,,no_session_bars_has_month_file
ORC,2025-08-29,12,0,375,1,1,1,7.07,27753186.0,1,1,04:00,intra_session_sparse
ORGN,2025-08-29,12,1,198,1,1,1,16.99,1228627.0,1,0,08:00,intra_session_sparse
ORGO,2025-08-29,12,0,190,1,1,1,5.12,3327308.0,1,1,08:00,intra_session_sparse
ORIC,2025-08-29,12,0,332,1,1,1,10.03,7464210.0,1,1,09:30,intra_session_sparse
ORIQ,2025-08-29,12,12,0,0,0,0,,,0,0,,no_daily_history
ORIS,2025-08-29,12,0,256,1,1,1,2.3,9173758.0,1,1,04:00,intra_session_sparse
ORKA,2025-08-29,12,1,85,1,1,1,15.27,2180190.0,1,1,09:30,intra_session_sparse
ORKT,2025-08-29,12,12,0,1,0,0,2.8,86992.0,1,0,,no_session_bars_has_month_file
ORLA,2025-08-29,12,0,335,1,1,1,10.74,13467920.0,1,1,08:44,intra_session_sparse
ORN,2025-08-29,12,0,246,1,1,1,7.62,3019320.0,1,1,09:30,intra_session_sparse
OSBC,2025-08-29,12,1,136,1,1,1,18.53,3065921.0,1,1,09:30,intra_session_sparse
OSCR,2025-08-29,12,0,376,1,1,1,17.24,290087650.0,1,1,04:01,intra_session_sparse
OSG,2025-08-29,12,0,214,1,1,1,9.01,6434898.0,1,1,09:30,intra_session_sparse
OSPN,2025-08-29,12,0,267,1,1,1,14.85,6647253.0,1,1,09:30,intra_session_sparse
OSS,2025-08-29,12,0,263,1,1,1,6.33,3539645.0,1,1,07:07,intra_session_sparse
OSUR,2025-08-29,12,0,317,1,1,1,3.29,1919958.0,1,0,07:00,intra_session_sparse
OSW,2025-08-29,12,12,0,0,0,0,22.71,10869994.0,0,0,,no_minute_file
OTF,2025-08-29,12,2,57,1,1,1,14.87,2067546.0,1,1,09:31,intra_session_sparse
OTGA,2025-08-29,12,12,0,0,0,0,,,0,0,,no_daily_history
OTLK,2025-08-29,12,12,0,1,0,0,1.09,10674456.0,1,1,,no_session_bars_has_month_file
OUST,2025-08-29,12,12,0,0,0,0,30.86,83598706.0,0,0,,no_minute_file
OUT,2025-08-29,12,0,282,1,1,1,18.67,31825523.0,1,1,09:30,intra_session_sparse
OVID,2025-08-29,12,0,217,1,1,1,1.25,1672294.0,1,0,07:51,intra_session_sparse
OWL,2025-08-29,12,0,373,1,1,1,18.69,120236783.0,1,1,04:11,intra_session_sparse
OWLS,2025-08-29,12,12,0,0,0,0,,,0,0,,no_daily_history
OWLT,2025-08-29,12,0,68,1,1,1,6.92,748373.0,1,0,09:30,intra_session_sparse
OXBR,2025-08-29,12,12,0,1,0,0,2.14,96693.0,1,0,,no_session_bars_has_month_file
OXLC,2025-08-29,12,0,366,1,1,1,18.75,21837240.0,1,1,04:15,intra_session_sparse
OXSQ,2025-08-29,12,1,259,1,1,1,2.2,1523175.0,1,0,04:00,intra_session_sparse
PACB,2025-08-29,12,0,347,1,1,1,1.33,9554807.0,1,1,05:29,intra_session_sparse
PACH,2025-08-29,12,12,0,0,0,0,9.959,2853598.0,0,1,,no_minute_file
PACK,2025-08-29,12,0,280,1,1,1,5.16,6277326.0,1,1,07:36,intra_session_sparse
PACS,2025-08-29,12,0,194,1,1,1,11.61,4881037.0,1,1,07:00,intra_session_sparse
PAGS,2025-08-29,12,0,367,1,1,1,8.93,41624042.0,1,1,08:00,intra_session_sparse
PAII,2025-08-29,12,12,0,0,0,0,,,0,0,,no_daily_history
PAL,2025-08-29,12,0,105,1,1,1,7.9,1364242.0,1,0,04:09,intra_session_sparse
PALI,2025-08-29,12,12,0,1,0,0,0.679,4578561.0,1,0,,no_session_bars_has_month_file
PANL,2025-08-29,12,1,112,1,1,1,5.32,1210183.0,1,0,09:30,intra_session_sparse
PAPL,2025-08-29,12,2,46,1,1,1,4.1,19615964.0,1,1,08:08,intra_session_sparse
PAR,2025-08-29,12,12,0,0,0,0,52.43,57789891.0,0,0,,no_minute_file
PASW,2025-08-29,12,0,178,1,1,1,1.21,666287.0,1,0,04:10,intra_session_sparse
PATH,2025-08-29,12,0,375,1,1,1,11.26,110968104.0,1,1,04:01,intra_session_sparse
PAVM,2025-08-29,12,12,0,0,0,0,14.04,156650.0,0,0,,no_minute_file
PAVS,2025-08-29,12,12,0,0,0,0,828.0,3217.0,0,0,,no_minute_file
PAX,2025-08-29,12,1,287,1,1,1,13.47,6699013.0,1,1,09:30,intra_session_sparse
PAYO,2025-08-29,12,0,360,1,1,1,6.88,26750342.0,1,1,04:15,intra_session_sparse
PAYP,2025-08-29,12,12,0,0,0,0,,,0,0,,no_daily_history
PAYS,2025-08-29,12,0,270,1,1,1,5.28,4839797.0,1,1,08:00,intra_session_sparse
PBI,2025-08-29,12,0,353,1,1,1,12.04,44937970.0,1,1,08:00,intra_session_sparse
PBK,2025-08-29,12,0,168,1,1,1,2.09,1067740.0,1,0,07:49,intra_session_sparse
PBM,2025-08-29,12,0,68,1,1,1,18.56,13873954.0,1,1,08:15,intra_session_sparse
PBR,2025-08-29,12,0,376,1,1,1,12.36,279397668.0,1,1,04:24,intra_session_sparse
PBR.A,2025-08-29,12,0,350,1,1,1,11.47,70555350.0,1,1,04:07,intra_session_sparse
PBYI,2025-08-29,12,1,169,1,1,1,4.97,4659844.0,1,1,08:06,intra_session_sparse
PC,2025-08-29,12,3,36,1,1,1,6.99,683340.0,1,0,08:09,intra_session_sparse
PCG,2025-08-29,12,0,376,1,1,1,14.99,399591452.0,1,1,07:00,intra_session_sparse
PCRX,2025-08-29,12,12,0,0,0,0,26.85,20034518.0,0,0,,no_minute_file
PCSA,2025-08-29,12,0,243,1,1,1,5.29,1178652.0,1,0,04:00,intra_session_sparse
PCSC,2025-08-29,12,12,0,0,0,0,10.54,12094.0,0,0,,no_minute_file
PCT,2025-08-29,12,0,367,1,1,1,14.63,40807056.0,1,1,08:43,intra_session_sparse
PD,2025-08-29,12,0,343,1,1,1,16.92,37592684.0,1,1,04:28,intra_session_sparse
PDFS,2025-08-29,12,12,0,1,0,0,19.96,6702066.0,1,1,,no_session_bars_has_month_file
PDYN,2025-08-29,12,0,306,1,1,1,7.67,13849217.0,1,1,04:02,intra_session_sparse
PENG,2025-08-29,12,12,0,0,0,0,24.62,17071766.0,0,0,,no_minute_file
PENN,2025-08-29,12,12,0,1,0,0,20.18,72201395.0,1,0,,no_session_bars_has_month_file
PEPG,2025-08-29,12,2,62,1,1,1,1.22,436220.0,1,0,09:11,intra_session_sparse
PERI,2025-08-29,12,2,125,1,1,1,9.3,4207271.0,1,1,08:00,intra_session_sparse
PESI,2025-08-29,12,2,100,1,1,1,11.92,1134784.0,1,0,09:30,intra_session_sparse
PETS,2025-08-29,12,2,63,1,1,1,3.1,408532.0,1,0,09:30,intra_session_sparse
PEW,2025-08-29,12,0,234,1,1,1,5.53,9015402.0,1,1,08:00,intra_session_sparse
PFAI,2025-08-29,12,12,0,0,0,0,1.71,35345.0,0,0,,no_minute_file
PFLT,2025-08-29,12,0,314,1,1,1,10.18,9058550.0,1,1,08:42,intra_session_sparse
PFS,2025-08-29,12,2,199,1,1,1,19.9,10888223.0,1,1,05:02,intra_session_sparse
PFSA,2025-08-29,12,12,0,0,0,0,30.76,2975790.0,0,0,,no_minute_file
PGEN,2025-08-29,12,0,374,1,1,1,4.55,53814597.0,1,1,04:01,intra_session_sparse
PGNY,2025-08-29,12,12,0,0,0,0,23.25,26409522.0,0,0,,no_minute_file
PGY,2025-08-29,12,12,0,0,0,0,37.72,135318839.0,0,0,,no_minute_file
PHAT,2025-08-29,12,1,282,1,1,1,12.36,11742486.0,1,1,09:30,intra_session_sparse
PHGE,2025-08-29,12,2,93,1,1,1,10.41,7755223.0,1,1,04:08,intra_session_sparse
PHI,2025-08-29,12,12,0,0,0,0,20.73,1936240.0,0,0,,no_minute_file
PHIO,2025-08-29,12,2,40,1,1,1,1.98,308371.0,1,0,09:00,intra_session_sparse
PHOE,2025-08-29,12,12,0,1,0,0,7.79,144132.0,1,0,,no_session_bars_has_month_file
PHR,2025-08-29,12,12,0,0,0,0,32.55,22270977.0,0,0,,no_minute_file
PICS,2025-08-29,12,12,0,0,0,0,,,0,0,,no_daily_history
PIII,2025-08-29,12,12,0,0,0,0,8.315,55458.0,0,0,,no_minute_file
PINS,2025-08-29,12,12,0,0,0,0,36.7,420737744.0,0,0,,no_minute_file
PK,2025-08-29,12,0,358,1,1,1,11.76,42562110.0,1,1,07:14,intra_session_sparse
PKE,2025-08-29,12,2,102,1,1,1,18.95,2145182.0,1,1,09:30,intra_session_sparse
PL,2025-08-29,12,0,373,1,1,1,7.21,37270181.0,1,1,04:01,intra_session_sparse
PLAY,2025-08-29,12,12,0,0,0,0,24.57,19787184.0,0,0,,no_minute_file
PLBY,2025-08-29,12,0,105,1,1,1,1.67,523094.0,1,0,08:00,intra_session_sparse
PLCE,2025-08-29,12,0,292,1,1,1,4.76,1981847.0,1,0,08:00,intra_session_sparse
PLG,2025-08-29,12,0,207,1,1,1,1.49,794445.0,1,0,08:00,intra_session_sparse
PLGO,2025-08-29,12,1,285,1,1,1,17.29,11935866.0,1,1,09:30,intra_session_sparse
PLRX,2025-08-29,12,0,192,1,1,1,1.62,1650729.0,1,0,09:22,intra_session_sparse
PLRZ,2025-08-29,12,0,94,1,1,1,6.24,686385.0,1,0,06:49,intra_session_sparse
PLSE,2025-08-29,12,1,67,1,1,1,15.56,2690129.0,1,1,09:30,intra_session_sparse
PLTK,2025-08-29,12,1,349,1,1,1,3.69,7773845.0,1,1,04:33,intra_session_sparse
PLTS,2025-08-29,12,12,0,0,0,0,,,0,0,,no_daily_history
PLUG,2025-08-29,12,0,376,1,1,1,1.63,69737005.0,1,1,04:00,intra_session_sparse
PLX,2025-08-29,12,0,232,1,1,1,1.55,891456.0,1,0,09:30,intra_session_sparse
PLYX,2025-08-29,12,12,0,0,0,0,,,0,0,,no_daily_history
PMAX,2025-08-29,12,12,0,0,0,0,27.54,427667.0,0,0,,no_minute_file
PMI,2025-08-29,12,12,0,0,0,0,,,0,0,,no_daily_history
PMN,2025-08-29,12,1,70,1,1,1,13.14,402646.0,1,0,04:09,intra_session_sparse
PMVP,2025-08-29,12,2,131,1,1,1,1.44,446094.0,1,0,08:16,intra_session_sparse
PN,2025-08-29,12,2,20,1,1,1,20.2,491856.0,1,0,08:34,intra_session_sparse
PNNT,2025-08-29,12,0,235,1,1,1,7.2,3481321.0,1,1,07:54,intra_session_sparse
POAS,2025-08-29,12,12,0,0,0,0,,,0,0,,no_daily_history
POET,2025-08-29,12,0,335,1,1,1,5.65,7618605.0,1,1,05:53,intra_session_sparse
POLA,2025-08-29,12,12,0,0,0,0,2.12,45726.0,0,0,,no_minute_file
PONO,2025-08-29,12,12,0,0,0,0,,,0,0,,no_daily_history
PPHC,2025-08-29,12,12,0,0,0,0,,,0,0,,no_daily_history
PPSI,2025-08-29,12,0,161,1,1,1,3.97,22184621.0,1,1,06:21,intra_session_sparse
PPTA,2025-08-29,12,0,352,1,1,1,18.47,31537484.0,1,1,07:00,intra_session_sparse
PR,2025-08-29,12,0,376,1,1,1,14.45,139972435.0,1,1,08:30,intra_session_sparse
PRAA,2025-08-29,12,0,97,1,1,1,16.95,4951966.0,1,1,09:30,intra_session_sparse
PRCH,2025-08-29,12,0,357,1,1,1,16.09,32700125.0,1,1,09:25,intra_session_sparse
PRE,2025-08-29,12,5,13,1,1,1,7.4,262035.0,1,0,08:17,intra_session_sparse
PRFX,2025-08-29,12,2,79,1,1,1,7.35,20248108.0,1,1,04:05,intra_session_sparse
PRGO,2025-08-29,12,12,0,0,0,0,23.76,47960515.0,0,0,,no_minute_file
PRHI,2025-08-29,12,12,0,0,0,0,5.565,8540.0,0,0,,no_minute_file
PRLD,2025-08-29,12,0,99,1,1,1,1.31,227230.0,1,0,07:46,intra_session_sparse
PRMB,2025-08-29,12,12,0,0,0,0,25.02,179795167.0,0,0,,no_minute_file
PRME,2025-08-29,12,0,371,1,1,1,3.44,13381836.0,1,1,08:00,intra_session_sparse
PROF,2025-08-29,12,2,88,1,1,1,4.53,760215.0,1,0,09:30,intra_session_sparse
PROK,2025-08-29,12,0,269,1,1,1,2.5,5989741.0,1,1,06:31,intra_session_sparse
PROP,2025-08-29,12,0,331,1,1,1,2.54,7549904.0,1,1,04:00,intra_session_sparse
PRSO,2025-08-29,12,12,0,0,0,0,0.887,79189.0,0,0,,no_minute_file
PRTA,2025-08-29,12,0,292,1,1,1,8.24,9443638.0,1,1,09:30,intra_session_sparse
PRTH,2025-08-29,12,1,164,1,1,1,8.39,4252225.0,1,1,08:00,intra_session_sparse
PRZO,2025-08-29,12,0,176,1,1,1,1.4,1240345.0,1,0,04:01,intra_session_sparse
PSEC,2025-08-29,12,0,367,1,1,1,2.9,12638966.0,1,1,04:33,intra_session_sparse
PSFE,2025-08-29,12,1,190,1,1,1,14.11,4988955.0,1,1,09:30,intra_session_sparse
PSIG,2025-08-29,12,12,0,0,0,0,3.368,178824.0,0,0,,no_minute_file
PSKY,2025-08-29,12,12,0,0,0,0,14.69,401571740.0,0,1,,no_minute_file
PSNL,2025-08-29,12,0,280,1,1,1,4.78,5034096.0,1,1,06:45,intra_session_sparse
PSNY,2025-08-29,12,12,0,0,0,0,38.7,4918895.0,0,0,,no_minute_file
PSNYW,2025-08-29,12,0,237,1,1,1,8.85,3102113.0,1,1,04:00,intra_session_sparse
PSO,2025-08-29,12,1,199,1,1,1,14.66,9864654.0,1,1,09:30,intra_session_sparse
PSQH,2025-08-29,12,0,200,1,1,1,1.66,2274221.0,1,1,08:00,intra_session_sparse
PSTV,2025-08-29,12,0,321,1,1,1,12.25,8483960.0,1,1,04:05,intra_session_sparse
PTEN,2025-08-29,12,0,376,1,1,1,5.74,43098562.0,1,1,04:40,intra_session_sparse
PTLE,2025-08-29,12,12,0,1,0,0,13.87,163421.0,1,0,,no_session_bars_has_month_file
PTLO,2025-08-29,12,0,335,1,1,1,7.09,32851863.0,1,1,07:31,intra_session_sparse
PTN,2025-08-29,12,12,0,0,0,0,,,0,0,,no_daily_history
PTNM,2025-08-29,12,0,223,1,1,1,2.13,5448955.0,1,1,04:00,intra_session_sparse
PTON,2025-08-29,12,0,373,1,1,1,7.58,110074595.0,1,1,05:07,intra_session_sparse
PTRN,2025-08-29,12,12,0,0,0,0,,,0,0,,no_daily_history
PUBM,2025-08-29,12,0,238,1,1,1,8.76,8400454.0,1,1,04:21,intra_session_sparse
PUMP,2025-08-29,12,0,350,1,1,1,5.03,9571748.0,1,1,09:30,intra_session_sparse
PURR,2025-08-29,12,12,0,0,0,0,,,0,0,,no_daily_history
PUSA,2025-08-29,12,0,184,1,1,1,3.57,1513360.0,1,0,08:00,intra_session_sparse
PWP,2025-08-29,12,12,0,0,0,0,22.4,27848109.0,0,0,,no_minute_file
PXLW,2025-08-29,12,0,144,1,1,1,9.98,779204.0,1,0,07:00,intra_session_sparse
PYXS,2025-08-29,12,2,92,1,1,1,1.33,572337.0,1,0,09:30,intra_session_sparse
PZG,2025-08-29,12,0,223,1,1,1,0.992,538803.0,1,0,06:31,intra_session_sparse
QBTS,2025-08-29,12,0,376,1,1,1,15.92,643149038.0,1,1,04:00,intra_session_sparse
QCLS,2025-08-29,12,0,376,1,1,1,6.16,6930815.0,1,1,04:00,intra_session_sparse
QDEL,2025-08-29,12,12,0,0,0,0,28.0,35761329.0,0,0,,no_minute_file
QH,2025-08-29,12,2,48,1,1,1,4.62,910758.0,1,0,08:00,intra_session_sparse
QMCO,2025-08-29,12,0,202,1,1,1,7.63,3863844.0,1,1,08:00,intra_session_sparse
QNC,2025-08-29,12,12,0,0,0,0,,,0,0,,no_daily_history
QNCX,2025-08-29,12,0,192,1,1,1,15.4,327811.0,1,0,07:34,intra_session_sparse
QNST,2025-08-29,12,0,174,1,1,1,15.58,9369302.0,1,1,09:30,intra_session_sparse
QNTM,2025-08-29,12,0,71,1,1,1,17.25,4147365.0,1,1,08:52,intra_session_sparse
QRED,2025-08-29,12,12,0,0,0,0,,,0,0,,no_daily_history
QS,2025-08-29,12,0,376,1,1,1,8.1,195549638.0,1,1,04:00,intra_session_sparse
QSI,2025-08-29,12,0,344,1,1,1,1.15,8029451.0,1,1,04:02,intra_session_sparse
QTRX,2025-08-29,12,0,270,1,1,1,4.54,4040780.0,1,1,04:11,intra_session_sparse
QTTB,2025-08-29,12,2,46,1,1,1,1.77,265958.0,1,0,08:32,intra_session_sparse
QUAD,2025-08-29,12,0,193,1,1,1,6.55,2189246.0,1,1,09:30,intra_session_sparse
QUBT,2025-08-29,12,0,376,1,1,1,16.1,248843370.0,1,1,04:00,intra_session_sparse
QUCY,2025-08-29,12,0,31,1,1,1,1.65,266139.0,1,0,09:30,intra_session_sparse
QUIK,2025-08-29,12,2,176,1,1,1,5.52,1340537.0,1,0,08:00,intra_session_sparse
QUMS,2025-08-29,12,12,0,0,0,0,,,0,0,,no_daily_history
QURE,2025-08-29,12,0,312,1,1,1,16.26,12454000.0,1,1,08:00,intra_session_sparse
QXO,2025-08-29,12,12,0,1,0,0,21.03,152850436.0,1,0,,no_session_bars_has_month_file
RAAQ,2025-08-29,12,12,0,1,0,0,10.12,563339.0,1,0,,no_session_bars_has_month_file
RAIL,2025-08-29,12,0,114,1,1,1,8.82,2124947.0,1,1,09:30,intra_session_sparse
RANI,2025-08-29,12,12,0,0,0,0,0.54,386682.0,0,0,,no_minute_file
RAPP,2025-08-29,12,0,174,1,1,1,16.8,2782837.0,1,1,05:12,intra_session_sparse
RARE,2025-08-29,12,12,0,0,0,0,30.3,43717932.0,0,0,,no_minute_file
RAY,2025-08-29,12,0,350,1,1,1,11.04,23821930.0,1,1,04:00,intra_session_sparse
RAYA,2025-08-29,12,12,0,0,0,0,117.04,6229211.0,0,0,,no_minute_file
RBBN,2025-08-29,12,0,240,1,1,1,4.11,1917722.0,1,0,05:28,intra_session_sparse
RBNE,2025-08-29,12,0,69,1,1,1,9.75,567003.0,1,0,05:53,intra_session_sparse
RC,2025-08-29,12,0,337,1,1,1,4.24,8836555.0,1,1,09:30,intra_session_sparse
RCAT,2025-08-29,12,0,376,1,1,1,9.04,70489835.0,1,1,04:01,intra_session_sparse
RCEL,2025-08-29,12,2,173,1,1,1,4.38,2297404.0,1,1,08:50,intra_session_sparse
RCKT,2025-08-29,12,0,358,1,1,1,3.35,21036677.0,1,1,07:11,intra_session_sparse
RCON,2025-08-29,12,2,29,1,1,1,2.28,487516.0,1,0,08:45,intra_session_sparse
RCT,2025-08-29,12,12,0,1,0,0,1.8,187292.0,1,0,,no_session_bars_has_month_file
RCUS,2025-08-29,12,0,272,1,1,1,10.61,7478835.0,1,1,09:30,intra_session_sparse
RDAC,2025-08-29,12,12,0,0,0,0,10.36,1238.0,0,0,,no_minute_file
RDAG,2025-08-29,12,0,4,1,1,1,10.22,963820.0,1,0,09:45,intra_session_sparse
RDCM,2025-08-29,12,2,42,1,1,1,13.32,838299.0,1,0,09:30,intra_session_sparse
RDGT,2025-08-29,12,12,0,0,0,0,185.57,14874.0,0,0,,no_minute_file
RDNW,2025-08-29,12,0,80,1,1,1,3.52,6866441.0,1,1,07:45,intra_session_sparse
RDW,2025-08-29,12,0,370,1,1,1,9.2,52592624.0,1,1,04:00,intra_session_sparse
REA,2025-08-29,12,12,0,0,0,0,,,0,0,,no_daily_history
REAL,2025-08-29,12,0,353,1,1,1,7.8,32786908.0,1,1,07:00,intra_session_sparse
REAX,2025-08-29,12,0,344,1,1,1,5.22,10594734.0,1,1,08:00,intra_session_sparse
RECT,2025-08-29,12,12,0,0,0,0,4.58,7186.0,0,0,,no_minute_file
REFI,2025-08-29,12,2,77,1,1,1,14.13,1345107.0,1,0,09:30,intra_session_sparse
REI,2025-08-29,12,0,350,1,1,1,1.1,3205798.0,1,1,05:01,intra_session_sparse
REKR,2025-08-29,12,0,278,1,1,1,1.17,2118372.0,1,1,04:02,intra_session_sparse
RELL,2025-08-29,12,2,39,1,1,1,10.0,397623.0,1,0,09:30,intra_session_sparse
RELY,2025-08-29,12,0,373,1,1,1,18.48,84587753.0,1,1,07:00,intra_session_sparse
RENT,2025-08-29,12,2,34,1,1,1,5.64,829995.0,1,0,09:30,intra_session_sparse
RENX,2025-08-29,12,12,0,0,0,0,23.6,1982197.0,0,0,,no_minute_file
REPL,2025-08-29,12,0,332,1,1,1,5.38,28321329.0,1,1,08:00,intra_session_sparse
RES,2025-08-29,12,1,306,1,1,1,4.73,7861327.0,1,1,09:22,intra_session_sparse
RETO,2025-08-29,12,12,0,0,0,0,37.6,29448.0,0,0,,no_minute_file
REVB,2025-08-29,12,2,39,1,1,1,11.16,233296.0,1,0,08:00,intra_session_sparse
RFIL,2025-08-29,12,2,38,1,1,1,7.24,917691.0,1,0,08:32,intra_session_sparse
RGNX,2025-08-29,12,1,213,1,1,1,9.01,5888564.0,1,1,08:00,intra_session_sparse
RGP,2025-08-29,12,1,187,1,1,1,5.05,1273473.0,1,0,07:00,intra_session_sparse
RGTI,2025-08-29,12,0,376,1,1,1,16.58,637521754.0,1,1,04:00,intra_session_sparse
RIG,2025-08-29,12,0,375,1,1,1,3.1,66438870.0,1,1,06:28,intra_session_sparse
RILY,2025-08-29,12,1,271,1,1,1,5.72,7529220.0,1,1,06:18,intra_session_sparse
RIME,2025-08-29,12,0,112,1,1,1,2.21,1504803.0,1,0,04:03,intra_session_sparse
RIOT,2025-08-29,12,0,376,1,1,1,13.8,395683272.0,1,1,04:00,intra_session_sparse
RITM,2025-08-29,12,0,373,1,1,1,12.28,62251371.0,1,1,07:02,intra_session_sparse
RITR,2025-08-29,12,0,99,1,1,1,4.79,801946.0,1,0,09:30,intra_session_sparse
RIVN,2025-08-29,12,0,376,1,1,1,13.64,550089632.0,1,1,04:02,intra_session_sparse
RJET,2025-08-29,12,12,0,0,0,0,18.38,104625.0,0,0,,no_minute_file
RKDA,2025-08-29,12,12,0,0,0,0,3.849,20330.0,0,0,,no_minute_file
RKT,2025-08-29,12,0,376,1,1,1,17.89,377159285.0,1,1,04:08,intra_session_sparse
RKTO,2025-08-29,12,2,55,1,1,1,1.21,245327.0,1,0,08:00,intra_session_sparse
RLAY,2025-08-29,12,0,329,1,1,1,3.69,5283307.0,1,1,08:02,intra_session_sparse
RLGT,2025-08-29,12,1,72,1,1,1,6.44,505183.0,1,0,09:30,intra_session_sparse
RLMD,2025-08-29,12,12,0,0,0,0,0.775,176593.0,0,0,,no_minute_file
RLYB,2025-08-29,12,0,95,1,1,1,4.482,250903.0,1,0,07:41,intra_session_sparse
RMAX,2025-08-29,12,2,127,1,1,1,9.36,2445020.0,1,1,09:30,intra_session_sparse
RMIX,2025-08-29,12,2,1,1,1,1,11.21,547579.0,1,0,10:29,intra_session_sparse
RMR,2025-08-29,12,2,63,1,1,1,16.71,1614690.0,1,0,09:30,intra_session_sparse
RMSG,2025-08-29,12,2,34,1,1,1,3.23,6045444.0,1,1,08:11,intra_session_sparse
RMTI,2025-08-29,12,0,372,1,1,1,1.8,1907771.0,1,0,04:00,intra_session_sparse
RNA,2025-08-29,12,12,0,0,0,0,48.58,156973351.0,0,0,,no_minute_file
RNAC,2025-08-29,12,2,49,1,1,1,10.28,563906.0,1,0,09:30,intra_session_sparse
RNAZ,2025-08-29,12,12,0,1,0,0,9.88,198782.0,1,0,,no_session_bars_has_month_file
RNGR,2025-08-29,12,0,102,1,1,1,14.13,1965190.0,1,0,08:54,intra_session_sparse
RNGT,2025-08-29,12,12,0,0,0,0,,,0,0,,no_daily_history
RNTX,2025-08-29,12,12,0,0,0,0,1.13,70586.0,0,0,,no_minute_file
RNW,2025-08-29,12,1,266,1,1,1,7.52,5784894.0,1,1,08:00,intra_session_sparse
ROC,2025-08-29,12,12,0,0,0,0,,,0,0,,no_daily_history
ROIV,2025-08-29,12,0,371,1,1,1,11.94,53786665.0,1,1,09:04,intra_session_sparse
ROLR,2025-08-29,12,12,0,0,0,0,2.853,55638.0,0,0,,no_minute_file
ROMA,2025-08-29,12,12,0,1,0,0,2.325,113313.0,1,0,,no_session_bars_has_month_file
RPAY,2025-08-29,12,0,279,1,1,1,5.94,5649888.0,1,1,09:30,intra_session_sparse
RPC,2025-08-29,12,0,175,1,1,1,12.35,6080217.0,1,1,09:30,intra_session_sparse
RPD,2025-08-29,12,12,0,1,0,0,20.9,19820907.0,1,0,,no_session_bars_has_month_file
RPGL,2025-08-29,12,12,0,0,0,0,,,0,0,,no_daily_history
RR,2025-08-29,12,0,376,1,1,1,3.095,64868669.0,1,1,04:00,intra_session_sparse
RRGB,2025-08-29,12,1,108,1,1,1,6.5,2262428.0,1,1,07:00,intra_session_sparse
RSI,2025-08-29,12,12,0,1,0,0,22.33,33754848.0,1,0,,no_session_bars_has_month_file
RSKD,2025-08-29,12,1,174,1,1,1,4.78,4258780.0,1,1,08:31,intra_session_sparse
RTAC,2025-08-29,12,0,75,1,1,1,10.83,3819590.0,1,1,09:33,intra_session_sparse
RTB,2025-08-29,12,0,153,1,1,1,10.99,2206396.0,1,1,04:27,intra_session_sparse
RUBI,2025-08-29,12,12,0,0,0,0,6458.4,1990857.0,0,0,,no_minute_file
RUM,2025-08-29,12,0,352,1,1,1,7.42,21830010.0,1,1,04:00,intra_session_sparse
RUN,2025-08-29,12,0,375,1,1,1,16.37,260998390.0,1,1,04:11,intra_session_sparse
RVLV,2025-08-29,12,12,0,1,0,0,22.69,31138921.0,1,0,,no_session_bars_has_month_file
RVSN,2025-08-29,12,0,221,1,1,1,12.44,720180.0,1,0,04:02,intra_session_sparse
RWAY,2025-08-29,12,0,235,1,1,1,10.75,2776343.0,1,1,09:30,intra_session_sparse
RXO,2025-08-29,12,0,305,1,1,1,16.35,31861336.0,1,1,09:30,intra_session_sparse
RXRX,2025-08-29,12,0,376,1,1,1,4.865,94129712.0,1,1,04:00,intra_session_sparse
RXST,2025-08-29,12,0,332,1,1,1,9.15,10159931.0,1,1,09:30,intra_session_sparse
RXT,2025-08-29,12,0,351,1,1,1,1.3,957457.0,1,0,09:25,intra_session_sparse
RYAM,2025-08-29,12,0,256,1,1,1,5.55,3929902.0,1,1,09:30,intra_session_sparse
RYN,2025-08-29,12,12,0,0,0,0,26.25,27327603.0,0,0,,no_minute_file
RYOJ,2025-08-29,12,12,0,0,0,0,2.35,392774.0,0,0,,no_minute_file
RYZ,2025-08-29,12,12,0,0,0,0,22.73,4604079.0,0,0,,no_minute_file
RZLT,2025-08-29,12,1,275,1,1,1,7.22,4657401.0,1,1,08:44,intra_session_sparse
RZLV,2025-08-29,12,0,375,1,1,1,3.6,30874571.0,1,1,04:00,intra_session_sparse
S,2025-08-29,12,0,376,1,1,1,17.61,105170814.0,1,1,04:00,intra_session_sparse
SA,2025-08-29,12,0,350,1,1,1,16.5,12974920.0,1,1,04:02,intra_session_sparse
SABR,2025-08-29,12,0,360,1,1,1,1.79,24264730.0,1,1,04:16,intra_session_sparse
SABS,2025-08-29,12,2,32,1,1,1,2.1,226620.0,1,0,07:25,intra_session_sparse
SAFE,2025-08-29,12,0,184,1,1,1,16.05,6989652.0,1,1,09:30,intra_session_sparse
SAFX,2025-08-29,12,0,321,1,1,1,1.3,725238.0,1,0,07:49,intra_session_sparse
SAGT,2025-08-29,12,2,56,1,1,1,1.96,346957.0,1,0,07:40,intra_session_sparse
SAIL,2025-08-29,12,12,0,1,0,0,20.77,45479512.0,1,0,,no_session_bars_has_month_file
SAN,2025-08-29,12,0,373,1,1,1,9.67,37330805.0,1,1,04:01,intra_session_sparse
SANA,2025-08-29,12,0,366,1,1,1,3.01,20612391.0,1,1,05:58,intra_session_sparse
SATL,2025-08-29,12,1,308,1,1,1,3.62,5221426.0,1,1,04:00,intra_session_sparse
SB,2025-08-29,12,0,153,1,1,1,4.26,1560973.0,1,0,09:30,intra_session_sparse
SBET,2025-08-29,12,0,376,1,1,1,18.46,1018152658.0,1,1,04:00,intra_session_sparse
SBEV,2025-08-29,12,2,37,1,1,1,1.79,2421576.0,1,1,09:28,intra_session_sparse
SBFM,2025-08-29,12,12,0,0,0,0,14.9,66188.0,0,0,,no_minute_file
SBGI,2025-08-29,12,1,267,1,1,1,14.63,9548852.0,1,1,04:14,intra_session_sparse
SBH,2025-08-29,12,0,366,1,1,1,13.42,28121511.0,1,1,08:42,intra_session_sparse
SBLK,2025-08-29,12,0,341,1,1,1,18.97,17831101.0,1,1,07:20,intra_session_sparse
SBMT,2025-08-29,12,12,0,0,0,0,,,0,0,,no_daily_history
SBRA,2025-08-29,12,0,360,1,1,1,19.31,51965393.0,1,1,09:27,intra_session_sparse
SBS,2025-08-29,12,0,336,1,1,1,4.484,24066569.0,1,1,09:10,intra_session_sparse
SCII,2025-08-29,12,12,0,0,0,0,,,0,0,,no_daily_history
SCLX,2025-08-29,12,2,97,1,1,1,18.23,4572374.0,1,1,08:00,intra_session_sparse
SCM,2025-08-29,12,0,98,1,1,1,14.58,2237607.0,1,1,09:30,intra_session_sparse
SCNX,2025-08-29,12,12,0,1,0,0,1.02,573593.0,1,0,,no_session_bars_has_month_file
SCVL,2025-08-29,12,12,0,1,0,0,21.12,7437337.0,1,0,,no_session_bars_has_month_file
SCWO,2025-08-29,12,0,232,1,1,1,3.7,289170.0,1,0,04:00,intra_session_sparse
SCZM,2025-08-29,12,12,0,0,0,0,,,0,0,,no_daily_history
SD,2025-08-29,12,0,131,1,1,1,11.87,3547669.0,1,1,09:30,intra_session_sparse
SDEV,2025-08-29,12,0,358,1,1,1,8.25,22351600.0,1,1,04:00,intra_session_sparse
SDGR,2025-08-29,12,0,274,1,1,1,19.76,27550351.0,1,1,08:00,intra_session_sparse
SDHC,2025-08-29,12,2,60,1,1,1,20.18,1270219.0,1,0,09:30,intra_session_sparse
SDOT,2025-08-29,12,12,0,0,0,0,185.94,143559.0,0,0,,no_minute_file
SDST,2025-08-29,12,1,160,1,1,1,4.0,449424.0,1,0,07:20,intra_session_sparse
SEAT,2025-08-29,12,2,109,1,1,1,16.97,5603813.0,1,1,09:30,intra_session_sparse
SEED,2025-08-29,12,12,0,0,0,0,1.17,56928.0,0,0,,no_minute_file
SEG,2025-08-29,12,12,0,0,0,0,24.89,3351357.0,0,0,,no_minute_file
SEGG,2025-08-29,12,0,266,1,1,1,5.973,362505.0,1,0,09:25,intra_session_sparse
SELX,2025-08-29,12,12,0,0,0,0,1.011,8953.0,0,0,,no_minute_file
SEM,2025-08-29,12,0,246,1,1,1,13.04,15524363.0,1,1,09:30,intra_session_sparse
SENS,2025-08-29,12,0,294,1,1,1,9.2,2254128.0,1,1,04:00,intra_session_sparse
SEPN,2025-08-29,12,2,146,1,1,1,12.28,2725772.0,1,1,09:30,intra_session_sparse
SER,2025-08-29,12,2,127,1,1,1,5.13,1711045.0,1,0,08:00,intra_session_sparse
SERV,2025-08-29,12,0,376,1,1,1,11.25,62342592.0,1,1,04:01,intra_session_sparse
SES,2025-08-29,12,0,319,1,1,1,1.11,6529457.0,1,1,04:16,intra_session_sparse
SEV,2025-08-29,12,12,0,0,0,0,,,0,0,,no_daily_history
SFIX,2025-08-29,12,0,347,1,1,1,5.56,9883117.0,1,1,08:00,intra_session_sparse
SFL,2025-08-29,12,2,319,1,1,1,8.21,14485697.0,1,1,09:23,intra_session_sparse
SFNC,2025-08-29,12,12,0,1,0,0,20.89,19154067.0,1,0,,no_session_bars_has_month_file
SG,2025-08-29,12,0,374,1,1,1,9.26,72438497.0,1,1,06:18,intra_session_sparse
SGHC,2025-08-29,12,0,371,1,1,1,11.95,22010010.0,1,1,04:11,intra_session_sparse
SGHT,2025-08-29,12,2,65,1,1,1,4.04,523419.0,1,0,09:30,intra_session_sparse
SGML,2025-08-29,12,0,346,1,1,1,6.49,20614302.0,1,1,04:04,intra_session_sparse
SGMT,2025-08-29,12,0,235,1,1,1,7.56,5392287.0,1,1,08:00,intra_session_sparse
SGRY,2025-08-29,12,12,0,0,0,0,22.72,38158308.0,0,0,,no_minute_file
SHAZ,2025-08-29,12,12,0,0,0,0,,,0,0,,no_daily_history
SHBI,2025-08-29,12,2,113,1,1,1,17.11,1931538.0,1,0,09:30,intra_session_sparse
SHC,2025-08-29,12,0,308,1,1,1,16.2,26038285.0,1,1,09:30,intra_session_sparse
SHEN,2025-08-29,12,1,179,1,1,1,13.25,4419757.0,1,1,09:30,intra_session_sparse
SHFS,2025-08-29,12,0,25,1,1,1,2.44,362598.0,1,0,09:35,intra_session_sparse
SHIP,2025-08-29,12,0,142,1,1,1,8.06,865642.0,1,0,09:30,intra_session_sparse
SHLS,2025-08-29,12,0,368,1,1,1,6.59,33852433.0,1,1,08:00,intra_session_sparse
SHMD,2025-08-29,12,12,0,0,0,0,2.63,47308.0,0,0,,no_minute_file
SHO,2025-08-29,12,0,357,1,1,1,9.5,22859375.0,1,1,09:30,intra_session_sparse
SI,2025-08-29,12,1,112,1,1,1,14.81,2673433.0,1,1,09:30,intra_session_sparse
SIBN,2025-08-29,12,2,99,1,1,1,16.62,8137294.0,1,1,09:30,intra_session_sparse
SID,2025-08-29,12,0,296,1,1,1,1.45,4105830.0,1,1,04:49,intra_session_sparse
SIDU,2025-08-29,12,2,164,1,1,1,1.33,1123739.0,1,0,04:01,intra_session_sparse
SIGA,2025-08-29,12,0,226,1,1,1,8.21,5694834.0,1,1,08:50,intra_session_sparse
SILO,2025-08-29,12,2,34,1,1,1,9.587,244809.0,1,0,06:53,intra_session_sparse
SIMA,2025-08-29,12,12,0,1,0,0,10.44,825408.0,1,0,,no_session_bars_has_month_file
SINT,2025-08-29,12,0,113,1,1,1,4.24,285822.0,1,0,08:00,intra_session_sparse
SIRI,2025-08-29,12,12,0,0,0,0,23.37,98115353.0,0,0,,no_minute_file
SITC,2025-08-29,12,1,278,1,1,1,12.23,11135172.0,1,1,07:05,intra_session_sparse
SKBL,2025-08-29,12,0,345,1,1,1,0.907,4704969.0,1,0,04:00,intra_session_sparse
SKE,2025-08-29,12,0,282,1,1,1,15.63,5649868.0,1,1,09:30,intra_session_sparse
SKIL,2025-08-29,12,2,13,1,1,1,15.45,385562.0,1,0,09:30,intra_session_sparse
SKIN,2025-08-29,12,0,238,1,1,1,2.04,2874015.0,1,1,09:30,intra_session_sparse
SKK,2025-08-29,12,2,82,1,1,1,4.225,343175.0,1,0,04:20,intra_session_sparse
SKLZ,2025-08-29,12,2,49,1,1,1,8.82,776168.0,1,0,08:27,intra_session_sparse
SKYA,2025-08-29,12,0,317,1,1,1,16.03,37188157.0,1,1,04:00,intra_session_sparse
SKYE,2025-08-29,12,2,113,1,1,1,3.48,1000814.0,1,0,05:26,intra_session_sparse
SKYQ,2025-08-29,12,12,0,1,0,0,3.868,62018.0,1,0,,no_session_bars_has_month_file
SKYT,2025-08-29,12,0,325,1,1,1,12.3,18535218.0,1,1,07:00,intra_session_sparse
SKYX,2025-08-29,12,2,128,1,1,1,1.2,468141.0,1,0,07:11,intra_session_sparse
SLDB,2025-08-29,12,0,229,1,1,1,5.62,5900706.0,1,1,08:00,intra_session_sparse
SLDE,2025-08-29,12,0,287,1,1,1,13.36,11741718.0,1,1,09:30,intra_session_sparse
SLDP,2025-08-29,12,0,374,1,1,1,4.57,45055793.0,1,1,04:00,intra_session_sparse
SLE,2025-08-29,12,12,0,0,0,0,42.12,348867.0,0,0,,no_minute_file
SLGB,2025-08-29,12,12,0,0,0,0,,,0,0,,no_daily_history
SLI,2025-08-29,12,0,325,1,1,1,2.94,4927073.0,1,1,05:51,intra_session_sparse
SLM,2025-08-29,12,12,0,0,0,0,31.31,57783987.0,0,0,,no_minute_file
SLMT,2025-08-29,12,12,0,0,0,0,63.3,30695.0,0,0,,no_minute_file
SLN,2025-08-29,12,2,35,1,1,1,5.1,345861.0,1,0,09:30,intra_session_sparse
SLNH,2025-08-29,12,12,0,0,0,0,0.47,582351.0,0,0,,no_minute_file
SLP,2025-08-29,12,1,171,1,1,1,14.22,5516960.0,1,1,09:30,intra_session_sparse
SLQT,2025-08-29,12,0,312,1,1,1,2.26,6640161.0,1,1,04:09,intra_session_sparse
SLRC,2025-08-29,12,2,93,1,1,1,16.53,2655032.0,1,1,09:13,intra_session_sparse
SLS,2025-08-29,12,0,268,1,1,1,1.92,3205573.0,1,1,07:00,intra_session_sparse
SLSR,2025-08-29,12,12,0,1,0,0,5.54,181012.0,1,0,,no_session_bars_has_month_file
SM,2025-08-29,12,12,0,0,0,0,28.74,53328224.0,0,0,,no_minute_file
SMJF,2025-08-29,12,12,0,0,0,0,,,0,0,,no_daily_history
SMMT,2025-08-29,12,12,0,0,0,0,24.42,85022015.0,0,0,,no_minute_file
SMPL,2025-08-29,12,12,0,0,0,0,28.64,34743188.0,0,0,,no_minute_file
SMR,2025-08-29,12,12,0,0,0,0,36.48,497920570.0,0,0,,no_minute_file
SMRT,2025-08-29,12,0,275,1,1,1,1.45,2062576.0,1,1,09:03,intra_session_sparse
SMTK,2025-08-29,12,12,0,0,0,0,0.742,90850.0,0,0,,no_minute_file
SMWB,2025-08-29,12,1,257,1,1,1,10.4,5169146.0,1,1,09:30,intra_session_sparse
SMX,2025-08-29,12,12,0,0,0,0,33855.97,4536749.0,0,0,,no_minute_file
SMXT,2025-08-29,12,2,76,1,1,1,1.2,28379105.0,1,1,06:29,intra_session_sparse
SNAL,2025-08-29,12,12,0,1,0,0,0.96,222351.0,1,0,,no_session_bars_has_month_file
SNAP,2025-08-29,12,0,376,1,1,1,7.1,441592137.0,1,1,04:00,intra_session_sparse
SNBR,2025-08-29,12,0,202,1,1,1,10.59,7520878.0,1,1,09:30,intra_session_sparse
SND,2025-08-29,12,12,0,1,0,0,1.96,179721.0,1,0,,no_session_bars_has_month_file
SNDL,2025-08-29,12,0,372,1,1,1,2.69,10261865.0,1,1,04:08,intra_session_sparse
SNDX,2025-08-29,12,0,350,1,1,1,16.32,42340319.0,1,1,09:30,intra_session_sparse
SNGX,2025-08-29,12,0,146,1,1,1,3.06,57706305.0,1,1,07:14,intra_session_sparse
SNOA,2025-08-29,12,0,39,1,1,1,4.56,19986185.0,1,1,05:41,intra_session_sparse
SNTG,2025-08-29,12,12,0,0,0,0,1.996,62378.0,0,0,,no_minute_file
SNTI,2025-08-29,12,12,0,1,0,0,1.55,173954.0,1,0,,no_session_bars_has_month_file
SNWV,2025-08-29,12,12,0,0,0,0,42.44,1966632.0,0,0,,no_minute_file
SOAR,2025-08-29,12,0,140,1,1,1,1.8,1532414.0,1,0,04:00,intra_session_sparse
SOBR,2025-08-29,12,12,0,1,0,0,3.36,94681.0,1,0,,no_session_bars_has_month_file
SOC,2025-08-29,12,12,0,0,0,0,28.04,50126098.0,0,0,,no_minute_file
SOCA,2025-08-29,12,12,0,0,0,0,,,0,0,,no_daily_history
SOFI,2025-08-29,12,12,0,0,0,0,26.04,1567384687.0,0,0,,no_minute_file
SONO,2025-08-29,12,0,332,1,1,1,14.01,31621172.0,1,1,07:49,intra_session_sparse
SOUN,2025-08-29,12,0,376,1,1,1,12.53,784150037.0,1,1,04:00,intra_session_sparse
SOWG,2025-08-29,12,12,0,1,0,0,10.65,163840.0,1,0,,no_session_bars_has_month_file
SPAI,2025-08-29,12,0,161,1,1,1,6.82,2470353.0,1,1,08:00,intra_session_sparse
SPCE,2025-08-29,12,0,326,1,1,1,3.13,9552874.0,1,1,04:02,intra_session_sparse
SPEG,2025-08-29,12,12,0,0,0,0,,,0,0,,no_daily_history
SPH,2025-08-29,12,2,67,1,1,1,18.61,2818507.0,1,1,09:30,intra_session_sparse
SPHL,2025-08-29,12,12,0,0,0,0,3.802,24255.0,0,0,,no_minute_file
SPIR,2025-08-29,12,1,169,1,1,1,9.11,5526323.0,1,1,04:55,intra_session_sparse
SPNT,2025-08-29,12,0,259,1,1,1,18.41,15229943.0,1,1,09:30,intra_session_sparse
SPOK,2025-08-29,12,0,146,1,1,1,17.92,3166070.0,1,1,09:25,intra_session_sparse
SPPL,2025-08-29,12,12,0,0,0,0,3.19,57498.0,0,0,,no_minute_file
SPRC,2025-08-29,12,12,0,0,0,0,27.27,2896119.0,0,0,,no_minute_file
SPRO,2025-08-29,12,0,173,1,1,1,2.0,1496008.0,1,0,08:00,intra_session_sparse
SPRU,2025-08-29,12,2,31,1,1,1,1.49,6173926.0,1,1,08:49,intra_session_sparse
SPRY,2025-08-29,12,0,376,1,1,1,12.86,29891800.0,1,1,08:00,intra_session_sparse
SPT,2025-08-29,12,0,280,1,1,1,15.83,15083556.0,1,1,06:40,intra_session_sparse
SPTX,2025-08-29,12,12,0,0,0,0,,,0,0,,no_daily_history
SPWH,2025-08-29,12,0,144,1,1,1,2.78,1004025.0,1,0,09:30,intra_session_sparse
SPWR,2025-08-29,12,0,154,1,1,1,1.53,1029126.0,1,0,08:20,intra_session_sparse
SRAD,2025-08-29,12,12,0,0,0,0,31.33,58587741.0,0,0,,no_minute_file
SRFM,2025-08-29,12,0,336,1,1,1,4.49,12673628.0,1,1,04:00,intra_session_sparse
SRI,2025-08-29,12,2,100,1,1,1,8.4,2163432.0,1,1,09:30,intra_session_sparse
SRPT,2025-08-29,12,0,376,1,1,1,18.34,187285162.0,1,1,04:00,intra_session_sparse
SRTA,2025-08-29,12,0,317,1,1,1,4.73,8163676.0,1,1,04:32,intra_session_sparse
SRZN,2025-08-29,12,12,0,0,0,0,11.68,180141.0,0,0,,no_minute_file
SSAC,2025-08-29,12,12,0,0,0,0,,,0,0,,no_daily_history
SSEA,2025-08-29,12,12,0,0,0,0,,,0,0,,no_daily_history
SSL,2025-08-29,12,0,279,1,1,1,6.78,8242221.0,1,1,07:18,intra_session_sparse
SSM,2025-08-29,12,12,0,0,0,0,,,0,0,,no_daily_history
SSP,2025-08-29,12,1,173,1,1,1,2.97,2483996.0,1,1,09:13,intra_session_sparse
SSRM,2025-08-29,12,0,376,1,1,1,18.3,59460258.0,1,1,07:00,intra_session_sparse
SSSS,2025-08-29,12,0,118,1,1,1,8.73,2169024.0,1,1,09:30,intra_session_sparse
SST,2025-08-29,12,2,52,1,1,1,7.41,361299.0,1,0,09:30,intra_session_sparse
SSTK,2025-08-29,12,12,0,1,0,0,20.67,5215901.0,1,0,,no_session_bars_has_month_file
SSYS,2025-08-29,12,0,287,1,1,1,11.23,12916560.0,1,1,04:02,intra_session_sparse
STAA,2025-08-29,12,12,0,1,0,0,27.4,91962618.0,1,0,,no_session_bars_has_month_file
STAK,2025-08-29,12,12,0,1,0,0,1.01,490617.0,1,0,,no_session_bars_has_month_file
STEM,2025-08-29,12,0,147,1,1,1,15.71,4582956.0,1,1,06:42,intra_session_sparse
STEX,2025-08-29,12,0,209,1,1,1,4.92,3990443.0,1,1,07:28,intra_session_sparse
STFS,2025-08-29,12,0,357,1,1,1,5.432,4307443.0,1,1,04:03,intra_session_sparse
STGW,2025-08-29,12,0,234,1,1,1,5.54,6864529.0,1,1,09:30,intra_session_sparse
STI,2025-08-29,12,12,0,1,0,0,3.12,92523.0,1,0,,no_session_bars_has_month_file
STIM,2025-08-29,12,0,357,1,1,1,3.44,6167644.0,1,1,04:00,intra_session_sparse
STKE,2025-08-29,12,12,0,0,0,0,,,0,0,,no_daily_history
STLA,2025-08-29,12,0,367,1,1,1,9.64,112692849.0,1,1,04:00,intra_session_sparse
STNE,2025-08-29,12,0,375,1,1,1,16.6,74925687.0,1,1,04:00,intra_session_sparse
STOK,2025-08-29,12,0,298,1,1,1,19.77,16115880.0,1,1,09:25,intra_session_sparse
STRO,2025-08-29,12,2,156,1,1,1,8.954,330509.0,1,0,07:08,intra_session_sparse
STRZ,2025-08-29,12,2,106,1,1,1,13.31,2364933.0,1,1,09:30,intra_session_sparse
STTK,2025-08-29,12,12,0,1,0,0,0.993,5245140.0,1,0,,no_session_bars_has_month_file
STUB,2025-08-29,12,12,0,0,0,0,,,0,0,,no_daily_history
STVN,2025-08-29,12,12,0,0,0,0,23.46,8258167.0,0,0,,no_minute_file
SUGP,2025-08-29,12,0,55,1,1,1,6.73,252796.0,1,0,04:00,intra_session_sparse
SUIG,2025-08-29,12,0,263,1,1,1,7.13,5007887.0,1,1,05:14,intra_session_sparse
SUJA,2025-08-29,12,12,0,0,0,0,,,0,0,,no_daily_history
SUNE,2025-08-29,12,0,55,1,1,1,1.485,209157.0,1,0,04:25,intra_session_sparse
SUPV,2025-08-29,12,0,324,1,1,1,7.96,14465293.0,1,1,08:31,intra_session_sparse
SUPX,2025-08-29,12,12,0,0,0,0,45.21,10282370.0,0,0,,no_minute_file
SVAC,2025-08-29,12,12,0,0,0,0,,,0,0,,no_daily_history
SVAQ,2025-08-29,12,12,0,0,0,0,,,0,0,,no_daily_history
SVCO,2025-08-29,12,2,120,1,1,1,4.99,670962.0,1,0,09:30,intra_session_sparse
SVM,2025-08-29,12,0,369,1,1,1,4.64,19286966.0,1,1,07:00,intra_session_sparse
SVRA,2025-08-29,12,1,306,1,1,1,3.27,4151959.0,1,1,09:27,intra_session_sparse
SVRN,2025-08-29,12,12,0,0,0,0,29.0,3241784.0,0,0,,no_minute_file
SVV,2025-08-29,12,1,297,1,1,1,11.9,12478656.0,1,1,09:30,intra_session_sparse
SWBI,2025-08-29,12,2,280,1,1,1,8.07,5687266.0,1,1,04:05,intra_session_sparse
SWIM,2025-08-29,12,2,236,1,1,1,8.07,5641893.0,1,1,09:30,intra_session_sparse
SWVL,2025-08-29,12,12,0,0,0,0,3.41,64230.0,0,0,,no_minute_file
SXC,2025-08-29,12,0,226,1,1,1,7.59,8973611.0,1,1,09:29,intra_session_sparse
SXTC,2025-08-29,12,12,0,0,0,0,219.0,45190.0,0,0,,no_minute_file
SXTP,2025-08-29,12,12,0,1,0,0,5.2,114113.0,1,0,,no_session_bars_has_month_file
SY,2025-08-29,12,0,184,1,1,1,3.93,7706983.0,1,1,08:00,intra_session_sparse
SYNX,2025-08-29,12,12,0,0,0,0,1.68,53284.0,0,0,,no_minute_file
SYRE,2025-08-29,12,2,201,1,1,1,16.72,7703548.0,1,1,09:30,intra_session_sparse
SZZL,2025-08-29,12,4,1,1,1,1,10.085,273376.0,1,0,11:47,intra_session_sparse
TAC,2025-08-29,12,0,281,1,1,1,12.61,14420430.0,1,1,09:30,intra_session_sparse
TACO,2025-08-29,12,2,29,1,1,1,10.3,1728823.0,1,0,10:00,intra_session_sparse
TAL,2025-08-29,12,0,371,1,1,1,10.81,50159841.0,1,1,04:03,intra_session_sparse
TALK,2025-08-29,12,0,344,1,1,1,2.66,4094663.0,1,1,07:42,intra_session_sparse
TALO,2025-08-29,12,0,350,1,1,1,9.83,23006376.0,1,1,04:00,intra_session_sparse
TANH,2025-08-29,12,12,0,0,0,0,2.07,62568.0,0,0,,no_minute_file
TAOP,2025-08-29,12,12,0,0,0,0,3.2,72764.0,0,0,,no_minute_file
TAOX,2025-08-29,12,0,207,1,1,1,6.545,2043078.0,1,1,07:10,intra_session_sparse
TARA,2025-08-29,12,0,101,1,1,1,3.14,551859.0,1,0,08:00,intra_session_sparse
TASK,2025-08-29,12,0,154,1,1,1,17.4,4055898.0,1,1,09:30,intra_session_sparse
TBCH,2025-08-29,12,2,182,1,1,1,15.66,3865497.0,1,1,09:30,intra_session_sparse
TBH,2025-08-29,12,12,0,1,0,0,9.48,167463.0,1,0,,no_session_bars_has_month_file
TBI,2025-08-29,12,2,101,1,1,1,6.13,1110701.0,1,0,09:30,intra_session_sparse
TBLA,2025-08-29,12,1,308,1,1,1,3.35,4537734.0,1,1,08:34,intra_session_sparse
TBPH,2025-08-29,12,2,184,1,1,1,13.97,6077964.0,1,1,09:30,intra_session_sparse
TBRG,2025-08-29,12,2,67,1,1,1,19.99,2307599.0,1,1,09:30,intra_session_sparse
TCGL,2025-08-29,12,12,0,0,0,0,,,0,0,,no_daily_history
TCMD,2025-08-29,12,0,120,1,1,1,13.17,3226128.0,1,1,09:30,intra_session_sparse
TCPC,2025-08-29,12,0,193,1,1,1,7.13,3802748.0,1,1,05:40,intra_session_sparse
TCRT,2025-08-29,12,2,42,1,1,1,2.1,631602.0,1,0,09:37,intra_session_sparse
TDAY,2025-08-29,12,1,285,1,1,1,4.1,7274159.0,1,1,09:30,intra_session_sparse
TDIC,2025-08-29,12,12,0,1,0,0,19.03,90258.0,1,0,,no_session_bars_has_month_file
TDOC,2025-08-29,12,0,372,1,1,1,7.89,43651136.0,1,1,04:12,intra_session_sparse
TDUP,2025-08-29,12,0,339,1,1,1,11.2,28139505.0,1,1,08:40,intra_session_sparse
TE,2025-08-29,12,1,266,1,1,1,1.64,2429134.0,1,1,04:29,intra_session_sparse
TECX,2025-08-29,12,12,0,0,0,0,25.57,4630005.0,0,0,,no_minute_file
TELO,2025-08-29,12,0,325,1,1,1,1.48,6073063.0,1,1,04:00,intra_session_sparse
TENB,2025-08-29,12,12,0,0,0,0,31.09,44239235.0,0,0,,no_minute_file
TENX,2025-08-29,12,12,0,0,0,0,5.93,93693.0,0,0,,no_minute_file
TEO,2025-08-29,12,1,163,1,1,1,8.91,1686182.0,1,0,09:30,intra_session_sparse
TFSL,2025-08-29,12,1,209,1,1,1,14.23,4675220.0,1,1,09:30,intra_session_sparse
TGB,2025-08-29,12,0,362,1,1,1,3.19,11532180.0,1,1,04:02,intra_session_sparse
TGE,2025-08-29,12,12,0,1,0,0,3.13,189345.0,1,0,,no_session_bars_has_month_file
TGEN,2025-08-29,12,0,292,1,1,1,7.73,8221947.0,1,1,07:00,intra_session_sparse
TGHL,2025-08-29,12,12,0,0,0,0,3.38,20062990.0,0,1,,no_minute_file
TGL,2025-08-29,12,12,0,1,0,0,24.4,1341766.0,1,0,,no_session_bars_has_month_file
TH,2025-08-29,12,0,237,1,1,1,9.03,4239862.0,1,1,06:31,intra_session_sparse
THH,2025-08-29,12,12,0,0,0,0,6.02,15721122.0,0,1,,no_minute_file
THM,2025-08-29,12,0,109,1,1,1,1.35,615147.0,1,0,09:30,intra_session_sparse
THRY,2025-08-29,12,0,275,1,1,1,12.81,6630692.0,1,1,09:30,intra_session_sparse
TIC,2025-08-29,12,0,283,1,1,1,11.04,33041746.0,1,1,08:57,intra_session_sparse
TII,2025-08-29,12,12,0,0,0,0,,,0,0,,no_daily_history
TIL,2025-08-29,12,12,0,0,0,0,27.625,3267769.0,0,0,,no_minute_file
TIPT,2025-08-29,12,12,0,0,0,0,23.54,2941757.0,0,0,,no_minute_file
TITN,2025-08-29,12,0,169,1,1,1,19.68,2928264.0,1,1,09:30,intra_session_sparse
TK,2025-08-29,12,0,217,1,1,1,8.13,4761987.0,1,1,09:30,intra_session_sparse
TKC,2025-08-29,12,0,303,1,1,1,5.92,4013941.0,1,1,07:40,intra_session_sparse
TKNO,2025-08-29,12,1,69,1,1,1,4.31,1030669.0,1,0,09:30,intra_session_sparse
TLIH,2025-08-29,12,0,74,1,1,1,5.755,306897.0,1,0,04:01,intra_session_sparse
TLK,2025-08-29,12,0,274,1,1,1,19.55,16990592.0,1,1,06:52,intra_session_sparse
TLRY,2025-08-29,12,0,376,1,1,1,14.7,101737580.0,1,1,04:00,intra_session_sparse
TLS,2025-08-29,12,0,295,1,1,1,6.07,13983183.0,1,1,04:56,intra_session_sparse
TLYS,2025-08-29,12,2,76,1,1,1,1.93,244085.0,1,0,09:30,intra_session_sparse
TMC,2025-08-29,12,0,376,1,1,1,5.26,55301661.0,1,1,04:07,intra_session_sparse
TMCI,2025-08-29,12,2,157,1,1,1,7.4,2767670.0,1,1,04:09,intra_session_sparse
TMCR,2025-08-29,12,12,0,0,0,0,,,0,0,,no_daily_history
TMDE,2025-08-29,12,12,0,0,0,0,0.865,36593.0,0,0,,no_minute_file
TMQ,2025-08-29,12,2,91,1,1,1,1.69,577165.0,1,0,08:20,intra_session_sparse
TMTS,2025-08-29,12,12,0,0,0,0,,,0,0,,no_daily_history
TNDM,2025-08-29,12,0,357,1,1,1,11.79,33813599.0,1,1,08:14,intra_session_sparse
TNGX,2025-08-29,12,0,274,1,1,1,6.82,11418065.0,1,1,07:05,intra_session_sparse
TNMG,2025-08-29,12,12,0,0,0,0,8.42,89110.0,0,0,,no_minute_file
TNON,2025-08-29,12,0,76,1,1,1,1.29,20029393.0,1,1,04:00,intra_session_sparse
TNXP,2025-08-29,12,12,0,0,0,0,30.81,89679977.0,0,0,,no_minute_file
TNYA,2025-08-29,12,0,293,1,1,1,1.13,4332739.0,1,1,04:00,intra_session_sparse
TOI,2025-08-29,12,0,285,1,1,1,3.48,7197998.0,1,1,08:00,intra_session_sparse
TONX,2025-08-29,12,0,199,1,1,1,14.11,41884792.0,1,1,04:54,intra_session_sparse
TORO,2025-08-29,12,12,0,1,0,0,2.74,95854.0,1,0,,no_session_bars_has_month_file
TOYO,2025-08-29,12,12,0,1,0,0,5.255,120524.0,1,0,,no_session_bars_has_month_file
TPET,2025-08-29,12,12,0,1,0,0,1.125,158631.0,1,0,,no_session_bars_has_month_file
TPVG,2025-08-29,12,0,154,1,1,1,6.67,2654488.0,1,1,04:01,intra_session_sparse
TRAD,2025-08-29,12,12,0,0,0,0,,,0,0,,no_daily_history
TRAW,2025-08-29,12,2,31,1,1,1,1.42,227098.0,1,0,08:00,intra_session_sparse
TRAX,2025-08-29,12,12,0,0,0,0,,,0,0,,no_daily_history
TRC,2025-08-29,12,2,68,1,1,1,17.48,2042920.0,1,1,09:30,intra_session_sparse
TRDA,2025-08-29,12,2,103,1,1,1,5.65,1452018.0,1,0,09:30,intra_session_sparse
TRIN,2025-08-29,12,0,281,1,1,1,16.14,10483784.0,1,1,05:00,intra_session_sparse
TRIP,2025-08-29,12,1,360,1,1,1,17.04,51282690.0,1,1,09:30,intra_session_sparse
TRMD,2025-08-29,12,12,0,1,0,0,21.65,17781890.0,1,0,,no_session_bars_has_month_file
TRNR,2025-08-29,12,12,0,0,0,0,39.4,395561.0,0,0,,no_minute_file
TRON,2025-08-29,12,0,316,1,1,1,4.56,14560139.0,1,1,04:00,intra_session_sparse
TROO,2025-08-29,12,12,0,0,0,0,1.03,193141.0,0,0,,no_minute_file
TROX,2025-08-29,12,0,364,1,1,1,4.15,19077457.0,1,1,04:16,intra_session_sparse
TRT,2025-08-29,12,12,0,0,0,0,2.699,15245.0,0,0,,no_minute_file
TRVI,2025-08-29,12,0,356,1,1,1,7.21,14309023.0,1,1,08:00,intra_session_sparse
TRX,2025-08-29,12,12,0,0,0,0,0.357,188461.0,0,0,,no_minute_file
TSHA,2025-08-29,12,0,329,1,1,1,2.83,8165370.0,1,1,09:30,intra_session_sparse
TSLX,2025-08-29,12,12,0,0,0,0,24.29,9458319.0,0,0,,no_minute_file
TSSI,2025-08-29,12,0,373,1,1,1,15.43,66680882.0,1,1,04:00,intra_session_sparse
TTAM,2025-08-29,12,0,182,1,1,1,15.57,4784690.0,1,1,09:30,intra_session_sparse
TTEC,2025-08-29,12,2,153,1,1,1,3.72,2231239.0,1,1,09:30,intra_session_sparse
TTGT,2025-08-29,12,1,261,1,1,1,5.87,3809706.0,1,1,04:08,intra_session_sparse
TTI,2025-08-29,12,2,297,1,1,1,4.75,6797781.0,1,1,04:00,intra_session_sparse
TTRX,2025-08-29,12,12,0,0,0,0,,,0,0,,no_daily_history
TU,2025-08-29,12,0,351,1,1,1,16.44,47714854.0,1,1,09:30,intra_session_sparse
TV,2025-08-29,12,0,298,1,1,1,2.77,3506908.0,1,1,09:30,intra_session_sparse
TVA,2025-08-29,12,12,0,1,0,0,10.13,171241.0,1,0,,no_session_bars_has_month_file
TVRD,2025-08-29,12,12,0,0,0,0,30.275,611123.0,0,0,,no_minute_file
TVTX,2025-08-29,12,0,356,1,1,1,17.7,29547216.0,1,1,05:40,intra_session_sparse
TWFG,2025-08-29,12,12,0,0,0,0,27.0,5175987.0,0,0,,no_minute_file
TWG,2025-08-29,12,12,0,1,0,0,5.38,194525.0,1,0,,no_session_bars_has_month_file
TWI,2025-08-29,12,2,200,1,1,1,8.96,3682738.0,1,1,09:30,intra_session_sparse
TWO,2025-08-29,12,0,305,1,1,1,9.88,19870759.0,1,1,04:53,intra_session_sparse
TXG,2025-08-29,12,0,368,1,1,1,14.28,40896877.0,1,1,04:05,intra_session_sparse
TXO,2025-08-29,12,0,144,1,1,1,14.14,3019410.0,1,1,08:07,intra_session_sparse
TYGO,2025-08-29,12,2,91,1,1,1,1.38,408376.0,1,0,09:29,intra_session_sparse
TYRA,2025-08-29,12,0,115,1,1,1,12.37,2448932.0,1,1,09:30,intra_session_sparse
TZOO,2025-08-29,12,1,79,1,1,1,9.78,1091199.0,1,0,04:00,intra_session_sparse
U,2025-08-29,12,12,0,0,0,0,40.17,524586289.0,0,0,,no_minute_file
UA,2025-08-29,12,0,364,1,1,1,4.91,37899158.0,1,1,04:25,intra_session_sparse
UAA,2025-08-29,12,0,374,1,1,1,5.02,94418548.0,1,1,04:16,intra_session_sparse
UAMY,2025-08-29,12,0,370,1,1,1,4.57,26135619.0,1,1,04:18,intra_session_sparse
UAVS,2025-08-29,12,1,289,1,1,1,1.98,9703209.0,1,1,04:45,intra_session_sparse
UBXG,2025-08-29,12,12,0,0,0,0,62.89,540360.0,0,0,,no_minute_file
UE,2025-08-29,12,12,0,1,0,0,20.72,26072622.0,1,0,,no_session_bars_has_month_file
UEC,2025-08-29,12,0,376,1,1,1,10.48,127410678.0,1,1,04:01,intra_session_sparse
UFG,2025-08-29,12,2,101,1,1,1,5.18,9222663.0,1,1,09:23,intra_session_sparse
UGP,2025-08-29,12,0,331,1,1,1,3.7,5121543.0,1,1,08:00,intra_session_sparse
UGRO,2025-08-29,12,0,28,1,1,1,10.45,1444989.0,1,0,07:59,intra_session_sparse
UIS,2025-08-29,12,1,193,1,1,1,3.92,3613469.0,1,1,09:30,intra_session_sparse
ULCC,2025-08-29,12,0,359,1,1,1,4.71,21492732.0,1,1,08:34,intra_session_sparse
UMAC,2025-08-29,12,0,369,1,1,1,10.17,27850484.0,1,1,04:11,intra_session_sparse
UMC,2025-08-29,12,0,371,1,1,1,6.69,45887640.0,1,1,04:01,intra_session_sparse
UMH,2025-08-29,12,2,233,1,1,1,15.66,8585693.0,1,1,09:30,intra_session_sparse
UNCY,2025-08-29,12,0,171,1,1,1,4.2,1998521.0,1,0,04:09,intra_session_sparse
UNIT,2025-08-29,12,0,321,1,1,1,6.59,21079192.0,1,1,08:50,intra_session_sparse
UONE,2025-08-29,12,12,0,0,0,0,15.5,17813.0,0,0,,no_minute_file
UP,2025-08-29,12,12,0,0,0,0,66.0,14717922.0,0,0,,no_minute_file
UPB,2025-08-29,12,2,156,1,1,1,16.76,7437374.0,1,1,09:30,intra_session_sparse
UPBD,2025-08-29,12,12,0,0,0,0,25.86,17059270.0,0,0,,no_minute_file
UPC,2025-08-29,12,2,9,1,1,1,3.55,223325.0,1,0,09:47,intra_session_sparse
UPLD,2025-08-29,12,0,78,1,1,1,2.76,2377456.0,1,1,08:35,intra_session_sparse
UPWK,2025-08-29,12,0,361,1,1,1,14.91,48941880.0,1,1,08:33,intra_session_sparse
UPXI,2025-08-29,12,0,372,1,1,1,8.09,56431974.0,1,1,04:00,intra_session_sparse
URG,2025-08-29,12,0,373,1,1,1,1.39,5447334.0,1,1,04:15,intra_session_sparse
URGN,2025-08-29,12,0,279,1,1,1,19.24,20454054.0,1,1,08:04,intra_session_sparse
UROY,2025-08-29,12,0,309,1,1,1,3.1,7156703.0,1,1,04:04,intra_session_sparse
USAR,2025-08-29,12,0,376,1,1,1,15.42,125120184.0,1,1,04:03,intra_session_sparse
USAS,2025-08-29,12,0,319,1,1,1,2.57,2329106.0,1,1,04:00,intra_session_sparse
USAU,2025-08-29,12,2,136,1,1,1,13.05,3239381.0,1,1,07:46,intra_session_sparse
USEG,2025-08-29,12,0,63,1,1,1,1.19,283714.0,1,0,04:02,intra_session_sparse
USGO,2025-08-29,12,0,136,1,1,1,9.32,531706.0,1,0,08:00,intra_session_sparse
USNA,2025-08-29,12,12,0,0,0,0,31.38,3115220.0,0,0,,no_minute_file
UTZ,2025-08-29,12,2,279,1,1,1,13.41,11755472.0,1,1,09:30,intra_session_sparse
UUU,2025-08-29,12,12,0,1,0,0,3.45,128344.0,1,0,,no_session_bars_has_month_file
UUUU,2025-08-29,12,0,376,1,1,1,11.68,149019961.0,1,1,04:00,intra_session_sparse
UWMC,2025-08-29,12,0,376,1,1,1,5.58,54335180.0,1,1,05:18,intra_session_sparse
UZX,2025-08-29,12,12,0,0,0,0,2.26,14557.0,0,0,,no_minute_file
VACH,2025-08-29,12,12,0,0,0,0,10.42,78906.0,0,0,,no_minute_file
VACI,2025-08-29,12,12,0,0,0,0,,,0,0,,no_daily_history
VALE,2025-08-29,12,0,375,1,1,1,10.25,293324429.0,1,1,04:00,intra_session_sparse
VBIO,2025-08-29,12,0,52,1,1,1,3.09,11056234.0,1,1,04:35,intra_session_sparse
VCIG,2025-08-29,12,12,0,0,0,0,1376.82,7493173.0,0,0,,no_minute_file
VEEE,2025-08-29,12,12,0,0,0,0,72.63,255335.0,0,0,,no_minute_file
VEL,2025-08-29,12,0,41,1,1,1,19.07,2047692.0,1,1,09:30,intra_session_sparse
VELO,2025-08-29,12,12,0,0,0,0,4.57,11710740.0,0,1,,no_minute_file
VENU,2025-08-29,12,2,106,1,1,1,12.73,1844220.0,1,0,09:30,intra_session_sparse
VERI,2025-08-29,12,0,354,1,1,1,2.87,7338451.0,1,1,04:00,intra_session_sparse
VERX,2025-08-29,12,12,0,0,0,0,25.34,50338263.0,0,0,,no_minute_file
VET,2025-08-29,12,0,245,1,1,1,7.68,6332464.0,1,1,09:30,intra_session_sparse
VFC,2025-08-29,12,0,376,1,1,1,14.9,114673885.0,1,1,07:17,intra_session_sparse
VFF,2025-08-29,12,0,359,1,1,1,3.15,8532211.0,1,1,04:47,intra_session_sparse
VFS,2025-08-29,12,1,231,1,1,1,3.46,1452616.0,1,0,08:00,intra_session_sparse
VG,2025-08-29,12,0,372,1,1,1,12.82,91620267.0,1,1,04:45,intra_session_sparse
VGZ,2025-08-29,12,0,195,1,1,1,1.15,945395.0,1,0,07:02,intra_session_sparse
VHC,2025-08-29,12,12,0,1,0,0,13.25,144262.0,1,0,,no_session_bars_has_month_file
VHCP,2025-08-29,12,12,0,0,0,0,,,0,0,,no_daily_history
VHUB,2025-08-29,12,12,0,0,0,0,,,0,0,,no_daily_history
VIA,2025-08-29,12,12,0,0,0,0,10.995,200241.0,0,0,,no_minute_file
VIAV,2025-08-29,12,0,369,1,1,1,11.27,42070865.0,1,1,06:35,intra_session_sparse
VIDA,2025-08-29,12,12,0,0,0,0,,,0,0,,no_daily_history
VIPS,2025-08-29,12,0,355,1,1,1,16.7,43498709.0,1,1,08:48,intra_session_sparse
VIR,2025-08-29,12,0,327,1,1,1,5.04,7082758.0,1,1,05:25,intra_session_sparse
VISN,2025-08-29,12,0,376,1,1,1,15.96,176685441.0,1,1,04:02,intra_session_sparse
VITL,2025-08-29,12,12,0,0,0,0,51.38,56682984.0,0,0,,no_minute_file
VIVK,2025-08-29,12,12,0,0,0,0,,,0,0,,no_daily_history
VIVO,2025-08-29,12,0,284,1,1,1,5.76,10399138.0,1,1,04:02,intra_session_sparse
VIVS,2025-08-29,12,12,0,0,0,0,1.87,55427.0,0,0,,no_minute_file
VLN,2025-08-29,12,0,187,1,1,1,2.03,1406144.0,1,0,07:04,intra_session_sparse
VLRS,2025-08-29,12,1,213,1,1,1,6.17,2877011.0,1,1,09:30,intra_session_sparse
VLY,2025-08-29,12,0,372,1,1,1,10.45,76351573.0,1,1,09:30,intra_session_sparse
VMAR,2025-08-29,12,12,0,0,0,0,55.2,2966033.0,0,0,,no_minute_file
VMD,2025-08-29,12,2,177,1,1,1,7.23,2253626.0,1,1,09:30,intra_session_sparse
VMET,2025-08-29,12,12,0,0,0,0,,,0,0,,no_daily_history
VNCE,2025-08-29,12,12,0,0,0,0,1.46,28616.0,0,0,,no_minute_file
VNDA,2025-08-29,12,1,156,1,1,1,4.7,2097037.0,1,1,09:30,intra_session_sparse
VNME,2025-08-29,12,12,0,0,0,0,9.9,1152371.0,0,0,,no_minute_file
VNRX,2025-08-29,12,12,0,0,0,0,13.13,122748.0,0,0,,no_minute_file
VNTG,2025-08-29,12,2,170,1,1,1,5.71,6777682.0,1,1,08:01,intra_session_sparse
VOR,2025-08-29,12,12,0,0,0,0,40.2,9558548.0,0,0,,no_minute_file
VOXR,2025-08-29,12,0,155,1,1,1,3.49,1074237.0,1,0,04:41,intra_session_sparse
VOYG,2025-08-29,12,12,0,0,0,0,31.04,32503722.0,0,0,,no_minute_file
VRA,2025-08-29,12,2,63,1,1,1,2.04,226404.0,1,0,09:30,intra_session_sparse
VRCA,2025-08-29,12,2,53,1,1,1,5.55,271767.0,1,0,09:30,intra_session_sparse
VRDN,2025-08-29,12,0,266,1,1,1,18.44,15411322.0,1,1,09:30,intra_session_sparse
VREX,2025-08-29,12,2,132,1,1,1,11.47,5564701.0,1,1,09:30,intra_session_sparse
VRME,2025-08-29,12,12,0,1,0,0,0.915,808250.0,1,0,,no_session_bars_has_month_file
VRRM,2025-08-29,12,12,0,0,0,0,25.19,23908659.0,0,0,,no_minute_file
VSEE,2025-08-29,12,12,0,1,0,0,0.77,167490.0,1,0,,no_session_bars_has_month_file
VSH,2025-08-29,12,0,340,1,1,1,15.69,30093516.0,1,1,09:30,intra_session_sparse
VSME,2025-08-29,12,12,0,0,0,0,38.0,2130067.0,0,0,,no_minute_file
VSTD,2025-08-29,12,2,34,1,1,1,1.35,289449.0,1,0,08:00,intra_session_sparse
VSTM,2025-08-29,12,0,330,1,1,1,9.23,23461374.0,1,1,08:48,intra_session_sparse
VSTS,2025-08-29,12,0,319,1,1,1,4.62,11150078.0,1,1,09:30,intra_session_sparse
VTAK,2025-08-29,12,0,44,1,1,1,2.58,13235570.0,1,1,09:17,intra_session_sparse
VTEX,2025-08-29,12,0,308,1,1,1,4.07,7114818.0,1,1,08:00,intra_session_sparse
VTGN,2025-08-29,12,0,128,1,1,1,3.23,1864102.0,1,0,09:30,intra_session_sparse
VTIX,2025-08-29,12,12,0,0,0,0,,,0,0,,no_daily_history
VTRS,2025-08-29,12,0,375,1,1,1,10.41,96491391.0,1,1,08:47,intra_session_sparse
VTS,2025-08-29,12,12,0,0,0,0,26.66,8497770.0,0,0,,no_minute_file
VUZI,2025-08-29,12,0,293,1,1,1,2.15,2772077.0,1,1,04:00,intra_session_sparse
VWAV,2025-08-29,12,0,204,1,1,1,9.02,3694328.0,1,1,09:26,intra_session_sparse
VYGR,2025-08-29,12,2,164,1,1,1,3.4,2581521.0,1,1,09:30,intra_session_sparse
VYX,2025-08-29,12,0,332,1,1,1,13.53,24189428.0,1,1,09:30,intra_session_sparse
VZLA,2025-08-29,12,0,367,1,1,1,3.54,10939280.0,1,1,08:00,intra_session_sparse
WAI,2025-08-29,12,0,356,1,1,1,4.713,5180632.0,1,1,04:00,intra_session_sparse
WALD,2025-08-29,12,1,74,1,1,1,1.58,936170.0,1,0,06:39,intra_session_sparse
WATT,2025-08-29,12,2,43,1,1,1,7.89,456294.0,1,0,09:30,intra_session_sparse
WAY,2025-08-29,12,12,0,0,0,0,38.28,58039117.0,0,0,,no_minute_file
WBD,2025-08-29,12,0,376,1,1,1,12.055,561217607.0,1,1,04:05,intra_session_sparse
WBI,2025-08-29,12,12,0,0,0,0,,,0,0,,no_daily_history
WBTN,2025-08-29,12,0,204,1,1,1,14.82,21460067.0,1,1,05:38,intra_session_sparse
WBUY,2025-08-29,12,2,51,1,1,1,3.15,219381.0,1,0,05:39,intra_session_sparse
WEAV,2025-08-29,12,0,283,1,1,1,7.69,9716321.0,1,1,08:00,intra_session_sparse
WEN,2025-08-29,12,0,369,1,1,1,10.5,71044797.0,1,1,04:14,intra_session_sparse
WENC,2025-08-29,12,12,0,0,0,0,,,0,0,,no_daily_history
WENN,2025-08-29,12,2,6,1,1,1,10.14,1557816.0,1,0,09:55,intra_session_sparse
WEST,2025-08-29,12,0,247,1,1,1,5.51,4094580.0,1,1,04:56,intra_session_sparse
WGRX,2025-08-29,12,12,0,0,0,0,67.0,6693995.0,0,0,,no_minute_file
WHWK,2025-08-29,12,12,0,1,0,0,1.77,174299.0,1,0,,no_session_bars_has_month_file
WIT,2025-08-29,12,0,375,1,1,1,2.8,20141191.0,1,1,04:31,intra_session_sparse
WKHS,2025-08-29,12,0,286,1,1,1,16.44,2167339.0,1,1,04:01,intra_session_sparse
WKSP,2025-08-29,12,0,83,1,1,1,3.27,912487.0,1,0,08:26,intra_session_sparse
WLDS,2025-08-29,12,2,48,1,1,1,3.24,1778775.0,1,0,04:05,intra_session_sparse
WLKP,2025-08-29,12,12,0,0,0,0,22.22,751467.0,0,0,,no_minute_file
WLTH,2025-08-29,12,12,0,0,0,0,,,0,0,,no_daily_history
WNC,2025-08-29,12,0,304,1,1,1,11.13,6774040.0,1,1,09:30,intra_session_sparse
WNW,2025-08-29,12,12,0,0,0,0,175.0,21638.0,0,0,,no_minute_file
WOK,2025-08-29,12,12,0,0,0,0,15750.0,14917.0,0,0,,no_minute_file
WOLF,2025-08-29,12,0,358,1,1,1,1.19,11554886.0,1,1,04:00,intra_session_sparse
WOOF,2025-08-29,12,0,375,1,1,1,3.23,10029392.0,1,1,04:00,intra_session_sparse
WPAC,2025-08-29,12,12,0,0,0,0,,,0,0,,no_daily_history
WPP,2025-08-29,12,12,0,0,0,0,26.59,12124560.0,0,0,,no_minute_file
WRBY,2025-08-29,12,12,0,0,0,0,26.24,46635656.0,0,0,,no_minute_file
WRN,2025-08-29,12,2,114,1,1,1,1.42,533748.0,1,0,08:00,intra_session_sparse
WSC,2025-08-29,12,12,0,0,0,0,24.56,69337221.0,0,0,,no_minute_file
WSE,2025-08-29,12,12,0,0,0,0,,,0,0,,no_daily_history
WSHP,2025-08-29,12,12,0,0,0,0,,,0,0,,no_daily_history
WSR,2025-08-29,12,2,115,1,1,1,12.96,2339044.0,1,1,09:30,intra_session_sparse
WTI,2025-08-29,12,0,174,1,1,1,1.8,1952235.0,1,0,08:00,intra_session_sparse
WTO,2025-08-29,12,12,0,0,0,0,435.05,41318.0,0,0,,no_minute_file
WTTR,2025-08-29,12,1,312,1,1,1,8.39,8677152.0,1,1,09:30,intra_session_sparse
WU,2025-08-29,12,0,376,1,1,1,8.51,74957989.0,1,1,04:29,intra_session_sparse
WULF,2025-08-29,12,0,376,1,1,1,9.44,533022344.0,1,1,04:00,intra_session_sparse
WVE,2025-08-29,12,0,344,1,1,1,9.93,15340035.0,1,1,09:30,intra_session_sparse
WW,2025-08-29,12,12,0,0,0,0,32.75,12830224.0,0,0,,no_minute_file
WWR,2025-08-29,12,12,0,0,0,0,0.77,798939.0,0,0,,no_minute_file
WWW,2025-08-29,12,12,0,0,0,0,32.4,60110850.0,0,0,,no_minute_file
WYFI,2025-08-29,12,12,0,0,0,0,17.01,29678716.0,0,1,,no_minute_file
XAIR,2025-08-29,12,2,42,1,1,1,2.18,462873.0,1,0,08:53,intra_session_sparse
XBIO,2025-08-29,12,12,0,0,0,0,2.85,38295.0,0,0,,no_minute_file
XBP,2025-08-29,12,2,116,1,1,1,5.931,607038.0,1,0,05:04,intra_session_sparse
XCUR,2025-08-29,12,2,14,1,1,1,5.61,554028.0,1,0,09:31,intra_session_sparse
XELB,2025-08-29,12,2,44,1,1,1,4.2,1906901.0,1,0,04:56,intra_session_sparse
XERS,2025-08-29,12,0,348,1,1,1,7.9,24739129.0,1,1,08:06,intra_session_sparse
XFLH,2025-08-29,12,12,0,0,0,0,,,0,0,,no_daily_history
XFOR,2025-08-29,12,0,225,1,1,1,4.12,29572734.0,1,1,04:16,intra_session_sparse
XGN,2025-08-29,12,1,143,1,1,1,9.74,2226068.0,1,1,09:30,intra_session_sparse
XHLD,2025-08-29,12,12,0,0,0,0,4.799,99132.0,0,0,,no_minute_file
XHR,2025-08-29,12,0,287,1,1,1,14.17,14073150.0,1,1,09:30,intra_session_sparse
XIFR,2025-08-29,12,0,284,1,1,1,10.2,12303849.0,1,1,09:30,intra_session_sparse
XMAX,2025-08-29,12,2,22,1,1,1,1.69,1191318.0,1,0,05:41,intra_session_sparse
XNCR,2025-08-29,12,0,249,1,1,1,8.05,5797653.0,1,1,09:30,intra_session_sparse
XNDU,2025-08-29,12,4,6,1,1,1,10.03,844127.0,1,0,09:33,intra_session_sparse
XOS,2025-08-29,12,2,85,1,1,1,2.99,4837228.0,1,1,08:00,intra_session_sparse
XP,2025-08-29,12,0,376,1,1,1,18.585,115334123.0,1,1,08:00,intra_session_sparse
XPER,2025-08-29,12,0,227,1,1,1,6.04,3467038.0,1,1,09:30,intra_session_sparse
XPOF,2025-08-29,12,1,298,1,1,1,8.35,8531466.0,1,1,09:30,intra_session_sparse
XPON,2025-08-29,12,0,204,1,1,1,1.62,43966684.0,1,1,04:10,intra_session_sparse
XPRO,2025-08-29,12,0,325,1,1,1,12.56,13448420.0,1,1,09:30,intra_session_sparse
XRAY,2025-08-29,12,0,355,1,1,1,14.32,55684287.0,1,1,09:30,intra_session_sparse
XRPN,2025-08-29,12,2,5,1,1,1,10.29,2369056.0,1,1,09:30,intra_session_sparse
XRTX,2025-08-29,12,12,0,1,0,0,4.149,75539.0,1,0,,no_session_bars_has_month_file
XRX,2025-08-29,12,0,365,1,1,1,3.9,17152004.0,1,1,07:19,intra_session_sparse
XTIA,2025-08-29,12,0,261,1,1,1,2.04,1806976.0,1,0,04:05,intra_session_sparse
XWEL,2025-08-29,12,12,0,0,0,0,1.13,13246.0,0,0,,no_minute_file
XXI,2025-08-29,12,12,0,0,0,0,23.4,7908131.0,0,0,,no_minute_file
XXII,2025-08-29,12,12,0,0,0,0,27.0,646807.0,0,0,,no_minute_file
XZO,2025-08-29,12,12,0,0,0,0,,,0,0,,no_daily_history
YAAS,2025-08-29,12,12,0,0,0,0,25.43,135120.0,0,0,,no_minute_file
YCBD,2025-08-29,12,12,0,0,0,0,0.775,103391.0,0,0,,no_minute_file
YCY,2025-08-29,12,12,0,0,0,0,,,0,0,,no_daily_history
YDDL,2025-08-29,12,12,0,0,0,0,,,0,0,,no_daily_history
YDES,2025-08-29,12,12,0,0,0,0,,,0,0,,no_daily_history
YDKG,2025-08-29,12,12,0,0,0,0,421.0,3793813.0,0,0,,no_minute_file
YELP,2025-08-29,12,12,0,0,0,0,31.29,33503814.0,0,0,,no_minute_file
YEXT,2025-08-29,12,0,298,1,1,1,9.14,9493167.0,1,1,09:30,intra_session_sparse
YHGJ,2025-08-29,12,12,0,0,0,0,6.435,91690.0,0,0,,no_minute_file
YMAT,2025-08-29,12,2,88,1,1,1,1.63,3343301.0,1,1,04:02,intra_session_sparse
YOOV,2025-08-29,12,12,0,1,0,0,1.68,82341.0,1,0,,no_session_bars_has_month_file
YSS,2025-08-29,12,12,0,0,0,0,,,0,0,,no_daily_history
YSXT,2025-08-29,12,2,28,1,1,1,2.41,1613899.0,1,0,09:30,intra_session_sparse
YYGH,2025-08-29,12,12,0,0,0,0,120.25,980362.0,0,0,,no_minute_file
ZBIO,2025-08-29,12,2,97,1,1,1,16.26,2685360.0,1,1,09:30,intra_session_sparse
ZDAI,2025-08-29,12,0,75,1,1,1,7.84,405067.0,1,0,04:25,intra_session_sparse
ZDGE,2025-08-29,12,12,0,1,0,0,3.1,128928.0,1,0,,no_session_bars_has_month_file
ZENA,2025-08-29,12,0,190,1,1,1,5.13,10225838.0,1,1,04:23,intra_session_sparse
ZETA,2025-08-29,12,0,374,1,1,1,19.55,210120845.0,1,1,04:00,intra_session_sparse
ZGN,2025-08-29,12,0,262,1,1,1,8.38,5681564.0,1,1,09:30,intra_session_sparse
ZIM,2025-08-29,12,0,372,1,1,1,13.86,103846837.0,1,1,04:06,intra_session_sparse
ZIP,2025-08-29,12,2,306,1,1,1,4.97,6945169.0,1,1,09:30,intra_session_sparse
ZNTL,2025-08-29,12,0,277,1,1,1,1.76,1352635.0,1,0,08:35,intra_session_sparse
ZONE,2025-08-29,12,0,105,1,1,1,6.46,300992.0,1,0,08:15,intra_session_sparse
ZSQR,2025-08-29,12,2,31,1,1,1,12.66,574847.0,1,0,09:34,intra_session_sparse
ZSTK,2025-08-29,12,12,0,1,0,0,20.7,392232.0,1,0,,no_session_bars_has_month_file
ZTG,2025-08-29,12,12,0,0,0,0,,,0,0,,no_daily_history
ZUMZ,2025-08-29,12,2,119,1,1,1,17.56,2616856.0,1,1,09:30,intra_session_sparse
ZURA,2025-08-29,12,1,98,1,1,1,2.12,677430.0,1,0,08:43,intra_session_sparse
ZVIA,2025-08-29,12,0,314,1,1,1,2.7,2607467.0,1,1,04:06,intra_session_sparse
ZVRA,2025-08-29,12,0,279,1,1,1,9.3,16223460.0,1,1,06:26,intra_session_sparse
ZYBT,2025-08-29,12,2,100,1,1,1,8.87,1273860.0,1,0,09:30,intra_session_sparse
ZYME,2025-08-29,12,0,289,1,1,1,14.84,6370312.0,1,1,09:30,intra_session_sparse
AACI,2025-09-02,13,4,18,1,1,1,10.29,2370158.0,1,1,11:55,intra_session_sparse
AAL,2025-09-02,13,0,376,1,1,1,13.37,795839275.0,1,1,04:00,intra_session_sparse
AAOI,2025-09-02,13,13,0,0,0,0,24.2,129736354.0,0,0,,no_minute_file
AARD,2025-09-02,13,2,137,1,1,1,8.3,694239.0,1,0,08:14,intra_session_sparse
AAUC,2025-09-02,13,0,88,1,1,1,14.0,2473037.0,1,1,09:30,intra_session_sparse
ABAT,2025-09-02,13,0,354,1,1,1,2.47,11016099.0,1,1,04:01,intra_session_sparse
ABCL,2025-09-02,13,0,363,1,1,1,4.18,21584228.0,1,1,04:00,intra_session_sparse
ABEO,2025-09-02,13,0,262,1,1,1,6.83,4800317.0,1,1,08:14,intra_session_sparse
ABEV,2025-09-02,13,0,376,1,1,1,2.24,51109190.0,1,1,04:52,intra_session_sparse
ABOS,2025-09-02,13,0,71,1,1,1,1.36,356221.0,1,0,09:30,intra_session_sparse
ABSI,2025-09-02,13,0,362,1,1,1,2.39,12358491.0,1,1,04:00,intra_session_sparse
ABTC,2025-09-02,13,0,375,1,1,1,7.675,12227446.0,1,1,04:00,intra_session_sparse
ABTS,2025-09-02,13,13,0,1,0,0,3.76,56593.0,1,0,,no_session_bars_has_month_file
ABUS,2025-09-02,13,2,292,1,1,1,3.71,2916645.0,1,1,09:30,intra_session_sparse
ABX,2025-09-02,13,0,302,1,1,1,7.155,4123503.0,1,1,08:52,intra_session_sparse
ACB,2025-09-02,13,0,325,1,1,1,5.42,10602316.0,1,1,04:34,intra_session_sparse
ACCL,2025-09-02,13,13,0,0,0,0,,,0,0,,no_daily_history
ACCO,2025-09-02,13,0,301,1,1,1,4.02,2020203.0,1,1,07:00,intra_session_sparse
ACDC,2025-09-02,13,0,311,1,1,1,4.0,9498535.0,1,1,04:08,intra_session_sparse
ACEL,2025-09-02,13,0,235,1,1,1,11.59,4921597.0,1,1,09:30,intra_session_sparse
ACET,2025-09-02,13,0,133,1,1,1,11.52,450720.0,1,0,07:00,intra_session_sparse
ACH,2025-09-02,13,0,361,1,1,1,4.9,11476473.0,1,1,04:00,intra_session_sparse
ACHC,2025-09-02,13,13,0,0,0,0,22.96,55113112.0,0,0,,no_minute_file
ACHR,2025-09-02,13,0,376,1,1,1,8.95,271805970.0,1,1,04:00,intra_session_sparse
ACHV,2025-09-02,13,0,318,1,1,1,2.98,3606102.0,1,1,04:02,intra_session_sparse
ACI,2025-09-02,13,0,373,1,1,1,19.46,102805667.0,1,1,04:13,intra_session_sparse
ACIC,2025-09-02,13,0,174,1,1,1,11.05,2440084.0,1,1,09:30,intra_session_sparse
ACIU,2025-09-02,13,2,166,1,1,1,2.04,239269.0,1,0,07:10,intra_session_sparse
ACNT,2025-09-02,13,2,55,1,1,1,12.22,601529.0,1,0,09:30,intra_session_sparse
ACON,2025-09-02,13,13,0,0,0,0,7.168,72076.0,0,0,,no_minute_file
ACRE,2025-09-02,13,0,258,1,1,1,4.72,2102013.0,1,1,07:00,intra_session_sparse
ACRS,2025-09-02,13,0,290,1,1,1,1.93,1262205.0,1,0,05:48,intra_session_sparse
ACRV,2025-09-02,13,2,86,1,1,1,1.34,243215.0,1,0,07:46,intra_session_sparse
ACTG,2025-09-02,13,0,125,1,1,1,3.41,775739.0,1,0,09:30,intra_session_sparse
ACVA,2025-09-02,13,0,354,1,1,1,11.66,35537289.0,1,1,08:00,intra_session_sparse
ACXP,2025-09-02,13,0,48,1,1,1,4.62,430161.0,1,0,04:42,intra_session_sparse
ADCT,2025-09-02,13,0,255,1,1,1,3.07,2099896.0,1,1,08:59,intra_session_sparse
ADEA,2025-09-02,13,0,262,1,1,1,15.04,8318780.0,1,1,09:30,intra_session_sparse
ADMA,2025-09-02,13,0,376,1,1,1,17.26,58645798.0,1,1,04:28,intra_session_sparse
ADNT,2025-09-02,13,13,0,0,0,0,24.8,28429939.0,0,0,,no_minute_file
ADPT,2025-09-02,13,0,328,1,1,1,13.18,28111451.0,1,1,04:00,intra_session_sparse
ADT,2025-09-02,13,0,375,1,1,1,8.71,84135534.0,1,1,08:00,intra_session_sparse
ADTN,2025-09-02,13,0,284,1,1,1,9.38,8681534.0,1,1,08:00,intra_session_sparse
ADUR,2025-09-02,13,1,125,1,1,1,11.51,2440805.0,1,1,07:31,intra_session_sparse
ADVB,2025-09-02,13,0,57,1,1,1,8.428,875581.0,1,0,09:30,intra_session_sparse
AEAQ,2025-09-02,13,13,0,0,0,0,,,0,0,,no_daily_history
AEBI,2025-09-02,13,0,235,1,1,1,12.29,4721532.0,1,1,07:00,intra_session_sparse
AEC,2025-09-02,13,13,0,0,0,0,,,0,0,,no_daily_history
AEG,2025-09-02,13,0,359,1,1,1,7.79,35969393.0,1,1,04:00,intra_session_sparse
AEHL,2025-09-02,13,13,0,1,0,0,20.76,247468.0,1,0,,no_session_bars_has_month_file
AEHR,2025-09-02,13,13,0,0,0,0,24.95,43118033.0,0,0,,no_minute_file
AEI,2025-09-02,13,13,0,1,0,0,1.41,84013.0,1,0,,no_session_bars_has_month_file
AEO,2025-09-02,13,0,376,1,1,1,12.94,197615533.0,1,1,04:00,intra_session_sparse
AES,2025-09-02,13,0,374,1,1,1,13.54,103906955.0,1,1,04:00,intra_session_sparse
AESI,2025-09-02,13,0,343,1,1,1,11.71,17429173.0,1,1,08:01,intra_session_sparse
AEVA,2025-09-02,13,0,372,1,1,1,14.805,42182396.0,1,1,04:00,intra_session_sparse
AEXA,2025-09-02,13,13,0,0,0,0,,,0,0,,no_daily_history
AFYA,2025-09-02,13,2,70,1,1,1,15.18,1369629.0,1,0,09:30,intra_session_sparse
AG,2025-09-02,13,0,376,1,1,1,9.14,137588850.0,1,1,04:00,intra_session_sparse
AGBK,2025-09-02,13,13,0,0,0,0,,,0,0,,no_daily_history
AGCC,2025-09-02,13,13,0,0,0,0,,,0,0,,no_daily_history
AGEN,2025-09-02,13,0,245,1,1,1,4.18,2332971.0,1,1,09:00,intra_session_sparse
AGIG,2025-09-02,13,0,168,1,1,1,8.23,1180182.0,1,0,04:33,intra_session_sparse
AGL,2025-09-02,13,13,0,0,0,0,32.0,22249475.0,0,0,,no_minute_file
AGMH,2025-09-02,13,2,47,1,1,1,1.96,239281.0,1,0,08:33,intra_session_sparse
AGNC,2025-09-02,13,0,376,1,1,1,9.76,151763155.0,1,1,04:00,intra_session_sparse
AGNT,2025-09-02,13,0,317,1,1,1,10.83,10250335.0,1,1,08:00,intra_session_sparse
AGPU,2025-09-02,13,13,0,1,0,0,13.12,136626.0,1,0,,no_session_bars_has_month_file
AGRO,2025-09-02,13,0,185,1,1,1,8.46,4990503.0,1,1,09:30,intra_session_sparse
AGRZ,2025-09-02,13,13,0,0,0,0,,,0,0,,no_daily_history
AHCO,2025-09-02,13,0,299,1,1,1,9.49,10940917.0,1,1,09:30,intra_session_sparse
AHMA,2025-09-02,13,13,0,0,0,0,,,0,0,,no_daily_history
AI,2025-09-02,13,0,376,1,1,1,16.91,194886112.0,1,1,04:00,intra_session_sparse
AIAI,2025-09-02,13,13,0,0,0,0,,,0,0,,no_daily_history
AIB,2025-09-02,13,13,0,0,0,0,11.73,4967.0,0,0,,no_minute_file
AIDX,2025-09-02,13,13,0,0,0,0,,,0,0,,no_daily_history
AIFA,2025-09-02,13,13,0,1,0,0,1.17,29602.0,1,0,,no_session_bars_has_month_file
AIFC,2025-09-02,13,0,376,1,1,1,7.88,94595229.0,1,1,04:00,intra_session_sparse
AIFF,2025-09-02,13,0,194,1,1,1,2.65,12217595.0,1,1,04:07,intra_session_sparse
AIHS,2025-09-02,13,13,0,1,0,0,2.36,74865.0,1,0,,no_session_bars_has_month_file
AII,2025-09-02,13,0,124,1,1,1,19.99,1475868.0,1,0,08:47,intra_session_sparse
AIIA,2025-09-02,13,13,0,0,0,0,,,0,0,,no_daily_history
AIIO,2025-09-02,13,13,0,0,0,0,324.0,418900.0,0,0,,no_minute_file
AIM,2025-09-02,13,2,32,1,1,1,2.45,213291.0,1,0,08:00,intra_session_sparse
AIMD,2025-09-02,13,2,29,1,1,1,3.82,23407039.0,1,1,06:54,intra_session_sparse
AIOS,2025-09-02,13,13,0,0,0,0,76.8,78480.0,0,0,,no_minute_file
AIOT,2025-09-02,13,0,331,1,1,1,4.67,7833598.0,1,1,08:00,intra_session_sparse
AIP,2025-09-02,13,0,305,1,1,1,9.42,24292949.0,1,1,07:14,intra_session_sparse
AIRE,2025-09-02,13,0,370,1,1,1,9.713,3367882.0,1,1,04:00,intra_session_sparse
AIRJ,2025-09-02,13,2,36,1,1,1,4.6,438347.0,1,0,09:30,intra_session_sparse
AIRO,2025-09-02,13,13,0,1,0,0,23.55,18610341.0,1,0,,no_session_bars_has_month_file
AIRS,2025-09-02,13,0,282,1,1,1,6.45,4733853.0,1,1,08:00,intra_session_sparse
AISP,2025-09-02,13,0,266,1,1,1,4.47,2968815.0,1,1,04:01,intra_session_sparse
AIV,2025-09-02,13,0,351,1,1,1,7.83,15839038.0,1,1,09:30,intra_session_sparse
AIXC,2025-09-02,13,13,0,1,0,0,1.79,103637.0,1,0,,no_session_bars_has_month_file
AKBA,2025-09-02,13,0,370,1,1,1,3.14,13737711.0,1,1,04:06,intra_session_sparse
AKTS,2025-09-02,13,13,0,0,0,0,0.037,3065789.0,0,0,,no_minute_file
ALBT,2025-09-02,13,13,0,1,0,0,2.02,184173.0,1,0,,no_session_bars_has_month_file
ALDX,2025-09-02,13,0,245,1,1,1,5.84,4519406.0,1,1,04:10,intra_session_sparse
ALEC,2025-09-02,13,0,361,1,1,1,2.35,3504373.0,1,1,04:08,intra_session_sparse
ALGS,2025-09-02,13,1,76,1,1,1,10.55,739694.0,1,0,07:00,intra_session_sparse
ALH,2025-09-02,13,13,0,0,0,0,,,0,0,,no_daily_history
ALHC,2025-09-02,13,0,359,1,1,1,16.36,42879887.0,1,1,04:12,intra_session_sparse
ALIS,2025-09-02,13,13,0,0,0,0,,,0,0,,no_daily_history
ALIT,2025-09-02,13,0,375,1,1,1,3.88,39899486.0,1,1,05:39,intra_session_sparse
ALKT,2025-09-02,13,13,0,0,0,0,25.6,39483698.0,0,0,,no_minute_file
ALLO,2025-09-02,13,0,366,1,1,1,1.13,5309864.0,1,1,04:08,intra_session_sparse
ALLR,2025-09-02,13,0,320,1,1,1,1.54,29827618.0,1,1,04:00,intra_session_sparse
ALLT,2025-09-02,13,0,244,1,1,1,7.86,4059072.0,1,1,04:05,intra_session_sparse
ALM,2025-09-02,13,0,140,1,1,1,4.45,3425163.0,1,1,05:05,intra_session_sparse
ALMS,2025-09-02,13,0,225,1,1,1,4.64,3092663.0,1,1,08:17,intra_session_sparse
ALMU,2025-09-02,13,13,0,1,0,0,22.79,5020210.0,1,0,,no_session_bars_has_month_file
ALOY,2025-09-02,13,2,31,1,1,1,6.3,302601.0,1,0,07:41,intra_session_sparse
ALP,2025-09-02,13,2,29,1,1,1,7.2,427596.0,1,0,09:30,intra_session_sparse
ALPS,2025-09-02,13,13,0,0,0,0,,,0,0,,no_daily_history
ALT,2025-09-02,13,0,358,1,1,1,3.83,10886241.0,1,1,04:52,intra_session_sparse
ALTG,2025-09-02,13,2,109,1,1,1,8.34,2047971.0,1,1,09:30,intra_session_sparse
ALTO,2025-09-02,13,1,66,1,1,1,1.13,236170.0,1,0,05:20,intra_session_sparse
ALVO,2025-09-02,13,0,164,1,1,1,8.07,4151260.0,1,1,04:16,intra_session_sparse
ALXO,2025-09-02,13,1,207,1,1,1,1.17,1632259.0,1,0,08:00,intra_session_sparse
AM,2025-09-02,13,0,362,1,1,1,17.79,43522806.0,1,1,08:09,intra_session_sparse
AMBO,2025-09-02,13,13,0,0,0,0,3.47,136780.0,0,0,,no_minute_file
AMBP,2025-09-02,13,1,338,1,1,1,3.69,3832601.0,1,1,07:25,intra_session_sparse
AMC,2025-09-02,13,0,376,1,1,1,2.81,33146451.0,1,1,04:00,intra_session_sparse
AMCI,2025-09-02,13,2,28,1,1,1,12.02,272091.0,1,0,09:34,intra_session_sparse
AMCX,2025-09-02,13,0,257,1,1,1,7.06,5049156.0,1,1,08:43,intra_session_sparse
AMIX,2025-09-02,13,1,274,1,1,1,1.12,302424.0,1,0,04:01,intra_session_sparse
AMLX,2025-09-02,13,0,292,1,1,1,9.38,10165006.0,1,1,08:13,intra_session_sparse
AMN,2025-09-02,13,13,0,1,0,0,20.78,21948284.0,1,0,,no_session_bars_has_month_file
AMOD,2025-09-02,13,13,0,1,0,0,1.06,197769.0,1,0,,no_session_bars_has_month_file
AMPG,2025-09-02,13,0,309,1,1,1,3.8,3086153.0,1,1,04:03,intra_session_sparse
AMPH,2025-09-02,13,13,0,0,0,0,30.62,17614763.0,0,0,,no_minute_file
AMPL,2025-09-02,13,0,351,1,1,1,11.43,23168139.0,1,1,05:21,intra_session_sparse
AMPX,2025-09-02,13,0,376,1,1,1,7.09,57347537.0,1,1,04:00,intra_session_sparse
AMPY,2025-09-02,13,0,188,1,1,1,4.07,2235181.0,1,1,04:00,intra_session_sparse
AMRN,2025-09-02,13,1,50,1,1,1,15.04,989780.0,1,0,08:21,intra_session_sparse
AMRX,2025-09-02,13,0,336,1,1,1,9.56,15400094.0,1,1,08:36,intra_session_sparse
AMST,2025-09-02,13,13,0,1,0,0,2.76,53202.0,1,0,,no_session_bars_has_month_file
AMTB,2025-09-02,13,13,0,1,0,0,21.5,3601592.0,1,0,,no_session_bars_has_month_file
AMTX,2025-09-02,13,0,205,1,1,1,2.54,1854800.0,1,0,09:25,intra_session_sparse
ANAB,2025-09-02,13,13,0,1,0,0,20.33,9448504.0,1,0,,no_session_bars_has_month_file
ANDG,2025-09-02,13,13,0,0,0,0,,,0,0,,no_daily_history
ANGH,2025-09-02,13,13,0,0,0,0,3.14,74048.0,0,0,,no_minute_file
ANGI,2025-09-02,13,0,264,1,1,1,17.72,13781569.0,1,1,04:04,intra_session_sparse
ANGO,2025-09-02,13,2,233,1,1,1,10.26,3266663.0,1,1,07:00,intra_session_sparse
ANGX,2025-09-02,13,13,0,0,0,0,,,0,0,,no_daily_history
ANIK,2025-09-02,13,2,106,1,1,1,9.38,1092417.0,1,0,09:30,intra_session_sparse
ANIX,2025-09-02,13,0,122,1,1,1,2.99,217283.0,1,0,09:30,intra_session_sparse
ANNA,2025-09-02,13,13,0,0,0,0,4.05,47804.0,0,0,,no_minute_file
ANNX,2025-09-02,13,0,324,1,1,1,2.06,2798248.0,1,1,06:43,intra_session_sparse
ANPA,2025-09-02,13,13,0,0,0,0,40.72,1659495.0,0,0,,no_minute_file
ANRO,2025-09-02,13,0,108,1,1,1,3.68,321189.0,1,0,08:35,intra_session_sparse
ANSC,2025-09-02,13,13,0,0,0,0,10.92,77315.0,0,0,,no_minute_file
ANTX,2025-09-02,13,13,0,0,0,0,1.1,92802.0,0,0,,no_minute_file
ANVS,2025-09-02,13,2,85,1,1,1,2.31,608928.0,1,0,07:51,intra_session_sparse
ANY,2025-09-02,13,0,127,1,1,1,6.167,645881.0,1,0,04:52,intra_session_sparse
AOMR,2025-09-02,13,0,98,1,1,1,9.86,2249166.0,1,1,08:00,intra_session_sparse
AOSL,2025-09-02,13,13,0,0,0,0,28.77,6145450.0,0,0,,no_minute_file
AP,2025-09-02,13,13,0,0,0,0,2.72,145091.0,0,0,,no_minute_file
APC,2025-09-02,13,13,0,0,0,0,,,0,0,,no_daily_history
APLD,2025-09-02,13,0,376,1,1,1,15.98,451904060.0,1,1,04:00,intra_session_sparse
APLE,2025-09-02,13,0,360,1,1,1,13.06,38657557.0,1,1,04:00,intra_session_sparse
APLM,2025-09-02,13,13,0,1,0,0,3.932,111257.0,1,0,,no_session_bars_has_month_file
APM,2025-09-02,13,2,131,1,1,1,1.97,87121213.0,1,1,04:00,intra_session_sparse
APPN,2025-09-02,13,13,0,0,0,0,30.78,34845611.0,0,0,,no_minute_file
APPS,2025-09-02,13,0,373,1,1,1,4.2,18895845.0,1,1,04:03,intra_session_sparse
APVO,2025-09-02,13,13,0,0,0,0,29.52,303414.0,0,0,,no_minute_file
APXT,2025-09-02,13,13,0,0,0,0,,,0,0,,no_daily_history
AQB,2025-09-02,13,0,162,1,1,1,1.18,7425234.0,1,1,04:01,intra_session_sparse
AQMS,2025-09-02,13,13,0,1,0,0,3.82,169643.0,1,0,,no_session_bars_has_month_file
AQN,2025-09-02,13,0,358,1,1,1,5.8,35269260.0,1,1,08:48,intra_session_sparse
AQST,2025-09-02,13,0,307,1,1,1,3.77,5858274.0,1,1,07:00,intra_session_sparse
ARAI,2025-09-02,13,0,162,1,1,1,4.92,1128539.0,1,0,05:06,intra_session_sparse
ARBB,2025-09-02,13,13,0,1,0,0,4.37,72884.0,1,0,,no_session_bars_has_month_file
ARBE,2025-09-02,13,0,238,1,1,1,1.3,1483288.0,1,0,04:03,intra_session_sparse
ARCC,2025-09-02,13,13,0,0,0,0,22.4,71533207.0,0,0,,no_minute_file
ARCO,2025-09-02,13,1,292,1,1,1,7.0,11069516.0,1,1,08:47,intra_session_sparse
ARCT,2025-09-02,13,0,185,1,1,1,17.01,12309794.0,1,1,08:00,intra_session_sparse
ARDT,2025-09-02,13,0,110,1,1,1,12.69,4687765.0,1,1,08:33,intra_session_sparse
ARDX,2025-09-02,13,0,370,1,1,1,6.36,24820210.0,1,1,05:33,intra_session_sparse
AREC,2025-09-02,13,0,330,1,1,1,2.06,8069802.0,1,1,04:00,intra_session_sparse
ARHS,2025-09-02,13,0,338,1,1,1,11.73,28602072.0,1,1,08:44,intra_session_sparse
ARI,2025-09-02,13,0,270,1,1,1,10.59,7466769.0,1,1,09:30,intra_session_sparse
ARIS,2025-09-02,13,0,371,1,1,1,8.68,13288059.0,1,1,06:56,intra_session_sparse
ARKO,2025-09-02,13,0,298,1,1,1,5.0,2549764.0,1,1,09:18,intra_session_sparse
ARLO,2025-09-02,13,0,325,1,1,1,17.41,30208158.0,1,1,08:11,intra_session_sparse
ARMP,2025-09-02,13,13,0,0,0,0,2.5,23635.0,0,0,,no_minute_file
ARQ,2025-09-02,13,2,195,1,1,1,7.71,2572348.0,1,1,09:30,intra_session_sparse
ARQQ,2025-09-02,13,13,0,0,0,0,30.0,11206046.0,0,0,,no_minute_file
ARQT,2025-09-02,13,0,351,1,1,1,15.52,26702578.0,1,1,07:24,intra_session_sparse
ARR,2025-09-02,13,0,363,1,1,1,15.31,74437985.0,1,1,04:00,intra_session_sparse
ARRY,2025-09-02,13,0,372,1,1,1,9.01,69939546.0,1,1,05:52,intra_session_sparse
ARTL,2025-09-02,13,13,0,1,0,0,27.75,769723.0,1,0,,no_session_bars_has_month_file
ARTV,2025-09-02,13,13,0,1,0,0,3.15,187860.0,1,0,,no_session_bars_has_month_file
ARVN,2025-09-02,13,0,329,1,1,1,7.73,13278760.0,1,1,04:05,intra_session_sparse
ARX,2025-09-02,13,13,0,1,0,0,20.05,29854989.0,1,0,,no_session_bars_has_month_file
ASAN,2025-09-02,13,0,376,1,1,1,14.6,47320938.0,1,1,04:00,intra_session_sparse
ASBP,2025-09-02,13,13,0,0,0,0,690.36,15977926.0,0,0,,no_minute_file
ASC,2025-09-02,13,0,186,1,1,1,11.62,5670438.0,1,1,04:00,intra_session_sparse
ASIC,2025-09-02,13,13,0,1,0,0,22.64,2351978.0,1,0,,no_session_bars_has_month_file
ASIX,2025-09-02,13,13,0,1,0,0,21.46,4620822.0,1,0,,no_session_bars_has_month_file
ASLE,2025-09-02,13,0,213,1,1,1,8.63,5179676.0,1,1,09:30,intra_session_sparse
ASM,2025-09-02,13,0,376,1,1,1,4.47,19669764.0,1,1,04:00,intra_session_sparse
ASPC,2025-09-02,13,13,0,0,0,0,10.3,17516.0,0,0,,no_minute_file
ASPI,2025-09-02,13,0,376,1,1,1,9.28,45040535.0,1,1,04:00,intra_session_sparse
ASPN,2025-09-02,13,0,323,1,1,1,6.84,17997328.0,1,1,04:00,intra_session_sparse
ASRT,2025-09-02,13,2,117,1,1,1,12.53,218855.0,1,0,07:00,intra_session_sparse
ASST,2025-09-02,13,13,0,0,0,0,123.0,17797770.0,0,0,,no_minute_file
ASTC,2025-09-02,13,13,0,0,0,0,5.146,24211.0,0,0,,no_minute_file
ASTH,2025-09-02,13,13,0,0,0,0,31.96,13714513.0,0,0,,no_minute_file
ASTI,2025-09-02,13,0,91,1,1,1,1.98,2097358.0,1,1,04:05,intra_session_sparse
ASTL,2025-09-02,13,1,238,1,1,1,4.87,5027456.0,1,1,07:37,intra_session_sparse
ASX,2025-09-02,13,0,375,1,1,1,9.91,63981000.0,1,1,04:06,intra_session_sparse
ASYS,2025-09-02,13,1,87,1,1,1,6.33,464602.0,1,0,08:00,intra_session_sparse
ATAI,2025-09-02,13,0,360,1,1,1,4.58,24950534.0,1,1,04:00,intra_session_sparse
ATCH,2025-09-02,13,13,0,1,0,0,0.185,3892519.0,1,0,,no_session_bars_has_month_file
ATCX,2025-09-02,13,13,0,0,0,0,,,0,0,,no_daily_history
ATEC,2025-09-02,13,0,360,1,1,1,15.9,41853612.0,1,1,07:00,intra_session_sparse
ATEN,2025-09-02,13,0,284,1,1,1,17.71,14179930.0,1,1,04:45,intra_session_sparse
ATER,2025-09-02,13,13,0,0,0,0,0.979,122346.0,0,0,,no_minute_file
ATEX,2025-09-02,13,13,0,0,0,0,23.74,5019846.0,0,0,,no_minute_file
ATII,2025-09-02,13,4,4,1,1,1,10.207,545629.0,1,0,11:13,intra_session_sparse
ATLX,2025-09-02,13,0,203,1,1,1,5.37,3793437.0,1,1,06:53,intra_session_sparse
ATOM,2025-09-02,13,1,189,1,1,1,3.28,1517943.0,1,0,04:02,intra_session_sparse
ATPC,2025-09-02,13,13,0,0,0,0,65.5,64150.0,0,0,,no_minute_file
ATRA,2025-09-02,13,2,75,1,1,1,12.05,603378.0,1,0,09:30,intra_session_sparse
ATYR,2025-09-02,13,0,376,1,1,1,5.38,19679365.0,1,1,04:00,intra_session_sparse
AUID,2025-09-02,13,2,36,1,1,1,4.46,214110.0,1,0,09:30,intra_session_sparse
AUNA,2025-09-02,13,13,0,1,0,0,6.29,157272.0,1,0,,no_session_bars_has_month_file
AUPH,2025-09-02,13,0,337,1,1,1,11.99,26481984.0,1,1,08:00,intra_session_sparse
AUR,2025-09-02,13,0,376,1,1,1,5.63,133936378.0,1,1,04:00,intra_session_sparse
AURA,2025-09-02,13,0,127,1,1,1,6.26,963421.0,1,0,09:30,intra_session_sparse
AURE,2025-09-02,13,2,61,1,1,1,5.32,446124.0,1,0,09:07,intra_session_sparse
AUST,2025-09-02,13,13,0,1,0,0,1.59,148018.0,1,0,,no_session_bars_has_month_file
AUUD,2025-09-02,13,2,101,1,1,1,17.33,15291550.0,1,1,04:29,intra_session_sparse
AVAH,2025-09-02,13,0,354,1,1,1,8.0,13584345.0,1,1,04:15,intra_session_sparse
AVBC,2025-09-02,13,1,165,1,1,1,15.47,3483319.0,1,1,08:49,intra_session_sparse
AVBP,2025-09-02,13,0,205,1,1,1,19.12,5182111.0,1,1,09:30,intra_session_sparse
AVIR,2025-09-02,13,1,112,1,1,1,3.36,1188568.0,1,0,09:30,intra_session_sparse
AVNS,2025-09-02,13,2,243,1,1,1,11.94,8985323.0,1,1,04:00,intra_session_sparse
AVNW,2025-09-02,13,13,0,0,0,0,22.96,2208967.0,0,0,,no_minute_file
AVO,2025-09-02,13,1,176,1,1,1,12.51,2973412.0,1,1,09:30,intra_session_sparse
AVPT,2025-09-02,13,0,360,1,1,1,16.36,26119102.0,1,1,08:40,intra_session_sparse
AVR,2025-09-02,13,2,129,1,1,1,4.02,349682.0,1,0,09:30,intra_session_sparse
AVTR,2025-09-02,13,0,374,1,1,1,13.47,169813722.0,1,1,04:55,intra_session_sparse
AVTX,2025-09-02,13,2,139,1,1,1,9.29,2683058.0,1,1,09:30,intra_session_sparse
AVX,2025-09-02,13,1,110,1,1,1,2.42,2434608.0,1,1,06:57,intra_session_sparse
AVXL,2025-09-02,13,0,319,1,1,1,9.64,8991156.0,1,1,07:00,intra_session_sparse
AWX,2025-09-02,13,13,0,0,0,0,2.529,9165.0,0,0,,no_minute_file
AXG,2025-09-02,13,0,193,1,1,1,4.01,3103588.0,1,1,04:46,intra_session_sparse
AXGN,2025-09-02,13,0,256,1,1,1,16.135,25413162.0,1,1,09:30,intra_session_sparse
AXIL,2025-09-02,13,13,0,0,0,0,5.62,142381.0,0,0,,no_minute_file
AXTI,2025-09-02,13,0,239,1,1,1,2.9,1403517.0,1,0,04:03,intra_session_sparse
AYA,2025-09-02,13,13,0,0,0,0,,,0,0,,no_daily_history
AZ,2025-09-02,13,2,133,1,1,1,8.87,1610028.0,1,0,08:01,intra_session_sparse
AZI,2025-09-02,13,13,0,0,0,0,111.85,388237.0,0,0,,no_minute_file
AZTA,2025-09-02,13,13,0,0,0,0,30.52,21058434.0,0,0,,no_minute_file
AZTR,2025-09-02,13,13,0,0,0,0,1.07,7914535.0,0,1,,no_minute_file
BACC,2025-09-02,13,2,4,1,1,1,9.95,1820087.0,1,0,10:01,intra_session_sparse
BAER,2025-09-02,13,0,182,1,1,1,2.04,522970.0,1,0,08:02,intra_session_sparse
BALY,2025-09-02,13,2,17,1,1,1,9.95,412779.0,1,0,09:30,intra_session_sparse
BANC,2025-09-02,13,0,351,1,1,1,16.92,30745694.0,1,1,07:00,intra_session_sparse
BAND,2025-09-02,13,0,167,1,1,1,15.0,2692660.0,1,1,09:30,intra_session_sparse
BAOS,2025-09-02,13,13,0,1,0,0,2.76,92762.0,1,0,,no_session_bars_has_month_file
BARK,2025-09-02,13,1,241,1,1,1,18.05,615022.0,1,0,07:00,intra_session_sparse
BATL,2025-09-02,13,2,52,1,1,1,1.18,433162.0,1,0,04:04,intra_session_sparse
BAX,2025-09-02,13,13,0,0,0,0,24.69,180697190.0,0,0,,no_minute_file
BB,2025-09-02,13,0,371,1,1,1,3.83,26414578.0,1,1,04:03,intra_session_sparse
BBAI,2025-09-02,13,0,376,1,1,1,5.07,456663891.0,1,1,04:00,intra_session_sparse
BBAR,2025-09-02,13,0,310,1,1,1,12.25,9984858.0,1,1,05:08,intra_session_sparse
BBBY,2025-09-02,13,0,368,1,1,1,9.01,22410646.0,1,1,05:18,intra_session_sparse
BBCQ,2025-09-02,13,13,0,0,0,0,,,0,0,,no_daily_history
BBDC,2025-09-02,13,0,293,1,1,1,9.9,4025606.0,1,1,07:00,intra_session_sparse
BBGI,2025-09-02,13,13,0,1,0,0,4.61,25840.0,1,0,,no_session_bars_has_month_file
BBLG,2025-09-02,13,13,0,1,0,0,2.15,87117.0,1,0,,no_session_bars_has_month_file
BBNX,2025-09-02,13,2,284,1,1,1,18.84,9930664.0,1,1,09:30,intra_session_sparse
BBOT,2025-09-02,13,0,131,1,1,1,8.94,1540248.0,1,0,09:08,intra_session_sparse
BBVA,2025-09-02,13,0,343,1,1,1,18.13,27497830.0,1,1,04:03,intra_session_sparse
BBWI,2025-09-02,13,13,0,0,0,0,29.21,163418998.0,0,0,,no_minute_file
BCAL,2025-09-02,13,0,84,1,1,1,16.84,1370256.0,1,0,09:22,intra_session_sparse
BCAR,2025-09-02,13,13,0,1,0,0,9.9,2056395.0,1,1,,no_session_bars_has_month_file
BCAX,2025-09-02,13,2,240,1,1,1,11.94,3292369.0,1,1,09:30,intra_session_sparse
BCDA,2025-09-02,13,2,31,1,1,1,1.977,1261098.0,1,0,09:06,intra_session_sparse
BCG,2025-09-02,13,13,0,0,0,0,1.96,22838.0,0,0,,no_minute_file
BCHT,2025-09-02,13,13,0,0,0,0,,,0,0,,no_daily_history
BCRX,2025-09-02,13,0,365,1,1,1,8.305,22633469.0,1,1,07:00,intra_session_sparse
BCS,2025-09-02,13,0,373,1,1,1,19.63,213477545.0,1,1,04:00,intra_session_sparse
BCSF,2025-09-02,13,2,159,1,1,1,15.82,3794161.0,1,1,09:30,intra_session_sparse
BCTX,2025-09-02,13,1,109,1,1,1,7.77,720835.0,1,0,04:03,intra_session_sparse
BDCI,2025-09-02,13,13,0,0,0,0,,,0,0,,no_daily_history
BDMD,2025-09-02,13,2,111,1,1,1,2.45,595131.0,1,0,09:30,intra_session_sparse
BDRX,2025-09-02,13,13,0,0,0,0,27.7,156911.0,0,0,,no_minute_file
BDSX,2025-09-02,13,0,127,1,1,1,8.532,621096.0,1,0,04:06,intra_session_sparse
BDTX,2025-09-02,13,0,316,1,1,1,2.75,2309123.0,1,1,04:03,intra_session_sparse
BEAG,2025-09-02,13,2,14,1,1,1,10.365,955508.0,1,0,10:00,intra_session_sparse
BEAM,2025-09-02,13,0,356,1,1,1,16.36,41194497.0,1,1,04:18,intra_session_sparse
BEAT,2025-09-02,13,13,0,0,0,0,1.35,137346.0,0,0,,no_minute_file
BEEM,2025-09-02,13,2,109,1,1,1,2.74,531497.0,1,0,04:22,intra_session_sparse
BENF,2025-09-02,13,2,146,1,1,1,3.248,2911000.0,1,1,04:02,intra_session_sparse
BETA,2025-09-02,13,13,0,0,0,0,,,0,0,,no_daily_history
BFLY,2025-09-02,13,0,365,1,1,1,1.61,5002994.0,1,1,04:04,intra_session_sparse
BFRG,2025-09-02,13,13,0,0,0,0,1.21,129942.0,0,0,,no_minute_file
BGC,2025-09-02,13,0,354,1,1,1,9.81,24128683.0,1,1,09:30,intra_session_sparse
BGDE,2025-09-02,13,13,0,1,0,0,8.1,75418.0,1,0,,no_session_bars_has_month_file
BGI,2025-09-02,13,13,0,1,0,0,0.818,195905.0,1,0,,no_session_bars_has_month_file
BGIN,2025-09-02,13,13,0,0,0,0,,,0,0,,no_daily_history
BGL,2025-09-02,13,2,108,1,1,1,10.81,1251831.0,1,0,05:03,intra_session_sparse
BGLC,2025-09-02,13,2,31,1,1,1,5.68,372660.0,1,0,04:44,intra_session_sparse
BGMS,2025-09-02,13,2,45,1,1,1,8.235,1659959.0,1,0,06:55,intra_session_sparse
BGS,2025-09-02,13,0,356,1,1,1,4.51,10670758.0,1,1,04:33,intra_session_sparse
BGSF,2025-09-02,13,13,0,1,0,0,6.19,164223.0,1,0,,no_session_bars_has_month_file
BHAV,2025-09-02,13,13,0,0,0,0,,,0,0,,no_daily_history
BHC,2025-09-02,13,0,351,1,1,1,7.42,33532147.0,1,1,04:04,intra_session_sparse
BHK,2025-09-02,13,1,170,1,1,1,9.69,2702617.0,1,1,09:05,intra_session_sparse
BHR,2025-09-02,13,0,274,1,1,1,2.76,1501333.0,1,0,04:00,intra_session_sparse
BHVN,2025-09-02,13,0,341,1,1,1,15.39,29284964.0,1,1,07:02,intra_session_sparse
BIAF,2025-09-02,13,13,0,1,0,0,7.263,126460.0,1,0,,no_session_bars_has_month_file
BIII,2025-09-02,13,13,0,0,0,0,,,0,0,,no_daily_history
BIOA,2025-09-02,13,0,140,1,1,1,4.93,600573.0,1,0,04:00,intra_session_sparse
BIOX,2025-09-02,13,2,237,1,1,1,2.79,825124.0,1,0,09:30,intra_session_sparse
BIRD,2025-09-02,13,0,28,1,1,1,6.43,530728.0,1,0,09:30,intra_session_sparse
BIYA,2025-09-02,13,13,0,1,0,0,14.37,190941.0,1,0,,no_session_bars_has_month_file
BJDX,2025-09-02,13,2,36,1,1,1,5.446,9719723.0,1,1,07:00,intra_session_sparse
BKD,2025-09-02,13,0,361,1,1,1,7.7,21765160.0,1,1,09:30,intra_session_sparse
BKKT,2025-09-02,13,0,336,1,1,1,8.77,12377204.0,1,1,04:00,intra_session_sparse
BKSY,2025-09-02,13,0,342,1,1,1,17.56,29660792.0,1,1,04:02,intra_session_sparse
BLCO,2025-09-02,13,0,196,1,1,1,14.63,9381547.0,1,1,07:00,intra_session_sparse
BLDP,2025-09-02,13,0,367,1,1,1,2.02,6660993.0,1,1,04:00,intra_session_sparse
BLFS,2025-09-02,13,13,0,0,0,0,25.05,14493003.0,0,0,,no_minute_file
BLMN,2025-09-02,13,0,348,1,1,1,7.35,24321007.0,1,1,04:00,intra_session_sparse
BLND,2025-09-02,13,0,361,1,1,1,3.62,11483968.0,1,1,07:24,intra_session_sparse
BLNE,2025-09-02,13,0,243,1,1,1,1.58,3073218.0,1,1,04:00,intra_session_sparse
BLNK,2025-09-02,13,0,329,1,1,1,1.18,3019154.0,1,1,04:02,intra_session_sparse
BLUW,2025-09-02,13,3,8,1,1,1,9.94,1287123.0,1,0,10:35,intra_session_sparse
BLZE,2025-09-02,13,0,254,1,1,1,8.35,5591644.0,1,1,04:00,intra_session_sparse
BLZR,2025-09-02,13,13,0,0,0,0,,,0,0,,no_daily_history
BMBL,2025-09-02,13,0,367,1,1,1,6.17,30838115.0,1,1,07:31,intra_session_sparse
BMEA,2025-09-02,13,0,235,1,1,1,1.95,1113326.0,1,0,08:00,intra_session_sparse
BMNR,2025-09-02,13,13,0,0,0,0,43.62,3386735156.0,0,0,,no_minute_file
BMR,2025-09-02,13,2,63,1,1,1,2.81,1559484.0,1,0,07:00,intra_session_sparse
BMRA,2025-09-02,13,1,45,1,1,1,3.12,7251305.0,1,1,04:02,intra_session_sparse
BNAI,2025-09-02,13,13,0,0,0,0,3.079,83508.0,0,0,,no_minute_file
BNBX,2025-09-02,13,1,81,1,1,1,3.26,311081.0,1,0,04:55,intra_session_sparse
BNC,2025-09-02,13,2,189,1,1,1,21.02,9146113.0,1,0,07:37,intra_session_sparse
BNED,2025-09-02,13,0,221,1,1,1,8.63,2660451.0,1,1,04:57,intra_session_sparse
BNGO,2025-09-02,13,1,165,1,1,1,3.77,533354.0,1,0,05:22,intra_session_sparse
BNKK,2025-09-02,13,0,360,1,1,1,14.91,5975835.0,1,1,04:04,intra_session_sparse
BNL,2025-09-02,13,0,368,1,1,1,18.59,29849024.0,1,1,09:30,intra_session_sparse
BNTC,2025-09-02,13,2,58,1,1,1,13.24,510767.0,1,0,09:30,intra_session_sparse
BOBS,2025-09-02,13,13,0,0,0,0,,,0,0,,no_daily_history
BOC,2025-09-02,13,0,151,1,1,1,13.34,3173300.0,1,1,07:00,intra_session_sparse
BODI,2025-09-02,13,13,0,0,0,0,5.51,134985.0,0,0,,no_minute_file
BOF,2025-09-02,13,13,0,0,0,0,2.17,197904.0,0,0,,no_minute_file
BON,2025-09-02,13,13,0,1,0,0,1.41,91041.0,1,0,,no_session_bars_has_month_file
BOOM,2025-09-02,13,0,135,1,1,1,6.7,1630828.0,1,0,09:30,intra_session_sparse
BORR,2025-09-02,13,0,366,1,1,1,2.91,14805134.0,1,1,04:07,intra_session_sparse
BOXL,2025-09-02,13,13,0,1,0,0,10.74,37038.0,1,0,,no_session_bars_has_month_file
BPAC,2025-09-02,13,13,0,0,0,0,,,0,0,,no_daily_history
BQ,2025-09-02,13,13,0,1,0,0,2.91,62262.0,1,0,,no_session_bars_has_month_file
BRAI,2025-09-02,13,13,0,0,0,0,,,0,0,,no_daily_history
BRBI,2025-09-02,13,13,0,0,0,0,,,0,0,,no_daily_history
BRBR,2025-09-02,13,13,0,0,0,0,41.05,183814353.0,0,0,,no_minute_file
BRBS,2025-09-02,13,2,164,1,1,1,4.01,1706577.0,1,0,08:51,intra_session_sparse
BRCB,2025-09-02,13,13,0,0,0,0,,,0,0,,no_daily_history
BRIA,2025-09-02,13,13,0,1,0,0,2.59,6896.0,1,0,,no_session_bars_has_month_file
BRLS,2025-09-02,13,13,0,0,0,0,2.8,34662.0,0,0,,no_minute_file
BRLT,2025-09-02,13,1,152,1,1,1,2.92,6582726.0,1,1,07:03,intra_session_sparse
BRR,2025-09-02,13,2,42,1,1,1,10.14,3137016.0,1,1,04:55,intra_session_sparse
BRSL,2025-09-02,13,0,359,1,1,1,16.64,28293607.0,1,1,06:57,intra_session_sparse
BRSP,2025-09-02,13,0,279,1,1,1,5.8,3563736.0,1,1,08:21,intra_session_sparse
BRUN,2025-09-02,13,13,0,1,0,0,10.26,57488.0,1,0,,no_session_bars_has_month_file
BRZE,2025-09-02,13,13,0,0,0,0,27.705,30381647.0,0,0,,no_minute_file
BSBR,2025-09-02,13,2,253,1,1,1,5.3,4192163.0,1,1,08:11,intra_session_sparse
BSM,2025-09-02,13,1,276,1,1,1,12.16,6463604.0,1,1,07:10,intra_session_sparse
BTAI,2025-09-02,13,0,335,1,1,1,4.05,98341751.0,1,1,04:02,intra_session_sparse
BTBD,2025-09-02,13,2,25,1,1,1,1.84,18197809.0,1,1,04:32,intra_session_sparse
BTBT,2025-09-02,13,0,376,1,1,1,2.57,86635981.0,1,1,04:00,intra_session_sparse
BTCS,2025-09-02,13,0,357,1,1,1,4.18,20754174.0,1,1,04:02,intra_session_sparse
BTDR,2025-09-02,13,0,372,1,1,1,14.29,44593726.0,1,1,04:00,intra_session_sparse
BTE,2025-09-02,13,0,371,1,1,1,2.23,36858270.0,1,1,04:45,intra_session_sparse
BTG,2025-09-02,13,0,376,1,1,1,4.13,113213238.0,1,1,04:00,intra_session_sparse
BTGO,2025-09-02,13,13,0,0,0,0,,,0,0,,no_daily_history
BTOC,2025-09-02,13,13,0,0,0,0,1.35,28384.0,0,0,,no_minute_file
BTOG,2025-09-02,13,13,0,1,0,0,23.48,8065277.0,1,0,,no_session_bars_has_month_file
BTQ,2025-09-02,13,13,0,0,0,0,,,0,0,,no_daily_history
BTTC,2025-09-02,13,2,35,1,1,1,3.96,426365.0,1,0,09:30,intra_session_sparse
BTU,2025-09-02,13,0,373,1,1,1,17.4,71851508.0,1,1,04:00,intra_session_sparse
BUDA,2025-09-02,13,13,0,0,0,0,,,0,0,,no_daily_history
BULL,2025-09-02,13,0,376,1,1,1,13.59,174209891.0,1,1,04:00,intra_session_sparse
BUR,2025-09-02,13,0,355,1,1,1,14.0,18614822.0,1,1,04:00,intra_session_sparse
BURU,2025-09-02,13,13,0,0,0,0,0.806,2502530.0,0,0,,no_minute_file
BV,2025-09-02,13,0,269,1,1,1,14.4,14700256.0,1,1,09:30,intra_session_sparse
BVC,2025-09-02,13,13,0,1,0,0,7.088,27213.0,1,0,,no_session_bars_has_month_file
BVN,2025-09-02,13,0,317,1,1,1,19.14,17721086.0,1,1,07:34,intra_session_sparse
BVS,2025-09-02,13,0,177,1,1,1,7.4,3985383.0,1,1,09:30,intra_session_sparse
BW,2025-09-02,13,0,336,1,1,1,2.23,3583379.0,1,1,04:11,intra_session_sparse
BWB,2025-09-02,13,1,34,1,1,1,16.38,749027.0,1,0,09:30,intra_session_sparse
BWEN,2025-09-02,13,0,52,1,1,1,2.1,476982.0,1,0,08:01,intra_session_sparse
BWIN,2025-09-02,13,13,0,0,0,0,31.67,35306893.0,0,0,,no_minute_file
BWLP,2025-09-02,13,1,251,1,1,1,15.57,5772002.0,1,1,04:00,intra_session_sparse
BWMX,2025-09-02,13,2,62,1,1,1,13.37,738322.0,1,0,09:30,intra_session_sparse
BYAH,2025-09-02,13,13,0,0,0,0,25.01,523358.0,0,0,,no_minute_file
BYND,2025-09-02,13,0,351,1,1,1,2.505,6189692.0,1,1,04:05,intra_session_sparse
BYRN,2025-09-02,13,13,0,1,0,0,20.4,8977508.0,1,0,,no_session_bars_has_month_file
BZ,2025-09-02,13,13,0,0,0,0,23.62,107008456.0,0,0,,no_minute_file
BZAI,2025-09-02,13,0,346,1,1,1,3.57,4193719.0,1,1,04:01,intra_session_sparse
BZFD,2025-09-02,13,2,105,1,1,1,1.96,647294.0,1,0,09:30,intra_session_sparse
BZH,2025-09-02,13,13,0,0,0,0,25.16,8793951.0,0,0,,no_minute_file
CAAP,2025-09-02,13,13,0,1,0,0,21.51,2737113.0,1,0,,no_session_bars_has_month_file
CABA,2025-09-02,13,0,275,1,1,1,1.45,2115398.0,1,1,04:00,intra_session_sparse
CABR,2025-09-02,13,13,0,0,0,0,,,0,0,,no_daily_history
CADL,2025-09-02,13,0,222,1,1,1,5.79,3495296.0,1,1,08:14,intra_session_sparse
CAG,2025-09-02,13,0,376,1,1,1,19.13,229288004.0,1,1,04:02,intra_session_sparse
CAI,2025-09-02,13,13,0,0,0,0,38.39,25220032.0,0,0,,no_minute_file
CAL,2025-09-02,13,0,306,1,1,1,15.0,9324673.0,1,1,06:19,intra_session_sparse
CALC,2025-09-02,13,13,0,1,0,0,2.7,90473.0,1,0,,no_session_bars_has_month_file
CALY,2025-09-02,13,0,358,1,1,1,9.56,27363217.0,1,1,08:27,intra_session_sparse
CAMP,2025-09-02,13,13,0,1,0,0,1.52,162377.0,1,0,,no_session_bars_has_month_file
CANG,2025-09-02,13,2,154,1,1,1,4.77,2096621.0,1,1,04:00,intra_session_sparse
CAPR,2025-09-02,13,0,278,1,1,1,6.28,10535413.0,1,1,07:00,intra_session_sparse
CAPS,2025-09-02,13,1,145,1,1,1,1.22,9298453.0,1,1,04:06,intra_session_sparse
CARE,2025-09-02,13,2,44,1,1,1,19.46,1309093.0,1,0,09:30,intra_session_sparse
CARL,2025-09-02,13,2,109,1,1,1,13.3,1943909.0,1,0,07:00,intra_session_sparse
CARS,2025-09-02,13,0,263,1,1,1,13.05,12143871.0,1,1,09:17,intra_session_sparse
CAST,2025-09-02,13,13,0,0,0,0,,,0,0,,no_daily_history
CATX,2025-09-02,13,0,246,1,1,1,3.36,2321397.0,1,1,08:00,intra_session_sparse
CBAN,2025-09-02,13,2,51,1,1,1,17.18,942635.0,1,0,09:19,intra_session_sparse
CBIO,2025-09-02,13,2,89,1,1,1,14.4,1317463.0,1,0,08:58,intra_session_sparse
CBLL,2025-09-02,13,0,183,1,1,1,11.83,4766016.0,1,1,09:30,intra_session_sparse
CBUS,2025-09-02,13,2,72,1,1,1,1.34,279214.0,1,0,08:00,intra_session_sparse
CC,2025-09-02,13,0,370,1,1,1,15.4,56648903.0,1,1,04:00,intra_session_sparse
CCAP,2025-09-02,13,1,201,1,1,1,15.71,3153959.0,1,1,08:00,intra_session_sparse
CCC,2025-09-02,13,0,365,1,1,1,9.9,72494879.0,1,1,08:40,intra_session_sparse
CCCC,2025-09-02,13,0,312,1,1,1,2.6,4175263.0,1,1,07:32,intra_session_sparse
CCHH,2025-09-02,13,13,0,0,0,0,,,0,0,,no_daily_history
CCII,2025-09-02,13,13,0,1,0,0,10.08,1797664.0,1,0,,no_session_bars_has_month_file
CCIX,2025-09-02,13,0,34,1,1,1,10.54,445287.0,1,0,09:45,intra_session_sparse
CCLD,2025-09-02,13,0,254,1,1,1,3.84,2302137.0,1,1,04:37,intra_session_sparse
CCO,2025-09-02,13,0,367,1,1,1,1.24,3999664.0,1,1,08:00,intra_session_sparse
CCOI,2025-09-02,13,13,0,0,0,0,38.23,73369221.0,0,0,,no_minute_file
CCRN,2025-09-02,13,0,285,1,1,1,13.38,3338480.0,1,1,09:30,intra_session_sparse
CCTG,2025-09-02,13,13,0,1,0,0,11.0,8752.0,1,0,,no_session_bars_has_month_file
CCU,2025-09-02,13,2,87,1,1,1,12.37,2343314.0,1,1,09:30,intra_session_sparse
CD,2025-09-02,13,0,122,1,1,1,6.99,797616.0,1,0,04:13,intra_session_sparse
CDE,2025-09-02,13,0,376,1,1,1,13.15,161644400.0,1,1,04:00,intra_session_sparse
CDIO,2025-09-02,13,13,0,0,0,0,3.81,127261.0,0,0,,no_minute_file
CDLX,2025-09-02,13,0,205,1,1,1,1.02,1838532.0,1,0,08:00,intra_session_sparse
CDNA,2025-09-02,13,0,369,1,1,1,13.66,18801663.0,1,1,07:14,intra_session_sparse
CDTG,2025-09-02,13,13,0,1,0,0,14.75,25342.0,1,0,,no_session_bars_has_month_file
CDXS,2025-09-02,13,0,321,1,1,1,2.73,3764764.0,1,1,09:18,intra_session_sparse
CDZI,2025-09-02,13,0,168,1,1,1,3.58,1499870.0,1,0,09:30,intra_session_sparse
CENN,2025-09-02,13,13,0,0,0,0,32.48,147507.0,0,0,,no_minute_file
CEPF,2025-09-02,13,13,0,1,0,0,10.14,29116054.0,1,1,,no_session_bars_has_month_file
CEPO,2025-09-02,13,0,104,1,1,1,10.46,3063645.0,1,1,08:00,intra_session_sparse
CEPS,2025-09-02,13,13,0,0,0,0,,,0,0,,no_daily_history
CEPT,2025-09-02,13,1,44,1,1,1,10.66,1227685.0,1,0,09:30,intra_session_sparse
CEPV,2025-09-02,13,13,0,0,0,0,,,0,0,,no_daily_history
CERS,2025-09-02,13,0,315,1,1,1,1.31,1560021.0,1,0,07:00,intra_session_sparse
CERT,2025-09-02,13,0,334,1,1,1,10.84,14035498.0,1,1,07:00,intra_session_sparse
CETY,2025-09-02,13,13,0,0,0,0,3.641,98929.0,0,0,,no_minute_file
CEVA,2025-09-02,13,13,0,0,0,0,22.22,6263423.0,0,0,,no_minute_file
CFFN,2025-09-02,13,0,275,1,1,1,6.48,3883286.0,1,1,09:30,intra_session_sparse
CGAU,2025-09-02,13,0,347,1,1,1,8.17,11831444.0,1,1,04:00,intra_session_sparse
CGBD,2025-09-02,13,2,196,1,1,1,13.99,6325564.0,1,1,09:25,intra_session_sparse
CGC,2025-09-02,13,0,376,1,1,1,1.8,45731341.0,1,1,04:00,intra_session_sparse
CGCT,2025-09-02,13,13,0,1,0,0,10.01,1185485.0,1,0,,no_session_bars_has_month_file
CGEM,2025-09-02,13,0,175,1,1,1,7.54,2760683.0,1,1,08:19,intra_session_sparse
CGNT,2025-09-02,13,0,222,1,1,1,8.93,1582001.0,1,0,07:00,intra_session_sparse
CGTL,2025-09-02,13,13,0,0,0,0,0.58,223253.0,0,0,,no_minute_file
CGTX,2025-09-02,13,0,355,1,1,1,2.43,22799987.0,1,1,04:00,intra_session_sparse
CHAI,2025-09-02,13,1,183,1,1,1,12.24,1754407.0,1,0,04:01,intra_session_sparse
CHEC,2025-09-02,13,13,0,0,0,0,,,0,0,,no_daily_history
CHGG,2025-09-02,13,0,353,1,1,1,1.47,3147839.0,1,1,04:02,intra_session_sparse
CHNR,2025-09-02,13,13,0,1,0,0,3.761,74999.0,1,0,,no_session_bars_has_month_file
CHOW,2025-09-02,13,13,0,0,0,0,,,0,0,,no_daily_history
CHPT,2025-09-02,13,0,266,1,1,1,11.27,5931343.0,1,1,07:51,intra_session_sparse
CHR,2025-09-02,13,13,0,0,0,0,178.5,94809.0,0,0,,no_minute_file
CHRN,2025-09-02,13,13,0,1,0,0,3.75,157317.0,1,0,,no_session_bars_has_month_file
CHRS,2025-09-02,13,0,253,1,1,1,1.16,1382752.0,1,0,08:00,intra_session_sparse
CHYM,2025-09-02,13,13,0,0,0,0,26.41,70189395.0,0,0,,no_minute_file
CIFR,2025-09-02,13,0,376,1,1,1,7.64,150483347.0,1,1,04:00,intra_session_sparse
CIG,2025-09-02,13,0,337,1,1,1,2.03,4800639.0,1,1,04:04,intra_session_sparse
CIIT,2025-09-02,13,13,0,1,0,0,4.532,69040.0,1,0,,no_session_bars_has_month_file
CIM,2025-09-02,13,0,244,1,1,1,14.17,6628174.0,1,1,07:31,intra_session_sparse
CING,2025-09-02,13,1,135,1,1,1,3.99,704439.0,1,0,04:23,intra_session_sparse
CINT,2025-09-02,13,1,107,1,1,1,5.44,677844.0,1,0,09:30,intra_session_sparse
CION,2025-09-02,13,0,236,1,1,1,10.8,2908942.0,1,1,06:28,intra_session_sparse
CISS,2025-09-02,13,13,0,0,0,0,421.81,884106.0,0,0,,no_minute_file
CIVB,2025-09-02,13,13,0,0,0,0,21.19,1822887.0,0,0,,no_minute_file
CJMB,2025-09-02,13,13,0,0,0,0,4.815,33167.0,0,0,,no_minute_file
CLB,2025-09-02,13,0,242,1,1,1,11.51,4847167.0,1,1,04:01,intra_session_sparse
CLBK,2025-09-02,13,0,99,1,1,1,15.03,1488376.0,1,0,09:30,intra_session_sparse
CLBT,2025-09-02,13,0,368,1,1,1,16.4,37492811.0,1,1,04:00,intra_session_sparse
CLF,2025-09-02,13,0,376,1,1,1,10.75,171477494.0,1,1,04:01,intra_session_sparse
CLIK,2025-09-02,13,0,76,1,1,1,9.51,858253.0,1,0,04:03,intra_session_sparse
CLMB,2025-09-02,13,13,0,0,0,0,31.01,6520182.0,0,0,,no_minute_file
CLMT,2025-09-02,13,0,229,1,1,1,16.3,14157013.0,1,1,09:30,intra_session_sparse
CLNE,2025-09-02,13,0,301,1,1,1,2.635,4850831.0,1,1,08:00,intra_session_sparse
CLNN,2025-09-02,13,0,138,1,1,1,5.32,430218.0,1,0,08:00,intra_session_sparse
CLOV,2025-09-02,13,0,366,1,1,1,2.61,19948531.0,1,1,04:02,intra_session_sparse
CLPT,2025-09-02,13,0,185,1,1,1,10.49,4088389.0,1,1,04:00,intra_session_sparse
CLRB,2025-09-02,13,0,54,1,1,1,4.87,705652.0,1,0,05:27,intra_session_sparse
CLSK,2025-09-02,13,0,376,1,1,1,9.47,188428039.0,1,1,04:00,intra_session_sparse
CLVT,2025-09-02,13,0,368,1,1,1,4.35,19208999.0,1,1,08:46,intra_session_sparse
CLW,2025-09-02,13,13,0,0,0,0,21.57,4577181.0,0,0,,no_minute_file
CLYM,2025-09-02,13,1,188,1,1,1,2.23,1728708.0,1,0,07:00,intra_session_sparse
CMBT,2025-09-02,13,0,371,1,1,1,8.61,28792875.0,1,1,04:00,intra_session_sparse
CMCO,2025-09-02,13,1,203,1,1,1,14.98,4502521.0,1,1,04:00,intra_session_sparse
CMII,2025-09-02,13,13,0,0,0,0,,,0,0,,no_daily_history
CMND,2025-09-02,13,13,0,0,0,0,422.0,60611.0,0,0,,no_minute_file
CMP,2025-09-02,13,0,165,1,1,1,19.05,8800091.0,1,1,09:30,intra_session_sparse
CMPS,2025-09-02,13,0,363,1,1,1,4.42,7061373.0,1,1,04:02,intra_session_sparse
CMPX,2025-09-02,13,0,346,1,1,1,3.49,4470796.0,1,1,07:18,intra_session_sparse
CMRC,2025-09-02,13,0,264,1,1,1,4.65,4140261.0,1,1,09:29,intra_session_sparse
CMRE,2025-09-02,13,0,228,1,1,1,11.44,6148086.0,1,1,09:00,intra_session_sparse
CMTL,2025-09-02,13,0,177,1,1,1,1.95,253465.0,1,0,09:30,intra_session_sparse
CNCK,2025-09-02,13,2,39,1,1,1,5.07,257424.0,1,0,09:30,intra_session_sparse
CNDT,2025-09-02,13,0,301,1,1,1,2.78,2792411.0,1,1,04:24,intra_session_sparse
CNEY,2025-09-02,13,13,0,1,0,0,2.3,38199.0,1,0,,no_session_bars_has_month_file
CNH,2025-09-02,13,0,376,1,1,1,11.45,121987081.0,1,1,04:00,intra_session_sparse
CNNE,2025-09-02,13,0,284,1,1,1,18.7,15098893.0,1,1,09:30,intra_session_sparse
CNSP,2025-09-02,13,0,16,1,1,1,6.2,501412.0,1,0,09:30,intra_session_sparse
CNTN,2025-09-02,13,0,319,1,1,1,5.95,139822399.0,1,1,04:00,intra_session_sparse
CNTX,2025-09-02,13,13,0,0,0,0,0.84,138850.0,0,0,,no_minute_file
CNVS,2025-09-02,13,0,252,1,1,1,4.89,1677977.0,1,0,04:00,intra_session_sparse
COCH,2025-09-02,13,2,87,1,1,1,1.23,956598.0,1,0,06:35,intra_session_sparse
COCP,2025-09-02,13,13,0,1,0,0,1.5,109318.0,1,0,,no_session_bars_has_month_file
CODA,2025-09-02,13,2,36,1,1,1,8.105,346031.0,1,0,09:30,intra_session_sparse
CODI,2025-09-02,13,0,260,1,1,1,7.5,6198567.0,1,1,04:20,intra_session_sparse
CODX,2025-09-02,13,2,76,1,1,1,9.891,1544502.0,1,0,05:17,intra_session_sparse
COGT,2025-09-02,13,1,336,1,1,1,12.08,13924962.0,1,1,09:19,intra_session_sparse
COHU,2025-09-02,13,0,296,1,1,1,19.9,7198604.0,1,1,09:30,intra_session_sparse
COMP,2025-09-02,13,0,375,1,1,1,9.08,71090964.0,1,1,06:18,intra_session_sparse
CON,2025-09-02,13,13,0,0,0,0,23.8,20645069.0,0,0,,no_minute_file
COOT,2025-09-02,13,13,0,0,0,0,0.601,239967.0,0,0,,no_minute_file
CORZ,2025-09-02,13,0,376,1,1,1,14.35,242571715.0,1,1,04:00,intra_session_sparse
COTY,2025-09-02,13,0,376,1,1,1,4.28,53515442.0,1,1,04:00,intra_session_sparse
COUR,2025-09-02,13,0,343,1,1,1,11.5,31543020.0,1,1,08:00,intra_session_sparse
COYA,2025-09-02,13,0,58,1,1,1,6.56,441070.0,1,0,08:16,intra_session_sparse
CPAC,2025-09-02,13,13,0,0,0,0,6.78,28230.0,0,0,,no_minute_file
CPB,2025-09-02,13,13,0,0,0,0,31.93,188071285.0,0,0,,no_minute_file
CPIX,2025-09-02,13,0,64,1,1,1,3.49,220928.0,1,0,09:15,intra_session_sparse
CPNG,2025-09-02,13,13,0,0,0,0,28.58,295574409.0,0,0,,no_minute_file
CPOP,2025-09-02,13,1,43,1,1,1,1.3,2668428.0,1,1,04:00,intra_session_sparse
CPRI,2025-09-02,13,13,0,1,0,0,20.59,73850085.0,1,0,,no_session_bars_has_month_file
CPRX,2025-09-02,13,13,0,1,0,0,20.59,30572046.0,1,0,,no_session_bars_has_month_file
CPSH,2025-09-02,13,2,102,1,1,1,3.45,386606.0,1,0,08:47,intra_session_sparse
CRAC,2025-09-02,13,13,0,0,0,0,,,0,0,,no_daily_history
CRAN,2025-09-02,13,13,0,0,0,0,,,0,0,,no_daily_history
CRBP,2025-09-02,13,1,111,1,1,1,9.37,943281.0,1,0,04:01,intra_session_sparse
CRBU,2025-09-02,13,0,240,1,1,1,1.87,1859779.0,1,0,07:16,intra_session_sparse
CRCT,2025-09-02,13,0,225,1,1,1,5.7,4545932.0,1,1,09:30,intra_session_sparse
CRDF,2025-09-02,13,0,349,1,1,1,2.1,3006165.0,1,1,04:00,intra_session_sparse
CRE,2025-09-02,13,0,118,1,1,1,8.61,10592007.0,1,1,04:06,intra_session_sparse
CREG,2025-09-02,13,2,52,1,1,1,1.55,6163711.0,1,1,04:02,intra_session_sparse
CRGY,2025-09-02,13,0,376,1,1,1,9.54,41936080.0,1,1,04:54,intra_session_sparse
CRK,2025-09-02,13,0,355,1,1,1,16.13,36004182.0,1,1,04:00,intra_session_sparse
CRMD,2025-09-02,13,0,372,1,1,1,14.83,45382241.0,1,1,04:04,intra_session_sparse
CRML,2025-09-02,13,0,365,1,1,1,6.195,36156759.0,1,1,04:00,intra_session_sparse
CRMT,2025-09-02,13,13,0,0,0,0,44.81,3931253.0,0,0,,no_minute_file
CRNC,2025-09-02,13,0,360,1,1,1,10.54,29902268.0,1,1,04:00,intra_session_sparse
CRNT,2025-09-02,13,0,179,1,1,1,2.03,1909493.0,1,0,05:01,intra_session_sparse
CRON,2025-09-02,13,0,361,1,1,1,2.6,10334650.0,1,1,07:11,intra_session_sparse
CRSR,2025-09-02,13,0,299,1,1,1,8.93,6541578.0,1,1,09:30,intra_session_sparse
CRVS,2025-09-02,13,0,258,1,1,1,5.74,2615474.0,1,1,08:00,intra_session_sparse
CSAI,2025-09-02,13,1,136,1,1,1,1.56,642865.0,1,0,04:26,intra_session_sparse
CSHR,2025-09-02,13,13,0,1,0,0,10.42,14143.0,1,0,,no_session_bars_has_month_file
CSIQ,2025-09-02,13,0,354,1,1,1,9.78,15533905.0,1,1,04:00,intra_session_sparse
CSQ,2025-09-02,13,0,142,1,1,1,18.62,3589461.0,1,1,09:30,intra_session_sparse
CSTE,2025-09-02,13,13,0,0,0,0,1.42,89229.0,0,0,,no_minute_file
CSTL,2025-09-02,13,13,0,0,0,0,24.01,14994902.0,0,0,,no_minute_file
CSTM,2025-09-02,13,0,311,1,1,1,14.49,16366645.0,1,1,09:30,intra_session_sparse
CSWC,2025-09-02,13,13,0,0,0,0,22.96,13873249.0,0,0,,no_minute_file
CTAA,2025-09-02,13,13,0,0,0,0,,,0,0,,no_daily_history
CTEV,2025-09-02,13,13,0,0,0,0,68.91,9285040.0,0,0,,no_minute_file
CTGO,2025-09-02,13,13,0,0,0,0,22.03,1762450.0,0,0,,no_minute_file
CTKB,2025-09-02,13,0,275,1,1,1,4.14,4521385.0,1,1,08:19,intra_session_sparse
CTM,2025-09-02,13,0,349,1,1,1,1.0,2682303.0,1,1,04:00,intra_session_sparse
CTMX,2025-09-02,13,0,324,1,1,1,2.04,7716656.0,1,1,07:00,intra_session_sparse
CTNM,2025-09-02,13,0,158,1,1,1,10.45,2206496.0,1,1,07:00,intra_session_sparse
CTO,2025-09-02,13,0,207,1,1,1,17.28,4125822.0,1,1,09:29,intra_session_sparse
CTOS,2025-09-02,13,0,223,1,1,1,6.14,3615090.0,1,1,09:30,intra_session_sparse
CTRI,2025-09-02,13,13,0,0,0,0,21.24,38232257.0,0,0,,no_minute_file
CTXR,2025-09-02,13,0,170,1,1,1,1.33,584173.0,1,0,04:35,intra_session_sparse
CUE,2025-09-02,13,13,0,0,0,0,23.41,98047.0,0,0,,no_minute_file
CUPR,2025-09-02,13,0,82,1,1,1,7.36,9949234.0,1,1,04:03,intra_session_sparse
CURI,2025-09-02,13,0,304,1,1,1,4.58,3588876.0,1,1,07:00,intra_session_sparse
CURR,2025-09-02,13,1,42,1,1,1,1.72,461315.0,1,0,08:19,intra_session_sparse
CURV,2025-09-02,13,2,253,1,1,1,2.18,1065318.0,1,0,04:00,intra_session_sparse
CURX,2025-09-02,13,13,0,0,0,0,5.6,20391730.0,0,1,,no_minute_file
CV,2025-09-02,13,13,0,1,0,0,3.75,126667.0,1,0,,no_session_bars_has_month_file
CVBF,2025-09-02,13,2,203,1,1,1,20.13,12058548.0,1,0,09:30,intra_session_sparse
CVE,2025-09-02,13,0,375,1,1,1,16.61,215274951.0,1,1,04:12,intra_session_sparse
CVGI,2025-09-02,13,0,120,1,1,1,1.76,267831.0,1,0,07:33,intra_session_sparse
CVLG,2025-09-02,13,13,0,0,0,0,24.13,1782702.0,0,0,,no_minute_file
CVM,2025-09-02,13,0,200,1,1,1,10.43,3063020.0,1,1,07:17,intra_session_sparse
CVRX,2025-09-02,13,2,106,1,1,1,7.85,1921296.0,1,0,09:30,intra_session_sparse
CVU,2025-09-02,13,13,0,0,0,0,2.5,132179.0,0,0,,no_minute_file
CVV,2025-09-02,13,13,0,0,0,0,2.82,92949.0,0,0,,no_minute_file
CWAN,2025-09-02,13,13,0,1,0,0,20.67,102825995.0,1,0,,no_session_bars_has_month_file
CWD,2025-09-02,13,2,307,1,1,1,3.47,57940663.0,1,1,04:00,intra_session_sparse
CWH,2025-09-02,13,0,366,1,1,1,17.51,33331174.0,1,1,04:01,intra_session_sparse
CWK,2025-09-02,13,0,363,1,1,1,15.77,37871929.0,1,1,04:19,intra_session_sparse
CX,2025-09-02,13,0,374,1,1,1,9.09,108404014.0,1,1,09:09,intra_session_sparse
CXDO,2025-09-02,13,2,124,1,1,1,6.32,1528103.0,1,0,09:30,intra_session_sparse
CXM,2025-09-02,13,0,370,1,1,1,8.64,14360608.0,1,1,04:00,intra_session_sparse
CXW,2025-09-02,13,13,0,1,0,0,20.28,23124252.0,1,0,,no_session_bars_has_month_file
CYCN,2025-09-02,13,13,0,1,0,0,2.47,74594.0,1,0,,no_session_bars_has_month_file
CYCU,2025-09-02,13,0,376,1,1,1,6.003,8656619.0,1,1,04:00,intra_session_sparse
CYH,2025-09-02,13,0,351,1,1,1,2.76,4766067.0,1,1,09:30,intra_session_sparse
CYN,2025-09-02,13,0,189,1,1,1,5.47,2471080.0,1,1,04:37,intra_session_sparse
CYPH,2025-09-02,13,13,0,0,0,0,0.288,663677.0,0,0,,no_minute_file
CYRX,2025-09-02,13,0,236,1,1,1,8.86,9208922.0,1,1,06:26,intra_session_sparse
CZR,2025-09-02,13,13,0,0,0,0,26.77,152876913.0,0,0,,no_minute_file
DAAQ,2025-09-02,13,2,14,1,1,1,10.15,601443.0,1,0,09:41,intra_session_sparse
DAIC,2025-09-02,13,13,0,0,0,0,105.5,287178.0,0,0,,no_minute_file
DAKT,2025-09-02,13,0,134,1,1,1,17.35,4697915.0,1,1,09:30,intra_session_sparse
DAN,2025-09-02,13,13,0,1,0,0,20.16,41480918.0,1,0,,no_session_bars_has_month_file
DARE,2025-09-02,13,1,60,1,1,1,2.02,474713.0,1,0,04:45,intra_session_sparse
DBCA,2025-09-02,13,13,0,0,0,0,,,0,0,,no_daily_history
DBGI,2025-09-02,13,0,144,1,1,1,9.54,589673.0,1,0,08:00,intra_session_sparse
DBI,2025-09-02,13,0,284,1,1,1,3.71,3015084.0,1,1,06:07,intra_session_sparse
DBRG,2025-09-02,13,0,331,1,1,1,11.41,21997616.0,1,1,04:25,intra_session_sparse
DC,2025-09-02,13,0,336,1,1,1,4.17,2229706.0,1,1,07:00,intra_session_sparse
DCBO,2025-09-02,13,13,0,0,0,0,31.18,3242191.0,0,0,,no_minute_file
DCGO,2025-09-02,13,0,295,1,1,1,1.56,773236.0,1,0,09:30,intra_session_sparse
DCH,2025-09-02,13,0,372,1,1,1,5.82,22943950.0,1,1,04:00,intra_session_sparse
DCOY,2025-09-02,13,13,0,0,0,0,69.12,798885.0,0,0,,no_minute_file
DCTH,2025-09-02,13,0,238,1,1,1,11.02,8604060.0,1,1,04:00,intra_session_sparse
DCX,2025-09-02,13,13,0,0,0,0,2112.0,80042.0,0,0,,no_minute_file
DDD,2025-09-02,13,0,361,1,1,1,2.3,10940430.0,1,1,04:00,intra_session_sparse
DDI,2025-09-02,13,0,54,1,1,1,9.65,537120.0,1,0,09:30,intra_session_sparse
DEC,2025-09-02,13,1,171,1,1,1,16.47,4598592.0,1,1,04:00,intra_session_sparse
DEFT,2025-09-02,13,0,360,1,1,1,2.08,10308041.0,1,1,04:02,intra_session_sparse
DEI,2025-09-02,13,0,367,1,1,1,16.21,23342541.0,1,1,09:30,intra_session_sparse
DERM,2025-09-02,13,0,177,1,1,1,7.21,1505195.0,1,0,09:30,intra_session_sparse
DETX,2025-09-02,13,13,0,0,0,0,,,0,0,,no_daily_history
DEVS,2025-09-02,13,0,97,1,1,1,2.31,3529445.0,1,1,04:02,intra_session_sparse
DFDV,2025-09-02,13,0,368,1,1,1,16.02,58684925.0,1,1,04:01,intra_session_sparse
DFH,2025-09-02,13,13,0,0,0,0,27.79,9315175.0,0,0,,no_minute_file
DFLI,2025-09-02,13,0,284,1,1,1,2.86,7305069.0,1,1,04:00,intra_session_sparse
DFNS,2025-09-02,13,0,376,1,1,1,4.87,36435060.0,1,1,04:00,intra_session_sparse
DFSC,2025-09-02,13,2,48,1,1,1,3.56,376187.0,1,0,04:28,intra_session_sparse
DFTX,2025-09-02,13,0,311,1,1,1,8.88,11982588.0,1,1,04:18,intra_session_sparse
DGICA,2025-09-02,13,1,176,1,1,1,17.89,2418365.0,1,1,07:14,intra_session_sparse
DGNX,2025-09-02,13,13,0,0,0,0,60.5,1723885.0,0,0,,no_minute_file
DGXX,2025-09-02,13,0,277,1,1,1,2.2,2087361.0,1,1,05:35,intra_session_sparse
DHT,2025-09-02,13,0,346,1,1,1,11.72,14927208.0,1,1,04:00,intra_session_sparse
DHX,2025-09-02,13,1,133,1,1,1,2.75,423595.0,1,0,07:18,intra_session_sparse
DIBS,2025-09-02,13,13,0,0,0,0,2.74,129511.0,0,0,,no_minute_file
DJT,2025-09-02,13,0,376,1,1,1,17.53,112086421.0,1,1,04:00,intra_session_sparse
DKI,2025-09-02,13,13,0,0,0,0,125.92,2645570.0,0,0,,no_minute_file
DLO,2025-09-02,13,0,322,1,1,1,14.47,45027515.0,1,1,04:08,intra_session_sparse
DLTH,2025-09-02,13,13,0,1,0,0,2.27,58437.0,1,0,,no_session_bars_has_month_file
DLX,2025-09-02,13,1,168,1,1,1,19.66,7701852.0,1,1,09:30,intra_session_sparse
DLXY,2025-09-02,13,13,0,1,0,0,5.3,138389.0,1,0,,no_session_bars_has_month_file
DMAA,2025-09-02,13,2,3,1,1,1,10.254,387343.0,1,0,09:49,intra_session_sparse
DMAC,2025-09-02,13,2,207,1,1,1,5.71,1743518.0,1,0,09:30,intra_session_sparse
DMII,2025-09-02,13,13,0,0,0,0,,,0,0,,no_daily_history
DMRA,2025-09-02,13,13,0,1,0,0,3.18,48784.0,1,0,,no_session_bars_has_month_file
DMRC,2025-09-02,13,0,232,1,1,1,8.66,2283647.0,1,1,09:30,intra_session_sparse
DNA,2025-09-02,13,0,361,1,1,1,12.67,20703207.0,1,1,04:03,intra_session_sparse
DNLI,2025-09-02,13,0,351,1,1,1,15.27,26370104.0,1,1,04:00,intra_session_sparse
DNN,2025-09-02,13,0,376,1,1,1,2.32,120733766.0,1,1,04:00,intra_session_sparse
DNOW,2025-09-02,13,1,261,1,1,1,16.0,17604753.0,1,1,09:30,intra_session_sparse
DNUT,2025-09-02,13,0,365,1,1,1,3.55,14500810.0,1,1,06:18,intra_session_sparse
DOC,2025-09-02,13,0,375,1,1,1,17.94,116945541.0,1,1,06:52,intra_session_sparse
DOCS,2025-09-02,13,13,0,0,0,0,67.94,115867192.0,0,0,,no_minute_file
DOGZ,2025-09-02,13,1,103,1,1,1,10.66,4322341.0,1,1,09:30,intra_session_sparse
DOLE,2025-09-02,13,0,227,1,1,1,14.72,10079727.0,1,1,09:30,intra_session_sparse
DOMH,2025-09-02,13,0,128,1,1,1,6.42,2703657.0,1,1,07:00,intra_session_sparse
DOMO,2025-09-02,13,0,308,1,1,1,14.68,12570849.0,1,1,08:44,intra_session_sparse
DOUG,2025-09-02,13,0,226,1,1,1,2.72,1298152.0,1,0,08:00,intra_session_sparse
DPRO,2025-09-02,13,0,323,1,1,1,4.87,8053003.0,1,1,04:01,intra_session_sparse
DRCT,2025-09-02,13,13,0,0,0,0,101.2,414787.0,0,0,,no_minute_file
DRD,2025-09-02,13,0,336,1,1,1,18.48,8187338.0,1,1,04:03,intra_session_sparse
DRDB,2025-09-02,13,3,6,1,1,1,10.275,940713.0,1,0,10:58,intra_session_sparse
DRH,2025-09-02,13,0,366,1,1,1,8.56,21270852.0,1,1,09:30,intra_session_sparse
DRIO,2025-09-02,13,13,0,1,0,0,9.51,147341.0,1,0,,no_session_bars_has_month_file
DRMA,2025-09-02,13,13,0,1,0,0,5.74,158684.0,1,0,,no_session_bars_has_month_file
DRTS,2025-09-02,13,2,64,1,1,1,3.42,212743.0,1,0,08:31,intra_session_sparse
DRVN,2025-09-02,13,0,308,1,1,1,18.42,17101366.0,1,1,09:30,intra_session_sparse
DSGN,2025-09-02,13,2,132,1,1,1,5.53,857375.0,1,0,09:30,intra_session_sparse
DSGR,2025-09-02,13,13,0,0,0,0,32.21,1800236.0,0,0,,no_minute_file
DSP,2025-09-02,13,0,159,1,1,1,10.405,3657128.0,1,1,09:21,intra_session_sparse
DSX,2025-09-02,13,2,102,1,1,1,1.64,530694.0,1,0,09:16,intra_session_sparse
DTCX,2025-09-02,13,0,173,1,1,1,5.45,9514327.0,1,1,07:00,intra_session_sparse
DTI,2025-09-02,13,13,0,1,0,0,2.0,90573.0,1,0,,no_session_bars_has_month_file
DTIL,2025-09-02,13,2,73,1,1,1,4.9,399452.0,1,0,09:30,intra_session_sparse
DUKR,2025-09-02,13,13,0,0,0,0,,,0,0,,no_daily_history
DUO,2025-09-02,13,0,373,1,1,1,2.39,6759016.0,1,1,04:00,intra_session_sparse
DUOT,2025-09-02,13,0,203,1,1,1,6.4,2614084.0,1,1,09:30,intra_session_sparse
DV,2025-09-02,13,0,367,1,1,1,16.27,36905804.0,1,1,09:29,intra_session_sparse
DVLT,2025-09-02,13,13,0,1,0,0,0.357,1853421.0,1,0,,no_session_bars_has_month_file
DWTX,2025-09-02,13,13,0,1,0,0,4.96,83222.0,1,0,,no_session_bars_has_month_file
DX,2025-09-02,13,0,375,1,1,1,12.62,44557710.0,1,1,04:01,intra_session_sparse
DXC,2025-09-02,13,0,337,1,1,1,14.45,22765970.0,1,1,04:00,intra_session_sparse
DXST,2025-09-02,13,13,0,0,0,0,29.5,25559.0,0,0,,no_minute_file
DYN,2025-09-02,13,0,368,1,1,1,13.49,37422338.0,1,1,04:00,intra_session_sparse
DYNC,2025-09-02,13,0,167,1,1,1,10.88,9726498.0,1,1,07:00,intra_session_sparse
DYOR,2025-09-02,13,13,0,0,0,0,,,0,0,,no_daily_history
EAF,2025-09-02,13,0,220,1,1,1,9.88,2100363.0,1,1,07:41,intra_session_sparse
EARN,2025-09-02,13,1,192,1,1,1,5.71,2155098.0,1,1,08:48,intra_session_sparse
EBC,2025-09-02,13,0,359,1,1,1,17.115,20203688.0,1,1,07:00,intra_session_sparse
EBF,2025-09-02,13,0,137,1,1,1,18.27,2425458.0,1,1,09:30,intra_session_sparse
EBS,2025-09-02,13,0,324,1,1,1,8.3,11859036.0,1,1,07:40,intra_session_sparse
EC,2025-09-02,13,0,309,1,1,1,9.4,17255936.0,1,1,04:00,intra_session_sparse
ECC,2025-09-02,13,0,293,1,1,1,7.55,13081727.0,1,1,04:19,intra_session_sparse
ECVT,2025-09-02,13,1,271,1,1,1,9.09,12991220.0,1,1,08:00,intra_session_sparse
ECX,2025-09-02,13,0,322,1,1,1,1.62,5916393.0,1,1,08:00,intra_session_sparse
EDBL,2025-09-02,13,13,0,1,0,0,18.35,166466.0,1,0,,no_session_bars_has_month_file
EDHL,2025-09-02,13,0,119,1,1,1,7.162,262280.0,1,0,05:31,intra_session_sparse
EDIT,2025-09-02,13,0,342,1,1,1,2.57,4685240.0,1,1,04:25,intra_session_sparse
EDN,2025-09-02,13,13,0,1,0,0,21.47,3218902.0,1,0,,no_session_bars_has_month_file
EDSA,2025-09-02,13,13,0,0,0,0,2.32,48249.0,0,0,,no_minute_file
EEIQ,2025-09-02,13,0,223,1,1,1,8.411,13935789.0,1,1,04:00,intra_session_sparse
EEX,2025-09-02,13,2,96,1,1,1,5.15,201859.0,1,0,09:30,intra_session_sparse
EFC,2025-09-02,13,0,329,1,1,1,13.64,17294762.0,1,1,04:02,intra_session_sparse
EFOI,2025-09-02,13,13,0,0,0,0,2.62,59472.0,0,0,,no_minute_file
EFOR,2025-09-02,13,13,0,0,0,0,54.25,27362841.0,0,0,,no_minute_file
EFTY,2025-09-02,13,13,0,1,0,0,6.77,3787174.0,1,1,,no_session_bars_has_month_file
EFXT,2025-09-02,13,0,232,1,1,1,10.09,6037050.0,1,1,07:01,intra_session_sparse
EGAN,2025-09-02,13,13,0,1,0,0,6.29,193008.0,1,0,,no_session_bars_has_month_file
EGBN,2025-09-02,13,1,191,1,1,1,19.42,10098951.0,1,1,09:20,intra_session_sparse
EGHA,2025-09-02,13,3,1,1,1,1,10.01,591216.0,1,0,11:09,intra_session_sparse
EGHT,2025-09-02,13,0,299,1,1,1,1.98,1779444.0,1,0,08:31,intra_session_sparse
EGY,2025-09-02,13,0,274,1,1,1,3.88,3170344.0,1,1,04:32,intra_session_sparse
EH,2025-09-02,13,0,364,1,1,1,15.83,29420728.0,1,1,04:02,intra_session_sparse
EHTH,2025-09-02,13,0,239,1,1,1,3.87,2683531.0,1,1,09:30,intra_session_sparse
EIC,2025-09-02,13,0,139,1,1,1,13.88,3023364.0,1,1,08:12,intra_session_sparse
EIKN,2025-09-02,13,13,0,0,0,0,,,0,0,,no_daily_history
ELA,2025-09-02,13,1,59,1,1,1,7.47,373278.0,1,0,09:30,intra_session_sparse
ELAB,2025-09-02,13,13,0,0,0,0,136.08,19161281.0,0,0,,no_minute_file
ELAN,2025-09-02,13,0,376,1,1,1,18.35,193076928.0,1,1,07:40,intra_session_sparse
ELBM,2025-09-02,13,13,0,1,0,0,0.915,143337.0,1,0,,no_session_bars_has_month_file
ELDN,2025-09-02,13,0,243,1,1,1,2.59,2655947.0,1,1,04:01,intra_session_sparse
ELE,2025-09-02,13,13,0,0,0,0,,,0,0,,no_daily_history
ELME,2025-09-02,13,1,288,1,1,1,17.08,25042139.0,1,1,09:21,intra_session_sparse
ELMT,2025-09-02,13,13,0,0,0,0,,,0,0,,no_daily_history
ELOG,2025-09-02,13,13,0,1,0,0,2.96,2020234.0,1,1,,no_session_bars_has_month_file
ELPW,2025-09-02,13,13,0,0,0,0,402.82,3349204.0,0,0,,no_minute_file
ELTX,2025-09-02,13,0,95,1,1,1,10.53,1636463.0,1,0,07:00,intra_session_sparse
ELVA,2025-09-02,13,0,195,1,1,1,6.07,1395768.0,1,0,07:03,intra_session_sparse
ELVN,2025-09-02,13,13,0,1,0,0,20.27,8335766.0,1,0,,no_session_bars_has_month_file
ELVR,2025-09-02,13,13,0,0,0,0,,,0,0,,no_daily_history
ELWT,2025-09-02,13,13,0,0,0,0,,,0,0,,no_daily_history
EMAT,2025-09-02,13,13,0,0,0,0,,,0,0,,no_daily_history
EMBC,2025-09-02,13,0,233,1,1,1,14.48,8920722.0,1,1,09:30,intra_session_sparse
EMIS,2025-09-02,13,13,0,0,0,0,,,0,0,,no_daily_history
EMPD,2025-09-02,13,1,262,1,1,1,7.05,4680710.0,1,1,09:30,intra_session_sparse
EMPG,2025-09-02,13,2,93,1,1,1,10.5,4406325.0,1,1,07:22,intra_session_sparse
ENGN,2025-09-02,13,1,64,1,1,1,4.63,262989.0,1,0,09:30,intra_session_sparse
ENGS,2025-09-02,13,2,67,1,1,1,4.41,746460.0,1,0,09:30,intra_session_sparse
ENHA,2025-09-02,13,13,0,1,0,0,9.89,277755.0,1,0,,no_session_bars_has_month_file
ENLV,2025-09-02,13,2,82,1,1,1,1.05,1665382.0,1,0,04:06,intra_session_sparse
ENR,2025-09-02,13,13,0,0,0,0,27.56,31383608.0,0,0,,no_minute_file
ENTA,2025-09-02,13,0,244,1,1,1,8.4,1129179.0,1,0,09:30,intra_session_sparse
ENVB,2025-09-02,13,0,123,1,1,1,13.56,375688.0,1,0,04:17,intra_session_sparse
ENVX,2025-09-02,13,0,374,1,1,1,9.62,67011963.0,1,1,04:00,intra_session_sparse
EOLS,2025-09-02,13,1,291,1,1,1,7.63,15114831.0,1,1,09:30,intra_session_sparse
EONR,2025-09-02,13,13,0,0,0,0,0.347,356446.0,0,0,,no_minute_file
EOSE,2025-09-02,13,0,376,1,1,1,6.9,73518120.0,1,1,04:00,intra_session_sparse
EPC,2025-09-02,13,13,0,1,0,0,24.02,21422965.0,1,0,,no_session_bars_has_month_file
EPM,2025-09-02,13,0,122,1,1,1,5.16,761363.0,1,0,08:26,intra_session_sparse
EPOW,2025-09-02,13,13,0,1,0,0,0.891,10408.0,1,0,,no_session_bars_has_month_file
EPRX,2025-09-02,13,13,0,1,0,0,5.36,44947.0,1,0,,no_session_bars_has_month_file
EPSM,2025-09-02,13,13,0,1,0,0,24.86,10740740.0,1,0,,no_session_bars_has_month_file
EQ,2025-09-02,13,0,217,1,1,1,1.74,15953563.0,1,1,07:25,intra_session_sparse
EQPT,2025-09-02,13,13,0,0,0,0,,,0,0,,no_daily_history
EQX,2025-09-02,13,0,376,1,1,1,8.76,104209258.0,1,1,04:00,intra_session_sparse
ERAS,2025-09-02,13,0,302,1,1,1,1.57,1033238.0,1,0,08:00,intra_session_sparse
ERII,2025-09-02,13,0,228,1,1,1,14.21,5713997.0,1,1,09:30,intra_session_sparse
ERNA,2025-09-02,13,13,0,0,0,0,33.25,58404.0,0,0,,no_minute_file
ERO,2025-09-02,13,1,326,1,1,1,14.34,7531826.0,1,1,04:55,intra_session_sparse
ESOA,2025-09-02,13,0,160,1,1,1,10.19,1994322.0,1,0,07:00,intra_session_sparse
ESPR,2025-09-02,13,0,361,1,1,1,2.22,10751066.0,1,1,04:06,intra_session_sparse
ETD,2025-09-02,13,13,0,0,0,0,29.51,8872788.0,0,0,,no_minute_file
ETON,2025-09-02,13,0,161,1,1,1,17.31,5438474.0,1,1,09:30,intra_session_sparse
ETS,2025-09-02,13,13,0,0,0,0,0.908,6435288.0,0,0,,no_minute_file
EU,2025-09-02,13,0,356,1,1,1,2.38,10208173.0,1,1,04:04,intra_session_sparse
EUDA,2025-09-02,13,13,0,0,0,0,41.2,229145.0,0,0,,no_minute_file
EVAC,2025-09-02,13,13,0,1,0,0,9.948,392045.0,1,0,,no_session_bars_has_month_file
EVC,2025-09-02,13,2,95,1,1,1,2.59,500810.0,1,0,09:30,intra_session_sparse
EVCM,2025-09-02,13,2,179,1,1,1,11.55,3002601.0,1,1,09:30,intra_session_sparse
EVER,2025-09-02,13,13,0,0,0,0,23.25,12712305.0,0,0,,no_minute_file
EVEX,2025-09-02,13,0,339,1,1,1,3.93,5527759.0,1,1,07:05,intra_session_sparse
EVGO,2025-09-02,13,0,370,1,1,1,3.87,18112655.0,1,1,04:00,intra_session_sparse
EVH,2025-09-02,13,0,322,1,1,1,9.65,34798458.0,1,1,07:07,intra_session_sparse
EVLV,2025-09-02,13,0,358,1,1,1,8.24,28788497.0,1,1,08:00,intra_session_sparse
EVMN,2025-09-02,13,13,0,0,0,0,,,0,0,,no_daily_history
EVTL,2025-09-02,13,0,291,1,1,1,4.86,5220626.0,1,1,04:00,intra_session_sparse
EVTV,2025-09-02,13,2,32,1,1,1,2.26,299177.0,1,0,09:30,intra_session_sparse
EWTX,2025-09-02,13,0,255,1,1,1,14.35,10240629.0,1,1,09:30,intra_session_sparse
EXK,2025-09-02,13,0,376,1,1,1,6.24,55080757.0,1,1,04:00,intra_session_sparse
EXOD,2025-09-02,13,13,0,0,0,0,25.22,3400728.0,0,0,,no_minute_file
EXTR,2025-09-02,13,13,0,0,0,0,21.38,31625844.0,0,0,,no_minute_file
EXYN,2025-09-02,13,13,0,0,0,0,,,0,0,,no_daily_history
EYE,2025-09-02,13,13,0,0,0,0,22.94,57652630.0,0,0,,no_minute_file
EYPT,2025-09-02,13,0,261,1,1,1,11.57,7762489.0,1,1,09:30,intra_session_sparse
EZGO,2025-09-02,13,13,0,0,0,0,732.75,594234.0,0,0,,no_minute_file
EZPW,2025-09-02,13,1,221,1,1,1,16.67,10859929.0,1,1,08:04,intra_session_sparse
EZRA,2025-09-02,13,13,0,0,0,0,38.79,76092.0,0,0,,no_minute_file
F,2025-09-02,13,0,376,1,1,1,11.77,619332460.0,1,1,04:00,intra_session_sparse
FA,2025-09-02,13,0,210,1,1,1,16.36,13981008.0,1,1,09:30,intra_session_sparse
FABC,2025-09-02,13,0,77,1,1,1,6.105,863466.0,1,0,04:39,intra_session_sparse
FATE,2025-09-02,13,0,305,1,1,1,1.04,1619155.0,1,0,07:44,intra_session_sparse
FATN,2025-09-02,13,13,0,1,0,0,6.31,149100.0,1,0,,no_session_bars_has_month_file
FBGL,2025-09-02,13,13,0,0,0,0,0.622,323251.0,0,0,,no_minute_file
FBIO,2025-09-02,13,0,331,1,1,1,2.58,991944.0,1,0,04:00,intra_session_sparse
FBLA,2025-09-02,13,2,27,1,1,1,11.98,669573.0,1,0,10:26,intra_session_sparse
FBP,2025-09-02,13,13,0,0,0,0,22.23,23716797.0,0,0,,no_minute_file
FBYD,2025-09-02,13,13,0,1,0,0,7.325,35380.0,1,0,,no_session_bars_has_month_file
FC,2025-09-02,13,0,165,1,1,1,19.56,2851919.0,1,1,09:30,intra_session_sparse
FCEL,2025-09-02,13,0,330,1,1,1,4.2,5809250.0,1,1,04:19,intra_session_sparse
FCF,2025-09-02,13,0,236,1,1,1,17.75,8761277.0,1,1,09:30,intra_session_sparse
FCHL,2025-09-02,13,13,0,0,0,0,,,0,0,,no_daily_history
FCRS,2025-09-02,13,13,0,0,0,0,,,0,0,,no_daily_history
FCUV,2025-09-02,13,13,0,0,0,0,19.2,47092.0,0,0,,no_minute_file
FDMT,2025-09-02,13,0,238,1,1,1,6.16,6116969.0,1,1,08:00,intra_session_sparse
FDUS,2025-09-02,13,13,0,0,0,0,21.53,3792983.0,0,0,,no_minute_file
FEAM,2025-09-02,13,0,104,1,1,1,3.48,359864.0,1,0,06:59,intra_session_sparse
FEED,2025-09-02,13,1,13,1,1,1,5.46,320818.0,1,0,07:59,intra_session_sparse
FEMY,2025-09-02,13,0,294,1,1,1,7.102,635828.0,1,0,04:52,intra_session_sparse
FENC,2025-09-02,13,1,37,1,1,1,8.87,572686.0,1,0,04:03,intra_session_sparse
FERA,2025-09-02,13,13,0,1,0,0,10.13,318269.0,1,0,,no_session_bars_has_month_file
FF,2025-09-02,13,1,237,1,1,1,3.88,1035848.0,1,0,09:30,intra_session_sparse
FFAI,2025-09-02,13,0,374,1,1,1,2.23,33011872.0,1,1,04:00,intra_session_sparse
FGI,2025-09-02,13,13,0,1,0,0,4.32,198643.0,1,0,,no_session_bars_has_month_file
FGL,2025-09-02,13,13,0,0,0,0,120.0,269237.0,0,0,,no_minute_file
FGNX,2025-09-02,13,13,0,0,0,0,70.0,4550582.0,0,0,,no_minute_file
FHN,2025-09-02,13,13,0,0,0,0,22.6,218606914.0,0,0,,no_minute_file
FIG,2025-09-02,13,13,0,0,0,0,70.28,833212717.0,0,0,,no_minute_file
FIGS,2025-09-02,13,0,361,1,1,1,7.05,14252675.0,1,1,07:28,intra_session_sparse
FIP,2025-09-02,13,1,326,1,1,1,4.8,18584002.0,1,1,08:09,intra_session_sparse
FIVN,2025-09-02,13,13,0,0,0,0,26.92,54165688.0,0,0,,no_minute_file
FJET,2025-09-02,13,13,0,0,0,0,,,0,0,,no_daily_history
FLD,2025-09-02,13,0,347,1,1,1,3.54,1001754.0,1,0,08:00,intra_session_sparse
FLG,2025-09-02,13,0,376,1,1,1,12.82,70018429.0,1,1,07:00,intra_session_sparse
FLGT,2025-09-02,13,13,0,0,0,0,22.17,5652538.0,0,0,,no_minute_file
FLNA,2025-09-02,13,0,318,1,1,1,2.28,1647536.0,1,0,09:30,intra_session_sparse
FLNC,2025-09-02,13,0,375,1,1,1,7.4,32185215.0,1,1,04:00,intra_session_sparse
FLNT,2025-09-02,13,0,94,1,1,1,2.38,4855019.0,1,1,04:13,intra_session_sparse
FLO,2025-09-02,13,0,373,1,1,1,15.04,47031680.0,1,1,04:14,intra_session_sparse
FLOC,2025-09-02,13,0,172,1,1,1,16.32,6495223.0,1,1,08:00,intra_session_sparse
FLUX,2025-09-02,13,13,0,1,0,0,1.52,173599.0,1,0,,no_session_bars_has_month_file
FLWS,2025-09-02,13,0,162,1,1,1,5.6,1947777.0,1,0,08:00,intra_session_sparse
FLY,2025-09-02,13,13,0,0,0,0,45.37,187903666.0,0,0,,no_minute_file
FLYE,2025-09-02,13,0,154,1,1,1,14.13,17756348.0,1,1,04:06,intra_session_sparse
FLYW,2025-09-02,13,0,364,1,1,1,13.15,30703786.0,1,1,09:30,intra_session_sparse
FLYX,2025-09-02,13,13,0,1,0,0,4.02,129953.0,1,0,,no_session_bars_has_month_file
FMC,2025-09-02,13,13,0,0,0,0,39.1,63124821.0,0,0,,no_minute_file
FMFC,2025-09-02,13,0,309,1,1,1,9.86,7755846.0,1,1,05:45,intra_session_sparse
FMNB,2025-09-02,13,0,102,1,1,1,15.18,1410927.0,1,0,09:30,intra_session_sparse
FMST,2025-09-02,13,0,166,1,1,1,3.14,1378525.0,1,0,07:00,intra_session_sparse
FNB,2025-09-02,13,0,374,1,1,1,16.69,123243235.0,1,1,08:42,intra_session_sparse
FNKO,2025-09-02,13,0,302,1,1,1,3.46,6556232.0,1,1,04:03,intra_session_sparse
FNUC,2025-09-02,13,0,113,1,1,1,4.04,1228532.0,1,0,04:00,intra_session_sparse
FOA,2025-09-02,13,13,0,0,0,0,26.71,2998215.0,0,0,,no_minute_file
FOFO,2025-09-02,13,13,0,0,0,0,,,0,0,,no_daily_history
FOSL,2025-09-02,13,0,191,1,1,1,3.06,3284385.0,1,1,07:39,intra_session_sparse
FOXF,2025-09-02,13,13,0,0,0,0,28.93,17498030.0,0,0,,no_minute_file
FOXX,2025-09-02,13,13,0,0,0,0,5.4,134479.0,0,0,,no_minute_file
FPI,2025-09-02,13,1,200,1,1,1,11.02,3566213.0,1,1,08:55,intra_session_sparse
FRGT,2025-09-02,13,13,0,0,0,0,30.75,83165.0,0,0,,no_minute_file
FRMI,2025-09-02,13,13,0,0,0,0,,,0,0,,no_daily_history
FRMM,2025-09-02,13,13,0,0,0,0,28.1,213792409.0,0,0,,no_minute_file
FRSH,2025-09-02,13,0,375,1,1,1,13.47,61183395.0,1,1,04:01,intra_session_sparse
FRST,2025-09-02,13,1,56,1,1,1,11.45,1171193.0,1,0,09:38,intra_session_sparse
FSCO,2025-09-02,13,0,245,1,1,1,7.5,6048063.0,1,1,07:57,intra_session_sparse
FSK,2025-09-02,13,0,361,1,1,1,18.24,47819597.0,1,1,04:00,intra_session_sparse
FSLY,2025-09-02,13,0,361,1,1,1,7.61,21808057.0,1,1,04:00,intra_session_sparse
FSM,2025-09-02,13,0,376,1,1,1,7.7,92971718.0,1,1,04:00,intra_session_sparse
FTCI,2025-09-02,13,2,34,1,1,1,6.25,667652.0,1,0,08:50,intra_session_sparse
FTHM,2025-09-02,13,0,205,1,1,1,1.99,2451992.0,1,1,05:10,intra_session_sparse
FTK,2025-09-02,13,0,173,1,1,1,12.09,5889259.0,1,1,08:48,intra_session_sparse
FTRE,2025-09-02,13,0,350,1,1,1,9.85,16518201.0,1,1,08:28,intra_session_sparse
FUBO,2025-09-02,13,13,0,0,0,0,42.36,52250333.0,0,0,,no_minute_file
FUFU,2025-09-02,13,0,98,1,1,1,3.87,3342066.0,1,1,04:06,intra_session_sparse
FULC,2025-09-02,13,1,130,1,1,1,6.48,3232351.0,1,1,05:59,intra_session_sparse
FULT,2025-09-02,13,0,324,1,1,1,19.66,28539970.0,1,1,07:00,intra_session_sparse
FUN,2025-09-02,13,13,0,0,0,0,22.69,133825758.0,0,0,,no_minute_file
FUSE,2025-09-02,13,13,0,0,0,0,,,0,0,,no_daily_history
FVAV,2025-09-02,13,13,0,0,0,0,,,0,0,,no_daily_history
FVCB,2025-09-02,13,2,35,1,1,1,13.565,538921.0,1,0,09:30,intra_session_sparse
FVR,2025-09-02,13,2,183,1,1,1,13.37,2448996.0,1,1,09:30,intra_session_sparse
FVRR,2025-09-02,13,13,0,0,0,0,23.55,21963096.0,0,0,,no_minute_file
FWDI,2025-09-02,13,1,101,1,1,1,15.22,651056.0,1,0,09:30,intra_session_sparse
FWRD,2025-09-02,13,13,0,0,0,0,30.03,18489926.0,0,0,,no_minute_file
FWRG,2025-09-02,13,1,299,1,1,1,18.84,23982498.0,1,1,08:39,intra_session_sparse
GAIN,2025-09-02,13,0,112,1,1,1,14.17,1788007.0,1,0,04:14,intra_session_sparse
GALT,2025-09-02,13,0,208,1,1,1,4.25,936321.0,1,0,09:26,intra_session_sparse
GAMB,2025-09-02,13,0,329,1,1,1,8.73,8380087.0,1,1,04:00,intra_session_sparse
GANX,2025-09-02,13,2,249,1,1,1,1.99,680044.0,1,0,09:30,intra_session_sparse
GAP,2025-09-02,13,13,0,0,0,0,22.01,203507471.0,0,0,,no_minute_file
GASS,2025-09-02,13,0,162,1,1,1,7.63,1221004.0,1,0,09:30,intra_session_sparse
GAU,2025-09-02,13,0,372,1,1,1,2.17,5303433.0,1,1,04:01,intra_session_sparse
GBDC,2025-09-02,13,0,335,1,1,1,14.925,14877597.0,1,1,07:08,intra_session_sparse
GBR,2025-09-02,13,0,41,1,1,1,1.01,269645.0,1,0,04:01,intra_session_sparse
GBTG,2025-09-02,13,0,316,1,1,1,8.34,7413116.0,1,1,09:29,intra_session_sparse
GCDT,2025-09-02,13,13,0,0,0,0,,,0,0,,no_daily_history
GCL,2025-09-02,13,1,41,1,1,1,3.34,252843.0,1,0,09:30,intra_session_sparse
GCMG,2025-09-02,13,0,196,1,1,1,12.96,7453094.0,1,1,09:30,intra_session_sparse
GCTK,2025-09-02,13,13,0,1,0,0,4.22,196399.0,1,0,,no_session_bars_has_month_file
GCTS,2025-09-02,13,0,213,1,1,1,1.32,310748.0,1,0,06:26,intra_session_sparse
GDOT,2025-09-02,13,0,330,1,1,1,13.92,11389910.0,1,1,09:04,intra_session_sparse
GDRX,2025-09-02,13,0,346,1,1,1,4.35,28080640.0,1,1,04:12,intra_session_sparse
GDYN,2025-09-02,13,0,325,1,1,1,8.29,11503283.0,1,1,04:59,intra_session_sparse
GECC,2025-09-02,13,0,79,1,1,1,11.25,499714.0,1,0,07:14,intra_session_sparse
GEG,2025-09-02,13,13,0,1,0,0,2.41,24821.0,1,0,,no_session_bars_has_month_file
GEL,2025-09-02,13,1,238,1,1,1,16.99,7574588.0,1,1,09:22,intra_session_sparse
GELS,2025-09-02,13,13,0,1,0,0,1.252,126417.0,1,0,,no_session_bars_has_month_file
GEMI,2025-09-02,13,13,0,0,0,0,,,0,0,,no_daily_history
GEN,2025-09-02,13,13,0,0,0,0,30.2,134507288.0,0,0,,no_minute_file
GENB,2025-09-02,13,13,0,0,0,0,,,0,0,,no_daily_history
GENI,2025-09-02,13,0,362,1,1,1,12.79,71851176.0,1,1,08:00,intra_session_sparse
GEO,2025-09-02,13,13,0,0,0,0,20.74,81591793.0,0,0,,no_minute_file
GEOS,2025-09-02,13,0,193,1,1,1,19.82,3858830.0,1,1,05:22,intra_session_sparse
GERN,2025-09-02,13,0,371,1,1,1,1.4,13471708.0,1,1,04:00,intra_session_sparse
GETY,2025-09-02,13,0,218,1,1,1,1.84,1157128.0,1,0,09:05,intra_session_sparse
GEVO,2025-09-02,13,0,343,1,1,1,1.73,16778267.0,1,1,04:22,intra_session_sparse
GGB,2025-09-02,13,0,360,1,1,1,3.08,25931163.0,1,1,08:00,intra_session_sparse
GHRS,2025-09-02,13,2,68,1,1,1,13.5,3167030.0,1,1,09:30,intra_session_sparse
GIBO,2025-09-02,13,0,114,1,1,1,3.14,2641151.0,1,1,08:00,intra_session_sparse
GILT,2025-09-02,13,0,231,1,1,1,9.41,8153432.0,1,1,04:00,intra_session_sparse
GIPR,2025-09-02,13,13,0,1,0,0,0.96,65273.0,1,0,,no_session_bars_has_month_file
GITS,2025-09-02,13,13,0,0,0,0,2.195,61716.0,0,0,,no_minute_file
GIW,2025-09-02,13,13,0,0,0,0,,,0,0,,no_daily_history
GIX,2025-09-02,13,13,0,0,0,0,,,0,0,,no_daily_history
GLAD,2025-09-02,13,13,0,0,0,0,26.42,2561068.0,0,0,,no_minute_file
GLDG,2025-09-02,13,13,0,1,0,0,0.928,590574.0,1,0,,no_session_bars_has_month_file
GLE,2025-09-02,13,13,0,1,0,0,0.68,1529144.0,1,0,,no_session_bars_has_month_file
GLED,2025-09-02,13,13,0,0,0,0,,,0,0,,no_daily_history
GLMD,2025-09-02,13,2,71,1,1,1,1.27,333271.0,1,0,08:00,intra_session_sparse
GLND,2025-09-02,13,13,0,1,0,0,10.03,115648.0,1,0,,no_session_bars_has_month_file
GLOO,2025-09-02,13,13,0,0,0,0,,,0,0,,no_daily_history
GLRE,2025-09-02,13,1,62,1,1,1,12.89,1312858.0,1,0,09:30,intra_session_sparse
GLSI,2025-09-02,13,2,22,1,1,1,11.48,525721.0,1,0,08:10,intra_session_sparse
GLUE,2025-09-02,13,0,226,1,1,1,4.8,1674246.0,1,0,07:14,intra_session_sparse
GLXG,2025-09-02,13,13,0,1,0,0,5.03,59457.0,1,0,,no_session_bars_has_month_file
GLXY,2025-09-02,13,13,0,0,0,0,23.49,227822034.0,0,0,,no_minute_file
GME,2025-09-02,13,13,0,0,0,0,22.41,118493412.0,0,0,,no_minute_file
GMHS,2025-09-02,13,0,341,1,1,1,1.9,18249950.0,1,1,04:00,intra_session_sparse
GMRS,2025-09-02,13,13,0,0,0,0,,,0,0,,no_daily_history
GNE,2025-09-02,13,0,126,1,1,1,15.3,3723705.0,1,1,08:00,intra_session_sparse
GNK,2025-09-02,13,0,245,1,1,1,16.84,9640202.0,1,1,09:30,intra_session_sparse
GNL,2025-09-02,13,0,340,1,1,1,7.87,10975190.0,1,1,07:00,intra_session_sparse
GNLX,2025-09-02,13,0,85,1,1,1,3.33,321555.0,1,0,08:00,intra_session_sparse
GNPX,2025-09-02,13,0,186,1,1,1,8.2,1265627.0,1,0,04:17,intra_session_sparse
GNS,2025-09-02,13,13,0,1,0,0,0.885,3476278.0,1,0,,no_session_bars_has_month_file
GNW,2025-09-02,13,0,355,1,1,1,8.57,40486760.0,1,1,07:00,intra_session_sparse
GO,2025-09-02,13,0,365,1,1,1,18.11,73889883.0,1,1,08:32,intra_session_sparse
GOAI,2025-09-02,13,13,0,0,0,0,,,0,0,,no_daily_history
GOGO,2025-09-02,13,0,319,1,1,1,10.98,24802406.0,1,1,09:27,intra_session_sparse
GOOS,2025-09-02,13,0,308,1,1,1,12.98,21516845.0,1,1,04:24,intra_session_sparse
GORO,2025-09-02,13,13,0,0,0,0,0.505,859253.0,0,0,,no_minute_file
GOSS,2025-09-02,13,0,364,1,1,1,2.47,6603574.0,1,1,08:30,intra_session_sparse
GOVX,2025-09-02,13,1,138,1,1,1,18.64,562371.0,1,0,07:16,intra_session_sparse
GP,2025-09-02,13,2,83,1,1,1,3.4,1821760.0,1,0,04:05,intra_session_sparse
GPAT,2025-09-02,13,4,3,1,1,1,10.6,1278686.0,1,0,11:17,intra_session_sparse
GPGI,2025-09-02,13,0,302,1,1,1,19.12,22301121.0,1,1,09:24,intra_session_sparse
GPK,2025-09-02,13,13,0,1,0,0,22.27,74562515.0,1,0,,no_session_bars_has_month_file
GPRE,2025-09-02,13,0,368,1,1,1,11.11,18941317.0,1,1,08:00,intra_session_sparse
GPRK,2025-09-02,13,0,246,1,1,1,6.6,4480301.0,1,1,07:25,intra_session_sparse
GPRO,2025-09-02,13,0,344,1,1,1,1.56,13572848.0,1,1,04:00,intra_session_sparse
GRAB,2025-09-02,13,0,376,1,1,1,5.0,127908208.0,1,1,04:00,intra_session_sparse
GRCE,2025-09-02,13,2,41,1,1,1,3.03,313498.0,1,0,09:30,intra_session_sparse
GRDX,2025-09-02,13,2,170,1,1,1,2.275,9597069.0,1,1,07:42,intra_session_sparse
GREE,2025-09-02,13,13,0,1,0,0,1.23,171499.0,1,0,,no_session_bars_has_month_file
GRI,2025-09-02,13,13,0,0,0,0,38.92,119794.0,0,0,,no_minute_file
GRND,2025-09-02,13,0,348,1,1,1,15.64,38946972.0,1,1,08:58,intra_session_sparse
GRNT,2025-09-02,13,1,239,1,1,1,5.56,3338535.0,1,1,08:45,intra_session_sparse
GRO,2025-09-02,13,1,187,1,1,1,1.78,3602463.0,1,1,04:06,intra_session_sparse
GROY,2025-09-02,13,0,363,1,1,1,3.62,7750746.0,1,1,04:00,intra_session_sparse
GRPN,2025-09-02,13,13,0,0,0,0,26.1,46492171.0,0,0,,no_minute_file
GRRR,2025-09-02,13,0,328,1,1,1,16.55,24060232.0,1,1,07:00,intra_session_sparse
GRWG,2025-09-02,13,0,212,1,1,1,1.7,1440490.0,1,0,05:02,intra_session_sparse
GSBD,2025-09-02,13,0,276,1,1,1,11.44,6656880.0,1,1,04:38,intra_session_sparse
GSIT,2025-09-02,13,2,123,1,1,1,2.94,857891.0,1,0,06:56,intra_session_sparse
GSIW,2025-09-02,13,0,226,1,1,1,20.0,1220864.0,1,0,04:01,intra_session_sparse
GSM,2025-09-02,13,0,320,1,1,1,4.18,5617851.0,1,1,07:58,intra_session_sparse
GSRF,2025-09-02,13,13,0,0,0,0,,,0,0,,no_daily_history
GT,2025-09-02,13,0,373,1,1,1,8.48,81201932.0,1,1,04:00,intra_session_sparse
GTBP,2025-09-02,13,13,0,0,0,0,0.934,145531.0,0,0,,no_minute_file
GTE,2025-09-02,13,0,182,1,1,1,4.11,1183780.0,1,0,08:00,intra_session_sparse
GTEN,2025-09-02,13,0,26,1,1,1,10.175,2060343.0,1,1,08:39,intra_session_sparse
GTERA,2025-09-02,13,3,17,1,1,1,9.965,2506213.0,1,1,09:30,intra_session_sparse
GTLB,2025-09-02,13,13,0,0,0,0,48.02,199204525.0,0,0,,no_minute_file
GTM,2025-09-02,13,0,366,1,1,1,10.9,57431687.0,1,1,09:30,intra_session_sparse
GTN,2025-09-02,13,0,299,1,1,1,6.13,9378239.0,1,1,09:30,intra_session_sparse
GTX,2025-09-02,13,0,371,1,1,1,12.99,49562510.0,1,1,07:09,intra_session_sparse
GURE,2025-09-02,13,13,0,0,0,0,,,0,0,,no_daily_history
GUTS,2025-09-02,13,13,0,1,0,0,0.971,1698147.0,1,0,,no_session_bars_has_month_file
GV,2025-09-02,13,2,25,1,1,1,1.63,6642372.0,1,1,06:39,intra_session_sparse
GVH,2025-09-02,13,0,153,1,1,1,5.94,561149.0,1,0,04:01,intra_session_sparse
GWAV,2025-09-02,13,2,65,1,1,1,6.8,672441.0,1,0,04:06,intra_session_sparse
GWH,2025-09-02,13,1,92,1,1,1,1.45,301634.0,1,0,04:04,intra_session_sparse
GXAI,2025-09-02,13,0,186,1,1,1,1.72,32314353.0,1,1,04:05,intra_session_sparse
HAFN,2025-09-02,13,0,285,1,1,1,6.13,7823220.0,1,1,04:01,intra_session_sparse
HAIN,2025-09-02,13,0,317,1,1,1,1.8,1760646.0,1,0,07:57,intra_session_sparse
HAO,2025-09-02,13,13,0,0,0,0,150.27,48148.0,0,0,,no_minute_file
HAVA,2025-09-02,13,13,0,0,0,0,,,0,0,,no_daily_history
HAYW,2025-09-02,13,0,360,1,1,1,16.08,40480363.0,1,1,04:00,intra_session_sparse
HBAN,2025-09-02,13,0,376,1,1,1,17.81,411818020.0,1,1,06:26,intra_session_sparse
HBIO,2025-09-02,13,0,119,1,1,1,4.95,260452.0,1,0,05:35,intra_session_sparse
HBM,2025-09-02,13,0,376,1,1,1,12.0,73697115.0,1,1,04:00,intra_session_sparse
HBNC,2025-09-02,13,1,248,1,1,1,16.86,7741937.0,1,1,09:30,intra_session_sparse
HCAC,2025-09-02,13,13,0,0,0,0,,,0,0,,no_daily_history
HCAI,2025-09-02,13,13,0,1,0,0,18.4,74100.0,1,0,,no_session_bars_has_month_file
HCAT,2025-09-02,13,1,290,1,1,1,3.39,3533990.0,1,1,09:30,intra_session_sparse
HCHL,2025-09-02,13,0,66,1,1,1,3.25,359333.0,1,0,09:30,intra_session_sparse
HCKT,2025-09-02,13,13,0,1,0,0,20.82,7687564.0,1,0,,no_session_bars_has_month_file
HCSG,2025-09-02,13,2,256,1,1,1,15.61,12022627.0,1,1,04:20,intra_session_sparse
HCTI,2025-09-02,13,13,0,0,0,0,136.2,4089766.0,0,0,,no_minute_file
HCWB,2025-09-02,13,0,85,1,1,1,5.79,25198704.0,1,1,06:26,intra_session_sparse
HDRN,2025-09-02,13,13,0,1,0,0,10.37,320806.0,1,0,,no_session_bars_has_month_file
HDSN,2025-09-02,13,2,201,1,1,1,10.16,4206836.0,1,1,09:30,intra_session_sparse
HE,2025-09-02,13,0,372,1,1,1,12.96,25966010.0,1,1,04:00,intra_session_sparse
HELE,2025-09-02,13,13,0,0,0,0,24.55,15090532.0,0,0,,no_minute_file
HELP,2025-09-02,13,1,356,1,1,1,7.48,2697682.0,1,1,04:17,intra_session_sparse
HGTY,2025-09-02,13,2,105,1,1,1,11.45,2953515.0,1,1,09:30,intra_session_sparse
HIHO,2025-09-02,13,13,0,1,0,0,1.71,20010.0,1,0,,no_session_bars_has_month_file
HIMS,2025-09-02,13,13,0,0,0,0,42.35,1451623481.0,0,0,,no_minute_file
HIND,2025-09-02,13,2,88,1,1,1,9.2,10473549.0,1,1,09:30,intra_session_sparse
HIT,2025-09-02,13,0,150,1,1,1,2.75,2713930.0,1,1,08:00,intra_session_sparse
HITI,2025-09-02,13,0,325,1,1,1,3.595,3064789.0,1,1,04:02,intra_session_sparse
HIVE,2025-09-02,13,0,375,1,1,1,2.95,41865278.0,1,1,04:00,intra_session_sparse
HKPD,2025-09-02,13,0,126,1,1,1,1.51,11232580.0,1,1,04:09,intra_session_sparse
HL,2025-09-02,13,0,376,1,1,1,8.51,165323925.0,1,1,04:00,intra_session_sparse
HLF,2025-09-02,13,0,350,1,1,1,9.78,18314404.0,1,1,04:00,intra_session_sparse
HLIT,2025-09-02,13,0,300,1,1,1,9.62,10009672.0,1,1,06:48,intra_session_sparse
HLLY,2025-09-02,13,0,251,1,1,1,4.07,2938474.0,1,1,04:02,intra_session_sparse
HLMN,2025-09-02,13,0,332,1,1,1,9.88,16529809.0,1,1,09:30,intra_session_sparse
HLX,2025-09-02,13,0,301,1,1,1,6.59,8063805.0,1,1,04:00,intra_session_sparse
HLXC,2025-09-02,13,13,0,0,0,0,,,0,0,,no_daily_history
HMH,2025-09-02,13,13,0,0,0,0,,,0,0,,no_daily_history
HMY,2025-09-02,13,0,376,1,1,1,13.28,64080024.0,1,1,04:00,intra_session_sparse
HNRG,2025-09-02,13,0,292,1,1,1,16.3,15402923.0,1,1,07:12,intra_session_sparse
HNST,2025-09-02,13,0,372,1,1,1,3.96,19139908.0,1,1,04:00,intra_session_sparse
HOG,2025-09-02,13,13,0,0,0,0,29.12,50640092.0,0,0,,no_minute_file
HOPE,2025-09-02,13,0,260,1,1,1,11.13,8394583.0,1,1,09:30,intra_session_sparse
HOUR,2025-09-02,13,13,0,1,0,0,1.39,37988.0,1,0,,no_session_bars_has_month_file
HOVR,2025-09-02,13,0,169,1,1,1,1.75,1385844.0,1,0,07:00,intra_session_sparse
HOWL,2025-09-02,13,13,0,1,0,0,1.31,169478.0,1,0,,no_session_bars_has_month_file
HP,2025-09-02,13,13,0,0,0,0,20.89,42613849.0,0,0,,no_minute_file
HPAI,2025-09-02,13,13,0,0,0,0,3.874,10224.0,0,0,,no_minute_file
HPE,2025-09-02,13,13,0,0,0,0,22.57,357515641.0,0,0,,no_minute_file
HPK,2025-09-02,13,0,200,1,1,1,7.7,4747327.0,1,1,08:55,intra_session_sparse
HPP,2025-09-02,13,0,375,1,1,1,19.67,17678568.0,1,1,09:12,intra_session_sparse
HPQ,2025-09-02,13,13,0,0,0,0,28.54,232808325.0,0,0,,no_minute_file
HQ,2025-09-02,13,13,0,0,0,0,,,0,0,,no_daily_history
HQH,2025-09-02,13,1,181,1,1,1,16.54,3457252.0,1,1,08:00,intra_session_sparse
HQL,2025-09-02,13,0,113,1,1,1,13.95,1354153.0,1,0,08:19,intra_session_sparse
HRL,2025-09-02,13,13,0,0,0,0,25.44,116937773.0,0,0,,no_minute_file
HRTX,2025-09-02,13,1,315,1,1,1,1.35,3535427.0,1,1,04:11,intra_session_sparse
HRZN,2025-09-02,13,0,269,1,1,1,6.9,4870830.0,1,1,04:14,intra_session_sparse
HSDT,2025-09-02,13,13,0,1,0,0,6.12,194421.0,1,0,,no_session_bars_has_month_file
HSHP,2025-09-02,13,0,92,1,1,1,7.57,763187.0,1,0,09:30,intra_session_sparse
HST,2025-09-02,13,0,375,1,1,1,17.21,156199335.0,1,1,08:00,intra_session_sparse
HSTM,2025-09-02,13,13,0,0,0,0,28.08,5445819.0,0,0,,no_minute_file
HTCO,2025-09-02,13,2,47,1,1,1,9.277,547405.0,1,0,04:32,intra_session_sparse
HTCR,2025-09-02,13,13,0,1,0,0,22.4,2396296.0,1,0,,no_session_bars_has_month_file
HTGC,2025-09-02,13,0,312,1,1,1,19.52,19803450.0,1,1,04:08,intra_session_sparse
HTLD,2025-09-02,13,0,230,1,1,1,8.59,5592330.0,1,1,09:30,intra_session_sparse
HTLM,2025-09-02,13,13,0,0,0,0,3.96,23339.0,0,0,,no_minute_file
HTOO,2025-09-02,13,2,37,1,1,1,4.1,245882.0,1,0,05:52,intra_session_sparse
HTT,2025-09-02,13,1,127,1,1,1,4.56,2801768.0,1,1,09:14,intra_session_sparse
HTZ,2025-09-02,13,0,367,1,1,1,5.73,51352791.0,1,1,04:03,intra_session_sparse
HUBC,2025-09-02,13,13,0,0,0,0,1657.5,935125.0,0,0,,no_minute_file
HUMA,2025-09-02,13,0,365,1,1,1,1.555,10871662.0,1,1,04:13,intra_session_sparse
HUN,2025-09-02,13,0,370,1,1,1,11.16,45706758.0,1,1,06:27,intra_session_sparse
HURA,2025-09-02,13,0,185,1,1,1,2.695,2441869.0,1,1,04:02,intra_session_sparse
HUYA,2025-09-02,13,0,356,1,1,1,3.58,4607921.0,1,1,04:00,intra_session_sparse
HVII,2025-09-02,13,13,0,1,0,0,10.17,277634.0,1,0,,no_session_bars_has_month_file
HVT,2025-09-02,13,13,0,0,0,0,22.55,2197083.0,0,0,,no_minute_file
HWH,2025-09-02,13,0,372,1,1,1,1.44,718325.0,1,0,04:00,intra_session_sparse
HXHX,2025-09-02,13,13,0,1,0,0,0.965,139067.0,1,0,,no_session_bars_has_month_file
HYFT,2025-09-02,13,0,318,1,1,1,2.37,4329040.0,1,1,06:17,intra_session_sparse
HYLN,2025-09-02,13,0,260,1,1,1,1.68,1724132.0,1,0,04:28,intra_session_sparse
HYMC,2025-09-02,13,0,362,1,1,1,4.55,2299521.0,1,1,04:00,intra_session_sparse
HYNE,2025-09-02,13,13,0,0,0,0,,,0,0,,no_daily_history
HYPD,2025-09-02,13,2,145,1,1,1,6.1,3517521.0,1,1,08:00,intra_session_sparse
IAG,2025-09-02,13,0,376,1,1,1,9.31,98423158.0,1,1,04:25,intra_session_sparse
IART,2025-09-02,13,0,293,1,1,1,15.13,19631570.0,1,1,04:06,intra_session_sparse
IAUX,2025-09-02,13,13,0,0,0,0,0.801,3296225.0,0,0,,no_minute_file
IBG,2025-09-02,13,2,45,1,1,1,14.19,274252.0,1,0,08:00,intra_session_sparse
IBIO,2025-09-02,13,13,0,0,0,0,0.818,1668724.0,0,0,,no_minute_file
IBRX,2025-09-02,13,0,373,1,1,1,2.34,22127119.0,1,1,04:02,intra_session_sparse
IBTA,2025-09-02,13,13,0,0,0,0,26.94,23852359.0,0,0,,no_minute_file
ICHR,2025-09-02,13,0,331,1,1,1,16.85,22521029.0,1,1,04:00,intra_session_sparse
ICL,2025-09-02,13,0,304,1,1,1,6.44,4640257.0,1,1,04:34,intra_session_sparse
ICON,2025-09-02,13,13,0,0,0,0,10.0,101446.0,0,0,,no_minute_file
ICU,2025-09-02,13,0,239,1,1,1,9.161,1126546.0,1,0,04:00,intra_session_sparse
IDAI,2025-09-02,13,13,0,1,0,0,2.863,74797.0,1,0,,no_session_bars_has_month_file
IDN,2025-09-02,13,1,92,1,1,1,5.45,923943.0,1,0,09:28,intra_session_sparse
IE,2025-09-02,13,0,282,1,1,1,8.92,8542649.0,1,1,08:54,intra_session_sparse
IEAG,2025-09-02,13,13,0,0,0,0,,,0,0,,no_daily_history
IEP,2025-09-02,13,0,239,1,1,1,8.47,7308483.0,1,1,07:07,intra_session_sparse
IFRX,2025-09-02,13,0,370,1,1,1,1.6,691137.0,1,0,04:00,intra_session_sparse
IHRT,2025-09-02,13,1,339,1,1,1,2.13,2236379.0,1,1,09:09,intra_session_sparse
IHS,2025-09-02,13,0,261,1,1,1,7.25,4464867.0,1,1,08:00,intra_session_sparse
III,2025-09-02,13,2,163,1,1,1,5.17,1272521.0,1,0,09:30,intra_session_sparse
IIIV,2025-09-02,13,13,0,0,0,0,31.45,8140302.0,0,0,,no_minute_file
IKT,2025-09-02,13,13,0,1,0,0,1.8,173793.0,1,0,,no_session_bars_has_month_file
ILLR,2025-09-02,13,13,0,1,0,0,0.488,747985.0,1,0,,no_session_bars_has_month_file
IMA,2025-09-02,13,13,0,1,0,0,13.4,160827.0,1,0,,no_session_bars_has_month_file
IMCC,2025-09-02,13,13,0,0,0,0,2.32,110833.0,0,0,,no_minute_file
IMDX,2025-09-02,13,13,0,0,0,0,2.53,74801.0,0,0,,no_minute_file
IMMR,2025-09-02,13,1,196,1,1,1,7.06,2552395.0,1,1,09:07,intra_session_sparse
IMMX,2025-09-02,13,2,58,1,1,1,2.22,639834.0,1,0,04:08,intra_session_sparse
IMNM,2025-09-02,13,1,309,1,1,1,9.51,6524618.0,1,1,08:45,intra_session_sparse
IMPP,2025-09-02,13,0,126,1,1,1,3.43,440225.0,1,0,08:49,intra_session_sparse
IMRX,2025-09-02,13,0,276,1,1,1,5.75,4065105.0,1,1,06:39,intra_session_sparse
IMSR,2025-09-02,13,0,159,1,1,1,11.7,7733344.0,1,1,08:26,intra_session_sparse
IMTE,2025-09-02,13,13,0,1,0,0,0.88,12501.0,1,0,,no_session_bars_has_month_file
IMTX,2025-09-02,13,0,317,1,1,1,5.09,4258653.0,1,1,04:00,intra_session_sparse
IMUX,2025-09-02,13,0,320,1,1,1,8.2,1015627.0,1,0,04:00,intra_session_sparse
IMVT,2025-09-02,13,1,335,1,1,1,14.685,16986270.0,1,1,04:49,intra_session_sparse
IMXI,2025-09-02,13,0,339,1,1,1,14.5,18651723.0,1,1,09:29,intra_session_sparse
INBS,2025-09-02,13,13,0,1,0,0,16.2,187576.0,1,0,,no_session_bars_has_month_file
INDI,2025-09-02,13,0,351,1,1,1,4.525,17163279.0,1,1,04:14,intra_session_sparse
INDO,2025-09-02,13,0,125,1,1,1,3.05,1135980.0,1,0,04:04,intra_session_sparse
INDP,2025-09-02,13,13,0,1,0,0,6.5,48732.0,1,0,,no_session_bars_has_month_file
INFQ,2025-09-02,13,2,7,1,1,1,10.12,620702.0,1,0,10:23,intra_session_sparse
INFU,2025-09-02,13,0,198,1,1,1,10.78,3330738.0,1,1,04:01,intra_session_sparse
INGM,2025-09-02,13,0,199,1,1,1,19.57,6506233.0,1,1,08:31,intra_session_sparse
INGN,2025-09-02,13,1,177,1,1,1,7.99,1831895.0,1,0,09:30,intra_session_sparse
INHD,2025-09-02,13,13,0,0,0,0,2491.2,67750767.0,0,0,,no_minute_file
INKT,2025-09-02,13,2,59,1,1,1,14.24,1773549.0,1,0,04:00,intra_session_sparse
INLF,2025-09-02,13,2,40,1,1,1,18.4,206674.0,1,0,04:25,intra_session_sparse
INMB,2025-09-02,13,0,279,1,1,1,2.03,5346023.0,1,1,04:13,intra_session_sparse
INMD,2025-09-02,13,0,303,1,1,1,14.94,16068267.0,1,1,08:31,intra_session_sparse
INN,2025-09-02,13,0,248,1,1,1,5.48,4660426.0,1,1,09:30,intra_session_sparse
INNV,2025-09-02,13,13,0,1,0,0,3.83,66174.0,1,0,,no_session_bars_has_month_file
INO,2025-09-02,13,0,339,1,1,1,2.37,4461714.0,1,1,04:12,intra_session_sparse
INR,2025-09-02,13,1,225,1,1,1,14.9,4375373.0,1,1,04:00,intra_session_sparse
INSG,2025-09-02,13,0,218,1,1,1,12.33,3474651.0,1,1,04:01,intra_session_sparse
INTA,2025-09-02,13,13,0,0,0,0,45.99,60182148.0,0,0,,no_minute_file
INTR,2025-09-02,13,0,345,1,1,1,8.59,24566472.0,1,1,04:00,intra_session_sparse
INTS,2025-09-02,13,0,195,1,1,1,7.05,1272802.0,1,0,04:00,intra_session_sparse
INTT,2025-09-02,13,1,75,1,1,1,7.0,299508.0,1,0,09:30,intra_session_sparse
INV,2025-09-02,13,2,90,1,1,1,5.46,2308375.0,1,1,09:30,intra_session_sparse
INVA,2025-09-02,13,13,0,1,0,0,20.43,15827420.0,1,0,,no_session_bars_has_month_file
INVX,2025-09-02,13,1,197,1,1,1,17.26,5858027.0,1,1,08:24,intra_session_sparse
INVZ,2025-09-02,13,0,365,1,1,1,1.67,11666094.0,1,1,04:00,intra_session_sparse
IOTR,2025-09-02,13,13,0,0,0,0,4.205,78397.0,0,0,,no_minute_file
IOVA,2025-09-02,13,0,374,1,1,1,2.23,36269097.0,1,1,04:01,intra_session_sparse
IPCX,2025-09-02,13,2,24,1,1,1,10.12,2326052.0,1,1,10:04,intra_session_sparse
IPDN,2025-09-02,13,0,365,1,1,1,6.69,106375209.0,1,1,04:00,intra_session_sparse
IPM,2025-09-02,13,13,0,1,0,0,1.93,84446.0,1,0,,no_session_bars_has_month_file
IPSC,2025-09-02,13,13,0,0,0,0,0.492,372895.0,0,0,,no_minute_file
IPST,2025-09-02,13,13,0,0,0,0,169.88,1686255.0,0,0,,no_minute_file
IPW,2025-09-02,13,13,0,0,0,0,118.56,65240.0,0,0,,no_minute_file
IPWR,2025-09-02,13,2,18,1,1,1,5.24,530483.0,1,0,09:30,intra_session_sparse
IRD,2025-09-02,13,0,133,1,1,1,1.22,221114.0,1,0,07:08,intra_session_sparse
IRDM,2025-09-02,13,13,0,1,0,0,24.89,37448922.0,1,0,,no_session_bars_has_month_file
IRWD,2025-09-02,13,0,338,1,1,1,1.32,1512971.0,1,0,04:00,intra_session_sparse
ISPC,2025-09-02,13,13,0,0,0,0,28.45,1208574.0,0,0,,no_minute_file
ISSC,2025-09-02,13,0,323,1,1,1,12.95,14805860.0,1,1,04:02,intra_session_sparse
ITHA,2025-09-02,13,13,0,0,0,0,,,0,0,,no_daily_history
ITOC,2025-09-02,13,0,154,1,1,1,11.68,2089950.0,1,1,04:13,intra_session_sparse
ITRG,2025-09-02,13,0,344,1,1,1,2.29,2841838.0,1,1,04:00,intra_session_sparse
IVA,2025-09-02,13,1,76,1,1,1,6.19,287007.0,1,0,04:00,intra_session_sparse
IVDA,2025-09-02,13,2,58,1,1,1,1.604,340867.0,1,0,08:00,intra_session_sparse
IVF,2025-09-02,13,13,0,0,0,0,38.4,1490336.0,0,0,,no_minute_file
IVVD,2025-09-02,13,0,357,1,1,1,0.973,12469520.0,1,0,04:01,intra_session_sparse
IXHL,2025-09-02,13,0,376,1,1,1,19.77,81072661.0,1,1,04:00,intra_session_sparse
JACK,2025-09-02,13,0,238,1,1,1,19.3,21324069.0,1,1,04:01,intra_session_sparse
JAGU,2025-09-02,13,13,0,0,0,0,,,0,0,,no_daily_history
JAKK,2025-09-02,13,2,92,1,1,1,17.77,1784834.0,1,0,04:00,intra_session_sparse
JANX,2025-09-02,13,13,0,0,0,0,22.71,19405440.0,0,0,,no_minute_file
JATT,2025-09-02,13,13,0,0,0,0,,,0,0,,no_daily_history
JBGS,2025-09-02,13,13,0,0,0,0,21.44,22427803.0,0,0,,no_minute_file
JBI,2025-09-02,13,0,279,1,1,1,10.35,13140954.0,1,1,08:57,intra_session_sparse
JBIO,2025-09-02,13,2,62,1,1,1,7.9,786014.0,1,0,08:44,intra_session_sparse
JBLU,2025-09-02,13,0,376,1,1,1,5.35,80261313.0,1,1,04:03,intra_session_sparse
JBS,2025-09-02,13,0,373,1,1,1,16.21,89833550.0,1,1,05:28,intra_session_sparse
JCAP,2025-09-02,13,0,124,1,1,1,18.81,3210167.0,1,1,09:30,intra_session_sparse
JDZG,2025-09-02,13,13,0,0,0,0,452.5,246081.0,0,0,,no_minute_file
JELD,2025-09-02,13,0,348,1,1,1,6.39,12070095.0,1,1,04:17,intra_session_sparse
JEM,2025-09-02,13,13,0,1,0,0,44.8,2627530.0,1,0,,no_session_bars_has_month_file
JENA,2025-09-02,13,13,0,1,0,0,10.14,989339.0,1,0,,no_session_bars_has_month_file
JFB,2025-09-02,13,3,22,1,1,1,3.1,398440.0,1,0,09:30,intra_session_sparse
JHX,2025-09-02,13,0,376,1,1,1,20.13,251372091.0,1,0,04:11,intra_session_sparse
JILL,2025-09-02,13,2,104,1,1,1,16.76,1449102.0,1,0,09:30,intra_session_sparse
JLHL,2025-09-02,13,13,0,0,0,0,3.983,113426.0,0,0,,no_minute_file
JMG,2025-09-02,13,13,0,0,0,0,,,0,0,,no_daily_history
JMIA,2025-09-02,13,0,376,1,1,1,8.6,42981550.0,1,1,04:03,intra_session_sparse
JOBY,2025-09-02,13,0,376,1,1,1,14.15,529610093.0,1,1,04:00,intra_session_sparse
JRVR,2025-09-02,13,2,232,1,1,1,5.62,1805538.0,1,0,09:30,intra_session_sparse
JSPR,2025-09-02,13,0,143,1,1,1,2.8,612065.0,1,0,09:30,intra_session_sparse
JTAI,2025-09-02,13,13,0,0,0,0,694.0,178436.0,0,0,,no_minute_file
JXG,2025-09-02,13,13,0,1,0,0,14.55,130144.0,1,0,,no_session_bars_has_month_file
JZXN,2025-09-02,13,13,0,1,0,0,32.8,240707.0,1,0,,no_session_bars_has_month_file
KALA,2025-09-02,13,13,0,0,0,0,561.0,1229890.0,0,0,,no_minute_file
KALV,2025-09-02,13,0,311,1,1,1,13.46,8248987.0,1,1,08:45,intra_session_sparse
KAPA,2025-09-02,13,0,319,1,1,1,1.35,834402.0,1,0,04:00,intra_session_sparse
KBDC,2025-09-02,13,0,155,1,1,1,15.16,2087146.0,1,1,07:00,intra_session_sparse
KBON,2025-09-02,13,13,0,0,0,0,,,0,0,,no_daily_history
KD,2025-09-02,13,13,0,0,0,0,31.79,116576663.0,0,0,,no_minute_file
KDK,2025-09-02,13,1,86,1,1,1,11.41,1848053.0,1,0,04:26,intra_session_sparse
KEEL,2025-09-02,13,0,373,1,1,1,1.335,33158739.0,1,1,04:00,intra_session_sparse
KELYA,2025-09-02,13,0,158,1,1,1,14.23,4634111.0,1,1,09:30,intra_session_sparse
KELYB,2025-09-02,13,13,0,0,0,0,14.6,9310.0,0,0,,no_minute_file
KEP,2025-09-02,13,0,227,1,1,1,13.21,8137014.0,1,1,09:01,intra_session_sparse
KEY,2025-09-02,13,0,376,1,1,1,19.36,467462351.0,1,1,04:10,intra_session_sparse
KIDS,2025-09-02,13,13,0,1,0,0,21.36,3514159.0,1,0,,no_session_bars_has_month_file
KIDZ,2025-09-02,13,13,0,0,0,0,62.5,634387.0,0,0,,no_minute_file
KIM,2025-09-02,13,13,0,0,0,0,22.49,82202794.0,0,0,,no_minute_file
KINS,2025-09-02,13,0,144,1,1,1,13.46,3581507.0,1,1,09:30,intra_session_sparse
KITT,2025-09-02,13,13,0,0,0,0,65.14,1925330.0,0,0,,no_minute_file
KLAR,2025-09-02,13,13,0,0,0,0,,,0,0,,no_daily_history
KLC,2025-09-02,13,0,236,1,1,1,7.19,9980618.0,1,1,04:00,intra_session_sparse
KLRA,2025-09-02,13,13,0,0,0,0,,,0,0,,no_daily_history
KLRS,2025-09-02,13,2,98,1,1,1,4.08,240998.0,1,0,08:37,intra_session_sparse
KLTR,2025-09-02,13,0,184,1,1,1,1.59,438347.0,1,0,09:30,intra_session_sparse
KMTS,2025-09-02,13,0,245,1,1,1,16.14,3242907.0,1,1,08:57,intra_session_sparse
KNRX,2025-09-02,13,13,0,0,0,0,,,0,0,,no_daily_history
KOD,2025-09-02,13,1,247,1,1,1,9.04,6035460.0,1,1,09:30,intra_session_sparse
KODK,2025-09-02,13,0,293,1,1,1,5.9,12169794.0,1,1,07:37,intra_session_sparse
KOPN,2025-09-02,13,0,357,1,1,1,2.1,5551986.0,1,1,04:00,intra_session_sparse
KORE,2025-09-02,13,13,0,0,0,0,2.4,26146.0,0,0,,no_minute_file
KOS,2025-09-02,13,0,370,1,1,1,1.79,16958952.0,1,1,04:10,intra_session_sparse
KOYN,2025-09-02,13,13,0,0,0,0,,,0,0,,no_daily_history
KPLT,2025-09-02,13,0,217,1,1,1,15.0,478057.0,1,0,08:00,intra_session_sparse
KPRX,2025-09-02,13,2,26,1,1,1,2.78,211429.0,1,0,09:32,intra_session_sparse
KPTI,2025-09-02,13,1,105,1,1,1,7.11,1225485.0,1,0,08:26,intra_session_sparse
KRNT,2025-09-02,13,2,203,1,1,1,14.94,6760500.0,1,1,09:30,intra_session_sparse
KRNY,2025-09-02,13,0,281,1,1,1,6.75,2414828.0,1,1,04:00,intra_session_sparse
KRO,2025-09-02,13,0,231,1,1,1,6.38,2861467.0,1,1,04:13,intra_session_sparse
KROS,2025-09-02,13,2,207,1,1,1,15.21,7269387.0,1,1,05:25,intra_session_sparse
KRRO,2025-09-02,13,13,0,0,0,0,23.08,2639115.0,0,0,,no_minute_file
KSCP,2025-09-02,13,0,185,1,1,1,6.04,2381432.0,1,1,06:57,intra_session_sparse
KSS,2025-09-02,13,0,376,1,1,1,15.06,129757967.0,1,1,04:00,intra_session_sparse
KT,2025-09-02,13,0,350,1,1,1,20.25,30570016.0,1,0,04:02,intra_session_sparse
KTTA,2025-09-02,13,13,0,0,0,0,0.808,101799.0,0,0,,no_minute_file
KTWO,2025-09-02,13,13,0,0,0,0,,,0,0,,no_daily_history
KULR,2025-09-02,13,0,337,1,1,1,4.7,10164622.0,1,1,04:00,intra_session_sparse
KURA,2025-09-02,13,0,351,1,1,1,7.89,13679004.0,1,1,06:00,intra_session_sparse
KUST,2025-09-02,13,13,0,0,0,0,27.15,187522.0,0,0,,no_minute_file
KVUE,2025-09-02,13,13,0,1,0,0,20.71,366327915.0,1,0,,no_session_bars_has_month_file
KVYO,2025-09-02,13,13,0,0,0,0,32.44,85812093.0,0,0,,no_minute_file
KW,2025-09-02,13,0,279,1,1,1,8.8,6630210.0,1,1,08:00,intra_session_sparse
KXIN,2025-09-02,13,13,0,0,0,0,289.8,170210.0,0,0,,no_minute_file
KYIV,2025-09-02,13,0,362,1,1,1,12.19,24726754.0,1,1,04:04,intra_session_sparse
KYTX,2025-09-02,13,0,141,1,1,1,3.7,997355.0,1,0,09:06,intra_session_sparse
LAB,2025-09-02,13,0,235,1,1,1,1.26,1486587.0,1,0,08:54,intra_session_sparse
LABT,2025-09-02,13,13,0,0,0,0,,,0,0,,no_daily_history
LAC,2025-09-02,13,0,373,1,1,1,2.99,21435925.0,1,1,04:00,intra_session_sparse
LADR,2025-09-02,13,0,334,1,1,1,11.62,6014160.0,1,1,09:30,intra_session_sparse
LAES,2025-09-02,13,0,365,1,1,1,2.69,14238560.0,1,1,04:01,intra_session_sparse
LAKE,2025-09-02,13,0,92,1,1,1,15.19,1212052.0,1,0,09:30,intra_session_sparse
LAND,2025-09-02,13,0,270,1,1,1,9.2,3784252.0,1,1,07:00,intra_session_sparse
LAR,2025-09-02,13,0,323,1,1,1,3.42,6175064.0,1,1,04:02,intra_session_sparse
LASE,2025-09-02,13,0,354,1,1,1,4.02,31786913.0,1,1,07:07,intra_session_sparse
LAW,2025-09-02,13,2,99,1,1,1,5.47,737580.0,1,0,09:30,intra_session_sparse
LAWR,2025-09-02,13,0,376,1,1,1,1.96,643815.0,1,0,04:06,intra_session_sparse
LBGJ,2025-09-02,13,13,0,0,0,0,129.0,14825.0,0,0,,no_minute_file
LBRT,2025-09-02,13,0,369,1,1,1,11.25,29922519.0,1,1,04:09,intra_session_sparse
LBRX,2025-09-02,13,13,0,0,0,0,,,0,0,,no_daily_history
LBTYA,2025-09-02,13,0,372,1,1,1,11.74,21105956.0,1,1,09:30,intra_session_sparse
LBTYB,2025-09-02,13,13,0,0,0,0,11.47,6633.0,0,0,,no_minute_file
LBTYK,2025-09-02,13,0,297,1,1,1,11.95,12502209.0,1,1,09:30,intra_session_sparse
LC,2025-09-02,13,0,347,1,1,1,17.18,25482470.0,1,1,06:44,intra_session_sparse
LCFY,2025-09-02,13,2,101,1,1,1,4.06,207914.0,1,0,04:01,intra_session_sparse
LCID,2025-09-02,13,0,376,1,1,1,19.8,176287874.0,1,1,09:00,intra_session_sparse
LCTX,2025-09-02,13,0,287,1,1,1,1.17,1703565.0,1,0,04:00,intra_session_sparse
LCUT,2025-09-02,13,13,0,0,0,0,3.95,113144.0,0,0,,no_minute_file
LDI,2025-09-02,13,0,317,1,1,1,2.14,4428373.0,1,1,07:44,intra_session_sparse
LE,2025-09-02,13,0,218,1,1,1,14.36,5192814.0,1,1,09:30,intra_session_sparse
LEG,2025-09-02,13,0,363,1,1,1,9.61,15311740.0,1,1,07:19,intra_session_sparse
LEGH,2025-09-02,13,13,0,0,0,0,27.945,1798655.0,0,0,,no_minute_file
LENZ,2025-09-02,13,13,0,0,0,0,38.63,26874171.0,0,0,,no_minute_file
LEO,2025-09-02,13,2,81,1,1,1,5.95,862034.0,1,0,09:30,intra_session_sparse
LESL,2025-09-02,13,0,229,1,1,1,6.646,956317.0,1,0,07:01,intra_session_sparse
LEVI,2025-09-02,13,13,0,0,0,0,22.37,41757754.0,0,0,,no_minute_file
LFCR,2025-09-02,13,2,120,1,1,1,7.61,812188.0,1,0,09:30,intra_session_sparse
LFMD,2025-09-02,13,0,319,1,1,1,6.18,21017221.0,1,1,04:00,intra_session_sparse
LFST,2025-09-02,13,0,352,1,1,1,5.49,15835876.0,1,1,09:02,intra_session_sparse
LFVN,2025-09-02,13,2,122,1,1,1,13.1,1226033.0,1,0,08:19,intra_session_sparse
LGCL,2025-09-02,13,13,0,1,0,0,20.0,402971.0,1,0,,no_session_bars_has_month_file
LGO,2025-09-02,13,13,0,1,0,0,1.535,189049.0,1,0,,no_session_bars_has_month_file
LGVN,2025-09-02,13,13,0,0,0,0,0.828,1641359.0,0,0,,no_minute_file
LHAI,2025-09-02,13,0,297,1,1,1,8.94,4164893.0,1,1,04:01,intra_session_sparse
LIDR,2025-09-02,13,0,304,1,1,1,2.82,23363724.0,1,1,04:00,intra_session_sparse
LIFE,2025-09-02,13,13,0,0,0,0,1.9,963346.0,0,0,,no_minute_file
LILA,2025-09-02,13,1,239,1,1,1,8.06,4115998.0,1,1,07:00,intra_session_sparse
LILAK,2025-09-02,13,0,268,1,1,1,8.24,14963360.0,1,1,04:01,intra_session_sparse
LIMN,2025-09-02,13,0,227,1,1,1,2.71,8170096.0,1,1,04:00,intra_session_sparse
LINC,2025-09-02,13,0,184,1,1,1,18.81,10853330.0,1,1,08:00,intra_session_sparse
LIND,2025-09-02,13,0,216,1,1,1,14.58,6316007.0,1,1,08:07,intra_session_sparse
LINK,2025-09-02,13,0,108,1,1,1,6.147,490272.0,1,0,07:00,intra_session_sparse
LION,2025-09-02,13,0,311,1,1,1,6.43,13330615.0,1,1,07:41,intra_session_sparse
LITS,2025-09-02,13,0,220,1,1,1,4.86,2453759.0,1,1,04:07,intra_session_sparse
LKSP,2025-09-02,13,13,0,0,0,0,,,0,0,,no_daily_history
LMFA,2025-09-02,13,2,72,1,1,1,1.25,853542.0,1,0,04:27,intra_session_sparse
LMRI,2025-09-02,13,13,0,0,0,0,,,0,0,,no_daily_history
LNAI,2025-09-02,13,0,118,1,1,1,19.04,202398.0,1,0,04:28,intra_session_sparse
LNKS,2025-09-02,13,13,0,0,0,0,134.92,69961.0,0,0,,no_minute_file
LOCL,2025-09-02,13,13,0,0,0,0,2.41,29588.0,0,0,,no_minute_file
LOCO,2025-09-02,13,0,140,1,1,1,10.63,1828688.0,1,0,09:29,intra_session_sparse
LODE,2025-09-02,13,0,286,1,1,1,2.43,2504976.0,1,1,08:00,intra_session_sparse
LOKV,2025-09-02,13,2,17,1,1,1,10.175,1305991.0,1,0,09:30,intra_session_sparse
LONA,2025-09-02,13,13,0,0,0,0,3.886,39149.0,0,0,,no_minute_file
LOVE,2025-09-02,13,1,182,1,1,1,19.13,5458706.0,1,1,09:30,intra_session_sparse
LPCN,2025-09-02,13,13,0,0,0,0,2.91,62786.0,0,0,,no_minute_file
LPCV,2025-09-02,13,13,0,0,0,0,,,0,0,,no_daily_history
LPL,2025-09-02,13,0,261,1,1,1,4.41,2707129.0,1,1,04:00,intra_session_sparse
LPSN,2025-09-02,13,0,282,1,1,1,13.98,9831953.0,1,1,04:00,intra_session_sparse
LPTH,2025-09-02,13,0,294,1,1,1,5.345,3865524.0,1,1,07:44,intra_session_sparse
LRHC,2025-09-02,13,13,0,0,0,0,591.0,258092.0,0,0,,no_minute_file
LRMR,2025-09-02,13,0,351,1,1,1,3.62,6452681.0,1,1,04:02,intra_session_sparse
LSPD,2025-09-02,13,0,296,1,1,1,12.37,5571244.0,1,1,09:30,intra_session_sparse
LTBR,2025-09-02,13,0,294,1,1,1,15.115,22864923.0,1,1,04:06,intra_session_sparse
LTRN,2025-09-02,13,2,83,1,1,1,4.08,602921.0,1,0,07:11,intra_session_sparse
LTRX,2025-09-02,13,0,297,1,1,1,4.965,2288447.0,1,1,04:00,intra_session_sparse
LUCD,2025-09-02,13,0,265,1,1,1,1.26,835652.0,1,0,04:24,intra_session_sparse
LUCK,2025-09-02,13,2,146,1,1,1,10.7,1510329.0,1,0,09:30,intra_session_sparse
LUCY,2025-09-02,13,2,43,1,1,1,1.93,204562.0,1,0,07:00,intra_session_sparse
LUMN,2025-09-02,13,0,376,1,1,1,4.97,55405034.0,1,1,04:01,intra_session_sparse
LUNG,2025-09-02,13,1,238,1,1,1,1.71,1391484.0,1,0,06:07,intra_session_sparse
LUNR,2025-09-02,13,0,374,1,1,1,8.77,79287305.0,1,1,04:00,intra_session_sparse
LVLU,2025-09-02,13,0,21,1,1,1,3.93,235421.0,1,0,08:08,intra_session_sparse
LWLG,2025-09-02,13,0,322,1,1,1,3.36,6494078.0,1,1,04:02,intra_session_sparse
LXEO,2025-09-02,13,0,259,1,1,1,4.79,1374283.0,1,0,09:30,intra_session_sparse
LXFR,2025-09-02,13,1,131,1,1,1,13.42,1711079.0,1,0,09:30,intra_session_sparse
LXRX,2025-09-02,13,0,332,1,1,1,1.1,2610953.0,1,1,05:50,intra_session_sparse
LXU,2025-09-02,13,0,184,1,1,1,8.32,3066949.0,1,1,07:47,intra_session_sparse
LYEL,2025-09-02,13,2,25,1,1,1,11.08,322881.0,1,0,09:30,intra_session_sparse
LYFT,2025-09-02,13,0,376,1,1,1,16.225,328511069.0,1,1,04:02,intra_session_sparse
LYG,2025-09-02,13,0,375,1,1,1,4.32,35851030.0,1,1,04:00,intra_session_sparse
LYTS,2025-09-02,13,13,0,0,0,0,22.93,4377375.0,0,0,,no_minute_file
LZ,2025-09-02,13,0,354,1,1,1,11.08,32506171.0,1,1,07:00,intra_session_sparse
LZM,2025-09-02,13,2,50,1,1,1,4.48,393114.0,1,0,09:30,intra_session_sparse
LZMH,2025-09-02,13,13,0,0,0,0,73.0,2245528.0,0,0,,no_minute_file
M,2025-09-02,13,0,376,1,1,1,13.23,86308005.0,1,1,04:02,intra_session_sparse
MAAS,2025-09-02,13,13,0,0,0,0,3.47,45892.0,0,0,,no_minute_file
MAC,2025-09-02,13,0,340,1,1,1,18.4,29861463.0,1,1,09:30,intra_session_sparse
MAGH,2025-09-02,13,13,0,1,0,0,1.21,1727772.0,1,0,,no_session_bars_has_month_file
MAGN,2025-09-02,13,0,224,1,1,1,12.4,7042859.0,1,1,09:30,intra_session_sparse
MAIA,2025-09-02,13,1,114,1,1,1,1.54,507012.0,1,0,07:28,intra_session_sparse
MAMA,2025-09-02,13,0,279,1,1,1,7.98,1269927.0,1,0,04:00,intra_session_sparse
MAMK,2025-09-02,13,1,20,1,1,1,2.16,208431.0,1,0,08:40,intra_session_sparse
MANU,2025-09-02,13,1,273,1,1,1,17.85,3080909.0,1,1,04:06,intra_session_sparse
MARA,2025-09-02,13,0,376,1,1,1,15.98,678357646.0,1,1,04:00,intra_session_sparse
MASK,2025-09-02,13,2,92,1,1,1,16.83,409590.0,1,0,04:00,intra_session_sparse
MASS,2025-09-02,13,0,235,1,1,1,6.25,1764561.0,1,0,07:06,intra_session_sparse
MAT,2025-09-02,13,0,355,1,1,1,18.3,60390138.0,1,1,07:40,intra_session_sparse
MATV,2025-09-02,13,0,250,1,1,1,12.57,9044618.0,1,1,09:01,intra_session_sparse
MAX,2025-09-02,13,1,229,1,1,1,10.57,5652905.0,1,1,09:30,intra_session_sparse
MAZE,2025-09-02,13,0,262,1,1,1,14.49,3971461.0,1,1,09:30,intra_session_sparse
MB,2025-09-02,13,0,78,1,1,1,10.12,5027013.0,1,1,04:01,intra_session_sparse
MBAI,2025-09-02,13,13,0,1,0,0,0.734,331506.0,1,0,,no_session_bars_has_month_file
MBAV,2025-09-02,13,2,47,1,1,1,10.56,1653638.0,1,0,07:01,intra_session_sparse
MBC,2025-09-02,13,0,299,1,1,1,12.71,24587337.0,1,1,04:19,intra_session_sparse
MBI,2025-09-02,13,1,195,1,1,1,7.96,4140931.0,1,1,08:33,intra_session_sparse
MBLY,2025-09-02,13,0,368,1,1,1,14.01,53702243.0,1,1,04:00,intra_session_sparse
MBOT,2025-09-02,13,0,338,1,1,1,3.83,11066289.0,1,1,04:00,intra_session_sparse
MBRX,2025-09-02,13,0,276,1,1,1,9.81,2165448.0,1,1,04:01,intra_session_sparse
MBX,2025-09-02,13,0,234,1,1,1,15.09,4515490.0,1,1,09:30,intra_session_sparse
MCFT,2025-09-02,13,13,0,0,0,0,21.94,3433984.0,0,0,,no_minute_file
MCGA,2025-09-02,13,0,219,1,1,1,11.29,7759767.0,1,1,04:00,intra_session_sparse
MCHB,2025-09-02,13,3,91,1,1,1,13.87,2010828.0,1,1,11:01,intra_session_sparse
MCRB,2025-09-02,13,1,113,1,1,1,18.94,2096992.0,1,1,09:30,intra_session_sparse
MCS,2025-09-02,13,0,155,1,1,1,15.44,4123258.0,1,1,09:30,intra_session_sparse
MD,2025-09-02,13,0,276,1,1,1,17.21,14727187.0,1,1,09:30,intra_session_sparse
MDAI,2025-09-02,13,0,137,1,1,1,1.93,771647.0,1,0,04:05,intra_session_sparse
MDU,2025-09-02,13,0,307,1,1,1,16.29,29557104.0,1,1,08:55,intra_session_sparse
MDWD,2025-09-02,13,2,126,1,1,1,16.7,1771201.0,1,0,09:30,intra_session_sparse
MDXG,2025-09-02,13,1,233,1,1,1,7.1,4135489.0,1,1,04:06,intra_session_sparse
MEC,2025-09-02,13,1,117,1,1,1,14.6,2342911.0,1,1,08:00,intra_session_sparse
MED,2025-09-02,13,0,178,1,1,1,14.03,2670833.0,1,1,09:30,intra_session_sparse
MEHA,2025-09-02,13,13,0,0,0,0,,,0,0,,no_daily_history
MEI,2025-09-02,13,0,228,1,1,1,7.73,2817789.0,1,1,08:52,intra_session_sparse
MENS,2025-09-02,13,13,0,0,0,0,54.81,5493972.0,0,0,,no_minute_file
MERC,2025-09-02,13,0,317,1,1,1,3.335,2880339.0,1,1,08:00,intra_session_sparse
MESH,2025-09-02,13,13,0,0,0,0,,,0,0,,no_daily_history
METC,2025-09-02,13,13,0,0,0,0,25.93,86779059.0,0,0,,no_minute_file
METCB,2025-09-02,13,0,86,1,1,1,16.25,2686592.0,1,1,09:30,intra_session_sparse
MFA,2025-09-02,13,0,288,1,1,1,10.2,10580616.0,1,1,04:18,intra_session_sparse
MFI,2025-09-02,13,13,0,0,0,0,39.0,1013983.0,0,0,,no_minute_file
MFIC,2025-09-02,13,0,203,1,1,1,13.22,4449726.0,1,1,07:00,intra_session_sparse
MG,2025-09-02,13,2,103,1,1,1,9.56,1163783.0,1,0,09:30,intra_session_sparse
MGIH,2025-09-02,13,13,0,1,0,0,1.88,29604.0,1,0,,no_session_bars_has_month_file
MGN,2025-09-02,13,13,0,0,0,0,,,0,0,,no_daily_history
MGNI,2025-09-02,13,13,0,0,0,0,25.95,74728137.0,0,0,,no_minute_file
MGNX,2025-09-02,13,0,346,1,1,1,1.77,969354.0,1,0,05:00,intra_session_sparse
MGPI,2025-09-02,13,13,0,0,0,0,29.57,5630045.0,0,0,,no_minute_file
MGRT,2025-09-02,13,3,9,1,1,1,3.5,464976.0,1,0,09:30,intra_session_sparse
MGRX,2025-09-02,13,1,171,1,1,1,2.36,311602.0,1,0,04:12,intra_session_sparse
MGTX,2025-09-02,13,1,182,1,1,1,7.3,2528394.0,1,1,09:30,intra_session_sparse
MGX,2025-09-02,13,0,172,1,1,1,1.74,584573.0,1,0,08:00,intra_session_sparse
MH,2025-09-02,13,0,234,1,1,1,14.52,11742606.0,1,1,09:30,intra_session_sparse
MICC,2025-09-02,13,13,0,0,0,0,,,0,0,,no_daily_history
MIMI,2025-09-02,13,13,0,0,0,0,68.0,7185241.0,0,0,,no_minute_file
MIND,2025-09-02,13,0,165,1,1,1,10.01,1839856.0,1,0,06:01,intra_session_sparse
MINE,2025-09-02,13,13,0,0,0,0,,,0,0,,no_daily_history
MIR,2025-09-02,13,13,0,0,0,0,20.5,46260062.0,0,0,,no_minute_file
MIRA,2025-09-02,13,2,107,1,1,1,1.37,289044.0,1,0,08:11,intra_session_sparse
MIST,2025-09-02,13,0,310,1,1,1,1.84,1660147.0,1,0,06:08,intra_session_sparse
MITK,2025-09-02,13,2,218,1,1,1,10.17,4373078.0,1,1,09:30,intra_session_sparse
MKDW,2025-09-02,13,0,46,1,1,1,6.372,271549.0,1,0,04:03,intra_session_sparse
MKLY,2025-09-02,13,13,0,0,0,0,,,0,0,,no_daily_history
MLAA,2025-09-02,13,13,0,0,0,0,,,0,0,,no_daily_history
MLAC,2025-09-02,13,13,0,0,0,0,10.3,52897.0,0,0,,no_minute_file
MLEC,2025-09-02,13,2,51,1,1,1,19.66,377656.0,1,0,04:15,intra_session_sparse
MLKN,2025-09-02,13,13,0,1,0,0,21.11,7952709.0,1,0,,no_session_bars_has_month_file
MLTX,2025-09-02,13,13,0,1,0,0,55.75,21641454.0,1,0,,no_session_bars_has_month_file
MLYS,2025-09-02,13,13,0,0,0,0,15.48,13215409.0,0,1,,no_minute_file
MMA,2025-09-02,13,13,0,1,0,0,0.895,550443.0,1,0,,no_session_bars_has_month_file
MMED,2025-09-02,13,13,0,0,0,0,,,0,0,,no_daily_history
MNDR,2025-09-02,13,1,17,1,1,1,4.794,472922.0,1,0,04:53,intra_session_sparse
MNKD,2025-09-02,13,0,376,1,1,1,4.59,15299845.0,1,1,05:48,intra_session_sparse
MNOV,2025-09-02,13,13,0,0,0,0,1.32,85794.0,0,0,,no_minute_file
MNRO,2025-09-02,13,0,282,1,1,1,16.58,14981107.0,1,1,09:30,intra_session_sparse
MNTN,2025-09-02,13,0,273,1,1,1,20.41,20152088.0,1,0,07:09,intra_session_sparse
MNTS,2025-09-02,13,13,0,0,0,0,23.74,32794231.0,0,0,,no_minute_file
MOB,2025-09-02,13,1,224,1,1,1,5.64,2387264.0,1,1,06:50,intra_session_sparse
MOBI,2025-09-02,13,13,0,0,0,0,,,0,0,,no_daily_history
MOBX,2025-09-02,13,0,337,1,1,1,11.8,797487.0,1,0,04:04,intra_session_sparse
MOV,2025-09-02,13,1,144,1,1,1,18.27,2415539.0,1,1,09:30,intra_session_sparse
MOVE,2025-09-02,13,0,332,1,1,1,7.879,6199533.0,1,1,04:00,intra_session_sparse
MPAA,2025-09-02,13,2,141,1,1,1,14.9,2728487.0,1,1,09:30,intra_session_sparse
MPLT,2025-09-02,13,13,0,0,0,0,,,0,0,,no_daily_history
MPU,2025-09-02,13,0,306,1,1,1,2.41,3110359.0,1,1,06:40,intra_session_sparse
MQ,2025-09-02,13,0,345,1,1,1,6.365,31552831.0,1,1,07:00,intra_session_sparse
MRAM,2025-09-02,13,1,66,1,1,1,6.43,440540.0,1,0,09:30,intra_session_sparse
MRBK,2025-09-02,13,0,100,1,1,1,15.74,843977.0,1,0,09:30,intra_session_sparse
MRKR,2025-09-02,13,13,0,0,0,0,0.926,2600668.0,0,0,,no_minute_file
MRLN,2025-09-02,13,2,6,1,1,1,10.38,1316598.0,1,0,08:00,intra_session_sparse
MRNO,2025-09-02,13,13,0,0,0,0,5.435,47574.0,0,0,,no_minute_file
MRTN,2025-09-02,13,0,281,1,1,1,11.84,7152075.0,1,1,09:30,intra_session_sparse
MRVI,2025-09-02,13,0,282,1,1,1,2.42,3476160.0,1,1,09:30,intra_session_sparse
MSBI,2025-09-02,13,2,109,1,1,1,18.41,2141153.0,1,1,09:30,intra_session_sparse
MSGM,2025-09-02,13,13,0,0,0,0,2.84,89417.0,0,0,,no_minute_file
MSGY,2025-09-02,13,0,108,1,1,1,13.37,1512041.0,1,0,08:59,intra_session_sparse
MSS,2025-09-02,13,13,0,1,0,0,9.28,21662.0,1,0,,no_session_bars_has_month_file
MTA,2025-09-02,13,0,332,1,1,1,5.47,2495585.0,1,1,04:02,intra_session_sparse
MTAL,2025-09-02,13,0,370,1,1,1,12.14,12139745.0,1,1,09:30,intra_session_sparse
MTC,2025-09-02,13,13,0,1,0,0,0.975,73558.0,1,0,,no_session_bars_has_month_file
MTEK,2025-09-02,13,13,0,1,0,0,3.0,170390.0,1,0,,no_session_bars_has_month_file
MTEN,2025-09-02,13,13,0,0,0,0,2420.0,996421.0,0,0,,no_minute_file
MTNB,2025-09-02,13,2,53,1,1,1,1.82,3163131.0,1,1,05:46,intra_session_sparse
MTRX,2025-09-02,13,2,116,1,1,1,15.13,1753982.0,1,0,09:30,intra_session_sparse
MTUS,2025-09-02,13,0,189,1,1,1,16.43,4791740.0,1,1,09:30,intra_session_sparse
MTVA,2025-09-02,13,13,0,1,0,0,6.976,98791.0,1,0,,no_session_bars_has_month_file
MTW,2025-09-02,13,0,191,1,1,1,9.9,3826473.0,1,1,09:30,intra_session_sparse
MUFG,2025-09-02,13,0,361,1,1,1,15.29,47675825.0,1,1,07:07,intra_session_sparse
MUX,2025-09-02,13,0,376,1,1,1,11.55,11373769.0,1,1,04:00,intra_session_sparse
MVIS,2025-09-02,13,0,342,1,1,1,1.15,4828716.0,1,1,04:00,intra_session_sparse
MVST,2025-09-02,13,0,371,1,1,1,2.67,22160981.0,1,1,04:13,intra_session_sparse
MWG,2025-09-02,13,13,0,1,0,0,2.37,87203.0,1,0,,no_session_bars_has_month_file
MWYN,2025-09-02,13,13,0,1,0,0,0.828,645273.0,1,0,,no_session_bars_has_month_file
MX,2025-09-02,13,0,145,1,1,1,3.15,1158331.0,1,0,04:13,intra_session_sparse
MXCT,2025-09-02,13,0,259,1,1,1,1.39,1735778.0,1,0,04:31,intra_session_sparse
MXL,2025-09-02,13,0,329,1,1,1,15.72,23830132.0,1,1,07:22,intra_session_sparse
MYE,2025-09-02,13,2,171,1,1,1,16.74,3570511.0,1,1,09:30,intra_session_sparse
MYGN,2025-09-02,13,0,354,1,1,1,6.37,13598345.0,1,1,08:00,intra_session_sparse
MYO,2025-09-02,13,0,234,1,1,1,1.05,2285096.0,1,1,04:27,intra_session_sparse
MYSE,2025-09-02,13,2,26,1,1,1,2.01,205288.0,1,0,09:30,intra_session_sparse
MYX,2025-09-02,13,13,0,0,0,0,,,0,0,,no_daily_history
NA,2025-09-02,13,1,73,1,1,1,5.13,2633230.0,1,1,04:10,intra_session_sparse
NABL,2025-09-02,13,0,299,1,1,1,8.06,6891040.0,1,1,09:30,intra_session_sparse
NAGE,2025-09-02,13,0,272,1,1,1,9.9,10928792.0,1,1,04:00,intra_session_sparse
NAK,2025-09-02,13,13,0,1,0,0,0.9,4406826.0,1,0,,no_session_bars_has_month_file
NAKA,2025-09-02,13,13,0,0,0,0,217.6,9426955.0,0,0,,no_minute_file
NAMM,2025-09-02,13,2,102,1,1,1,2.82,631619.0,1,0,08:00,intra_session_sparse
NAT,2025-09-02,13,0,363,1,1,1,3.11,5237406.0,1,1,07:03,intra_session_sparse
NATR,2025-09-02,13,1,105,1,1,1,16.85,1971935.0,1,0,07:00,intra_session_sparse
NAVI,2025-09-02,13,1,215,1,1,1,13.71,10301898.0,1,1,04:00,intra_session_sparse
NAVN,2025-09-02,13,13,0,0,0,0,,,0,0,,no_daily_history
NB,2025-09-02,13,0,373,1,1,1,4.6,23914637.0,1,1,04:08,intra_session_sparse
NBBK,2025-09-02,13,2,121,1,1,1,18.89,3302818.0,1,1,09:30,intra_session_sparse
NCDL,2025-09-02,13,2,111,1,1,1,15.98,1830732.0,1,0,09:30,intra_session_sparse
NCEL,2025-09-02,13,13,0,1,0,0,21.1,428841.0,1,0,,no_session_bars_has_month_file
NCI,2025-09-02,13,13,0,1,0,0,13.6,31554.0,1,0,,no_session_bars_has_month_file
NCLH,2025-09-02,13,13,0,0,0,0,24.84,314134524.0,0,0,,no_minute_file
NCMI,2025-09-02,13,0,301,1,1,1,4.39,2419648.0,1,1,08:00,intra_session_sparse
NCNO,2025-09-02,13,13,0,0,0,0,32.11,56532827.0,0,0,,no_minute_file
NCRA,2025-09-02,13,13,0,0,0,0,1.509,34518.0,0,0,,no_minute_file
NDRA,2025-09-02,13,2,60,1,1,1,4.088,275389.0,1,0,08:00,intra_session_sparse
NEO,2025-09-02,13,0,368,1,1,1,8.78,15538852.0,1,1,04:06,intra_session_sparse
NEOG,2025-09-02,13,0,365,1,1,1,5.75,28671999.0,1,1,08:42,intra_session_sparse
NEON,2025-09-02,13,13,0,1,0,0,23.95,6223596.0,1,0,,no_session_bars_has_month_file
NEOV,2025-09-02,13,0,104,1,1,1,3.59,747226.0,1,0,09:02,intra_session_sparse
NERV,2025-09-02,13,13,0,0,0,0,2.36,92253.0,0,0,,no_minute_file
NESR,2025-09-02,13,0,299,1,1,1,9.36,6044085.0,1,1,06:04,intra_session_sparse
NEUP,2025-09-02,13,1,84,1,1,1,11.33,571307.0,1,0,09:04,intra_session_sparse
NEWP,2025-09-02,13,0,226,1,1,1,1.75,363542.0,1,0,04:33,intra_session_sparse
NEWT,2025-09-02,13,0,111,1,1,1,12.365,2249063.0,1,1,09:30,intra_session_sparse
NEXA,2025-09-02,13,13,0,1,0,0,4.88,55221.0,1,0,,no_session_bars_has_month_file
NEXN,2025-09-02,13,0,237,1,1,1,10.03,3637936.0,1,1,04:00,intra_session_sparse
NEXR,2025-09-02,13,13,0,0,0,0,71.89,293346.0,0,0,,no_minute_file
NEXT,2025-09-02,13,0,353,1,1,1,10.72,27161935.0,1,1,04:37,intra_session_sparse
NFBK,2025-09-02,13,2,129,1,1,1,11.85,1838776.0,1,0,09:27,intra_session_sparse
NFE,2025-09-02,13,0,372,1,1,1,2.44,19924095.0,1,1,04:22,intra_session_sparse
NFGC,2025-09-02,13,0,332,1,1,1,1.95,878878.0,1,0,04:00,intra_session_sparse
NG,2025-09-02,13,0,375,1,1,1,6.84,18428633.0,1,1,04:00,intra_session_sparse
NGEN,2025-09-02,13,13,0,0,0,0,,,0,0,,no_daily_history
NGL,2025-09-02,13,1,203,1,1,1,5.41,4190031.0,1,1,09:00,intra_session_sparse
NGNE,2025-09-02,13,1,68,1,1,1,18.48,2232836.0,1,1,09:30,intra_session_sparse
NHP,2025-09-02,13,13,0,0,0,0,,,0,0,,no_daily_history
NIQ,2025-09-02,13,0,293,1,1,1,17.04,21901491.0,1,1,08:24,intra_session_sparse
NIVF,2025-09-02,13,13,0,0,0,0,112.8,413426.0,0,0,,no_minute_file
NKLR,2025-09-02,13,0,267,1,1,1,10.37,5389006.0,1,1,07:36,intra_session_sparse
NKTX,2025-09-02,13,0,236,1,1,1,2.12,1167196.0,1,0,04:00,intra_session_sparse
NLOP,2025-09-02,13,13,0,0,0,0,29.62,5010191.0,0,0,,no_minute_file
NMAX,2025-09-02,13,0,272,1,1,1,14.19,14289116.0,1,1,04:00,intra_session_sparse
NMFC,2025-09-02,13,1,194,1,1,1,10.66,4941855.0,1,1,09:30,intra_session_sparse
NMG,2025-09-02,13,13,0,1,0,0,1.95,143811.0,1,0,,no_session_bars_has_month_file
NMP,2025-09-02,13,13,0,0,0,0,,,0,0,,no_daily_history
NMR,2025-09-02,13,2,226,1,1,1,7.19,3217598.0,1,1,06:14,intra_session_sparse
NMRA,2025-09-02,13,0,172,1,1,1,1.73,976377.0,1,0,05:35,intra_session_sparse
NMRK,2025-09-02,13,0,355,1,1,1,18.21,25029283.0,1,1,04:06,intra_session_sparse
NN,2025-09-02,13,0,325,1,1,1,17.81,19400525.0,1,1,09:08,intra_session_sparse
NNBR,2025-09-02,13,2,41,1,1,1,2.57,218318.0,1,0,08:41,intra_session_sparse
NNE,2025-09-02,13,13,0,0,0,0,32.54,95110702.0,0,0,,no_minute_file
NNOX,2025-09-02,13,0,320,1,1,1,3.87,5747298.0,1,1,04:25,intra_session_sparse
NOA,2025-09-02,13,1,99,1,1,1,13.67,2720813.0,1,1,09:30,intra_session_sparse
NOK,2025-09-02,13,0,374,1,1,1,4.3,67821375.0,1,1,04:02,intra_session_sparse
NOMA,2025-09-02,13,13,0,0,0,0,,,0,0,,no_daily_history
NOMD,2025-09-02,13,0,253,1,1,1,15.54,19885433.0,1,1,08:00,intra_session_sparse
NOV,2025-09-02,13,0,369,1,1,1,13.29,39332560.0,1,1,04:54,intra_session_sparse
NP,2025-09-02,13,13,0,0,0,0,,,0,0,,no_daily_history
NPAC,2025-09-02,13,3,7,1,1,1,10.115,1065446.0,1,0,09:30,intra_session_sparse
NPB,2025-09-02,13,1,174,1,1,1,17.82,2843886.0,1,1,09:30,intra_session_sparse
NPCE,2025-09-02,13,2,177,1,1,1,9.15,1814958.0,1,0,09:20,intra_session_sparse
NPKI,2025-09-02,13,1,335,1,1,1,10.4,8619693.0,1,1,09:17,intra_session_sparse
NPT,2025-09-02,13,13,0,0,0,0,,,0,0,,no_daily_history
NPWR,2025-09-02,13,0,261,1,1,1,2.55,2930256.0,1,1,04:09,intra_session_sparse
NRC,2025-09-02,13,2,115,1,1,1,14.69,1526202.0,1,0,08:00,intra_session_sparse
NRDS,2025-09-02,13,0,240,1,1,1,10.34,5829647.0,1,1,09:30,intra_session_sparse
NRDY,2025-09-02,13,0,295,1,1,1,1.36,659067.0,1,0,08:00,intra_session_sparse
NRGV,2025-09-02,13,0,345,1,1,1,2.02,3795294.0,1,1,04:03,intra_session_sparse
NRIM,2025-09-02,13,13,0,0,0,0,23.51,4031307.0,0,0,,no_minute_file
NRIX,2025-09-02,13,0,281,1,1,1,9.34,6754482.0,1,1,06:56,intra_session_sparse
NRXP,2025-09-02,13,0,220,1,1,1,2.32,1265859.0,1,0,04:04,intra_session_sparse
NRXS,2025-09-02,13,13,0,0,0,0,2.54,137021.0,0,0,,no_minute_file
NSP,2025-09-02,13,13,0,0,0,0,55.22,38024149.0,0,0,,no_minute_file
NTGR,2025-09-02,13,13,0,0,0,0,27.17,12932477.0,0,0,,no_minute_file
NTIP,2025-09-02,13,13,0,0,0,0,1.49,29419.0,0,0,,no_minute_file
NTLA,2025-09-02,13,0,376,1,1,1,11.355,47655804.0,1,1,04:00,intra_session_sparse
NTSK,2025-09-02,13,13,0,0,0,0,,,0,0,,no_daily_history
NTST,2025-09-02,13,0,320,1,1,1,18.29,19161252.0,1,1,04:25,intra_session_sparse
NU,2025-09-02,13,0,376,1,1,1,14.8,725113493.0,1,1,04:00,intra_session_sparse
NUAI,2025-09-02,13,13,0,1,0,0,0.498,572118.0,1,0,,no_session_bars_has_month_file
NUCL,2025-09-02,13,13,0,0,0,0,,,0,0,,no_daily_history
NUS,2025-09-02,13,0,268,1,1,1,12.17,7331396.0,1,1,04:02,intra_session_sparse
NUTR,2025-09-02,13,13,0,1,0,0,4.67,4550538.0,1,1,,no_session_bars_has_month_file
NUVB,2025-09-02,13,0,363,1,1,1,2.97,12564960.0,1,1,04:00,intra_session_sparse
NUWE,2025-09-02,13,2,31,1,1,1,5.1,1266518.0,1,0,06:33,intra_session_sparse
NVAX,2025-09-02,13,0,370,1,1,1,7.47,76860144.0,1,1,04:00,intra_session_sparse
NVCR,2025-09-02,13,0,325,1,1,1,12.33,18105545.0,1,1,04:00,intra_session_sparse
NVGS,2025-09-02,13,0,220,1,1,1,16.09,5084638.0,1,1,04:00,intra_session_sparse
NVNI,2025-09-02,13,1,230,1,1,1,6.13,2322629.0,1,1,04:00,intra_session_sparse
NVRI,2025-09-02,13,1,321,1,1,1,11.3,13132636.0,1,1,09:30,intra_session_sparse
NVST,2025-09-02,13,13,0,1,0,0,21.18,38850401.0,1,0,,no_session_bars_has_month_file
NVTS,2025-09-02,13,0,376,1,1,1,5.86,122142546.0,1,1,04:00,intra_session_sparse
NVVE,2025-09-02,13,0,182,1,1,1,15.4,397488.0,1,0,04:00,intra_session_sparse
NVX,2025-09-02,13,2,73,1,1,1,1.49,204268.0,1,0,04:06,intra_session_sparse
NWAX,2025-09-02,13,13,0,0,0,0,,,0,0,,no_daily_history
NWBI,2025-09-02,13,1,267,1,1,1,12.65,10744372.0,1,1,09:30,intra_session_sparse
NWL,2025-09-02,13,0,371,1,1,1,5.92,40167626.0,1,1,08:01,intra_session_sparse
NX,2025-09-02,13,13,0,1,0,0,21.27,7408617.0,1,0,,no_session_bars_has_month_file
NXB,2025-09-02,13,13,0,0,0,0,,,0,0,,no_daily_history
NXDR,2025-09-02,13,0,334,1,1,1,2.05,4750797.0,1,1,07:24,intra_session_sparse
NXE,2025-09-02,13,0,373,1,1,1,7.88,50361459.0,1,1,04:00,intra_session_sparse
NXL,2025-09-02,13,13,0,1,0,0,0.956,2813186.0,1,0,,no_session_bars_has_month_file
NXP,2025-09-02,13,1,95,1,1,1,14.02,1282121.0,1,0,09:30,intra_session_sparse
NXTS,2025-09-02,13,13,0,0,0,0,54.0,142914.0,0,0,,no_minute_file
NXXT,2025-09-02,13,13,0,1,0,0,1.82,194681.0,1,0,,no_session_bars_has_month_file
OBA,2025-09-02,13,13,0,1,0,0,9.95,1928899.0,1,0,,no_session_bars_has_month_file
OBAI,2025-09-02,13,13,0,0,0,0,,,0,0,,no_daily_history
OBDC,2025-09-02,13,0,360,1,1,1,14.34,35611049.0,1,1,04:00,intra_session_sparse
OBE,2025-09-02,13,0,176,1,1,1,6.15,1294140.0,1,0,06:55,intra_session_sparse
OCC,2025-09-02,13,0,44,1,1,1,6.345,451028.0,1,0,09:30,intra_session_sparse
OCCI,2025-09-02,13,2,135,1,1,1,5.97,1650435.0,1,0,08:00,intra_session_sparse
OCFC,2025-09-02,13,1,192,1,1,1,18.39,5055713.0,1,1,09:30,intra_session_sparse
OCG,2025-09-02,13,13,0,0,0,0,2732.4,335810.0,0,0,,no_minute_file
OCGN,2025-09-02,13,0,268,1,1,1,1.02,2062205.0,1,1,04:00,intra_session_sparse
OCS,2025-09-02,13,13,0,1,0,0,16.13,177827.0,1,0,,no_session_bars_has_month_file
OCSL,2025-09-02,13,0,203,1,1,1,13.99,7903984.0,1,1,07:00,intra_session_sparse
OCUL,2025-09-02,13,0,361,1,1,1,12.21,25552664.0,1,1,08:00,intra_session_sparse
ODD,2025-09-02,13,13,0,0,0,0,60.2,60091648.0,0,0,,no_minute_file
ODTX,2025-09-02,13,13,0,0,0,0,,,0,0,,no_daily_history
ODV,2025-09-02,13,0,305,1,1,1,2.72,2791808.0,1,1,08:00,intra_session_sparse
ODYS,2025-09-02,13,13,0,0,0,0,3.81,20464.0,0,0,,no_minute_file
OEC,2025-09-02,13,0,277,1,1,1,10.55,6848779.0,1,1,09:30,intra_session_sparse
OFAL,2025-09-02,13,0,68,1,1,1,1.44,598464.0,1,0,04:01,intra_session_sparse
OFIX,2025-09-02,13,0,238,1,1,1,14.97,7376623.0,1,1,09:30,intra_session_sparse
OFRM,2025-09-02,13,13,0,0,0,0,,,0,0,,no_daily_history
OGI,2025-09-02,13,0,223,1,1,1,1.73,1704814.0,1,0,04:47,intra_session_sparse
OGN,2025-09-02,13,0,364,1,1,1,9.42,43870858.0,1,1,04:00,intra_session_sparse
OI,2025-09-02,13,0,312,1,1,1,12.99,17917555.0,1,1,08:42,intra_session_sparse
OIS,2025-09-02,13,1,282,1,1,1,5.6,3194526.0,1,1,09:29,intra_session_sparse
OKUR,2025-09-02,13,2,46,1,1,1,2.75,325369.0,1,0,08:00,intra_session_sparse
OLB,2025-09-02,13,13,0,0,0,0,1.103,186489.0,0,0,,no_minute_file
OLMA,2025-09-02,13,1,292,1,1,1,5.46,2397789.0,1,1,07:00,intra_session_sparse
OLN,2025-09-02,13,13,0,0,0,0,23.66,50099209.0,0,0,,no_minute_file
OLOX,2025-09-02,13,13,0,0,0,0,114.56,30038409.0,0,0,,no_minute_file
OLP,2025-09-02,13,13,0,0,0,0,23.89,1498900.0,0,0,,no_minute_file
OLPX,2025-09-02,13,0,342,1,1,1,1.43,1633985.0,1,0,08:00,intra_session_sparse
OM,2025-09-02,13,1,144,1,1,1,13.91,3925342.0,1,1,09:30,intra_session_sparse
OMDA,2025-09-02,13,13,0,0,0,0,23.69,9383436.0,0,0,,no_minute_file
OMER,2025-09-02,13,0,292,1,1,1,4.16,4480797.0,1,1,04:03,intra_session_sparse
OMEX,2025-09-02,13,0,284,1,1,1,1.96,4830826.0,1,1,04:02,intra_session_sparse
ONB,2025-09-02,13,13,0,0,0,0,22.89,55971120.0,0,0,,no_minute_file
ONCO,2025-09-02,13,13,0,0,0,0,147.0,350900.0,0,0,,no_minute_file
ONCY,2025-09-02,13,2,185,1,1,1,1.04,672317.0,1,0,04:07,intra_session_sparse
ONDS,2025-09-02,13,0,376,1,1,1,5.86,202425029.0,1,1,04:00,intra_session_sparse
ONEG,2025-09-02,13,1,140,1,1,1,11.95,1980069.0,1,0,09:10,intra_session_sparse
ONEW,2025-09-02,13,2,105,1,1,1,16.83,2184041.0,1,1,09:30,intra_session_sparse
ONFO,2025-09-02,13,13,0,1,0,0,1.04,26942.0,1,0,,no_session_bars_has_month_file
ONMD,2025-09-02,13,13,0,1,0,0,0.86,17691410.0,1,0,,no_session_bars_has_month_file
ONT,2025-09-02,13,13,0,0,0,0,31.06,16525461.0,0,0,,no_minute_file
OOMA,2025-09-02,13,2,183,1,1,1,12.92,1912153.0,1,0,09:30,intra_session_sparse
OPAD,2025-09-02,13,0,376,1,1,1,5.15,82441013.0,1,1,04:00,intra_session_sparse
OPCH,2025-09-02,13,13,0,0,0,0,28.68,50466443.0,0,0,,no_minute_file
OPEN,2025-09-02,13,0,376,1,1,1,4.465,1125352720.0,1,1,04:00,intra_session_sparse
OPFI,2025-09-02,13,0,280,1,1,1,10.21,13245235.0,1,1,04:00,intra_session_sparse
OPK,2025-09-02,13,0,366,1,1,1,1.38,3125646.0,1,1,07:00,intra_session_sparse
OPRT,2025-09-02,13,0,233,1,1,1,6.61,3714092.0,1,1,09:30,intra_session_sparse
OPRX,2025-09-02,13,1,252,1,1,1,18.07,7916414.0,1,1,04:04,intra_session_sparse
OPTU,2025-09-02,13,0,356,1,1,1,2.34,6341149.0,1,1,05:11,intra_session_sparse
OPTX,2025-09-02,13,13,0,1,0,0,1.6,76506.0,1,0,,no_session_bars_has_month_file
ORBS,2025-09-02,13,13,0,1,0,0,1.51,66500.0,1,0,,no_session_bars_has_month_file
ORC,2025-09-02,13,0,374,1,1,1,7.06,28437139.0,1,1,04:00,intra_session_sparse
ORGN,2025-09-02,13,0,165,1,1,1,16.04,1220842.0,1,0,07:26,intra_session_sparse
ORGO,2025-09-02,13,0,299,1,1,1,5.15,3046524.0,1,1,04:31,intra_session_sparse
ORIC,2025-09-02,13,0,296,1,1,1,10.23,7351211.0,1,1,09:30,intra_session_sparse
ORIQ,2025-09-02,13,13,0,0,0,0,,,0,0,,no_daily_history
ORIS,2025-09-02,13,0,352,1,1,1,2.234,9144459.0,1,1,04:00,intra_session_sparse
ORKA,2025-09-02,13,1,93,1,1,1,14.79,2131499.0,1,1,08:21,intra_session_sparse
ORKT,2025-09-02,13,13,0,0,0,0,2.8,82473.0,0,0,,no_minute_file
ORLA,2025-09-02,13,0,367,1,1,1,11.06,13598011.0,1,1,04:00,intra_session_sparse
ORN,2025-09-02,13,0,193,1,1,1,7.4,2985232.0,1,1,08:14,intra_session_sparse
OSBC,2025-09-02,13,0,223,1,1,1,18.46,3059862.0,1,1,09:30,intra_session_sparse
OSCR,2025-09-02,13,0,376,1,1,1,16.66,284255199.0,1,1,04:00,intra_session_sparse
OSG,2025-09-02,13,1,249,1,1,1,9.03,6509910.0,1,1,04:00,intra_session_sparse
OSPN,2025-09-02,13,0,306,1,1,1,15.125,6891600.0,1,1,04:45,intra_session_sparse
OSS,2025-09-02,13,0,228,1,1,1,5.95,3621824.0,1,1,04:04,intra_session_sparse
OSUR,2025-09-02,13,0,228,1,1,1,3.31,1903928.0,1,0,09:30,intra_session_sparse
OSW,2025-09-02,13,13,0,0,0,0,22.57,10605488.0,0,0,,no_minute_file
OTF,2025-09-02,13,1,71,1,1,1,14.9,2041838.0,1,1,09:30,intra_session_sparse
OTGA,2025-09-02,13,13,0,0,0,0,,,0,0,,no_daily_history
OTLK,2025-09-02,13,13,0,1,0,0,0.851,11388936.0,1,0,,no_session_bars_has_month_file
OUST,2025-09-02,13,13,0,0,0,0,28.52,85108044.0,0,0,,no_minute_file
OUT,2025-09-02,13,0,349,1,1,1,18.68,31127001.0,1,1,09:29,intra_session_sparse
OVID,2025-09-02,13,0,208,1,1,1,1.28,1778868.0,1,0,04:19,intra_session_sparse
OWL,2025-09-02,13,0,374,1,1,1,18.52,114311500.0,1,1,04:00,intra_session_sparse
OWLS,2025-09-02,13,13,0,0,0,0,,,0,0,,no_daily_history
OWLT,2025-09-02,13,2,45,1,1,1,7.53,763827.0,1,0,09:30,intra_session_sparse
OXBR,2025-09-02,13,13,0,0,0,0,2.15,94214.0,0,0,,no_minute_file
OXLC,2025-09-02,13,0,351,1,1,1,18.75,22066905.0,1,1,04:00,intra_session_sparse
OXSQ,2025-09-02,13,0,254,1,1,1,2.19,1560324.0,1,0,06:55,intra_session_sparse
PACB,2025-09-02,13,0,330,1,1,1,1.31,9278234.0,1,1,04:06,intra_session_sparse
PACH,2025-09-02,13,13,0,1,0,0,9.955,2671377.0,1,1,,no_session_bars_has_month_file
PACK,2025-09-02,13,0,349,1,1,1,5.28,6390251.0,1,1,05:57,intra_session_sparse
PACS,2025-09-02,13,2,171,1,1,1,11.64,4742994.0,1,1,08:13,intra_session_sparse
PAGS,2025-09-02,13,0,356,1,1,1,8.96,41658552.0,1,1,04:03,intra_session_sparse
PAII,2025-09-02,13,13,0,0,0,0,,,0,0,,no_daily_history
PAL,2025-09-02,13,2,118,1,1,1,7.9,1390357.0,1,0,09:30,intra_session_sparse
PALI,2025-09-02,13,13,0,0,0,0,0.676,4571566.0,0,0,,no_minute_file
PANL,2025-09-02,13,0,141,1,1,1,5.33,1128105.0,1,0,09:22,intra_session_sparse
PAPL,2025-09-02,13,0,142,1,1,1,4.02,19511747.0,1,1,05:45,intra_session_sparse
PAR,2025-09-02,13,13,0,0,0,0,51.18,57823259.0,0,0,,no_minute_file
PASW,2025-09-02,13,2,134,1,1,1,1.15,666892.0,1,0,04:09,intra_session_sparse
PATH,2025-09-02,13,0,375,1,1,1,11.12,104614213.0,1,1,04:00,intra_session_sparse
PAVM,2025-09-02,13,13,0,0,0,0,14.55,156036.0,0,0,,no_minute_file
PAVS,2025-09-02,13,13,0,0,0,0,859.08,3009.0,0,0,,no_minute_file
PAX,2025-09-02,13,0,297,1,1,1,13.535,6172893.0,1,1,09:25,intra_session_sparse
PAYO,2025-09-02,13,0,369,1,1,1,6.95,27038458.0,1,1,04:00,intra_session_sparse
PAYP,2025-09-02,13,13,0,0,0,0,,,0,0,,no_daily_history
PAYS,2025-09-02,13,0,262,1,1,1,5.18,4614677.0,1,1,04:13,intra_session_sparse
PBI,2025-09-02,13,0,342,1,1,1,12.12,43968954.0,1,1,09:30,intra_session_sparse
PBK,2025-09-02,13,1,158,1,1,1,1.98,1130708.0,1,0,06:54,intra_session_sparse
PBM,2025-09-02,13,2,53,1,1,1,17.56,13598113.0,1,1,04:06,intra_session_sparse
PBR,2025-09-02,13,0,374,1,1,1,12.4,279646307.0,1,1,04:00,intra_session_sparse
PBR.A,2025-09-02,13,0,345,1,1,1,11.47,71377258.0,1,1,04:02,intra_session_sparse
PBYI,2025-09-02,13,0,300,1,1,1,5.04,4719864.0,1,1,04:03,intra_session_sparse
PC,2025-09-02,13,2,15,1,1,1,6.84,596787.0,1,0,09:23,intra_session_sparse
PCG,2025-09-02,13,0,376,1,1,1,15.28,394940734.0,1,1,04:04,intra_session_sparse
PCRX,2025-09-02,13,13,0,0,0,0,26.67,19526509.0,0,0,,no_minute_file
PCSA,2025-09-02,13,0,196,1,1,1,4.725,1171664.0,1,0,04:00,intra_session_sparse
PCSC,2025-09-02,13,13,0,0,0,0,10.579,12673.0,0,0,,no_minute_file
PCT,2025-09-02,13,0,361,1,1,1,14.29,39627645.0,1,1,04:04,intra_session_sparse
PD,2025-09-02,13,0,372,1,1,1,16.74,36939790.0,1,1,04:00,intra_session_sparse
PDFS,2025-09-02,13,0,235,1,1,1,20.45,6702105.0,1,0,04:38,intra_session_sparse
PDYN,2025-09-02,13,0,322,1,1,1,7.56,13493630.0,1,1,04:06,intra_session_sparse
PENG,2025-09-02,13,13,0,0,0,0,24.13,16654216.0,0,0,,no_minute_file
PENN,2025-09-02,13,0,373,1,1,1,20.23,70963631.0,1,0,08:03,intra_session_sparse
PEPG,2025-09-02,13,0,126,1,1,1,1.16,442228.0,1,0,05:33,intra_session_sparse
PERI,2025-09-02,13,0,207,1,1,1,9.23,4142377.0,1,1,07:10,intra_session_sparse
PESI,2025-09-02,13,0,132,1,1,1,11.89,1155822.0,1,0,06:59,intra_session_sparse
PETS,2025-09-02,13,1,61,1,1,1,3.07,370838.0,1,0,09:21,intra_session_sparse
PEW,2025-09-02,13,0,253,1,1,1,5.32,8550919.0,1,1,07:27,intra_session_sparse
PFAI,2025-09-02,13,13,0,1,0,0,1.818,32377.0,1,0,,no_session_bars_has_month_file
PFLT,2025-09-02,13,0,298,1,1,1,10.27,8871489.0,1,1,06:50,intra_session_sparse
PFS,2025-09-02,13,0,219,1,1,1,19.84,10747180.0,1,1,09:17,intra_session_sparse
PFSA,2025-09-02,13,13,0,1,0,0,30.75,2936574.0,1,0,,no_session_bars_has_month_file
PGEN,2025-09-02,13,0,376,1,1,1,4.51,55700025.0,1,1,04:04,intra_session_sparse
PGNY,2025-09-02,13,13,0,0,0,0,23.67,26327728.0,0,0,,no_minute_file
PGY,2025-09-02,13,13,0,0,0,0,36.88,138343948.0,0,0,,no_minute_file
PHAT,2025-09-02,13,0,333,1,1,1,12.18,11898959.0,1,1,04:44,intra_session_sparse
PHGE,2025-09-02,13,2,101,1,1,1,10.25,7753432.0,1,1,04:02,intra_session_sparse
PHI,2025-09-02,13,2,178,1,1,1,20.48,1895996.0,1,0,08:00,intra_session_sparse
PHIO,2025-09-02,13,2,44,1,1,1,1.97,286034.0,1,0,07:11,intra_session_sparse
PHOE,2025-09-02,13,13,0,0,0,0,7.815,142932.0,0,0,,no_minute_file
PHR,2025-09-02,13,13,0,0,0,0,31.66,22801291.0,0,0,,no_minute_file
PICS,2025-09-02,13,13,0,0,0,0,,,0,0,,no_daily_history
PIII,2025-09-02,13,13,0,0,0,0,8.33,55866.0,0,0,,no_minute_file
PINS,2025-09-02,13,13,0,0,0,0,36.63,407803480.0,0,0,,no_minute_file
PK,2025-09-02,13,0,362,1,1,1,11.76,40916966.0,1,1,04:00,intra_session_sparse
PKE,2025-09-02,13,2,162,1,1,1,18.74,2115326.0,1,1,09:30,intra_session_sparse
PL,2025-09-02,13,0,376,1,1,1,7.09,37597347.0,1,1,04:00,intra_session_sparse
PLAY,2025-09-02,13,13,0,1,0,0,25.67,19615603.0,1,0,,no_session_bars_has_month_file
PLBY,2025-09-02,13,1,144,1,1,1,1.64,466033.0,1,0,06:15,intra_session_sparse
PLCE,2025-09-02,13,0,243,1,1,1,5.07,2115111.0,1,1,04:58,intra_session_sparse
PLG,2025-09-02,13,0,320,1,1,1,1.6,827478.0,1,0,04:00,intra_session_sparse
PLGO,2025-09-02,13,0,317,1,1,1,17.48,11949008.0,1,1,04:00,intra_session_sparse
PLRX,2025-09-02,13,2,174,1,1,1,1.64,1576604.0,1,0,09:30,intra_session_sparse
PLRZ,2025-09-02,13,2,91,1,1,1,6.54,659367.0,1,0,05:51,intra_session_sparse
PLSE,2025-09-02,13,2,100,1,1,1,15.54,2643561.0,1,1,07:00,intra_session_sparse
PLTK,2025-09-02,13,0,371,1,1,1,3.71,7671371.0,1,1,04:05,intra_session_sparse
PLTS,2025-09-02,13,13,0,0,0,0,,,0,0,,no_daily_history
PLUG,2025-09-02,13,0,376,1,1,1,1.57,68184499.0,1,1,04:00,intra_session_sparse
PLX,2025-09-02,13,1,223,1,1,1,1.55,917697.0,1,0,06:14,intra_session_sparse
PLYX,2025-09-02,13,13,0,0,0,0,,,0,0,,no_daily_history
PMAX,2025-09-02,13,13,0,0,0,0,25.22,432757.0,0,0,,no_minute_file
PMI,2025-09-02,13,13,0,1,0,0,4.59,29099356.0,1,1,,no_session_bars_has_month_file
PMN,2025-09-02,13,0,93,1,1,1,13.5,384001.0,1,0,04:02,intra_session_sparse
PMVP,2025-09-02,13,2,140,1,1,1,1.4,515491.0,1,0,07:55,intra_session_sparse
PN,2025-09-02,13,2,11,1,1,1,18.53,486286.0,1,0,08:47,intra_session_sparse
PNNT,2025-09-02,13,0,259,1,1,1,7.17,3439471.0,1,1,04:00,intra_session_sparse
POAS,2025-09-02,13,13,0,0,0,0,,,0,0,,no_daily_history
POET,2025-09-02,13,0,324,1,1,1,5.36,7725429.0,1,1,04:00,intra_session_sparse
POLA,2025-09-02,13,13,0,1,0,0,2.06,44481.0,1,0,,no_session_bars_has_month_file
PONO,2025-09-02,13,13,0,0,0,0,,,0,0,,no_daily_history
PPHC,2025-09-02,13,13,0,0,0,0,,,0,0,,no_daily_history
PPSI,2025-09-02,13,2,59,1,1,1,3.79,22220158.0,1,1,04:00,intra_session_sparse
PPTA,2025-09-02,13,0,370,1,1,1,18.87,31812771.0,1,1,04:22,intra_session_sparse
PR,2025-09-02,13,0,376,1,1,1,14.29,138584937.0,1,1,07:00,intra_session_sparse
PRAA,2025-09-02,13,2,121,1,1,1,17.09,4804997.0,1,1,09:30,intra_session_sparse
PRCH,2025-09-02,13,0,373,1,1,1,16.97,33193171.0,1,1,04:03,intra_session_sparse
PRE,2025-09-02,13,2,53,1,1,1,7.615,243324.0,1,0,09:26,intra_session_sparse
PRFX,2025-09-02,13,0,64,1,1,1,7.25,20257295.0,1,1,07:00,intra_session_sparse
PRGO,2025-09-02,13,13,0,0,0,0,23.74,47849782.0,0,0,,no_minute_file
PRHI,2025-09-02,13,13,0,1,0,0,5.492,8456.0,1,0,,no_session_bars_has_month_file
PRLD,2025-09-02,13,2,36,1,1,1,1.21,237586.0,1,0,05:50,intra_session_sparse
PRMB,2025-09-02,13,13,0,0,0,0,25.11,177581219.0,0,0,,no_minute_file
PRME,2025-09-02,13,0,370,1,1,1,3.24,12915664.0,1,1,04:00,intra_session_sparse
PROF,2025-09-02,13,2,56,1,1,1,4.47,763097.0,1,0,04:00,intra_session_sparse
PROK,2025-09-02,13,0,297,1,1,1,2.36,5929196.0,1,1,04:02,intra_session_sparse
PROP,2025-09-02,13,0,327,1,1,1,2.55,7365703.0,1,1,04:00,intra_session_sparse
PRSO,2025-09-02,13,13,0,1,0,0,0.87,78357.0,1,0,,no_session_bars_has_month_file
PRTA,2025-09-02,13,1,323,1,1,1,8.2,9521079.0,1,1,08:02,intra_session_sparse
PRTH,2025-09-02,13,0,185,1,1,1,8.37,4231320.0,1,1,08:16,intra_session_sparse
PRZO,2025-09-02,13,1,184,1,1,1,1.41,1087371.0,1,0,04:18,intra_session_sparse
PSEC,2025-09-02,13,0,372,1,1,1,2.98,12368694.0,1,1,04:00,intra_session_sparse
PSFE,2025-09-02,13,0,147,1,1,1,14.11,4911180.0,1,1,09:30,intra_session_sparse
PSIG,2025-09-02,13,13,0,1,0,0,3.654,177494.0,1,0,,no_session_bars_has_month_file
PSKY,2025-09-02,13,13,0,1,0,0,14.7,382150486.0,1,1,,no_session_bars_has_month_file
PSNL,2025-09-02,13,0,306,1,1,1,4.89,5015713.0,1,1,07:00,intra_session_sparse
PSNY,2025-09-02,13,13,0,0,0,0,41.1,5212534.0,0,0,,no_minute_file
PSNYW,2025-09-02,13,0,238,1,1,1,9.225,3128683.0,1,1,04:00,intra_session_sparse
PSO,2025-09-02,13,0,244,1,1,1,14.57,8510056.0,1,1,04:14,intra_session_sparse
PSQH,2025-09-02,13,0,261,1,1,1,1.66,2253146.0,1,1,07:00,intra_session_sparse
PSTV,2025-09-02,13,0,308,1,1,1,11.4,8200290.0,1,1,04:00,intra_session_sparse
PTEN,2025-09-02,13,0,367,1,1,1,5.81,42647085.0,1,1,04:00,intra_session_sparse
PTLE,2025-09-02,13,13,0,1,0,0,13.55,160309.0,1,0,,no_session_bars_has_month_file
PTLO,2025-09-02,13,0,366,1,1,1,7.08,31977706.0,1,1,04:00,intra_session_sparse
PTN,2025-09-02,13,13,0,0,0,0,,,0,0,,no_daily_history
PTNM,2025-09-02,13,0,185,1,1,1,1.78,5510939.0,1,1,04:01,intra_session_sparse
PTON,2025-09-02,13,0,376,1,1,1,7.6,111153352.0,1,1,04:01,intra_session_sparse
PTRN,2025-09-02,13,13,0,0,0,0,,,0,0,,no_daily_history
PUBM,2025-09-02,13,0,289,1,1,1,8.68,8248128.0,1,1,08:11,intra_session_sparse
PUMP,2025-09-02,13,0,330,1,1,1,5.1,9216236.0,1,1,09:30,intra_session_sparse
PURR,2025-09-02,13,13,0,0,0,0,,,0,0,,no_daily_history
PUSA,2025-09-02,13,2,138,1,1,1,4.34,1369329.0,1,0,04:05,intra_session_sparse
PWP,2025-09-02,13,13,0,0,0,0,22.13,26313110.0,0,0,,no_minute_file
PXLW,2025-09-02,13,0,116,1,1,1,8.62,848835.0,1,0,09:07,intra_session_sparse
PYXS,2025-09-02,13,1,130,1,1,1,1.28,573068.0,1,0,06:56,intra_session_sparse
PZG,2025-09-02,13,0,279,1,1,1,1.02,580123.0,1,0,04:04,intra_session_sparse
QBTS,2025-09-02,13,0,376,1,1,1,15.62,632871324.0,1,1,04:00,intra_session_sparse
QCLS,2025-09-02,13,0,327,1,1,1,4.83,6865822.0,1,1,09:00,intra_session_sparse
QDEL,2025-09-02,13,13,0,0,0,0,28.69,35650282.0,0,0,,no_minute_file
QH,2025-09-02,13,2,54,1,1,1,4.76,854696.0,1,0,07:48,intra_session_sparse
QMCO,2025-09-02,13,0,174,1,1,1,7.43,3749597.0,1,1,04:12,intra_session_sparse
QNC,2025-09-02,13,13,0,0,0,0,,,0,0,,no_daily_history
QNCX,2025-09-02,13,1,61,1,1,1,16.0,340666.0,1,0,07:00,intra_session_sparse
QNST,2025-09-02,13,2,277,1,1,1,15.68,9770871.0,1,1,09:30,intra_session_sparse
QNTM,2025-09-02,13,2,108,1,1,1,16.85,4037717.0,1,1,08:27,intra_session_sparse
QRED,2025-09-02,13,13,0,0,0,0,,,0,0,,no_daily_history
QS,2025-09-02,13,0,376,1,1,1,7.93,187542676.0,1,1,04:00,intra_session_sparse
QSI,2025-09-02,13,0,358,1,1,1,1.12,7900139.0,1,1,04:00,intra_session_sparse
QTRX,2025-09-02,13,1,271,1,1,1,4.55,3988034.0,1,1,08:35,intra_session_sparse
QTTB,2025-09-02,13,1,70,1,1,1,1.71,240489.0,1,0,08:00,intra_session_sparse
QUAD,2025-09-02,13,0,234,1,1,1,6.66,2164352.0,1,1,08:43,intra_session_sparse
QUBT,2025-09-02,13,0,376,1,1,1,15.78,251193746.0,1,1,04:00,intra_session_sparse
QUCY,2025-09-02,13,2,51,1,1,1,1.68,236328.0,1,0,07:14,intra_session_sparse
QUIK,2025-09-02,13,0,219,1,1,1,5.13,1349630.0,1,0,04:13,intra_session_sparse
QUMS,2025-09-02,13,13,0,0,0,0,,,0,0,,no_daily_history
QURE,2025-09-02,13,0,336,1,1,1,16.33,12305985.0,1,1,08:15,intra_session_sparse
QXO,2025-09-02,13,13,0,1,0,0,20.13,152270062.0,1,0,,no_session_bars_has_month_file
RAAQ,2025-09-02,13,13,0,1,0,0,10.12,563339.0,1,0,,no_session_bars_has_month_file
RAIL,2025-09-02,13,0,211,1,1,1,8.54,2073029.0,1,1,09:30,intra_session_sparse
RANI,2025-09-02,13,13,0,0,0,0,0.51,381723.0,0,0,,no_minute_file
RAPP,2025-09-02,13,0,275,1,1,1,17.63,3035768.0,1,1,05:21,intra_session_sparse
RARE,2025-09-02,13,13,0,0,0,0,29.96,42537557.0,0,0,,no_minute_file
RAY,2025-09-02,13,0,366,1,1,1,13.58,23413471.0,1,1,04:00,intra_session_sparse
RAYA,2025-09-02,13,13,0,0,0,0,102.3,3900891.0,0,0,,no_minute_file
RBBN,2025-09-02,13,0,293,1,1,1,4.08,1896332.0,1,0,08:45,intra_session_sparse
RBNE,2025-09-02,13,2,83,1,1,1,9.85,534934.0,1,0,05:11,intra_session_sparse
RC,2025-09-02,13,0,349,1,1,1,4.26,8766015.0,1,1,08:00,intra_session_sparse
RCAT,2025-09-02,13,0,376,1,1,1,8.94,70549934.0,1,1,04:00,intra_session_sparse
RCEL,2025-09-02,13,2,218,1,1,1,4.34,2246379.0,1,1,04:03,intra_session_sparse
RCKT,2025-09-02,13,0,364,1,1,1,3.28,21128005.0,1,1,04:02,intra_session_sparse
RCON,2025-09-02,13,0,54,1,1,1,2.11,327395.0,1,0,07:59,intra_session_sparse
RCT,2025-09-02,13,1,158,1,1,1,1.69,201623.0,1,0,08:00,intra_session_sparse
RCUS,2025-09-02,13,0,268,1,1,1,10.59,7400385.0,1,1,07:00,intra_session_sparse
RDAC,2025-09-02,13,13,0,0,0,0,10.36,1238.0,0,0,,no_minute_file
RDAG,2025-09-02,13,8,8,1,1,1,10.22,970889.0,1,0,09:37,intra_session_sparse
RDCM,2025-09-02,13,2,37,1,1,1,13.23,809740.0,1,0,08:15,intra_session_sparse
RDGT,2025-09-02,13,13,0,0,0,0,184.49,10980.0,0,0,,no_minute_file
RDNW,2025-09-02,13,2,69,1,1,1,3.87,6884246.0,1,1,04:00,intra_session_sparse
RDW,2025-09-02,13,0,374,1,1,1,8.91,51792005.0,1,1,04:00,intra_session_sparse
REA,2025-09-02,13,13,0,0,0,0,,,0,0,,no_daily_history
REAL,2025-09-02,13,0,370,1,1,1,7.63,33172495.0,1,1,06:22,intra_session_sparse
REAX,2025-09-02,13,0,351,1,1,1,5.38,10932044.0,1,1,04:10,intra_session_sparse
RECT,2025-09-02,13,13,0,0,0,0,4.51,6995.0,0,0,,no_minute_file
REFI,2025-09-02,13,1,120,1,1,1,14.24,1290497.0,1,0,09:30,intra_session_sparse
REI,2025-09-02,13,0,293,1,1,1,1.09,3142818.0,1,1,04:17,intra_session_sparse
REKR,2025-09-02,13,0,227,1,1,1,1.12,2132951.0,1,1,04:01,intra_session_sparse
RELL,2025-09-02,13,2,24,1,1,1,9.83,403949.0,1,0,08:00,intra_session_sparse
RELY,2025-09-02,13,0,371,1,1,1,18.53,82012728.0,1,1,04:00,intra_session_sparse
RENT,2025-09-02,13,2,32,1,1,1,5.47,818356.0,1,0,09:30,intra_session_sparse
RENX,2025-09-02,13,13,0,0,0,0,23.0,1925868.0,0,0,,no_minute_file
REPL,2025-09-02,13,0,369,1,1,1,5.4,25216215.0,1,1,04:02,intra_session_sparse
RES,2025-09-02,13,0,300,1,1,1,4.77,7550398.0,1,1,06:41,intra_session_sparse
RETO,2025-09-02,13,13,0,0,0,0,38.0,29621.0,0,0,,no_minute_file
REVB,2025-09-02,13,2,30,1,1,1,11.04,231799.0,1,0,08:00,intra_session_sparse
RFIL,2025-09-02,13,2,166,1,1,1,7.015,871302.0,1,0,09:30,intra_session_sparse
RGNX,2025-09-02,13,0,253,1,1,1,8.93,5875818.0,1,1,08:00,intra_session_sparse
RGP,2025-09-02,13,0,189,1,1,1,5.11,1265486.0,1,0,07:15,intra_session_sparse
RGTI,2025-09-02,13,0,376,1,1,1,16.23,649385695.0,1,1,04:00,intra_session_sparse
RIG,2025-09-02,13,0,376,1,1,1,3.03,66127995.0,1,1,04:00,intra_session_sparse
RILY,2025-09-02,13,0,279,1,1,1,5.505,7499056.0,1,1,08:00,intra_session_sparse
RIME,2025-09-02,13,2,80,1,1,1,2.22,1528396.0,1,0,04:13,intra_session_sparse
RIOT,2025-09-02,13,0,376,1,1,1,13.76,392425814.0,1,1,04:00,intra_session_sparse
RITM,2025-09-02,13,0,372,1,1,1,12.38,62002791.0,1,1,04:00,intra_session_sparse
RITR,2025-09-02,13,2,82,1,1,1,4.61,968270.0,1,0,09:28,intra_session_sparse
RIVN,2025-09-02,13,0,376,1,1,1,13.57,550640806.0,1,1,04:00,intra_session_sparse
RJET,2025-09-02,13,13,0,0,0,0,18.6,104101.0,0,0,,no_minute_file
RKDA,2025-09-02,13,13,0,0,0,0,3.857,19609.0,0,0,,no_minute_file
RKT,2025-09-02,13,0,376,1,1,1,17.77,344929336.0,1,1,04:00,intra_session_sparse
RKTO,2025-09-02,13,0,375,1,1,1,1.16,243277.0,1,0,04:00,intra_session_sparse
RLAY,2025-09-02,13,0,317,1,1,1,3.59,5011013.0,1,1,04:13,intra_session_sparse
RLGT,2025-09-02,13,2,68,1,1,1,6.47,501348.0,1,0,08:18,intra_session_sparse
RLMD,2025-09-02,13,0,369,1,1,1,1.12,1106366.0,1,0,04:00,intra_session_sparse
RLYB,2025-09-02,13,2,69,1,1,1,4.293,233478.0,1,0,08:00,intra_session_sparse
RMAX,2025-09-02,13,1,140,1,1,1,9.42,2379980.0,1,1,07:00,intra_session_sparse
RMIX,2025-09-02,13,0,8,1,1,1,11.22,519262.0,1,0,09:45,intra_session_sparse
RMR,2025-09-02,13,1,84,1,1,1,16.88,1565762.0,1,0,09:30,intra_session_sparse
RMSG,2025-09-02,13,2,48,1,1,1,2.8,6044619.0,1,1,09:30,intra_session_sparse
RMTI,2025-09-02,13,0,369,1,1,1,1.71,2560665.0,1,1,04:00,intra_session_sparse
RNA,2025-09-02,13,13,0,0,0,0,46.58,155847220.0,0,0,,no_minute_file
RNAC,2025-09-02,13,2,75,1,1,1,10.05,537732.0,1,0,09:30,intra_session_sparse
RNAZ,2025-09-02,13,13,0,0,0,0,9.73,182788.0,0,0,,no_minute_file
RNGR,2025-09-02,13,0,96,1,1,1,14.27,1900574.0,1,0,09:30,intra_session_sparse
RNGT,2025-09-02,13,13,0,0,0,0,,,0,0,,no_daily_history
RNTX,2025-09-02,13,13,0,1,0,0,1.39,107039.0,1,0,,no_session_bars_has_month_file
RNW,2025-09-02,13,0,269,1,1,1,7.61,5859314.0,1,1,09:30,intra_session_sparse
ROC,2025-09-02,13,13,0,0,0,0,,,0,0,,no_daily_history
ROIV,2025-09-02,13,0,374,1,1,1,11.93,54794230.0,1,1,05:03,intra_session_sparse
ROLR,2025-09-02,13,13,0,0,0,0,2.6,54859.0,0,0,,no_minute_file
ROMA,2025-09-02,13,13,0,1,0,0,2.22,112011.0,1,0,,no_session_bars_has_month_file
RPAY,2025-09-02,13,2,220,1,1,1,5.92,5617740.0,1,1,08:12,intra_session_sparse
RPC,2025-09-02,13,2,181,1,1,1,12.34,6007777.0,1,1,04:00,intra_session_sparse
RPD,2025-09-02,13,13,0,1,0,0,20.71,19870947.0,1,0,,no_session_bars_has_month_file
RPGL,2025-09-02,13,13,0,0,0,0,,,0,0,,no_daily_history
RR,2025-09-02,13,0,376,1,1,1,3.045,72064382.0,1,1,04:00,intra_session_sparse
RRGB,2025-09-02,13,0,166,1,1,1,6.48,2242849.0,1,1,04:13,intra_session_sparse
RSI,2025-09-02,13,13,0,0,0,0,22.3,30620566.0,0,0,,no_minute_file
RSKD,2025-09-02,13,0,225,1,1,1,4.77,4241520.0,1,1,09:30,intra_session_sparse
RTAC,2025-09-02,13,1,86,1,1,1,10.72,3703952.0,1,1,09:23,intra_session_sparse
RTB,2025-09-02,13,2,154,1,1,1,10.49,2206391.0,1,1,04:01,intra_session_sparse
RUBI,2025-09-02,13,13,0,0,0,0,6318.0,1894157.0,0,0,,no_minute_file
RUM,2025-09-02,13,0,358,1,1,1,7.29,21599230.0,1,1,04:00,intra_session_sparse
RUN,2025-09-02,13,0,376,1,1,1,15.97,262375183.0,1,1,04:00,intra_session_sparse
RVLV,2025-09-02,13,13,0,0,0,0,22.37,30383712.0,0,0,,no_minute_file
RVSN,2025-09-02,13,0,160,1,1,1,12.0,708897.0,1,0,04:00,intra_session_sparse
RWAY,2025-09-02,13,1,211,1,1,1,10.89,2844968.0,1,1,08:19,intra_session_sparse
RXO,2025-09-02,13,0,320,1,1,1,16.33,31354969.0,1,1,04:19,intra_session_sparse
RXRX,2025-09-02,13,0,376,1,1,1,4.7,92562603.0,1,1,04:00,intra_session_sparse
RXST,2025-09-02,13,0,288,1,1,1,9.04,10310836.0,1,1,04:00,intra_session_sparse
RXT,2025-09-02,13,0,349,1,1,1,1.26,940496.0,1,0,09:07,intra_session_sparse
RYAM,2025-09-02,13,0,328,1,1,1,5.57,3935032.0,1,1,07:00,intra_session_sparse
RYN,2025-09-02,13,13,0,0,0,0,26.28,27307945.0,0,0,,no_minute_file
RYOJ,2025-09-02,13,13,0,1,0,0,2.14,367914.0,1,0,,no_session_bars_has_month_file
RYZ,2025-09-02,13,13,0,0,0,0,22.8,4534066.0,0,0,,no_minute_file
RZLT,2025-09-02,13,0,340,1,1,1,7.12,4839129.0,1,1,06:09,intra_session_sparse
RZLV,2025-09-02,13,0,376,1,1,1,3.74,32320898.0,1,1,04:00,intra_session_sparse
S,2025-09-02,13,0,376,1,1,1,18.86,117707789.0,1,1,04:10,intra_session_sparse
SA,2025-09-02,13,0,350,1,1,1,17.44,13743573.0,1,1,04:01,intra_session_sparse
SABR,2025-09-02,13,0,374,1,1,1,1.79,23455583.0,1,1,04:00,intra_session_sparse
SABS,2025-09-02,13,13,0,1,0,0,2.08,199689.0,1,0,,no_session_bars_has_month_file
SAFE,2025-09-02,13,1,204,1,1,1,16.46,6736560.0,1,1,04:06,intra_session_sparse
SAFX,2025-09-02,13,0,227,1,1,1,1.45,749793.0,1,0,04:04,intra_session_sparse
SAGT,2025-09-02,13,1,97,1,1,1,1.979,348315.0,1,0,07:47,intra_session_sparse
SAIL,2025-09-02,13,13,0,1,0,0,20.64,43215065.0,1,0,,no_session_bars_has_month_file
SAN,2025-09-02,13,0,369,1,1,1,9.53,37607413.0,1,1,04:00,intra_session_sparse
SANA,2025-09-02,13,0,376,1,1,1,3.06,20323444.0,1,1,04:14,intra_session_sparse
SATL,2025-09-02,13,0,330,1,1,1,3.73,5213170.0,1,1,04:04,intra_session_sparse
SB,2025-09-02,13,1,261,1,1,1,4.25,1533693.0,1,0,08:22,intra_session_sparse
SBET,2025-09-02,13,0,376,1,1,1,17.82,1011918523.0,1,1,04:00,intra_session_sparse
SBEV,2025-09-02,13,2,36,1,1,1,1.675,2422237.0,1,1,09:01,intra_session_sparse
SBFM,2025-09-02,13,13,0,0,0,0,14.4,63228.0,0,0,,no_minute_file
SBGI,2025-09-02,13,1,158,1,1,1,14.47,9649272.0,1,1,09:30,intra_session_sparse
SBH,2025-09-02,13,0,365,1,1,1,13.86,29436989.0,1,1,09:30,intra_session_sparse
SBLK,2025-09-02,13,0,303,1,1,1,18.65,19630670.0,1,1,04:00,intra_session_sparse
SBMT,2025-09-02,13,13,0,0,0,0,,,0,0,,no_daily_history
SBRA,2025-09-02,13,0,373,1,1,1,19.11,51618690.0,1,1,09:30,intra_session_sparse
SBS,2025-09-02,13,0,363,1,1,1,4.53,23898771.0,1,1,08:00,intra_session_sparse
SCII,2025-09-02,13,13,0,0,0,0,,,0,0,,no_daily_history
SCLX,2025-09-02,13,0,120,1,1,1,17.84,4534709.0,1,1,09:30,intra_session_sparse
SCM,2025-09-02,13,0,91,1,1,1,14.53,2173700.0,1,1,07:50,intra_session_sparse
SCNX,2025-09-02,13,13,0,0,0,0,0.975,568946.0,0,0,,no_minute_file
SCVL,2025-09-02,13,13,0,0,0,0,20.9,7428504.0,0,0,,no_minute_file
SCWO,2025-09-02,13,2,254,1,1,1,3.571,290692.0,1,0,04:10,intra_session_sparse
SCZM,2025-09-02,13,13,0,0,0,0,,,0,0,,no_daily_history
SD,2025-09-02,13,0,193,1,1,1,11.84,3461296.0,1,1,09:30,intra_session_sparse
SDEV,2025-09-02,13,0,371,1,1,1,8.9,23097505.0,1,1,04:00,intra_session_sparse
SDGR,2025-09-02,13,0,306,1,1,1,19.54,27011091.0,1,1,04:03,intra_session_sparse
SDHC,2025-09-02,13,1,69,1,1,1,19.61,1281709.0,1,0,09:30,intra_session_sparse
SDOT,2025-09-02,13,13,0,0,0,0,184.5,138526.0,0,0,,no_minute_file
SDST,2025-09-02,13,0,137,1,1,1,4.016,432737.0,1,0,04:00,intra_session_sparse
SEAT,2025-09-02,13,0,130,1,1,1,17.75,5567810.0,1,1,09:30,intra_session_sparse
SEED,2025-09-02,13,13,0,0,0,0,1.17,56336.0,0,0,,no_minute_file
SEG,2025-09-02,13,13,0,0,0,0,24.96,3288555.0,0,0,,no_minute_file
SEGG,2025-09-02,13,0,111,1,1,1,5.0,636449.0,1,0,04:02,intra_session_sparse
SELX,2025-09-02,13,13,0,0,0,0,1.1,8787.0,0,0,,no_minute_file
SEM,2025-09-02,13,1,282,1,1,1,13.01,14105442.0,1,1,09:30,intra_session_sparse
SENS,2025-09-02,13,0,356,1,1,1,9.19,2239435.0,1,1,04:00,intra_session_sparse
SEPN,2025-09-02,13,2,107,1,1,1,12.1,2707844.0,1,1,08:07,intra_session_sparse
SER,2025-09-02,13,0,71,1,1,1,5.32,1751979.0,1,0,08:04,intra_session_sparse
SERV,2025-09-02,13,0,376,1,1,1,11.1,63903528.0,1,1,04:00,intra_session_sparse
SES,2025-09-02,13,0,306,1,1,1,1.09,6255148.0,1,1,04:02,intra_session_sparse
SEV,2025-09-02,13,13,0,0,0,0,,,0,0,,no_daily_history
SFIX,2025-09-02,13,0,361,1,1,1,5.29,10009412.0,1,1,07:00,intra_session_sparse
SFL,2025-09-02,13,0,321,1,1,1,8.13,14380832.0,1,1,08:00,intra_session_sparse
SFNC,2025-09-02,13,13,0,1,0,0,20.78,18356154.0,1,0,,no_session_bars_has_month_file
SG,2025-09-02,13,0,376,1,1,1,9.1,70181142.0,1,1,04:07,intra_session_sparse
SGHC,2025-09-02,13,0,351,1,1,1,11.63,22864223.0,1,1,08:56,intra_session_sparse
SGHT,2025-09-02,13,2,54,1,1,1,4.06,497991.0,1,0,09:30,intra_session_sparse
SGML,2025-09-02,13,0,354,1,1,1,6.71,20749319.0,1,1,04:00,intra_session_sparse
SGMT,2025-09-02,13,0,239,1,1,1,7.51,5193189.0,1,1,04:04,intra_session_sparse
SGRY,2025-09-02,13,13,0,0,0,0,22.69,36137746.0,0,0,,no_minute_file
SHAZ,2025-09-02,13,13,0,0,0,0,,,0,0,,no_daily_history
SHBI,2025-09-02,13,2,154,1,1,1,17.19,1907463.0,1,0,09:30,intra_session_sparse
SHC,2025-09-02,13,0,336,1,1,1,16.37,26358622.0,1,1,09:30,intra_session_sparse
SHEN,2025-09-02,13,2,214,1,1,1,13.25,4298859.0,1,1,09:30,intra_session_sparse
SHFS,2025-09-02,13,0,376,1,1,1,2.405,363270.0,1,0,07:00,intra_session_sparse
SHIP,2025-09-02,13,2,142,1,1,1,7.79,905417.0,1,0,09:30,intra_session_sparse
SHLS,2025-09-02,13,0,375,1,1,1,6.51,33866162.0,1,1,06:30,intra_session_sparse
SHMD,2025-09-02,13,13,0,0,0,0,2.674,45230.0,0,0,,no_minute_file
SHO,2025-09-02,13,0,351,1,1,1,9.48,22599303.0,1,1,09:30,intra_session_sparse
SI,2025-09-02,13,2,83,1,1,1,14.82,2417320.0,1,1,09:30,intra_session_sparse
SIBN,2025-09-02,13,2,154,1,1,1,16.67,7805122.0,1,1,09:30,intra_session_sparse
SID,2025-09-02,13,1,293,1,1,1,1.41,4122960.0,1,1,07:34,intra_session_sparse
SIDU,2025-09-02,13,0,183,1,1,1,1.26,1099699.0,1,0,04:01,intra_session_sparse
SIGA,2025-09-02,13,0,281,1,1,1,8.39,5711241.0,1,1,04:03,intra_session_sparse
SILO,2025-09-02,13,2,26,1,1,1,9.425,235367.0,1,0,06:30,intra_session_sparse
SIMA,2025-09-02,13,13,0,1,0,0,10.44,824319.0,1,0,,no_session_bars_has_month_file
SINT,2025-09-02,13,2,109,1,1,1,4.15,314081.0,1,0,07:06,intra_session_sparse
SIRI,2025-09-02,13,13,0,0,0,0,23.64,91571070.0,0,0,,no_minute_file
SITC,2025-09-02,13,0,361,1,1,1,12.28,10723680.0,1,1,04:14,intra_session_sparse
SKBL,2025-09-02,13,0,304,1,1,1,1.05,5028905.0,1,1,04:00,intra_session_sparse
SKE,2025-09-02,13,0,314,1,1,1,16.75,6036572.0,1,1,07:00,intra_session_sparse
SKIL,2025-09-02,13,2,16,1,1,1,15.37,351265.0,1,0,09:30,intra_session_sparse
SKIN,2025-09-02,13,0,258,1,1,1,2.08,2886411.0,1,1,08:00,intra_session_sparse
SKK,2025-09-02,13,2,49,1,1,1,3.925,346502.0,1,0,08:00,intra_session_sparse
SKLZ,2025-09-02,13,2,86,1,1,1,8.82,759655.0,1,0,08:43,intra_session_sparse
SKYA,2025-09-02,13,0,251,1,1,1,13.55,38416413.0,1,1,04:05,intra_session_sparse
SKYE,2025-09-02,13,0,151,1,1,1,3.5,981907.0,1,0,07:26,intra_session_sparse
SKYQ,2025-09-02,13,13,0,1,0,0,3.861,58210.0,1,0,,no_session_bars_has_month_file
SKYT,2025-09-02,13,0,342,1,1,1,11.99,18746349.0,1,1,04:01,intra_session_sparse
SKYX,2025-09-02,13,0,88,1,1,1,1.16,445105.0,1,0,07:11,intra_session_sparse
SLDB,2025-09-02,13,0,269,1,1,1,5.48,5648653.0,1,1,09:01,intra_session_sparse
SLDE,2025-09-02,13,0,282,1,1,1,13.38,12034389.0,1,1,08:54,intra_session_sparse
SLDP,2025-09-02,13,0,375,1,1,1,4.33,45540631.0,1,1,04:00,intra_session_sparse
SLE,2025-09-02,13,13,0,0,0,0,40.44,343865.0,0,0,,no_minute_file
SLGB,2025-09-02,13,13,0,0,0,0,,,0,0,,no_daily_history
SLI,2025-09-02,13,0,301,1,1,1,2.94,4934877.0,1,1,06:34,intra_session_sparse
SLM,2025-09-02,13,13,0,0,0,0,31.28,57555130.0,0,0,,no_minute_file
SLMT,2025-09-02,13,13,0,0,0,0,61.4,32624.0,0,0,,no_minute_file
SLN,2025-09-02,13,2,31,1,1,1,4.82,332362.0,1,0,09:30,intra_session_sparse
SLNH,2025-09-02,13,13,0,1,0,0,0.474,576070.0,1,0,,no_session_bars_has_month_file
SLP,2025-09-02,13,0,194,1,1,1,14.18,5279810.0,1,1,04:00,intra_session_sparse
SLQT,2025-09-02,13,0,287,1,1,1,2.26,6584165.0,1,1,04:54,intra_session_sparse
SLRC,2025-09-02,13,2,138,1,1,1,16.62,2592288.0,1,1,09:30,intra_session_sparse
SLS,2025-09-02,13,0,297,1,1,1,1.92,3172360.0,1,1,04:03,intra_session_sparse
SLSR,2025-09-02,13,13,0,1,0,0,5.44,180230.0,1,0,,no_session_bars_has_month_file
SM,2025-09-02,13,13,0,0,0,0,28.55,50245013.0,0,0,,no_minute_file
SMJF,2025-09-02,13,13,0,0,0,0,,,0,0,,no_daily_history
SMMT,2025-09-02,13,13,0,1,0,0,23.7,85440582.0,1,0,,no_session_bars_has_month_file
SMPL,2025-09-02,13,13,0,0,0,0,28.63,34814577.0,0,0,,no_minute_file
SMR,2025-09-02,13,13,0,0,0,0,34.65,454124115.0,0,0,,no_minute_file
SMRT,2025-09-02,13,0,297,1,1,1,1.48,2024413.0,1,1,05:14,intra_session_sparse
SMTK,2025-09-02,13,13,0,1,0,0,0.843,110715.0,1,0,,no_session_bars_has_month_file
SMWB,2025-09-02,13,0,327,1,1,1,10.39,5250915.0,1,1,06:34,intra_session_sparse
SMX,2025-09-02,13,13,0,0,0,0,38914.91,10149009.0,0,0,,no_minute_file
SMXT,2025-09-02,13,2,65,1,1,1,1.18,28403695.0,1,1,04:02,intra_session_sparse
SNAL,2025-09-02,13,13,0,0,0,0,0.925,223641.0,0,0,,no_minute_file
SNAP,2025-09-02,13,0,376,1,1,1,7.14,452398939.0,1,1,04:00,intra_session_sparse
SNBR,2025-09-02,13,0,181,1,1,1,10.53,7342985.0,1,1,09:30,intra_session_sparse
SND,2025-09-02,13,13,0,1,0,0,1.94,180292.0,1,0,,no_session_bars_has_month_file
SNDL,2025-09-02,13,0,365,1,1,1,2.68,10519637.0,1,1,04:00,intra_session_sparse
SNDX,2025-09-02,13,0,357,1,1,1,16.33,42788382.0,1,1,09:22,intra_session_sparse
SNGX,2025-09-02,13,0,155,1,1,1,3.1,56673296.0,1,1,04:06,intra_session_sparse
SNOA,2025-09-02,13,0,54,1,1,1,4.45,19991038.0,1,1,06:39,intra_session_sparse
SNTG,2025-09-02,13,13,0,1,0,0,1.71,73258.0,1,0,,no_session_bars_has_month_file
SNTI,2025-09-02,13,13,0,1,0,0,1.47,181326.0,1,0,,no_session_bars_has_month_file
SNWV,2025-09-02,13,13,0,0,0,0,41.64,1948228.0,0,0,,no_minute_file
SOAR,2025-09-02,13,0,120,1,1,1,1.68,1533454.0,1,0,05:57,intra_session_sparse
SOBR,2025-09-02,13,13,0,0,0,0,3.43,88315.0,0,0,,no_minute_file
SOC,2025-09-02,13,13,0,1,0,0,26.98,48579071.0,1,0,,no_session_bars_has_month_file
SOCA,2025-09-02,13,13,0,0,0,0,,,0,0,,no_daily_history
SOFI,2025-09-02,13,13,0,0,0,0,25.54,1542002306.0,0,0,,no_minute_file
SONO,2025-09-02,13,0,346,1,1,1,13.92,31429696.0,1,1,08:00,intra_session_sparse
SOUN,2025-09-02,13,0,376,1,1,1,13.02,824342673.0,1,1,04:00,intra_session_sparse
SOWG,2025-09-02,13,13,0,1,0,0,11.47,159114.0,1,0,,no_session_bars_has_month_file
SPAI,2025-09-02,13,2,112,1,1,1,6.7,2580900.0,1,1,08:00,intra_session_sparse
SPCE,2025-09-02,13,0,328,1,1,1,3.11,9344428.0,1,1,04:00,intra_session_sparse
SPEG,2025-09-02,13,13,0,0,0,0,,,0,0,,no_daily_history
SPH,2025-09-02,13,0,94,1,1,1,18.72,2670182.0,1,1,09:30,intra_session_sparse
SPHL,2025-09-02,13,13,0,1,0,0,3.441,23226.0,1,0,,no_session_bars_has_month_file
SPIR,2025-09-02,13,0,224,1,1,1,9.04,5459087.0,1,1,04:07,intra_session_sparse
SPNT,2025-09-02,13,0,236,1,1,1,18.72,15925126.0,1,1,04:43,intra_session_sparse
SPOK,2025-09-02,13,2,101,1,1,1,18.16,3104769.0,1,1,08:00,intra_session_sparse
SPPL,2025-09-02,13,13,0,0,0,0,3.135,59091.0,0,0,,no_minute_file
SPRC,2025-09-02,13,13,0,1,0,0,22.14,2964711.0,1,0,,no_session_bars_has_month_file
SPRO,2025-09-02,13,0,226,1,1,1,2.07,1477426.0,1,0,07:15,intra_session_sparse
SPRU,2025-09-02,13,2,50,1,1,1,1.45,6166490.0,1,1,07:50,intra_session_sparse
SPRY,2025-09-02,13,0,372,1,1,1,11.62,33050418.0,1,1,04:00,intra_session_sparse
SPT,2025-09-02,13,0,317,1,1,1,15.79,15179954.0,1,1,08:00,intra_session_sparse
SPTX,2025-09-02,13,13,0,0,0,0,,,0,0,,no_daily_history
SPWH,2025-09-02,13,1,140,1,1,1,2.68,1004650.0,1,0,08:00,intra_session_sparse
SPWR,2025-09-02,13,2,170,1,1,1,1.51,986224.0,1,0,05:39,intra_session_sparse
SRAD,2025-09-02,13,13,0,0,0,0,30.94,57432648.0,0,0,,no_minute_file
SRFM,2025-09-02,13,0,311,1,1,1,4.34,12472059.0,1,1,04:01,intra_session_sparse
SRI,2025-09-02,13,0,130,1,1,1,8.3,2129161.0,1,1,08:29,intra_session_sparse
SRPT,2025-09-02,13,0,376,1,1,1,18.2,200288529.0,1,1,04:03,intra_session_sparse
SRTA,2025-09-02,13,0,346,1,1,1,4.37,8260424.0,1,1,04:19,intra_session_sparse
SRZN,2025-09-02,13,13,0,1,0,0,12.185,175615.0,1,0,,no_session_bars_has_month_file
SSAC,2025-09-02,13,13,0,0,0,0,,,0,0,,no_daily_history
SSEA,2025-09-02,13,13,0,0,0,0,,,0,0,,no_daily_history
SSL,2025-09-02,13,0,293,1,1,1,6.74,8259516.0,1,1,04:00,intra_session_sparse
SSM,2025-09-02,13,13,0,0,0,0,,,0,0,,no_daily_history
SSP,2025-09-02,13,0,303,1,1,1,2.99,2443057.0,1,1,08:00,intra_session_sparse
SSRM,2025-09-02,13,0,375,1,1,1,19.31,62374100.0,1,1,04:00,intra_session_sparse
SSSS,2025-09-02,13,2,134,1,1,1,8.7,2188469.0,1,1,04:06,intra_session_sparse
SST,2025-09-02,13,1,60,1,1,1,7.12,359519.0,1,0,09:30,intra_session_sparse
SSTK,2025-09-02,13,13,0,0,0,0,20.93,5154450.0,0,0,,no_minute_file
SSYS,2025-09-02,13,0,308,1,1,1,10.65,13235835.0,1,1,04:01,intra_session_sparse
STAA,2025-09-02,13,13,0,0,0,0,27.36,92010460.0,0,0,,no_minute_file
STAK,2025-09-02,13,13,0,0,0,0,0.87,510243.0,0,0,,no_minute_file
STEM,2025-09-02,13,2,107,1,1,1,15.13,4517946.0,1,1,07:00,intra_session_sparse
STEX,2025-09-02,13,0,230,1,1,1,4.78,3945329.0,1,1,09:10,intra_session_sparse
STFS,2025-09-02,13,0,298,1,1,1,5.932,4281236.0,1,1,04:00,intra_session_sparse
STGW,2025-09-02,13,0,267,1,1,1,5.64,6236708.0,1,1,04:00,intra_session_sparse
STI,2025-09-02,13,13,0,1,0,0,3.25,90128.0,1,0,,no_session_bars_has_month_file
STIM,2025-09-02,13,0,331,1,1,1,3.33,6267430.0,1,1,04:21,intra_session_sparse
STKE,2025-09-02,13,13,0,0,0,0,,,0,0,,no_daily_history
STLA,2025-09-02,13,0,375,1,1,1,9.63,110289387.0,1,1,04:00,intra_session_sparse
STNE,2025-09-02,13,0,376,1,1,1,16.47,76021247.0,1,1,07:00,intra_session_sparse
STOK,2025-09-02,13,0,316,1,1,1,19.76,16456395.0,1,1,09:08,intra_session_sparse
STRO,2025-09-02,13,0,247,1,1,1,8.571,332555.0,1,0,04:06,intra_session_sparse
STRZ,2025-09-02,13,2,92,1,1,1,12.77,2337520.0,1,1,09:30,intra_session_sparse
STTK,2025-09-02,13,2,94,1,1,1,0.981,5248142.0,1,0,07:56,intra_session_sparse
STUB,2025-09-02,13,13,0,0,0,0,,,0,0,,no_daily_history
STVN,2025-09-02,13,13,0,0,0,0,23.01,7857737.0,0,0,,no_minute_file
SUGP,2025-09-02,13,2,17,1,1,1,6.299,274963.0,1,0,07:15,intra_session_sparse
SUIG,2025-09-02,13,0,217,1,1,1,6.93,4602754.0,1,1,04:09,intra_session_sparse
SUJA,2025-09-02,13,13,0,0,0,0,,,0,0,,no_daily_history
SUNE,2025-09-02,13,2,47,1,1,1,1.485,207773.0,1,0,04:54,intra_session_sparse
SUPV,2025-09-02,13,0,354,1,1,1,7.84,14116910.0,1,1,07:20,intra_session_sparse
SUPX,2025-09-02,13,13,0,0,0,0,51.4,10374942.0,0,0,,no_minute_file
SVAC,2025-09-02,13,13,0,0,0,0,,,0,0,,no_daily_history
SVAQ,2025-09-02,13,13,0,0,0,0,,,0,0,,no_daily_history
SVCO,2025-09-02,13,2,120,1,1,1,5.34,734026.0,1,0,04:03,intra_session_sparse
SVM,2025-09-02,13,0,375,1,1,1,4.84,19948607.0,1,1,04:00,intra_session_sparse
SVRA,2025-09-02,13,0,293,1,1,1,3.28,4184716.0,1,1,09:00,intra_session_sparse
SVRN,2025-09-02,13,13,0,0,0,0,26.0,3070839.0,0,0,,no_minute_file
SVV,2025-09-02,13,0,321,1,1,1,12.09,11945687.0,1,1,06:43,intra_session_sparse
SWBI,2025-09-02,13,0,277,1,1,1,8.17,5588584.0,1,1,08:18,intra_session_sparse
SWIM,2025-09-02,13,0,205,1,1,1,8.03,5544992.0,1,1,09:30,intra_session_sparse
SWVL,2025-09-02,13,13,0,0,0,0,3.49,67580.0,0,0,,no_minute_file
SXC,2025-09-02,13,0,310,1,1,1,7.72,8806978.0,1,1,08:00,intra_session_sparse
SXTC,2025-09-02,13,13,0,0,0,0,219.0,37883.0,0,0,,no_minute_file
SXTP,2025-09-02,13,13,0,0,0,0,5.64,127127.0,0,0,,no_minute_file
SY,2025-09-02,13,0,210,1,1,1,3.84,7517513.0,1,1,04:00,intra_session_sparse
SYNX,2025-09-02,13,13,0,1,0,0,1.71,51799.0,1,0,,no_session_bars_has_month_file
SYRE,2025-09-02,13,2,139,1,1,1,16.49,7545186.0,1,1,05:44,intra_session_sparse
SZZL,2025-09-02,13,13,0,1,0,0,10.075,273702.0,1,0,,no_session_bars_has_month_file
TAC,2025-09-02,13,0,278,1,1,1,12.3,14833260.0,1,1,09:30,intra_session_sparse
TACO,2025-09-02,13,2,41,1,1,1,10.33,1763597.0,1,0,10:12,intra_session_sparse
TAL,2025-09-02,13,0,369,1,1,1,10.62,50583867.0,1,1,04:26,intra_session_sparse
TALK,2025-09-02,13,0,334,1,1,1,2.66,3979111.0,1,1,07:07,intra_session_sparse
TALO,2025-09-02,13,0,365,1,1,1,9.88,23308763.0,1,1,08:33,intra_session_sparse
TANH,2025-09-02,13,13,0,1,0,0,2.015,51723.0,1,0,,no_session_bars_has_month_file
TAOP,2025-09-02,13,13,0,1,0,0,3.3,68418.0,1,0,,no_session_bars_has_month_file
TAOX,2025-09-02,13,0,129,1,1,1,5.82,2097551.0,1,1,04:00,intra_session_sparse
TARA,2025-09-02,13,2,102,1,1,1,3.12,518732.0,1,0,09:29,intra_session_sparse
TASK,2025-09-02,13,1,290,1,1,1,17.52,4055437.0,1,1,09:30,intra_session_sparse
TBCH,2025-09-02,13,1,177,1,1,1,15.82,3890596.0,1,1,08:33,intra_session_sparse
TBH,2025-09-02,13,0,329,1,1,1,11.84,265016.0,1,0,04:02,intra_session_sparse
TBI,2025-09-02,13,2,161,1,1,1,5.97,1068999.0,1,0,09:30,intra_session_sparse
TBLA,2025-09-02,13,0,340,1,1,1,3.34,4605014.0,1,1,09:25,intra_session_sparse
TBPH,2025-09-02,13,0,305,1,1,1,13.88,6509833.0,1,1,08:43,intra_session_sparse
TBRG,2025-09-02,13,2,92,1,1,1,19.96,2230054.0,1,1,09:30,intra_session_sparse
TCGL,2025-09-02,13,13,0,0,0,0,,,0,0,,no_daily_history
TCMD,2025-09-02,13,0,198,1,1,1,13.31,3256425.0,1,1,07:00,intra_session_sparse
TCPC,2025-09-02,13,0,227,1,1,1,7.21,3789443.0,1,1,04:17,intra_session_sparse
TCRT,2025-09-02,13,2,49,1,1,1,2.13,636490.0,1,0,07:35,intra_session_sparse
TDAY,2025-09-02,13,0,305,1,1,1,4.11,7019653.0,1,1,08:44,intra_session_sparse
TDIC,2025-09-02,13,13,0,0,0,0,19.15,82641.0,0,0,,no_minute_file
TDOC,2025-09-02,13,0,374,1,1,1,7.73,41992115.0,1,1,04:37,intra_session_sparse
TDUP,2025-09-02,13,0,369,1,1,1,10.82,27443993.0,1,1,05:51,intra_session_sparse
TE,2025-09-02,13,0,348,1,1,1,1.65,2458343.0,1,1,04:01,intra_session_sparse
TECX,2025-09-02,13,0,358,1,1,1,25.54,4329142.0,1,0,07:00,intra_session_sparse
TELO,2025-09-02,13,0,300,1,1,1,1.32,6210101.0,1,1,04:02,intra_session_sparse
TENB,2025-09-02,13,13,0,0,0,0,30.92,43658016.0,0,0,,no_minute_file
TENX,2025-09-02,13,13,0,1,0,0,5.99,93508.0,1,0,,no_session_bars_has_month_file
TEO,2025-09-02,13,0,248,1,1,1,9.0,1710911.0,1,0,09:30,intra_session_sparse
TFSL,2025-09-02,13,0,246,1,1,1,14.06,4582680.0,1,1,08:50,intra_session_sparse
TGB,2025-09-02,13,0,367,1,1,1,3.26,11226531.0,1,1,04:01,intra_session_sparse
TGE,2025-09-02,13,13,0,1,0,0,3.14,185053.0,1,0,,no_session_bars_has_month_file
TGEN,2025-09-02,13,0,260,1,1,1,7.64,7973093.0,1,1,08:00,intra_session_sparse
TGHL,2025-09-02,13,13,0,1,0,0,3.43,11237360.0,1,1,,no_session_bars_has_month_file
TGL,2025-09-02,13,0,205,1,1,1,21.6,1402822.0,1,0,05:24,intra_session_sparse
TH,2025-09-02,13,0,174,1,1,1,9.07,4343338.0,1,1,07:12,intra_session_sparse
THH,2025-09-02,13,13,0,1,0,0,5.43,8537207.0,1,1,,no_session_bars_has_month_file
THM,2025-09-02,13,0,260,1,1,1,1.4,624114.0,1,0,07:59,intra_session_sparse
THRY,2025-09-02,13,0,246,1,1,1,12.86,6515443.0,1,1,09:30,intra_session_sparse
TIC,2025-09-02,13,0,317,1,1,1,11.27,30858766.0,1,1,08:39,intra_session_sparse
TII,2025-09-02,13,13,0,0,0,0,,,0,0,,no_daily_history
TIL,2025-09-02,13,13,0,1,0,0,27.0,2957342.0,1,0,,no_session_bars_has_month_file
TIPT,2025-09-02,13,13,0,1,0,0,23.45,2924060.0,1,0,,no_session_bars_has_month_file
TITN,2025-09-02,13,13,0,1,0,0,20.0,2980806.0,1,1,,no_session_bars_has_month_file
TK,2025-09-02,13,0,237,1,1,1,8.2,4651256.0,1,1,04:00,intra_session_sparse
TKC,2025-09-02,13,0,329,1,1,1,5.88,4125044.0,1,1,04:16,intra_session_sparse
TKNO,2025-09-02,13,0,159,1,1,1,4.32,997243.0,1,0,04:02,intra_session_sparse
TLIH,2025-09-02,13,2,64,1,1,1,5.499,253592.0,1,0,04:05,intra_session_sparse
TLK,2025-09-02,13,0,293,1,1,1,19.39,16668961.0,1,1,06:48,intra_session_sparse
TLRY,2025-09-02,13,0,376,1,1,1,13.8,104691352.0,1,1,04:00,intra_session_sparse
TLS,2025-09-02,13,0,342,1,1,1,6.18,14165196.0,1,1,04:07,intra_session_sparse
TLYS,2025-09-02,13,2,103,1,1,1,1.97,245451.0,1,0,08:10,intra_session_sparse
TMC,2025-09-02,13,0,376,1,1,1,5.36,53222562.0,1,1,04:00,intra_session_sparse
TMCI,2025-09-02,13,0,183,1,1,1,7.34,2745356.0,1,1,04:36,intra_session_sparse
TMCR,2025-09-02,13,13,0,0,0,0,,,0,0,,no_daily_history
TMDE,2025-09-02,13,13,0,0,0,0,0.85,35204.0,0,0,,no_minute_file
TMQ,2025-09-02,13,1,235,1,1,1,1.69,563627.0,1,0,08:24,intra_session_sparse
TMTS,2025-09-02,13,13,0,0,0,0,,,0,0,,no_daily_history
TNDM,2025-09-02,13,0,351,1,1,1,12.51,33647966.0,1,1,08:00,intra_session_sparse
TNGX,2025-09-02,13,0,321,1,1,1,6.71,9947821.0,1,1,09:30,intra_session_sparse
TNMG,2025-09-02,13,13,0,1,0,0,8.32,85816.0,1,0,,no_session_bars_has_month_file
TNON,2025-09-02,13,2,84,1,1,1,1.24,2832395.0,1,1,05:41,intra_session_sparse
TNXP,2025-09-02,13,13,0,0,0,0,29.63,88188498.0,0,0,,no_minute_file
TNYA,2025-09-02,13,0,338,1,1,1,1.13,4401223.0,1,1,04:19,intra_session_sparse
TOI,2025-09-02,13,0,347,1,1,1,3.4,7161916.0,1,1,08:00,intra_session_sparse
TONX,2025-09-02,13,0,163,1,1,1,14.5,42049617.0,1,1,04:26,intra_session_sparse
TORO,2025-09-02,13,13,0,0,0,0,2.75,92956.0,0,0,,no_minute_file
TOYO,2025-09-02,13,13,0,1,0,0,5.64,103836.0,1,0,,no_session_bars_has_month_file
TPET,2025-09-02,13,13,0,1,0,0,1.105,151733.0,1,0,,no_session_bars_has_month_file
TPVG,2025-09-02,13,1,189,1,1,1,6.78,2748087.0,1,1,08:38,intra_session_sparse
TRAD,2025-09-02,13,13,0,0,0,0,,,0,0,,no_daily_history
TRAW,2025-09-02,13,2,31,1,1,1,1.4,225570.0,1,0,05:03,intra_session_sparse
TRAX,2025-09-02,13,13,0,0,0,0,,,0,0,,no_daily_history
TRC,2025-09-02,13,1,76,1,1,1,17.41,1973241.0,1,0,09:30,intra_session_sparse
TRDA,2025-09-02,13,1,198,1,1,1,5.47,1400539.0,1,0,09:30,intra_session_sparse
TRIN,2025-09-02,13,0,257,1,1,1,16.2,10483789.0,1,1,07:00,intra_session_sparse
TRIP,2025-09-02,13,0,374,1,1,1,17.42,50004575.0,1,1,04:00,intra_session_sparse
TRMD,2025-09-02,13,13,0,0,0,0,21.75,17684425.0,0,0,,no_minute_file
TRNR,2025-09-02,13,13,0,0,0,0,41.3,388631.0,0,0,,no_minute_file
TRON,2025-09-02,13,0,364,1,1,1,4.29,14003803.0,1,1,04:00,intra_session_sparse
TROO,2025-09-02,13,13,0,1,0,0,1.02,193746.0,1,0,,no_session_bars_has_month_file
TROX,2025-09-02,13,0,370,1,1,1,4.28,17533934.0,1,1,04:08,intra_session_sparse
TRT,2025-09-02,13,13,0,0,0,0,2.68,15187.0,0,0,,no_minute_file
TRVI,2025-09-02,13,0,281,1,1,1,7.255,14236478.0,1,1,08:00,intra_session_sparse
TRX,2025-09-02,13,13,0,0,0,0,0.37,196144.0,0,0,,no_minute_file
TSHA,2025-09-02,13,0,348,1,1,1,2.92,8025361.0,1,1,04:36,intra_session_sparse
TSLX,2025-09-02,13,13,0,0,0,0,24.45,9058004.0,0,0,,no_minute_file
TSSI,2025-09-02,13,0,373,1,1,1,13.925,65821140.0,1,1,04:01,intra_session_sparse
TTAM,2025-09-02,13,1,219,1,1,1,15.51,4578435.0,1,1,09:30,intra_session_sparse
TTEC,2025-09-02,13,0,253,1,1,1,3.79,1861358.0,1,0,08:00,intra_session_sparse
TTGT,2025-09-02,13,0,314,1,1,1,5.9,3856578.0,1,1,09:30,intra_session_sparse
TTI,2025-09-02,13,0,279,1,1,1,4.7,6449186.0,1,1,08:22,intra_session_sparse
TTRX,2025-09-02,13,13,0,0,0,0,,,0,0,,no_daily_history
TU,2025-09-02,13,0,367,1,1,1,16.49,45946797.0,1,1,07:00,intra_session_sparse
TV,2025-09-02,13,0,255,1,1,1,2.79,3379637.0,1,1,08:00,intra_session_sparse
TVA,2025-09-02,13,13,0,1,0,0,10.13,169458.0,1,0,,no_session_bars_has_month_file
TVRD,2025-09-02,13,13,0,0,0,0,29.92,603367.0,0,0,,no_minute_file
TVTX,2025-09-02,13,0,360,1,1,1,17.5,30664724.0,1,1,07:28,intra_session_sparse
TWFG,2025-09-02,13,13,0,0,0,0,26.5,5285739.0,0,0,,no_minute_file
TWG,2025-09-02,13,13,0,1,0,0,5.28,187811.0,1,0,,no_session_bars_has_month_file
TWI,2025-09-02,13,0,202,1,1,1,8.82,3618240.0,1,1,08:11,intra_session_sparse
TWO,2025-09-02,13,0,349,1,1,1,10.0,19200444.0,1,1,07:00,intra_session_sparse
TXG,2025-09-02,13,0,368,1,1,1,14.01,40260070.0,1,1,04:47,intra_session_sparse
TXO,2025-09-02,13,2,101,1,1,1,14.09,3006178.0,1,1,09:30,intra_session_sparse
TYGO,2025-09-02,13,1,136,1,1,1,1.4,372962.0,1,0,04:05,intra_session_sparse
TYRA,2025-09-02,13,0,179,1,1,1,12.675,2375391.0,1,1,09:13,intra_session_sparse
TZOO,2025-09-02,13,0,130,1,1,1,9.81,1044241.0,1,0,07:32,intra_session_sparse
U,2025-09-02,13,13,0,0,0,0,39.41,528328764.0,0,0,,no_minute_file
UA,2025-09-02,13,0,369,1,1,1,4.92,38135915.0,1,1,04:00,intra_session_sparse
UAA,2025-09-02,13,0,376,1,1,1,5.0,94281024.0,1,1,04:00,intra_session_sparse
UAMY,2025-09-02,13,0,371,1,1,1,4.55,26911266.0,1,1,04:00,intra_session_sparse
UAVS,2025-09-02,13,0,286,1,1,1,1.91,9436202.0,1,1,04:09,intra_session_sparse
UBXG,2025-09-02,13,13,0,0,0,0,64.25,581706.0,0,0,,no_minute_file
UE,2025-09-02,13,13,0,1,0,0,20.69,24920665.0,1,0,,no_session_bars_has_month_file
UEC,2025-09-02,13,0,376,1,1,1,10.69,128447800.0,1,1,04:00,intra_session_sparse
UFG,2025-09-02,13,0,113,1,1,1,5.76,8811286.0,1,1,09:30,intra_session_sparse
UGP,2025-09-02,13,0,313,1,1,1,3.65,5055304.0,1,1,09:03,intra_session_sparse
UGRO,2025-09-02,13,2,31,1,1,1,10.35,1440303.0,1,0,07:49,intra_session_sparse
UIS,2025-09-02,13,1,335,1,1,1,3.91,3554428.0,1,1,07:19,intra_session_sparse
ULCC,2025-09-02,13,0,376,1,1,1,4.9,21769970.0,1,1,04:00,intra_session_sparse
UMAC,2025-09-02,13,0,364,1,1,1,9.6,28329239.0,1,1,04:00,intra_session_sparse
UMC,2025-09-02,13,0,370,1,1,1,6.58,44122427.0,1,1,04:18,intra_session_sparse
UMH,2025-09-02,13,1,296,1,1,1,15.69,8733470.0,1,1,09:29,intra_session_sparse
UNCY,2025-09-02,13,0,227,1,1,1,4.19,2006761.0,1,1,07:45,intra_session_sparse
UNIT,2025-09-02,13,0,369,1,1,1,6.3,20628095.0,1,1,05:29,intra_session_sparse
UONE,2025-09-02,13,13,0,0,0,0,15.6,17186.0,0,0,,no_minute_file
UP,2025-09-02,13,13,0,0,0,0,58.6,17670268.0,0,0,,no_minute_file
UPB,2025-09-02,13,13,0,1,0,0,17.13,7299740.0,1,1,,no_session_bars_has_month_file
UPBD,2025-09-02,13,13,0,0,0,0,25.41,15912154.0,0,0,,no_minute_file
UPC,2025-09-02,13,2,8,1,1,1,3.546,221711.0,1,0,07:00,intra_session_sparse
UPLD,2025-09-02,13,0,98,1,1,1,2.83,2371940.0,1,1,06:35,intra_session_sparse
UPWK,2025-09-02,13,0,376,1,1,1,15.39,48637669.0,1,1,04:17,intra_session_sparse
UPXI,2025-09-02,13,0,374,1,1,1,7.23,56801028.0,1,1,04:00,intra_session_sparse
URG,2025-09-02,13,0,366,1,1,1,1.39,5701857.0,1,1,05:47,intra_session_sparse
URGN,2025-09-02,13,0,334,1,1,1,19.45,20727466.0,1,1,07:33,intra_session_sparse
UROY,2025-09-02,13,0,360,1,1,1,3.15,7146632.0,1,1,07:00,intra_session_sparse
USAR,2025-09-02,13,0,376,1,1,1,14.92,121519667.0,1,1,04:00,intra_session_sparse
USAS,2025-09-02,13,0,321,1,1,1,2.73,2496855.0,1,1,04:00,intra_session_sparse
USAU,2025-09-02,13,0,211,1,1,1,13.13,3269355.0,1,1,08:00,intra_session_sparse
USEG,2025-09-02,13,2,64,1,1,1,1.19,271918.0,1,0,04:03,intra_session_sparse
USGO,2025-09-02,13,2,70,1,1,1,9.25,650562.0,1,0,04:06,intra_session_sparse
USNA,2025-09-02,13,13,0,0,0,0,31.91,2996212.0,0,0,,no_minute_file
UTZ,2025-09-02,13,1,250,1,1,1,13.42,10965758.0,1,1,07:24,intra_session_sparse
UUU,2025-09-02,13,13,0,1,0,0,3.3,136836.0,1,0,,no_session_bars_has_month_file
UUUU,2025-09-02,13,0,376,1,1,1,11.56,151214701.0,1,1,04:00,intra_session_sparse
UWMC,2025-09-02,13,0,372,1,1,1,5.7,54249050.0,1,1,04:01,intra_session_sparse
UZX,2025-09-02,13,13,0,0,0,0,2.23,14851.0,0,0,,no_minute_file
VACH,2025-09-02,13,13,0,0,0,0,10.42,78291.0,0,0,,no_minute_file
VACI,2025-09-02,13,13,0,0,0,0,,,0,0,,no_daily_history
VALE,2025-09-02,13,0,376,1,1,1,10.28,256831186.0,1,1,04:00,intra_session_sparse
VBIO,2025-09-02,13,2,36,1,1,1,3.09,11057908.0,1,1,04:28,intra_session_sparse
VCIG,2025-09-02,13,13,0,0,0,0,1404.0,7404267.0,0,0,,no_minute_file
VEEE,2025-09-02,13,13,0,0,0,0,72.19,248723.0,0,0,,no_minute_file
VEL,2025-09-02,13,2,60,1,1,1,19.08,2028561.0,1,1,09:30,intra_session_sparse
VELO,2025-09-02,13,13,0,1,0,0,4.255,10522522.0,1,1,,no_session_bars_has_month_file
VENU,2025-09-02,13,2,88,1,1,1,12.7,1874877.0,1,0,09:30,intra_session_sparse
VERI,2025-09-02,13,0,318,1,1,1,3.05,7728431.0,1,1,05:05,intra_session_sparse
VERX,2025-09-02,13,13,0,0,0,0,25.82,50114840.0,0,0,,no_minute_file
VET,2025-09-02,13,0,298,1,1,1,7.55,6193997.0,1,1,05:24,intra_session_sparse
VFC,2025-09-02,13,0,376,1,1,1,15.13,111743125.0,1,1,04:00,intra_session_sparse
VFF,2025-09-02,13,0,348,1,1,1,3.27,8969762.0,1,1,04:00,intra_session_sparse
VFS,2025-09-02,13,0,297,1,1,1,3.42,1453398.0,1,0,04:43,intra_session_sparse
VG,2025-09-02,13,0,368,1,1,1,13.0,91164241.0,1,1,05:50,intra_session_sparse
VGZ,2025-09-02,13,0,288,1,1,1,1.23,1000193.0,1,0,04:03,intra_session_sparse
VHC,2025-09-02,13,13,0,0,0,0,13.69,130729.0,0,0,,no_minute_file
VHCP,2025-09-02,13,13,0,0,0,0,,,0,0,,no_daily_history
VHUB,2025-09-02,13,13,0,0,0,0,,,0,0,,no_daily_history
VIA,2025-09-02,13,13,0,0,0,0,10.995,200241.0,0,0,,no_minute_file
VIAV,2025-09-02,13,0,366,1,1,1,11.28,42871155.0,1,1,07:00,intra_session_sparse
VIDA,2025-09-02,13,13,0,0,0,0,,,0,0,,no_daily_history
VIPS,2025-09-02,13,0,358,1,1,1,16.74,42927729.0,1,1,08:12,intra_session_sparse
VIR,2025-09-02,13,0,357,1,1,1,4.94,7294401.0,1,1,04:00,intra_session_sparse
VISN,2025-09-02,13,0,374,1,1,1,16.04,177510649.0,1,1,04:00,intra_session_sparse
VITL,2025-09-02,13,13,0,0,0,0,51.09,57986188.0,0,0,,no_minute_file
VIVK,2025-09-02,13,13,0,0,0,0,,,0,0,,no_daily_history
VIVO,2025-09-02,13,0,312,1,1,1,5.16,10509077.0,1,1,04:11,intra_session_sparse
VIVS,2025-09-02,13,2,171,1,1,1,2.44,1615308.0,1,0,04:00,intra_session_sparse
VLN,2025-09-02,13,0,198,1,1,1,2.01,1399852.0,1,0,07:11,intra_session_sparse
VLRS,2025-09-02,13,0,204,1,1,1,6.16,2714831.0,1,1,09:30,intra_session_sparse
VLY,2025-09-02,13,0,372,1,1,1,10.46,75508175.0,1,1,09:30,intra_session_sparse
VMAR,2025-09-02,13,13,0,0,0,0,54.8,2983057.0,0,0,,no_minute_file
VMD,2025-09-02,13,1,113,1,1,1,7.37,2309514.0,1,1,06:20,intra_session_sparse
VMET,2025-09-02,13,13,0,0,0,0,,,0,0,,no_daily_history
VNCE,2025-09-02,13,13,0,1,0,0,1.42,28186.0,1,0,,no_session_bars_has_month_file
VNDA,2025-09-02,13,0,297,1,1,1,4.73,2002014.0,1,1,08:00,intra_session_sparse
VNME,2025-09-02,13,13,0,1,0,0,9.9,1104107.0,1,0,,no_session_bars_has_month_file
VNRX,2025-09-02,13,13,0,0,0,0,13.8,121779.0,0,0,,no_minute_file
VNTG,2025-09-02,13,2,246,1,1,1,5.59,6895454.0,1,1,04:14,intra_session_sparse
VOR,2025-09-02,13,13,0,0,0,0,39.4,9660450.0,0,0,,no_minute_file
VOXR,2025-09-02,13,0,150,1,1,1,3.68,1101198.0,1,0,08:05,intra_session_sparse
VOYG,2025-09-02,13,13,0,0,0,0,30.69,32139181.0,0,0,,no_minute_file
VRA,2025-09-02,13,0,117,1,1,1,2.07,213570.0,1,0,09:30,intra_session_sparse
VRCA,2025-09-02,13,2,25,1,1,1,5.595,279412.0,1,0,09:30,intra_session_sparse
VRDN,2025-09-02,13,0,252,1,1,1,18.38,15429329.0,1,1,08:38,intra_session_sparse
VREX,2025-09-02,13,1,168,1,1,1,11.55,5460962.0,1,1,09:30,intra_session_sparse
VRME,2025-09-02,13,13,0,1,0,0,0.89,504585.0,1,0,,no_session_bars_has_month_file
VRRM,2025-09-02,13,13,0,0,0,0,24.85,23484975.0,0,0,,no_minute_file
VSEE,2025-09-02,13,13,0,0,0,0,0.6,182422.0,0,0,,no_minute_file
VSH,2025-09-02,13,0,309,1,1,1,15.46,29672751.0,1,1,04:19,intra_session_sparse
VSME,2025-09-02,13,13,0,0,0,0,44.6,2400043.0,0,0,,no_minute_file
VSTD,2025-09-02,13,0,307,1,1,1,1.27,272042.0,1,0,07:55,intra_session_sparse
VSTM,2025-09-02,13,0,348,1,1,1,9.25,23520553.0,1,1,07:53,intra_session_sparse
VSTS,2025-09-02,13,0,328,1,1,1,4.68,10911649.0,1,1,07:10,intra_session_sparse
VTAK,2025-09-02,13,0,43,1,1,1,2.5,13229524.0,1,1,04:27,intra_session_sparse
VTEX,2025-09-02,13,0,360,1,1,1,4.08,7175393.0,1,1,08:54,intra_session_sparse
VTGN,2025-09-02,13,0,256,1,1,1,3.34,1913921.0,1,0,08:00,intra_session_sparse
VTIX,2025-09-02,13,13,0,0,0,0,,,0,0,,no_daily_history
VTRS,2025-09-02,13,0,374,1,1,1,10.55,98072510.0,1,1,04:04,intra_session_sparse
VTS,2025-09-02,13,13,0,0,0,0,26.61,8928026.0,0,0,,no_minute_file
VUZI,2025-09-02,13,0,286,1,1,1,2.125,2712326.0,1,1,04:01,intra_session_sparse
VWAV,2025-09-02,13,0,144,1,1,1,9.58,3446148.0,1,1,04:01,intra_session_sparse
VYGR,2025-09-02,13,0,311,1,1,1,3.36,2486340.0,1,1,04:49,intra_session_sparse
VYX,2025-09-02,13,0,332,1,1,1,13.18,23943721.0,1,1,08:21,intra_session_sparse
VZLA,2025-09-02,13,0,365,1,1,1,3.67,11422606.0,1,1,04:10,intra_session_sparse
WAI,2025-09-02,13,0,293,1,1,1,3.9,5262208.0,1,1,04:00,intra_session_sparse
WALD,2025-09-02,13,2,100,1,1,1,1.56,931832.0,1,0,04:13,intra_session_sparse
WATT,2025-09-02,13,2,43,1,1,1,7.465,440262.0,1,0,07:00,intra_session_sparse
WAY,2025-09-02,13,13,0,0,0,0,37.88,58609424.0,0,0,,no_minute_file
WBD,2025-09-02,13,0,376,1,1,1,11.64,558042951.0,1,1,04:00,intra_session_sparse
WBI,2025-09-02,13,13,0,0,0,0,,,0,0,,no_daily_history
WBTN,2025-09-02,13,1,231,1,1,1,14.47,21620859.0,1,1,04:00,intra_session_sparse
WBUY,2025-09-02,13,3,85,1,1,1,3.02,210507.0,1,0,04:00,intra_session_sparse
WEAV,2025-09-02,13,1,296,1,1,1,7.78,9080847.0,1,1,04:21,intra_session_sparse
WEN,2025-09-02,13,0,374,1,1,1,10.615,70044616.0,1,1,04:00,intra_session_sparse
WENC,2025-09-02,13,13,0,0,0,0,,,0,0,,no_daily_history
WENN,2025-09-02,13,2,21,1,1,1,10.13,1546736.0,1,0,10:21,intra_session_sparse
WEST,2025-09-02,13,0,311,1,1,1,5.41,4159684.0,1,1,04:00,intra_session_sparse
WGRX,2025-09-02,13,13,0,0,0,0,61.5,6737423.0,0,0,,no_minute_file
WHWK,2025-09-02,13,13,0,1,0,0,1.805,186650.0,1,0,,no_session_bars_has_month_file
WIT,2025-09-02,13,0,372,1,1,1,2.76,20072571.0,1,1,05:05,intra_session_sparse
WKHS,2025-09-02,13,0,234,1,1,1,15.84,2139761.0,1,1,04:30,intra_session_sparse
WKSP,2025-09-02,13,1,69,1,1,1,3.11,888271.0,1,0,08:14,intra_session_sparse
WLDS,2025-09-02,13,0,61,1,1,1,3.208,1780030.0,1,0,04:01,intra_session_sparse
WLKP,2025-09-02,13,13,0,0,0,0,22.09,741271.0,0,0,,no_minute_file
WLTH,2025-09-02,13,13,0,0,0,0,,,0,0,,no_daily_history
WNC,2025-09-02,13,0,219,1,1,1,11.09,6739392.0,1,1,09:30,intra_session_sparse
WNW,2025-09-02,13,13,0,0,0,0,172.2,17857.0,0,0,,no_minute_file
WOK,2025-09-02,13,13,0,0,0,0,15756.0,14155.0,0,0,,no_minute_file
WOLF,2025-09-02,13,0,365,1,1,1,1.24,11061490.0,1,1,04:00,intra_session_sparse
WOOF,2025-09-02,13,0,374,1,1,1,3.99,14250142.0,1,1,04:00,intra_session_sparse
WPAC,2025-09-02,13,13,0,0,0,0,,,0,0,,no_daily_history
WPP,2025-09-02,13,13,0,0,0,0,26.54,12020765.0,0,0,,no_minute_file
WRBY,2025-09-02,13,13,0,0,0,0,26.2,46172583.0,0,0,,no_minute_file
WRN,2025-09-02,13,0,208,1,1,1,1.41,561606.0,1,0,07:01,intra_session_sparse
WSC,2025-09-02,13,13,0,0,0,0,24.24,59423686.0,0,0,,no_minute_file
WSE,2025-09-02,13,13,0,0,0,0,,,0,0,,no_daily_history
WSHP,2025-09-02,13,13,0,0,0,0,,,0,0,,no_daily_history
WSR,2025-09-02,13,1,202,1,1,1,13.16,2346372.0,1,1,09:31,intra_session_sparse
WTI,2025-09-02,13,0,223,1,1,1,1.82,1850426.0,1,0,04:01,intra_session_sparse
WTO,2025-09-02,13,13,0,0,0,0,445.7,42562.0,0,0,,no_minute_file
WTTR,2025-09-02,13,0,318,1,1,1,8.52,8567407.0,1,1,09:19,intra_session_sparse
WU,2025-09-02,13,0,373,1,1,1,8.67,75717424.0,1,1,04:00,intra_session_sparse
WULF,2025-09-02,13,0,376,1,1,1,9.45,542500267.0,1,1,04:00,intra_session_sparse
WVE,2025-09-02,13,0,334,1,1,1,9.6,15138607.0,1,1,04:19,intra_session_sparse
WW,2025-09-02,13,13,0,0,0,0,31.89,12316060.0,0,0,,no_minute_file
WWR,2025-09-02,13,13,0,1,0,0,0.79,816115.0,1,0,,no_session_bars_has_month_file
WWW,2025-09-02,13,13,0,0,0,0,31.94,60227189.0,0,0,,no_minute_file
WYFI,2025-09-02,13,13,0,1,0,0,16.91,28331464.0,1,1,,no_session_bars_has_month_file
XAIR,2025-09-02,13,2,40,1,1,1,2.22,450315.0,1,0,08:15,intra_session_sparse
XBIO,2025-09-02,13,13,0,0,0,0,2.85,37866.0,0,0,,no_minute_file
XBP,2025-09-02,13,2,87,1,1,1,6.041,527582.0,1,0,04:18,intra_session_sparse
XCUR,2025-09-02,13,0,11,1,1,1,5.61,431291.0,1,0,06:42,intra_session_sparse
XELB,2025-09-02,13,2,42,1,1,1,4.08,1875194.0,1,0,08:00,intra_session_sparse
XERS,2025-09-02,13,0,328,1,1,1,7.83,24612087.0,1,1,07:00,intra_session_sparse
XFLH,2025-09-02,13,13,0,0,0,0,,,0,0,,no_daily_history
XFOR,2025-09-02,13,0,245,1,1,1,3.755,29706088.0,1,1,04:11,intra_session_sparse
XGN,2025-09-02,13,0,185,1,1,1,9.86,2167600.0,1,1,09:30,intra_session_sparse
XHLD,2025-09-02,13,13,0,1,0,0,4.799,91258.0,1,0,,no_session_bars_has_month_file
XHR,2025-09-02,13,0,328,1,1,1,14.13,13492447.0,1,1,09:30,intra_session_sparse
XIFR,2025-09-02,13,0,328,1,1,1,10.6,12478514.0,1,1,06:32,intra_session_sparse
XMAX,2025-09-02,13,1,20,1,1,1,1.775,1185554.0,1,0,09:30,intra_session_sparse
XNCR,2025-09-02,13,1,260,1,1,1,8.13,5754038.0,1,1,09:30,intra_session_sparse
XNDU,2025-09-02,13,8,3,1,1,1,10.035,839239.0,1,0,09:36,intra_session_sparse
XOS,2025-09-02,13,0,112,1,1,1,2.83,4857106.0,1,1,07:04,intra_session_sparse
XP,2025-09-02,13,0,375,1,1,1,18.14,117371136.0,1,1,04:00,intra_session_sparse
XPER,2025-09-02,13,1,293,1,1,1,6.0,3406980.0,1,1,07:00,intra_session_sparse
XPOF,2025-09-02,13,2,246,1,1,1,8.41,8393737.0,1,1,09:29,intra_session_sparse
XPON,2025-09-02,13,0,228,1,1,1,1.5,44011188.0,1,1,04:00,intra_session_sparse
XPRO,2025-09-02,13,0,360,1,1,1,12.47,13295126.0,1,1,04:01,intra_session_sparse
XRAY,2025-09-02,13,0,364,1,1,1,14.3,52615292.0,1,1,08:10,intra_session_sparse
XRPN,2025-09-02,13,4,18,1,1,1,10.29,2370158.0,1,1,11:55,intra_session_sparse
XRTX,2025-09-02,13,13,0,0,0,0,4.022,70885.0,0,0,,no_minute_file
XRX,2025-09-02,13,0,367,1,1,1,3.98,16159866.0,1,1,08:02,intra_session_sparse
XTIA,2025-09-02,13,0,264,1,1,1,2.01,1856909.0,1,0,04:01,intra_session_sparse
XWEL,2025-09-02,13,13,0,0,0,0,1.105,13073.0,0,0,,no_minute_file
XXI,2025-09-02,13,13,0,1,0,0,23.03,7675174.0,1,0,,no_session_bars_has_month_file
XXII,2025-09-02,13,13,0,0,0,0,26.25,621027.0,0,0,,no_minute_file
XZO,2025-09-02,13,13,0,0,0,0,,,0,0,,no_daily_history
YAAS,2025-09-02,13,13,0,1,0,0,24.14,133385.0,1,0,,no_session_bars_has_month_file
YCBD,2025-09-02,13,13,0,1,0,0,0.739,107769.0,1,0,,no_session_bars_has_month_file
YCY,2025-09-02,13,13,0,0,0,0,,,0,0,,no_daily_history
YDDL,2025-09-02,13,13,0,0,0,0,,,0,0,,no_daily_history
YDES,2025-09-02,13,13,0,1,0,0,12.5,11462200.0,1,1,,no_session_bars_has_month_file
YDKG,2025-09-02,13,13,0,0,0,0,431.0,4307516.0,0,0,,no_minute_file
YELP,2025-09-02,13,13,0,0,0,0,31.62,33831632.0,0,0,,no_minute_file
YEXT,2025-09-02,13,0,332,1,1,1,9.09,9530413.0,1,1,09:30,intra_session_sparse
YHGJ,2025-09-02,13,13,0,0,0,0,6.149,92450.0,0,0,,no_minute_file
YMAT,2025-09-02,13,0,130,1,1,1,1.55,3146829.0,1,1,07:00,intra_session_sparse
YOOV,2025-09-02,13,13,0,1,0,0,1.61,80078.0,1,0,,no_session_bars_has_month_file
YSS,2025-09-02,13,13,0,0,0,0,,,0,0,,no_daily_history
YSXT,2025-09-02,13,2,41,1,1,1,2.35,1581845.0,1,0,09:30,intra_session_sparse
YYGH,2025-09-02,13,13,0,1,0,0,128.0,948589.0,1,0,,no_session_bars_has_month_file
ZBIO,2025-09-02,13,0,293,1,1,1,16.0,2672960.0,1,1,08:00,intra_session_sparse
ZDAI,2025-09-02,13,0,71,1,1,1,7.768,404936.0,1,0,09:30,intra_session_sparse
ZDGE,2025-09-02,13,13,0,0,0,0,3.04,131159.0,0,0,,no_minute_file
ZENA,2025-09-02,13,0,268,1,1,1,4.93,10143091.0,1,1,04:59,intra_session_sparse
ZETA,2025-09-02,13,0,376,1,1,1,19.64,209924539.0,1,1,04:00,intra_session_sparse
ZGN,2025-09-02,13,0,303,1,1,1,8.44,5647121.0,1,1,09:30,intra_session_sparse
ZIM,2025-09-02,13,0,366,1,1,1,13.61,102611006.0,1,1,04:00,intra_session_sparse
ZIP,2025-09-02,13,0,318,1,1,1,5.0,6912377.0,1,1,04:28,intra_session_sparse
ZNTL,2025-09-02,13,0,280,1,1,1,1.69,1372060.0,1,0,07:09,intra_session_sparse
ZONE,2025-09-02,13,0,365,1,1,1,6.86,375745.0,1,0,07:07,intra_session_sparse
ZSQR,2025-09-02,13,2,26,1,1,1,13.325,590174.0,1,0,09:30,intra_session_sparse
ZSTK,2025-09-02,13,13,0,1,0,0,20.45,388682.0,1,0,,no_session_bars_has_month_file
ZTG,2025-09-02,13,13,0,0,0,0,,,0,0,,no_daily_history
ZUMZ,2025-09-02,13,0,98,1,1,1,17.19,2631330.0,1,1,08:11,intra_session_sparse
ZURA,2025-09-02,13,2,121,1,1,1,2.04,660509.0,1,0,09:21,intra_session_sparse
ZVIA,2025-09-02,13,0,292,1,1,1,2.8,2639809.0,1,1,05:52,intra_session_sparse
ZVRA,2025-09-02,13,0,286,1,1,1,9.07,16216013.0,1,1,04:14,intra_session_sparse
ZYBT,2025-09-02,13,0,203,1,1,1,9.36,1332739.0,1,0,08:00,intra_session_sparse
ZYME,2025-09-02,13,0,325,1,1,1,14.81,6201935.0,1,1,06:00,intra_session_sparse
AACI,2025-09-03,13,4,2,1,1,1,10.25,2527071.0,1,1,11:23,intra_session_sparse
AAL,2025-09-03,13,0,376,1,1,1,13.39,818902802.0,1,1,04:01,intra_session_sparse
AAOI,2025-09-03,13,13,0,0,0,0,23.35,131010109.0,0,0,,no_minute_file
AARD,2025-09-03,13,0,159,1,1,1,8.86,791119.0,1,0,09:07,intra_session_sparse
AAUC,2025-09-03,13,0,102,1,1,1,14.18,2520784.0,1,1,08:50,intra_session_sparse
ABAT,2025-09-03,13,0,363,1,1,1,2.41,10477029.0,1,1,04:00,intra_session_sparse
ABCL,2025-09-03,13,0,365,1,1,1,4.05,21534957.0,1,1,04:00,intra_session_sparse
ABEO,2025-09-03,13,0,252,1,1,1,6.85,4807688.0,1,1,09:30,intra_session_sparse
ABEV,2025-09-03,13,0,376,1,1,1,2.19,52685318.0,1,1,05:05,intra_session_sparse
ABOS,2025-09-03,13,2,128,1,1,1,1.36,352419.0,1,0,08:03,intra_session_sparse
ABSI,2025-09-03,13,0,360,1,1,1,2.34,12218456.0,1,1,04:00,intra_session_sparse
ABTC,2025-09-03,13,2,326,1,1,1,6.9,13280905.0,1,1,10:05,intra_session_sparse
ABTS,2025-09-03,13,13,0,1,0,0,3.6,38247.0,1,0,,no_session_bars_has_month_file
ABUS,2025-09-03,13,0,251,1,1,1,3.82,3335703.0,1,1,04:00,intra_session_sparse
ABX,2025-09-03,13,0,253,1,1,1,7.01,4200407.0,1,1,09:25,intra_session_sparse
ACB,2025-09-03,13,0,334,1,1,1,5.17,10785640.0,1,1,07:00,intra_session_sparse
ACCL,2025-09-03,13,13,0,0,0,0,,,0,0,,no_daily_history
ACCO,2025-09-03,13,0,205,1,1,1,3.95,2009806.0,1,1,09:30,intra_session_sparse
ACDC,2025-09-03,13,0,297,1,1,1,3.93,9577130.0,1,1,06:06,intra_session_sparse
ACEL,2025-09-03,13,0,136,1,1,1,11.4,4916964.0,1,1,09:30,intra_session_sparse
ACET,2025-09-03,13,0,100,1,1,1,11.75,455957.0,1,0,08:14,intra_session_sparse
ACH,2025-09-03,13,0,353,1,1,1,5.33,11822332.0,1,1,08:00,intra_session_sparse
ACHC,2025-09-03,13,13,0,0,0,0,23.45,56239422.0,0,0,,no_minute_file
ACHR,2025-09-03,13,0,376,1,1,1,8.6,266533602.0,1,1,04:03,intra_session_sparse
ACHV,2025-09-03,13,0,309,1,1,1,2.92,3747721.0,1,1,04:16,intra_session_sparse
ACI,2025-09-03,13,0,361,1,1,1,19.26,106211553.0,1,1,08:00,intra_session_sparse
ACIC,2025-09-03,13,0,108,1,1,1,11.33,2528787.0,1,1,09:30,intra_session_sparse
ACIU,2025-09-03,13,0,92,1,1,1,2.21,258776.0,1,0,09:30,intra_session_sparse
ACNT,2025-09-03,13,0,60,1,1,1,12.085,587486.0,1,0,09:30,intra_session_sparse
ACON,2025-09-03,13,13,0,0,0,0,7.15,71356.0,0,0,,no_minute_file
ACRE,2025-09-03,13,0,182,1,1,1,4.69,2192601.0,1,1,08:54,intra_session_sparse
ACRS,2025-09-03,13,0,226,1,1,1,1.99,1304693.0,1,0,08:00,intra_session_sparse
ACRV,2025-09-03,13,0,79,1,1,1,1.34,240445.0,1,0,09:30,intra_session_sparse
ACTG,2025-09-03,13,0,89,1,1,1,3.33,787829.0,1,0,09:30,intra_session_sparse
ACVA,2025-09-03,13,0,359,1,1,1,11.62,34334943.0,1,1,09:30,intra_session_sparse
ACXP,2025-09-03,13,0,58,1,1,1,4.36,428458.0,1,0,08:00,intra_session_sparse
ADCT,2025-09-03,13,0,248,1,1,1,3.1,2105667.0,1,1,09:30,intra_session_sparse
ADEA,2025-09-03,13,0,187,1,1,1,14.9,8360234.0,1,1,09:30,intra_session_sparse
ADMA,2025-09-03,13,0,375,1,1,1,17.2,59767211.0,1,1,04:18,intra_session_sparse
ADNT,2025-09-03,13,13,0,0,0,0,24.45,28981823.0,0,0,,no_minute_file
ADPT,2025-09-03,13,0,368,1,1,1,12.84,27944082.0,1,1,09:30,intra_session_sparse
ADT,2025-09-03,13,0,376,1,1,1,8.59,81967636.0,1,1,07:14,intra_session_sparse
ADTN,2025-09-03,13,0,250,1,1,1,9.39,8441937.0,1,1,05:33,intra_session_sparse
ADUR,2025-09-03,13,0,124,1,1,1,11.27,2410970.0,1,1,08:00,intra_session_sparse
ADVB,2025-09-03,13,2,53,1,1,1,9.154,874050.0,1,0,09:30,intra_session_sparse
AEAQ,2025-09-03,13,13,0,0,0,0,,,0,0,,no_daily_history
AEBI,2025-09-03,13,0,287,1,1,1,12.0,4819866.0,1,1,05:35,intra_session_sparse
AEC,2025-09-03,13,13,0,0,0,0,,,0,0,,no_daily_history
AEG,2025-09-03,13,0,341,1,1,1,7.67,36460510.0,1,1,06:31,intra_session_sparse
AEHL,2025-09-03,13,13,0,1,0,0,21.84,244518.0,1,0,,no_session_bars_has_month_file
AEHR,2025-09-03,13,13,0,0,0,0,24.88,43824868.0,0,0,,no_minute_file
AEI,2025-09-03,13,0,373,1,1,1,1.62,245319.0,1,0,04:00,intra_session_sparse
AEO,2025-09-03,13,0,376,1,1,1,13.51,164363895.0,1,1,07:07,intra_session_sparse
AES,2025-09-03,13,0,375,1,1,1,13.41,102314734.0,1,1,07:20,intra_session_sparse
AESI,2025-09-03,13,0,375,1,1,1,11.32,17084292.0,1,1,04:48,intra_session_sparse
AEVA,2025-09-03,13,0,373,1,1,1,13.765,41388853.0,1,1,06:10,intra_session_sparse
AEXA,2025-09-03,13,13,0,0,0,0,,,0,0,,no_daily_history
AFYA,2025-09-03,13,1,108,1,1,1,15.03,1356123.0,1,0,09:30,intra_session_sparse
AG,2025-09-03,13,0,376,1,1,1,9.61,151199969.0,1,1,04:00,intra_session_sparse
AGBK,2025-09-03,13,13,0,0,0,0,,,0,0,,no_daily_history
AGCC,2025-09-03,13,13,0,0,0,0,,,0,0,,no_daily_history
AGEN,2025-09-03,13,0,152,1,1,1,4.16,2322767.0,1,1,09:25,intra_session_sparse
AGIG,2025-09-03,13,1,138,1,1,1,8.46,1200442.0,1,0,09:00,intra_session_sparse
AGL,2025-09-03,13,13,0,0,0,0,31.75,22125210.0,0,0,,no_minute_file
AGMH,2025-09-03,13,2,51,1,1,1,1.89,234900.0,1,0,08:20,intra_session_sparse
AGNC,2025-09-03,13,0,376,1,1,1,9.76,151011599.0,1,1,04:00,intra_session_sparse
AGNT,2025-09-03,13,0,316,1,1,1,10.53,10037954.0,1,1,07:32,intra_session_sparse
AGPU,2025-09-03,13,13,0,1,0,0,13.61,134508.0,1,0,,no_session_bars_has_month_file
AGRO,2025-09-03,13,0,205,1,1,1,8.37,4962401.0,1,1,09:30,intra_session_sparse
AGRZ,2025-09-03,13,13,0,0,0,0,,,0,0,,no_daily_history
AHCO,2025-09-03,13,0,311,1,1,1,9.15,10746505.0,1,1,09:04,intra_session_sparse
AHMA,2025-09-03,13,13,0,0,0,0,,,0,0,,no_daily_history
AI,2025-09-03,13,0,376,1,1,1,16.82,194454564.0,1,1,04:00,intra_session_sparse
AIAI,2025-09-03,13,13,0,0,0,0,,,0,0,,no_daily_history
AIB,2025-09-03,13,13,0,0,0,0,11.73,4967.0,0,0,,no_minute_file
AIDX,2025-09-03,13,13,0,0,0,0,,,0,0,,no_daily_history
AIFA,2025-09-03,13,13,0,1,0,0,1.1,29639.0,1,0,,no_session_bars_has_month_file
AIFC,2025-09-03,13,0,376,1,1,1,5.58,104000705.0,1,1,04:00,intra_session_sparse
AIFF,2025-09-03,13,1,178,1,1,1,2.7,12274536.0,1,1,05:42,intra_session_sparse
AIHS,2025-09-03,13,13,0,1,0,0,2.4,75138.0,1,0,,no_session_bars_has_month_file
AII,2025-09-03,13,2,72,1,1,1,19.74,1490344.0,1,0,09:33,intra_session_sparse
AIIA,2025-09-03,13,13,0,0,0,0,,,0,0,,no_daily_history
AIIO,2025-09-03,13,13,0,0,0,0,370.0,455738.0,0,0,,no_minute_file
AIM,2025-09-03,13,13,0,1,0,0,2.42,194090.0,1,0,,no_session_bars_has_month_file
AIMD,2025-09-03,13,2,45,1,1,1,3.66,23274879.0,1,1,08:17,intra_session_sparse
AIOS,2025-09-03,13,13,0,0,0,0,74.6,80273.0,0,0,,no_minute_file
AIOT,2025-09-03,13,0,339,1,1,1,4.54,7930260.0,1,1,05:22,intra_session_sparse
AIP,2025-09-03,13,0,266,1,1,1,9.05,23047545.0,1,1,09:23,intra_session_sparse
AIRE,2025-09-03,13,0,331,1,1,1,10.43,3428225.0,1,1,04:00,intra_session_sparse
AIRJ,2025-09-03,13,0,78,1,1,1,4.55,435633.0,1,0,09:30,intra_session_sparse
AIRO,2025-09-03,13,13,0,1,0,0,20.55,19980646.0,1,0,,no_session_bars_has_month_file
AIRS,2025-09-03,13,0,246,1,1,1,6.28,4553403.0,1,1,09:30,intra_session_sparse
AISP,2025-09-03,13,0,263,1,1,1,4.25,3002858.0,1,1,04:34,intra_session_sparse
AIV,2025-09-03,13,0,323,1,1,1,7.7,15982308.0,1,1,07:00,intra_session_sparse
AIXC,2025-09-03,13,13,0,1,0,0,1.79,97567.0,1,0,,no_session_bars_has_month_file
AKBA,2025-09-03,13,0,371,1,1,1,3.11,13785060.0,1,1,05:42,intra_session_sparse
AKTS,2025-09-03,13,13,0,0,0,0,0.037,3065789.0,0,0,,no_minute_file
ALBT,2025-09-03,13,13,0,1,0,0,2.03,166458.0,1,0,,no_session_bars_has_month_file
ALDX,2025-09-03,13,0,267,1,1,1,5.75,4384970.0,1,1,08:39,intra_session_sparse
ALEC,2025-09-03,13,0,313,1,1,1,2.59,3693234.0,1,1,05:37,intra_session_sparse
ALGS,2025-09-03,13,2,41,1,1,1,10.62,751748.0,1,0,09:32,intra_session_sparse
ALH,2025-09-03,13,13,0,0,0,0,,,0,0,,no_daily_history
ALHC,2025-09-03,13,0,360,1,1,1,16.64,42437229.0,1,1,08:00,intra_session_sparse
ALIS,2025-09-03,13,13,0,0,0,0,,,0,0,,no_daily_history
ALIT,2025-09-03,13,0,373,1,1,1,3.93,43322637.0,1,1,04:00,intra_session_sparse
ALKT,2025-09-03,13,13,0,0,0,0,24.56,37182408.0,0,0,,no_minute_file
ALLO,2025-09-03,13,0,360,1,1,1,1.12,4964668.0,1,1,04:40,intra_session_sparse
ALLR,2025-09-03,13,0,340,1,1,1,1.6,30092766.0,1,1,04:15,intra_session_sparse
ALLT,2025-09-03,13,2,318,1,1,1,8.06,4188897.0,1,1,07:04,intra_session_sparse
ALM,2025-09-03,13,0,182,1,1,1,4.39,3341561.0,1,1,05:31,intra_session_sparse
ALMS,2025-09-03,13,0,238,1,1,1,4.7,3157228.0,1,1,09:30,intra_session_sparse
ALMU,2025-09-03,13,2,188,1,1,1,20.23,5099676.0,1,0,08:00,intra_session_sparse
ALOY,2025-09-03,13,2,20,1,1,1,6.25,306951.0,1,0,09:28,intra_session_sparse
ALP,2025-09-03,13,0,195,1,1,1,6.96,434210.0,1,0,09:00,intra_session_sparse
ALPS,2025-09-03,13,13,0,0,0,0,,,0,0,,no_daily_history
ALT,2025-09-03,13,0,342,1,1,1,3.75,11035984.0,1,1,04:04,intra_session_sparse
ALTG,2025-09-03,13,0,180,1,1,1,8.15,2068930.0,1,1,09:30,intra_session_sparse
ALTO,2025-09-03,13,0,38,1,1,1,1.13,234333.0,1,0,09:30,intra_session_sparse
ALVO,2025-09-03,13,0,195,1,1,1,7.95,4223486.0,1,1,08:00,intra_session_sparse
ALXO,2025-09-03,13,0,143,1,1,1,1.03,1659542.0,1,0,08:00,intra_session_sparse
AM,2025-09-03,13,0,351,1,1,1,17.68,42373822.0,1,1,09:01,intra_session_sparse
AMBO,2025-09-03,13,13,0,0,0,0,3.4,140984.0,0,0,,no_minute_file
AMBP,2025-09-03,13,0,331,1,1,1,3.63,3718155.0,1,1,08:00,intra_session_sparse
AMC,2025-09-03,13,0,376,1,1,1,2.77,33097647.0,1,1,04:01,intra_session_sparse
AMCI,2025-09-03,13,2,22,1,1,1,11.98,285213.0,1,0,09:52,intra_session_sparse
AMCX,2025-09-03,13,0,222,1,1,1,7.21,5054352.0,1,1,09:19,intra_session_sparse
AMIX,2025-09-03,13,0,279,1,1,1,1.24,375010.0,1,0,04:00,intra_session_sparse
AMLX,2025-09-03,13,0,309,1,1,1,9.98,11127541.0,1,1,09:30,intra_session_sparse
AMN,2025-09-03,13,0,306,1,1,1,20.5,22020319.0,1,0,09:30,intra_session_sparse
AMOD,2025-09-03,13,13,0,1,0,0,1.03,191725.0,1,0,,no_session_bars_has_month_file
AMPG,2025-09-03,13,0,332,1,1,1,4.07,3277621.0,1,1,04:02,intra_session_sparse
AMPH,2025-09-03,13,13,0,0,0,0,30.81,17757611.0,0,0,,no_minute_file
AMPL,2025-09-03,13,0,365,1,1,1,10.76,24026101.0,1,1,09:30,intra_session_sparse
AMPX,2025-09-03,13,0,374,1,1,1,7.32,55230440.0,1,1,04:00,intra_session_sparse
AMPY,2025-09-03,13,0,235,1,1,1,4.17,2235526.0,1,1,09:28,intra_session_sparse
AMRN,2025-09-03,13,2,71,1,1,1,15.18,969562.0,1,0,09:30,intra_session_sparse
AMRX,2025-09-03,13,0,301,1,1,1,9.58,15489526.0,1,1,08:19,intra_session_sparse
AMST,2025-09-03,13,13,0,1,0,0,2.68,47625.0,1,0,,no_session_bars_has_month_file
AMTB,2025-09-03,13,13,0,1,0,0,21.25,3517953.0,1,0,,no_session_bars_has_month_file
AMTX,2025-09-03,13,0,176,1,1,1,2.48,1815554.0,1,0,08:00,intra_session_sparse
ANAB,2025-09-03,13,13,0,1,0,0,20.61,9330806.0,1,0,,no_session_bars_has_month_file
ANDG,2025-09-03,13,13,0,0,0,0,,,0,0,,no_daily_history
ANGH,2025-09-03,13,13,0,0,0,0,3.12,64386.0,0,0,,no_minute_file
ANGI,2025-09-03,13,0,240,1,1,1,17.56,13778773.0,1,1,09:30,intra_session_sparse
ANGO,2025-09-03,13,0,182,1,1,1,10.46,3352383.0,1,1,09:30,intra_session_sparse
ANGX,2025-09-03,13,13,0,0,0,0,,,0,0,,no_daily_history
ANIK,2025-09-03,13,2,101,1,1,1,9.15,1065522.0,1,0,09:30,intra_session_sparse
ANIX,2025-09-03,13,13,0,1,0,0,3.09,195641.0,1,0,,no_session_bars_has_month_file
ANNA,2025-09-03,13,13,0,0,0,0,4.093,43313.0,0,0,,no_minute_file
ANNX,2025-09-03,13,0,351,1,1,1,2.07,2841717.0,1,1,08:00,intra_session_sparse
ANPA,2025-09-03,13,13,0,0,0,0,42.1,1656269.0,0,0,,no_minute_file
ANRO,2025-09-03,13,2,51,1,1,1,3.88,327819.0,1,0,08:15,intra_session_sparse
ANSC,2025-09-03,13,13,0,0,0,0,10.93,76920.0,0,0,,no_minute_file
ANTX,2025-09-03,13,13,0,0,0,0,1.15,90349.0,0,0,,no_minute_file
ANVS,2025-09-03,13,2,66,1,1,1,2.33,604838.0,1,0,09:30,intra_session_sparse
ANY,2025-09-03,13,2,142,1,1,1,6.098,655188.0,1,0,07:01,intra_session_sparse
AOMR,2025-09-03,13,0,125,1,1,1,9.56,2278078.0,1,1,09:30,intra_session_sparse
AOSL,2025-09-03,13,13,0,0,0,0,28.26,6163992.0,0,0,,no_minute_file
AP,2025-09-03,13,13,0,0,0,0,2.76,139100.0,0,0,,no_minute_file
APC,2025-09-03,13,13,0,0,0,0,,,0,0,,no_daily_history
APLD,2025-09-03,13,0,376,1,1,1,15.26,437803475.0,1,1,04:01,intra_session_sparse
APLE,2025-09-03,13,0,347,1,1,1,12.82,38035736.0,1,1,07:52,intra_session_sparse
APLM,2025-09-03,13,13,0,1,0,0,4.21,111924.0,1,0,,no_session_bars_has_month_file
APM,2025-09-03,13,0,164,1,1,1,1.86,87135687.0,1,1,04:37,intra_session_sparse
APPN,2025-09-03,13,13,0,0,0,0,30.68,35466642.0,0,0,,no_minute_file
APPS,2025-09-03,13,0,342,1,1,1,4.15,18488529.0,1,1,05:14,intra_session_sparse
APVO,2025-09-03,13,13,0,0,0,0,28.8,300016.0,0,0,,no_minute_file
APXT,2025-09-03,13,13,0,0,0,0,,,0,0,,no_daily_history
AQB,2025-09-03,13,0,195,1,1,1,1.07,7449414.0,1,1,04:13,intra_session_sparse
AQMS,2025-09-03,13,13,0,1,0,0,3.61,155731.0,1,0,,no_session_bars_has_month_file
AQN,2025-09-03,13,0,352,1,1,1,5.65,35527666.0,1,1,09:30,intra_session_sparse
AQST,2025-09-03,13,0,332,1,1,1,3.83,6004337.0,1,1,07:00,intra_session_sparse
ARAI,2025-09-03,13,0,101,1,1,1,4.39,1078445.0,1,0,04:00,intra_session_sparse
ARBB,2025-09-03,13,13,0,1,0,0,4.61,56277.0,1,0,,no_session_bars_has_month_file
ARBE,2025-09-03,13,0,201,1,1,1,1.25,1475816.0,1,0,04:11,intra_session_sparse
ARCC,2025-09-03,13,13,0,0,0,0,22.32,70398038.0,0,0,,no_minute_file
ARCO,2025-09-03,13,0,291,1,1,1,6.93,11183630.0,1,1,09:30,intra_session_sparse
ARCT,2025-09-03,13,0,239,1,1,1,16.7,12387896.0,1,1,09:08,intra_session_sparse
ARDT,2025-09-03,13,0,149,1,1,1,12.67,4592134.0,1,1,09:19,intra_session_sparse
ARDX,2025-09-03,13,0,371,1,1,1,6.4,24635231.0,1,1,07:21,intra_session_sparse
AREC,2025-09-03,13,0,349,1,1,1,1.95,8261555.0,1,1,04:54,intra_session_sparse
ARHS,2025-09-03,13,0,320,1,1,1,11.24,28809262.0,1,1,09:05,intra_session_sparse
ARI,2025-09-03,13,0,222,1,1,1,10.5,7395013.0,1,1,09:30,intra_session_sparse
ARIS,2025-09-03,13,0,357,1,1,1,8.75,14334319.0,1,1,06:43,intra_session_sparse
ARKO,2025-09-03,13,0,191,1,1,1,5.05,2705843.0,1,1,08:00,intra_session_sparse
ARLO,2025-09-03,13,0,359,1,1,1,17.94,31136919.0,1,1,06:14,intra_session_sparse
ARMP,2025-09-03,13,13,0,0,0,0,2.55,23596.0,0,0,,no_minute_file
ARQ,2025-09-03,13,0,208,1,1,1,7.3,2642683.0,1,1,09:30,intra_session_sparse
ARQQ,2025-09-03,13,13,0,0,0,0,27.74,11002694.0,0,0,,no_minute_file
ARQT,2025-09-03,13,0,351,1,1,1,15.32,26685727.0,1,1,07:37,intra_session_sparse
ARR,2025-09-03,13,0,358,1,1,1,15.15,74663643.0,1,1,04:32,intra_session_sparse
ARRY,2025-09-03,13,0,376,1,1,1,9.145,70844681.0,1,1,06:16,intra_session_sparse
ARTL,2025-09-03,13,13,0,1,0,0,27.15,282548.0,1,0,,no_session_bars_has_month_file
ARTV,2025-09-03,13,13,0,1,0,0,3.09,180387.0,1,0,,no_session_bars_has_month_file
ARVN,2025-09-03,13,0,300,1,1,1,7.9,13252334.0,1,1,09:04,intra_session_sparse
ARX,2025-09-03,13,13,0,1,0,0,21.22,31083524.0,1,0,,no_session_bars_has_month_file
ASAN,2025-09-03,13,0,376,1,1,1,13.92,49345699.0,1,1,04:00,intra_session_sparse
ASBP,2025-09-03,13,13,0,0,0,0,690.48,15992456.0,0,0,,no_minute_file
ASC,2025-09-03,13,0,280,1,1,1,11.68,5521148.0,1,1,05:55,intra_session_sparse
ASIC,2025-09-03,13,13,0,1,0,0,22.25,2306606.0,1,0,,no_session_bars_has_month_file
ASIX,2025-09-03,13,13,0,1,0,0,21.01,4585332.0,1,0,,no_session_bars_has_month_file
ASLE,2025-09-03,13,0,201,1,1,1,8.43,5277868.0,1,1,09:30,intra_session_sparse
ASM,2025-09-03,13,0,373,1,1,1,4.65,21247220.0,1,1,04:25,intra_session_sparse
ASPC,2025-09-03,13,13,0,0,0,0,10.3,17574.0,0,0,,no_minute_file
ASPI,2025-09-03,13,0,376,1,1,1,8.67,47595369.0,1,1,04:00,intra_session_sparse
ASPN,2025-09-03,13,0,305,1,1,1,6.66,17862635.0,1,1,04:06,intra_session_sparse
ASRT,2025-09-03,13,2,68,1,1,1,11.91,220964.0,1,0,04:03,intra_session_sparse
ASST,2025-09-03,13,13,0,0,0,0,129.2,18522127.0,0,0,,no_minute_file
ASTC,2025-09-03,13,13,0,0,0,0,5.24,23528.0,0,0,,no_minute_file
ASTH,2025-09-03,13,13,0,0,0,0,31.88,13759393.0,0,0,,no_minute_file
ASTI,2025-09-03,13,1,113,1,1,1,1.93,2114081.0,1,1,04:49,intra_session_sparse
ASTL,2025-09-03,13,0,298,1,1,1,4.83,5018079.0,1,1,09:30,intra_session_sparse
ASX,2025-09-03,13,0,368,1,1,1,10.28,65637455.0,1,1,05:10,intra_session_sparse
ASYS,2025-09-03,13,0,51,1,1,1,5.925,484440.0,1,0,08:00,intra_session_sparse
ATAI,2025-09-03,13,0,359,1,1,1,4.59,24135487.0,1,1,04:07,intra_session_sparse
ATCH,2025-09-03,13,13,0,1,0,0,0.176,1542027.0,1,0,,no_session_bars_has_month_file
ATCX,2025-09-03,13,13,0,0,0,0,,,0,0,,no_daily_history
ATEC,2025-09-03,13,0,357,1,1,1,15.68,38608603.0,1,1,07:10,intra_session_sparse
ATEN,2025-09-03,13,0,241,1,1,1,17.34,14084379.0,1,1,09:30,intra_session_sparse
ATER,2025-09-03,13,13,0,0,0,0,0.976,122721.0,0,0,,no_minute_file
ATEX,2025-09-03,13,13,0,0,0,0,22.67,5166907.0,0,0,,no_minute_file
ATII,2025-09-03,13,13,0,1,0,0,10.2,547198.0,1,0,,no_session_bars_has_month_file
ATLX,2025-09-03,13,2,195,1,1,1,5.15,3388168.0,1,1,08:00,intra_session_sparse
ATOM,2025-09-03,13,0,212,1,1,1,3.22,1461678.0,1,0,04:21,intra_session_sparse
ATPC,2025-09-03,13,13,0,0,0,0,66.0,61920.0,0,0,,no_minute_file
ATRA,2025-09-03,13,2,62,1,1,1,12.34,637695.0,1,0,06:47,intra_session_sparse
ATYR,2025-09-03,13,0,376,1,1,1,5.65,20945515.0,1,1,04:00,intra_session_sparse
AUID,2025-09-03,13,2,14,1,1,1,4.27,211924.0,1,0,09:38,intra_session_sparse
AUNA,2025-09-03,13,13,0,1,0,0,6.33,165857.0,1,0,,no_session_bars_has_month_file
AUPH,2025-09-03,13,0,334,1,1,1,11.68,24530395.0,1,1,07:54,intra_session_sparse
AUR,2025-09-03,13,0,376,1,1,1,5.8,127305423.0,1,1,04:02,intra_session_sparse
AURA,2025-09-03,13,1,129,1,1,1,6.31,948612.0,1,0,07:33,intra_session_sparse
AURE,2025-09-03,13,2,40,1,1,1,6.137,451007.0,1,0,08:00,intra_session_sparse
AUST,2025-09-03,13,13,0,1,0,0,1.61,147393.0,1,0,,no_session_bars_has_month_file
AUUD,2025-09-03,13,1,72,1,1,1,17.09,15313020.0,1,1,04:12,intra_session_sparse
AVAH,2025-09-03,13,0,305,1,1,1,8.24,14247663.0,1,1,08:23,intra_session_sparse
AVBC,2025-09-03,13,1,147,1,1,1,15.5,3525236.0,1,1,09:30,intra_session_sparse
AVBP,2025-09-03,13,0,104,1,1,1,19.84,5309831.0,1,1,09:30,intra_session_sparse
AVIR,2025-09-03,13,2,151,1,1,1,3.4,1158273.0,1,0,09:30,intra_session_sparse
AVNS,2025-09-03,13,0,214,1,1,1,11.96,9002016.0,1,1,07:00,intra_session_sparse
AVNW,2025-09-03,13,13,0,0,0,0,22.41,2227269.0,0,0,,no_minute_file
AVO,2025-09-03,13,0,245,1,1,1,12.43,3044052.0,1,1,09:30,intra_session_sparse
AVPT,2025-09-03,13,0,337,1,1,1,16.24,26663324.0,1,1,08:00,intra_session_sparse
AVR,2025-09-03,13,2,116,1,1,1,4.11,365877.0,1,0,09:30,intra_session_sparse
AVTR,2025-09-03,13,0,376,1,1,1,13.29,162269608.0,1,1,09:01,intra_session_sparse
AVTX,2025-09-03,13,0,179,1,1,1,9.02,2692108.0,1,1,09:28,intra_session_sparse
AVX,2025-09-03,13,2,79,1,1,1,2.52,2438033.0,1,1,08:00,intra_session_sparse
AVXL,2025-09-03,13,0,312,1,1,1,9.48,8976620.0,1,1,06:05,intra_session_sparse
AWX,2025-09-03,13,13,0,0,0,0,2.5,8871.0,0,0,,no_minute_file
AXG,2025-09-03,13,0,366,1,1,1,4.22,3372619.0,1,1,04:51,intra_session_sparse
AXGN,2025-09-03,13,1,222,1,1,1,15.71,25321204.0,1,1,09:30,intra_session_sparse
AXIL,2025-09-03,13,13,0,0,0,0,5.29,123087.0,0,0,,no_minute_file
AXTI,2025-09-03,13,0,255,1,1,1,3.28,1593336.0,1,0,04:20,intra_session_sparse
AYA,2025-09-03,13,13,0,0,0,0,,,0,0,,no_daily_history
AZ,2025-09-03,13,1,241,1,1,1,9.1,1581361.0,1,0,07:20,intra_session_sparse
AZI,2025-09-03,13,13,0,0,0,0,115.0,387150.0,0,0,,no_minute_file
AZTA,2025-09-03,13,13,0,0,0,0,30.16,20175497.0,0,0,,no_minute_file
AZTR,2025-09-03,13,13,0,0,0,0,0.972,7940895.0,0,0,,no_minute_file
BACC,2025-09-03,13,13,0,1,0,0,9.951,1786324.0,1,0,,no_session_bars_has_month_file
BAER,2025-09-03,13,2,99,1,1,1,2.07,555352.0,1,0,07:19,intra_session_sparse
BALY,2025-09-03,13,2,20,1,1,1,9.87,407751.0,1,0,09:30,intra_session_sparse
BANC,2025-09-03,13,0,365,1,1,1,16.71,31112547.0,1,1,09:08,intra_session_sparse
BAND,2025-09-03,13,2,152,1,1,1,15.25,2698480.0,1,1,09:30,intra_session_sparse
BAOS,2025-09-03,13,13,0,1,0,0,2.85,88886.0,1,0,,no_session_bars_has_month_file
BARK,2025-09-03,13,0,255,1,1,1,18.0,637534.0,1,0,09:10,intra_session_sparse
BATL,2025-09-03,13,0,49,1,1,1,1.17,437653.0,1,0,04:19,intra_session_sparse
BAX,2025-09-03,13,13,0,0,0,0,24.17,184899070.0,0,0,,no_minute_file
BB,2025-09-03,13,0,352,1,1,1,3.78,25272898.0,1,1,07:33,intra_session_sparse
BBAI,2025-09-03,13,0,376,1,1,1,5.02,436000060.0,1,1,04:00,intra_session_sparse
BBAR,2025-09-03,13,0,277,1,1,1,12.35,10336175.0,1,1,08:00,intra_session_sparse
BBBY,2025-09-03,13,0,354,1,1,1,8.14,22510979.0,1,1,07:05,intra_session_sparse
BBCQ,2025-09-03,13,13,0,0,0,0,,,0,0,,no_daily_history
BBDC,2025-09-03,13,0,218,1,1,1,9.83,4458397.0,1,1,07:04,intra_session_sparse
BBGI,2025-09-03,13,13,0,1,0,0,4.73,25318.0,1,0,,no_session_bars_has_month_file
BBLG,2025-09-03,13,13,0,1,0,0,2.12,80092.0,1,0,,no_session_bars_has_month_file
BBNX,2025-09-03,13,2,253,1,1,1,19.02,9962980.0,1,1,08:04,intra_session_sparse
BBOT,2025-09-03,13,2,77,1,1,1,9.58,1617992.0,1,0,09:38,intra_session_sparse
BBVA,2025-09-03,13,0,325,1,1,1,18.08,27164695.0,1,1,04:22,intra_session_sparse
BBWI,2025-09-03,13,13,0,0,0,0,29.56,166940802.0,0,0,,no_minute_file
BCAL,2025-09-03,13,2,90,1,1,1,16.82,1368463.0,1,0,09:30,intra_session_sparse
BCAR,2025-09-03,13,13,0,1,0,0,9.9,1963799.0,1,0,,no_session_bars_has_month_file
BCAX,2025-09-03,13,2,197,1,1,1,11.9,3216753.0,1,1,09:27,intra_session_sparse
BCDA,2025-09-03,13,13,0,1,0,0,1.975,159257.0,1,0,,no_session_bars_has_month_file
BCG,2025-09-03,13,13,0,0,0,0,1.87,21316.0,0,0,,no_minute_file
BCHT,2025-09-03,13,13,0,0,0,0,,,0,0,,no_daily_history
BCRX,2025-09-03,13,0,360,1,1,1,8.29,19410234.0,1,1,09:29,intra_session_sparse
BCS,2025-09-03,13,0,376,1,1,1,19.56,208550517.0,1,1,04:15,intra_session_sparse
BCSF,2025-09-03,13,1,162,1,1,1,15.6,3815609.0,1,1,04:00,intra_session_sparse
BCTX,2025-09-03,13,0,82,1,1,1,8.47,770444.0,1,0,05:28,intra_session_sparse
BDCI,2025-09-03,13,13,0,0,0,0,,,0,0,,no_daily_history
BDMD,2025-09-03,13,1,79,1,1,1,2.37,598990.0,1,0,09:30,intra_session_sparse
BDRX,2025-09-03,13,13,0,0,0,0,26.8,147046.0,0,0,,no_minute_file
BDSX,2025-09-03,13,0,161,1,1,1,8.672,627609.0,1,0,04:11,intra_session_sparse
BDTX,2025-09-03,13,0,254,1,1,1,2.8,2306902.0,1,1,04:43,intra_session_sparse
BEAG,2025-09-03,13,2,7,1,1,1,10.36,956201.0,1,0,09:41,intra_session_sparse
BEAM,2025-09-03,13,0,376,1,1,1,16.31,41018698.0,1,1,06:45,intra_session_sparse
BEAT,2025-09-03,13,13,0,0,0,0,1.49,147029.0,0,0,,no_minute_file
BEEM,2025-09-03,13,2,117,1,1,1,2.66,528129.0,1,0,08:00,intra_session_sparse
BENF,2025-09-03,13,2,116,1,1,1,3.036,2917474.0,1,1,04:07,intra_session_sparse
BETA,2025-09-03,13,13,0,0,0,0,,,0,0,,no_daily_history
BFLY,2025-09-03,13,0,341,1,1,1,1.54,5059990.0,1,1,07:39,intra_session_sparse
BFRG,2025-09-03,13,13,0,0,0,0,1.22,125205.0,0,0,,no_minute_file
BGC,2025-09-03,13,0,319,1,1,1,9.67,23741046.0,1,1,09:15,intra_session_sparse
BGDE,2025-09-03,13,13,0,1,0,0,7.9,78945.0,1,0,,no_session_bars_has_month_file
BGI,2025-09-03,13,13,0,1,0,0,0.811,198794.0,1,0,,no_session_bars_has_month_file
BGIN,2025-09-03,13,13,0,0,0,0,,,0,0,,no_daily_history
BGL,2025-09-03,13,2,91,1,1,1,10.07,1243900.0,1,0,08:00,intra_session_sparse
BGLC,2025-09-03,13,2,31,1,1,1,5.69,334473.0,1,0,08:08,intra_session_sparse
BGMS,2025-09-03,13,2,44,1,1,1,7.69,1592841.0,1,0,04:04,intra_session_sparse
BGS,2025-09-03,13,0,333,1,1,1,4.36,10546272.0,1,1,08:00,intra_session_sparse
BGSF,2025-09-03,13,13,0,1,0,0,6.05,163384.0,1,0,,no_session_bars_has_month_file
BHAV,2025-09-03,13,13,0,0,0,0,,,0,0,,no_daily_history
BHC,2025-09-03,13,0,344,1,1,1,7.68,35324950.0,1,1,08:00,intra_session_sparse
BHK,2025-09-03,13,2,181,1,1,1,9.62,2804172.0,1,1,09:30,intra_session_sparse
BHR,2025-09-03,13,0,219,1,1,1,2.76,1569397.0,1,0,09:01,intra_session_sparse
BHVN,2025-09-03,13,0,356,1,1,1,15.89,29538391.0,1,1,06:18,intra_session_sparse
BIAF,2025-09-03,13,13,0,1,0,0,7.101,127253.0,1,0,,no_session_bars_has_month_file
BIII,2025-09-03,13,13,0,0,0,0,,,0,0,,no_daily_history
BIOA,2025-09-03,13,1,132,1,1,1,4.65,639491.0,1,0,06:05,intra_session_sparse
BIOX,2025-09-03,13,2,212,1,1,1,2.89,913098.0,1,0,09:30,intra_session_sparse
BIRD,2025-09-03,13,2,60,1,1,1,6.79,521271.0,1,0,09:30,intra_session_sparse
BIYA,2025-09-03,13,13,0,1,0,0,13.62,194233.0,1,0,,no_session_bars_has_month_file
BJDX,2025-09-03,13,2,42,1,1,1,5.48,9721791.0,1,1,07:58,intra_session_sparse
BKD,2025-09-03,13,0,355,1,1,1,7.71,21827959.0,1,1,09:30,intra_session_sparse
BKKT,2025-09-03,13,0,311,1,1,1,9.2,12498480.0,1,1,04:02,intra_session_sparse
BKSY,2025-09-03,13,0,324,1,1,1,17.06,29400288.0,1,1,07:13,intra_session_sparse
BLCO,2025-09-03,13,0,187,1,1,1,14.81,9253186.0,1,1,09:30,intra_session_sparse
BLDP,2025-09-03,13,0,346,1,1,1,1.86,6909884.0,1,1,04:22,intra_session_sparse
BLFS,2025-09-03,13,13,0,0,0,0,25.34,14748682.0,0,0,,no_minute_file
BLMN,2025-09-03,13,0,370,1,1,1,7.07,24300790.0,1,1,04:53,intra_session_sparse
BLND,2025-09-03,13,0,361,1,1,1,3.47,11546060.0,1,1,04:00,intra_session_sparse
BLNE,2025-09-03,13,1,195,1,1,1,1.68,3058549.0,1,1,04:01,intra_session_sparse
BLNK,2025-09-03,13,0,279,1,1,1,1.1,3161848.0,1,1,05:02,intra_session_sparse
BLUW,2025-09-03,13,2,9,1,1,1,9.94,1341871.0,1,0,10:22,intra_session_sparse
BLZE,2025-09-03,13,0,245,1,1,1,8.19,5786735.0,1,1,07:50,intra_session_sparse
BLZR,2025-09-03,13,13,0,0,0,0,,,0,0,,no_daily_history
BMBL,2025-09-03,13,0,370,1,1,1,6.1,31037067.0,1,1,09:27,intra_session_sparse
BMEA,2025-09-03,13,0,211,1,1,1,2.03,1153747.0,1,0,08:24,intra_session_sparse
BMNR,2025-09-03,13,13,0,0,0,0,42.49,3407565219.0,0,0,,no_minute_file
BMR,2025-09-03,13,2,78,1,1,1,2.75,1568232.0,1,0,08:00,intra_session_sparse
BMRA,2025-09-03,13,0,242,1,1,1,3.0,7246235.0,1,1,08:19,intra_session_sparse
BNAI,2025-09-03,13,13,0,0,0,0,3.021,81756.0,0,0,,no_minute_file
BNBX,2025-09-03,13,2,84,1,1,1,3.03,308896.0,1,0,07:35,intra_session_sparse
BNC,2025-09-03,13,0,252,1,1,1,19.6,8724230.0,1,1,04:02,intra_session_sparse
BNED,2025-09-03,13,0,163,1,1,1,8.79,2764533.0,1,1,09:30,intra_session_sparse
BNGO,2025-09-03,13,0,108,1,1,1,4.09,584120.0,1,0,04:00,intra_session_sparse
BNKK,2025-09-03,13,0,288,1,1,1,15.67,5721491.0,1,1,04:02,intra_session_sparse
BNL,2025-09-03,13,0,334,1,1,1,18.46,29552695.0,1,1,09:30,intra_session_sparse
BNTC,2025-09-03,13,2,43,1,1,1,13.775,509149.0,1,0,09:19,intra_session_sparse
BOBS,2025-09-03,13,13,0,0,0,0,,,0,0,,no_daily_history
BOC,2025-09-03,13,2,157,1,1,1,13.59,3238191.0,1,1,09:30,intra_session_sparse
BODI,2025-09-03,13,13,0,0,0,0,5.36,135285.0,0,0,,no_minute_file
BOF,2025-09-03,13,13,0,0,0,0,2.12,180754.0,0,0,,no_minute_file
BON,2025-09-03,13,13,0,1,0,0,1.48,132293.0,1,0,,no_session_bars_has_month_file
BOOM,2025-09-03,13,0,158,1,1,1,6.68,1641018.0,1,0,09:30,intra_session_sparse
BORR,2025-09-03,13,0,364,1,1,1,2.76,14897630.0,1,1,06:04,intra_session_sparse
BOXL,2025-09-03,13,13,0,1,0,0,11.15,34646.0,1,0,,no_session_bars_has_month_file
BPAC,2025-09-03,13,13,0,0,0,0,,,0,0,,no_daily_history
BQ,2025-09-03,13,13,0,1,0,0,2.73,61956.0,1,0,,no_session_bars_has_month_file
BRAI,2025-09-03,13,13,0,0,0,0,,,0,0,,no_daily_history
BRBI,2025-09-03,13,13,0,0,0,0,,,0,0,,no_daily_history
BRBR,2025-09-03,13,13,0,0,0,0,41.62,182823091.0,0,0,,no_minute_file
BRBS,2025-09-03,13,1,124,1,1,1,4.05,1776787.0,1,0,09:30,intra_session_sparse
BRCB,2025-09-03,13,13,0,0,0,0,,,0,0,,no_daily_history
BRIA,2025-09-03,13,13,0,1,0,0,2.56,6903.0,1,0,,no_session_bars_has_month_file
BRLS,2025-09-03,13,13,0,0,0,0,2.81,34574.0,0,0,,no_minute_file
BRLT,2025-09-03,13,1,166,1,1,1,2.79,6611035.0,1,1,07:48,intra_session_sparse
BRR,2025-09-03,13,2,45,1,1,1,10.16,2893077.0,1,1,04:01,intra_session_sparse
BRSL,2025-09-03,13,0,352,1,1,1,16.41,27588244.0,1,1,08:55,intra_session_sparse
BRSP,2025-09-03,13,0,213,1,1,1,5.75,3477493.0,1,1,09:30,intra_session_sparse
BRUN,2025-09-03,13,13,0,1,0,0,10.26,55008.0,1,0,,no_session_bars_has_month_file
BRZE,2025-09-03,13,13,0,0,0,0,27.04,31360937.0,0,0,,no_minute_file
BSBR,2025-09-03,13,0,278,1,1,1,5.22,4219639.0,1,1,09:02,intra_session_sparse
BSM,2025-09-03,13,0,263,1,1,1,12.2,6403215.0,1,1,04:08,intra_session_sparse
BTAI,2025-09-03,13,0,345,1,1,1,3.8,88433245.0,1,1,04:00,intra_session_sparse
BTBD,2025-09-03,13,0,376,1,1,1,1.85,617488.0,1,0,08:25,intra_session_sparse
BTBT,2025-09-03,13,0,376,1,1,1,2.61,84333213.0,1,1,04:00,intra_session_sparse
BTCS,2025-09-03,13,0,340,1,1,1,4.08,20479714.0,1,1,04:07,intra_session_sparse
BTDR,2025-09-03,13,0,371,1,1,1,14.24,45669180.0,1,1,04:16,intra_session_sparse
BTE,2025-09-03,13,0,374,1,1,1,2.36,39534826.0,1,1,05:55,intra_session_sparse
BTG,2025-09-03,13,0,376,1,1,1,4.27,122920065.0,1,1,04:01,intra_session_sparse
BTGO,2025-09-03,13,13,0,0,0,0,,,0,0,,no_daily_history
BTOC,2025-09-03,13,13,0,0,0,0,1.29,29235.0,0,0,,no_minute_file
BTOG,2025-09-03,13,13,0,1,0,0,21.44,8101282.0,1,0,,no_session_bars_has_month_file
BTQ,2025-09-03,13,13,0,0,0,0,,,0,0,,no_daily_history
BTTC,2025-09-03,13,0,50,1,1,1,3.64,429099.0,1,0,04:10,intra_session_sparse
BTU,2025-09-03,13,0,374,1,1,1,16.78,70359680.0,1,1,04:24,intra_session_sparse
BUDA,2025-09-03,13,13,0,0,0,0,,,0,0,,no_daily_history
BULL,2025-09-03,13,0,376,1,1,1,13.45,174036296.0,1,1,04:00,intra_session_sparse
BUR,2025-09-03,13,0,292,1,1,1,13.81,19117940.0,1,1,04:00,intra_session_sparse
BURU,2025-09-03,13,13,0,0,0,0,0.808,2997376.0,0,0,,no_minute_file
BV,2025-09-03,13,0,285,1,1,1,14.29,14790252.0,1,1,09:30,intra_session_sparse
BVC,2025-09-03,13,13,0,1,0,0,6.952,27802.0,1,0,,no_session_bars_has_month_file
BVN,2025-09-03,13,0,322,1,1,1,19.64,18819518.0,1,1,07:00,intra_session_sparse
BVS,2025-09-03,13,0,154,1,1,1,7.22,3968913.0,1,1,09:30,intra_session_sparse
BW,2025-09-03,13,0,330,1,1,1,2.42,3778972.0,1,1,08:00,intra_session_sparse
BWB,2025-09-03,13,2,25,1,1,1,16.47,736180.0,1,0,09:30,intra_session_sparse
BWEN,2025-09-03,13,2,57,1,1,1,2.05,442836.0,1,0,09:30,intra_session_sparse
BWIN,2025-09-03,13,13,0,0,0,0,31.62,35615145.0,0,0,,no_minute_file
BWLP,2025-09-03,13,0,272,1,1,1,15.25,5929248.0,1,1,04:03,intra_session_sparse
BWMX,2025-09-03,13,2,36,1,1,1,13.37,633144.0,1,0,08:00,intra_session_sparse
BYAH,2025-09-03,13,13,0,0,0,0,25.24,460911.0,0,0,,no_minute_file
BYND,2025-09-03,13,0,348,1,1,1,2.37,6119807.0,1,1,04:30,intra_session_sparse
BYRN,2025-09-03,13,13,0,1,0,0,20.8,9123240.0,1,0,,no_session_bars_has_month_file
BZ,2025-09-03,13,13,0,0,0,0,23.73,109589131.0,0,0,,no_minute_file
BZAI,2025-09-03,13,0,341,1,1,1,3.43,4234549.0,1,1,07:24,intra_session_sparse
BZFD,2025-09-03,13,0,163,1,1,1,1.94,633786.0,1,0,09:22,intra_session_sparse
BZH,2025-09-03,13,13,0,0,0,0,24.84,8787826.0,0,0,,no_minute_file
CAAP,2025-09-03,13,13,0,1,0,0,21.18,2858626.0,1,0,,no_session_bars_has_month_file
CABA,2025-09-03,13,0,284,1,1,1,1.45,2120892.0,1,1,08:00,intra_session_sparse
CABR,2025-09-03,13,13,0,0,0,0,,,0,0,,no_daily_history
CADL,2025-09-03,13,0,364,1,1,1,5.86,3493642.0,1,1,05:23,intra_session_sparse
CAG,2025-09-03,13,0,376,1,1,1,18.77,229180187.0,1,1,04:00,intra_session_sparse
CAI,2025-09-03,13,13,0,0,0,0,36.56,25214197.0,0,0,,no_minute_file
CAL,2025-09-03,13,0,287,1,1,1,14.8,9586470.0,1,1,09:30,intra_session_sparse
CALC,2025-09-03,13,13,0,1,0,0,3.1,146837.0,1,0,,no_session_bars_has_month_file
CALY,2025-09-03,13,0,340,1,1,1,9.43,27190332.0,1,1,07:07,intra_session_sparse
CAMP,2025-09-03,13,13,0,1,0,0,1.56,162661.0,1,0,,no_session_bars_has_month_file
CANG,2025-09-03,13,1,249,1,1,1,4.67,2092823.0,1,1,05:41,intra_session_sparse
CAPR,2025-09-03,13,0,246,1,1,1,6.33,10329579.0,1,1,05:52,intra_session_sparse
CAPS,2025-09-03,13,2,69,1,1,1,1.18,9298937.0,1,1,05:27,intra_session_sparse
CARE,2025-09-03,13,2,60,1,1,1,19.38,1295671.0,1,0,08:35,intra_session_sparse
CARL,2025-09-03,13,2,98,1,1,1,13.53,1754073.0,1,0,09:30,intra_session_sparse
CARS,2025-09-03,13,2,236,1,1,1,12.74,12198306.0,1,1,04:01,intra_session_sparse
CAST,2025-09-03,13,13,0,0,0,0,,,0,0,,no_daily_history
CATX,2025-09-03,13,0,258,1,1,1,3.32,2327897.0,1,1,08:00,intra_session_sparse
CBAN,2025-09-03,13,2,55,1,1,1,16.99,954699.0,1,0,09:30,intra_session_sparse
CBIO,2025-09-03,13,2,92,1,1,1,13.68,1315270.0,1,0,08:56,intra_session_sparse
CBLL,2025-09-03,13,0,194,1,1,1,11.42,4665158.0,1,1,08:00,intra_session_sparse
CBUS,2025-09-03,13,2,162,1,1,1,1.33,272712.0,1,0,09:30,intra_session_sparse
CC,2025-09-03,13,0,370,1,1,1,15.32,55322324.0,1,1,04:02,intra_session_sparse
CCAP,2025-09-03,13,2,124,1,1,1,15.86,3178130.0,1,1,09:30,intra_session_sparse
CCC,2025-09-03,13,0,368,1,1,1,9.8,72244512.0,1,1,09:25,intra_session_sparse
CCCC,2025-09-03,13,0,281,1,1,1,2.51,4132230.0,1,1,08:00,intra_session_sparse
CCHH,2025-09-03,13,13,0,0,0,0,,,0,0,,no_daily_history
CCII,2025-09-03,13,13,0,1,0,0,10.08,1569711.0,1,0,,no_session_bars_has_month_file
CCIX,2025-09-03,13,0,14,1,1,1,10.54,395825.0,1,0,09:30,intra_session_sparse
CCLD,2025-09-03,13,0,255,1,1,1,3.68,2450312.0,1,1,04:34,intra_session_sparse
CCO,2025-09-03,13,0,345,1,1,1,1.26,3620426.0,1,1,09:30,intra_session_sparse
CCOI,2025-09-03,13,13,0,0,0,0,36.92,73905734.0,0,0,,no_minute_file
CCRN,2025-09-03,13,2,129,1,1,1,13.29,3402833.0,1,1,09:30,intra_session_sparse
CCTG,2025-09-03,13,13,0,1,0,0,10.89,8805.0,1,0,,no_session_bars_has_month_file
CCU,2025-09-03,13,1,108,1,1,1,12.27,2309012.0,1,1,09:30,intra_session_sparse
CD,2025-09-03,13,0,93,1,1,1,6.79,828677.0,1,0,06:59,intra_session_sparse
CDE,2025-09-03,13,0,376,1,1,1,13.66,171773024.0,1,1,04:00,intra_session_sparse
CDIO,2025-09-03,13,13,0,0,0,0,3.89,120840.0,0,0,,no_minute_file
CDLX,2025-09-03,13,13,0,1,0,0,1.01,1841392.0,1,0,,no_session_bars_has_month_file
CDNA,2025-09-03,13,0,344,1,1,1,13.85,19676913.0,1,1,09:30,intra_session_sparse
CDTG,2025-09-03,13,13,0,1,0,0,14.52,24939.0,1,0,,no_session_bars_has_month_file
CDXS,2025-09-03,13,0,321,1,1,1,2.51,3880276.0,1,1,08:21,intra_session_sparse
CDZI,2025-09-03,13,0,216,1,1,1,3.58,1509074.0,1,0,04:00,intra_session_sparse
CENN,2025-09-03,13,13,0,0,0,0,31.24,141469.0,0,0,,no_minute_file
CEPF,2025-09-03,13,13,0,1,0,0,10.1,26022815.0,1,1,,no_session_bars_has_month_file
CEPO,2025-09-03,13,1,103,1,1,1,10.41,2985869.0,1,1,08:03,intra_session_sparse
CEPS,2025-09-03,13,13,0,0,0,0,,,0,0,,no_daily_history
CEPT,2025-09-03,13,2,41,1,1,1,10.55,1225309.0,1,0,09:30,intra_session_sparse
CEPV,2025-09-03,13,13,0,0,0,0,,,0,0,,no_daily_history
CERS,2025-09-03,13,0,308,1,1,1,1.27,1565568.0,1,0,07:15,intra_session_sparse
CERT,2025-09-03,13,0,330,1,1,1,10.66,14126501.0,1,1,09:30,intra_session_sparse
CETY,2025-09-03,13,13,0,0,0,0,3.641,97733.0,0,0,,no_minute_file
CEVA,2025-09-03,13,13,0,0,0,0,21.83,6846420.0,0,0,,no_minute_file
CFFN,2025-09-03,13,0,262,1,1,1,6.42,3877758.0,1,1,09:30,intra_session_sparse
CGAU,2025-09-03,13,0,318,1,1,1,8.46,12616467.0,1,1,06:02,intra_session_sparse
CGBD,2025-09-03,13,0,203,1,1,1,13.84,6164379.0,1,1,04:00,intra_session_sparse
CGC,2025-09-03,13,0,371,1,1,1,1.49,47890149.0,1,1,04:00,intra_session_sparse
CGCT,2025-09-03,13,3,2,1,1,1,10.01,1184675.0,1,0,10:35,intra_session_sparse
CGEM,2025-09-03,13,0,191,1,1,1,7.49,2778405.0,1,1,08:31,intra_session_sparse
CGNT,2025-09-03,13,2,120,1,1,1,8.82,1611756.0,1,0,07:00,intra_session_sparse
CGTL,2025-09-03,13,13,0,0,0,0,0.554,219280.0,0,0,,no_minute_file
CGTX,2025-09-03,13,0,339,1,1,1,2.43,23181330.0,1,1,04:00,intra_session_sparse
CHAI,2025-09-03,13,0,173,1,1,1,11.96,1604066.0,1,0,07:38,intra_session_sparse
CHEC,2025-09-03,13,13,0,0,0,0,,,0,0,,no_daily_history
CHGG,2025-09-03,13,0,351,1,1,1,1.36,3487444.0,1,1,04:19,intra_session_sparse
CHNR,2025-09-03,13,13,0,1,0,0,3.785,54814.0,1,0,,no_session_bars_has_month_file
CHOW,2025-09-03,13,13,0,0,0,0,,,0,0,,no_daily_history
CHPT,2025-09-03,13,0,290,1,1,1,10.72,5830382.0,1,1,04:30,intra_session_sparse
CHR,2025-09-03,13,13,0,0,0,0,174.0,94255.0,0,0,,no_minute_file
CHRN,2025-09-03,13,13,0,1,0,0,3.95,150350.0,1,0,,no_session_bars_has_month_file
CHRS,2025-09-03,13,0,198,1,1,1,1.19,1398243.0,1,0,06:56,intra_session_sparse
CHYM,2025-09-03,13,13,0,0,0,0,24.72,71428431.0,0,0,,no_minute_file
CIFR,2025-09-03,13,0,376,1,1,1,8.32,171970523.0,1,1,04:01,intra_session_sparse
CIG,2025-09-03,13,0,323,1,1,1,1.98,5088773.0,1,1,08:00,intra_session_sparse
CIIT,2025-09-03,13,13,0,1,0,0,4.27,61601.0,1,0,,no_session_bars_has_month_file
CIM,2025-09-03,13,0,158,1,1,1,14.01,6527455.0,1,1,04:07,intra_session_sparse
CING,2025-09-03,13,0,169,1,1,1,3.73,691114.0,1,0,08:00,intra_session_sparse
CINT,2025-09-03,13,2,90,1,1,1,5.37,669717.0,1,0,09:30,intra_session_sparse
CION,2025-09-03,13,0,172,1,1,1,10.31,3127856.0,1,1,09:30,intra_session_sparse
CISS,2025-09-03,13,13,0,0,0,0,408.1,889621.0,0,0,,no_minute_file
CIVB,2025-09-03,13,13,0,0,0,0,20.97,1834319.0,0,0,,no_minute_file
CJMB,2025-09-03,13,13,0,0,0,0,4.65,32492.0,0,0,,no_minute_file
CLB,2025-09-03,13,0,267,1,1,1,11.74,4830360.0,1,1,04:20,intra_session_sparse
CLBK,2025-09-03,13,0,113,1,1,1,14.83,1481781.0,1,0,09:30,intra_session_sparse
CLBT,2025-09-03,13,0,373,1,1,1,16.36,37158347.0,1,1,08:04,intra_session_sparse
CLF,2025-09-03,13,0,376,1,1,1,10.45,166896408.0,1,1,05:06,intra_session_sparse
CLIK,2025-09-03,13,0,68,1,1,1,9.312,857190.0,1,0,08:00,intra_session_sparse
CLMB,2025-09-03,13,13,0,0,0,0,31.15,6272654.0,0,0,,no_minute_file
CLMT,2025-09-03,13,0,286,1,1,1,16.535,14026765.0,1,1,09:30,intra_session_sparse
CLNE,2025-09-03,13,0,302,1,1,1,2.6,4846780.0,1,1,08:00,intra_session_sparse
CLNN,2025-09-03,13,1,96,1,1,1,6.39,493945.0,1,0,07:02,intra_session_sparse
CLOV,2025-09-03,13,0,373,1,1,1,2.69,19684924.0,1,1,07:13,intra_session_sparse
CLPT,2025-09-03,13,0,201,1,1,1,10.43,3992041.0,1,1,08:48,intra_session_sparse
CLRB,2025-09-03,13,1,58,1,1,1,4.82,697730.0,1,0,08:00,intra_session_sparse
CLSK,2025-09-03,13,0,376,1,1,1,9.64,189273566.0,1,1,04:00,intra_session_sparse
CLVT,2025-09-03,13,0,365,1,1,1,4.19,19419848.0,1,1,09:30,intra_session_sparse
CLW,2025-09-03,13,13,0,0,0,0,21.46,4542891.0,0,0,,no_minute_file
CLYM,2025-09-03,13,1,215,1,1,1,2.23,1365590.0,1,0,05:06,intra_session_sparse
CMBT,2025-09-03,13,0,375,1,1,1,8.58,29625340.0,1,1,04:00,intra_session_sparse
CMCO,2025-09-03,13,0,174,1,1,1,14.83,4433344.0,1,1,08:00,intra_session_sparse
CMII,2025-09-03,13,13,0,0,0,0,,,0,0,,no_daily_history
CMND,2025-09-03,13,13,0,0,0,0,416.0,61214.0,0,0,,no_minute_file
CMP,2025-09-03,13,2,182,1,1,1,19.03,8796259.0,1,1,09:30,intra_session_sparse
CMPS,2025-09-03,13,0,323,1,1,1,4.52,6857840.0,1,1,07:00,intra_session_sparse
CMPX,2025-09-03,13,0,163,1,1,1,3.43,4577808.0,1,1,07:40,intra_session_sparse
CMRC,2025-09-03,13,0,240,1,1,1,4.5,4062486.0,1,1,09:30,intra_session_sparse
CMRE,2025-09-03,13,0,205,1,1,1,11.55,6075791.0,1,1,09:30,intra_session_sparse
CMTL,2025-09-03,13,2,196,1,1,1,2.01,278178.0,1,0,09:30,intra_session_sparse
CNCK,2025-09-03,13,2,33,1,1,1,5.09,255300.0,1,0,09:30,intra_session_sparse
CNDT,2025-09-03,13,0,322,1,1,1,2.75,2782657.0,1,1,07:01,intra_session_sparse
CNEY,2025-09-03,13,13,0,1,0,0,2.31,43113.0,1,0,,no_session_bars_has_month_file
CNH,2025-09-03,13,0,376,1,1,1,11.2,125408378.0,1,1,07:06,intra_session_sparse
CNNE,2025-09-03,13,0,250,1,1,1,18.55,15232797.0,1,1,09:30,intra_session_sparse
CNSP,2025-09-03,13,1,13,1,1,1,6.25,496900.0,1,0,09:30,intra_session_sparse
CNTN,2025-09-03,13,0,295,1,1,1,5.2,140239267.0,1,1,04:00,intra_session_sparse
CNTX,2025-09-03,13,13,0,0,0,0,0.85,136905.0,0,0,,no_minute_file
CNVS,2025-09-03,13,0,257,1,1,1,4.05,1805458.0,1,0,08:00,intra_session_sparse
COCH,2025-09-03,13,0,66,1,1,1,1.29,964752.0,1,0,08:00,intra_session_sparse
COCP,2025-09-03,13,13,0,1,0,0,1.5,66953.0,1,0,,no_session_bars_has_month_file
CODA,2025-09-03,13,0,51,1,1,1,8.025,329243.0,1,0,09:43,intra_session_sparse
CODI,2025-09-03,13,0,214,1,1,1,7.23,6121733.0,1,1,04:02,intra_session_sparse
CODX,2025-09-03,13,2,100,1,1,1,9.603,1540315.0,1,0,04:56,intra_session_sparse
COGT,2025-09-03,13,0,351,1,1,1,12.0,14112750.0,1,1,07:39,intra_session_sparse
COHU,2025-09-03,13,0,265,1,1,1,19.32,7233859.0,1,1,09:30,intra_session_sparse
COMP,2025-09-03,13,0,376,1,1,1,8.93,69992161.0,1,1,05:40,intra_session_sparse
CON,2025-09-03,13,13,0,0,0,0,23.73,21025105.0,0,0,,no_minute_file
COOT,2025-09-03,13,13,0,0,0,0,0.552,247009.0,0,0,,no_minute_file
CORZ,2025-09-03,13,0,376,1,1,1,14.0,241259336.0,1,1,05:01,intra_session_sparse
COTY,2025-09-03,13,0,376,1,1,1,4.34,54624766.0,1,1,04:02,intra_session_sparse
COUR,2025-09-03,13,0,350,1,1,1,11.05,31568254.0,1,1,08:08,intra_session_sparse
COYA,2025-09-03,13,2,41,1,1,1,6.52,447667.0,1,0,09:30,intra_session_sparse
CPAC,2025-09-03,13,13,0,0,0,0,6.79,32896.0,0,0,,no_minute_file
CPB,2025-09-03,13,13,0,0,0,0,31.46,194590883.0,0,0,,no_minute_file
CPIX,2025-09-03,13,2,46,1,1,1,3.69,201699.0,1,0,08:08,intra_session_sparse
CPNG,2025-09-03,13,13,0,0,0,0,28.41,291302080.0,0,0,,no_minute_file
CPOP,2025-09-03,13,2,43,1,1,1,1.3,2640397.0,1,1,09:44,intra_session_sparse
CPRI,2025-09-03,13,13,0,1,0,0,20.59,71547412.0,1,0,,no_session_bars_has_month_file
CPRX,2025-09-03,13,0,354,1,1,1,20.54,31149395.0,1,0,08:24,intra_session_sparse
CPSH,2025-09-03,13,1,56,1,1,1,3.52,405256.0,1,0,08:00,intra_session_sparse
CRAC,2025-09-03,13,13,0,0,0,0,,,0,0,,no_daily_history
CRAN,2025-09-03,13,13,0,0,0,0,,,0,0,,no_daily_history
CRBP,2025-09-03,13,2,62,1,1,1,9.74,962172.0,1,0,09:30,intra_session_sparse
CRBU,2025-09-03,13,1,251,1,1,1,1.88,1802585.0,1,0,08:00,intra_session_sparse
CRCT,2025-09-03,13,0,252,1,1,1,5.79,4561017.0,1,1,09:30,intra_session_sparse
CRDF,2025-09-03,13,0,320,1,1,1,1.95,2894004.0,1,1,07:59,intra_session_sparse
CRE,2025-09-03,13,0,133,1,1,1,8.088,10013932.0,1,1,05:47,intra_session_sparse
CREG,2025-09-03,13,2,101,1,1,1,1.42,6161148.0,1,1,09:34,intra_session_sparse
CRGY,2025-09-03,13,0,366,1,1,1,9.9,42552401.0,1,1,07:00,intra_session_sparse
CRK,2025-09-03,13,0,368,1,1,1,16.37,35109589.0,1,1,08:08,intra_session_sparse
CRMD,2025-09-03,13,0,368,1,1,1,14.64,63958417.0,1,1,04:00,intra_session_sparse
CRML,2025-09-03,13,0,361,1,1,1,5.815,36297742.0,1,1,04:09,intra_session_sparse
CRMT,2025-09-03,13,13,0,0,0,0,45.09,4114820.0,0,0,,no_minute_file
CRNC,2025-09-03,13,0,344,1,1,1,9.8,30251090.0,1,1,07:04,intra_session_sparse
CRNT,2025-09-03,13,0,178,1,1,1,1.95,1855277.0,1,0,08:00,intra_session_sparse
CRON,2025-09-03,13,0,339,1,1,1,2.5,10530621.0,1,1,08:00,intra_session_sparse
CRSR,2025-09-03,13,0,245,1,1,1,8.66,6634970.0,1,1,04:00,intra_session_sparse
CRVS,2025-09-03,13,0,277,1,1,1,5.67,2686260.0,1,1,08:14,intra_session_sparse
CSAI,2025-09-03,13,0,103,1,1,1,1.44,640939.0,1,0,07:00,intra_session_sparse
CSHR,2025-09-03,13,13,0,1,0,0,10.42,14028.0,1,0,,no_session_bars_has_month_file
CSIQ,2025-09-03,13,0,340,1,1,1,9.99,16272956.0,1,1,04:01,intra_session_sparse
CSQ,2025-09-03,13,0,153,1,1,1,18.45,3578918.0,1,1,09:30,intra_session_sparse
CSTE,2025-09-03,13,13,0,0,0,0,1.42,85802.0,0,0,,no_minute_file
CSTL,2025-09-03,13,13,0,0,0,0,24.21,15115734.0,0,0,,no_minute_file
CSTM,2025-09-03,13,0,332,1,1,1,13.92,16320072.0,1,1,08:41,intra_session_sparse
CSWC,2025-09-03,13,13,0,0,0,0,22.8,14038349.0,0,0,,no_minute_file
CTAA,2025-09-03,13,13,0,0,0,0,,,0,0,,no_daily_history
CTEV,2025-09-03,13,13,0,0,0,0,69.32,9439741.0,0,0,,no_minute_file
CTGO,2025-09-03,13,13,0,0,0,0,21.9,1827313.0,0,0,,no_minute_file
CTKB,2025-09-03,13,0,349,1,1,1,4.02,4442966.0,1,1,09:30,intra_session_sparse
CTM,2025-09-03,13,0,353,1,1,1,1.14,3023419.0,1,1,04:03,intra_session_sparse
CTMX,2025-09-03,13,0,313,1,1,1,2.08,7709365.0,1,1,05:52,intra_session_sparse
CTNM,2025-09-03,13,0,135,1,1,1,11.17,2294147.0,1,1,07:06,intra_session_sparse
CTO,2025-09-03,13,0,134,1,1,1,17.01,4093774.0,1,1,08:34,intra_session_sparse
CTOS,2025-09-03,13,0,198,1,1,1,6.14,3503351.0,1,1,09:30,intra_session_sparse
CTRI,2025-09-03,13,13,0,0,0,0,20.68,39913311.0,0,0,,no_minute_file
CTXR,2025-09-03,13,1,172,1,1,1,1.29,592702.0,1,0,08:00,intra_session_sparse
CUE,2025-09-03,13,13,0,0,0,0,23.79,97261.0,0,0,,no_minute_file
CUPR,2025-09-03,13,2,101,1,1,1,7.106,9675472.0,1,1,05:00,intra_session_sparse
CURI,2025-09-03,13,0,251,1,1,1,4.46,3582091.0,1,1,08:00,intra_session_sparse
CURR,2025-09-03,13,0,58,1,1,1,1.7,447359.0,1,0,04:20,intra_session_sparse
CURV,2025-09-03,13,0,221,1,1,1,2.24,1054224.0,1,0,09:30,intra_session_sparse
CURX,2025-09-03,13,13,0,0,0,0,5.86,21619240.0,0,1,,no_minute_file
CV,2025-09-03,13,13,0,1,0,0,3.65,114711.0,1,0,,no_session_bars_has_month_file
CVBF,2025-09-03,13,0,233,1,1,1,19.9,11892238.0,1,1,09:30,intra_session_sparse
CVE,2025-09-03,13,0,376,1,1,1,16.97,218244088.0,1,1,05:33,intra_session_sparse
CVGI,2025-09-03,13,2,68,1,1,1,1.66,244595.0,1,0,09:23,intra_session_sparse
CVLG,2025-09-03,13,13,0,0,0,0,24.03,1758049.0,0,0,,no_minute_file
CVM,2025-09-03,13,0,170,1,1,1,12.16,3156036.0,1,1,07:20,intra_session_sparse
CVRX,2025-09-03,13,2,119,1,1,1,7.73,1855616.0,1,0,09:30,intra_session_sparse
CVU,2025-09-03,13,13,0,0,0,0,2.49,134135.0,0,0,,no_minute_file
CVV,2025-09-03,13,13,0,0,0,0,2.81,88932.0,0,0,,no_minute_file
CWAN,2025-09-03,13,13,0,1,0,0,20.19,103842578.0,1,0,,no_session_bars_has_month_file
CWD,2025-09-03,13,1,233,1,1,1,3.01,58409477.0,1,1,04:03,intra_session_sparse
CWH,2025-09-03,13,0,338,1,1,1,17.24,32917416.0,1,1,09:30,intra_session_sparse
CWK,2025-09-03,13,0,351,1,1,1,15.42,37946645.0,1,1,09:03,intra_session_sparse
CX,2025-09-03,13,0,375,1,1,1,9.16,104940196.0,1,1,09:29,intra_session_sparse
CXDO,2025-09-03,13,2,104,1,1,1,6.43,1519688.0,1,0,05:17,intra_session_sparse
CXM,2025-09-03,13,0,374,1,1,1,8.6,15721836.0,1,1,04:15,intra_session_sparse
CXW,2025-09-03,13,13,0,1,0,0,20.11,23071585.0,1,0,,no_session_bars_has_month_file
CYCN,2025-09-03,13,13,0,1,0,0,2.51,70575.0,1,0,,no_session_bars_has_month_file
CYCU,2025-09-03,13,0,346,1,1,1,7.251,10272077.0,1,1,04:00,intra_session_sparse
CYH,2025-09-03,13,0,348,1,1,1,2.82,4668938.0,1,1,09:30,intra_session_sparse
CYN,2025-09-03,13,0,145,1,1,1,5.21,2416791.0,1,1,05:23,intra_session_sparse
CYPH,2025-09-03,13,13,0,0,0,0,0.294,661359.0,0,0,,no_minute_file
CYRX,2025-09-03,13,0,269,1,1,1,8.81,9416463.0,1,1,09:30,intra_session_sparse
CZR,2025-09-03,13,13,0,0,0,0,25.89,153601590.0,0,0,,no_minute_file
DAAQ,2025-09-03,13,2,8,1,1,1,10.15,559093.0,1,0,09:51,intra_session_sparse
DAIC,2025-09-03,13,13,0,0,0,0,101.75,258301.0,0,0,,no_minute_file
DAKT,2025-09-03,13,0,142,1,1,1,17.2,4683480.0,1,1,09:30,intra_session_sparse
DAN,2025-09-03,13,13,0,1,0,0,20.25,41699658.0,1,0,,no_session_bars_has_month_file
DARE,2025-09-03,13,0,77,1,1,1,2.03,461885.0,1,0,09:30,intra_session_sparse
DBCA,2025-09-03,13,13,0,0,0,0,,,0,0,,no_daily_history
DBGI,2025-09-03,13,2,68,1,1,1,9.83,636066.0,1,0,08:00,intra_session_sparse
DBI,2025-09-03,13,0,286,1,1,1,3.78,2984108.0,1,1,09:30,intra_session_sparse
DBRG,2025-09-03,13,1,334,1,1,1,11.24,22164810.0,1,1,04:00,intra_session_sparse
DC,2025-09-03,13,0,372,1,1,1,4.33,2386941.0,1,1,07:00,intra_session_sparse
DCBO,2025-09-03,13,13,0,0,0,0,30.775,3373080.0,0,0,,no_minute_file
DCGO,2025-09-03,13,0,198,1,1,1,1.54,779398.0,1,0,09:30,intra_session_sparse
DCH,2025-09-03,13,0,358,1,1,1,5.96,24540958.0,1,1,07:00,intra_session_sparse
DCOY,2025-09-03,13,13,0,0,0,0,59.64,797817.0,0,0,,no_minute_file
DCTH,2025-09-03,13,1,233,1,1,1,10.9,8522065.0,1,1,04:19,intra_session_sparse
DCX,2025-09-03,13,13,0,0,0,0,708.0,188521.0,0,0,,no_minute_file
DDD,2025-09-03,13,0,363,1,1,1,2.18,11065261.0,1,1,05:49,intra_session_sparse
DDI,2025-09-03,13,2,28,1,1,1,9.7,565429.0,1,0,09:30,intra_session_sparse
DEC,2025-09-03,13,0,166,1,1,1,15.9,4746690.0,1,1,05:33,intra_session_sparse
DEFT,2025-09-03,13,0,368,1,1,1,2.14,10269478.0,1,1,04:40,intra_session_sparse
DEI,2025-09-03,13,0,336,1,1,1,16.19,23085731.0,1,1,09:30,intra_session_sparse
DERM,2025-09-03,13,0,158,1,1,1,7.12,1568731.0,1,0,09:30,intra_session_sparse
DETX,2025-09-03,13,13,0,0,0,0,,,0,0,,no_daily_history
DEVS,2025-09-03,13,1,110,1,1,1,2.24,3531774.0,1,1,04:48,intra_session_sparse
DFDV,2025-09-03,13,0,361,1,1,1,16.42,59736661.0,1,1,04:13,intra_session_sparse
DFH,2025-09-03,13,13,0,0,0,0,27.41,9298632.0,0,0,,no_minute_file
DFLI,2025-09-03,13,0,258,1,1,1,2.932,7311200.0,1,1,04:01,intra_session_sparse
DFNS,2025-09-03,13,0,357,1,1,1,5.35,49415223.0,1,1,04:00,intra_session_sparse
DFSC,2025-09-03,13,0,81,1,1,1,3.215,379396.0,1,0,09:18,intra_session_sparse
DFTX,2025-09-03,13,0,288,1,1,1,9.13,11847878.0,1,1,08:00,intra_session_sparse
DGICA,2025-09-03,13,0,154,1,1,1,18.35,2558627.0,1,1,09:30,intra_session_sparse
DGNX,2025-09-03,13,13,0,0,0,0,60.25,1691713.0,0,0,,no_minute_file
DGXX,2025-09-03,13,0,281,1,1,1,2.37,2096772.0,1,1,07:39,intra_session_sparse
DHT,2025-09-03,13,0,323,1,1,1,11.75,15049836.0,1,1,05:38,intra_session_sparse
DHX,2025-09-03,13,0,201,1,1,1,2.82,452410.0,1,0,08:00,intra_session_sparse
DIBS,2025-09-03,13,13,0,0,0,0,2.75,124577.0,0,0,,no_minute_file
DJT,2025-09-03,13,0,376,1,1,1,17.08,114748456.0,1,1,04:00,intra_session_sparse
DKI,2025-09-03,13,13,0,0,0,0,117.44,2645867.0,0,0,,no_minute_file
DLO,2025-09-03,13,0,327,1,1,1,14.18,45761821.0,1,1,04:00,intra_session_sparse
DLTH,2025-09-03,13,13,0,1,0,0,2.37,59254.0,1,0,,no_session_bars_has_month_file
DLX,2025-09-03,13,0,192,1,1,1,19.38,7647920.0,1,1,08:36,intra_session_sparse
DLXY,2025-09-03,13,13,0,1,0,0,5.0,133135.0,1,0,,no_session_bars_has_month_file
DMAA,2025-09-03,13,13,0,1,1,1,10.26,327021.0,1,0,09:32,no_regular_bars
DMAC,2025-09-03,13,0,226,1,1,1,5.32,1812304.0,1,0,09:01,intra_session_sparse
DMII,2025-09-03,13,13,0,0,0,0,,,0,0,,no_daily_history
DMRA,2025-09-03,13,13,0,1,0,0,3.0,34818.0,1,0,,no_session_bars_has_month_file
DMRC,2025-09-03,13,0,184,1,1,1,7.94,2344271.0,1,1,07:57,intra_session_sparse
DNA,2025-09-03,13,0,305,1,1,1,11.02,21150959.0,1,1,05:22,intra_session_sparse
DNLI,2025-09-03,13,0,344,1,1,1,15.45,28985967.0,1,1,08:09,intra_session_sparse
DNN,2025-09-03,13,0,376,1,1,1,2.28,121122570.0,1,1,04:09,intra_session_sparse
DNOW,2025-09-03,13,0,299,1,1,1,15.77,17184623.0,1,1,09:06,intra_session_sparse
DNUT,2025-09-03,13,0,362,1,1,1,3.34,14278348.0,1,1,04:43,intra_session_sparse
DOC,2025-09-03,13,0,374,1,1,1,17.95,114172812.0,1,1,08:00,intra_session_sparse
DOCS,2025-09-03,13,13,0,0,0,0,67.0,112276962.0,0,0,,no_minute_file
DOGZ,2025-09-03,13,2,89,1,1,1,9.81,4470315.0,1,1,09:30,intra_session_sparse
DOLE,2025-09-03,13,0,234,1,1,1,14.63,9942205.0,1,1,09:30,intra_session_sparse
DOMH,2025-09-03,13,2,107,1,1,1,6.0,2698509.0,1,1,08:08,intra_session_sparse
DOMO,2025-09-03,13,0,249,1,1,1,14.21,12659279.0,1,1,08:00,intra_session_sparse
DOUG,2025-09-03,13,0,261,1,1,1,2.59,1233006.0,1,0,09:18,intra_session_sparse
DPRO,2025-09-03,13,0,288,1,1,1,4.5,7754409.0,1,1,06:02,intra_session_sparse
DRCT,2025-09-03,13,13,0,0,0,0,101.02,185136.0,0,0,,no_minute_file
DRD,2025-09-03,13,13,0,1,0,0,19.77,9238303.0,1,1,,no_session_bars_has_month_file
DRDB,2025-09-03,13,6,1,1,1,1,10.27,882842.0,1,0,12:40,intra_session_sparse
DRH,2025-09-03,13,0,333,1,1,1,8.43,21006601.0,1,1,07:00,intra_session_sparse
DRIO,2025-09-03,13,13,0,1,0,0,9.15,150420.0,1,0,,no_session_bars_has_month_file
DRMA,2025-09-03,13,13,0,1,0,0,5.779,139362.0,1,0,,no_session_bars_has_month_file
DRTS,2025-09-03,13,2,52,1,1,1,3.48,227415.0,1,0,08:02,intra_session_sparse
DRVN,2025-09-03,13,0,302,1,1,1,19.11,17204687.0,1,1,08:42,intra_session_sparse
DSGN,2025-09-03,13,1,152,1,1,1,5.73,874273.0,1,0,09:30,intra_session_sparse
DSGR,2025-09-03,13,13,0,0,0,0,31.76,1792232.0,0,0,,no_minute_file
DSP,2025-09-03,13,1,152,1,1,1,10.17,3649547.0,1,1,08:18,intra_session_sparse
DSX,2025-09-03,13,1,68,1,1,1,1.63,532871.0,1,0,09:19,intra_session_sparse
DTCX,2025-09-03,13,0,203,1,1,1,5.43,9448987.0,1,1,08:00,intra_session_sparse
DTI,2025-09-03,13,13,0,1,0,0,1.89,96923.0,1,0,,no_session_bars_has_month_file
DTIL,2025-09-03,13,2,78,1,1,1,5.0,419033.0,1,0,08:12,intra_session_sparse
DUKR,2025-09-03,13,13,0,0,0,0,,,0,0,,no_daily_history
DUO,2025-09-03,13,0,276,1,1,1,2.61,8227851.0,1,1,04:05,intra_session_sparse
DUOT,2025-09-03,13,2,177,1,1,1,6.25,2561577.0,1,1,09:21,intra_session_sparse
DV,2025-09-03,13,0,341,1,1,1,15.96,36819127.0,1,1,07:17,intra_session_sparse
DVLT,2025-09-03,13,13,0,1,0,0,0.326,1881462.0,1,0,,no_session_bars_has_month_file
DWTX,2025-09-03,13,13,0,1,0,0,4.81,81853.0,1,0,,no_session_bars_has_month_file
DX,2025-09-03,13,0,359,1,1,1,12.44,44655499.0,1,1,07:31,intra_session_sparse
DXC,2025-09-03,13,0,350,1,1,1,14.33,22140948.0,1,1,04:18,intra_session_sparse
DXST,2025-09-03,13,13,0,0,0,0,30.0,25366.0,0,0,,no_minute_file
DYN,2025-09-03,13,0,364,1,1,1,13.5,38587134.0,1,1,09:30,intra_session_sparse
DYNC,2025-09-03,13,0,193,1,1,1,10.78,9426584.0,1,1,04:05,intra_session_sparse
DYOR,2025-09-03,13,13,0,0,0,0,,,0,0,,no_daily_history
EAF,2025-09-03,13,0,165,1,1,1,9.6,2253366.0,1,1,09:30,intra_session_sparse
EARN,2025-09-03,13,0,174,1,1,1,5.63,2190976.0,1,1,04:00,intra_session_sparse
EBC,2025-09-03,13,0,331,1,1,1,17.13,20859092.0,1,1,08:04,intra_session_sparse
EBF,2025-09-03,13,2,103,1,1,1,18.24,2328039.0,1,1,09:28,intra_session_sparse
EBS,2025-09-03,13,0,322,1,1,1,8.21,12106672.0,1,1,09:30,intra_session_sparse
EC,2025-09-03,13,0,306,1,1,1,9.38,17496358.0,1,1,04:50,intra_session_sparse
ECC,2025-09-03,13,0,301,1,1,1,7.52,13088161.0,1,1,09:17,intra_session_sparse
ECVT,2025-09-03,13,0,213,1,1,1,9.05,12924344.0,1,1,04:00,intra_session_sparse
ECX,2025-09-03,13,0,323,1,1,1,1.61,5627522.0,1,1,07:50,intra_session_sparse
EDBL,2025-09-03,13,13,0,1,0,0,18.0,165120.0,1,0,,no_session_bars_has_month_file
EDHL,2025-09-03,13,2,84,1,1,1,6.712,257537.0,1,0,04:02,intra_session_sparse
EDIT,2025-09-03,13,0,330,1,1,1,2.47,4674292.0,1,1,04:57,intra_session_sparse
EDN,2025-09-03,13,13,0,1,0,0,20.93,3355621.0,1,0,,no_session_bars_has_month_file
EDSA,2025-09-03,13,13,0,0,0,0,2.341,49065.0,0,0,,no_minute_file
EEIQ,2025-09-03,13,0,162,1,1,1,8.523,13967358.0,1,1,04:11,intra_session_sparse
EEX,2025-09-03,13,13,0,1,0,0,4.98,198369.0,1,0,,no_session_bars_has_month_file
EFC,2025-09-03,13,0,295,1,1,1,13.58,17549886.0,1,1,08:00,intra_session_sparse
EFOI,2025-09-03,13,13,0,0,0,0,2.54,59770.0,0,0,,no_minute_file
EFOR,2025-09-03,13,13,0,0,0,0,53.77,27114847.0,0,0,,no_minute_file
EFTY,2025-09-03,13,13,0,1,0,0,6.8,3652384.0,1,1,,no_session_bars_has_month_file
EFXT,2025-09-03,13,0,250,1,1,1,10.24,6171768.0,1,1,09:30,intra_session_sparse
EGAN,2025-09-03,13,13,0,1,0,0,6.33,194780.0,1,0,,no_session_bars_has_month_file
EGBN,2025-09-03,13,0,182,1,1,1,19.49,10095019.0,1,1,09:30,intra_session_sparse
EGHA,2025-09-03,13,5,1,1,1,1,10.01,584467.0,1,0,12:08,intra_session_sparse
EGHT,2025-09-03,13,0,198,1,1,1,1.97,1798594.0,1,0,06:03,intra_session_sparse
EGY,2025-09-03,13,0,305,1,1,1,3.94,3205058.0,1,1,07:07,intra_session_sparse
EH,2025-09-03,13,0,358,1,1,1,15.58,30419265.0,1,1,04:01,intra_session_sparse
EHTH,2025-09-03,13,0,208,1,1,1,4.06,2707291.0,1,1,04:00,intra_session_sparse
EIC,2025-09-03,13,0,108,1,1,1,13.82,3044945.0,1,1,09:30,intra_session_sparse
EIKN,2025-09-03,13,13,0,0,0,0,,,0,0,,no_daily_history
ELA,2025-09-03,13,2,31,1,1,1,7.53,405228.0,1,0,09:30,intra_session_sparse
ELAB,2025-09-03,13,13,0,0,0,0,111.84,19192043.0,0,0,,no_minute_file
ELAN,2025-09-03,13,0,375,1,1,1,17.85,198165256.0,1,1,09:30,intra_session_sparse
ELBM,2025-09-03,13,13,0,1,0,0,0.91,140416.0,1,0,,no_session_bars_has_month_file
ELDN,2025-09-03,13,0,180,1,1,1,2.55,2499387.0,1,1,08:40,intra_session_sparse
ELE,2025-09-03,13,13,0,0,0,0,,,0,0,,no_daily_history
ELME,2025-09-03,13,0,222,1,1,1,17.01,21114965.0,1,1,09:30,intra_session_sparse
ELMT,2025-09-03,13,13,0,0,0,0,,,0,0,,no_daily_history
ELOG,2025-09-03,13,13,0,1,0,0,2.27,1516405.0,1,0,,no_session_bars_has_month_file
ELPW,2025-09-03,13,13,0,0,0,0,395.26,3322366.0,0,0,,no_minute_file
ELTX,2025-09-03,13,1,41,1,1,1,10.35,1679954.0,1,0,09:30,intra_session_sparse
ELVA,2025-09-03,13,0,340,1,1,1,5.76,1473148.0,1,0,07:41,intra_session_sparse
ELVN,2025-09-03,13,13,0,1,0,0,20.89,8450650.0,1,0,,no_session_bars_has_month_file
ELVR,2025-09-03,13,13,0,0,0,0,22.82,14830125.0,0,0,,no_minute_file
ELWT,2025-09-03,13,13,0,0,0,0,,,0,0,,no_daily_history
EMAT,2025-09-03,13,13,0,0,0,0,,,0,0,,no_daily_history
EMBC,2025-09-03,13,1,254,1,1,1,14.62,9062555.0,1,1,08:25,intra_session_sparse
EMIS,2025-09-03,13,13,0,0,0,0,,,0,0,,no_daily_history
EMPD,2025-09-03,13,0,260,1,1,1,7.16,4740196.0,1,1,09:04,intra_session_sparse
EMPG,2025-09-03,13,1,80,1,1,1,9.29,4361058.0,1,1,09:30,intra_session_sparse
ENGN,2025-09-03,13,0,108,1,1,1,4.8,244924.0,1,0,09:08,intra_session_sparse
ENGS,2025-09-03,13,0,47,1,1,1,4.58,752580.0,1,0,09:31,intra_session_sparse
ENHA,2025-09-03,13,13,0,1,0,0,9.89,2121099.0,1,1,,no_session_bars_has_month_file
ENLV,2025-09-03,13,0,84,1,1,1,1.06,1615052.0,1,0,08:00,intra_session_sparse
ENR,2025-09-03,13,13,0,0,0,0,28.31,26641496.0,0,0,,no_minute_file
ENTA,2025-09-03,13,2,211,1,1,1,9.0,1279146.0,1,0,09:30,intra_session_sparse
ENVB,2025-09-03,13,0,86,1,1,1,13.08,384742.0,1,0,08:00,intra_session_sparse
ENVX,2025-09-03,13,0,375,1,1,1,9.38,65762250.0,1,1,07:00,intra_session_sparse
EOLS,2025-09-03,13,0,281,1,1,1,7.5,14676939.0,1,1,07:26,intra_session_sparse
EONR,2025-09-03,13,13,0,0,0,0,0.345,348562.0,0,0,,no_minute_file
EOSE,2025-09-03,13,0,376,1,1,1,7.51,76100516.0,1,1,04:00,intra_session_sparse
EPC,2025-09-03,13,13,0,1,0,0,23.72,21088696.0,1,0,,no_session_bars_has_month_file
EPM,2025-09-03,13,0,158,1,1,1,5.18,754461.0,1,0,09:30,intra_session_sparse
EPOW,2025-09-03,13,13,0,1,0,0,0.92,10332.0,1,0,,no_session_bars_has_month_file
EPRX,2025-09-03,13,13,0,1,0,0,5.41,49899.0,1,0,,no_session_bars_has_month_file
EPSM,2025-09-03,13,13,0,1,0,0,25.14,10481244.0,1,0,,no_session_bars_has_month_file
EQ,2025-09-03,13,0,247,1,1,1,1.72,15797814.0,1,1,05:27,intra_session_sparse
EQPT,2025-09-03,13,13,0,0,0,0,,,0,0,,no_daily_history
EQX,2025-09-03,13,0,376,1,1,1,9.14,109835841.0,1,1,07:00,intra_session_sparse
ERAS,2025-09-03,13,0,344,1,1,1,1.6,1039656.0,1,0,05:56,intra_session_sparse
ERII,2025-09-03,13,0,289,1,1,1,14.34,5803246.0,1,1,09:30,intra_session_sparse
ERNA,2025-09-03,13,13,0,0,0,0,33.5,58549.0,0,0,,no_minute_file
ERO,2025-09-03,13,0,274,1,1,1,14.81,8124145.0,1,1,08:00,intra_session_sparse
ESOA,2025-09-03,13,2,113,1,1,1,9.91,1983831.0,1,0,09:30,intra_session_sparse
ESPR,2025-09-03,13,0,359,1,1,1,2.32,11340800.0,1,1,05:54,intra_session_sparse
ETD,2025-09-03,13,13,0,0,0,0,29.16,8937771.0,0,0,,no_minute_file
ETON,2025-09-03,13,0,171,1,1,1,17.19,5376317.0,1,1,09:30,intra_session_sparse
ETS,2025-09-03,13,13,0,0,0,0,0.875,5712276.0,0,0,,no_minute_file
EU,2025-09-03,13,0,335,1,1,1,2.38,10471992.0,1,1,07:00,intra_session_sparse
EUDA,2025-09-03,13,13,0,0,0,0,37.2,218184.0,0,0,,no_minute_file
EVAC,2025-09-03,13,13,0,1,0,0,9.95,336196.0,1,0,,no_session_bars_has_month_file
EVC,2025-09-03,13,0,89,1,1,1,2.49,499029.0,1,0,09:30,intra_session_sparse
EVCM,2025-09-03,13,0,148,1,1,1,11.26,3067383.0,1,1,09:30,intra_session_sparse
EVER,2025-09-03,13,13,0,0,0,0,23.26,12322035.0,0,0,,no_minute_file
EVEX,2025-09-03,13,0,348,1,1,1,3.99,5561915.0,1,1,07:46,intra_session_sparse
EVGO,2025-09-03,13,0,368,1,1,1,3.84,17714158.0,1,1,05:07,intra_session_sparse
EVH,2025-09-03,13,0,321,1,1,1,9.61,34862585.0,1,1,09:30,intra_session_sparse
EVLV,2025-09-03,13,0,354,1,1,1,8.14,28765301.0,1,1,08:17,intra_session_sparse
EVMN,2025-09-03,13,13,0,0,0,0,,,0,0,,no_daily_history
EVTL,2025-09-03,13,0,287,1,1,1,4.85,5046639.0,1,1,07:56,intra_session_sparse
EVTV,2025-09-03,13,2,24,1,1,1,2.12,214700.0,1,0,09:31,intra_session_sparse
EWTX,2025-09-03,13,0,313,1,1,1,14.86,10439968.0,1,1,06:15,intra_session_sparse
EXK,2025-09-03,13,0,375,1,1,1,6.5,59664024.0,1,1,04:00,intra_session_sparse
EXOD,2025-09-03,13,13,0,0,0,0,24.79,3389613.0,0,0,,no_minute_file
EXTR,2025-09-03,13,13,0,0,0,0,21.57,32883618.0,0,0,,no_minute_file
EXYN,2025-09-03,13,13,0,0,0,0,,,0,0,,no_daily_history
EYE,2025-09-03,13,13,0,0,0,0,21.94,57336893.0,0,0,,no_minute_file
EYPT,2025-09-03,13,0,249,1,1,1,11.73,7718826.0,1,1,09:30,intra_session_sparse
EZGO,2025-09-03,13,13,0,0,0,0,646.13,572661.0,0,0,,no_minute_file
EZPW,2025-09-03,13,0,255,1,1,1,16.65,10210607.0,1,1,08:49,intra_session_sparse
EZRA,2025-09-03,13,13,0,0,0,0,36.14,83356.0,0,0,,no_minute_file
F,2025-09-03,13,0,376,1,1,1,11.72,622105598.0,1,1,04:00,intra_session_sparse
FA,2025-09-03,13,0,251,1,1,1,15.9,13793805.0,1,1,04:09,intra_session_sparse
FABC,2025-09-03,13,1,36,1,1,1,5.445,872207.0,1,0,04:02,intra_session_sparse
FATE,2025-09-03,13,0,302,1,1,1,1.03,1628207.0,1,0,06:14,intra_session_sparse
FATN,2025-09-03,13,13,0,1,0,0,6.36,145707.0,1,0,,no_session_bars_has_month_file
FBGL,2025-09-03,13,13,0,0,0,0,0.571,323514.0,0,0,,no_minute_file
FBIO,2025-09-03,13,0,252,1,1,1,2.98,1332813.0,1,0,04:00,intra_session_sparse
FBLA,2025-09-03,13,1,34,1,1,1,11.88,646593.0,1,0,09:30,intra_session_sparse
FBP,2025-09-03,13,13,0,0,0,0,22.0,21848656.0,0,0,,no_minute_file
FBYD,2025-09-03,13,13,0,1,0,0,7.46,32873.0,1,0,,no_session_bars_has_month_file
FC,2025-09-03,13,1,102,1,1,1,19.59,2927862.0,1,1,09:30,intra_session_sparse
FCEL,2025-09-03,13,0,295,1,1,1,4.02,5905216.0,1,1,05:18,intra_session_sparse
FCF,2025-09-03,13,0,190,1,1,1,17.68,8664102.0,1,1,09:30,intra_session_sparse
FCHL,2025-09-03,13,13,0,0,0,0,,,0,0,,no_daily_history
FCRS,2025-09-03,13,13,0,0,0,0,,,0,0,,no_daily_history
FCUV,2025-09-03,13,13,0,0,0,0,19.35,44543.0,0,0,,no_minute_file
FDMT,2025-09-03,13,0,286,1,1,1,6.14,5284615.0,1,1,07:00,intra_session_sparse
FDUS,2025-09-03,13,13,0,0,0,0,21.42,3827105.0,0,0,,no_minute_file
FEAM,2025-09-03,13,0,91,1,1,1,3.5,388071.0,1,0,09:30,intra_session_sparse
FEED,2025-09-03,13,2,6,1,1,1,5.42,317263.0,1,0,04:23,intra_session_sparse
FEMY,2025-09-03,13,0,211,1,1,1,7.998,703037.0,1,0,04:17,intra_session_sparse
FENC,2025-09-03,13,0,91,1,1,1,8.91,558912.0,1,0,09:30,intra_session_sparse
FERA,2025-09-03,13,13,0,1,0,0,10.13,318269.0,1,0,,no_session_bars_has_month_file
FF,2025-09-03,13,0,211,1,1,1,3.89,1034519.0,1,0,09:30,intra_session_sparse
FFAI,2025-09-03,13,0,374,1,1,1,2.08,31114916.0,1,1,04:04,intra_session_sparse
FGI,2025-09-03,13,13,0,1,0,0,4.17,195081.0,1,0,,no_session_bars_has_month_file
FGL,2025-09-03,13,13,0,0,0,0,121.0,228559.0,0,0,,no_minute_file
FGNX,2025-09-03,13,13,0,0,0,0,60.7,4084405.0,0,0,,no_minute_file
FHN,2025-09-03,13,13,0,0,0,0,22.4,222421389.0,0,0,,no_minute_file
FIG,2025-09-03,13,13,0,0,0,0,65.57,683616095.0,0,0,,no_minute_file
FIGS,2025-09-03,13,0,361,1,1,1,6.71,14487637.0,1,1,07:24,intra_session_sparse
FIP,2025-09-03,13,0,353,1,1,1,4.49,18441774.0,1,1,08:00,intra_session_sparse
FIVN,2025-09-03,13,13,0,0,0,0,26.34,53916621.0,0,0,,no_minute_file
FJET,2025-09-03,13,13,0,0,0,0,,,0,0,,no_daily_history
FLD,2025-09-03,13,0,341,1,1,1,3.49,1068343.0,1,0,09:30,intra_session_sparse
FLG,2025-09-03,13,0,372,1,1,1,12.83,70131579.0,1,1,08:07,intra_session_sparse
FLGT,2025-09-03,13,13,0,0,0,0,22.31,5483677.0,0,0,,no_minute_file
FLNA,2025-09-03,13,0,223,1,1,1,2.27,1531529.0,1,0,07:00,intra_session_sparse
FLNC,2025-09-03,13,0,373,1,1,1,6.93,32129085.0,1,1,04:01,intra_session_sparse
FLNT,2025-09-03,13,1,49,1,1,1,2.19,4872825.0,1,1,07:43,intra_session_sparse
FLO,2025-09-03,13,0,365,1,1,1,14.84,48289548.0,1,1,04:10,intra_session_sparse
FLOC,2025-09-03,13,0,214,1,1,1,16.14,6222437.0,1,1,09:30,intra_session_sparse
FLUX,2025-09-03,13,13,0,1,0,0,1.5,175513.0,1,0,,no_session_bars_has_month_file
FLWS,2025-09-03,13,0,144,1,1,1,5.58,1901866.0,1,0,09:30,intra_session_sparse
FLY,2025-09-03,13,13,0,0,0,0,44.23,178713599.0,0,0,,no_minute_file
FLYE,2025-09-03,13,0,240,1,1,1,14.19,17616989.0,1,1,06:34,intra_session_sparse
FLYW,2025-09-03,13,0,343,1,1,1,13.13,30054535.0,1,1,09:30,intra_session_sparse
FLYX,2025-09-03,13,13,0,1,0,0,4.29,131396.0,1,0,,no_session_bars_has_month_file
FMC,2025-09-03,13,13,0,0,0,0,38.47,62646289.0,0,0,,no_minute_file
FMFC,2025-09-03,13,0,260,1,1,1,10.575,9400819.0,1,1,07:00,intra_session_sparse
FMNB,2025-09-03,13,0,81,1,1,1,15.04,1434353.0,1,0,09:30,intra_session_sparse
FMST,2025-09-03,13,0,184,1,1,1,3.05,1348789.0,1,0,07:50,intra_session_sparse
FNB,2025-09-03,13,0,373,1,1,1,16.39,125372537.0,1,1,09:01,intra_session_sparse
FNKO,2025-09-03,13,0,271,1,1,1,3.25,6543441.0,1,1,09:30,intra_session_sparse
FNUC,2025-09-03,13,0,86,1,1,1,3.96,1158553.0,1,0,08:00,intra_session_sparse
FOA,2025-09-03,13,13,0,0,0,0,26.1,3037094.0,0,0,,no_minute_file
FOFO,2025-09-03,13,13,0,0,0,0,,,0,0,,no_daily_history
FOSL,2025-09-03,13,0,282,1,1,1,3.26,3432588.0,1,1,08:00,intra_session_sparse
FOXF,2025-09-03,13,13,0,0,0,0,28.09,16899817.0,0,0,,no_minute_file
FOXX,2025-09-03,13,13,0,0,0,0,5.51,132886.0,0,0,,no_minute_file
FPI,2025-09-03,13,0,194,1,1,1,10.67,3463543.0,1,1,09:30,intra_session_sparse
FRGT,2025-09-03,13,13,0,0,0,0,30.5,82074.0,0,0,,no_minute_file
FRMI,2025-09-03,13,13,0,0,0,0,,,0,0,,no_daily_history
FRMM,2025-09-03,13,13,0,0,0,0,26.7,215098585.0,0,0,,no_minute_file
FRSH,2025-09-03,13,0,371,1,1,1,13.16,59981543.0,1,1,06:42,intra_session_sparse
FRST,2025-09-03,13,2,49,1,1,1,11.27,1171189.0,1,0,09:30,intra_session_sparse
FSCO,2025-09-03,13,0,251,1,1,1,7.46,5929455.0,1,1,08:50,intra_session_sparse
FSK,2025-09-03,13,0,345,1,1,1,18.1,47162679.0,1,1,04:00,intra_session_sparse
FSLY,2025-09-03,13,0,353,1,1,1,7.45,22053984.0,1,1,07:34,intra_session_sparse
FSM,2025-09-03,13,0,373,1,1,1,7.78,99115005.0,1,1,04:00,intra_session_sparse
FTCI,2025-09-03,13,2,39,1,1,1,6.14,581618.0,1,0,09:30,intra_session_sparse
FTHM,2025-09-03,13,0,112,1,1,1,2.03,2482649.0,1,1,07:30,intra_session_sparse
FTK,2025-09-03,13,0,208,1,1,1,12.03,5882442.0,1,1,09:30,intra_session_sparse
FTRE,2025-09-03,13,0,369,1,1,1,10.01,16301287.0,1,1,09:15,intra_session_sparse
FUBO,2025-09-03,13,13,0,0,0,0,45.36,52329975.0,0,0,,no_minute_file
FUFU,2025-09-03,13,1,82,1,1,1,3.88,3361107.0,1,1,05:12,intra_session_sparse
FULC,2025-09-03,13,1,133,1,1,1,6.41,2957692.0,1,1,09:30,intra_session_sparse
FULT,2025-09-03,13,0,322,1,1,1,19.44,27004533.0,1,1,09:30,intra_session_sparse
FUN,2025-09-03,13,13,0,0,0,0,23.17,133167720.0,0,0,,no_minute_file
FUSE,2025-09-03,13,13,0,0,0,0,,,0,0,,no_daily_history
FVAV,2025-09-03,13,13,0,0,0,0,,,0,0,,no_daily_history
FVCB,2025-09-03,13,5,39,1,1,1,13.51,534942.0,1,0,09:30,intra_session_sparse
FVR,2025-09-03,13,1,114,1,1,1,13.01,2501692.0,1,1,09:30,intra_session_sparse
FVRR,2025-09-03,13,13,0,0,0,0,23.11,21105137.0,0,0,,no_minute_file
FWDI,2025-09-03,13,2,110,1,1,1,14.6,682859.0,1,0,09:30,intra_session_sparse
FWRD,2025-09-03,13,13,0,0,0,0,29.27,18364335.0,0,0,,no_minute_file
FWRG,2025-09-03,13,0,346,1,1,1,18.74,23354429.0,1,1,09:30,intra_session_sparse
GAIN,2025-09-03,13,0,109,1,1,1,14.1,1821189.0,1,0,08:00,intra_session_sparse
GALT,2025-09-03,13,0,168,1,1,1,4.42,954341.0,1,0,07:49,intra_session_sparse
GAMB,2025-09-03,13,0,289,1,1,1,8.37,8614794.0,1,1,04:30,intra_session_sparse
GANX,2025-09-03,13,0,162,1,1,1,1.91,731193.0,1,0,07:45,intra_session_sparse
GAP,2025-09-03,13,13,0,0,0,0,22.62,211761836.0,0,0,,no_minute_file
GASS,2025-09-03,13,1,97,1,1,1,7.53,1266834.0,1,0,08:00,intra_session_sparse
GAU,2025-09-03,13,0,368,1,1,1,2.31,6145434.0,1,1,04:04,intra_session_sparse
GBDC,2025-09-03,13,0,298,1,1,1,14.75,15056816.0,1,1,09:15,intra_session_sparse
GBR,2025-09-03,13,13,0,1,0,0,1.012,272907.0,1,0,,no_session_bars_has_month_file
GBTG,2025-09-03,13,0,273,1,1,1,8.11,7518248.0,1,1,09:29,intra_session_sparse
GCDT,2025-09-03,13,13,0,0,0,0,,,0,0,,no_daily_history
GCL,2025-09-03,13,2,39,1,1,1,3.07,212485.0,1,0,08:00,intra_session_sparse
GCMG,2025-09-03,13,2,190,1,1,1,12.85,7615876.0,1,1,09:30,intra_session_sparse
GCTK,2025-09-03,13,0,141,1,1,1,5.32,2464867.0,1,1,04:00,intra_session_sparse
GCTS,2025-09-03,13,0,122,1,1,1,1.35,320986.0,1,0,07:00,intra_session_sparse
GDOT,2025-09-03,13,0,268,1,1,1,13.94,12173100.0,1,1,07:00,intra_session_sparse
GDRX,2025-09-03,13,0,345,1,1,1,4.3,28283481.0,1,1,04:02,intra_session_sparse
GDYN,2025-09-03,13,0,280,1,1,1,8.01,11114453.0,1,1,08:00,intra_session_sparse
GECC,2025-09-03,13,2,67,1,1,1,11.25,522945.0,1,0,07:57,intra_session_sparse
GEG,2025-09-03,13,0,365,1,1,1,2.56,360887.0,1,0,04:00,intra_session_sparse
GEL,2025-09-03,13,2,193,1,1,1,16.72,7804472.0,1,1,09:30,intra_session_sparse
GELS,2025-09-03,13,13,0,1,0,0,1.2,121580.0,1,0,,no_session_bars_has_month_file
GEMI,2025-09-03,13,13,0,0,0,0,,,0,0,,no_daily_history
GEN,2025-09-03,13,13,0,0,0,0,29.5,135931541.0,0,0,,no_minute_file
GENB,2025-09-03,13,13,0,0,0,0,,,0,0,,no_daily_history
GENI,2025-09-03,13,0,376,1,1,1,12.62,66830800.0,1,1,08:24,intra_session_sparse
GEO,2025-09-03,13,13,0,0,0,0,20.98,81641123.0,0,0,,no_minute_file
GEOS,2025-09-03,13,0,157,1,1,1,18.61,3865174.0,1,1,09:30,intra_session_sparse
GERN,2025-09-03,13,0,375,1,1,1,1.47,13493365.0,1,1,05:08,intra_session_sparse
GETY,2025-09-03,13,0,279,1,1,1,1.77,1134059.0,1,0,08:00,intra_session_sparse
GEVO,2025-09-03,13,0,352,1,1,1,1.72,16982129.0,1,1,04:02,intra_session_sparse
GGB,2025-09-03,13,0,356,1,1,1,3.06,25390604.0,1,1,05:30,intra_session_sparse
GHRS,2025-09-03,13,0,106,1,1,1,13.93,3118291.0,1,1,09:30,intra_session_sparse
GIBO,2025-09-03,13,2,100,1,1,1,2.95,2521220.0,1,1,04:11,intra_session_sparse
GILT,2025-09-03,13,0,278,1,1,1,9.35,8239816.0,1,1,07:10,intra_session_sparse
GIPR,2025-09-03,13,13,0,1,0,0,0.92,60050.0,1,0,,no_session_bars_has_month_file
GITS,2025-09-03,13,13,0,0,0,0,2.2,62097.0,0,0,,no_minute_file
GIW,2025-09-03,13,13,0,0,0,0,,,0,0,,no_daily_history
GIX,2025-09-03,13,13,0,0,0,0,,,0,0,,no_daily_history
GLAD,2025-09-03,13,13,0,0,0,0,26.14,2596311.0,0,0,,no_minute_file
GLDG,2025-09-03,13,0,315,1,1,1,0.992,675970.0,1,0,04:10,intra_session_sparse
GLE,2025-09-03,13,13,0,1,0,0,0.714,1527407.0,1,0,,no_session_bars_has_month_file
GLED,2025-09-03,13,13,0,0,0,0,,,0,0,,no_daily_history
GLMD,2025-09-03,13,0,65,1,1,1,1.27,329864.0,1,0,04:50,intra_session_sparse
GLND,2025-09-03,13,13,0,1,0,0,10.02,119426.0,1,0,,no_session_bars_has_month_file
GLOO,2025-09-03,13,13,0,0,0,0,,,0,0,,no_daily_history
GLRE,2025-09-03,13,0,85,1,1,1,12.8,1281223.0,1,0,09:30,intra_session_sparse
GLSI,2025-09-03,13,2,71,1,1,1,11.46,513628.0,1,0,09:30,intra_session_sparse
GLUE,2025-09-03,13,0,184,1,1,1,4.92,1727675.0,1,0,09:30,intra_session_sparse
GLXG,2025-09-03,13,13,0,1,0,0,5.0,60120.0,1,0,,no_session_bars_has_month_file
GLXY,2025-09-03,13,13,0,0,0,0,24.16,223608897.0,0,0,,no_minute_file
GME,2025-09-03,13,13,0,0,0,0,23.41,123966963.0,0,0,,no_minute_file
GMHS,2025-09-03,13,0,211,1,1,1,2.13,18490313.0,1,1,04:00,intra_session_sparse
GMRS,2025-09-03,13,13,0,0,0,0,,,0,0,,no_daily_history
GNE,2025-09-03,13,1,134,1,1,1,15.17,3754783.0,1,1,05:29,intra_session_sparse
GNK,2025-09-03,13,0,257,1,1,1,17.0,9838470.0,1,1,09:30,intra_session_sparse
GNL,2025-09-03,13,0,306,1,1,1,7.81,10952355.0,1,1,08:00,intra_session_sparse
GNLX,2025-09-03,13,2,51,1,1,1,3.37,316468.0,1,0,09:30,intra_session_sparse
GNPX,2025-09-03,13,0,216,1,1,1,7.91,1272305.0,1,0,04:01,intra_session_sparse
GNS,2025-09-03,13,13,0,1,0,0,0.86,3448970.0,1,0,,no_session_bars_has_month_file
GNW,2025-09-03,13,0,347,1,1,1,8.46,39690480.0,1,1,04:00,intra_session_sparse
GO,2025-09-03,13,0,347,1,1,1,18.66,73528681.0,1,1,08:20,intra_session_sparse
GOAI,2025-09-03,13,13,0,0,0,0,,,0,0,,no_daily_history
GOGO,2025-09-03,13,0,307,1,1,1,11.02,24873796.0,1,1,09:26,intra_session_sparse
GOOS,2025-09-03,13,0,315,1,1,1,13.1,21456227.0,1,1,04:01,intra_session_sparse
GORO,2025-09-03,13,13,0,0,0,0,0.585,903100.0,0,0,,no_minute_file
GOSS,2025-09-03,13,0,360,1,1,1,2.59,6953571.0,1,1,06:36,intra_session_sparse
GOVX,2025-09-03,13,0,128,1,1,1,18.5,558813.0,1,0,08:00,intra_session_sparse
GP,2025-09-03,13,13,0,1,0,0,3.1,116993.0,1,0,,no_session_bars_has_month_file
GPAT,2025-09-03,13,5,1,1,1,1,10.6,1278141.0,1,0,12:12,intra_session_sparse
GPGI,2025-09-03,13,2,257,1,1,1,18.98,22520439.0,1,1,07:00,intra_session_sparse
GPK,2025-09-03,13,13,0,1,0,0,21.97,76027059.0,1,0,,no_session_bars_has_month_file
GPRE,2025-09-03,13,0,375,1,1,1,11.01,19804407.0,1,1,09:30,intra_session_sparse
GPRK,2025-09-03,13,0,266,1,1,1,6.57,4521132.0,1,1,06:00,intra_session_sparse
GPRO,2025-09-03,13,0,360,1,1,1,1.49,13742163.0,1,1,04:30,intra_session_sparse
GRAB,2025-09-03,13,0,376,1,1,1,4.93,127892490.0,1,1,04:00,intra_session_sparse
GRCE,2025-09-03,13,0,32,1,1,1,2.99,301456.0,1,0,08:17,intra_session_sparse
GRDX,2025-09-03,13,0,84,1,1,1,2.74,9647750.0,1,1,09:28,intra_session_sparse
GREE,2025-09-03,13,13,0,1,0,0,1.19,163765.0,1,0,,no_session_bars_has_month_file
GRI,2025-09-03,13,13,0,0,0,0,39.2,114416.0,0,0,,no_minute_file
GRND,2025-09-03,13,0,340,1,1,1,15.29,38253557.0,1,1,08:00,intra_session_sparse
GRNT,2025-09-03,13,0,266,1,1,1,5.64,3387389.0,1,1,09:30,intra_session_sparse
GRO,2025-09-03,13,0,157,1,1,1,1.72,3643422.0,1,1,04:14,intra_session_sparse
GROY,2025-09-03,13,0,371,1,1,1,3.82,8466777.0,1,1,04:00,intra_session_sparse
GRPN,2025-09-03,13,13,0,0,0,0,25.84,46079913.0,0,0,,no_minute_file
GRRR,2025-09-03,13,0,329,1,1,1,16.72,24504335.0,1,1,04:03,intra_session_sparse
GRWG,2025-09-03,13,2,169,1,1,1,1.64,1467817.0,1,0,09:26,intra_session_sparse
GSBD,2025-09-03,13,0,240,1,1,1,11.37,6712575.0,1,1,07:00,intra_session_sparse
GSIT,2025-09-03,13,0,130,1,1,1,2.93,842440.0,1,0,06:00,intra_session_sparse
GSIW,2025-09-03,13,0,196,1,1,1,19.28,1188555.0,1,0,04:00,intra_session_sparse
GSM,2025-09-03,13,0,263,1,1,1,4.13,5416796.0,1,1,09:30,intra_session_sparse
GSRF,2025-09-03,13,13,0,0,0,0,,,0,0,,no_daily_history
GT,2025-09-03,13,0,375,1,1,1,8.39,79813484.0,1,1,04:12,intra_session_sparse
GTBP,2025-09-03,13,13,0,0,0,0,0.899,147411.0,0,0,,no_minute_file
GTE,2025-09-03,13,0,168,1,1,1,4.14,1172026.0,1,0,07:44,intra_session_sparse
GTEN,2025-09-03,13,3,12,1,1,1,10.17,2113897.0,1,1,10:39,intra_session_sparse
GTERA,2025-09-03,13,2,62,1,1,1,9.97,2544930.0,1,1,10:10,intra_session_sparse
GTLB,2025-09-03,13,13,0,0,0,0,47.69,205046571.0,0,0,,no_minute_file
GTM,2025-09-03,13,0,359,1,1,1,10.29,54158814.0,1,1,06:37,intra_session_sparse
GTN,2025-09-03,13,0,305,1,1,1,5.84,9421034.0,1,1,09:30,intra_session_sparse
GTX,2025-09-03,13,0,352,1,1,1,13.12,50184824.0,1,1,08:00,intra_session_sparse
GURE,2025-09-03,13,13,0,0,0,0,,,0,0,,no_daily_history
GUTS,2025-09-03,13,13,0,1,0,0,0.977,1706389.0,1,0,,no_session_bars_has_month_file
GV,2025-09-03,13,2,31,1,1,1,1.57,6640310.0,1,1,04:02,intra_session_sparse
GVH,2025-09-03,13,0,41,1,1,1,4.38,593435.0,1,0,04:11,intra_session_sparse
GWAV,2025-09-03,13,2,117,1,1,1,6.26,683086.0,1,0,07:36,intra_session_sparse
GWH,2025-09-03,13,1,65,1,1,1,1.4,296603.0,1,0,08:24,intra_session_sparse
GXAI,2025-09-03,13,1,174,1,1,1,1.65,32350784.0,1,1,04:03,intra_session_sparse
HAFN,2025-09-03,13,0,307,1,1,1,6.12,7951351.0,1,1,04:00,intra_session_sparse
HAIN,2025-09-03,13,0,254,1,1,1,1.81,1773565.0,1,0,06:39,intra_session_sparse
HAO,2025-09-03,13,13,0,0,0,0,151.04,48524.0,0,0,,no_minute_file
HAVA,2025-09-03,13,13,0,0,0,0,,,0,0,,no_daily_history
HAYW,2025-09-03,13,0,341,1,1,1,15.77,40034904.0,1,1,08:05,intra_session_sparse
HBAN,2025-09-03,13,0,376,1,1,1,17.68,411695636.0,1,1,07:16,intra_session_sparse
HBIO,2025-09-03,13,1,115,1,1,1,4.892,257616.0,1,0,08:17,intra_session_sparse
HBM,2025-09-03,13,0,376,1,1,1,12.06,76035419.0,1,1,04:37,intra_session_sparse
HBNC,2025-09-03,13,0,199,1,1,1,16.74,7946590.0,1,1,09:30,intra_session_sparse
HCAC,2025-09-03,13,13,0,0,0,0,,,0,0,,no_daily_history
HCAI,2025-09-03,13,13,0,1,0,0,21.01,101102.0,1,0,,no_session_bars_has_month_file
HCAT,2025-09-03,13,0,297,1,1,1,3.4,3633275.0,1,1,09:30,intra_session_sparse
HCHL,2025-09-03,13,0,60,1,1,1,3.153,377839.0,1,0,09:33,intra_session_sparse
HCKT,2025-09-03,13,13,0,1,0,0,20.59,7517103.0,1,0,,no_session_bars_has_month_file
HCSG,2025-09-03,13,0,267,1,1,1,15.84,11787527.0,1,1,09:30,intra_session_sparse
HCTI,2025-09-03,13,13,0,0,0,0,129.6,3063403.0,0,0,,no_minute_file
HCWB,2025-09-03,13,0,180,1,1,1,5.35,25224640.0,1,1,07:06,intra_session_sparse
HDRN,2025-09-03,13,13,0,1,0,0,10.37,315257.0,1,0,,no_session_bars_has_month_file
HDSN,2025-09-03,13,0,145,1,1,1,10.26,3937492.0,1,1,08:00,intra_session_sparse
HE,2025-09-03,13,0,358,1,1,1,12.26,27757251.0,1,1,04:46,intra_session_sparse
HELE,2025-09-03,13,13,0,0,0,0,24.72,15029850.0,0,0,,no_minute_file
HELP,2025-09-03,13,0,329,1,1,1,6.24,3157178.0,1,1,04:20,intra_session_sparse
HGTY,2025-09-03,13,2,179,1,1,1,11.25,2994279.0,1,1,09:30,intra_session_sparse
HIHO,2025-09-03,13,13,0,1,0,0,1.699,18321.0,1,0,,no_session_bars_has_month_file
HIMS,2025-09-03,13,13,0,0,0,0,41.53,1362904745.0,0,0,,no_minute_file
HIND,2025-09-03,13,2,99,1,1,1,8.535,10479153.0,1,1,09:30,intra_session_sparse
HIT,2025-09-03,13,0,162,1,1,1,2.88,2456703.0,1,1,05:42,intra_session_sparse
HITI,2025-09-03,13,0,220,1,1,1,3.33,3234938.0,1,1,08:00,intra_session_sparse
HIVE,2025-09-03,13,0,376,1,1,1,2.95,42834093.0,1,1,04:00,intra_session_sparse
HKPD,2025-09-03,13,0,197,1,1,1,1.45,11252168.0,1,1,04:05,intra_session_sparse
HL,2025-09-03,13,0,376,1,1,1,8.92,172918980.0,1,1,04:00,intra_session_sparse
HLF,2025-09-03,13,0,362,1,1,1,9.79,18207771.0,1,1,07:32,intra_session_sparse
HLIT,2025-09-03,13,1,257,1,1,1,9.6,10250584.0,1,1,09:30,intra_session_sparse
HLLY,2025-09-03,13,0,219,1,1,1,4.0,2991405.0,1,1,09:30,intra_session_sparse
HLMN,2025-09-03,13,0,326,1,1,1,9.83,16140838.0,1,1,07:54,intra_session_sparse
HLX,2025-09-03,13,0,346,1,1,1,6.53,8111062.0,1,1,04:21,intra_session_sparse
HLXC,2025-09-03,13,13,0,0,0,0,,,0,0,,no_daily_history
HMH,2025-09-03,13,13,0,0,0,0,,,0,0,,no_daily_history
HMY,2025-09-03,13,0,376,1,1,1,14.28,67442608.0,1,1,04:00,intra_session_sparse
HNRG,2025-09-03,13,0,257,1,1,1,16.65,15251734.0,1,1,08:25,intra_session_sparse
HNST,2025-09-03,13,0,375,1,1,1,3.84,18938081.0,1,1,04:00,intra_session_sparse
HOG,2025-09-03,13,13,0,0,0,0,29.29,50085987.0,0,0,,no_minute_file
HOPE,2025-09-03,13,0,243,1,1,1,11.06,8329382.0,1,1,08:04,intra_session_sparse
HOUR,2025-09-03,13,13,0,1,0,0,1.29,42150.0,1,0,,no_session_bars_has_month_file
HOVR,2025-09-03,13,0,183,1,1,1,1.69,1341639.0,1,0,04:03,intra_session_sparse
HOWL,2025-09-03,13,13,0,1,0,0,1.3,171289.0,1,0,,no_session_bars_has_month_file
HP,2025-09-03,13,13,0,0,0,0,21.23,43289302.0,0,0,,no_minute_file
HPAI,2025-09-03,13,13,0,0,0,0,3.866,6573.0,0,0,,no_minute_file
HPE,2025-09-03,13,13,0,0,0,0,22.68,374317505.0,0,0,,no_minute_file
HPK,2025-09-03,13,0,187,1,1,1,7.85,4555643.0,1,1,09:30,intra_session_sparse
HPP,2025-09-03,13,0,375,1,1,1,19.67,18214436.0,1,1,09:15,intra_session_sparse
HPQ,2025-09-03,13,13,0,0,0,0,28.94,244256549.0,0,0,,no_minute_file
HQ,2025-09-03,13,13,0,0,0,0,,,0,0,,no_daily_history
HQH,2025-09-03,13,0,137,1,1,1,16.64,3508425.0,1,1,09:30,intra_session_sparse
HQL,2025-09-03,13,0,104,1,1,1,14.06,1425127.0,1,0,09:30,intra_session_sparse
HRL,2025-09-03,13,13,0,0,0,0,25.03,122076369.0,0,0,,no_minute_file
HRTX,2025-09-03,13,0,325,1,1,1,1.32,3496219.0,1,1,08:00,intra_session_sparse
HRZN,2025-09-03,13,0,231,1,1,1,6.97,4772650.0,1,1,07:00,intra_session_sparse
HSDT,2025-09-03,13,13,0,1,0,0,6.09,189228.0,1,0,,no_session_bars_has_month_file
HSHP,2025-09-03,13,0,68,1,1,1,7.5,772556.0,1,0,04:09,intra_session_sparse
HST,2025-09-03,13,0,376,1,1,1,17.07,151801916.0,1,1,08:49,intra_session_sparse
HSTM,2025-09-03,13,13,0,0,0,0,28.03,5376835.0,0,0,,no_minute_file
HTCO,2025-09-03,13,2,38,1,1,1,7.69,565003.0,1,0,09:30,intra_session_sparse
HTCR,2025-09-03,13,0,282,1,1,1,20.4,2417908.0,1,0,05:52,intra_session_sparse
HTGC,2025-09-03,13,0,302,1,1,1,19.33,19373074.0,1,1,08:00,intra_session_sparse
HTLD,2025-09-03,13,0,255,1,1,1,8.37,5669880.0,1,1,09:30,intra_session_sparse
HTLM,2025-09-03,13,13,0,0,0,0,3.93,20682.0,0,0,,no_minute_file
HTOO,2025-09-03,13,0,45,1,1,1,3.95,243192.0,1,0,08:00,intra_session_sparse
HTT,2025-09-03,13,0,168,1,1,1,4.66,2703356.0,1,1,08:48,intra_session_sparse
HTZ,2025-09-03,13,0,366,1,1,1,5.62,50738999.0,1,1,04:16,intra_session_sparse
HUBC,2025-09-03,13,13,0,0,0,0,1635.0,797694.0,0,0,,no_minute_file
HUMA,2025-09-03,13,0,365,1,1,1,1.51,10715282.0,1,1,07:01,intra_session_sparse
HUN,2025-09-03,13,0,374,1,1,1,11.01,43480772.0,1,1,08:58,intra_session_sparse
HURA,2025-09-03,13,1,150,1,1,1,2.59,2456143.0,1,1,08:39,intra_session_sparse
HUYA,2025-09-03,13,0,369,1,1,1,3.53,4933737.0,1,1,05:31,intra_session_sparse
HVII,2025-09-03,13,13,0,1,0,0,10.17,277553.0,1,0,,no_session_bars_has_month_file
HVT,2025-09-03,13,13,0,0,0,0,22.44,2253154.0,0,0,,no_minute_file
HWH,2025-09-03,13,0,373,1,1,1,4.72,77020629.0,1,1,04:00,intra_session_sparse
HXHX,2025-09-03,13,13,0,1,0,0,1.0,137912.0,1,0,,no_session_bars_has_month_file
HYFT,2025-09-03,13,0,265,1,1,1,1.93,4526925.0,1,1,05:11,intra_session_sparse
HYLN,2025-09-03,13,0,307,1,1,1,1.61,1715954.0,1,0,04:06,intra_session_sparse
HYMC,2025-09-03,13,0,325,1,1,1,5.45,3066371.0,1,1,04:00,intra_session_sparse
HYNE,2025-09-03,13,13,0,0,0,0,,,0,0,,no_daily_history
HYPD,2025-09-03,13,0,122,1,1,1,5.93,3368005.0,1,1,05:01,intra_session_sparse
IAG,2025-09-03,13,0,374,1,1,1,9.43,102480977.0,1,1,04:01,intra_session_sparse
IART,2025-09-03,13,0,298,1,1,1,15.16,18837895.0,1,1,09:30,intra_session_sparse
IAUX,2025-09-03,13,13,0,0,0,0,0.822,3486471.0,0,0,,no_minute_file
IBG,2025-09-03,13,2,47,1,1,1,14.3,264123.0,1,0,08:00,intra_session_sparse
IBIO,2025-09-03,13,13,0,0,0,0,0.811,1674766.0,0,0,,no_minute_file
IBRX,2025-09-03,13,0,369,1,1,1,2.38,22345080.0,1,1,04:00,intra_session_sparse
IBTA,2025-09-03,13,13,0,0,0,0,27.13,23971412.0,0,0,,no_minute_file
ICHR,2025-09-03,13,0,291,1,1,1,16.48,22883669.0,1,1,08:19,intra_session_sparse
ICL,2025-09-03,13,0,288,1,1,1,6.26,4551635.0,1,1,05:34,intra_session_sparse
ICON,2025-09-03,13,13,0,0,0,0,9.6,104006.0,0,0,,no_minute_file
ICU,2025-09-03,13,2,233,1,1,1,9.157,1166186.0,1,0,04:01,intra_session_sparse
IDAI,2025-09-03,13,13,0,1,0,0,2.87,73332.0,1,0,,no_session_bars_has_month_file
IDN,2025-09-03,13,2,60,1,1,1,5.35,921545.0,1,0,09:25,intra_session_sparse
IE,2025-09-03,13,0,299,1,1,1,8.64,8435393.0,1,1,09:25,intra_session_sparse
IEAG,2025-09-03,13,13,0,0,0,0,,,0,0,,no_daily_history
IEP,2025-09-03,13,1,196,1,1,1,8.44,7152908.0,1,1,07:15,intra_session_sparse
IFRX,2025-09-03,13,0,346,1,1,1,1.75,913340.0,1,0,04:10,intra_session_sparse
IHRT,2025-09-03,13,0,289,1,1,1,2.24,2279176.0,1,1,09:30,intra_session_sparse
IHS,2025-09-03,13,0,196,1,1,1,7.18,4459607.0,1,1,09:30,intra_session_sparse
III,2025-09-03,13,0,198,1,1,1,5.16,1285153.0,1,0,07:00,intra_session_sparse
IIIV,2025-09-03,13,13,0,0,0,0,30.63,8107684.0,0,0,,no_minute_file
IKT,2025-09-03,13,13,0,1,0,0,1.76,176495.0,1,0,,no_session_bars_has_month_file
ILLR,2025-09-03,13,13,0,1,0,0,0.476,751282.0,1,0,,no_session_bars_has_month_file
IMA,2025-09-03,13,13,0,1,0,0,13.36,125401.0,1,0,,no_session_bars_has_month_file
IMCC,2025-09-03,13,13,0,0,0,0,2.22,102880.0,0,0,,no_minute_file
IMDX,2025-09-03,13,13,0,0,0,0,2.6,75476.0,0,0,,no_minute_file
IMMR,2025-09-03,13,0,161,1,1,1,6.99,2587056.0,1,1,07:48,intra_session_sparse
IMMX,2025-09-03,13,0,59,1,1,1,2.28,616415.0,1,0,09:30,intra_session_sparse
IMNM,2025-09-03,13,0,332,1,1,1,9.28,6549359.0,1,1,09:21,intra_session_sparse
IMPP,2025-09-03,13,2,66,1,1,1,3.37,430072.0,1,0,09:30,intra_session_sparse
IMRX,2025-09-03,13,0,309,1,1,1,5.99,4282754.0,1,1,06:24,intra_session_sparse
IMSR,2025-09-03,13,2,95,1,1,1,11.5,7647097.0,1,1,09:30,intra_session_sparse
IMTE,2025-09-03,13,13,0,1,0,0,0.894,29463.0,1,0,,no_session_bars_has_month_file
IMTX,2025-09-03,13,0,260,1,1,1,5.34,4601201.0,1,1,04:34,intra_session_sparse
IMUX,2025-09-03,13,0,291,1,1,1,7.99,1053999.0,1,0,04:05,intra_session_sparse
IMVT,2025-09-03,13,0,344,1,1,1,15.07,17423565.0,1,1,09:27,intra_session_sparse
IMXI,2025-09-03,13,0,263,1,1,1,14.52,18835965.0,1,1,04:00,intra_session_sparse
INBS,2025-09-03,13,13,0,1,0,0,15.9,191111.0,1,0,,no_session_bars_has_month_file
INDI,2025-09-03,13,0,352,1,1,1,4.36,17479128.0,1,1,07:00,intra_session_sparse
INDO,2025-09-03,13,1,95,1,1,1,2.93,1124571.0,1,0,07:11,intra_session_sparse
INDP,2025-09-03,13,13,0,1,0,0,6.153,47703.0,1,0,,no_session_bars_has_month_file
INFQ,2025-09-03,13,0,4,1,1,1,10.115,585495.0,1,0,09:45,intra_session_sparse
INFU,2025-09-03,13,0,164,1,1,1,10.58,3475396.0,1,1,04:00,intra_session_sparse
INGM,2025-09-03,13,0,168,1,1,1,19.04,6244029.0,1,1,09:30,intra_session_sparse
INGN,2025-09-03,13,0,143,1,1,1,8.1,1845893.0,1,0,09:24,intra_session_sparse
INHD,2025-09-03,13,13,0,0,0,0,2448.0,68204604.0,0,0,,no_minute_file
INKT,2025-09-03,13,0,84,1,1,1,13.86,1586879.0,1,0,09:30,intra_session_sparse
INLF,2025-09-03,13,1,118,1,1,1,18.72,200487.0,1,0,08:07,intra_session_sparse
INMB,2025-09-03,13,0,281,1,1,1,1.97,2144660.0,1,1,06:14,intra_session_sparse
INMD,2025-09-03,13,0,267,1,1,1,14.41,15667007.0,1,1,08:00,intra_session_sparse
INN,2025-09-03,13,0,256,1,1,1,5.4,4701053.0,1,1,09:30,intra_session_sparse
INNV,2025-09-03,13,13,0,1,0,0,3.69,63885.0,1,0,,no_session_bars_has_month_file
INO,2025-09-03,13,0,339,1,1,1,2.57,4807947.0,1,1,05:41,intra_session_sparse
INR,2025-09-03,13,0,242,1,1,1,15.2,4620995.0,1,1,09:30,intra_session_sparse
INSG,2025-09-03,13,1,166,1,1,1,12.94,3747932.0,1,1,08:04,intra_session_sparse
INTA,2025-09-03,13,13,0,0,0,0,44.73,60429852.0,0,0,,no_minute_file
INTR,2025-09-03,13,0,327,1,1,1,8.36,25129342.0,1,1,09:09,intra_session_sparse
INTS,2025-09-03,13,0,215,1,1,1,6.875,1200567.0,1,0,04:06,intra_session_sparse
INTT,2025-09-03,13,0,70,1,1,1,7.1,325339.0,1,0,09:30,intra_session_sparse
INV,2025-09-03,13,1,73,1,1,1,5.09,642156.0,1,0,09:30,intra_session_sparse
INVA,2025-09-03,13,13,0,1,0,0,20.88,16242196.0,1,0,,no_session_bars_has_month_file
INVX,2025-09-03,13,0,177,1,1,1,17.08,5860141.0,1,1,09:30,intra_session_sparse
INVZ,2025-09-03,13,0,342,1,1,1,1.57,11803069.0,1,1,04:04,intra_session_sparse
IOTR,2025-09-03,13,13,0,0,0,0,4.227,79129.0,0,0,,no_minute_file
IOVA,2025-09-03,13,0,375,1,1,1,2.19,35449816.0,1,1,04:13,intra_session_sparse
IPCX,2025-09-03,13,3,35,1,1,1,10.11,2610674.0,1,1,11:06,intra_session_sparse
IPDN,2025-09-03,13,0,355,1,1,1,6.95,110030287.0,1,1,04:00,intra_session_sparse
IPM,2025-09-03,13,13,0,1,0,0,1.915,79037.0,1,0,,no_session_bars_has_month_file
IPSC,2025-09-03,13,13,0,0,0,0,0.476,377647.0,0,0,,no_minute_file
IPST,2025-09-03,13,13,0,0,0,0,174.44,1681502.0,0,0,,no_minute_file
IPW,2025-09-03,13,13,0,0,0,0,121.7,66314.0,0,0,,no_minute_file
IPWR,2025-09-03,13,2,25,1,1,1,5.14,520658.0,1,0,07:26,intra_session_sparse
IRD,2025-09-03,13,1,118,1,1,1,1.23,254212.0,1,0,07:00,intra_session_sparse
IRDM,2025-09-03,13,13,0,1,0,0,24.78,36170811.0,1,0,,no_session_bars_has_month_file
IRWD,2025-09-03,13,0,249,1,1,1,1.31,1537874.0,1,0,07:15,intra_session_sparse
ISPC,2025-09-03,13,13,0,0,0,0,28.34,1199521.0,0,0,,no_minute_file
ISSC,2025-09-03,13,1,298,1,1,1,12.38,14586492.0,1,1,08:00,intra_session_sparse
ITHA,2025-09-03,13,13,0,0,0,0,,,0,0,,no_daily_history
ITOC,2025-09-03,13,1,316,1,1,1,13.6,1400464.0,1,0,05:25,intra_session_sparse
ITRG,2025-09-03,13,0,345,1,1,1,2.46,3340112.0,1,1,05:11,intra_session_sparse
IVA,2025-09-03,13,0,69,1,1,1,5.26,327197.0,1,0,08:29,intra_session_sparse
IVDA,2025-09-03,13,0,64,1,1,1,1.54,341780.0,1,0,08:00,intra_session_sparse
IVF,2025-09-03,13,13,0,0,0,0,36.96,1420306.0,0,0,,no_minute_file
IVVD,2025-09-03,13,0,340,1,1,1,1.03,12736571.0,1,1,04:03,intra_session_sparse
IXHL,2025-09-03,13,0,375,1,1,1,19.14,79662774.0,1,1,04:00,intra_session_sparse
JACK,2025-09-03,13,0,305,1,1,1,18.73,21138762.0,1,1,04:01,intra_session_sparse
JAGU,2025-09-03,13,13,0,0,0,0,,,0,0,,no_daily_history
JAKK,2025-09-03,13,1,93,1,1,1,17.54,1761589.0,1,0,09:30,intra_session_sparse
JANX,2025-09-03,13,13,0,0,0,0,22.86,19973244.0,0,0,,no_minute_file
JATT,2025-09-03,13,13,0,0,0,0,,,0,0,,no_daily_history
JBGS,2025-09-03,13,13,0,0,0,0,21.31,21625751.0,0,0,,no_minute_file
JBI,2025-09-03,13,0,242,1,1,1,10.15,13221831.0,1,1,09:30,intra_session_sparse
JBIO,2025-09-03,13,0,46,1,1,1,7.62,778516.0,1,0,09:30,intra_session_sparse
JBLU,2025-09-03,13,0,376,1,1,1,5.49,82329382.0,1,1,07:00,intra_session_sparse
JBS,2025-09-03,13,0,375,1,1,1,16.11,91764793.0,1,1,07:19,intra_session_sparse
JCAP,2025-09-03,13,0,123,1,1,1,18.93,3161399.0,1,1,09:30,intra_session_sparse
JDZG,2025-09-03,13,13,0,0,0,0,445.73,235023.0,0,0,,no_minute_file
JELD,2025-09-03,13,0,317,1,1,1,6.36,12477977.0,1,1,09:30,intra_session_sparse
JEM,2025-09-03,13,0,376,1,1,1,44.4,2642932.0,1,0,06:12,intra_session_sparse
JENA,2025-09-03,13,13,0,1,0,0,10.14,989288.0,1,0,,no_session_bars_has_month_file
JFB,2025-09-03,13,7,15,1,1,1,3.45,368226.0,1,0,09:30,intra_session_sparse
JHX,2025-09-03,13,0,376,1,1,1,19.64,254194239.0,1,1,08:00,intra_session_sparse
JILL,2025-09-03,13,0,118,1,1,1,16.87,1495057.0,1,0,07:00,intra_session_sparse
JLHL,2025-09-03,13,13,0,0,0,0,4.435,124696.0,0,0,,no_minute_file
JMG,2025-09-03,13,13,0,0,0,0,,,0,0,,no_daily_history
JMIA,2025-09-03,13,0,372,1,1,1,8.05,44035277.0,1,1,04:34,intra_session_sparse
JOBY,2025-09-03,13,0,376,1,1,1,13.38,469142493.0,1,1,04:00,intra_session_sparse
JRVR,2025-09-03,13,0,213,1,1,1,5.41,1891464.0,1,0,07:03,intra_session_sparse
JSPR,2025-09-03,13,2,118,1,1,1,2.76,610525.0,1,0,08:00,intra_session_sparse
JTAI,2025-09-03,13,13,0,0,0,0,676.0,175356.0,0,0,,no_minute_file
JXG,2025-09-03,13,13,0,1,0,0,14.99,126630.0,1,0,,no_session_bars_has_month_file
JZXN,2025-09-03,13,13,0,1,0,0,33.62,233883.0,1,0,,no_session_bars_has_month_file
KALA,2025-09-03,13,13,0,0,0,0,609.5,1461750.0,0,0,,no_minute_file
KALV,2025-09-03,13,0,309,1,1,1,14.29,8407883.0,1,1,09:21,intra_session_sparse
KAPA,2025-09-03,13,0,288,1,1,1,1.41,1556188.0,1,0,04:01,intra_session_sparse
KBDC,2025-09-03,13,0,185,1,1,1,15.09,2155393.0,1,1,09:14,intra_session_sparse
KBON,2025-09-03,13,13,0,0,0,0,,,0,0,,no_daily_history
KD,2025-09-03,13,13,0,0,0,0,31.18,115279519.0,0,0,,no_minute_file
KDK,2025-09-03,13,2,84,1,1,1,11.41,2822261.0,1,1,07:56,intra_session_sparse
KEEL,2025-09-03,13,0,375,1,1,1,1.34,33043886.0,1,1,04:00,intra_session_sparse
KELYA,2025-09-03,13,0,208,1,1,1,14.06,4605133.0,1,1,09:30,intra_session_sparse
KELYB,2025-09-03,13,13,0,0,0,0,14.6,9310.0,0,0,,no_minute_file
KEP,2025-09-03,13,0,150,1,1,1,13.33,8211110.0,1,1,08:49,intra_session_sparse
KEY,2025-09-03,13,0,376,1,1,1,18.96,457962298.0,1,1,04:12,intra_session_sparse
KIDS,2025-09-03,13,13,0,1,0,0,20.8,3411646.0,1,0,,no_session_bars_has_month_file
KIDZ,2025-09-03,13,13,0,0,0,0,60.5,608725.0,0,0,,no_minute_file
KIM,2025-09-03,13,13,0,0,0,0,22.25,82217975.0,0,0,,no_minute_file
KINS,2025-09-03,13,2,124,1,1,1,13.47,3446084.0,1,1,05:17,intra_session_sparse
KITT,2025-09-03,13,13,0,0,0,0,46.81,2207109.0,0,0,,no_minute_file
KLAR,2025-09-03,13,13,0,0,0,0,,,0,0,,no_daily_history
KLC,2025-09-03,13,0,241,1,1,1,6.99,10082643.0,1,1,09:29,intra_session_sparse
KLRA,2025-09-03,13,13,0,0,0,0,,,0,0,,no_daily_history
KLRS,2025-09-03,13,1,342,1,1,1,4.0,244168.0,1,0,09:30,intra_session_sparse
KLTR,2025-09-03,13,0,205,1,1,1,1.5,434221.0,1,0,07:48,intra_session_sparse
KMTS,2025-09-03,13,2,208,1,1,1,16.12,3207856.0,1,1,09:30,intra_session_sparse
KNRX,2025-09-03,13,13,0,0,0,0,,,0,0,,no_daily_history
KOD,2025-09-03,13,0,284,1,1,1,8.62,6193091.0,1,1,09:29,intra_session_sparse
KODK,2025-09-03,13,0,268,1,1,1,5.79,12218189.0,1,1,07:00,intra_session_sparse
KOPN,2025-09-03,13,0,353,1,1,1,2.07,5585560.0,1,1,04:01,intra_session_sparse
KORE,2025-09-03,13,13,0,0,0,0,2.45,26088.0,0,0,,no_minute_file
KOS,2025-09-03,13,0,375,1,1,1,1.82,16162972.0,1,1,05:07,intra_session_sparse
KOYN,2025-09-03,13,13,0,0,0,0,,,0,0,,no_daily_history
KPLT,2025-09-03,13,0,164,1,1,1,18.88,801192.0,1,0,07:05,intra_session_sparse
KPRX,2025-09-03,13,2,101,1,1,1,2.73,208855.0,1,0,09:35,intra_session_sparse
KPTI,2025-09-03,13,0,94,1,1,1,6.78,1263199.0,1,0,04:32,intra_session_sparse
KRNT,2025-09-03,13,1,187,1,1,1,14.56,6727830.0,1,1,09:30,intra_session_sparse
KRNY,2025-09-03,13,0,180,1,1,1,6.74,2512089.0,1,1,09:30,intra_session_sparse
KRO,2025-09-03,13,1,146,1,1,1,6.2,2845870.0,1,1,05:30,intra_session_sparse
KROS,2025-09-03,13,0,157,1,1,1,15.72,7478772.0,1,1,09:30,intra_session_sparse
KRRO,2025-09-03,13,13,0,0,0,0,22.205,2861182.0,0,0,,no_minute_file
KSCP,2025-09-03,13,0,124,1,1,1,5.59,2315865.0,1,1,07:08,intra_session_sparse
KSS,2025-09-03,13,0,375,1,1,1,16.13,131159254.0,1,1,04:00,intra_session_sparse
KT,2025-09-03,13,0,368,1,1,1,19.78,30871840.0,1,1,09:30,intra_session_sparse
KTTA,2025-09-03,13,13,0,0,0,0,0.899,125735.0,0,0,,no_minute_file
KTWO,2025-09-03,13,13,0,0,0,0,,,0,0,,no_daily_history
KULR,2025-09-03,13,0,332,1,1,1,4.57,10233435.0,1,1,04:08,intra_session_sparse
KURA,2025-09-03,13,0,337,1,1,1,7.95,13984667.0,1,1,07:46,intra_session_sparse
KUST,2025-09-03,13,13,0,0,0,0,26.25,190134.0,0,0,,no_minute_file
KVUE,2025-09-03,13,13,0,1,0,0,20.78,342232107.0,1,0,,no_session_bars_has_month_file
KVYO,2025-09-03,13,13,0,0,0,0,30.75,85091742.0,0,0,,no_minute_file
KW,2025-09-03,13,0,283,1,1,1,8.53,6637294.0,1,1,09:30,intra_session_sparse
KXIN,2025-09-03,13,13,0,0,0,0,288.0,172002.0,0,0,,no_minute_file
KYIV,2025-09-03,13,0,279,1,1,1,11.07,25475752.0,1,1,07:02,intra_session_sparse
KYTX,2025-09-03,13,2,147,1,1,1,3.59,1010820.0,1,0,09:30,intra_session_sparse
LAB,2025-09-03,13,0,304,1,1,1,1.24,1446491.0,1,0,08:00,intra_session_sparse
LABT,2025-09-03,13,13,0,0,0,0,,,0,0,,no_daily_history
LAC,2025-09-03,13,0,369,1,1,1,2.83,21342895.0,1,1,04:09,intra_session_sparse
LADR,2025-09-03,13,0,194,1,1,1,11.56,5887717.0,1,1,09:30,intra_session_sparse
LAES,2025-09-03,13,0,352,1,1,1,2.61,13563237.0,1,1,04:01,intra_session_sparse
LAKE,2025-09-03,13,2,108,1,1,1,15.14,1232034.0,1,0,09:30,intra_session_sparse
LAND,2025-09-03,13,0,222,1,1,1,8.94,3802185.0,1,1,07:10,intra_session_sparse
LAR,2025-09-03,13,0,328,1,1,1,3.31,6257248.0,1,1,08:52,intra_session_sparse
LASE,2025-09-03,13,0,312,1,1,1,2.525,33128199.0,1,1,04:02,intra_session_sparse
LAW,2025-09-03,13,1,74,1,1,1,5.32,744845.0,1,0,05:03,intra_session_sparse
LAWR,2025-09-03,13,0,306,1,1,1,3.34,11369519.0,1,1,04:00,intra_session_sparse
LBGJ,2025-09-03,13,13,0,0,0,0,135.0,15315.0,0,0,,no_minute_file
LBRT,2025-09-03,13,0,373,1,1,1,11.04,30423170.0,1,1,07:29,intra_session_sparse
LBRX,2025-09-03,13,13,0,0,0,0,,,0,0,,no_daily_history
LBTYA,2025-09-03,13,0,336,1,1,1,11.62,21247737.0,1,1,09:30,intra_session_sparse
LBTYB,2025-09-03,13,13,0,0,0,0,12.22,2516.0,0,0,,no_minute_file
LBTYK,2025-09-03,13,0,302,1,1,1,11.81,12290110.0,1,1,09:30,intra_session_sparse
LC,2025-09-03,13,0,333,1,1,1,16.62,24874856.0,1,1,08:10,intra_session_sparse
LCFY,2025-09-03,13,0,374,1,1,1,4.07,231903.0,1,0,08:00,intra_session_sparse
LCID,2025-09-03,13,0,376,1,1,1,17.66,186796837.0,1,1,04:00,intra_session_sparse
LCTX,2025-09-03,13,0,152,1,1,1,1.22,1812278.0,1,0,05:19,intra_session_sparse
LCUT,2025-09-03,13,13,0,0,0,0,4.2,114488.0,0,0,,no_minute_file
LDI,2025-09-03,13,0,289,1,1,1,1.97,4568547.0,1,1,07:00,intra_session_sparse
LE,2025-09-03,13,2,175,1,1,1,13.73,5041680.0,1,1,07:38,intra_session_sparse
LEG,2025-09-03,13,0,335,1,1,1,9.31,14677975.0,1,1,05:54,intra_session_sparse
LEGH,2025-09-03,13,13,0,0,0,0,27.58,1825680.0,0,0,,no_minute_file
LENZ,2025-09-03,13,13,0,0,0,0,39.25,26957045.0,0,0,,no_minute_file
LEO,2025-09-03,13,0,122,1,1,1,5.9,861859.0,1,0,09:30,intra_session_sparse
LESL,2025-09-03,13,0,260,1,1,1,6.48,930210.0,1,0,09:01,intra_session_sparse
LEVI,2025-09-03,13,13,0,0,0,0,22.63,41707770.0,0,0,,no_minute_file
LFCR,2025-09-03,13,2,92,1,1,1,7.46,809294.0,1,0,09:30,intra_session_sparse
LFMD,2025-09-03,13,0,331,1,1,1,6.17,18691817.0,1,1,04:00,intra_session_sparse
LFST,2025-09-03,13,0,372,1,1,1,5.63,16044214.0,1,1,08:23,intra_session_sparse
LFVN,2025-09-03,13,2,97,1,1,1,13.55,1305311.0,1,0,09:30,intra_session_sparse
LGCL,2025-09-03,13,13,0,1,0,0,20.52,398036.0,1,0,,no_session_bars_has_month_file
LGO,2025-09-03,13,13,0,1,0,0,1.475,192238.0,1,0,,no_session_bars_has_month_file
LGVN,2025-09-03,13,13,0,0,0,0,0.822,1632850.0,0,0,,no_minute_file
LHAI,2025-09-03,13,1,335,1,1,1,9.01,4663925.0,1,1,07:00,intra_session_sparse
LIDR,2025-09-03,13,0,340,1,1,1,2.79,22365643.0,1,1,04:02,intra_session_sparse
LIFE,2025-09-03,13,13,0,0,0,0,1.9,963346.0,0,0,,no_minute_file
LILA,2025-09-03,13,0,317,1,1,1,7.83,4196162.0,1,1,09:30,intra_session_sparse
LILAK,2025-09-03,13,0,337,1,1,1,8.0,14869210.0,1,1,04:03,intra_session_sparse
LIMN,2025-09-03,13,0,143,1,1,1,2.99,8160248.0,1,1,04:03,intra_session_sparse
LINC,2025-09-03,13,0,185,1,1,1,19.03,10661492.0,1,1,09:29,intra_session_sparse
LIND,2025-09-03,13,0,206,1,1,1,14.33,6298676.0,1,1,09:30,intra_session_sparse
LINK,2025-09-03,13,2,70,1,1,1,6.513,612736.0,1,0,08:00,intra_session_sparse
LION,2025-09-03,13,0,371,1,1,1,6.2,13173274.0,1,1,09:30,intra_session_sparse
LITS,2025-09-03,13,0,278,1,1,1,4.85,2400884.0,1,1,05:30,intra_session_sparse
LKSP,2025-09-03,13,13,0,0,0,0,,,0,0,,no_daily_history
LMFA,2025-09-03,13,2,157,1,1,1,1.25,847044.0,1,0,05:43,intra_session_sparse
LMRI,2025-09-03,13,13,0,0,0,0,,,0,0,,no_daily_history
LNAI,2025-09-03,13,13,0,1,0,0,18.2,198884.0,1,0,,no_session_bars_has_month_file
LNKS,2025-09-03,13,13,0,0,0,0,128.73,68199.0,0,0,,no_minute_file
LOCL,2025-09-03,13,13,0,0,0,0,2.31,30127.0,0,0,,no_minute_file
LOCO,2025-09-03,13,0,107,1,1,1,10.58,1810949.0,1,0,09:30,intra_session_sparse
LODE,2025-09-03,13,0,233,1,1,1,2.39,2612194.0,1,1,08:15,intra_session_sparse
LOKV,2025-09-03,13,4,3,1,1,1,10.165,1335157.0,1,0,11:22,intra_session_sparse
LONA,2025-09-03,13,13,0,0,0,0,3.87,40046.0,0,0,,no_minute_file
LOVE,2025-09-03,13,0,175,1,1,1,18.15,5593323.0,1,1,08:00,intra_session_sparse
LPCN,2025-09-03,13,13,0,0,0,0,2.9,58483.0,0,0,,no_minute_file
LPCV,2025-09-03,13,13,0,0,0,0,,,0,0,,no_daily_history
LPL,2025-09-03,13,0,284,1,1,1,4.28,2701394.0,1,1,08:00,intra_session_sparse
LPSN,2025-09-03,13,0,270,1,1,1,13.35,9877686.0,1,1,04:00,intra_session_sparse
LPTH,2025-09-03,13,0,367,1,1,1,4.91,4052452.0,1,1,08:00,intra_session_sparse
LRHC,2025-09-03,13,13,0,0,0,0,591.0,229184.0,0,0,,no_minute_file
LRMR,2025-09-03,13,0,344,1,1,1,3.71,6524904.0,1,1,07:05,intra_session_sparse
LSPD,2025-09-03,13,0,238,1,1,1,12.01,5566736.0,1,1,09:30,intra_session_sparse
LTBR,2025-09-03,13,0,322,1,1,1,15.13,22896974.0,1,1,06:54,intra_session_sparse
LTRN,2025-09-03,13,0,102,1,1,1,4.03,507808.0,1,0,08:00,intra_session_sparse
LTRX,2025-09-03,13,0,290,1,1,1,4.7,2523587.0,1,1,07:00,intra_session_sparse
LUCD,2025-09-03,13,0,240,1,1,1,1.28,866563.0,1,0,07:00,intra_session_sparse
LUCK,2025-09-03,13,2,142,1,1,1,10.43,1536170.0,1,0,09:29,intra_session_sparse
LUCY,2025-09-03,13,0,69,1,1,1,1.94,203146.0,1,0,08:00,intra_session_sparse
LUMN,2025-09-03,13,0,376,1,1,1,4.79,54972683.0,1,1,04:01,intra_session_sparse
LUNG,2025-09-03,13,0,228,1,1,1,1.73,1330618.0,1,0,04:25,intra_session_sparse
LUNR,2025-09-03,13,0,375,1,1,1,8.71,78424666.0,1,1,04:00,intra_session_sparse
LVLU,2025-09-03,13,2,18,1,1,1,3.86,201581.0,1,0,09:30,intra_session_sparse
LWLG,2025-09-03,13,0,348,1,1,1,3.56,6718564.0,1,1,08:19,intra_session_sparse
LXEO,2025-09-03,13,1,294,1,1,1,4.79,1384515.0,1,0,09:30,intra_session_sparse
LXFR,2025-09-03,13,2,119,1,1,1,13.21,1692176.0,1,0,09:30,intra_session_sparse
LXRX,2025-09-03,13,1,247,1,1,1,1.12,2668624.0,1,1,04:46,intra_session_sparse
LXU,2025-09-03,13,0,179,1,1,1,8.41,3074486.0,1,1,09:30,intra_session_sparse
LYEL,2025-09-03,13,2,49,1,1,1,11.41,319382.0,1,0,10:25,intra_session_sparse
LYFT,2025-09-03,13,0,376,1,1,1,16.8,333363837.0,1,1,04:13,intra_session_sparse
LYG,2025-09-03,13,0,371,1,1,1,4.27,34140983.0,1,1,04:08,intra_session_sparse
LYTS,2025-09-03,13,13,0,0,0,0,22.78,4460105.0,0,0,,no_minute_file
LZ,2025-09-03,13,0,336,1,1,1,10.85,33101844.0,1,1,07:07,intra_session_sparse
LZM,2025-09-03,13,2,92,1,1,1,4.25,379947.0,1,0,09:30,intra_session_sparse
LZMH,2025-09-03,13,13,0,0,0,0,70.0,2238821.0,0,0,,no_minute_file
M,2025-09-03,13,0,376,1,1,1,13.49,90170948.0,1,1,04:02,intra_session_sparse
MAAS,2025-09-03,13,13,0,0,0,0,3.46,50056.0,0,0,,no_minute_file
MAC,2025-09-03,13,0,359,1,1,1,18.12,29894821.0,1,1,09:16,intra_session_sparse
MAGH,2025-09-03,13,13,0,1,0,0,1.28,1624657.0,1,0,,no_session_bars_has_month_file
MAGN,2025-09-03,13,0,257,1,1,1,12.14,7139935.0,1,1,09:30,intra_session_sparse
MAIA,2025-09-03,13,2,87,1,1,1,1.5,511318.0,1,0,08:00,intra_session_sparse
MAMA,2025-09-03,13,1,206,1,1,1,9.13,1556320.0,1,0,08:30,intra_session_sparse
MAMK,2025-09-03,13,13,0,1,0,0,2.16,192894.0,1,0,,no_session_bars_has_month_file
MANU,2025-09-03,13,0,195,1,1,1,16.31,3634086.0,1,1,08:52,intra_session_sparse
MARA,2025-09-03,13,0,376,1,1,1,16.06,699622558.0,1,1,04:00,intra_session_sparse
MASK,2025-09-03,13,0,78,1,1,1,16.43,414696.0,1,0,07:36,intra_session_sparse
MASS,2025-09-03,13,0,242,1,1,1,5.94,1776830.0,1,0,09:30,intra_session_sparse
MAT,2025-09-03,13,0,358,1,1,1,18.12,59755948.0,1,1,09:30,intra_session_sparse
MATV,2025-09-03,13,0,237,1,1,1,12.45,9311258.0,1,1,08:00,intra_session_sparse
MAX,2025-09-03,13,0,221,1,1,1,10.76,5753750.0,1,1,09:30,intra_session_sparse
MAZE,2025-09-03,13,0,201,1,1,1,15.32,4219421.0,1,1,09:25,intra_session_sparse
MB,2025-09-03,13,2,35,1,1,1,11.98,5070474.0,1,1,09:29,intra_session_sparse
MBAI,2025-09-03,13,13,0,1,0,0,0.7,346957.0,1,0,,no_session_bars_has_month_file
MBAV,2025-09-03,13,2,34,1,1,1,10.545,1715611.0,1,0,10:02,intra_session_sparse
MBC,2025-09-03,13,0,325,1,1,1,12.67,25214228.0,1,1,07:20,intra_session_sparse
MBI,2025-09-03,13,0,125,1,1,1,7.83,4143907.0,1,1,08:50,intra_session_sparse
MBLY,2025-09-03,13,0,364,1,1,1,13.73,53259504.0,1,1,05:06,intra_session_sparse
MBOT,2025-09-03,13,0,334,1,1,1,3.75,11232067.0,1,1,04:02,intra_session_sparse
MBRX,2025-09-03,13,0,254,1,1,1,9.475,2169717.0,1,1,04:00,intra_session_sparse
MBX,2025-09-03,13,0,213,1,1,1,14.57,4580781.0,1,1,09:30,intra_session_sparse
MCFT,2025-09-03,13,13,0,0,0,0,22.19,3620301.0,0,0,,no_minute_file
MCGA,2025-09-03,13,0,247,1,1,1,10.67,8112426.0,1,1,04:05,intra_session_sparse
MCHB,2025-09-03,13,2,197,1,1,1,12.79,2052303.0,1,1,08:36,intra_session_sparse
MCRB,2025-09-03,13,2,90,1,1,1,19.52,2128825.0,1,1,09:30,intra_session_sparse
MCS,2025-09-03,13,2,148,1,1,1,15.36,3841751.0,1,1,09:30,intra_session_sparse
MD,2025-09-03,13,0,262,1,1,1,16.88,15007018.0,1,1,09:30,intra_session_sparse
MDAI,2025-09-03,13,0,93,1,1,1,1.91,760221.0,1,0,04:02,intra_session_sparse
MDU,2025-09-03,13,0,319,1,1,1,16.3,29411817.0,1,1,09:30,intra_session_sparse
MDWD,2025-09-03,13,1,214,1,1,1,16.6,1646338.0,1,0,09:30,intra_session_sparse
MDXG,2025-09-03,13,0,209,1,1,1,7.19,3937099.0,1,1,09:30,intra_session_sparse
MEC,2025-09-03,13,1,83,1,1,1,14.45,2342341.0,1,1,09:30,intra_session_sparse
MED,2025-09-03,13,2,109,1,1,1,13.92,2655830.0,1,1,08:00,intra_session_sparse
MEHA,2025-09-03,13,13,0,0,0,0,,,0,0,,no_daily_history
MEI,2025-09-03,13,0,221,1,1,1,7.78,2890503.0,1,1,09:30,intra_session_sparse
MENS,2025-09-03,13,13,0,0,0,0,59.8,5576752.0,0,0,,no_minute_file
MERC,2025-09-03,13,0,184,1,1,1,3.16,2705189.0,1,1,09:30,intra_session_sparse
MESH,2025-09-03,13,13,0,0,0,0,,,0,0,,no_daily_history
METC,2025-09-03,13,13,0,0,0,0,24.07,88619496.0,0,0,,no_minute_file
METCB,2025-09-03,13,2,83,1,1,1,15.86,2650207.0,1,1,09:15,intra_session_sparse
MFA,2025-09-03,13,0,282,1,1,1,9.99,10469472.0,1,1,07:31,intra_session_sparse
MFI,2025-09-03,13,13,0,0,0,0,37.42,1028378.0,0,0,,no_minute_file
MFIC,2025-09-03,13,0,242,1,1,1,13.07,4480595.0,1,1,09:25,intra_session_sparse
MG,2025-09-03,13,0,105,1,1,1,9.56,1173942.0,1,0,09:30,intra_session_sparse
MGIH,2025-09-03,13,13,0,1,0,0,1.88,27982.0,1,0,,no_session_bars_has_month_file
MGN,2025-09-03,13,13,0,0,0,0,,,0,0,,no_daily_history
MGNI,2025-09-03,13,13,0,0,0,0,25.565,76398103.0,0,0,,no_minute_file
MGNX,2025-09-03,13,0,348,1,1,1,1.74,1078950.0,1,0,04:06,intra_session_sparse
MGPI,2025-09-03,13,13,0,0,0,0,29.31,5584117.0,0,0,,no_minute_file
MGRT,2025-09-03,13,1,24,1,1,1,3.47,443737.0,1,0,09:46,intra_session_sparse
MGRX,2025-09-03,13,1,95,1,1,1,2.24,325984.0,1,0,07:07,intra_session_sparse
MGTX,2025-09-03,13,1,159,1,1,1,7.3,2467327.0,1,1,09:30,intra_session_sparse
MGX,2025-09-03,13,2,132,1,1,1,1.82,564649.0,1,0,08:34,intra_session_sparse
MH,2025-09-03,13,1,250,1,1,1,14.19,11338103.0,1,1,09:30,intra_session_sparse
MICC,2025-09-03,13,13,0,0,0,0,,,0,0,,no_daily_history
MIMI,2025-09-03,13,13,0,0,0,0,65.2,6928659.0,0,0,,no_minute_file
MIND,2025-09-03,13,0,231,1,1,1,10.265,1840329.0,1,0,04:55,intra_session_sparse
MINE,2025-09-03,13,13,0,0,0,0,,,0,0,,no_daily_history
MIR,2025-09-03,13,13,0,0,0,0,20.61,43481095.0,0,0,,no_minute_file
MIRA,2025-09-03,13,2,49,1,1,1,1.4,302523.0,1,0,08:28,intra_session_sparse
MIST,2025-09-03,13,0,261,1,1,1,1.84,1721909.0,1,0,07:46,intra_session_sparse
MITK,2025-09-03,13,0,189,1,1,1,9.87,4383589.0,1,1,08:51,intra_session_sparse
MKDW,2025-09-03,13,0,63,1,1,1,6.294,270833.0,1,0,04:28,intra_session_sparse
MKLY,2025-09-03,13,13,0,0,0,0,,,0,0,,no_daily_history
MLAA,2025-09-03,13,13,0,0,0,0,,,0,0,,no_daily_history
MLAC,2025-09-03,13,13,0,0,0,0,10.31,132983.0,0,0,,no_minute_file
MLEC,2025-09-03,13,2,34,1,1,1,18.9,371939.0,1,0,04:15,intra_session_sparse
MLKN,2025-09-03,13,13,0,1,0,0,20.74,7746841.0,1,0,,no_session_bars_has_month_file
MLTX,2025-09-03,13,13,0,1,0,0,58.56,22339146.0,1,0,,no_session_bars_has_month_file
MLYS,2025-09-03,13,13,0,0,0,0,28.86,35356960.0,0,0,,no_minute_file
MMA,2025-09-03,13,13,0,1,0,0,0.855,541952.0,1,0,,no_session_bars_has_month_file
MMED,2025-09-03,13,13,0,0,0,0,,,0,0,,no_daily_history
MNDR,2025-09-03,13,1,50,1,1,1,4.806,475181.0,1,0,09:30,intra_session_sparse
MNKD,2025-09-03,13,0,372,1,1,1,5.74,22853773.0,1,1,04:00,intra_session_sparse
MNOV,2025-09-03,13,13,0,0,0,0,1.31,85083.0,0,0,,no_minute_file
MNRO,2025-09-03,13,0,200,1,1,1,16.49,15108684.0,1,1,07:38,intra_session_sparse
MNTN,2025-09-03,13,13,0,1,0,0,19.98,20149713.0,1,1,,no_session_bars_has_month_file
MNTS,2025-09-03,13,13,0,0,0,0,23.38,32802530.0,0,0,,no_minute_file
MOB,2025-09-03,13,1,140,1,1,1,5.81,2537984.0,1,1,08:00,intra_session_sparse
MOBI,2025-09-03,13,13,0,0,0,0,,,0,0,,no_daily_history
MOBX,2025-09-03,13,0,315,1,1,1,12.1,1091062.0,1,0,04:01,intra_session_sparse
MOV,2025-09-03,13,0,133,1,1,1,18.85,2520926.0,1,1,09:30,intra_session_sparse
MOVE,2025-09-03,13,0,371,1,1,1,6.738,6362230.0,1,1,04:01,intra_session_sparse
MPAA,2025-09-03,13,2,134,1,1,1,14.51,2759276.0,1,1,09:30,intra_session_sparse
MPLT,2025-09-03,13,13,0,0,0,0,,,0,0,,no_daily_history
MPU,2025-09-03,13,1,232,1,1,1,2.03,3150117.0,1,1,08:00,intra_session_sparse
MQ,2025-09-03,13,0,364,1,1,1,6.17,30906601.0,1,1,04:16,intra_session_sparse
MRAM,2025-09-03,13,2,44,1,1,1,6.36,434724.0,1,0,09:30,intra_session_sparse
MRBK,2025-09-03,13,0,65,1,1,1,15.71,862352.0,1,0,09:30,intra_session_sparse
MRKR,2025-09-03,13,13,0,0,0,0,0.895,2603245.0,0,0,,no_minute_file
MRLN,2025-09-03,13,3,3,1,1,1,10.374,1336150.0,1,0,10:38,intra_session_sparse
MRNO,2025-09-03,13,13,0,0,0,0,5.8,31326.0,0,0,,no_minute_file
MRTN,2025-09-03,13,0,236,1,1,1,11.6,7090250.0,1,1,09:30,intra_session_sparse
MRVI,2025-09-03,13,0,275,1,1,1,2.37,3414192.0,1,1,09:27,intra_session_sparse
MSBI,2025-09-03,13,0,91,1,1,1,18.47,2142234.0,1,1,09:30,intra_session_sparse
MSGM,2025-09-03,13,13,0,0,0,0,2.93,88703.0,0,0,,no_minute_file
MSGY,2025-09-03,13,2,47,1,1,1,13.3,1665480.0,1,0,08:54,intra_session_sparse
MSS,2025-09-03,13,13,0,1,0,0,9.1,22270.0,1,0,,no_session_bars_has_month_file
MTA,2025-09-03,13,0,311,1,1,1,5.72,2940956.0,1,1,06:53,intra_session_sparse
MTAL,2025-09-03,13,0,309,1,1,1,12.13,12737884.0,1,1,09:30,intra_session_sparse
MTC,2025-09-03,13,13,0,1,0,0,0.93,72823.0,1,0,,no_session_bars_has_month_file
MTEK,2025-09-03,13,13,0,1,0,0,2.89,176366.0,1,0,,no_session_bars_has_month_file
MTEN,2025-09-03,13,13,0,0,0,0,2390.0,960775.0,0,0,,no_minute_file
MTNB,2025-09-03,13,2,40,1,1,1,1.83,3153223.0,1,1,08:54,intra_session_sparse
MTRX,2025-09-03,13,1,121,1,1,1,14.85,1794109.0,1,0,09:30,intra_session_sparse
MTUS,2025-09-03,13,2,171,1,1,1,16.2,5025611.0,1,1,09:30,intra_session_sparse
MTVA,2025-09-03,13,13,0,1,0,0,7.007,32650.0,1,0,,no_session_bars_has_month_file
MTW,2025-09-03,13,0,169,1,1,1,9.91,3907134.0,1,1,09:30,intra_session_sparse
MUFG,2025-09-03,13,0,373,1,1,1,15.32,47674762.0,1,1,04:01,intra_session_sparse
MUX,2025-09-03,13,0,370,1,1,1,13.79,15273442.0,1,1,04:00,intra_session_sparse
MVIS,2025-09-03,13,0,366,1,1,1,1.14,4602811.0,1,1,07:08,intra_session_sparse
MVST,2025-09-03,13,0,369,1,1,1,2.64,21376257.0,1,1,04:01,intra_session_sparse
MWG,2025-09-03,13,13,0,1,0,0,2.59,90237.0,1,0,,no_session_bars_has_month_file
MWYN,2025-09-03,13,13,0,1,0,0,0.835,454910.0,1,0,,no_session_bars_has_month_file
MX,2025-09-03,13,2,195,1,1,1,3.06,1099101.0,1,0,09:30,intra_session_sparse
MXCT,2025-09-03,13,0,265,1,1,1,1.34,1730867.0,1,0,06:07,intra_session_sparse
MXL,2025-09-03,13,0,310,1,1,1,15.62,22921366.0,1,1,09:30,intra_session_sparse
MYE,2025-09-03,13,2,151,1,1,1,16.58,3522356.0,1,1,09:28,intra_session_sparse
MYGN,2025-09-03,13,0,345,1,1,1,6.9,14160534.0,1,1,07:18,intra_session_sparse
MYO,2025-09-03,13,0,216,1,1,1,1.06,2292830.0,1,1,08:00,intra_session_sparse
MYSE,2025-09-03,13,2,56,1,1,1,1.96,205576.0,1,0,08:58,intra_session_sparse
MYX,2025-09-03,13,13,0,0,0,0,,,0,0,,no_daily_history
NA,2025-09-03,13,2,57,1,1,1,5.18,2604572.0,1,1,07:21,intra_session_sparse
NABL,2025-09-03,13,0,300,1,1,1,7.99,6487040.0,1,1,08:18,intra_session_sparse
NAGE,2025-09-03,13,0,305,1,1,1,9.88,10715352.0,1,1,08:00,intra_session_sparse
NAK,2025-09-03,13,13,0,1,0,0,0.86,4481162.0,1,0,,no_session_bars_has_month_file
NAKA,2025-09-03,13,13,0,0,0,0,185.2,9590492.0,0,0,,no_minute_file
NAMM,2025-09-03,13,0,291,1,1,1,3.03,557754.0,1,0,04:00,intra_session_sparse
NAT,2025-09-03,13,0,352,1,1,1,3.11,5289326.0,1,1,06:18,intra_session_sparse
NATR,2025-09-03,13,0,127,1,1,1,16.8,1946666.0,1,0,09:30,intra_session_sparse
NAVI,2025-09-03,13,0,282,1,1,1,13.73,9961000.0,1,1,09:30,intra_session_sparse
NAVN,2025-09-03,13,13,0,0,0,0,,,0,0,,no_daily_history
NB,2025-09-03,13,0,347,1,1,1,4.37,23380192.0,1,1,04:18,intra_session_sparse
NBBK,2025-09-03,13,0,98,1,1,1,18.91,3189247.0,1,1,09:30,intra_session_sparse
NCDL,2025-09-03,13,0,91,1,1,1,15.85,1811689.0,1,0,09:30,intra_session_sparse
NCEL,2025-09-03,13,13,0,1,0,0,20.6,424667.0,1,0,,no_session_bars_has_month_file
NCI,2025-09-03,13,13,0,1,0,0,13.58,24029.0,1,0,,no_session_bars_has_month_file
NCLH,2025-09-03,13,13,0,0,0,0,24.72,308617973.0,0,0,,no_minute_file
NCMI,2025-09-03,13,1,221,1,1,1,4.49,2435898.0,1,1,09:30,intra_session_sparse
NCNO,2025-09-03,13,13,0,0,0,0,31.08,57526779.0,0,0,,no_minute_file
NCRA,2025-09-03,13,13,0,0,0,0,1.5,32502.0,0,0,,no_minute_file
NDRA,2025-09-03,13,2,45,1,1,1,4.28,277428.0,1,0,07:41,intra_session_sparse
NEO,2025-09-03,13,0,370,1,1,1,8.81,16981174.0,1,1,04:00,intra_session_sparse
NEOG,2025-09-03,13,0,359,1,1,1,5.64,28477909.0,1,1,09:29,intra_session_sparse
NEON,2025-09-03,13,13,0,1,0,0,20.56,6442169.0,1,0,,no_session_bars_has_month_file
NEOV,2025-09-03,13,0,77,1,1,1,3.52,722326.0,1,0,07:26,intra_session_sparse
NERV,2025-09-03,13,13,0,0,0,0,2.265,93725.0,0,0,,no_minute_file
NESR,2025-09-03,13,0,295,1,1,1,9.38,6259410.0,1,1,08:11,intra_session_sparse
NEUP,2025-09-03,13,2,67,1,1,1,11.95,607283.0,1,0,09:30,intra_session_sparse
NEWP,2025-09-03,13,0,193,1,1,1,1.95,478308.0,1,0,07:00,intra_session_sparse
NEWT,2025-09-03,13,2,82,1,1,1,12.25,2205815.0,1,1,09:30,intra_session_sparse
NEXA,2025-09-03,13,13,0,1,0,0,4.88,54001.0,1,0,,no_session_bars_has_month_file
NEXN,2025-09-03,13,0,292,1,1,1,9.86,3650899.0,1,1,09:30,intra_session_sparse
NEXR,2025-09-03,13,13,0,0,0,0,65.77,280717.0,0,0,,no_minute_file
NEXT,2025-09-03,13,0,347,1,1,1,10.69,27062579.0,1,1,04:53,intra_session_sparse
NFBK,2025-09-03,13,0,131,1,1,1,11.86,1814996.0,1,0,09:30,intra_session_sparse
NFE,2025-09-03,13,0,364,1,1,1,2.35,19682541.0,1,1,04:15,intra_session_sparse
NFGC,2025-09-03,13,0,357,1,1,1,2.0,1089370.0,1,0,08:00,intra_session_sparse
NG,2025-09-03,13,0,369,1,1,1,6.69,19477656.0,1,1,07:00,intra_session_sparse
NGEN,2025-09-03,13,13,0,0,0,0,,,0,0,,no_daily_history
NGL,2025-09-03,13,0,184,1,1,1,5.46,4299341.0,1,1,09:30,intra_session_sparse
NGNE,2025-09-03,13,2,89,1,1,1,19.64,2232861.0,1,1,09:30,intra_session_sparse
NHP,2025-09-03,13,13,0,0,0,0,,,0,0,,no_daily_history
NIQ,2025-09-03,13,1,344,1,1,1,16.67,19990214.0,1,1,07:54,intra_session_sparse
NIVF,2025-09-03,13,13,0,0,0,0,119.4,293260.0,0,0,,no_minute_file
NKLR,2025-09-03,13,0,100,1,1,1,10.36,5293539.0,1,1,05:53,intra_session_sparse
NKTX,2025-09-03,13,1,236,1,1,1,2.1,1184291.0,1,0,08:11,intra_session_sparse
NLOP,2025-09-03,13,13,0,0,0,0,29.1,5115602.0,0,0,,no_minute_file
NMAX,2025-09-03,13,0,311,1,1,1,13.96,14364500.0,1,1,07:53,intra_session_sparse
NMFC,2025-09-03,13,0,175,1,1,1,10.54,4939632.0,1,1,09:30,intra_session_sparse
NMG,2025-09-03,13,13,0,1,0,0,1.93,143059.0,1,0,,no_session_bars_has_month_file
NMP,2025-09-03,13,13,0,0,0,0,,,0,0,,no_daily_history
NMR,2025-09-03,13,0,242,1,1,1,7.16,3206559.0,1,1,04:03,intra_session_sparse
NMRA,2025-09-03,13,0,166,1,1,1,1.74,914034.0,1,0,08:00,intra_session_sparse
NMRK,2025-09-03,13,0,324,1,1,1,17.68,25384861.0,1,1,09:30,intra_session_sparse
NN,2025-09-03,13,0,339,1,1,1,17.6,19637840.0,1,1,07:12,intra_session_sparse
NNBR,2025-09-03,13,2,43,1,1,1,2.5,204619.0,1,0,09:30,intra_session_sparse
NNE,2025-09-03,13,13,0,0,0,0,32.61,94875349.0,0,0,,no_minute_file
NNOX,2025-09-03,13,0,341,1,1,1,3.78,5648799.0,1,1,04:00,intra_session_sparse
NOA,2025-09-03,13,0,129,1,1,1,13.65,2775451.0,1,1,09:30,intra_session_sparse
NOK,2025-09-03,13,0,375,1,1,1,4.23,67368661.0,1,1,04:00,intra_session_sparse
NOMA,2025-09-03,13,13,0,0,0,0,,,0,0,,no_daily_history
NOMD,2025-09-03,13,0,261,1,1,1,15.38,19829006.0,1,1,09:30,intra_session_sparse
NOV,2025-09-03,13,0,376,1,1,1,13.1,38772665.0,1,1,09:10,intra_session_sparse
NP,2025-09-03,13,13,0,0,0,0,,,0,0,,no_daily_history
NPAC,2025-09-03,13,2,2,1,1,1,10.1,1031426.0,1,0,09:30,intra_session_sparse
NPB,2025-09-03,13,2,99,1,1,1,18.0,2996521.0,1,1,09:30,intra_session_sparse
NPCE,2025-09-03,13,1,151,1,1,1,9.14,1840709.0,1,0,09:30,intra_session_sparse
NPKI,2025-09-03,13,0,267,1,1,1,10.41,9324022.0,1,1,08:42,intra_session_sparse
NPT,2025-09-03,13,13,0,0,0,0,,,0,0,,no_daily_history
NPWR,2025-09-03,13,0,280,1,1,1,2.38,2848789.0,1,1,09:30,intra_session_sparse
NRC,2025-09-03,13,2,123,1,1,1,15.07,1500888.0,1,0,09:30,intra_session_sparse
NRDS,2025-09-03,13,0,235,1,1,1,10.26,5876069.0,1,1,09:30,intra_session_sparse
NRDY,2025-09-03,13,0,282,1,1,1,1.31,668867.0,1,0,08:17,intra_session_sparse
NRGV,2025-09-03,13,0,363,1,1,1,2.1,4025477.0,1,1,04:00,intra_session_sparse
NRIM,2025-09-03,13,13,0,0,0,0,23.11,4016768.0,0,0,,no_minute_file
NRIX,2025-09-03,13,0,343,1,1,1,9.11,7064790.0,1,1,06:22,intra_session_sparse
NRXP,2025-09-03,13,0,174,1,1,1,2.6,1336199.0,1,0,04:05,intra_session_sparse
NRXS,2025-09-03,13,13,0,0,0,0,2.63,142040.0,0,0,,no_minute_file
NSP,2025-09-03,13,13,0,0,0,0,54.43,35335596.0,0,0,,no_minute_file
NTGR,2025-09-03,13,13,0,0,0,0,26.9,11988588.0,0,0,,no_minute_file
NTIP,2025-09-03,13,13,0,0,0,0,1.52,56445.0,0,0,,no_minute_file
NTLA,2025-09-03,13,0,374,1,1,1,11.4,47553484.0,1,1,04:03,intra_session_sparse
NTSK,2025-09-03,13,13,0,0,0,0,,,0,0,,no_daily_history
NTST,2025-09-03,13,0,355,1,1,1,17.81,19286299.0,1,1,09:30,intra_session_sparse
NU,2025-09-03,13,0,376,1,1,1,14.86,746556540.0,1,1,04:01,intra_session_sparse
NUAI,2025-09-03,13,13,0,1,0,0,0.426,621681.0,1,0,,no_session_bars_has_month_file
NUCL,2025-09-03,13,13,0,0,0,0,,,0,0,,no_daily_history
NUS,2025-09-03,13,0,212,1,1,1,12.12,7575095.0,1,1,08:46,intra_session_sparse
NUTR,2025-09-03,13,13,0,1,0,0,4.66,4582290.0,1,1,,no_session_bars_has_month_file
NUVB,2025-09-03,13,0,376,1,1,1,2.95,12668205.0,1,1,04:03,intra_session_sparse
NUWE,2025-09-03,13,2,35,1,1,1,5.05,1124225.0,1,0,08:50,intra_session_sparse
NVAX,2025-09-03,13,0,365,1,1,1,7.55,77587970.0,1,1,04:23,intra_session_sparse
NVCR,2025-09-03,13,0,351,1,1,1,12.19,17656285.0,1,1,09:30,intra_session_sparse
NVGS,2025-09-03,13,2,159,1,1,1,15.99,5013547.0,1,1,09:30,intra_session_sparse
NVNI,2025-09-03,13,0,227,1,1,1,5.936,2185506.0,1,1,04:02,intra_session_sparse
NVRI,2025-09-03,13,0,246,1,1,1,10.95,13764890.0,1,1,09:02,intra_session_sparse
NVST,2025-09-03,13,13,0,1,0,0,20.72,36621827.0,1,0,,no_session_bars_has_month_file
NVTS,2025-09-03,13,0,376,1,1,1,5.76,109903547.0,1,1,04:00,intra_session_sparse
NVVE,2025-09-03,13,0,198,1,1,1,14.56,398275.0,1,0,04:02,intra_session_sparse
NVX,2025-09-03,13,2,101,1,1,1,1.39,206109.0,1,0,09:18,intra_session_sparse
NWAX,2025-09-03,13,13,0,0,0,0,,,0,0,,no_daily_history
NWBI,2025-09-03,13,0,300,1,1,1,12.625,10528727.0,1,1,09:30,intra_session_sparse
NWL,2025-09-03,13,0,373,1,1,1,5.84,39479228.0,1,1,04:12,intra_session_sparse
NX,2025-09-03,13,13,0,1,0,0,20.78,7439227.0,1,0,,no_session_bars_has_month_file
NXB,2025-09-03,13,13,0,0,0,0,,,0,0,,no_daily_history
NXDR,2025-09-03,13,0,347,1,1,1,2.01,4711353.0,1,1,08:00,intra_session_sparse
NXE,2025-09-03,13,0,376,1,1,1,7.69,51512466.0,1,1,06:26,intra_session_sparse
NXL,2025-09-03,13,13,0,1,0,0,0.941,2825241.0,1,0,,no_session_bars_has_month_file
NXP,2025-09-03,13,0,147,1,1,1,13.98,1254816.0,1,0,09:30,intra_session_sparse
NXTS,2025-09-03,13,13,0,0,0,0,52.63,140809.0,0,0,,no_minute_file
NXXT,2025-09-03,13,13,0,1,0,0,1.77,196560.0,1,0,,no_session_bars_has_month_file
OBA,2025-09-03,13,13,0,1,0,0,9.94,1773389.0,1,0,,no_session_bars_has_month_file
OBAI,2025-09-03,13,13,0,0,0,0,,,0,0,,no_daily_history
OBDC,2025-09-03,13,0,347,1,1,1,14.23,36076706.0,1,1,07:00,intra_session_sparse
OBE,2025-09-03,13,0,207,1,1,1,6.2,1328694.0,1,0,09:30,intra_session_sparse
OCC,2025-09-03,13,2,58,1,1,1,6.48,401810.0,1,0,09:30,intra_session_sparse
OCCI,2025-09-03,13,0,164,1,1,1,5.98,1705695.0,1,0,07:00,intra_session_sparse
OCFC,2025-09-03,13,1,141,1,1,1,18.18,5042650.0,1,1,09:30,intra_session_sparse
OCG,2025-09-03,13,13,0,0,0,0,2620.2,336536.0,0,0,,no_minute_file
OCGN,2025-09-03,13,1,299,1,1,1,1.03,2024471.0,1,1,04:07,intra_session_sparse
OCS,2025-09-03,13,13,0,1,0,0,16.15,192134.0,1,0,,no_session_bars_has_month_file
OCSL,2025-09-03,13,0,220,1,1,1,13.9,7803926.0,1,1,09:30,intra_session_sparse
OCUL,2025-09-03,13,0,374,1,1,1,12.7,26218156.0,1,1,06:45,intra_session_sparse
ODD,2025-09-03,13,13,0,0,0,0,60.65,55034108.0,0,0,,no_minute_file
ODTX,2025-09-03,13,13,0,0,0,0,,,0,0,,no_daily_history
ODV,2025-09-03,13,0,317,1,1,1,2.76,2845623.0,1,1,07:56,intra_session_sparse
ODYS,2025-09-03,13,13,0,0,0,0,3.81,19109.0,0,0,,no_minute_file
OEC,2025-09-03,13,0,199,1,1,1,10.41,6971329.0,1,1,09:30,intra_session_sparse
OFAL,2025-09-03,13,1,70,1,1,1,1.44,585704.0,1,0,04:48,intra_session_sparse
OFIX,2025-09-03,13,0,198,1,1,1,14.89,7587117.0,1,1,09:30,intra_session_sparse
OFRM,2025-09-03,13,13,0,0,0,0,,,0,0,,no_daily_history
OGI,2025-09-03,13,1,211,1,1,1,1.64,1753502.0,1,0,09:20,intra_session_sparse
OGN,2025-09-03,13,0,372,1,1,1,9.42,41605388.0,1,1,07:29,intra_session_sparse
OI,2025-09-03,13,0,372,1,1,1,12.8,17002496.0,1,1,08:00,intra_session_sparse
OIS,2025-09-03,13,0,265,1,1,1,5.54,3083682.0,1,1,08:31,intra_session_sparse
OKUR,2025-09-03,13,2,50,1,1,1,2.77,316142.0,1,0,09:30,intra_session_sparse
OLB,2025-09-03,13,13,0,0,0,0,1.07,169169.0,0,0,,no_minute_file
OLMA,2025-09-03,13,0,307,1,1,1,6.47,2708544.0,1,1,07:00,intra_session_sparse
OLN,2025-09-03,13,13,0,0,0,0,23.53,48729568.0,0,0,,no_minute_file
OLOX,2025-09-03,13,13,0,0,0,0,112.0,30008186.0,0,0,,no_minute_file
OLP,2025-09-03,13,13,0,0,0,0,23.51,1518830.0,0,0,,no_minute_file
OLPX,2025-09-03,13,0,257,1,1,1,1.42,1667369.0,1,0,08:52,intra_session_sparse
OM,2025-09-03,13,0,140,1,1,1,13.74,3854528.0,1,1,09:30,intra_session_sparse
OMDA,2025-09-03,13,13,0,0,0,0,23.77,9469360.0,0,0,,no_minute_file
OMER,2025-09-03,13,0,309,1,1,1,4.29,4389526.0,1,1,08:00,intra_session_sparse
OMEX,2025-09-03,13,0,331,1,1,1,2.09,4912011.0,1,1,07:00,intra_session_sparse
ONB,2025-09-03,13,13,0,0,0,0,22.66,56909908.0,0,0,,no_minute_file
ONCO,2025-09-03,13,13,0,0,0,0,146.5,309977.0,0,0,,no_minute_file
ONCY,2025-09-03,13,0,196,1,1,1,1.15,691647.0,1,0,04:00,intra_session_sparse
ONDS,2025-09-03,13,0,376,1,1,1,5.46,207306156.0,1,1,04:00,intra_session_sparse
ONEG,2025-09-03,13,2,100,1,1,1,12.06,2186389.0,1,1,07:00,intra_session_sparse
ONEW,2025-09-03,13,1,111,1,1,1,16.12,2157128.0,1,1,09:30,intra_session_sparse
ONFO,2025-09-03,13,13,0,1,0,0,1.02,28464.0,1,0,,no_session_bars_has_month_file
ONMD,2025-09-03,13,13,0,1,0,0,0.867,17715091.0,1,0,,no_session_bars_has_month_file
ONT,2025-09-03,13,13,0,0,0,0,30.67,16765076.0,0,0,,no_minute_file
OOMA,2025-09-03,13,1,104,1,1,1,12.95,1902201.0,1,0,09:30,intra_session_sparse
OPAD,2025-09-03,13,0,372,1,1,1,5.11,86032634.0,1,1,04:00,intra_session_sparse
OPCH,2025-09-03,13,13,0,0,0,0,28.44,51428421.0,0,0,,no_minute_file
OPEN,2025-09-03,13,0,376,1,1,1,5.09,1196617731.0,1,1,04:00,intra_session_sparse
OPFI,2025-09-03,13,0,290,1,1,1,10.29,12918780.0,1,1,06:59,intra_session_sparse
OPK,2025-09-03,13,1,337,1,1,1,1.36,3028353.0,1,1,04:55,intra_session_sparse
OPRT,2025-09-03,13,0,289,1,1,1,6.32,3722016.0,1,1,08:00,intra_session_sparse
OPRX,2025-09-03,13,0,221,1,1,1,17.16,8033914.0,1,1,08:10,intra_session_sparse
OPTU,2025-09-03,13,0,353,1,1,1,2.4,6415659.0,1,1,05:55,intra_session_sparse
OPTX,2025-09-03,13,13,0,1,0,0,1.56,73611.0,1,0,,no_session_bars_has_month_file
ORBS,2025-09-03,13,13,0,1,0,0,1.46,64526.0,1,0,,no_session_bars_has_month_file
ORC,2025-09-03,13,0,362,1,1,1,6.99,28571926.0,1,1,04:00,intra_session_sparse
ORGN,2025-09-03,13,0,159,1,1,1,16.12,1224249.0,1,0,07:00,intra_session_sparse
ORGO,2025-09-03,13,0,229,1,1,1,4.9,3150796.0,1,1,08:00,intra_session_sparse
ORIC,2025-09-03,13,0,294,1,1,1,10.38,7508100.0,1,1,06:45,intra_session_sparse
ORIQ,2025-09-03,13,13,0,0,0,0,,,0,0,,no_daily_history
ORIS,2025-09-03,13,0,287,1,1,1,2.5,8420188.0,1,1,04:00,intra_session_sparse
ORKA,2025-09-03,13,1,75,1,1,1,15.56,2254042.0,1,1,09:30,intra_session_sparse
ORKT,2025-09-03,13,13,0,0,0,0,2.726,80221.0,0,0,,no_minute_file
ORLA,2025-09-03,13,0,360,1,1,1,11.35,14236702.0,1,1,08:00,intra_session_sparse
ORN,2025-09-03,13,0,201,1,1,1,7.36,2910724.0,1,1,09:30,intra_session_sparse
OSBC,2025-09-03,13,0,183,1,1,1,18.44,3142359.0,1,1,09:30,intra_session_sparse
OSCR,2025-09-03,13,0,376,1,1,1,16.43,286394010.0,1,1,04:00,intra_session_sparse
OSG,2025-09-03,13,0,268,1,1,1,8.93,6523941.0,1,1,07:00,intra_session_sparse
OSPN,2025-09-03,13,0,245,1,1,1,14.93,7131673.0,1,1,08:00,intra_session_sparse
OSS,2025-09-03,13,2,203,1,1,1,5.77,3687367.0,1,1,08:00,intra_session_sparse
OSUR,2025-09-03,13,0,288,1,1,1,3.36,1998515.0,1,0,09:30,intra_session_sparse
OSW,2025-09-03,13,13,0,0,0,0,22.355,10706640.0,0,0,,no_minute_file
OTF,2025-09-03,13,0,193,1,1,1,14.7,1994718.0,1,0,09:30,intra_session_sparse
OTGA,2025-09-03,13,13,0,0,0,0,,,0,0,,no_daily_history
OTLK,2025-09-03,13,13,0,1,0,0,0.87,11608501.0,1,0,,no_session_bars_has_month_file
OUST,2025-09-03,13,13,0,0,0,0,27.95,86010182.0,0,0,,no_minute_file
OUT,2025-09-03,13,0,309,1,1,1,18.44,30739829.0,1,1,09:29,intra_session_sparse
OVID,2025-09-03,13,2,311,1,1,1,1.23,1828530.0,1,0,07:04,intra_session_sparse
OWL,2025-09-03,13,0,376,1,1,1,18.44,116910410.0,1,1,04:03,intra_session_sparse
OWLS,2025-09-03,13,13,0,0,0,0,,,0,0,,no_daily_history
OWLT,2025-09-03,13,2,30,1,1,1,7.82,755802.0,1,0,09:30,intra_session_sparse
OXBR,2025-09-03,13,13,0,0,0,0,1.97,90378.0,0,0,,no_minute_file
OXLC,2025-09-03,13,0,348,1,1,1,18.45,22162644.0,1,1,04:10,intra_session_sparse
OXSQ,2025-09-03,13,0,243,1,1,1,2.21,1607422.0,1,0,04:42,intra_session_sparse
PACB,2025-09-03,13,0,337,1,1,1,1.28,9064093.0,1,1,04:11,intra_session_sparse
PACH,2025-09-03,13,13,0,1,0,0,9.96,2489615.0,1,1,,no_session_bars_has_month_file
PACK,2025-09-03,13,0,293,1,1,1,4.98,6659431.0,1,1,07:21,intra_session_sparse
PACS,2025-09-03,13,2,230,1,1,1,11.59,4646520.0,1,1,08:09,intra_session_sparse
PAGS,2025-09-03,13,0,375,1,1,1,9.02,41986664.0,1,1,05:08,intra_session_sparse
PAII,2025-09-03,13,13,0,0,0,0,,,0,0,,no_daily_history
PAL,2025-09-03,13,2,98,1,1,1,7.72,1418634.0,1,0,09:30,intra_session_sparse
PALI,2025-09-03,13,13,0,0,0,0,0.662,4569149.0,0,0,,no_minute_file
PANL,2025-09-03,13,0,125,1,1,1,5.19,1087624.0,1,0,09:30,intra_session_sparse
PAPL,2025-09-03,13,0,70,1,1,1,3.74,19602088.0,1,1,08:00,intra_session_sparse
PAR,2025-09-03,13,13,0,0,0,0,49.26,58324176.0,0,0,,no_minute_file
PASW,2025-09-03,13,2,85,1,1,1,1.18,678981.0,1,0,05:41,intra_session_sparse
PATH,2025-09-03,13,0,376,1,1,1,10.9,104907078.0,1,1,04:00,intra_session_sparse
PAVM,2025-09-03,13,13,0,0,0,0,13.27,159135.0,0,0,,no_minute_file
PAVS,2025-09-03,13,13,0,0,0,0,828.0,49294.0,0,0,,no_minute_file
PAX,2025-09-03,13,0,348,1,1,1,13.605,6345190.0,1,1,08:29,intra_session_sparse
PAYO,2025-09-03,13,0,351,1,1,1,6.74,25136552.0,1,1,04:05,intra_session_sparse
PAYP,2025-09-03,13,13,0,0,0,0,,,0,0,,no_daily_history
PAYS,2025-09-03,13,0,286,1,1,1,5.11,4406784.0,1,1,08:00,intra_session_sparse
PBI,2025-09-03,13,0,355,1,1,1,12.01,43666118.0,1,1,08:31,intra_session_sparse
PBK,2025-09-03,13,0,154,1,1,1,1.88,1161599.0,1,0,05:04,intra_session_sparse
PBM,2025-09-03,13,2,64,1,1,1,17.63,934921.0,1,0,07:25,intra_session_sparse
PBR,2025-09-03,13,0,376,1,1,1,12.41,279190628.0,1,1,04:05,intra_session_sparse
PBR.A,2025-09-03,13,0,353,1,1,1,11.48,71843655.0,1,1,05:38,intra_session_sparse
PBYI,2025-09-03,13,0,247,1,1,1,5.11,4884317.0,1,1,09:30,intra_session_sparse
PC,2025-09-03,13,2,40,1,1,1,6.86,412724.0,1,0,10:14,intra_session_sparse
PCG,2025-09-03,13,0,376,1,1,1,15.32,367295797.0,1,1,08:03,intra_session_sparse
PCRX,2025-09-03,13,13,0,0,0,0,27.22,19344409.0,0,0,,no_minute_file
PCSA,2025-09-03,13,0,194,1,1,1,4.703,1088186.0,1,0,04:12,intra_session_sparse
PCSC,2025-09-03,13,13,0,0,0,0,10.579,12673.0,0,0,,no_minute_file
PCT,2025-09-03,13,0,362,1,1,1,13.7,39445982.0,1,1,08:16,intra_session_sparse
PD,2025-09-03,13,0,376,1,1,1,16.12,39084442.0,1,1,04:02,intra_session_sparse
PDFS,2025-09-03,13,1,137,1,1,1,19.36,6716753.0,1,1,08:00,intra_session_sparse
PDYN,2025-09-03,13,0,347,1,1,1,7.37,13220509.0,1,1,04:10,intra_session_sparse
PENG,2025-09-03,13,13,0,0,0,0,23.84,16692160.0,0,0,,no_minute_file
PENN,2025-09-03,13,0,365,1,1,1,19.97,70610878.0,1,1,04:57,intra_session_sparse
PEPG,2025-09-03,13,0,112,1,1,1,1.2,444857.0,1,0,08:00,intra_session_sparse
PERI,2025-09-03,13,0,232,1,1,1,9.07,4220534.0,1,1,09:30,intra_session_sparse
PESI,2025-09-03,13,0,103,1,1,1,11.63,1153962.0,1,0,09:01,intra_session_sparse
PETS,2025-09-03,13,2,49,1,1,1,3.02,362622.0,1,0,05:52,intra_session_sparse
PEW,2025-09-03,13,0,199,1,1,1,5.25,7098419.0,1,1,04:31,intra_session_sparse
PFAI,2025-09-03,13,13,0,1,0,0,1.625,32258.0,1,0,,no_session_bars_has_month_file
PFLT,2025-09-03,13,0,297,1,1,1,10.18,9036763.0,1,1,08:36,intra_session_sparse
PFS,2025-09-03,13,0,232,1,1,1,19.83,10725121.0,1,1,09:30,intra_session_sparse
PFSA,2025-09-03,13,13,0,1,0,0,28.34,2938768.0,1,0,,no_session_bars_has_month_file
PGEN,2025-09-03,13,0,376,1,1,1,4.76,57847804.0,1,1,04:00,intra_session_sparse
PGNY,2025-09-03,13,13,0,0,0,0,23.41,26370958.0,0,0,,no_minute_file
PGY,2025-09-03,13,13,0,0,0,0,36.36,138382113.0,0,0,,no_minute_file
PHAT,2025-09-03,13,0,274,1,1,1,11.85,12274928.0,1,1,09:30,intra_session_sparse
PHGE,2025-09-03,13,0,109,1,1,1,10.62,7757415.0,1,1,04:01,intra_session_sparse
PHI,2025-09-03,13,0,165,1,1,1,19.55,2063139.0,1,1,05:24,intra_session_sparse
PHIO,2025-09-03,13,1,115,1,1,1,2.12,318426.0,1,0,04:27,intra_session_sparse
PHOE,2025-09-03,13,13,0,0,0,0,7.915,144096.0,0,0,,no_minute_file
PHR,2025-09-03,13,13,0,0,0,0,31.48,23514368.0,0,0,,no_minute_file
PICS,2025-09-03,13,13,0,0,0,0,,,0,0,,no_daily_history
PIII,2025-09-03,13,13,0,0,0,0,8.27,52928.0,0,0,,no_minute_file
PINS,2025-09-03,13,13,0,0,0,0,36.73,402544153.0,0,0,,no_minute_file
PK,2025-09-03,13,0,373,1,1,1,11.63,40929437.0,1,1,08:00,intra_session_sparse
PKE,2025-09-03,13,0,144,1,1,1,18.76,2086083.0,1,1,09:30,intra_session_sparse
PL,2025-09-03,13,0,376,1,1,1,6.65,39136333.0,1,1,04:01,intra_session_sparse
PLAY,2025-09-03,13,13,0,1,0,0,25.13,19776090.0,1,0,,no_session_bars_has_month_file
PLBY,2025-09-03,13,1,136,1,1,1,1.65,453120.0,1,0,09:30,intra_session_sparse
PLCE,2025-09-03,13,0,207,1,1,1,5.2,2183772.0,1,1,04:01,intra_session_sparse
PLG,2025-09-03,13,0,233,1,1,1,1.71,936235.0,1,0,04:00,intra_session_sparse
PLGO,2025-09-03,13,2,309,1,1,1,17.49,12070654.0,1,1,09:30,intra_session_sparse
PLRX,2025-09-03,13,0,192,1,1,1,1.675,1490132.0,1,0,05:31,intra_session_sparse
PLRZ,2025-09-03,13,1,100,1,1,1,6.42,593125.0,1,0,07:22,intra_session_sparse
PLSE,2025-09-03,13,2,90,1,1,1,15.11,2661283.0,1,1,09:30,intra_session_sparse
PLTK,2025-09-03,13,0,335,1,1,1,3.67,8057570.0,1,1,07:00,intra_session_sparse
PLTS,2025-09-03,13,13,0,0,0,0,,,0,0,,no_daily_history
PLUG,2025-09-03,13,0,376,1,1,1,1.48,69157981.0,1,1,04:00,intra_session_sparse
PLX,2025-09-03,13,0,134,1,1,1,1.64,953473.0,1,0,08:29,intra_session_sparse
PLYX,2025-09-03,13,13,0,0,0,0,,,0,0,,no_daily_history
PMAX,2025-09-03,13,13,0,0,0,0,26.4,611515.0,0,0,,no_minute_file
PMI,2025-09-03,13,13,0,1,0,0,5.14,27188699.0,1,1,,no_session_bars_has_month_file
PMN,2025-09-03,13,0,373,1,1,1,13.42,374464.0,1,0,07:00,intra_session_sparse
PMVP,2025-09-03,13,0,237,1,1,1,1.49,541291.0,1,0,05:39,intra_session_sparse
PN,2025-09-03,13,13,0,1,0,0,19.25,469312.0,1,0,,no_session_bars_has_month_file
PNNT,2025-09-03,13,0,202,1,1,1,7.18,3568720.0,1,1,05:38,intra_session_sparse
POAS,2025-09-03,13,13,0,0,0,0,,,0,0,,no_daily_history
POET,2025-09-03,13,1,292,1,1,1,5.3,7589778.0,1,1,05:39,intra_session_sparse
POLA,2025-09-03,13,13,0,1,0,0,2.26,51094.0,1,0,,no_session_bars_has_month_file
PONO,2025-09-03,13,13,0,0,0,0,,,0,0,,no_daily_history
PPHC,2025-09-03,13,13,0,0,0,0,,,0,0,,no_daily_history
PPSI,2025-09-03,13,0,113,1,1,1,3.82,22241044.0,1,1,08:00,intra_session_sparse
PPTA,2025-09-03,13,0,373,1,1,1,18.69,32793988.0,1,1,05:10,intra_session_sparse
PR,2025-09-03,13,0,376,1,1,1,14.51,142709877.0,1,1,05:33,intra_session_sparse
PRAA,2025-09-03,13,0,105,1,1,1,16.9,4660592.0,1,1,08:35,intra_session_sparse
PRCH,2025-09-03,13,0,366,1,1,1,17.75,35128428.0,1,1,05:10,intra_session_sparse
PRE,2025-09-03,13,0,14,1,1,1,8.15,295585.0,1,0,09:30,intra_session_sparse
PRFX,2025-09-03,13,0,81,1,1,1,6.9,20261076.0,1,1,06:56,intra_session_sparse
PRGO,2025-09-03,13,13,0,0,0,0,23.49,47518584.0,0,0,,no_minute_file
PRHI,2025-09-03,13,13,0,1,0,0,5.325,8542.0,1,0,,no_session_bars_has_month_file
PRLD,2025-09-03,13,2,84,1,1,1,1.13,238842.0,1,0,08:00,intra_session_sparse
PRMB,2025-09-03,13,13,0,0,0,0,24.97,173230222.0,0,0,,no_minute_file
PRME,2025-09-03,13,0,369,1,1,1,3.12,12139816.0,1,1,07:41,intra_session_sparse
PROF,2025-09-03,13,2,60,1,1,1,4.5,765777.0,1,0,09:30,intra_session_sparse
PROK,2025-09-03,13,0,250,1,1,1,2.3,4921146.0,1,1,04:22,intra_session_sparse
PROP,2025-09-03,13,0,339,1,1,1,2.4,7312100.0,1,1,08:00,intra_session_sparse
PRSO,2025-09-03,13,13,0,1,0,0,0.851,75429.0,1,0,,no_session_bars_has_month_file
PRTA,2025-09-03,13,0,304,1,1,1,8.27,9622425.0,1,1,09:30,intra_session_sparse
PRTH,2025-09-03,13,0,195,1,1,1,8.28,4237012.0,1,1,09:30,intra_session_sparse
PRZO,2025-09-03,13,1,217,1,1,1,1.36,969431.0,1,0,04:16,intra_session_sparse
PSEC,2025-09-03,13,0,356,1,1,1,2.91,11914974.0,1,1,05:02,intra_session_sparse
PSFE,2025-09-03,13,0,168,1,1,1,13.54,4864562.0,1,1,09:30,intra_session_sparse
PSIG,2025-09-03,13,13,0,1,0,0,3.431,178259.0,1,0,,no_session_bars_has_month_file
PSKY,2025-09-03,13,13,0,1,0,0,14.46,365038722.0,1,1,,no_session_bars_has_month_file
PSNL,2025-09-03,13,0,281,1,1,1,4.81,5043897.0,1,1,09:05,intra_session_sparse
PSNY,2025-09-03,13,13,0,0,0,0,39.9,5384444.0,0,0,,no_minute_file
PSNYW,2025-09-03,13,0,362,1,1,1,9.525,3260831.0,1,1,04:00,intra_session_sparse
PSO,2025-09-03,13,1,281,1,1,1,14.57,7876282.0,1,1,04:00,intra_session_sparse
PSQH,2025-09-03,13,0,275,1,1,1,1.61,2254475.0,1,1,08:14,intra_session_sparse
PSTV,2025-09-03,13,0,339,1,1,1,10.69,6885456.0,1,1,04:02,intra_session_sparse
PTEN,2025-09-03,13,0,373,1,1,1,5.74,42488745.0,1,1,08:30,intra_session_sparse
PTLE,2025-09-03,13,13,0,1,0,0,13.16,155852.0,1,0,,no_session_bars_has_month_file
PTLO,2025-09-03,13,0,368,1,1,1,6.9,31635188.0,1,1,04:15,intra_session_sparse
PTN,2025-09-03,13,13,0,0,0,0,,,0,0,,no_daily_history
PTNM,2025-09-03,13,0,118,1,1,1,1.99,5569429.0,1,1,04:28,intra_session_sparse
PTON,2025-09-03,13,0,375,1,1,1,7.365,110374745.0,1,1,04:04,intra_session_sparse
PTRN,2025-09-03,13,13,0,0,0,0,,,0,0,,no_daily_history
PUBM,2025-09-03,13,0,243,1,1,1,8.52,8232308.0,1,1,08:00,intra_session_sparse
PUMP,2025-09-03,13,0,338,1,1,1,5.01,8937811.0,1,1,09:13,intra_session_sparse
PURR,2025-09-03,13,13,0,0,0,0,,,0,0,,no_daily_history
PUSA,2025-09-03,13,1,224,1,1,1,3.91,1364283.0,1,0,08:00,intra_session_sparse
PWP,2025-09-03,13,13,0,0,0,0,21.82,26180589.0,0,0,,no_minute_file
PXLW,2025-09-03,13,2,75,1,1,1,8.255,911706.0,1,0,04:14,intra_session_sparse
PYXS,2025-09-03,13,0,218,1,1,1,1.33,573798.0,1,0,09:30,intra_session_sparse
PZG,2025-09-03,13,0,203,1,1,1,1.05,723258.0,1,0,07:00,intra_session_sparse
QBTS,2025-09-03,13,0,375,1,1,1,15.85,627463253.0,1,1,04:01,intra_session_sparse
QCLS,2025-09-03,13,0,243,1,1,1,3.8,6837424.0,1,1,04:00,intra_session_sparse
QDEL,2025-09-03,13,13,0,0,0,0,28.25,35238085.0,0,0,,no_minute_file
QH,2025-09-03,13,0,44,1,1,1,4.97,829064.0,1,0,04:03,intra_session_sparse
QMCO,2025-09-03,13,0,184,1,1,1,7.3,3628316.0,1,1,07:00,intra_session_sparse
QNC,2025-09-03,13,13,0,0,0,0,,,0,0,,no_daily_history
QNCX,2025-09-03,13,2,61,1,1,1,16.0,340583.0,1,0,09:28,intra_session_sparse
QNST,2025-09-03,13,0,226,1,1,1,15.47,9863931.0,1,1,09:30,intra_session_sparse
QNTM,2025-09-03,13,2,90,1,1,1,16.305,3796650.0,1,1,06:13,intra_session_sparse
QRED,2025-09-03,13,13,0,0,0,0,,,0,0,,no_daily_history
QS,2025-09-03,13,0,376,1,1,1,7.73,182325215.0,1,1,04:00,intra_session_sparse
QSI,2025-09-03,13,0,368,1,1,1,1.08,7804659.0,1,1,04:00,intra_session_sparse
QTRX,2025-09-03,13,0,228,1,1,1,4.49,3942590.0,1,1,04:02,intra_session_sparse
QTTB,2025-09-03,13,1,71,1,1,1,1.71,220222.0,1,0,08:00,intra_session_sparse
QUAD,2025-09-03,13,2,118,1,1,1,6.6,2159766.0,1,1,09:30,intra_session_sparse
QUBT,2025-09-03,13,0,376,1,1,1,15.05,253403911.0,1,1,04:00,intra_session_sparse
QUCY,2025-09-03,13,13,0,1,0,0,1.69,197290.0,1,0,,no_session_bars_has_month_file
QUIK,2025-09-03,13,2,130,1,1,1,4.89,1398446.0,1,0,08:00,intra_session_sparse
QUMS,2025-09-03,13,13,0,0,0,0,,,0,0,,no_daily_history
QURE,2025-09-03,13,0,315,1,1,1,17.01,12836531.0,1,1,06:31,intra_session_sparse
QXO,2025-09-03,13,13,0,1,0,0,21.13,156860213.0,1,0,,no_session_bars_has_month_file
RAAQ,2025-09-03,13,12,1,1,1,1,10.12,563339.0,1,0,15:59,intra_session_sparse
RAIL,2025-09-03,13,0,123,1,1,1,8.39,2016620.0,1,1,07:49,intra_session_sparse
RANI,2025-09-03,13,13,0,0,0,0,0.466,383708.0,0,0,,no_minute_file
RAPP,2025-09-03,13,2,133,1,1,1,16.37,3369474.0,1,1,09:29,intra_session_sparse
RARE,2025-09-03,13,13,0,0,0,0,32.03,43409626.0,0,0,,no_minute_file
RAY,2025-09-03,13,0,364,1,1,1,13.44,23052971.0,1,1,04:00,intra_session_sparse
RAYA,2025-09-03,13,13,0,0,0,0,110.88,3566113.0,0,0,,no_minute_file
RBBN,2025-09-03,13,0,253,1,1,1,4.02,1909143.0,1,0,08:39,intra_session_sparse
RBNE,2025-09-03,13,2,55,1,1,1,9.45,507274.0,1,0,08:00,intra_session_sparse
RC,2025-09-03,13,0,354,1,1,1,4.27,8976336.0,1,1,09:30,intra_session_sparse
RCAT,2025-09-03,13,0,375,1,1,1,8.88,69654050.0,1,1,04:01,intra_session_sparse
RCEL,2025-09-03,13,0,179,1,1,1,4.29,2244064.0,1,1,04:28,intra_session_sparse
RCKT,2025-09-03,13,0,339,1,1,1,3.24,21047154.0,1,1,08:00,intra_session_sparse
RCON,2025-09-03,13,0,27,1,1,1,2.04,270323.0,1,0,08:54,intra_session_sparse
RCT,2025-09-03,13,2,126,1,1,1,1.51,243459.0,1,0,04:02,intra_session_sparse
RCUS,2025-09-03,13,0,314,1,1,1,10.81,7492990.0,1,1,09:30,intra_session_sparse
RDAC,2025-09-03,13,13,0,0,0,0,10.38,3417.0,0,0,,no_minute_file
RDAG,2025-09-03,13,2,6,1,1,1,10.22,961275.0,1,0,10:02,intra_session_sparse
RDCM,2025-09-03,13,2,59,1,1,1,13.16,812047.0,1,0,09:30,intra_session_sparse
RDGT,2025-09-03,13,13,0,0,0,0,181.81,9875.0,0,0,,no_minute_file
RDNW,2025-09-03,13,2,58,1,1,1,3.69,6893138.0,1,1,09:30,intra_session_sparse
RDW,2025-09-03,13,0,376,1,1,1,8.92,49367500.0,1,1,04:06,intra_session_sparse
REA,2025-09-03,13,13,0,0,0,0,,,0,0,,no_daily_history
REAL,2025-09-03,13,0,370,1,1,1,7.65,33419515.0,1,1,08:00,intra_session_sparse
REAX,2025-09-03,13,0,340,1,1,1,5.25,11226165.0,1,1,07:34,intra_session_sparse
RECT,2025-09-03,13,13,0,0,0,0,4.41,6942.0,0,0,,no_minute_file
REFI,2025-09-03,13,0,85,1,1,1,14.2,1303046.0,1,0,09:00,intra_session_sparse
REI,2025-09-03,13,13,0,1,0,0,1.06,3196638.0,1,1,,no_session_bars_has_month_file
REKR,2025-09-03,13,0,242,1,1,1,1.09,2081989.0,1,1,04:10,intra_session_sparse
RELL,2025-09-03,13,2,40,1,1,1,9.51,397177.0,1,0,09:30,intra_session_sparse
RELY,2025-09-03,13,0,356,1,1,1,18.92,82424986.0,1,1,09:25,intra_session_sparse
RENT,2025-09-03,13,2,57,1,1,1,5.7,813201.0,1,0,06:13,intra_session_sparse
RENX,2025-09-03,13,13,0,0,0,0,21.6,1707376.0,0,0,,no_minute_file
REPL,2025-09-03,13,0,360,1,1,1,5.9,19989635.0,1,1,04:10,intra_session_sparse
RES,2025-09-03,13,0,291,1,1,1,4.78,7277957.0,1,1,08:32,intra_session_sparse
RETO,2025-09-03,13,13,0,0,0,0,33.0,30560.0,0,0,,no_minute_file
REVB,2025-09-03,13,2,42,1,1,1,10.8,224991.0,1,0,04:23,intra_session_sparse
RFIL,2025-09-03,13,2,145,1,1,1,6.35,833525.0,1,0,07:00,intra_session_sparse
RGNX,2025-09-03,13,0,210,1,1,1,9.12,5922422.0,1,1,09:30,intra_session_sparse
RGP,2025-09-03,13,0,215,1,1,1,5.135,1246773.0,1,0,09:30,intra_session_sparse
RGTI,2025-09-03,13,0,376,1,1,1,15.52,659715919.0,1,1,04:00,intra_session_sparse
RIG,2025-09-03,13,0,374,1,1,1,3.06,67123124.0,1,1,04:01,intra_session_sparse
RILY,2025-09-03,13,0,242,1,1,1,5.46,7443885.0,1,1,08:00,intra_session_sparse
RIME,2025-09-03,13,1,55,1,1,1,2.02,1514636.0,1,0,04:01,intra_session_sparse
RIOT,2025-09-03,13,0,376,1,1,1,14.09,415313768.0,1,1,04:00,intra_session_sparse
RITM,2025-09-03,13,0,370,1,1,1,12.27,63929560.0,1,1,04:14,intra_session_sparse
RITR,2025-09-03,13,2,171,1,1,1,4.73,982679.0,1,0,07:19,intra_session_sparse
RIVN,2025-09-03,13,0,376,1,1,1,13.87,557957142.0,1,1,04:00,intra_session_sparse
RJET,2025-09-03,13,13,0,0,0,0,18.45,111087.0,0,0,,no_minute_file
RKDA,2025-09-03,13,13,0,0,0,0,3.4,21811.0,0,0,,no_minute_file
RKT,2025-09-03,13,0,376,1,1,1,17.16,339121724.0,1,1,04:00,intra_session_sparse
RKTO,2025-09-03,13,0,353,1,1,1,1.28,1516942.0,1,0,04:00,intra_session_sparse
RLAY,2025-09-03,13,0,338,1,1,1,3.66,4719450.0,1,1,06:37,intra_session_sparse
RLGT,2025-09-03,13,0,89,1,1,1,6.38,512128.0,1,0,09:30,intra_session_sparse
RLMD,2025-09-03,13,0,334,1,1,1,1.42,1517363.0,1,0,04:00,intra_session_sparse
RLYB,2025-09-03,13,0,142,1,1,1,4.46,223072.0,1,0,07:34,intra_session_sparse
RMAX,2025-09-03,13,0,105,1,1,1,9.09,2330749.0,1,1,09:30,intra_session_sparse
RMIX,2025-09-03,13,7,2,1,1,1,11.22,548305.0,1,0,13:51,intra_session_sparse
RMR,2025-09-03,13,0,79,1,1,1,16.69,1547715.0,1,0,09:30,intra_session_sparse
RMSG,2025-09-03,13,2,25,1,1,1,2.67,6039547.0,1,1,09:30,intra_session_sparse
RMTI,2025-09-03,13,0,364,1,1,1,1.83,3240376.0,1,1,04:00,intra_session_sparse
RNA,2025-09-03,13,13,0,0,0,0,47.23,157638662.0,0,0,,no_minute_file
RNAC,2025-09-03,13,2,60,1,1,1,9.84,557097.0,1,0,09:30,intra_session_sparse
RNAZ,2025-09-03,13,13,0,0,0,0,10.29,163492.0,0,0,,no_minute_file
RNGR,2025-09-03,13,0,105,1,1,1,14.15,1879662.0,1,0,09:30,intra_session_sparse
RNGT,2025-09-03,13,13,0,0,0,0,,,0,0,,no_daily_history
RNTX,2025-09-03,13,13,0,1,0,0,1.35,120653.0,1,0,,no_session_bars_has_month_file
RNW,2025-09-03,13,0,223,1,1,1,7.65,6228908.0,1,1,07:35,intra_session_sparse
ROC,2025-09-03,13,13,0,0,0,0,,,0,0,,no_daily_history
ROIV,2025-09-03,13,0,376,1,1,1,12.39,58559418.0,1,1,09:30,intra_session_sparse
ROLR,2025-09-03,13,13,0,0,0,0,2.79,53100.0,0,0,,no_minute_file
ROMA,2025-09-03,13,13,0,1,0,0,1.79,113310.0,1,0,,no_session_bars_has_month_file
RPAY,2025-09-03,13,0,271,1,1,1,5.67,5673755.0,1,1,09:30,intra_session_sparse
RPC,2025-09-03,13,0,165,1,1,1,12.28,5931515.0,1,1,09:30,intra_session_sparse
RPD,2025-09-03,13,13,0,1,0,0,20.17,19912899.0,1,0,,no_session_bars_has_month_file
RPGL,2025-09-03,13,13,0,0,0,0,,,0,0,,no_daily_history
RR,2025-09-03,13,0,376,1,1,1,2.89,76084408.0,1,1,04:00,intra_session_sparse
RRGB,2025-09-03,13,1,166,1,1,1,6.61,2263308.0,1,1,08:00,intra_session_sparse
RSI,2025-09-03,13,13,0,0,0,0,21.39,30320605.0,0,0,,no_minute_file
RSKD,2025-09-03,13,0,246,1,1,1,4.72,4372090.0,1,1,08:00,intra_session_sparse
RTAC,2025-09-03,13,0,70,1,1,1,10.67,3487973.0,1,1,09:10,intra_session_sparse
RTB,2025-09-03,13,0,102,1,1,1,10.71,2210807.0,1,1,04:01,intra_session_sparse
RUBI,2025-09-03,13,13,0,0,0,0,5967.0,1638571.0,0,0,,no_minute_file
RUM,2025-09-03,13,0,361,1,1,1,7.35,21422368.0,1,1,04:01,intra_session_sparse
RUN,2025-09-03,13,0,376,1,1,1,15.93,263748758.0,1,1,06:06,intra_session_sparse
RVLV,2025-09-03,13,13,0,0,0,0,21.46,30058870.0,0,0,,no_minute_file
RVSN,2025-09-03,13,0,175,1,1,1,11.01,566427.0,1,0,04:00,intra_session_sparse
RWAY,2025-09-03,13,0,153,1,1,1,10.8,2910799.0,1,1,09:30,intra_session_sparse
RXO,2025-09-03,13,0,352,1,1,1,16.11,31050062.0,1,1,09:30,intra_session_sparse
RXRX,2025-09-03,13,0,376,1,1,1,4.66,90047109.0,1,1,04:01,intra_session_sparse
RXST,2025-09-03,13,0,342,1,1,1,8.7,10328818.0,1,1,09:30,intra_session_sparse
RXT,2025-09-03,13,0,298,1,1,1,1.42,1033065.0,1,0,07:13,intra_session_sparse
RYAM,2025-09-03,13,0,333,1,1,1,5.62,4117429.0,1,1,09:04,intra_session_sparse
RYN,2025-09-03,13,13,0,0,0,0,25.81,27200874.0,0,0,,no_minute_file
RYOJ,2025-09-03,13,13,0,1,0,0,2.09,345771.0,1,0,,no_session_bars_has_month_file
RYZ,2025-09-03,13,13,0,0,0,0,22.61,4304051.0,0,0,,no_minute_file
RZLT,2025-09-03,13,0,278,1,1,1,7.17,5011486.0,1,1,08:04,intra_session_sparse
RZLV,2025-09-03,13,0,376,1,1,1,3.67,34224967.0,1,1,04:00,intra_session_sparse
S,2025-09-03,13,0,376,1,1,1,17.7,128738129.0,1,1,04:00,intra_session_sparse
SA,2025-09-03,13,0,324,1,1,1,17.61,14625728.0,1,1,04:00,intra_session_sparse
SABR,2025-09-03,13,0,356,1,1,1,1.75,23494730.0,1,1,08:08,intra_session_sparse
SABS,2025-09-03,13,13,0,1,0,0,2.12,199097.0,1,0,,no_session_bars_has_month_file
SAFE,2025-09-03,13,0,241,1,1,1,15.99,6635012.0,1,1,09:30,intra_session_sparse
SAFX,2025-09-03,13,0,289,1,1,1,1.45,726882.0,1,0,04:00,intra_session_sparse
SAGT,2025-09-03,13,2,47,1,1,1,1.88,352696.0,1,0,08:00,intra_session_sparse
SAIL,2025-09-03,13,13,0,1,0,0,20.98,43973731.0,1,0,,no_session_bars_has_month_file
SAN,2025-09-03,13,0,365,1,1,1,9.44,36260910.0,1,1,04:08,intra_session_sparse
SANA,2025-09-03,13,0,369,1,1,1,2.84,20176611.0,1,1,04:00,intra_session_sparse
SATL,2025-09-03,13,0,353,1,1,1,3.59,5260932.0,1,1,04:02,intra_session_sparse
SB,2025-09-03,13,0,231,1,1,1,4.27,1496538.0,1,0,09:30,intra_session_sparse
SBET,2025-09-03,13,0,376,1,1,1,16.98,996033630.0,1,1,04:00,intra_session_sparse
SBEV,2025-09-03,13,2,60,1,1,1,1.71,2389868.0,1,1,04:08,intra_session_sparse
SBFM,2025-09-03,13,13,0,0,0,0,14.4,60410.0,0,0,,no_minute_file
SBGI,2025-09-03,13,1,206,1,1,1,14.22,9759217.0,1,1,09:30,intra_session_sparse
SBH,2025-09-03,13,0,351,1,1,1,14.4,30381504.0,1,1,09:26,intra_session_sparse
SBLK,2025-09-03,13,0,351,1,1,1,18.64,19825729.0,1,1,04:00,intra_session_sparse
SBMT,2025-09-03,13,13,0,0,0,0,,,0,0,,no_daily_history
SBRA,2025-09-03,13,0,370,1,1,1,19.26,50981450.0,1,1,09:17,intra_session_sparse
SBS,2025-09-03,13,0,336,1,1,1,4.43,25254182.0,1,1,08:41,intra_session_sparse
SCII,2025-09-03,13,13,0,0,0,0,,,0,0,,no_daily_history
SCLX,2025-09-03,13,0,114,1,1,1,18.64,4491168.0,1,1,04:32,intra_session_sparse
SCM,2025-09-03,13,0,89,1,1,1,14.44,2138342.0,1,1,09:30,intra_session_sparse
SCNX,2025-09-03,13,13,0,0,0,0,0.977,576718.0,0,0,,no_minute_file
SCVL,2025-09-03,13,13,0,0,0,0,21.44,7481092.0,0,0,,no_minute_file
SCWO,2025-09-03,13,1,182,1,1,1,3.438,288915.0,1,0,04:18,intra_session_sparse
SCZM,2025-09-03,13,13,0,0,0,0,,,0,0,,no_daily_history
SD,2025-09-03,13,0,175,1,1,1,12.1,3443159.0,1,1,08:59,intra_session_sparse
SDEV,2025-09-03,13,0,353,1,1,1,11.4,23847711.0,1,1,04:00,intra_session_sparse
SDGR,2025-09-03,13,0,298,1,1,1,19.11,26580176.0,1,1,04:02,intra_session_sparse
SDHC,2025-09-03,13,0,84,1,1,1,18.75,1299028.0,1,0,09:30,intra_session_sparse
SDOT,2025-09-03,13,13,0,0,0,0,183.88,135493.0,0,0,,no_minute_file
SDST,2025-09-03,13,0,172,1,1,1,3.885,407859.0,1,0,05:07,intra_session_sparse
SEAT,2025-09-03,13,2,125,1,1,1,16.55,5563457.0,1,1,08:00,intra_session_sparse
SEED,2025-09-03,13,13,0,0,0,0,1.177,53555.0,0,0,,no_minute_file
SEG,2025-09-03,13,13,0,0,0,0,24.1,3354221.0,0,0,,no_minute_file
SEGG,2025-09-03,13,2,130,1,1,1,5.57,664751.0,1,0,06:56,intra_session_sparse
SELX,2025-09-03,13,13,0,0,0,0,1.1,8990.0,0,0,,no_minute_file
SEM,2025-09-03,13,0,283,1,1,1,13.02,13073807.0,1,1,09:30,intra_session_sparse
SENS,2025-09-03,13,0,329,1,1,1,9.06,2223669.0,1,1,04:06,intra_session_sparse
SEPN,2025-09-03,13,0,263,1,1,1,12.34,2658499.0,1,1,09:30,intra_session_sparse
SER,2025-09-03,13,2,58,1,1,1,5.31,1767886.0,1,0,08:00,intra_session_sparse
SERV,2025-09-03,13,0,375,1,1,1,10.29,65570813.0,1,1,04:00,intra_session_sparse
SES,2025-09-03,13,0,330,1,1,1,1.09,5673559.0,1,1,04:03,intra_session_sparse
SEV,2025-09-03,13,13,0,0,0,0,,,0,0,,no_daily_history
SFIX,2025-09-03,13,0,359,1,1,1,5.2,10297727.0,1,1,09:30,intra_session_sparse
SFL,2025-09-03,13,0,311,1,1,1,8.05,14475630.0,1,1,08:19,intra_session_sparse
SFNC,2025-09-03,13,13,0,1,0,0,20.76,17633347.0,1,0,,no_session_bars_has_month_file
SG,2025-09-03,13,0,373,1,1,1,8.81,69616805.0,1,1,04:00,intra_session_sparse
SGHC,2025-09-03,13,0,369,1,1,1,11.03,23238003.0,1,1,08:19,intra_session_sparse
SGHT,2025-09-03,13,1,61,1,1,1,3.87,491326.0,1,0,09:26,intra_session_sparse
SGML,2025-09-03,13,0,371,1,1,1,6.03,20815010.0,1,1,06:58,intra_session_sparse
SGMT,2025-09-03,13,0,201,1,1,1,7.36,5079179.0,1,1,09:20,intra_session_sparse
SGRY,2025-09-03,13,13,0,0,0,0,22.58,35429855.0,0,0,,no_minute_file
SHAZ,2025-09-03,13,13,0,0,0,0,,,0,0,,no_daily_history
SHBI,2025-09-03,13,0,104,1,1,1,17.02,1922294.0,1,0,09:30,intra_session_sparse
SHC,2025-09-03,13,0,332,1,1,1,16.16,26909473.0,1,1,09:30,intra_session_sparse
SHEN,2025-09-03,13,0,177,1,1,1,12.95,4307743.0,1,1,08:23,intra_session_sparse
SHFS,2025-09-03,13,0,203,1,1,1,3.65,8077362.0,1,1,04:01,intra_session_sparse
SHIP,2025-09-03,13,1,174,1,1,1,7.78,936593.0,1,0,09:30,intra_session_sparse
SHLS,2025-09-03,13,0,376,1,1,1,6.72,33883221.0,1,1,04:33,intra_session_sparse
SHMD,2025-09-03,13,13,0,0,0,0,2.578,45732.0,0,0,,no_minute_file
SHO,2025-09-03,13,0,353,1,1,1,9.35,22906589.0,1,1,09:29,intra_session_sparse
SI,2025-09-03,13,2,100,1,1,1,16.02,2274819.0,1,1,08:32,intra_session_sparse
SIBN,2025-09-03,13,0,129,1,1,1,16.45,7413294.0,1,1,09:29,intra_session_sparse
SID,2025-09-03,13,0,249,1,1,1,1.4,4095508.0,1,1,08:00,intra_session_sparse
SIDU,2025-09-03,13,1,160,1,1,1,1.21,1025851.0,1,0,07:07,intra_session_sparse
SIGA,2025-09-03,13,0,255,1,1,1,8.63,5971066.0,1,1,06:24,intra_session_sparse
SILO,2025-09-03,13,0,79,1,1,1,9.596,224448.0,1,0,07:00,intra_session_sparse
SIMA,2025-09-03,13,2,3,1,1,1,10.44,824319.0,1,0,10:06,intra_session_sparse
SINT,2025-09-03,13,0,365,1,1,1,4.57,333750.0,1,0,07:00,intra_session_sparse
SIRI,2025-09-03,13,13,0,0,0,0,23.11,89770403.0,0,0,,no_minute_file
SITC,2025-09-03,13,0,336,1,1,1,8.98,10650563.0,1,1,04:00,intra_session_sparse
SKBL,2025-09-03,13,0,262,1,1,1,1.02,5096552.0,1,1,05:39,intra_session_sparse
SKE,2025-09-03,13,1,251,1,1,1,17.32,6429199.0,1,1,09:23,intra_session_sparse
SKIL,2025-09-03,13,2,21,1,1,1,15.49,340992.0,1,0,09:37,intra_session_sparse
SKIN,2025-09-03,13,0,250,1,1,1,2.0,2946271.0,1,1,07:17,intra_session_sparse
SKK,2025-09-03,13,0,34,1,1,1,4.037,346872.0,1,0,04:01,intra_session_sparse
SKLZ,2025-09-03,13,0,146,1,1,1,8.71,759601.0,1,0,04:01,intra_session_sparse
SKYA,2025-09-03,13,0,216,1,1,1,11.72,38844602.0,1,1,04:08,intra_session_sparse
SKYE,2025-09-03,13,1,92,1,1,1,3.38,973049.0,1,0,09:30,intra_session_sparse
SKYQ,2025-09-03,13,13,0,1,0,0,3.754,57643.0,1,0,,no_session_bars_has_month_file
SKYT,2025-09-03,13,0,312,1,1,1,11.1,19045738.0,1,1,07:42,intra_session_sparse
SKYX,2025-09-03,13,1,118,1,1,1,1.17,438550.0,1,0,07:48,intra_session_sparse
SLDB,2025-09-03,13,0,275,1,1,1,5.43,5470942.0,1,1,09:20,intra_session_sparse
SLDE,2025-09-03,13,0,271,1,1,1,13.48,12240911.0,1,1,08:53,intra_session_sparse
SLDP,2025-09-03,13,0,368,1,1,1,4.07,46132969.0,1,1,04:01,intra_session_sparse
SLE,2025-09-03,13,13,0,0,0,0,40.2,341188.0,0,0,,no_minute_file
SLGB,2025-09-03,13,13,0,0,0,0,,,0,0,,no_daily_history
SLI,2025-09-03,13,0,269,1,1,1,2.86,4972379.0,1,1,07:56,intra_session_sparse
SLM,2025-09-03,13,13,0,0,0,0,30.98,57766074.0,0,0,,no_minute_file
SLMT,2025-09-03,13,13,0,0,0,0,57.1,33341.0,0,0,,no_minute_file
SLN,2025-09-03,13,2,45,1,1,1,4.77,322716.0,1,0,09:30,intra_session_sparse
SLNH,2025-09-03,13,13,0,1,0,0,0.49,571168.0,1,0,,no_session_bars_has_month_file
SLP,2025-09-03,13,0,185,1,1,1,14.39,5314040.0,1,1,09:30,intra_session_sparse
SLQT,2025-09-03,13,0,297,1,1,1,2.16,6651476.0,1,1,08:00,intra_session_sparse
SLRC,2025-09-03,13,0,113,1,1,1,16.65,2631932.0,1,1,08:38,intra_session_sparse
SLS,2025-09-03,13,0,317,1,1,1,1.83,3226403.0,1,1,04:04,intra_session_sparse
SLSR,2025-09-03,13,13,0,1,0,0,5.34,187082.0,1,0,,no_session_bars_has_month_file
SM,2025-09-03,13,13,0,0,0,0,28.98,49114399.0,0,0,,no_minute_file
SMJF,2025-09-03,13,13,0,0,0,0,,,0,0,,no_daily_history
SMMT,2025-09-03,13,13,0,1,0,0,23.84,83330363.0,1,0,,no_session_bars_has_month_file
SMPL,2025-09-03,13,13,0,0,0,0,28.66,34903046.0,0,0,,no_minute_file
SMR,2025-09-03,13,13,0,0,0,0,37.24,461360075.0,0,0,,no_minute_file
SMRT,2025-09-03,13,0,264,1,1,1,1.45,2004266.0,1,1,07:46,intra_session_sparse
SMTK,2025-09-03,13,0,287,1,1,1,1.45,5933775.0,1,1,04:00,intra_session_sparse
SMWB,2025-09-03,13,2,312,1,1,1,9.71,5827896.0,1,1,09:30,intra_session_sparse
SMX,2025-09-03,13,13,0,0,0,0,32688.52,10371563.0,0,0,,no_minute_file
SMXT,2025-09-03,13,1,110,1,1,1,1.19,28408142.0,1,1,06:42,intra_session_sparse
SNAL,2025-09-03,13,13,0,0,0,0,0.873,128792.0,0,0,,no_minute_file
SNAP,2025-09-03,13,0,376,1,1,1,7.33,470149475.0,1,1,04:00,intra_session_sparse
SNBR,2025-09-03,13,0,194,1,1,1,10.04,7361216.0,1,1,09:30,intra_session_sparse
SND,2025-09-03,13,13,0,1,0,0,1.94,170186.0,1,0,,no_session_bars_has_month_file
SNDL,2025-09-03,13,0,363,1,1,1,2.47,10990008.0,1,1,04:01,intra_session_sparse
SNDX,2025-09-03,13,0,354,1,1,1,16.12,42586191.0,1,1,07:00,intra_session_sparse
SNGX,2025-09-03,13,0,143,1,1,1,3.11,49066324.0,1,1,04:36,intra_session_sparse
SNOA,2025-09-03,13,2,52,1,1,1,4.71,19999366.0,1,1,07:24,intra_session_sparse
SNTG,2025-09-03,13,13,0,1,0,0,1.9,167401.0,1,0,,no_session_bars_has_month_file
SNTI,2025-09-03,13,13,0,1,0,0,1.43,192252.0,1,0,,no_session_bars_has_month_file
SNWV,2025-09-03,13,13,0,0,0,0,39.75,1944187.0,0,0,,no_minute_file
SOAR,2025-09-03,13,1,115,1,1,1,1.67,1555220.0,1,0,07:56,intra_session_sparse
SOBR,2025-09-03,13,13,0,0,0,0,3.33,81408.0,0,0,,no_minute_file
SOC,2025-09-03,13,13,0,1,0,0,23.08,51275063.0,1,0,,no_session_bars_has_month_file
SOCA,2025-09-03,13,13,0,0,0,0,,,0,0,,no_daily_history
SOFI,2025-09-03,13,13,0,0,0,0,24.91,1571733286.0,0,0,,no_minute_file
SONO,2025-09-03,13,0,328,1,1,1,13.74,31823509.0,1,1,04:01,intra_session_sparse
SOUN,2025-09-03,13,0,376,1,1,1,13.42,865651604.0,1,1,04:00,intra_session_sparse
SOWG,2025-09-03,13,13,0,1,0,0,11.26,153724.0,1,0,,no_session_bars_has_month_file
SPAI,2025-09-03,13,2,153,1,1,1,6.12,2634667.0,1,1,05:05,intra_session_sparse
SPCE,2025-09-03,13,0,309,1,1,1,3.09,9078111.0,1,1,05:25,intra_session_sparse
SPEG,2025-09-03,13,13,0,0,0,0,,,0,0,,no_daily_history
SPH,2025-09-03,13,2,85,1,1,1,18.44,2423488.0,1,1,09:30,intra_session_sparse
SPHL,2025-09-03,13,13,0,1,0,0,3.4,22942.0,1,0,,no_session_bars_has_month_file
SPIR,2025-09-03,13,0,223,1,1,1,9.15,5528114.0,1,1,07:05,intra_session_sparse
SPNT,2025-09-03,13,0,247,1,1,1,18.9,15742501.0,1,1,09:30,intra_session_sparse
SPOK,2025-09-03,13,2,85,1,1,1,18.11,2873629.0,1,1,09:30,intra_session_sparse
SPPL,2025-09-03,13,13,0,0,0,0,3.05,58228.0,0,0,,no_minute_file
SPRC,2025-09-03,13,1,118,1,1,1,21.96,2996881.0,1,0,04:12,intra_session_sparse
SPRO,2025-09-03,13,0,176,1,1,1,2.05,1412774.0,1,0,08:00,intra_session_sparse
SPRU,2025-09-03,13,2,29,1,1,1,1.54,6173502.0,1,1,08:00,intra_session_sparse
SPRY,2025-09-03,13,0,373,1,1,1,11.12,34715228.0,1,1,07:21,intra_session_sparse
SPT,2025-09-03,13,0,347,1,1,1,15.25,15283341.0,1,1,09:02,intra_session_sparse
SPTX,2025-09-03,13,13,0,0,0,0,,,0,0,,no_daily_history
SPWH,2025-09-03,13,2,133,1,1,1,2.71,1012785.0,1,0,07:21,intra_session_sparse
SPWR,2025-09-03,13,2,276,1,1,1,1.5,941712.0,1,0,09:30,intra_session_sparse
SRAD,2025-09-03,13,13,0,0,0,0,30.82,57016260.0,0,0,,no_minute_file
SRFM,2025-09-03,13,0,315,1,1,1,4.2,11865934.0,1,1,05:07,intra_session_sparse
SRI,2025-09-03,13,1,152,1,1,1,8.2,2053508.0,1,1,09:30,intra_session_sparse
SRPT,2025-09-03,13,0,376,1,1,1,18.16,191033014.0,1,1,04:06,intra_session_sparse
SRTA,2025-09-03,13,0,275,1,1,1,4.26,4775623.0,1,1,06:33,intra_session_sparse
SRZN,2025-09-03,13,13,0,1,0,0,12.32,177784.0,1,0,,no_session_bars_has_month_file
SSAC,2025-09-03,13,13,0,0,0,0,,,0,0,,no_daily_history
SSEA,2025-09-03,13,13,0,0,0,0,,,0,0,,no_daily_history
SSL,2025-09-03,13,0,316,1,1,1,6.95,8516869.0,1,1,04:01,intra_session_sparse
SSM,2025-09-03,13,13,0,0,0,0,,,0,0,,no_daily_history
SSP,2025-09-03,13,2,293,1,1,1,2.88,2450116.0,1,1,09:16,intra_session_sparse
SSRM,2025-09-03,13,13,0,1,0,0,19.95,67226817.0,1,1,,no_session_bars_has_month_file
SSSS,2025-09-03,13,1,128,1,1,1,8.64,2209109.0,1,1,08:48,intra_session_sparse
SST,2025-09-03,13,2,49,1,1,1,6.82,370159.0,1,0,08:04,intra_session_sparse
SSTK,2025-09-03,13,13,0,0,0,0,20.42,5098460.0,0,0,,no_minute_file
SSYS,2025-09-03,13,0,274,1,1,1,10.37,13511984.0,1,1,07:00,intra_session_sparse
STAA,2025-09-03,13,13,0,0,0,0,27.74,91963350.0,0,0,,no_minute_file
STAK,2025-09-03,13,13,0,0,0,0,0.862,508150.0,0,0,,no_minute_file
STEM,2025-09-03,13,0,143,1,1,1,14.84,4367408.0,1,1,04:16,intra_session_sparse
STEX,2025-09-03,13,1,246,1,1,1,4.73,4030441.0,1,1,05:12,intra_session_sparse
STFS,2025-09-03,13,0,227,1,1,1,5.9,4268351.0,1,1,04:03,intra_session_sparse
STGW,2025-09-03,13,0,271,1,1,1,5.59,5946244.0,1,1,04:45,intra_session_sparse
STI,2025-09-03,13,0,376,1,1,1,3.28,789236.0,1,0,04:00,intra_session_sparse
STIM,2025-09-03,13,0,347,1,1,1,3.14,6233303.0,1,1,07:00,intra_session_sparse
STKE,2025-09-03,13,13,0,0,0,0,,,0,0,,no_daily_history
STLA,2025-09-03,13,0,376,1,1,1,9.41,110684244.0,1,1,04:00,intra_session_sparse
STNE,2025-09-03,13,0,370,1,1,1,16.28,77124495.0,1,1,07:00,intra_session_sparse
STOK,2025-09-03,13,0,329,1,1,1,19.59,17192635.0,1,1,04:58,intra_session_sparse
STRO,2025-09-03,13,0,226,1,1,1,9.51,381473.0,1,0,05:35,intra_session_sparse
STRZ,2025-09-03,13,0,75,1,1,1,12.8,2336240.0,1,1,09:30,intra_session_sparse
STTK,2025-09-03,13,0,366,1,1,1,1.01,5264485.0,1,1,04:01,intra_session_sparse
STUB,2025-09-03,13,13,0,0,0,0,,,0,0,,no_daily_history
STVN,2025-09-03,13,13,0,0,0,0,22.65,7249994.0,0,0,,no_minute_file
SUGP,2025-09-03,13,0,65,1,1,1,6.04,276154.0,1,0,08:27,intra_session_sparse
SUIG,2025-09-03,13,0,222,1,1,1,6.56,4537439.0,1,1,08:00,intra_session_sparse
SUJA,2025-09-03,13,13,0,0,0,0,,,0,0,,no_daily_history
SUNE,2025-09-03,13,2,35,1,1,1,1.44,208689.0,1,0,09:30,intra_session_sparse
SUPV,2025-09-03,13,0,350,1,1,1,7.78,14439385.0,1,1,07:01,intra_session_sparse
SUPX,2025-09-03,13,13,0,0,0,0,49.83,10447705.0,0,0,,no_minute_file
SVAC,2025-09-03,13,13,0,0,0,0,,,0,0,,no_daily_history
SVAQ,2025-09-03,13,13,0,0,0,0,,,0,0,,no_daily_history
SVCO,2025-09-03,13,2,81,1,1,1,5.23,751564.0,1,0,09:30,intra_session_sparse
SVM,2025-09-03,13,0,373,1,1,1,5.06,21470159.0,1,1,04:37,intra_session_sparse
SVRA,2025-09-03,13,0,351,1,1,1,3.31,4387424.0,1,1,08:21,intra_session_sparse
SVRN,2025-09-03,13,13,0,0,0,0,23.0,2931521.0,0,0,,no_minute_file
SVV,2025-09-03,13,0,322,1,1,1,12.54,12053367.0,1,1,04:00,intra_session_sparse
SWBI,2025-09-03,13,0,252,1,1,1,8.13,5576531.0,1,1,09:30,intra_session_sparse
SWIM,2025-09-03,13,0,185,1,1,1,7.79,5577304.0,1,1,09:30,intra_session_sparse
SWVL,2025-09-03,13,13,0,0,0,0,3.49,68238.0,0,0,,no_minute_file
SXC,2025-09-03,13,0,293,1,1,1,7.61,8770821.0,1,1,09:30,intra_session_sparse
SXTC,2025-09-03,13,13,0,0,0,0,213.0,33158.0,0,0,,no_minute_file
SXTP,2025-09-03,13,13,0,0,0,0,5.68,129096.0,0,0,,no_minute_file
SY,2025-09-03,13,1,228,1,1,1,3.79,7415644.0,1,1,04:07,intra_session_sparse
SYNX,2025-09-03,13,13,0,1,0,0,1.66,45951.0,1,0,,no_session_bars_has_month_file
SYRE,2025-09-03,13,1,142,1,1,1,16.63,7315166.0,1,1,09:30,intra_session_sparse
SZZL,2025-09-03,13,1,3,1,1,1,10.075,271009.0,1,0,09:30,intra_session_sparse
TAC,2025-09-03,13,0,253,1,1,1,12.1,14748739.0,1,1,09:30,intra_session_sparse
TACO,2025-09-03,13,0,181,1,1,1,10.27,1786413.0,1,0,09:30,intra_session_sparse
TAL,2025-09-03,13,0,371,1,1,1,10.5,49870628.0,1,1,08:00,intra_session_sparse
TALK,2025-09-03,13,0,345,1,1,1,2.65,3939235.0,1,1,08:45,intra_session_sparse
TALO,2025-09-03,13,0,359,1,1,1,9.98,23314129.0,1,1,07:43,intra_session_sparse
TANH,2025-09-03,13,13,0,1,0,0,2.01,51588.0,1,0,,no_session_bars_has_month_file
TAOP,2025-09-03,13,13,0,1,0,0,3.2,58118.0,1,0,,no_session_bars_has_month_file
TAOX,2025-09-03,13,2,125,1,1,1,6.21,2116047.0,1,1,08:18,intra_session_sparse
TARA,2025-09-03,13,2,123,1,1,1,3.17,507891.0,1,0,08:52,intra_session_sparse
TASK,2025-09-03,13,2,139,1,1,1,17.66,5062317.0,1,1,09:29,intra_session_sparse
TBCH,2025-09-03,13,0,92,1,1,1,15.06,3677103.0,1,1,09:30,intra_session_sparse
TBH,2025-09-03,13,0,107,1,1,1,14.64,543695.0,1,0,04:00,intra_session_sparse
TBI,2025-09-03,13,2,93,1,1,1,5.96,1051579.0,1,0,09:30,intra_session_sparse
TBLA,2025-09-03,13,0,341,1,1,1,3.34,4761251.0,1,1,04:01,intra_session_sparse
TBPH,2025-09-03,13,0,245,1,1,1,13.84,7021341.0,1,1,09:30,intra_session_sparse
TBRG,2025-09-03,13,2,87,1,1,1,19.98,2201500.0,1,1,09:30,intra_session_sparse
TCGL,2025-09-03,13,13,0,0,0,0,,,0,0,,no_daily_history
TCMD,2025-09-03,13,0,190,1,1,1,13.45,3399168.0,1,1,08:00,intra_session_sparse
TCPC,2025-09-03,13,0,210,1,1,1,7.13,3778411.0,1,1,09:30,intra_session_sparse
TCRT,2025-09-03,13,0,47,1,1,1,2.28,641556.0,1,0,08:00,intra_session_sparse
TDAY,2025-09-03,13,0,324,1,1,1,4.04,6863434.0,1,1,09:00,intra_session_sparse
TDIC,2025-09-03,13,13,0,0,0,0,19.0,80722.0,0,0,,no_minute_file
TDOC,2025-09-03,13,0,372,1,1,1,7.64,41740148.0,1,1,04:24,intra_session_sparse
TDUP,2025-09-03,13,0,371,1,1,1,10.55,26177699.0,1,1,04:00,intra_session_sparse
TE,2025-09-03,13,0,306,1,1,1,1.89,2743498.0,1,1,04:00,intra_session_sparse
TECX,2025-09-03,13,0,309,1,1,1,16.65,6311227.0,1,1,04:17,intra_session_sparse
TELO,2025-09-03,13,0,210,1,1,1,1.2,6271400.0,1,1,04:00,intra_session_sparse
TENB,2025-09-03,13,13,0,0,0,0,30.49,44311556.0,0,0,,no_minute_file
TENX,2025-09-03,13,13,0,1,0,0,5.975,92937.0,1,0,,no_session_bars_has_month_file
TEO,2025-09-03,13,1,226,1,1,1,8.52,1908518.0,1,0,09:30,intra_session_sparse
TFSL,2025-09-03,13,0,213,1,1,1,13.7,4687733.0,1,1,09:30,intra_session_sparse
TGB,2025-09-03,13,0,351,1,1,1,3.29,11477381.0,1,1,08:00,intra_session_sparse
TGE,2025-09-03,13,13,0,1,0,0,2.96,178624.0,1,0,,no_session_bars_has_month_file
TGEN,2025-09-03,13,0,314,1,1,1,7.4,7816742.0,1,1,07:16,intra_session_sparse
TGHL,2025-09-03,13,13,0,1,0,0,3.61,8121898.0,1,1,,no_session_bars_has_month_file
TGL,2025-09-03,13,2,124,1,1,1,18.6,1439982.0,1,0,04:00,intra_session_sparse
TH,2025-09-03,13,0,164,1,1,1,8.915,4416842.0,1,1,09:30,intra_session_sparse
THH,2025-09-03,13,13,0,1,0,0,4.66,5948427.0,1,1,,no_session_bars_has_month_file
THM,2025-09-03,13,0,196,1,1,1,1.61,724572.0,1,0,07:00,intra_session_sparse
THRY,2025-09-03,13,0,226,1,1,1,12.42,6506320.0,1,1,09:30,intra_session_sparse
TIC,2025-09-03,13,0,345,1,1,1,11.16,28835058.0,1,1,08:41,intra_session_sparse
TII,2025-09-03,13,13,0,0,0,0,,,0,0,,no_daily_history
TIL,2025-09-03,13,13,0,1,0,0,29.22,2910162.0,1,0,,no_session_bars_has_month_file
TIPT,2025-09-03,13,13,0,1,0,0,23.36,2917005.0,1,0,,no_session_bars_has_month_file
TITN,2025-09-03,13,13,0,1,0,0,20.64,3128298.0,1,0,,no_session_bars_has_month_file
TK,2025-09-03,13,0,250,1,1,1,8.14,4497042.0,1,1,06:50,intra_session_sparse
TKC,2025-09-03,13,0,283,1,1,1,5.62,4549329.0,1,1,04:09,intra_session_sparse
TKNO,2025-09-03,13,1,95,1,1,1,4.23,1005643.0,1,0,08:03,intra_session_sparse
TLIH,2025-09-03,13,1,70,1,1,1,5.603,237176.0,1,0,07:04,intra_session_sparse
TLK,2025-09-03,13,0,264,1,1,1,18.92,16849691.0,1,1,04:56,intra_session_sparse
TLRY,2025-09-03,13,0,376,1,1,1,12.5,107551886.0,1,1,04:00,intra_session_sparse
TLS,2025-09-03,13,0,282,1,1,1,6.54,14664598.0,1,1,04:46,intra_session_sparse
TLYS,2025-09-03,13,1,158,1,1,1,1.79,250525.0,1,0,09:07,intra_session_sparse
TMC,2025-09-03,13,0,376,1,1,1,5.44,46530103.0,1,1,04:02,intra_session_sparse
TMCI,2025-09-03,13,0,203,1,1,1,7.17,2770268.0,1,1,04:15,intra_session_sparse
TMCR,2025-09-03,13,13,0,0,0,0,,,0,0,,no_daily_history
TMDE,2025-09-03,13,13,0,0,0,0,0.863,33680.0,0,0,,no_minute_file
TMQ,2025-09-03,13,1,197,1,1,1,1.62,585119.0,1,0,08:00,intra_session_sparse
TMTS,2025-09-03,13,13,0,0,0,0,,,0,0,,no_daily_history
TNDM,2025-09-03,13,0,364,1,1,1,12.78,33362908.0,1,1,04:43,intra_session_sparse
TNGX,2025-09-03,13,0,311,1,1,1,6.66,9339700.0,1,1,08:37,intra_session_sparse
TNMG,2025-09-03,13,13,0,1,0,0,8.558,90300.0,1,0,,no_session_bars_has_month_file
TNON,2025-09-03,13,2,150,1,1,1,1.22,2510277.0,1,1,04:05,intra_session_sparse
TNXP,2025-09-03,13,13,0,0,0,0,27.66,84502378.0,0,0,,no_minute_file
TNYA,2025-09-03,13,0,331,1,1,1,1.08,4473928.0,1,1,04:05,intra_session_sparse
TOI,2025-09-03,13,0,315,1,1,1,3.25,7067016.0,1,1,08:25,intra_session_sparse
TONX,2025-09-03,13,0,186,1,1,1,12.36,6453695.0,1,1,08:18,intra_session_sparse
TORO,2025-09-03,13,13,0,0,0,0,2.72,90325.0,0,0,,no_minute_file
TOYO,2025-09-03,13,13,0,1,0,0,5.8,99390.0,1,0,,no_session_bars_has_month_file
TPET,2025-09-03,13,13,0,1,0,0,1.14,146933.0,1,0,,no_session_bars_has_month_file
TPVG,2025-09-03,13,0,188,1,1,1,6.74,2806652.0,1,1,08:31,intra_session_sparse
TRAD,2025-09-03,13,13,0,0,0,0,,,0,0,,no_daily_history
TRAW,2025-09-03,13,1,58,1,1,1,1.44,224682.0,1,0,07:02,intra_session_sparse
TRAX,2025-09-03,13,13,0,0,0,0,,,0,0,,no_daily_history
TRC,2025-09-03,13,0,97,1,1,1,17.2,1950854.0,1,0,09:30,intra_session_sparse
TRDA,2025-09-03,13,2,181,1,1,1,5.38,1386973.0,1,0,07:51,intra_session_sparse
TRIN,2025-09-03,13,0,236,1,1,1,16.22,10594632.0,1,1,09:12,intra_session_sparse
TRIP,2025-09-03,13,0,359,1,1,1,16.72,49685632.0,1,1,08:00,intra_session_sparse
TRMD,2025-09-03,13,13,0,0,0,0,21.89,17992254.0,0,0,,no_minute_file
TRNR,2025-09-03,13,13,0,0,0,0,39.3,380560.0,0,0,,no_minute_file
TRON,2025-09-03,13,0,300,1,1,1,4.3,13784094.0,1,1,04:50,intra_session_sparse
TROO,2025-09-03,13,13,0,1,0,0,1.04,196440.0,1,0,,no_session_bars_has_month_file
TROX,2025-09-03,13,0,371,1,1,1,4.15,16725423.0,1,1,05:54,intra_session_sparse
TRT,2025-09-03,13,13,0,0,0,0,2.65,14632.0,0,0,,no_minute_file
TRVI,2025-09-03,13,0,332,1,1,1,7.27,14574196.0,1,1,07:00,intra_session_sparse
TRX,2025-09-03,13,13,0,0,0,0,0.387,216508.0,0,0,,no_minute_file
TSHA,2025-09-03,13,0,318,1,1,1,2.84,8047950.0,1,1,09:25,intra_session_sparse
TSLX,2025-09-03,13,13,0,0,0,0,24.51,8829758.0,0,0,,no_minute_file
TSSI,2025-09-03,13,0,369,1,1,1,13.04,64522534.0,1,1,04:02,intra_session_sparse
TTAM,2025-09-03,13,2,209,1,1,1,15.26,4522286.0,1,1,09:30,intra_session_sparse
TTEC,2025-09-03,13,0,172,1,1,1,3.85,1688223.0,1,0,09:30,intra_session_sparse
TTGT,2025-09-03,13,0,265,1,1,1,5.64,3919671.0,1,1,09:30,intra_session_sparse
TTI,2025-09-03,13,0,304,1,1,1,4.76,6518584.0,1,1,08:00,intra_session_sparse
TTRX,2025-09-03,13,13,0,0,0,0,,,0,0,,no_daily_history
TU,2025-09-03,13,0,357,1,1,1,16.34,47285641.0,1,1,09:30,intra_session_sparse
TV,2025-09-03,13,0,281,1,1,1,2.82,3322393.0,1,1,07:39,intra_session_sparse
TVA,2025-09-03,13,13,0,1,0,0,10.13,169458.0,1,0,,no_session_bars_has_month_file
TVRD,2025-09-03,13,13,0,0,0,0,29.58,580827.0,0,0,,no_minute_file
TVTX,2025-09-03,13,0,339,1,1,1,18.15,31902936.0,1,1,09:16,intra_session_sparse
TWFG,2025-09-03,13,13,0,0,0,0,26.6,5568510.0,0,0,,no_minute_file
TWG,2025-09-03,13,13,0,1,0,0,5.04,194927.0,1,0,,no_session_bars_has_month_file
TWI,2025-09-03,13,0,182,1,1,1,8.76,3446560.0,1,1,07:32,intra_session_sparse
TWO,2025-09-03,13,0,325,1,1,1,9.89,18965483.0,1,1,08:00,intra_session_sparse
TXG,2025-09-03,13,0,368,1,1,1,13.37,39704120.0,1,1,08:00,intra_session_sparse
TXO,2025-09-03,13,0,153,1,1,1,14.01,2965445.0,1,1,09:30,intra_session_sparse
TYGO,2025-09-03,13,1,116,1,1,1,1.41,348688.0,1,0,09:26,intra_session_sparse
TYRA,2025-09-03,13,0,156,1,1,1,12.53,2522249.0,1,1,08:00,intra_session_sparse
TZOO,2025-09-03,13,2,132,1,1,1,9.72,1059985.0,1,0,09:08,intra_session_sparse
U,2025-09-03,13,13,0,0,0,0,39.41,522533038.0,0,0,,no_minute_file
UA,2025-09-03,13,0,367,1,1,1,4.89,38694459.0,1,1,04:07,intra_session_sparse
UAA,2025-09-03,13,0,375,1,1,1,5.03,95407472.0,1,1,04:01,intra_session_sparse
UAMY,2025-09-03,13,0,376,1,1,1,4.31,26633304.0,1,1,04:06,intra_session_sparse
UAVS,2025-09-03,13,0,281,1,1,1,1.85,8534259.0,1,1,04:14,intra_session_sparse
UBXG,2025-09-03,13,13,0,0,0,0,74.25,630382.0,0,0,,no_minute_file
UE,2025-09-03,13,13,0,1,0,0,20.51,23518240.0,1,0,,no_session_bars_has_month_file
UEC,2025-09-03,13,0,376,1,1,1,10.98,129619803.0,1,1,04:01,intra_session_sparse
UFG,2025-09-03,13,0,155,1,1,1,7.3,8788834.0,1,1,07:02,intra_session_sparse
UGP,2025-09-03,13,0,342,1,1,1,3.63,5205577.0,1,1,09:10,intra_session_sparse
UGRO,2025-09-03,13,0,376,1,1,1,10.09,1715389.0,1,0,04:00,intra_session_sparse
UIS,2025-09-03,13,0,242,1,1,1,3.82,3520785.0,1,1,05:41,intra_session_sparse
ULCC,2025-09-03,13,0,375,1,1,1,5.61,23718715.0,1,1,06:54,intra_session_sparse
UMAC,2025-09-03,13,0,360,1,1,1,9.16,28781076.0,1,1,04:01,intra_session_sparse
UMC,2025-09-03,13,0,374,1,1,1,6.62,43922397.0,1,1,04:01,intra_session_sparse
UMH,2025-09-03,13,0,257,1,1,1,15.16,9089380.0,1,1,09:30,intra_session_sparse
UNCY,2025-09-03,13,0,188,1,1,1,4.32,2044292.0,1,1,07:06,intra_session_sparse
UNIT,2025-09-03,13,0,363,1,1,1,5.83,20520846.0,1,1,07:18,intra_session_sparse
UONE,2025-09-03,13,13,0,0,0,0,15.4,16287.0,0,0,,no_minute_file
UP,2025-09-03,13,13,0,0,0,0,48.4,19014272.0,0,0,,no_minute_file
UPB,2025-09-03,13,0,362,1,1,1,20.26,9199685.0,1,0,04:44,intra_session_sparse
UPBD,2025-09-03,13,13,0,0,0,0,24.85,15659022.0,0,0,,no_minute_file
UPC,2025-09-03,13,13,0,1,0,0,3.506,187564.0,1,0,,no_session_bars_has_month_file
UPLD,2025-09-03,13,0,85,1,1,1,2.8,2377480.0,1,1,09:30,intra_session_sparse
UPWK,2025-09-03,13,0,372,1,1,1,15.96,49234781.0,1,1,06:26,intra_session_sparse
UPXI,2025-09-03,13,0,359,1,1,1,6.89,57140697.0,1,1,04:02,intra_session_sparse
URG,2025-09-03,13,0,376,1,1,1,1.37,6094570.0,1,1,04:00,intra_session_sparse
URGN,2025-09-03,13,0,286,1,1,1,19.53,20767587.0,1,1,08:09,intra_session_sparse
UROY,2025-09-03,13,0,344,1,1,1,3.31,7854256.0,1,1,04:14,intra_session_sparse
USAR,2025-09-03,13,0,368,1,1,1,13.96,118173588.0,1,1,04:08,intra_session_sparse
USAS,2025-09-03,13,0,291,1,1,1,2.77,2697077.0,1,1,04:12,intra_session_sparse
USAU,2025-09-03,13,0,205,1,1,1,13.59,3322350.0,1,1,05:13,intra_session_sparse
USEG,2025-09-03,13,2,80,1,1,1,1.17,255856.0,1,0,05:23,intra_session_sparse
USGO,2025-09-03,13,2,40,1,1,1,8.785,651199.0,1,0,08:00,intra_session_sparse
USNA,2025-09-03,13,13,0,0,0,0,31.68,3023804.0,0,0,,no_minute_file
UTZ,2025-09-03,13,0,279,1,1,1,13.34,10654072.0,1,1,09:30,intra_session_sparse
UUU,2025-09-03,13,0,337,1,1,1,5.78,18994236.0,1,1,04:00,intra_session_sparse
UUUU,2025-09-03,13,0,376,1,1,1,11.36,152706843.0,1,1,04:01,intra_session_sparse
UWMC,2025-09-03,13,0,373,1,1,1,5.58,54706109.0,1,1,07:10,intra_session_sparse
UZX,2025-09-03,13,13,0,0,0,0,2.21,15501.0,0,0,,no_minute_file
VACH,2025-09-03,13,13,0,0,0,0,10.43,73757.0,0,0,,no_minute_file
VACI,2025-09-03,13,13,0,0,0,0,,,0,0,,no_daily_history
VALE,2025-09-03,13,0,376,1,1,1,10.17,241092295.0,1,1,04:56,intra_session_sparse
VBIO,2025-09-03,13,2,33,1,1,1,3.05,11056552.0,1,1,06:36,intra_session_sparse
VCIG,2025-09-03,13,13,0,0,0,0,1337.58,7247310.0,0,0,,no_minute_file
VEEE,2025-09-03,13,13,0,0,0,0,83.62,256023.0,0,0,,no_minute_file
VEL,2025-09-03,13,3,46,1,1,1,18.98,2032484.0,1,1,09:30,intra_session_sparse
VELO,2025-09-03,13,13,0,1,0,0,4.16,9555637.0,1,1,,no_session_bars_has_month_file
VENU,2025-09-03,13,2,107,1,1,1,12.35,1930669.0,1,0,09:30,intra_session_sparse
VERI,2025-09-03,13,0,322,1,1,1,3.11,7792310.0,1,1,04:01,intra_session_sparse
VERX,2025-09-03,13,13,0,0,0,0,24.98,49883310.0,0,0,,no_minute_file
VET,2025-09-03,13,0,291,1,1,1,7.74,6303572.0,1,1,09:30,intra_session_sparse
VFC,2025-09-03,13,0,375,1,1,1,14.84,108707059.0,1,1,04:37,intra_session_sparse
VFF,2025-09-03,13,0,367,1,1,1,2.72,9842712.0,1,1,04:00,intra_session_sparse
VFS,2025-09-03,13,0,261,1,1,1,3.36,1511172.0,1,0,08:02,intra_session_sparse
VG,2025-09-03,13,0,371,1,1,1,13.0,91751354.0,1,1,04:57,intra_session_sparse
VGZ,2025-09-03,13,0,281,1,1,1,1.38,1139212.0,1,0,04:52,intra_session_sparse
VHC,2025-09-03,13,13,0,0,0,0,14.0,102098.0,0,0,,no_minute_file
VHCP,2025-09-03,13,13,0,0,0,0,,,0,0,,no_daily_history
VHUB,2025-09-03,13,13,0,0,0,0,,,0,0,,no_daily_history
VIA,2025-09-03,13,13,0,0,0,0,10.995,200241.0,0,0,,no_minute_file
VIAV,2025-09-03,13,0,374,1,1,1,11.49,44106440.0,1,1,09:25,intra_session_sparse
VIDA,2025-09-03,13,13,0,0,0,0,,,0,0,,no_daily_history
VIPS,2025-09-03,13,0,355,1,1,1,16.77,43029740.0,1,1,08:47,intra_session_sparse
VIR,2025-09-03,13,0,345,1,1,1,5.0,7386695.0,1,1,04:58,intra_session_sparse
VISN,2025-09-03,13,0,376,1,1,1,15.92,126671384.0,1,1,05:08,intra_session_sparse
VITL,2025-09-03,13,13,0,0,0,0,51.9,60548011.0,0,0,,no_minute_file
VIVK,2025-09-03,13,13,0,0,0,0,,,0,0,,no_daily_history
VIVO,2025-09-03,13,0,234,1,1,1,4.81,10656328.0,1,1,04:31,intra_session_sparse
VIVS,2025-09-03,13,0,244,1,1,1,2.34,1674541.0,1,0,04:05,intra_session_sparse
VLN,2025-09-03,13,0,179,1,1,1,1.97,1406086.0,1,0,07:35,intra_session_sparse
VLRS,2025-09-03,13,0,245,1,1,1,6.12,2656018.0,1,1,09:30,intra_session_sparse
VLY,2025-09-03,13,0,365,1,1,1,10.41,76388029.0,1,1,08:34,intra_session_sparse
VMAR,2025-09-03,13,13,0,0,0,0,57.6,2993764.0,0,0,,no_minute_file
VMD,2025-09-03,13,0,151,1,1,1,6.81,2269933.0,1,1,09:30,intra_session_sparse
VMET,2025-09-03,13,13,0,0,0,0,,,0,0,,no_daily_history
VNCE,2025-09-03,13,13,0,1,0,0,1.51,27898.0,1,0,,no_session_bars_has_month_file
VNDA,2025-09-03,13,0,166,1,1,1,4.71,2037375.0,1,1,06:08,intra_session_sparse
VNME,2025-09-03,13,13,0,1,0,0,9.899,950434.0,1,0,,no_session_bars_has_month_file
VNRX,2025-09-03,13,13,0,0,0,0,13.26,129275.0,0,0,,no_minute_file
VNTG,2025-09-03,13,0,170,1,1,1,5.8,7086245.0,1,1,09:28,intra_session_sparse
VOR,2025-09-03,13,13,0,0,0,0,40.8,9861073.0,0,0,,no_minute_file
VOXR,2025-09-03,13,2,125,1,1,1,3.65,1131537.0,1,0,09:26,intra_session_sparse
VOYG,2025-09-03,13,13,0,0,0,0,30.09,31493660.0,0,0,,no_minute_file
VRA,2025-09-03,13,0,118,1,1,1,2.04,216235.0,1,0,09:30,intra_session_sparse
VRCA,2025-09-03,13,2,53,1,1,1,5.35,281418.0,1,0,09:30,intra_session_sparse
VRDN,2025-09-03,13,0,274,1,1,1,19.14,16467379.0,1,1,08:59,intra_session_sparse
VREX,2025-09-03,13,0,228,1,1,1,11.6,5568717.0,1,1,08:43,intra_session_sparse
VRME,2025-09-03,13,13,0,1,0,0,0.86,366333.0,1,0,,no_session_bars_has_month_file
VRRM,2025-09-03,13,13,0,0,0,0,24.75,23434291.0,0,0,,no_minute_file
VSEE,2025-09-03,13,13,0,0,0,0,0.64,179407.0,0,0,,no_minute_file
VSH,2025-09-03,13,0,318,1,1,1,14.85,28911466.0,1,1,09:19,intra_session_sparse
VSME,2025-09-03,13,13,0,0,0,0,50.0,4113087.0,0,0,,no_minute_file
VSTD,2025-09-03,13,0,134,1,1,1,1.71,348580.0,1,0,04:15,intra_session_sparse
VSTM,2025-09-03,13,0,357,1,1,1,9.22,24030294.0,1,1,07:32,intra_session_sparse
VSTS,2025-09-03,13,0,333,1,1,1,4.5,10841667.0,1,1,09:29,intra_session_sparse
VTAK,2025-09-03,13,1,49,1,1,1,2.48,13228330.0,1,1,05:43,intra_session_sparse
VTEX,2025-09-03,13,0,349,1,1,1,4.03,7321902.0,1,1,09:30,intra_session_sparse
VTGN,2025-09-03,13,2,171,1,1,1,3.52,2016624.0,1,1,08:01,intra_session_sparse
VTIX,2025-09-03,13,13,0,0,0,0,,,0,0,,no_daily_history
VTRS,2025-09-03,13,0,375,1,1,1,10.56,98847886.0,1,1,05:16,intra_session_sparse
VTS,2025-09-03,13,13,0,0,0,0,26.26,9045215.0,0,0,,no_minute_file
VUZI,2025-09-03,13,0,262,1,1,1,2.15,2719546.0,1,1,06:22,intra_session_sparse
VWAV,2025-09-03,13,0,243,1,1,1,9.09,3308408.0,1,1,07:16,intra_session_sparse
VYGR,2025-09-03,13,0,274,1,1,1,3.58,2384746.0,1,1,09:30,intra_session_sparse
VYX,2025-09-03,13,0,341,1,1,1,12.67,23233093.0,1,1,07:28,intra_session_sparse
VZLA,2025-09-03,13,0,355,1,1,1,3.8,12430617.0,1,1,07:11,intra_session_sparse
WAI,2025-09-03,13,0,219,1,1,1,3.995,5353723.0,1,1,04:01,intra_session_sparse
WALD,2025-09-03,13,2,70,1,1,1,1.52,922715.0,1,0,08:00,intra_session_sparse
WATT,2025-09-03,13,0,76,1,1,1,7.25,433371.0,1,0,09:30,intra_session_sparse
WAY,2025-09-03,13,13,0,0,0,0,37.04,57803283.0,0,0,,no_minute_file
WBD,2025-09-03,13,0,376,1,1,1,11.62,546285577.0,1,1,04:00,intra_session_sparse
WBI,2025-09-03,13,13,0,0,0,0,,,0,0,,no_daily_history
WBTN,2025-09-03,13,0,209,1,1,1,14.36,21801286.0,1,1,06:08,intra_session_sparse
WBUY,2025-09-03,13,2,70,1,1,1,2.87,210928.0,1,0,09:30,intra_session_sparse
WEAV,2025-09-03,13,0,238,1,1,1,7.74,9112625.0,1,1,04:56,intra_session_sparse
WEN,2025-09-03,13,0,375,1,1,1,10.27,69467562.0,1,1,04:11,intra_session_sparse
WENC,2025-09-03,13,13,0,0,0,0,,,0,0,,no_daily_history
WENN,2025-09-03,13,2,4,1,1,1,10.13,1550865.0,1,0,09:49,intra_session_sparse
WEST,2025-09-03,13,0,250,1,1,1,5.38,4284316.0,1,1,09:30,intra_session_sparse
WGRX,2025-09-03,13,13,0,0,0,0,70.0,6841285.0,0,0,,no_minute_file
WHWK,2025-09-03,13,13,0,1,0,0,1.82,189482.0,1,0,,no_session_bars_has_month_file
WIT,2025-09-03,13,0,362,1,1,1,2.76,18998101.0,1,1,09:30,intra_session_sparse
WKHS,2025-09-03,13,0,183,1,1,1,15.48,2028952.0,1,1,04:06,intra_session_sparse
WKSP,2025-09-03,13,0,285,1,1,1,3.06,868075.0,1,0,08:00,intra_session_sparse
WLDS,2025-09-03,13,2,36,1,1,1,3.33,1784386.0,1,0,05:41,intra_session_sparse
WLKP,2025-09-03,13,13,0,0,0,0,22.1,730282.0,0,0,,no_minute_file
WLTH,2025-09-03,13,13,0,0,0,0,,,0,0,,no_daily_history
WNC,2025-09-03,13,0,206,1,1,1,11.08,6719245.0,1,1,09:30,intra_session_sparse
WNW,2025-09-03,13,13,0,0,0,0,174.9,16863.0,0,0,,no_minute_file
WOK,2025-09-03,13,13,0,0,0,0,15990.0,14986.0,0,0,,no_minute_file
WOLF,2025-09-03,13,0,374,1,1,1,1.29,11289684.0,1,1,04:00,intra_session_sparse
WOOF,2025-09-03,13,0,374,1,1,1,3.62,15007309.0,1,1,04:14,intra_session_sparse
WPAC,2025-09-03,13,13,0,0,0,0,,,0,0,,no_daily_history
WPP,2025-09-03,13,13,0,0,0,0,26.21,12158618.0,0,0,,no_minute_file
WRBY,2025-09-03,13,13,0,0,0,0,25.55,46419390.0,0,0,,no_minute_file
WRN,2025-09-03,13,0,288,1,1,1,1.48,602215.0,1,0,07:39,intra_session_sparse
WSC,2025-09-03,13,13,0,0,0,0,23.79,56531120.0,0,0,,no_minute_file
WSE,2025-09-03,13,13,0,0,0,0,,,0,0,,no_daily_history
WSHP,2025-09-03,13,13,0,0,0,0,,,0,0,,no_daily_history
WSR,2025-09-03,13,0,87,1,1,1,12.89,2336913.0,1,1,09:14,intra_session_sparse
WTI,2025-09-03,13,0,226,1,1,1,1.86,1818548.0,1,0,07:26,intra_session_sparse
WTO,2025-09-03,13,13,0,0,0,0,455.0,40504.0,0,0,,no_minute_file
WTTR,2025-09-03,13,0,323,1,1,1,8.37,8284387.0,1,1,09:30,intra_session_sparse
WU,2025-09-03,13,0,375,1,1,1,8.75,76494237.0,1,1,07:11,intra_session_sparse
WULF,2025-09-03,13,0,376,1,1,1,9.63,557907874.0,1,1,04:00,intra_session_sparse
WVE,2025-09-03,13,0,375,1,1,1,9.62,14893561.0,1,1,07:30,intra_session_sparse
WW,2025-09-03,13,13,0,0,0,0,31.66,11529216.0,0,0,,no_minute_file
WWR,2025-09-03,13,13,0,1,0,0,0.801,859933.0,1,0,,no_session_bars_has_month_file
WWW,2025-09-03,13,13,0,0,0,0,31.34,61094137.0,0,0,,no_minute_file
WYFI,2025-09-03,13,13,0,1,0,0,17.91,28885441.0,1,1,,no_session_bars_has_month_file
XAIR,2025-09-03,13,0,142,1,1,1,2.21,436358.0,1,0,09:25,intra_session_sparse
XBIO,2025-09-03,13,13,0,0,0,0,3.038,38349.0,0,0,,no_minute_file
XBP,2025-09-03,13,2,133,1,1,1,6.07,407744.0,1,0,04:01,intra_session_sparse
XCUR,2025-09-03,13,2,19,1,1,1,5.47,213707.0,1,0,09:30,intra_session_sparse
XELB,2025-09-03,13,2,88,1,1,1,4.05,1872300.0,1,0,08:00,intra_session_sparse
XERS,2025-09-03,13,0,353,1,1,1,7.92,24633278.0,1,1,07:52,intra_session_sparse
XFLH,2025-09-03,13,13,0,0,0,0,,,0,0,,no_daily_history
XFOR,2025-09-03,13,0,214,1,1,1,3.47,29794044.0,1,1,04:20,intra_session_sparse
XGN,2025-09-03,13,0,99,1,1,1,9.61,2177136.0,1,1,09:30,intra_session_sparse
XHLD,2025-09-03,13,13,0,1,0,0,5.153,124423.0,1,0,,no_session_bars_has_month_file
XHR,2025-09-03,13,0,291,1,1,1,14.16,14020223.0,1,1,09:30,intra_session_sparse
XIFR,2025-09-03,13,0,295,1,1,1,10.38,13512915.0,1,1,08:46,intra_session_sparse
XMAX,2025-09-03,13,0,197,1,1,1,1.83,1183072.0,1,0,09:00,intra_session_sparse
XNCR,2025-09-03,13,0,289,1,1,1,8.55,5853304.0,1,1,06:02,intra_session_sparse
XNDU,2025-09-03,13,7,3,1,1,1,10.035,841076.0,1,0,09:33,intra_session_sparse
XOS,2025-09-03,13,1,92,1,1,1,2.57,4881110.0,1,1,06:10,intra_session_sparse
XP,2025-09-03,13,0,373,1,1,1,17.88,118497785.0,1,1,09:12,intra_session_sparse
XPER,2025-09-03,13,0,167,1,1,1,5.87,3363171.0,1,1,09:08,intra_session_sparse
XPOF,2025-09-03,13,0,235,1,1,1,8.28,8444419.0,1,1,08:01,intra_session_sparse
XPON,2025-09-03,13,0,202,1,1,1,1.33,44081863.0,1,1,04:10,intra_session_sparse
XPRO,2025-09-03,13,0,324,1,1,1,12.32,13485171.0,1,1,09:30,intra_session_sparse
XRAY,2025-09-03,13,0,367,1,1,1,13.81,52405196.0,1,1,09:30,intra_session_sparse
XRPN,2025-09-03,13,4,2,1,1,1,10.25,2527071.0,1,1,11:23,intra_session_sparse
XRTX,2025-09-03,13,13,0,0,0,0,4.1,70577.0,0,0,,no_minute_file
XRX,2025-09-03,13,0,365,1,1,1,3.83,16005220.0,1,1,07:00,intra_session_sparse
XTIA,2025-09-03,13,0,291,1,1,1,1.98,1850957.0,1,0,07:36,intra_session_sparse
XWEL,2025-09-03,13,13,0,0,0,0,1.1,13139.0,0,0,,no_minute_file
XXI,2025-09-03,13,13,0,1,0,0,22.7,7664940.0,1,0,,no_session_bars_has_month_file
XXII,2025-09-03,13,13,0,0,0,0,26.85,483952.0,0,0,,no_minute_file
XZO,2025-09-03,13,13,0,0,0,0,,,0,0,,no_daily_history
YAAS,2025-09-03,13,13,0,1,0,0,25.7,129736.0,1,0,,no_session_bars_has_month_file
YCBD,2025-09-03,13,13,0,1,0,0,0.73,110656.0,1,0,,no_session_bars_has_month_file
YCY,2025-09-03,13,13,0,0,0,0,,,0,0,,no_daily_history
YDDL,2025-09-03,13,13,0,0,0,0,,,0,0,,no_daily_history
YDES,2025-09-03,13,13,0,1,0,0,13.65,7563537.0,1,1,,no_session_bars_has_month_file
YDKG,2025-09-03,13,13,0,0,0,0,555.0,4404678.0,0,0,,no_minute_file
YELP,2025-09-03,13,13,0,0,0,0,31.39,33581172.0,0,0,,no_minute_file
YEXT,2025-09-03,13,0,312,1,1,1,8.97,9801177.0,1,1,09:30,intra_session_sparse
YHGJ,2025-09-03,13,13,0,0,0,0,5.821,96511.0,0,0,,no_minute_file
YMAT,2025-09-03,13,0,72,1,1,1,1.4,3100678.0,1,1,04:08,intra_session_sparse
YOOV,2025-09-03,13,13,0,1,0,0,1.45,78389.0,1,0,,no_session_bars_has_month_file
YSS,2025-09-03,13,13,0,0,0,0,,,0,0,,no_daily_history
YSXT,2025-09-03,13,1,58,1,1,1,2.25,1575202.0,1,0,09:30,intra_session_sparse
YYGH,2025-09-03,13,13,0,1,0,0,101.5,921501.0,1,0,,no_session_bars_has_month_file
ZBIO,2025-09-03,13,0,140,1,1,1,17.52,2828873.0,1,1,09:30,intra_session_sparse
ZDAI,2025-09-03,13,0,40,1,1,1,7.586,407219.0,1,0,04:12,intra_session_sparse
ZDGE,2025-09-03,13,13,0,0,0,0,3.03,123820.0,0,0,,no_minute_file
ZENA,2025-09-03,13,0,242,1,1,1,4.96,10176293.0,1,1,05:48,intra_session_sparse
ZETA,2025-09-03,13,0,376,1,1,1,18.53,213393270.0,1,1,04:00,intra_session_sparse
ZGN,2025-09-03,13,0,321,1,1,1,8.26,5335295.0,1,1,09:30,intra_session_sparse
ZIM,2025-09-03,13,0,373,1,1,1,13.66,103356272.0,1,1,04:02,intra_session_sparse
ZIP,2025-09-03,13,0,323,1,1,1,5.06,6866510.0,1,1,04:10,intra_session_sparse
ZNTL,2025-09-03,13,0,248,1,1,1,1.72,1395858.0,1,0,09:27,intra_session_sparse
ZONE,2025-09-03,13,0,286,1,1,1,3.23,1339695.0,1,0,04:01,intra_session_sparse
ZSQR,2025-09-03,13,2,88,1,1,1,12.94,573866.0,1,0,09:30,intra_session_sparse
ZSTK,2025-09-03,13,13,0,1,0,0,22.71,365391.0,1,0,,no_session_bars_has_month_file
ZTG,2025-09-03,13,13,0,0,0,0,,,0,0,,no_daily_history
ZUMZ,2025-09-03,13,2,107,1,1,1,17.34,2653026.0,1,1,09:30,intra_session_sparse
ZURA,2025-09-03,13,0,103,1,1,1,2.02,651450.0,1,0,09:30,intra_session_sparse
ZVIA,2025-09-03,13,0,260,1,1,1,2.71,2581042.0,1,1,09:14,intra_session_sparse
ZVRA,2025-09-03,13,0,284,1,1,1,9.1,16360677.0,1,1,09:05,intra_session_sparse
ZYBT,2025-09-03,13,0,165,1,1,1,12.665,1495978.0,1,0,08:35,intra_session_sparse
ZYME,2025-09-03,13,0,323,1,1,1,14.01,6457966.0,1,1,09:30,intra_session_sparse
