connector,exchange_symbol,trading_pair,base_asset,quote_asset,is_active,status_detail,last_price,quote_volume_24h,volume_base_24h,bid_price,ask_price,spread_bps,top_of_book_quote,price_tick_estimate,amount_step_estimate,min_order_size_base_estimate,min_notional_quote_estimate,rule_estimate_source,last_trade_at_ms,book_crossed,coarse_volume_rank,coarse_spread_rank,coarse_top_rank,coarse_score,best_bid,best_ask,mid_price,spread_abs,bid_top_quote,ask_top_quote,orderbook_levels_bid,orderbook_levels_ask,bid_depth_quote_5bps,ask_depth_quote_5bps,sym_depth_quote_5bps,bid_depth_quote_10bps,ask_depth_quote_10bps,sym_depth_quote_10bps,bid_depth_quote_25bps,ask_depth_quote_25bps,sym_depth_quote_25bps,bid_depth_quote_50bps,ask_depth_quote_50bps,sym_depth_quote_50bps,bid_depth_quote_100bps,ask_depth_quote_100bps,sym_depth_quote_100bps,bid_depth_quote_1xspread,ask_depth_quote_1xspread,sym_depth_quote_1xspread,bid_depth_quote_2xspread,ask_depth_quote_2xspread,sym_depth_quote_2xspread,n_candles,candle_first_ts,candle_last_ts,candle_expected,candle_missing,coverage_ratio,zero_volume_fraction,natr_bps_mean,realized_vol_bps,efficiency_ratio,lag1_return_autocorr,median_quote_volume_per_bar,recent_trade_count,trades_per_minute,trade_quote_volume,trade_quote_volume_per_minute,last_trade_age_sec,median_trade_quote,buy_trade_fraction,vol_to_spread_ratio,volume_rank,depth_rank,spread_rank,top_rank,activity_rank,quality_rank,alpha_natr_score,alpha_efficiency_score,alpha_edge_score,alpha_rank,screen_score,rejection_reasons,rejection_reason,passed_filters
nonkyc,NKYC/USDT,NKYC-USDT,NKYC,USDT,True,active,7.512788,159243.6,21401.3162,7.505275,7.515235,13.261866607724405,97.2886282425,1e-06,0.0001,,,market.getlist.priceDecimals/quantityDecimals,1774848982380.0,False,0.9478260869565217,0.9649122807017544,0.0,76.25324180015257,7.505275,7.515235,7.510255,0.009959999999999525,97.2886282425,98.2474186785,125,200,0.0,0.0,0.0,97.2886282425,98.2474186785,97.2886282425,191.3435538753,163.8533518439,163.8533518439,361.27720670779996,272.997812646,272.997812646,656.8784323935,458.8896186686,458.8896186686,97.2886282425,98.2474186785,97.2886282425,191.3435538753,163.8533518439,163.8533518439,288,1774762500.0,1774848900.0,289,1.0,0.9965397923875432,0.0,24.149010518795492,20.28101795673331,0.03333392222212831,-0.3731479999305463,570.4528877759999,200,2.209716861636082,8424.4846360158,93.07862875399113,8.615142107009888,39.47638657155,0.48,1.8209360139944286,0.9478260869565217,0.8840579710144928,0.9590643274853801,0.9473684210526315,0.7960526315789473,0.9980968858131487,1.0,0.6666784444425662,0.4104680069972143,0.6923821504799269,89.81038405731164,[],,True
nonkyc,TRX/USDT,TRX-USDT,TRX,USDT,True,active,0.3222,424002.7573,1322342.81,0.3213,0.3235,68.23821339950482,1070.4623579999998,0.0001,0.01,,,market.getlist.priceDecimals/quantityDecimals,1774848762721.0,False,0.9681159420289855,0.672514619883041,0.0,70.05924230867024,0.3213,0.3235,0.3224,0.0022000000000000353,1070.4623579999998,12043.442395,62,52,0.0,0.0,0.0,0.0,0.0,0.0,0.0,0.0,0.0,29366.148531000003,72255.433144,29366.148531000003,198456.091586,199565.422825,198456.091586,96390.029221,130257.269337,96390.029221,210176.665776,199565.422825,199565.422825,288,1774761900.0,1774848900.0,291,3.0,0.9896907216494846,0.0,20.809770467255063,11.773334234380465,0.0885714285714284,-0.13752271847976405,846.5605395,200,3.14150023926906,28631.816142,449.7342863040036,8.213220119476318,53.011555,0.515,0.30495772721104203,0.9681159420289855,0.9942028985507246,0.6812865497076024,0.9941520467836257,0.8884502923976608,0.9943298969072165,1.0,1.0,0.0,0.6666666666666666,89.24401089381155,[],,True
nonkyc,SOL/USDT,SOL-USDT,SOL,USDT,True,active,83.89,1464301.141,17823.18,83.65,84.24,70.2841145988432,98.56079999999999,0.01,0.01,,,market.getlist.priceDecimals/quantityDecimals,1774848971646.0,False,0.991304347826087,0.6549707602339181,0.0,70.89600813628275,83.65,84.24,83.945,0.5899999999999892,1135.1305000000002,98.56079999999999,63,49,0.0,0.0,0.0,0.0,0.0,0.0,0.0,0.0,0.0,1135.1305000000002,51195.602,1135.1305000000002,108195.3042,103238.8944,103238.8944,33585.1289,103238.8944,33585.1289,108195.3042,103238.8944,103238.8944,288,1774762500.0,1774848900.0,289,1.0,0.9965397923875432,0.0,26.642548729909816,22.875638633902533,0.03803997421018736,0.05989861207114631,2721.79248,200,3.172151890030984,95551.3875,1515.5175722660397,1.4485211372375488,368.25475,0.505,0.37906928019191866,0.991304347826087,0.9884057971014493,0.6608187134502924,0.9502923976608187,0.933625730994152,0.9980968858131487,1.0,0.7607994842037471,0.0,0.5869331614012491,88.7886681304201,[],,True
nonkyc,BNB/USDT,BNB-USDT,BNB,USDT,True,active,614.73,1165307.4632,1911.8673,613.97,616.12,34.95679177946292,137.764432,0.01,0.0001,,,market.getlist.priceDecimals/quantityDecimals,1774848725701.0,False,0.9855072463768116,0.8538011695906433,0.0,75.54792779049073,613.97,616.12,615.0450000000001,2.1499999999999773,726.572098,137.764432,81,64,0.0,0.0,0.0,0.0,0.0,0.0,21160.136596,137.764432,137.764432,21255.03364,138.381202,138.381202,21255.6432,6219.060549,6219.060549,21255.03364,138.381202,138.381202,21255.03364,138.381202,138.381202,288,1774762800.0,1774848900.0,288,0.0,1.0,0.006944444444444444,20.79078178629181,14.626523859985387,0.009098758052733058,-0.10044256325088091,2234.35266,200,3.1849863987423026,49606.574061,789.9813183624385,1.5242998600006104,231.267176,0.49,0.5947565759883713,0.9855072463768116,0.881159420289855,0.8596491228070176,0.9532163742690059,0.9364035087719298,0.9968750000000001,1.0,0.18197516105466113,0.0,0.3939917203515537,87.80098858668362,[],,True
nonkyc,LTC/USDT,LTC-USDT,LTC,USDT,True,active,54.31,539515.4203,10069.8737,54.3,54.39,16.560861164781198,6.820079999999999,0.01,0.0001,,,market.getlist.priceDecimals/quantityDecimals,1774848954733.0,False,0.9710144927536232,0.956140350877193,0.0,77.3093058733791,54.3,54.39,54.345,0.09000000000000341,6.820079999999999,1006.563096,75,168,0.0,0.0,0.0,6.820079999999999,1006.563096,6.820079999999999,6.820079999999999,1006.595766,6.820079999999999,6.820079999999999,1006.595766,6.820079999999999,576.1610939999999,95213.434133,576.1610939999999,6.820079999999999,1006.563096,6.820079999999999,6.820079999999999,1006.595766,6.820079999999999,288,1774762500.0,1774848900.0,289,1.0,0.9965397923875432,0.0,18.66347339287357,16.73938553870789,0.014511873350923438,-0.11551192887214967,1095.604695,200,3.7823080020136537,15936.918015,301.39166267785026,23.232283353805542,41.462549499999994,0.605,1.1269627350396396,0.9710144927536232,0.8405797101449275,0.9532163742690059,0.9152046783625731,0.8783625730994152,0.9980968858131487,0.8886227827394642,0.29023746701846875,0.06348136751981981,0.4141138724259175,87.35149990377383,[],,True
nonkyc,USDC/USDT,USDC-USDT,USDC,USDT,True,active,1.0006,1095369.1686,1094754.26,0.9982,1.0027,44.979759108400714,75.443148,0.0001,0.01,,,market.getlist.priceDecimals/quantityDecimals,1774847710689.0,False,0.9826086956521739,0.8099415204678363,0.0,74.29201627256548,0.9982,1.0027,1.0004499999999998,0.0044999999999999485,113.205862,75.443148,54,56,0.0,0.0,0.0,0.0,0.0,0.0,26682.979821999998,2999.6280039999997,2999.6280039999997,713976.957498,642736.481813,642736.481813,872543.5235519999,926167.47904,872543.5235519999,576281.978891,478439.278809,478439.278809,872543.5235519999,926167.47904,872543.5235519999,288,1774761000.0,1774848900.0,294,6.0,0.9795918367346939,0.0,14.696858896638313,4.6851793587807125,0.0024570024570022826,-0.3818102360509904,2051.550192,200,3.350783468934003,50170.959549,840.5601093867288,10.53061556816101,160.6312315,0.52,0.32674383295871035,0.9826086956521739,1.0,0.8157894736842105,0.9415204678362573,0.9109649122807018,0.9887755102040816,0.5580715747198594,0.04914004914004565,0.0,0.20240387461996834,87.01077681289853,[],,True
nonkyc,AAVE/USDT,AAVE-USDT,AAVE,USDT,True,active,98.56,56313.8298,586.218,97.82,98.57,64.2103653875564,390.4176,0.01,0.001,,,market.getlist.priceDecimals/quantityDecimals,1774848747387.0,False,0.9072463768115943,0.6257309941520468,0.0,65.54182557843886,97.8,98.43,98.11500000000001,0.6300000000000097,390.4176,570.5002800000001,52,45,0.0,0.0,0.0,0.0,0.0,0.0,0.0,0.0,0.0,8953.19694,5224.02634,5224.02634,9816.4147,11094.06847,9816.4147,9816.4147,11094.06847,9816.4147,9816.4147,11094.06847,9816.4147,288,1774759800.0,1774848600.0,297,9.0,0.9696969696969697,0.0,24.629778008327353,20.788458053671008,0.0352801660243105,0.0688684177824304,106.054775,200,1.8576452395693,2193.7689,20.3762217690009,313.3811514377594,9.150269999999999,0.51,0.3835794713153971,0.9072463768115943,0.9681159420289855,0.7251461988304093,0.9824561403508771,0.5557017543859649,0.9833333333333334,1.0,0.70560332048621,0.0,0.56853444016207,82.78531897573716,[],,True
nonkyc,XMR/USDT,XMR-USDT,XMR,USDT,True,active,336.03,1231704.1552,3756.119,336.02,336.23,6.247675715880591,1.00869,0.01,0.001,,,market.getlist.priceDecimals/quantityDecimals,1774848954264.0,False,0.9884057971014493,0.9883040935672515,0.0,79.06992117976101,336.02,336.23,336.125,0.21000000000003638,721.0989199999999,1.00869,157,200,721.0989199999999,2.35365,2.35365,721.0989199999999,2.35365,2.35365,721.0989199999999,2.35365,2.35365,721.0989199999999,2.35365,2.35365,721.0989199999999,15848.992979999999,721.0989199999999,721.0989199999999,2.35365,2.35365,721.0989199999999,2.35365,2.35365,288,1774762200.0,1774848900.0,290,2.0,0.993103448275862,0.0,25.36219635267344,20.67569499936255,0.07089780575225059,0.007543431898042326,1549.5816449999998,200,7.056100704099473,29283.71815,1033.1443212843276,7.770343542098999,81.123885,0.475,4.0594610709718495,0.9884057971014493,0.7971014492753623,0.9883040935672515,0.8245614035087719,0.9570175438596491,0.9962068965517241,1.0,1.0,1.0,1.0,93.51940433292127,['top_of_book_quote<5'],top_of_book_quote<5,False
nonkyc,BTC/USDT,BTC-USDT,BTC,USDT,True,active,67646.62,8205775.7436,123.2314,67375.68,67878.45,74.34449506273916,2.4436242,0.01,1e-06,,,market.getlist.priceDecimals/quantityDecimals,1774848981942.0,False,1.0,0.6403508771929824,0.0,71.00877192982456,67375.68,67878.45,67627.065,502.7700000000041,15352.963577279997,2.4436242,102,124,0.0,0.0,0.0,0.0,0.0,0.0,0.0,0.0,0.0,422746.01656157,374357.9174881,374357.9174881,435012.42652232,447383.89131393004,435012.42652232,435012.42652232,447383.89131393004,435012.42652232,435012.42652232,447383.89131393004,435012.42652232,288,1774762200.0,1774848900.0,290,2.0,0.993103448275862,0.0,19.099589176407434,16.14204297829393,0.056615515688321884,-0.033851719961126826,17270.378709999997,200,3.1562842011906636,435405.1713129,6871.312316658104,0.8788778781890869,1446.64476114,0.495,0.25690656934705564,1.0,0.9971014492753624,0.6432748538011697,0.8801169590643275,0.9330409356725146,0.9962068965517241,0.9249657647006195,1.0,0.0,0.6416552549002065,88.85047506143007,['top_of_book_quote<5'],top_of_book_quote<5,False
nonkyc,BCH2/USDT,BCH2-USDT,BCH2,USDT,True,active,0.08345284,11083.5631,122791.9007,0.08336007,0.08345796,11.73614147103922,3.2173744626864,1e-08,1e-05,,,market.getlist.priceDecimals/quantityDecimals,1774848890271.0,False,0.7594202898550725,0.9736842105263158,0.0,66.11022120518687,0.08336007,0.08345796,0.083409015,9.789000000000325e-05,4.5738978520419,3.2173744626864,62,200,0.0,0.0,0.0,4.5738978520419,6.246285357606901,4.5738978520419,4.5738978520419,6.246285357606901,4.5738978520419,12.3244271246004,6.246285357606901,6.246285357606901,18.2253193647652,16.1823028024953,16.1823028024953,4.5738978520419,6.246285357606901,4.5738978520419,4.5738978520419,6.246285357606901,4.5738978520419,288,1774762200.0,1774848900.0,290,2.0,0.993103448275862,0.0,66.9934866895087,149.42581510356223,0.15399712285716471,-0.018185417246398338,32.58924658117,200,1.9531059266423343,668.7408810961999,6.5306088912850235,5.73300576210022,3.41092146075,0.55,5.708305992631879,0.7594202898550725,0.8347826086956521,0.9649122807017544,0.8888888888888888,0.7893274853801169,0.9962068965517241,1.0,1.0,1.0,1.0,86.9054455228526,"['quote_volume_24h<50000', 'top_of_book_quote<5']",quote_volume_24h<50000; top_of_book_quote<5,False
nonkyc,UNI/USDT,UNI-USDT,UNI,USDT,True,active,3.49,171665.7088,50750.84,3.476,3.491,43.06014066312652,0.13964000000000001,0.001,0.01,,,market.getlist.priceDecimals/quantityDecimals,1774848974170.0,False,0.9536231884057971,0.8157894736842105,0.0,72.84401220442412,3.476,3.491,3.4835000000000003,0.015000000000000124,2102.98,0.13964000000000001,59,56,0.0,0.0,0.0,0.0,0.0,0.0,5922.4915,0.13964000000000001,0.13964000000000001,27817.04837,3501.0846399999996,3501.0846399999996,91279.52987,61230.87212,61230.87212,18586.203410000002,0.13964000000000001,0.13964000000000001,75358.20634,35298.967169999996,35298.967169999996,288,1774762200.0,1774848900.0,290,2.0,0.993103448275862,0.0,26.533938177822975,24.924674867445642,0.07148014440433238,0.025916858036628677,265.56977500000005,200,3.100760771554463,9136.60894,141.65219293092903,1.0997791290283203,18.853749999999998,0.545,0.6162064909496372,0.9536231884057971,0.9478260869565217,0.8245614035087719,0.38011695906432746,0.9149122807017545,0.9962068965517241,1.0,1.0,0.0,0.6666666666666666,85.6850793901295,['top_of_book_quote<5'],top_of_book_quote<5,False
nonkyc,XRP/USDT,XRP-USDT,XRP,USDT,True,active,1.3547,1716454.4605,1289947.06,1.3483,1.3556,41.39562389118737,0.149116,0.0001,0.01,,,market.getlist.priceDecimals/quantityDecimals,1774848968273.0,False,0.9942028985507246,0.760233918128655,0.0,73.68700737350625,1.35,1.3556,1.3528,0.005599999999999827,2.673,0.149116,80,100,0.0,0.0,0.0,0.0,0.0,0.0,2.673,0.149116,0.149116,69477.006836,2037.4879600000002,2037.4879600000002,184145.440426,167892.297759,167892.297759,35813.242873,2037.4879600000002,2037.4879600000002,184145.440426,66306.787063,66306.787063,288,1774762200.0,1774848900.0,290,2.0,0.993103448275862,0.0,26.058978191657516,17.153618320723535,0.05836976086397503,-0.14583947374073897,3497.556019,200,3.0386755021324086,128585.486297,1953.647835702382,15.84564733505249,445.92625250000003,0.515,0.6295104588870603,0.9942028985507246,0.936231884057971,0.8333333333333334,0.4064327485380117,0.8150584795321637,0.9962068965517241,1.0,1.0,0.0,0.6666666666666666,85.57973995458411,['top_of_book_quote<5'],top_of_book_quote<5,False
nonkyc,SHIB/USDT,SHIB-USDT,SHIB,USDT,True,active,6.001e-06,169459.4557,29157759131.0,6e-06,6.02e-06,33.277870216305836,0.17086566,1e-09,1.0,,,market.getlist.priceDecimals/quantityDecimals,1774848899200.0,False,0.9507246376811594,0.8742690058479532,0.0,74.1465802186626,6e-06,6.02e-06,6.01e-06,1.999999999999981e-08,171.800928,0.17086566,55,127,0.0,0.0,0.0,0.0,0.0,0.0,3075.672606675,60.667305569999996,60.667305569999996,25593.877719243,60.667305569999996,60.667305569999996,49942.335907454,24223.140669579,24223.140669579,11035.67569433,60.667305569999996,60.667305569999996,49942.15948769,575.01743307,575.01743307,288,1774762500.0,1774848900.0,289,1.0,0.9965397923875432,0.0,26.98319423408829,19.327385837629585,0.09242819843342065,-0.03380267355273652,266.2415788985,200,3.298928260828344,9193.476295470999,151.64309383192372,17.80838108062744,38.662084271,0.475,0.810844986734361,0.9507246376811594,0.8782608695652174,0.8771929824561404,0.5058479532163743,0.8635964912280703,0.9980968858131487,1.0,1.0,0.0,0.6666666666666666,85.47527346021641,['top_of_book_quote<5'],top_of_book_quote<5,False
nonkyc,BTC/USDC,BTC-USDC,BTC,USDC,True,active,67329.29,842213.4543,12.6524,67329.28,67546.31,32.18225032416894,0.60791679,0.01,1e-06,,,market.getlist.priceDecimals/quantityDecimals,1774848964371.0,False,0.9797101449275363,0.8859649122807017,0.0,76.03318077803203,67329.28,67546.31,67437.795,217.02999999999884,1352.3085887999998,0.60791679,86,61,0.0,0.0,0.0,0.0,0.0,0.0,31059.94544509,0.60791679,0.60791679,31059.94544509,0.60791679,0.60791679,31060.54634773,31327.15544146,31060.54634773,31059.94544509,0.60791679,0.60791679,31059.94544509,0.60791679,0.60791679,288,1774761900.0,1774848900.0,291,3.0,0.9896907216494846,0.003472222222222222,21.042028082447086,15.986503775907476,0.044255663774245335,0.03515760788086092,1862.60886,200,3.1000366321545263,58108.89799404,900.6985621782734,4.899911880493164,264.24806379999995,0.47,0.6538395503885717,0.9797101449275363,0.6782608695652174,0.8918128654970761,0.7426900584795322,0.8884502923976607,0.9927673969072166,1.0,0.8851132754849067,0.0,0.6283710918283022,84.16157558148181,['top_of_book_quote<5'],top_of_book_quote<5,False
nonkyc,DOGE/USDT,DOGE-USDT,DOGE,USDT,True,active,0.09314,200048.0406,2201837.95,0.09313,0.09326,13.949246204194564,0.1949134,1e-05,0.01,,,market.getlist.priceDecimals/quantityDecimals,1774848927131.0,False,0.9594202898550724,0.9619883040935673,0.0,76.81782354436817,0.09313,0.09326,0.093195,0.00012999999999999123,1152.0190313,0.1949134,58,169,0.0,0.0,0.0,1152.0190313,0.1949134,0.1949134,1152.0190313,0.1949134,0.1949134,97304.8608735,0.1949134,0.1949134,105275.5712282,26152.4313011,26152.4313011,1152.0190313,0.1949134,0.1949134,1152.0190313,0.1949134,0.1949134,288,1774761600.0,1774848900.0,292,4.0,0.9863013698630136,0.0,28.492411462457476,20.62693767868851,0.06238326484871106,-0.0653669795939985,323.11636669999996,200,3.2321560742213404,13563.7020972,219.20001061196857,0.11641907691955566,51.917819550000004,0.575,2.042577143264541,0.9594202898550724,0.5014492753623189,0.956140350877193,0.5555555555555556,0.956140350877193,0.9924657534246575,1.0,1.0,0.5212885716322706,0.8404295238774235,82.60039950579477,['top_of_book_quote<5'],top_of_book_quote<5,False
nonkyc,ARB/USDT,ARB-USDT,ARB,USDT,True,active,0.0917,54864.4938,616286.84,0.0914,0.092,65.43075245365357,0.15824,0.0001,0.01,,,market.getlist.priceDecimals/quantityDecimals,1774848951164.0,False,0.9014492753623189,0.7046783625730995,0.0,67.19666920925502,0.0914,0.092,0.0917,0.0006000000000000033,173.91500599999998,0.15824,54,78,0.0,0.0,0.0,0.0,0.0,0.0,0.0,0.0,0.0,1995.6503830000001,0.15824,0.15824,21866.756275,9715.125635999999,9715.125635999999,7137.117767,347.10101799999995,347.10101799999995,31945.903234,16671.36841,16671.36841,288,1774760400.0,1774848900.0,296,8.0,0.972972972972973,0.0,23.343862453783668,21.99406545583845,0.059649122807017625,0.06634092068908772,101.743514,200,3.3599854848573223,2188.5295880000003,36.76713824430389,9.743950366973877,5.5789695,0.485,0.35677203116865847,0.9014492753623189,0.8927536231884058,0.7163742690058479,0.4590643274853801,0.9209064327485381,0.9851351351351352,1.0,1.0,0.0,0.6666666666666666,82.19325320744085,['top_of_book_quote<5'],top_of_book_quote<5,False
nonkyc,ETC/USDT,ETC-USDT,ETC,USDT,True,active,8.23,41836.258,5239.219,8.2,8.24,48.661800486619136,0.1236,0.01,0.001,,,market.getlist.priceDecimals/quantityDecimals,1774848971106.0,False,0.881159420289855,0.7865497076023392,0.0,68.12751080600052,8.2,8.24,8.219999999999999,0.040000000000000924,982.6142,0.1236,59,83,0.0,0.0,0.0,0.0,0.0,0.0,982.6142,0.1236,0.1236,2729.96854,861.99285,861.99285,5509.95077,4639.035159999999,4639.035159999999,2729.96854,861.99285,861.99285,5509.95077,4639.035159999999,4639.035159999999,288,1774762500.0,1774848900.0,289,1.0,0.9965397923875432,0.0,23.606594227298892,19.68603984793542,0.07031250000000012,-0.05245589399992365,70.14179999999999,200,2.993021023301703,1216.4609999999998,18.20446673513306,2.2415571212768555,4.615595,0.545,0.48511551137098097,0.881159420289855,0.9130434782608695,0.8011695906432749,0.347953216374269,0.8771929824561404,0.9980968858131487,1.0,1.0,0.0,0.6666666666666666,82.1849861477323,"['quote_volume_24h<50000', 'top_of_book_quote<5']",quote_volume_24h<50000; top_of_book_quote<5,False
nonkyc,ZEPH/USDT,ZEPH-USDT,ZEPH,USDT,True,active,0.428793,12065.2717,27653.4406,0.428306,0.428794,11.387236028467822,0.6660457202,1e-06,0.0001,,,market.getlist.priceDecimals/quantityDecimals,1774848878784.0,False,0.7710144927536232,0.9766081871345029,0.0,66.82100177981185,0.428306,0.428794,0.42855,0.00048799999999998844,6.4778284358,0.6660457202,72,200,0.0,0.0,0.0,6.4778284358,0.6660457202,0.6660457202,6.4778284358,0.6660457202,0.6660457202,6.4778284358,0.6660457202,0.6660457202,6.4778284358,0.6660457202,0.6660457202,6.4778284358,0.6660457202,0.6660457202,6.4778284358,0.6660457202,0.6660457202,288,1774762500.0,1774848900.0,289,1.0,0.9965397923875432,0.0,40.7162935712104,35.99164479916108,0.06553247178144948,-0.2759996208142935,39.77289657,200,1.6258069760562632,951.137467463,7.731829648949162,68.08340406417847,4.521275291149999,0.52,3.575608116791522,0.7710144927536232,0.7043478260869566,0.9678362573099415,0.7690058479532164,0.6323099415204678,0.9980968858131487,1.0,1.0,1.0,1.0,81.79741940478797,"['quote_volume_24h<50000', 'top_of_book_quote<5']",quote_volume_24h<50000; top_of_book_quote<5,False
nonkyc,FF/USDT,FF-USDT,FF,USDT,True,active,0.07165,120141.3456,1701450.23,0.07145,0.072,75.29280535415488,0.17362350000000001,1e-05,0.01,,,market.getlist.priceDecimals/quantityDecimals,1774848977126.0,False,0.9420289855072463,0.6228070175438596,0.0,67.38176964149504,0.07145,0.07199,0.07172,0.0005399999999999988,0.17362350000000001,99.99986919999999,57,50,0.0,0.0,0.0,0.0,0.0,0.0,0.0,0.0,0.0,0.17362350000000001,900.17039,0.17362350000000001,2500.1732188,2500.170785,2500.170785,600.173495,2500.170785,600.173495,2500.6183768,2500.170785,2500.170785,288,1774762500.0,1774848900.0,289,1.0,0.9965397923875432,0.0,21.868551506873526,17.81806035428768,0.05330700888450209,-0.29417383712323775,177.75848309999998,200,3.0626675373941916,6893.7762379,105.56672346937893,12.541332006454468,10.263637800000001,0.475,0.29044676186536533,0.9420289855072463,0.9043478260869565,0.6374269005847953,0.5146198830409356,0.8311403508771931,0.9980968858131487,1.0,1.0,0.0,0.6666666666666666,81.63276138292173,['top_of_book_quote<5'],top_of_book_quote<5,False
nonkyc,BDX/USDT,BDX-USDT,BDX,USDT,True,active,0.08002,22815.1555,284512.7963,0.0799,0.08012,27.49656292963354,7.491091808,1e-06,0.0001,,,market.getlist.priceDecimals/quantityDecimals,1774848971618.0,False,0.8260869565217391,0.9064327485380117,0.0,68.09560132214595,0.0799,0.08012,0.08001,0.00021999999999999797,9.814492529999999,7.491091808,59,79,0.0,0.0,0.0,0.0,0.0,0.0,17.196415518,7.491091808,7.491091808,22.4326215762,58.336371222,22.4326215762,59.054567624499995,107.22691395220001,59.054567624499995,17.196415518,25.994596898,17.196415518,22.4326215762,58.336371222,22.4326215762,288,1774762200.0,1774848900.0,290,2.0,0.993103448275862,0.0,15.424799084999936,10.962215198633922,0.008824178248400932,-0.2995256113206472,73.776072255,200,1.7187288739467919,2027.1439915163,17.420554549334078,0.31084489822387695,10.239911158,0.47,0.5609718976322075,0.8260869565217391,0.8579710144927536,0.9181286549707602,0.9181286549707602,0.8049707602339181,0.9962068965517241,0.618733257083328,0.17648356496801862,0.0,0.2650722740171156,81.29303579417048,['quote_volume_24h<50000'],quote_volume_24h<50000,False
nonkyc,RENDER/USDT,RENDER-USDT,RENDER,USDT,True,active,1.724,26460.5339,15853.36,1.718,1.731,75.38416932444258,0.1718,0.001,0.01,,,market.getlist.priceDecimals/quantityDecimals,1774848968940.0,False,0.8347826086956521,0.6345029239766082,0.0,61.775616577676075,1.718,1.731,1.7245,0.013000000000000123,0.1718,1649.9372700000001,56,49,0.0,0.0,0.0,0.0,0.0,0.0,0.0,0.0,0.0,0.1718,1649.9372700000001,0.1718,5995.86205,9240.48249,5995.86205,2546.27098,5791.19289,2546.27098,14404.76472,17074.43711,14404.76472,288,1774762500.0,1774848900.0,289,1.0,0.9965397923875432,0.0,32.79366134577247,28.675466898236774,0.048498845265589015,0.029727855062113957,37.668535,200,3.421205085266216,1164.8489599999998,19.92593592759531,22.93261957168579,3.81794,0.55,0.4350205306983391,0.8347826086956521,0.9391304347826087,0.6345029239766082,0.5087719298245614,0.8728070175438597,0.9980968858131487,1.0,0.9699769053117803,0.0,0.65665896843726,80.06085627960046,"['quote_volume_24h<50000', 'top_of_book_quote<5']",quote_volume_24h<50000; top_of_book_quote<5,False
nonkyc,LINK/USDT,LINK-USDT,LINK,USDT,True,active,8.66,682624.3728,80534.5,8.65,8.69,46.13610149942231,0.4345,0.01,0.01,,,market.getlist.priceDecimals/quantityDecimals,1774848954690.0,False,0.9739130434782609,0.7982456140350878,0.0,73.52135774218155,8.65,8.69,8.67,0.03999999999999915,349.28700000000003,0.4345,62,97,0.0,0.0,0.0,0.0,0.0,0.0,349.28700000000003,0.4345,0.4345,349.28700000000003,0.4345,0.4345,35788.3266,467.4895,467.4895,349.28700000000003,0.4345,0.4345,28854.736299999997,467.4895,467.4895,288,1774760400.0,1774848900.0,296,8.0,0.972972972972973,0.0,17.227943449787254,20.132120345980656,0.06726457399103192,-0.012518050278822114,1101.8262,200,2.902415704785918,61972.68350000001,899.3524492906357,8.773969650268555,148.65699999999998,0.505,0.37341567427414674,0.9739130434782609,0.6173913043478261,0.8070175438596492,0.6812865497076024,0.8339181286549708,0.9851351351351352,0.7689952874822712,1.0,0.0,0.5896650958274238,79.83933208333524,['top_of_book_quote<5'],top_of_book_quote<5,False
nonkyc,POL/USDC,POL-USDC,POL,USDC,True,active,0.0934,16017.0062,174013.23,0.0931,0.0935,42.87245444801689,0.161755,0.0001,0.01,,,market.getlist.priceDecimals/quantityDecimals,1774848969445.0,False,0.7855072463768116,0.8187134502923976,0.0,63.67073480803458,0.0931,0.0935,0.0933,0.0003999999999999976,343.796887,0.161755,62,52,0.0,0.0,0.0,0.0,0.0,0.0,343.796887,0.161755,0.161755,1014.0889669999999,328.87353600000006,328.87353600000006,2302.987138,2083.700017,2083.700017,1014.0889669999999,0.161755,0.161755,1970.0339020000001,1367.076631,1367.076631,288,1774761300.0,1774848900.0,293,5.0,0.9829351535836177,0.0,22.054371747604566,17.31454767759958,0.03759398496240623,-0.00739771008647986,35.5376435,200,3.137387779707926,562.537654,8.824493806425828,11.127719402313232,2.0686454999999997,0.51,0.5144182210128796,0.7855072463768116,0.8898550724637682,0.827485380116959,0.4824561403508772,0.8619883040935672,0.9906143344709899,1.0,0.7518796992481245,0.0,0.5839598997493748,79.83829255832366,"['quote_volume_24h<50000', 'top_of_book_quote<5']",quote_volume_24h<50000; top_of_book_quote<5,False
nonkyc,FUSD/USDT,FUSD-USDT,FUSD,USDT,True,active,0.9999,49189.9538,49190.2251,0.999,1.001,19.999999999998906,558.7663080999998,1e-06,0.0001,,,market.getlist.priceDecimals/quantityDecimals,1774848891505.0,False,0.8956521739130435,0.935672514619883,0.0,72.65268243071448,0.999,1.001,1.0,0.0019999999999998908,2804.7260664,558.7663080999998,68,37,0.0,0.0,0.0,2804.7260664,558.7663080999998,558.7663080999998,7640.37286055,3086.3902657,3086.3902657,8346.97335417,3087.3942636999996,3087.3942636999996,8348.676261369,3089.1044815989994,3089.1044815989994,6831.17882078,558.7663080999998,558.7663080999998,8346.97335417,3087.3942636999996,3087.3942636999996,288,1774749300.0,1774848900.0,333,45.0,0.8648648648648649,0.0,5.488232886881843,8.485206756494025,0.0,-0.5543039471280198,208.8347049495,200,0.28971304309362966,23931.9586599965,34.667002852892644,49.068195104599,200.9799,0.485,0.27441164434410714,0.8956521739130435,0.9449275362318841,0.935672514619883,0.9853801169590644,0.5071637426900585,0.9256756756756758,0.0,0.0,0.0,0.0,78.59072573717883,"['quote_volume_24h<50000', 'coverage_ratio<0.90', 'natr_bps_mean<12']",quote_volume_24h<50000; coverage_ratio<0.90; natr_bps_mean<12,False
nonkyc,AVAX/USDT,AVAX-USDT,AVAX,USDT,True,active,8.86,329447.3865,38098.59,8.81,8.87,67.87330316741937,0.6209,0.01,0.01,,,market.getlist.priceDecimals/quantityDecimals,1774848970444.0,False,0.9652173913043478,0.6842105263157895,0.0,70.19221967963387,8.81,8.87,8.84,0.05999999999999872,10848.8983,0.6209,48,51,0.0,0.0,0.0,0.0,0.0,0.0,0.0,0.0,0.0,31078.426300000003,0.6209,0.6209,104245.9324,29592.379100000002,29592.379100000002,53935.7665,0.6209,0.6209,151823.4987,77521.45569999999,77521.45569999999,288,1774761600.0,1774848900.0,292,4.0,0.9863013698630136,0.0,17.660101802957758,18.416758580923823,0.0389610389610388,-0.012418649126799764,530.4452,200,2.7749090869896316,20473.8181,284.064919455314,18.37348771095276,70.57195,0.485,0.2601921665635832,0.9652173913043478,0.6898550724637681,0.6929824561403508,0.7514619883040936,0.7760233918128655,0.9924657534246575,0.8050084835798131,0.7792207792207759,0.0,0.5280764209335297,78.57943649059432,['top_of_book_quote<5'],top_of_book_quote<5,False
nonkyc,ZEC/USDT,ZEC-USDT,ZEC,USDT,True,active,222.78,40127.2492,185.6162,222.78,224.05,56.39602542297105,0.7637864500000001,0.01,1e-06,,,market.getlist.priceDecimals/quantityDecimals,1774848900041.0,False,0.8666666666666667,0.7339181286549707,0.0,66.01461988304094,222.79,224.05,223.42000000000002,1.2600000000000193,21.877978,0.7637864500000001,80,93,0.0,0.0,0.0,0.0,0.0,0.0,0.0,0.0,0.0,5707.27306608,0.7637864500000001,0.7637864500000001,5708.04442368,2.7062558300000004,2.7062558300000004,5707.27306608,0.7637864500000001,0.7637864500000001,5708.04442368,2.7062558300000004,2.7062558300000004,288,1774760700.0,1774848900.0,295,7.0,0.976271186440678,0.006944444444444444,38.11435307733939,28.700234022597552,0.08112449799196791,-0.20745388263451958,64.75582499999999,200,2.5590249774861147,2591.6726888499998,33.160775721178744,156.42922449111938,10.482429114999999,0.48,0.6758340289316696,0.8666666666666667,0.7333333333333333,0.7660818713450293,0.7953216374269005,0.6470760233918129,0.983824152542373,1.0,1.0,0.0,0.6666666666666666,78.35637018039449,"['quote_volume_24h<50000', 'top_of_book_quote<5']",quote_volume_24h<50000; top_of_book_quote<5,False
nonkyc,ARB/USDC,ARB-USDC,ARB,USDC,True,active,0.0917,16047.3663,180387.56,0.0913,0.0919,76.46095030038147,0.158987,0.0001,0.01,,,market.getlist.priceDecimals/quantityDecimals,1774848978028.0,False,0.7884057971014493,0.7017543859649122,0.0,60.906178489702526,0.0912,0.0919,0.09154999999999999,0.0006999999999999923,1468.843488,0.158987,45,55,0.0,0.0,0.0,0.0,0.0,0.0,0.0,0.0,0.0,4713.3326369999995,0.158987,0.158987,17773.705964999997,6272.518274,6272.518274,11216.845547999998,1733.192714,1733.192714,31135.646683,12440.669474999999,12440.669474999999,288,1774762200.0,1774848900.0,290,2.0,0.993103448275862,0.0,27.61117092184266,22.795677857334034,0.056249999999999335,-0.024455096075069238,29.380530999999998,200,3.3495731806338904,526.026145,8.80981533802117,20.97936749458313,1.6248955,0.565,0.3611146711278176,0.7884057971014493,0.9333333333333333,0.6257309941520468,0.4619883040935672,0.8599415204678362,0.9962068965517241,1.0,1.0,0.0,0.6666666666666666,78.24404201408069,"['quote_volume_24h<50000', 'top_of_book_quote<5']",quote_volume_24h<50000; top_of_book_quote<5,False
nonkyc,W/USDT,W-USDT,W,USDT,True,active,0.01517,198936.4124,13471952.32,0.01514,0.01527,85.49819138441296,0.1700222,1e-05,0.01,,,market.getlist.priceDecimals/quantityDecimals,1774848949404.0,False,0.9565217391304348,0.3421052631578947,0.0,61.16132723112129,0.01514,0.01527,0.015205,0.0001299999999999999,0.1700222,3317.5467624000003,50,45,0.0,0.0,0.0,0.0,0.0,0.0,0.0,0.0,0.0,0.1700222,3317.5467624000003,0.1700222,1550.2492273999999,5002.2238851,1550.2492273999999,1550.2492273999999,5002.2238851,1550.2492273999999,13497.511214200002,20598.856805299998,13497.511214200002,288,1774762800.0,1774848900.0,288,0.0,1.0,0.0,31.111902910276186,23.006680937533176,0.04731861198738164,-0.19357331359838933,159.20351455,200,3.3702109302301766,12594.961475200002,212.23838414773516,18.873228073120117,16.1141357,0.56,0.3638896028851921,0.9565217391304348,0.927536231884058,0.3508771929824561,0.5029239766081871,0.8764619883040936,1.0,1.0,0.9463722397476327,0.0,0.6487907465825442,78.15012460287095,['top_of_book_quote<5'],top_of_book_quote<5,False
nonkyc,IMX/USDT,IMX-USDT,IMX,USDT,True,active,0.1472,14834.8033,103379.29,0.1463,0.1473,68.11989100817256,0.157611,0.0001,0.01,,,market.getlist.priceDecimals/quantityDecimals,1774848966706.0,False,0.7797101449275362,0.6754385964912281,0.0,59.77002288329519,0.1463,0.1473,0.14679999999999999,0.0009999999999999731,960.019137,0.157611,51,72,0.0,0.0,0.0,0.0,0.0,0.0,0.0,0.0,0.0,3696.0280580000003,927.7836359999999,927.7836359999999,8124.826152000001,2790.10999,2790.10999,6293.261144,927.7836359999999,927.7836359999999,14355.909145000001,4689.298594999999,4689.298594999999,288,1774762500.0,1774848900.0,289,1.0,0.9965397923875432,0.0,28.927345971301932,22.282254770925142,0.03716814159292008,-0.0630627351148958,25.0838075,200,3.45089675854727,477.89279600000003,8.245793503247459,18.547271013259888,1.257356,0.48,0.42465343885872375,0.7797101449275362,0.9159420289855073,0.6842105263157895,0.4473684210526316,0.8909356725146198,0.9980968858131487,1.0,0.7433628318584016,0.0,0.5811209439528006,78.04160621527963,"['quote_volume_24h<50000', 'top_of_book_quote<5']",quote_volume_24h<50000; top_of_book_quote<5,False
nonkyc,ERG/USDT,ERG-USDT,ERG,USDT,True,active,0.276,2691.9757,9791.4603,0.2754,0.276,7.243752263671785,0.5206740000000001,1e-06,0.0001,,,market.getlist.priceDecimals/quantityDecimals,1774848972609.0,False,0.6289855072463768,0.9239766081871346,0.0,57.69361810322909,0.276,0.2762,0.2761,0.00019999999999997797,0.5206740000000001,23.659236760000002,44,200,0.5206740000000001,23.659236760000002,0.5206740000000001,0.5206740000000001,23.659236760000002,0.5206740000000001,0.5206740000000001,63.1054859413,0.5206740000000001,35.22744734,63.1054859413,35.22744734,97.9306904225,63.1054859413,63.1054859413,0.5206740000000001,23.659236760000002,0.5206740000000001,0.5206740000000001,63.02741392,0.5206740000000001,288,1774737900.0,1774848900.0,371,83.0,0.7762803234501348,0.0,18.67413305608766,31.96053597231943,0.049820645675567446,-0.2749072097875534,10.197443400000001,200,0.5273975790595945,733.1054922959,1.9331903091607496,55.62959933280945,1.209996,0.59,2.577964068393185,0.6289855072463768,0.8695652173913043,0.9853801169590644,0.7046783625730995,0.5141812865497076,0.8769541778975742,0.8895110880073048,0.9964129135113489,0.7889820341965925,0.8916353452384155,77.74653596362533,"['quote_volume_24h<50000', 'top_of_book_quote<5', 'coverage_ratio<0.90']",quote_volume_24h<50000; top_of_book_quote<5; coverage_ratio<0.90,False
nonkyc,XNV/USDT,XNV-USDT,XNV,USDT,True,active,0.065213,16488.0653,254100.9034,0.064824,0.065213,59.82912555657029,3.2838088152000005,1e-06,0.0001,,,market.getlist.priceDecimals/quantityDecimals,1774848236093.0,False,0.7913043478260869,0.7222222222222222,0.0,61.57729468599034,0.064824,0.065213,0.0650185,0.0003889999999999866,3.2838088152000005,76.1153680317,82,133,0.0,0.0,0.0,0.0,0.0,0.0,0.0,0.0,0.0,3.2838088152000005,209.80611803169998,3.2838088152000005,3.2838088152000005,213.08164736089998,3.2838088152000005,3.2838088152000005,213.08164736089998,3.2838088152000005,3.2838088152000005,215.0522273609,3.2838088152000005,288,1774762200.0,1774848900.0,290,2.0,0.993103448275862,0.0,69.41763283869149,38.60775855842669,0.010381004969629936,-0.429153601508235,54.737779637,200,1.9848420917197416,1123.687489031,11.15171113083797,13.534602642059326,5.7596530782999995,0.495,1.160264874221753,0.7913043478260869,0.8115942028985508,0.739766081871345,0.8918128654970761,0.7491228070175437,0.9962068965517241,1.0,0.2076200993925987,0.08013243711087648,0.4292508455011584,77.43799974445457,"['quote_volume_24h<50000', 'top_of_book_quote<5']",quote_volume_24h<50000; top_of_book_quote<5,False
nonkyc,ZSD/USDT,ZSD-USDT,ZSD,USDT,True,active,0.991122,6652.532,6702.8764,0.99,0.991769,17.852736620665887,0.8437970652,1e-06,0.0001,,,market.getlist.priceDecimals/quantityDecimals,1774845901746.0,False,0.7217391304347827,0.9473684210526316,0.0,63.37986270022884,0.99,0.991769,0.9908845,0.0017690000000000206,1216.707525,0.8437970652,60,48,0.0,0.0,0.0,1216.707525,0.8437970652,0.8437970652,1216.707525,0.8437970652,0.8437970652,1216.707525,0.8437970652,0.8437970652,1217.5496864936001,10.9461513666,10.9461513666,1216.707525,0.8437970652,0.8437970652,1216.707525,0.8437970652,0.8437970652,288,1774761300.0,1774848900.0,293,5.0,0.9829351535836177,0.0,31.784744872536887,24.43091110965485,0.004221747705749018,-0.4260611728005122,22.066200185,200,1.485019862131893,716.1236799266001,5.317289442169917,9.044990301132202,3.76385001915,0.515,1.780385021517858,0.7217391304347827,0.7420289855072464,0.9473684210526316,0.804093567251462,0.7339181286549707,0.9906143344709899,1.0,0.08443495411498035,0.390192510758929,0.4915424882913031,77.3815478869161,"['quote_volume_24h<50000', 'top_of_book_quote<5']",quote_volume_24h<50000; top_of_book_quote<5,False
nonkyc,SOL/USDC,SOL-USDC,SOL,USDC,True,active,83.84,21906.0854,266.77,83.4452,84.195,92.6951226358874,2009.2278370000001,0.0001,0.01,,,market.getlist.priceDecimals/quantityDecimals,1774848824453.0,False,0.8202898550724638,0.283625730994152,0.0,52.20658530383931,83.3273,84.1033,83.7153,0.7760000000000105,2550.6486529999997,2009.2278370000001,30,21,0.0,0.0,0.0,0.0,0.0,0.0,0.0,0.0,0.0,5433.917767,48589.074839,5433.917767,50455.327602,48589.074839,48589.074839,50455.327602,48589.074839,48589.074839,50455.327602,48589.074839,48589.074839,288,1774761300.0,1774848900.0,293,5.0,0.9829351535836177,0.0,31.199614538587426,24.04280949549735,0.03657104727930656,-0.023542772899800724,41.90925,200,3.0992600000527233,1071.949994,16.611258692304784,25.75669836997986,4.19175,0.52,0.33658313028120784,0.8202898550724638,0.991304347826087,0.2777777777777778,1.0,0.7903508771929825,0.9906143344709899,1.0,0.7314209455861311,0.0,0.577140315195377,77.11924494568476,['quote_volume_24h<50000'],quote_volume_24h<50000,False
nonkyc,ADA/USDT,ADA-USDT,ADA,USDT,True,active,0.2458,6193.6882,25617.19,0.2457,0.2471,56.818181818181195,0.158144,0.0001,0.01,,,market.getlist.priceDecimals/quantityDecimals,1774848969102.0,False,0.7072463768115942,0.736842105263158,0.0,57.31960335621663,0.2457,0.2471,0.2464,0.0013999999999999846,236.22826500000002,0.158144,59,68,0.0,0.0,0.0,0.0,0.0,0.0,0.0,0.0,0.0,9352.590173,0.158144,0.158144,74954.745191,40854.017824,40854.017824,9352.590173,433.25802799999997,433.25802799999997,90266.928746,67436.550454,67436.550454,288,1774762500.0,1774848900.0,289,1.0,0.9965397923875432,0.0,24.95551866020253,22.08630627277882,0.018541409147095164,-0.02710040649360993,10.871768500000002,200,3.2638611422085946,306.979557,5.009693237723542,8.907091617584229,0.8058075,0.52,0.43921712841956934,0.7072463768115942,0.8985507246376812,0.760233918128655,0.45321637426900585,0.9089181286549708,0.9980968858131487,1.0,0.3708281829419033,0.0,0.4569427276473011,76.19181489890657,"['quote_volume_24h<50000', 'top_of_book_quote<5']",quote_volume_24h<50000; top_of_book_quote<5,False
nonkyc,BNB/USDC,BNB-USDC,BNB,USDC,True,active,617.34,46424.6805,76.12,613.2,621.11,112.53993221658165,179.8406,0.01,0.01,,,market.getlist.priceDecimals/quantityDecimals,1774847924191.0,False,0.8927536231884058,0.08479532163742687,0.0,51.221332316297996,613.2,620.14,616.6700000000001,6.939999999999941,190.092,179.8406,32,28,0.0,0.0,0.0,0.0,0.0,0.0,0.0,0.0,0.0,0.0,0.0,0.0,5287.9268,5220.8409,5220.8409,5287.9268,5220.8409,5220.8409,5287.9268,5220.8409,5220.8409,288,1774758900.0,1774848900.0,301,13.0,0.9568106312292359,0.0,57.92423980325949,18.53628411695962,0.02210306821566823,-0.1436028270612744,91.9305,200,2.6477201695303565,2596.3108,34.37152235764748,6.681145429611206,12.3361,0.525,0.5146994374564313,0.8927536231884058,0.9623188405797102,0.19298245614035092,0.9590643274853801,0.8328947368421052,0.9762458471760798,1.0,0.44206136431336457,0.0,0.4806871214377882,75.99676421448855,['quote_volume_24h<50000'],quote_volume_24h<50000,False
nonkyc,DYDX/USDT,DYDX-USDT,DYDX,USDT,True,active,0.0975,24863.3851,266404.24,0.0974,0.0976,20.512820512821097,0.18506,0.0001,0.01,,,market.getlist.priceDecimals/quantityDecimals,1774848695201.0,False,0.8318840579710145,0.9327485380116959,0.0,69.07233663869819,0.0974,0.0976,0.0975,0.00020000000000000573,0.18506,339.117056,48,40,0.0,0.0,0.0,0.0,0.0,0.0,0.18506,996.691791,0.18506,0.18506,2029.1823929999998,0.18506,0.18506,3643.640343,0.18506,0.18506,996.691791,0.18506,0.18506,2029.1823929999998,0.18506,288,1774760700.0,1774848900.0,295,7.0,0.976271186440678,0.0,30.490212697070035,28.950576668236568,0.09135802469135854,-0.10988867061017184,58.426885,200,2.6862993361327723,719.68856,9.666494504751755,11.92409062385559,2.0709,0.49,1.4863978689821218,0.8318840579710145,0.48695652173913045,0.9327485380116959,0.5409356725146199,0.7999999999999999,0.986949152542373,1.0,1.0,0.2431989344910609,0.747732978163687,75.90263112145165,"['quote_volume_24h<50000', 'top_of_book_quote<5']",quote_volume_24h<50000; top_of_book_quote<5,False
nonkyc,HACD/USDT,HACD-USDT,HACD,USDT,True,active,4.9013,3064.7388,624.834,4.8994,4.9031,7.5490946187202415,0.20388191681,0.0001,1e-08,,,market.getlist.priceDecimals/quantityDecimals,1774848986918.0,False,0.6463768115942029,0.9853801169590644,0.0,60.185227561657776,4.8994,4.9031,4.90125,0.0037000000000002586,0.20388191681,0.5318101325860001,70,108,0.20388191681,0.5318101325860001,0.20388191681,0.20388191681,0.5318101325860001,0.20388191681,0.20388191681,0.5318101325860001,0.20388191681,0.20388191681,0.5318101325860001,0.20388191681,0.7570079458600001,0.735514215542,0.735514215542,0.20388191681,0.5318101325860001,0.20388191681,0.20388191681,0.5318101325860001,0.20388191681,288,1774762200.0,1774848900.0,290,2.0,0.993103448275862,0.0,27.57297414554337,115.95563206100375,0.33181172651653595,-0.23896070614886922,7.81355215,200,1.8340721077457103,189.522859961,1.7379929561733318,0.0,0.93071328815,0.505,3.6524875548874327,0.6463768115942029,0.5130434782608696,0.9824561403508771,0.5672514619883041,0.8108187134502924,0.9962068965517241,1.0,1.0,1.0,1.0,75.72311651191947,"['quote_volume_24h<50000', 'top_of_book_quote<5']",quote_volume_24h<50000; top_of_book_quote<5,False
nonkyc,ENA/USDT,ENA-USDT,ENA,USDT,True,active,0.0919,32290.5752,357688.6,0.0913,0.0924,120.02182214948212,1563.1458920000002,0.0001,0.01,,,market.getlist.priceDecimals/quantityDecimals,1774848977415.0,False,0.855072463768116,0.11403508771929827,0.0,49.87986270022884,0.0911,0.0922,0.09165000000000001,0.0011000000000000038,5020.2349460000005,1563.1458920000002,26,29,0.0,0.0,0.0,0.0,0.0,0.0,0.0,0.0,0.0,0.0,0.0,0.0,14794.539931,5227.493348,5227.493348,21508.728906,10550.970942,10550.970942,47431.410431,29003.341184,29003.341184,288,1774762200.0,1774848900.0,290,2.0,0.993103448275862,0.0,25.829866475744943,27.863475550713353,0.02608695652173933,0.07293651084605725,58.955622999999996,200,3.0959752321981426,985.415231,15.254105743034057,4.382916212081909,3.593488,0.505,0.21520975113654692,0.855072463768116,0.9710144927536232,0.11403508771929827,0.9970760233918129,0.8866959064327485,0.9962068965517241,1.0,0.5217391304347866,0.0,0.5072463768115956,75.4180821869767,"['quote_volume_24h<50000', 'spread_bps>120']",quote_volume_24h<50000; spread_bps>120,False
nonkyc,SHIB/USDC,SHIB-USDC,SHIB,USDC,True,active,5.9939e-06,16562.9848,2853108069.0,5.9929e-06,6.0069e-06,23.333722228704154,0.1759360941,1e-10,1.0,,,market.getlist.priceDecimals/quantityDecimals,1774848975425.0,False,0.7942028985507247,0.9181286549707602,0.0,66.63437579455886,5.9929e-06,6.0069e-06,5.9999e-06,1.4000000000000205e-08,552.6885623667999,0.1759360941,61,74,0.0,0.0,0.0,0.0,0.0,0.0,1025.7688833108,0.1759360941,0.1759360941,15047.9163213995,0.1759360941,0.1759360941,15048.0924164955,590.4897604342001,590.4897604342001,552.6885623667999,0.1759360941,0.1759360941,15047.9163213995,0.1759360941,0.1759360941,288,1774762800.0,1774848900.0,288,0.0,1.0,0.0,31.874327745898476,20.549824581988222,0.08611139087521368,-0.21212313313443726,24.638237153,200,2.9553403738670294,997.2048136838,14.735398234471415,0.5952317714691162,4.069459242000001,0.535,1.3660198503043819,0.7942028985507247,0.46956521739130436,0.9298245614035088,0.5233918128654971,0.8846491228070175,1.0,1.0,1.0,0.18300992515219094,0.7276699750507304,75.40899062261511,"['quote_volume_24h<50000', 'top_of_book_quote<5']",quote_volume_24h<50000; top_of_book_quote<5,False
nonkyc,POL/USDT,POL-USDT,POL,USDT,True,active,0.0934,66015.5997,717533.08,0.0932,0.0935,32.13711837171877,0.159885,0.0001,0.01,,,market.getlist.priceDecimals/quantityDecimals,1774848974518.0,False,0.9159420289855073,0.8888888888888888,0.0,72.59903381642513,0.0932,0.0935,0.09335,0.0002999999999999947,530.94176,0.159885,60,74,0.0,0.0,0.0,0.0,0.0,0.0,530.94176,0.159885,0.159885,1974.242396,0.159885,0.159885,3485.3503180000002,2496.259183,2496.259183,988.7814920000001,0.159885,0.159885,1974.242396,1056.683247,1056.683247,288,1774762200.0,1774848900.0,290,2.0,0.993103448275862,0.0,19.881962106691603,16.55194832901713,0.05531914893617043,0.05921383980163972,147.0569145,200,3.3190411733919998,2305.971766,38.26807618016731,25.603606939315796,7.3637025000000005,0.505,0.6186603875532313,0.9159420289855073,0.4318840579710145,0.8947368421052632,0.4678362573099415,0.8388888888888889,0.9962068965517241,0.9901635088909669,1.0,0.0,0.663387836296989,75.34138338239,['top_of_book_quote<5'],top_of_book_quote<5,False
nonkyc,BELLS/USDT,BELLS-USDT,BELLS,USDT,True,active,0.049146,55525.1639,1122185.52,0.049,0.049279,56.77713448447816,0.55635991,1e-06,0.01,,,market.getlist.priceDecimals/quantityDecimals,1774848899700.0,False,0.9043478260869565,0.739766081871345,0.0,68.23328248156623,0.049,0.049279,0.0491395,0.00027900000000000147,483.3654,0.55635991,65,200,0.0,0.0,0.0,0.0,0.0,0.0,0.0,0.0,0.0,483.3654,0.55635991,0.55635991,483.92242680000004,0.55635991,0.55635991,483.92242680000004,0.55635991,0.55635991,483.92242680000004,0.55635991,0.55635991,288,1774761000.0,1774848900.0,294,6.0,0.9795918367346939,0.0,69.1380856913441,48.103106589148986,0.0033936416064625744,-0.31766840758331644,180.6246342,200,1.9254556631282151,4443.96049068,42.78324446748923,23.155491828918457,22.99007417,0.495,1.2177100221612136,0.9043478260869565,0.6579710144927536,0.7631578947368421,0.7222222222222222,0.7026315789473684,0.9887755102040816,1.0,0.06787283212925148,0.1088550110806068,0.39224261440328606,75.09383240295139,['top_of_book_quote<5'],top_of_book_quote<5,False
nonkyc,APE/USDT,APE-USDT,APE,USDT,True,active,0.0856,9912.2365,117076.79,0.0855,0.0859,70.09345794392561,0.158056,0.0001,0.01,,,market.getlist.priceDecimals/quantityDecimals,1774848857267.0,False,0.7536231884057971,0.7923976608187134,0.0,61.25921688278668,0.0853,0.0859,0.08560000000000001,0.0006000000000000033,351.220191,0.158056,55,56,0.0,0.0,0.0,0.0,0.0,0.0,0.0,0.0,0.0,351.220191,0.158056,0.158056,1049.890995,509.175248,509.175248,688.558293,323.65976,323.65976,1739.722632,1201.239448,1201.239448,288,1774761000.0,1774848900.0,294,6.0,0.9795918367346939,0.0,31.375011054749255,25.936934118362572,0.018567639257294186,-0.00021889358842716225,19.292654999999996,200,2.474845770735306,192.392831,2.3807129206007125,2.5515153408050537,0.767875,0.57,0.44761682438108696,0.7536231884057971,0.8869565217391304,0.6695906432748537,0.4502923976608187,0.8390350877192982,0.9887755102040816,1.0,0.3713527851458837,0.0,0.4571175950486279,74.66922853536462,"['quote_volume_24h<50000', 'top_of_book_quote<5']",quote_volume_24h<50000; top_of_book_quote<5,False
nonkyc,ETH/USDC,ETH-USDC,ETH,USDC,True,active,2045.08,9501.302,4.7626,2045.07,2049.75,28.874410969345156,0.22547250000000002,0.01,1e-05,,,market.getlist.priceDecimals/quantityDecimals,1774848945558.0,False,0.7478260869565218,0.9210526315789473,0.0,64.15675057208239,2043.84,2049.75,2046.795,5.910000000000082,913.2081503999999,0.22547250000000002,59,47,0.0,0.0,0.0,0.0,0.0,0.0,14650.2369068,0.22547250000000002,0.22547250000000002,14650.2369068,0.22547250000000002,0.22547250000000002,14650.2369068,14468.5078258,14468.5078258,14650.2369068,0.22547250000000002,0.22547250000000002,14650.2369068,0.22547250000000002,0.22547250000000002,288,1774762500.0,1774848900.0,289,1.0,0.9965397923875432,0.1076388888888889,29.626767872330465,22.34167653439802,0.06161353842641432,0.016839943875296977,10.10075,200,3.1638611129314693,309.4530325,4.895332079027341,15.563023090362549,0.9817104,0.475,1.0260561818484906,0.7478260869565218,0.5420289855072464,0.9122807017543859,0.5994152046783626,0.854093567251462,0.9496593858131488,1.0,1.0,0.013028090924245284,0.6710093636414151,74.63602896416171,"['quote_volume_24h<50000', 'top_of_book_quote<5']",quote_volume_24h<50000; top_of_book_quote<5,False
nonkyc,MANA/USDT,MANA-USDT,MANA,USDT,True,active,0.0824,68686.1097,851912.15,0.08239,0.08271,38.76438522107823,0.1612845,1e-05,0.01,,,market.getlist.priceDecimals/quantityDecimals,1774848970002.0,False,0.9188405797101449,0.8304093567251463,0.0,71.29646580218663,0.08239,0.08271,0.08255000000000001,0.00032000000000000084,500.000193,0.1612845,57,46,0.0,0.0,0.0,0.0,0.0,0.0,1499.9997392999999,0.1612845,0.1612845,9000.0036786,0.1612845,0.1612845,12500.1728527,1500.1612509,1500.1612509,4000.0003851,0.1612845,0.1612845,12500.1728527,0.1612845,0.1612845,288,1774762500.0,1774848900.0,289,1.0,0.9965397923875432,0.0,30.116307169108623,22.38809720652781,0.03728585824655681,-0.1830996109698035,123.18047845,200,3.1364062272642044,1680.9455706,26.360640776610108,9.44033670425415,7.0630384500000005,0.53,0.7769066115030971,0.9188405797101449,0.4405797101449275,0.8391812865497076,0.4766081871345029,0.8754385964912281,0.9980968858131487,1.0,0.7457171649311362,0.0,0.5819057216437121,74.40882343027671,['top_of_book_quote<5'],top_of_book_quote<5,False
nonkyc,BCH/USDC,BCH-USDC,BCH,USDC,True,active,455.5,65518.8462,141.89,452.72,459.22,131.29774338853287,267.3998,0.01,0.01,,,market.getlist.priceDecimals/quantityDecimals,1774848988019.0,False,0.9130434782608695,0.06432748538011701,0.0,51.82557843885075,453.22,459.21,456.21500000000003,5.989999999999952,267.3998,353.5917,27,31,0.0,0.0,0.0,0.0,0.0,0.0,0.0,0.0,0.0,0.0,0.0,0.0,9181.1325,8925.4678,8925.4678,9181.1325,8925.4678,8925.4678,9181.1325,8925.4678,8925.4678,288,1774761600.0,1774848900.0,292,4.0,0.9863013698630136,0.0,33.36600380650431,25.775957738440937,0.12421762156957135,-0.07456517229801603,68.4975,200,1.514145717109403,2431.6530000000002,18.409384877231158,54.26422715187073,9.114,0.545,0.25412473166251226,0.9130434782608695,0.9652173913043478,0.07894736842105265,0.9649122807017544,0.6321637426900586,0.9924657534246575,1.0,1.0,0.0,0.6666666666666666,74.37713655789265,['spread_bps>120'],spread_bps>120,False
nonkyc,ONDO/USDT,ONDO-USDT,ONDO,USDT,True,active,0.2682,119884.4535,454532.4,0.2677,0.26985,58.47626496824835,0.176682,1e-05,0.01,,,market.getlist.priceDecimals/quantityDecimals,1774848963923.0,False,0.9391304347826087,0.5964912280701755,0.0,66.56445461479788,0.2677,0.26927,0.268485,0.0015700000000000158,0.176682,292.21449670000004,67,43,0.0,0.0,0.0,0.0,0.0,0.0,0.0,0.0,0.0,0.176682,8471.2453905,0.176682,8817.2579121,9028.0947477,8817.2579121,0.176682,9027.9186692,0.176682,8817.2579121,9028.0947477,8817.2579121,288,1774762500.0,1774848900.0,289,1.0,0.9965397923875432,0.0,30.662052711638776,26.29787898609653,0.019403258282994728,-0.037491027436879716,281.9797367,200,3.4126121045093933,2520.5528915,43.00834653794526,5.500613689422607,10.306035900000001,0.51,0.5243503963238378,0.9391304347826087,0.47246376811594204,0.7514619883040936,0.5263157894736842,0.9538011695906432,0.9980968858131487,1.0,0.3880651656598945,0.0,0.4626883885532982,74.27579070450861,['top_of_book_quote<5'],top_of_book_quote<5,False
nonkyc,SCASH/USDT,SCASH-USDT,SCASH,USDT,True,active,0.076223,6427.6972,88169.6588,0.075993,0.076252,34.02410588196595,0.5595060618,1e-06,0.0001,,,market.getlist.priceDecimals/quantityDecimals,1774848673299.0,False,0.7159420289855073,0.868421052631579,0.0,61.08733790999238,0.075993,0.076252,0.07612250000000001,0.00025899999999999535,0.5595060618,29.673732682,88,200,0.0,0.0,0.0,0.0,0.0,0.0,0.5595060618,29.673732682,0.5595060618,0.5595060618,29.673732682,0.5595060618,0.5595060618,29.673732682,0.5595060618,0.5595060618,29.673732682,0.5595060618,0.5595060618,29.673732682,0.5595060618,288,1774758000.0,1774848900.0,304,16.0,0.9473684210526315,0.0,55.02463853075172,105.17120935783667,0.01639138353325382,-0.09693607515703002,20.377296273,200,2.2215730291865556,394.6812703391,4.384066326552162,18.763927698135376,1.9932938858,0.515,1.6172251145008587,0.7159420289855073,0.6608695652173913,0.8713450292397661,0.7251461988304093,0.7406432748538012,0.9710526315789474,1.0,0.32782767066507634,0.30861255725042935,0.5454800759718353,74.19573643223299,"['quote_volume_24h<50000', 'top_of_book_quote<5']",quote_volume_24h<50000; top_of_book_quote<5,False
nonkyc,ARRR/USDT,ARRR-USDT,ARRR,USDT,True,active,0.184788,278710.0071,1459447.7885,0.184236,0.185377,61.74025264262758,0.26896348929999997,1e-06,0.0001,,,market.getlist.priceDecimals/quantityDecimals,1774848935996.0,False,0.9623188405797102,0.7163742690058479,0.0,70.83689295703026,0.184236,0.185377,0.18480649999999998,0.0011409999999999754,313.293318,0.26896348929999997,82,200,0.0,0.0,0.0,0.0,0.0,0.0,0.0,0.0,0.0,313.293318,0.26896348929999997,0.26896348929999997,313.5620820576,0.26896348929999997,0.26896348929999997,313.5620820576,0.26896348929999997,0.26896348929999997,313.5620820576,16.8218084653,16.8218084653,288,1774762200.0,1774848900.0,290,2.0,0.993103448275862,0.0,78.74503316075847,57.88035846794077,0.025073525746473303,-0.24726259461630823,989.0567106839999,200,1.986859902039755,16231.040722409698,161.24401989865103,52.586278676986694,81.286543035,0.435,1.2754245373202475,0.9623188405797102,0.5478260869565217,0.7309941520467836,0.6081871345029239,0.6741228070175439,0.9962068965517241,1.0,0.501470514929466,0.13771226866012376,0.5463942611965299,74.12906268350848,['top_of_book_quote<5'],top_of_book_quote<5,False
nonkyc,SUN/USDT,SUN-USDT,SUN,USDT,True,active,0.017331,54653.3899,3162149.1,0.01722,0.017396,105.75283885694422,0.16874119999999998,1e-06,0.01,,,market.getlist.priceDecimals/quantityDecimals,1774848762774.0,False,0.8985507246376812,0.2192982456140351,0.0,54.90274599542335,0.017213,0.017396,0.0173045,0.00018299999999999914,106.36377451,0.16874119999999998,45,45,0.0,0.0,0.0,0.0,0.0,0.0,0.0,0.0,0.0,0.0,0.0,0.0,2977.44182367,1659.3623864200001,1659.3623864200001,2977.44182367,1659.3623864200001,1659.3623864200001,2977.88430819,3122.23768456,2977.88430819,288,1774761600.0,1774848900.0,292,4.0,0.9863013698630136,0.0,26.46531603399495,17.382543373870558,0.035579407672430695,-0.3297360294434718,76.421000265,200,3.190998830440664,1805.0968480500003,28.800309654798397,9.892972469329834,3.716472075,0.49,0.250256317655884,0.8985507246376812,0.9304347826086956,0.2222222222222222,0.49415204678362573,0.8951754385964912,0.9924657534246575,1.0,0.7115881534486138,0.0,0.5705293844828713,74.054741615536,['top_of_book_quote<5'],top_of_book_quote<5,False
nonkyc,XLM/USDT,XLM-USDT,XLM,USDT,True,active,0.169,90997.6401,548416.03,0.1682,0.1697,88.7836638058598,0.151033,0.0001,0.01,,,market.getlist.priceDecimals/quantityDecimals,1774848952607.0,False,0.9333333333333333,0.2894736842105263,0.0,58.57017543859651,0.1682,0.1697,0.16895,0.0015000000000000013,168.623864,0.151033,63,76,0.0,0.0,0.0,0.0,0.0,0.0,0.0,0.0,0.0,168.623864,0.151033,0.151033,4410.2150520000005,3943.5333029999997,3943.5333029999997,2780.812487,3943.5333029999997,2780.812487,15542.143256000001,14906.641061,14906.641061,288,1774759500.0,1774848900.0,299,11.0,0.9632107023411371,0.0,21.0962620757765,17.832127849928284,0.01176470588235291,-0.042179141931374675,201.109572,200,3.409419259398698,2545.6279200000004,43.39556428855524,17.740551710128784,10.035219999999999,0.525,0.23761423184682912,0.9333333333333333,0.9420289855072463,0.29824561403508776,0.41228070175438597,0.8874269005847952,0.9797658862876255,1.0,0.23529411764705818,0.0,0.41176470588235276,73.87518387745875,['top_of_book_quote<5'],top_of_book_quote<5,False
nonkyc,SEI/USDT,SEI-USDT,SEI,USDT,True,active,0.0535,90968.916,1725267.91,0.0534,0.0535,18.709073900841148,0.175686,0.0001,0.01,,,market.getlist.priceDecimals/quantityDecimals,1774848852895.0,False,0.9304347826086956,0.9415204678362573,0.0,74.7119247393847,0.0534,0.0535,0.05345,9.999999999999593e-05,0.175686,2856.474675,60,55,0.0,0.0,0.0,0.175686,2856.474675,0.175686,0.175686,2856.474675,0.175686,0.175686,10257.596625,0.175686,2820.261696,15681.646145,2820.261696,0.175686,2856.474675,0.175686,0.175686,2856.474675,0.175686,288,1774759200.0,1774848600.0,299,11.0,0.9632107023411371,0.0,21.45237574197573,20.467676536794674,0.024691358024691554,-0.0812464193064176,145.74490300000002,200,2.6430402362819554,1591.671159,21.034254580832666,158.50471878051758,5.27482,0.51,1.1466294834086492,0.9304347826086956,0.4666666666666667,0.9415204678362573,0.52046783625731,0.6488304093567252,0.9797658862876255,1.0,0.4938271604938311,0.07331474170432462,0.5223806340660518,73.69926840719809,['top_of_book_quote<5'],top_of_book_quote<5,False
nonkyc,BCH/USDT,BCH-USDT,BCH,USDT,True,active,456.1,684630.2922,1480.6724,453.5,456.8,70.29876977152874,0.164448,0.1,1e-05,,,market.getlist.priceDecimals/quantityDecimals,1774848953405.0,False,0.9768115942028985,0.6432748538011697,0.0,69.80650902618866,453.6,456.8,455.20000000000005,3.1999999999999886,1718.8491600000002,0.164448,53,62,0.0,0.0,0.0,0.0,0.0,0.0,0.0,0.0,0.0,6597.26958,0.164448,0.164448,30831.433344,8013.655304000001,8013.655304000001,14486.203201,0.164448,0.164448,30831.433344,26471.477732,26471.477732,288,1774762200.0,1774848900.0,290,2.0,0.993103448275862,0.0,35.39295759706654,23.387951720142134,0.1372106154714853,0.0013389494703853954,744.49675,200,3.3524132205420445,14139.079968000002,237.00019305512197,25.500297784805298,48.3868375,0.495,0.5034648218182733,0.9768115942028985,0.4492753623188406,0.6578947368421053,0.48830409356725146,0.8504385964912282,0.9962068965517241,1.0,1.0,0.0,0.6666666666666666,73.69573283533673,['top_of_book_quote<5'],top_of_book_quote<5,False
nonkyc,OPN/USDT,OPN-USDT,OPN,USDT,True,active,0.2042,24622.4243,124264.95,0.2036,0.206,117.1874999999993,0.40993999999999997,0.0001,0.01,,,market.getlist.priceDecimals/quantityDecimals,1774848955341.0,False,0.8289855072463768,0.17251461988304095,0.0,49.907068395626744,0.2036,0.206,0.20479999999999998,0.0023999999999999855,0.43977600000000006,0.40993999999999997,46,55,0.0,0.0,0.0,0.0,0.0,0.0,0.0,0.0,0.0,0.0,0.0,0.0,383.290658,349.276857,349.276857,383.290658,648.113129,383.290658,1612.903899,1628.721111,1612.903899,288,1774762200.0,1774848900.0,290,2.0,0.993103448275862,0.0,51.14375674104945,36.56413770692487,0.0932260228034874,-0.23048645399953802,69.8241625,200,3.1300382203703645,1152.23488,18.0326960662193,3.12532901763916,4.4566680000000005,0.49,0.4364267241902912,0.8289855072463768,0.8956521739130435,0.17543859649122806,0.672514619883041,0.9042397660818713,0.9962068965517241,1.0,1.0,0.0,0.6666666666666666,73.47544298026426,"['quote_volume_24h<50000', 'top_of_book_quote<5']",quote_volume_24h<50000; top_of_book_quote<5,False
nonkyc,TON/USDC,TON-USDC,TON,USDC,True,active,1.244,40666.1536,33003.11,1.225,1.259,257.64895330112745,595.73848,0.001,0.01,,,market.getlist.priceDecimals/quantityDecimals,1774848423003.0,False,0.8695652173913043,0.032163742690058506,0.0,48.630180523773205,1.226,1.258,1.242,0.03200000000000003,612.4850799999999,595.73848,36,30,0.0,0.0,0.0,0.0,0.0,0.0,0.0,0.0,0.0,0.0,0.0,0.0,0.0,0.0,0.0,12867.12562,13319.99372,12867.12562,21684.12922,23658.58902,21684.12922,288,1774761900.0,1774848900.0,291,3.0,0.9896907216494846,0.0,29.365660089991213,19.56059308627567,0.008000000000000021,-0.2043426729598834,72.85975,200,3.023999975665558,1432.5663399999999,21.660402886496485,3.7615106105804443,2.75145,0.58,0.11397546822427829,0.8695652173913043,0.9826086956521739,0.0292397660818714,0.9883040935672515,0.8745614035087719,0.9943298969072165,1.0,0.16000000000000042,0.0,0.38666666666666677,73.20071061412685,"['quote_volume_24h<50000', 'spread_bps>120']",quote_volume_24h<50000; spread_bps>120,False
nonkyc,AVAX/USDC,AVAX-USDC,AVAX,USDC,True,active,8.86,21619.7486,2498.6,8.797,8.915,135.71590137977748,361.15414,0.001,0.01,,,market.getlist.priceDecimals/quantityDecimals,1774848984188.0,False,0.8173913043478261,0.07894736842105265,0.0,46.93020594965675,8.782,8.902,8.841999999999999,0.11999999999999922,395.89256,361.15414,35,16,0.0,0.0,0.0,0.0,0.0,0.0,0.0,0.0,0.0,0.0,0.0,0.0,9198.67988,9557.60292,9198.67988,10660.52749,10605.416369999999,10605.416369999999,10660.52749,10605.416369999999,10605.416369999999,288,1774761900.0,1774848900.0,291,3.0,0.9896907216494846,0.0,18.981200425458574,20.068037856915975,0.030458480282141386,0.1053666602012976,36.49924,200,3.080857094458761,1071.9856300000001,16.513172666716724,11.85339903831482,3.450525,0.455,0.13985981180158813,0.8173913043478261,0.9768115942028985,0.07309941520467833,0.9736842105263158,0.8371345029239766,0.9943298969072165,0.9151000354548812,0.6091696056428277,0.0,0.508089880365903,73.18249932371009,"['quote_volume_24h<50000', 'spread_bps>120']",quote_volume_24h<50000; spread_bps>120,False
nonkyc,DIVI/USDT,DIVI-USDT,DIVI,USDT,True,active,0.0012911,32611.5043,23047022.0,0.0012823,0.0012932,84.64375849349553,0.601338,1e-07,1.0,,,market.getlist.priceDecimals/quantityDecimals,1774848891793.0,False,0.8579710144927536,0.5321637426900585,0.0,60.492499364352916,0.0012823,0.0012932,0.00128775,1.0899999999999885e-05,0.6065279,0.601338,56,165,0.0,0.0,0.0,0.0,0.0,0.0,0.0,0.0,0.0,0.6065279,0.601338,0.601338,0.6065279,0.601338,0.601338,0.6065279,0.601338,0.601338,2.3181814,2.1661761,2.1661761,288,1774761000.0,1774848900.0,294,6.0,0.9795918367346939,0.0,65.55434695079994,84.57732792903428,0.18155207181421998,-0.129606931538142,111.53905689999999,200,1.5068262998643605,3470.1979692,26.14492782863227,28.838863372802734,17.18639665,0.455,0.7744734888614083,0.8579710144927536,0.672463768115942,0.543859649122807,0.7368421052631579,0.6609649122807018,0.9887755102040816,1.0,1.0,0.0,0.6666666666666666,73.12307165429101,"['quote_volume_24h<50000', 'top_of_book_quote<5']",quote_volume_24h<50000; top_of_book_quote<5,False
nonkyc,LKY/USDT,LKY-USDT,LKY,USDT,True,active,0.097759,20083.6513,202270.2126,0.097591,0.098424,84.99349539576058,3.309851484,1e-06,0.0001,,,market.getlist.priceDecimals/quantityDecimals,1774845773618.0,False,0.808695652173913,0.4619883040935673,0.0,56.02796847190441,0.097591,0.098424,0.0980075,0.0008330000000000004,3.3119848033999997,3.309851484,57,200,0.0,0.0,0.0,0.0,0.0,0.0,0.0,0.0,0.0,3.3119848033999997,3.309851484,3.309851484,3.3119848033999997,3.309851484,3.309851484,3.3119848033999997,3.309851484,3.309851484,12.083212828399999,11.8845059854,11.8845059854,288,1774762200.0,1774848900.0,290,2.0,0.993103448275862,0.0,81.48914119493763,45.48015611379746,8.431782197692613e-05,-0.4583747107543165,67.457459333,200,1.8251974901592822,1389.6331052345,12.681774279581294,8.609864711761475,6.368680541250001,0.52,0.958769148338877,0.808695652173913,0.8144927536231884,0.4707602339181286,0.8947368421052632,0.7628654970760234,0.9962068965517241,1.0,0.0016863564395385225,0.0,0.3338954521465129,72.8440186560645,"['quote_volume_24h<50000', 'top_of_book_quote<5']",quote_volume_24h<50000; top_of_book_quote<5,False
nonkyc,ETH/USDT,ETH-USDT,ETH,USDT,True,active,2054.59,4780444.2471,2387.0176,2046.77,2055.89,44.458960771791425,0.0822356,0.01,1e-05,,,market.getlist.priceDecimals/quantityDecimals,1774848974277.0,False,0.9971014492753624,0.8128654970760234,0.0,75.16221713704552,2046.77,2055.89,2051.33,9.11999999999989,6626.8681644,0.0822356,93,120,0.0,0.0,0.0,0.0,0.0,0.0,76783.9397348,0.0822356,0.0822356,97571.6599018,0.0822356,0.0822356,112421.20216900001,203315.7964216,112421.20216900001,97571.6599018,0.0822356,0.0822356,112421.1208554,203315.7964216,112421.1208554,288,1774762500.0,1774848900.0,289,1.0,0.9965397923875432,0.003472222222222222,23.844686112841316,19.795290924458502,0.0879004456402925,0.03464514230305025,8748.1188,200,3.3290730446950474,309590.5410509,5153.247625525533,10.574785470962524,1255.99801875,0.49,0.536330262761572,0.9971014492753624,0.2753623188405797,0.8216374269005848,0.2807017543859649,0.906140350877193,0.9965343858131488,1.0,1.0,0.0,0.6666666666666666,72.33518876024185,['top_of_book_quote<5'],top_of_book_quote<5,False
nonkyc,TON/USDT,TON-USDT,TON,USDT,True,active,1.242,29565.2372,23991.41,1.23,1.249,161.4205004035514,380.84508000000005,0.001,0.01,,,market.getlist.priceDecimals/quantityDecimals,1774848588586.0,False,0.8376811594202899,0.05847953216374269,0.0,47.53445207220951,1.229,1.249,1.239,0.020000000000000018,1139.36903,380.84508000000005,44,53,0.0,0.0,0.0,0.0,0.0,0.0,0.0,0.0,0.0,0.0,0.0,0.0,4066.3490500000007,667.72008,667.72008,15401.480500000001,11040.29085,11040.29085,40978.69786,39252.77101,39252.77101,288,1774761900.0,1774848900.0,291,3.0,0.9896907216494846,0.0,19.666108356380022,17.416346545838568,0.009900990099009955,-0.09010923127752712,55.019985000000005,200,2.9409494119526842,1272.20057,18.707387591136847,8.97865343093872,2.964555,0.51,0.12183154126777414,0.8376811594202899,0.9797101449275363,0.04385964912280704,0.97953216374269,0.8337719298245614,0.9943298969072165,0.9721756963650018,0.19801980198019908,0.0,0.3900651661150669,72.08577620866168,"['quote_volume_24h<50000', 'spread_bps>120']",quote_volume_24h<50000; spread_bps>120,False
nonkyc,TRX/USDC,TRX-USDC,TRX,USDC,True,active,0.322,2956.2479,9247.08,0.320166,0.323178,93.63575318958488,0.17451612000000002,1e-06,0.01,,,market.getlist.priceDecimals/quantityDecimals,1774848778762.0,False,0.6376811594202898,0.26608187134502925,0.0,41.72451055174167,0.320166,0.323178,0.321672,0.0030120000000000147,493.41102426,0.17451612000000002,61,55,0.0,0.0,0.0,0.0,0.0,0.0,0.0,0.0,0.0,2974.69469367,0.17451612000000002,0.17451612000000002,15048.437376849999,14915.93555372,14915.93555372,15048.437376849999,14915.93555372,14915.93555372,15048.89054814,14916.37902932,14916.37902932,288,1774762800.0,1774849200.0,289,1.0,0.9965397923875432,0.0,27.762224989103643,16.956214303709714,0.05976135972286893,-0.3127963923243034,4.609627675,200,3.3949843633374694,143.16382744,2.4301947777717188,8.499557256698608,0.2969305,0.495,0.29649171436570065,0.6376811594202898,0.9855072463768116,0.27192982456140347,0.5175438596491229,0.9387426900584795,0.9980968858131487,1.0,1.0,0.0,0.6666666666666666,71.41826862929854,"['quote_volume_24h<50000', 'top_of_book_quote<5']",quote_volume_24h<50000; top_of_book_quote<5,False
nonkyc,LUNA/USDT,LUNA-USDT,LUNA,USDT,True,active,0.0566,21980.9951,396496.96,0.0553,0.0578,424.02826855123664,288.66765,0.0001,0.01,,,market.getlist.priceDecimals/quantityDecimals,1774848978748.0,False,0.8231884057971014,0.023391812865497075,0.0,45.86015764047801,0.0554,0.0578,0.0566,0.0023999999999999994,335.97219199999995,288.66765,38,32,0.0,0.0,0.0,0.0,0.0,0.0,0.0,0.0,0.0,0.0,0.0,0.0,0.0,0.0,0.0,4058.319155,4266.219522,4058.319155,9225.317447,9199.969124,9199.969124,288,1774762200.0,1774848900.0,290,2.0,0.993103448275862,0.0,18.890585362684828,23.002622013437076,0.004926108374384392,-0.015581837841382281,31.053098,200,3.268272913830839,350.885921,5.733954757244438,10.031941413879395,1.3712465,0.52,0.044550297146998395,0.8231884057971014,0.9536231884057971,0.020467836257309968,0.9678362573099415,0.9036549707602339,0.9962068965517241,0.9075487802237356,0.09852216748768783,0.0,0.33535698257047447,71.05865938618767,"['quote_volume_24h<50000', 'spread_bps>120']",quote_volume_24h<50000; spread_bps>120,False
nonkyc,EPIC/USDT,EPIC-USDT,EPIC,USDT,True,active,0.44854,31601.5765,70702.592,0.4449,0.44935,99.52474140341089,5.76560985,1e-05,0.001,,,market.getlist.priceDecimals/quantityDecimals,1774848314950.0,False,0.8521739130434782,0.23976608187134507,0.0,52.86371726417494,0.4449,0.44935,0.447125,0.0044500000000000095,74.73875100000001,5.76560985,41,200,0.0,0.0,0.0,0.0,0.0,0.0,0.0,0.0,0.0,74.73875100000001,5.76560985,5.76560985,20023.82187079,5.76560985,5.76560985,20023.82187079,5.76560985,5.76560985,20044.79253602,20.708614169999997,20.708614169999997,288,1774762500.0,1774848900.0,289,1.0,0.9965397923875432,0.0,77.28756344071537,42.45196669890723,0.008303952495824907,-0.4533085402512433,114.21302079499999,200,1.9867727294708646,2183.12498384,21.686865914599167,17.39962363243103,11.45396932,0.52,0.7765663326613436,0.8521739130434782,0.8289855072463768,0.2485380116959064,0.9093567251461988,0.7336257309941521,0.9980968858131487,1.0,0.16607904991649813,0.0,0.3886930166388327,70.95475384272474,['quote_volume_24h<50000'],quote_volume_24h<50000,False
nonkyc,UNI/USDC,UNI-USDC,UNI,USDC,True,active,3.47,37864.8853,11199.52,3.467,3.486,54.65266791313139,0.13944,0.001,0.01,,,market.getlist.priceDecimals/quantityDecimals,1774848975111.0,False,0.8608695652173913,0.7573099415204678,0.0,66.28057462496822,3.467,3.486,3.4765,0.019000000000000128,417.63482,0.13944,52,51,0.0,0.0,0.0,0.0,0.0,0.0,0.0,0.0,0.0,1772.90406,0.13944,0.13944,13443.77978,4407.41896,4407.41896,4082.78967,0.13944,0.13944,14808.26955,4980.97404,4980.97404,288,1774762200.0,1774848900.0,290,2.0,0.993103448275862,0.0,27.680952975288417,23.545428928876696,0.08158116063919267,-0.013895026964201883,49.09928,200,3.0944862701436198,1854.6690600000002,28.69623970915087,2.8133344650268555,5.05035,0.48,0.5064885948346818,0.8608695652173913,0.3652173913043478,0.7719298245614035,0.37719298245614036,0.8921052631578947,0.9962068965517241,1.0,1.0,0.0,0.6666666666666666,70.66763723401458,"['quote_volume_24h<50000', 'top_of_book_quote<5']",quote_volume_24h<50000; top_of_book_quote<5,False
nonkyc,BC2/USDT,BC2-USDT,BC2,USDT,True,active,0.875361,77760.649,89720.374,0.865219,0.875362,116.54729081841079,2.2432533013,1e-06,0.0001,,,market.getlist.priceDecimals/quantityDecimals,1774848940795.0,False,0.9246376811594202,0.17543859649122806,0.0,55.241037376048816,0.865219,0.875362,0.8702905,0.010143000000000013,2.2432533013,2.2511684553999998,135,200,0.0,0.0,0.0,0.0,0.0,0.0,0.0,0.0,0.0,0.0,0.0,0.0,16.4744043013,3.8302724553999994,3.8302724553999994,16.4744043013,3.8302724553999994,3.8302724553999994,47.4865046658,333.7379787378,47.4865046658,288,1774762200.0,1774848900.0,290,2.0,0.993103448275862,0.0,85.73192357037819,53.131842338105756,0.017261502936852913,-0.3419185036272406,264.25427413299997,200,1.8807548158523133,5164.8986948643,48.5695404687768,71.43828678131104,28.1286534564,0.56,0.7355977386377415,0.9246376811594202,0.8202898550724638,0.17836257309941517,0.8742690058479532,0.6415204678362574,0.9962068965517241,1.0,0.34523005873705825,0.0,0.44841001957901944,70.58946944099216,['top_of_book_quote<5'],top_of_book_quote<5,False
nonkyc,PENGU/USDT,PENGU-USDT,PENGU,USDT,True,active,0.006584,9573.4534,1512733.99,0.006583,0.006606,51.6011534375477,0.16336638,1e-06,0.01,,,market.getlist.priceDecimals/quantityDecimals,1774848970348.0,False,0.7507246376811594,0.8567251461988304,0.0,62.70798372743454,0.006572,0.006606,0.006588999999999999,3.4000000000000176e-05,277.10371388,0.16336638,54,49,0.0,0.0,0.0,0.0,0.0,0.0,0.0,0.0,0.0,4828.93991434,0.16336638,0.16336638,8905.36429252,2991.06864596,2991.06864596,5368.75845055,0.16336638,0.16336638,8905.36429252,2991.06864596,2991.06864596,288,1774762800.0,1774848900.0,288,0.0,1.0,0.0,39.16373012031633,27.05756451977885,0.06424682395644277,0.05588153540667781,19.608256255,200,3.3226666504944644,530.20074701,8.808401700786899,14.642579555511475,1.508134875,0.495,0.7589700522434204,0.7507246376811594,0.4463768115942029,0.7807017543859649,0.4853801169590643,0.882748538011696,1.0,1.0,1.0,0.0,0.6666666666666666,70.57884566488684,"['quote_volume_24h<50000', 'top_of_book_quote<5']",quote_volume_24h<50000; top_of_book_quote<5,False
nonkyc,LRS/USDT,LRS-USDT,LRS,USDT,True,active,0.004365,1258.8255,275682.3685,0.004365,0.004366,2.290688351850035,0.34968014999999997,1e-06,0.0001,,,market.getlist.priceDecimals/quantityDecimals,1774846739227.0,False,0.5971014492753624,0.9941520467836258,0.0,57.694380879735576,0.004365,0.004366,0.0043655,1.0000000000001327e-06,0.34968014999999997,106.897661371,72,200,0.34968014999999997,106.897661371,0.34968014999999997,0.34968014999999997,106.897661371,0.34968014999999997,0.34968014999999997,106.897661371,0.34968014999999997,0.34968014999999997,106.897661371,0.34968014999999997,0.34968014999999997,107.7645713912,0.34968014999999997,0.34968014999999997,106.897661371,0.34968014999999997,0.34968014999999997,106.897661371,0.34968014999999997,288,1774704900.0,1774848900.0,481,193.0,0.5987525987525988,0.0,66.50424206213849,208.78932793818316,0.04856095121680188,0.08488804160240396,0.15586546299999998,200,0.2575780370765938,188.66858771,0.2429844224017749,93.08668375015259,0.36663669909999996,0.345,29.0324268722227,0.5971014492753624,0.5855072463768116,0.9941520467836258,0.6491228070175439,0.46549707602339185,0.7793139293139293,1.0,0.9712190243360376,0.88478780365078,0.9520022759956058,70.03912188019935,"['quote_volume_24h<50000', 'top_of_book_quote<5', 'coverage_ratio<0.90']",quote_volume_24h<50000; top_of_book_quote<5; coverage_ratio<0.90,False
nonkyc,FREED/USDT,FREED-USDT,FREED,USDT,True,active,0.00303,14816.6616,4777826.0214,0.003021,0.003045,79.12957467853658,0.4442404668,1e-06,0.0001,,,market.getlist.priceDecimals/quantityDecimals,1774847410102.0,False,0.7768115942028986,0.6052631578947368,0.0,57.85621662852785,0.003021,0.003045,0.003033,2.400000000000015e-05,0.4442404668,7.4419803045,65,200,0.0,0.0,0.0,0.0,0.0,0.0,0.0,0.0,0.0,0.4442404668,51.878481601599994,0.4442404668,0.4442404668,51.878481601599994,0.4442404668,0.4442404668,51.878481601599994,0.4442404668,0.4442404668,52.96214910959999,0.4442404668,288,1774760100.0,1774848900.0,297,9.0,0.9696969696969697,0.0,56.57295302183298,37.67068125385373,0.03237951807228923,-0.499112481959423,10.84731245,200,1.0433532399316072,256.3489765347,1.337312676103154,11.818865537643433,1.3561075023,0.505,0.71494069381341,0.7768115942028986,0.6289855072463768,0.6111111111111112,0.6900584795321637,0.6690058479532164,0.9833333333333334,1.0,0.6475903614457846,0.0,0.5491967871485949,69.87480540009007,"['quote_volume_24h<50000', 'top_of_book_quote<5']",quote_volume_24h<50000; top_of_book_quote<5,False
nonkyc,ALGO/USDC,ALGO-USDC,ALGO,USDC,True,active,0.0826,43672.0617,538070.16,0.0825,0.0828,36.29764065335689,0.120888,0.0001,0.01,,,market.getlist.priceDecimals/quantityDecimals,1774848980060.0,False,0.8840579710144928,0.8450292397660819,0.0,69.74891939994916,0.0825,0.0828,0.08265,0.0002999999999999947,1680.6801000000003,0.120888,50,51,0.0,0.0,0.0,0.0,0.0,0.0,1680.6801000000003,0.120888,0.120888,4810.7854560000005,0.120888,0.120888,18009.620969,5384.303162,5384.303162,3267.0053480000006,0.120888,0.120888,11358.067981,1662.5442479999997,1662.5442479999997,288,1774761300.0,1774848900.0,293,5.0,0.9829351535836177,0.0,17.065437732709093,17.70466081283321,0.032608695652174266,-0.15461780575905892,54.309403499999995,200,3.1438590606726247,598.611718,9.40975436729553,1.9095346927642822,0.974206,0.525,0.47015280953614375,0.8840579710144928,0.3333333333333333,0.8450292397660819,0.34210526315789475,0.9200292397660819,0.9906143344709899,0.7554531443924244,0.6521739130434853,0.0,0.46920901914530316,69.77995232589087,"['quote_volume_24h<50000', 'top_of_book_quote<5']",quote_volume_24h<50000; top_of_book_quote<5,False
nonkyc,CAKE/USDC,CAKE-USDC,CAKE,USDC,True,active,1.392,7474.4717,5472.51,1.39,1.393,35.958288385473686,0.15323,0.001,0.01,,,market.getlist.priceDecimals/quantityDecimals,1774848777754.0,False,0.7304347826086957,0.9283625730994152,0.0,63.382977370963644,1.388,1.393,1.3904999999999998,0.0050000000000001155,992.9751999999999,0.15323,50,56,0.0,0.0,0.0,0.0,0.0,0.0,992.9751999999999,0.15323,0.15323,2445.5356199999997,0.15323,0.15323,5946.89316,1163.0306099999998,1163.0306099999998,1453.8479199999997,0.15323,0.15323,4472.51099,0.15323,0.15323,288,1774762200.0,1774848900.0,290,2.0,0.993103448275862,0.0,25.75253768518014,18.921195561145694,0.03178484107579516,-0.14071644347151574,13.36486,200,3.4331208040939076,276.98373000000004,4.75459302929265,1.809316873550415,0.9584,0.455,0.716178073024843,0.7304347826086957,0.40144927536231884,0.8494152046783625,0.42251461988304095,0.9780701754385965,0.9962068965517241,1.0,0.6356968215159032,0.0,0.5452322738386344,69.68141433293994,"['quote_volume_24h<50000', 'top_of_book_quote<5']",quote_volume_24h<50000; top_of_book_quote<5,False
nonkyc,CAKE/USDT,CAKE-USDT,CAKE,USDT,True,active,1.391,11125.9789,8146.74,1.39,1.393,35.958288385473686,0.15323,0.001,0.01,,,market.getlist.priceDecimals/quantityDecimals,1774848782373.0,False,0.7623188405797101,0.9283625730994152,0.0,65.13660055936944,1.388,1.393,1.3904999999999998,0.0050000000000001155,1717.1086799999998,0.15323,48,65,0.0,0.0,0.0,0.0,0.0,0.0,1717.1086799999998,0.15323,0.15323,4253.8218099999995,0.15323,0.15323,10992.5231,1717.5935899999997,1717.5935899999997,2603.63586,0.15323,0.15323,7690.69183,0.15323,0.15323,288,1774762500.0,1774848900.0,289,1.0,0.9965397923875432,0.0,22.881157157093046,17.8185256075753,0.036414565826330965,-0.05016121703079126,20.71913,200,3.168879072348258,492.52283,7.803726443203694,10.272526741027832,1.409835,0.52,0.6363249805387429,0.7623188405797101,0.40144927536231884,0.8494152046783625,0.42251461988304095,0.881578947368421,0.9980968858131487,1.0,0.7282913165266193,0.0,0.576097105508873,69.61628519671882,"['quote_volume_24h<50000', 'top_of_book_quote<5']",quote_volume_24h<50000; top_of_book_quote<5,False
nonkyc,LTC/USDC,LTC-USDC,LTC,USDC,True,active,54.16,17340.7768,323.83,53.734,54.655,191.17986608173698,369.44179999999994,0.001,0.01,,,market.getlist.priceDecimals/quantityDecimals,1774848841859.0,False,0.7971014492753623,0.04385964912280704,0.0,44.93707093821511,53.62,54.655,54.1375,1.0350000000000037,369.44179999999994,391.87635,35,35,0.0,0.0,0.0,0.0,0.0,0.0,0.0,0.0,0.0,0.0,0.0,0.0,369.44179999999994,728.69283,369.44179999999994,10563.35178,10562.72069,10562.72069,10563.35178,10562.72069,10562.72069,288,1774761600.0,1774848900.0,292,4.0,0.9863013698630136,0.0,14.368290799667989,14.883929645631893,0.006333567909922335,0.12936151740490634,34.238550000000004,200,2.823033886411393,512.4100000000001,7.23275396868031,4.720390319824219,1.6242,0.505,0.07515587856686214,0.7971014492753623,0.9739130434782609,0.040935672514619936,0.9766081871345029,0.8514619883040935,0.9924657534246575,0.5306908999723324,0.1266713581984467,0.0,0.21912075272359302,69.40994083061548,"['quote_volume_24h<50000', 'spread_bps>120']",quote_volume_24h<50000; spread_bps>120,False
nonkyc,AAVE/USDC,AAVE-USDC,AAVE,USDC,True,active,98.22,14325.9945,149.131,97.6343,98.4381,90.98674079494114,0.09843810000000001,0.0001,0.001,,,market.getlist.priceDecimals/quantityDecimals,1774848974137.0,False,0.7739130434782608,0.5701754385964912,0.0,56.81960335621663,97.5465,98.4381,97.9923,0.891600000000011,68.86782899999999,0.09843810000000001,49,45,0.0,0.0,0.0,0.0,0.0,0.0,0.0,0.0,0.0,1016.4264341,755.3589063,755.3589063,1016.5236362,1004.8499119,1004.8499119,1016.5236362,1004.8499119,1004.8499119,1016.9089446,1005.2489787,1005.2489787,288,1774761900.0,1774848900.0,291,3.0,0.9896907216494846,0.0,24.8570402800932,21.79007394150531,0.024282828728794177,-0.05044360339952196,47.831778199999995,200,3.0195432386804755,545.0629229,8.22920531749056,6.911332607269287,2.55775,0.44,0.27319409468808287,0.7739130434782608,0.9217391304347826,0.2894736842105263,0.30116959064327486,0.8564327485380117,0.9943298969072165,1.0,0.4856565745758835,0.0,0.49521885819196115,69.22231185813645,"['quote_volume_24h<50000', 'top_of_book_quote<5']",quote_volume_24h<50000; top_of_book_quote<5,False
nonkyc,GRT/USDT,GRT-USDT,GRT,USDT,True,active,0.02398,31421.314,1335022.85,0.02397,0.02408,45.785639958376265,0.0903,1e-05,0.01,,,market.getlist.priceDecimals/quantityDecimals,1774848981177.0,False,0.8492753623188406,0.804093567251462,0.0,66.81248410882279,0.02397,0.02408,0.024025,0.00010999999999999899,289.3552932,0.0903,53,45,0.0,0.0,0.0,0.0,0.0,0.0,289.3552932,0.0903,0.0903,1371.4969760000001,0.0903,0.0903,3721.2286474,0.0903,0.0903,990.2929121,0.0903,0.0903,3295.2799518,0.0903,0.0903,288,1774762200.0,1774848900.0,290,2.0,0.993103448275862,0.0,29.364352088586756,16.963517496059538,0.045813586097946474,-0.0494036434461697,60.5117586,200,3.188212117057757,783.9793486000001,12.497462293647839,5.3645243644714355,2.3295371,0.465,0.6413441444802758,0.8492753623188406,0.2898550724637681,0.8099415204678363,0.2953216374269006,0.9178362573099415,0.9962068965517241,1.0,0.9162717219589295,0.0,0.6387572406529766,68.86502403159443,"['quote_volume_24h<50000', 'top_of_book_quote<5']",quote_volume_24h<50000; top_of_book_quote<5,False
nonkyc,ALGO/USDT,ALGO-USDT,ALGO,USDT,True,active,0.0827,61968.9069,763617.4,0.0826,0.0828,24.183796856105424,0.11923199999999999,0.0001,0.01,,,market.getlist.priceDecimals/quantityDecimals,1774848831040.0,False,0.9101449275362319,0.9152046783625731,0.0,72.93808797355707,0.0826,0.0828,0.0827,0.00019999999999999185,50.946854,0.11923199999999999,57,75,0.0,0.0,0.0,0.0,0.0,0.0,3009.174929,0.11923199999999999,0.11923199999999999,7947.251405,0.11923199999999999,0.11923199999999999,27078.278051,8267.326202,8267.326202,3009.174929,0.11923199999999999,0.11923199999999999,5169.715289,0.11923199999999999,0.11923199999999999,288,1774759500.0,1774848900.0,299,11.0,0.9632107023411371,0.0,13.946795032349836,15.759836299439236,0.04705882352941159,0.009153562754516852,68.398122,200,1.9261532119559974,843.995831,8.128326403790606,24.626012086868286,2.1303520000000002,0.555,0.5766999745876892,0.9101449275362319,0.32463768115942027,0.9269005847953217,0.3333333333333333,0.7004385964912281,0.9797658862876255,0.4955662526958197,0.9411764705882317,0.0,0.47891424109468383,68.82537233916761,['top_of_book_quote<5'],top_of_book_quote<5,False
nonkyc,PEP/DOGE,PEP-DOGE,PEP,DOGE,True,active,0.001673275,39959.2202,23401329.1895,0.001666207,0.001686128,118.84850410236447,1.1892200892823,1e-09,0.0001,,,market.getlist.priceDecimals/quantityDecimals,1774845768180.0,False,0.863768115942029,0.15204678362573099,0.0,51.30841596745487,0.001666207,0.001686128,0.0016761675,1.9921e-05,1.1892200892823,1.1936255235776,36,41,0.0,0.0,0.0,0.0,0.0,0.0,0.0,0.0,0.0,0.0,0.0,0.0,1.1892200892823,1.1936255235776,1.1892200892823,1.1892200892823,1.1936255235776,1.1892200892823,6.514446498092299,4.2764916606928,4.2764916606928,288,1774761600.0,1774848900.0,292,4.0,0.9863013698630136,0.0,81.64935123872732,48.17785635413902,0.030070534294328145,-0.45160896636279063,141.512189407356,200,2.252457712947818,2867.8084379709,32.29808617682193,49.95588541030884,14.585513807049999,0.52,0.6870036089676195,0.863768115942029,0.7623188405797101,0.1549707602339181,0.8362573099415205,0.6932748538011696,0.9924657534246575,1.0,0.6014106858865629,0.0,0.5338035619621876,68.72839363696023,"['quote_volume_24h<50000', 'top_of_book_quote<5']",quote_volume_24h<50000; top_of_book_quote<5,False
nonkyc,ALPH/USDT,ALPH-USDT,ALPH,USDT,True,active,0.0589,17396.1461,303226.84,0.0554,0.0603,847.0181503889372,5.048919000000001,0.0001,0.01,,,market.getlist.priceDecimals/quantityDecimals,1774848881943.0,False,0.8,0.020467836257309968,0.0,44.511695906432756,0.0554,0.0603,0.05785,0.004900000000000002,29.200786,5.048919000000001,57,107,0.0,0.0,0.0,0.0,0.0,0.0,0.0,0.0,0.0,0.0,0.0,0.0,0.0,0.0,0.0,513.357832,35.640959,35.640959,516.012952,524.189461,516.012952,288,1774747200.0,1774848900.0,340,52.0,0.8470588235294118,0.0,36.618844102924555,53.401137627732645,0.027397260273972587,-0.06646979362465638,58.2034905,200,2.774663988312175,760.875148,10.555864363786482,3.2610738277435303,3.584428,0.535,0.04323265574192214,0.8,0.8724637681159421,0.01754385964912286,0.9064327485380117,0.8519005847953216,0.9158823529411766,1.0,0.5479452054794517,0.0,0.5159817351598172,68.72288700356269,"['quote_volume_24h<50000', 'spread_bps>120', 'coverage_ratio<0.90']",quote_volume_24h<50000; spread_bps>120; coverage_ratio<0.90,False
nonkyc,WLFI/USDT,WLFI-USDT,WLFI,USDT,True,active,0.0997,764.9322,7782.93,0.099,0.1,110.60834590246392,667.996314,0.0001,0.01,,,market.getlist.priceDecimals/quantityDecimals,1774848934575.0,False,0.5710144927536231,0.23099415204678364,0.0,37.180650902618865,0.0989,0.1,0.09945000000000001,0.0011000000000000038,667.996314,869.3610000000001,60,51,0.0,0.0,0.0,0.0,0.0,0.0,0.0,0.0,0.0,0.0,0.0,0.0,2956.034349,3808.372332,2956.034349,3515.325189,3808.372332,3515.325189,11970.460787,11131.581197,11131.581197,288,1774762200.0,1774849200.0,291,3.0,0.9896907216494846,0.0,28.386594927282932,21.180062814492604,0.04935064935064919,-0.23149025652482438,1.21897595,200,1.5454764162961987,96.76244299999999,0.7477203681985259,22.0955491065979,0.105576,0.5,0.2566406241380253,0.5710144927536231,0.9507246376811594,0.20467836257309946,0.9912280701754386,0.6820175438596491,0.9943298969072165,1.0,0.9870129870129837,0.0,0.6623376623376612,68.6744050610478,['quote_volume_24h<50000'],quote_volume_24h<50000,False
nonkyc,ENA/USDC,ENA-USDC,ENA,USDC,True,active,0.0918,10390.4291,115138.0,0.0911,0.0926,131.0043668122278,150.190112,0.0001,0.01,,,market.getlist.priceDecimals/quantityDecimals,1774848925482.0,False,0.7565217391304347,0.04678362573099415,0.0,42.77828629544877,0.091,0.0922,0.0916,0.0012000000000000066,155.69099,150.190112,33,28,0.0,0.0,0.0,0.0,0.0,0.0,0.0,0.0,0.0,0.0,0.0,0.0,685.64598,485.692664,485.692664,1201.469777,1139.638817,1139.638817,3186.448282,3192.170121,3186.448282,288,1774761900.0,1774849200.0,292,4.0,0.9863013698630136,0.0,27.682262559275344,30.82049367885462,0.01714285714285713,-0.026825612457057897,20.5610319,200,1.17287583879498,1057.52629,6.201735172157466,8.020950555801392,3.623173,0.47,0.21130793753580063,0.7565217391304347,0.9246376811594202,0.08479532163742687,0.956140350877193,0.7146198830409356,0.9924657534246575,1.0,0.3428571428571426,0.0,0.4476190476190475,68.63140992246349,"['quote_volume_24h<50000', 'spread_bps>120']",quote_volume_24h<50000; spread_bps>120,False
nonkyc,BSB/USDT,BSB-USDT,BSB,USDT,True,active,0.24496,2833.2161,12223.71,0.24424,0.24633,85.20700409727381,0.9582237,1e-05,0.01,,,market.getlist.priceDecimals/quantityDecimals,1774848963922.0,False,0.6347826086956522,0.35672514619883045,0.0,43.83117213323163,0.24424,0.24633,0.245285,0.0020899999999999808,0.964748,0.9582237,37,28,0.0,0.0,0.0,0.0,0.0,0.0,0.0,0.0,0.0,0.964748,0.9582237,0.9582237,0.964748,0.9582237,0.9582237,0.964748,0.9582237,0.9582237,0.964748,3.4359726999999998,0.964748,288,1774745700.0,1774848900.0,345,57.0,0.8347826086956521,0.0,81.58154364551744,90.39689018281958,0.12295780100658146,0.020801957176257733,8.44490875,200,3.1481165212588538,207.693806,3.2692215101586566,16.181862354278564,0.7671898500000001,0.525,0.957451145123968,0.6347826086956522,0.7536231884057971,0.36549707602339176,0.8187134502923976,0.8461988304093566,0.9091304347826088,1.0,1.0,0.0,0.6666666666666666,68.61726417493009,"['quote_volume_24h<50000', 'top_of_book_quote<5', 'coverage_ratio<0.90']",quote_volume_24h<50000; top_of_book_quote<5; coverage_ratio<0.90,False
nonkyc,JTO/USDT,JTO-USDT,JTO,USDT,True,active,0.284,3878.7724,13703.05,0.283,0.286,70.42253521126767,0.24620999999999998,0.001,0.01,,,market.getlist.priceDecimals/quantityDecimals,1774848938482.0,False,0.6695652173913044,0.20760233918128657,0.0,42.01614543605391,0.283,0.285,0.284,0.0020000000000000018,0.24620999999999998,629.5279499999999,48,43,0.0,0.0,0.0,0.0,0.0,0.0,0.0,0.0,0.0,0.24620999999999998,629.5279499999999,0.24620999999999998,652.5516899999999,2539.3415699999996,652.5516899999999,652.5516899999999,2539.3415699999996,652.5516899999999,3294.6314700000003,5139.38013,3294.6314700000003,288,1774752600.0,1774848900.0,322,34.0,0.8944099378881988,0.0,8.43187256221793,23.18279541930024,0.11111111111111124,-0.2366393685820717,7.6825399999999995,200,0.8379221207188882,526.1053899999999,2.2041767205521885,97.56707859039307,2.0021199999999997,0.45,0.11973259038349449,0.6695652173913044,0.9072463768115943,0.6549707602339181,0.6023391812865497,0.5100877192982456,0.9419254658385094,0.035989380184827446,1.0,0.0,0.34532979339494246,68.50634359157176,"['quote_volume_24h<50000', 'top_of_book_quote<5', 'coverage_ratio<0.90', 'natr_bps_mean<12']",quote_volume_24h<50000; top_of_book_quote<5; coverage_ratio<0.90; natr_bps_mean<12,False
nonkyc,DMD/USDT,DMD-USDT,DMD,USDT,True,active,1.360816,4489.7441,3284.2924,1.360454,1.373576,95.99016835952683,29.387574990199997,1e-06,0.0001,,,market.getlist.priceDecimals/quantityDecimals,1774845753000.0,False,0.6927536231884058,0.2543859649122807,0.0,44.46109839816934,1.360454,1.373576,1.3670149999999999,0.013121999999999856,29.387574990199997,29.461419551199995,36,34,0.0,0.0,0.0,0.0,0.0,0.0,0.0,0.0,0.0,29.387574990199997,29.461419551199995,29.387574990199997,29.387574990199997,29.461419551199995,29.387574990199997,29.387574990199997,29.461419551199995,29.387574990199997,105.5257683734,105.6899082083,105.5257683734,288,1774761900.0,1774848900.0,291,3.0,0.9896907216494846,0.0,75.55540176818046,41.30964864575497,0.003211577590858917,-0.4584967282499753,14.805691457999998,200,2.595294342051911,326.89065565230004,4.2418873454202695,13.781940698623657,1.1970891009,0.505,0.7871160459391124,0.6927536231884058,0.8608695652173913,0.26023391812865493,0.9327485380116959,0.7861111111111111,0.9943298969072165,1.0,0.06423155181717834,0.0,0.3547438506057261,68.39328006348437,['quote_volume_24h<50000'],quote_volume_24h<50000,False
nonkyc,PEP/USDT,PEP-USDT,PEP,USDT,True,active,0.00015135,41572.1514,271657753.8785,0.00015126,0.00015307,118.94982420398806,1.5718029074520001,1e-08,0.0001,,,market.getlist.priceDecimals/quantityDecimals,1774848977585.0,False,0.8782608695652174,0.14035087719298245,0.0,51.813119755911515,0.00015126,0.00015307,0.000152165,1.8099999999999844e-06,1.584526898058,1.5718029074520001,55,114,0.0,0.0,0.0,0.0,0.0,0.0,0.0,0.0,0.0,0.0,0.0,0.0,1.584526898058,1.5718029074520001,1.5718029074520001,1.584526898058,1.5718029074520001,1.5718029074520001,799.2447462761379,1055.24268814948,799.2447462761379,288,1774762200.0,1774848900.0,290,2.0,0.993103448275862,0.0,88.74137454379019,52.384406702466066,0.020601662179562205,-0.3155470187457435,138.22878158550003,200,1.5062152088117076,2641.57824414,19.89392663294897,33.06461572647095,14.23196881115,0.54,0.7460404009644171,0.8782608695652174,0.7797101449275362,0.14327485380116955,0.8567251461988304,0.6539473684210526,0.9962068965517241,1.0,0.4120332435912441,0.0,0.47067774786374805,68.33487746373265,"['quote_volume_24h<50000', 'top_of_book_quote<5']",quote_volume_24h<50000; top_of_book_quote<5,False
nonkyc,GALA/USDT,GALA-USDT,GALA,USDT,True,active,0.00288,8553.8181,3052353.1,0.00287,0.00289,139.37282229965194,294.8596605,1e-05,0.01,,,market.getlist.priceDecimals/quantityDecimals,1774848962472.0,False,0.7391304347826086,0.6637426900584795,0.0,57.24574116450547,0.00285,0.00289,0.00287,4.0000000000000105e-05,294.8596605,315.5434651,50,45,0.0,0.0,0.0,0.0,0.0,0.0,0.0,0.0,0.0,0.0,0.0,0.0,294.8596605,315.5434651,294.8596605,1141.284283,951.0606885,951.0606885,3231.9837817000002,2772.8196628,2772.8196628,288,1774755900.0,1774848900.0,311,23.0,0.9260450160771704,0.0,12.859472895001112,22.33370150961235,0.04225352112676062,0.005030745757333237,11.844475599999999,200,3.023995403534254,476.700953,7.2077074536619925,17.230416297912598,1.26482335,0.435,0.09226671802163272,0.7391304347826086,0.9188405797101449,0.06140350877192979,0.9707602339181286,0.8051169590643275,0.9593247588424438,0.404956074583426,0.8450704225352124,0.0,0.4166754990395461,68.28588612827323,"['quote_volume_24h<50000', 'spread_bps>120']",quote_volume_24h<50000; spread_bps>120,False
nonkyc,XRP/USDC,XRP-USDC,XRP,USDC,True,active,1.3477,8567.1619,6435.04,1.3456,1.3532,67.47488228969625,0.14885199999999998,0.0001,0.01,,,market.getlist.priceDecimals/quantityDecimals,1774848976587.0,False,0.7420289855072464,0.7426900584795322,0.0,59.37884566488686,1.3441,1.3532,1.3486500000000001,0.009099999999999886,278.376551,0.14885199999999998,73,52,0.0,0.0,0.0,0.0,0.0,0.0,0.0,0.0,0.0,10037.551501,0.14885199999999998,0.14885199999999998,14587.284247,621.9353120000001,621.9353120000001,14587.123771,0.14885199999999998,0.14885199999999998,14587.284247,14457.01372,14457.01372,288,1774762200.0,1774848900.0,290,2.0,0.993103448275862,0.0,21.91642364426512,13.72479765589438,0.0738007380073804,-0.07939919496902138,12.417298500000001,200,3.3636868699619127,415.551431,6.988924461242918,2.9907705783843994,1.2575925,0.555,0.32480862360262114,0.7420289855072464,0.3855072463768116,0.7017543859649122,0.40058479532163743,0.9565789473684211,0.9962068965517241,1.0,1.0,0.0,0.6666666666666666,68.0592721183268,"['quote_volume_24h<50000', 'top_of_book_quote<5']",quote_volume_24h<50000; top_of_book_quote<5,False
nonkyc,PEP/USDC,PEP-USDC,PEP,USDC,True,active,0.00015342,30220.5926,196076045.5773,0.00015284,0.00015467,119.02051965789738,1.5066688210110002,1e-08,0.0001,,,market.getlist.priceDecimals/quantityDecimals,1774845833076.0,False,0.8434782608695652,0.13450292397660824,0.0,49.753877447241294,0.00015284,0.00015467,0.000153755,1.8300000000000011e-06,1.52248310508,1.5066688210110002,40,35,0.0,0.0,0.0,0.0,0.0,0.0,0.0,0.0,0.0,0.0,0.0,0.0,1.52248310508,1.5066688210110002,1.5066688210110002,1.52248310508,1.5066688210110002,1.5066688210110002,5.461743325784999,5.444139475251,5.444139475251,288,1774761900.0,1774848900.0,291,3.0,0.9896907216494846,0.0,79.80091446954539,50.886822752817835,0.019429469901167992,-0.41459436027524993,101.15380376733,200,2.777210763933094,2126.2203541911003,29.524810270765794,64.61432003974915,10.025583852850001,0.49,0.670480306243986,0.8434782608695652,0.7768115942028986,0.13742690058479534,0.8538011695906432,0.7103801169590643,0.9943298969072165,1.0,0.38858939802335984,0.0,0.4628631326744533,67.90544161033488,"['quote_volume_24h<50000', 'top_of_book_quote<5']",quote_volume_24h<50000; top_of_book_quote<5,False
nonkyc,SHIC/USDT,SHIC-USDT,SHIC,USDT,True,active,2.96e-06,2022.2164,634451093.4249,2.95e-06,2.97e-06,67.56756756756693,0.64723336477,1e-08,0.0001,,,market.getlist.priceDecimals/quantityDecimals,1774848666436.0,False,0.6173913043478261,0.6900584795321638,0.0,51.20798372743454,2.95e-06,2.97e-06,2.96e-06,1.999999999999981e-08,0.64723336477,5.471352426474,87,200,0.0,0.0,0.0,0.0,0.0,0.0,0.0,0.0,0.0,0.64723336477,5.471352426474,0.64723336477,0.64723336477,5.68388072416,0.64723336477,0.64723336477,5.68388072416,0.64723336477,0.64723336477,5.68388072416,0.64723336477,288,1774748700.0,1774848900.0,335,47.0,0.8597014925373134,0.0,44.286296066823425,70.32133941346936,0.2845528455284564,0.05042005126719633,8.672792793860001,200,0.4452617801577094,169.3786302562,0.3770891521427504,85.72457337379456,1.05796828615,0.485,0.6554371817889929,0.6173913043478261,0.6985507246376812,0.6988304093567251,0.7631578947368421,0.4847953216374269,0.9228358208955224,1.0,1.0,0.0,0.6666666666666666,67.7875242399748,"['quote_volume_24h<50000', 'top_of_book_quote<5', 'coverage_ratio<0.90']",quote_volume_24h<50000; top_of_book_quote<5; coverage_ratio<0.90,False
nonkyc,RSR/USDT,RSR-USDT,RSR,USDT,True,active,0.001588,3411.5777,2210641.89,0.001579,0.001598,119.6096946805157,89.31285068,1e-06,0.01,,,market.getlist.priceDecimals/quantityDecimals,1774848902740.0,False,0.6550724637681159,0.11695906432748537,0.0,38.95296211543351,0.001579,0.001598,0.0015885,1.899999999999992e-05,89.31285068,173.43519068,23,27,0.0,0.0,0.0,0.0,0.0,0.0,0.0,0.0,0.0,0.0,0.0,0.0,866.73801543,691.2008976,691.2008976,1392.25537475,790.19805957,790.19805957,2629.20580942,2610.92765448,2610.92765448,288,1774762200.0,1774849200.0,291,3.0,0.9896907216494846,0.0,24.916449583731705,31.64887978143094,0.05742574257425757,-0.004831288936991169,6.061345235,200,0.9930169393666082,461.34755621999994,2.2906296913092428,34.43780446052551,1.08148057,0.525,0.20831463244083148,0.6550724637681159,0.9101449275362319,0.11695906432748537,0.9444444444444444,0.5940058479532164,0.9943298969072165,1.0,1.0,0.0,0.6666666666666666,67.08957407713217,['quote_volume_24h<50000'],quote_volume_24h<50000,False
nonkyc,CRC/USDT,CRC-USDT,CRC,USDT,True,active,0.00732,3646.7057,507010.7279,0.007319,0.007328,12.289205980747356,0.0675126517,1e-06,0.0001,,,market.getlist.priceDecimals/quantityDecimals,1774847676081.0,False,0.663768115942029,0.9707602339181287,0.0,60.77625222476482,0.007319,0.007328,0.0073235,9.000000000000327e-06,0.0675126517,2.8052668544,49,200,0.0,0.0,0.0,0.0675126517,2.8052668544,0.0675126517,0.0675126517,2.8052668544,0.0675126517,0.0675126517,2.8052668544,0.0675126517,0.0675126517,2.8714560810000003,0.0675126517,0.0675126517,2.8052668544,0.0675126517,0.0675126517,2.8052668544,0.0675126517,288,1774759200.0,1774848900.0,300,12.0,0.96,0.0,41.12882639501558,50.00309582703035,0.0881516587677727,-0.18380516265918018,13.646893395,200,2.468766503447881,288.3534854474,3.5593871301249354,35.66312122344971,1.4209436555,0.46,3.3467440011542853,0.663768115942029,0.2608695652173913,0.9619883040935673,0.26608187134502925,0.7173976608187134,0.978,1.0,1.0,1.0,1.0,67.0570658530384,"['quote_volume_24h<50000', 'top_of_book_quote<5']",quote_volume_24h<50000; top_of_book_quote<5,False
nonkyc,ZANO/USDT,ZANO-USDT,ZANO,USDT,True,active,9.866,116920.3912,11850.93,9.751,9.867,118.25874197166013,2.46675,0.001,0.01,,,market.getlist.priceDecimals/quantityDecimals,1774848613138.0,False,0.936231884057971,0.16374269005847952,0.0,55.58632087465038,9.751,9.867,9.809000000000001,0.11600000000000144,2.53526,2.46675,121,157,0.0,0.0,0.0,0.0,0.0,0.0,0.0,0.0,0.0,0.0,0.0,0.0,2.53526,8.68485,2.53526,153.30805999999998,8.68485,8.68485,159.98657,455.34657,159.98657,288,1774712100.0,1774848900.0,457,169.0,0.6301969365426696,0.0,35.09752753483881,70.62811184941502,0.008834469931804033,-0.4553232611880568,2.6359500000000002,200,0.40743325301062955,4182.22832,8.5198944462539,70.84514117240906,14.331075,0.55,0.29678590309416353,0.936231884057971,0.8434782608695652,0.16666666666666663,0.8830409356725146,0.49429824561403507,0.7966083150984684,1.0,0.17668939863608063,0.0,0.39222979954536025,66.8900846806361,"['top_of_book_quote<5', 'coverage_ratio<0.90']",top_of_book_quote<5; coverage_ratio<0.90,False
nonkyc,XVG/USDT,XVG-USDT,XVG,USDT,True,active,0.004326,17925.758,4107828.52,0.004325,0.004342,32.29527104959659,0.15687646000000002,1e-06,0.01,,,market.getlist.priceDecimals/quantityDecimals,1774848931831.0,False,0.8028985507246377,0.827485380116959,0.0,64.84655479277906,0.004328,0.004342,0.004335,1.4000000000000123e-05,484.94508568000003,0.15687646000000002,60,75,0.0,0.0,0.0,0.0,0.0,0.0,771.65275243,0.15687646000000002,0.15687646000000002,1183.53195647,0.15687646000000002,0.15687646000000002,5095.8807516,0.15687646000000002,0.15687646000000002,1183.53195647,0.15687646000000002,0.15687646000000002,1951.9613757500001,0.15687646000000002,0.15687646000000002,288,1774744500.0,1774848900.0,349,61.0,0.8252148997134671,0.0,28.6874875189209,33.04420922183465,0.07160493827160434,-0.38628339561169484,39.119025515,200,0.6234368619479388,782.38330784,2.438832971401089,131.4908103942871,2.481643295,0.565,0.8882875599608644,0.8028985507246377,0.42028985507246375,0.8859649122807017,0.4415204678362573,0.47982456140350876,0.903868194842407,1.0,1.0,0.0,0.6666666666666666,66.84620800995471,"['quote_volume_24h<50000', 'top_of_book_quote<5', 'coverage_ratio<0.90']",quote_volume_24h<50000; top_of_book_quote<5; coverage_ratio<0.90,False
nonkyc,KAS/USDC,KAS-USDC,KAS,USDC,True,active,0.0331,11962.8868,357777.04,0.032821,0.033101,84.94887897818498,0.20655024,1e-06,0.01,,,market.getlist.priceDecimals/quantityDecimals,1774848986001.0,False,0.7681159420289855,0.48830409356725146,0.0,54.45397915077549,0.032821,0.033101,0.032961000000000004,0.00027999999999999553,0.20742872000000004,0.20655024,52,57,0.0,0.0,0.0,0.0,0.0,0.0,0.0,0.0,0.0,0.20742872000000004,0.20655024,0.20655024,0.20742872000000004,0.20655024,0.20655024,0.20742872000000004,0.20655024,0.20655024,0.74395946,0.74229287,0.74229287,288,1774755600.0,1774848900.0,312,24.0,0.9230769230769231,0.0,37.47002419362075,38.10921032988859,0.10598282396967819,-0.1738732400929589,30.8053281,200,1.922469989433624,1421.76202698,13.666474144926841,10.672005414962769,4.24320435,0.545,0.44108909551641196,0.7681159420289855,0.5159420289855072,0.5,0.5701754385964912,0.7539473684210526,0.9576923076923078,1.0,1.0,0.0,0.6666666666666666,66.6059848618201,"['quote_volume_24h<50000', 'top_of_book_quote<5']",quote_volume_24h<50000; top_of_book_quote<5,False
nonkyc,MORPHO/USDT,MORPHO-USDT,MORPHO,USDT,True,active,1.5461,3973.7525,2665.95,1.5469,1.5491,29.73881561934276,0.15491,0.0001,0.01,,,market.getlist.priceDecimals/quantityDecimals,1774848950404.0,False,0.6782608695652174,0.9590643274853801,0.0,61.280956013221456,1.5445,1.5491,1.5468,0.0045999999999999375,267.22939,0.15491,45,51,0.0,0.0,0.0,0.0,0.0,0.0,3033.54867,0.15491,0.15491,8787.512968000001,0.15491,0.15491,8787.666568,0.15491,0.15491,3556.883826,0.15491,0.15491,8787.512968000001,0.15491,0.15491,288,1774762200.0,1774848900.0,290,2.0,0.993103448275862,0.0,28.940250740991903,24.275060496276787,0.08605629246198697,-0.22470134930491867,7.4096375000000005,200,1.1373368348157746,655.009513,3.7248322314482096,45.62416434288025,1.090512,0.495,0.9731473879601495,0.6782608695652174,0.40869565217391307,0.9035087719298246,0.4298245614035088,0.6064327485380117,0.9962068965517241,1.0,1.0,0.0,0.6666666666666666,66.25283936978879,"['quote_volume_24h<50000', 'top_of_book_quote<5']",quote_volume_24h<50000; top_of_book_quote<5,False
nonkyc,TRMP/USDT,TRMP-USDT,TRMP,USDT,True,active,9.04e-07,20942.129,22366189004.8345,9.01e-07,9.09e-07,88.39779005524825,0.3399611173974,1e-09,0.0001,,,market.getlist.priceDecimals/quantityDecimals,1774846502426.0,False,0.8144927536231884,0.29532163742690054,0.0,52.18014238494788,9.01e-07,9.09e-07,9.05e-07,7.999999999999966e-09,0.44403230430740004,0.3399611173974,43,200,0.0,0.0,0.0,0.0,0.0,0.0,0.0,0.0,0.0,0.44403230430740004,0.3399611173974,0.3399611173974,0.44403230430740004,0.3399611173974,0.3399611173974,0.44403230430740004,0.3399611173974,0.3399611173974,1.4240384039558,1.2222151763513,1.2222151763513,288,1774761600.0,1774848900.0,292,4.0,0.9863013698630136,0.0,100.68603466061204,131.89035676109916,0.04510756419153373,0.1390059308497433,14.777902034143,200,1.6021383206608688,297.74276829269996,2.3851254939069224,17.333943605422974,1.55285094235,0.485,1.1390107670981784,0.8144927536231884,0.5768115942028985,0.30409356725146197,0.6403508771929824,0.7042397660818713,0.9924657534246575,1.0,0.9021512838306746,0.0695053835490892,0.6572188891265879,66.02008568307664,"['quote_volume_24h<50000', 'top_of_book_quote<5']",quote_volume_24h<50000; top_of_book_quote<5,False
nonkyc,EQPAY/USDT,EQPAY-USDT,EQPAY,USDT,True,active,0.004576,288.4444,62600.0293,0.004575,0.004598,50.21285885820235,1.1228583408,1e-06,0.0001,,,market.getlist.priceDecimals/quantityDecimals,1774848876107.0,False,0.5246376811594203,0.7777777777777778,0.0,48.29951690821257,0.004569,0.004592,0.0045804999999999995,2.2999999999999583e-05,2.1075796389,1.1228583408,45,200,0.0,0.0,0.0,0.0,0.0,0.0,0.0,0.0,0.0,4.3047476376,2.7973294554,2.7973294554,8.2938253302,7.794073309,7.794073309,4.3047476376,2.7973294554,2.7973294554,8.2938253302,7.794073309,7.794073309,286,1774730400.0,1774848900.0,396,110.0,0.7222222222222222,0.0,14.387648411629728,36.76509497057291,0.02809136256235217,-0.5409371344810315,1.7539165620000001,200,0.3690686061635244,128.8528140519,0.2377776424119126,76.33193612098694,0.65625102155,0.53,0.28653314586726586,0.5246376811594203,0.8057971014492754,0.7894736842105263,0.8304093567251462,0.48830409356725146,0.8472222222222223,0.5323040343024773,0.5618272512470434,0.0,0.36471042851650687,65.9610758081755,"['quote_volume_24h<50000', 'top_of_book_quote<5', 'coverage_ratio<0.90']",quote_volume_24h<50000; top_of_book_quote<5; coverage_ratio<0.90,False
nonkyc,RIC/USDT,RIC-USDT,RIC,USDT,True,active,0.00957393,8362.1033,904791.9306,0.00950995,0.00959114,85.01085540144575,0.410646297965,1e-08,0.0001,,,market.getlist.priceDecimals/quantityDecimals,1774845667829.0,False,0.736231884057971,0.39766081871345027,0.0,50.43427409102467,0.00950995,0.00959114,0.009550545,8.119000000000008e-05,0.410646297965,0.41143113257999997,31,53,0.0,0.0,0.0,0.0,0.0,0.0,0.0,0.0,0.0,0.410646297965,0.41143113257999997,0.410646297965,0.410646297965,0.41143113257999997,0.410646297965,0.410646297965,0.41143113257999997,0.410646297965,1.551742369985,1.4758139063070002,1.4758139063070002,288,1774761000.0,1774848900.0,294,6.0,0.9795918367346939,0.0,65.06812918051479,48.18530367688284,0.054966796057921985,-0.28827142639938785,29.242316015420002,200,1.4262593602552982,855.4050799900999,6.100147510729061,47.0066077709198,4.2424256529,0.51,0.7654096511938897,0.736231884057971,0.6115942028985507,0.4064327485380117,0.6754385964912281,0.6328947368421053,0.9887755102040816,1.0,1.0,0.0,0.6666666666666666,65.95704063471308,"['quote_volume_24h<50000', 'top_of_book_quote<5']",quote_volume_24h<50000; top_of_book_quote<5,False
nonkyc,ZEPH/ZSD,ZEPH-ZSD,ZEPH,ZSD,True,active,0.429874,4389.1247,10032.4224,0.427547,0.431197,85.00787196184163,0.6965168177000001,1e-06,0.0001,,,market.getlist.priceDecimals/quantityDecimals,1774845824242.0,False,0.6898550724637681,0.4035087719298246,0.0,48.02974828375286,0.427547,0.431197,0.429372,0.0036499999999999866,0.6965168177000001,0.6974180278,48,63,0.0,0.0,0.0,0.0,0.0,0.0,0.0,0.0,0.0,0.6965168177000001,0.6974180278,0.6965168177000001,0.6965168177000001,0.6974180278,0.6965168177000001,0.6965168177000001,0.6974180278,0.6965168177000001,2.499476372,2.5022576037999995,2.499476372,288,1774761300.0,1774848900.0,293,5.0,0.9829351535836177,0.0,59.02881475924018,43.06653736451354,0.027235384872396982,-0.4728286282530147,14.789755094499998,200,1.3038872137560102,527.9975786931,3.442246458760329,52.9368736743927,2.74695105055,0.54,0.6943923356384814,0.6898550724637681,0.7101449275362319,0.4122807017543859,0.7748538011695907,0.6084795321637427,0.9906143344709899,1.0,0.5447076974479396,0.0,0.5149025658159799,65.91166531611658,"['quote_volume_24h<50000', 'top_of_book_quote<5']",quote_volume_24h<50000; top_of_book_quote<5,False
nonkyc,SAL/USDT,SAL-USDT,SAL,USDT,True,active,0.016486,44458.7306,2805032.3082,0.016378,0.016554,106.88691849872407,0.6123111836,1e-06,0.0001,,,market.getlist.priceDecimals/quantityDecimals,1774848901102.0,False,0.8869565217391304,0.20175438596491224,0.0,53.82646834477498,0.016378,0.016554,0.016466,0.00017599999999999907,0.6123111836,0.6241255295999999,76,152,0.0,0.0,0.0,0.0,0.0,0.0,0.0,0.0,0.0,0.0,0.0,0.0,0.6123111836,0.6241255295999999,0.6123111836,0.6123111836,0.6241255295999999,0.6123111836,4.0009069912,2.2368875206,2.2368875206,288,1774761300.0,1774848900.0,293,5.0,0.9829351535836177,0.0,115.5867180574668,189.36303686071594,0.007912733849544992,-0.2439032296324231,157.54147419499998,200,1.4558027387289023,4792.6140926946,34.88550360907766,48.06203007698059,24.556690121400003,0.475,1.081392556553556,0.8869565217391304,0.6811594202898551,0.2192982456140351,0.7456140350877193,0.632748538011696,0.9906143344709899,1.0,0.15825467699089982,0.04069627827677802,0.39965031842255927,65.8794581231384,"['quote_volume_24h<50000', 'top_of_book_quote<5']",quote_volume_24h<50000; top_of_book_quote<5,False
nonkyc,PEPE/USDT,PEPE-USDT,PEPE,USDT,True,active,3.37e-06,45928.1153,14020611578.0,3.37e-06,3.38e-06,29.629629629629346,0.14988272,1e-08,1.0,,,market.getlist.priceDecimals/quantityDecimals,1774848465458.0,False,0.8898550724637682,0.9005847953216375,0.0,71.45664886854819,3.37e-06,3.38e-06,3.375e-06,9.999999999999904e-09,321.80667178,0.14988272,52,67,0.0,0.0,0.0,0.0,0.0,0.0,321.80667178,0.14988272,0.14988272,25429.5205153,0.14988272,0.14988272,52555.448758850005,0.14988272,0.14988272,321.80667178,0.14988272,0.14988272,25429.5205153,0.14988272,0.14988272,288,1774748700.0,1774848300.0,333,45.0,0.8648648648648649,0.0,10.3530986675173,24.47933178883951,0.06542056074766361,0.02529599824249728,27.700198195,200,1.1360742386584282,1477.45616611,8.392499445323093,559.0325586795807,1.99588337,0.515,0.3494170800287122,0.8898550724637682,0.391304347826087,0.9064327485380117,0.4093567251461988,0.45614035087719296,0.9256756756756758,0.19609155562644162,1.0,0.0,0.39869718520881386,65.67779929280117,"['quote_volume_24h<50000', 'top_of_book_quote<5', 'coverage_ratio<0.90', 'natr_bps_mean<12']",quote_volume_24h<50000; top_of_book_quote<5; coverage_ratio<0.90; natr_bps_mean<12,False
nonkyc,NEXA/USDT,NEXA-USDT,NEXA,USDT,True,active,4.54e-07,6414.5743,14107736918.8088,4.539e-07,4.555e-07,35.188036067737286,0.19000618336452,1e-10,0.0001,,,market.getlist.priceDecimals/quantityDecimals,1774848877430.0,False,0.7130434782608696,0.847953216374269,0.0,60.41622171370455,4.539e-07,4.555e-07,4.547e-07,1.6000000000000143e-09,0.19000618336452,1.62510202661995,111,200,0.0,0.0,0.0,0.0,0.0,0.0,0.19000618336452,1.62510202661995,0.19000618336452,0.19000618336452,1.62510202661995,0.19000618336452,0.6724076392954801,1.62510202661995,0.6724076392954801,0.19000618336452,1.62510202661995,0.19000618336452,0.19000618336452,1.62510202661995,0.19000618336452,288,1774760700.0,1774848900.0,295,7.0,0.976271186440678,0.0,20.909208160684297,15.855247099848553,0.0011904761904759612,-0.5417532042740777,20.7407332013442,200,1.00262026451472,853.6248056967,4.279307642419759,25.54830241203308,4.8733967545,0.475,0.5942135594164415,0.7130434782608696,0.4956521739130435,0.8538011695906433,0.5497076023391813,0.6080409356725146,0.986949152542373,1.0,0.02380952380951922,0.0,0.3412698412698398,65.6632476548778,"['quote_volume_24h<50000', 'top_of_book_quote<5']",quote_volume_24h<50000; top_of_book_quote<5,False
nonkyc,FET/USDT,FET-USDT,FET,USDT,True,active,0.2412,121208.2539,515357.62,0.241,0.2426,82.78145695364246,0.11887400000000001,0.0001,0.01,,,market.getlist.priceDecimals/quantityDecimals,1774848983216.0,False,0.9449275362318841,0.695906432748538,0.0,69.36867531146709,0.2406,0.2426,0.2416,0.0020000000000000018,898.626564,0.11887400000000001,62,53,0.0,0.0,0.0,0.0,0.0,0.0,0.0,0.0,0.0,1608.4478840000002,0.11887400000000001,0.11887400000000001,11214.580571,0.11887400000000001,0.11887400000000001,7124.185305,0.11887400000000001,0.11887400000000001,23801.62831,2447.381279,2447.381279,288,1774762500.0,1774848900.0,289,1.0,0.9965397923875432,0.0,46.35656394251949,37.942368285252655,0.020382165605095565,-0.19364744728235536,186.8416975,200,3.193306828975798,4581.300838,73.14749625788973,20.318559408187866,9.35089,0.51,0.5599872924256349,0.9449275362318841,0.3188405797101449,0.5730994152046784,0.32748538011695905,0.843859649122807,0.9980968858131487,1.0,0.4076433121019113,0.0,0.4692144373673037,65.64397516925685,['top_of_book_quote<5'],top_of_book_quote<5,False
nonkyc,EVR/USDT,EVR-USDT,EVR,USDT,True,active,4.066e-05,2788.6563,68159194.7634,4.061e-05,4.095e-05,83.37420304070626,0.5683869377549999,1e-08,0.0001,,,market.getlist.priceDecimals/quantityDecimals,1774845763940.0,False,0.6318840579710145,0.5497076023391814,0.0,48.496313246885336,4.061e-05,4.095e-05,4.078e-05,3.4000000000000013e-07,0.6032860500130001,0.5683869377549999,43,123,0.0,0.0,0.0,0.0,0.0,0.0,0.0,0.0,0.0,0.6032860500130001,0.5683869377549999,0.5683869377549999,0.6032860500130001,0.5683869377549999,0.5683869377549999,0.6032860500130001,0.5683869377549999,0.5683869377549999,2.184780072733,0.5683869377549999,0.5683869377549999,288,1774762200.0,1774848900.0,290,2.0,0.993103448275862,0.0,64.31263537411435,35.45996146007824,0.009865470852018115,-0.48721992090216326,9.985081168465,200,2.184707159122266,192.2815566531,2.100394466936006,39.72314953804016,0.9999999995,0.53,0.7713733148695242,0.6318840579710145,0.663768115942029,0.5584795321637427,0.7280701754385965,0.7010233918128655,0.9962068965517241,1.0,0.19730941704036228,0.0,0.39910313901345407,65.56619468567976,"['quote_volume_24h<50000', 'top_of_book_quote<5']",quote_volume_24h<50000; top_of_book_quote<5,False
nonkyc,CRO/USDT,CRO-USDT,CRO,USDT,True,active,0.07158,4966.5809,69522.7755,0.071202,0.071688,68.02435439848838,0.2891655624,1e-06,0.0001,,,market.getlist.priceDecimals/quantityDecimals,1774845783774.0,False,0.6985507246376812,0.6783625730994152,0.0,55.37935418255785,0.071202,0.071688,0.07144500000000001,0.0004860000000000003,0.2891655624,1.0404581256,34,53,0.0,0.0,0.0,0.0,0.0,0.0,0.0,0.0,0.0,0.2891655624,1.0404581256,0.2891655624,0.2891655624,1.3292739236000002,0.2891655624,0.2891655624,1.3292739236000002,0.2891655624,0.2891655624,1.3292739236000002,0.2891655624,288,1774760700.0,1774848900.0,295,7.0,0.976271186440678,0.0,48.810303307782426,33.29855255969686,0.0032699701749970903,-0.5893471344971887,16.7739639215,200,1.349466960572291,563.0537113947,3.7991119027737694,18.260813236236572,2.99946749325,0.515,0.7175415884412579,0.6985507246376812,0.5623188405797102,0.6871345029239766,0.6228070175438597,0.6763157894736842,0.986949152542373,1.0,0.0653994034999418,0.0,0.35513313449998063,65.52481473414082,"['quote_volume_24h<50000', 'top_of_book_quote<5']",quote_volume_24h<50000; top_of_book_quote<5,False
nonkyc,SAND/USDT,SAND-USDT,SAND,USDT,True,active,0.0741,20877.738,286666.91,0.074,0.0745,67.3400673400674,0.08046,0.0001,0.01,,,market.getlist.priceDecimals/quantityDecimals,1774848964227.0,False,0.8115942028985508,0.6929824561403508,0.0,61.96224256292906,0.074,0.0745,0.07425,0.0005000000000000004,305.17748,0.08046,56,50,0.0,0.0,0.0,0.0,0.0,0.0,0.0,0.0,0.0,629.919945,0.08046,0.08046,1963.4341960000002,320.805256,320.805256,977.9607450000001,0.08046,0.08046,2975.154652,1326.427969,1326.427969,288,1774761000.0,1774848900.0,294,6.0,0.9795918367346939,0.0,24.78735009334443,21.770299485010632,0.04504504504504466,-0.10660051249489479,36.2394675,200,3.083223921729332,713.4241080000002,10.998231380620055,0.5414371490478516,2.4708930000000002,0.465,0.3680921488861644,0.8115942028985508,0.26956521739130435,0.7046783625730995,0.2777777777777778,0.9065789473684212,0.9887755102040816,1.0,0.9009009009008931,0.0,0.633633633633631,65.4696800475813,"['quote_volume_24h<50000', 'top_of_book_quote<5']",quote_volume_24h<50000; top_of_book_quote<5,False
nonkyc,FARTCOIN/USDT,FARTCOIN-USDT,FARTCOIN,USDT,True,active,0.17165,2296.0,13689.52,0.17018,0.17288,151.35135135135025,192.17243519999997,1e-05,0.01,,,market.getlist.priceDecimals/quantityDecimals,1774848941542.0,False,0.6231884057971014,0.05555555555555558,0.0,35.66425120772947,0.16983,0.17242,0.171125,0.002589999999999981,197.3067957,192.17243519999997,35,32,0.0,0.0,0.0,0.0,0.0,0.0,0.0,0.0,0.0,0.0,0.0,0.0,2584.3348846,1523.0905551,1523.0905551,5218.9730898,5128.411016,5128.411016,5218.9730898,5128.411016,5128.411016,288,1774762200.0,1774849200.0,291,3.0,0.9896907216494846,0.0,21.845435803989105,33.48794731110234,0.01688394956187216,0.23852747683274267,3.4377405000000003,200,0.920004320949726,687.3996782,3.162053370817256,2.733644962310791,1.2687821,0.48,0.1443359151335005,0.6231884057971014,0.9594202898550724,0.052631578947368474,0.9619883040935673,0.6954678362573099,0.9943298969072165,1.0,0.33767899123744316,0.0,0.4458929970791477,65.43078220708969,"['quote_volume_24h<50000', 'spread_bps>120']",quote_volume_24h<50000; spread_bps>120,False
nonkyc,BONK/USDT,BONK-USDT,BONK,USDT,True,active,5.86e-06,9451.2775,1652020121.0,5.86e-06,5.87e-06,17.05029838022149,0.1571986,1e-08,1.0,,,market.getlist.priceDecimals/quantityDecimals,1774848591674.0,False,0.744927536231884,0.9532163742690059,0.0,64.80142384947877,5.86e-06,5.87e-06,5.865e-06,9.999999999999904e-09,2549.092675,0.1571986,45,49,0.0,0.0,0.0,2549.092675,0.1571986,0.1571986,2549.092675,0.1571986,0.1571986,13969.125403639999,0.1571986,0.1571986,33020.28674278,4599.32543386,4599.32543386,2549.092675,0.1571986,0.1571986,7924.180642599999,0.1571986,0.1571986,288,1774757400.0,1774848300.0,304,16.0,0.9473684210526315,0.0,17.1250484887588,25.630785860740122,0.044642857142857234,-0.06643928881203236,11.67290958,200,0.9095829107470675,2487.68675414,11.31378679428793,472.94109058380127,5.044247329999999,0.54,1.0043840938657131,0.744927536231884,0.42318840579710143,0.9502923976608187,0.4444444444444444,0.42266081871345035,0.9710526315789474,0.7604207073965666,0.8928571428571447,0.002192046932856573,0.5518232990621893,65.40295203460867,"['quote_volume_24h<50000', 'top_of_book_quote<5']",quote_volume_24h<50000; top_of_book_quote<5,False
nonkyc,LPEPE/USDT,LPEPE-USDT,LPEPE,USDT,True,active,2.09e-07,370.3148,1878055192.6522,2.08e-07,2.09e-07,47.96163069544344,0.8488535630971,1e-09,0.0001,,,market.getlist.priceDecimals/quantityDecimals,1774848428938.0,False,0.5391304347826087,0.7894736842105263,0.0,49.389016018306634,2.08e-07,2.09e-07,2.085e-07,9.999999999999957e-10,0.9870631790240001,0.8488535630971,75,200,0.0,0.0,0.0,0.0,0.0,0.0,0.9870631790240001,0.8488535630971,0.8488535630971,0.9870631790240001,0.8488535630971,0.8488535630971,0.9870631790240001,0.8488535630971,0.8488535630971,0.9870631790240001,0.8488535630971,0.8488535630971,0.9870631790240001,0.8488535630971,0.8488535630971,288,1774695300.0,1774848600.0,512,224.0,0.5625,0.0,69.14169218074264,137.31319381577003,0.02981029810298101,0.057372538131501276,0.377515974423,200,0.29683309513018563,134.18982979359998,0.1991599125631354,517.0083899497986,0.27365992544999995,0.495,1.4416042819684902,0.5391304347826087,0.744927536231884,0.804093567251462,0.8070175438596491,0.370906432748538,0.759375,1.0,0.5962059620596202,0.2208021409842451,0.6056693676812884,65.26063945611622,"['quote_volume_24h<50000', 'top_of_book_quote<5', 'coverage_ratio<0.90']",quote_volume_24h<50000; top_of_book_quote<5; coverage_ratio<0.90,False
nonkyc,XLM/USDC,XLM-USDC,XLM,USDC,True,active,0.1681,8152.9452,49035.37,0.1673,0.1684,65.5347036044081,0.15156,0.0001,0.01,,,market.getlist.priceDecimals/quantityDecimals,1774848954356.0,False,0.7333333333333333,0.6988304093567251,0.0,57.804093567251456,0.1673,0.1684,0.16785,0.0010999999999999899,262.018568,0.15156,55,56,0.0,0.0,0.0,0.0,0.0,0.0,0.0,0.0,0.0,732.155477,0.15156,0.15156,3475.497781,0.15156,0.15156,1600.978354,0.15156,0.15156,4138.790282,250.285136,250.285136,288,1774759500.0,1774848900.0,299,11.0,0.9632107023411371,0.0,27.424981494247692,18.81721664003674,0.017621145374449268,-0.23659437812474307,19.5512675,200,3.2147552980926393,242.390755,3.8961348192246246,15.096989393234253,1.0843099999999999,0.45,0.4184802858008652,0.7333333333333333,0.39420289855072466,0.7134502923976609,0.4152046783625731,0.8703216374269005,0.9797658862876255,1.0,0.35242290748898536,0.0,0.45080763582966177,64.97049494657333,"['quote_volume_24h<50000', 'top_of_book_quote<5']",quote_volume_24h<50000; top_of_book_quote<5,False
nonkyc,XTM/USDT,XTM-USDT,XTM,USDT,True,active,0.000816,79409.6231,97955397.7168,0.000812,0.00082,98.03921568627423,0.271478712,1e-06,0.0001,,,market.getlist.priceDecimals/quantityDecimals,1774848923048.0,False,0.927536231884058,0.2514619883040936,0.0,57.301042461225535,0.000812,0.00082,0.000816,7.999999999999978e-06,216.27848488680002,0.271478712,76,200,0.0,0.0,0.0,0.0,0.0,0.0,0.0,0.0,0.0,216.27848488680002,0.271478712,0.271478712,219.24749838690002,0.271478712,0.271478712,219.24749838690002,0.271478712,0.271478712,757.1841385814,1.1381629548,1.1381629548,288,1774758300.0,1774848900.0,303,15.0,0.9504950495049505,0.0,62.79882473319991,38.24357628134292,0.024539877300613484,-0.3046051161806711,302.975673873,200,1.0013356983744435,4998.027541121501,25.023516991918,10.962835311889648,24.8886943584,0.605,0.6405480122786409,0.927536231884058,0.5507246376811594,0.2573099415204678,0.6111111111111112,0.6654970760233918,0.9727722772277227,1.0,0.49079754601226966,0.0,0.4969325153374233,64.96422310998912,['top_of_book_quote<5'],top_of_book_quote<5,False
nonkyc,DASH/USDT,DASH-USDT,DASH,USDT,True,active,32.26,76861.0255,2406.7215,31.99,32.27,87.14596949891212,0.34125525,0.01,1e-06,,,market.getlist.priceDecimals/quantityDecimals,1774848630510.0,False,0.9217391304347826,0.30409356725146197,0.0,58.2979913551996,31.99,32.27,32.13,0.2800000000000047,0.36219078,0.34125525,76,200,0.0,0.0,0.0,0.0,0.0,0.0,0.0,0.0,0.0,0.36219078,0.34125525,0.34125525,0.36219078,0.34125525,0.34125525,0.36219078,0.34125525,0.34125525,10764.29143962,1.19544455,1.19544455,288,1774746900.0,1774848600.0,340,52.0,0.8470588235294118,0.03125,29.072823511135198,41.42483961648405,0.016580310880828973,-0.373083155780736,81.91587000000001,200,0.9447346748025255,9340.86461736,44.123193483280076,17.12030529975891,12.73171991,0.51,0.33361064979027083,0.9217391304347826,0.5797101449275363,0.3157894736842105,0.6432748538011696,0.6266081871345031,0.9018198529411765,1.0,0.33160621761657944,0.0,0.4438687392055265,64.8909566054233,"['top_of_book_quote<5', 'coverage_ratio<0.90']",top_of_book_quote<5; coverage_ratio<0.90,False
nonkyc,OP/USDT,OP-USDT,OP,USDT,True,active,0.1072,17980.8584,174835.16,0.1067,0.1074,65.39000467071389,0.054773999999999996,0.0001,0.01,,,market.getlist.priceDecimals/quantityDecimals,1774848906252.0,False,0.8057971014492754,0.7076023391812866,0.0,62.00889905924232,0.1067,0.1074,0.10705,0.0006999999999999923,827.012494,0.054773999999999996,53,53,0.0,0.0,0.0,0.0,0.0,0.0,0.0,0.0,0.0,827.012494,0.054773999999999996,0.054773999999999996,6030.789089,1633.302338,1633.302338,2520.5296989999997,0.054773999999999996,0.054773999999999996,9499.926594999999,4188.309904,4188.309904,288,1774761900.0,1774848900.0,291,3.0,0.9896907216494846,0.0,32.26832889351863,25.044603344306985,0.0880361173814896,-0.06245946916503078,29.9982185,200,3.058873371045417,1815.378055,27.76505795409861,1.2327914237976074,7.5540925,0.55,0.49347494400731534,0.8057971014492754,0.23768115942028986,0.7192982456140351,0.23976608187134502,0.8957602339181286,0.9943298969072165,1.0,1.0,0.0,0.6666666666666666,64.8787426507401,"['quote_volume_24h<50000', 'top_of_book_quote<5']",quote_volume_24h<50000; top_of_book_quote<5,False
nonkyc,LINK/USDC,LINK-USDC,LINK,USDC,True,active,8.69,7191.7541,847.89,8.66,8.7,57.63688760806793,0.087,0.01,0.01,,,market.getlist.priceDecimals/quantityDecimals,1774848948212.0,False,0.7275362318840579,0.8011695906432749,0.0,60.04373251970506,8.65,8.7,8.675,0.049999999999998934,155.0945,0.087,57,42,0.0,0.0,0.0,0.0,0.0,0.0,0.0,0.0,0.0,278.0417,0.087,0.087,1031.382,1380.7852,1031.382,455.56080000000003,0.087,0.087,1196.8044,1718.6056,1196.8044,288,1774762200.0,1774848900.0,290,2.0,0.993103448275862,0.0,18.992032736502292,18.660157684053278,0.07317073170731757,0.008807789005000758,11.949549999999999,200,3.3673964190069117,529.855,8.921159147964536,10.997491598129272,1.038,0.475,0.3295117679783218,0.7275362318840579,0.28405797101449276,0.7543859649122807,0.2894736842105263,0.9134502923976608,0.9962068965517241,0.9160027280418577,1.0,0.0,0.6386675760139525,64.83814213221665,"['quote_volume_24h<50000', 'top_of_book_quote<5']",quote_volume_24h<50000; top_of_book_quote<5,False
nonkyc,IOTA/USDT,IOTA-USDT,IOTA,USDT,True,active,0.0554,41226.2862,763108.53,0.0551,0.0555,72.33273056057823,0.10212,0.0001,0.01,,,market.getlist.priceDecimals/quantityDecimals,1774848978115.0,False,0.8753623188405797,0.6461988304093567,0.0,64.29989829646581,0.0551,0.0555,0.0553,0.0003999999999999976,856.7421860000001,0.10212,48,40,0.0,0.0,0.0,0.0,0.0,0.0,0.0,0.0,0.0,856.7421860000001,0.10212,0.10212,3458.3479890000003,0.10212,0.10212,1664.542586,0.10212,0.10212,5972.880014,5118.7530369999995,5118.7530369999995,288,1774758300.0,1774848900.0,303,15.0,0.9504950495049505,0.0,19.32702387939761,21.041108158826997,0.017964071856287057,-0.0010596072289925937,57.693557,200,2.9673098886721916,1922.489605,28.52311207892998,6.685433626174927,3.8633189999999997,0.435,0.26719610513267356,0.8753623188405797,0.30144927536231886,0.6491228070175439,0.30994152046783624,0.8527777777777779,0.9727722772277227,0.9439186566164676,0.3592814371257411,0.0,0.43440003124740284,64.20823465352828,"['quote_volume_24h<50000', 'top_of_book_quote<5']",quote_volume_24h<50000; top_of_book_quote<5,False
nonkyc,ADM/USDT,ADM-USDT,ADM,USDT,True,active,0.01173555,11357.4871,974823.2225,0.01145764,0.01191576,392.00116371601854,1.1293304529119998,1e-08,0.0001,,,market.getlist.priceDecimals/quantityDecimals,1774848952688.0,False,0.7652173913043478,0.02631578947368418,0.0,42.74485125858124,0.01145764,0.01191576,0.0116867,0.00045811999999999936,10.767263339092,1.1293304529119998,35,36,0.0,0.0,0.0,0.0,0.0,0.0,0.0,0.0,0.0,0.0,0.0,0.0,0.0,0.0,0.0,31.089577136202,68.104507915246,31.089577136202,67.666282035833,72.158055269748,67.666282035833,288,1774762500.0,1774848900.0,289,1.0,0.9965397923875432,0.0,10.958043231322067,25.186176347425558,0.06333857080476656,-0.04487621270975083,38.96662021535,200,1.248660421488347,1275.2460536499998,7.961746374259799,58.547738552093506,6.24477089985,0.57,0.027954108930300307,0.7652173913043478,0.8666666666666667,0.023391812865497075,0.8333333333333334,0.5976608187134503,0.9980968858131487,0.24650360261017226,1.0,0.0,0.41550120087005743,64.04739708854576,"['quote_volume_24h<50000', 'spread_bps>120', 'top_of_book_quote<5', 'natr_bps_mean<12']",quote_volume_24h<50000; spread_bps>120; top_of_book_quote<5; natr_bps_mean<12,False
nonkyc,DOGE/USDC,DOGE-USDC,DOGE,USDC,True,active,0.0929728,42.2717,465.37,0.0928591,0.0932555,54.277760633785284,0.185578445,1e-07,0.01,,,market.getlist.priceDecimals/quantityDecimals,1774848938230.0,False,0.42318840579710143,0.8216374269005848,0.0,43.8162979913552,0.0927507,0.0932555,0.0930031,0.0005047999999999997,436.00712809500004,0.185578445,112,59,0.0,0.0,0.0,0.0,0.0,0.0,0.0,0.0,0.0,10810.613462516,0.185578445,0.185578445,10810.798394916,0.185578445,0.185578445,10810.613462516,0.185578445,0.185578445,10810.798394916,5315.481632244,5315.481632244,288,1774762800.0,1774848900.0,288,0.0,1.0,0.0,27.871168434627222,21.01960320570674,0.07043654317479497,-0.20445507457206336,0.11225534,200,3.0951854649275754,2.1032298750000002,0.03254943269250721,4.102558135986328,0.005571207,0.525,0.5134914946597625,0.42318840579710143,0.48985507246376814,0.7748538011695907,0.543859649122807,0.8868421052631579,1.0,1.0,1.0,0.0,0.6666666666666666,64.01093312992626,"['quote_volume_24h<50000', 'top_of_book_quote<5']",quote_volume_24h<50000; top_of_book_quote<5,False
nonkyc,NOOK/USDT,NOOK-USDT,NOOK,USDT,True,active,4.6688e-12,2566.9305,550529744165821.7,4.653e-12,4.6689e-12,34.113217262576015,0.21491827859103083,1e-16,0.0001,,,market.getlist.priceDecimals/quantityDecimals,1774845608031.0,False,0.6260869565217392,0.8625730994152047,0.0,55.999110094075775,4.653e-12,4.6689e-12,4.66095e-12,1.5900000000000366e-14,0.21491827859103083,1.176898156885608,40,200,0.0,0.0,0.0,0.0,0.0,0.0,0.21491827859103083,1.176898156885608,0.21491827859103083,0.21491827859103083,1.176898156885608,0.21491827859103083,0.21491827859103083,16.52876542666389,0.21491827859103083,0.21491827859103083,1.176898156885608,0.21491827859103083,0.21491827859103083,16.52876542666389,0.21491827859103083,288,1774758300.0,1774848900.0,303,15.0,0.9504950495049505,0.0,17.690435575076354,16.793496377397748,0.008333799429498315,-0.4769230028651905,9.181093516549979,200,0.6624894132819246,532.9107705952999,1.7652387187164926,20.984598398208618,2.6982071491,0.54,0.5185800987022027,0.6260869565217392,0.5246376811594203,0.8654970760233918,0.5818713450292398,0.5814327485380117,0.9727722772277227,0.8075362979230295,0.1666759885899663,0.0,0.32473742883766527,63.97405459942834,"['quote_volume_24h<50000', 'top_of_book_quote<5']",quote_volume_24h<50000; top_of_book_quote<5,False
nonkyc,LAX/USDT,LAX-USDT,LAX,USDT,True,active,0.0145,347.1784,26381.9753,0.0144,0.0145,69.20415224913572,0.64094688,0.0001,0.0001,,,market.getlist.priceDecimals/quantityDecimals,1774848809935.0,False,0.5333333333333333,0.6666666666666667,0.0,46.0,0.0144,0.0145,0.014450000000000001,0.00010000000000000113,0.64094688,1.10007005,56,164,0.0,0.0,0.0,0.0,0.0,0.0,0.0,0.0,0.0,0.64094688,1.10007005,0.64094688,0.64094688,1.10007005,0.64094688,0.64094688,1.10007005,0.64094688,0.64094688,1.38597893,0.64094688,288,1774678200.0,1774848600.0,569,281.0,0.5061511423550088,0.0,115.52247890961027,321.23609831737843,0.13606911447084238,0.47006836540085134,0.0924642,200,0.914396068836129,34.63291392,0.15834100170394025,379.8644366264343,0.02242662,0.255,1.6692998202438498,0.5333333333333333,0.6956521739130435,0.6754385964912281,0.7602339181286549,0.43479532163742696,0.7283831282952549,1.0,1.0,0.3346499101219249,0.7782166367073083,63.885473876824506,"['quote_volume_24h<50000', 'top_of_book_quote<5', 'coverage_ratio<0.90']",quote_volume_24h<50000; top_of_book_quote<5; coverage_ratio<0.90,False
nonkyc,0G/USDT,0G-USDT,0G,USDT,True,active,0.4765,41084.217,86819.05,0.4764,0.4793,102.75768061235222,0.158169,0.0001,0.01,,,market.getlist.priceDecimals/quantityDecimals,1774848847381.0,False,0.8724637681159421,0.7192982456140351,0.0,65.9679633867277,0.4744,0.4793,0.47685,0.0049000000000000155,69.56601599999999,0.158169,51,38,0.0,0.0,0.0,0.0,0.0,0.0,0.0,0.0,0.0,0.0,0.0,0.0,3021.046269,0.158169,0.158169,3294.7590689999997,0.158169,0.158169,3401.954167,4457.296158,3401.954167,288,1774762500.0,1774848900.0,289,1.0,0.9965397923875432,0.0,38.90504681081739,24.2615833824974,0.024999999999999904,-0.21907066703416164,72.0933385,200,3.6025498848332216,1706.302404,30.735197645104247,1.2741320133209229,4.010446,0.535,0.3786096239130248,0.8724637681159421,0.4260869565217391,0.23391812865497075,0.45614035087719296,0.9859649122807017,0.9980968858131487,1.0,0.49999999999999806,0.0,0.49999999999999933,63.66523023621436,"['quote_volume_24h<50000', 'top_of_book_quote<5']",quote_volume_24h<50000; top_of_book_quote<5,False
nonkyc,FUSD/USDC,FUSD-USDC,FUSD,USDC,True,active,1.000099,86.9663,86.9616,0.9999,1.0001,1.9999999999997797,0.94780521,1e-06,0.0001,,,market.getlist.priceDecimals/quantityDecimals,1774845593415.0,False,0.4753623188405797,0.9970760233918129,0.0,51.07182812102721,0.9999,1.0001,1.0,0.00019999999999997797,0.94780521,7.0007,37,30,0.94780521,7.0007,0.94780521,0.94780521,4907.146150199999,0.94780521,8499.411296530001,4908.849506316,4908.849506316,8499.411296530001,4908.849506316,4908.849506316,8501.111563427,4908.849506316,4908.849506316,0.94780521,7.0007,0.94780521,0.94780521,7.0007,0.94780521,288,1774680600.0,1774848900.0,562,274.0,0.5124555160142349,0.0,1.4678064438385774,5.477903158098214,0.0020963477198263558,-0.540067121394638,0.7779229780000001,200,0.12145071912400379,102.56986736019999,0.062285920756749866,48.88162899017334,0.5224982675500001,0.48,0.7339032219193695,0.4753623188405797,0.9565217391304348,0.9970760233918129,0.8157894736842105,0.23640350877192978,0.7318505338078292,0.0,0.04192695439652711,0.0,0.013975651465509038,63.313766556521834,"['quote_volume_24h<50000', 'top_of_book_quote<5', 'coverage_ratio<0.90', 'natr_bps_mean<12']",quote_volume_24h<50000; top_of_book_quote<5; coverage_ratio<0.90; natr_bps_mean<12,False
nonkyc,ETI/EGAZ,ETI-EGAZ,ETI,EGAZ,True,active,9.86250334,1257.4686,127.4049,9.86250333,9.94669241,84.99999808674876,15.709981554356999,1e-08,0.0001,,,market.getlist.priceDecimals/quantityDecimals,1774845412824.0,False,0.5942028985507246,0.4385964912280702,0.0,43.64607170099161,9.86250333,9.94669241,9.90459787,0.08418908000000158,15.709981554356999,15.743624746548,35,46,0.0,0.0,0.0,0.0,0.0,0.0,0.0,0.0,0.0,15.709981554356999,15.743624746548,15.709981554356999,15.709981554356999,15.743624746548,15.709981554356999,15.709981554356999,15.743624746548,15.709981554356999,56.389124008782005,56.47300107274,56.389124008782005,288,1774667100.0,1774848900.0,607,319.0,0.4744645799011532,0.0,24.481822701301162,111.51685096247708,0.045269686468756794,-0.2090895934164684,6.1008194637,200,0.14404209659065456,1222.4000953753002,0.8803853630523717,206.6773500442505,5.2591523336999995,0.455,0.28802145002774776,0.5942028985507246,0.8492753623188406,0.4473684210526315,0.9239766081871345,0.3286549707602339,0.7109555189456342,1.0,0.9053937293751358,0.0,0.6351312431250453,63.20081168376299,"['quote_volume_24h<50000', 'coverage_ratio<0.90']",quote_volume_24h<50000; coverage_ratio<0.90,False
nonkyc,ZRS/ZSD,ZRS-ZSD,ZRS,ZSD,True,active,0.589117,3306.7985,5637.193,0.584132,0.589118,84.99467291711139,0.5507196496,1e-06,0.0001,,,market.getlist.priceDecimals/quantityDecimals,1774845696720.0,False,0.6492753623188405,0.45614035087719296,0.0,47.11365369946605,0.584132,0.589118,0.586625,0.004986000000000046,0.5507196496,0.5517679188,30,42,0.0,0.0,0.0,0.0,0.0,0.0,0.0,0.0,0.0,0.5507196496,0.5517679188,0.5507196496,0.5507196496,0.5517679188,0.5507196496,0.5507196496,0.5517679188,0.5507196496,1.9767202611,1.5992137128,1.5992137128,288,1774758000.0,1774848900.0,304,16.0,0.9473684210526315,0.0,58.89282142470207,38.624179239988884,0.0008661454631604677,-0.43996329885263463,12.0963635385,200,0.9196841375524715,443.60724848359996,2.0398927486683225,5.380171298980713,2.4062230925500003,0.56,0.692900147779092,0.6492753623188405,0.6521739130434783,0.4649122807017544,0.716374269005848,0.6792397660818714,0.9710526315789474,1.0,0.01732290926320935,0.0,0.33910763642106984,63.048157472779224,"['quote_volume_24h<50000', 'top_of_book_quote<5']",quote_volume_24h<50000; top_of_book_quote<5,False
nonkyc,CHTA/DOGE,CHTA-DOGE,CHTA,DOGE,True,active,1.37003e-05,476.8231,34345474.9771,1.35434e-05,1.3659e-05,84.99250066170586,4.98228727594364,1e-10,0.0001,,,market.getlist.priceDecimals/quantityDecimals,1774847585157.0,False,0.5565217391304348,0.4649122807017544,0.0,42.23150266971778,1.35434e-05,1.3659e-05,1.36012e-05,1.1559999999999937e-07,4.98228727594364,4.989116682102599,47,137,0.0,0.0,0.0,0.0,0.0,0.0,0.0,0.0,0.0,4.98228727594364,4.989116682102599,4.98228727594364,4.98228727594364,4.989116682102599,4.98228727594364,4.98228727594364,4.989116682102599,4.98228727594364,4.98228727594364,17.90107108923282,4.98228727594364,288,1774669800.0,1774849200.0,599,311.0,0.48080133555926546,0.0,18.892289442966316,75.48500326317247,0.030877892894217353,-0.40107052326565085,2.0867115501879,200,0.1394524624510071,467.9737630105,0.32630046807139124,3.528566837310791,1.6523030515000001,0.5,0.22228184011390556,0.5565217391304348,0.8260869565217391,0.4736842105263158,0.9035087719298246,0.49736842105263157,0.714440734557596,0.9076907869138596,0.617557857884347,0.0,0.5084162149327356,62.88226896095976,"['quote_volume_24h<50000', 'top_of_book_quote<5', 'coverage_ratio<0.90']",quote_volume_24h<50000; top_of_book_quote<5; coverage_ratio<0.90,False
nonkyc,CRV/USDT,CRV-USDT,CRV,USDT,True,active,0.2131,4083.3044,19464.937,0.213,0.2142,60.875673144462446,0.1565802,0.0001,0.001,,,market.getlist.priceDecimals/quantityDecimals,1774848615922.0,False,0.6840579710144927,0.7470760233918128,0.0,56.30008899059242,0.2129,0.2142,0.21355000000000002,0.0012999999999999956,502.21470669999997,0.1565802,55,71,0.0,0.0,0.0,0.0,0.0,0.0,0.0,0.0,0.0,859.1976247,0.1565802,0.1565802,9250.6704637,0.1565802,0.1565802,3356.8080735999997,0.1565802,0.1565802,11825.0435676,0.567895,0.567895,288,1774756200.0,1774848900.0,310,22.0,0.9290322580645162,0.0,37.73136065782536,26.239102229918522,0.031487513572204286,-0.227919072567992,8.507971999999999,200,1.1040085538394835,354.4965905,1.9568363410946632,19.270628452301025,1.08860355,0.54,0.619810159113741,0.6840579710144927,0.4144927536231884,0.7339181286549707,0.43567251461988304,0.639766081871345,0.9609677419354838,1.0,0.6297502714440857,0.0,0.5432500904813619,62.65468785887478,"['quote_volume_24h<50000', 'top_of_book_quote<5']",quote_volume_24h<50000; top_of_book_quote<5,False
nonkyc,RDD/USDT,RDD-USDT,RDD,USDT,True,active,3.817e-05,3049.6124,95008757.1085,3.816e-05,3.862e-05,122.44366288914956,2.0698088613639998,1e-08,0.0001,,,market.getlist.priceDecimals/quantityDecimals,1774848977303.0,False,0.6405797101449275,0.11111111111111116,0.0,38.0096618357488,3.815e-05,3.862e-05,3.8385e-05,4.700000000000006e-07,2.167394482995,2.0698088613639998,184,200,0.0,0.0,0.0,0.0,0.0,0.0,0.0,0.0,0.0,0.0,0.0,0.0,2.167394482995,2.0698088613639998,2.0698088613639998,7.655638600907,2.0698088613639998,2.0698088613639998,24.381980950332,7.4419310325,7.4419310325,288,1774750200.0,1774848900.0,330,42.0,0.8727272727272727,0.0,56.26292106479199,113.27962407867011,0.20757138273981296,0.16032471795177117,9.15854461388,200,1.5940704828887107,230.19875485469998,1.8347652015580578,253.22337007522583,1.09833359865,0.495,0.4595004734195825,0.6405797101449275,0.7942028985507247,0.10233918128654973,0.868421052631579,0.5559941520467836,0.93,1.0,1.0,0.0,0.6666666666666666,62.481362827358254,"['quote_volume_24h<50000', 'spread_bps>120', 'top_of_book_quote<5', 'coverage_ratio<0.90']",quote_volume_24h<50000; spread_bps>120; top_of_book_quote<5; coverage_ratio<0.90,False
nonkyc,DOGI/DOGE,DOGI-DOGE,DOGI,DOGE,True,active,0.5077,361.7859,681.2,0.5062,0.5078,31.558185404340154,0.40624000000000005,0.0001,0.1,,,market.getlist.priceDecimals/quantityDecimals,1774845712270.0,False,0.5362318840579711,0.8918128654970761,0.0,51.78807526061531,0.5062,0.5078,0.507,0.0016000000000000458,0.7593,0.40624000000000005,29,27,0.0,0.0,0.0,0.0,0.0,0.0,0.7593,0.40624000000000005,0.40624000000000005,0.7593,0.40624000000000005,0.40624000000000005,2.7171,1.12094,1.12094,0.7593,0.40624000000000005,0.40624000000000005,0.7593,0.40624000000000005,0.40624000000000005,288,1774630200.0,1774848300.0,728,440.0,0.3956043956043956,0.0,33.38984916981238,100.8474637988759,0.11211308798440137,-0.3839264387677911,0.23988,200,0.41346236207051856,336.2592,0.6951526154997146,779.4171559810638,1.72452,0.515,1.0580408455683994,0.5362318840579711,0.6057971014492753,0.8976608187134503,0.6666666666666666,0.3570175438596492,0.6675824175824177,1.0,1.0,0.029020422784199695,0.6763401409280666,62.40484979054598,"['quote_volume_24h<50000', 'top_of_book_quote<5', 'coverage_ratio<0.90']",quote_volume_24h<50000; top_of_book_quote<5; coverage_ratio<0.90,False
nonkyc,FLOKI/USDT,FLOKI-USDT,FLOKI,USDT,True,active,2.806e-05,3051.4894,111509272.0,2.805e-05,2.818e-05,60.50898736429971,0.10192706,1e-08,1.0,,,market.getlist.priceDecimals/quantityDecimals,1774848979304.0,False,0.6434782608695652,0.7953216374269005,0.0,55.27434528349859,2.801e-05,2.818e-05,2.8095e-05,1.7000000000000007e-07,305.88443744,0.10192706,47,53,0.0,0.0,0.0,0.0,0.0,0.0,0.0,0.0,0.0,1205.39954589,0.10192706,0.10192706,6108.4251115199995,1211.45410826,1211.45410826,2973.27683722,0.10192706,0.10192706,8239.04727125,2682.8074844000002,2682.8074844000002,288,1774762500.0,1774848900.0,289,1.0,0.9965397923875432,0.0,33.33911068149915,24.773718802384707,0.0400763358778624,-0.24086172369706813,4.227850350000001,200,3.1016038911923793,90.06732909000002,1.3967658918742432,6.806198596954346,0.2099699,0.435,0.5509778321157167,0.6434782608695652,0.2985507246376812,0.736842105263158,0.30701754385964913,0.8840643274853801,0.9980968858131487,1.0,0.8015267175572479,0.0,0.6005089058524159,62.254936635191115,"['quote_volume_24h<50000', 'top_of_book_quote<5']",quote_volume_24h<50000; top_of_book_quote<5,False
nonkyc,S/USDT,S-USDT,S,USDT,True,active,0.0408,15017.8127,372740.85,0.0408,0.0409,24.479804161565713,0.119837,0.0001,0.01,,,market.getlist.priceDecimals/quantityDecimals,1774848780454.0,False,0.782608695652174,0.9122807017543859,0.0,65.85049580472922,0.0408,0.0409,0.04085,9.999999999999593e-05,260.95884,0.119837,55,56,0.0,0.0,0.0,0.0,0.0,0.0,260.95884,0.119837,0.119837,367.016528,0.119837,0.119837,618.197144,0.119837,0.119837,260.95884,0.119837,0.119837,367.016528,0.119837,0.119837,288,1774752600.0,1774848600.0,321,33.0,0.897196261682243,0.0,10.933761393700378,20.814880780849336,0.03703703703703675,-0.19451751385686303,27.280122,200,1.3927004391732856,482.30073100000004,3.3585021993864834,278.8755843639374,1.4262489999999999,0.47,0.44664415293267856,0.782608695652174,0.33043478260869563,0.9239766081871346,0.3391812865497076,0.5307017543859649,0.9434579439252337,0.24448011614169815,0.7407407407407349,0.0,0.32840695229414435,61.97545038604326,"['quote_volume_24h<50000', 'top_of_book_quote<5', 'coverage_ratio<0.90', 'natr_bps_mean<12']",quote_volume_24h<50000; top_of_book_quote<5; coverage_ratio<0.90; natr_bps_mean<12,False
nonkyc,CAT/USDT,CAT-USDT,CAT,USDT,True,active,0.055012,4077.9101,71985.9021,0.059484,0.059991,84.87131198995614,0.2020376898,1e-06,0.0001,,,market.getlist.priceDecimals/quantityDecimals,1774848906303.0,False,0.6811594202898551,0.5087719298245614,0.0,50.18306636155607,0.059484,0.059991,0.0597375,0.0005070000000000005,0.2024716392,0.2020376898,65,140,0.0,0.0,0.0,0.0,0.0,0.0,0.0,0.0,0.0,0.2024716392,0.2020376898,0.2020376898,0.2024716392,0.2020376898,0.2020376898,0.2024716392,0.2020376898,0.2020376898,0.7271172028,0.7265458530000001,0.7265458530000001,288,1774760700.0,1774848900.0,295,7.0,0.976271186440678,0.0,90.67138442050162,175.3062620237286,0.0036018032253567517,-0.08932211551384876,14.289399533000001,200,2.2451741385414943,261.67364088579995,2.9375144562739615,22.58638048171997,1.3233564048500002,0.47,1.0683396108125662,0.6811594202898551,0.5072463768115942,0.52046783625731,0.5614035087719298,0.7312865497076024,0.986949152542373,1.0,0.07203606450713503,0.034169805406283116,0.36873528997113936,61.643750095107166,"['quote_volume_24h<50000', 'top_of_book_quote<5']",quote_volume_24h<50000; top_of_book_quote<5,False
nonkyc,NAT/USDT,NAT-USDT,NAT,USDT,True,active,5.72e-08,108.6174,1765073174.0,5.71e-08,5.73e-08,34.96503496503412,0.7289094609,1e-10,1.0,,,market.getlist.priceDecimals/quantityDecimals,1774845701200.0,False,0.48985507246376814,0.8508771929824561,0.0,48.213958810068654,5.71e-08,5.73e-08,5.7199999999999996e-08,1.9999999999999517e-10,1.1536044901,0.7289094609,30,50,0.0,0.0,0.0,0.0,0.0,0.0,1.1536044901,0.7289094609,0.7289094609,1.1536044901,0.7289094609,0.7289094609,4.3715873617,1.4185850976999999,1.4185850976999999,1.1536044901,0.7289094609,0.7289094609,1.1536044901,0.7289094609,0.7289094609,288,1774654500.0,1774847100.0,643,355.0,0.447900466562986,0.0,14.331547553710173,61.735527559188775,0.10215827338129531,-0.271582346011645,0.481583454,200,0.16296276519441819,102.5239388033,0.08353792283004538,1824.0759522914886,0.43289011310000003,0.4,0.4098822600361208,0.48985507246376814,0.7217391304347827,0.8567251461988304,0.7865497076023392,0.27821637426900586,0.6963452566096423,0.5276289628091811,1.0,0.0,0.5092096542697271,61.58544994784785,"['quote_volume_24h<50000', 'top_of_book_quote<5', 'coverage_ratio<0.90']",quote_volume_24h<50000; top_of_book_quote<5; coverage_ratio<0.90,False
nonkyc,PYTH/USDT,PYTH-USDT,PYTH,USDT,True,active,0.0383,6966.3007,186603.02,0.0382,0.0384,52.21932114882475,0.063744,0.0001,0.01,,,market.getlist.priceDecimals/quantityDecimals,1774848980671.0,False,0.7246376811594203,0.7631578947368421,0.0,58.93401983218918,0.0382,0.0384,0.0383,0.0001999999999999988,854.8743619999999,0.063744,41,37,0.0,0.0,0.0,0.0,0.0,0.0,0.0,0.0,0.0,854.8743619999999,0.063744,0.063744,4302.076769,0.063744,0.063744,2525.241989,0.063744,0.063744,5995.015951,0.063744,0.063744,288,1774755300.0,1774848900.0,313,25.0,0.9201277955271565,0.0,15.555859006167916,20.799350240153593,0.0786516853932581,-0.1896307166658164,18.631140000000002,200,3.003595303658684,407.653577,6.122131846984319,25.431398391723633,1.4521445000000002,0.465,0.2978946999681174,0.7246376811594203,0.25217391304347825,0.7777777777777778,0.2573099415204678,0.7716374269005848,0.9560702875399361,0.6296549171806597,1.0,0.0,0.5432183057268866,61.190241640779085,"['quote_volume_24h<50000', 'top_of_book_quote<5']",quote_volume_24h<50000; top_of_book_quote<5,False
nonkyc,ASTER/USDT,ASTER-USDT,ASTER,USDT,True,active,0.6665,166.4167,252.21,0.6641,0.6666,37.574209062898426,0.16665,0.0001,0.01,,,market.getlist.priceDecimals/quantityDecimals,1774848945116.0,False,0.5072463768115942,0.8362573099415205,0.0,48.804983473175696,0.6641,0.6666,0.66535,0.0024999999999999467,363.163085,0.16665,58,66,0.0,0.0,0.0,0.0,0.0,0.0,812.531725,0.16665,0.16665,3647.280556,0.16665,0.16665,4891.129726,0.16665,0.16665,2162.735885,0.16665,0.16665,4891.129726,0.16665,0.16665,288,1774752600.0,1774848900.0,322,34.0,0.8944099378881988,0.0,34.74615346572288,24.439433963572363,0.022401762761660025,-0.41333467671602586,0.352672,200,2.4986892293336926,7.303165000000001,0.091241698627734,89.21231818199158,0.026568,0.51,0.9247341283367684,0.5072463768115942,0.45507246376811594,0.8421052631578947,0.49122807017543857,0.6700292397660819,0.9419254658385094,1.0,0.4480352552332005,0.0,0.48267841841106685,60.96526081045914,"['quote_volume_24h<50000', 'top_of_book_quote<5', 'coverage_ratio<0.90']",quote_volume_24h<50000; top_of_book_quote<5; coverage_ratio<0.90,False
nonkyc,COSA/USDT,COSA-USDT,COSA,USDT,True,active,3.022962,103.8651,34.5657,3.0,3.022963,76.2515061108622,1.0816161614,1e-06,0.0001,,,market.getlist.priceDecimals/quantityDecimals,1774848036576.0,False,0.48695652173913045,0.6286549707602339,0.0,42.498982964658026,3.0,3.022963,3.0114815,0.022962999999999845,183.1305,1.0816161614,61,50,0.0,0.0,0.0,0.0,0.0,0.0,0.0,0.0,0.0,184.2098554577,1.0816161614,1.0816161614,184.2098554577,1.0816161614,1.0816161614,184.2098554577,1.0816161614,1.0816161614,184.2098554577,1.0816161614,1.0816161614,288,1774674300.0,1774848000.0,580,292.0,0.496551724137931,0.0,24.67786718336265,104.0639303047005,0.09456736898543841,-0.2021117289022613,0.4305309905,200,0.15961722300190187,93.72819166100001,0.07480316834959419,1178.9935228824615,0.3831293215,0.49,0.3236377672000794,0.48695652173913045,0.7594202898550725,0.6286549707602339,0.827485380116959,0.27982456140350875,0.723103448275862,1.0,1.0,0.0,0.6666666666666666,60.809320778207386,"['quote_volume_24h<50000', 'top_of_book_quote<5', 'coverage_ratio<0.90']",quote_volume_24h<50000; top_of_book_quote<5; coverage_ratio<0.90,False
nonkyc,NENG/DOGE,NENG-DOGE,NENG,DOGE,True,active,3.173e-06,454.3457,141727609.4478,3.1729e-06,3.1999e-06,84.735124278182,4.64999022630428,1e-10,0.0001,,,market.getlist.priceDecimals/quantityDecimals,1774848510815.0,False,0.553623188405797,0.5263157894736843,0.0,43.607170099160946,3.1729e-06,3.1999e-06,3.1864e-06,2.699999999999991e-08,4.67091657349304,4.64999022630428,65,107,0.0,0.0,0.0,0.0,0.0,0.0,0.0,0.0,0.0,4.67091657349304,4.64999022630428,4.64999022630428,4.67091657349304,4.64999022630428,4.64999022630428,4.67091657349304,4.64999022630428,4.64999022630428,66.76738192937903,68.98869380771212,66.76738192937903,288,1774660500.0,1774848900.0,629,341.0,0.4578696343402226,0.0,23.37758353207674,74.89711756096973,0.010262017916473895,-0.5010241403816134,1.7721162117943,200,0.14752407758902886,444.59388724460007,0.32794151558740164,241.03140711784363,1.42954667385,0.51,0.275890119135591,0.553623188405797,0.8231884057971014,0.5380116959064327,0.9005847953216374,0.33654970760233915,0.7018282988871225,1.0,0.2052403583294779,0.0,0.401746786109826,60.63793747595473,"['quote_volume_24h<50000', 'top_of_book_quote<5', 'coverage_ratio<0.90']",quote_volume_24h<50000; top_of_book_quote<5; coverage_ratio<0.90,False
nonkyc,QORT/USDT,QORT-USDT,QORT,USDT,True,active,0.13286,449.7684,3365.9671,0.132859,0.133993,84.99093130274431,0.7574557308000001,1e-06,0.0001,,,market.getlist.priceDecimals/quantityDecimals,1774845574962.0,False,0.5507246376811594,0.4736842105263158,0.0,42.13196033562166,0.132859,0.133993,0.133426,0.0011339999999999961,0.7574557308000001,0.7577974115,43,124,0.0,0.0,0.0,0.0,0.0,0.0,0.0,0.0,0.0,0.7574557308000001,0.7577974115,0.7574557308000001,0.7574557308000001,0.7577974115,0.7574557308000001,0.7574557308000001,0.7577974115,0.7574557308000001,2.4736551154,7.5568365468000005,2.4736551154,288,1774676400.0,1774848900.0,576,288.0,0.5,0.0,24.880127871974732,84.98380774001978,0.07813798332069756,-0.16461712277735147,0.30881282100000007,200,0.19669916830804868,272.7191611733,0.26821816092228395,293.184632062912,0.3222470469,0.545,0.2927386191751421,0.5507246376811594,0.7304347826086957,0.48245614035087714,0.7923976608187134,0.3906432748538011,0.7250000000000001,1.0,1.0,0.0,0.6666666666666666,60.488952453597754,"['quote_volume_24h<50000', 'top_of_book_quote<5', 'coverage_ratio<0.90']",quote_volume_24h<50000; top_of_book_quote<5; coverage_ratio<0.90,False
nonkyc,XPL/USDT,XPL-USDT,XPL,USDT,True,active,0.0907,286.4205,3259.1,0.0906,0.0911,66.07929515418539,0.159425,0.0001,0.01,,,market.getlist.priceDecimals/quantityDecimals,1774848969335.0,False,0.5217391304347826,0.7543859649122807,0.0,47.55530129672007,0.0905,0.0911,0.09079999999999999,0.0006000000000000033,1518.7103650000001,0.159425,55,59,0.0,0.0,0.0,0.0,0.0,0.0,0.0,0.0,0.0,3143.975805,0.159425,0.159425,19154.426778,4949.397327,4949.397327,9627.880805,0.159425,0.159425,27313.812304,12878.333967,12878.333967,288,1774761300.0,1774848900.0,293,5.0,0.9829351535836177,0.0,29.13098192511418,29.374365463643613,0.03864734299516923,-0.06949400056581305,0.5739745,200,1.1089100273798955,43.168206,0.23934828248700482,8.626569271087646,0.1269705,0.54,0.44084885980005883,0.5217391304347826,0.4289855072463768,0.7076023391812866,0.4649122807017544,0.7,0.9906143344709899,1.0,0.7729468599033846,0.0,0.5909822866344615,60.358351158931455,"['quote_volume_24h<50000', 'top_of_book_quote<5']",quote_volume_24h<50000; top_of_book_quote<5,False
nonkyc,EIGEN/USDT,EIGEN-USDT,EIGEN,USDT,True,active,0.1732,29913.3441,176465.6,0.1718,0.1733,86.93132425383955,0.149038,0.0001,0.01,,,market.getlist.priceDecimals/quantityDecimals,1774848728207.0,False,0.8405797101449275,0.3070175438596491,0.0,53.90732265446224,0.1718,0.1733,0.17255,0.0015000000000000013,3395.1116,0.149038,49,52,0.0,0.0,0.0,0.0,0.0,0.0,0.0,0.0,0.0,5339.33938,0.149038,0.149038,8717.72854,0.149038,0.149038,8717.72854,0.149038,0.149038,30531.672787,6292.299489,6292.299489,288,1774760700.0,1774848900.0,295,7.0,0.976271186440678,0.0,33.11607074761574,21.28776890596394,0.03529411764705867,-0.14686778131620465,58.537614399999995,200,1.5159351310881937,1057.3432619999999,8.01431898242594,17.20046305656433,3.536057,0.46,0.3809452005000727,0.8405797101449275,0.3884057971014493,0.3187134502923976,0.40350877192982454,0.701608187134503,0.986949152542373,1.0,0.7058823529411734,0.0,0.5686274509803911,60.24457864646588,"['quote_volume_24h<50000', 'top_of_book_quote<5']",quote_volume_24h<50000; top_of_book_quote<5,False
nonkyc,DRGX/USDT,DRGX-USDT,DRGX,USDT,True,active,0.027523,202.0406,7183.6329,0.027291,0.027524,85.01322630666809,2.6572412748,1e-06,0.0001,,,market.getlist.priceDecimals/quantityDecimals,1774845699660.0,False,0.5159420289855072,0.39181286549707606,0.0,38.1721332316298,0.027291,0.027524,0.0274075,0.00023300000000000057,2.6791083462,2.6572412748,82,136,0.0,0.0,0.0,0.0,0.0,0.0,0.0,0.0,0.0,2.6791083462,2.6572412748,2.6572412748,2.6791083462,2.6572412748,2.6572412748,2.6791083462,2.6572412748,2.6572412748,9.5913852856,9.5552479848,9.5552479848,288,1774680900.0,1774848900.0,561,273.0,0.5133689839572193,0.0,23.88680885391548,91.89678286452505,0.13633957360796953,-0.27045660299094976,1.1399721550000002,200,0.14343338648740486,193.2125608428,0.1385656595679328,145.2860071659088,0.9244056302,0.495,0.28097755951231196,0.5159420289855072,0.8028985507246377,0.4005847953216374,0.8859649122807017,0.3435672514619883,0.7323529411764707,1.0,1.0,0.0,0.6666666666666666,60.050658829511974,"['quote_volume_24h<50000', 'top_of_book_quote<5', 'coverage_ratio<0.90']",quote_volume_24h<50000; top_of_book_quote<5; coverage_ratio<0.90,False
nonkyc,FEVO/USDT,FEVO-USDT,FEVO,USDT,True,active,2.135e-09,66.9756,27614738538.7567,2.129e-09,2.136e-09,32.825322391559574,0.3781157739164976,1e-12,0.0001,,,market.getlist.priceDecimals/quantityDecimals,1774845425581.0,False,0.4463768115942029,0.8801169590643275,0.0,46.55364861428935,2.129e-09,2.136e-09,2.1325000000000002e-09,7.000000000000079e-12,2.817625850217011,0.3781157739164976,40,113,0.0,0.0,0.0,0.0,0.0,0.0,2.817625850217011,0.3781157739164976,0.3781157739164976,2.817625850217011,0.3781157739164976,0.3781157739164976,2.817625850217011,0.3781157739164976,0.3781157739164976,2.817625850217011,0.3781157739164976,0.3781157739164976,2.817625850217011,0.3781157739164976,0.3781157739164976,288,1774668300.0,1774848600.0,602,314.0,0.47840531561461797,0.0,22.18041229727551,160.19898839225516,0.1924165251839267,0.04706221622464927,0.16013084042729,200,0.16617893380397952,63.251408885800004,0.052555258451209,373.3049762248993,0.15351386350000001,0.395,0.6757104174848498,0.4463768115942029,0.5942028985507246,0.8830409356725146,0.6549707602339181,0.3485380116959065,0.7131229235880399,1.0,1.0,0.0,0.6666666666666666,59.94587454480489,"['quote_volume_24h<50000', 'top_of_book_quote<5', 'coverage_ratio<0.90']",quote_volume_24h<50000; top_of_book_quote<5; coverage_ratio<0.90,False
nonkyc,TDC/USDT,TDC-USDT,TDC,USDT,True,active,0.067838,128.6046,1943.1121,0.067607,0.067838,34.10978626010486,0.4380798386,1e-06,0.0001,,,market.getlist.priceDecimals/quantityDecimals,1774845415558.0,False,0.4956521739130435,0.8654970760233918,0.0,48.89829646580219,0.067607,0.067838,0.06772249999999999,0.0002309999999999951,0.4380798386,6.7695133171999995,78,200,0.0,0.0,0.0,0.0,0.0,0.0,0.4380798386,6.7695133171999995,0.4380798386,0.4380798386,6.7695133171999995,0.4380798386,0.4380798386,6.7695133171999995,0.4380798386,0.4380798386,6.7695133171999995,0.4380798386,0.4380798386,6.7695133171999995,0.4380798386,288,1774686000.0,1774848900.0,544,256.0,0.5294117647058824,0.0,38.715845191232255,88.97167514882516,0.005452188909240846,-0.05362505776573385,0.188424828,200,0.1795928737308144,99.4372214543,0.08929108178392564,189.63071274757385,0.15816068519999998,0.545,1.1350362882957927,0.4956521739130435,0.6202898550724638,0.868421052631579,0.6842105263157895,0.40511695906432743,0.7411764705882353,1.0,0.10904377818481692,0.06751814414789636,0.39218730744423774,59.864911617090556,"['quote_volume_24h<50000', 'top_of_book_quote<5', 'coverage_ratio<0.90']",quote_volume_24h<50000; top_of_book_quote<5; coverage_ratio<0.90,False
nonkyc,INJ/USDT,INJ-USDT,INJ,USDT,True,active,2.89,30777.6319,10957.69,2.89,2.9,34.542314335059714,0.057999999999999996,0.01,0.01,,,market.getlist.priceDecimals/quantityDecimals,1774848598284.0,False,0.8463768115942029,0.8596491228070176,0.0,68.0419527078566,2.89,2.9,2.895,0.009999999999999787,6589.3734,0.057999999999999996,53,45,0.0,0.0,0.0,0.0,0.0,0.0,6589.3734,0.057999999999999996,0.057999999999999996,6589.3734,0.057999999999999996,0.057999999999999996,16876.2826,3276.298,3276.298,6589.3734,0.057999999999999996,0.057999999999999996,10035.2358,0.057999999999999996,0.057999999999999996,288,1774740300.0,1774848300.0,361,73.0,0.7977839335180056,0.0,6.7799332997980555,19.79837407431606,0.05660377358490601,-0.08925069271951946,47.47325,200,1.8474305628120664,1656.5151999999998,15.301484041213712,445.15210795402527,5.8835,0.46,0.19627906902915787,0.8463768115942029,0.2463768115942029,0.8625730994152047,0.24853801169590642,0.5323099415204678,0.8887811634349031,0.0,1.0,0.0,0.3333333333333333,59.63891766028343,"['quote_volume_24h<50000', 'top_of_book_quote<5', 'coverage_ratio<0.90', 'natr_bps_mean<12']",quote_volume_24h<50000; top_of_book_quote<5; coverage_ratio<0.90; natr_bps_mean<12,False
nonkyc,FIX/USDT,FIX-USDT,FIX,USDT,True,active,3.76,114.8725,30.7335,3.75,3.78,79.6812749003979,1.2557159999999998,0.01,0.0001,,,market.getlist.priceDecimals/quantityDecimals,1774846565247.0,False,0.4927536231884058,0.6023391812865497,0.0,42.159928807526065,3.75,3.78,3.7649999999999997,0.029999999999999805,2.3966250000000002,1.2557159999999998,47,200,0.0,0.0,0.0,0.0,0.0,0.0,0.0,0.0,0.0,2.3966250000000002,1.2557159999999998,1.2557159999999998,2.3966250000000002,1.2557159999999998,1.2557159999999998,2.3966250000000002,1.2557159999999998,1.2557159999999998,2.3966250000000002,6.135384,2.3966250000000002,288,1774662000.0,1774848900.0,624,336.0,0.46153846153846156,0.0,17.04292091465124,68.70394384233518,0.12707182320442018,-0.1161110132654598,0.824535,200,0.1331125498999787,124.22273999999999,0.08267802838481039,210.2651834487915,0.641463,0.505,0.21388865747887445,0.4927536231884058,0.7710144927536232,0.6081871345029239,0.8450292397660819,0.2324561403508772,0.7038461538461539,0.7535767428876033,1.0,0.0,0.5845255809625344,59.41079591406706,"['quote_volume_24h<50000', 'top_of_book_quote<5', 'coverage_ratio<0.90']",quote_volume_24h<50000; top_of_book_quote<5; coverage_ratio<0.90,False
nonkyc,FNNC/DOGE,FNNC-DOGE,FNNC,DOGE,True,active,0.02949356,218.7639,7265.5188,0.02917249,0.02942152,85.00186281840098,3.374708650188,1e-08,0.0001,,,market.getlist.priceDecimals/quantityDecimals,1774846918549.0,False,0.518840579710145,0.41812865497076024,0.0,38.98944825832699,0.02917249,0.02942152,0.029297005,0.0002490300000000008,3.374708650188,3.3815123846160002,56,31,0.0,0.0,0.0,0.0,0.0,0.0,0.0,0.0,0.0,3.374708650188,3.3815123846160002,3.374708650188,3.374708650188,3.3815123846160002,3.374708650188,3.374708650188,3.3815123846160002,3.374708650188,12.307107237442999,12.129738086326,12.129738086326,287,1774671600.0,1774848300.0,590,303.0,0.4864406779661017,0.0,16.9745809822485,60.14910727767456,0.05966646572697879,-0.3979748731216055,1.32250839588,200,0.14550608635598541,215.1389416486,0.1565201271102825,644.7235255241394,1.04634739195,0.545,0.19969657627990112,0.518840579710145,0.8173913043478261,0.42690058479532167,0.8976608187134503,0.26067251461988306,0.7175423728813559,0.7478817485207084,1.0,0.0,0.5826272495069028,58.941462305753944,"['quote_volume_24h<50000', 'top_of_book_quote<5', 'coverage_ratio<0.90']",quote_volume_24h<50000; top_of_book_quote<5; coverage_ratio<0.90,False
nonkyc,ASTER/USDC,ASTER-USDC,ASTER,USDC,True,active,0.6651,89.914,136.27,0.6651,0.6672,55.60982941309141,0.160128,0.0001,0.01,,,market.getlist.priceDecimals/quantityDecimals,1774848891737.0,False,0.4782608695652174,0.8947368421052632,0.0,48.67276887871854,0.6635,0.6672,0.66535,0.0037000000000000366,138.691405,0.160128,48,56,0.0,0.0,0.0,0.0,0.0,0.0,0.0,0.0,0.0,3308.227604,0.160128,0.160128,5018.858261,0.160128,0.160128,4708.122026,0.160128,0.160128,5018.858261,0.5904,0.5904,288,1774750500.0,1774848900.0,329,41.0,0.8753799392097265,0.0,32.6319853559266,28.539834553931144,0.020457280385078186,-0.4436025339919452,0.185486,200,2.436545749643129,3.9341820000000003,0.04792907215211253,30.27947759628296,0.013272,0.5,0.5868024717990689,0.4782608695652174,0.43478260869565216,0.7690058479532164,0.47076023391812866,0.7216374269005847,0.9314589665653497,1.0,0.4091456077015637,0.0,0.46971520256718796,58.91547929620714,"['quote_volume_24h<50000', 'top_of_book_quote<5', 'coverage_ratio<0.90']",quote_volume_24h<50000; top_of_book_quote<5; coverage_ratio<0.90,False
nonkyc,KAS/USDT,KAS-USDT,KAS,USDT,True,active,0.033099,1220.3741,36422.87,0.032787,0.033179,118.84910408392308,0.21068665,1e-06,0.01,,,market.getlist.priceDecimals/quantityDecimals,1774848960772.0,False,0.591304347826087,0.14912280701754388,0.0,36.249809305873384,0.032787,0.033179,0.032983,0.00039200000000000346,0.21180401999999998,0.21068665,90,157,0.0,0.0,0.0,0.0,0.0,0.0,0.0,0.0,0.0,0.0,0.0,0.0,0.21180401999999998,0.21068665,0.21068665,0.21180401999999998,0.21068665,0.21068665,2746.40587943,0.75791938,0.75791938,288,1774751400.0,1774849200.0,327,39.0,0.8807339449541285,0.0,44.14762532720743,45.62581102880585,0.08170685836084746,-0.306757795775887,1.0939997799999999,200,3.12746206193208,16.12122288,0.25209256474575714,2.253915786743164,0.0572163,0.51,0.37145947096103815,0.591304347826087,0.5217391304347826,0.15204678362573099,0.5789473684210527,0.9084795321637427,0.9344036697247707,1.0,1.0,0.0,0.6666666666666666,58.60287219178114,"['quote_volume_24h<50000', 'top_of_book_quote<5', 'coverage_ratio<0.90']",quote_volume_24h<50000; top_of_book_quote<5; coverage_ratio<0.90,False
nonkyc,ADA/USDC,ADA-USDC,ADA,USDC,True,active,0.2466,666.8667,2757.9,0.245068,0.246984,84.980421974555,0.16163004,1e-06,0.01,,,market.getlist.priceDecimals/quantityDecimals,1774848979514.0,False,0.5681159420289855,0.6111111111111112,0.0,46.52415458937199,0.244894,0.246984,0.24593900000000002,0.0020900000000000085,0.16163004,0.16300944,42,41,0.0,0.0,0.0,0.0,0.0,0.0,0.0,0.0,0.0,506.35088543999996,0.16300944,0.16300944,14431.1770011,12847.66703844,12847.66703844,14431.1770011,0.16300944,0.16300944,14431.1770011,14350.75572642,14350.75572642,288,1774762800.0,1774848900.0,288,0.0,1.0,0.0,28.30964644939101,20.769036398178205,0.020134630665207143,0.03718338518802551,1.005996265,200,2.9489369450847125,36.7085849,0.541256511066944,17.325154781341553,0.07023850000000001,0.495,0.3331313941682655,0.5681159420289855,0.4434782608695652,0.4941520467836257,0.47953216374269003,0.7926900584795322,1.0,1.0,0.40269261330414285,0.0,0.4675642044347143,58.43496063066801,"['quote_volume_24h<50000', 'top_of_book_quote<5']",quote_volume_24h<50000; top_of_book_quote<5,False
nonkyc,MEWC/USDT,MEWC-USDT,MEWC,USDT,True,active,3.124e-05,4366.9574,141599484.3342,3.09e-05,3.125e-05,112.63073209975923,0.53838433125,1e-08,0.0001,,,market.getlist.priceDecimals/quantityDecimals,1774845745016.0,False,0.6869565217391305,0.1842105263157895,0.0,42.38787185354692,3.09e-05,3.125e-05,3.1074999999999996e-05,3.5000000000000173e-07,1.0100001809999999,0.53838433125,126,200,0.0,0.0,0.0,0.0,0.0,0.0,0.0,0.0,0.0,0.0,0.0,0.0,14.745829778204,0.53838433125,0.53838433125,18.785830466404,0.53838433125,0.53838433125,54.313584216587,2.034561684843,2.034561684843,288,1774749900.0,1774848900.0,331,43.0,0.8700906344410876,0.0,51.6119761603274,66.75102681759029,0.03030303030303043,-0.14479614896332474,15.87751815455,200,0.6045777112909446,1228.6567111170002,3.7140923118468767,175.11920547485352,6.9867630923499995,0.46,0.4582406169091902,0.6869565217391305,0.6492753623188405,0.1900584795321637,0.7134502923976608,0.4605263157894737,0.9285498489425983,1.0,0.6060606060606085,0.0,0.5353535353535362,58.38635141224688,"['quote_volume_24h<50000', 'top_of_book_quote<5', 'coverage_ratio<0.90']",quote_volume_24h<50000; top_of_book_quote<5; coverage_ratio<0.90,False
nonkyc,CRV/USDC,CRV-USDC,CRV,USDC,True,active,0.2134,5138.8425,24510.142,0.213,0.2142,70.27406886858756,0.1561518,0.0001,0.001,,,market.getlist.priceDecimals/quantityDecimals,1774847899210.0,False,0.7014492753623188,0.7470760233918128,0.0,57.25661072972286,0.2127,0.2142,0.21345,0.0015000000000000013,459.7901868,0.1561518,55,52,0.0,0.0,0.0,0.0,0.0,0.0,0.0,0.0,0.0,3571.3512239,0.1561518,0.1561518,8958.1906771,0.1561518,0.1561518,5807.0499309,0.1561518,0.1561518,13541.2707841,0.1561518,0.1561518,288,1774755600.0,1774847700.0,308,20.0,0.935064935064935,0.0,27.613064656427778,25.478309841579925,0.024096385542168777,-0.37691582154574965,11.0817875,200,0.6497611450940471,1355.0571493,4.402317424985216,1212.435608625412,3.4143847,0.475,0.3929339100609669,0.7014492753623188,0.4115942028985507,0.6637426900584795,0.4327485380116959,0.3576023391812866,0.9642857142857144,1.0,0.4819277108433755,0.0,0.4939759036144585,58.02238226087307,"['quote_volume_24h<50000', 'top_of_book_quote<5']",quote_volume_24h<50000; top_of_book_quote<5,False
nonkyc,FLC/USDT,FLC-USDT,FLC,USDT,True,active,0.00017419,3606.7562,15467901.251,0.00017273,0.0001742,84.74331997809344,0.31402408622,1e-08,0.0001,,,market.getlist.priceDecimals/quantityDecimals,1774844968181.0,False,0.6579710144927536,0.5233918128654971,0.0,49.27320111873888,0.00017273,0.0001742,0.000173465,1.4699999999999978e-06,0.31607379056,0.31402408622,50,98,0.0,0.0,0.0,0.0,0.0,0.0,0.0,0.0,0.0,0.31607379056,0.31402408622,0.31402408622,0.31607379056,0.31402408622,0.31402408622,0.31607379056,0.31402408622,0.31402408622,0.31607379056,1.12893710285,0.31607379056,287,1774695300.0,1774848300.0,511,224.0,0.5616438356164384,0.0,354.1861032147548,1447.035618728111,0.02293069535299432,-0.1349754039824195,0.13651950357999998,200,0.7189004991957227,94.2607831014,0.33882062013088105,661.3321387767792,0.5758394528,0.525,4.179516489397791,0.6579710144927536,0.5681159420289855,0.5350877192982456,0.6286549707602339,0.3878654970760234,0.7589041095890412,0.0,0.45861390705988636,1.0,0.4862046356866288,57.84973988092859,"['quote_volume_24h<50000', 'top_of_book_quote<5', 'coverage_ratio<0.90']",quote_volume_24h<50000; top_of_book_quote<5; coverage_ratio<0.90,False
nonkyc,FREN/USDT,FREN-USDT,FREN,USDT,True,active,2.30171e-07,90.9826,391319341.867,2.28224e-07,2.30172e-07,84.99201563713521,0.80272028316992,1e-12,0.0001,,,market.getlist.priceDecimals/quantityDecimals,1774845450108.0,False,0.4811594202898551,0.4707602339181286,0.0,38.23277396389525,2.28224e-07,2.30172e-07,2.29198e-07,1.948000000000012e-09,0.80272028316992,0.8035485683547587,67,200,0.0,0.0,0.0,0.0,0.0,0.0,0.0,0.0,0.0,0.80272028316992,0.8035485683547587,0.80272028316992,0.80272028316992,0.8035485683547587,0.80272028316992,0.80272028316992,0.8035485683547587,0.80272028316992,3.880947174523867,2.8835535869887226,2.8835535869887226,288,1774680900.0,1774848900.0,561,273.0,0.5133689839572193,0.0,15.366100650012982,69.58036575439226,0.048112643613408834,-0.48915337097992057,0.30643809935977,200,0.15794318383562236,85.5780209318,0.06758232546160013,137.1213960647583,0.23439622705,0.455,0.18079463741178925,0.4811594202898551,0.736231884057971,0.4766081871345029,0.7982456140350878,0.39883040935672515,0.7323529411764707,0.6138417208344151,0.9622528722681767,0.0,0.5253648643675306,57.6473026422694,"['quote_volume_24h<50000', 'top_of_book_quote<5', 'coverage_ratio<0.90']",quote_volume_24h<50000; top_of_book_quote<5; coverage_ratio<0.90,False
nonkyc,XEQ/USDT,XEQ-USDT,XEQ,USDT,True,active,0.01372842,1885.6192,138924.023,0.01372841,0.01377519,34.01736499949079,0.127464168327,1e-08,0.0001,,,market.getlist.priceDecimals/quantityDecimals,1774848146814.0,False,0.6115942028985507,0.8713450292397661,0.0,55.42130689041444,0.01372841,0.01377519,0.0137518,4.677999999999974e-05,0.127464168327,232.076034069594,116,200,0.0,0.0,0.0,0.0,0.0,0.0,0.127464168327,232.076034069594,0.127464168327,0.127464168327,232.076034069594,0.127464168327,0.127464168327,232.076034069594,0.127464168327,0.127464168327,232.076034069594,0.127464168327,0.127464168327,232.076034069594,0.127464168327,288,1774680300.0,1774848000.0,560,272.0,0.5142857142857142,0.0,61.8629496321862,142.78905898876823,0.16319188346705088,-0.19744242196725287,0.04699089948,200,0.1827100115312554,496.12782863440003,0.45323760645383965,974.7169806957245,0.05839728455,0.505,1.818569710884786,0.6115942028985507,0.34782608695652173,0.8742690058479532,0.35964912280701755,0.31549707602339183,0.7328571428571429,1.0,1.0,0.409284855442393,0.8030949518141309,57.64576554371249,"['quote_volume_24h<50000', 'top_of_book_quote<5', 'coverage_ratio<0.90']",quote_volume_24h<50000; top_of_book_quote<5; coverage_ratio<0.90,False
nonkyc,FLR/USDT,FLR-USDT,FLR,USDT,True,active,0.0078,768.6533,99425.42,0.00315,0.0494,17602.283539486205,30.226872,1e-05,0.01,,,market.getlist.priceDecimals/quantityDecimals,1774848909748.0,False,0.5739130434782609,0.0,0.0,31.56521739130435,0.00315,0.0494,0.026275,0.04625,99.9999945,30.226872,14,18,0.0,0.0,0.0,0.0,0.0,0.0,0.0,0.0,0.0,0.0,0.0,0.0,0.0,0.0,0.0,140.110998779,57.467879778000004,57.467879778000004,140.110998779,64.789210524,64.789210524,288,1774762200.0,1774849200.0,291,3.0,0.9896907216494846,0.0,10.659909224988402,15.664112286036106,0.0051813471502593,0.08442869727056208,1.9976568000000001,200,1.2550851868032284,60.7810363,0.3814268914933965,23.7831289768219,0.22252814999999998,0.45,0.000605598086241233,0.5739130434782609,0.8753623188405797,0.0,0.935672514619883,0.6425438596491229,0.9943298969072165,0.22165910208236683,0.10362694300518599,0.0,0.10842868169585095,57.504651639069074,"['quote_volume_24h<50000', 'spread_bps>120', 'natr_bps_mean<12']",quote_volume_24h<50000; spread_bps>120; natr_bps_mean<12,False
nonkyc,PRCY/USDT,PRCY-USDT,PRCY,USDT,True,active,0.001173,1674.5856,1499859.6984,0.001165,0.001178,110.96884336320949,0.169099544,1e-06,0.0001,,,market.getlist.priceDecimals/quantityDecimals,1774845695400.0,False,0.6057971014492753,0.1900584795321637,0.0,38.070302568014235,0.001165,0.001178,0.0011715,1.299999999999999e-05,0.17643482300000002,0.169099544,42,74,0.0,0.0,0.0,0.0,0.0,0.0,0.0,0.0,0.0,0.0,0.0,0.0,0.17643482300000002,0.169099544,0.169099544,0.17643482300000002,0.169099544,0.169099544,0.6338200646000001,0.590136992,0.590136992,288,1774762800.0,1774849200.0,289,1.0,0.9965397923875432,0.0,78.70563701915688,54.50795933346567,0.0684444444444443,-0.2698989316789227,5.684532817,200,2.529205473309353,110.37829591279998,1.3958469507860656,4.33787989616394,0.5551731325,0.565,0.7092588751380181,0.6057971014492753,0.4579710144927536,0.19883040935672514,0.49707602339181284,0.8326023391812866,0.9980968858131487,1.0,1.0,0.0,0.6666666666666666,57.49530905645337,"['quote_volume_24h<50000', 'top_of_book_quote<5']",quote_volume_24h<50000; top_of_book_quote<5,False
nonkyc,BTCE/USDT,BTCE-USDT,BTCE,USDT,True,active,0.02574,3942.3071,154948.7792,0.025633,0.025852,85.0733223268915,0.1718718516,1e-06,0.0001,,,market.getlist.priceDecimals/quantityDecimals,1774846497487.0,False,0.6753623188405797,0.3713450292397661,0.0,46.428553267226036,0.025633,0.025852,0.0257425,0.00021900000000000044,0.17328933319999998,0.1718718516,57,92,0.0,0.0,0.0,0.0,0.0,0.0,0.0,0.0,0.0,0.17328933319999998,0.1718718516,0.1718718516,0.17328933319999998,0.1718718516,0.1718718516,0.17328933319999998,0.1718718516,0.1718718516,0.6206129965999999,0.6181792466,0.6181792466,288,1774761900.0,1774848900.0,291,3.0,0.9896907216494846,0.0,68.09178339075548,42.43934508047235,0.014810045074050215,-0.4782725178234958,14.516436605500001,200,1.375937558122941,458.3110405666,3.153036870089959,60.651718854904175,2.3219022061,0.48,0.8003893762267212,0.6753623188405797,0.463768115942029,0.3801169590643275,0.5116959064327485,0.612719298245614,0.9943298969072165,1.0,0.29620090148100425,0.0,0.43206696716033477,57.27609678712861,"['quote_volume_24h<50000', 'top_of_book_quote<5']",quote_volume_24h<50000; top_of_book_quote<5,False
nonkyc,TRUMP/USDT,TRUMP-USDT,TRUMP,USDT,True,active,2.918,5917.0773,2054.87,2.917,2.941,81.93922840559927,0.14705,0.001,0.01,,,market.getlist.priceDecimals/quantityDecimals,1774847978020.0,False,0.7043478260869566,0.5760233918128654,0.0,53.13971523010426,2.917,2.941,2.929,0.02400000000000002,1026.4631299999999,0.14705,58,75,0.0,0.0,0.0,0.0,0.0,0.0,0.0,0.0,0.0,2612.8098499999996,0.14705,0.14705,17768.08583,0.14705,0.14705,13189.9241,0.14705,0.14705,19506.60797,0.53354,0.53354,288,1774717200.0,1774847700.0,436,148.0,0.6605504587155964,0.0,20.53755410406606,23.604741034245745,0.08389585342333594,-0.18141750403128268,10.910229999999999,200,1.3049322087893471,421.22518999999994,2.7483515879220617,1156.008755683899,1.46675,0.48,0.25064373321170597,0.7043478260869566,0.37971014492753624,0.5818713450292398,0.39473684210526316,0.44049707602339183,0.8133027522935781,1.0,1.0,0.0,0.6666666666666666,57.05204608383077,"['quote_volume_24h<50000', 'top_of_book_quote<5', 'coverage_ratio<0.90']",quote_volume_24h<50000; top_of_book_quote<5; coverage_ratio<0.90,False
nonkyc,COMP/USDT,COMP-USDT,COMP,USDT,True,active,18.18,1123.9499,62.391,18.09,18.19,49.60044089280785,0.14552,0.01,0.001,,,market.getlist.priceDecimals/quantityDecimals,1774848933370.0,False,0.5855072463768116,0.7514619883040936,0.0,50.98944825832699,18.1,18.19,18.145000000000003,0.08999999999999986,489.5869,0.14552,55,50,0.0,0.0,0.0,0.0,0.0,0.0,489.5869,0.14552,0.14552,1053.52073,0.14552,0.14552,3296.6813500000003,0.14552,0.14552,1053.52073,0.14552,0.14552,3296.6813500000003,0.14552,0.14552,288,1774719900.0,1774848900.0,431,143.0,0.6682134570765661,0.0,13.916968699291328,23.036318872525385,0.0781758957654726,-0.3210132872667645,2.83582,200,0.6248605779783865,122.38126,0.3823561242866159,42.58008623123169,0.3043,0.485,0.2805815522762684,0.5855072463768116,0.3739130434782609,0.7953216374269005,0.3888888888888889,0.5400584795321638,0.8175174013921114,0.49308072494094396,1.0,0.0,0.49769357498031463,56.99950361066044,"['quote_volume_24h<50000', 'top_of_book_quote<5', 'coverage_ratio<0.90']",quote_volume_24h<50000; top_of_book_quote<5; coverage_ratio<0.90,False
nonkyc,PEPERG/ERG,PEPERG-ERG,PEPERG,ERG,True,active,0.000504420726,131.2565,261242.0,0.000500151296,0.000504420727,84.9999980538978,2.442238778368,1e-12,1.0,,,market.getlist.priceDecimals/quantityDecimals,1774845677247.0,False,0.4985507246376812,0.4415204678362573,0.0,38.4583015509789,0.000500151296,0.000504420727,0.0005022860115,4.269431000000008e-06,2.442238778368,2.4474493674040003,28,27,0.0,0.0,0.0,0.0,0.0,0.0,0.0,0.0,0.0,2.442238778368,2.4474493674040003,2.442238778368,2.442238778368,2.4474493674040003,2.442238778368,2.442238778368,2.4474493674040003,2.442238778368,8.766034093333001,8.57688252584,8.57688252584,288,1774663200.0,1774848900.0,620,332.0,0.4645161290322581,0.0,19.639071718138386,80.216608734043,0.007852107319935632,-0.48801323309804934,0.906264119796,200,0.13062621959305448,142.4486050804,0.09303761383978314,63.24814701080322,0.6444478956999999,0.55,0.23104790785624973,0.4985507246376812,0.8,0.45029239766081874,0.8771929824561403,0.28669590643274856,0.705483870967742,0.9699226431781988,0.15704214639871264,0.0,0.3756549298589705,56.439178498986685,"['quote_volume_24h<50000', 'top_of_book_quote<5', 'coverage_ratio<0.90']",quote_volume_24h<50000; top_of_book_quote<5; coverage_ratio<0.90,False
nonkyc,CCX/USDT,CCX-USDT,CCX,USDT,True,active,0.00969,432.9307,42240.5288,0.009689,0.009771,84.2754367934229,0.3365009078,1e-06,0.0001,,,market.getlist.priceDecimals/quantityDecimals,1774847872513.0,False,0.5478260869565217,0.5380116959064327,0.0,43.58072718026951,0.009689,0.009771,0.009729999999999999,8.200000000000048e-05,0.3365009078,16.6540040949,41,194,0.0,0.0,0.0,0.0,0.0,0.0,0.0,0.0,0.0,0.3365009078,16.9783553417,0.3365009078,0.3365009078,16.9783553417,0.3365009078,0.3365009078,16.9783553417,0.3365009078,1.1959031944,17.8229725889,1.1959031944,287,1774674000.0,1774848600.0,583,296.0,0.4922813036020583,0.0,25.287392839210053,78.87922644840147,0.09785011050833867,-0.3594709196162192,0.13721708000000002,200,0.1507034289764944,406.2708648219,0.3061320621095308,312.9741687774658,0.12426464579999999,0.5,0.3000565028359907,0.5478260869565217,0.5739130434782609,0.5467836257309941,0.6374269005847953,0.3286549707602339,0.7207547169811321,1.0,1.0,0.0,0.6666666666666666,56.29211365849681,"['quote_volume_24h<50000', 'top_of_book_quote<5', 'coverage_ratio<0.90']",quote_volume_24h<50000; top_of_book_quote<5; coverage_ratio<0.90,False
nonkyc,ZCL/USDT,ZCL-USDT,ZCL,USDT,True,active,0.204,1164.4584,5203.008,0.2033,0.2057,117.35941320293327,0.71980601,0.0001,0.0001,,,market.getlist.priceDecimals/quantityDecimals,1774848603832.0,False,0.5884057971014492,0.16959064327485385,0.0,36.60208492245106,0.2033,0.2057,0.20450000000000002,0.0023999999999999855,0.80531196,0.71980601,76,200,0.0,0.0,0.0,0.0,0.0,0.0,0.0,0.0,0.0,0.0,0.0,0.0,245.13351512,0.71980601,0.71980601,280.11756335999996,0.71980601,0.71980601,326.48626866,4.72633367,4.72633367,288,1774690800.0,1774848600.0,527,239.0,0.5464895635673624,0.0,27.583365822924243,130.23695281542263,0.05093378607809841,0.08243364964016307,0.3609028,200,0.22255073595752353,1090.28828758,1.2132223040339853,662.1780478954315,0.401490835,0.495,0.23503326294950175,0.5884057971014492,0.7159420289855073,0.17251461988304095,0.7807017543859649,0.3431286549707602,0.7505692599620494,1.0,1.0,0.0,0.6666666666666666,55.7363307892976,"['quote_volume_24h<50000', 'top_of_book_quote<5', 'coverage_ratio<0.90']",quote_volume_24h<50000; top_of_book_quote<5; coverage_ratio<0.90,False
nonkyc,XLA/USDT,XLA-USDT,XLA,USDT,True,active,6.1435e-06,67.6531,11159450.5611,6.1434e-06,6.1958e-06,84.93257261410739,0.9790245922563601,1e-10,0.0001,,,market.getlist.priceDecimals/quantityDecimals,1774845488156.0,False,0.4492753623188406,0.4970760233918129,0.0,37.137045512331554,6.1434e-06,6.1958e-06,6.1696e-06,5.23999999999997e-08,0.9798342692823001,0.9790245922563601,59,200,0.0,0.0,0.0,0.0,0.0,0.0,0.0,0.0,0.0,0.9798342692823001,0.9790245922563601,0.9790245922563601,0.9798342692823001,2.52990192995152,0.9798342692823001,0.9798342692823001,0.9790245922563601,0.9790245922563601,3.5164873211792997,4.98404149985545,3.5164873211792997,287,1774661400.0,1774848900.0,626,339.0,0.4584664536741214,0.0,22.23480846845395,85.85783582330745,0.015798499464094323,-0.26964021413020495,0.3881378547675,200,0.13628141221271242,68.7308648085,0.046833696593516994,79.91899037361145,0.31670105825,0.535,0.26179365329575244,0.4492753623188406,0.7565217391304347,0.5087719298245614,0.8216374269005848,0.30833333333333335,0.7021565495207669,1.0,0.3159699892818864,0.0,0.4386566630939621,55.734625896805824,"['quote_volume_24h<50000', 'top_of_book_quote<5', 'coverage_ratio<0.90']",quote_volume_24h<50000; top_of_book_quote<5; coverage_ratio<0.90,False
nonkyc,TDC/DOGE,TDC-DOGE,TDC,DOGE,True,active,0.728443,311.8888,434.7515,0.728442,0.735048,90.27735071643811,1.78065378,1e-06,0.0001,,,market.getlist.priceDecimals/quantityDecimals,1774845223233.0,False,0.527536231884058,0.2807017543859649,0.0,36.03203661327231,0.728442,0.735048,0.7317450000000001,0.006606000000000001,3.5178649506,1.78065378,33,40,0.0,0.0,0.0,0.0,0.0,0.0,0.0,0.0,0.0,3.5178649506,1.78065378,1.78065378,3.5178649506,1.78065378,1.78065378,3.5178649506,1.78065378,1.78065378,12.627463198800001,10.7088145158,10.7088145158,287,1774685100.0,1774848900.0,547,260.0,0.5246800731261426,0.0,26.15336412673108,85.16397190452327,0.008713417776702224,-0.2121477748268551,1.322723655,200,0.1580347577166248,259.0003490007,0.20465528701423447,273.525102853775,1.0446019182000001,0.52,0.2897001730686472,0.527536231884058,0.7884057971014493,0.29239766081871343,0.8654970760233918,0.3587719298245614,0.7385740402193786,1.0,0.1742683555340445,0.0,0.3914227851780148,55.6365561004016,"['quote_volume_24h<50000', 'top_of_book_quote<5', 'coverage_ratio<0.90']",quote_volume_24h<50000; top_of_book_quote<5; coverage_ratio<0.90,False
nonkyc,RXD/USDT,RXD-USDT,RXD,USDT,True,active,7.8028e-05,2231.3792,27992898.32,7.786e-05,7.8391e-05,67.9675650075838,0.02789857299,1e-09,0.01,,,market.getlist.priceDecimals/quantityDecimals,1774848834979.0,False,0.6202898550724638,0.6812865497076024,0.0,51.14810577167557,7.786e-05,7.8391e-05,7.81255e-05,5.309999999999988e-07,45.8120438428,0.02789857299,48,200,0.0,0.0,0.0,0.0,0.0,0.0,0.0,0.0,0.0,87.6358537655,0.02789857299,0.02789857299,87.66378376774,0.02789857299,0.02789857299,87.66378376774,0.02789857299,0.02789857299,87.66378376774,0.02789857299,0.02789857299,288,1774756800.0,1774848900.0,308,20.0,0.935064935064935,0.0,42.143694526247174,37.99794300428449,0.05027747115660871,-0.34410579498123195,7.680453798010001,200,0.6406050386425309,409.0294375705,1.3101315933039144,10.095639944076538,1.8721233578,0.555,0.620055971131889,0.6202898550724638,0.20579710144927535,0.6900584795321638,0.21052631578947367,0.6289473684210527,0.9642857142857144,1.0,1.0,0.0,0.6666666666666666,55.584936980131495,"['quote_volume_24h<50000', 'top_of_book_quote<5']",quote_volume_24h<50000; top_of_book_quote<5,False
nonkyc,BQC/USDT,BQC-USDT,BQC,USDT,True,active,0.000418,1450.6611,3423754.0387,0.000417,0.00042,71.68458781362051,0.0038803800000000005,1e-06,0.0001,,,market.getlist.priceDecimals/quantityDecimals,1774845776013.0,False,0.6,0.6491228070175439,0.0,49.228070175438596,0.000417,0.00042,0.00041850000000000004,3.0000000000000187e-06,0.007814037900000001,0.0038803800000000005,53,200,0.0,0.0,0.0,0.0,0.0,0.0,0.0,0.0,0.0,0.007814037900000001,0.0038803800000000005,0.0038803800000000005,0.007814037900000001,0.0038803800000000005,0.0038803800000000005,0.007814037900000001,0.0038803800000000005,0.0038803800000000005,0.007814037900000001,0.0195008368,0.007814037900000001,288,1774762500.0,1774848900.0,289,1.0,0.9965397923875432,0.0,35.54434034184786,82.6519587131927,0.20948616600790412,-0.03867690773009433,5.0200736055,200,2.1123324304193516,111.4427658491,1.1770208421934205,19.833133697509766,0.5928610963500001,0.44,0.4958435477687746,0.6,0.1681159420289855,0.652046783625731,0.17543859649122806,0.7289473684210527,0.9980968858131487,1.0,1.0,0.0,0.6666666666666666,54.99358009637202,"['quote_volume_24h<50000', 'top_of_book_quote<5']",quote_volume_24h<50000; top_of_book_quote<5,False
nonkyc,MMX/USDC,MMX-USDC,MMX,USDC,True,active,0.049168,85.0363,1714.626,0.049167,0.049588,85.26150574654402,1.2239855628,1e-06,0.0001,,,market.getlist.priceDecimals/quantityDecimals,1774845713753.0,False,0.46956521739130436,0.3538011695906432,0.0,34.67111619628782,0.049167,0.049588,0.049377500000000005,0.00042099999999999776,1.2253399740000002,1.2239855628,31,40,0.0,0.0,0.0,0.0,0.0,0.0,0.0,0.0,0.0,1.2253399740000002,1.2239855628,1.2239855628,1.2253399740000002,1.2239855628,1.2239855628,1.2253399740000002,1.2239855628,1.2239855628,4.3968306492,1.2239855628,1.2239855628,288,1774677000.0,1774849200.0,575,287.0,0.5008695652173913,0.0,18.372654578457897,70.12773694682096,0.0008719891358730418,-0.45373447185251015,0.48016025400000006,200,0.15379527915641236,82.8903001243,0.06374068423487761,38.42320466041565,0.3878402609,0.54,0.21548592670969352,0.46956521739130436,0.7681159420289855,0.36257309941520466,0.8421052631578947,0.46257309941520464,0.7254782608695654,0.8643878815381582,0.017439782717460835,0.0,0.293942554751873,54.914981103074275,"['quote_volume_24h<50000', 'top_of_book_quote<5', 'coverage_ratio<0.90']",quote_volume_24h<50000; top_of_book_quote<5; coverage_ratio<0.90,False
nonkyc,HTN/USDT,HTN-USDT,HTN,USDT,True,active,1.925e-05,73.8375,3819240.1575,1.91e-05,1.926e-05,83.42022940563007,1.357693723944,1e-08,0.0001,,,market.getlist.priceDecimals/quantityDecimals,1774845596046.0,False,0.4579710144927536,0.5467836257309941,0.0,38.85799644037631,1.91e-05,1.926e-05,1.918e-05,1.5999999999999847e-07,1.60012231625,1.357693723944,51,193,0.0,0.0,0.0,0.0,0.0,0.0,0.0,0.0,0.0,1.60012231625,1.357693723944,1.357693723944,1.60012231625,1.357693723944,1.357693723944,1.60012231625,1.357693723944,1.357693723944,5.665239674522001,5.243612610882,5.243612610882,288,1774657500.0,1774848900.0,639,351.0,0.4507042253521127,0.0,15.643038171991925,60.069852899026806,0.012079378774805907,-0.5043917569138021,0.57585208572,200,0.11448916807971747,89.0609722213,0.050982583089937326,36.09738826751709,0.4564642329,0.48,0.187520920086755,0.4579710144927536,0.7739130434782608,0.5555555555555556,0.847953216374269,0.22412280701754386,0.697887323943662,0.6369198476659937,0.24158757549611812,0.0,0.29283580772070394,54.73878483812853,"['quote_volume_24h<50000', 'top_of_book_quote<5', 'coverage_ratio<0.90']",quote_volume_24h<50000; top_of_book_quote<5; coverage_ratio<0.90,False
nonkyc,ENS/USDT,ENS-USDT,ENS,USDT,True,active,5.69,6284.0815,1126.48,5.66,5.7,88.10572687224638,0.057,0.01,0.01,,,market.getlist.priceDecimals/quantityDecimals,1774848969117.0,False,0.7101449275362319,0.652046783625731,0.0,55.359140605136034,5.65,5.7,5.675000000000001,0.04999999999999982,319.0555,0.057,53,47,0.0,0.0,0.0,0.0,0.0,0.0,0.0,0.0,0.0,319.0555,0.057,0.057,1961.2669999999998,0.057,0.057,1654.5836,0.057,0.057,3266.8082999999997,1633.8011999999999,1633.8011999999999,288,1774760100.0,1774848900.0,297,9.0,0.9696969696969697,0.0,20.343222727378468,22.916547179924358,0.029940119760478983,-0.14490769471936712,10.7786,200,3.172974716831821,957.1254000000001,15.184673475187719,10.656275510787964,3.402,0.545,0.23089557795574644,0.7101449275362319,0.24347826086956523,0.3099415204678363,0.24561403508771928,0.8823099415204678,0.9833333333333334,1.0,0.5988023952095797,0.0,0.5329341317365266,54.58741403539222,"['quote_volume_24h<50000', 'top_of_book_quote<5']",quote_volume_24h<50000; top_of_book_quote<5,False
nonkyc,CHESS/USDC,CHESS-USDC,CHESS,USDC,True,active,0.094296,1105.3531,11648.5618,0.094295,0.095461,122.89466472733409,17.097116784,1e-06,0.0001,,,market.getlist.priceDecimals/quantityDecimals,1774845477058.0,False,0.5826086956521739,0.0935672514619883,0.0,34.38265954741927,0.094295,0.095461,0.094878,0.0011660000000000004,17.097116784,17.1104105478,31,28,0.0,0.0,0.0,0.0,0.0,0.0,0.0,0.0,0.0,0.0,0.0,0.0,17.097116784,17.1104105478,17.097116784,17.097116784,17.1104105478,17.097116784,61.378969468,61.44528737380001,61.378969468,288,1774664100.0,1774848600.0,616,328.0,0.4675324675324675,0.0,21.300084074023502,84.14207884038552,0.007407407407407408,-0.45354268354289523,6.780949308,200,0.15098968263556337,1055.9513221116,0.7971887750211701,482.84053134918213,5.252333298,0.525,0.1733198436342368,0.5826086956521739,0.855072463768116,0.0935672514619883,0.9298245614035088,0.30087719298245613,0.7071428571428572,1.0,0.14814814814814814,0.0,0.38271604938271603,54.52884586667959,"['quote_volume_24h<50000', 'spread_bps>120', 'coverage_ratio<0.90']",quote_volume_24h<50000; spread_bps>120; coverage_ratio<0.90,False
nonkyc,HMS/USDT,HMS-USDT,HMS,USDT,True,active,0.005124,99.6826,19376.0469,0.005123,0.005167,85.51992225461568,1.6388607927999999,1e-06,0.0001,,,market.getlist.priceDecimals/quantityDecimals,1774845629540.0,False,0.48405797101449277,0.3362573099415205,0.0,35.02962115433512,0.005123,0.005167,0.005145,4.399999999999977e-05,1.6982140486,1.6388607927999999,35,90,0.0,0.0,0.0,0.0,0.0,0.0,0.0,0.0,0.0,1.6982140486,1.6388607927999999,1.6388607927999999,1.6982140486,1.6388607927999999,1.6388607927999999,1.6982140486,1.6388607927999999,1.6388607927999999,6.0893706688,5.9582306074,5.9582306074,288,1774669800.0,1774849200.0,599,311.0,0.48080133555926546,0.0,16.43555540746645,55.57065378996985,0.007518796992481203,-0.4452952678681703,0.603571332,200,0.1397101061868834,98.1502923156,0.0685629388084306,33.01889133453369,0.4942861728,0.5,0.19218393766230757,0.48405797101449277,0.7855072463768116,0.3450292397660819,0.8625730994152047,0.3907894736842105,0.714440734557596,0.702962950622204,0.15037593984962405,0.0,0.2844462968239427,54.42693286148892,"['quote_volume_24h<50000', 'top_of_book_quote<5', 'coverage_ratio<0.90']",quote_volume_24h<50000; top_of_book_quote<5; coverage_ratio<0.90,False
nonkyc,SHA/USDT,SHA-USDT,SHA,USDT,True,active,0.022206,392.763,17655.0789,0.022019,0.022207,85.01786279564088,0.2848425269,1e-06,0.0001,,,market.getlist.priceDecimals/quantityDecimals,1774847851080.0,False,0.5449275362318841,0.38596491228070173,0.0,39.62013729977117,0.022019,0.022207,0.022113,0.00018800000000000067,0.28669618760000004,0.2848425269,95,200,0.0,0.0,0.0,0.0,0.0,0.0,0.0,0.0,0.0,0.28669618760000004,0.2848425269,0.2848425269,0.28669618760000004,0.2848425269,0.2848425269,0.28669618760000004,0.2848425269,0.2848425269,1.0280086426,15.6013231911,1.0280086426,288,1774683900.0,1774848900.0,551,263.0,0.5226860254083484,0.0,20.703578511765702,134.0599870651446,0.06879167344283577,-0.05794175265921915,0.10408424,200,0.15292004651805516,181.7121811436,0.13893717596688288,84.6013777256012,0.0885657478,0.465,0.2435203359737624,0.5449275362318841,0.5565217391304348,0.39473684210526316,0.6169590643274854,0.40409356725146195,0.7374773139745916,1.0,1.0,0.0,0.6666666666666666,54.350720253908136,"['quote_volume_24h<50000', 'top_of_book_quote<5', 'coverage_ratio<0.90']",quote_volume_24h<50000; top_of_book_quote<5; coverage_ratio<0.90,False
nonkyc,DOGI/USDT,DOGI-USDT,DOGI,USDT,True,active,0.047068,75.9938,1453.4,0.047067,0.047469,85.04696623508495,0.6076032,1e-06,0.1,,,market.getlist.priceDecimals/quantityDecimals,1774845605041.0,False,0.4608695652173913,0.3742690058479532,0.0,34.70455123315536,0.047067,0.047469,0.047268,0.0004019999999999996,0.6118709999999999,0.6076032,46,54,0.0,0.0,0.0,0.0,0.0,0.0,0.0,0.0,0.0,0.6118709999999999,0.6076032,0.6076032,0.6118709999999999,0.6076032,0.6076032,0.6118709999999999,0.6076032,0.6076032,2.2130533999999997,2.1864084000000004,2.1864084000000004,288,1774670400.0,1774848600.0,595,307.0,0.48403361344537815,0.0,21.09501637081206,86.5862755813932,0.1065080367615774,-0.22931492909180418,0.2515804,200,0.16813664094908873,67.4325459,0.05668940879135622,631.3704011440277,0.2648976,0.42,0.24803961040187703,0.4608695652173913,0.6753623188405797,0.3830409356725146,0.7397660818713451,0.31973684210526315,0.716218487394958,1.0,1.0,0.0,0.6666666666666666,54.28059321363939,"['quote_volume_24h<50000', 'top_of_book_quote<5', 'coverage_ratio<0.90']",quote_volume_24h<50000; top_of_book_quote<5; coverage_ratio<0.90,False
nonkyc,FNNC/USDT,FNNC-USDT,FNNC,USDT,True,active,0.002696,61.0742,22432.7006,0.002693,0.002709,59.23731951129194,0.5264922537,1e-06,0.0001,,,market.getlist.priceDecimals/quantityDecimals,1774846918310.0,False,0.4405797101449275,0.7280701754385965,0.0,42.433638443935926,0.002693,0.002709,0.0027010000000000003,1.5999999999999955e-05,8.7737369084,0.5264922537,54,90,0.0,0.0,0.0,0.0,0.0,0.0,0.0,0.0,0.0,8.7737369084,0.5264922537,0.5264922537,9.3792303386,0.5264922537,0.5264922537,9.3792303386,0.5264922537,0.5264922537,9.3792303386,0.5264922537,0.5264922537,288,1774674600.0,1774846800.0,575,287.0,0.5008695652173913,0.0,13.269173706748191,61.05087280452342,0.03479304139172152,-0.5045985546003012,0.237438963,200,0.13871632674181564,61.401524201499996,0.04258696946790387,2298.447560787201,0.19590766165,0.425,0.22400023863704355,0.4405797101449275,0.6434782608695652,0.7456140350877193,0.7076023391812866,0.17353801169590644,0.7254782608695654,0.43909780889568256,0.6958608278344304,0.0,0.37831954557670433,54.154555740536935,"['quote_volume_24h<50000', 'top_of_book_quote<5', 'coverage_ratio<0.90']",quote_volume_24h<50000; top_of_book_quote<5; coverage_ratio<0.90,False
nonkyc,YEC/USDT,YEC-USDT,YEC,USDT,True,active,0.103491,144.5056,1422.1788,0.102616,0.103492,85.00397849671063,1.5771771352,1e-06,0.0001,,,market.getlist.priceDecimals/quantityDecimals,1774848597007.0,False,0.5014492753623189,0.4122807017543859,0.0,37.88672768878719,0.102616,0.103492,0.103054,0.0008760000000000018,1.5771771352,1.5781081112,62,200,0.0,0.0,0.0,0.0,0.0,0.0,0.0,0.0,0.0,1.5771771352,1.5781081112,1.5771771352,1.5771771352,1.5781081112,1.5771771352,1.5771771352,1.5781081112,1.5771771352,12.412570531799998,5.661120110200001,5.661120110200001,288,1774677600.0,1774848900.0,572,284.0,0.5034965034965035,0.0,13.174388189384937,60.515430798302845,0.022250128230071248,-0.4299266595649521,0.6425206205,200,0.1292484685159841,150.8962400749,0.09751553967250544,182.0254955291748,0.48675479695,0.45,0.15498554799872974,0.5014492753623189,0.782608695652174,0.42105263157894735,0.8596491228070176,0.2162280701754386,0.726923076923077,0.43119901578207803,0.44500256460142495,0.0,0.29206719346116766,54.08563115540613,"['quote_volume_24h<50000', 'top_of_book_quote<5', 'coverage_ratio<0.90']",quote_volume_24h<50000; top_of_book_quote<5; coverage_ratio<0.90,False
nonkyc,CHESS/USDT,CHESS-USDT,CHESS,USDT,True,active,0.094214,1010.0755,10667.1403,0.094213,0.095196,103.796546098654,17.054306282400002,1e-06,0.0001,,,market.getlist.priceDecimals/quantityDecimals,1774845880754.0,False,0.5797101449275363,0.21345029239766078,0.0,37.220315280956015,0.094213,0.095196,0.0947045,0.0009829999999999978,17.0587239515,17.054306282400002,42,34,0.0,0.0,0.0,0.0,0.0,0.0,0.0,0.0,0.0,0.0,0.0,0.0,17.0587239515,17.054306282400002,17.054306282400002,17.0587239515,17.054306282400002,17.054306282400002,61.2851908361,70.93327938489999,61.2851908361,288,1774670100.0,1774846200.0,588,300.0,0.4897959183673469,0.0,16.52232685221486,67.33781265224667,0.0016388701436421225,-0.4498082841386493,6.5337398135,200,0.14134440769925788,990.7244891463,0.7001668305576682,2951.53587269783,4.95447219245,0.51,0.15917992913281645,0.5797101449275363,0.8521739130434782,0.22807017543859653,0.9269005847953217,0.19722222222222222,0.7193877551020409,0.7101939043512383,0.03277740287284245,0.0,0.24765710240802694,54.057964466277895,"['quote_volume_24h<50000', 'coverage_ratio<0.90']",quote_volume_24h<50000; coverage_ratio<0.90,False
nonkyc,DERO/USDT,DERO-USDT,DERO,USDT,True,active,0.247153,6430.5317,25395.0002,0.247351,0.249462,84.9816731848805,0.1314917916,1e-06,0.0001,,,market.getlist.priceDecimals/quantityDecimals,1774848975433.0,False,0.7188405797101449,0.48245614035087714,0.0,51.59763539282991,0.247351,0.249462,0.24840649999999997,0.0021110000000000018,0.1314917916,0.13161615119999998,105,200,0.0,0.0,0.0,0.0,0.0,0.0,0.0,0.0,0.0,0.1314917916,0.13161615119999998,0.1314917916,1.2073982312,0.13161615119999998,0.13161615119999998,1.2073982312,0.13161615119999998,0.13161615119999998,1.5478331018,0.13161615119999998,0.13161615119999998,288,1774673100.0,1774848900.0,587,299.0,0.4906303236797274,0.0,76.7002032637391,234.88923270315823,0.04364055925071261,0.11973869214728722,0.055657229,200,0.2969558462284211,1532.4181613512003,2.275302659399234,168.13670921325684,0.1280145384,0.67,0.9025499309348171,0.7188405797101449,0.3565217391304348,0.49122807017543857,0.3684210526315789,0.4444444444444445,0.7198466780238502,1.0,0.8728111850142523,0.0,0.6242703950047508,53.96413030313118,"['quote_volume_24h<50000', 'top_of_book_quote<5', 'coverage_ratio<0.90']",quote_volume_24h<50000; top_of_book_quote<5; coverage_ratio<0.90,False
nonkyc,VEIL/USDT,VEIL-USDT,VEIL,USDT,True,active,0.00148,177.2084,121157.3829,0.001468,0.001485,115.13714866237784,0.9299742705,1e-06,0.0001,,,market.getlist.priceDecimals/quantityDecimals,1774847536489.0,False,0.5101449275362319,0.17836257309941517,0.0,32.517035341978136,0.001468,0.001485,0.0014765,1.7000000000000088e-05,5.246717878,0.9299742705,69,200,0.0,0.0,0.0,0.0,0.0,0.0,0.0,0.0,0.0,0.0,0.0,0.0,6.3479541421,0.9299742705,0.9299742705,6.3479541421,0.9299742705,0.9299742705,9.0157003921,3.1804896271,3.1804896271,288,1774675800.0,1774848300.0,576,288.0,0.5,0.0,22.873766252024463,79.40902754817213,0.043478260869565265,-0.3484739567519075,0.372598397,200,0.17269007489283877,165.5806078842,0.14297063788162134,752.8876378536224,0.34039715579999996,0.445,0.19866538747714085,0.5101449275362319,0.7507246376811594,0.18128654970760238,0.8128654970760234,0.31622807017543864,0.7250000000000001,1.0,0.8695652173913052,0.0,0.6231884057971017,53.938100686498856,"['quote_volume_24h<50000', 'top_of_book_quote<5', 'coverage_ratio<0.90']",quote_volume_24h<50000; top_of_book_quote<5; coverage_ratio<0.90,False
nonkyc,XEL/USDT,XEL-USDT,XEL,USDT,True,active,0.317,3644.8775,11512.7943,0.315,0.318,94.78672985781998,0.1364895,0.001,0.0001,,,market.getlist.priceDecimals/quantityDecimals,1774848831571.0,False,0.6608695652173913,0.2573099415204678,0.0,42.78057462496822,0.315,0.318,0.3165,0.0030000000000000027,0.1364895,81.72259740000001,172,153,0.0,0.0,0.0,0.0,0.0,0.0,0.0,0.0,0.0,0.1364895,81.72259740000001,0.1364895,0.1364895,81.8202114,0.1364895,0.1364895,81.8202114,0.1364895,0.4478655,82.05395120000001,0.4478655,288,1774752900.0,1774848900.0,321,33.0,0.897196261682243,0.0,38.554824288986175,41.268605060296004,0.0625,-0.27865288561032875,13.70421,200,1.100747875611338,520.8561652000001,2.866656586714841,22.252333879470825,2.7311986,0.525,0.40675339624880386,0.6608695652173913,0.35942028985507246,0.26315789473684215,0.3713450292397661,0.6296783625730994,0.9434579439252337,1.0,1.0,0.0,0.6666666666666666,53.88794836882265,"['quote_volume_24h<50000', 'top_of_book_quote<5', 'coverage_ratio<0.90']",quote_volume_24h<50000; top_of_book_quote<5; coverage_ratio<0.90,False
nonkyc,WIF/USDT,WIF-USDT,WIF,USDT,True,active,0.178,1683.7565,9741.12,0.177,0.179,112.35955056179786,0.18054,0.001,0.01,,,market.getlist.priceDecimals/quantityDecimals,1774848983987.0,False,0.6086956521739131,0.1871345029239766,0.0,38.15662344266464,0.177,0.179,0.178,0.0020000000000000018,0.18054,0.22912,51,44,0.0,0.0,0.0,0.0,0.0,0.0,0.0,0.0,0.0,0.0,0.0,0.0,0.18054,0.22912,0.18054,0.18054,0.22912,0.18054,5753.7611099999995,0.68524,0.68524,288,1774743600.0,1774849200.0,353,65.0,0.8158640226628895,0.0,5.232487743170747,25.019018937407395,0.10344827586206916,-0.019862409809519366,1.73921,200,2.535629289321791,67.96835,0.8617126950343738,5.93246054649353,0.16465000000000002,0.49,0.046569140914219605,0.6086956521739131,0.4753623188405797,0.19590643274853803,0.5292397660818714,0.8263157894736842,0.8987252124645893,0.0,1.0,0.0,0.3333333333333333,53.720738013280524,"['quote_volume_24h<50000', 'top_of_book_quote<5', 'coverage_ratio<0.90', 'natr_bps_mean<12']",quote_volume_24h<50000; top_of_book_quote<5; coverage_ratio<0.90; natr_bps_mean<12,False
nonkyc,BCA/USDT,BCA-USDT,BCA,USDT,True,active,0.035384,50.9527,1607.9202,0.035383,0.035685,84.98902459616245,0.3930310215,1e-06,0.0001,,,market.getlist.priceDecimals/quantityDecimals,1774848232045.0,False,0.43478260869565216,0.47953216374269003,0.0,35.901347571828126,0.035383,0.035685,0.035533999999999996,0.00030200000000000365,0.3935615707,0.3930310215,49,175,0.0,0.0,0.0,0.0,0.0,0.0,0.0,0.0,0.0,0.3935615707,0.3930310215,0.3930310215,0.3935615707,0.3930310215,0.3930310215,0.3935615707,0.3930310215,0.3930310215,1.4113143883000001,1.4094477540000003,1.4094477540000003,288,1774671000.0,1774848900.0,594,306.0,0.48484848484848486,0.0,17.65935596145841,96.88572850095126,0.20434050514499583,-0.03589242517045707,0.131554125,200,0.16190407612542876,44.7050219715,0.036189626402313504,158.24762749671936,0.11755084735,0.57,0.20778395852134288,0.43478260869565216,0.5971014492753624,0.48830409356725146,0.6578947368421053,0.39517543859649124,0.7166666666666668,0.8049463301215342,1.0,0.0,0.6016487767071781,53.378094682912106,"['quote_volume_24h<50000', 'top_of_book_quote<5', 'coverage_ratio<0.90']",quote_volume_24h<50000; top_of_book_quote<5; coverage_ratio<0.90,False
nonkyc,BZE/USDT,BZE-USDT,BZE,USDT,True,active,0.0006663,44.0302,65740.9621,0.0006662,0.0006718,83.70702541106007,0.7140048944799999,1e-07,0.0001,,,market.getlist.priceDecimals/quantityDecimals,1774845353556.0,False,0.4289855072463768,0.543859649122807,0.0,37.190694126620905,0.0006662,0.0006718,0.000669,5.599999999999919e-06,0.73502052522,0.7140048944799999,34,53,0.0,0.0,0.0,0.0,0.0,0.0,0.0,0.0,0.0,0.73502052522,0.7140048944799999,0.7140048944799999,0.73502052522,0.7140048944799999,0.7140048944799999,0.73502052522,0.7140048944799999,0.7140048944799999,2.64859426086,2.60419268386,2.60419268386,288,1774665900.0,1774848600.0,610,322.0,0.4721311475409836,0.0,18.675024731863783,76.29352732523664,0.005231544274365478,-0.49886841416323124,0.2893720911,200,0.13769260786218981,44.2726393122,0.030480075819194617,583.9873068332672,0.2248983067,0.475,0.22309984902887592,0.4289855072463768,0.7130434782608696,0.5526315789473684,0.7777777777777778,0.20116959064327483,0.709672131147541,0.8895853943219819,0.10463088548730955,0.0,0.3314054266030972,52.44565988973623,"['quote_volume_24h<50000', 'top_of_book_quote<5', 'coverage_ratio<0.90']",quote_volume_24h<50000; top_of_book_quote<5; coverage_ratio<0.90,False
nonkyc,RVN/USDT,RVN-USDT,RVN,USDT,True,active,0.005683,3926.7061,684942.64,0.005682,0.00575,118.96431070678705,0.221605,1e-06,0.01,,,market.getlist.priceDecimals/quantityDecimals,1774848083357.0,False,0.672463768115942,0.13742690058479534,0.0,40.421179760996694,0.005682,0.00575,0.005716000000000001,6.799999999999948e-05,0.23432568000000004,0.221605,65,159,0.0,0.0,0.0,0.0,0.0,0.0,0.0,0.0,0.0,0.0,0.0,0.0,0.23432568000000004,0.221605,0.221605,0.23432568000000004,0.221605,0.221605,1.40878748,0.78843492,0.78843492,288,1774720500.0,1774848900.0,429,141.0,0.6713286713286714,0.0,18.29394060091924,33.9849843876732,0.026982150269821807,-0.372603423167898,6.639149,200,0.874403775028924,135.88378984000002,0.5940864940066648,208.12238264083862,0.49562124,0.53,0.15377671246302232,0.672463768115942,0.5362318840579711,0.14035087719298245,0.5935672514619883,0.47207602339181287,0.8192307692307692,0.8578283834099366,0.5396430053964361,0.0,0.46582379626879095,52.37337809842302,"['quote_volume_24h<50000', 'top_of_book_quote<5', 'coverage_ratio<0.90']",quote_volume_24h<50000; top_of_book_quote<5; coverage_ratio<0.90,False
nonkyc,SYS/USDT,SYS-USDT,SYS,USDT,True,active,0.0101,653.7804,64924.56,0.01005,0.01011,59.52380952380883,0.1479093,1e-05,0.01,,,market.getlist.priceDecimals/quantityDecimals,1774848526827.0,False,0.5652173913043478,0.7251461988304093,0.0,49.21561149249936,0.01005,0.01011,0.010079999999999999,5.999999999999929e-05,111.201642,0.1479093,57,63,0.0,0.0,0.0,0.0,0.0,0.0,0.0,0.0,0.0,111.201642,0.1479093,0.1479093,718.4593804000001,0.1479093,0.1479093,220.146096,0.1479093,0.1479093,829.5399191,0.1479093,0.1479093,288,1774695900.0,1774848300.0,509,221.0,0.5658153241650294,0.0,12.684365867931923,51.17833469413012,0.03428571428571418,-0.5582133159022648,0.06974195,200,0.6608858249259616,247.34679430000003,0.8173399509687383,639.5791420936584,0.9356481999999999,0.46,0.2130973465812588,0.5652173913043478,0.3826086956521739,0.7426900584795322,0.39766081871345027,0.3871345029239766,0.7611984282907662,0.39036382232766026,0.6857142857142836,0.0,0.35869270268064796,52.1262441345298,"['quote_volume_24h<50000', 'top_of_book_quote<5', 'coverage_ratio<0.90']",quote_volume_24h<50000; top_of_book_quote<5; coverage_ratio<0.90,False
nonkyc,RAY/USDT,RAY-USDT,RAY,USDT,True,active,0.571,1983.1073,3521.39,0.57,0.574,69.93006993007,0.0861,0.001,0.01,,,market.getlist.priceDecimals/quantityDecimals,1774848941521.0,False,0.6144927536231884,0.6608187134502924,0.0,50.317569285532684,0.57,0.574,0.572,0.0040000000000000036,381.27299999999997,0.0861,57,38,0.0,0.0,0.0,0.0,0.0,0.0,0.0,0.0,0.0,381.27299999999997,0.0861,0.0861,1475.1826199999998,340.44685999999996,340.44685999999996,1101.2177699999997,0.0861,0.0861,2460.6482499999997,2429.24558,2429.24558,288,1774758900.0,1774848900.0,301,13.0,0.9568106312292359,0.0,15.65285883125919,20.925119343906964,0.0,-0.16901127979874928,3.7743599999999997,200,1.050772817125926,213.33523000000002,1.120834303096537,78.8115668296814,0.68203,0.5,0.22383588128700618,0.6144927536231884,0.2811594202898551,0.672514619883041,0.28654970760233917,0.5583333333333333,0.9762458471760798,0.6377382359382658,0.0,0.0,0.21257941197942196,52.01189866325602,"['quote_volume_24h<50000', 'top_of_book_quote<5']",quote_volume_24h<50000; top_of_book_quote<5,False
nonkyc,XMR/ZSD,XMR-ZSD,XMR,ZSD,True,active,329.929,63.9233,0.1935,329.928,332.744,84.98925561967401,1.2207336,0.001,0.0001,,,market.getlist.priceDecimals/quantityDecimals,1774845739113.0,False,0.4434782608695652,0.4766081871345029,0.0,36.306509026188664,329.928,332.744,331.336,2.816000000000031,1.2207336,1.2311528000000003,40,28,0.0,0.0,0.0,0.0,0.0,0.0,0.0,0.0,0.0,1.2207336,1.2311528000000003,1.2207336,1.2207336,1.2311528000000003,1.2207336,1.2207336,1.2311528000000003,1.2207336,1.2207336,4.4288338000000005,1.2207336,288,1774667700.0,1774848900.0,605,317.0,0.47603305785123967,0.3298611111111111,15.231753888885354,75.72018596974372,0.009744418289895944,-0.5367408681194448,0.328471,200,0.1286233409517894,69.1559532,0.044475348736447956,107.18267893791199,0.34703055,0.455,0.17921975875453347,0.4434782608695652,0.7652173913043478,0.48538011695906436,0.8391812865497076,0.23040935672514617,0.5633806818181819,0.6026461574071128,0.19488836579791885,0.0,0.2658448410683439,51.48452576026622,"['quote_volume_24h<50000', 'top_of_book_quote<5', 'coverage_ratio<0.90', 'zero_volume_fraction>0.30']",quote_volume_24h<50000; top_of_book_quote<5; coverage_ratio<0.90; zero_volume_fraction>0.30,False
nonkyc,LANA/USDT,LANA-USDT,LANA,USDT,True,active,0.00090393,327.5158,388031.0869,0.00089507,0.00090271,84.99371447006925,0.218891467846,1e-08,0.0001,,,market.getlist.priceDecimals/quantityDecimals,1774846273770.0,False,0.5304347826086957,0.45906432748538006,0.0,40.65052123061277,0.00089507,0.00090271,0.0008988900000000001,7.640000000000056e-06,0.219094071009,0.218891467846,116,114,0.0,0.0,0.0,0.0,0.0,0.0,0.0,0.0,0.0,0.219094071009,0.218891467846,0.218891467846,3.2430461090660003,0.218891467846,0.218891467846,2.2350620931150003,0.218891467846,0.218891467846,7.8423522334780005,0.7856350453300001,0.7856350453300001,286,1774685400.0,1774848000.0,543,257.0,0.5267034990791897,0.0,27.49702527065239,112.41385328855202,0.02353741116420302,-0.047391081866611756,0.094147755745,200,0.18452314858995053,301.2700989686,0.2779565361884604,1186.9555413722992,0.0836720725,0.485,0.3235183382923632,0.5304347826086957,0.527536231884058,0.4678362573099415,0.5847953216374269,0.3092105263157895,0.7396869244935543,1.0,0.4707482232840604,0.0,0.4902494077613535,51.45479174868689,"['quote_volume_24h<50000', 'top_of_book_quote<5', 'coverage_ratio<0.90']",quote_volume_24h<50000; top_of_book_quote<5; coverage_ratio<0.90,False
nonkyc,GLINK/USDT,GLINK-USDT,GLINK,USDT,True,active,0.00099585,42.2259,42584.2608,0.00098776,0.00099586,81.66886802915914,0.72265178416,1e-08,0.0001,,,market.getlist.priceDecimals/quantityDecimals,1774845455908.0,False,0.42028985507246375,0.5847953216374269,0.0,37.735825069921184,0.00098776,0.00099586,0.00099181,8.100000000000034e-06,18.074055889912003,0.72265178416,44,200,0.0,0.0,0.0,0.0,0.0,0.0,0.0,0.0,0.0,18.797359720357004,0.72265178416,0.72265178416,18.797359720357004,0.72265178416,0.72265178416,18.797359720357004,0.72265178416,0.72265178416,20.671154997052003,0.72265178416,0.72265178416,288,1774661700.0,1774848900.0,625,337.0,0.4608,0.0,11.49760294859369,59.736380366079935,0.017697024977807622,-0.5274981188414152,0.28809501700499995,200,0.11823171465233043,50.3837237038,0.02978477022034769,151.29631781578064,0.23661358659999998,0.515,0.14078318000548964,0.42028985507246375,0.7188405797101449,0.5906432748538012,0.783625730994152,0.16067251461988302,0.7034400000000001,0.2914669123828075,0.3539404995561524,0.0,0.2151358039796533,51.296894576791196,"['quote_volume_24h<50000', 'top_of_book_quote<5', 'coverage_ratio<0.90', 'natr_bps_mean<12']",quote_volume_24h<50000; top_of_book_quote<5; coverage_ratio<0.90; natr_bps_mean<12,False
nonkyc,HAC/USDT,HAC-USDT,HAC,USDT,True,active,0.2416,3379.5633,13191.5588,0.2415,0.2436,86.58008658008734,0.03539508,0.0001,0.0001,,,market.getlist.priceDecimals/quantityDecimals,1774845672605.0,False,0.6521739130434783,0.3157894736842105,0.0,43.76430205949657,0.2415,0.2436,0.24255,0.0021000000000000185,0.039364500000000004,0.03539508,41,92,0.0,0.0,0.0,0.0,0.0,0.0,0.0,0.0,0.0,0.039364500000000004,0.03539508,0.03539508,0.039364500000000004,0.03539508,0.03539508,0.039364500000000004,0.03539508,0.03539508,0.1354815,0.12806476,0.12806476,288,1774762200.0,1774848900.0,290,2.0,0.993103448275862,0.0,72.47149260378416,120.15275735803569,0.025497729654208885,-0.04240340167905795,11.3814943,200,1.9829004579219118,236.42338459,2.3440201878347966,11.113900184631348,1.15793145,0.515,0.8370457395736997,0.6521739130434783,0.21739130434782608,0.32748538011695905,0.2222222222222222,0.7584795321637426,0.9962068965517241,1.0,0.5099545930841777,0.0,0.503318197694726,51.11454918807854,"['quote_volume_24h<50000', 'top_of_book_quote<5']",quote_volume_24h<50000; top_of_book_quote<5,False
nonkyc,THA/USDT,THA-USDT,THA,USDT,True,active,0.002846,16.891,5829.9062,0.002845,0.002853,28.080028080028764,0.2523130925,1e-06,0.0001,,,market.getlist.priceDecimals/quantityDecimals,1774845479822.0,False,0.3072463768115942,0.9035087719298246,0.0,39.486270022883296,0.002845,0.002853,0.002849,8.000000000000194e-06,0.2523130925,5.3648222832,40,128,0.0,0.0,0.0,0.0,0.0,0.0,0.2523130925,5.3648222832,0.2523130925,0.2523130925,5.3648222832,0.2523130925,0.91656184,5.5970027069,0.91656184,0.2523130925,5.3648222832,0.2523130925,0.2523130925,5.3648222832,0.2523130925,288,1774669800.0,1774848000.0,595,307.0,0.48403361344537815,0.0,11.190665083298354,52.18795664141178,0.14664143803216811,-0.23202147962483186,0.093750944,200,0.13450462350649586,17.5918204661,0.011830905942933246,1071.1561307907104,0.0730845571,0.445,0.3985275602789529,0.3072463768115942,0.5449275362318841,0.9152046783625731,0.6052631578947368,0.1517543859649123,0.716218487394958,0.2658887569415295,1.0,0.0,0.42196291898050986,50.96071058040863,"['quote_volume_24h<50000', 'top_of_book_quote<5', 'coverage_ratio<0.90', 'natr_bps_mean<12']",quote_volume_24h<50000; top_of_book_quote<5; coverage_ratio<0.90; natr_bps_mean<12,False
nonkyc,GMA/USDT,GMA-USDT,GMA,USDT,True,active,6.73e-08,4685.1051,69665850112.8736,6.69e-08,6.75e-08,89.2857142857151,0.1174560755805,1e-10,0.0001,,,market.getlist.priceDecimals/quantityDecimals,1774845405714.0,False,0.6956521739130435,0.2865497076023392,0.0,45.424612255275875,6.69e-08,6.75e-08,6.719999999999999e-08,6.000000000000054e-10,0.14387212412793,0.1174560755805,66,141,0.0,0.0,0.0,0.0,0.0,0.0,0.0,0.0,0.0,0.14387212412793,0.1174560755805,0.1174560755805,0.14387212412793,0.1174560755805,0.1174560755805,0.14387212412793,0.1174560755805,0.1174560755805,0.44854772069925,0.42258523078566,0.42258523078566,288,1774761300.0,1774848900.0,293,5.0,0.9829351535836177,0.0,38.67280805082737,25.21295807390423,0.0077519379844961135,-0.5461968225562193,16.0928443195743,200,1.3292014368227274,412.3056518484,2.7401863242351223,125.30117774009705,2.1198309505,0.53,0.4331354501692626,0.6956521739130435,0.3130434782608696,0.29532163742690054,0.3216374269005848,0.5730994152046783,0.9906143344709899,1.0,0.15503875968992226,0.0,0.38501291989664077,50.888232879297966,"['quote_volume_24h<50000', 'top_of_book_quote<5']",quote_volume_24h<50000; top_of_book_quote<5,False
nonkyc,ARRR/BTC,ARRR-BTC,ARRR,BTC,True,active,2.771e-06,0.5418,189702.2562,2.75e-06,2.773e-06,10.82446328702797,1.5848249600000002e-05,1e-09,0.0001,,,market.getlist.priceDecimals/quantityDecimals,1774848867755.0,False,0.1681159420289855,0.5555555555555556,0.0,23.135265700483092,2.77e-06,2.773e-06,2.7715e-06,2.999999999999802e-09,0.0010093603,1.5848249600000002e-05,45,60,0.0,0.0,0.0,0.0010093603,1.7881314200000003e-05,1.7881314200000003e-05,0.0010093603,1.7881314200000003e-05,1.7881314200000003e-05,0.0010093603,1.7881314200000003e-05,1.7881314200000003e-05,0.0020114328,2.3282906600000003e-05,2.3282906600000003e-05,0.0010093603,1.7881314200000003e-05,1.7881314200000003e-05,0.0010093603,1.7881314200000003e-05,1.7881314200000003e-05,288,1774761600.0,1774849200.0,293,5.0,0.9829351535836177,0.0,62.46234386812145,56.3466894962071,0.06790564689063634,-0.16898196193099857,0.0017583901825,200,1.160137221046976,0.06706141909999999,0.00038900224197070297,10.254570245742798,0.00038662225,0.51,5.770479534350335,0.1681159420289855,0.08695652173913043,0.9736842105263158,0.0935672514619883,0.6963450292397662,0.9906143344709899,1.0,1.0,1.0,1.0,50.363682119182315,"['quote_volume_24h<50000', 'top_of_book_quote<5']",quote_volume_24h<50000; top_of_book_quote<5,False
nonkyc,ZANO/FUSD,ZANO-FUSD,ZANO,FUSD,True,active,9.958,151.6389,15.29,9.859,9.959,100.91835704914689,9.56064,0.001,0.01,,,market.getlist.priceDecimals/quantityDecimals,1774844995603.0,False,0.5043478260869565,0.22807017543859653,0.0,33.44088482074753,9.859,9.959,9.908999999999999,0.09999999999999964,115.64607000000001,9.56064,48,30,0.0,0.0,0.0,0.0,0.0,0.0,0.0,0.0,0.0,0.0,0.0,0.0,190.78085000000002,12.05064,12.05064,190.78085000000002,12.05064,12.05064,486.97310000000004,18.67176,18.67176,288,1774670100.0,1774848300.0,595,307.0,0.48403361344537815,0.0,7.380753349451386,39.68053674635539,0.012786361214704426,-0.5275819096836565,0.79668,200,0.13286388242492364,157.08649,0.10435560468951971,866.4448909759521,0.69706,0.505,0.07313588493971404,0.5043478260869565,0.8463768115942029,0.24269005847953218,0.9210526315789473,0.14678362573099413,0.716218487394958,0.0,0.2557272242940885,0.0,0.0852424080980295,50.05935850997692,"['quote_volume_24h<50000', 'coverage_ratio<0.90', 'natr_bps_mean<12']",quote_volume_24h<50000; coverage_ratio<0.90; natr_bps_mean<12,False
nonkyc,FLUX/USDT,FLUX-USDT,FLUX,USDT,True,active,0.0497,3830.8932,77524.0544,0.0496,0.0502,120.2404809619245,0.10606256,0.0001,0.0001,,,market.getlist.priceDecimals/quantityDecimals,1774845785027.0,False,0.6666666666666666,0.10818713450292394,0.0,39.37134502923977,0.0496,0.0502,0.0499,0.0006000000000000033,0.23162704,0.10606256,31,50,0.0,0.0,0.0,0.0,0.0,0.0,0.0,0.0,0.0,0.0,0.0,0.0,0.23162704,0.10606256,0.10606256,0.23162704,0.10606256,0.10606256,18.34039122,0.95064967,0.95064967,288,1774746900.0,1774849200.0,342,54.0,0.8421052631578947,0.0,23.238334352087218,33.27594701598816,0.09608540925266924,-0.40105889588551924,14.7814073,200,1.2241188129684144,532.22422686,3.257528444084477,30.251691102981567,2.72288408,0.52,0.19326548069485763,0.6666666666666666,0.3072463768115942,0.11111111111111116,0.3157894736842105,0.62953216374269,0.9131578947368422,1.0,1.0,0.0,0.6666666666666666,49.80165268243071,"['quote_volume_24h<50000', 'spread_bps>120', 'top_of_book_quote<5', 'coverage_ratio<0.90']",quote_volume_24h<50000; spread_bps>120; top_of_book_quote<5; coverage_ratio<0.90,False
nonkyc,PAXG/USDT,PAXG-USDT,PAXG,USDT,True,active,4720.52,36.2627,0.0076,4720.51,4735.74,32.21150033046834,0.6136663,0.01,1e-05,,,market.getlist.priceDecimals/quantityDecimals,1774845813925.0,False,0.39420289855072466,0.8830409356725146,0.0,43.75718281210273,4720.51,4735.74,4728.125,15.229999999999563,0.6136663,262.1705664,25,30,0.0,0.0,0.0,0.0,0.0,0.0,0.6136663,262.1705664,0.6136663,0.6136663,262.1705664,0.6136663,2.2528633,262.1705664,2.2528633,0.6136663,262.1705664,0.6136663,0.6136663,262.1705664,0.6136663,288,1774656600.0,1774848900.0,642,354.0,0.4485981308411215,1.0,12.57542165904232,65.0819062903553,0.0024243212063110625,-0.3405983026119479,0.0,200,0.13011951433986413,39.0105596,0.02538017534639162,299.51653957366943,0.1902964,0.525,0.3904016121579854,0.39420289855072466,0.6840579710144927,0.8888888888888888,0.7485380116959064,0.19195906432748538,0.24672897196261684,0.38128513825352667,0.04848642412622125,0.0,0.14325718745991597,49.55592566745188,"['quote_volume_24h<50000', 'top_of_book_quote<5', 'coverage_ratio<0.90', 'zero_volume_fraction>0.30']",quote_volume_24h<50000; top_of_book_quote<5; coverage_ratio<0.90; zero_volume_fraction>0.30,False
nonkyc,LTC/XMR,LTC-XMR,LTC,XMR,True,active,0.16227489,0.1483,0.9106,0.16227489,0.16341697,70.13254798569358,0.6532756792719999,1e-08,0.0001,,,market.getlist.priceDecimals/quantityDecimals,1774848235401.0,False,0.13333333333333333,0.6578947368421053,0.0,23.780701754385966,0.16227489,0.16341697,0.16284593,0.0011420799999999898,0.696191733078,0.6532756792719999,144,52,0.0,0.0,0.0,0.0,0.0,0.0,0.0,0.0,0.0,0.6968562421769999,0.6532756792719999,0.6532756792719999,0.6968562421769999,1.330777025377,0.6968562421769999,0.6968562421769999,0.6532756792719999,0.6532756792719999,0.6968562421769999,2.0151402613269997,0.6968562421769999,288,1774685400.0,1774849200.0,547,259.0,0.526508226691042,0.2361111111111111,18.6311473304158,53.2682107485478,0.010800494225890163,-0.2938690621320996,0.00016512834,200,0.15484056776436592,0.1440924046,0.00011155674869398366,42.381572008132935,0.0001987027,0.51,0.2656562162010197,0.13333333333333333,0.7014492753623188,0.6666666666666667,0.7660818713450293,0.46038011695906433,0.6333295246800732,0.8859289442013166,0.21600988451780326,0.0,0.3673129429063733,49.55529322404651,"['quote_volume_24h<50000', 'top_of_book_quote<5', 'coverage_ratio<0.90']",quote_volume_24h<50000; top_of_book_quote<5; coverage_ratio<0.90,False
nonkyc,NIGHT/USDT,NIGHT-USDT,NIGHT,USDT,True,active,0.04732,35.712,758.13,0.04693,0.04733,84.8716316571181,0.5991978,1e-05,0.01,,,market.getlist.priceDecimals/quantityDecimals,1774847597504.0,False,0.391304347826087,0.5058479532163742,0.0,34.16793796084414,0.04693,0.04733,0.04713,0.0003999999999999976,0.6302698999999999,0.5991978,34,26,0.0,0.0,0.0,0.0,0.0,0.0,0.0,0.0,0.0,0.6302698999999999,0.5991978,0.5991978,0.6302698999999999,0.5991978,0.5991978,0.6302698999999999,0.5991978,0.5991978,0.6302698999999999,2.1683497999999997,0.6302698999999999,288,1774662900.0,1774848900.0,621,333.0,0.463768115942029,0.0,13.152620470472993,57.5074339304402,0.0,-0.5172254271646985,0.2273975,200,0.14044026454671085,35.4694588,0.024906700886003306,112.58523225784302,0.17484850000000002,0.44,0.15497075069334895,0.391304347826087,0.6695652173913044,0.5175438596491229,0.7339181286549707,0.3301169590643275,0.705072463768116,0.42938503920608273,0.0,0.0,0.14312834640202757,49.37806708975127,"['quote_volume_24h<50000', 'top_of_book_quote<5', 'coverage_ratio<0.90']",quote_volume_24h<50000; top_of_book_quote<5; coverage_ratio<0.90,False
nonkyc,NENG/USDT,NENG-USDT,NENG,USDT,True,active,2.92e-07,35.563,121673305.1691,2.91e-07,2.93e-07,68.49315068493121,0.20914036996979998,1e-09,0.0001,,,market.getlist.priceDecimals/quantityDecimals,1774848392180.0,False,0.3884057971014493,0.6695906432748537,0.0,38.102084922451056,2.91e-07,2.93e-07,2.92e-07,1.9999999999999914e-09,0.35447248082280003,0.20914036996979998,44,152,0.0,0.0,0.0,0.0,0.0,0.0,0.0,0.0,0.0,0.35447248082280003,0.20914036996979998,0.20914036996979998,0.35447248082280003,5.983696711017,0.35447248082280003,0.35447248082280003,5.983696711017,0.35447248082280003,24.555714897327302,5.983696711017,5.983696711017,288,1774672800.0,1774848900.0,588,300.0,0.4897959183673469,0.0,5.307357616955934,36.917313982040284,0.039215686274509956,-0.34985409069956125,0.12701014103,200,0.12787313484623805,37.440038993399995,0.02393787577425724,77.23991799354553,0.11429558649999999,0.45,0.07748742120755697,0.3884057971014493,0.5884057971014492,0.6783625730994152,0.5730994152046783,0.23918128654970755,0.7193877551020409,0.0,0.7843137254901991,0.0,0.26143790849673304,49.20688363827607,"['quote_volume_24h<50000', 'top_of_book_quote<5', 'coverage_ratio<0.90', 'natr_bps_mean<12']",quote_volume_24h<50000; top_of_book_quote<5; coverage_ratio<0.90; natr_bps_mean<12,False
nonkyc,PIRATE/USDT,PIRATE-USDT,PIRATE,USDT,True,active,0.016976,76.9971,4339.4418,0.016975,0.017209,136.9061549262802,0.866731285,1e-06,0.0001,,,market.getlist.priceDecimals/quantityDecimals,1774845074057.0,False,0.463768115942029,0.07309941520467833,0.0,27.334731756928555,0.016975,0.017209,0.017092,0.0002339999999999981,0.87601185,0.866731285,47,57,0.0,0.0,0.0,0.0,0.0,0.0,0.0,0.0,0.0,0.0,0.0,0.0,0.87601185,0.866731285,0.866731285,0.87601185,0.866731285,0.866731285,5.2975179804,3.1198964479999995,3.1198964479999995,287,1774668600.0,1774848600.0,601,314.0,0.47753743760399336,0.0,14.277121003247922,85.76796746810575,0.05076230680668474,-0.37972243463957683,0.35170118399999994,200,0.14565390769589678,77.1815977375,0.056209006563398306,625.3346982002258,0.28984642005,0.415,0.10428399666133138,0.463768115942029,0.7478260869565218,0.07017543859649122,0.8099415204678363,0.2685672514619883,0.7126455906821965,0.5230934169373268,1.0,0.0,0.5076978056457756,49.11553668384926,"['quote_volume_24h<50000', 'spread_bps>120', 'top_of_book_quote<5', 'coverage_ratio<0.90']",quote_volume_24h<50000; spread_bps>120; top_of_book_quote<5; coverage_ratio<0.90,False
nonkyc,UNI/ETH,UNI-ETH,UNI,ETH,True,active,0.001701,17.8119,10531.84,0.001687,0.001705,117.99410029498429,6.82e-05,1e-06,0.01,,,market.getlist.priceDecimals/quantityDecimals,1774848938253.0,False,0.3130434782608696,0.20467836257309946,0.0,22.334350368675317,0.001685,0.001705,0.001695,1.9999999999999836e-05,1.3014603,6.82e-05,48,41,0.0,0.0,0.0,0.0,0.0,0.0,0.0,0.0,0.0,0.0,0.0,0.0,10.56086845,2.78311143,2.78311143,14.05527817,6.32483046,6.32483046,33.9152665,13.989360360000001,13.989360360000001,288,1774762200.0,1774849200.0,291,3.0,0.9896907216494846,0.0,24.875413535032855,18.69237316548928,0.003424657534246666,-0.39973987840827185,0.02168772,200,0.9748796267465478,2.4275663200000004,0.011832924739720455,13.349650144577026,0.00638163,0.495,0.21081912970940517,0.3130434782608696,0.8376811594202899,0.16959064327485385,0.10818713450292397,0.6466374269005848,0.9943298969072165,1.0,0.06849315068493331,0.0,0.3561643835616444,49.11020596258335,"['quote_volume_24h<50000', 'top_of_book_quote<5']",quote_volume_24h<50000; top_of_book_quote<5,False
nonkyc,XCCX/USDT,XCCX-USDT,XCCX,USDT,True,active,0.020353,40.0945,1940.7929,0.020352,0.020526,85.13136650521089,0.6723352878,1e-06,0.0001,,,market.getlist.priceDecimals/quantityDecimals,1774845766375.0,False,0.4144927536231884,0.36549707602339176,0.0,31.93452834986016,0.020352,0.020526,0.020439,0.00017400000000000054,0.6798972287999999,0.6723352878,40,63,0.0,0.0,0.0,0.0,0.0,0.0,0.0,0.0,0.0,0.6798972287999999,0.6723352878,0.6723352878,0.6798972287999999,0.6723352878,0.6723352878,0.6798972287999999,0.6723352878,0.6723352878,0.6798972287999999,2.4142168628,0.6798972287999999,288,1774653600.0,1774848900.0,652,364.0,0.44171779141104295,0.0,14.423546016519298,63.69475303677579,0.027185561195713172,-0.4940852872931389,0.24736319700000003,200,0.12461997269118753,43.5523134551,0.027137440567063003,147.0983428955078,0.20076122,0.48,0.16942692932852702,0.4144927536231884,0.7072463768115942,0.3742690058479532,0.7719298245614035,0.19035087719298247,0.6929447852760736,0.5352955013766082,0.5437112239142634,0.0,0.3596689084302905,49.066843776626314,"['quote_volume_24h<50000', 'top_of_book_quote<5', 'coverage_ratio<0.90']",quote_volume_24h<50000; top_of_book_quote<5; coverage_ratio<0.90,False
nonkyc,DNX/USDT,DNX-USDT,DNX,USDT,True,active,0.02059,507.5018,24713.03,0.02043,0.0206,82.86619546673167,0.142964,1e-05,0.01,,,market.getlist.priceDecimals/quantityDecimals,1774848939248.0,False,0.5594202898550724,0.564327485380117,0.0,44.87630307653191,0.02043,0.0206,0.020515,0.00017,0.1519992,0.142964,58,90,0.0,0.0,0.0,0.0,0.0,0.0,0.0,0.0,0.0,0.1519992,0.142964,0.142964,0.1519992,0.142964,0.142964,0.1519992,0.142964,0.142964,0.5501020000000001,0.5250110000000001,0.5250110000000001,288,1774683300.0,1774848900.0,553,265.0,0.5207956600361664,0.0,19.932950016389807,53.69120140587069,0.009708737864077648,-0.24423328095210922,0.06676705,200,0.18087244093198412,132.7582622,0.1200615546900118,256.86445784568787,0.05782,0.45,0.24054380563896285,0.5594202898550724,0.3681159420289855,0.5701754385964912,0.3830409356725146,0.3894736842105263,0.7364376130198915,0.9944125013658173,0.19417475728155295,0.0,0.39619575288245673,48.97555816957523,"['quote_volume_24h<50000', 'top_of_book_quote<5', 'coverage_ratio<0.90']",quote_volume_24h<50000; top_of_book_quote<5; coverage_ratio<0.90,False
nonkyc,JKC/USDT,JKC-USDT,JKC,USDT,True,active,0.007412,54.2521,7534.2351,0.007411,0.007495,112.70629276801272,0.4802248865,1e-06,0.0001,,,market.getlist.priceDecimals/quantityDecimals,1774844874033.0,False,0.43768115942028984,0.18128654970760238,0.0,28.604627510806,0.007411,0.007495,0.0074529999999999996,8.399999999999987e-05,0.4835862775,0.4802248865,45,200,0.0,0.0,0.0,0.0,0.0,0.0,0.0,0.0,0.0,0.0,0.0,0.0,0.4835862775,0.9585441021,0.4835862775,0.4835862775,0.9585441021,0.4835862775,1.7355223929999999,2.1924443834000003,1.7355223929999999,288,1774669200.0,1774848600.0,599,311.0,0.48080133555926546,0.0,26.245562301512805,89.8986478654482,0.04350200218420105,-0.09758025609363571,0.1968722585,200,0.14698488976989246,54.268981061299996,0.03988360099609781,482.480877161026,0.16668109139999998,0.515,0.23286687599187528,0.43768115942028984,0.6405797101449275,0.1871345029239766,0.7017543859649122,0.2866959064327485,0.714440734557596,1.0,0.8700400436840209,0.0,0.623346681228007,48.74235419853745,"['quote_volume_24h<50000', 'top_of_book_quote<5', 'coverage_ratio<0.90']",quote_volume_24h<50000; top_of_book_quote<5; coverage_ratio<0.90,False
nonkyc,EPIC/XMR,EPIC-XMR,EPIC,XMR,True,active,0.001345,82.696,61140.45,0.00134,0.001351,81.75399479747263,0.007137333,1e-06,0.001,,,market.getlist.priceDecimals/quantityDecimals,1774848315745.0,False,0.4666666666666667,0.5818713450292398,0.0,40.21345029239767,0.00134,0.001351,0.0013455,1.0999999999999942e-05,0.00935588,0.007137333,26,31,0.0,0.0,0.0,0.0,0.0,0.0,0.0,0.0,0.0,0.00935588,0.007137333,0.007137333,0.00935588,0.007137333,0.007137333,0.00935588,0.007137333,0.007137333,0.031842455000000006,0.028151507999999995,0.028151507999999995,288,1774763100.0,1774849200.0,288,0.0,1.0,0.0,70.48353753102312,40.35512141561408,0.0016025641025639629,-0.40193130783316156,0.2728467615,200,2.0193293571104416,6.132323554,0.061915904899460195,14.208957195281982,0.032019325,0.5,0.8621418158908373,0.4666666666666667,0.1826086956521739,0.5877192982456141,0.19005847953216373,0.7527777777777778,1.0,1.0,0.03205128205127925,0.0,0.3440170940170931,48.24965479473487,"['quote_volume_24h<50000', 'top_of_book_quote<5']",quote_volume_24h<50000; top_of_book_quote<5,False
nonkyc,YDA/USDT,YDA-USDT,YDA,USDT,True,active,0.006541,28.7441,4433.0,0.006488,0.006542,82.88564850345391,0.2937358,1e-06,0.1,,,market.getlist.priceDecimals/quantityDecimals,1774845001238.0,False,0.3652173913043478,0.5614035087719298,0.0,34.12204424103737,0.006488,0.006542,0.006515,5.400000000000023e-05,6.400412,0.2937358,52,146,0.0,0.0,0.0,0.0,0.0,0.0,0.0,0.0,0.0,6.7111393,0.2937358,0.2937358,6.7111393,0.2937358,0.2937358,6.7111393,0.2937358,0.2937358,7.5027503,1.0758862,1.0758862,288,1774683600.0,1774847700.0,548,260.0,0.5255474452554745,0.0,17.68163432594498,73.53040683395497,0.004169272461955373,-0.4728208882107143,0.1298437,200,0.1720757507852748,24.875150899999998,0.021402051335072517,1383.289883852005,0.0926512,0.49,0.2133256437657983,0.3652173913043478,0.5652173913043478,0.5672514619883041,0.6257309941520468,0.2907894736842105,0.739051094890511,0.806802860495415,0.08338544923910746,0.0,0.29672943657817413,47.99871556131792,"['quote_volume_24h<50000', 'top_of_book_quote<5', 'coverage_ratio<0.90']",quote_volume_24h<50000; top_of_book_quote<5; coverage_ratio<0.90,False
nonkyc,VRSC/USDT,VRSC-USDT,VRSC,USDT,True,active,0.690431,537.1197,775.9517,0.69057,0.695743,74.34000344794451,0.1925816624,1e-06,0.0001,,,market.getlist.priceDecimals/quantityDecimals,1774847586173.0,False,0.5623188405797102,0.6374269005847953,0.0,46.86320874650395,0.69059,0.695743,0.6931665,0.005152999999999963,273.63247570000004,0.1925816624,54,153,0.0,0.0,0.0,0.0,0.0,0.0,0.0,0.0,0.0,274.89338372000003,0.1925816624,0.1925816624,274.89338372000003,0.1925816624,0.1925816624,274.89338372000003,0.1925816624,0.1925816624,274.89338372000003,0.1925816624,0.1925816624,288,1774665300.0,1774847400.0,608,320.0,0.47368421052631576,0.0,12.029881275677184,48.70234889802464,0.01723132103193453,-0.3963149284339455,0.07475814,200,0.11618848440620454,539.3931982293999,0.31335639100644713,1598.3782095909119,0.06061986875,0.505,0.16182244710414803,0.5623188405797102,0.4985507246376812,0.6461988304093567,0.5526315789473685,0.03026315789473685,0.7105263157894737,0.3358234396397653,0.34462642063869053,0.0,0.22681662009281864,47.963487838355086,"['quote_volume_24h<50000', 'top_of_book_quote<5', 'coverage_ratio<0.90']",quote_volume_24h<50000; top_of_book_quote<5; coverage_ratio<0.90,False
nonkyc,TRUMP/USDC,TRUMP-USDC,TRUMP,USDC,True,active,2.912,383.7122,132.82,2.911,2.936,85.51393877201954,0.14555,0.001,0.01,,,market.getlist.priceDecimals/quantityDecimals,1774847443918.0,False,0.5420289855072464,0.3391812865497076,0.0,38.29112636664125,2.911,2.936,2.9234999999999998,0.02499999999999991,0.14555,0.1468,60,54,0.0,0.0,0.0,0.0,0.0,0.0,0.0,0.0,0.0,243.83247999999995,0.1468,0.1468,3839.0411,0.1468,0.1468,2871.0602599999997,0.1468,0.1468,7507.3385,0.1468,0.1468,288,1774701000.0,1774848600.0,493,205.0,0.5841784989858012,0.0,21.067453879882905,36.57782853789295,0.03668069753457605,-0.30223226215052473,1.9086400000000001,200,0.765728054227442,51.12663,0.1957454745455318,347.34544134140015,0.20545,0.56,0.24636280567135155,0.5420289855072464,0.37681159420289856,0.347953216374269,0.391812865497076,0.4276315789473685,0.7712981744421907,1.0,0.7336139506915209,0.0,0.5778713168971736,47.86995578295886,"['quote_volume_24h<50000', 'top_of_book_quote<5', 'coverage_ratio<0.90']",quote_volume_24h<50000; top_of_book_quote<5; coverage_ratio<0.90,False
nonkyc,PIVX/USDT,PIVX-USDT,PIVX,USDT,True,active,0.0791,1637.5825,20713.65,0.0785,0.0793,101.39416983523387,0.11895,0.0001,0.01,,,market.getlist.priceDecimals/quantityDecimals,1774848891547.0,False,0.6028985507246377,0.2222222222222222,0.0,38.714975845410635,0.0785,0.0793,0.0789,0.0007999999999999952,0.16877499999999998,0.11895,60,107,0.0,0.0,0.0,0.0,0.0,0.0,0.0,0.0,0.0,0.0,0.0,0.0,0.16877499999999998,0.11895,0.11895,0.16877499999999998,0.11895,0.11895,0.596675,0.500872,0.500872,288,1774683600.0,1774849200.0,553,265.0,0.5207956600361664,0.0,16.790380885562442,56.63369247325175,0.06345733041575434,-0.43032983183606394,0.0707325,200,0.22000750042225317,1869.6150910000001,2.056646714613167,7.258095979690552,0.0704295,0.485,0.16559513148386057,0.6028985507246377,0.3217391304347826,0.23684210526315785,0.3304093567251462,0.6083333333333334,0.7364376130198915,0.7325317404635369,1.0,0.0,0.5775105801545123,47.7765782958427,"['quote_volume_24h<50000', 'top_of_book_quote<5', 'coverage_ratio<0.90']",quote_volume_24h<50000; top_of_book_quote<5; coverage_ratio<0.90,False
nonkyc,NKYC/BTC,NKYC-BTC,NKYC,BTC,True,active,0.00011068,0.4151,3716.5226,0.00011096,0.00011115,10.819583446037836,0.00022187736,1e-08,0.0001,,,market.getlist.priceDecimals/quantityDecimals,1774848946374.0,False,0.1565217391304348,0.9502923976608187,0.0,32.36600559369438,0.00011085,0.00011097,0.00011091000000000001,1.2000000000000563e-07,0.00022187736,0.000397416861,63,82,0.0,0.0,0.0,0.00022187736,0.000397416861,0.00022187736,0.000561785568,0.0005550838130000001,0.0005550838130000001,0.00117591184,0.0012811741010000002,0.00117591184,0.003018525168,0.003374590724,0.003018525168,0.00022187736,0.000397416861,0.00022187736,0.00022187736,0.0005550838130000001,0.00022187736,288,1774762800.0,1774849200.0,289,1.0,0.9965397923875432,0.0,22.204551739786623,23.49653491588875,0.010496568429551904,-0.2979185005216749,0.00141575106,200,1.315042984913038,0.0401043125,0.0002636944740894264,12.061679124832153,0.00019576,0.565,2.0522556945496824,0.1565217391304348,0.14782608695652175,0.9766081871345029,0.13450292397660818,0.7001461988304094,0.9980968858131487,1.0,0.20993136859103806,0.5261278472748412,0.5786864052886264,47.58438516120845,"['quote_volume_24h<50000', 'top_of_book_quote<5']",quote_volume_24h<50000; top_of_book_quote<5,False
nonkyc,DOSU/DOGE,DOSU-DOGE,DOSU,DOGE,True,active,9.213e-09,42.9563,4682945134.0,9.136e-09,9.214e-09,85.01362397820246,0.8253019973040001,1e-12,1.0,,,market.getlist.priceDecimals/quantityDecimals,1774845250629.0,False,0.4260869565217391,0.38888888888888884,0.0,33.15700483091788,9.136e-09,9.214e-09,9.175000000000001e-09,7.800000000000076e-11,0.8507748707839999,0.8253019973040001,30,97,0.0,0.0,0.0,0.0,0.0,0.0,0.0,0.0,0.0,0.8507748707839999,0.8253019973040001,0.8253019973040001,0.8507748707839999,0.8253019973040001,0.8253019973040001,0.8507748707839999,0.8253019973040001,0.8253019973040001,3.0198172321789998,2.975506107128,2.975506107128,288,1774669800.0,1774848000.0,595,307.0,0.48403361344537815,0.0,12.3665655657913,60.08312560506111,0.006622516556291391,-0.5315736892043877,0.3160798212935,200,0.12127834653946448,49.40816448699999,0.029960702472666235,1070.3236141204834,0.24920796475,0.5,0.14546569111042829,0.4260869565217391,0.7391304347826086,0.39766081871345027,0.8011695906432749,0.05964912280701755,0.716218487394958,0.36388046381594163,0.1324503311258278,0.0,0.16544359831392316,47.31303580750833,"['quote_volume_24h<50000', 'top_of_book_quote<5', 'coverage_ratio<0.90']",quote_volume_24h<50000; top_of_book_quote<5; coverage_ratio<0.90,False
nonkyc,XNV/XMR,XNV-XMR,XNV,XMR,True,active,0.00019621,28.3559,143450.3714,0.00019383,0.00019548,84.76535408800112,0.007061597712,1e-08,0.0001,,,market.getlist.priceDecimals/quantityDecimals,1774848236048.0,False,0.36231884057971014,0.52046783625731,0.0,32.93923213831681,0.00019383,0.00019548,0.000194655,1.649999999999986e-06,0.007107513504,0.007061597712,34,28,0.0,0.0,0.0,0.0,0.0,0.0,0.0,0.0,0.0,0.007107513504,0.007061597712,0.007061597712,0.007107513504,0.007061597712,0.007061597712,0.007107513504,0.007061597712,0.007061597712,0.025773463372,0.025450000378,0.025450000378,288,1774762800.0,1774849200.0,289,1.0,0.9965397923875432,0.0,94.12426262499032,53.30898273142749,0.017045685692201246,-0.5208087875432178,0.09534028925,200,2.7160560331389707,2.055938326,0.02792021847046968,2.8984129428863525,0.01041991905,0.505,1.1104095964404637,0.36231884057971014,0.17971014492753623,0.5321637426900585,0.1871345029239766,0.8530701754385964,0.9980968858131487,1.0,0.3409137138440249,0.05520479822023183,0.46537283735475227,47.173090315838685,"['quote_volume_24h<50000', 'top_of_book_quote<5']",quote_volume_24h<50000; top_of_book_quote<5,False
nonkyc,BDX/BTC,BDX-BTC,BDX,BTC,True,active,1.1842e-06,0.5413,449604.128,1.1829e-06,1.1844e-06,29.507229271171866,0.00022208494896000001,1e-10,0.0001,,,market.getlist.priceDecimals/quantityDecimals,1774848978705.0,False,0.16521739130434782,0.9678362573099415,0.0,33.28286295448767,1.1844e-06,1.1879e-06,1.18615e-06,3.500000000000051e-09,0.00022208494896000001,0.00022885487450000002,56,62,0.0,0.0,0.0,0.0,0.0,0.0,0.00022208494896000001,0.00051582204224,0.00022208494896000001,0.00063855925491,0.001130966078,0.00063855925491,0.00140945959229,0.00191734003063,0.00140945959229,0.00031513552995000003,0.00051582204224,0.00031513552995000003,0.00063855925491,0.00132451712516,0.00063855925491,288,1774762200.0,1774849200.0,291,3.0,0.9896907216494846,0.0,22.542273650247363,20.53758469378859,0.02233363719234315,-0.10282048057371951,0.0018316434512,200,2.0253407256358478,0.0369961088,0.0003746486292134738,1.1363825798034668,0.00017428700000000002,0.56,0.763957654006872,0.16521739130434782,0.14202898550724638,0.9093567251461988,0.13742690058479531,0.8283625730994152,0.9943298969072165,1.0,0.44667274384686295,0.0,0.4822242479489543,47.16081223422151,"['quote_volume_24h<50000', 'top_of_book_quote<5']",quote_volume_24h<50000; top_of_book_quote<5,False
nonkyc,EGAZ/USDT,EGAZ-USDT,EGAZ,USDT,True,active,0.003851,30.1833,8015.1415,0.00385,0.003883,85.3485064011381,0.19586978070000002,1e-06,0.0001,,,market.getlist.priceDecimals/quantityDecimals,1774845444342.0,False,0.3710144927536232,0.347953216374269,0.0,29.104627510806004,0.00385,0.003883,0.0038665,3.300000000000004e-05,0.21430986500000002,0.19586978070000002,46,128,0.0,0.0,0.0,0.0,0.0,0.0,0.0,0.0,0.0,0.21430986500000002,0.19586978070000002,0.19586978070000002,0.21430986500000002,0.19586978070000002,0.19586978070000002,0.21430986500000002,0.19586978070000002,0.19586978070000002,0.7485332312000001,0.19586978070000002,0.19586978070000002,288,1774676700.0,1774848600.0,574,286.0,0.5017421602787456,0.0,19.40361469973736,81.31498726687157,0.05386416861826684,-0.19732471398626006,0.07547806,200,0.18190502493093938,27.121188126499998,0.024667402011538397,508.9811780452728,0.06629309959999999,0.495,0.22734568556525578,0.3710144927536232,0.5043478260869565,0.35672514619883045,0.5584795321637427,0.34634502923976607,0.7259581881533101,0.9503012249781134,1.0,0.0,0.6501004083260379,47.083469259987986,"['quote_volume_24h<50000', 'top_of_book_quote<5', 'coverage_ratio<0.90']",quote_volume_24h<50000; top_of_book_quote<5; coverage_ratio<0.90,False
nonkyc,DOGPU/USDT,DOGPU-USDT,DOGPU,USDT,True,active,4.9607e-08,177.8885,3516358179.6467,4.9606e-08,5.003e-08,85.10979967080127,0.138309935864799,1e-12,0.0001,,,market.getlist.priceDecimals/quantityDecimals,1774843521309.0,False,0.5130434782608696,0.368421052631579,0.0,37.42791762013731,4.9606e-08,5.003e-08,4.9818e-08,4.239999999999977e-10,0.13870724429280762,0.138309935864799,39,140,0.0,0.0,0.0,0.0,0.0,0.0,0.0,0.0,0.0,0.13870724429280762,0.138309935864799,0.138309935864799,0.13870724429280762,0.138309935864799,0.138309935864799,0.13870724429280762,0.138309935864799,0.138309935864799,0.49716241137329104,0.49263046935965216,0.49263046935965216,288,1774673700.0,1774848600.0,584,296.0,0.4931506849315068,0.0,41.85864153079439,147.81123626186223,0.07037777777777803,-0.15375592466762283,0.0530847594388605,200,0.195386720876887,176.0786909656,0.17201719022031667,378.7176332473755,0.06000980605,0.595,0.49181929334460517,0.5130434782608696,0.36231884057971014,0.3771929824561403,0.3742690058479532,0.36929824561403507,0.7212328767123288,1.0,1.0,0.0,0.6666666666666666,46.899234437095316,"['quote_volume_24h<50000', 'top_of_book_quote<5', 'coverage_ratio<0.90']",quote_volume_24h<50000; top_of_book_quote<5; coverage_ratio<0.90,False
nonkyc,BTCE/DOGE,BTCE-DOGE,BTCE,DOGE,True,active,0.275259,33.6164,121.5525,0.275258,0.278656,122.69052596612514,0.6310564908,1e-06,0.0001,,,market.getlist.priceDecimals/quantityDecimals,1774845129709.0,False,0.37681159420289856,0.09941520467836262,0.0,23.210017798118486,0.275258,0.278656,0.276957,0.003398000000000012,0.6310564908,0.6329949696,30,34,0.0,0.0,0.0,0.0,0.0,0.0,0.0,0.0,0.0,0.0,0.0,0.0,0.6310564908,0.6329949696,0.6310564908,0.6310564908,0.6329949696,0.6310564908,2.2648484814,3.8952192851,2.2648484814,288,1774663500.0,1774849200.0,620,332.0,0.4645161290322581,0.0,50.942171064967134,342.30184782848255,0.04649159528563131,0.01253704477995429,0.2396129595,200,0.12390766359613589,39.862646412299995,0.024696436908534906,70.07950830459595,0.1999481376,0.49,0.41520867779988385,0.37681159420289856,0.6927536231884058,0.09941520467836262,0.7573099415204678,0.22353801169590645,0.705483870967742,1.0,0.9298319057126261,0.0,0.6432773019042087,46.71774140072561,"['quote_volume_24h<50000', 'spread_bps>120', 'top_of_book_quote<5', 'coverage_ratio<0.90']",quote_volume_24h<50000; spread_bps>120; top_of_book_quote<5; coverage_ratio<0.90,False
nonkyc,ERGONE/ERG,ERGONE-ERG,ERGONE,ERG,True,active,0.07722864,26.3551,340.5163,0.07722863,0.07788788,85.00062308003191,0.41639360437100004,1e-08,0.0001,,,market.getlist.priceDecimals/quantityDecimals,1774845792738.0,False,0.3565217391304348,0.42690058479532167,0.0,30.281210272056956,0.07722863,0.07788788,0.077558255,0.0006592500000000001,0.41639360437100004,0.41726873952400007,27,46,0.0,0.0,0.0,0.0,0.0,0.0,0.0,0.0,0.0,0.41639360437100004,0.41726873952400007,0.41639360437100004,0.41639360437100004,0.41726873952400007,0.41639360437100004,0.41639360437100004,0.41726873952400007,0.41639360437100004,1.494563342887,0.41726873952400007,0.41726873952400007,288,1774675500.0,1774848900.0,579,291.0,0.49740932642487046,0.0,12.754823022109807,59.651585201160664,0.02580642268073605,-0.43199046836146016,0.147492451295,200,0.13447424570540592,27.2521801304,0.018323581834316954,270.585978269577,0.12037816755,0.505,0.1500556414757168,0.3565217391304348,0.6144927536231884,0.435672514619883,0.6783625730994152,0.2286549707602339,0.7235751295336788,0.3962352518424839,0.5161284536147209,0.0,0.30412123515240164,46.26486092629126,"['quote_volume_24h<50000', 'top_of_book_quote<5', 'coverage_ratio<0.90']",quote_volume_24h<50000; top_of_book_quote<5; coverage_ratio<0.90,False
nonkyc,DCR/USDT,DCR-USDT,DCR,USDT,True,active,22.017,38.4242,1.7573,21.7145,22.0171,138.38963129636153,0.62754905,0.0001,0.0001,,,market.getlist.priceDecimals/quantityDecimals,1774848322794.0,False,0.40869565217391307,0.06725146198830412,0.0,24.159547419272823,21.7145,22.0171,21.8658,0.3025999999999982,0.62754905,0.62968906,43,83,0.0,0.0,0.0,0.0,0.0,0.0,0.0,0.0,0.0,0.0,0.0,0.0,0.62754905,0.62968906,0.62754905,2.25539735,1.88501005,1.88501005,3.96980869,1.88501005,1.88501005,288,1774670400.0,1774848300.0,594,306.0,0.48484848484848486,0.006944444444444444,26.879312766682503,101.63501530930628,0.0064516129032258064,-0.5129769102383338,0.22017,200,0.1421155416646254,37.91246046,0.026939749270557964,1065.500169992447,0.19325994,0.48,0.1942292389602544,0.40869565217391307,0.7913043478260869,0.06432748538011701,0.7543859649122807,0.21842105263157893,0.7135416666666667,1.0,0.12903225806451613,0.0,0.3763440860215053,46.21902025253644,"['quote_volume_24h<50000', 'spread_bps>120', 'top_of_book_quote<5', 'coverage_ratio<0.90']",quote_volume_24h<50000; spread_bps>120; top_of_book_quote<5; coverage_ratio<0.90,False
nonkyc,XDAG/USDT,XDAG-USDT,XDAG,USDT,True,active,0.00129907,22.2564,16929.6792,0.00129906,0.00131015,85.00657287071445,0.33599373216,1e-08,0.0001,,,market.getlist.priceDecimals/quantityDecimals,1774845032997.0,False,0.34202898550724636,0.4064327485380117,0.0,28.972412916348844,0.00129906,0.00131015,0.001304605,1.1089999999999841e-05,0.33641756820000007,0.33599373216,40,50,0.0,0.0,0.0,0.0,0.0,0.0,0.0,0.0,0.0,0.33641756820000007,0.33599373216,0.33599373216,0.33641756820000007,0.33599373216,0.33599373216,0.33641756820000007,0.33599373216,0.33599373216,1.2178204782439999,1.20659566161,1.20659566161,288,1774670700.0,1774848900.0,595,307.0,0.48403361344537815,0.0,23.363620474226156,69.12303629784581,0.005450105581049683,-0.2680463953287135,0.1335996638,200,0.15361751977059476,19.981117076000004,0.015347248237304996,343.6213867664337,0.09895808415,0.425,0.27484487005210323,0.34202898550724636,0.5710144927536231,0.41520467836257313,0.6345029239766082,0.3298245614035088,0.716218487394958,1.0,0.10900211162099366,0.0,0.3696673705403312,46.165037069055415,"['quote_volume_24h<50000', 'top_of_book_quote<5', 'coverage_ratio<0.90']",quote_volume_24h<50000; top_of_book_quote<5; coverage_ratio<0.90,False
nonkyc,EFIT/USDT,EFIT-USDT,EFIT,USDT,True,active,1.4794e-06,20.7387,13960529.5712,1.4793e-06,1.4919e-06,84.8142164781913,0.34745879156787,1e-10,0.0001,,,market.getlist.priceDecimals/quantityDecimals,1774845561487.0,False,0.3333333333333333,0.5175438596491229,0.0,31.271929824561408,1.4793e-06,1.4919e-06,1.4856e-06,1.26000000000001e-08,0.35217780544368,0.34745879156787,36,35,0.0,0.0,0.0,0.0,0.0,0.0,0.0,0.0,0.0,0.35217780544368,0.34745879156787,0.34745879156787,0.35217780544368,0.34745879156787,0.34745879156787,0.35217780544368,0.34745879156787,0.34745879156787,1.41118738187472,1.25311677660169,1.25311677660169,288,1774667400.0,1774848900.0,606,318.0,0.4752475247524752,0.0,16.218068092332928,60.140830863150654,0.006711409395973154,-0.4848454228899495,0.1405851673488,200,0.13835929626305055,21.0332298411,0.014550714394767952,309.38384079933167,0.1044338442,0.505,0.1912187456981715,0.3333333333333333,0.5826086956521739,0.5292397660818713,0.6461988304093568,0.2517543859649123,0.7113861386138614,0.6848390076944106,0.1342281879194631,0.0,0.2730223985379579,46.15473881672541,"['quote_volume_24h<50000', 'top_of_book_quote<5', 'coverage_ratio<0.90']",quote_volume_24h<50000; top_of_book_quote<5; coverage_ratio<0.90,False
nonkyc,FBX/USDT,FBX-USDT,FBX,USDT,True,active,0.001864,35.5213,18348.7913,0.001863,0.001886,122.69938650306757,0.40692920660000004,1e-06,0.0001,,,market.getlist.priceDecimals/quantityDecimals,1774847173523.0,False,0.3855072463768116,0.0964912280701754,0.0,23.615179252479027,0.001863,0.001886,0.0018745,2.3000000000000017e-05,0.5026569615,0.40692920660000004,45,200,0.0,0.0,0.0,0.0,0.0,0.0,0.0,0.0,0.0,0.0,0.0,0.0,0.5026569615,0.40692920660000004,0.40692920660000004,1.7016197227,0.40692920660000004,0.40692920660000004,1.7016197227,1.5510823278,1.5510823278,288,1774675500.0,1774849200.0,580,292.0,0.496551724137931,0.0,17.133548261964744,63.05137462702404,0.044435040203131576,-0.37994145336315305,0.183264789,200,0.153686306295062,32.239851137399995,0.024774118184048295,150.20937061309814,0.14328558595000002,0.505,0.13963841833501256,0.3855072463768116,0.6086956521739131,0.0964912280701754,0.6695906432748538,0.38596491228070173,0.723103448275862,0.7611290218303953,0.8887008040626315,0.0,0.5499432752976756,45.68871793494717,"['quote_volume_24h<50000', 'spread_bps>120', 'top_of_book_quote<5', 'coverage_ratio<0.90']",quote_volume_24h<50000; spread_bps>120; top_of_book_quote<5; coverage_ratio<0.90,False
nonkyc,TRC/USDT,TRC-USDT,TRC,USDT,True,active,0.015014,71.4606,4867.5923,0.014837,0.015015,119.25499129036652,0.2238090855,1e-06,0.0001,,,market.getlist.priceDecimals/quantityDecimals,1774845180909.0,False,0.45507246376811594,0.11988304093567248,0.0,28.02606153063819,0.014837,0.015015,0.014926,0.00017800000000000107,0.2287598334,0.2238090855,46,200,0.0,0.0,0.0,0.0,0.0,0.0,0.0,0.0,0.0,0.0,0.0,0.0,0.2287598334,0.2238090855,0.2238090855,0.2287598334,0.2238090855,0.2238090855,0.8181509694,0.8103635929999999,0.8103635929999999,288,1774667100.0,1774849200.0,608,320.0,0.47368421052631576,0.0,36.49871715131895,122.22383542726786,0.016645408163265388,-0.2794587671273739,0.092107923,200,0.28215505421773474,58.841997122799995,0.08301283444231712,99.28447127342224,0.185568046,0.455,0.30605609674190076,0.45507246376811594,0.5391304347826087,0.1228070175438597,0.5964912280701754,0.4653508771929824,0.7105263157894737,1.0,0.33290816326530775,0.0,0.4443027210884359,45.573690826444995,"['quote_volume_24h<50000', 'top_of_book_quote<5', 'coverage_ratio<0.90']",quote_volume_24h<50000; top_of_book_quote<5; coverage_ratio<0.90,False
nonkyc,OSCAR/USDT,OSCAR-USDT,OSCAR,USDT,True,active,0.00108195,21.9475,20205.0872,0.00108194,0.00109117,84.94737956201064,0.401626723666,1e-08,0.0001,,,market.getlist.priceDecimals/quantityDecimals,1774845215910.0,False,0.3391304347826087,0.49122807017543857,0.0,30.932875667429443,0.00108194,0.00109117,0.001086555,9.230000000000045e-06,0.401953260504,0.401626723666,39,52,0.0,0.0,0.0,0.0,0.0,0.0,0.0,0.0,0.0,0.401953260504,0.401626723666,0.401626723666,0.401953260504,0.401626723666,0.401626723666,0.401953260504,0.401626723666,0.401626723666,1.442539411932,1.442648237946,1.442539411932,288,1774659900.0,1774849200.0,632,344.0,0.45569620253164556,0.0,15.88841684973493,62.49307094447036,0.0,-0.4903079766547213,0.16113271458,200,0.12821612246369474,23.9062251121,0.015325817433088341,91.94319200515747,0.11729937095000001,0.46,0.1870383398717622,0.3391304347826087,0.6,0.5029239766081872,0.6608187134502924,0.23274853801169587,0.700632911392405,0.6573680708112443,0.0,0.0,0.21912269027041475,45.4630022408845,"['quote_volume_24h<50000', 'top_of_book_quote<5', 'coverage_ratio<0.90']",quote_volume_24h<50000; top_of_book_quote<5; coverage_ratio<0.90,False
nonkyc,ZNN/USDT,ZNN-USDT,ZNN,USDT,True,active,0.26081,10.0416,38.5179,0.260599,0.260811,8.131796474942558,0.1694675297,1e-06,0.0001,,,market.getlist.priceDecimals/quantityDecimals,1774844212616.0,False,0.2782608695652174,0.9824561403508771,0.0,39.86575133485889,0.260599,0.260811,0.260705,0.00021199999999998997,0.1694675297,0.5270207877,40,44,0.1694675297,0.5270207877,0.1694675297,0.1694675297,0.5270207877,0.1694675297,0.1694675297,0.5270207877,0.1694675297,0.1694675297,0.5270207877,0.1694675297,0.1694675297,0.6966730342,0.1694675297,0.1694675297,0.5270207877,0.1694675297,0.1694675297,0.5270207877,0.1694675297,288,1774665300.0,1774848000.0,610,322.0,0.4721311475409836,0.0,1.4822350617865374,5.725425822674357,0.006896551724137931,-0.5259603185472286,0.06102954,200,0.138957790401733,10.067642693,0.006994886915867164,1007.2422392368317,0.049996109999999996,0.495,0.18227645838824413,0.2782608695652174,0.4608695652173913,0.97953216374269,0.5,0.19473684210526315,0.709672131147541,0.0,0.13793103448275862,0.0,0.04597701149425287,45.461500325477175,"['quote_volume_24h<50000', 'top_of_book_quote<5', 'coverage_ratio<0.90', 'natr_bps_mean<12']",quote_volume_24h<50000; top_of_book_quote<5; coverage_ratio<0.90; natr_bps_mean<12,False
nonkyc,WEN/USDT,WEN-USDT,WEN,USDT,True,active,1.762e-11,36.3616,2071326503021.0,1.748e-11,1.763e-11,85.44574195385974,0.57480023737311,1e-14,1.0,,,market.getlist.priceDecimals/quantityDecimals,1774845711045.0,False,0.39710144927536234,0.3450292397660819,0.0,30.46631070429698,1.748e-11,1.763e-11,1.7555e-11,1.5000000000000077e-13,0.6985449647932,0.57480023737311,29,55,0.0,0.0,0.0,0.0,0.0,0.0,0.0,0.0,0.0,0.6985449647932,0.57480023737311,0.57480023737311,0.6985449647932,0.57480023737311,0.57480023737311,0.6985449647932,0.57480023737311,0.57480023737311,2.3957981146760803,2.18926397121783,2.18926397121783,288,1774664100.0,1774848900.0,617,329.0,0.46677471636953,0.0,12.848979212379554,53.178295444150805,0.0,-0.48648369327916274,0.2399035730226,200,0.1358944976725517,37.419197612,0.025425315313963432,354.6855685710907,0.1960273327,0.5,0.15037588671554794,0.39710144927536234,0.6666666666666666,0.3538011695906432,0.7309941520467836,0.2175438596491228,0.7067260940032416,0.4040816010316295,0.0,0.0,0.13469386701054317,45.39726597169391,"['quote_volume_24h<50000', 'top_of_book_quote<5', 'coverage_ratio<0.90']",quote_volume_24h<50000; top_of_book_quote<5; coverage_ratio<0.90,False
nonkyc,HSAI/USDT,HSAI-USDT,HSAI,USDT,True,active,0.001055,21.3119,20264.0111,0.001047,0.001055,76.11798287345366,0.36136367399999997,1e-06,0.0001,,,market.getlist.priceDecimals/quantityDecimals,1774847409440.0,False,0.336231884057971,0.631578947368421,0.0,34.282227307398934,0.001047,0.001055,0.0010509999999999999,7.999999999999978e-06,0.36136367399999997,26.012740852,62,124,0.0,0.0,0.0,0.0,0.0,0.0,0.0,0.0,0.0,0.36136367399999997,26.318996692,0.36136367399999997,0.36136367399999997,26.318996692,0.36136367399999997,0.36136367399999997,26.318996692,0.36136367399999997,1.2511834994999997,26.318996692,1.2511834994999997,288,1774667400.0,1774847700.0,602,314.0,0.47840531561461797,0.0,12.838925880046382,44.569835864629574,0.0,-0.4697973851985418,0.12898119600000002,200,0.12708237981840104,22.5306676847,0.014316254341346098,499.6434178352356,0.0925186976,0.465,0.16867138874910978,0.336231884057971,0.591304347826087,0.631578947368421,0.652046783625731,0.12690058479532165,0.7131229235880399,0.4032438233371985,0.0,0.0,0.13441460777906616,45.21547193202855,"['quote_volume_24h<50000', 'top_of_book_quote<5', 'coverage_ratio<0.90']",quote_volume_24h<50000; top_of_book_quote<5; coverage_ratio<0.90,False
nonkyc,XKR/USDT,XKR-USDT,XKR,USDT,True,active,0.0003322,36.5905,110126.6192,0.00033219,0.00033308,26.756053932988802,0.105840466732,1e-08,0.0001,,,market.getlist.priceDecimals/quantityDecimals,1774844304722.0,False,0.4,0.9093567251461988,0.0,44.73391812865497,0.00033219,0.00033308,0.00033263499999999996,8.899999999999728e-07,116.954509372299,0.105840466732,58,96,0.0,0.0,0.0,0.0,0.0,0.0,116.954509372299,0.105840466732,0.105840466732,116.954509372299,0.105840466732,0.105840466732,117.061103099119,0.36091031097599996,0.36091031097599996,116.954509372299,0.105840466732,0.105840466732,116.954509372299,0.105840466732,0.105840466732,288,1774671000.0,1774848600.0,593,305.0,0.4856661045531197,0.0,6.091158620975912,31.35152444403571,0.11830810051506402,-0.154905374716661,0.03906151788,200,0.1286189293793486,37.1644236417,0.02390024189898003,448.6829423904419,0.03409769145,0.465,0.22765534245936897,0.4,0.30434782608695654,0.9210526315789473,0.3128654970760234,0.14254385964912278,0.7171163575042159,0.0,1.0,0.0,0.3333333333333333,45.14174582777544,"['quote_volume_24h<50000', 'top_of_book_quote<5', 'coverage_ratio<0.90', 'natr_bps_mean<12']",quote_volume_24h<50000; top_of_book_quote<5; coverage_ratio<0.90; natr_bps_mean<12,False
nonkyc,BABYPEPE/USDT,BABYPEPE-USDT,BABYPEPE,USDT,True,active,1.0318e-06,25.8334,24947613.8643,1.0317e-06,1.0405e-06,84.93388669047414,0.47185061444625,1e-10,0.0001,,,market.getlist.priceDecimals/quantityDecimals,1774845664162.0,False,0.3536231884057971,0.4941520467836257,0.0,31.80307653190948,1.0317e-06,1.0405e-06,1.0361000000000001e-06,8.800000000000026e-09,0.48252168453782995,0.47185061444625,29,63,0.0,0.0,0.0,0.0,0.0,0.0,0.0,0.0,0.0,0.48252168453782995,0.47185061444625,0.47185061444625,0.48252168453782995,0.47185061444625,0.47185061444625,0.48252168453782995,0.47185061444625,0.47185061444625,0.48252168453782995,0.47185061444625,0.47185061444625,288,1774657500.0,1774848600.0,638,350.0,0.45141065830721006,0.0,13.40002348356844,59.99246254640001,0.0051837524177950275,-0.5574486863221052,0.1689119246022,200,0.12315171216435626,29.7115326016,0.01829513055457065,534.1023807525635,0.1430056089,0.52,0.15777004921960477,0.3536231884057971,0.6376811594202898,0.5058479532163742,0.6988304093567251,0.1,0.6982758620689655,0.4500019569640366,0.10367504835590055,0.0,0.1845590017733124,44.95313887488349,"['quote_volume_24h<50000', 'top_of_book_quote<5', 'coverage_ratio<0.90']",quote_volume_24h<50000; top_of_book_quote<5; coverage_ratio<0.90,False
nonkyc,ETH/BTC,ETH-BTC,ETH,BTC,True,active,0.030208,0.2708,9.012,0.030199,0.030211,3.9728521767913008,3.0211e-05,1e-06,0.001,,,market.getlist.priceDecimals/quantityDecimals,1774848605467.0,False,0.14492753623188406,0.9912280701754386,0.0,32.75171624713959,0.030199,0.030211,0.030205,1.1999999999998123e-05,0.0010267660000000001,3.0211e-05,39,25,0.003684145,3.0211e-05,3.0211e-05,0.003684145,3.0211e-05,3.0211e-05,0.025091935,3.0211e-05,3.0211e-05,0.027799945,3.0211e-05,3.0211e-05,0.027799945,3.0211e-05,3.0211e-05,0.003684145,3.0211e-05,3.0211e-05,0.003684145,3.0211e-05,3.0211e-05,288,1774762200.0,1774849200.0,291,3.0,0.9896907216494846,0.0,10.504803941157537,8.90313397911582,0.039260969976905154,-0.22666230123345749,0.0008712470000000001,200,1.0617576654979197,0.027994272,0.0001486156644301689,69.12011671066284,0.000150765,0.44,2.644146692022608,0.14492753623188406,0.09565217391304348,0.9912280701754386,0.09941520467836257,0.5704678362573099,0.9943298969072165,0.20873366176312805,0.785219399538103,0.8220733460113041,0.6053421357708451,44.88860946992834,"['quote_volume_24h<50000', 'top_of_book_quote<5', 'natr_bps_mean<12']",quote_volume_24h<50000; top_of_book_quote<5; natr_bps_mean<12,False
nonkyc,FIRO/USDT,FIRO-USDT,FIRO,USDT,True,active,0.6331,86.4303,136.5,0.6278,0.6404,201.41620771046476,49.93982,0.0001,0.1,,,market.getlist.priceDecimals/quantityDecimals,1774841603231.0,False,0.47246376811594204,0.03801169590643272,0.0,26.935799644037633,0.6291,0.6419,0.6355,0.012800000000000034,49.950540000000004,49.93982,41,74,0.0,0.0,0.0,0.0,0.0,0.0,0.0,0.0,0.0,0.0,0.0,0.0,0.0,0.0,0.0,499.79065,499.78927,499.78927,499.79065,499.78927,499.78927,288,1773981300.0,1774841400.0,2868,2580.0,0.100418410041841,0.0,5.930074473077303,118.79056268970064,0.031085775362964318,-0.2577007496292629,7.86596,200,0.04379197211918502,694.69373,0.15211004227766323,7754.175725221634,1.95104,0.115,0.02944189318469231,0.47246376811594204,0.9014492753623189,0.03508771929824561,0.9385964912280702,0.017543859649122827,0.5052301255230126,0.0,0.6217155072592864,0.0,0.20723850241976213,44.7735039758427,"['quote_volume_24h<50000', 'spread_bps>120', 'last_trade_age_sec>3600', 'coverage_ratio<0.90', 'natr_bps_mean<12']",quote_volume_24h<50000; spread_bps>120; last_trade_age_sec>3600; coverage_ratio<0.90; natr_bps_mean<12,False
nonkyc,EPPE/USDT,EPPE-USDT,EPPE,USDT,True,active,0.00408787,27.779,6764.2233,0.00408786,0.00412276,85.01185050580843,0.553778715126,1e-08,0.0001,,,market.getlist.priceDecimals/quantityDecimals,1774845688222.0,False,0.35942028985507246,0.39473684210526316,0.0,29.636536994660567,0.00408786,0.00412276,0.004105309999999999,3.4900000000000035e-05,0.553778715126,0.5545982102359999,33,71,0.0,0.0,0.0,0.0,0.0,0.0,0.0,0.0,0.0,0.553778715126,0.5545982102359999,0.553778715126,0.553778715126,0.5545982102359999,0.553778715126,0.553778715126,0.5545982102359999,0.553778715126,2.003070553323,1.989364966919,1.989364966919,288,1774654200.0,1774848300.0,648,360.0,0.4444444444444444,0.0,17.417235450834237,59.128129460762196,0.007194244604316547,-0.45325488606229564,0.19679122574999997,200,0.11787091649479557,32.9965486854,0.0194466671735662,961.0000853538513,0.16411348355,0.51,0.20488008844889463,0.35942028985507246,0.6550724637681159,0.4035087719298246,0.7192982456140351,0.05233918128654971,0.6944444444444444,0.7847696209028531,0.14388489208633093,0.0,0.309551504329728,44.60609221085385,"['quote_volume_24h<50000', 'top_of_book_quote<5', 'coverage_ratio<0.90']",quote_volume_24h<50000; top_of_book_quote<5; coverage_ratio<0.90,False
nonkyc,MMX/USDT,MMX-USDT,MMX,USDT,True,active,0.048985,36.6902,739.8534,0.048984,0.04953,110.84718923198692,0.744351699,1e-06,0.0001,,,market.getlist.priceDecimals/quantityDecimals,1774844139823.0,False,0.4057971014492754,0.19298245614035092,0.0,27.14340198321892,0.048984,0.04953,0.049256999999999995,0.0005459999999999979,0.7465798392,0.744351699,46,200,0.0,0.0,0.0,0.0,0.0,0.0,0.0,0.0,0.0,0.0,0.0,0.0,0.7465798392,0.744351699,0.744351699,0.7465798392,0.744351699,0.744351699,2.7400393527,2.6729899446,2.6729899446,288,1774652100.0,1774849200.0,658,370.0,0.4376899696048632,0.0,12.50189629413364,66.77554523040502,0.003876838294191259,-0.3732506367547674,0.294397173,200,0.11453300631728142,46.8882445914,0.026851258069965262,64.22400426864624,0.21912446265000002,0.505,0.11278496442493462,0.4057971014492754,0.7246376811594203,0.20175438596491224,0.7894736842105263,0.1963450292397661,0.6907294832826748,0.3751580245111367,0.07753676588382517,0.0,0.1508982634649873,44.54816152544764,"['quote_volume_24h<50000', 'top_of_book_quote<5', 'coverage_ratio<0.90']",quote_volume_24h<50000; top_of_book_quote<5; coverage_ratio<0.90,False
nonkyc,POT/USDT,POT-USDT,POT,USDT,True,active,0.000958,18.4794,19221.6672,0.000957,0.000965,83.24661810614033,0.279024153,1e-06,0.0001,,,market.getlist.priceDecimals/quantityDecimals,1774845541432.0,False,0.3217391304347826,0.5584795321637427,0.0,31.65764047800661,0.000957,0.000965,0.000961,8.000000000000086e-06,0.3019059384,0.279024153,40,43,0.0,0.0,0.0,0.0,0.0,0.0,0.0,0.0,0.0,0.3019059384,0.279024153,0.279024153,0.3019059384,0.279024153,0.279024153,0.3019059384,0.279024153,0.279024153,1.1001749836,1.0056717629999998,1.0056717629999998,288,1774676100.0,1774849200.0,578,290.0,0.4982698961937716,0.0,8.890427700632713,44.68295078351419,0.006802721088435374,-0.4999977170182918,0.1096068,200,0.1347849462377871,18.7610603136,0.012643542528662286,58.14167666435242,0.100210632,0.57,0.10679626275384932,0.3217391304347826,0.553623188405797,0.564327485380117,0.6140350877192983,0.31739766081871346,0.7240484429065743,0.07420230838605946,0.13605442176870747,0.0,0.07008557671825565,44.48583549245984,"['quote_volume_24h<50000', 'top_of_book_quote<5', 'coverage_ratio<0.90', 'natr_bps_mean<12']",quote_volume_24h<50000; top_of_book_quote<5; coverage_ratio<0.90; natr_bps_mean<12,False
nonkyc,LBW/USDT,LBW-USDT,LBW,USDT,True,active,0.001108,34.1167,41025.4609,0.00076,0.0011,2000.000000000001,1.3972055399999999,1e-06,0.0001,,,market.getlist.priceDecimals/quantityDecimals,1774831470055.0,False,0.3826086956521739,0.014619883040935644,0.0,21.408975336892958,0.0009,0.0011,0.001,0.0002000000000000001,1.3972055399999999,12.934852039999999,27,200,0.0,0.0,0.0,0.0,0.0,0.0,0.0,0.0,0.0,0.0,0.0,0.0,0.0,0.0,0.0,3.09381226,60.961623430699994,3.09381226,99.84574488129999,60.961623430699994,60.961623430699994,287,1773987900.0,1774831200.0,2812,2525.0,0.10206258890469416,0.0,66.36805097674424,398.67820862149085,0.13341204250295113,-0.21134352750140603,2.620649,200,0.01556035916810137,266.5419774745,0.020737444514396026,17945.457011461258,0.3268894449,0.565,0.033184025488372106,0.3826086956521739,0.808695652173913,0.014619883040935644,0.8508771929824561,0.014619883040935661,0.5061344238975818,1.0,1.0,0.0,0.6666666666666666,44.30090691377877,"['quote_volume_24h<50000', 'spread_bps>120', 'top_of_book_quote<5', 'last_trade_age_sec>3600', 'coverage_ratio<0.90']",quote_volume_24h<50000; spread_bps>120; top_of_book_quote<5; last_trade_age_sec>3600; coverage_ratio<0.90,False
nonkyc,LINK/ETH,LINK-ETH,LINK,ETH,True,active,0.004236,15.0178,3540.93,0.004235,0.004257,40.06127017791836,8.47e-05,1e-06,0.01,,,market.getlist.priceDecimals/quantityDecimals,1774848976815.0,False,0.2985507246376812,0.7660818713450293,0.0,35.5723366386982,0.004235,0.004252,0.0042435,1.6999999999999654e-05,8.47e-05,0.13347028,47,41,0.0,0.0,0.0,0.0,0.0,0.0,8.47e-05,0.13347028,8.47e-05,8.47e-05,1.02044236,8.47e-05,1.25963993,3.82975368,1.25963993,8.47e-05,0.66068868,8.47e-05,0.3312854,2.86766654,0.3312854,288,1774762500.0,1774849200.0,290,2.0,0.993103448275862,0.0,13.940393141531185,10.872236888711441,0.027472527472527663,-0.4653490644028657,0.025167525,200,0.9686810874278318,3.30685086,0.016016419435132302,30.538824319839478,0.008498180000000001,0.48,0.3479768135064046,0.2985507246376812,0.11014492753623188,0.8362573099415205,0.11403508771929824,0.5894736842105264,0.9962068965517241,0.4950327617942654,0.5494505494505533,0.0,0.34816110374827286,44.177877816373986,"['quote_volume_24h<50000', 'top_of_book_quote<5']",quote_volume_24h<50000; top_of_book_quote<5,False
nonkyc,BSOV/USDT,BSOV-USDT,BSOV,USDT,True,active,0.00312626,12.5544,4057.865,0.00309981,0.00312627,84.99730167296228,0.16105434832200002,1e-08,0.0001,,,market.getlist.priceDecimals/quantityDecimals,1774845641393.0,False,0.28405797101449276,0.45321637426900585,0.0,26.953597762522254,0.00309981,0.00312627,0.00311304,2.6459999999999852e-05,0.16105434832200002,0.16135804927199998,34,124,0.0,0.0,0.0,0.0,0.0,0.0,0.0,0.0,0.0,0.16105434832200002,0.16135804927199998,0.16105434832200002,0.16105434832200002,0.16135804927199998,0.16105434832200002,0.16105434832200002,0.16135804927199998,0.16105434832200002,0.5781161224220001,0.16135804927199998,0.16135804927199998,288,1774680900.0,1774848300.0,559,271.0,0.5152057245080501,0.0,30.162223002223804,164.9326238756833,0.20342878681020643,-0.11058563683363748,0.05675983525,200,0.14917358579320003,11.751661084600002,0.008765187115080942,837.7599503993988,0.0459520702,0.475,0.3548609474483875,0.28405797101449276,0.43768115942028984,0.4619883040935673,0.47368421052631576,0.26944444444444443,0.7333631484794276,1.0,1.0,0.0,0.6666666666666666,43.9859325272555,"['quote_volume_24h<50000', 'top_of_book_quote<5', 'coverage_ratio<0.90']",quote_volume_24h<50000; top_of_book_quote<5; coverage_ratio<0.90,False
nonkyc,MANICDOGE/USDT,MANICDOGE-USDT,MANICDOGE,USDT,True,active,0.669931,24.9506,37.4057,0.664261,0.669932,85.01018968020342,0.443062087,1e-06,0.0001,,,market.getlist.priceDecimals/quantityDecimals,1774845600624.0,False,0.3507246376811594,0.4005847953216374,0.0,29.304474955504702,0.664261,0.669932,0.6670965,0.005670999999999982,0.443062087,0.44382995,35,25,0.0,0.0,0.0,0.0,0.0,0.0,0.0,0.0,0.0,0.443062087,0.44382995,0.443062087,0.443062087,0.44382995,0.443062087,0.443062087,0.44382995,0.443062087,1.2624010459,1.5922089620000002,1.2624010459,288,1774669200.0,1774848600.0,599,311.0,0.48080133555926546,0.0,12.086811387400324,60.1950398373402,0.0,-0.5087227574166459,0.170106773,200,0.13807735521479841,25.823158391200003,0.017827967069748627,568.9086420536041,0.1300624996,0.49,0.14218073660192074,0.3507246376811594,0.6260869565217392,0.4093567251461988,0.6871345029239766,0.20599415204678362,0.714440734557596,0.3405676156166937,0.0,0.0,0.11352253853889789,43.73747661603994,"['quote_volume_24h<50000', 'top_of_book_quote<5', 'coverage_ratio<0.90']",quote_volume_24h<50000; top_of_book_quote<5; coverage_ratio<0.90,False
nonkyc,XNA/USDT,XNA-USDT,XNA,USDT,True,active,3.19e-05,1008.5261,31509935.1711,3.18e-05,3.22e-05,124.9999999999988,0.06660280199999999,1e-07,0.0001,,,market.getlist.priceDecimals/quantityDecimals,1774848943676.0,False,0.5768115942028985,0.09064327485380119,0.0,33.99071955250446,3.18e-05,3.22e-05,3.2e-05,3.9999999999999617e-07,0.10114064094,0.06660280199999999,38,124,0.0,0.0,0.0,0.0,0.0,0.0,0.0,0.0,0.0,0.0,0.0,0.0,0.10114064094,0.06660280199999999,0.06660280199999999,0.10114064094,0.06660280199999999,0.06660280199999999,0.3180042668,0.22938030480000002,0.22938030480000002,288,1774746600.0,1774849200.0,343,55.0,0.8396501457725948,0.0,33.377600316382946,39.30670896151278,0.030303030303030505,-0.45074442988709906,4.2475762296,200,0.5838375946743601,319.7501715461,0.9334108552609452,26.77171039581299,1.76448654535,0.53,0.26702080253106614,0.5768115942028985,0.2579710144927536,0.09064327485380119,0.2631578947368421,0.5517543859649123,0.9118075801749272,1.0,0.6060606060606101,0.0,0.5353535353535367,43.65111789314378,"['quote_volume_24h<50000', 'spread_bps>120', 'top_of_book_quote<5', 'coverage_ratio<0.90']",quote_volume_24h<50000; spread_bps>120; top_of_book_quote<5; coverage_ratio<0.90,False
nonkyc,PDOGE/USDT,PDOGE-USDT,PDOGE,USDT,True,active,2.08e-07,24.3172,116534792.8189,2.079e-07,2.097e-07,86.20689655172427,0.44481897766908,1e-10,0.0001,,,market.getlist.priceDecimals/quantityDecimals,1774845705214.0,False,0.34782608695652173,0.32748538011695905,0.0,27.317569285532674,2.079e-07,2.097e-07,2.0880000000000002e-07,1.8000000000000029e-09,0.50520238625241,0.44481897766908,34,99,0.0,0.0,0.0,0.0,0.0,0.0,0.0,0.0,0.0,0.50520238625241,0.44481897766908,0.44481897766908,0.50520238625241,0.44481897766908,0.44481897766908,0.50520238625241,0.44481897766908,0.44481897766908,0.50520238625241,1.6068112077723302,0.50520238625241,288,1774666500.0,1774849200.0,610,322.0,0.4721311475409836,0.0,13.564706074247956,55.581994640418955,0.006622516556291392,-0.5514934919051152,0.1753006984224,200,0.12362772580460032,28.349057918600003,0.017523647795897074,120.71984505653381,0.14508337075,0.42,0.15735059046127606,0.34782608695652173,0.6318840579710145,0.3391812865497076,0.6929824561403509,0.19502923976608189,0.709672131147541,0.4637255061873297,0.13245033112582782,0.0,0.19872527910438587,43.38059246000719,"['quote_volume_24h<50000', 'top_of_book_quote<5', 'coverage_ratio<0.90']",quote_volume_24h<50000; top_of_book_quote<5; coverage_ratio<0.90,False
nonkyc,ERGONE/USDT,ERGONE-USDT,ERGONE,USDT,True,active,0.0212404,18.8659,891.3043,0.02106063,0.02124041,85.00027422493675,0.28707744753000003,1e-08,0.0001,,,market.getlist.priceDecimals/quantityDecimals,1774845569635.0,False,0.32463768115942027,0.4327485380116959,0.0,28.673785914060513,0.02106063,0.02124041,0.02115052,0.0001797800000000009,0.28707744753000003,0.287635508179,31,76,0.0,0.0,0.0,0.0,0.0,0.0,0.0,0.0,0.0,0.28707744753000003,0.287635508179,0.28707744753000003,0.28707744753000003,0.287635508179,0.28707744753000003,0.28707744753000003,0.287635508179,0.28707744753000003,0.9311161037,1.0318101701509999,0.9311161037,288,1774683600.0,1774848600.0,551,263.0,0.5226860254083484,0.0,12.20661230101586,59.60657822707323,0.009935719710093443,-0.4704903687845194,0.111405898,200,0.14360668770627913,17.960778774199998,0.01289643974194053,627.2964255809784,0.0901463816,0.515,0.14360674024078354,0.32463768115942027,0.5594202898550724,0.4415204678362573,0.6198830409356725,0.2542397660818714,0.7374773139745916,0.3505510250846549,0.19871439420186884,0.0,0.1830884730955079,43.25963702147648,"['quote_volume_24h<50000', 'top_of_book_quote<5', 'coverage_ratio<0.90']",quote_volume_24h<50000; top_of_book_quote<5; coverage_ratio<0.90,False
nonkyc,EPIX/USDT,EPIX-USDT,EPIX,USDT,True,active,5.51e-05,15.4359,279973.464,5.51e-05,5.52e-05,18.13236627379917,0.12460520664000001,1e-07,0.0001,,,market.getlist.priceDecimals/quantityDecimals,1774845747904.0,False,0.30144927536231886,0.9444444444444444,0.0,40.19082125603865,5.51e-05,5.52e-05,5.515e-05,1.0000000000000243e-07,19.371474716909997,0.12460520664000001,48,130,0.0,0.0,0.0,19.371474716909997,0.12460520664000001,0.12460520664000001,19.371474716909997,0.12460520664000001,0.12460520664000001,19.371474716909997,0.12460520664000001,0.12460520664000001,19.601697937409998,0.6361813609099999,0.6361813609099999,19.371474716909997,0.12460520664000001,0.12460520664000001,19.371474716909997,0.12460520664000001,0.12460520664000001,288,1774656300.0,1774848900.0,643,355.0,0.447900466562986,0.0,3.33419629240033,13.093070458555227,0.028985507246376333,-0.3490418713257173,0.0774947889,200,0.1292572574232755,16.107480519699998,0.010410043779876291,285.6779019832611,0.0617554719,0.55,0.18388092552587373,0.30144927536231886,0.34492753623188405,0.9444444444444444,0.3567251461988304,0.1864035087719298,0.6963452566096423,0.0,0.5797101449275266,0.0,0.1932367149758422,43.23090743515309,"['quote_volume_24h<50000', 'top_of_book_quote<5', 'coverage_ratio<0.90', 'natr_bps_mean<12']",quote_volume_24h<50000; top_of_book_quote<5; coverage_ratio<0.90; natr_bps_mean<12,False
nonkyc,ETI/USDT,ETI-USDT,ETI,USDT,True,active,0.037966,32.116,893.2899,0.037965,0.03842,119.1333376971929,0.203829626,1e-06,0.0001,,,market.getlist.priceDecimals/quantityDecimals,1774845532679.0,False,0.3739130434782609,0.1257309941520468,0.0,23.70849224510552,0.037965,0.03842,0.038192500000000004,0.000455000000000004,0.205185639,0.203829626,51,195,0.0,0.0,0.0,0.0,0.0,0.0,0.0,0.0,0.0,0.0,0.0,0.0,0.205185639,0.203829626,0.203829626,0.205185639,0.203829626,0.203829626,0.7349837988,0.733032394,0.733032394,288,1774673700.0,1774848300.0,583,295.0,0.4939965694682676,0.0,31.42649732221269,132.67701842425532,0.07296882301889297,-0.03549054132676622,0.07761351350000001,200,0.1536135809153708,29.686599809999997,0.022801324510078328,872.3079996109009,0.0720817424,0.505,0.2637926371381533,0.3739130434782609,0.5101449275362319,0.1286549707602339,0.564327485380117,0.27880116959064327,0.7216981132075473,1.0,1.0,0.0,0.6666666666666666,42.979172843237436,"['quote_volume_24h<50000', 'top_of_book_quote<5', 'coverage_ratio<0.90']",quote_volume_24h<50000; top_of_book_quote<5; coverage_ratio<0.90,False
nonkyc,NPH/USDT,NPH-USDT,NPH,USDT,True,active,0.993821,10.2724,10.3593,0.98541,0.993822,85.0026677014112,0.183680424,1e-06,0.0001,,,market.getlist.priceDecimals/quantityDecimals,1774845347538.0,False,0.2811594202898551,0.41520467836257313,0.0,25.843885075006355,0.98541,0.993822,0.989616,0.008411999999999975,0.183680424,0.1840558344,37,27,0.0,0.0,0.0,0.0,0.0,0.0,0.0,0.0,0.0,0.183680424,0.1840558344,0.183680424,0.183680424,0.1840558344,0.183680424,0.183680424,0.1840558344,0.183680424,0.6594430408,0.6602869524,0.6594430408,288,1774664700.0,1774849200.0,616,328.0,0.4675324675324675,0.0,20.906647182124185,93.16482831454537,0.0025392115191180463,-0.4973426866936625,0.06590958000000001,200,0.13489037290799616,10.9303281347,0.007371980190482225,17.540988206863403,0.05688874045,0.53,0.2459528359223142,0.2811594202898551,0.4811594202898551,0.42397660818713445,0.5350877192982456,0.3847953216374269,0.7071428571428572,1.0,0.05078423038236092,0.0,0.35026141012745365,42.626928510485975,"['quote_volume_24h<50000', 'top_of_book_quote<5', 'coverage_ratio<0.90']",quote_volume_24h<50000; top_of_book_quote<5; coverage_ratio<0.90,False
nonkyc,ARQ/USDT,ARQ-USDT,ARQ,USDT,True,active,0.00211375,34.1015,16445.4075,0.00208879,0.00211376,118.8326135322603,0.444982244465,1e-08,0.0001,,,market.getlist.priceDecimals/quantityDecimals,1774845951241.0,False,0.37971014492753624,0.1549707602339181,0.0,24.758326976862445,0.00208879,0.00211376,0.002101275,2.4970000000000027e-05,0.444982244465,0.446489313424,50,110,0.0,0.0,0.0,0.0,0.0,0.0,0.0,0.0,0.0,0.0,0.0,0.0,0.444982244465,0.446489313424,0.444982244465,0.444982244465,0.446489313424,0.444982244465,2.745742109387,1.587911999578,1.587911999578,288,1774665900.0,1774848300.0,609,321.0,0.4729064039408867,0.0,6.0777927101747204,35.70870542180116,0.09912806600350392,-0.07808517544234614,0.16370591815000002,200,0.1379309139910468,34.9370618671,0.024094504377454255,928.2912139892578,0.14839463645,0.48,0.051145830504895365,0.37971014492753624,0.6347826086956522,0.1578947368421053,0.695906432748538,0.18260233918128654,0.7100985221674877,0.0,1.0,0.0,0.3333333333333333,42.527809528819546,"['quote_volume_24h<50000', 'top_of_book_quote<5', 'coverage_ratio<0.90', 'natr_bps_mean<12']",quote_volume_24h<50000; top_of_book_quote<5; coverage_ratio<0.90; natr_bps_mean<12,False
nonkyc,MYT/USDT,MYT-USDT,MYT,USDT,True,active,0.002062,14.2351,6891.5157,0.002061,0.002074,62.877871825876625,0.18310412699999998,1e-06,0.0001,,,market.getlist.priceDecimals/quantityDecimals,1774844920289.0,False,0.2927536231884058,0.7134502923976609,0.0,33.93770658530384,0.002061,0.002074,0.0020675,1.299999999999999e-05,48.6355474557,0.18310412699999998,37,193,0.0,0.0,0.0,0.0,0.0,0.0,0.0,0.0,0.0,64.6160584317,0.18310412699999998,0.18310412699999998,64.820186678,0.18310412699999998,0.18310412699999998,64.820186678,0.18310412699999998,0.18310412699999998,64.820186678,0.18310412699999998,0.18310412699999998,288,1774662900.0,1774848900.0,621,333.0,0.463768115942029,0.0,8.343298375851232,38.175474229849144,0.0067859346082665,-0.5464657819847323,0.0725589125,200,0.12919327177824164,15.230330182,0.009838280932377411,284.98307704925537,0.06046645755,0.5,0.13269053378517257,0.2927536231884058,0.4782608695652174,0.7280701754385965,0.5321637426900585,0.18362573099415205,0.705072463768116,0.02860819798760265,0.13571869216533,0.0,0.05477563005097755,42.29972680648486,"['quote_volume_24h<50000', 'top_of_book_quote<5', 'coverage_ratio<0.90', 'natr_bps_mean<12']",quote_volume_24h<50000; top_of_book_quote<5; coverage_ratio<0.90; natr_bps_mean<12,False
nonkyc,ARRR/XMR,ARRR-XMR,ARRR,XMR,True,active,0.00056091,39.4385,67519.187,0.00055447,0.00056111,119.04121622832825,0.000898962211,1e-08,0.0001,,,market.getlist.priceDecimals/quantityDecimals,1774848909412.0,False,0.4115942028985507,0.13157894736842102,0.0,25.927154843630817,0.00055447,0.00056111,0.0005577900000000001,6.639999999999923e-06,0.000898962211,0.0009008059939999999,74,200,0.0,0.0,0.0,0.0,0.0,0.0,0.0,0.0,0.0,0.0,0.0,0.0,0.000898962211,0.0009008059939999999,0.000898962211,0.000898962211,0.0009008059939999999,0.000898962211,0.0033370871319999998,0.003231522794,0.003231522794,288,1774762500.0,1774849200.0,290,2.0,0.993103448275862,0.0,80.57292968390588,51.094823489091354,0.0458571213313465,-0.2613574333613006,0.13756192857,200,2.3828165567201363,2.8696819632999997,0.034189628473361926,9.487085819244385,0.01542836145,0.515,0.6768490127769035,0.4115942028985507,0.14492753623188406,0.13450292397660824,0.15789473684210525,0.7964912280701755,0.9962068965517241,1.0,0.9171424266269299,0.0,0.63904747554231,42.102454730347915,"['quote_volume_24h<50000', 'top_of_book_quote<5']",quote_volume_24h<50000; top_of_book_quote<5,False
nonkyc,PEPERG/USDT,PEPERG-USDT,PEPERG,USDT,True,active,0.0001380063,13.3894,97258.0,0.000136838212,0.000138006301,84.99998688349167,0.22017268310800003,1e-12,1.0,,,market.getlist.priceDecimals/quantityDecimals,1774845859336.0,False,0.28695652173913044,0.4444444444444444,0.0,26.893719806763283,0.000136838212,0.000138006301,0.0001374222565,1.1680889999999828e-06,0.22017268310800003,0.220672075299,35,39,0.0,0.0,0.0,0.0,0.0,0.0,0.0,0.0,0.0,0.22017268310800003,0.220672075299,0.22017268310800003,0.22017268310800003,0.220672075299,0.22017268310800003,0.22017268310800003,0.220672075299,0.22017268310800003,0.8251058854119999,0.791579506239,0.791579506239,288,1774672200.0,1774849200.0,591,303.0,0.4873096446700508,0.0,12.869297769990494,63.36567064784909,0.009967150042888522,-0.5334814494017447,0.0803920200525,200,0.13550043392885086,13.766586396700001,0.009326892152359328,147.04044723510742,0.0651349893,0.535,0.15140352653971895,0.28695652173913044,0.5304347826086957,0.45321637426900585,0.5877192982456141,0.27309941520467834,0.718020304568528,0.4057748141658745,0.19934300085777043,0.0,0.20170593834121497,41.92332395973562,"['quote_volume_24h<50000', 'top_of_book_quote<5', 'coverage_ratio<0.90']",quote_volume_24h<50000; top_of_book_quote<5; coverage_ratio<0.90,False
nonkyc,IXI/USDT,IXI-USDT,IXI,USDT,True,active,1.148e-05,47.9954,4119572.8698,1.139e-05,1.149e-05,87.41258741258807,0.143009315244,1e-08,0.0001,,,market.getlist.priceDecimals/quantityDecimals,1774845515231.0,False,0.4318840579710145,0.30116959064327486,0.0,31.282862954487666,1.139e-05,1.149e-05,1.1439999999999999e-05,1.0000000000000074e-07,8.787670140677001,0.143009315244,55,200,0.0,0.0,0.0,0.0,0.0,0.0,0.0,0.0,0.0,8.787670140677001,0.143009315244,0.143009315244,8.960491692017001,0.143009315244,0.143009315244,8.960491692017001,0.143009315244,0.143009315244,9.395953099561002,0.545415009309,0.545415009309,288,1774650600.0,1774849200.0,663,375.0,0.4343891402714932,0.0,12.401834938126004,55.29833363435707,0.08487084870848753,-0.30247940126417366,0.06197262956999999,200,0.1363134219067558,48.0910573405,0.03277728294598781,41.246705055236816,0.053732964300000005,0.47,0.14187699169216042,0.4318840579710145,0.3710144927536232,0.3128654970760234,0.38596491228070173,0.35219298245614034,0.6889140271493213,0.36681957817716704,1.0,0.0,0.45560652605905566,41.55059581939625,"['quote_volume_24h<50000', 'top_of_book_quote<5', 'coverage_ratio<0.90']",quote_volume_24h<50000; top_of_book_quote<5; coverage_ratio<0.90,False
nonkyc,ZEC/XMR,ZEC-XMR,ZEC,XMR,True,active,0.66908731,16.2202,24.5289,0.66406175,0.66972986,84.99138336205523,0.000468810902,1e-08,0.0001,,,market.getlist.priceDecimals/quantityDecimals,1774848864454.0,False,0.30434782608695654,0.4678362573099415,0.0,28.43503686753115,0.66406182,0.66972986,0.66689584,0.005668039999999985,0.065210870724,0.000468810902,85,37,0.0,0.0,0.0,0.0,0.0,0.0,0.0,0.0,0.0,0.065675713599,0.000468810902,0.000468810902,0.065675713599,0.000468810902,0.000468810902,0.065675713599,0.000468810902,0.000468810902,0.19577324499200002,0.000468810902,0.000468810902,288,1774761600.0,1774849200.0,293,5.0,0.9829351535836177,0.010416666666666666,64.64348364091039,47.53272708737715,0.017605369710980295,-0.39753824077097577,0.05463008555,200,1.2849934502805138,1.8922317077,0.012157526754038058,14.513827085494995,0.009313860850000001,0.535,0.7605886748017182,0.30434782608695654,0.13623188405797101,0.47953216374269003,0.14912280701754385,0.6823099415204679,0.9859268344709898,1.0,0.35210739421960585,0.0,0.4507024647398686,41.448494873623964,"['quote_volume_24h<50000', 'top_of_book_quote<5']",quote_volume_24h<50000; top_of_book_quote<5,False
nonkyc,SKOL/USDT,SKOL-USDT,SKOL,USDT,True,active,0.025413,13.6632,540.1625,0.025199,0.025414,84.95840989469104,0.22116025219999996,1e-06,0.0001,,,market.getlist.priceDecimals/quantityDecimals,1774845249384.0,False,0.2898550724637681,0.48538011695906436,0.0,28.076531909483858,0.025199,0.025414,0.0253065,0.0002149999999999999,0.22280451819999997,0.22116025219999996,33,68,0.0,0.0,0.0,0.0,0.0,0.0,0.0,0.0,0.0,0.22280451819999997,0.22116025219999996,0.22116025219999996,0.22280451819999997,0.22116025219999996,0.22116025219999996,0.22280451819999997,0.22116025219999996,0.22116025219999996,0.7985636742,0.5577560612,0.5577560612,288,1774673100.0,1774848000.0,584,296.0,0.4931506849315068,0.0,14.543766013646636,62.169733637231964,6.213495712683411e-05,-0.4916005601456301,0.08459892399999999,200,0.13386502588008106,14.039333866100002,0.009396878956622876,1270.4192974567413,0.0656799132,0.525,0.1711868905229529,0.2898550724637681,0.5333333333333333,0.4970760233918129,0.5906432748538012,0.1388888888888889,0.7212328767123288,0.5453138344705529,0.0012426991425366822,0.0,0.18218551120436322,41.002401524730104,"['quote_volume_24h<50000', 'top_of_book_quote<5', 'coverage_ratio<0.90']",quote_volume_24h<50000; top_of_book_quote<5; coverage_ratio<0.90,False
nonkyc,DOGGGO/USDT,DOGGGO-USDT,DOGGGO,USDT,True,active,0.00011004,7.9001,70784.1831,0.00010912,0.00011005,84.86562942008544,0.15350174582,1e-08,0.0001,,,market.getlist.priceDecimals/quantityDecimals,1774844866080.0,False,0.2463768115942029,0.5116959064327485,0.0,26.34312229849988,0.00010912,0.00011005,0.000109585,9.300000000000063e-07,0.156728794112,0.15350174582,32,119,0.0,0.0,0.0,0.0,0.0,0.0,0.0,0.0,0.0,0.156728794112,0.15350174582,0.15350174582,0.156728794112,0.15350174582,0.15350174582,0.156728794112,0.15350174582,0.15350174582,0.560114125307,0.55405603582,0.55405603582,288,1774667100.0,1774848900.0,607,319.0,0.4744645799011532,0.0,41.37396463185697,190.22186265218846,0.2486517404804708,0.27503788439492,0.056917359400000006,200,0.12225078985471258,9.3580727021,0.005720158896747747,443.66397047042847,0.0474378685,0.49,0.48752321657871134,0.2463768115942029,0.4057971014492754,0.5233918128654971,0.4269005847953216,0.11140350877192981,0.7109555189456342,1.0,1.0,0.0,0.6666666666666666,40.93152315284308,"['quote_volume_24h<50000', 'top_of_book_quote<5', 'coverage_ratio<0.90']",quote_volume_24h<50000; top_of_book_quote<5; coverage_ratio<0.90,False
nonkyc,SATOX/USDT,SATOX-USDT,SATOX,USDT,True,active,5.9e-06,5.9174,963466.3918,5.72e-06,9.6e-06,5065.274151436031,2.0722090444799997,1e-08,0.0001,,,market.getlist.priceDecimals/quantityDecimals,1774775042190.0,False,0.2289855072463768,0.00877192982456143,0.0,12.813501144164762,5.72e-06,9.6e-06,7.66e-06,3.879999999999999e-06,7.816996203588,2.0722090444799997,26,200,0.0,0.0,0.0,0.0,0.0,0.0,0.0,0.0,0.0,0.0,0.0,0.0,0.0,0.0,0.0,30.638012319245,39.190309556353,30.638012319245,88.07250402656899,212.810188161047,88.07250402656899,288,1773882600.0,1774774800.0,2975,2687.0,0.09680672268907563,0.0,121.63876252280176,1526.3091801438738,0.0373150805917421,-0.4036124565228762,0.00116810407,200,0.015052215760163383,99.56767803150001,0.007493570862343089,74420.31257200241,0.0010596702,0.49,0.024014250539295397,0.2289855072463768,0.863768115942029,0.00877192982456143,0.8713450292397661,0.011695906432748537,0.5032436974789916,1.0,0.746301611834842,0.0,0.5821005372782807,40.87591882863044,"['quote_volume_24h<50000', 'spread_bps>120', 'top_of_book_quote<5', 'last_trade_age_sec>3600', 'coverage_ratio<0.90']",quote_volume_24h<50000; spread_bps>120; top_of_book_quote<5; last_trade_age_sec>3600; coverage_ratio<0.90,False
nonkyc,ERG/XMR,ERG-XMR,ERG,XMR,True,active,0.00082677,1.3595,1624.5887,0.00082626,0.0008293,44.62885677755574,0.010522772968000001,1e-08,0.0001,,,market.getlist.priceDecimals/quantityDecimals,1774848695779.0,False,0.19130434782608696,0.8391812865497076,0.0,31.501271294177474,0.00082721,0.00083091,0.00082906,3.7000000000000357e-06,0.010522772968000001,0.019604324358,36,65,0.0,0.0,0.0,0.0,0.0,0.0,0.010522772968000001,0.019604324358,0.010522772968000001,0.010522772968000001,0.045721352108000005,0.010522772968000001,0.011392306893000002,0.04659277885,0.011392306893000002,0.010522772968000001,0.045721352108000005,0.010522772968000001,0.011392306893000002,0.04659277885,0.011392306893000002,288,1774692000.0,1774849200.0,525,237.0,0.5485714285714286,0.0,9.773630012952296,32.442965445008205,0.0880015852571087,-0.33998413482559275,0.000445879395,200,0.1915692511748178,0.9841615698000001,0.000942675474808096,18.562442779541016,0.00039357249999999997,0.49,0.21899799185238247,0.19130434782608696,0.18840579710144928,0.8187134502923976,0.195906432748538,0.5383040935672514,0.7517142857142858,0.147802501079358,1.0,0.0,0.3826008336931193,40.828887273402806,"['quote_volume_24h<50000', 'top_of_book_quote<5', 'coverage_ratio<0.90', 'natr_bps_mean<12']",quote_volume_24h<50000; top_of_book_quote<5; coverage_ratio<0.90; natr_bps_mean<12,False
nonkyc,TRX/BTC,TRX-BTC,TRX,BTC,True,active,4.768e-06,0.2795,58187.396,4.767e-06,4.785e-06,75.2351097178669,2.788695e-06,1e-09,0.001,,,market.getlist.priceDecimals/quantityDecimals,1774848965226.0,False,0.14782608695652175,0.8333333333333334,0.0,28.963768115942027,4.767e-06,4.803e-06,4.785e-06,3.5999999999999317e-08,2.788695e-06,0.008447079327,43,54,0.0,0.0,0.0,0.0,0.0,0.0,0.0,0.0,0.0,2.788695e-06,0.038615923427,2.788695e-06,0.096208918149,0.213830508575,0.096208918149,0.04093565091,0.141271117853,0.04093565091,0.18832214705,0.213830508575,0.18832214705,288,1774762500.0,1774849200.0,290,2.0,0.993103448275862,0.0,25.026799233426363,20.754852573857764,0.02054054054054025,-0.2714262911568512,0.00046700089649999996,200,1.0140460589804883,0.0340099331,0.00017243819313122528,21.019338130950928,7.208715e-05,0.465,0.3326478731442984,0.14782608695652175,0.22608695652173913,0.6403508771929824,0.04093567251461988,0.6241228070175439,0.9962068965517241,1.0,0.410810810810805,0.0,0.47027027027026835,40.79690998502643,"['quote_volume_24h<50000', 'top_of_book_quote<5']",quote_volume_24h<50000; top_of_book_quote<5,False
nonkyc,TAJ/USDT,TAJ-USDT,TAJ,USDT,True,active,0.00162075,17.7115,10882.8791,0.00162074,0.00163458,85.03004312940044,0.40272520290200003,1e-08,0.0001,,,market.getlist.priceDecimals/quantityDecimals,1774845186466.0,False,0.3101449275362319,0.3801169590643275,0.0,26.560894991100948,0.00162074,0.00163458,0.00162766,1.383999999999999e-05,0.40272520290200003,0.402834231558,49,41,0.0,0.0,0.0,0.0,0.0,0.0,0.0,0.0,0.0,0.40272520290200003,0.402834231558,0.40272520290200003,0.40272520290200003,0.402834231558,0.40272520290200003,0.40272520290200003,0.402834231558,0.40272520290200003,1.444507161305,1.4453362721340002,1.444507161305,288,1774653900.0,1774848600.0,650,362.0,0.4430769230769231,0.0,12.962149146624377,62.798753001830555,0.006369426751592357,-0.5860325443304746,0.15193409878499997,200,0.1153983533364422,22.200785218,0.012809670284666135,715.5088748931885,0.110944972,0.49,0.15244199190747576,0.3101449275362319,0.6028985507246377,0.38888888888888884,0.6637426900584795,0.05599415204678364,0.6936923076923077,0.4135124288853647,0.12738853503184713,0.0,0.18030032130573728,40.44546913259423,"['quote_volume_24h<50000', 'top_of_book_quote<5', 'coverage_ratio<0.90']",quote_volume_24h<50000; top_of_book_quote<5; coverage_ratio<0.90,False
nonkyc,GBYTE/USDT,GBYTE-USDT,GBYTE,USDT,True,active,5.056406,41.4938,8.4581,5.013609,5.056407,85.00085799267913,0.1198252551,1e-06,0.0001,,,market.getlist.priceDecimals/quantityDecimals,1774845535402.0,False,0.41739130434782606,0.42397660818713445,0.0,33.555936943808796,5.013609,5.056407,5.0350079999999995,0.042798000000000336,0.1198252551,0.1203424866,115,198,0.0,0.0,0.0,0.0,0.0,0.0,0.0,0.0,0.0,0.1198252551,0.1203424866,0.1198252551,0.1198252551,0.1203424866,0.1198252551,0.1198252551,0.1203424866,0.1198252551,0.4312016595,0.1203424866,0.1203424866,288,1774658700.0,1774847700.0,631,343.0,0.45641838351822506,0.020833333333333332,18.068110184851214,64.06266036604748,0.026008984861640588,-0.36055422248480923,0.041135656,200,0.14286093207316705,41.29268414850001,0.029495556726288008,1380.3525643348694,0.03439352555,0.47,0.21256385654845233,0.41739130434782606,0.32753623188405795,0.4327485380116959,0.3362573099415205,0.2138888888888889,0.6916551109350237,0.8390091820709346,0.5201796972328118,0.0,0.45306295976791544,40.195998403444335,"['quote_volume_24h<50000', 'top_of_book_quote<5', 'coverage_ratio<0.90']",quote_volume_24h<50000; top_of_book_quote<5; coverage_ratio<0.90,False
nonkyc,PEPEW/BNB,PEPEW-BNB,PEPEW,BNB,True,active,5.26e-10,1.0018,1904598736.37,5.24e-10,5.27e-10,57.088487155090185,0.00018219295386,1e-12,0.01,,,market.getlist.priceDecimals/quantityDecimals,1774845695416.0,False,0.18840579710144928,0.7309941520467836,0.0,28.637172641749302,5.24e-10,5.27e-10,5.255000000000001e-10,2.9999999999999896e-12,0.00029344221128,0.00018219295386,34,124,0.0,0.0,0.0,0.0,0.0,0.0,0.0,0.0,0.0,0.00029344221128,0.00031277012586,0.00029344221128,0.00052459263308,0.00031277012586,0.00031277012586,0.00029344221128,0.00031277012586,0.00029344221128,0.00052459263308,0.00031277012586,0.00031277012586,288,1774757100.0,1774848900.0,307,19.0,0.9381107491856677,0.0,35.99142708008476,26.205448945777718,0.026548672566371414,-0.11762245915379402,0.0033054984313750004,200,0.5828833109907166,0.10830488529999999,0.00031564555070066885,322.76867628097534,0.0002531751,0.6,0.630449831019487,0.18840579710144928,0.12753623188405797,0.7573099415204678,0.13157894736842105,0.4168128654970761,0.9659609120521173,1.0,0.5309734513274282,0.0,0.5103244837758094,40.00666275563497,"['quote_volume_24h<50000', 'top_of_book_quote<5']",quote_volume_24h<50000; top_of_book_quote<5,False
nonkyc,MTBC/USDT,MTBC-USDT,MTBC,USDT,True,active,7.41e-05,30.0395,429968.5692,7.36e-05,7.42e-05,81.19079837618416,0.030821678300000002,1e-07,0.0001,,,market.getlist.priceDecimals/quantityDecimals,1774845632712.0,False,0.3681159420289855,0.5877192982456141,0.0,34.93935926773456,7.36e-05,7.42e-05,7.390000000000001e-05,6.00000000000001e-07,0.03956635904,0.030821678300000002,42,186,0.0,0.0,0.0,0.0,0.0,0.0,0.0,0.0,0.0,0.03956635904,0.030821678300000002,0.030821678300000002,0.03956635904,0.6898300886400001,0.03956635904,0.03956635904,0.030821678300000002,0.030821678300000002,0.14509181215,2.27972635696,0.14509181215,288,1774661700.0,1774847100.0,619,331.0,0.46526655896607433,0.0,16.883751263076356,69.46707220081883,0.0692520775623272,-0.10851055458751471,0.013559479650000001,200,0.1464386397391553,29.9341218059,0.02191756039521091,2112.125146150589,0.0112725676,0.605,0.20795153639022346,0.3681159420289855,0.21159420289855072,0.5935672514619883,0.21637426900584794,0.23157894736842108,0.7058966074313409,0.740312605256363,1.0,0.0,0.5801042017521211,39.93369230236094,"['quote_volume_24h<50000', 'top_of_book_quote<5', 'coverage_ratio<0.90']",quote_volume_24h<50000; top_of_book_quote<5; coverage_ratio<0.90,False
nonkyc,MRX/USDT,MRX-USDT,MRX,USDT,True,active,1.372e-05,20.0717,1674739.6932,1.362e-05,1.373e-05,80.43875685557634,0.035702657216,1e-08,0.0001,,,market.getlist.priceDecimals/quantityDecimals,1774845418404.0,False,0.33043478260869563,0.5935672514619883,0.0,33.01309433002797,1.362e-05,1.373e-05,1.3675e-05,1.1000000000000064e-07,0.042610099176,0.035702657216,44,68,0.0,0.0,0.0,0.0,0.0,0.0,0.0,0.0,0.0,0.042610099176,0.035702657216,0.035702657216,0.042610099176,0.035702657216,0.035702657216,0.042610099176,0.035702657216,0.035702657216,0.042610099176,0.14260673923199998,0.042610099176,288,1774655100.0,1774848900.0,647,359.0,0.44513137557959814,0.0,12.556166071912664,73.63628248799353,0.1920792079207917,0.2478664274019968,0.016196940564999998,200,0.14840926050055445,20.024109836599997,0.014858816665158418,105.59085130691528,0.01362259365,0.505,0.1560959736667315,0.33043478260869563,0.22028985507246376,0.5994152046783625,0.22514619883040934,0.3853801169590643,0.694822256568779,0.37968050599272196,1.0,0.0,0.459893501997574,39.89976373872735,"['quote_volume_24h<50000', 'top_of_book_quote<5', 'coverage_ratio<0.90']",quote_volume_24h<50000; top_of_book_quote<5; coverage_ratio<0.90,False
nonkyc,XTM/XMR,XTM-XMR,XTM,XMR,True,active,2.48e-06,36.6826,14809646.5903,2.46e-06,2.5e-06,161.29032258064532,0.00069336275,1e-08,0.0001,,,market.getlist.priceDecimals/quantityDecimals,1774845729266.0,False,0.4028985507246377,0.049707602339181256,0.0,23.402110348334606,2.46e-06,2.5e-06,2.48e-06,4.000000000000004e-08,0.00136798509,0.00069336275,50,126,0.0,0.0,0.0,0.0,0.0,0.0,0.0,0.0,0.0,0.0,0.0,0.0,0.00136798509,0.00069336275,0.00069336275,0.00136798509,0.005866793528000001,0.00136798509,0.004615894119,0.007197466913000002,0.004615894119,288,1774742400.0,1774849200.0,357,69.0,0.8067226890756303,0.0,52.519719864887485,38.04895444638308,0.0705882352941179,-0.3982253154356818,0.13758955682500001,200,1.625983652359939,3.7521185259000003,0.030504416924151363,1.6148629188537598,0.019057407,0.505,0.3256222631623021,0.4028985507246377,0.15072463768115943,0.04678362573099415,0.15497076023391812,0.7928362573099415,0.8936974789915967,1.0,1.0,0.0,0.6666666666666666,39.79003860888368,"['quote_volume_24h<50000', 'spread_bps>120', 'top_of_book_quote<5', 'coverage_ratio<0.90']",quote_volume_24h<50000; spread_bps>120; top_of_book_quote<5; coverage_ratio<0.90,False
nonkyc,XRP/BTC,XRP-BTC,XRP,BTC,True,active,2.0025e-05,0.0831,4150.43,1.9951e-05,2.0148e-05,108.67397806580273,2.39412e-06,1e-09,0.01,,,market.getlist.priceDecimals/quantityDecimals,1774848922538.0,False,0.13043478260869565,0.2485380116959064,0.0,13.387363335875921,1.9951e-05,2.0169e-05,2.006e-05,2.1800000000000028e-07,2.39412e-06,0.01515881871,54,65,0.0,0.0,0.0,0.0,0.0,0.0,0.0,0.0,0.0,0.0,0.0,0.0,0.46361375171,0.44265866831,0.44265866831,0.46361375171,0.44265866831,0.44265866831,0.46361986801,0.44270746541,0.44270746541,288,1774761900.0,1774849200.0,292,4.0,0.9863013698630136,0.0,17.776147072853547,15.571555119535684,0.01491077976044924,-0.39610847054887915,0.0001764297,200,0.9606795462844461,0.0171274538,8.226997272795906e-05,44.4579222202301,6.480475e-05,0.51,0.16357316985387235,0.13043478260869565,0.6231884057971014,0.21345029239766078,0.029239766081871343,0.5732456140350877,0.9924657534246575,0.8146789227377956,0.2982155952089848,0.0,0.3709648393155935,39.75657900139183,"['quote_volume_24h<50000', 'top_of_book_quote<5']",quote_volume_24h<50000; top_of_book_quote<5,False
nonkyc,DGB/USDT,DGB-USDT,DGB,USDT,True,active,0.0039,18.1039,4647.5,0.00389,0.00392,76.8245838668376,0.127792,1e-05,0.1,,,market.getlist.priceDecimals/quantityDecimals,1774848848148.0,False,0.3188405797101449,0.6198830409356726,0.0,33.03330790744978,0.00389,0.00392,0.0039049999999999996,3.000000000000008e-05,0.299141,0.127792,44,156,0.0,0.0,0.0,0.0,0.0,0.0,0.0,0.0,0.0,0.299141,0.127792,0.127792,0.299141,0.127792,0.127792,0.299141,0.127792,0.127792,0.299141,0.127792,0.127792,288,1774663200.0,1774848600.0,619,331.0,0.46526655896607433,0.0,6.303810912739842,26.42949443154977,0.09523809523809322,-0.11910563742919775,0.08887049999999999,200,0.12873598396375557,19.21747,0.012369899548719768,448.2801432609558,0.071526,0.565,0.08205460538083005,0.3188405797101449,0.3507246376811594,0.6228070175438596,0.36257309941520466,0.1473684210526316,0.7058966074313409,0.0,1.0,0.0,0.3333333333333333,39.69288420296838,"['quote_volume_24h<50000', 'top_of_book_quote<5', 'coverage_ratio<0.90', 'natr_bps_mean<12']",quote_volume_24h<50000; top_of_book_quote<5; coverage_ratio<0.90; natr_bps_mean<12,False
nonkyc,SOL/BTC,SOL-BTC,SOL,BTC,True,active,0.00123935,0.3331,270.36,0.00123836,0.00124459,50.182242896555145,0.0002738098,1e-08,0.01,,,market.getlist.priceDecimals/quantityDecimals,1774848923389.0,False,0.15072463768115943,0.7748538011695907,0.0,27.661200101703535,0.00123836,0.00124459,0.0012414750000000001,6.230000000000081e-06,0.0003838916,0.0002738098,26,23,0.0,0.0,0.0,0.0,0.0,0.0,0.0,0.0,0.0,0.0003838916,0.4311212094,0.0003838916,0.3908209059,0.4311212094,0.3908209059,0.0003838916,0.4311212094,0.0003838916,0.3908209059,0.4311212094,0.3908209059,288,1774762500.0,1774849200.0,290,2.0,0.993103448275862,0.0,13.663274816745677,12.386308931557753,0.00436612516225511,-0.3678085816591527,0.00015951909999999998,200,0.9914667759506817,0.0244068021,0.00012099266694676664,14.309189558029175,2.4844600000000003e-05,0.505,0.27227309956852525,0.15072463768115943,0.13043478260869565,0.7923976608187134,0.14035087719298245,0.6434210526315789,0.9962068965517241,0.4719395680621397,0.08732250324510218,0.0,0.1864206904357473,39.57458504861868,"['quote_volume_24h<50000', 'top_of_book_quote<5']",quote_volume_24h<50000; top_of_book_quote<5,False
nonkyc,CHTA/USDT,CHTA-USDT,CHTA,USDT,True,active,1.2561e-06,23.0709,17856400.6375,1.256e-06,1.2679e-06,94.29850627996393,0.21006963634293,1e-10,0.0001,,,market.getlist.priceDecimals/quantityDecimals,1774845599202.0,False,0.34492753623188405,0.26023391812865493,0.0,25.476862445969996,1.256e-06,1.2679e-06,1.2619499999999998e-06,1.1900000000000047e-08,0.3407212453863999,0.21006963634293,36,200,0.0,0.0,0.0,0.0,0.0,0.0,0.0,0.0,0.0,0.3407212453863999,0.21006963634293,0.21006963634293,0.3407212453863999,0.21006963634293,0.21006963634293,0.3407212453863999,0.21006963634293,0.21006963634293,1.21880396964323,1.08282145941461,1.08282145941461,288,1774657800.0,1774848300.0,636,348.0,0.4528301886792453,0.0,16.652110371851354,67.44383569149242,0.013095376057480623,-0.38828166040378564,0.1300187241578,200,0.13003741512344014,24.7350045037,0.01608238024363899,899.7259767055511,0.10865577130000001,0.485,0.1765893334769557,0.34492753623188405,0.518840579710145,0.26608187134502925,0.5760233918128655,0.12763157894736843,0.6990566037735849,0.7210091976542795,0.26190752114961247,0.0,0.327638906267964,39.31910358757543,"['quote_volume_24h<50000', 'top_of_book_quote<5', 'coverage_ratio<0.90']",quote_volume_24h<50000; top_of_book_quote<5; coverage_ratio<0.90,False
nonkyc,WMC/USDT,WMC-USDT,WMC,USDT,True,active,1.188725,8.5114,7.19,1.178664,1.188726,85.00500551239988,0.18858624,1e-06,0.01,,,market.getlist.priceDecimals/quantityDecimals,1774844804899.0,False,0.25507246376811593,0.4093567251461988,0.0,24.26290363590135,1.178664,1.188726,1.183695,0.010062000000000015,0.18858624,0.19019616,36,101,0.0,0.0,0.0,0.0,0.0,0.0,0.0,0.0,0.0,0.18858624,0.19019616,0.18858624,0.18858624,0.19019616,0.18858624,0.18858624,0.19019616,0.18858624,0.78511335,0.6949294799999999,0.6949294799999999,288,1774666200.0,1774849200.0,611,323.0,0.4713584288052373,0.0,10.62119747148856,57.418217415369114,0.007633587786259542,-0.4444425005979844,0.058933250000000006,200,0.13582536507236193,9.05722845,0.006151006803825164,121.05894780158997,0.0471466,0.52,0.1249479063905151,0.25507246376811593,0.4927536231884058,0.41812865497076024,0.5467836257309941,0.28523391812865495,0.7092471358428806,0.2184331226240467,0.15267175572519082,0.0,0.12370162611641251,38.793433716719804,"['quote_volume_24h<50000', 'top_of_book_quote<5', 'coverage_ratio<0.90', 'natr_bps_mean<12']",quote_volume_24h<50000; top_of_book_quote<5; coverage_ratio<0.90; natr_bps_mean<12,False
nonkyc,RYO/USDT,RYO-USDT,RYO,USDT,True,active,0.00478269,8.1871,1717.9961,0.00474222,0.0047827,84.99808922279632,0.07906276606200001,1e-08,0.0001,,,market.getlist.priceDecimals/quantityDecimals,1774848734218.0,False,0.25217391304347825,0.45029239766081874,0.0,25.126875158911776,0.00474222,0.0047827,0.00476246,4.0479999999999856e-05,0.07906276606200001,0.07919433795,52,200,0.0,0.0,0.0,0.0,0.0,0.0,0.0,0.0,0.0,0.07906276606200001,0.07919433795,0.07906276606200001,0.07906276606200001,0.07919433795,0.07906276606200001,0.07906276606200001,0.07919433795,0.07906276606200001,0.07906276606200001,0.284098742746,0.07906276606200001,288,1774689900.0,1774848900.0,531,243.0,0.5423728813559322,0.0,22.18026016707519,97.15234689974446,0.039410405346324465,-0.39402240692157725,0.030468823290000002,200,0.1531898101403397,7.768535340600001,0.005950302269475166,227.00271654129028,0.02336917475,0.44,0.26095010334804664,0.25217391304347825,0.26666666666666666,0.45906432748538006,0.27485380116959063,0.3567251461988304,0.7483050847457627,1.0,0.7882081069264892,0.0,0.5960693689754964,38.65381318709817,"['quote_volume_24h<50000', 'top_of_book_quote<5', 'coverage_ratio<0.90']",quote_volume_24h<50000; top_of_book_quote<5; coverage_ratio<0.90,False
nonkyc,ADA/BTC,ADA-BTC,ADA,BTC,True,active,3.651e-06,0.1726,47416.975,3.624e-06,3.667e-06,109.67918837400498,2.313877e-06,1e-09,0.001,,,market.getlist.priceDecimals/quantityDecimals,1774848958250.0,False,0.13623188405797101,0.16666666666666663,0.0,11.659420289855072,3.627e-06,3.667e-06,3.647e-06,3.999999999999962e-08,0.015636457629,2.313877e-06,46,64,0.0,0.0,0.0,0.0,0.0,0.0,0.0,0.0,0.0,0.0,0.0,0.0,0.348401045335,0.085822665991,0.085822665991,0.37594756251,0.165011296715,0.165011296715,0.375960031543,0.404858226657,0.375960031543,288,1774761300.0,1774849200.0,294,6.0,0.9795918367346939,0.0,15.745366609223217,13.716032050069566,0.04610492845786895,-0.34436980624862107,0.000267945481,200,1.0075818857682597,0.032534907099999996,0.00016390791524556567,23.237330675125122,5.38188e-05,0.505,0.14355838005959407,0.13623188405797101,0.45217391304347826,0.20760233918128657,0.023391812865497075,0.6150584795321637,0.9887755102040816,0.645447217435268,0.9220985691573789,0.0,0.522515262197549,38.315424886487705,"['quote_volume_24h<50000', 'top_of_book_quote<5']",quote_volume_24h<50000; top_of_book_quote<5,False
nonkyc,NAV/USDT,NAV-USDT,NAV,USDT,True,active,0.03272598,9.8036,298.1892,0.03272597,0.03300533,85.00060093136736,0.15667885397200002,1e-08,0.0001,,,market.getlist.priceDecimals/quantityDecimals,1774845668435.0,False,0.2753623188405797,0.4298245614035088,0.0,25.890541571319602,0.03272597,0.03300533,0.032865649999999996,0.00027935999999999933,0.15667885397200002,0.15700635481,46,54,0.0,0.0,0.0,0.0,0.0,0.0,0.0,0.0,0.0,0.15667885397200002,0.15700635481,0.15667885397200002,0.15667885397200002,0.15700635481,0.15667885397200002,0.15667885397200002,0.15700635481,0.15667885397200002,0.562370345816,0.51532912794,0.51532912794,288,1774672500.0,1774848900.0,589,301.0,0.48896434634974534,0.0,13.83494554929457,62.29001985593668,0.014617168545558277,-0.45614968146937085,0.05851128187,200,0.138734012595759,9.6795727563,0.006714429843470449,440.2028248310089,0.04783629305,0.525,0.16276291458769118,0.2753623188405797,0.41739130434782606,0.4385964912280702,0.43859649122807015,0.2378654970760234,0.71893039049236,0.4862454624412142,0.2923433709111655,0.0,0.2595296111174599,38.1218235096146,"['quote_volume_24h<50000', 'top_of_book_quote<5', 'coverage_ratio<0.90']",quote_volume_24h<50000; top_of_book_quote<5; coverage_ratio<0.90,False
nonkyc,RIC/BTC,RIC-BTC,RIC,BTC,True,active,1.455e-07,0.0173,120600.7118,1.448e-07,1.46e-07,82.53094910591544,4.1755562e-06,1e-10,0.0001,,,market.getlist.priceDecimals/quantityDecimals,1774845695752.0,False,0.10434782608695652,0.5672514619883041,0.0,19.920416984490213,1.448e-07,1.46e-07,1.4540000000000002e-07,1.2000000000000107e-09,4.71015576e-06,4.1755562e-06,36,38,0.0,0.0,0.0,0.0,0.0,0.0,0.0,0.0,0.0,4.71015576e-06,4.1755562e-06,4.1755562e-06,4.71015576e-06,4.1755562e-06,4.1755562e-06,4.71015576e-06,4.1755562e-06,4.1755562e-06,1.655235184e-05,1.5291023449999998e-05,1.5291023449999998e-05,288,1774745700.0,1774849200.0,346,58.0,0.8323699421965318,0.0,38.865609952010885,58.64052798356002,0.07348242811501622,-0.2895122489246845,3.0688576550000004e-05,200,2.160945802730747,0.0028112476000000004,3.0374768508284433e-05,16.098723888397217,1.47911e-05,0.445,0.4709216405851944,0.10434782608695652,0.05217391304347826,0.5760233918128654,0.05847953216374269,0.7502923976608187,0.9078034682080925,1.0,1.0,0.0,0.6666666666666666,37.98024673394973,"['quote_volume_24h<50000', 'top_of_book_quote<5', 'coverage_ratio<0.90']",quote_volume_24h<50000; top_of_book_quote<5; coverage_ratio<0.90,False
nonkyc,LUMOS/USDT,LUMOS-USDT,LUMOS,USDT,True,active,0.000247,8.5741,34713.0899,0.000246,0.000248,80.9716599190281,0.0634252808,1e-06,0.0001,,,market.getlist.priceDecimals/quantityDecimals,1774845794033.0,False,0.2608695652173913,0.5906432748538012,0.0,29.113907958301553,0.000246,0.000248,0.00024700000000000004,1.9999999999999944e-06,0.2355846306,0.0634252808,33,50,0.0,0.0,0.0,0.0,0.0,0.0,0.0,0.0,0.0,0.2355846306,0.0634252808,0.0634252808,0.2355846306,0.0634252808,0.0634252808,0.2355846306,0.0634252808,0.0634252808,0.2355846306,0.3631298308,0.2355846306,288,1774665600.0,1774848600.0,611,323.0,0.4713584288052373,0.0,31.53790936283133,342.60107517659407,0.044117647058823505,-0.08123810373530334,0.059740655,200,0.12647323400567081,9.2122616326,0.005825522605906414,472.0410397052765,0.0470015806,0.5,0.38949318063096805,0.2608695652173913,0.2492753623188406,0.5964912280701755,0.2543859649122807,0.12339181286549708,0.7092471358428806,1.0,0.88235294117647,0.0,0.6274509803921567,37.6730070967516,"['quote_volume_24h<50000', 'top_of_book_quote<5', 'coverage_ratio<0.90']",quote_volume_24h<50000; top_of_book_quote<5; coverage_ratio<0.90,False
nonkyc,ERG/BTC,ERG-BTC,ERG,BTC,True,active,4.1e-06,0.0115,2798.8079,4.09e-06,4.11e-06,48.78048780487759,0.00012230003699999998,1e-08,0.0001,,,market.getlist.priceDecimals/quantityDecimals,1774848696912.0,False,0.09855072463768116,0.7836257309941521,0.0,25.010933129926265,4.09e-06,4.11e-06,4.1e-06,1.999999999999981e-08,0.00012418876,0.00012230003699999998,32,39,0.0,0.0,0.0,0.0,0.0,0.0,0.00012418876,0.00012230003699999998,0.00012230003699999998,0.00012811861600000001,0.000125118529,0.000125118529,0.00012811861600000001,0.000125118529,0.000125118529,0.00012811861600000001,0.00012230003699999998,0.00012230003699999998,0.00012811861600000001,0.000125118529,0.000125118529,288,1774736400.0,1774849200.0,377,89.0,0.7639257294429708,0.0,10.666227810475752,24.973918642543055,0.14782608695652147,0.014146645756609878,3.0625349999999996e-05,200,0.47810900239905624,0.0043181176,1.0322654489889035e-05,60.031256914138794,1.83585e-05,0.285,0.21865767011475498,0.09855072463768116,0.11884057971014493,0.7982456140350878,0.12280701754385964,0.5092105263157896,0.870159151193634,0.22218565087297928,1.0,0.0,0.4073952169576598,37.38248494772194,"['quote_volume_24h<50000', 'top_of_book_quote<5', 'coverage_ratio<0.90', 'natr_bps_mean<12']",quote_volume_24h<50000; top_of_book_quote<5; coverage_ratio<0.90; natr_bps_mean<12,False
nonkyc,LUMOS/USDC,LUMOS-USDC,LUMOS,USDC,True,active,0.000244,8.9316,36604.9713,0.000243,0.000245,81.96721311475387,0.043506757,1e-06,0.0001,,,market.getlist.priceDecimals/quantityDecimals,1774845774803.0,False,0.26666666666666666,0.5730994152046784,0.0,28.99415204678363,0.000243,0.000245,0.000244,1.9999999999999944e-06,0.25806036239999997,0.043506757,28,33,0.0,0.0,0.0,0.0,0.0,0.0,0.0,0.0,0.0,0.25806036239999997,0.043506757,0.043506757,0.25806036239999997,0.043506757,0.043506757,0.25806036239999997,0.043506757,0.043506757,0.7103297829999999,0.34595072349999995,0.34595072349999995,288,1774666200.0,1774849200.0,611,323.0,0.4713584288052373,0.0,29.080077949610263,311.19413153187844,0.027237354085603148,-0.07885810018011474,0.061398960499999995,200,0.12803347853530667,9.7022961716,0.006211093643148684,99.83481240272522,0.04822538,0.47,0.3547769509852462,0.26666666666666666,0.2289855072463768,0.5789473684210527,0.2309941520467836,0.22675438596491226,0.7092471358428806,1.0,0.5447470817120629,0.0,0.514915693904021,37.053502185086614,"['quote_volume_24h<50000', 'top_of_book_quote<5', 'coverage_ratio<0.90']",quote_volume_24h<50000; top_of_book_quote<5; coverage_ratio<0.90,False
nonkyc,KLS/USDT,KLS-USDT,KLS,USDT,True,active,1.995e-05,14.7872,706634.6381,1.95e-05,1.967e-05,86.80112330865462,0.025715566632,1e-08,0.0001,,,market.getlist.priceDecimals/quantityDecimals,1774847032605.0,False,0.2956521739130435,0.3099415204678363,0.0,24.0094075769133,1.95e-05,1.967e-05,1.9585e-05,1.7000000000000007e-07,0.02682080505,0.025715566632,36,200,0.0,0.0,0.0,0.0,0.0,0.0,0.0,0.0,0.0,0.02682080505,0.025715566632,0.025715566632,0.02682080505,0.025715566632,0.025715566632,0.02682080505,0.025715566632,0.025715566632,0.02682080505,0.090651377964,0.02682080505,288,1774672500.0,1774849200.0,590,302.0,0.488135593220339,0.0,41.16830700396561,174.44354138781475,0.08535895986433022,-0.009486206128244634,0.010549831845,200,0.23292703094914396,11.842223219199997,0.013791869471426346,186.30048203468323,0.012552300950000001,0.52,0.4742831133368624,0.2956521739130435,0.2028985507246377,0.32163742690058483,0.20760233918128654,0.42894736842105263,0.7184745762711865,1.0,1.0,0.0,0.6666666666666666,36.95942158269661,"['quote_volume_24h<50000', 'top_of_book_quote<5', 'coverage_ratio<0.90']",quote_volume_24h<50000; top_of_book_quote<5; coverage_ratio<0.90,False
nonkyc,XLM/BTC,XLM-BTC,XLM,BTC,True,active,2.489e-06,0.0709,28397.112,2.48e-06,2.501e-06,80.28904054596471,2.323429e-06,1e-09,0.001,,,market.getlist.priceDecimals/quantityDecimals,1774848964153.0,False,0.1246376811594203,0.5350877192982456,0.0,20.232265446224257,2.481e-06,2.501e-06,2.491e-06,1.999999999999981e-08,0.004200092343,2.323429e-06,52,46,0.0,0.0,0.0,0.0,0.0,0.0,0.0,0.0,0.0,0.022464366741,2.323429e-06,2.323429e-06,0.049200078284,2.323429e-06,2.323429e-06,0.032677875802,2.323429e-06,2.323429e-06,0.110946207958,0.021004558153,0.021004558153,288,1774756800.0,1774849200.0,309,21.0,0.9320388349514563,0.0,18.527162697586235,17.070048800041118,0.058823529411764795,-0.4247432919504884,0.00015300975700000002,200,0.8330347713565214,0.010900672900000002,4.540319778441865e-05,12.105480670928955,3.3318e-05,0.525,0.23075581139843876,0.1246376811594203,0.028985507246376812,0.6023391812865497,0.02631578947368421,0.6269005847953217,0.962621359223301,0.8772635581321863,1.0,0.0,0.6257545193773955,36.82553351267872,"['quote_volume_24h<50000', 'top_of_book_quote<5']",quote_volume_24h<50000; top_of_book_quote<5,False
nonkyc,GHOST/POL,GHOST-POL,GHOST,POL,True,active,0.2489205,0.0,0.0,0.23117543,0.23314881,85.00008528523192,0.535148002907,1e-08,0.0001,,,market.getlist.priceDecimals/quantityDecimals,1774251545456.0,False,0.011594202898550725,0.435672514619883,0.0,11.529494024917366,0.23117543,0.23314881,0.23216212,0.0019733800000000246,0.535148002907,0.536288892762,51,134,0.0,0.0,0.0,0.0,0.0,0.0,0.0,0.0,0.0,0.535148002907,0.536288892762,0.535148002907,0.535148002907,0.536288892762,0.535148002907,0.535148002907,0.536288892762,0.535148002907,1.920846625111,1.923705048279,1.920846625111,288,1763146500.0,1774251300.0,37017,36729.0,0.007780209093119377,0.0,518.262763083968,486.4781564623235,0.0429689322137689,-0.1051854133629608,9.958977404830001,200,0.003823367285435972,3769.2737180164995,0.07205658911658949,597928.5656783581,1.36620554445,0.43,6.097202859795389,0.011594202898550725,0.6463768115942029,0.4444444444444444,0.7105263157894737,0.0019005847953216374,0.45427911500121565,0.0,0.8593786442753779,1.0,0.619792881425126,36.764645720683454,"['quote_volume_24h<50000', 'top_of_book_quote<5', 'last_trade_age_sec>3600', 'coverage_ratio<0.90', 'natr_bps_mean>400']",quote_volume_24h<50000; top_of_book_quote<5; last_trade_age_sec>3600; coverage_ratio<0.90; natr_bps_mean>400,False
nonkyc,VEIL/BTC,VEIL-BTC,VEIL,BTC,True,active,2.2087e-08,0.0015,68589.1537,2.2087e-08,2.2111e-08,10.86021991945221,1.31961167653e-05,1e-12,0.0001,,,market.getlist.priceDecimals/quantityDecimals,1774847536762.0,False,0.06666666666666667,0.97953216374269,0.0,28.154970760233915,2.2087e-08,2.2111e-08,2.2098999999999998e-08,2.3999999999997436e-11,6.40958445205e-05,1.31961167653e-05,140,200,0.0,0.0,0.0,6.40958445205e-05,1.31961167653e-05,1.31961167653e-05,6.40958445205e-05,1.31961167653e-05,1.31961167653e-05,6.40958445205e-05,1.31961167653e-05,1.31961167653e-05,8.02985569433e-05,1.31961167653e-05,1.31961167653e-05,6.40958445205e-05,1.31961167653e-05,1.31961167653e-05,6.40958445205e-05,1.31961167653e-05,1.31961167653e-05,288,1774669200.0,1774849200.0,601,313.0,0.47920133111480867,0.0,11.847187908835828,60.83969917586664,0.06378778531770508,-0.34880996221602695,5.2281638185e-06,200,0.15309775314520482,0.0014839847,1.1359736163593042e-06,90.57750630378723,4.6705000000000004e-06,0.395,1.0908791899891288,0.06666666666666667,0.07536231884057971,0.9707602339181287,0.08187134502923976,0.40292397660818713,0.7135607321131447,0.32059899240298567,1.0,0.0454395949945644,0.4553461957991834,35.8185378781571,"['quote_volume_24h<50000', 'top_of_book_quote<5', 'coverage_ratio<0.90', 'natr_bps_mean<12']",quote_volume_24h<50000; top_of_book_quote<5; coverage_ratio<0.90; natr_bps_mean<12,False
nonkyc,OSAK/USDT,OSAK-USDT,OSAK,USDT,True,active,3.79e-08,6.887,181907797.3761,3.78e-08,3.81e-08,79.05138339920846,0.08970564188375998,1e-10,0.0001,,,market.getlist.priceDecimals/quantityDecimals,1774845343419.0,False,0.23478260869565218,0.6081871345029239,0.0,28.11772184083397,3.78e-08,3.81e-08,3.795e-08,2.9999999999999607e-10,0.14610657466062002,0.08970564188375998,27,62,0.0,0.0,0.0,0.0,0.0,0.0,0.0,0.0,0.0,0.14610657466062002,0.08970564188375998,0.08970564188375998,0.14610657466062002,0.08970564188375998,0.08970564188375998,0.14610657466062002,0.08970564188375998,0.08970564188375998,0.14610657466062002,0.40462098070646,0.14610657466062002,288,1774661700.0,1774848900.0,625,337.0,0.4608,0.0,14.959928491978173,51.651277923260395,0.008,-0.4915622310124754,0.04734596624095,200,0.12627842701019515,7.669204359,0.00484227531437126,262.59251713752747,0.0365362027,0.445,0.18924309542352635,0.23478260869565218,0.28695652173913044,0.6140350877192983,0.29239766081871343,0.1603801169590643,0.7034400000000001,0.5799940409981811,0.16,0.0,0.24666468033272704,34.963263940372784,"['quote_volume_24h<50000', 'top_of_book_quote<5', 'coverage_ratio<0.90']",quote_volume_24h<50000; top_of_book_quote<5; coverage_ratio<0.90,False
nonkyc,GCX/USDT,GCX-USDT,GCX,USDT,True,active,9e-05,9.0301,100335.0,8.9e-05,9.1e-05,222.22222222222314,0.318976,1e-06,1.0,,,market.getlist.priceDecimals/quantityDecimals,1774845809536.0,False,0.26956521739130435,0.03508771929824561,0.0,15.703279938977879,8.9e-05,9.1e-05,8.999999999999999e-05,2.000000000000008e-06,0.318976,0.433251,37,99,0.0,0.0,0.0,0.0,0.0,0.0,0.0,0.0,0.0,0.0,0.0,0.0,0.0,0.0,0.0,0.752288,0.864087,0.752288,1.626154,1.7188269999999999,1.626154,288,1774660200.0,1774848600.0,629,341.0,0.4578696343402226,0.0,0.0,0.0,0.0,,0.06480000000000001,200,0.12568164092549572,9.99648,0.0062818700493944965,550.9324007034302,0.051434999999999995,0.56,0.0,0.26956521739130435,0.7275362318840579,0.032163742690058506,0.631578947368421,0.10935672514619882,0.7018282988871225,0.0,0.0,0.0,0.0,34.918105007686385,"['quote_volume_24h<50000', 'spread_bps>120', 'top_of_book_quote<5', 'coverage_ratio<0.90', 'natr_bps_mean<12']",quote_volume_24h<50000; spread_bps>120; top_of_book_quote<5; coverage_ratio<0.90; natr_bps_mean<12,False
nonkyc,BELLS/BTC,BELLS-BTC,BELLS,BTC,True,active,7.51e-07,0.0342,44990.2259,7.49e-07,7.55e-07,79.78723404255214,1.9859735e-06,1e-09,0.0001,,,market.getlist.priceDecimals/quantityDecimals,1774845757516.0,False,0.11884057971014493,0.5994152046783625,0.0,21.521612001017036,7.49e-07,7.55e-07,7.52e-07,5.999999999999921e-09,1.9859735e-06,1.1435381e-05,36,56,0.0,0.0,0.0,0.0,0.0,0.0,0.0,0.0,0.0,1.9859735e-06,1.1435381e-05,1.9859735e-06,1.9859735e-06,1.1435381e-05,1.9859735e-06,1.9859735e-06,1.1435381e-05,1.9859735e-06,6.5445989e-06,1.60030805e-05,6.5445989e-06,288,1774594500.0,1774849200.0,850,562.0,0.3388235294117647,0.0,36.443936668034624,39.5161108236278,0.05446623093681881,-0.265310044038736,0.0007987752985,200,1.604226387906616,0.019714965900000003,0.00015813634266729554,15.903963565826416,0.0001,0.515,0.4567640062393733,0.11884057971014493,0.02608695652173913,0.6052631578947368,0.02046783625730994,0.7133040935672514,0.6363529411764706,1.0,1.0,0.0,0.6666666666666666,34.811711461090916,"['quote_volume_24h<50000', 'top_of_book_quote<5', 'coverage_ratio<0.90']",quote_volume_24h<50000; top_of_book_quote<5; coverage_ratio<0.90,False
nonkyc,AI/USDT,AI-USDT,AI,USDT,True,active,0.000782,7.2305,9267.2658,0.000777,0.000783,76.92307692307601,0.12098430539999999,1e-06,0.0001,,,market.getlist.priceDecimals/quantityDecimals,1774844594655.0,False,0.24057971014492754,0.6169590643274854,0.0,28.65586066615815,0.000777,0.000783,0.00078,5.999999999999929e-06,0.1495557168,0.12098430539999999,29,34,0.0,0.0,0.0,0.0,0.0,0.0,0.0,0.0,0.0,0.1495557168,0.12098430539999999,0.12098430539999999,0.1495557168,0.12098430539999999,0.12098430539999999,0.1495557168,0.12098430539999999,0.12098430539999999,0.1495557168,0.4820763591,0.1495557168,288,1774640400.0,1774848900.0,696,408.0,0.41379310344827586,0.0,9.082626008937135,35.43073427508575,0.0072992700729927005,-0.4835199768807154,0.057424606,200,0.11710093450622255,8.6709815666,0.005076900222675448,148.84007787704468,0.04240878,0.53,0.11807413811618415,0.24057971014492754,0.336231884057971,0.6198830409356726,0.34502923976608185,0.15701754385964908,0.6775862068965517,0.09021883407809457,0.145985401459854,0.0,0.07873474517931618,34.62433334481156,"['quote_volume_24h<50000', 'top_of_book_quote<5', 'coverage_ratio<0.90', 'natr_bps_mean<12']",quote_volume_24h<50000; top_of_book_quote<5; coverage_ratio<0.90; natr_bps_mean<12,False
nonkyc,ETC/BTC,ETC-BTC,ETC,BTC,True,active,0.0001211,0.4239,3522.35,0.000121,0.0001216,66.0066006600665,1.216e-06,1e-07,0.01,,,market.getlist.priceDecimals/quantityDecimals,1774848894380.0,False,0.15942028985507245,0.7807017543859649,0.0,28.285659801678108,0.0001208,0.0001216,0.00012119999999999999,8.000000000000059e-07,0.0045251679999999996,1.216e-06,55,50,0.0,0.0,0.0,0.0,0.0,0.0,0.0,0.0,0.0,0.019211765000000002,1.216e-06,1.216e-06,0.069439525,0.007786833999999999,0.007786833999999999,0.035988080000000006,1.216e-06,1.216e-06,0.09511968,0.03506332,0.03506332,288,1774760400.0,1774849200.0,297,9.0,0.9696969696969697,0.0,11.31567520941493,13.608729885396455,0.004219409282700519,-0.3868812372059532,0.0005885255,200,0.8806340212697069,0.063079164,0.00027774828925825664,13.363455057144165,0.00014119799999999999,0.44,0.17143247942263493,0.15942028985507245,0.020289855072463767,0.7105263157894737,0.014619883040935672,0.6285087719298246,0.9833333333333334,0.2763062674512442,0.08438818565401036,0.0,0.12023148436841818,34.295017615105486,"['quote_volume_24h<50000', 'top_of_book_quote<5', 'natr_bps_mean<12']",quote_volume_24h<50000; top_of_book_quote<5; natr_bps_mean<12,False
nonkyc,WAAC/USDT,WAAC-USDT,WAAC,USDT,True,active,0.299976,6.3019,21.1,0.297438,0.299977,84.99953968347006,0.12899011,1e-06,0.01,,,market.getlist.priceDecimals/quantityDecimals,1774845736293.0,False,0.2318840579710145,0.4473684210526315,0.0,23.937833714721588,0.297438,0.299977,0.2987075,0.0025390000000000135,0.13087272,0.12899011,39,42,0.0,0.0,0.0,0.0,0.0,0.0,0.0,0.0,0.0,0.13087272,0.12899011,0.12899011,0.13087272,0.12899011,0.12899011,0.13087272,0.12899011,0.12899011,0.13087272,0.46561093,0.13087272,288,1774663500.0,1774849200.0,620,332.0,0.4645161290322581,0.0,12.976045536929732,57.817077315487786,0.007518796992481203,-0.46792259834741246,0.038996880000000005,200,0.12670867706944106,6.85723329,0.004344354792662155,152.20192193984985,0.03271829,0.45,0.15266018598749181,0.2318840579710145,0.3536231884057971,0.45614035087719296,0.3654970760233918,0.193859649122807,0.705483870967742,0.414670461410811,0.15037593984962405,0.0,0.188348800420145,34.124545884995065,"['quote_volume_24h<50000', 'top_of_book_quote<5', 'coverage_ratio<0.90']",quote_volume_24h<50000; top_of_book_quote<5; coverage_ratio<0.90,False
nonkyc,MOVEFIT/USDT,MOVEFIT-USDT,MOVEFIT,USDT,True,active,5.31e-06,0.9197,173033.5916,5.31e-06,5.32e-06,18.814675446848362,0.019471773717,1e-08,0.0001,,,market.getlist.priceDecimals/quantityDecimals,1774845594676.0,False,0.1855072463768116,0.9385964912280702,0.0,33.667810831426394,5.31e-06,5.32e-06,5.315e-06,9.999999999999904e-09,0.019471773717,0.521440227196,29,92,0.0,0.0,0.0,0.019471773717,0.521440227196,0.019471773717,0.019471773717,0.521440227196,0.019471773717,0.019471773717,0.521440227196,0.019471773717,0.07337290948200001,0.521440227196,0.07337290948200001,0.019471773717,0.521440227196,0.019471773717,0.019471773717,0.521440227196,0.019471773717,288,1774660200.0,1774848600.0,629,341.0,0.4578696343402226,0.0,3.2661937722523198,14.394962960926513,0.0,-0.5808293359693142,0.006122922520000001,200,0.13044073609420145,1.0391577067000002,0.0006777424808995516,562.2215352058411,0.0051967678,0.495,0.17359819899521245,0.1855072463768116,0.2,0.9385964912280702,0.2046783625730994,0.15380116959064327,0.7018282988871225,0.0,0.0,0.0,0.0,33.971041697236345,"['quote_volume_24h<50000', 'top_of_book_quote<5', 'coverage_ratio<0.90', 'natr_bps_mean<12']",quote_volume_24h<50000; top_of_book_quote<5; coverage_ratio<0.90; natr_bps_mean<12,False
nonkyc,BCH/BTC,BCH-BTC,BCH,BTC,True,active,0.006749,2.2645,326.125,0.006581,0.0084,146.5038845726959,0.00040841999999999994,1e-06,0.001,,,market.getlist.priceDecimals/quantityDecimals,1774845806417.0,False,0.2,0.01754385964912286,0.0,11.438596491228074,0.006708,0.006807,0.0067575,9.899999999999926e-05,0.00042931200000000005,0.00040841999999999994,47,30,0.0,0.0,0.0,0.0,0.0,0.0,0.0,0.0,0.0,0.0,0.0,0.0,0.011598013,0.009790450000000001,0.009790450000000001,0.018808711,0.018214526,0.018214526,0.018815291,0.018214526,0.018214526,288,1774759800.0,1774849200.0,299,11.0,0.9632107023411371,0.0,30.659303410963332,28.40468702412034,0.14491017964071862,-0.13443869405876413,0.0022936220000000004,200,0.7907043218548288,0.13400453,0.0005297898050956253,45.97240734100342,0.00052181,0.46,0.20927297252483462,0.2,0.19710144927536233,0.05847953216374269,0.14327485380116958,0.5502923976608187,0.9797658862876255,1.0,1.0,0.0,0.6666666666666666,33.89173463200923,"['quote_volume_24h<50000', 'spread_bps>120', 'top_of_book_quote<5']",quote_volume_24h<50000; spread_bps>120; top_of_book_quote<5,False
nonkyc,VEIL/XMR,VEIL-XMR,VEIL,XMR,True,active,4.43e-06,0.2102,45690.6165,4.42e-06,4.45e-06,67.64374295377613,0.0014468218249999998,1e-08,0.0001,,,market.getlist.priceDecimals/quantityDecimals,1774844580904.0,False,0.14202898550724638,0.6871345029239766,0.0,24.989956775997967,4.42e-06,4.45e-06,4.435e-06,2.999999999999971e-08,0.002470639444,0.0014468218249999998,30,200,0.0,0.0,0.0,0.0,0.0,0.0,0.0,0.0,0.0,0.002470639444,0.0014468218249999998,0.0014468218249999998,0.002470639444,0.0014468218249999998,0.0014468218249999998,0.002470639444,0.0014468218249999998,0.0014468218249999998,0.002470639444,0.0014468218249999998,0.0014468218249999998,288,1774667400.0,1774848900.0,606,318.0,0.4752475247524752,0.0,11.41662201537981,52.926997588378136,0.1117478510028657,-0.2369099992907879,0.00098062534,200,0.13924090084519072,0.2055600362,0.00014311182309129008,214.48657250404358,0.0008599437,0.46,0.16877572879403313,0.14202898550724638,0.1565217391304348,0.695906432748538,0.16666666666666666,0.28464912280701754,0.7113861386138614,0.2847185012816508,1.0,0.0,0.428239500427217,33.819012556187545,"['quote_volume_24h<50000', 'top_of_book_quote<5', 'coverage_ratio<0.90', 'natr_bps_mean<12']",quote_volume_24h<50000; top_of_book_quote<5; coverage_ratio<0.90; natr_bps_mean<12,False
nonkyc,YEC/BTC,YEC-BTC,YEC,BTC,True,active,1.524e-06,0.0006,443.1264,1.52e-06,1.525e-06,32.840722495894596,6.12712e-06,1e-09,0.0001,,,market.getlist.priceDecimals/quantityDecimals,1774848694547.0,False,0.04927536231884058,0.8771929824561404,0.0,24.63996948893974,1.52e-06,1.525e-06,1.5225e-06,4.999999999999952e-09,6.12712e-06,3.8885975e-05,62,106,0.0,0.0,0.0,0.0,0.0,0.0,6.12712e-06,3.8885975e-05,6.12712e-06,6.12712e-06,3.8885975e-05,6.12712e-06,6.12712e-06,3.8885975e-05,6.12712e-06,6.12712e-06,3.8885975e-05,6.12712e-06,6.12712e-06,3.8885975e-05,6.12712e-06,288,1774671600.0,1774849200.0,593,305.0,0.4856661045531197,0.0,16.57248708219346,55.57294456591199,0.03502415458937198,-0.31448225067244034,2.4769190000000003e-06,200,0.14077934200174105,0.0006740296,4.744472178884836e-07,51.10834884643555,2.0868e-06,0.51,0.5046322316527957,0.04927536231884058,0.06086956521739131,0.8801169590643275,0.07017543859649122,0.37485380116959066,0.7171163575042159,0.7143739235161218,0.7004830917874395,0.0,0.4716190051011871,33.428874093890286,"['quote_volume_24h<50000', 'top_of_book_quote<5', 'coverage_ratio<0.90']",quote_volume_24h<50000; top_of_book_quote<5; coverage_ratio<0.90,False
nonkyc,PHIL/USDT,PHIL-USDT,PHIL,USDT,True,active,5.935e-11,8.7088,146110206452.9576,5.934e-11,5.985e-11,85.57764913163965,0.15192952873408772,1e-14,0.0001,,,market.getlist.priceDecimals/quantityDecimals,1774845247972.0,False,0.263768115942029,0.33333333333333337,0.0,22.84057971014493,5.934e-11,5.985e-11,5.9595e-11,5.100000000000065e-13,0.15879153663609386,0.15192952873408772,37,39,0.0,0.0,0.0,0.0,0.0,0.0,0.0,0.0,0.0,0.15879153663609386,0.15192952873408772,0.15192952873408772,0.15879153663609386,0.15192952873408772,0.15192952873408772,0.15879153663609386,0.15192952873408772,0.15192952873408772,0.5606781678131507,0.548209344726508,0.548209344726508,288,1774662600.0,1774848900.0,622,334.0,0.4630225080385852,0.0,11.708886221161585,59.83696372066616,0.0,-0.5430311894476564,0.060238599192866345,200,0.12965744255153855,9.4794343636,0.006145396082097736,318.58048462867737,0.0488627451,0.515,0.13682177928433642,0.263768115942029,0.39710144927536234,0.3421052631578947,0.41812865497076024,0.1840643274853801,0.7046623794212219,0.3090738517634654,0.0,0.0,0.10302461725448847,33.376819114990006,"['quote_volume_24h<50000', 'top_of_book_quote<5', 'coverage_ratio<0.90', 'natr_bps_mean<12']",quote_volume_24h<50000; top_of_book_quote<5; coverage_ratio<0.90; natr_bps_mean<12,False
nonkyc,PEPEW/USDT,PEPEW-USDT,PEPEW,USDT,True,active,3.19e-07,18.0263,58039195.87,3.17e-07,3.2e-07,94.19152276295176,0.0320448704,1e-09,0.01,,,market.getlist.priceDecimals/quantityDecimals,1774845815394.0,False,0.3159420289855073,0.26315789473684215,0.0,23.955758962623953,3.17e-07,3.2e-07,3.185e-07,3.0000000000000136e-09,0.05828616551,0.0320448704,41,200,0.0,0.0,0.0,0.0,0.0,0.0,0.0,0.0,0.0,0.05828616551,0.0320448704,0.0320448704,0.05828616551,0.0320448704,0.0320448704,0.05828616551,0.0320448704,0.0320448704,0.22751072353000001,0.15926474556,0.15926474556,288,1774676700.0,1774848000.0,572,284.0,0.5034965034965035,0.0,16.987086986169217,73.04651742509064,0.12307692307692407,-0.2882253932862007,0.023495998264999998,200,0.13639009294178878,18.182276920599996,0.012399412195469871,1093.0055394172668,0.0194888683,0.45,0.18034624016982903,0.3159420289855073,0.2144927536231884,0.26900584795321636,0.21929824561403508,0.1678362573099415,0.726923076923077,0.7489239155141014,1.0,0.0,0.5829746385047004,33.04395554227676,"['quote_volume_24h<50000', 'top_of_book_quote<5', 'coverage_ratio<0.90']",quote_volume_24h<50000; top_of_book_quote<5; coverage_ratio<0.90,False
nonkyc,BEAM/USDT,BEAM-USDT,BEAM,USDT,True,active,0.020525,69.1408,3368.73,0.020524,0.02077,119.1456385915628,0.053586600000000005,1e-06,0.01,,,market.getlist.priceDecimals/quantityDecimals,1774845778859.0,False,0.45217391304347826,0.1228070175438597,0.0,27.939740655987798,0.020524,0.02077,0.020647,0.0002459999999999997,0.05397812,0.053586600000000005,56,200,0.0,0.0,0.0,0.0,0.0,0.0,0.0,0.0,0.0,0.0,0.0,0.0,0.05397812,0.053586600000000005,0.053586600000000005,0.05397812,0.053586600000000005,0.053586600000000005,0.19389253999999997,0.1919952,0.1919952,288,1774669500.0,1774848900.0,599,311.0,0.48080133555926546,0.0,23.342986362672697,78.4844216531177,0.004410740540122247,-0.34389870537540096,0.0195837,200,0.13398481364770404,69.26536908,0.046402537842116204,265.7585988044739,0.016081335000000002,0.525,0.19591977212605843,0.45217391304347826,0.23478260869565218,0.1257309941520468,0.23684210526315788,0.22777777777777777,0.714440734557596,1.0,0.08821481080244493,0.0,0.3627382702674817,32.95938221707865,"['quote_volume_24h<50000', 'top_of_book_quote<5', 'coverage_ratio<0.90']",quote_volume_24h<50000; top_of_book_quote<5; coverage_ratio<0.90,False
nonkyc,DOGS/USDT,DOGS-USDT,DOGS,USDT,True,active,8.353e-09,5.0201,598401784.2802,8.352e-09,8.423e-09,84.64977645305646,0.09273732044954319,1e-12,0.0001,,,market.getlist.priceDecimals/quantityDecimals,1774845097910.0,False,0.22318840579710145,0.5292397660818713,0.0,25.506356470887365,8.352e-09,8.423e-09,8.3875e-09,7.10000000000011e-11,0.0947609727865632,0.09273732044954319,39,129,0.0,0.0,0.0,0.0,0.0,0.0,0.0,0.0,0.0,0.0947609727865632,0.09273732044954319,0.09273732044954319,0.0947609727865632,0.09273732044954319,0.09273732044954319,0.0947609727865632,0.09273732044954319,0.09273732044954319,0.3402026114579958,0.3360112549500008,0.3360112549500008,288,1774671000.0,1774848900.0,594,306.0,0.48484848484848486,0.0,14.43055953545691,63.42776976566164,0.0010154158589496002,-0.5096447998614914,0.034043379930922,200,0.12399784553743377,5.8129917848999995,0.003603992287272008,342.18771600723267,0.0282755841,0.53,0.17047368746991964,0.22318840579710145,0.2927536231884058,0.5409356725146199,0.2982456140350877,0.13128654970760234,0.7166666666666668,0.5358799612880758,0.020308317178992005,0.0,0.18539609282235592,32.84859606679463,"['quote_volume_24h<50000', 'top_of_book_quote<5', 'coverage_ratio<0.90']",quote_volume_24h<50000; top_of_book_quote<5; coverage_ratio<0.90,False
nonkyc,BTCP/USDT,BTCP-USDT,BTCP,USDT,True,active,0.037722,0.7287,19.4116,0.037404,0.037723,84.92286395037732,0.0119619633,1e-06,0.0001,,,market.getlist.priceDecimals/quantityDecimals,1774845550443.0,False,0.1826086956521739,0.5029239766081872,0.0,22.616577676074247,0.037404,0.037723,0.0375635,0.00031899999999999984,0.012006684,0.0119619633,37,75,0.0,0.0,0.0,0.0,0.0,0.0,0.0,0.0,0.0,0.012006684,0.0119619633,0.0119619633,0.012006684,0.0119619633,0.0119619633,0.012006684,0.0119619633,0.0119619633,0.012006684,0.0429276123,0.012006684,288,1774662300.0,1774849200.0,624,336.0,0.46153846153846156,0.0,17.00548945837377,61.00992199705519,0.0,-0.5217514793989808,0.0048268305000000004,200,0.14912315399045403,0.7065549404,0.0005268185058999263,47.46095681190491,0.0034971618499999996,0.445,0.2002463019653992,0.1826086956521739,0.19420289855072465,0.5146198830409356,0.20175438596491227,0.43230994152046787,0.7038461538461539,0.7504574548644808,0.0,0.0,0.25015248495482695,32.842325569296364,"['quote_volume_24h<50000', 'top_of_book_quote<5', 'coverage_ratio<0.90']",quote_volume_24h<50000; top_of_book_quote<5; coverage_ratio<0.90,False
nonkyc,RYO/BTC,RYO-BTC,RYO,BTC,True,active,7.06e-08,0.0004,6683.7265,7.05e-08,7.08e-08,42.462845010615155,7.3999902e-06,1e-10,0.0001,,,market.getlist.priceDecimals/quantityDecimals,1774845355152.0,False,0.043478260869565216,0.8245614035087719,0.0,23.005339435545384,7.05e-08,7.08e-08,7.065e-08,2.9999999999999607e-10,7.3999902e-06,7.80257418e-05,35,46,0.0,0.0,0.0,0.0,0.0,0.0,7.3999902e-06,7.80257418e-05,7.3999902e-06,7.3999902e-06,7.80257418e-05,7.3999902e-06,7.3999902e-06,7.80257418e-05,7.3999902e-06,7.3999902e-06,7.80257418e-05,7.3999902e-06,7.3999902e-06,7.80257418e-05,7.3999902e-06,288,1774665300.0,1774848600.0,612,324.0,0.47058823529411764,0.0,24.182515193921162,125.2597304033042,0.17124735729386842,-0.27383409320167457,2.2729273499999998e-06,200,0.14051915504444143,0.00046544039999999994,3.2701645865773415e-07,509.36334466934204,2.0957500000000002e-06,0.465,0.5694982328168509,0.043478260869565216,0.06376811594202898,0.8304093567251463,0.07309941520467836,0.2388888888888889,0.7088235294117647,1.0,1.0,0.0,0.6666666666666666,32.811754236400894,"['quote_volume_24h<50000', 'top_of_book_quote<5', 'coverage_ratio<0.90']",quote_volume_24h<50000; top_of_book_quote<5; coverage_ratio<0.90,False
nonkyc,BC2/BTC,BC2-BTC,BC2,BTC,True,active,1.30017e-05,0.6937,53260.0224,1.28917e-05,1.30018e-05,85.04064726668791,5.45685546e-06,1e-10,0.0001,,,market.getlist.priceDecimals/quantityDecimals,1774845662533.0,False,0.17971014492753623,0.3771929824561403,0.0,19.313882532418003,1.28917e-05,1.30018e-05,1.294675e-05,1.1009999999999917e-07,5.45963495e-06,5.45685546e-06,55,64,0.0,0.0,0.0,0.0,0.0,0.0,0.0,0.0,0.0,5.45963495e-06,5.45685546e-06,5.45685546e-06,5.45963495e-06,5.45685546e-06,5.45685546e-06,5.45963495e-06,5.45685546e-06,5.45685546e-06,6.719940781000001e-05,1.958424162e-05,1.958424162e-05,288,1774760100.0,1774849200.0,298,10.0,0.9664429530201343,0.0,67.1905567838659,51.278042137657195,3.083517059551832e-05,-0.2929857433050142,0.0024062477075,200,1.126732209917925,0.0785151573,0.00044232778348341254,35.22627878189087,0.0003825794,0.465,0.7900993106644163,0.17971014492753623,0.057971014492753624,0.38596491228070173,0.06432748538011696,0.6138888888888889,0.981543624161074,1.0,0.0006167034119103664,0.0,0.3335389011373035,32.68001416729855,"['quote_volume_24h<50000', 'top_of_book_quote<5']",quote_volume_24h<50000; top_of_book_quote<5,False
nonkyc,SLDX/USDT,SLDX-USDT,SLDX,USDT,True,active,0.00069914,8.0161,11401.9458,0.00069913,0.00070749,118.86650268018383,0.12452106551799999,1e-08,0.0001,,,market.getlist.priceDecimals/quantityDecimals,1774845764787.0,False,0.2492753623188406,0.14619883040935677,0.0,17.365115687770153,0.00069913,0.00070749,0.00070331,8.360000000000008e-06,0.12452106551799999,0.124609789206,38,92,0.0,0.0,0.0,0.0,0.0,0.0,0.0,0.0,0.0,0.0,0.0,0.0,0.12452106551799999,0.124609789206,0.12452106551799999,0.12452106551799999,0.124609789206,0.12452106551799999,0.446320335478,0.447377374134,0.446320335478,288,1774684500.0,1774848900.0,549,261.0,0.5245901639344263,0.0,19.340418868051625,87.9856693889869,0.0,-0.5587188086634343,0.04835607905,200,0.16403984199673863,7.446240035000001,0.006107400194055948,378.4129798412323,0.03736412545,0.445,0.16270705734556667,0.2492753623188406,0.3391304347826087,0.14912280701754388,0.3508771929824561,0.34561403508771926,0.7385245901639345,0.9450349056709687,0.0,0.0,0.3150116352236562,32.64093052237323,"['quote_volume_24h<50000', 'top_of_book_quote<5', 'coverage_ratio<0.90']",quote_volume_24h<50000; top_of_book_quote<5; coverage_ratio<0.90,False
nonkyc,FLOP/USDT,FLOP-USDT,FLOP,USDT,True,active,4.294e-07,20.0089,45350480.3048,4.293e-07,4.345e-07,120.39824033340975,0.12458338443374999,1e-10,0.0001,,,market.getlist.priceDecimals/quantityDecimals,1774845190758.0,False,0.32753623188405795,0.10526315789473684,0.0,20.64607170099161,4.293e-07,4.345e-07,4.319e-07,5.199999999999967e-09,0.12846652442478,0.12458338443374999,50,96,0.0,0.0,0.0,0.0,0.0,0.0,0.0,0.0,0.0,0.0,0.0,0.0,15.09846652440952,0.12458338443374999,0.12458338443374999,15.09846652440952,0.12458338443374999,0.12458338443374999,15.42640882499152,0.76647457255779,0.76647457255779,288,1774655400.0,1774848900.0,646,358.0,0.4458204334365325,0.0,21.709634682411725,124.53958943143188,0.007411982705373689,-0.02205567345199864,0.05289114413225,200,0.12874188420540705,20.8194769722,0.013401693467860555,238.19823479652405,0.04311855145,0.485,0.18031521575641699,0.32753623188405795,0.34202898550724636,0.10818713450292394,0.3538011695906433,0.19122807017543858,0.695201238390093,1.0,0.14823965410747378,0.0,0.3827465513691579,32.33706752383202,"['quote_volume_24h<50000', 'spread_bps>120', 'top_of_book_quote<5', 'coverage_ratio<0.90']",quote_volume_24h<50000; spread_bps>120; top_of_book_quote<5; coverage_ratio<0.90,False
nonkyc,NAV/LTC,NAV-LTC,NAV,LTC,True,active,0.00060308,0.1796,298.8492,0.0006,0.00060309,51.367728100143474,0.0026701206659999997,1e-08,0.0001,,,market.getlist.priceDecimals/quantityDecimals,1774845060351.0,False,0.1391304347826087,0.7690058479532164,0.0,26.877320111873885,0.0006,0.00060309,0.000601545,3.0900000000000805e-06,52.24378577999999,0.0026701206659999997,36,56,0.0,0.0,0.0,0.0,0.0,0.0,0.0,0.0,0.0,52.24378577999999,0.0026701206659999997,0.0026701206659999997,52.24646393801399,0.0026701206659999997,0.0026701206659999997,52.24378577999999,0.0026701206659999997,0.0026701206659999997,52.24646393801399,0.0026701206659999997,0.0026701206659999997,288,1774670400.0,1774849200.0,597,309.0,0.4824120603015075,0.0,11.082663230135406,49.91669590770354,0.0071845064556435535,-0.42864492491710143,0.0009532757,200,0.1333190815234422,0.18890210670000002,0.0001259212768154364,140.074875831604,0.00081192655,0.47,0.21575147743597506,0.1391304347826087,0.16521739130434782,0.7836257309941521,0.17251461988304093,0.26096491228070173,0.7153266331658292,0.2568886025112838,0.14369012911287107,0.0,0.13352624387471831,32.18171463361422,"['quote_volume_24h<50000', 'top_of_book_quote<5', 'coverage_ratio<0.90', 'natr_bps_mean<12']",quote_volume_24h<50000; top_of_book_quote<5; coverage_ratio<0.90; natr_bps_mean<12,False
nonkyc,TRC/BTC,TRC-BTC,TRC,BTC,True,active,2.2e-07,0.0005,2408.9609,2.2e-07,2.21e-07,45.35147392290231,1.6030456e-06,1e-09,0.0001,,,market.getlist.priceDecimals/quantityDecimals,1774845726502.0,False,0.0463768115942029,0.8070175438596492,0.0,22.72616323417239,2.2e-07,2.21e-07,2.205e-07,9.999999999999957e-10,1.2199022e-05,1.6030456e-06,31,35,0.0,0.0,0.0,0.0,0.0,0.0,1.2199022e-05,1.6030456e-06,1.6030456e-06,1.2199022e-05,1.6030456e-06,1.6030456e-06,1.68160676e-05,1.6030456e-06,1.6030456e-06,1.2199022e-05,1.6030456e-06,1.6030456e-06,1.68160676e-05,1.6030456e-06,1.6030456e-06,288,1774678500.0,1774848900.0,569,281.0,0.5061511423550088,0.0,20.18866257430433,86.4839397893039,0.028571428571428355,0.08222763581410814,1.2628125e-06,200,0.21106555866898272,0.00047034370000000004,4.963667790346821e-07,329.30091404914856,1.29135e-06,0.51,0.44516000976341236,0.0463768115942029,0.02318840579710145,0.8128654970760234,0.017543859649122806,0.38435672514619884,0.7283831282952549,1.0,0.5714285714285671,0.0,0.5238095238095224,31.85721764741441,"['quote_volume_24h<50000', 'top_of_book_quote<5', 'coverage_ratio<0.90']",quote_volume_24h<50000; top_of_book_quote<5; coverage_ratio<0.90,False
nonkyc,LTC/BTC,LTC-BTC,LTC,BTC,True,active,0.0008022,1.4059,1742.872,0.0008021,0.0008109,109.1134531928084,2.4063e-06,1e-07,0.001,,,market.getlist.priceDecimals/quantityDecimals,1774848887855.0,False,0.19420289855072465,0.19590643274853803,0.0,15.578820239003308,0.0008021,0.0008109,0.0008065,8.799999999999997e-06,2.4063e-06,0.0016161237000000001,53,68,0.0,0.0,0.0,0.0,0.0,0.0,0.0,0.0,0.0,0.0,0.0,0.0,5.75718e-05,0.0297088846,5.75718e-05,5.75718e-05,0.048866821,5.75718e-05,0.0131117576,0.0511197904,0.0131117576,288,1774762500.0,1774849200.0,290,2.0,0.993103448275862,0.0,13.644337007540864,12.562327198243048,0.05795314426633783,-0.3614307682161481,0.0027419994000000003,200,0.9426069413086907,0.13787513350000002,0.0006498102893548122,54.37968873977661,0.0003758307,0.425,0.12504724768842854,0.19420289855072465,0.10144927536231885,0.21052631578947367,0.03216374269005848,0.5551169590643276,0.9962068965517241,0.470361417295072,1.0,0.0,0.4901204724316907,31.840263265221893,"['quote_volume_24h<50000', 'top_of_book_quote<5']",quote_volume_24h<50000; top_of_book_quote<5,False
nonkyc,GHOST/XMR,GHOST-XMR,GHOST,XMR,True,active,6.176e-05,0.6933,11133.7157,6.124e-05,6.177e-05,114.58081174856746,0.004176106824,1e-08,0.0001,,,market.getlist.priceDecimals/quantityDecimals,1774845203094.0,False,0.17681159420289855,0.33040935672514615,0.0,17.984871599288073,6.161e-05,6.232e-05,6.196500000000001e-05,7.099999999999983e-07,0.004273491396,0.004176106824,58,110,0.0,0.0,0.0,0.0,0.0,0.0,0.0,0.0,0.0,0.0,0.0,0.0,0.004273491396,0.004176106824,0.004176106824,0.004273491396,0.004176106824,0.004176106824,0.02634092462,0.015100020120000002,0.015100020120000002,288,1774674600.0,1774849200.0,583,295.0,0.4939965694682676,0.0,23.25362781577956,87.72570316951631,0.046318868844466045,-0.4039078412083499,0.00172841351,200,0.16060062492381882,0.44983928040000004,0.0003612223477376049,19.42453384399414,0.00143802345,0.52,0.20294521797250478,0.17681159420289855,0.17101449275362318,0.1842105263157895,0.1783625730994152,0.5038011695906432,0.7216981132075473,1.0,0.9263773768893209,0.0,0.6421257922964403,31.721890211917575,"['quote_volume_24h<50000', 'top_of_book_quote<5', 'coverage_ratio<0.90']",quote_volume_24h<50000; top_of_book_quote<5; coverage_ratio<0.90,False
nonkyc,MIRAI/USDT,MIRAI-USDT,MIRAI,USDT,True,active,6.8e-05,2.7717,39777.8276,6.7e-05,6.9e-05,294.1176470588227,0.1848954222,1e-06,0.0001,,,market.getlist.priceDecimals/quantityDecimals,1774845676030.0,False,0.20579710144927535,0.0292397660818714,0.0,12.04983473175693,6.7e-05,6.9e-05,6.8e-05,1.9999999999999944e-06,0.1979084793,0.1848954222,17,32,0.0,0.0,0.0,0.0,0.0,0.0,0.0,0.0,0.0,0.0,0.0,0.0,0.0,0.0,0.0,0.3828035259,0.1848954222,0.1848954222,0.5690832949,0.3671115404,0.3671115404,288,1774648500.0,1774849200.0,670,382.0,0.4298507462686567,0.0,17.349067721185882,160.29094519967126,0.8333333333333337,0.48140617846730965,0.020261520999999998,200,0.12916559167695935,3.0034302553999996,0.0019396992299961103,134.7321333885193,0.01447362,0.55,0.05898683025203217,0.20579710144927535,0.48405797101449277,0.02631578947368418,0.5380116959064327,0.22982456140350876,0.6864179104477612,0.7790889767654902,0.0,0.0,0.2596963255884967,31.56447315110756,"['quote_volume_24h<50000', 'spread_bps>120', 'top_of_book_quote<5', 'coverage_ratio<0.90']",quote_volume_24h<50000; spread_bps>120; top_of_book_quote<5; coverage_ratio<0.90,False
nonkyc,TROLL/USDT,TROLL-USDT,TROLL,USDT,True,active,0.00024329,5.8233,24039.7382,0.00024124,0.0002433,85.02909976472604,0.11761489383,1e-08,0.0001,,,market.getlist.priceDecimals/quantityDecimals,1774845674480.0,False,0.22608695652173913,0.3830409356725146,0.0,22.01080600050852,0.00024124,0.0002433,0.00024227,2.0600000000000175e-06,0.11865686125199999,0.11761489383,49,184,0.0,0.0,0.0,0.0,0.0,0.0,0.0,0.0,0.0,0.11865686125199999,0.11761489383,0.11761489383,0.11865686125199999,0.11761489383,0.11761489383,0.11865686125199999,0.11761489383,0.11761489383,0.42469958650699996,0.422892599706,0.422892599706,288,1774663500.0,1774849200.0,620,332.0,0.4645161290322581,0.0,12.272519820585558,60.87483195331944,0.0,-0.5484920434044717,0.040895735,200,0.11991442546865344,6.7261475673,0.004032810605750802,82.3417239189148,0.0340768031,0.455,0.14433317363753578,0.22608695652173913,0.3159420289855073,0.39181286549707606,0.32456140350877194,0.19897660818713447,0.705483870967742,0.3560433183821298,0.0,0.0,0.1186811061273766,31.239793681452078,"['quote_volume_24h<50000', 'top_of_book_quote<5', 'coverage_ratio<0.90']",quote_volume_24h<50000; top_of_book_quote<5; coverage_ratio<0.90,False
nonkyc,BSOV/ETH,BSOV-ETH,BSOV,ETH,True,active,1.54e-06,0.0036,2331.5707,1.54e-06,1.55e-06,64.72491909385052,1.5183799999999999e-05,1e-08,0.0001,,,market.getlist.priceDecimals/quantityDecimals,1774845825520.0,False,0.07971014492753623,0.7105263157894737,0.0,22.147215865751335,1.54e-06,1.55e-06,1.545e-06,9.999999999999904e-09,7.356349000000001e-05,1.5183799999999999e-05,26,27,0.0,0.0,0.0,0.0,0.0,0.0,0.0,0.0,0.0,7.356349000000001e-05,1.5183799999999999e-05,1.5183799999999999e-05,7.356349000000001e-05,0.000104119712,7.356349000000001e-05,7.356349000000001e-05,1.5183799999999999e-05,1.5183799999999999e-05,7.356349000000001e-05,0.000104119712,7.356349000000001e-05,288,1774670100.0,1774849200.0,598,310.0,0.4816053511705686,0.0,18.937520230214943,149.89232888911326,0.714285714285715,-0.07057268698637323,2.1359265e-05,200,0.14532369423889455,0.0035876251,2.6068346653809175e-06,135.51867198944092,1.51697e-05,0.55,0.29258468755682365,0.07971014492753623,0.08405797101449275,0.7222222222222222,0.09064327485380116,0.3580409356725146,0.7148829431438127,0.9114600191845786,0.24489795918367163,0.0,0.3854526594560834,31.174751907005827,"['quote_volume_24h<50000', 'top_of_book_quote<5', 'coverage_ratio<0.90']",quote_volume_24h<50000; top_of_book_quote<5; coverage_ratio<0.90,False
nonkyc,RDD/BTC,RDD-BTC,RDD,BTC,True,active,5.75e-10,0.0288,59366706.2841,5.73e-10,5.79e-10,104.16666666666632,1.50437648433e-05,1e-12,0.0001,,,market.getlist.priceDecimals/quantityDecimals,1774848961619.0,False,0.11594202898550725,0.21052631578947367,0.0,11.639969488939741,5.73e-10,5.79e-10,5.76e-10,5.999999999999979e-12,2.5881706929e-05,1.50437648433e-05,51,92,0.0,0.0,0.0,0.0,0.0,0.0,0.0,0.0,0.0,0.0,0.0,0.0,2.5881706929e-05,1.50437648433e-05,1.50437648433e-05,2.5881706929e-05,1.50437648433e-05,1.50437648433e-05,8.77700089038e-05,7.693211052480002e-05,7.693211052480002e-05,288,1774750800.0,1774848900.0,328,40.0,0.8780487804878049,0.0,42.17058381190701,108.66972380876362,0.2417061611374411,0.13031075104135334,9.58323209415e-05,200,1.3144208617794793,0.0028908829,1.89991839636078e-05,340.1898684501648,1.49976e-05,0.42,0.4048376045943086,0.11594202898550725,0.08115942028985507,0.22514619883040932,0.08771929824561403,0.5048245614035087,0.9329268292682927,1.0,1.0,0.0,0.6666666666666666,30.763720364892432,"['quote_volume_24h<50000', 'top_of_book_quote<5', 'coverage_ratio<0.90']",quote_volume_24h<50000; top_of_book_quote<5; coverage_ratio<0.90,False
nonkyc,CRV/ETH,CRV-ETH,CRV,ETH,True,active,0.00010503,0.6907,6560.362,0.00010502,0.00010608,119.2617132039765,7.769068e-05,1e-08,0.001,,,market.getlist.priceDecimals/quantityDecimals,1774848970247.0,False,0.17391304347826086,0.23391812865497075,0.0,15.413170607678616,0.00010502,0.00010628,0.00010564999999999999,1.2600000000000117e-06,7.792484e-05,7.769068e-05,55,54,0.0,0.0,0.0,0.0,0.0,0.0,0.0,0.0,0.0,0.0,0.0,0.0,7.792484e-05,7.769068e-05,7.769068e-05,7.792484e-05,1.64739569649,7.792484e-05,5.10798300769,5.69074202542,5.10798300769,288,1774754100.0,1774849200.0,318,30.0,0.9056603773584906,0.0,31.000812643763222,28.108056301555166,0.028336380255941568,-0.45582068400832315,0.001464589485,200,0.9915568930501617,0.14000325479999998,0.0006941059617319906,49.89092946052551,0.00044403005,0.52,0.25993935363599635,0.17391304347826086,0.1072463768115942,0.11988304093567248,0.1111111111111111,0.5726608187134503,0.9481132075471699,1.0,0.5667276051188314,0.0,0.5222425350396104,30.701345373999,"['quote_volume_24h<50000', 'top_of_book_quote<5']",quote_volume_24h<50000; top_of_book_quote<5,False
nonkyc,BABYPEPE/ETH,BABYPEPE-ETH,BABYPEPE,ETH,True,active,5.17e-10,0.0118,22811697.7684,5.16e-10,5.2e-10,77.22007722007696,0.000127367478836,1e-12,0.0001,,,market.getlist.priceDecimals/quantityDecimals,1774845023588.0,False,0.10144927536231885,0.6140350877192983,0.0,20.930587337909994,5.16e-10,5.2e-10,5.18e-10,3.999999999999986e-12,0.000185579229462,0.000127367478836,26,56,0.0,0.0,0.0,0.0,0.0,0.0,0.0,0.0,0.0,0.000185579229462,0.000127367478836,0.000127367478836,0.000185579229462,0.000127367478836,0.000127367478836,0.000185579229462,0.000127367478836,0.000127367478836,0.000185579229462,0.0005190151772885,0.000185579229462,288,1774673700.0,1774849200.0,586,298.0,0.49146757679180886,0.0,15.738848321805376,48.44802104980503,0.010266940451745511,-0.40787917140919905,6.668139491750001e-05,200,0.14803567575875573,0.011152228299999999,8.254638263032097e-06,74.73718070983887,5.55541e-05,0.54,0.2038180857673803,0.10144927536231885,0.12173913043478261,0.6169590643274854,0.12573099415204678,0.40190058479532165,0.7203071672354949,0.6449040268171147,0.20533880903491022,0.0,0.28341427861734164,30.606779675919665,"['quote_volume_24h<50000', 'top_of_book_quote<5', 'coverage_ratio<0.90']",quote_volume_24h<50000; top_of_book_quote<5; coverage_ratio<0.90,False
nonkyc,DOGGGO/ETH,DOGGGO-ETH,DOGGGO,ETH,True,active,5.8294e-08,0.001,18828.5751,5.7802e-08,5.8295e-08,84.92898179970253,2.0720182426499997e-05,1e-12,0.0001,,,market.getlist.priceDecimals/quantityDecimals,1774845568405.0,False,0.06231884057971015,0.5,0.0,15.92753623188406,5.7802e-08,5.8295e-08,5.80485e-08,4.930000000000032e-10,2.0724323299799997e-05,2.0720182426499997e-05,42,79,0.0,0.0,0.0,0.0,0.0,0.0,0.0,0.0,0.0,2.0724323299799997e-05,2.0720182426499997e-05,2.0720182426499997e-05,2.0724323299799997e-05,2.0720182426499997e-05,2.0720182426499997e-05,2.0724323299799997e-05,2.0720182426499997e-05,2.0720182426499997e-05,7.44076571497e-05,7.43867645341e-05,7.43867645341e-05,288,1774671900.0,1774849200.0,592,304.0,0.4864864864864865,0.0,44.841832803313395,170.55192716805487,0.2559407665505221,0.4202255972199658,7.6398528645e-06,200,0.12928369956832544,0.0011870195999999999,7.673114267405692e-07,12.979849815368652,5.8369e-06,0.535,0.5279921159194971,0.06231884057971015,0.0927536231884058,0.5116959064327485,0.09649122807017543,0.3663742690058479,0.7175675675675677,1.0,1.0,0.0,0.6666666666666666,30.548622535579057,"['quote_volume_24h<50000', 'top_of_book_quote<5', 'coverage_ratio<0.90']",quote_volume_24h<50000; top_of_book_quote<5; coverage_ratio<0.90,False
nonkyc,TTC/USDT,TTC-USDT,TTC,USDT,True,active,4.04e-06,4.7943,1181333.2718,4.03e-06,4.07e-06,98.76543209876448,0.08265676512499999,1e-08,0.0001,,,market.getlist.priceDecimals/quantityDecimals,1774845470013.0,False,0.22028985507246376,0.24561403508771928,0.0,18.25629290617849,4.03e-06,4.07e-06,4.05e-06,3.999999999999962e-08,0.11491043950100002,0.08265676512499999,30,35,0.0,0.0,0.0,0.0,0.0,0.0,0.0,0.0,0.0,0.11491043950100002,0.08265676512499999,0.08265676512499999,0.11491043950100002,0.08265676512499999,0.08265676512499999,0.11491043950100002,0.08265676512499999,0.08265676512499999,0.361910013611,0.28038089542399997,0.28038089542399997,288,1774658400.0,1774849200.0,637,349.0,0.4521193092621664,0.0,18.311573804439092,66.94600542021823,0.0,-0.42828553057955054,0.030653516139999996,200,0.13128337407986904,4.9609969339,0.003256482081411385,67.12489056587219,0.02336797025,0.495,0.1854046847699476,0.22028985507246376,0.2782608695652174,0.2543859649122807,0.28362573099415206,0.2855263157894737,0.6986656200941915,0.859297817036591,0.0,0.0,0.2864326056788637,30.468653246797423,"['quote_volume_24h<50000', 'top_of_book_quote<5', 'coverage_ratio<0.90']",quote_volume_24h<50000; top_of_book_quote<5; coverage_ratio<0.90,False
nonkyc,SHERMIE/USDT,SHERMIE-USDT,SHERMIE,USDT,True,active,1.741e-05,8.5165,491135.0105,1.726e-05,1.742e-05,92.27220299884571,0.068022119438,1e-08,0.0001,,,market.getlist.priceDecimals/quantityDecimals,1774845590702.0,False,0.2579710144927536,0.27192982456140347,0.0,20.986651411136535,1.726e-05,1.742e-05,1.734e-05,1.5999999999999847e-07,0.162370237914,0.068022119438,29,57,0.0,0.0,0.0,0.0,0.0,0.0,0.0,0.0,0.0,0.162370237914,0.068022119438,0.068022119438,0.162370237914,0.068022119438,0.068022119438,0.162370237914,0.068022119438,0.068022119438,0.5553856905,0.442413889658,0.442413889658,288,1774659600.0,1774848900.0,632,344.0,0.45569620253164556,0.0,14.298750353053492,55.782132659399984,0.0072992700729927005,-0.4558787765612653,0.051880808275,200,0.13834372494556055,8.589436894599999,0.00594147347591896,328.90851497650146,0.042913611899999995,0.52,0.15496270695121872,0.2579710144927536,0.263768115942029,0.2807017543859649,0.26900584795321636,0.24473684210526314,0.700632911392405,0.5248958627544577,0.145985401459854,0.0,0.2236270880714372,30.289383620369414,"['quote_volume_24h<50000', 'top_of_book_quote<5', 'coverage_ratio<0.90']",quote_volume_24h<50000; top_of_book_quote<5; coverage_ratio<0.90,False
nonkyc,XMR/BTC,XMR-BTC,XMR,BTC,True,active,0.004925,0.0061,1.2414,0.004924,0.004942,58.722284094359644,0.0010921432000000001,1e-06,0.0001,,,market.getlist.priceDecimals/quantityDecimals,1774848826571.0,False,0.0927536231884058,0.8421052631578947,0.0,26.154080854309687,0.004924,0.004953,0.0049385,2.8999999999999512e-05,0.0010921432000000001,0.0022580727,65,74,0.0,0.0,0.0,0.0,0.0,0.0,0.0,0.0,0.0,0.005900951200000001,0.0022640211,0.0022640211,0.0098883492,0.0045375944,0.0045375944,0.0098819792,0.0022640211,0.0022640211,0.0098883492,0.004554081200000001,0.004554081200000001,288,1774668300.0,1774849200.0,604,316.0,0.4768211920529801,0.7361111111111112,12.680828999825371,49.46287018608338,0.008914285714285704,-0.19680712438509174,0.0,200,0.1626063984477107,0.0054585777999999995,4.43799838352314e-06,42.08115339279175,1.9854e-06,0.49,0.21594577246771948,0.0927536231884058,0.16231884057971013,0.7485380116959064,0.16374269005847952,0.4728070175438597,0.38100165562913907,0.39006908331878093,0.17828571428571408,0.0,0.18945159920149834,30.13723023455097,"['quote_volume_24h<50000', 'top_of_book_quote<5', 'coverage_ratio<0.90', 'zero_volume_fraction>0.30']",quote_volume_24h<50000; top_of_book_quote<5; coverage_ratio<0.90; zero_volume_fraction>0.30,False
nonkyc,DFAT/USDT,DFAT-USDT,DFAT,USDT,True,active,4.76e-08,4.0847,85653360.0,4.75e-08,4.79e-08,83.85744234800775,0.0651079313,1e-10,1.0,,,market.getlist.priceDecimals/quantityDecimals,1774845460104.0,False,0.21159420289855072,0.5409356725146199,0.0,25.16107297228579,4.75e-08,4.79e-08,4.77e-08,3.9999999999999696e-10,0.0682556,0.0651079313,31,41,0.0,0.0,0.0,0.0,0.0,0.0,0.0,0.0,0.0,0.0682556,0.0651079313,0.0651079313,0.0682556,0.0651079313,0.0651079313,0.0682556,0.0651079313,0.0651079313,0.0682556,0.23191344930000002,0.0682556,288,1774670100.0,1774848600.0,596,308.0,0.48322147651006714,0.0,5.96446737690878,30.312163446294388,0.0,-0.5399988031981712,0.0254980827,200,0.13175473881743302,4.2601993104,0.0028065072372598014,648.3554699420929,0.021965829200000002,0.45,0.07112627346963774,0.21159420289855072,0.25507246376811593,0.5497076023391814,0.260233918128655,0.15321637426900586,0.715771812080537,0.0,0.0,0.0,0.0,30.053217739417114,"['quote_volume_24h<50000', 'top_of_book_quote<5', 'coverage_ratio<0.90', 'natr_bps_mean<12']",quote_volume_24h<50000; top_of_book_quote<5; coverage_ratio<0.90; natr_bps_mean<12,False
nonkyc,FRY/USDT,FRY-USDT,FRY,USDT,True,active,3e-06,0.0,0.0,2e-06,4e-06,6666.666666666666,5.9652247553999995,1e-06,0.0001,,,market.getlist.priceDecimals/quantityDecimals,1774682530854.0,False,0.011594202898550725,0.0029239766081871066,0.0,0.7107805746249676,2e-06,4e-06,3e-06,2e-06,5.9652247553999995,23.40740403,2,172,0.0,0.0,0.0,0.0,0.0,0.0,0.0,0.0,0.0,0.0,0.0,0.0,0.0,0.0,0.0,5.9652247553999995,23.40740403,5.9652247553999995,77.34479543409999,147.5688874961,77.34479543409999,288,1772415900.0,1774682400.0,7556,7268.0,0.03811540497617787,0.0,808.2395944403283,2402.462757899532,0.012396694214876033,-0.17442251584454052,6.058109086,200,0.011135303082890718,703.2388324957999,0.03915388769749475,166966.96091008186,2.06161843595,0.56,0.12123593916604926,0.011594202898550725,0.8318840579710145,0.0029239766081871066,0.9122807017543859,0.008771929824561413,0.47096347273689787,0.0,0.24793388429752067,0.0,0.08264462809917356,29.902315435007043,"['quote_volume_24h<50000', 'spread_bps>120', 'last_trade_age_sec>3600', 'coverage_ratio<0.90', 'natr_bps_mean>400']",quote_volume_24h<50000; spread_bps>120; last_trade_age_sec>3600; coverage_ratio<0.90; natr_bps_mean>400,False
nonkyc,COMET/USDT,COMET-USDT,COMET,USDT,True,active,1.530205e-06,2.7267,1772443.0,1.530204e-06,1.544342e-06,91.96804991696328,0.043967351532,1e-12,1.0,,,market.getlist.priceDecimals/quantityDecimals,1774845169500.0,False,0.2028985507246377,0.2748538011695907,0.0,18.03076531909484,1.530204e-06,1.544342e-06,1.537273e-06,1.413799999999999e-08,0.043967351532,0.044069343312,35,200,0.0,0.0,0.0,0.0,0.0,0.0,0.0,0.0,0.0,0.043967351532,0.044069343312,0.043967351532,0.043967351532,0.044069343312,0.043967351532,0.043967351532,0.044069343312,0.043967351532,0.136794393524,0.157931768937,0.136794393524,288,1774667700.0,1774849200.0,606,318.0,0.4752475247524752,0.0,16.66530673774641,60.90210498144658,0.006842612580584865,-0.48545249842593236,0.017569049291999997,200,0.14397231124487073,2.7179185308,0.0019565250632726967,195.53332090377808,0.0145976159,0.52,0.1812075688545456,0.2028985507246377,0.2318840579710145,0.283625730994152,0.23391812865497075,0.3308479532163743,0.7113861386138614,0.7221088948122008,0.1368522516116973,0.0,0.28632038214129935,29.86384374810589,"['quote_volume_24h<50000', 'top_of_book_quote<5', 'coverage_ratio<0.90']",quote_volume_24h<50000; top_of_book_quote<5; coverage_ratio<0.90,False
nonkyc,RTM/USDT,RTM-USDT,RTM,USDT,True,active,7.346e-05,4.3525,59041.7824,7.26e-05,7.347e-05,119.12096939823329,0.011188415685000001,1e-08,0.0001,,,market.getlist.priceDecimals/quantityDecimals,1774845297300.0,False,0.21739130434782608,0.1286549707602339,0.0,15.172896008136282,7.26e-05,7.347e-05,7.3035e-05,8.699999999999968e-07,0.01141300314,0.011188415685000001,49,103,0.0,0.0,0.0,0.0,0.0,0.0,0.0,0.0,0.0,0.0,0.0,0.0,0.01141300314,0.011188415685000001,0.011188415685000001,0.01141300314,7.990614120327001,0.01141300314,0.181112592144,8.019784308976,0.181112592144,288,1774676100.0,1774849200.0,578,290.0,0.4982698961937716,0.0,20.30034611857484,75.86285925124035,0.03309713875683931,-0.4277597781422607,0.00452206696,200,0.14348783509537505,4.362580893500001,0.00312988643918381,231.46803092956543,0.0041768633999999995,0.465,0.17041790560576078,0.21739130434782608,0.19130434782608696,0.13157894736842102,0.19883040935672514,0.3157894736842105,0.7240484429065743,1.0,0.6619427751367862,0.0,0.5539809250455954,29.309152057350328,"['quote_volume_24h<50000', 'top_of_book_quote<5', 'coverage_ratio<0.90']",quote_volume_24h<50000; top_of_book_quote<5; coverage_ratio<0.90,False
nonkyc,SHIRO/USDT,SHIRO-USDT,SHIRO,USDT,True,active,2.99e-06,7.6155,2542822.601,2.98e-06,3.01e-06,100.16694490818075,0.109653052355,1e-08,0.0001,,,market.getlist.priceDecimals/quantityDecimals,1774845715172.0,False,0.24347826086956523,0.23684210526315785,0.0,19.312356979405035,2.98e-06,3.01e-06,2.995e-06,3.0000000000000136e-08,0.19919257716599997,0.109653052355,33,57,0.0,0.0,0.0,0.0,0.0,0.0,0.0,0.0,0.0,0.0,0.0,0.0,0.19919257716599997,0.109653052355,0.109653052355,0.19919257716599997,0.109653052355,0.109653052355,0.509000268324,0.418943343955,0.418943343955,288,1774674600.0,1774848300.0,580,292.0,0.496551724137931,0.0,5.217623560014815,23.732386439210227,0.006896551724137931,-0.4861104868927722,0.05217328336,200,0.140828966002112,7.4431486006,0.005241054606112825,923.0324287414551,0.0360015987,0.515,0.052089275207480995,0.24347826086956523,0.3101449275362319,0.24561403508771928,0.31871345029239767,0.21403508771929824,0.723103448275862,0.0,0.13793103448275862,0.0,0.04597701149425287,28.785134625669617,"['quote_volume_24h<50000', 'top_of_book_quote<5', 'coverage_ratio<0.90', 'natr_bps_mean<12']",quote_volume_24h<50000; top_of_book_quote<5; coverage_ratio<0.90; natr_bps_mean<12,False
nonkyc,FACT/USDT,FACT-USDT,FACT,USDT,True,active,0.4,0.0,0.0,0.4,0.65,4761.9047619047615,0.060480000000000006,0.01,0.0001,,,market.getlist.priceDecimals/quantityDecimals,1774422531995.0,False,0.011594202898550725,0.011695906432748537,0.0,0.9300788202390032,0.4,0.65,0.525,0.25,0.060480000000000006,3.1649800000000003,13,41,0.0,0.0,0.0,0.0,0.0,0.0,0.0,0.0,0.0,0.0,0.0,0.0,0.0,0.0,0.0,0.6165320000000001,3.1649800000000003,0.6165320000000001,77.354297,11.179331999999999,11.179331999999999,288,1774248300.0,1774422300.0,581,293.0,0.49569707401032703,0.0,38.413222673893436,170.1552299529551,0.0070921985815602445,-0.47525804419539325,0.018449999999999998,200,0.13289937552608935,3.157303,0.0020980179852332424,426962.6297044754,0.013878999999999999,0.46,0.008066776761517623,0.011594202898550725,0.6869565217391305,0.011695906432748537,0.25146198830409355,0.11695906432748536,0.7226333907056799,1.0,0.14184397163120488,0.0,0.38061465721040166,28.652210964795195,"['quote_volume_24h<50000', 'spread_bps>120', 'top_of_book_quote<5', 'last_trade_age_sec>3600', 'coverage_ratio<0.90']",quote_volume_24h<50000; spread_bps>120; top_of_book_quote<5; last_trade_age_sec>3600; coverage_ratio<0.90,False
nonkyc,FSN/USDT,FSN-USDT,FSN,USDT,True,active,0.000367,0.6454,1760.966,0.000365,0.000368,81.85538881309738,0.0069358064,1e-06,0.0001,,,market.getlist.priceDecimals/quantityDecimals,1774843808286.0,False,0.17101449275362318,0.5789473684210527,0.0,23.879481311975592,0.000365,0.000368,0.00036649999999999996,3.0000000000000187e-06,0.014047098,0.0069358064,29,51,0.0,0.0,0.0,0.0,0.0,0.0,0.0,0.0,0.0,0.014047098,0.0069358064,0.0069358064,0.014047098,0.0069358064,0.0069358064,0.014047098,0.0069358064,0.0069358064,0.014047098,0.034970470399999995,0.014047098,288,1774656600.0,1774848900.0,642,354.0,0.4485981308411215,0.0,4.642658024084607,19.192410068942593,0.0,-0.5352106940139845,0.004087279,200,0.14084742118571894,0.6459119925,0.0004548751922827722,369.55657148361206,0.0030373285000000003,0.565,0.05671780552756659,0.17101449275362318,0.17681159420289855,0.5847953216374269,0.18421052631578946,0.26403508771929823,0.6967289719626168,0.0,0.0,0.0,0.0,28.606699839127824,"['quote_volume_24h<50000', 'top_of_book_quote<5', 'coverage_ratio<0.90', 'natr_bps_mean<12']",quote_volume_24h<50000; top_of_book_quote<5; coverage_ratio<0.90; natr_bps_mean<12,False
nonkyc,ALIAS/XMR,ALIAS-XMR,ALIAS,XMR,True,active,0.00013143,0.0791,599.9573,0.00013142,0.00013254,84.86134262767004,0.001506065274,1e-08,0.0001,,,market.getlist.priceDecimals/quantityDecimals,1774845386124.0,False,0.12753623188405797,0.5146198830409356,0.0,19.87998982964658,0.00013142,0.00013254,0.00013198000000000002,1.1199999999999893e-06,0.0015319366560000002,0.001506065274,41,36,0.0,0.0,0.0,0.0,0.0,0.0,0.0,0.0,0.0,0.0015319366560000002,0.001506065274,0.001506065274,0.0015319366560000002,0.001506065274,0.001506065274,0.0015319366560000002,0.001506065274,0.001506065274,0.00549091284,0.0054417267460000005,0.0054417267460000005,288,1774653600.0,1774849200.0,653,365.0,0.44104134762633995,0.0,13.588820866195075,56.77403110044958,0.017802503477051364,-0.4960286878197446,0.00052372859,200,0.1312921373910266,0.0834947083,5.4810993567736445e-05,186.21929502487183,0.0003856191,0.48,0.16012969445718245,0.12753623188405797,0.15942028985507245,0.5263157894736843,0.1695906432748538,0.23421052631578948,0.692572741194487,0.4657350721829229,0.35605006954102725,0.0,0.27392838057465,28.502590673577465,"['quote_volume_24h<50000', 'top_of_book_quote<5', 'coverage_ratio<0.90']",quote_volume_24h<50000; top_of_book_quote<5; coverage_ratio<0.90,False
nonkyc,GHOST/USDT,GHOST-USDT,GHOST,USDT,True,active,0.020551,9.3145,455.8547,0.020284,0.020552,131.25673425408996,0.0289330976,1e-06,0.0001,,,market.getlist.priceDecimals/quantityDecimals,1774845719078.0,False,0.27246376811594203,0.08187134502923976,0.0,17.032290872107808,0.020284,0.020552,0.020418,0.0002680000000000009,0.0289330976,0.028957768000000002,55,184,0.0,0.0,0.0,0.0,0.0,0.0,0.0,0.0,0.0,0.0,0.0,0.0,0.0289330976,0.028957768000000002,0.0289330976,0.0289330976,0.028957768000000002,0.0289330976,0.1833495157,0.104004292,0.104004292,288,1774673100.0,1774847700.0,583,295.0,0.4939965694682676,0.0,23.442454485977223,92.2316566933598,0.024911246164029097,-0.4277648938681812,0.011276629,200,0.13762754675885236,9.3492499411,0.006433571667144689,1526.6596341133118,0.009364876,0.41,0.17860001331891096,0.27246376811594203,0.20869565217391303,0.08187134502923976,0.2134502923976608,0.16242690058479534,0.7216981132075473,1.0,0.49822492328058193,0.0,0.499408307760194,27.890774354604954,"['quote_volume_24h<50000', 'spread_bps>120', 'top_of_book_quote<5', 'coverage_ratio<0.90']",quote_volume_24h<50000; spread_bps>120; top_of_book_quote<5; coverage_ratio<0.90,False
nonkyc,DOSU/USDT,DOSU-USDT,DOSU,USDT,True,active,8.29e-10,6.9518,8346422813.0,8.28e-10,8.37e-10,108.10810810810773,0.099282829923,1e-12,1.0,,,market.getlist.priceDecimals/quantityDecimals,1774845678599.0,False,0.23768115942028986,0.19883040935672514,0.0,18.043224002034073,8.28e-10,8.37e-10,8.325e-10,8.999999999999969e-12,0.149093416764,0.099282829923,43,130,0.0,0.0,0.0,0.0,0.0,0.0,0.0,0.0,0.0,0.0,0.0,0.0,0.149093416764,0.099282829923,0.099282829923,0.149093416764,0.099282829923,0.099282829923,0.493845542364,0.44382763159499994,0.44382763159499994,288,1774663500.0,1774848900.0,619,331.0,0.46526655896607433,0.0,14.004790104947133,56.76019873288555,0.0,-0.4702523221721545,0.05123556574,200,0.11734120437287145,7.936308299099999,0.004656279870454044,425.3508069515228,0.0397174936,0.545,0.12954430847076143,0.23768115942028986,0.2956521739130435,0.216374269005848,0.30409356725146197,0.09444444444444446,0.7058966074313409,0.5003991754122611,0.0,0.0,0.16679972513742036,27.37242480547404,"['quote_volume_24h<50000', 'top_of_book_quote<5', 'coverage_ratio<0.90']",quote_volume_24h<50000; top_of_book_quote<5; coverage_ratio<0.90,False
nonkyc,FUSD/XMR,FUSD-XMR,FUSD,XMR,True,active,0.003,0.388,127.8603,0.002995,0.003026,102.9729280850364,0.0053354432000000005,1e-06,0.0001,,,market.getlist.priceDecimals/quantityDecimals,1774848423667.0,False,0.1536231884057971,0.216374269005848,0.0,13.858632087465041,0.002995,0.003026,0.0030105,3.100000000000021e-05,0.005759984,0.0053354432000000005,31,27,0.0,0.0,0.0,0.0,0.0,0.0,0.0,0.0,0.0,0.0,0.0,0.0,0.005759984,0.0053354432000000005,0.0053354432000000005,0.005759984,0.0053354432000000005,0.0053354432000000005,0.0201517205,0.019715190400000002,0.019715190400000002,288,1774675800.0,1774849200.0,579,291.0,0.49740932642487046,0.0,13.686733976838992,80.54432157341986,0.025111476179300714,-0.4841514348003539,0.0021445085,200,0.14551068965182418,0.3769279071,0.0002742351985556986,146.5562868118286,0.0018064488999999999,0.505,0.13291584721701133,0.1536231884057971,0.17391304347826086,0.23099415204678364,0.18128654970760233,0.3577485380116959,0.7235751295336788,0.473894498069916,0.5022295235860142,0.0,0.3253746738853101,27.093896712043946,"['quote_volume_24h<50000', 'top_of_book_quote<5', 'coverage_ratio<0.90']",quote_volume_24h<50000; top_of_book_quote<5; coverage_ratio<0.90,False
nonkyc,XEQ/BTC,XEQ-BTC,XEQ,BTC,True,active,2.061e-07,0.0175,84578.2027,2.033e-07,2.051e-07,88.14887365328124,3.83897976e-06,1e-10,0.0001,,,market.getlist.priceDecimals/quantityDecimals,1774847599502.0,False,0.1072463768115942,0.29824561403508776,0.0,13.354691075514873,2.033e-07,2.051e-07,2.042e-07,1.8000000000000029e-09,4.18511347e-06,3.83897976e-06,94,200,0.0,0.0,0.0,0.0,0.0,0.0,0.0,0.0,0.0,4.18511347e-06,3.83897976e-06,3.83897976e-06,4.18511347e-06,3.83897976e-06,3.83897976e-06,4.18511347e-06,3.83897976e-06,3.83897976e-06,6.222260163e-05,1.3652727600000002e-05,1.3652727600000002e-05,287,1774673700.0,1774848900.0,585,298.0,0.4905982905982906,0.0,29.689325415826662,110.03003929095188,0.1996644295302015,-0.03317247771413736,1.3601624999999998e-06,200,0.17990273288837216,0.005251046500000001,4.723388079369609e-06,337.7244806289673,1.36225e-06,0.525,0.33680890277287745,0.1072463768115942,0.043478260869565216,0.3070175438596491,0.049707602339181284,0.36710526315789477,0.7198290598290599,1.0,1.0,0.0,0.6666666666666666,27.0236402041894,"['quote_volume_24h<50000', 'top_of_book_quote<5', 'coverage_ratio<0.90']",quote_volume_24h<50000; top_of_book_quote<5; coverage_ratio<0.90,False
nonkyc,ESH/USDT,ESH-USDT,ESH,USDT,True,active,5.47e-05,4.3322,79785.9915,5.389e-05,5.471e-05,151.01289134438346,0.069461577662,1e-08,0.0001,,,market.getlist.priceDecimals/quantityDecimals,1774845620760.0,False,0.2144927536231884,0.06140350877192979,0.0,13.332189168573608,5.389e-05,5.471e-05,5.4300000000000005e-05,8.200000000000023e-07,0.081805688236,0.069461577662,30,39,0.0,0.0,0.0,0.0,0.0,0.0,0.0,0.0,0.0,0.0,0.0,0.0,0.081805688236,0.069461577662,0.069461577662,0.081805688236,0.271726997278,0.081805688236,0.49416505815,0.476320127894,0.476320127894,288,1774665900.0,1774849200.0,612,324.0,0.47058823529411764,0.0,23.54817058395013,103.63375564277558,0.0,-0.4859027915490633,0.02913406115,200,0.1334346636168189,4.6251737905,0.0030857925445234736,195.342027425766,0.0235996891,0.505,0.15593483691566937,0.2144927536231884,0.27246376811594203,0.05555555555555558,0.2719298245614035,0.2444444444444444,0.7088235294117647,1.0,0.0,0.0,0.3333333333333333,27.016330895439793,"['quote_volume_24h<50000', 'spread_bps>120', 'top_of_book_quote<5', 'coverage_ratio<0.90']",quote_volume_24h<50000; spread_bps>120; top_of_book_quote<5; coverage_ratio<0.90,False
nonkyc,RSN/USDT,RSN-USDT,RSN,USDT,True,active,0.009913,3.4573,347.029,0.009912,0.01003,118.34319526627223,0.056920250000000006,1e-06,0.001,,,market.getlist.priceDecimals/quantityDecimals,1774845682955.0,False,0.20869565217391303,0.16081871345029242,0.0,15.49872870582253,0.009912,0.01003,0.009971,0.00011800000000000005,0.058887192000000005,0.056920250000000006,29,28,0.0,0.0,0.0,0.0,0.0,0.0,0.0,0.0,0.0,0.0,0.0,0.0,0.058887192000000005,0.056920250000000006,0.056920250000000006,0.058887192000000005,0.056920250000000006,0.056920250000000006,0.209759576,0.206600216,0.206600216,288,1774663800.0,1774849200.0,619,331.0,0.46526655896607433,0.0,15.473939649312529,63.05893131056151,0.0027750425208128066,-0.4877230560394872,0.0226685755,200,0.13595916249030524,3.5497207719999997,0.002413085316177799,199.88992285728455,0.018562495499999998,0.44,0.13075479003669083,0.20869565217391303,0.24057971014492754,0.16374269005847952,0.24269005847953215,0.2614035087719298,0.7058966074313409,0.6228283041093774,0.05550085041625613,0.0,0.2261097181752112,26.838598725173075,"['quote_volume_24h<50000', 'top_of_book_quote<5', 'coverage_ratio<0.90']",quote_volume_24h<50000; top_of_book_quote<5; coverage_ratio<0.90,False
nonkyc,QORT/BTC,QORT-BTC,QORT,BTC,True,active,1.98e-06,0.0036,1766.8536,1.97e-06,1.99e-06,101.01010101010003,5.06654e-06,1e-08,0.0001,,,market.getlist.priceDecimals/quantityDecimals,1774845088981.0,False,0.07971014492753623,0.22514619883040932,0.0,10.012712941774726,1.97e-06,1.99e-06,1.98e-06,1.999999999999981e-08,1.8411620000000003e-05,5.06654e-06,28,28,0.0,0.0,0.0,0.0,0.0,0.0,0.0,0.0,0.0,0.0,0.0,0.0,1.8411620000000003e-05,5.06654e-06,5.06654e-06,1.8411620000000003e-05,5.06654e-06,5.06654e-06,1.8411620000000003e-05,2.8611880999999998e-05,1.8411620000000003e-05,288,1774689600.0,1774849200.0,533,245.0,0.5403377110694184,0.0,39.7212821120462,93.80034641134907,0.08974358974358985,-0.15446013598077196,4.181475e-06,200,0.23477882416334725,0.0017810678,2.0907850191959987e-06,209.66465401649475,4.1881e-06,0.44,0.39324069290926117,0.07971014492753623,0.05507246376811594,0.23976608187134507,0.06140350877192982,0.4216374269005848,0.7471857410881801,1.0,1.0,0.0,0.6666666666666666,26.540151334095636,"['quote_volume_24h<50000', 'top_of_book_quote<5', 'coverage_ratio<0.90']",quote_volume_24h<50000; top_of_book_quote<5; coverage_ratio<0.90,False
nonkyc,COSA/BTC,COSA-BTC,COSA,BTC,True,active,4.499e-05,0.0009,20.7926,4.498e-05,4.537e-05,86.33093525179885,1.3424983e-05,1e-08,0.0001,,,market.getlist.priceDecimals/quantityDecimals,1774845011881.0,False,0.057971014492753624,0.3187134502923976,0.0,11.15624205441139,4.498e-05,4.537e-05,4.5175e-05,3.9000000000000135e-07,1.3858338e-05,1.3424983e-05,52,45,0.0,0.0,0.0,0.0,0.0,0.0,0.0,0.0,0.0,1.3858338e-05,1.3424983e-05,1.3424983e-05,1.3858338e-05,1.3424983e-05,1.3424983e-05,1.3858338e-05,1.3424983e-05,1.3424983e-05,4.7726706e-05,1.3424983e-05,1.3424983e-05,288,1774657500.0,1774848900.0,639,351.0,0.4507042253521127,0.0,24.782497356044423,100.68088767055363,0.07110276361685008,-0.23467638372047805,5.254345e-06,200,0.14715645895426638,0.0009341819000000001,6.87354502115843e-07,333.9183223247528,4.3384e-06,0.55,0.2870639277075136,0.057971014492753624,0.0782608695652174,0.33040935672514615,0.0847953216374269,0.3111111111111111,0.697887323943662,1.0,1.0,0.0,0.6666666666666666,26.300307259268806,"['quote_volume_24h<50000', 'top_of_book_quote<5', 'coverage_ratio<0.90']",quote_volume_24h<50000; top_of_book_quote<5; coverage_ratio<0.90,False
nonkyc,SHA/BTC,SHA-BTC,SHA,BTC,True,active,3.36711e-07,0.0008,2542.2588,3.33862e-07,3.36712e-07,85.00180442426942,3.573825779e-06,1e-12,0.0001,,,market.getlist.priceDecimals/quantityDecimals,1774845467110.0,False,0.0536231884057971,0.42105263157894735,0.0,13.475591151792523,3.33862e-07,3.36712e-07,3.35287e-07,2.8500000000000024e-09,3.573825779e-06,3.5773629728e-06,36,77,0.0,0.0,0.0,0.0,0.0,0.0,0.0,0.0,0.0,3.573825779e-06,3.5773629728e-06,3.573825779e-06,3.573825779e-06,3.5773629728e-06,3.573825779e-06,3.573825779e-06,3.5773629728e-06,3.573825779e-06,1.2824249702699999e-05,1.12510862348e-05,1.12510862348e-05,288,1774668300.0,1774848600.0,602,314.0,0.47840531561461797,0.0,29.44960035986628,137.38099267099943,0.06248657468381349,-0.12050046821224993,1.2983945265000001e-06,200,0.14240161703706694,0.0007472976,5.320819332395962e-07,792.794766664505,1.0998500000000002e-06,0.56,0.34645853178450803,0.0536231884057971,0.04057971014492753,0.4298245614035088,0.04678362573099415,0.23055555555555557,0.7131229235880399,1.0,1.0,0.0,0.6666666666666666,25.914575282155504,"['quote_volume_24h<50000', 'top_of_book_quote<5', 'coverage_ratio<0.90']",quote_volume_24h<50000; top_of_book_quote<5; coverage_ratio<0.90,False
nonkyc,XDAG/BNB,XDAG-BNB,XDAG,BNB,True,active,2.14e-06,0.0458,21561.5985,2.13e-06,2.15e-06,93.45794392523473,0.0005879878050000001,1e-08,0.0001,,,market.getlist.priceDecimals/quantityDecimals,1774845645556.0,False,0.12173913043478261,0.26900584795321636,0.0,13.420798372743453,2.13e-06,2.15e-06,2.14e-06,2.0000000000000232e-08,0.0010139260079999998,0.0005879878050000001,26,30,0.0,0.0,0.0,0.0,0.0,0.0,0.0,0.0,0.0,0.0010139260079999998,0.0005879878050000001,0.0005879878050000001,0.0010139260079999998,0.0005879878050000001,0.0005879878050000001,0.0010139260079999998,0.0005879878050000001,0.0005879878050000001,0.002285390908,0.0021918749500000004,0.0021918749500000004,287,1774677300.0,1774849200.0,574,287.0,0.5,0.0,0.9877450468110887,14.793989931415632,0.11111111111111059,0.031501014436020054,0.00028629539999999997,200,0.1413139208204054,0.046036902,3.252827562022381e-05,202.90646290779114,0.00024249635,0.595,0.010568872000878526,0.12173913043478261,0.1391304347826087,0.2748538011695907,0.15204678362573099,0.30687134502923974,0.7250000000000001,0.0,1.0,0.0,0.3333333333333333,25.58417238749047,"['quote_volume_24h<50000', 'top_of_book_quote<5', 'coverage_ratio<0.90', 'natr_bps_mean<12']",quote_volume_24h<50000; top_of_book_quote<5; coverage_ratio<0.90; natr_bps_mean<12,False
nonkyc,YDA/BTC,YDA-BTC,YDA,BTC,True,active,9.76e-08,0.0002,2863.5,9.75e-08,9.78e-08,30.72196620583677,3.05136e-06,1e-10,0.1,,,market.getlist.priceDecimals/quantityDecimals,1774845735018.0,False,0.03188405797101449,0.8976608187134503,0.0,24.195143656242056,9.75e-08,9.78e-08,9.765e-08,2.9999999999999607e-10,9.2703e-05,3.05136e-06,39,77,0.0,0.0,0.0,0.0,0.0,0.0,9.2703e-05,3.05136e-06,3.05136e-06,9.2703e-05,3.05136e-06,3.05136e-06,9.61756e-05,3.05136e-06,3.05136e-06,9.2703e-05,3.05136e-06,3.05136e-06,9.2703e-05,3.05136e-06,3.05136e-06,288,1774645200.0,1774848900.0,680,392.0,0.4235294117647059,0.0,5.3240299778203095,30.405427097448165,0.006109979633401253,-0.44797538235027834,1.2155800000000001e-06,200,0.12881067876604246,0.0002970977,1.9134678198415024e-07,394.47531270980835,9.569e-07,0.44,0.17329717577805334,0.03188405797101449,0.03768115942028986,0.9005847953216375,0.043859649122807015,0.15628654970760233,0.6829411764705883,0.0,0.12219959266802506,0.0,0.040733197556008356,25.391256834595993,"['quote_volume_24h<50000', 'top_of_book_quote<5', 'coverage_ratio<0.90', 'natr_bps_mean<12']",quote_volume_24h<50000; top_of_book_quote<5; coverage_ratio<0.90; natr_bps_mean<12,False
nonkyc,AI/ETH,AI-ETH,AI,ETH,True,active,3.939e-07,0.0054,13953.7459,3.906e-07,3.94e-07,86.66836604639282,9.11637594e-05,1e-10,0.0001,,,market.getlist.priceDecimals/quantityDecimals,1774845465703.0,False,0.08840579710144927,0.3128654970760234,0.0,12.683956267480296,3.906e-07,3.94e-07,3.9230000000000004e-07,3.3999999999999907e-09,9.477905094e-05,9.11637594e-05,27,25,0.0,0.0,0.0,0.0,0.0,0.0,0.0,0.0,0.0,9.477905094e-05,9.11637594e-05,9.11637594e-05,9.477905094e-05,9.11637594e-05,9.11637594e-05,9.477905094e-05,9.11637594e-05,9.11637594e-05,0.00033527301288,0.00032623733111999996,0.00032623733111999996,288,1774677600.0,1774849200.0,573,285.0,0.5026178010471204,0.0,15.569820388285223,57.17383449144465,0.0070921985815602835,-0.49110124067369126,3.70838076e-05,200,0.14279005193142416,0.0052967122,3.78158905051904e-06,42.45401430130005,2.71649e-05,0.505,0.1796482511271856,0.08840579710144927,0.11594202898550725,0.32456140350877194,0.11988304093567251,0.40233918128654966,0.7264397905759162,0.6308183656904353,0.14184397163120566,0.0,0.257554112440547,25.26063569937389,"['quote_volume_24h<50000', 'top_of_book_quote<5', 'coverage_ratio<0.90']",quote_volume_24h<50000; top_of_book_quote<5; coverage_ratio<0.90,False
nonkyc,PDOGE/BNB,PDOGE-BNB,PDOGE,BNB,True,active,3.4204e-10,0.0093,27471367.0455,3.3915e-10,3.4205e-10,85.14386376981827,0.00016044258848477,1e-14,0.0001,,,market.getlist.priceDecimals/quantityDecimals,1774845512424.0,False,0.09565217391304348,0.35964912280701755,0.0,14.252097635392829,3.3915e-10,3.4205e-10,3.4060000000000004e-10,2.9000000000000107e-12,0.00016066868420547002,0.00016044258848477,28,79,0.0,0.0,0.0,0.0,0.0,0.0,0.0,0.0,0.0,0.00016066868420547002,0.00016044258848477,0.00016044258848477,0.00016066868420547002,0.00016044258848477,0.00016044258848477,0.00016066868420547002,0.00016044258848477,0.00016044258848477,0.00057563287183359,0.000574814241446215,0.000574814241446215,288,1774668300.0,1774848900.0,603,315.0,0.47761194029850745,0.0,17.039007637779154,59.267099500482054,0.0070921985815602835,-0.48570992157243664,6.326544309418001e-05,200,0.1373282314219332,0.0096692194,6.6392839971632304e-06,256.3216829299927,4.75078e-05,0.465,0.20012020694577792,0.09565217391304348,0.1246376811594203,0.368421052631579,0.1286549707602339,0.2536549707602339,0.7126865671641791,0.7532506364815962,0.14184397163120566,0.0,0.2983648693709339,24.866756419762524,"['quote_volume_24h<50000', 'top_of_book_quote<5', 'coverage_ratio<0.90']",quote_volume_24h<50000; top_of_book_quote<5; coverage_ratio<0.90,False
nonkyc,NIR/USDT,NIR-USDT,NIR,USDT,True,active,0.002691,0.4936,182.8367,0.00269,0.002713,85.13788635943001,0.009994420700000001,1e-06,0.0001,,,market.getlist.priceDecimals/quantityDecimals,1774845589232.0,False,0.16231884057971013,0.36257309941520466,0.0,17.991863717264174,0.00269,0.002713,0.0027015,2.3000000000000017e-05,0.010502836,0.009994420700000001,41,116,0.0,0.0,0.0,0.0,0.0,0.0,0.0,0.0,0.0,0.010502836,0.009994420700000001,0.009994420700000001,0.010502836,0.009994420700000001,0.009994420700000001,0.010502836,0.009994420700000001,0.009994420700000001,6.4881896,0.0358555937,0.0358555937,288,1774660500.0,1774849200.0,630,342.0,0.45714285714285713,0.0,8.362146053325427,57.310983401357774,0.0,-0.5402055699991583,0.0034525529999999997,200,0.11937194718052951,0.5738601741,0.0003425140319583734,128.8277084827423,0.00282326265,0.48,0.0982188589698201,0.16231884057971013,0.1855072463768116,0.3713450292397661,0.19298245614035087,0.17675438596491228,0.7014285714285715,0.0301788377771189,0.0,0.0,0.010059612592372967,24.327111690196734,"['quote_volume_24h<50000', 'top_of_book_quote<5', 'coverage_ratio<0.90', 'natr_bps_mean<12']",quote_volume_24h<50000; top_of_book_quote<5; coverage_ratio<0.90; natr_bps_mean<12,False
nonkyc,GHOST/ETH,GHOST-ETH,GHOST,ETH,True,active,1.039e-05,0.0042,406.1266,1.038e-05,1.047e-05,86.33093525179774,6.3257646e-05,1e-08,0.0001,,,market.getlist.priceDecimals/quantityDecimals,1774845118456.0,False,0.08405797101449275,0.32456140350877194,0.0,12.7372234935164,1.038e-05,1.047e-05,1.0425e-05,8.999999999999914e-08,7.207353000000001e-05,6.3257646e-05,41,80,0.0,0.0,0.0,0.0,0.0,0.0,0.0,0.0,0.0,7.207353000000001e-05,6.3257646e-05,6.3257646e-05,7.207353000000001e-05,6.3257646e-05,6.3257646e-05,7.207353000000001e-05,6.3257646e-05,6.3257646e-05,0.000195939655,0.000228785978,0.000195939655,288,1774674900.0,1774849200.0,582,294.0,0.4948453608247423,0.0,15.2607565597248,59.9740514822784,0.020183486238532167,-0.39743471497217875,2.368053e-05,200,0.13848317006503152,0.0042505972,2.9431808746277343e-06,255.13899612426758,1.92435e-05,0.545,0.1767704301501473,0.08405797101449275,0.10434782608695652,0.3362573099415205,0.10526315789473684,0.2698830409356725,0.7221649484536083,0.6050630466437333,0.40366972477064333,0.0,0.3362442571381255,24.14925859545459,"['quote_volume_24h<50000', 'top_of_book_quote<5', 'coverage_ratio<0.90']",quote_volume_24h<50000; top_of_book_quote<5; coverage_ratio<0.90,False
nonkyc,PIRATE/BTC,PIRATE-BTC,PIRATE,BTC,True,active,2.544e-07,0.0018,7051.7296,2.543e-07,2.574e-07,121.16474496775535,1.150863714e-05,1e-10,0.0001,,,market.getlist.priceDecimals/quantityDecimals,1774843507615.0,False,0.06956521739130435,0.10233918128654973,0.0,6.384566488685484,2.543e-07,2.574e-07,2.5585e-07,3.100000000000021e-09,3.227430649e-05,1.150863714e-05,49,47,0.0,0.0,0.0,0.0,0.0,0.0,0.0,0.0,0.0,0.0,0.0,0.0,4.451698521e-05,1.150863714e-05,1.150863714e-05,4.451698521e-05,1.150863714e-05,1.150863714e-05,7.698832235000001e-05,4.168781608e-05,4.168781608e-05,288,1774662900.0,1774849200.0,622,334.0,0.4630225080385852,0.0,21.481686771182083,86.39971229925426,0.052056220718375804,-0.3036208902007919,4.99403825e-06,200,0.17087893932031747,0.0017053974000000001,1.457082494158136e-06,201.17341899871826,4.59225e-06,0.48,0.177293211626029,0.06956521739130435,0.07246376811594203,0.10526315789473684,0.07894736842105263,0.3953216374269006,0.7046623794212219,1.0,1.0,0.0,0.6666666666666666,23.89178016339605,"['quote_volume_24h<50000', 'spread_bps>120', 'top_of_book_quote<5', 'coverage_ratio<0.90']",quote_volume_24h<50000; spread_bps>120; top_of_book_quote<5; coverage_ratio<0.90,False
nonkyc,PLS/USDT,PLS-USDT,PLS,USDT,True,active,8.37e-06,2.211,262930.8858,8.36e-06,8.46e-06,118.90606420927557,0.03977148366,1e-08,0.0001,,,market.getlist.priceDecimals/quantityDecimals,1774845125203.0,False,0.19710144927536233,0.14327485380116955,0.0,14.422451055174168,8.36e-06,8.46e-06,8.409999999999999e-06,1.0000000000000074e-07,0.047991291436,0.03977148366,44,118,0.0,0.0,0.0,0.0,0.0,0.0,0.0,0.0,0.0,0.0,0.0,0.0,0.047991291436,0.03977148366,0.03977148366,0.047991291436,0.03977148366,0.03977148366,0.160055795148,0.14066021350400001,0.14066021350400001,288,1774668300.0,1774848900.0,603,315.0,0.47761194029850745,0.0,13.961890740248885,65.01458893930146,0.0,-0.4896466753092324,0.014790488894999999,200,0.11930178273745057,2.4118225934,0.0014386736751954069,282.01546263694763,0.011853277200000002,0.45,0.11741950112549224,0.19710144927536233,0.22318840579710145,0.14619883040935677,0.22807017543859648,0.12573099415204678,0.7126865671641791,0.49682422835407375,0.0,0.0,0.16560807611802458,23.649663951255803,"['quote_volume_24h<50000', 'top_of_book_quote<5', 'coverage_ratio<0.90']",quote_volume_24h<50000; top_of_book_quote<5; coverage_ratio<0.90,False
nonkyc,OSAK/ETH,OSAK-ETH,OSAK,ETH,True,active,1.914e-11,0.0022,116924918.8586,1.913e-11,1.929e-11,83.289953149401,4.4466596490278995e-05,1e-14,0.0001,,,market.getlist.priceDecimals/quantityDecimals,1774845422634.0,False,0.07246376811594203,0.5526315789473684,0.0,17.80129672006102,1.913e-11,1.929e-11,1.9209999999999998e-11,1.5999999999999932e-13,4.8725534146240997e-05,4.4466596490278995e-05,26,40,0.0,0.0,0.0,0.0,0.0,0.0,0.0,0.0,0.0,4.8725534146240997e-05,4.4466596490278995e-05,4.4466596490278995e-05,4.8725534146240997e-05,4.4466596490278995e-05,4.4466596490278995e-05,4.8725534146240997e-05,4.4466596490278995e-05,4.4466596490278995e-05,0.00017678625206121398,4.4466596490278995e-05,4.4466596490278995e-05,288,1774660500.0,1774849200.0,630,342.0,0.45714285714285713,0.0,10.12955423457634,53.73087881188809,0.0,-0.5512786466191224,1.801020221117e-05,200,0.1214453920490944,0.002691395,1.6342876046698621e-06,77.11421823501587,1.38946e-05,0.48,0.12161796052888268,0.07246376811594203,0.09855072463768116,0.5614035087719298,0.1023391812865497,0.20789473684210527,0.7014285714285715,0.17746285288136163,0.0,0.0,0.05915428429378721,23.611879917508357,"['quote_volume_24h<50000', 'top_of_book_quote<5', 'coverage_ratio<0.90', 'natr_bps_mean<12']",quote_volume_24h<50000; top_of_book_quote<5; coverage_ratio<0.90; natr_bps_mean<12,False
nonkyc,XDAG/BTC,XDAG-BTC,XDAG,BTC,True,active,1.96e-08,0.0002,11755.1306,1.95e-08,1.96e-08,51.15089514066542,2.8569939999999996e-07,1e-10,0.0001,,,market.getlist.priceDecimals/quantityDecimals,1774845106358.0,False,0.03188405797101449,0.7719298245614035,0.0,21.051868802440886,1.95e-08,1.96e-08,1.955e-08,1.000000000000009e-10,4.6794384e-06,2.8569939999999996e-07,26,44,0.0,0.0,0.0,0.0,0.0,0.0,0.0,0.0,0.0,4.6794384e-06,2.8569939999999996e-07,2.8569939999999996e-07,4.6794384e-06,2.8569939999999996e-07,2.8569939999999996e-07,4.6794384e-06,2.8569939999999996e-07,2.8569939999999996e-07,4.6794384e-06,2.8569939999999996e-07,2.8569939999999996e-07,288,1774667100.0,1774848600.0,606,318.0,0.4752475247524752,0.0,10.667101781832924,38.73325333580878,0.0,-0.4454279937340077,1.5031741499999999e-06,200,0.13226948836864763,0.00024402320000000002,1.613841190704009e-07,543.4115369319916,1.23535e-06,0.44,0.2085418398348318,0.03188405797101449,0.011594202898550725,0.7865497076023392,0.008771929824561403,0.16739766081871346,0.7113861386138614,0.22225848181941035,0.0,0.0,0.07408616060647012,23.515567131537157,"['quote_volume_24h<50000', 'top_of_book_quote<5', 'coverage_ratio<0.90', 'natr_bps_mean<12']",quote_volume_24h<50000; top_of_book_quote<5; coverage_ratio<0.90; natr_bps_mean<12,False
nonkyc,HSAI/ETH,HSAI-ETH,HSAI,ETH,True,active,5.18783e-07,0.0255,48422.9011,5.16681e-07,5.23212e-07,125.60907708774025,0.00041128722125369997,1e-12,0.0001,,,market.getlist.priceDecimals/quantityDecimals,1774847409724.0,False,0.11014492753623188,0.08771929824561409,0.0,8.250953470633107,5.16681e-07,5.23212e-07,5.199465e-07,6.5310000000000735e-09,0.00041128722125369997,0.00041287312935,27,61,0.0,0.0,0.0,0.0,0.0,0.0,0.0,0.0,0.0,0.0,0.0,0.0,0.00041128722125369997,0.00041287312935,0.00041128722125369997,0.00041128722125369997,0.00041287312935,0.00041128722125369997,0.0014111235580067999,0.0014808137449134002,0.0014111235580067999,288,1774664700.0,1774848600.0,614,326.0,0.46905537459283386,0.0,17.62314672880544,94.48647795682135,0.007527523886223698,-0.5561518147186582,0.00014454810116050002,200,0.1402907523506129,0.0256142769,1.7967230886089625e-05,719.643149137497,0.0001213761,0.45,0.14030153821204616,0.11014492753623188,0.13333333333333333,0.08771929824561409,0.14619883040935672,0.21461988304093568,0.7079804560260586,0.8019288940671201,0.15055047772447394,0.0,0.31749312393053136,20.713418738798044,"['quote_volume_24h<50000', 'spread_bps>120', 'top_of_book_quote<5', 'coverage_ratio<0.90']",quote_volume_24h<50000; spread_bps>120; top_of_book_quote<5; coverage_ratio<0.90,False
nonkyc,SKOL/ETH,SKOL-ETH,SKOL,ETH,True,active,1.235e-05,0.0054,433.4226,1.234e-05,1.245e-05,88.7454618797894,9.026374499999999e-05,1e-08,0.0001,,,market.getlist.priceDecimals/quantityDecimals,1774845565714.0,False,0.08840579710144927,0.29239766081871343,0.0,12.172260361047545,1.234e-05,1.245e-05,1.2394999999999999e-05,1.0999999999999895e-07,0.000118108608,9.026374499999999e-05,46,62,0.0,0.0,0.0,0.0,0.0,0.0,0.0,0.0,0.0,0.000118108608,9.026374499999999e-05,9.026374499999999e-05,0.000118108608,9.026374499999999e-05,9.026374499999999e-05,0.000118108608,9.026374499999999e-05,9.026374499999999e-05,0.000118108608,0.00033676381299999996,0.000118108608,288,1774663200.0,1774848000.0,617,329.0,0.46677471636953,0.0,9.374291073914943,46.76170321362231,0.03735881841876642,-0.4264018335955613,3.6014549999999996e-05,200,0.11974121409063353,0.0062424326,3.7373822920147504e-06,1244.2565495967865,2.78035e-05,0.485,0.10563121623743346,0.08840579710144927,0.11304347826086956,0.30116959064327486,0.11695906432748537,0.04868421052631579,0.7067260940032416,0.11452425615957858,0.7471763683753283,0.0,0.28723354151163566,20.660801542029017,"['quote_volume_24h<50000', 'top_of_book_quote<5', 'coverage_ratio<0.90', 'natr_bps_mean<12']",quote_volume_24h<50000; top_of_book_quote<5; coverage_ratio<0.90; natr_bps_mean<12,False
nonkyc,HYPE/USDT,HYPE-USDT,HYPE,USDT,True,active,0.0,0.0,0.0,0.0,0.0,,,1e-06,0.0001,,,market.getlist.priceDecimals/quantityDecimals,0.0,False,0.011594202898550725,1.0,0.0,25.63768115942029,,,,,,,0,0,,,,,,,,,,,,,,,,,,,,,,0,,,0,,,,,,,,,0,,,,,,,,0.011594202898550725,0.005797101449275362,1.0,0.0,0.35,0.0,0.0,0.0,0.0,0.0,20.594202898550723,"['quote_volume_24h<50000', 'missing_spread_bps', 'missing_top_of_book_quote', 'missing_last_trade_age_sec', 'recent_trade_count<40', 'n_candles<220', 'missing_coverage_ratio', 'missing_zero_volume_fraction', 'missing_natr_bps_mean']",quote_volume_24h<50000; missing_spread_bps; missing_top_of_book_quote; missing_last_trade_age_sec; recent_trade_count<40; n_candles<220; missing_coverage_ratio; missing_zero_volume_fraction; missing_natr_bps_mean,False
nonkyc,QNT/USDT,QNT-USDT,QNT,USDT,True,active,0.0,0.0,0.0,0.0,0.0,,,0.01,0.01,,,market.getlist.priceDecimals/quantityDecimals,0.0,False,0.011594202898550725,1.0,0.0,25.63768115942029,,,,,,,0,0,,,,,,,,,,,,,,,,,,,,,,0,,,0,,,,,,,,,0,,,,,,,,0.011594202898550725,0.005797101449275362,1.0,0.0,0.35,0.0,0.0,0.0,0.0,0.0,20.594202898550723,"['quote_volume_24h<50000', 'missing_spread_bps', 'missing_top_of_book_quote', 'missing_last_trade_age_sec', 'recent_trade_count<40', 'n_candles<220', 'missing_coverage_ratio', 'missing_zero_volume_fraction', 'missing_natr_bps_mean']",quote_volume_24h<50000; missing_spread_bps; missing_top_of_book_quote; missing_last_trade_age_sec; recent_trade_count<40; n_candles<220; missing_coverage_ratio; missing_zero_volume_fraction; missing_natr_bps_mean,False
nonkyc,KMDCL/USDT,KMDCL-USDT,KMDCL,USDT,True,active,0.0,0.0,0.0,0.0,0.0,,,1e-06,0.0001,,,market.getlist.priceDecimals/quantityDecimals,0.0,False,0.011594202898550725,1.0,0.0,25.63768115942029,,,,,,,0,0,,,,,,,,,,,,,,,,,,,,,,0,,,0,,,,,,,,,0,,,,,,,,0.011594202898550725,0.005797101449275362,1.0,0.0,0.35,0.0,0.0,0.0,0.0,0.0,20.594202898550723,"['quote_volume_24h<50000', 'missing_spread_bps', 'missing_top_of_book_quote', 'missing_last_trade_age_sec', 'recent_trade_count<40', 'n_candles<220', 'missing_coverage_ratio', 'missing_zero_volume_fraction', 'missing_natr_bps_mean']",quote_volume_24h<50000; missing_spread_bps; missing_top_of_book_quote; missing_last_trade_age_sec; recent_trade_count<40; n_candles<220; missing_coverage_ratio; missing_zero_volume_fraction; missing_natr_bps_mean,False
nonkyc,GBYTE/BTC,GBYTE-BTC,GBYTE,BTC,True,active,7.469e-05,0.0002,3.562,7.468e-05,7.532e-05,85.33333333333431,4.112472e-06,1e-08,0.0001,,,market.getlist.priceDecimals/quantityDecimals,1774845400514.0,False,0.03188405797101449,0.3508771929824561,0.0,10.525553012967201,7.468e-05,7.532e-05,7.500000000000001e-05,6.400000000000074e-07,4.226888e-06,4.112472e-06,32,36,0.0,0.0,0.0,0.0,0.0,0.0,0.0,0.0,0.0,4.226888e-06,4.112472e-06,4.112472e-06,4.226888e-06,4.112472e-06,4.112472e-06,4.226888e-06,4.112472e-06,4.112472e-06,1.5044502e-05,1.4810142e-05,1.4810142e-05,288,1774659600.0,1774848900.0,632,344.0,0.45569620253164556,0.0,16.419039564677682,63.351212087217505,0.029492725127801912,-0.4856096884494292,1.494065e-06,200,0.1240963164046433,0.0002953823,1.8327927680565637e-07,561.8253483772278,1.2755e-06,0.51,0.1924106198985644,0.03188405797101449,0.04927536231884058,0.35964912280701755,0.05555555555555555,0.10350877192982456,0.700632911392405,0.7015866303898068,0.5898545025560382,0.0,0.430480377648615,20.50279320060598,"['quote_volume_24h<50000', 'top_of_book_quote<5', 'coverage_ratio<0.90']",quote_volume_24h<50000; top_of_book_quote<5; coverage_ratio<0.90,False
nonkyc,NAV/BTC,NAV-BTC,NAV,BTC,True,active,4.845e-07,0.0001,317.581,4.844e-07,4.886e-07,86.33093525179854,2.6831469e-06,1e-10,0.0001,,,market.getlist.priceDecimals/quantityDecimals,1774845504157.0,False,0.02318840579710145,0.32163742690058483,0.0,9.316297991355201,4.844e-07,4.886e-07,4.864999999999999e-07,4.199999999999998e-09,2.83727612e-06,2.6831469e-06,36,75,0.0,0.0,0.0,0.0,0.0,0.0,0.0,0.0,0.0,2.83727612e-06,2.6831469e-06,2.6831469e-06,2.83727612e-06,2.6831469e-06,2.6831469e-06,2.83727612e-06,2.6831469e-06,2.6831469e-06,2.83727612e-06,9.654100890000001e-06,2.83727612e-06,288,1774677300.0,1774849200.0,574,286.0,0.5017421602787456,0.0,10.85803664304219,56.38971824275643,0.007407407407407408,-0.4889097771241511,1.02090325e-06,200,0.14188769853522457,0.0001580242,1.1210845025435017e-07,82.75749397277832,7.929000000000001e-07,0.43,0.1257722577819054,0.02318840579710145,0.03188405797101449,0.33333333333333337,0.03508771929824561,0.3557017543859649,0.7259581881533101,0.23816972025351588,0.14814814814814814,0.0,0.12877262280055468,19.62396714844025,"['quote_volume_24h<50000', 'top_of_book_quote<5', 'coverage_ratio<0.90', 'natr_bps_mean<12']",quote_volume_24h<50000; top_of_book_quote<5; coverage_ratio<0.90; natr_bps_mean<12,False
nonkyc,BEAM/BTC,BEAM-BTC,BEAM,BTC,True,active,3.098e-07,0.001,3490.0959,3.097e-07,3.134e-07,118.761033541968,2.68461574e-06,1e-10,0.0001,,,market.getlist.priceDecimals/quantityDecimals,1774846181311.0,False,0.06231884057971015,0.1578947368421053,0.0,7.374904652936691,3.097e-07,3.134e-07,3.1155e-07,3.7000000000000133e-09,2.9070300199999995e-06,2.68461574e-06,52,78,0.0,0.0,0.0,0.0,0.0,0.0,0.0,0.0,0.0,0.0,0.0,0.0,2.9070300199999995e-06,2.68461574e-06,2.68461574e-06,2.9070300199999995e-06,2.68461574e-06,2.68461574e-06,1.043122826e-05,1.0005004199999999e-05,1.0005004199999999e-05,288,1774670100.0,1774848600.0,596,308.0,0.48322147651006714,0.0,20.319643659040374,90.93307880553685,0.022017614091272876,-0.3811537716170388,1.0545136e-06,200,0.13837867996892794,0.001074206,7.432360414735111e-07,685.059431552887,9.1145e-07,0.44,0.17109689140470286,0.06231884057971015,0.034782608695652174,0.16081871345029242,0.038011695906432746,0.20146198830409356,0.715771812080537,1.0,0.4403522818254575,0.0,0.4801174272751525,19.444933583488243,"['quote_volume_24h<50000', 'top_of_book_quote<5', 'coverage_ratio<0.90']",quote_volume_24h<50000; top_of_book_quote<5; coverage_ratio<0.90,False
nonkyc,GHOST/BTC,GHOST-BTC,GHOST,BTC,True,active,3.03e-07,0.0002,710.0128,3.01e-07,3.04e-07,99.17355371900871,1.1054352e-06,1e-09,0.0001,,,market.getlist.priceDecimals/quantityDecimals,1774845799915.0,False,0.03188405797101449,0.24269005847953218,0.0,7.820874650394102,3.01e-07,3.04e-07,3.025e-07,3.0000000000000136e-09,3.2415893999999997e-06,1.1054352e-06,41,107,0.0,0.0,0.0,0.0,0.0,0.0,0.0,0.0,0.0,3.2415893999999997e-06,1.1054352e-06,1.1054352e-06,3.2415893999999997e-06,1.1054352e-06,1.1054352e-06,3.2415893999999997e-06,1.1054352e-06,1.1054352e-06,9.0468405e-06,5.4630239e-06,5.4630239e-06,288,1774668600.0,1774849200.0,603,315.0,0.47761194029850745,0.0,10.739465513906884,52.880734730256236,0.06878306878306921,-0.0745884159413802,7.16175e-07,200,0.12683871880839212,0.0002295715,1.4559277467460396e-07,74.25372219085693,6.2275e-07,0.415,0.1082896105985606,0.03188405797101449,0.017391304347826087,0.2514619883040936,0.011695906432748537,0.235672514619883,0.7126865671641791,0.22828879282557368,1.0,0.0,0.40942959760852454,19.27923436575399,"['quote_volume_24h<50000', 'top_of_book_quote<5', 'coverage_ratio<0.90', 'natr_bps_mean<12']",quote_volume_24h<50000; top_of_book_quote<5; coverage_ratio<0.90; natr_bps_mean<12,False
nonkyc,ALIAS/BTC,ALIAS-BTC,ALIAS,BTC,True,active,6.56e-07,0.0002,398.7885,6.55e-07,6.61e-07,91.18541033434691,3.9860283e-06,1e-09,0.0001,,,market.getlist.priceDecimals/quantityDecimals,1774845628179.0,False,0.03188405797101449,0.2777777777777778,0.0,8.698067632850243,6.55e-07,6.61e-07,6.58e-07,6.000000000000027e-09,5.9213965e-06,3.9860283e-06,52,63,0.0,0.0,0.0,0.0,0.0,0.0,0.0,0.0,0.0,5.9213965e-06,3.9860283e-06,3.9860283e-06,5.9213965e-06,3.9860283e-06,3.9860283e-06,5.9213965e-06,3.9860283e-06,3.9860283e-06,1.91327483e-05,9.363718730000001e-05,1.91327483e-05,288,1774669800.0,1774848900.0,598,310.0,0.4816053511705686,0.0,8.892057589826525,43.41888268637903,0.0190641247833624,-0.5318049399715274,1.6395089999999998e-06,200,0.14315809355060155,0.0002609844,1.8681014575223806e-07,467.23022413253784,1.2215e-06,0.545,0.09751623156843045,0.03188405797101449,0.0463768115942029,0.2865497076023392,0.05263157894736842,0.2669590643274854,0.7148829431438127,0.07433813248554373,0.381282495667248,0.0,0.15187354271759723,18.569675206948705,"['quote_volume_24h<50000', 'top_of_book_quote<5', 'coverage_ratio<0.90', 'natr_bps_mean<12']",quote_volume_24h<50000; top_of_book_quote<5; coverage_ratio<0.90; natr_bps_mean<12,False
nonkyc,XKR/XMR,XKR-XMR,XKR,XMR,True,active,1.02e-06,0.0259,25691.1502,1.01e-06,1.03e-06,196.07843137254923,0.0010589208550000001,1e-08,0.0001,,,market.getlist.priceDecimals/quantityDecimals,1774845258819.0,False,0.11304347826086956,0.040935672514619936,0.0,7.240783117213326,1.01e-06,1.03e-06,1.02e-06,2.000000000000002e-08,0.001390616581,0.0010589208550000001,37,54,0.0,0.0,0.0,0.0,0.0,0.0,0.0,0.0,0.0,0.0,0.0,0.0,0.001390616581,0.0010589208550000001,0.0010589208550000001,0.001390616581,0.002112663935,0.001390616581,0.004572631229,0.004204916052,0.004204916052,288,1774673400.0,1774849200.0,587,299.0,0.4906303236797274,0.0,1.0416666666666714,13.067075338496954,1.0,0.3986112243394681,0.000155110425,200,0.12691240603029408,0.027606870100000003,1.751827153678393e-05,78.33432817459106,0.0001216876,0.535,0.005312500000000019,0.11304347826086956,0.1536231884057971,0.03801169590643272,0.1608187134502924,0.2324561403508772,0.7198466780238502,0.0,0.0,0.0,0.0,17.668184552931102,"['quote_volume_24h<50000', 'spread_bps>120', 'top_of_book_quote<5', 'coverage_ratio<0.90', 'natr_bps_mean<12']",quote_volume_24h<50000; spread_bps>120; top_of_book_quote<5; coverage_ratio<0.90; natr_bps_mean<12,False
nonkyc,CCX/BTC,CCX-BTC,CCX,BTC,True,active,1.46e-07,0.0031,19908.6735,1.45e-07,1.47e-07,136.98630136986424,1.7337180000000001e-07,1e-09,0.0001,,,market.getlist.priceDecimals/quantityDecimals,1774845062944.0,False,0.07536231884057971,0.07017543859649122,0.0,5.8993135011441655,1.45e-07,1.47e-07,1.46e-07,2.000000000000018e-09,4.012875e-07,1.7337180000000001e-07,35,117,0.0,0.0,0.0,0.0,0.0,0.0,0.0,0.0,0.0,0.0,0.0,0.0,4.012875e-07,1.7337180000000001e-07,1.7337180000000001e-07,4.012875e-07,4.60995e-07,4.012875e-07,3.2156139200000005e-05,1.0352549999999999e-06,1.0352549999999999e-06,288,1774662300.0,1774849200.0,624,336.0,0.46153846153846156,0.0,11.082002603652082,55.227981158700736,0.5769230769230772,0.0033215606367784354,6.829499999999999e-08,200,0.14518084173301246,0.0031232939,2.2672121869079164e-06,280.2303590774536,6.15e-08,0.43,0.08089861900665948,0.07536231884057971,0.014492753623188406,0.06725146198830412,0.0029239766081871343,0.3111111111111111,0.7038461538461539,0.2568335503043402,0.6373626373626367,0.0,0.2980653958889923,16.950414760000836,"['quote_volume_24h<50000', 'spread_bps>120', 'top_of_book_quote<5', 'coverage_ratio<0.90', 'natr_bps_mean<12']",quote_volume_24h<50000; spread_bps>120; top_of_book_quote<5; coverage_ratio<0.90; natr_bps_mean<12,False
nonkyc,DOGS/ETH,DOGS-ETH,DOGS,ETH,True,active,4.51e-12,0.0008,192679843.6745,4.46e-12,4.52e-12,133.6302895322943,1.0723613858744e-05,1e-14,0.0001,,,market.getlist.priceDecimals/quantityDecimals,1774844868617.0,False,0.0536231884057971,0.07602339181286555,0.0,4.84986015764048,4.46e-12,4.52e-12,4.4900000000000005e-12,6.000000000000015e-14,2.0819163474918e-05,1.0723613858744e-05,28,91,0.0,0.0,0.0,0.0,0.0,0.0,0.0,0.0,0.0,0.0,0.0,0.0,2.0819163474918e-05,1.0723613858744e-05,1.0723613858744e-05,2.0819163474918e-05,1.0723613858744e-05,1.0723613858744e-05,6.1851462580863e-05,8.4300577161482e-05,6.1851462580863e-05,288,1774670100.0,1774849200.0,598,310.0,0.4816053511705686,0.0,12.992091482842776,66.30852660030301,0.006289308176100629,-0.5236726542737513,6.068654467595e-06,200,0.12765075841769366,0.0009209964,5.878294447998278e-07,114.8642189502716,4.6839e-06,0.535,0.0972241512632732,0.0536231884057971,0.06956521739130435,0.07602339181286555,0.07602339181286549,0.21885964912280703,0.7148829431438127,0.4160076235702313,0.12578616352201258,0.0,0.18059792903074798,16.083946784293282,"['quote_volume_24h<50000', 'spread_bps>120', 'top_of_book_quote<5', 'coverage_ratio<0.90']",quote_volume_24h<50000; spread_bps>120; top_of_book_quote<5; coverage_ratio<0.90,False
nonkyc,PART/BTC,PART-BTC,PART,BTC,True,active,2.5e-06,0.0003,132.1599,2.47e-06,2.51e-06,160.64257028112465,5.5448409999999995e-06,1e-08,0.0001,,,market.getlist.priceDecimals/quantityDecimals,1774845725261.0,False,0.04057971014492753,0.052631578947368474,0.0,3.5476735316552266,2.47e-06,2.51e-06,2.49e-06,4.000000000000004e-08,7.951177e-06,5.5448409999999995e-06,41,84,0.0,0.0,0.0,0.0,0.0,0.0,0.0,0.0,0.0,0.0,0.0,0.0,7.951177e-06,5.5448409999999995e-06,5.5448409999999995e-06,7.951177e-06,1.617919e-05,7.951177e-06,4.0014702999999996e-05,3.2114649999999996e-05,3.2114649999999996e-05,288,1774674900.0,1774849200.0,582,294.0,0.4948453608247423,0.0,10.600358422939191,56.298422419011274,0.0070921985815602835,-0.517750369803504,2.03931e-06,200,0.13031967067672837,0.000341082,2.222484695687993e-07,214.9659972190857,1.77435e-06,0.475,0.06598723118279641,0.04057971014492753,0.06666666666666667,0.049707602339181256,0.06725146198830409,0.21330409356725147,0.7221649484536083,0.2166965352449326,0.14184397163120566,0.0,0.11951350229204609,14.617013340408489,"['quote_volume_24h<50000', 'spread_bps>120', 'top_of_book_quote<5', 'coverage_ratio<0.90', 'natr_bps_mean<12']",quote_volume_24h<50000; spread_bps>120; top_of_book_quote<5; coverage_ratio<0.90; natr_bps_mean<12,False
nonkyc,FRY/BTC,FRY-BTC,FRY,BTC,True,active,6e-11,0.0,0.0,3.1e-11,5.9e-11,6222.222222222223,2.3781002100000003e-07,1e-12,0.0001,,,market.getlist.priceDecimals/quantityDecimals,1774644184051.0,False,0.011594202898550725,0.005847953216374324,0.0,0.7838799898296479,3.1e-11,5.9e-11,4.5e-11,2.8e-11,2.3781002100000003e-07,7.95945996667e-05,14,88,0.0,0.0,0.0,0.0,0.0,0.0,0.0,0.0,0.0,0.0,0.0,0.0,0.0,0.0,0.0,1.9978328981899998e-05,0.0001529936186499,1.9978328981899998e-05,0.0007895300766322,0.0005936009866185,0.0005936009866185,288,1773291300.0,1774644000.0,4510,4222.0,0.06385809312638581,0.0,174.4786508575011,1385.163839064577,0.1474103585657371,-0.20074572585315276,2.6322047e-08,200,0.009857644069758588,0.0014003453,6.902052771079656e-08,205311.7028362751,4.235e-08,0.67,0.02804121174495553,0.011594202898550725,0.08985507246376812,0.005847953216374324,0.005847953216374269,0.005847953216374288,0.4851219512195122,1.0,1.0,0.0,0.6666666666666666,13.803774813491842,"['quote_volume_24h<50000', 'spread_bps>120', 'top_of_book_quote<5', 'last_trade_age_sec>3600', 'coverage_ratio<0.90']",quote_volume_24h<50000; spread_bps>120; top_of_book_quote<5; last_trade_age_sec>3600; coverage_ratio<0.90,False
